:020000040000FA
:1000000018E80120390200003D0200003F02000014
:100010004102000043020000450200000000000011
:100020000000000000000000000000004702000087
:1000300049020000000000004B0200009F08000081
:100040004F0200004F02000000000000E90800001D
:10005000252E0000432E00004F0200004F0200003A
:10006000000000004F0200004F0200004F0200009D
:100070004F020000000000004F0200004F0200008D
:100080004F0200004F0200004F0200004F0200002C
:100090004F020000470900004F0200004F0200001D
:1000A0004F020000000000004F0200004F0200005D
:1000B0000000000000000000000000004F020000EF
:1000C00000F002F800F08AF80AA090E8000C8244E0
:1000D0008344AAF10107DA4501D100F07FF8AFF2BD
:1000E000090EBAE80F0013F0010F18BFFB1A43F016
:1000F0000103184760C0020080C002000A444FF0AC
:10010000000C10F8013B13F0070408BF10F8014B76
:100110001D1108BF10F8015B641E05D010F8016BBB
:10012000641E01F8016BF9D113F0080F1EBF10F81F
:10013000014BAD1C0C1B09D16D1E58BF01F801CB42
:10014000FAD505E014F8016B01F8016B6D1EF9D5C5
:100150009142D6D3704700000023002400250026DA
:10016000103A28BF78C1FBD8520728BF30C148BF1A
:100170000B6070476E2924F06182702924F0AA82F6
:10018000662927F05586652927F05286642924F0D0
:100190001982752924F01682782924F08E82732919
:1001A00025F0BB81002070471FB527F0FEFD9DE8BC
:1001B000030024F0CDFE24F038FC25F04DFA0400B5
:1001C0000020002126F072FF401C6060002000210A
:1001D00026F082FFE0601FBD10B510BD25F026FDA2
:1001E0001146FFF7E1FF01F0EEFA25F044FD03B4FC
:1001F000FFF7F2FF03BC25F071FD000080F30888D3
:10020000704700000B49D1F800C04A685CF8043B15
:100210001068184442F8040B8C4528BFA1F1DC0C8F
:100220008A4228BFA1F1DC02C1F800C04A6020F078
:1002300000407047AC6F002008480047FEE7FEE72B
:10024000FEE7FEE7FEE7FEE7FEE7FEE7FEE7FEE786
:1002500003480449044A054B70470000C1000000F0
:100260001870002018E8012018120120181201202F
:10027000F84910F4001F05D0F74A526822F00042F6
:10028000F54B5A6010F4801F05D0F34A526822F0F3
:100290000052F14B5A6010F4004F05D0EE4A5268FC
:1002A00022F04002EC4B5A6010F4807F05D0EA4AFD
:1002B000526822F02002E84B5A6010F0010F05D07E
:1002C000E54A526822F00402E34B5A6010F4804F72
:1002D00005D0E14A526822F01002DF4B5A6010F458
:1002E000007F05D0DC4A526822F00302DA4B5A60E4
:1002F000D94A1268C3430B431A40D74B1A60704760
:10030000D44910F4001F05D0D34A526842F000428D
:10031000D14B5A6010F4801F05D0CF4A526842F08A
:100320000052CD4B5A6010F4004F05D0CA4A5268B3
:1003300042F04002C84B5A6010F4807F05D0C64A94
:10034000526842F02002C44B5A6010F0010F05D0F1
:10035000C14A526842F00402BF4B5A6010F4804F09
:1003600005D0BD4A526842F01002BB4B5A6010F4EF
:10037000007F05D0B84A526842F00302B64B5A607B
:10038000B54A126820EA01031A43B34B1A6070475A
:10039000F0B500240025002600220C281FD80C27C9
:1003A000B7FBF0FC00FB1C7707B1F0BDAA4F7F68DC
:1003B000DFF8A8C207EA0C0747F08047DFF898C2C9
:1003C000CCF804700C27B7FBF0F14F1E47F4887788
:1003D00047F4405747F40017CCF8087084E05028E1
:1003E0002AD00CDC32281BD004DC1E2810D0302888
:1003F00036D111E03C2817D0462831D118E05A28D0
:100400001ED0642820D06E2822D0782828D123E05E
:1004100028240225032624E040240225032620E088
:100420003224032502261CE03C240325022618E082
:1004300046240325022614E050240325022610E05A
:100440005A24032502260CE032240325012608E065
:1004500037240325012604E03C240325012600E07F
:10046000A3E700BF4FF480173F6827F4F85747F41D
:1004700000674FF4801CCCF80070774F7F68DFF87E
:10048000DCC107EA0C07DFF8D0C1CCF80470B70470
:1004900047EA8537274347F0C057CCF80C706746CA
:1004A000FF6827F00047CCF80C706746FF6847F4F8
:1004B0008007CCF80C7000BF674FFF6817F0804FC3
:1004C000FAD0674FDFF890C1CCF8087067467F68B4
:1004D000DFF888C107EA0C07DFF888C147EA0C0794
:1004E000DFF874C1CCF804705B4F7F68DFF878C127
:1004F00007EA0C07A0F1010C47EA4C37DFF858C1B6
:10050000CCF80470594F4743DFF864C1CCF8007051
:10051000514FBF6807F00F07791C67463F684F438C
:10052000DFF850C1CCF800704B4FBF68C7F303171A
:10053000791C4F4F3F68B7FBF1F7DFF83CC1CCF8AF
:1005400000704B4F3F68DFF824C1B7FBFCF3342742
:100550005F434FF47A7CB7FBFCF7FAB24FF4801795
:100560003F6827F4F85747EA02274FF4801CCCF87D
:10057000007000BF19E72DE9F04100250026002793
:1005800000230C2825D84FF00C0CBCFBF0F800FB26
:1005900018CCBCF1000F01D0BDE8F081DFF8B8C085
:1005A000DCF804C0DFF8B4800CEA080CDFF8A8809F
:1005B000C8F804C04FF0300CBCFBF0F2A2F1010C03
:1005C0004CF4887C4CF4405C4CF4001CC8F808C027
:1005D000A3E050282AD00CDC32281BD004DC1E28D3
:1005E00010D030284AD111E03C2817D0462845D1F8
:1005F00018E05A281ED0642820D06E2822D07828EF
:100600003CD123E028250226032738E04025022696
:10061000032734E032250326022730E03C25032659
:1006200002272CE046250326022728E05025032632
:10063000022724E05A250326022720E0322503263C
:1006400001271CE037250326012718E03C25032657
:10065000012714E00181300000000648FFE6FFBFDB
:100660001031200000010040FF1F00E040420F0059
:100670004000002044000020480000208CE700BF1C
:100680004FF4801CDCF800C02CF4F85C4CF4006CD7
:100690004FF48018C8F800C0DFF810C2DCF804C0BE
:1006A000DFF80C820CEA080CDFF80082C8F804C0FE
:1006B0004FEA874C4CEA863C4CEA050C4CF0C05C97
:1006C000C8F80CC0C446DCF80CC04CF0004CC8F8AC
:1006D0000CC0C446DCF80CC04CF4800CC8F80CC04C
:1006E00000BFDFF8C8C1DCF80CC01CF0804FF8D0A8
:1006F000DFF8C0C1DFF8B481C8F808C0C446DCF830
:1007000004C0DFF8AC810CEA080CDFF8AC814CEADD
:10071000080CDFF89881C8F804C0DFF890C1DCF855
:1007200004C0DFF898810CEA080CA0F101084CEA3B
:10073000483CDFF87881C8F804C04FF4002CDCF89E
:100740002C1240F6F63C61450ED240F6BE2C6145B7
:100750000AD94FF47A7C01FB0CFC0CFB00FC4FF037
:100760000308BCFBF8F103E0DFF854C100FB0CF117
:10077000DFF850C1CCF80010DFF830C1DCF808C059
:100780000CF00F0C0CF10102DFF838C1DCF800C0EE
:100790000CFB02FCDFF83081C8F800C0DFF80CC1A8
:1007A000DCF808C0CCF3031C0CF10102DFF814C123
:1007B000DCF800C0BCFBF2FCDFF81081C8F800C018
:1007C000DFF800C1DCF800C0DFF8F480BCFBF8F40F
:1007D0004FF0340C04FB0CFC4FF47A78BCFBF8FCB3
:1007E0000CF0FF034FF4801CDCF800C02CF4F85C24
:1007F0004CEA032C4FF48018C8F800C000BFCBE6C9
:1008000010B504462046FFF7C3FD10BD0320304954
:100810000860704700202E490860704770B52D4869
:10082000224908610846406940F0010048610A20F9
:1008300000F017FA00201D4908610846406920F0C1
:10084000010048614FF0FF30FFF712FD6E20FFF707
:10085000D7FF2149481EB0F1807F00D31BE0481E1E
:100860004FF0E022506150170722002807DA5307A3
:100870001D0E1A4B00F00F04241F1D5503E05307F3
:100880001C0E174B1C5400BF00204FF0E02290615B
:100890000720106100BFFFF7B9FF70BD7047114816
:1008A0000068401C0F4908607047000000000648BF
:1008B000FFE6FFBF1031200000010040FF1F00E0F5
:1008C00040420F004000002044000020480000206B
:1008D00000D008407462966CB0AD010018ED00E0E5
:1008E00000E400E04C00002070B59548C56B15F0A1
:1008F000100F16D00EE092480068C4B29148924999
:1009000009784454204601F018FB8F480078401CB9
:100910008D4908708A48806900F010001028EAD1DB
:1009200010E015F0200F09D08548806900F08000A4
:10093000802807D101208549087003E040F6FF7048
:100940007F49486470BD38B58148C46B14F0100FFE
:1009500018D010E07E480068C0B200907D4801F0D9
:100960001BFA002804DD012269467A4801F0C5FA25
:100970000120794908707648806900F0100010283D
:10098000E8D110E014F0200F09D07148806900F020
:100990008000802807D101206C49087003E040F6F0
:1009A000FF706B49486438BD2DE9F04103461001E2
:1009B000B1FBF0F5B1FBF0F700FB1716F701B7FB41
:1009C000F0F7781C440805EB941703EB430CDFF8B1
:1009D000708108EB8C4CCCF8247004F03F0703EBDB
:1009E000430C08EB8C4CCCF82870BDE8F08170B556
:1009F00004460E467CB9594805685948C06A20F03B
:100A00000F00401D5649C862032000F08FF80320F4
:100A100000F080F816E052488068C0F30360401C84
:100A200050490968B1FBF0F54D48406B20F4701057
:100A300040F4A0104A494863152000F077F81520CB
:100A400000F068F80020414908704349087004EB41
:100A500044003B4901EB8040006B20F0010004EBB7
:100A60004401374A02EB8141086332462946204659
:100A7000FFF79AFF602004EB4401314A02EB814109
:100A8000C86240F2013004EB440102EB814108638B
:100A9000102004EB440102EB8141886340F6FF70B3
:100AA00004EB440102EB8141486470BD00EB40025D
:100AB000234B03EB8242116000BF00EB4002204B4E
:100AC00003EB8242926912F0080FF6D17047F0B53D
:100AD00007460C461546002606E014F8011B38466A
:100AE000FFF7E4FF701CC6B2AE42F6D3F0BD30B5DE
:100AF00004460D46E1B20020FFF7D8FF204630BD86
:100B00000F49086000BF0E49896911F0080FFAD13A
:100B10007047704700F01F020121914042094FF0D9
:100B2000E02303EB8202C2F80011704700F01F02BD
:100B3000012191400C4A430942F8231070470000FC
:100B400000000148740200205200002050000020E4
:100B500000000D48D414002051000020480000205F
:100B6000000006484400002080E200E040480068A1
:100B700020F000603E4908603E48806820F0010097
:100B80003C4988601E2088600846006D20F0070000
:100B90000865704710B5384B1A68364B9B6823F0D0
:100BA0000103344CA3604FF47A73B2FBF3F1414379
:100BB0004B1E236023469B6843F00103A36000BFE4
:100BC0002C4BDB68002BFBD0FF232A4C236110BD8C
:100BD00010B5294B1A68274B9B6823F00103254C5D
:100BE000A360264BB2FBF3F141434B1E2360234627
:100BF0009B6843F00103A36000BF1E4BDB68002B22
:100C0000FBD0FF231B4C236110BD1A48806820F0E5
:100C1000010018498860322008600846806840F06A
:100C20000100886000BF1348C0680028FBD0FF2087
:100C30001049086170470F48806820F001000D4995
:100C40008860AF2008600846806840F00100886036
:100C500000BF0848C0680028FBD0FF200549086194
:100C6000704700BF0100A0F10100FBD170470000F8
:100C700000000648000003484800002040420F00E2
:100C800070B505460C466FF308050AE028464C4946
:100C90008847B4F5007F00D270BD05F50075A4F556
:100CA0000074002CF2D100BFF6E72DE9F0410746B1
:100CB0000E4615466FF30807B6F5007F02D94FF4CC
:100CC000007602E0042E00D2042600241CE000205E
:100CD00000EB8400285C012101EB8401695C00EBDE
:100CE0000120022101EB8401695C00EB014003213A
:100CF00001EB8401695C00EB016807EB840041466D
:100D00002F4A323A9047641CB4EB960FDFD3BDE80C
:100D1000F08110B503466FF30803B1F5007F02D9E7
:100D20004FF4007102E0042900D20421002004E005
:100D300053F820401460121D401CB0EB910FF7D304
:100D400010BD2DE9F04706460F4615463946304698
:100D5000FFF796FF6FF30806B7F5007F02D94FF44F
:100D6000007702E0042F00D20427002423E00020B3
:100D700000EB8400285C012101EB8401695C00EB3D
:100D80000120022101EB8401695C00EB0140032199
:100D900001EB8401695C00EB016806EB84004146CD
:100DA000074A323A904756F82490C84502D00120AD
:100DB000BDE8F087641CB4EB970FD8D30020F7E7A9
:100DC0006B1C00121448006B20F47F40124908632A
:100DD0001248006820F47000104908600846406915
:100DE00040F470004861704770B500BF0B4840691F
:100DF00000F470040120FFF7CDFE0848406900F4BC
:100E00007005B4F5700FF1D0B5F5700FEED0AC42AF
:100E1000ECD1204670BD00000000064800000A48E2
:100E2000FE48406B20F07070FC494863FC48006845
:100E300040F4C050FA490860F848406B20F00300C5
:100E4000F6494863F648006840F00100F44908603C
:100E50000846C06840F40060C8600846806840F4F6
:100E6000805088600846C06840F00100C860704744
:100E700070B504460E46EA48C06840F00100E849F3
:100E8000C8600A20FFF7EDFEE548806840F00100E9
:100E9000E349886004F0FE040846006840F480508E
:100EA00008600A20FFF7DDFE002524E014F0010FA2
:100EB00006D0DB48806840F48050D949886005E05E
:100EC000D748C06840F48050D549C860D44880688D
:100ED00040F40060D24988600A20FFF7C2FED04883
:100EE000C06840F40060CE49C8600A20FFF7B9FE30
:100EF0006410681CC5B2082DD8DB002524E016F06C
:100F0000010F06D0C648806840F48050C44988600C
:100F100005E0C348C06840F48050C149C860C0487B
:100F2000806840F40060BE4988600A20FFF799FE9F
:100F3000BB48C06840F40060B949C8600A20FFF7A8
:100F400090FE7610681CC5B2082DD8DBB448C06886
:100F500040F00100B249C86070BD70B5044600257C
:100F6000AF48C06840F00100AD49C8600A20FFF7F3
:100F700078FEAB48806840F00100A949886044F0E1
:100F800001040846006840F4805008600A20FFF71A
:100F900068FE002624E014F0010F06D0A048806807
:100FA00040F480509E49886005E09D48C06840F448
:100FB00080509B49C8609A48806840F40060984916
:100FC00088600A20FFF74DFE9548C06840F4006035
:100FD0009349C8600A20FFF744FE6410701CC6B233
:100FE000082ED8DB8E48006820F480508C490860B9
:100FF0000A20FFF736FE00261EE06D108848406983
:1010000010F4805F02D045F0800501E005F07F0517
:101010008348806840F40060814988600A20FFF7B7
:1010200020FE7F48C06840F400607D49C8600A2007
:10103000FFF717FE701CC6B2082EDEDB7848C068CA
:1010400040F001007649C860284670BD10B50446DE
:1010500000218E20FFF70CFF80210846FFF708FFD4
:1010600061788C20FFF704FFA1788820FFF700FF4C
:10107000E1788620FFF7FCFE21798420FFF7F8FE57
:1010800061798220FFF7F4FEA1798020FFF7F0FE5E
:10109000E1798A20FFF7ECFE80218E20FFF7E8FE41
:1010A00010BD10B504468C20FFF757FF60708820F4
:1010B000FFF753FFA0708620FFF74FFFE0708420FA
:1010C000FFF74BFF20718220FFF747FF6071802000
:1010D000FFF743FF00F07F00A0718A20FFF73DFF7C
:1010E000E07110BD1CB504466846FFF7DAFF9DF8B5
:1010F0000100001100EB80004FF4FA6101EB4000A9
:101100009DF8011001F00F010844A0809DF8020035
:1011100000F00F009DF80210091101EB810100EBB6
:101120004100A0719DF8030000F00F009DF803102E
:10113000091101EB810100EB4100E0719DF8040011
:1011400000F00F009DF80410091101EB810100EB84
:10115000410020709DF8050000F00F009DF805107B
:10116000091101EB810100EB410060709DF8060060
:1011700000F00F009DF80610091101EB810100EB52
:101180004100A0709DF8070000F0070020721CBD10
:101190000146002203E0521CA1F10A00C1B20A2953
:1011A000F9D2100741EA10607047014600BF0809F4
:1011B00000EB8000420001F00F001044C0B2704705
:1011C0000146CA1701EB92729210B1EB820212D162
:1011D000642091FBF0F200FB121050B94FF4C8707C
:1011E00091FBF0F200FB121008B9012070470020BB
:1011F000FCE70120FAE70020F8E7F0B503460C46CB
:101200001546642093FBF0F0C6B2642093FBF0F720
:1012100000FB1730C1B2132E07DD03E000000648C3
:1012200000000B4801F16400C1B20846CF1701EB82
:10123000977701EBA702072092FBF0F700FB17203E
:1012400082B25719601EDFF8B0C11CF800003844A4
:1012500082B2CF1701EB9777BF10B1EB870703D1AD
:10126000032C01DA501E82B2072092FBF0F700FB3C
:101270001720C0B2F0BD2DE9F04104460D464FF0F5
:10128000000637465D4A4FF000032046294623F00A
:101290005FF806465A480088B0423CD058490E8054
:1012A00040F2B27710E03846FFF78AFF40B1B6F55A
:1012B000B77F02D3A6F5B77604E0781C87B206E0C4
:1012C000A6F26D16781C87B2B6F5B67FEBD800BFD4
:1012D0004C488780002716E04A498888FFF770FF4E
:1012E00030B1012F04D11D2E01D31D3E09E00CE0C9
:1012F0004548C05DB04203D84348C05D361A00E09F
:1013000003E0781C87B21C2EE6D200BF781C3D4952
:101310008871701CC871394A00232046294623F081
:1013200017F816464FF46160B6FBF0F035490870C7
:101330004FF46160B6FBF0F100FB11603C21B0FBA3
:10134000F1F0304948704FF46160B6FBF0F100FBFA
:1013500011603C21B0FBF1F201FB120029498870B9
:101360000B46DA7999799888FFF747FF2549087283
:1013700008468088642190FBF1F0C3B21846FFF75D
:1013800007FF224908701F488088642190FBF1F212
:1013900001FB1200C3B21846FFF7FAFE1B49487062
:1013A00018498879FFF7F4FE184988701549C879FB
:1013B000FFF7EEFE1549C870124909780831C8B226
:1013C000FFF7E6FE114908710E494878FFF7E0FE85
:1013D0000E4948710B498878FFF7DAFE0B4988718E
:1013E0000849087AFFF7D4FE0849C8710846FFF794
:1013F0002DFE0020BDE8F081247F02008051010015
:101400006400002074120020307F02005C00002085
:101410002DE9FE4F06460F4692469B46C1A103C9E1
:10142000CDE90101C1A00068009040220021C04820
:1014300000F096F9002405E001A8005DBC490855BC
:10144000601CC4B2052CF7DBB0464646642098FB0E
:10145000F0F03030C2B22046611CCCB2B4490A541C
:10146000642098FBF0F100FB11600A2190FBF1F081
:101470003030C2B22046611CCCB2AD490A540A20B9
:1014800098FBF0F100FB11603030C2B22046611CC5
:10149000CCB2A7490A542C222046611CCCB2A449E4
:1014A0000A54B9464F46642099FBF0F03030C2B27E
:1014B0002046611CCCB29E490A54642099FBF0F18D
:1014C00000FB11700A2190FBF1F03030C2B22046CF
:1014D000611CCCB296490A540A2099FBF0F100FB3A
:1014E00011703030C2B22046611CCCB290490A540F
:1014F0002C222046611CCCB28D490A54272220465A
:10150000611CCCB28A490A54002506E01AF805008D
:101510006119874A5054681CC5B21AF805000028A2
:10152000F4D16019C4B227222046611CCCB2804994
:101530000A542C222046611CCCB27D490A540A2050
:101540009BFBF0F03030C2B22046611CCCB278492F
:101550000A540A209BFBF0F100FB11B03030C2B2FC
:101560002046611CCCB272490A54002506E01DF8E1
:10157000050061196E4A5054681CC5B2042DF6DB93
:101580006019C4B26A48BDE8FE8F2DE9FF4F83B0F1
:1015900006460F469246DDF840B062A103C9CDE988
:1015A000010162A00068009040220021604800F024
:1015B000D7F8002405E001A8005D5D490855601CCE
:1015C000C4B2052CF7DBB0464646642098FBF0F029
:1015D0003030C2B22046611CCCB255490A54642056
:1015E00098FBF0F100FB11600A2190FBF1F0303024
:1015F000C2B22046611CCCB24D490A540A2098FB65
:10160000F0F100FB11603030C2B22046611CCCB258
:1016100047490A542C222046611CCCB244490A5442
:10162000B9464F46642099FBF0F03030C2B22046F4
:10163000611CCCB23E490A54642099FBF0F100FBD6
:1016400011700A2190FBF1F03030C2B22046611CCB
:10165000CCB237490A540A2099FBF0F100FB117013
:101660003030C2B22046611CCCB231490A542C221F
:101670002046611CCCB22E490A5427222046611C08
:10168000CCB22B490A54002506E01AF8050061196E
:10169000274A5054681CC5B206988542F5D3601994
:1016A000C4B227222046611CCCB221490A542C2204
:1016B0002046611CCCB21E490A540A209BFBF0F064
:1016C0003030C2B22046611CCCB219490A540A20FB
:1016D0009BFBF0F100FB11B03030C2B22046611C20
:1016E000CCB213490A54002506E01DF80500611923
:1016F0000F4A5054681CC5B2042DF6DB6019C4B201
:101700000B4807B0BDE8F08F10B504462046FFF740
:1017100000FA10BD10B507A0FFF7F6FF08A0FFF70D
:10172000F3FF10BD4443313628000000293B0D0A69
:1017300092120020434C522830293B0D0A00000031
:101740004449522831293B0D0A00000010B50346D8
:10175000002002E00C5C1C54401C9042FAD310BDE7
:1017600010B50346002001E01954401C9042FBD301
:1017700010BD30B503460C46002106E0585C655CA0
:10178000A84201D0012030BD491C9142F6D300206F
:10179000F9E701460A78CB780B70CA704A788B78E3
:1017A0004B708A70704730B502460B461046D5180C
:1017B000691E05E004780D7800F8015B01F8014925
:1017C0008142F7D830BDFFF729F84FF4E13100200E
:1017D000FFF70DF94FF461210120FFF708F901F03F
:1017E000E9F8FFF7C3F901F0E5F805F06FF8FFF746
:1017F000E9FA00F031F822F024FA01E001F05DF896
:10180000FCE7000010B502460B464FF6FF7109E0F9
:1018100010784840C0B20F4C34F8100080EA212103
:101820005B1E521C002BF3D1C84380B210BD10B513
:10183000034609E008785840C0B2064C34F810005E
:1018400080EA2323521E491C002AF3D1D84380B2D8
:1018500010BD00003C7F020030B5ADF5017D21F0E8
:10186000C9F94FF4007200215D4801F004F901AAA2
:101870004FF400715A4800F00CFA4FF4007201A9BD
:10188000574823F0BDF94FF4FF715548FFF7BAFFF1
:101890000546534890F8FF01514991F8FE1100EBBD
:1018A000012084B221F07AF905F0C1FB00F09CF828
:1018B00001F02BF80DF5017D30BD70B503254948C9
:1018C0000078012803D121F0BAF91C2070BD08E08E
:1018D0002800A5F10101CDB203D121F095F917201F
:1018E000F4E705F015FB0028F2D105F015FC05F032
:1018F0006CFC044624B1204621F0C2F92046E5E7FD
:10190000002021F08EFFB0F5500F01D11820DDE747
:1019100005F03AFE04460F2C04D0204621F0DCF9F5
:101920002046D3E705F080F80446162C04D0204664
:1019300021F0FEF92046C9E7002021F0E5FC204611
:10194000C4E770B5032427480078012803D121F0AB
:1019500076F91C2070BD08E02000A4F10101CCB292
:1019600003D121F051F91720F4E705F0D1FA00284E
:10197000F2D105F08DFD054605F0AAFA2846E9E703
:1019800010B50446204621F0EFF821F01BF910BDF8
:1019900010B505F032FB012803D121F035F91720ED
:1019A00010BD00200F49087000BFF9E710B50220F4
:1019B00021F037FFB0F5500F01D1182010BD0948B4
:1019C0000078012803D121F03AF91C20F6E705F050
:1019D000DEF90446204621F0C1FC2046EEE7000077
:1019E000D21200206600002000B589B004226DA14B
:1019F00001A823F01AFA6C4800789DF80410884278
:101A000019D16948401C00789DF80510884212D110
:101A10006548801C00789DF8061088420BD14FF471
:101A20003F30624908606048614908605E48203084
:101A30006049086006E060485C4908605C490860ED
:101A40005C49086009B000BD59480068704710B58E
:101A50000446272259A1204623F0D2F80020206412
:101A600042F2B320A4F8440010BD70B504464F48BC
:101A7000006823F04FF8451C2A464C480168204670
:101A800023F0D3F94A48006823F044F8451C2A465D
:101A90004748016804F1200023F0C7F94548006871
:101AA00023F038F8451C2A464248016804F14000FA
:101AB00023F0BBF970BD10B504464021204623F049
:101AC0006BF9402104F1400023F066F9502104F144
:101AD000800023F061F910BD30B591B004460025B7
:101AE000402101A823F07AF912223EA1204623F0DA
:101AF00087F800BF17E0402101A823F06FF93E48A6
:101B000000EB85112A4803682848026801A822F0E2
:101B1000D5FC04F1400101EB8510402201A923F01E
:101B20006FF8681CC5B2042DE5DB002084F8400185
:101B30004FF47A70A4F84201012084F8410140F684
:101B4000640104F6461023F027F940F66400A4F877
:101B500044014FF4006104F5A37023F01DF911B0A6
:101B600030BD70B590B005460C464021684623F064
:101B700035F9A4B10E4803680C482146026868464E
:101B800022F09CFC4021284623F006F9684622F00A
:101B9000C1FF064632466946284623F031F810B0A8
:101BA00070BD0000534C590020FC0200680000206A
:101BB0006C00002070000020740000204730433784
:101BC0004A305A33424F2E696F74636C6F75642EBE
:101BD00074656E63656E74646576696365732E63A0
:101BE0006F6D0000246F74612F7265706F72742FB7
:101BF00025732F25730000003C8102002DE9F0477A
:101C0000C6B006460C4617464FF00008C2462046AE
:101C1000E11704EB11710911A4EB0111C1F1100AD4
:101C2000BAF1100F03D0012046B0BDE8F08720467E
:101C3000E11704EB11714FEA211968460AF02CFFF5
:101C40008022394968460AF03CFF8046B8F1000F0F
:101C500004D068460AF02AFF0220E5E7002511E0DB
:101C600007EB051306EB0512012168460BF02DFE6C
:101C70008046B8F1000F04D068460AF017FF032031
:101C8000D2E76D1C4D45EBD368460AF00FFFE0B27A
:101C9000CAE72DE9F047C6B006460C4617464FF096
:101CA0000008C2462046E11704EB11710911A4EBAC
:101CB0000111C1F1100ABAF1100F03D0012046B092
:101CC000BDE8F0872046E11704EB11714FEA2119B6
:101CD00068460AF0E1FE8022134968460AF0F0FFE8
:101CE0008046B8F1000F04D068460AF0DFFE0220FB
:101CF000E5E7002511E007EB051306EB05120021CF
:101D000068460BF0E2FD8046B8F1000F04D068464B
:101D10000AF0CCFE0420D2E76D1C4D45EBD368469B
:101D20000AF0C4FEE0B2CAE77A00002000B97047AA
:101D30000260C160C3684360C368836000BFF6E7A8
:101D400000B970470021C16041608160016000BF3F
:101D5000F7E7014611B96FF0320070470868FCE7F9
:101D600000B5024612B96FF01E0000BDD2E90101B4
:101D7000884201D10020F8E7D2E90101884203D26C
:101D8000D2E90110401AF0E71046FFF7E2FFD2E96E
:101D90000113C91A401AE8E730B5044614B96FF0C8
:101DA000280030BD2046FFF7D4FF05462046FFF748
:101DB000D7FF281AF5E72DE9F04104460F461646ED
:101DC00000251CB96FF01400BDE8F08117B96FF061
:101DD0001500F9E7D4E90101884214D22046FFF743
:101DE000BFFFB04201D9304602E02046FFF7B8FFFE
:101DF00005462A463846616822F002FF606828449A
:101E000060602846E0E72046FFF7A3FFE2686168CC
:101E1000891A401AB0420AD935462A4638466168BE
:101E200022F0EEFE6068284460602846CCE7204639
:101E3000FFF78FFFE2686168891A451A2A4638461B
:101E4000616822F0DDFEE0686060721B791920464F
:101E5000FFF7B1FF05442846B6E72DE9F0410446F7
:101E60000F46154600261CB96FF00A00BDE8F08148
:101E700017B96FF00B00F9E72046FFF78DFFA84276
:101E800002D86FF00C00F1E7D4E9010188422AD8AA
:101E90002046FFF75EFFD4E90212891A461AB542BE
:101EA00013D82A463946A06822F0AAFEA068284422
:101EB000A0602046FFF74DFFE1680844A168884212
:101EC00001D1E068A0602846D0E732463946A068D4
:101ED00022F096FEE068A060AA1BB9192046FFF721
:101EE000BCFF3044C2E72A463946A06822F088FE8B
:101EF000A0682844A0602846B8E72DE9F0410746CD
:101F00000C461546002614B9701EBDE8F0812A461D
:101F100021463846FFF7A1FF0646AE4202D06FF0D9
:101F20000100F2E73046F0E7002041494880088090
:101F30004049086040490880704701463C4B1B8877
:101F4000581CC31700EBD3535B12A0EB43239AB288
:101F500037484088904205D035480388001DC15459
:101F6000001F02807047014631484088304A12887D
:101F700090420FD02E484288001D805C08702C4A89
:101F80005288501CC21700EBD2525212A0EB4222D0
:101F9000274B5A8070472648008800F50070244A75
:101FA0005288811AC81701EBD0504012A1EB402093
:101FB00080B27047F8B504460D461646002700204B
:101FC00000902FE06846FFF7CEFF1B48008820B93D
:101FD0009DF80000B04200D024E017480088A842D5
:101FE00008DA9DF80010144802880088401C124B43
:101FF0001880A1549DF800000E49096840EA0120AC
:102000000C4908600846006800F54031491C08D1B9
:1020100009480788002007490860074908803846B2
:10202000F8BD00BFFFF7B7FF0028CBDC0020F7E7C3
:10203000E43C00208C0000209000002010B50446F5
:102040002046FEF75DFD10BD10B504462012FEF7D8
:1020500057FDE0B2FEF754FD10BD10B50446200C4C
:10206000FFF7F2FFA0B2FFF7EFFF10BD10B5044677
:102070002046FEF745FD10BD10B504462012FFF7BF
:10208000F5FFE0B2FFF7F2FF10BD10B50446200CDB
:10209000FFF7F2FFA0B2FFF7EFFF10BD10B5044647
:1020A00003E02078FFF7E2FF641C20780028F8D1D5
:1020B00010BD70B505460E46002404E0285DFFF70C
:1020C000D5FF601C84B2B442F8DB70BD70B5054624
:1020D0000E46002405E035F81400FFF7CDFF601C24
:1020E00084B2B442F7DB70BD10B5EE20FEF708FDF8
:1020F0000420FFF7BBFF6FF44030FFF7C6FF10BDB1
:1021000010B5EE20FEF7FCFC5520FFF7AFFF6FF493
:102110004030FFF7BAFF10BD70B505460C46EE2003
:10212000FEF7EEFC0520FFF7A1FF2846FFF7A4FF0E
:102130002046FFF7A1FF6FF44030FFF7A6FF70BD08
:1021400010B5EE20FEF7DCFC0620FFF78FFF6FF4E2
:102150004030FFF79AFF10BD10B50446EE20FEF7A1
:10216000CFFC0720FFF782FF2046FFF785FF6FF4C3
:102170004030FFF78AFF10BD10B5EE20FEF7C0FC1F
:102180000820FFF773FF6FF44030FFF77EFF10BDAC
:1021900010B50446EE20FEF7B3FC0920FFF766FFFA
:1021A0002046FFF769FF6FF44030FFF76EFF10BD68
:1021B0002DE9F04107460C4615461E46EE20FEF777
:1021C0009FFC0B20FFF752FF3846FFF755FF2046D4
:1021D000FFF752FF2846FFF74FFF3046FFF74CFF4F
:1021E0006FF44030FFF751FFBDE8F08110B5EE20ED
:1021F000FEF786FC0C20FFF739FF6FF44030FFF745
:1022000044FF10BD10B50446EE20FEF779FC0F2008
:10221000FFF72CFF2046FFF72FFF6FF44030FFF74A
:1022200034FF10BD70B505460C46EE20FEF768FC85
:102230001020FFF71BFF2846FFF71EFF2046FFF781
:102240001BFF6FF44030FFF720FF70BD10B5EE208C
:10225000FEF756FC1120FFF709FF6FF44030FFF73F
:1022600014FF10BD10B50446EE20FEF749FC122005
:10227000FFF7FCFE2046FFF7FFFE6FF44030FFF74C
:1022800004FF10BD10B5EE20FEF73AFC1320FFF757
:10229000EDFE6FF44030FFF7F8FE10BD70B5054657
:1022A0000C46EE20FEF72CFC1420FFF7DFFE28463C
:1022B000FFF7E2FE2046FFF7E8FE6FF44030FFF73D
:1022C000E4FE70BD10B50446EE20FEF719FC1520A3
:1022D000FFF7CCFE2046FFF7CFFE6FF44030FFF74C
:1022E000D4FE10BD10B50446EE20FEF709FC172001
:1022F000FFF7BCFE2046FFF7BFFE6FF44030FFF74C
:10230000C4FE10BD70B505460C46EE20FEF7F8FB86
:102310008120FFF7ABFE0120FFF7A8FE2846FFF75C
:10232000ABFE2046FFF7A8FE6FF44030FFF7ADFE8E
:1023300070BD70B505460C46EE20FEF7E1FB81202E
:10234000FFF794FE0220FFF791FE2846FFF794FE68
:102350002046FFF791FE6FF44030FFF796FE70BD08
:1023600070B505460C46EE20FEF7CAFB8120FFF74C
:102370007DFE0320FFF77AFE2846FFF77DFE20460C
:10238000FFF77AFE6FF44030FFF77FFE70BD70B547
:1023900005460C46EE20FEF7B3FB8120FFF766FEF4
:1023A0000420FFF763FE2846FFF766FE2046FFF78E
:1023B00063FE6FF44030FFF768FE70BD70B50646EF
:1023C0000C461546EE20FEF79BFB8120FFF74EFEE4
:1023D0000520FFF74BFE3046FFF74EFE294620460C
:1023E000FFF767FE6FF44030FFF74FFE70BD70B52A
:1023F00006460C461546EE20FEF782FB8120FFF7CD
:1024000035FE0620FFF732FE3046FFF735FE204648
:10241000FFF732FE2846FFF738FE6FF44030FFF733
:1024200034FE70BD70B506460C461546EE20FEF72C
:1024300067FB8120FFF71AFE0720FFF717FE3046E3
:10244000FFF71AFE2046FFF717FE2846FFF71DFE8E
:102450006FF44030FFF719FE70BD70B505460C46AD
:10246000EE20FEF74DFB8120FFF700FE0820FFF76E
:10247000FDFD2846FFF700FE2046FFF706FE6FF43D
:102480004030FFF702FE70BD70B505460C46EE20E9
:10249000FEF736FB8120FFF7E9FD0920FFF7E6FD97
:1024A0002846FFF7E9FD2046FFF7E6FD6FF44030D0
:1024B000FFF7EBFD70BD70B506460C461546EE20E5
:1024C000FEF71EFB8120FFF7D1FD0A20FFF7CEFDAE
:1024D0003046FFF7D1FD2046FFF7CEFD2846FFF737
:1024E000D4FD6FF44030FFF7D0FD70BD10B5044649
:1024F000EE20FEF705FB8220FFF7B8FD0120FFF775
:10250000B5FD2046FFF7B8FD6FF44030FFF7BDFD85
:1025100010BD10B50446EE20FEF7F2FA8220FFF758
:10252000A5FD0220FFF7A2FD2046FFF7A5FD6FF4F1
:102530004030FFF7AAFD10BD10B50446EE20FEF7AF
:10254000DFFA8220FFF792FD0320FFF78FFD204680
:10255000FFF792FD6FF44030FFF797FD10BD10B507
:102560000446EE20FEF7CCFA8220FFF77FFD042020
:10257000FFF77CFD2046FFF77FFD6FF44030FFF74B
:1025800084FD10BD10B50446EE20FEF7B9FA822096
:10259000FFF76CFD0520FFF769FD2046FFF76CFD96
:1025A0006FF44030FFF771FD10BD70B505460C4665
:1025B000EE20FEF7A5FA8220FFF758FD0620FFF770
:1025C00055FD2846FFF758FD2046FFF755FD6FF4EF
:1025D0004030FFF75AFD70BD70B505460C46EE2041
:1025E000FEF78EFA8220FFF741FD0720FFF73EFD40
:1025F0002846FFF741FD2046FFF73EFD6FF44030CF
:10260000FFF743FD70BD10B50446EE20FEF778FAE3
:102610008220FFF72BFD0820FFF728FD2046FFF75B
:102620002BFD6FF44030FFF730FD10BD10B50446B0
:10263000EE20FEF765FA8220FFF718FD0920FFF76C
:1026400015FD2046FFF718FD6FF44030FFF71DFD24
:1026500010BD0000FEB5BDA7E0CF8DE8E0001C4630
:1026600000BF0A2591FBF5F605FB16151DF8056060
:10267000651EEDB22C4646550A2591FBF5F5A9B22B
:102680009442EED0FEBDF0B50446002006E00F5C9B
:102690001546561CF2B26755451CE8B29842F6DB67
:1026A000F0BD10B5AC49AD480078801C095CAA4A61
:1026B000AA480078401C105C41EA00240423002250
:1026C000A7A1A948FFF7DFFF062305222146A64858
:1026D000FFF7C0FF0622A4491020FFF76FFE10BDD0
:1026E00070B504460E469C499C480078401C085C26
:1026F0009E490870984999480078C01C095C964A20
:1027000096480078801C105C41EA002098490880B7
:10271000651C92480078C01C05449648007806283D
:1027200002D082281DD102E0FFF7BBFF1AE08F48DC
:102730000078052812D18E480088012802D002288E
:102740000AD104E029468C4822F0C0F904E0294669
:102750008A4822F0BBF900BF00BF00E000BF00BF05
:1027600000E000BF00BFCC208549087070BD70B587
:1027700005460E46784979480078801C095C764AFF
:1027800076480078401C105C41EA00207D490880B2
:10279000114672480078001D095C70480078C01C22
:1027A000105C41EA00207249088011466B480078AD
:1027B0000A30095C694800780930105C41EA002061
:1027C000714908806B480078052872D0062871D1BD
:1027D0006C48008898B966480088012806D002280D
:1027E00007D0032808D0042808D106E0FFF765F8D1
:1027F00004E0FFF7DBF801E000E000BF00BF614844
:102800000088012825D15A480088022802D00428CF
:102810001ED117E000205D49087019225C49012093
:10282000FFF7CCFDFFF7B4F804462CB9162259493E
:102830000120FFF7C3FD04E0132257490120FFF7F1
:10284000BDFD05E0012051490870FFF7A1F800BF68
:1028500000BF4C480088032806D10220FFF792FEF3
:10286000EE204749087026E04648008805281DD11B
:102870003F480088022818D10020444908701922D6
:1028800043490120FFF79AFDFFF75BF804461D2C32
:1028900005D1132241490120FFF790FD04E02522D4
:1028A0003F490120FFF78AFD00BF00BF03E000E0C1
:1028B00000E0D2E700BF00BF70BD10B50024304873
:1028C0000278C8212448FFF775FB0446002C1BDD65
:1028D00021480078334908701F4820490978405C36
:1028E000244908702F480078CC2802D0EE280AD15D
:1028F00004E021461848FFF73AFF04E02146164855
:10290000FFF7EEFE00BF00BF10BD10B5002106208E
:10291000FFF702FC0A20FEF73DF9FFF795F80446A1
:10292000042221460620FFF749FD0A20FEF732F96E
:1029300005221DA10720FFF741FD0A20FEF72AF915
:1029400004221B490820FFF739FD10BD3031323316
:1029500034353637383900005A3F00202401002032
:102960005061676500000000E83E00201C01002067
:10297000200100201B0100201A3F00203A3F0020C8
:10298000190100201E010020220100202501002045
:1029900092000020CB000020B8000020E1000020C1
:1029A000F40000201A01002056315F3100000000C1
:1029B0002F13002010B50021084600F051FAFE4800
:1029C000C06A20F44050FC49C862FC48006840F0EE
:1029D0004000FA4908600846C06840F04000C860FE
:1029E000F548C06A20F0C000F349C862F3480068A7
:1029F00040F00800F14908600846806840F008008F
:102A00008860ED48C06A20F44040EB49C862EB485A
:102A1000006840F08000E94908600846806840F09E
:102A20008000886010BD08B5E448C06840F0080028
:102A3000E249C8600846C06840F00800C8609020BD
:102A4000DF490870002048708870C870042200F0C8
:102A5000C6FA02226946002000F065FAD74880686D
:102A600040F00800D54988609DF801009DF80010ED
:102A700040EA012008BD2DE9F04107460D46164603
:102A8000CE48C06840F00800CC49C8600320CC495B
:102A90000870280C4870280A8870CD700422002025
:102AA00000F09DFA4FEA1628002408E007EB042105
:102AB0004FF48072002000F036FA601C84B2444566
:102AC000F4D316F0FF0F05D0F2B207EB042100207B
:102AD00000F029FAB948806840F00800B7498860DA
:102AE000BDE8F08110B5B548C06840F00800B349B2
:102AF000C8600620B24908700122002000F06FFA79
:102B0000AE48806840F00800AC49886010BD10B540
:102B1000AA48C06840F00800A849C8600420A84935
:102B200008700122002000F05AFAA448806840F0A2
:102B30000800A249886010BD10B5A048C06840F0E8
:102B400008009E49C86005209D49087001220020A8
:102B500000F045FA01229A49002000F0E4F9974874
:102B6000806840F00800954988609548007810BD5D
:102B700010B54FF4FA7409E00120FEF70BF8FFF7E7
:102B8000DBFF10F0010F01D1002010BD2000A4F1E7
:102B900001018CB2F0D10120F7E710B504462403FF
:102BA000FFF7A0FFFFF7E4FF08B1012010BD834845
:102BB000C06840F008008149C86020208049087042
:102BC000200C4870200A8870CC700422002000F08D
:102BD00006FA7A48806840F0080078498860FFF774
:102BE000C7FF08B10120E1E70020DFE710B5044688
:102BF0002404FFF777FFFFF7BBFF08B1012010BDEA
:102C00006E48C06840F008006C49C860D8206C4924
:102C10000870200C4870200A8870CC7004220020B4
:102C200000F0DDF96548806840F00800634988607D
:102C3000FFF79EFF08B10120E1E70020DFE710B5B4
:102C4000FFF750FFFFF794FF08B1012010BD5B486C
:102C5000C06840F008005949C860C720584908704A
:102C60000122002000F0BBF95448806840F00800C1
:102C700052498860FFF77CFF08B10120E6E7002099
:102C8000E4E770B505460C461646FFF72BFF4B48A8
:102C9000C06840F008004949C860022048490870EF
:102CA000200C4870200A8870CC700422002000F0AC
:102CB00096F932462946002000F091F93F48806895
:102CC00040F008003D498860FFF752FF08B101203D
:102CD00070BD0020FCE72DE9F04107460E46144682
:102CE000F0B2C0F58075AC4200DC254616E02A46FD
:102CF00031463846FFF7C5FF10B10120BDE8F0812D
:102D0000AC4200D10BE02F442E44601B84B2B4F5DA
:102D1000807F02DD4FF4807500E02546E7E700BFC5
:102D20000020EBE72DE9F05F814688461646DFF884
:102D300094B04FEA1837C8F30B0ACAF58054A6427C
:102D400000DC34466AE039034FF480525846FFF7FE
:102D500092FE002508E00AEB05001BF80000FF28A2
:102D600000D003E0681C85B2A542F4DB00BFA54299
:102D700033DA3846FFF711FF40B1FFF71BFE384644
:102D8000FFF70BFF10B10120BDE8F09F002507E021
:102D900019F8050005EB0A010BF80100681C85B263
:102DA000A542F5DB39034FF480525846FFF793FFF5
:102DB00018B3FFF7FFFD07E00000064800000A48CF
:102DC000224000203240002039034FF48052584600
:102DD000FFF781FF88B10120D6E7224641464846E9
:102DE000FFF779FF48B1FFF7E5FD22464146484627
:102DF000FFF771FF08B10120C6E7A64200D10EE03F
:102E00007F1C4FF0000AA144A044301B86B2B6F5E7
:102E1000805F02DD4FF4805400E0344693E700BF4A
:102E20000020B1E7F048806910F0020F08D00120BF
:102E3000EE490870EC48806940F00200EA49886178
:102E40007047EB48806910F0020F08D00120E94973
:102E50000870E748806940F00200E54988617047E2
:102E600070B504460D4684B9042000F0B3F904207F
:102E700000F0A4F9E048C06A4FF6F071884345F2CB
:102E800010510844DC49C86214E0052000F0A2F9A2
:102E9000052000F093F9D848C06A20F0704040F057
:102EA000A040D549C8620846006B20F0FF0040F002
:102EB00055000863A800CC494FF4803202FB04118E
:102EC0008860012C06D140F20220C74902FB0411A0
:102ED000486007E040F20220C3494FF4803202FB11
:102EE000041148600120C049020402FB04118862F9
:102EF000BD48114601FB0400806840F00100BA495A
:102F000002FB0411886070BD0021B74A4FF4803382
:102F100003FB0022516270470121B34A0B0403FBFB
:102F200000225162704770B5C2F30902AE4C4FF4F3
:102F3000803505FB0044A46944F00204AA4D4FF417
:102F4000803606FB0055AC61A74C354605FB0044B6
:102F50002262A54C05FB0044246944F00104A24D03
:102F600006FB00552C6101249F4D06FB00556C6249
:102F7000002310E000BF9C4C4FF4803505FB00445B
:102F8000A46914F0100FF6D1974C05FB0044247887
:102F90000C70491C5B1C9342ECD300BF924C4FF465
:102FA000803505FB0044A46914F0020FF6D08E4C66
:102FB00005FB0044A46944F002048B4D4FF48036B5
:102FC00006FB0055AC61884C354605FB004424697E
:102FD00024F00104844D06FB00552C6170BD70B5D2
:102FE000C2F30902804C4FF4803505FB0044A4690C
:102FF00044F002047C4D4FF4803606FB0055AC6172
:10300000794C354605FB00442262774C05FB0044B1
:10301000E46844F00104744D06FB0055EC600124A3
:10302000714D06FB00556C62002312E000BF6E4C30
:103030004FF4803505FB0044A46914F0080FF6D165
:103040000C78694D4FF4803606FB00552C70491CF6
:103050005B1C9342EAD300BF634C4FF4803505FB01
:103060000044A46914F0020FF6D05F4C05FB004445
:10307000A46944F002045C4D4FF4803606FB005511
:10308000AC61594C354605FB0044E46824F001046A
:10309000554D06FB0055EC6070BDF0B50024524D57
:1030A0004FF4803606FB0055AD6945F002054E4EE3
:1030B0004FF4803707FB0066B5614B4D3E4606FB7B
:1030C00000552B62484D06FB0055ED6845F00105A3
:1030D000454E07FB0066F560434D3E4606FB005536
:1030E0002D6945F00105404E07FB0066356101255D
:1030F0003D4E07FB0066756222E09C4211D23A4DBC
:103100004FF4803606FB0055AD6915F0080F08D165
:103110000D78354E4FF4803707FB00663570491C3B
:10312000641C314D4FF4803606FB0055AD6915F037
:10313000100F05D12C4D06FB00552D781570521C33
:10314000294D4FF4803606FB0055AD6915F0020F8E
:10315000D3D007E0244D4FF4803606FB00552D7880
:103160001570521C204D4FF4803606FB0055AD699A
:1031700015F0100FEED01C4D06FB0055AD6945F063
:103180000205194E4FF4803707FB0066B561164DF6
:103190003E4606FB0055ED6825F00105124E07FB83
:1031A0000066F560104D3E4606FB00552D6925F082
:1031B00001050D4E07FB00663561F0BD00F01F02F2
:1031C0000121914042094FF0E02303EB8202C2F853
:1031D0000011704700F01F0201219140074A430986
:1031E00042F823107047000000000640260100202E
:1031F00000000740270100200000064880E200E0B0
:1032000010B5044600BF082C02DD4FF0FF3010BDA2
:1032100000BFA100491C4FF4807202EBC1001021D5
:1032200000F0E3FF00BFA100491C4FF4807202EBE5
:10323000C10000F0B7FF0028F5D1A100491C4FF4F0
:10324000007202EBC1001F2100F0CFFF0120A0405F
:10325000FB4909888143FA4801800020F94921F897
:103260001400F949085500BFA100491C4FF44072F1
:1032700002EBC10000F096FF0028F5D10120C6E75F
:103280002DE9F04104460E4617461D4600BF082CA6
:1032900003DD4FF0FF30BDE8F08100BF012E04D008
:1032A000022E03D0042E03D101E000BF00BF02E0D4
:1032B0006FF00400EFE700BF15F0060F02D06FF0CB
:1032C0000500E8E705B3012E02D0022E1AD106E070
:1032D00015F0210F02D16FF00500DCE713E015F0C7
:1032E000200F05D015F0800F02D16FF00500D2E756
:1032F00015F0100F05D015F0800F02D16FF005000A
:10330000C9E700E000BF00BF2046FFF779FF05F0E6
:10331000F00242EA0601A200521C002303EBC200A5
:1033200000F063FF7FB9C94807880088401CC7497F
:10333000088008460088A0F57F41F03903D14FF49A
:103340004040C24908803912A200521C4FF48063E9
:1033500003EBC20000F049FFA100491C4FF480625A
:1033600002EBC10101F58070F9B200F03EFFA1004F
:10337000491C4FF4807202EBC100012100F035FFBF
:1033800000BFA100491C4FF4807202EBC10000F0A5
:1033900009FF0028F5D105F00100A040AC490988DB
:1033A0000843AB4908800120A040A5490988814312
:1033B000A34801800020A34921F81400A249085520
:1033C00000BFA100491C4FF4407202EBC10000F0A5
:1033D000E9FE0028F5D060B25DE710B5044600BFF5
:1033E000082C02DD4FF0FF3010BD00BF00BFA10070
:1033F000491C002202EBC10000F0D4FE00F00F00D7
:10340000012802D06FF00400EEE700BF00BFA1006A
:10341000491C4FF4407202EBC10000F0C3FE1328B8
:1034200002D06FF00200DFE700BFA100491C4FF49B
:10343000807202EBC100022100F0D7FE00BFA100A4
:10344000491C4FF4807202EBC10000F0ABFE002873
:10345000F5D10EE0A100491C4FF4807202EBC100CF
:1034600000F0A0FE28B92046FFF7CAFE6FF0030067
:10347000BAE7A100491C4FF4407202EBC10000F012
:1034800091FE1428E6D10120AEE770B504460D4642
:10349000164600BF082C02DD4FF0FF3070BD00BFA4
:1034A00000BFA100491C002202EBC10000F07AFE1F
:1034B00000F00F00012802D06FF00400EEE700BF1B
:1034C00000BFA100491C4FF4407202EBC10000F0A4
:1034D00069FE132802D06FF00200DFE700BF2978F1
:1034E000687861F31F200146A87861F31F20014628
:1034F000287861F31F200146481C00D011B96FF0F5
:103500000B00CBE716B96FF00A00C7E7A100491C12
:103510004FF4406202EBC1000422294600F0B6FEDF
:103520003112A200521C4FF4805303EBC20000F092
:103530005CFEA100491C4FF4805202EBC10101F571
:103540008070F1B200F051FEA100491C4FF480726E
:1035500002EBC100042100F048FE00BFA100491C9D
:103560004FF4807202EBC10000F01CFE0028F5D180
:103570000120A04036490988084201D000208DE78B
:1035800016E0A100491C4FF4007202EBC10000F0EC
:1035900009FE10F0080F0BD0A100491C4FF4007277
:1035A00002EBC100082100F020FE6FF00C0075E76F
:1035B000A100491C4FF4407202EBC10000F0F2FD83
:1035C0001728DED1012069E710B5044600BF082C9A
:1035D00002DD4FF0FF3010BD00BF00BFA100491C4D
:1035E000002202EBC10000F0DDFD00F00F00012819
:1035F00002D06FF00400EEE700BFA100491C4FF4B9
:10360000807202EBC100082100F0EFFD00BFA100B5
:10361000491C4FF4807202EBC10000F0C3FD00288A
:10362000F5D10120A0400649098881430448018062
:103630000120A0400649098808420BD00020CAE7B3
:103640002C010020325000202E01002028010020F3
:103650002A01002010E0A100491C4FF4007202EB87
:10366000C10000F09FFD10F0080F05D02046FFF7C5
:10367000C7FD6FF00C00AEE7A100491C4FF440728B
:1036800002EBC10000F08EFD0028E4D10120A2E78A
:103690002DE9F0410446884615460026002700BF64
:1036A000082C02DD701EBDE8F08100BF00BFA10044
:1036B000491C002202EBC10000F074FD00F00F0075
:1036C000012802D06FF00400EDE700BF00BF15B97C
:1036D0006FF00D00E7E700BFA100491C4FF44072F6
:1036E00002EBC10000F05EFD0646172E04D01C2E32
:1036F00002D06FF00600D6E70120A040F749098804
:10370000084228D0A100491C4FF4007202EBC1000E
:1037100000F048FD00F01F0616F0100F10D0A100B9
:10372000491C4FF4007202EBC100102100F05DFD56
:103730000120A040E94909888143E84801800AE066
:1037400016F0080F05D02046FFF75AFD6FF00C0069
:10375000A9E70020A7E7A100491C4FF4F85202EBAB
:10376000C10000F01FFD8006070CBD4200DD3D4694
:1037700023E0204600F0B8FD0746A100491C4FF4A5
:10378000407202EBC10000F00DFD0646172E07D077
:103790001C2E05D02046FFF733FD6FF0060082E7B0
:1037A0000120A040CE490988084203D0BD4201DD76
:1037B000002078E7BD4200DC00E0DAE700BF2A46DF
:1037C0004146204600F0FCFDA100491C4FF48072E8
:1037D00002EBC100202100F008FD00BFA100491C40
:1037E0004FF4807202EBC10000F0DCFC0028F5D140
:1037F0000120A040B94909880843B84908802846F3
:1038000051E72DE9F0470446884616460027002573
:1038100000BF082C02DD681EBDE8F08700BF00BFB6
:10382000A100491C002202EBC10000F0BBFC00F02B
:103830000F00012802D06FF00400EDE700BF00BFC9
:1038400016B96FF00D00E7E700BFA100491C4FF467
:10385000F05202EBC10000F0A5FC8006050CB54259
:1038600000DA2E4638E0204600F074FD0546A1003F
:10387000491C4FF4407202EBC10000F093FC074674
:10388000172F1ED01C2F16D105B126E0204600F0C0
:103890002BFD8146A100491C4FF4F85202EBC100F8
:1038A00000F080FCB9EB802F0BD12046FFF7A8FC7D
:1038B0006FF00600B0E72046FFF7A2FC6FF00600AD
:1038C000AAE70120A04086490988084202D00DB924
:1038D0000020A1E705B100E0C5E700BFB54200DA6E
:1038E0002E4632464146204600F0ACFDA100491C60
:1038F0004FF4807202EBC100402100F076FC00BF63
:10390000A100491C4FF4807202EBC10000F04AFC98
:103910000028F5D130467FE72DE9F04704468A4676
:1039200016461D46DDF820900027B84600BF082C3B
:1039300002DD781EBDE8F08700BFA100491C00220F
:1039400002EBC10000F02EFC00F00F00022802D0B4
:10395000042802D100E000BF02E06FF00400E9E7B4
:1039600000BF00BF16B96FF00D00E3E700BF287875
:10397000697860F31F210846A97860F31F21084683
:10398000E97860F31F210846286810B96FF00B0032
:10399000D0E7B9F1000F02D16FF00A00CAE7A10029
:1039A000491C4FF4407202EBC10000F0FBFB0746DC
:1039B000422F04D0222F02D06FF00600BAE7A100F8
:1039C000491C4FF4406202EBC1000422294600F07A
:1039D0005DFC4FEA2921A200521C4FF4805303EBF7
:1039E000C20000F002FCA100491C4FF4805202EB1F
:1039F000C10101F5807009F0FF0100F0F6FBA100A4
:103A0000491C4FF4F85202EBC10000F0CBFB8006DA
:103A10004FEA1048464500DD46461CE0204600F0CF
:103A200063FC8046A100491C4FF4407202EBC100C8
:103A300000F0B8FB10B96FF003007BE70120A04055
:103A400027490988084203D0464501DD002071E777
:103A5000464500DC00E0E1E700BF32465146204623
:103A600000F0AEFCA100491C4FF4807202EBC100D3
:103A7000202100F0BAFB00BFA100491C4FF4807266
:103A800002EBC10000F08EFB0028F5D12AE0A10076
:103A9000491C4FF4007202EBC10000F083FB00F000
:103AA0001F0717F0100F09D0A100491C4FF4007236
:103AB00002EBC100102100F098FB14E017F0080F92
:103AC00010D0A100491C4FF4007202EBC100082184
:103AD00000F08BFB6FF00C002CE700002C010020A5
:103AE0002A010020D3E700BF304623E72DE9FC4739
:103AF00004468A4616461F46DDF82880002500BF8A
:103B0000082C02DD681EBDE8FC8700BFA100491C2F
:103B1000002202EBC10000F045FB814600F00F00DF
:103B2000022802D0042802D100E000BF02E06FF0BA
:103B30000400E8E700BF00BF16B96FF00D00E2E730
:103B400000BFF84830F81400E8B91AE0204600F049
:103B500001FC0546A100491C4FF4407202EBC10074
:103B600000F020FB10B96FF00300CCE70120A0406B
:103B7000ED490988084202D00DB90020C3E705B11C
:103B800000E0E3E700BF0020E849085509F007001E
:103B9000022802D004287DD157E0E24830F8140012
:103BA000E8BB08226946204600F04CFCA100491CF5
:103BB0004FF4807202EBC100402100F016FB00BF01
:103BC000A100491C4FF4807202EBC10000F0EAFA38
:103BD0000028F5D19DF8000038709DF8010078703C
:103BE0009DF80200B8709DF80300F8709DF804007D
:103BF000A8F800009DF80500B8F8001000EB0120BF
:103C0000A8F800009DF80600C64921F814009DF8A8
:103C1000070031F8141000EB0120C24900E004E075
:103C200021F814008020C1490855BE4830F814001E
:103C3000B04201DD354602E0BA4830F814502A4659
:103C40005146204600F0FEFB55E0B64830F814001F
:103C5000A8BB02226946204600F0F4FBA100491CE3
:103C60004FF4807202EBC100402100F0BEFA00BFA9
:103C7000A100491C4FF4807202EBC10000F092FADF
:103C80000028F5D19DF80000A64921F814009DF800
:103C9000010000E027E031F8141000EB0120A149F9
:103CA00021F81400084630F8140040F2EA51884226
:103CB00006DD2046FFF7A4FA6FF47A7023E702E0EE
:103CC00080209A490855974830F81400B04201DD29
:103CD000354602E0934830F814502A4651462046B3
:103CE00000F0B0FB07E02946204600F0EDFB8D48D0
:103CF00020F8145000BF00BFA100491C4FF480728F
:103D000002EBC100402100F070FA00BFA100491C85
:103D10004FF4807202EBC10000F044FA0028F5D1A4
:103D2000804830F81400401B7E4921F814000846F2
:103D300030F8140028B17D48005D40F001007B4957
:103D400008552846DFE62DE9F04104460E461546A3
:103D5000002700BF082C02DD781EBDE8F08100BFFF
:103D6000082E78D2DFE806F0041C232F3B4D596B58
:103D70002F78012F07D10120A0406B490988084303
:103D8000694908800BE03FB90120A04066490988D5
:103D900081436548018002E06FF00900DDE75DE0E6
:103DA00061480088204100F00100287056E0A10021
:103DB000491C4FF4F85202EBC10000F0F3F9800601
:103DC000000C28804AE0A100491C4FF4F05202EB9D
:103DD000C10000F0E7F98006000C28803EE028785A
:103DE0001F2802DD6FF00900B7E72A7802F01F01F3
:103DF000A200521C4FF4007303EBC20000F0F5F96F
:103E00002CE0A100491C4FF4007202EBC10000F04D
:103E1000C9F900F01F00287020E028781F2802DD73
:103E20006FF0090099E72A7802F01F01A200521CE6
:103E30004FF4305303EBC20000F0D7F90EE0A100BD
:103E4000491C4FF4305202EBC10000F0ABF900F016
:103E50001F00287000BF6FF009007EE700BF01203F
:103E60007BE770B504460E46154600BF082C02DD00
:103E70004FF0FF3070BD00BF082E75D2DFE806F0AE
:103E8000BB040E182F3A58A12978A200521C4FF4F7
:103E9000B05303EBC20000F0A8F9AFE02978A2000C
:103EA000521C4FF4A85303EBC20000F09EF9A5E0AA
:103EB0002A881112A200521C4FF4905303EBC20047
:103EC00000F093F92A88D1B2A200521C4FF490530B
:103ED00003EBC20202F5807000F087F98EE0A100CA
:103EE000491C4FF4406202EBC1000422294600F055
:103EF000CDF983E02A881112A200521C4FF480539E
:103F000003EBC20000F071F92A88D1B2A200521C62
:103F10004FF4805303EBC20202F5807000F065F9A4
:103F20006CE00000325000202A0100202E01002009
:103F300000BFA100491C002202EBC10000F032F9D1
:103F400000F00F00012802D06FF0040092E700BFDC
:103F5000A100491C4FF43C5202EBC10000F022F9D1
:103F600018B16FF0010085E745E0A100491C4FF44E
:103F7000807202EBC100222100F037F916E0A100A7
:103F8000491C4FF4007202EBC10000F00BF910F075
:103F9000080F0BD0A100491C4FF4007202EBC100C6
:103FA000082100F022F96FF00C0063E7A100491C22
:103FB0004FF4807202EBC10000F0F4F80028DED16B
:103FC0001CE000BFA100491C002202EBC10000F070
:103FD000E9F800F00F00012802D06FF0040049E773
:103FE00000BF2978A200521C4FF43C5303EBC200DF
:103FF00000F0FBF802E06FF009003BE700BF012092
:1040000038E72DE9F04104460E46154600BF082C5E
:1040100003DD4FF0FF30BDE8F08100BF0D2E6FD201
:10402000DFE806F007121C263D48B55F7A7F848ED4
:10403000A100A100491C002202EBC10000F0B2F86F
:1040400000F0F0002870A5E0A100491C4FF4B05228
:1040500002EBC10000F0A6F828709BE0A100491C0B
:104060004FF4A85202EBC10000F09CF8287091E0D8
:10407000A100491C4FF4905202EBC10101F5807080
:1040800000F090F80746A100491C4FF4905202EB53
:10409000C10000F087F807EB0020287000BFA100E6
:1040A000491C4FF4406202EBC1000422294600F093
:1040B000C0F86FE0A100491C4FF4805202EBC1012F
:1040C00001F5807000F06EF80746A100491C4FF41E
:1040D000805202EBC10000F065F807EB0020288059
:1040E00058E000BFA100491C002202EBC10000F013
:1040F00059F800F00F00012803D06FF004008AE7A0
:1041000045E000BFA100491C4FF43C5202EBC10046
:1041100000F048F828803DE0204600F0E5F82880CF
:1041200000BF204600F016F9288000BFA100491CFE
:104130004FF4407202EBC10000F034F8287029E01F
:10414000A100491C002202EBC10000F02BF801285D
:1041500004D1204600F0FEF8288003E00F4830F834
:104160001400288016E000BFA100491C002202EBC9
:10417000C10000F017F800F00F00012802D06FF026
:10418000040048E700BF0648005D287002E06FF0B9
:10419000010040E700BF01203DE700003250002051
:1041A0002E01002070B50446E14988688047E04947
:1041B0000869804700BFDE48C169C4F307408847EB
:1041C000DB48C169C4F307208847E0B2D84AD16907
:1041D0008847D749886980470546D5494869804757
:1041E000D349C8688047284670BD70B504460D465F
:1041F000CF4988688047CE490869804744F0040465
:10420000CB48C169C4F307408847C948C169C4F3B2
:1042100007208847E0B2C64AD1698847C448C169C7
:1042200028468847C24948698047C149C8688047CD
:1042300070BD2DE9F04104460E4617460025BC49E5
:1042400088688047BA490869804700BFB848C16993
:10425000C4F307408847B648C169C4F307208847BC
:10426000E0B2B34AD169884700BF05E0B049886928
:1042700080477055681C85B2BD42F7DBAC49486980
:104280008047AB49C8688047BDE8F0812DE9F0411F
:1042900004460E4617460025A54988688047A4496C
:1042A0000869804744F00404A148C169C4F3074089
:1042B00088479F48C169C4F307208847E0B29C4AF9
:1042C000D169884700BF05E0705D994AD169884788
:1042D000681C85B2BD42F7DB95494869804794491F
:1042E000C8688047BDE8F08170B504460025002607
:1042F00000BFA100491C4FF4005202EBC100FFF7C0
:1043000051FF0646A100491C4FF4005202EBC101C7
:1043100001F58070FFF746FF00EB062086B2AEB1D4
:10432000A100491C4FF4005202EBC100FFF73AFF15
:104330000546A100491C4FF4005202EBC10101F5F2
:104340008070FFF72FFF00EB052085B2B542D0D17A
:10435000284670BD70B504460025002600BFA100A8
:10436000491C4FF4185202EBC100FFF71BFF064631
:10437000A100491C4FF4185202EBC10101F58070F5
:10438000FFF710FF00EB062086B2AEB1A100491C7A
:104390004FF4185202EBC100FFF704FF0546A100DD
:1043A000491C4FF4185202EBC10101F58070FFF770
:1043B000F9FE00EB052085B2B542D0D1284670BD8C
:1043C0002DE9F04704460F4616460025A8460EB9CB
:1043D000BDE8F087A100491C4FF4105202EBC10167
:1043E00001F58070FFF7DEFE8146A100491C4FF405
:1043F000105202EBC100FFF7D5FE09EB002085B299
:104400002902A000801C01EBC00832463946404614
:10441000FFF73CFFA81985B22912A200521C4FF4E5
:10442000105303EBC200FFF7E0FEA100491C4FF45C
:10443000105202EBC10101F58070E9B2FFF7D5FE21
:1044400000BFC5E72DE9F04704460F461646002594
:10445000A8460EB9BDE8F087A100491C4FF42052D0
:1044600002EBC10101F58070FFF79CFE8146A100BF
:10447000491C4FF4205202EBC100FFF793FE09EBF9
:10448000002085B22902A000C01C01EBC008324602
:1044900039464046FFF7CDFEA81985B22912A20081
:1044A000521C4FF4205303EBC200FFF79EFEA10005
:1044B000491C4FF4205202EBC10101F58070E9B2B2
:1044C000FFF793FE00BFC5E72DE9F04104460E4615
:1044D0000025A100491C4FF4205202EBC10101F557
:1044E0008070FFF75FFE0746A100491C4FF4205281
:1044F00002EBC100FFF756FE07EB002085B2A819BA
:1045000085B22912A200521C4FF4205303EBC200C3
:10451000FFF76BFEA100491C4FF4205202EBC101D2
:1045200001F58070E9B2FFF760FEBDE8F0810000A0
:10453000380100207047704770477047014608787F
:1045400070470170704700207047704700B141B953
:10455000AFF21F02F94B9A60AFF22503F74AD3601E
:1045600002E0F64A9060D160704700B141B9AFF205
:104570003702F24B1A61AFF23D03F04A536102E099
:10458000EE4A10615161704700BFEC4A128812F484
:10459000807FFAD000B141B9AFF25F02E74B9A6178
:1045A000AFF26103E54AD36102E0E44A9061D16170
:1045B000704700BFE14A128812F4007FFAD000B1C0
:1045C00041B9AFF27D02DD4B9A61AFF28103DB4A64
:1045D000D36102E0D94A9061D161704710B54FF4C0
:1045E0003850FFF7DFFD10F0010F01D0012400E08B
:1045F0000024204610BD10B500244FF43850FFF7BA
:10460000D1FD10F0300F01D0012400E0002420463D
:1046100010BD10B54FF43850FFF7C4FD044624F028
:10462000800421464FF43850FFF7DFFD4FF4385037
:10463000FFF7B8FD044644F0800421464FF438509B
:10464000FFF7D3FD10BD70B5054600244FF4385078
:10465000FFF7A8FD044614F0400F02D14FF0FF30E1
:1046600070BD24F03804012D02D144F0300401E083
:1046700044F0380421464FF43850FFF7B6FDFFF7F9
:10468000C8FF4FF43850FFF78DFD0446012D04D1CB
:1046900014F0300F06D00020E2E714F0380F01D0FC
:1046A0000020DDE74FF0FF30DAE770B50446002563
:1046B0004FF43850FFF776FD0546C5F380102070A3
:1046C00005F03800202802D0382803D100BF01208F
:1046D000607002E00020607000BF00BF05F038008D
:1046E000102805D0182802D0202804D100BF00BF10
:1046F0000120A07002E00020A07000BF00BF05F004
:104700003800082805D0182802D0202804D100BF7E
:1047100000BF0120E07002E00020E07000BF00BF99
:1047200070BD70B5054600242878012802D144F0F8
:10473000400401E024F040046878012802D144F0EC
:10474000380412E0E878012808D1A878012802D1BD
:1047500044F0180409E044F0080406E0A8780128B1
:1047600002D144F0100400E000BF21464FF438505D
:10477000FFF73BFDFFF74DFF70BD70B5002600242D
:1047800000254FF4B050FFF70DFD06464FF4C05022
:10479000FFF708FD0446254606EB052085B22846AE
:1047A00070BD70B50446E5B2261229464FF4B050EC
:1047B000FFF71BFD31464FF4C050FFF716FD70BDEB
:1047C00070B50026002400254FF4A850FFF7EAFC3E
:1047D00000F0F0064FF4B850FFF7E4FC044625461D
:1047E00006EB052085B2284670BD70B50446E5B2DB
:1047F000261205F0F0014FF4A850FFF7F6FC314601
:104800004FF4B850FFF7F1FC70BD00B585B006223B
:1048100069464FF41060FFF70CFD042204A99001D3
:10482000FFF707FD042203A94FF4A060FFF701FD85
:10483000042202A94FF47060FFF7FBFC80210020E6
:10484000FFF7D3FC0020FFF7ADFC062269464FF4CA
:104850001060FFF71BFD042204A99001FFF716FD6D
:10486000042203A94FF4A060FFF710FD042202A95F
:104870004FF47060FFF70AFD05B000BD2DE9F0416F
:1048800005460E460027FFF7C0FFF5B100BF002424
:1048900004E0285D384447B2601C44B2082CF8DBC1
:1048A000102F03DD4FF0FF30BDE8F08100240AE057
:1048B000295DA200521C4FF4F85303EBC200FFF72E
:1048C00094FC601C44B2082CF2DBEEB100270024FB
:1048D00004E0305D384447B2601C44B2082CF8DB79
:1048E000102F02DD4FF0FF30DEE700240AE0315DDB
:1048F000A200521C4FF4F05303EBC200FFF775FC0B
:10490000601C44B2082CF2DB0020CDE72DE9FC410D
:1049100006460C460025002000900190102E7BD208
:10492000DFE806F0080E1D19212529364355585C8D
:1049300060616570FFF769FF71E0000038010020D9
:104940001CB10094009808300190DDE90001FFF7E8
:1049500095FFBDE8FC812088FFF747FF5FE0FFF788
:104960002FFF20805BE02088FFF71BFF57E0FFF759
:1049700004FF208053E0208801124FF49850FFF785
:1049800034FC2088C1B24FF4A050FFF72EFC46E063
:104990004FF4A050FFF706FC07464FF49850FFF77E
:1049A00001FC07EB0020208039E0824880782070ED
:1049B0008048C07860707F480079A0707D48407959
:1049C000E0707C48807920710020607127E0FFF75B
:1049D00020FE24E02046FFF7A4FE20E02046FFF75B
:1049E00064FE1CE01BE02078FFF72DFEB1E7FFF727
:1049F00002FEC5B268B2401C02D1401EA9E70BE01E
:104A000025700CE0FFF7EAFDC5B268B2401C01D189
:104A1000401E9EE7257002E04FF0FF3099E700BF8F
:104A2000002096E770B504464FF4D850FFF7BAFB64
:104A300020704FF4D050FFF7B5FB05464FF4C85037
:104A4000FFF7B0FB05EB0020608070BD10B5044699
:104A500021784FF4D850FFF7C8FB608801124FF45B
:104A6000C850FFF7C2FB6088C1B24FF4D050FFF7C7
:104A7000BCFB10BD10B50020FFF794FB10BD70B556
:104A80000446002534F03A0001D0681E70BD0020B5
:104A9000FFF788FB0546254329460020FFF7A5FBC5
:104AA0000020F3E710B50446062221464FF41060BB
:104AB000FFF7BFFB042204F10E019001FFF7B9FBE1
:104AC000042204F10A014FF4A060FFF7B2FB0422B4
:104AD000A11D4FF47060FFF7ACFB37480078A0745D
:104AE00035484178E17481782175C1786175334822
:104AF0000078A07510BD10B50446062221464FF47B
:104B00001060FFF7C3FB042204F10E019001FFF7D0
:104B1000BDFB042204F10A014FF4A060FFF7B6FBCD
:104B20000422A11D4FF47060FFF7B0FBA07C224966
:104B30000870E07C4870207D8870607DC870A07D22
:104B40001E49087010BD70B505460C46062D1CD2D6
:104B5000DFE805F003070B0F13172046FFF7CBFF25
:104B600016E02046FFF79EFF12E02078FFF787FF50
:104B700070BDFFF77FFF20700AE02046FFF766FF59
:104B800006E02046FFF74EFF02E04FF0FF30EFE770
:104B900000BF0020ECE770B504464FF43850FFF733
:104BA00001FB0546C5F38000E070C5F34000A0702E
:104BB00070BD000038010020580100205C01002079
:104BC00010B50422F9494FF47060FFF75FFB04222F
:104BD000F7494FF4A060FFF759FB0422F549900113
:104BE000FFF754FB10BD10B580210020FFF7FDFA40
:104BF0000020FFF7D7FAFFF7E3FF0622EE494FF454
:104C00001060FFF743FB10BD10B580210020FFF7B7
:104C1000ECFA0020FFF7C6FA0622E7494FF41060CD
:104C2000FFF734FB10BD10B5AFF26B03E34C23600C
:104C3000AFF24D03E24C2360AFF23303E14C23604B
:104C400008B1DE4B186009B1DD4B19600AB1DD4BCC
:104C50001A6010BD7CB5062269464FF41060FFF75C
:104C6000E8FA0120D84909680870D74909684870EE
:104C70000620D549096888700020D3490968C870A2
:104C8000D1480068051DD1480068000E2870CF4843
:104C90000068000C6870CD480068000AA870CB4816
:104CA0000068E8700020C84909680881C6480068A3
:104CB00000F10A058020287000206870C249096848
:104CC00008730021C04800684173BF4800688173C1
:104CD000BD480068C1730020BB4909680874002101
:104CE000B94800684174B84800688174B6480068E3
:104CF000C1740020B449096808750021B2480068F1
:104D00004175B14800688175AF480068C1750020E1
:104D1000AD49096808760021AB4800684176AA4889
:104D200000688176A8480068C176A3480078A64943
:104D300009680877A0484178A348006841779E48F1
:104D40008178A148006881779B48C1789E480068B7
:104D5000C177994801799C48006880F820109648EE
:104D600041799948006880F82110062406E0002166
:104D7000954800681C300155601CC4B2102CF6DB4D
:104D8000002406E00021904800682C300155601C8A
:104D9000C4B2402CF6DB002406E000218A480068FB
:104DA0006C300155601CC4B2802CF6DB6320864950
:104DB000096881F8EC0082218348006880F8ED10D2
:104DC00053218148006880F8EE1063217E48006816
:104DD00080F8EF107CBD7CB50024FFF73BFF042476
:104DE00035222146641C78480068EC304254012288
:104DF0002146641C74480068EC3042542146641C0F
:104E000071480068EC3042543D222146641C6E48D3
:104E10000068EC30425407222146641C6A4800684E
:104E2000EC30425401222146641C67480068EC3093
:104E30004254614802782146641C63480068EC30A3
:104E400042545D4842782146641C5F480068EC305B
:104E50004254594882782146641C5B480068EC3013
:104E600042545548C2782146641C57480068EC30CB
:104E70004254514802792146641C53480068EC3082
:104E800042544D4842792146641C4F480068EC303A
:104E900042540C222146641C4B480068EC304254BA
:104EA00000222046611C8CB247490968EC310A5443
:104EB00000250AE04648425D2046611C8CB242490A
:104EC0000968EC310A54681C85B24148405D0028ED
:104ED000F0D13948C2782046611C8CB23A49096841
:104EE000EC310A54344802792046611C8CB23649B0
:104EF0000968EC310A54304842792046611C8CB272
:104F000031490968EC310A54E81CC1B2281D221A43
:104F10002D480068EC30815437222046611C8CB249
:104F200029490968EC310A5406222046611C8CB2DA
:104F300025490968EC310A5401222046611C8CB2D3
:104F400021490968EC310A5403222046611C8CB2C5
:104F50001D490968EC310A5406222046611C8CB2B6
:104F600019490968EC310A540F222046611C8CB2A1
:104F700015490968EC310A543A222046611C8CB26A
:104F800011490968EC310A543B222046611C8CB25D
:104F90000D490968EC310A54FF222046611C8CB28D
:104FA00009490968EC310A5425461AE064010020D9
:104FB0006C01002068010020A80100208C01002065
:104FC0009001002094010020A4010020A0010020F5
:104FD000840100200021FE480068EC304155681C27
:104FE00085B2B5F59C7FF5DBFF208DF804008DF8C8
:104FF00005008DF806008DF80700432001AB4FF443
:1050000009720090F2480168F2480078FEF784FCCB
:105010007CBD7CB50024FFF71DFEEF480078032817
:1050200003D0ED48007804282CD10020E849096815
:1050300088720021E6480068C172E8480078E449B7
:1050400009680873E5484178E14800684173E3481E
:105050008178DF4800688173E048C178DC480068E7
:10506000C173DF4800788DF80400DD4840788DF882
:105070000500DB4880788DF80600D948C0788DF8A7
:10508000070008E0FF208DF804008DF805008DF87A
:1050900006008DF80700042435222146641CCC4804
:1050A0000068EC30425401222146641CC848006864
:1050B000EC30425403222146641CC5480068EC30A1
:1050C00042543D222146641CC1480068EC304254E1
:1050D00007222146641CBE480068EC30425401227D
:1050E0002146641CBA480068EC304254BD4802783E
:1050F0002146641CB6480068EC304254B9484278F6
:105100002146641CB2480068EC304254B5488278AD
:105110002146641CAE480068EC304254B148C27865
:105120002146641CAA480068EC304254AD4802791C
:105130002146641CA6480068EC304254A9484279D4
:105140002146641CA2480068EC3042549DF80700D8
:10515000FF2867D132222046611C8CB29C49096825
:10516000EC310A5404222046611C8CB2984909682B
:10517000EC310A54994802782046611C8CB294495B
:105180000968EC310A54954842782046611C8CB27B
:105190008F490968EC310A54904882782046611C96
:1051A0008CB28B490968EC310A548C48C27820468D
:1051B000611C8CB286490968EC310A5436222046BB
:1051C000611C8CB282490968EC310A5404222046E1
:1051D000611C8CB27E490968EC310A54804802781F
:1051E0002046611C8CB27A490968EC310A547C482B
:1051F00042782046611C8CB275490968EC310A542A
:10520000774882782046611C8CB271490968EC317C
:105210000A547348C2782046611C8CB26C490968F4
:10522000EC310A540C222046611C8CB26849096892
:10523000EC310A5400222046611C8CB26449096892
:10524000EC310A54002509E06748425D2046611CA4
:105250008CB25F490968EC310A546D1C6248405DAC
:105260000028F1D15F48C2782046611C8CB25849B1
:105270000968EC310A545B4802792046611C8CB203
:1052800053490968EC310A54564842792046611C5A
:105290008CB24F490968EC310A54E81CC1B2281D90
:1052A000221A4B480068EC30815437222046611C9A
:1052B0008CB247490968EC310A5408222046611C27
:1052C0008CB243490968EC310A5401222046611C22
:1052D0008CB23F490968EC310A5403222046611C14
:1052E0008CB23B490968EC310A5406222046611C05
:1052F0008CB237490968EC310A540F222046611CF0
:105300008CB233490968EC310A543A222046611CB8
:105310008CB22F490968EC310A543B222046611CAB
:105320008CB22B490968EC310A541F222046611CBB
:105330008CB227490968EC310A5421222046611CAD
:105340008CB223490968EC310A54FF222046611CC3
:105350008CB21F490968EC310A54254605E000214A
:105360001B480068EC3041556D1CB5F59C7FF6DBA1
:10537000432001AB4FF409720090154801681548AD
:105380000078FEF7C9FA7CBD7CB50024FFF762FC0B
:10539000042400200E490968887200210C48006826
:1053A000C17235222146641C09480068EC30425421
:1053B00001222146641C06480068EC304254042255
:1053C0002146641C02480068EC3042543D220DE046
:1053D000A401002098010020740100206401002035
:1053E00099010020A8010020840100202146641CAE
:1053F000F7480068EC30425407222146641CF44808
:105400000068EC30425401222146641CF0480068D8
:10541000EC304254EF4802782146641CEC480068A6
:10542000EC304254EB4842782146641CE84800685E
:10543000EC304254E74882782146641CE448006816
:10544000EC304254E348C2782146641CE0480068CE
:10545000EC304254DF4802792146641CDC48006885
:10546000EC304254DB4842792146641CD84800683D
:10547000EC30425432222146641CD5480068EC309E
:10548000425404222046611C8CB2D1490968EC3197
:105490000A54D14802782046611C8CB2CC49096874
:1054A000EC310A54CC4842782046611C8CB2C84981
:1054B0000968EC310A54C84882782046611C8CB2D5
:1054C000C3490968EC310A54C348C2782046611CBC
:1054D0008CB2BF490968EC310A5436222046611C5F
:1054E0008CB2BB490968EC310A5404222046611C85
:1054F0008CB2B7490968EC310A54B84802782046A2
:10550000611C8CB2B2490968EC310A54B348427844
:105510002046611C8CB2AE490968EC310A54AF4890
:1055200082782046611C8CB2A9490968EC310A5482
:10553000AA48C2782046611C8CB2A5490968EC31A2
:105540000A54FF222046611C8CB2A1490968EC3143
:105550000A54254605E000219D480068EC3041557D
:105560006D1CB5F59C7FF6DBFF208DF804008DF8EF
:1055700005008DF806008DF80700432001AB4FF4BD
:10558000097200909248016895480078FEF7C4F9C6
:105590007CBD2DE9FF4192480078FEF7DBFE071E37
:1055A0000BDD01A802AB3A460090894801688C489F
:1055B0000078FEF79BFA87B203E0002004B0BDE854
:1055C000F081BDF80400432874D181480068007F51
:1055D00080490978884224D17D480068407F7D4910
:1055E000497888421DD17A480068807F7949897856
:1055F000884216D176480068C07F7649C9788842CB
:105600000FD17348006890F82000724909798842E8
:1056100007D16F48006890F821006E4949798842A7
:1056200001D00020CAE74FF0000869480468F03450
:10563000A7F1F000051989E0207833284ED007DC67
:1056400070B1012813D0032821D0062878D132E088
:10565000352807D0362861D0FF2871D12C4674E058
:10566000641C72E0641C641C14F8018B6DE0641C03
:10567000641C14F8010B5B49087014F8010B4870A6
:1056800014F8010B887014F8010BC8705DE0641CFD
:1056900014F8016B14F8010B5349087014F8010B4E
:1056A000487014F8010B887014F8010BC870301F93
:1056B00004444AE04DE0641C14F8016B14F8010B3B
:1056C0004A49087014F8010B487014F8010B8870EF
:1056D00014F8010BC870301F044436E0641C14F841
:1056E000016B14F8010B4249086014F8011B404893
:1056F000006801EB00203E49086014F8011B3C489B
:10570000006801EB00203A49086014F8011B384892
:10571000006801EB00203649086016E0641C14F8AC
:10572000016B14F8010B2D49087014F8010B487037
:1057300014F8010B887014F8010BC87005E0FFE73E
:10574000641C14F8016B344400BF00BFAC42FFF48A
:1057500073AF4FFA88F031E70020264908600A202D
:1057600025490860002025490870704710B50124BC
:10577000224890F90000022844DA1F4800681D49B9
:105780000968884258D21E4890F90000012804D0C8
:10579000022805D0042809D105E0FFF71CFB06E02C
:1057A000FFF737FC03E0FFF734FC00E000BF00BF69
:1057B000002010490860084600680A300E49086059
:1057C0000E480078401C40B20C49087034E00000DC
:1057D000A4010020A80100206401002099010020FC
:1057E000980100206C010020680100207001002059
:1057F000780100207C01002080010020750100203C
:1058000074010020D44890F90000012804D0022837
:1058100007D004280CD105E00020CF4908700024EF
:1058200007E000BFFFF7D7FA0120CB49087000E07E
:1058300000BF00BFFFF790FF204610BD38B54FF402
:10584000D850FEF7AFFC054603214FF4D850FEF7C1
:10585000CCFC41F28830C14B1122C1A10090C54857
:105860000078FEF759F8044629464FF4D850FEF761
:10587000BCFC14F10D0001D1012038BDFFF784FDFF
:10588000BD48046840F24C40FBF784F90020F4E77F
:1058900070B5B1480078062801D1052070BDB54922
:1058A00009788900491C4FF4407202EBC100FEF7F1
:1058B00079FC222806D0002344220221AD4800783A
:1058C000FDF7DEFC0125FFF764FEC4B2A24890F9A3
:1058D0000000052877D2DFE800F0030F2C4F770097
:1058E00000209E49087048708870C870FFF773FAEE
:1058F0000120994908709CE0022C16D19F4800684D
:10590000007C964908709D480068407C48709B4820
:105910000068807C887099480068C07CC870FFF778
:1059200078FB02208C49087002E0FFF71FFF054654
:105930007FE0052C14D1FFF781FF40B1904800684B
:105940008047FFF709FF03208349087013E0FFF742
:1059500003FF8C480068804700207F4908700AE0F8
:10596000062C05D1FFF7F8FE01207B49087002E004
:10597000FFF7FCFE05465CE0042583480068401CF8
:1059800020D07D48006880490968B0EB510F19D9D3
:105990000024724800787D4908707048407848704B
:1059A0006E48807888706D48C078C8707848006804
:1059B000401C77490860FFF72CFBFFF7CDFE042061
:1059C0006549087035E033E00425052C24D100201A
:1059D000704908706D48007860490978884211D193
:1059E0006A4840785D49497888420BD16748807899
:1059F0005A498978884205D16448C0785749C9789E
:105A0000884203D00325644800688047FFF7A4FE5E
:105A10000320514908700AE0062C05D1FFF79CFECF
:105A200001204D49087002E0FFF7A0FE054600E0A6
:105A300000BF00BF284631E710B54E480078FDF79B
:105A4000DFFB06204449087010BD38B504460D46FA
:105A500000200090062251494FF41060FEF7E9FB48
:105A60004E4800784D49497808434C4989780843A5
:105A70004A49C97808434949097908434749497956
:105A800008430ED14549087008204870DC20887012
:105A90000020C8700871487106224FF41060FEF7AC
:105AA000F5FB34480470354805603D4838490860C6
:105AB000042269464FF47060FEF7E8FB0422694651
:105AC0004FF47060FEF7E2FB042269469001FEF796
:105AD000DDFBFFF741FE00201F49087038BD264856
:105AE0000068401C2449086070471C49097801700F
:105AF0001A49497841701949897881701749C978DC
:105B0000C17070472749097801702649497841706A
:105B10002449897881702349C978C1707047224926
:105B2000097801702049497841701F49897881704E
:105B30001D49C978C17070471C49097801701B491B
:105B4000497841701949897881701849C978C170BC
:105B500070470D4800687047740100206401002000
:105B6000434845434B5F49505F434F4E464C494382
:105B700054000000980100207C010020A4010020B6
:105B80008C01002094010020780100206001002099
:105B9000A00100207501002090010020A801002034
:105BA00078563412680100206C010020700100203A
:105BB000014611F8013B18020A78024490B270477E
:105BC0000A1200F8012B00F8011B70472DE9F04381
:105BD00007468C461C4600250026A846614600BFA5
:105BE00011F8013B06B96D1C03F0C000C0280AD1B2
:105BF00006B96D1C0126087803F03F0900EB092067
:105C0000C11911F8013B03B91BE0581C201A04B25A
:105C1000002C03DA4FF0FF30BDE8F08306B91D44D5
:105C200003E011F8010B02F8010B1800A3F10109C0
:105C30001FFA89F3F5D12E2002F8010B08F10108B3
:105C4000CEE700BFB8F1000F04D12E2002F8010BFF
:105C5000601E04B2002002F8010B601E04B2284648
:105C6000DAE770B593B006460C464B236A462146E8
:105C70003046FFF7ABFF0546681C01D113B070BD7D
:105C80002C44A41CA41C2046F8E72DE9F04193B055
:105C900080460C4616464B236A4621464046FFF78F
:105CA00095FF0546681C02D113B0BDE8F0812C4475
:105CB0002046FFF77DFF0746A41CA41C241DA41C3E
:105CC000112F59D2DFE807F058091A5858163B1718
:105CD000181958581B27582E570014F8010B30700C
:105CE00014F8010B707014F8010BB07014F8010B6C
:105CF000F07042E000BF00BF00BF00BF00BF4B23F9
:105D00006A4621464046FFF761FF0546681C00D100
:105D1000CAE72C4431E014F8015B2C4414F8015B11
:105D20002C442AE0A41C4B236A4621464046FFF738
:105D30004DFF0546681C00D1B6E72C441DE04B23FF
:105D40006A4621464046FFF741FF0546681C00D1E0
:105D5000AAE72C444B236A4621464046FFF736FF0C
:105D60000546681C00D19FE72C44241D241D241DDA
:105D7000241D241D01E000E000BF00BF204693E782
:105D80002DE9F0470446894692464F4612212046A7
:105D90001FF002F83846FFF70BFF2080B81CFFF712
:105DA00007FF064616F4004F01D00120A070C6F38D
:105DB000C320E07016F4806F01D00120207116F42A
:105DC000007F01D00120607116F4807F01D0012096
:105DD000A07116F0800F01D00120E07106F00F00D5
:105DE0002072381DFFF7E4FE6081B81DFFF7E0FE6A
:105DF000A08107F10800FFF7DBFEE08107F10A0050
:105E0000FFF7D6FE208207F10C0800250DE0414681
:105E10003846FFF726FF8046B8F1000F03D14FF058
:105E2000FF30BDE8F087681C85B26089A842EEDCCF
:105E300000250DE0524641463846FFF726FF8046D2
:105E4000B8F1000F02D14FF0FF30EAE7681C85B2CD
:105E5000A089A842EEDC002501E0681C85B2E0893B
:105E6000A842FADC002501E0681C85B2208AA8421D
:105E7000FADC207A08B90120D3E70020D1E72DE928
:105E8000F04F95B081468B4690461C464546744877
:105E90000088401C72490880084601882846FFF7A0
:105EA0008FFE05464FF4807040EAC92080B2019011
:105EB00028460199FFF784FE054601212846FFF791
:105EC0007FFE054600212846FFF77AFE05460021A1
:105ED0002846FFF775FE054600212846FFF770FEAD
:105EE0000546594602A81EF0F1FD02AF38461EF0E5
:105EF00011FE1FFA80FA00BF2E2138461EF09EFDCB
:105F0000064616B1F01B84B200E0544605F8014B7A
:105F100004B911E02246394628461EF086FF254482
:105F20001EB9002005F8010B06E0601C0744AAEB2F
:105F300000001FFA80FADFE700BF01212846FFF7C3
:105F40003FFE054601212846FFF73AFE0546A5EB30
:105F5000080000B215B0BDE8F08F42480068032881
:105F600012D300203F4908603F480078022804DB34
:105F700000203D490870401E70473B480078401C97
:105F8000394908700020F7E70120F5E7374A10701B
:105F9000374A116041F22212314B1A8070472DE9C5
:105FA000F04389B005460F46904600231A46022169
:105FB0002E480078FDF764F94FF480732C48394679
:105FC00002680020FFF75BFF86B235202B46324681
:105FD00000902748016825480078FDF79DFC31E0D6
:105FE00022480078FEF7B6F9061E17DDB6F5807F69
:105FF00001DD4FF4807602A803AB324600901C48C6
:1060000001681A480078FDF771FD86B242461848CB
:10601000016804A8FFF7B4FE814614E0FFF79DFF76
:106020000446002C03DA002009B0BDE8F0834CB927
:1060300035202B46324600900D4801680B48007809
:10604000FDF76AFCCCE700BF08480078FDF7D8F8F8
:106050004846E9E703480068401C02490860704769
:10606000BA010020BC010020B0010020B8010020CE
:10607000B4010020704770B5C2B00446802122A848
:106080001EF0ACFE0025802102A81EF0A7FE02A88B
:10609000FBF7EBFC2046FBF70EFD0AAB02AA9FA123
:1060A00020461EF00BFA0AAB02AA9EA104F14000A2
:1060B0001EF004FA802122A81EF090FE22A912A848
:1060C00001F0DAFCC5B204F140001EF023FD0646E3
:1060D00022AB04F18002314604F14000009501F04A
:1060E00057FC98A104F180001EF07EFD2046FFF7CA
:1060F000C1FF42B070BD10B505249548FFF7BBFF46
:106100009448FBF7E9FC00BF06E00CB9012010BD84
:106110004FF47A70FAF73EFD8D498E4805F055FE32
:1061200020B12000A4F10101CCB2EED1052406E09B
:106130000CB90420EBE74FF47A70FAF72BFD854891
:1061400005F0BDFE20B12000A4F10101CCB2EFD1D9
:106150000020DCE710B505F068FF002801DC022014
:1061600010BD0020FCE72DE9F04104460D46012753
:10617000052621467748FBF7F4FC77481EF0CAFC59
:106180008046414674481EF007FE28461EF0C2FCB9
:1061900080464246294670481EF047FE6D4880F80A
:1061A000407107E016B90320BDE8F0814FF4FA60B2
:1061B000FAF7F0FC674805F0E4FE20B13000A6F1E4
:1061C0000101CEB2EED10020EEE72DE9F047044602
:1061D0000D460027B8460A26B04674E007E04FF4A3
:1061E000FA70FAF7D7FC5B4805F0D8FD07460A2F8E
:1061F00003DA701EC0B20600F1D1002E60D0214635
:1062000056481EF025FC60B921465448001D1EF07A
:106210001FFC30B921465148401D1EF019FC0028D2
:106220004CD04C49403120461EF02AFEA0B94CA16A
:106230004A48401D1EF00CFC00283FD04748401D36
:106240001EF068FC81464A464449491D28461EF016
:10625000D7FC0520BDE8F0873F49863920461EF06F
:106260000FFE90B940A13D48401D1EF0F1FB28B340
:106270003A48401D1EF04EFC81464A463749491DAA
:1062800028461EF0BDFC0520E4E733494639204688
:106290001EF0F6FD90B936A13048401D1EF0D8FB27
:1062A00060B12E48401D1EF035FC81464A462B4900
:1062B000491D28461EF0A4FC0520CBE7002702E07C
:1062C0000A2605F0D1FE5FEA0800A8F1010101F0FD
:1062D000FF0883D10620BDE72DE9F04107460C46B3
:1062E00015461E4629463846FFF73DFF032801D1D3
:1062F000BDE8F0811749403101EB84103146FFF7CA
:1063000064FF052800D1F3E70620F1E770B50446E5
:106310000D4629462046FFF726FF70BD25732573DD
:1063200000000000257325733B31323031303132AB
:10633000363B31316664353B3237373935343536A3
:10634000303000003B686D616373686131000000AC
:10635000425000201251002058520020585A00206C
:1063600068747470000000006E747074696D65006C
:10637000534A595F434F554E540000002DE9F041F8
:1063800080460D4616461C46F9F73CFF00EB8000A0
:106390004FF47A7101EB800700202060042E01D2B7
:1063A000BDE8F0812F60042020600020F8E701465E
:1063B00009B1086870470020FCE72DE9F041074665
:1063C0000E4615465748007828B92946304600F051
:1063D00002FBBDE8F0815448FBF7C2FC0446002CE8
:1063E0000FDDA54206D3224631464F48FBF7E3FCBA
:1063F0002046EEE72A4631464B48FBF7DCFC2846B0
:10640000E7E76FF04B00E4E770B506460D4614462B
:1064100000BF4448007820B92146284600F0D2FA4F
:1064200004E0224629460120FAF751FB204670BDC0
:1064300070B504460D462A4621463C4817F05DFDDE
:1064400070BD70B504460D462A462146374817F000
:106450006CFC70BD38B54FF4205235493248FBF71B
:1064600065FC324817F06EFD304819F0BEFA31482D
:1064700019F064FB30480BF0C9FA30480BF0C4FD4A
:106480002A4818F099FE2B4819F010FB2A480BF007
:10649000B2FA2A480BF09EFD294800681EF03AFB2C
:1064A000044600902648254A2649036822480BF0F6
:1064B0008EFC2549086000B100BF00231A4619462A
:1064C0001C4819F0FAFA2049086000B100BF002109
:1064D000184818F037FF184A1C49164818F03AFFB8
:1064E0001449124818F06FFE1749086000B100BF48
:1064F0000020174B174A014600900C4818F030FF57
:1065000038BD10B50A2405E0084819F049FA08B961
:10651000002010BD2000A4F101010CB2F4D1012033
:10652000F7E7000025010020D41400207866002041
:10653000E41400203C67002038650020C062002081
:10654000C0010020A1210100C8010020551F010049
:10655000BB63000009640000704770B50424052681
:10656000002514E000F0EAF90AE0FFF791F90428A9
:1065700002D10024002601254FF4FA70FAF70AFB35
:106580003000A6F10101CEB2EFD1FFF755FA20009D
:10659000A4F10101CCB2E5D1284670BD38B504465E
:1065A000002000900422694680481EF063FA30B94A
:1065B0007E481238D0F812002060012038BD00203B
:1065C000FCE770B5C0B004460D46012669460220BE
:1065D000FFF7DCFC04F1400221462846FFF7DFFC10
:1065E000012800D000260220FCF70AFE304640B009
:1065F00070BD2DE9F04104460D46904603272EE07C
:106600004FF44A70FDF7CEFDB8B1132804D0172817
:106610000DD01C281CD10CE02A4621460120FCF795
:1066200034FFC6B216B90520BDE8F08110E00020A5
:10663000FAE70120FCF7E4FD0AE0202342460121AD
:106640000846FCF71DFEC6B20EB90620ECE700BFF7
:1066500000BF781E87B24FF4FA60FAF79BFA002F5A
:10666000CED10620E0E72DE9F04104460D46002694
:1066700041F2BA3700F091F900F03BF900F06BF904
:1066800010B90120BDE8F08148481238807980B9FE
:1066900046481238C07960B944481238007A40B987
:1066A00042481238407A20B9FFF757FF08B9022054
:1066B000E8E73E48123800F059F908B90320E1E74D
:1066C00004B11DB93A48FBF7C2F915E020461EF0A7
:1066D00021FA8046414636481EF05EFB20461EF0F9
:1066E00019FA80464246214631481EF089FA304860
:1066F00000210164A0F844502C492D48FFF761FFA8
:1067000008B90420BEE72A48FFF726FF2948006899
:106710001EF076F9F9F776FD4FF47A7190FBF1F2FD
:1067200001FB120041F28831084487B22048B0F8DA
:1067300044103A464030FFF75CFF06460EB1052094
:10674000A0E700209EE770B5002441F2BA35F9F7C2
:1067500059FD4FF47A7190FBF1F201FB120041F206
:106760008831084485B20120FCF72EFF1420FAF787
:1067700011FA0120FCF744FD00F0EDF808B9012002
:1067800070BDFFF767FE0A48B0F844102A46403053
:10679000FFF72FFF04460CB10520F1E7FFF7B1FE2C
:1067A00008B10520ECE70020EAE70000E8670020D8
:1067B000906700204C0000200EB58D4909680091BB
:1067C0004FF40021D1F80C1201918A490968029115
:1067D0000099C1F30722114401700099C1F30741E8
:1067E000009A01EB126141700199C1F30722114433
:1067F00081700199C1F30741019A01EB1261C170E7
:106800000299C1F30722114401710299C1F30741B2
:10681000029A01EB12614171017801EBD1724FEAEA
:106820006202B1EB420202D00178491C01700EBD38
:1068300001B5012269461046FCF7D1FB08BD08B539
:1068400000200090012269461046FCF76CFB9DF881
:10685000000008BD00206849486270470120664971
:1068600048627047002080F3108800BF7047012005
:1068700080F3108800BF704710B503210120FCF79A
:10688000EFFAFFF7E7FF5D48006B20F0C0005B49BF
:1068900008630846006C40F400200864584800680B
:1068A00040F40020564908605448006B20F0300046
:1068B000524908630846006C40F480200864504840
:1068C000006840F480204E49086010BD10B5FFF705
:1068D000D3FF4C494C48FDF739FE4C494C48FDF775
:1068E00044FE4C494C48FDF764FE4C48FFF764FFFA
:1068F00010BD1FB54A4B0FCB8DE80F006946012034
:10690000FEF704F8401C01D104B010BD0120FBE7E4
:10691000704710B54148801DFFF7E7F83F480E303B
:10692000FFF7F0F83D480A30FFF7F9F83B4812301E
:10693000FFF702F902203949887510BD10B53949B1
:106940000020FFF782F8AFF23702AFF239010846B4
:10695000FEF769F910BD08B569460F20FDF7D6FFAF
:10696000401C00D108BD9DF80000FBE710B50446AF
:106970002A48FFF721FF29490020FEF7E4F82146C5
:106980000120FEF7E0F80422214624481EF072F8A8
:1069900008B1002010BD0120FCE710B51848C06800
:1069A00040F400201649C8600220FAF7F3F81448B2
:1069B000806840F40020124988604FF4E160FAF7E3
:1069C000E9F810BD70B504460D46AAB22146012073
:1069D000FCF75EFE70BD70B504460D460026AAB2F7
:1069E00021460120FCF70DFF86B2304670BD000045
:1069F00008020800100208000000074000000648D6
:106A000000000A48656800006F68000055680000D3
:106A10005D680000316800003F680000ED6B0020F9
:106A20003C820200ED6700202DE9F04FADF20C4DE5
:106A300001201CF03DFFF84890F8400020B1F648D6
:106A400090F84000022802D14FF4007000E0F348B3
:106A500081464FF40072494683A8FCF70CF803AA5C
:106A60004FF4007183A8FBF714F94FF4FF7103A8EA
:106A7000FAF7C8FE04469DF80B029DF80A1200EBD7
:106A80000121A14204D015200DF20C4DBDE8F08F7C
:106A9000012103201CF039FF9DF8270000069DF816
:106AA000261000EB01409DF8251000EB01209DF819
:106AB0002410084400EB090A9DF82B0000069DF8FD
:106AC0002A1000EB01409DF8291000EB01209DF8F1
:106AD00028100844484402909DF8570000069DF88D
:106AE000561000EB01409DF8451000EB01209DF889
:106AF0004410084400EB090B9DF84B0000069DF87C
:106B00004A1000EB01409DF8491000EB01209DF870
:106B100048100844484401900298A0EB0A060198E6
:106B2000A0EB0B07F005C00D06D0C6F30800C0F5BA
:106B300000703044009000E0009600984FEA502822
:106B40000024002547E00AEB45214FF4007283A89A
:106B5000FBF791FF03AA4FF4007183A8FBF799F8A4
:106B6000A8F10100A8422DD1F005C00D18D0C6F340
:106B70000800821E03A9E04380B2FAF758FE0446DB
:106B8000C6F30800401E03A9095CC6F30800801E76
:106B900003AA105C01EB0020A0421BD0152073E774
:106BA0004FF4FF7203A9E04380B2FAF740FE0446B7
:106BB0009DF80B029DF80A1200EB0120A04209D0BB
:106BC000152061E74FF4007203A9E04380B2FAF7A1
:106BD0002EFE04466D1C4545B5D3022103201CF052
:106BE00094FEF805C00D06D0C7F30800C0F500708C
:106BF0003844009000E0009700984FEA50280024A5
:106C0000002547E00BEB45214FF4007283A8FBF70A
:106C100032FF03AA4FF4007183A8FBF73AF8A8F1FA
:106C20000100A8422DD1F805C00D18D0C7F3080007
:106C3000821E03A9E04380B2FAF7F9FD0446C7F3C8
:106C40000800401E03A9095CC7F30800801E03AAC0
:106C5000105C01EB0020A0421BD0152014E74FF47C
:106C6000FF7203A9E04380B2FAF7E1FD04469DF804
:106C70000B029DF80A1200EB0120A04209D015205A
:106C800002E74FF4007203A9E04380B2FAF7CFFDA8
:106C900004466D1C4545B5D34FF40072494683A8A0
:106CA000FBF7E9FE03AA4FF4007183A8FAF7F1FF9E
:106CB0004FF4FF7103A8FAF7A5FD04469DF80B02F7
:106CC0009DF80A1200EB0120A04201D01520DBE65E
:106CD0000C225149503101F10D001EF0A6F800F0D0
:106CE00045F938B10C224EA14B485D301EF09DF89D
:106CF0001720C9E6402203A947481DF081FF4648F6
:106D0000C0F818A044490298C86101F12000C0F8F9
:106D100018B020310198C8613F4890F8400020B178
:106D20003D4890F84000022801D1012000E00220F7
:106D3000394981F8400000F042F9032108461CF06F
:106D4000E4FD1620A0E610B50446606810F07F4F01
:106D50001CD1206836490840B0F1005F16D10120EF
:106D600080F3108800BF6068324908602068F9F736
:106D700045FA304800688047FAF7CCFC2EA0FAF7B5
:106D8000C3FC002080F3108800BF00BF10BD2DE9B8
:106D9000F043ADF2044D02201CF08AFD1E4890F82D
:106DA000400020B919200DF2044DBDE8F0831A48C7
:106DB0008769D0F81C90A9EB0705E805C00D06D03F
:106DC000C5F30800C0F5007000EB050800E0A84618
:106DD0004FEA5826002461E007EB44214FF400728B
:106DE00081A8FBF748FE01AA4FF4007181A8FAF7C9
:106DF00050FF701EA04240D1E805C00D30D0C5F351
:106E00000802911E4FF4403202EB442001AAF9F728
:106E100098FF88B31B20C6E7D21200200002800032
:106E20003030303030303030303030300000000022
:106E30000000FE2FCC0100204443313628302C3393
:106E4000392C27506C6561736520636865636B201E
:106E50006E6574776F726B272C31293B0D0A000029
:106E60004FF4403101EB442001AA4FF4FF71F9F7D0
:106E700068FF08B11B2096E70BE04FF4403101EBAF
:106E8000442001AA4FF40071F9F75BFF08B11B2001
:106E900089E7611C30461CF038FD641CB4429BD36A
:106EA0004FF44030FFF74FFF1A207CE710B54FF446
:106EB0000071FB481DF070FF0C22FAA1F8485D300C
:106EC0001DF0B3FF43F23540F549A1F8410010BD74
:106ED00010B5FFF73FF90120FCF776FB0120FCF726
:106EE0008FF910BD00B5ADF2044D4FF4806101A8DB
:106EF0001DF074FFEF48F0A2F149436801A81DF0AE
:106F0000DDFA01A9EFA0FFF701FA0DF2044D00BD73
:106F100010B50024F248007838B900210846FFF780
:106F2000A2FB04469CB1012010BD642242F2B321B1
:106F3000ECA01DF04DF804464CB1642242F2B3219E
:106F4000E8A01DF045F804460CB10120ECE7FFF77E
:106F500081FAFFF7D6FA08B10220E5E7FFF7CBF890
:106F600004460CB10320DFE70020DDE710B5ADF5E6
:106F7000806D4FF4806168461DF030FF03240AE005
:106F80002000A4F10101CCB205D11BF03DFE172079
:106F90000DF5806D10BDFFF7BBFF0028F0D1C04A92
:106FA0005D32D9A168461DF089FA6946E4A0FFF771
:106FB000ADF9FFF797FFFFF78BFF0020E8E710B56B
:106FC000ADF5007D4FF4FF71B548FAF71BFC0446A0
:106FD0002012B34981F8FE01084680F8FF416A4655
:106FE0004FF40071FAF70AFE4FF400720021684670
:106FF000FBF798FE0DF5007D10BD10B5B848007880
:1070000030B9FFF7CAFCFFF7A6FC08B9012010BD94
:10701000FFF74CFFFFF7D3FFFFF7A8FF08B10120F0
:10702000F5E70020F3E7A348406880B2704710B549
:10703000ADF5007D6A464FF40071C648F9F769FE68
:107040009C489DE81E001EC010380068C249884256
:1070500012D098480021016041608160C160BE4843
:10706000944908600B460FCB8DE80F006A464FF439
:107070000071B848F9F765FE0DF5007D10BD30B51B
:10708000ADF5017D05460C468A488068A84226D0A9
:107090008848007B28B1874840682044854948607B
:1070A00001E0844844608348856001208149087379
:1070B00001AA4102A748F9F72CFE7E4B0FCBCDE980
:1070C0000323CDE9010101AA4FF40071A148F9F7AA
:1070D00038FEFFF707FF1D200DF5017D30BD1E2096
:1070E000FAE770B5142400251420F9F753FD0120A8
:1070F000FDF730F905460BE00120FDF72BF90546B9
:10710000601EC4B20CB9062070BD0A20F9F742FD1A
:10711000002DF1D01120F7E72DE9F04FADF2CC4D65
:107120004FF4806133A81DF059FEC82101A81DF05D
:1071300055FE8AA101A81DF0C1F933AB01AA0221B5
:107140008FA0FFF7C9F8052804D00C200DF2CC4D14
:10715000BDE8F08F33AE33A81DF0DCFC00EB060970
:1071600000E0761C4E4502D230787B28F9D14E459E
:1071700001D30520EAE7304603F08EFE8046B8F1E1
:10718000000F01D10520E1E783A1404604F08CFA0D
:10719000074627B9404603F077F80520D6E7D7E938
:1071A0000621104620F008FE04460D464FF47A7280
:1071B0000023204629461DF0CBF88246FAF75BF8FB
:1071C000404603F061F80020C0E72DE9F04FADF232
:1071D000DC4D4FF4806137A81DF000FEC82105A8E2
:1071E0001DF0FCFD2E4A5D3247A105A81DF066F991
:1071F00037AB05AA002152A0FFF76EF8052804D08E
:107200000C200DF2DC4DBDE8F08F37AE37A81DF035
:1072100081FC871900E0761CBE4202D230787B28C0
:10722000F9D1BE4201D30520EBE7304603F034FE2E
:107230008146B9F1000F01D10520E2E759A1484686
:1072400004F032FA82465AA1484604F02DFA04901E
:1072500059A1484604F028FA039059A1484604F081
:1072600023FA029058A1484604F01EFA019058A152
:10727000484604F019FA834656A1484604F014FA29
:107280008046BAF1000F05D0BBF1000F02D0B8F173
:10729000000F04D1484602F0F7FF0520B1E79DE05A
:1072A000D21200203030303030303030303030309A
:1072B00000000000986E002056315F310000000091
:1072C0004C820200247468696E672F75702F70728B
:1072D0006F70657274792F25732F2573000000007D
:1072E00025010020696F74636C6F75642D6D717476
:1072F000742E677A2E74656E63656E746465766944
:107300006365732E636F6D007B2274797065223A1A
:1073100020227265706F72745F76657273696F6E2A
:10732000222C227265706F7274223A7B227665720B
:1073300073696F6E223A20222573227D7D00000042
:10734000246F74612F7265706F72742F25732F25EF
:107350007300000000FE0200464546457B2274791A
:107360007065223A2022676574222C227265736F41
:1073700075726365223A5B2274696D65225D7D00DA
:10738000247379732F6F7065726174696F6E2F2526
:10739000732F2573000000006E747074696D653280
:1073A0000000000066696C655F73697A6500000023
:1073B00066775F74797065006D643573756D000074
:1073C0007461736B5F69640074797065000000001C
:1073D00075726C0076657273696F6E00F349DAF846
:1073E00014000860039840220169F048001D1DF058
:1073F0001CFD0D22EE48D8F810101DF016FDDBF82C
:10740000104020461DF086FB071900E0641CBC42BA
:1074100005D220782F28F9D160782F28F6D1BC42E8
:1074200004D3484602F030FF0420EAE6A41C2546B7
:1074300028461DF06FFB2C46071900E06D1CBD426D
:1074400002D228782F28F9D1BD4204D3484602F051
:107450001BFF0420D5E62A1B2146D44844301DF0EA
:10746000E4FC00212A1BD148443081542946403095
:107470001DF02CFBCE481DF04DFB0246CC49009080
:10748000CC481DF0D2FC484602F0FEFE0020B8E6D3
:107490002DE9F04FADF2044D4FF4806101A81DF0CD
:1074A0009DFC01ABC4A20321CBA0FEF715FF05286C
:1074B00004D00C200DF2044DBDE8F08F01AC01A802
:1074C0001DF028FB00EB040B00E0641C5C4502D2BD
:1074D00020787B28F9D15C4501D30520EAE72046D6
:1074E00003F0DAFC07460FB90520E3E7C0A13846F0
:1074F00004F0DAF88046B8F1000F04D1384602F003
:10750000C3FE0520D6E7AFF23411404604F0CCF8B4
:10751000054625B9384602F0B7FE0520CAE7B6A1F0
:10752000404604F0C1F88146B9F1000F04D1384655
:1075300002F0AAFE0520BDE7B1A1484604F0B4F868
:107540008246BAF1000F04D1384602F09DFE0520B4
:10755000B0E7ADA1504604F0A7F8064626B9384674
:1075600002F092FE0520A5E771696869FFF787FDC3
:107570001D2804D0384602F087FE1E209AE73846C0
:1075800002F082FE1D2095E72DE9F04FADF6142D97
:107590000E2400270020CDF8100ACDF80C0A4FF079
:1075A0000509824680461CF083F9FEF753FF40F23E
:1075B000BB117E484430FFF756F8044624B1012041
:1075C0000DF6142DBDE8F08FFEF79BFF08B10220E9
:1075D000F6E77848503890F8400028B175485038A0
:1075E00090F84000022802D14FF4007000E0894872
:1075F00083466E48006840F60201B0FBF1F087B2A6
:107600006A480068B0FBF1F201FB120008B1781C77
:1076100087B281480068B84202D17F48406820B9EB
:107620007D48076000207C4948608DE04FF00509E7
:107630000E247948406800EB802045007648416878
:107640000068401E814202D005F6010602E057485C
:107650000068461E00BF40F6042102A81DF0BEFBD4
:10766000524B443303F140026CA102A8CDE900560D
:107670001CF024FF02A81DF04DFA0146019002A85B
:10768000FEF7D6FEFFF72DFD062801D1062462E0A5
:1076900040F6042102A81DF0A1FB40F6022102A839
:1076A000FEF7CFFE6AA102A81DF0D2F9002844D04F
:1076B0006FA102A81DF0CCF90DF60C231A1D70A1C4
:1076C00001901DF0D7F8022839D1DDF8100AA84240
:1076D00003D1DDF80C0AB04201D006243BE070A1D2
:1076E00002A81DF0B5F900F104084FF4006140460E
:1076F000FAF788F88246701B18F80010701B401EBD
:1077000018F8000001EB0020504501D0072422E0CA
:10771000701B401E82B2404840680BEBC0214046BF
:10772000FBF700FB08B1082415E03B4A5268511CE6
:10773000394A10681CF0E9F801E006240BE03648ED
:107740004068401C34494860334840683249096801
:107750008842FFF46BAF00BF062C02D0072C18D173
:107760000DE0FEF7F0FF04460CB9122473E7052C78
:1077700001D1062402E0012C00D10A2409E05FEACD
:107780000900A9F1010101F0FF0901D0072462E716
:1077900000BF00BF0120FBF717FF0E2C04D10F2400
:1077A00000201D4908604860204609E7046C00205D
:1077B000886E0020221300207B2274797065223AA3
:1077C00022676574222C22636C69656E74546F6B3A
:1077D000656E223A317D000024736861646F772FF3
:1077E0006F7065726174696F6E2F25732F2573003A
:1077F0007061796C6F61640073746174650000007E
:107800006465736972656400534A595F434F554E0E
:107810005400000000028000D001002047455420A1
:10782000257320485454502F312E310D0A484F53A0
:10783000543A2025730D0A52616E67653A206279C9
:107840007465733D25642D25640D0A0D0A00000042
:10785000485454502F312E3120323036205061722E
:107860007469616C20436F6E74656E740D0A00005C
:10787000436F6E74656E742D52616E676500000013
:10788000436F6E74656E742D52616E67653A206247
:10789000797465732025642D25642F252A640000E2
:1078A0000D0A0D0A000000002DE9F043BBB00646AA
:1078B000884615461F46DDF808910EB105B117B987
:1078C0003BB0BDE8F083B9F1400F00DDF8E740219F
:1078D0002BA81DF083FA40211BA81DF07FFA4A4611
:1078E00039462BA81DF08CF94A4639461BA81DF0D5
:1078F00087F900240CE02BA8005D80F036002BA94E
:1079000008551BA8005D80F05C001BA90855641C8D
:10791000402CF0DB01A800F040F901A800F057F975
:1079200040222BA901A800F0EAFD4246314601A8F9
:1079300000F0E5FD17A901A800F01FFE01A800F066
:107940002CF901A800F043F940221BA901A800F07E
:10795000D6FD102217A901A800F0D1FD17A901A892
:1079600000F00BFE00240FE017A9095D081100F0DC
:1079700084FE05F8140017A9085D00F07EFE0121C1
:1079800001EB44016854641C102CEDDB00BF97E749
:107990002DE9F043BDB00646884615461F46DDF882
:1079A00010910EB105B117B93DB0BDE8F083B9F142
:1079B000400F00DDF8E7402116A81DF00FFA402126
:1079C00006A81DF00BFA4A46394616A81DF018F90C
:1079D0004A46394606A81DF013F900240CE016A803
:1079E000005D80F0360016A9085506A8005D80F0FD
:1079F0005C0006A90855641C402CF0DB26A800F0AA
:107A000056FE26A800F06DFE402216A926A802F018
:107A10000CFB4246314626A802F007FB01A926A826
:107A200002F041FB26A800F042FE26A800F059FE15
:107A3000402206A926A802F0F8FA142201A926A8D5
:107A400002F0F3FA01A926A802F02DFB00240FE0B2
:107A500001A9095D081100F010FE05F8140001A944
:107A6000085D00F00AFE012101EB44016854641C2A
:107A7000142CEDDB00BF97E72DE9F84305460F46D0
:107A80000026B04674E0FF22042168461DF07CF910
:107A9000002409E03A480068005DA95D884201D1F0
:107AA0008DF80040601CC4B2402CF3DB00240AE0D7
:107AB00033480068015D701C285C814201D18DF85B
:107AC0000140601CC4B2402CF2DB00240AE02C48C8
:107AD0000068015DB01C285C814201D18DF8024034
:107AE000601CC4B2402CF2DB00240AE02448006889
:107AF000015DF01C285C814201D18DF80340601CBF
:107B0000C4B2402CF2DB9DF80000800000F0FC00C5
:107B10009DF80110C1F301110843414608F1010825
:107B20007854B01C285C3D2800D124E09DF8010069
:107B3000000100F0F0009DF80210C1F3830108433A
:107B4000414608F101087854F01C285C3D2800D11A
:107B500011E09DF80200800100F0F0009DF8031094
:107B600001F03F010843414608F101087854361DF1
:107B7000A85D002887D100BF4046BDE8F88300001B
:107B8000D801002010B5024602E0002302F8013BB4
:107B90000B00A1F10101F8D110BD10B50446582128
:107BA00020461DF01BF910BD10B5044604B910BDE8
:107BB00058212046FFF7E6FF00BFF8E770B50446FE
:107BC0000D465822294620461DF0A1F870BD00211F
:107BD00001604160FE498160FE4AC260CA430261A1
:107BE000FC4AD24342617047F0B590B005460C465E
:107BF0002678677846EA0726A77846EA0746E778B0
:107C000046EA076600962679677946EA0726A77945
:107C100046EA0746E77946EA07660196267A677AD2
:107C200046EA0726A77A46EA0746E77A46EA07665B
:107C30000296267B677B46EA0726A77B46EA07462D
:107C4000E77B46EA07660396267C677C46EA0726BA
:107C5000A77C46EA0746E77C46EA07660496267D47
:107C6000677D46EA0726A77D46EA0746E77D46EA9E
:107C700007660596267E677E46EA0726A77E46EAC1
:107C80000746E77E46EA07660696267F677F46EA4E
:107C90000726A77F46EA0746E77F46EA0766079674
:107CA00094F8206094F8217046EA072694F8227030
:107CB00046EA074694F8237046EA0766089694F861
:107CC000246094F8257046EA072694F8267046EA60
:107CD000074694F8277046EA0766099694F82860E4
:107CE00094F8297046EA072694F82A7046EA07466F
:107CF00094F82B7046EA07660A9694F82C6094F87C
:107D00002D7046EA072694F82E7046EA074694F846
:107D10002F7046EA07660B9694F8306094F831703D
:107D200046EA072694F8327046EA074694F833701C
:107D300046EA07660C9694F8346094F8357046EA83
:107D4000072694F8367046EA074694F8377046EAF4
:107D500007660D9694F8386094F8397046EA07265D
:107D600094F83A7046EA074694F83B7046EA07668C
:107D70000E9694F83C6094F83D7046EA072694F815
:107D80003E7046EA074694F83F7046EA07660F964B
:107D9000A868E9682A696B6982EA03060E405E40BA
:107DA000009F3E448C4F3E443044C60146EA506634
:107DB000701881EA020606405640019F3E44874FF4
:107DC0003E4433441E0346EA1356331880EA010644
:107DD0001E404E40029F3E44814F3E443244560472
:107DE00046EAD236F21883EA000616404640039F60
:107DF0003E447C4F3E4431448E0546EA9126B118FC
:107E000082EA03060E405E40049F3E44764F3E44A5
:107E10003044C60146EA5066701881EA0206064000
:107E20005640059F3E44714F3E4433441E0346EA8C
:107E30001356331880EA01061E404E40069F3E440A
:107E40006B4F3E443244560446EAD236F21883EA77
:107E5000000616404640079F3E44664F3E4431446C
:107E60008E0546EA9126B11882EA03060E405E406E
:107E7000089F3E44604F3E443044C60146EA506687
:107E8000701881EA020606405640099F3E445B4F47
:107E90003E4433441E0346EA1356331880EA010673
:107EA0001E404E400A9F3E44A6F524464F3E3244B3
:107EB000560446EAD236F21883EA000616404640D7
:107EC0000B9F3E444E4F3E4431448E0546EA912678
:107ED000B11882EA03060E405E400C9F3E44494FB3
:107EE0003E443044C60146EA5066701881EA0206F4
:107EF000064056400D9F3E44434F3E4433441E03CC
:107F000046EA1356331880EA01061E404E400E9F83
:107F10003E443E4F3E443244560446EAD236F218BE
:107F200083EA0006164046400F9F3E44384F3E44C9
:107F300031448E0546EA9126B11881EA02061E40B8
:107F40005640019F3E44334F3E443044460146EA8A
:107F5000D066701880EA010616404E40069F3E44E7
:107F60002D4F3E4433445E0246EAD356331883EA2B
:107F700000060E4046400B9F3E44284F3E4432448C
:107F8000960346EA9246F21882EA030606405E40ED
:107F9000009F3E44224F3E4431440E0546EA1136CE
:107FA000B11881EA02061E405640059F3E441D4F0F
:107FB0003E443044460146EAD066701880EA010625
:107FC00016404E400A9F3E44174F3E4433442DE036
:107FD0000123456789ABCDEF78A46AD756B7C7E8C8
:107FE000DB702024EECEBDC1AF0F7CF52AC68747DB
:107FF000134630A8019546FDD8988069AFF7448BA9
:10800000BED75C892211906B937198FD8E4379A63F
:108010002108B44962251EF640B340C0515A5E267D
:10802000AAC7B6E95D102FD6531444025E0246EA91
:10803000D356331883EA00060E4046400F9F3E4455
:10804000FE4F3E443244960346EA9246F21882EAD4
:10805000030606405E40049F3E44F94F3E443144CF
:108060000E0546EA1136B11881EA02061E40564056
:10807000099F3E44F34F3E443044460146EAD066F1
:10808000701880EA010616404E400E9F3E44EE4FA7
:108090003E4433445E0246EAD356331883EA000670
:1080A0000E404640039F3E44E84F3E443244960310
:1080B00046EA9246F21882EA030606405E40089FAE
:1080C0003E44E34F3E4431440E0546EA1136B118B2
:1080D00081EA02061E4056400D9F3E44DD4F3E445D
:1080E0003044460146EAD066701880EA0106164020
:1080F0004E40029F3E44D84F3E4433445E0246EA1F
:10810000D356331883EA00060E404640079F3E448C
:10811000D24F3E443244960346EA9246F21882EA2F
:10812000030606405E400C9F3E44CD4F3E44314422
:108130000E0546EA1136B11881EA02065E40059F37
:108140003E44C84F3E443044060146EA107670185B
:1081500080EA01065640089F3E44C34F3E443344E4
:10816000DE0246EA5356331883EA00064E400B9F60
:108170003E44BE4F3E443244160446EA1246F218CC
:1081800082EA030646400E9F3E44B94F3E443144C6
:10819000CE0546EA5126B11881EA02065E40019FEB
:1081A0003E44B44F3E443044060146EA107670180F
:1081B00080EA01065640049F3E44AF4F3E4433449C
:1081C000DE0246EA5356331883EA00064E40079F04
:1081D0003E44AA4F3E443244160446EA1246F21880
:1081E00082EA030646400A9F3E44A54F3E4431447E
:1081F000CE0546EA5126B11881EA02065E400D9F7F
:108200003E44A04F3E443044060146EA10767018C2
:1082100080EA01065640009F3E449B4F3E44334453
:10822000DE0246EA5356331883EA00064E40039FA7
:108230003E44964F3E443244160446EA1246F21833
:1082400082EA03064640069F3E44914F3E44314435
:10825000CE0546EA5126B11881EA02065E40099F22
:108260003E448C4F3E443044060146EA1076701876
:1082700080EA010656400C9F3E44874F3E443344FB
:10828000DE0246EA5356331883EA00064E400F9F3B
:108290003E44824F3E443244160446EA1246F218E7
:1082A00082EA03064640029F3E447D4F3E443144ED
:1082B000CE0546EA5126B11861EA03065640009FF2
:1082C0003E44784F3E443044860146EA906670183A
:1082D00060EA02064E40079F3E44734F3E443344DB
:1082E0009E0246EA9356331863EA010646400E9F03
:1082F0003E446E4F3E443244D60346EA5246F2189C
:1083000062EA00065E40059F3E44694F3E443144A8
:108310004E0546EAD126B11861EA030656400C9F85
:108320003E44644F3E443044860146EA90667018ED
:1083300060EA02064E40039F3E445F4F3E44334492
:108340009E0246EA9356331863EA010646400A9FA6
:108350003E445A4F3E443244D60346EA5246F2184F
:1083600062EA00065E40019F3E44554F3E44314460
:108370004E0546EAD126B11861EA03065640089F29
:108380003E44504F3E443044860146EA90667018A1
:1083900060EA02064E400F9F3E444B4F3E4433443A
:1083A0009E0246EA9356331863EA01064640069F4A
:1083B0003E44464F3E443244D60346EA5246F21803
:1083C00062EA00065E400D9F3E44414F3E44314408
:1083D0004E0546EAD126B11861EA03065640049FCD
:1083E0003E443C4F3E443044860146EA9066701855
:1083F00060EA02064E400B9F3E44374F3E443344F2
:108400009E0246EA9356331863EA01064640029FED
:108410003E44324F3E443244D60346EA5246F218B6
:1084200062EA00065E40099F3E442D4F3E443144BF
:108430004E0546EAD126B118AE6853E081E6A1D8D0
:10844000C8FBD3E7E6CDE121D60737C3870DD5F4C6
:10845000ED145A4505E9E3A9F8A3EFFCD9026F67CB
:108460008A4C2A8D4239FAFF81F6718722619D6D0F
:108470000C38E5FD44EABEA4A9CFDE4B604BBBF649
:1084800070BCBFBEC67E9B28FA27A1EA8530EFD418
:10849000051D880439D0D4D9E599DBE6F87CA21F04
:1084A0006556ACC4442229F497FF2A43A72394AB12
:1084B00039A093FCC3595B6592CC0C8F7DF4EFFF20
:1084C000D15D84854F7EA86FE0E62CFE144301A3A6
:1084D000A111084E827E53F735F23ABDBBD2D72A9E
:1084E00091D386EB0644AE60EE687718EF602E6994
:1084F000B7182F616E69F7186F6110B0F0BD2DE9E4
:10850000F0410446884615460DB9BDE8F081206863
:1085100000F03F07C7F1400620682844206020682B
:1085200020602068A84202D26068401C606087B169
:10853000B5420ED304F11801C819324641461CF069
:108540005FFB04F118012046FFF74EFBB044AD1B62
:10855000002706E041462046FFF746FB08F14008A9
:10856000403D402DF6D235B104F11801C8192A4614
:1085700041461CF045FB00BFC7E72DE9FC47044618
:108580000D462068400F616840EAC1062068C700B8
:10859000F8B28DF80000380A8DF80100380C8DF81B
:1085A0000200380E8DF80300F0B28DF80400300A96
:1085B0008DF80500300C8DF80600300E8DF80700A0
:1085C000206800F03F08B8F1380F02D2C8F1380037
:1085D00001E0C8F1780081464A462E492046FFF75F
:1085E0008EFF082269462046FFF789FFA0682870A1
:1085F000A068000A6870A068000CA870A068000E4F
:10860000E870E0682871E068000A6871E068000CB2
:10861000A871E068000EE871206928722069000ADC
:1086200068722069000CA8722069000EE872606907
:1086300028736069000A68736069000CA873606938
:10864000000EE873BDE8FC8770B596B004460D4691
:1086500016466846FFF7A1FA6846FFF7B8FA2A46B9
:1086600021466846FFF74BFF31466846FFF785FF16
:108670006846FFF799FA16B070BD014601F00F0188
:108680000A2902DA01F1300001E001F1570040B29D
:1086900070470000AF82020010B5024602E00023DE
:1086A00002F8013B0B00A1F10101F8D110BD10B59A
:1086B00004465C2120461CF091FB10BD10B5044619
:1086C00004B910BD5C212046FFF7E6FF00BFF8E7C4
:1086D00070B504460D465C22294620461CF017FB67
:1086E00070BD002101604160FE498160FE4AC260A8
:1086F000CA430261FC4AD2434261FC4A826170472C
:108700002DE9F04390B007460E4696F800C04FEAB8
:108710000C6C96F801804CEA084C96F802804CEA02
:10872000082C96F803804CEA080CCDF800C096F8A7
:1087300004C04FEA0C6C96F805804CEA084C96F899
:1087400006804CEA082C96F807804CEA080CCDF815
:1087500004C096F808C04FEA0C6C96F809804CEA01
:10876000084C96F80A804CEA082C96F80B804CEAE4
:10877000080CCDF808C096F80CC04FEA0C6C96F8BF
:108780000D804CEA084C96F80E804CEA082C96F8BE
:108790000F804CEA080CCDF80CC096F810C04FEAD8
:1087A0000C6C96F811804CEA084C96F812804CEA52
:1087B000082C96F813804CEA080CCDF810C096F8F7
:1087C00014C04FEA0C6C96F815804CEA084C96F8E9
:1087D00016804CEA082C96F817804CEA080CCDF865
:1087E00014C096F818C04FEA0C6C96F819804CEA41
:1087F000084C96F81A804CEA082C96F81B804CEA34
:10880000080CCDF818C096F81CC04FEA0C6C96F80E
:108810001D804CEA084C96F81E804CEA082C96F80D
:108820001F804CEA080CCDF81CC096F820C04FEA17
:108830000C6C96F821804CEA084C96F822804CEAA1
:10884000082C96F823804CEA080CCDF820C096F846
:1088500024C04FEA0C6C96F825804CEA084C96F838
:1088600026804CEA082C96F827804CEA080CCDF8B4
:1088700024C096F828C04FEA0C6C96F829804CEA80
:10888000084C96F82A804CEA082C96F82B804CEA83
:10889000080CCDF828C096F82CC04FEA0C6C96F85E
:1088A0002D804CEA084C96F82E804CEA082C96F85D
:1088B0002F804CEA080CCDF82CC096F830C04FEA57
:1088C0000C6C96F831804CEA084C96F832804CEAF1
:1088D000082C96F833804CEA080CCDF830C096F896
:1088E00034C04FEA0C6C96F835804CEA084C96F888
:1088F00036804CEA082C96F837804CEA080CCDF804
:1089000034C096F838C04FEA0C6C96F839804CEABF
:10891000084C96F83A804CEA082C96F83B804CEAD2
:10892000080CCDF838C096F83CC04FEA0C6C96F8AD
:108930003D804CEA084C96F83E804CEA082C96F8AC
:108940003F804CEA080CCDF83CC0B868F9683A6939
:108950007B69BC694FEA401C4CEAD06882EA030C90
:108960000CEA010C8CEA030CC444DFF88481C44493
:10897000DDF80080C44464444FEA817C4CEA9101F4
:108980004FEA441C4CEAD46881EA020C0CEA000C61
:108990008CEA020CC444DFF85881C444DDF804803A
:1089A000C44463444FEA807C4CEA90004FEA431C85
:1089B0004CEAD36880EA010C0CEA040C8CEA010C46
:1089C000C444DFF82C81C444DDF80880C444624408
:1089D0004FEA847C4CEA94044FEA421C4CEAD26889
:1089E00084EA000C0CEA030C8CEA000CC444DFF8A7
:1089F0000081C444DDF80C80C44461444FEA837CA8
:108A00004CEA93034FEA411C4CEAD16883EA040C18
:108A10000CEA020C8CEA040CC444DFF8D480C44491
:108A2000DDF81080C44460444FEA827C4CEA920234
:108A30004FEA401C4CEAD06882EA030C0CEA010CB5
:108A40008CEA030CC444DFF8A880C444DDF8148029
:108A5000C44464444FEA817C4CEA91014FEA441CCF
:108A60004CEAD46881EA020C0CEA000C8CEA020C95
:108A7000C444DFF87C80C444DDF81880C4446344F7
:108A80004FEA807C4CEA90004FEA431C4CEAD368E2
:108A900080EA010C0CEA040C8CEA010CC444DFF8F7
:108AA0005080C444DDF81C80C44462444FEA847C96
:108AB0004CEA94044FEA421C4CEAD26884EA000C67
:108AC0000CEA030C8CEA000CC444DFF82480C44494
:108AD000DDF82080C44461444FEA837C4CEA930370
:108AE00008E000000123456789ABCDEFF0E1D2C378
:108AF0009979825A4FEA411C4CEAD16883EA040C06
:108B00000CEA020C8CEA040CC444DFF8F88FC4446D
:108B1000DDF82480C44460444FEA827C4CEA92022F
:108B20004FEA401C4CEAD06882EA030C0CEA010CC4
:108B30008CEA030CC444DFF8CC8FC444DDF82880F1
:108B4000C44464444FEA817C4CEA91014FEA441CDE
:108B50004CEAD46881EA020C0CEA000C8CEA020CA4
:108B6000C444DFF8A08FC444DDF82C80C4446344BF
:108B70004FEA807C4CEA90004FEA431C4CEAD368F1
:108B800080EA010C0CEA040C8CEA010CC444DFF806
:108B9000748FC444DDF83080C44462444FEA847C5E
:108BA0004CEA94044FEA421C4CEAD26884EA000C76
:108BB0000CEA030C8CEA000CC444DFF8488FC44470
:108BC000DDF83480C44461444FEA837C4CEA93036B
:108BD0004FEA411C4CEAD16883EA040C0CEA020C0F
:108BE0008CEA040CC444DFF81C8FC444DDF83880E0
:108BF000C44460444FEA827C4CEA92024FEA401C33
:108C00004CEAD06882EA030C0CEA010C8CEA030CF3
:108C1000C444DFF8F08EC444DDF83C80C4446444AE
:108C20004FEA817C4CEA9101DDF834C0DDF8208008
:108C30008CEA080CDDF808808CEA080CDDF800806E
:108C40008CEA08054FEA450C4CEAD5784FEA441CFB
:108C50004CEAD46981EA020C0CEA000C8CEA020CA2
:108C6000CC44DFF8A09ECC44C4446344CDF80080DB
:108C70004FEA807C4CEA9000DDF838C0DDF82480B3
:108C80008CEA080CDDF80C808CEA080CDDF8048016
:108C90008CEA08054FEA450C4CEAD5784FEA431CAC
:108CA0004CEAD36980EA010C0CEA040C8CEA010C52
:108CB000CC44DFF8509ECC44C4446244CDF80480D8
:108CC0004FEA847C4CEA9404DDF83CC0DDF828804F
:108CD0008CEA080CDDF810808CEA080CDDF80880BE
:108CE0008CEA08054FEA450C4CEAD5784FEA421C5D
:108CF0004CEAD26984EA000C0CEA030C8CEA000C02
:108D0000CC44DFF8009ECC44C4446144CDF80880D4
:108D10004FEA837C4CEA9303DDF800C0DDF82C8039
:108D20008CEA080CDDF814808CEA080CDDF80C8065
:108D30008CEA08054FEA450C4CEAD5784FEA411C0D
:108D40004CEAD16983EA040C0CEA020C8CEA040CAC
:108D5000CC44DFF8B09DCC44C4446044CDF80C80D2
:108D60004FEA827C4CEA9202DDF804C0DDF83080E4
:108D70008CEA080CDDF818808CEA080CDDF810800D
:108D80008CEA08054FEA450C4CEAD5784FEA401CBE
:108D90004CEAD06981EA020C8CEA030CCC44DFF87F
:108DA000689DCC44C4446444CDF810804FEA817C73
:108DB0004CEA9101DDF808C0DDF834808CEA080C3B
:108DC000DDF81C808CEA080CDDF814808CEA0805BC
:108DD0004FEA450C4CEAD5784FEA441C4CEAD4697A
:108DE00080EA010C8CEA020CCC44DFF81C9DCC44D8
:108DF000C4446344CDF814804FEA807C4CEA900070
:108E0000DDF80CC0DDF838808CEA080CDDF8208035
:108E10008CEA080CDDF818808CEA08054FEA450C4E
:108E20004CEAD5784FEA431C4CEAD36984EA000C3B
:108E30008CEA010CCC44DFF8D09CCC44C44462449E
:108E4000CDF818804FEA847C4CEA9404DDF810C019
:108E5000DDF83C808CEA080CDDF824808CEA080CF4
:108E6000DDF81C808CEA08054FEA450C4CEAD57801
:108E70004FEA421C4CEAD26983EA040C8CEA000CEB
:108E8000CC44DFF8849CCC44C4446144CDF81C80BD
:108E90004FEA837C4CEA9303DDF814C0DDF80080D0
:108EA0008CEA080CDDF828808CEA080CDDF82080BC
:108EB0008CEA08054FEA450C4CEAD5784FEA411C8C
:108EC0004CEAD16982EA030C8CEA040CCC44DFF84A
:108ED000389CCC44C4446044CDF820804FEA827C66
:108EE0004CEA9202DDF818C0DDF804808CEA080C28
:108EF000DDF82C808CEA080CDDF824808CEA08056B
:108F00004FEA450C4CEAD5784FEA401C4CEAD06950
:108F100081EA020C8CEA030CCC44DFF8EC9BCC44D5
:108F2000C4446444CDF824804FEA817C4CEA91012A
:108F3000DDF81CC0DDF808808CEA080CDDF8308014
:108F40008CEA080CDDF828808CEA08054FEA450C0D
:108F50004CEAD5784FEA441C4CEAD46980EA010C0B
:108F60008CEA020CCC44DFF8A09BCC44C44463449C
:108F7000CDF828804FEA807C4CEA9000DDF820C0D4
:108F8000DDF80C808CEA080CDDF834808CEA080CE3
:108F9000DDF82C808CEA08054FEA450C4CEAD578C0
:108FA0004FEA431C4CEAD36984EA000C8CEA010CBA
:108FB000CC44DFF8549BCC44C4446244CDF82C80AC
:108FC0004FEA847C4CEA9404DDF824C0DDF810807C
:108FD0008CEA080CDDF838808CEA080CDDF830806B
:108FE0008CEA08054FEA450C4CEAD5784FEA421C5A
:108FF0004CEAD26983EA040C8CEA000CCC44DFF81A
:10900000089BCC44C4446144CDF830804FEA837C53
:109010004CEA9303DDF828C0DDF814808CEA080CD4
:10902000DDF83C808CEA080CDDF834808CEA080519
:109030004FEA450C4CEAD5784FEA411C4CEAD1691D
:1090400082EA030C8CEA040CCC44DFF8BC9ACC44D2
:10905000C4446044CDF834804FEA827C4CEA9202EA
:10906000DDF82CC0DDF818808CEA080CDDF80080F3
:109070008CEA080CDDF838808CEA08054FEA450CCC
:109080004CEAD5784FEA401C4CEAD06981EA020CE0
:109090008CEA030CCC44DFF8709ACC44C44464449A
:1090A000CDF838804FEA817C4CEA9101DDF830C080
:1090B000DDF81C808CEA080CDDF804808CEA080CD2
:1090C000DDF83C808CEA08054FEA450C4CEAD5787F
:1090D0004FEA441C4CEAD46980EA010C8CEA020C89
:1090E000CC44DFF8249ACC44C4446344CDF83C809B
:1090F0004FEA807C4CEA9000DDF834C0DDF8208037
:109100008CEA080CDDF808808CEA080CDDF8008099
:109110008CEA08054FEA450C4CEAD5784FEA431C27
:109120004CEAD36984EA000C8CEA010CCC44DFF8E9
:10913000D899CC44C4446244CDF800804FEA847C82
:109140004CEA9404DDF838C0DDF824808CEA080C81
:10915000DDF80C808CEA080CDDF804808CEA080548
:109160004FEA450C4CEAD5784FEA421C4CEAD269EA
:1091700083EA040C8CEA000CCC44DFF88C99CC44D4
:10918000C4446144CDF804804FEA837C4CEA9303E5
:10919000DDF83CC0DDF828808CEA080CDDF8108092
:1091A0008CEA080CDDF808808CEA08054FEA450CCB
:1091B0004CEAD5784FEA411C4CEAD16982EA030CAB
:1091C0008CEA040CCC44DFF84099CC44C44460449D
:1091D000CDF808804FEA827C4CEA9202DDF800C0AC
:1091E000DDF82C808CEA080CDDF814808CEA080C81
:1091F000DDF80C808CEA08054FEA450C4CEAD5787E
:109200004FEA401C4CEAD06981EA020C8CEA030C5C
:10921000CC44DFF8F498CC44C4446444CDF80C80CA
:109220004FEA817C4CEA9101DDF804C0DDF8308022
:109230008CEA080CDDF818808CEA080CDDF8108048
:109240008CEA08054FEA450C4CEAD5784FEA441CF5
:109250004CEAD46980EA010C8CEA020CCC44DFF8B9
:10926000A898CC44C4446344CDF810804FEA807C75
:109270004CEA9000DDF808C0DDF834808CEA080C78
:10928000DDF81C808CEA080CDDF814808CEA0805F7
:109290004FEA450C4CEAD5784FEA431C4CEAD369B7
:1092A00084EA000C8CEA010CCC44DFF85C98CC44D6
:1092B000C4446244CDF814804FEA847C4CEA9404A0
:1092C000DDF80CC0DDF838808CEA080CDDF8208071
:1092D0008CEA080CDDF818808CEA08054FEA450C8A
:1092E0004CEAD5784FEA421C4CEAD26983EA040C76
:1092F0008CEA000CCC44DFF81098CC44C4446144A0
:10930000CDF818804FEA837C4CEA9303DDF810C057
:10931000DDF83C808CEA080CDDF824808CEA080C2F
:10932000DDF81C808CEA08054FEA450C4CEAD5783C
:109330004FEA411C4CEAD16982EA030C8CEA040C26
:10934000CC44DFF8C497CC44C4446044CDF81C80BE
:109350004FEA827C4CEA92024FEA401C4CEAD06908
:1093600001EA020C41EA020808EA03084CEA080C88
:10937000CC44DFF89887E044DDF814C0DDF80090B5
:109380008CEA090CDDF828908CEA090CDDF82090B5
:109390008CEA09054FEA450C4CEAD57CCDF820C093
:1093A000C44464444FEA817C4CEA91014FEA441C76
:1093B0004CEAD46900EA010C40EA010808EA020814
:1093C0004CEA080CCC44DFF84487E044DDF818C0D0
:1093D000DDF804908CEA090CDDF82C908CEA090C7D
:1093E000DDF824908CEA09054FEA450C4CEAD57C5F
:1093F000CDF824C0C44463444FEA807C4CEA90001A
:109400004FEA431C4CEAD36904EA000C44EA000822
:1094100008EA01084CEA080CCC44DFF8F086E04486
:10942000DDF81CC0DDF808908CEA090CDDF83090FE
:109430008CEA090CDDF828908CEA09054FEA450C06
:109440004CEAD57CCDF828C0C44462444FEA847C01
:109450004CEA94044FEA421C4CEAD26903EA040C39
:1094600043EA040808EA00084CEA080CCC44DFF898
:109470009C86E044DDF820C0DDF80C908CEA090CF5
:10948000DDF834908CEA090CDDF82C908CEA0905A3
:109490004FEA450C4CEAD57CCDF82CC0C44461445D
:1094A0004FEA837C4CEA93034FEA411C4CEAD169B2
:1094B00002EA030C42EA030808EA04084CEA080C32
:1094C000CC44DFF84886E044DDF824C0DDF8109095
:1094D0008CEA090CDDF838908CEA090CDDF8309044
:1094E0008CEA09054FEA450C4CEAD57CCDF830C032
:1094F000C44460444FEA827C4CEA92024FEA401C2A
:109500004CEAD06901EA020C41EA020808EA0308C1
:109510004CEA080CCC44DFF8F485E044DDF828C0C0
:10952000DDF814908CEA090CDDF83C908CEA090C0B
:10953000DDF834908CEA09054FEA450C4CEAD57CFD
:10954000CDF834C0C44464444FEA817C4CEA9101B4
:109550004FEA441C4CEAD46900EA010C40EA0108D5
:1095600008EA02084CEA080CCC44DFF8A085E04485
:10957000DDF82CC0DDF818908CEA090CDDF80090BD
:109580008CEA090CDDF838908CEA09054FEA450CA5
:109590004CEAD57CCDF838C0C44463444FEA807CA3
:1095A0004CEA90004FEA431C4CEAD36904EA000CF1
:1095B00044EA000808EA01084CEA080CCC44DFF849
:1095C0004C85E044DDF830C0DDF81C908CEA090CD5
:1095D000DDF804908CEA090CDDF83C908CEA090572
:1095E0004FEA450C4CEAD57CCDF83CC0C4446244FB
:1095F0004FEA847C4CEA94044FEA421C4CEAD2695C
:1096000003EA040C43EA040808EA00084CEA080CE0
:10961000CC44DFF8F884E044DDF834C0DDF8209075
:109620008CEA090CDDF808908CEA090CDDF8009052
:109630008CEA09054FEA450C4CEAD57CCDF800C010
:10964000C44461444FEA837C4CEA93034FEA411CD3
:109650004CEAD16902EA030C42EA030808EA04086A
:109660004CEA080CCC44DFF8A484E044DDF838C0B0
:10967000DDF824908CEA090CDDF80C908CEA090CDA
:10968000DDF804908CEA09054FEA450C4CEAD57CDC
:10969000CDF804C0C44460444FEA827C4CEA920294
:1096A0004FEA401C4CEAD06901EA020C41EA020888
:1096B00008EA03084CEA080CCC44DFF85084E04484
:1096C000DDF83CC0DDF828908CEA090CDDF810903C
:1096D0008CEA090CDDF808908CEA09054FEA450C84
:1096E0004CEAD57CCDF808C0C44464444FEA817C80
:1096F0004CEA91014FEA441C4CEAD46900EA010C9F
:1097000040EA010808EA02084CEA080CCC44DFF8F9
:10971000FC83E044DDF800C0DDF82C908CEA090CF5
:10972000DDF814908CEA090CDDF80C908CEA090540
:109730004FEA450C4CEAD57CCDF80CC0C4446344D8
:109740004FEA807C4CEA90004FEA431C4CEAD36914
:1097500004EA000C44EA000808EA01084CEA080C94
:10976000CC44DFF8A883E044DDF804C0DDF8309095
:109770008CEA090CDDF818908CEA090CDDF81090E1
:109780008CEA09054FEA450C4CEAD57CCDF810C0AF
:10979000C44462444FEA847C4CEA94044FEA421C7D
:1097A0004CEAD26903EA040C43EA040808EA000818
:1097B0004CEA080CCC44DFF85483E044DDF808C0E0
:1097C000DDF834908CEA090CDDF81C908CEA090C69
:1097D000DDF814908CEA09054FEA450C4CEAD57C7B
:1097E000CDF814C0C44461444FEA837C4CEA93032F
:1097F0004FEA411C4CEAD16902EA030C42EA030831
:1098000008EA04084CEA080CCC44DFF80083E04482
:10981000DDF80CC0DDF838908CEA090CDDF82090FA
:109820008CEA090CDDF818908CEA09054FEA450C22
:109830004CEAD57CCDF818C0C44460444FEA827C21
:109840004CEA92024FEA401C4CEAD06901EA020C51
:1098500041EA020808EA03084CEA080CCC44DFF8A5
:10986000AC82E044DDF810C0DDF83C908CEA090CD5
:10987000DDF824908CEA090CDDF81C908CEA0905CF
:109880004FEA450C4CEAD57CCDF81CC0C444644476
:109890004FEA817C4CEA91014FEA441C4CEAD469BE
:1098A00000EA010C40EA010808EA02084CEA080C48
:1098B000CC44DFF85882E044DDF814C0DDF80090B5
:1098C0008CEA090CDDF828908CEA090CDDF8209070
:1098D0008CEA09054FEA450C4CEAD57CCDF820C04E
:1098E000C44463444FEA807C4CEA90004FEA431C36
:1098F0004CEAD36904EA000C44EA000808EA0108CB
:109900004CEA080CCC44DFF80482E044DDF818C0CF
:10991000DDF804908CEA090CDDF82C908CEA090C37
:10992000DDF824908CEA09054FEA450C4CEAD57C19
:10993000CDF824C0C44462444FEA847C4CEA9404C9
:109940004FEA421C4CEAD26903EA040C43EA0408D9
:1099500008EA00084CEA080CCC44DFF8B081E04487
:10996000DDF81CC0DDF808908CEA090CDDF83090B9
:109970008CEA090CDDF828908CEA09054FEA450CC1
:109980004CEAD57CCDF828C0C44461444FEA837CBE
:109990004CEA93034FEA411C4CEAD16902EA030CFA
:1099A00042EA030808EA04084CEA080CCC44DFF851
:1099B0005C81E044DDF820C0DDF80C908CEA090CF5
:1099C000DDF834908CEA090CDDF82C908CEA09055E
:1099D0004FEA450C4CEAD57CCDF82CC0C444604419
:1099E0004FEA827C4CEA9202DDF824C0DDF8108058
:1099F0008CEA080CDDF838808CEA080CDDF8308041
:109A00008CEA08054FEA450C4CEAD5784FEA401C31
:109A10004CEAD06981EA020C8CEA030CCC44DFF8F2
:109A2000F090CC44C4446444CDF830804FEA817C4B
:109A30004CEA9101DDF828C0DDF814808CEA080CAE
:109A4000DDF83C808CEA080CDDF834808CEA0805EF
:109A50004FEA450C4CEAD5784FEA441C4CEAD469ED
:109A600080EA010C8CEA020CCC44DFF8A490CC44D0
:109A7000C4446344CDF834804FEA807C4CEA9000C3
:109A8000DDF82CC0DDF818808CEA080CDDF80080C9
:109A90008CEA080CDDF838808CEA08054FEA450CA2
:109AA0004CEAD5784FEA431C4CEAD36984EA000CAF
:109AB0008CEA010CCC44DFF85890CC44C444624496
:109AC000CDF838804FEA847C4CEA9404DDF830C04D
:109AD000DDF81C808CEA080CDDF804808CEA080CA8
:109AE000DDF83C808CEA08054FEA450C4CEAD57855
:109AF0004FEA421C4CEAD26983EA040C8CEA000C5F
:109B0000CC4407E09979825AA1EBD96EDCBC1B8F5B
:109B1000D6C162CADFF8A496CC44C4446144CDF8EF
:109B20003C804FEA837C4CEA9303DDF834C0DDF8D7
:109B300020808CEA080CDDF808808CEA080CDDF83F
:109B400000808CEA08054FEA450C4CEAD5784FEACC
:109B5000411C4CEAD16982EA030C8CEA040CCC4427
:109B6000DFF85896CC44C4446044CDF800804FEAF6
:109B7000827C4CEA9202DDF838C0DDF824808CEA61
:109B8000080CDDF80C808CEA080CDDF804808CEA07
:109B900008054FEA450C4CEAD5784FEA401C4CEAE0
:109BA000D06981EA020C8CEA030CCC44DFF80C96F5
:109BB000CC44C4446444CDF804804FEA817C4CEA30
:109BC0009101DDF83CC0DDF828808CEA080CDDF856
:109BD00010808CEA080CDDF808808CEA08054FEA52
:109BE000450C4CEAD5784FEA441C4CEAD46980EA2B
:109BF000010C8CEA020CCC44DFF8C095CC44C44480
:109C00006344CDF808804FEA807C4CEA9000DDF890
:109C100000C0DDF82C808CEA080CDDF814808CEA9A
:109C2000080CDDF80C808CEA08054FEA450C4CEA7C
:109C3000D5784FEA431C4CEAD36984EA000C8CEADD
:109C4000010CCC44DFF87495CC44C4446244CDF894
:109C50000C804FEA847C4CEA9404DDF804C0DDF803
:109C600030808CEA080CDDF818808CEA080CDDF8EE
:109C700010808CEA08054FEA450C4CEAD5784FEA8B
:109C8000421C4CEAD26983EA040C8CEA000CCC44F6
:109C9000DFF82895CC44C4446144CDF810804FEAE5
:109CA000837C4CEA9303DDF808C0DDF834808CEA4D
:109CB000080CDDF81C808CEA080CDDF814808CEAB6
:109CC00008054FEA450C4CEAD5784FEA411C4CEAAE
:109CD000D16982EA030C8CEA040CCC44DFF8DC94F2
:109CE000CC44C4446044CDF814804FEA827C4CEAF2
:109CF0009202DDF80CC0DDF838808CEA080CDDF843
:109D000020808CEA080CDDF818808CEA08054FEA00
:109D1000450C4CEAD5784FEA401C4CEAD06981EA00
:109D2000020C8CEA030CCC44DFF89094CC44C4447D
:109D30006444CDF818804FEA817C4CEA9101DDF84B
:109D400010C0DDF83C808CEA080CDDF824808CEA39
:109D5000080CDDF81C808CEA08054FEA450C4CEA3B
:109D6000D5784FEA441C4CEAD46980EA010C8CEAAD
:109D7000020CCC44DFF84494CC44C4446344CDF892
:109D80001C804FEA807C4CEA9000DDF814C0DDF8BE
:109D900000808CEA080CDDF828808CEA080CDDF8DD
:109DA00020808CEA08054FEA450C4CEAD5784FEA4A
:109DB000431C4CEAD36984EA000C8CEA010CCC44C5
:109DC000DFF8F893CC44C4446244CDF820804FEAD5
:109DD000847C4CEA9404DDF818C0DDF804808CEA39
:109DE000080CDDF82C808CEA080CDDF824808CEA65
:109DF00008054FEA450C4CEAD5784FEA421C4CEA7C
:109E0000D26983EA040C8CEA000CCC44DFF8AC93F2
:109E1000CC44C4446144CDF824804FEA837C4CEAAE
:109E20009303DDF81CC0DDF808808CEA080CDDF82F
:109E300030808CEA080CDDF828808CEA08054FEAAF
:109E4000450C4CEAD5784FEA411C4CEAD16982EACC
:109E5000030C8CEA040CCC44DFF86093CC44C4447B
:109E60006044CDF828804FEA827C4CEA9202DDF80B
:109E700020C0DDF80C808CEA080CDDF834808CEA18
:109E8000080CDDF82C808CEA08054FEA450C4CEAFA
:109E9000D5784FEA401C4CEAD06981EA020C8CEA82
:109EA000030CCC44DFF81493CC44C4446444CDF890
:109EB0002C804FEA817C4CEA9101DDF824C0DDF86A
:109EC00010808CEA080CDDF838808CEA080CDDF88C
:109ED00030808CEA08054FEA450C4CEAD5784FEA09
:109EE000441C4CEAD46980EA010C8CEA020CCC4494
:109EF000DFF8C892CC44C4446344CDF830804FEAC4
:109F0000807C4CEA9000DDF828C0DDF814808CEAF3
:109F1000080CDDF83C808CEA080CDDF834808CEA13
:109F200008054FEA450C4CEAD5784FEA431C4CEA49
:109F3000D36984EA000C8CEA010CCC44DFF87C92F3
:109F4000CC44C4446244CDF834804FEA847C4CEA6B
:109F50009404DDF82CC0DDF818808CEA080CDDF8DC
:109F600000808CEA080CDDF838808CEA08054FEA9E
:109F7000450C4CEAD5784FEA421C4CEAD26983EA98
:109F8000040C8CEA000CCC44DFF83092CC44C4447E
:109F90006144CDF838804FEA837C4CEA9303DDF8C6
:109FA00030C0DDF81C808CEA080CDDF804808CEAF7
:109FB000080CDDF83C808CEA08054FEA450C4CEAB9
:109FC000D5784FEA411C4CEAD16982EA030C8CEA4D
:109FD000040CCC44DFF8E491CC44C4446044CDF894
:109FE0003C804FEA827C4CEA9202D7F808C0844455
:109FF000C7F808C0D7F80CC00CEB0108C7F80C80F4
:10A00000D7F810C00CEB0208C7F81080D7F814C0BE
:10A010000CEB0308C7F81480D7F818C00CEB040841
:10A02000C7F8188010B0BDE8F0832DE9F041044670
:10A03000884615460DB9BDE8F081206800F03F075D
:10A04000C7F140062068284420602068206020680E
:10A05000A84202D26068401C606087B1B5420ED34E
:10A0600004F11C01C819324641461AF0C9FD04F139
:10A070001C012046FEF744FBB044AD1B002706E060
:10A0800041462046FEF73CFB08F14008403D402D8C
:10A09000F6D235B104F11C01C8192A4641461AF01E
:10A0A000AFFD00BFC7E72DE9FC4704460D46206819
:10A0B000400F616840EAC1062068C700300E8DF885
:10A0C0000000300C8DF80100300A8DF80200F0B26B
:10A0D0008DF80300380E8DF80400380C8DF805005B
:10A0E000380A8DF80600F8B28DF80700206800F0F5
:10A0F0003F08B8F1380F02D2C8F1380001E0C8F1CA
:10A10000780081464A462E492046FFF78EFF0822F6
:10A1100069462046FFF789FFA068000E2870A068F6
:10A12000000C6870A068000AA870A068E870E06879
:10A13000000E2871E068000C6871E068000AA871E0
:10A14000E068E8712069000E28722069000C6872CE
:10A150002069000AA8722069E8726069000E2873FD
:10A160006069000C68736069000AA8736069E8732D
:10A17000A069000E2874A069000C6874A069000A28
:10A18000A874A069E874BDE8FC8770B598B004466F
:10A190000D46164601A8FEF78AFA01A8FEF7A1FAB5
:10A1A0002A46214601A8FFF740FF314601A8FFF7E4
:10A1B0007AFF01A8FEF782FA18B070BDD6C162CA54
:10A1C000EF820200FE480068704770B504460D46F5
:10A1D0002CB9AC4201D0012070BD0020FCE70DB9C4
:10A1E0000120F9E705E0207808B90020F4E7641CB5
:10A1F0006D1C20781AF049F9064628781AF045F9BE
:10A200008642F0D020781AF040F9064628781AF0F5
:10A210003CF9301AE0E770B5044620461AF07AFCA3
:10A22000451C2846E74909688847060000D170BDEB
:10A230002A46214630461AF0E3FC3046F7E730B9AB
:10A24000E149E04A1160E149E14A11607047016863
:10A2500009B1016800E0DC49DA4A1160416809B1DE
:10A26000416800E0D949DA4A116000BFEEE710B555
:10A270002820D4490968884704461CB12821204673
:10A280001AF0ACFD204610BD70B5044622E02568EA
:10A29000E06810F4807F04D1A06810B1A068FFF7D7
:10A2A000F3FFE06810F4807F05D1206918B1C84938
:10A2B000206909688847E06810F4007F05D1206AAA
:10A2C00018B1C349206A096888472046C04909680F
:10A2D00088472C46002CDAD170BD2DE9F04F8BB0A9
:10A2E00083468A460020044605460026B94F0021D1
:10A2F000884689460990012008909AF800002D2888
:10A3000002D1B54F0AF1010A9AF80000302801D1B4
:10A310000AF1010A9AF80000312822DB9AF80000BD
:10A3200039281EDC00BF1AF8011BA1F130001DF016
:10A3300068F90022A94BCDE90601204629461DF007
:10A34000B3F9CDE90401DDE906231CF0DBFE044688
:10A350000D469AF80000302803DB9AF800003928EF
:10A36000E1DD9AF800002E2830D19AF8010030285B
:10A370002CDB9AF80100392828DC0AF1010A00BF19
:10A380001AF8011BA1F130001DF03BF90022934B9C
:10A39000CDE90601204629461DF086F9CDE90401E4
:10A3A000DDE906231CF0AEFE04460D460022894B73
:10A3B000404649461DF09EFB804689469AF80000BB
:10A3C000302803DB9AF800003928D9DD9AF800001C
:10A3D000652803D09AF80000452823D10AF1010A24
:10A3E0009AF800002B2802D10AF1010A08E09AF835
:10A3F00000002D2804D14FF0FF3008900AF1010A27
:10A4000008E01AF8010B3038099901EB810100EBE3
:10A41000410009909AF80000302803DB9AF8000008
:10A420003928EEDDDDE9082101FB02F01DF0E9F835
:10A4300042464B46CDE900011CF064FE02460B4645
:10A44000CDE90201002065491CF014F922462B4693
:10A45000CDE90601304639461DF026F9CDE9040163
:10A46000DDE906231DF020F904460D46CBE906453B
:10A47000204629461DF096F8CBF814000320CBF8AF
:10A480000C0050460BB0BDE8F08F0146491E41EA72
:10A49000610141EAA10141EA211141EA212141EA98
:10A4A0002141481C70472DE9F04104460E460CB18D
:10A4B000206810B90020BDE8F081A06806446068FB
:10A4C000B04203DBA16820680844F4E73046FFF798
:10A4D000DCFF074638463B490968884705463DB9D1
:10A4E0003B49206809688847002060602060E2E7F7
:10A4F00025B12846D4E900121AF082FB34492068BD
:10A500000968884767602560A0682844D3E770B56C
:10A5100004460CB1206808B9002070BDA16820680D
:10A52000451828461AF0F6FAA1680844F5E72DE91F
:10A53000FC47824688464FF00009DAE906450022CA
:10A540001346204629461CF0F1FF15D1B8F1000F43
:10A5500005D002214046FFF7A6FF814604E0022015
:10A560001849096888478146B9F1000F03D01CA03B
:10A570000088A9F80000A3E0DAF814001DF041F803
:10A58000064622462B461DF0B5FA21F00041002276
:10A59000144BCDE900011DF04BF840D8124A134B83
:10A5A000204629461DF044F839D80022104B204699
:10A5B00029461DF077F932D8B8F1000F20D019E004
:10A5C000E4010020DC010020A54202000343020058
:10A5D000E00100200000F03F0000F0BF0000244038
:10A5E000300000000000B03C0000C0FFFFFFDF4172
:10A5F0000000E0C115214046FFF755FF814604E009
:10A600001520FB49096888478146B9F1000F57D0EA
:10A61000F8A14846DAF8142019F050FF50E0B8F1DC
:10A62000000F05D040214046FFF73DFF814604E082
:10A630004020EF49096888478146B9F1000F3FD0B3
:10A64000204629461BF0A8FF064622462B461DF051
:10A6500051FA21F000410022E74BCDE900011CF046
:10A66000E7FF0FD825F000412646E44AE44B304688
:10A670001CF0DEFF06D222462B46E2A1484619F026
:10A680001DFF1DE025F000412646E04AE04B304624
:10A690001CF0CEFF07D325F000410022DD4B3046F1
:10A6A0001DF000F906D222462B46DBA1484619F0E0
:10A6B00005FF05E022462B46D8A1484619F0FEFECC
:10A6C0004846BDE8FC87014600220878302806DBB2
:10A6D0000878392803DC08783038024415E0087817
:10A6E000412806DB0878462803DC0878373802441E
:10A6F0000BE00878612806DB0878662803DC087818
:10A700005738024401E0002070471201491C0878C4
:10A71000302806DB0878392803DC08783038024412
:10A7200015E00878412806DB0878462803DC08781D
:10A73000373802440BE00878612806DB0878662881
:10A7400003DC08785738024401E00020DCE71201FE
:10A75000491C0878302806DB0878392803DC08789B
:10A760003038024415E00878412806DB087846288E
:10A7700003DC0878373802440BE00878612806DBF0
:10A780000878662803DC08785738024401E0002086
:10A79000BAE71201491C0878302806DB0878392806
:10A7A00003DC08783038024415E00878412806DBDD
:10A7B0000878462803DC0878373802440BE008782C
:10A7C000612806DB0878662803DC087857380244DD
:10A7D00001E0002098E7104696E72DE9F05F8346F8
:10A7E000884608F10104002798F80000222805D0C7
:10A7F0008B48C0F800800020BDE8F09F04E014F80A
:10A80000011B5C2900D1641C2078222804D0207808
:10A8100010B1781C0700F2D1781C75490968884787
:10A820008146B9F1000F01D10020E5E708F10104EC
:10A830004D469EE020785C2804D014F8010B05F802
:10A84000010B96E0641C2078722818D006DC622880
:10A8500009D066280BD06E287ED10CE0742812D067
:10A860007528F9D113E0082005F8010B7FE00C20D2
:10A8700005F8010B7BE00A2005F8010B77E00D20BD
:10A8800005F8010B73E0092005F8010B6FE0601C6F
:10A89000FFF719FF0646241DB6F55C4F02D3B6F547
:10A8A000604F00D306B962E0B6F5584F1CD3B6F539
:10A8B0005C4F19D260785C2802D1A078752800D04E
:10A8C00055E0E01CFFF7FFFE8246A41DBAF55C4F81
:10A8D00002D3BAF5604F00D349E0C6F309015046F0
:10A8E00061F39F2000F580360427802E01D20127D6
:10A8F00008E0B6F5006F01D2022703E0B6F5803F0D
:10A9000000D203273D44012F20D0022F15D0032F62
:10A910000AD0042F24D106F0BF0040F08001681E49
:10A9200005460170B60900BF06F0BF0040F0800187
:10A93000681E05460170B60900BF06F0BF0040F072
:10A940008001681E05460170B60900BF3548C05D2C
:10A950003043C1B2681E00E005E00546017000BF4B
:10A9600000BF3D4403E0207805F8010B00BF00BFA5
:10A97000641C2078222803D0207800287FF45AAF66
:10A98000002028702078222800D1641CCBF8109079
:10A990000420CBF80C0020462EE72DE9F05F80461E
:10A9A00089460027BB46454611E02878002802DD8D
:10A9B0002878202805DB2878222802D028785C28EF
:10A9C00001D1012000E0002040EA0B0B6D1C28782B
:10A9D0000028EAD1BBF1000F3ED1A5EB0807B9F181
:10A9E000000F21D0F91C4846FFF75DFD064620E028
:10A9F000DC010020256400000000B03C44F3C2E408
:10AA0000E4E9634C252E3066000000008DEDB5A012
:10AA1000F7C6B03E65CDCD41256500002566000036
:10AA2000E40100202F830200F81CFD4909688847D3
:10AA3000064616B90020BDE8F09F3446222004F8EF
:10AA4000010B414620461AF041F82220E055002132
:10AA5000781C21543046EEE7B8F1000F16D1B9F159
:10AA6000000F05D003214846FFF71DFD064604E010
:10AA70000320EB490968884706460EB90020DAE74B
:10AA8000E8A130461AF022F83046D4E745460BE0FC
:10AA90005146E5A019F0D2FF08B17F1C03E0BAF1DE
:10AAA000200F00DA7F1D6D1C95F800A0BAF1000F91
:10AAB00002D0781C0700EBD1B9F1000F05D0F91CCA
:10AAC0004846FFF7F0FC064604E0F81CD449096844
:10AAD000884706460EB90020ADE734464546222099
:10AAE00004F8010B47E028781F280ADD287822287F
:10AAF00007D028785C2804D015F8010B04F8010B66
:10AB000039E05C2004F8010B15F8011B8A460C297A
:10AB100019D006DC082912D0092920D00A2922D10F
:10AB200015E00D2917D0222905D05C291BD15C2006
:10AB300004F8010B1EE0222004F8010B1AE0622049
:10AB400004F8010B16E0662004F8010B12E06E20F9
:10AB500004F8010B0EE0722004F8010B0AE07420E7
:10AB600004F8010B06E05246B1A1204619F0A6FCFC
:10AB7000641D00BF00BF28780028B4D1222004F84B
:10AB8000010B002004F8010B304654E770B5044671
:10AB90000D4629462069FFF700FF70BD00E0401C0C
:10ABA00020B1017811B101782029F8DD70472DE935
:10ABB000F04706460C4620787B2804D09E48046067
:10ABC0000020BDE8F0870620F060601CFFF7E6FF7C
:10ABD000044620787D2801D1601CF2E7FFF747FB8F
:10ABE0000546B060B06808B90020EAE72046FFF7E4
:10ABF000D5FF804641462846FFF7EFFD0746FFF7A1
:10AC0000CDFF04460CB90020DBE72869286200204C
:10AC1000286120783A2803D0874804600020D0E7D4
:10AC2000601CFFF7BBFF80464146284600F099F8BC
:10AC30000746FFF7B3FF04460CB90020C1E731E037
:10AC4000FFF715FB070000D1BBE72F607D603D4695
:10AC5000601CFFF7A3FF814649462846FFF7BDFD6C
:10AC60008046FFF79BFF04460CB90020A9E728693E
:10AC700028620020286120783A2803D06E480460BA
:10AC800000209EE7601CFFF789FF81464946284661
:10AC900000F067F88046FFF781FF04460CB90020FA
:10ACA0008FE700BF20782C28CAD020787D2801D1DA
:10ACB000601C86E760480460002082E72DE9F047C9
:10ACC00005460C4620785B2804D05B4804600020D1
:10ACD000BDE8F0870520E860601CFFF75FFF0446D1
:10ACE00020785D2801D1601CF2E7FFF7C0FA064624
:10ACF000A860A86808B90020EAE72046FFF74EFFE1
:10AD000080464146304600F02CF80746FFF746FFE4
:10AD100004460CB90020DBE717E0FFF7A8FA0700AC
:10AD200000D1D5E737607E603E46601CFFF736FFF6
:10AD300081464946304600F014F88046FFF72EFF62
:10AD400004460CB90020C3E700BF20782C28E4D0CB
:10AD500020785D2801D1601CBAE7374804600020E4
:10AD6000B6E770B505460C460CB9002070BD04224C
:10AD700032A1204619F0EDFE18B90220E860201D2E
:10AD8000F4E705222FA1204619F0E3FE18B90020B0
:10AD9000E860601DEAE704222CA1204619F0D9FEE4
:10ADA00020B90120E8606861201DDFE720782228B3
:10ADB00004D121462846FFF710FDD7E720782D283B
:10ADC00005D02078302807DB2078392804DC21469C
:10ADD0002846FFF782FAC9E720785B2804D121468C
:10ADE0002846FFF76BFFC1E720787B2804D1214676
:10ADF0002846FFF7DCFEB9E70F4804600020B5E7FE
:10AE00002DE9F04780460D4616460024FFF72FFA3D
:10AE10000746002008490860E7B9BDE8F087000050
:10AE2000DC01002022220000225C080C0A0D09002F
:10AE30007525303478000000E40100206E756C6CDC
:10AE40000000000066616C73650000007472756537
:10AE5000000000004046FFF7A1FE81464946384603
:10AE6000FFF77FFF04462CB93846FFF70DFA0020A4
:10AE7000BDE8F08766B12046FFF790FE04462078D3
:10AE800030B13846FFF700FAFE4804600020EFE7D3
:10AE900005B12C603846EBE710B504460022114698
:10AEA0002046FFF7ADFF10BD2DE9FF4F89B0884662
:10AEB00016461F4600200890079006904FF0070A9C
:10AEC00000250998D0F80890002002900190009089
:10AED00004E00298401C0290D9F80090B9F1000FEC
:10AEE000F7D10298002835D157B116B108F1040006
:10AEF00000E0032001463846FFF7D5FA069009E046
:10AF000016B108F1040100E003210846DE49096892
:10AF100088470690069818B900200DB0BDE8F08F5C
:10AF2000069C7B2004F8010B66B10A2004F8010B93
:10AF3000002503E0092004F8010B6D1CA8F10100B5
:10AF4000A842F7DC7D2004F8010B002004F8010B77
:10AF50000698E2E7002F77D0BD680EB1022000E02E
:10AF6000012082460AF101013846FFF79CFA0446A7
:10AF70000CB90020D1E77B2004F8010B16B10A20A0
:10AF800004F8010B00202070B8685044B86009989C
:10AF9000D0F8089008F1010868E0B6B1414638469B
:10AFA000FFF781FA04460CB90020B6E700200390B1
:10AFB00005E0092004F8010B0398401C0390039856
:10AFC0004045F6DBB8684044B8603946D9F82000FF
:10AFD000FFF7E3FC3846FFF79AFAB8600EB102209B
:10AFE00000E00120824651463846FFF75CFA0446ED
:10AFF0000CB9002091E73A2004F8010B16B10920A2
:10B0000004F8010BB8685044B8603B4632464146EC
:10B01000484600F078FA3846FFF779FAB8600EB182
:10B02000012000E00020D9F8001009B1012100E062
:10B03000002100EB010A0AF101013846FFF733FA5B
:10B04000044614B9002068E734E0D9F8000010B1D4
:10B050002C2004F8010B16B10A2004F8010B002083
:10B060002070B8685044B860D9F80090B9F1000F6A
:10B0700093D116B108F1010000E0022001463846E4
:10B08000FFF711FA04460CB9002046E74EB100253F
:10B0900003E0092004F8010B6D1CA8F10100A8428F
:10B0A000F7DC7D2004F8010B00202070386828446C
:10B0B000069005E10299880073490968884708905D
:10B0C000089808B9002028E7029988006E490968A5
:10B0D00088470790079828B96C49089809688847F5
:10B0E00000201AE702988100089819F077FE02986C
:10B0F0008100079819F072FE0998D0F8089008F1BD
:10B10000010806B1C2442EE00021D9F82000FFF763
:10B1100044FC0490079941F825000023324641463B
:10B12000484600F0F0F929466D1C0590089A42F84F
:10B130002100049898B1059888B1059819F0EAFCA7
:10B140008346049819F0E6FC0BEB0001891C16B14C
:10B1500008F1020000E000200844824401E00120E0
:10B160000190D9F80090B9F1000FCDD1019820B924
:10B1700050464549096888470690069808B9012055
:10B180000190019818B3002514E0079850F82500A5
:10B1900028B1079951F825003C4909688847089863
:10B1A00050F8250028B1089951F825003749096859
:10B1B00088476D1C02988542E7DB34490798096887
:10B1C000884732490898096888470020A5E67B210E
:10B1D000069801700698441C16B10A2004F8010B69
:10B1E00000202070002548E05EB10020039005E0BB
:10B1F000092004F8010B0398401C03900398404574
:10B20000F6DB079951F8250019F084FC00900798A7
:10B2100050F825102046009A19F0F2FC00980444DA
:10B220003A2004F8010B16B1092004F8010B089824
:10B2300050F82510204619F049FC089951F82500CE
:10B2400019F068FC04440298401EA84202D02C2049
:10B2500004F8010B16B10A2004F8010B002020703D
:10B26000079951F82500094909688847089951F854
:10B2700025000649096888476D1C02988542B3DBA2
:10B28000024905E0E4010020DC010020E00100208B
:10B29000079809688847F8490898096888474EB1AF
:10B2A000002503E0092004F8010B6D1CA8F1010042
:10B2B000A842F7DC7D2004F8010B002004F8010B04
:10B2C00006982AE62DE9FF4F85B092461E464FF0BC
:10B2D000000B052003900598D0F80880D94600257A
:10B2E00000200290019003E009F10109D8F80080E4
:10B2F000B8F1000FF8D1B9F1000F16D12EB103212A
:10B300003046FFF7D0F8834604E00320DB490968A4
:10B3100088478346BBF1000F03D0D9A1584619F0E6
:10B32000D5FB584609B0BDE8F08F002E57D0B56860
:10B3300001213046FFF7B7F804460CB90020F1E7C9
:10B340005B202070B068401CB0600598D0F8088081
:10B350002EE0334652460699491C404600F0D3F889
:10B360003046FFF7D4F8B060D8F80000F0B1BAF179
:10B37000000F01D0022000E0012003900399491C36
:10B380003046FFF790F804460CB90020CAE72C209D
:10B3900004F8010BBAF1000F02D0202004F8010BD1
:10B3A00000202070B16803980844B060D8F800808D
:10B3B000B8F1000F02D002980028CAD0022130460E
:10B3C000FFF771F804460CB90020ABE75D2004F8E4
:10B3D000010B00202070306800EB050B91E04FEA74
:10B3E0008900A6490968884707460FB9002099E7F0
:10B3F0004FEA8901384619F0F1FC0598D0F8088029
:10B4000021E0002352460699491C404600F07BF893
:10B41000049029466D1C049847F82100049870B1E7
:10B42000049819F077FB801CBAF1000F01D00121BC
:10B4300000E00021014403980844039001E001204A
:10B440000290D8F80080B8F1000F02D002980028CE
:10B45000D7D0029820B9894903980968884783465C
:10B46000BBF1000F01D101200290029890B100259C
:10B4700008E057F8250020B157F825007E490968F3
:10B4800088476D1C4D45F4DB38467B490968884781
:10B49000002047E75B208BF800000BF1010400203F
:10B4A0002070002521E057F8250019F033FB0190AA
:10B4B00057F825102046019A19F0A2FB0198044480
:10B4C000A9F10100A8420AD02C2004F8010BBAF11E
:10B4D000000F02D0202004F8010B0020207057F844
:10B4E00025006549096888476D1C4D45DBDB3846FA
:10B4F0006149096888475D2004F8010B002004F8C1
:10B50000010B58460EE72DE9F04104460F469046E0
:10B510001D46002614B90020BDE8F081002D4AD058
:10B52000E068C0B2072845D2DFE800F0101C04280C
:10B530002E343C0005212846FEF7B5FF064626B10D
:10B54000AFF20871304619F0C1FA33E006212846FF
:10B55000FEF7A9FF064626B1AFF21871304619F082
:10B56000B5FA27E005212846FEF79DFF064626B1DD
:10B57000AFF22871304619F0A9FA1BE0294620469F
:10B58000FEF7D5FF064615E029462046FFF7FEFAEE
:10B5900006460FE02B46424639462046FFF792FE0C
:10B5A000064607E02B46424639462046FFF77CFC1C
:10B5B000064600BF38E0E068C0B2072833D2DFE8B3
:10B5C00000F00A1004161C222A00AFF29070FEF759
:10B5D00022FE064627E0AFF29470FEF71CFE0646F8
:10B5E00021E0AFF29870FEF716FE06461BE0002140
:10B5F0002046FEF79CFF064615E000212046FFF797
:10B60000C5FA06460FE00023424639462046FFF7BA
:10B6100059FE064607E00023424639462046FFF71A
:10B6200043FC064600BF00BF304675E710B5044630
:10B630000023012219462046FFF765FF10BD10B513
:10B64000044600231A4619462046FFF75CFF10BD4A
:10B65000FEB505460C461646204608490968884747
:10B6600000900194002002906B463246002128464B
:10B67000FFF749FFFEBD0000E0010020DC010020D3
:10B680005B5D000001468A68002001E0401C1268F2
:10B69000002AFBD170470246906801E0491E00680D
:10B6A00008B10029FADC704770B505460E46AC6853
:10B6B00000E024682CB13146206AFEF786FD0028A0
:10B6C000F7D1204670BD01604860704770B50546EF
:10B6D000FEF7CDFD04460CB9002070BD2822294696
:10B6E000204619F014FB00202062E06840F48070CE
:10B6F000E0600020606020602046EEE770B50546FF
:10B700000E46AC6806B970BD0CB9AE6009E000E049
:10B71000246814B120680028FAD131462046FFF78A
:10B72000D2FF00BFEFE770B506460D46144604B9D8
:10B7300070BD206A18B1F749206A09688847284611
:10B74000FEF769FD206221463046FFF7D7FF00BFB4
:10B75000EEE770B506460D46144604B970BDE068C4
:10B7600010F4007F05D1206A18B1EA49206A0968FF
:10B7700088472562E06840F40070E060214630466A
:10B78000FFF7BCFF00BFE9E770B505460C46204651
:10B79000FFF79CFF064631462846FFF7AFFF70BD16
:10B7A0002DE9F04105460E4614462046FFF78EFF70
:10B7B00007463A4631462846FFF7B5FFBDE8F08117
:10B7C00010B502460B46916801E009685B1E09B19D
:10B7D000002BFADC09B9002010BD486810B1D1E98E
:10B7E00000042060086810B1D1E9004060609068F2
:10B7F000884201D1086890600020086048600846CF
:10B80000EAE770B504460D4629462046FFF7D8FF03
:10B810000646FEF739FD70BD2DE9F04105460F469D
:10B820000026AC6801E0761C24682CB13946206AF9
:10B83000FEF7CBFC0028F6D12CB131462846FFF7A5
:10B84000BFFFBDE8F0810020FBE770B504460D4660
:10B8500029462046FFF7E0FF0646FEF715FD70BDBE
:10B860002DE9F04106460F461446B56801E02D6803
:10B870007F1E0DB1002FFADC2DB921463046FFF7AF
:10B880003DFFBDE8F0812560686860606C60B0686D
:10B89000A84201D1B46001E06068046000BFF0E735
:10B8A0002DE9F04106460F461446B56801E02D68C3
:10B8B0007F1E0DB1002FFADC0DB9BDE8F0812868BC
:10B8C000206068686060206808B120684460B068E3
:10B8D000A84201D1B46001E06068046000206860A3
:10B8E00028602846FEF7D0FC00BFE6E72DE9F041CE
:10B8F00005460E4617464FF00008AC6802E008F116
:10B90000010824682CB13146206AFEF75EFC00284D
:10B91000F5D144B13046FEF77EFC38623A464146E6
:10B920002846FFF7BDFFBDE8F08110B5FEF79FFC8C
:10B9300004460CB10220E060204610BD10B5FEF7B1
:10B9400096FC04460CB10120E060204610BD10B505
:10B95000FEF78DFC04460CB10020E060204610BDCF
:10B9600070B50546FEF783FC044624B10DB10120F5
:10B9700000E00020E060204670BD70B504460D4632
:10B98000FEF775FC064646B10320F060C6E90645A1
:10B99000204629461BF006FE7061304670BD70B52A
:10B9A0000546FEF764FC04462CB10420E0602846FE
:10B9B000FEF731FC2061204670BD10B5FEF757FC44
:10B9C00004460CB10520E060204610BD10B5FEF71E
:10B9D0004EFC04460CB10620E060204610BD2DE967
:10B9E000F05F81468A460027BB46FFF7E6FF8046A8
:10B9F000002611E059F826001BF003FE0446FFF76D
:10BA0000BCFF074616B9C8F8087003E03946584627
:10BA1000FFF759FEBB46761CB8F1000F01D0564522
:10BA2000E8DB4046BDE8F09F2DE9F05F81468A469D
:10BA30000027BB46FFF7C1FF8046002611E059F8FA
:10BA400026001CF041F90446FFF797FF074616B998
:10BA5000C8F8087003E039465846FFF734FEBB4685
:10BA6000761CB8F1000F01D05645E8DB4046BDE832
:10BA7000F09F2DE9F047074688460025A946FFF7C5
:10BA80009CFF0646002410E007EBC400D0E900212B
:10BA90001046FFF772FF05460CB9B56003E0294672
:10BAA0004846FFF710FEA946641C0EB14445EBDB87
:10BAB0003046BDE8F0872DE9F04707468846002567
:10BAC000A946FFF77AFF064600240DE057F8240048
:10BAD000FFF765FF05460CB9B56003E02946484607
:10BAE000FFF7F1FDA946641C0EB14445EEDB30467C
:10BAF000BDE8F0872DE9F047054689464FF000087C
:10BB000015B90020BDE8F087FEF7B1FB04461CB96B
:10BB10000020F7E7E0010020E86820F48070E06092
:10BB200068696061D5E90601C4E90601286950B178
:10BB30002869FEF770FB2061206920B92046FEF7D6
:10BB4000A3FB0020DEE7286A50B1286AFEF763FBFA
:10BB50002062206A20B92046FEF796FB0020D1E73C
:10BB6000B9F1000F01D12046CCE7AF6816E0012102
:10BB70003846FFF7BFFF064626B92046FEF784FB8E
:10BB80000020BFE7B8F1000F05D0C8F80060C6F884
:10BB90000480B04601E0A660B0463F68002FE6D1C1
:10BBA0002046AFE7014655E00278202A01D1401C2B
:10BBB00050E00278092A01D1401C4BE002780D2A9E
:10BBC00001D1401C46E002780A2A01D1401C41E024
:10BBD00002782F2A0BD142782F2A08D100E0401C8E
:10BBE0000278002A36D002780A2A33D0F7E70278A2
:10BBF0002F2A0ED142782A2A0BD100E0401C02786D
:10BC00002AB102782A2AF9D142782F2AF6D1801C4B
:10BC100020E00278222A19D110F8012B01F8012B1B
:10BC20000AE002785C2A03D110F8012B01F8012BFD
:10BC300010F8012B01F8012B027812B10278222AA8
:10BC4000EFD110F8012B01F8012B03E010F8012BC4
:10BC500001F8012B0278002AA6D10A707047000073
:10BC600070B596B004460D465822FC49684619F056
:10BC70004EF80395B4F84201ADF8180094F841016C
:10BC80008DF81A0005F14000109040301390B4F880
:10BC900044116A4604F6461000F059FA064630464A
:10BCA00016B070BD2DE9F041A0B004460D46012646
:10BCB000642107A819F092F80020049005900690DE
:10BCC00004F1400101EB851018F024FF804604F1D7
:10BCD000400000EB8511424607A818F091FF07A825
:10BCE000049004F5A07004A90122CDE9002102907E
:10BCF000B4F844113346002204F6461000F02AFE40
:10BD00000746384620B0BDE8F08170B5A4B00446BF
:10BD100064210BA819F062F80020089009900A909D
:10BD2000204618F0F7FE0646324621460BA818F0CA
:10BD300067FF0BA8089004F5A37018F0EBFE064609
:10BD400004F5A370CDE9050608A807C802AB07C330
:10BD500000200090019094F84031B4F8441102465C
:10BD600004F6461000F029FD0546284624B070BDB3
:10BD700070B504460D460C222946204600F0CDFA47
:10BD800070BD08B501464FF0FF30002200920A78DE
:10BD90008DF80020009AC2F3031008BD70B5044668
:10BDA0000120F8F7D7FA0546002D0CDDB4F8441150
:10BDB00004F6461018F0F0FFB4F8441104F64610EB
:10BDC000FAF73FFB85B2284670BD2DE9F0470446DF
:10BDD00088460027B94605256420F4F7DBFEA04815
:10BDE000007858B90120F8F7B5FAC7B297B1B4F89E
:10BDF000441104F64610FAF724FB0BE09948F5F7D6
:10BE0000AFFF0646002E05DDB4F8441104F64610D7
:10BE1000FAF717FBB4F8441104F6461018F0BCFF0B
:10BE200041462046FFF71CFF8146494604F646106E
:10BE3000FAF7FEFA3220F4F7ADFE89480078B0B97F
:10BE40000120F8F787FAC7B20AE03220F4F7A2FE21
:10BE500015B90120BDE8F0870120F8F77BFAC7B2D9
:10BE6000DFB92800A5F101018DB2EED115E07D48C2
:10BE7000F5F776FF06460AE04FF4FA70F4F78AFE0B
:10BE80000DB90120E6E77748F5F76AFF064626B9BF
:10BE90002800A5F101018DB2EED1B4F8441104F6E9
:10BEA0004610FAF7CEFA814604F64610FFF769FF0E
:10BEB000C7B2022F01D00120CCE70020CAE72DE94C
:10BEC000F047044600260027B046052500BF54E091
:10BED000B4F8441104F6461018F05EFF31462046CF
:10BEE000FFF7E0FE1FFA80F8414604F64610FAF725
:10BEF0009FFA5B480078B0B90120F8F72BFAC7B277
:10BF00000AE03220F4F746FE15B90220BDE8F087BA
:10BF10000120F8F71FFAC7B2E7B92800A5F101011F
:10BF20008DB2EED116E04F48F5F71AFF814609E0D1
:10BF30003220F4F72FFE0DB90220E7E74948F5F764
:10BF40000FFF8146B9F1000F04D12800A5F10101CE
:10BF50008DB2EDD1B4F8441104F64610FAF771FA37
:10BF60001FFA80F804F64610FFF70BFFC7B2092F3F
:10BF700001D00220CAE7701CC6B2042EA8DB002044
:10BF8000C4E72DE9F04104460025002705264FF4BB
:10BF9000FA70F4F7FFFD0120F8F7DCF905462DB142
:10BFA000B4F8441104F64610FAF74BFAB4F8441109
:10BFB00004F6461018F0F0FE2046FFF7A6FE0746EE
:10BFC000394604F64610FAF733FA94F8400101288E
:10BFD00029D14FF4FA70F4F7DDFD0120F8F7BAF932
:10BFE00005460AE0C820F4F7D5FD16B90320BDE8E0
:10BFF000F0810120F8F7AEF9054625B93000A6F129
:10C0000001018EB2EED1B4F8441104F64610FAF7ED
:10C0100018FA074604F64610FFF7B3FE85B2042D62
:10C0200001D00320E3E70020E1E710B5B2B0C8215A
:10C03000684618F0D3FE00240E22C821684600F09E
:10C040006CF984B221466846FAF7F2F984B2C82145
:10C05000684618F0C3FE204632B010BD3883020097
:10C0600025010020D414002070B5B2B000240026B1
:10C070000525C821684618F0B1FEC8216846FFF7BB
:10C0800077FE064631466846FAF7D2F90120F8F7FE
:10C0900061F904460AE03220F4F77CFD15B904206A
:10C0A00032B070BD0120F8F755F9044624B92800D4
:10C0B000A5F101018DB2EED1C8216846FAF7C1F9A8
:10C0C00006466846FFF75DFE84B20D2C01D00420C1
:10C0D000E6E70020E4E7000070B504460025207A7A
:10C0E000032801D10C2503E0207A042800D10A2579
:10C0F000D4E90412E06800F055FA801C0544E07EA3
:10C1000068B1D4E90A12606A00F04CFA861CD4E9DE
:10C110000D12206B00F046FA3044801C0544206C60
:10C1200008B9A06C30B1D4E91112206C00F03AFAD1
:10C13000801C0544E06C08B9606D30B1D4E914127C
:10C14000E06C00F02FFA801C0544284670BD2DE9F4
:10C15000FE4305460E4614460295002001900090CD
:10C1600000274FF0FF382046FFF7B6FF074681460D
:10C1700000F05AF9B04202DD6FF001088FE00020B4
:10C180008DF80400019820F0F000103001909DF827
:10C19000041002A800F08AF93946029800F0FEF86F
:10C1A000029908440290207A042808D177A102A8B5
:10C1B00000F09AF9042102A800F078F907E075A1CF
:10C1C00002A800F091F9032102A800F06FF9002005
:10C1D0008DF80000A17E009861F341000090E07EA0
:10C1E00008B1012100E00021009861F38200009075
:10C1F0000098C0F3800058B194F83D10009861F3A6
:10C20000C400009094F83C10009861F34510009031
:10C21000206C08B9A06C20B1009820F0800080301C
:10C220000090E06C08B9606D20B1009820F04000EB
:10C23000403000909DF8001002A800F037F9218BE3
:10C2400002A800F039F902A8D4E90423E16800F05B
:10C2500068F9E07E58B102A8D4E90A23616A00F0C7
:10C2600060F902A8D4E90D23216B00F05AF9009877
:10C27000C0F3C01028B102A8D4E91123216C00F04A
:10C2800050F90098C0F3801028B102A8D4E9142313
:10C29000E16C00F046F90298A0EB050800BF4046AB
:10C2A000BDE8FE832DE9FF4704460D461646994634
:10C2B00000200390029600278046009002A800F01C
:10C2C000EEF88DF80C000398C0F30310022800D09C
:10C2D0001FE001A9029800F0CAF8804602990844BC
:10C2E0000290DDE9011047180298381A022800DA96
:10C2F0000FE002A800F0D3F88DF800000098C0F31A
:10C30000C010207002A800F0CAF828704FF0010891
:10C3100000BF404604B0BDE8F0872DE9FC4104466B
:10C320000D46164600200190471E0094022D01DAAA
:10C33000871E15E000208DF80400019866F30710B1
:10C3400001909DF80410684600F0B0F800210098B4
:10C3500000F024F80099084400900098071B00BFE3
:10C360003846BDE8FC8170B504460D460E222946CC
:10C370002046FFF7D2FF70BD70B504460D460C2273
:10C3800029462046FFF7C9FF70BD00004D515454A7
:10C39000000000004D5149736470000030B5024642
:10C3A000002300BF0846CD1701EB5565ED11A1EB49
:10C3B000C515ECB2CD1701EB5565E911002901DD7A
:10C3C00044F0800418465B1C14540029EADC18462B
:10C3D00030BD2DE9F84305460C4601260027002014
:10C3E000206000BF4FF0FF38781C0746042801DDAD
:10C3F00000BF16E001216846A8478046B8F1010F4A
:10C4000000D00EE09DF8001001F07F01206801FBD4
:10C4100006002060F6019DF8000010F0800FE1D1C9
:10C4200000BF3846BDE8F883401C802801DA401C74
:10C430000AE0B0F5804F01DA801C05E0D34988425C
:10C4400001DAC01C00E0001D704710B50246002351
:10C4500009E0CF48006800781070CD480068401CA3
:10C46000CB4C20605B1C8B42F3DB084610BD70B5E3
:10C4700004460D46C64804602946AFF23100FFF776
:10C48000A8FF70BD30B501460A68537814784FF4A0
:10C49000807505FB04300B689B1C0B6030BD0146AA
:10C4A0000A6810780A68521C0A60704702681170A6
:10C4B0000268521C0260704710B50A46CB1701EBA8
:10C4C00013631B0A046823700268521C02600A4648
:10C4D000CB1701EB13631B12A1EB0323046823703A
:10C4E0000268521C026010BD70B504460E4630460C
:10C4F00018F010FB054629462046FFF7DDFF2A46C7
:10C500003146206818F07CFB20682844206070BD0C
:10C5100010B501464A780B784FF4807404FB032071
:10C5200010BD1FB50446029800280DDD2046029973
:10C53000FFF7C2FFDDE90221206818F061FB2068E7
:10C540000299084420600AE0019820B12046019930
:10C55000FFF7CAFF03E000212046FFF7ADFF1FBD34
:10C560002DE9F04105460C46164600272068301A92
:10C57000012812DD2046FFF785FF686020686968A2
:10C580000844B04206D82168A96020686968084458
:10C59000206001277FA017F085FF00202860384623
:10C5A000BDE8F08137B50024009820B1009818F05C
:10C5B000B1FA044600E0019C20463EBD2DE9F04161
:10C5C00004460E460027B846206828B12568206832
:10C5D00018F0A0FA074601E0A5686768304618F031
:10C5E00099FA8046474508D13A463146284618F020
:10C5F000B0FA10B90120BDE8F0810020FBE72DE979
:10C60000FC4104460F4615464FF0FF3800200190CC
:10C610000026009001212046A847012800D01CE0F8
:10C62000012669462846FFF7D4FE601C0099FFF7F3
:10C63000B5FE064400983044B84200DD0DE0A01974
:10C640000099A8470099884200D006E020788DF82C
:10C6500004000198C0F3031800BF4046BDE8FC8108
:10C66000F8B504464FF0FF36206918B90120A060E4
:10C670000020E06000BF2069401C2061042800DD2C
:10C680001EE001226946D4E9003098470546401C67
:10C6900000D115E00DB9002612E09DF8001001F060
:10C6A0007F01D4E9022001FB0200E060A068C00124
:10C6B000A0609DF8000010F0800FDCD1266900BF5B
:10C6C0003046F8BD2DE9F84306460F4614464FF0B4
:10C6D000FF3800200090207D30B1012817D00228BB
:10C6E0002FD00020207500BF01223146D4E9003050
:10C6F00098470546401C00D144E015B90020BDE82C
:10C70000F88300202061207D401C207500BF20465A
:10C71000FFF7A6FF0546401C00D133E00DB900200D
:10C72000EDE7701CE168FFF739FE401C2061D4E999
:10C7300003010844B84200DD24E0207D401C207540
:10C7400000BFD4E9032C0CEB0601D4E90030984774
:10C750000546401C00D115E00DB90020CFE7E06888
:10C76000401BE060206928442061E06808B1002097
:10C77000C5E730788DF800000098C0F3031800BFBB
:10C7800000BF00BF002020754046B8E7FFFF1F0034
:10C79000E8010020000000007FB50546089E002447
:10C7A00001A807C8FFF7FEFE801C30440444002D9A
:10C7B00000DDA41C204604B070BD2DE9F04F87B009
:10C7C00005460F4690461C46DDE915B6DDE9109A90
:10C7D000069500200590049003900096204612A92B
:10C7E0000EC9FFF7D9FF04900290FFF71DFEB84273
:10C7F00003DD6FF00100039033E0059820F0F000B6
:10C8000030300590059868F3C3000590059864F3EF
:10C8100042000590059869F3000005909DF81410FA
:10C8200006A8FFF743FE04990698FFF7B7FD06999F
:10C830000844069006A812A90EC9FFF772FE002C44
:10C8400003DD514606A8FFF737FE324659460698E3
:10C8500018F0D6F90698304406900698401B0390CD
:10C8600000BF039807B0BDE8F08F2DE9FC470446F0
:10C870000E4615461F46DDF82880002001908146AF
:10C880000094042E02DA6FF0010924E0019865F3A8
:10C8900007100190019867F3C3000190062D01D1A4
:10C8A000012100E00021019861F3420001909DF810
:10C8B00004106846FFF7FAFD02210098FFF76EFDAD
:10C8C00000990844009041466846FFF7F5FD00983E
:10C8D000A0EB040900BF4846BDE8FC87F8B5054653
:10C8E0000E46144600230422314628460094FFF7E2
:10C8F000BCFFF8BDF8B506460F4614461D46234654
:10C900000622394630460095FFF7AFFFF8BDF8B56F
:10C9100005460E4614460023072231462846009459
:10C92000FFF7A3FFF8BD2DE9F04105460E460227AB
:10C9300000240AE004EB440006EB800393E80700C0
:10C94000FFF730FEC01C0744641CAC42F2DB3846E3
:10C95000BDE8F0812DE9FF5F05460E461746984673
:10C96000DDE90E9A039500200290019000900024CA
:10C9700051464846FFF7D7FF83460190FFF754FD25
:10C98000B04202DDA01E009039E000208DF80800C2
:10C99000029820F0F00080300290029867F3C30004
:10C9A0000290029820F00600801C02909DF808106A
:10C9B00003A8FFF77BFD01990398FFF7EFFC0399AC
:10C9C00008440390414603A8FFF776FD002410E0D9
:10C9D00004EB44000AEB800C03A89CE80E00FFF770
:10C9E000A0FD109850F82400C1B203A8FFF75EFD27
:10C9F000641C4C45ECDB0398401B009000BF009882
:10CA000004B0BDE8F09F2DE9FE4F05460E461446E2
:10CA10001F46DDE90C9B00200290CDF80490804673
:10CA2000824601A8FFF73BFD8DF808000298C0F38D
:10CA30000310092800D02CE069460198FFF717FD84
:10CA40008246019908440190DDE9001000EB0108DD
:10CA50000198A8EB0000022800DA1AE001A8FFF70D
:10CA600011FD2880002020600DE02068B04202DD2A
:10CA70004FF0FF3A0DE001A8FFF711FD2268511CAD
:10CA8000216047F8220001984045EED34FF0010A9B
:10CA900000BF5046BDE8FE8F10B5044600BF00BF82
:10CAA0004FF48C71204618F099F910BD10B504466A
:10CAB00004B910BD4FF48C71204608F0ABFB00BFE9
:10CAC000F7E7F0B503460C46154600BF00BF00BFB0
:10CAD00000BF802D05D0C02D06D0B5F5807F09D1CF
:10CAE00005E00A20186008E00C20186005E00E2020
:10CAF000186002E06FF01F00F0BD00BF03F10801F5
:10CB00005960002216E014F82200012606EB820686
:10CB1000A65D40EA0620022606EB8206A65D40EAF4
:10CB20000640032606EB8206A65D40EA066041F851
:10CB30002200521CB2EB551FE5D318680A2804D016
:10CB40000C2831D00E282ED165E0002229E0FE4EBF
:10CB500056F8226008687040CE68C6F30726FB4F7F
:10CB6000BE5D7040CE68C6F30746BE5D80EA06260D
:10CB7000C868000E385C86EA0040CE68F6B2BE5D3A
:10CB800080EA066008610E694868704048614E6935
:10CB90008868704088618E69C8687040C861521C9E
:10CBA00010310A2AD3D388E0002231E0E64E56F84D
:10CBB0002260086870404E69C6F30726E34FBE5DE9
:10CBC00070404E69C6F30746BE5D80EA0626486996
:10CBD000000E385C86EA00404E69F6B2BE5D80EA1F
:10CBE000066088618E6948687040C861CE6988684F
:10CBF000704008620E6AC868704048624E6A0869F0
:10CC0000704088628E6A48697040C862521C183150
:10CC1000082ACBD351E000224CE0CB4E56F82260DC
:10CC200008687040CE69C6F30726C84FBE5D7040E5
:10CC3000CE69C6F30746BE5D80EA0626C869000EC7
:10CC4000385C86EA0040CE69F6B2BE5D80EA0660D6
:10CC500008620E6A4868704048624E6A8868704090
:10CC600088628E6AC8687040C862CE6AF6B2BE5DDD
:10CC700008697040CE6AC6F30726BE5D80EA0620CA
:10CC8000CE6AC6F30746BE5D80EA0646C86A000E55
:10CC9000385C86EA006008630E6B48697040486340
:10CCA0004E6B8869704088638E6BC8697040C8633A
:10CCB000521C2031072AB0D300BF00BF00201BE761
:10CCC0002DE9F04FC7B006468A46934600BF00BF25
:10CCD00000BF00BF01A8FFF7DFFE06F10805756081
:10CCE0005A46514601A8FFF7ECFE5FEA000900D062
:10CCF00049E001983060DDE9011000EB011401CC3E
:10CD000001C501CC01C501CC01C501CC01C530680C
:10CD1000471E203C2CE04FF0000824E02068C0B201
:10CD20008A49085C8A4951F820002168C1F307212B
:10CD3000864A515C874A52F8211048402168C1F365
:10CD40000741824A515C844A52F8211048402168C8
:10CD5000090E7E4A515C814A52F82110484001C5B3
:10CD600008F10108241DB8F1040FD7DB7F1E203C19
:10CD7000002FD0DC01CC01C501CC01C501CC01C51F
:10CD800001CC01C500BF01A8FFF790FE484647B09F
:10CD9000BDE8F08FF0B589B006460C4615467068C0
:10CDA00008902078617840EA0120A17840EA0140AB
:10CDB000E17840EA01600790089800680899091D29
:10CDC00008910799484007902079617940EA01204D
:10CDD000A17940EA0140E17940EA016006900898B3
:10CDE00000680899091D0891069948400690207A24
:10CDF000617A40EA0120A17A40EA0140E17A40EA02
:10CE000001600590089800680899091D0891059926
:10CE100048400590207B617B40EA0120A17B40EAED
:10CE20000140E17B40EA016004900898006808999D
:10CE3000091D089104994840049001213068C1EB14
:10CE4000600719E100BF089800680899091D08915A
:10CE50000799C9B2424A52F8211048404149069AFE
:10CE6000C2F3072251F8221048403F49059AC2F305
:10CE7000074251F8221048400499090E3B4A52F8E3
:10CE8000211048400390089800680899091D0891EE
:10CE90000699C9B2324A52F8211048403149059AE0
:10CEA000C2F3072251F8221048402F49049AC2F3D6
:10CEB000074251F8221048400799090E2B4A52F8B0
:10CEC000211048400290089800680899091D0891AF
:10CED0000599C9B2224A52F8211048402149049AC2
:10CEE000C2F3072251F8221048401F49079AC2F3A3
:10CEF000074251F8221048400699090E1B4A52F881
:10CF0000211048400190089800680899091D08916F
:10CF10000499C9B2124A52F8211048401149079A9F
:10CF2000C2F3072251F8221048400F49069AC2F373
:10CF3000074251F8221048400599090E0B4A52F851
:10CF400021104840009013E090A502009083020059
:10CF50009095020090990200909D020090A102001D
:10CF60009084020090880200908C02009090020051
:10CF700000BF00BF089800680899091D089103992F
:10CF8000C9B2FE4A52F821104840FD49029AC2F344
:10CF9000072251F822104840FA49019AC2F3074289
:10CFA00051F8221048400099090EF74A52F8211012
:10CFB00048400790089800680899091D089102994F
:10CFC000C9B2EE4A52F821104840ED49019AC2F325
:10CFD000072251F822104840EA49009AC2F307425A
:10CFE00051F8221048400399090EE74A52F82110DF
:10CFF00048400690089800680899091D0891019911
:10D00000C9B2DE4A52F821104840DD49009AC2F305
:10D01000072251F822104840DA49039AC2F3074226
:10D0200051F8221048400299090ED74A52F82110AF
:10D0300048400590089800680899091D08910099D2
:10D04000C9B2CE4A52F821104840CD49039AC2F3E2
:10D05000072251F822104840CA49029AC2F30742F7
:10D0600051F8221048400199090EC74A52F8211080
:10D070004840049000BF7F1E002F3FF7E3AE00BF83
:10D08000089800680899091D08910799C9B2BB4A18
:10D0900052F821104840BA49069AC2F3072251F8C3
:10D0A00022104840B749059AC2F3074251F82210AE
:10D0B00048400499090EB44A52F8211048400390A0
:10D0C000089800680899091D08910699C9B2AB4AE9
:10D0D00052F821104840AA49059AC2F3072251F894
:10D0E00022104840A749049AC2F3074251F822107F
:10D0F00048400799090EA44A52F82110484002906E
:10D10000089800680899091D08910599C9B29B4AB9
:10D1100052F8211048409A49049AC2F3072251F864
:10D12000221048409749079AC2F3074251F822104B
:10D1300048400699090E944A52F82110484001903F
:10D14000089800680899091D08910499C9B28B4A8A
:10D1500052F8211048408A49079AC2F3072251F831
:10D16000221048408749069AC2F3074251F822101C
:10D1700048400599090E844A52F821104840009011
:10D1800000BF089800680899091D08910399C9B261
:10D190007E4A515C48401146029AC2F30722895CDC
:10D1A00080EA01217948019AC2F30742805C81EA52
:10D1B00000410098000E754A105C81EA00600790FB
:10D1C000089800680899091D08910299C9B2515C34
:10D1D00048401146019AC2F30722895C80EA012087
:10D1E0006A49009AC2F30742895C80EA01410398C8
:10D1F000000E664A105C81EA00600690089800689C
:10D200000899091D08910199C9B2515C484011461D
:10D21000009AC2F30722895C80EA01215B48039AE5
:10D22000C2F30742805C81EA00410298000E574A2F
:10D23000105C81EA00600590089800680899091D53
:10D2400008910099C9B2515C48401146039AC2F353
:10D250000722895C80EA01214C48029AC2F3074206
:10D26000805C81EA00410198000E484A105C81EA26
:10D2700000600490079828700798000A6870079863
:10D28000000CA8700798000EE870069828710698A0
:10D29000000A68710698000CA8710698000EE871E3
:10D2A000059828720598000A68720598000CA87203
:10D2B0000598000EE872049828730498000A6873B1
:10D2C0000498000CA8730498000EE873042107A8C2
:10D2D00007F0A0FF042106A807F09CFF042105A881
:10D2E00007F098FF042104A807F094FF042103A885
:10D2F00007F090FF042102A807F08CFF042101A889
:10D3000007F088FF0421684607F084FF042108A87D
:10D3100007F080FF002009B0F0BD70B504460D464F
:10D320001646324629462046FFF734FD70BDF0B55B
:10D3300089B006460C4615467068089020786178DA
:10D3400040EA0120A17840EA0140E17840EA01602A
:10D350000790089800680899091D089107994840A6
:10D3600007902079617940EA0120A17940EA0140E3
:10D37000E17940EA01600690089809E09084020093
:10D3800090880200908C020090900200908302002E
:10D3900000680899091D0891069948400690207A6E
:10D3A000617A40EA0120A17A40EA0140E17A40EA4C
:10D3B00001600590089800680899091D0891059971
:10D3C00048400590207B617B40EA0120A17B40EA38
:10D3D0000140E17B40EA01600490089800680899E8
:10D3E000091D089104994840049001213068C1EB5F
:10D3F000600704E100BF089800680899091D0891BA
:10D400000799C9B2FE4A52F821104840FD49049AD2
:10D41000C2F3072251F822104840FB49059AC2F393
:10D42000074251F8221048400699090EF74A52F86F
:10D43000211048400390089800680899091D089138
:10D440000699C9B2EE4A52F821104840ED49079AB0
:10D45000C2F3072251F822104840EB49049AC2F364
:10D46000074251F8221048400599090EE74A52F840
:10D47000211048400290089800680899091D0891F9
:10D480000599C9B2DE4A52F821104840DD49069A92
:10D49000C2F3072251F822104840DB49079AC2F331
:10D4A000074251F8221048400499090ED74A52F811
:10D4B000211048400190089800680899091D0891BA
:10D4C0000499C9B2CE4A52F821104840CD49059A74
:10D4D000C2F3072251F822104840CB49069AC2F302
:10D4E000074251F8221048400799090EC74A52F8DE
:10D4F00021104840009000BF00BF089800680899BC
:10D50000091D08910399C9B2BD4A52F8211048403B
:10D51000BC49009AC2F3072251F822104840BA4988
:10D52000019AC2F3074251F8221048400299090EAD
:10D53000B64A52F8211048400790089800680899A8
:10D54000091D08910299C9B2AD4A52F8211048400C
:10D55000AC49039AC2F3072251F822104840AA4965
:10D56000009AC2F3074251F8221048400199090E6F
:10D57000A64A52F821104840069008980068089979
:10D58000091D08910199C9B29D4A52F821104840DD
:10D590009C49029AC2F3072251F8221048409A4946
:10D5A000039AC2F3074251F8221048400099090E2D
:10D5B000964A52F82110484005900898006808994A
:10D5C000091D08910099C9B28D4A52F821104840AE
:10D5D0008C49019AC2F3072251F8221048408A4927
:10D5E000029AC2F3074251F8221048400399090EEB
:10D5F000864A52F821104840049000BF7F1E002F39
:10D600003FF7F8AE00BF089800680899091D089117
:10D610000799C9B27A4A52F8211048407949049AC8
:10D62000C2F3072251F8221048407749059AC2F305
:10D63000074251F8221048400699090E734A52F8E1
:10D64000211048400390089800680899091D089126
:10D650000699C9B26A4A52F8211048406949079AA6
:10D66000C2F3072251F8221048406749049AC2F3D6
:10D67000074251F8221048400599090E634A52F8B2
:10D68000211048400290089800680899091D0891E7
:10D690000599C9B25A4A52F8211048405949069A88
:10D6A000C2F3072251F8221048405749079AC2F3A3
:10D6B000074251F8221048400499090E534A52F883
:10D6C000211048400190089800680899091D0891A8
:10D6D0000499C9B24A4A52F8211048404949059A6A
:10D6E000C2F3072251F8221048404749069AC2F374
:10D6F000074251F8221048400799090E434A52F850
:10D7000021104840009000BF089800680899091D42
:10D7100008910399C9B23E4A515C48401146009AAB
:10D72000C2F30722895C80EA01213948019AC2F3D9
:10D730000742805C81EA00410298000E344A105C86
:10D7400081EA00600790089800680899091D08910F
:10D750000299C9B2515C48401146039AC2F30722AC
:10D76000895C80EA01202A49009AC2F30742895C59
:10D7700080EA01410198000E254A105C81EA0060B0
:10D780000690089800680899091D08910199C9B286
:10D79000515C48401146029AC2F30722895C80EA34
:10D7A00001211B48039AC2F30742805C81EA0041D1
:10D7B0000098000E164A105C81EA006005900898F7
:10D7C00000680899091D08910099C9B2515C484048
:10D7D0001146019AC2F30722895C80EA01210C48B4
:10D7E000029AC2F30742805C81EA00410398000E6E
:10D7F000074A105C81EA006004900798287009E0ED
:10D800009095020090990200909D020090A1020064
:10D81000909402000798000A68700798000CA8709E
:10D820000798000EE870069828710698000A68713B
:10D830000698000CA8710698000EE87105982872E9
:10D840000598000A68720598000CA8720598000EE9
:10D85000E872049828730498000A68730498000C0E
:10D86000A8730498000EE873042107A807F0D2FCFF
:10D87000042106A807F0CEFC042105A807F0CAFC85
:10D88000042104A807F0C6FC042103A807F0C2FC89
:10D89000042102A807F0BEFC042101A807F0BAFC8D
:10D8A0000421684607F0B6FC042108A807F0B2FC82
:10D8B000002009B0F0BD70B504460D46164632464C
:10D8C00029462046FFF733FD70BD2DE9F04107469C
:10D8D0000C4615461E4600BF00BF00BF00BF00BF7C
:10D8E00000BF00BF00BF012C06D132462946384692
:10D8F000FFF750FABDE8F081324629463846FFF777
:10D9000016FDF7E72DE9FF478246894616469846F9
:10D91000DDE90C7500BF00BF00BF00BF00BF00BF46
:10D9200000BF00BF00BF00BF16F00F0F04D06FF0A4
:10D93000210004B0BDE8F087B9F1000F20D11CE050
:10D9400010223946684617F05BF92B463A4649469D
:10D950005046FFF7BAFF002405E0285D18F80410D0
:10D9600048402855641C102CF7DB102269464046BD
:10D9700017F046F910371035103E002EE0D11AE0AE
:10D9800017E0002405E0385D18F8041048402855D9
:10D99000641C102CF7DB2B462A4649465046FFF7FD
:10D9A00094FF10222946404617F02AF91037103507
:10D9B000103E002EE5D10020BBE7000010B5034665
:10D9C0001868081A012802DA6FF05F0010BD1868A5
:10D9D000007810F0800F05D11C68601C186020785A
:10D9E000106060E01868007800F07F00012806D021
:10D9F000022812D0032822D0042850D135E018681C
:10DA0000081A022802DA6FF05F00DFE71868407832
:10DA100010601868801C186044E01868081A032811
:10DA200002DA6FF05F00D1E7186880781C686478CC
:10DA300040EA042010601868C01C186032E01868C2
:10DA4000081A042802DA6FF05F00BFE71868407810
:10DA500000041C68A47840EA04201C68E478204391
:10DA600010601868001D18601CE01868081A052866
:10DA700002DA6FF05F00A9E71868407800061C68BA
:10DA8000A47840EA04401C68E47840EA04201C685A
:10DA90002479204310601868401D186002E06FF080
:10DAA000630093E700BF10681C680C1BA04202D9FA
:10DAB0006FF05F008AE7002088E7F0B504460D4666
:10DAC00017461E462068281A012802DA6FF05F0008
:10DAD000F0BD20680078B04202D06FF06100F7E737
:10DAE0002068401C20603A4629462046FFF766FF22
:10DAF000EEE7F8B504460E4615466FF06D070123B4
:10DB00006A4631462046FFF7D8FF070001D0384665
:10DB1000F8BD0098012802D06FF06300F8E7206894
:10DB2000007808B1012000E0002028602068401C37
:10DB300020600020ECE72DE9F84104460F46164628
:10DB40001D466FF06D0833466A4639462046FFF79A
:10DB5000B4FF5FEA000802D04046BDE8F8810098B3
:10DB600010B96FF06300F8E72068007810F0800FBC
:10DB700002D06FF06300F0E705E02068401C2060F1
:10DB80000098401E0090009818B120680078002886
:10DB9000F3D00098042802D96FF06300DDE7009805
:10DBA000042807D12068007810F0800F02D06FF0B1
:10DBB0006300D2E70020286008E020680078296828
:10DBC00040EA012028602068401C20600099481E1F
:10DBD00000900029F1D10020BFE770B505460E4640
:10DBE00014462346022231462846FFF7A4FF70BDA3
:10DBF00070B505460E46144623460A22314628468D
:10DC0000FFF799FF70BDF8B504460E4615466FF054
:10DC10006D0702236A4631462046FFF74EFF070094
:10DC200001D03846F8BD21682846009A02F07AFBF8
:10DC3000074620680099084420603846F2E7F0B5AE
:10DC400004460E4615466FF06D0703232A463146FB
:10DC50002046FFF732FF070001D03846F0BD2868A4
:10DC600010B96FF05F00F9E72868401E286020684F
:10DC7000007828712879072802DD6FF06300EDE74E
:10DC80002068401C20602068A8602068296808443B
:10DC900020602068B04202D06FF06500DEE700200F
:10DCA000DCE72DE9F84F04460D4617469846DDF8A7
:10DCB00028B0DDF8309030236A4629462046FFF729
:10DCC000FCFE5FEA000A02D05046BDE8F88F2068EB
:10DCD00000990844A84202D06FF06500F5E72CE0F7
:10DCE0002168481C20600E7806EA0700404502D0F3
:10DCF0006FF06100E9E76A4629462046FFF75EFEBD
:10DD00005FEA000A01D05046DFE706EA0B000B99F4
:10DD100088420DD1B9F1000F0AD022683146009B2C
:10DD20000D98C8478246BAF1000F01D05046CCE7A3
:10DD3000206800990844206000BF2068A842CFD323
:10DD40000020C2E7F0B504460E4615466FF06D0799
:10DD500003232A4631462046FFF7AFFE070001D0D5
:10DD60003846F0BD286810B96FF06700F9E72868F9
:10DD7000401E28602068007810B16FF06700F0E75F
:10DD80002068401C20600020EBE770B5044609E0E5
:10DD9000E5681021204607F03DFA204616F0B1FA5A
:10DDA0002C4600BF002CF3D170BD2DE9F04705468D
:10DDB0000E4617469846A946D9F80440A06858B1BF
:10DDC0001021012016F05AFAE060E06818B96FF0EF
:10DDD0006900BDE8F087E468A760C4F804802660A5
:10DDE000C9F804400020F4E7F0B587B006460F46B6
:10DDF00014461D4606940595002020606060A060D2
:10DE0000E06005A85D4900220092EBB2CDE9012156
:10DE10000390FF2239463046FFF743FF07B0F0BDBD
:10DE20002DE9F84304460F4616461D466FF06D086F
:10DE300030236A4639462046FFF73FFE5FEA000876
:10DE400002D04046BDE8F8832068381A012802DA7B
:10DE50006FF05F00F6E72068007830602068009976
:10DE600047180623321D39462046FFF726FE5FEA93
:10DE7000000801D04046E5E72068B060206871687E
:10DE8000084420602068B84205D10C21284607F0DC
:10DE9000C1F90020D6E72068007828602068401C7F
:10DEA00020602A1D39462046FFF788FD5FEA0008FA
:10DEB00001D04046C6E72068A86020686968084429
:10DEC00020602068B84202D06FF06500BAE70020F9
:10DED000B8E7FEB504460D4616466FF06D07002004
:10DEE0000090019002906B46324629462046FFF78B
:10DEF00097FF070001D03846FEBD0098052801D0E5
:10DF0000009808B9019810B16FF06700F4E700209D
:10DF1000F2E710B5044604B910BDA06816F0F1F997
:10DF2000606916F0EEF92021204607F073F900BF72
:10DF3000F2E770B5044607E0A86920602846FFF7BD
:10DF4000E8FF284616F0DDF92568002DF4D170BDF4
:10DF500070B504460E4615460AE06068A84206D130
:10DF60002A463146A06816F085FD00B902E0A46992
:10DF7000002CF2D100BF204670BD0000ABDD0000D8
:10DF800070B505460C46A100284607F043F970BD60
:10DF900000BF00BF01210160002141608160704726
:10DFA00010B5044604B910BDA06830B1D4E9011021
:10DFB000FFF7E6FFA06816F0A4F90120206000201A
:10DFC0006060A06000BFEEE770B504460D4600BF7C
:10DFD00000BF42F21070854202D96FF00F0070BD91
:10DFE0006068A84219D20421284616F047F90600B5
:10DFF00002D16FF00F00F2E7A06860B160688200A4
:10E000003046A16816F083FED4E90110FFF7B8FF8F
:10E01000A06816F076F96560A6600020DFE72DE9BC
:10E02000F04104460E4600BF00BF42F21070864227
:10E0300003D96FF00F00BDE8F0816068B04204D8EA
:10E0400031462046FFF7C0FFF5E76068451E05E052
:10E05000A06850F8250000B102E06D1E002DF7D138
:10E0600000BF6D1CB54200D235460421284616F08B
:10E0700005F9070002D16FF00F00DCE7A06858B186
:10E08000AA003846A16816F042FED4E90110FFF755
:10E0900077FFA06816F035F96560A7600020CAE731
:10E0A0002DE9F04105460E46002700BF00BF00BF26
:10E0B00000BFB54202D10020BDE8F081706820B9F0
:10E0C0002846FFF76DFF0020F6E77068441E05E064
:10E0D000B06850F8240000B102E0641E002CF7D1B3
:10E0E00000BF641C306828606868A04208D200BF86
:10E0F00021462846FFF768FF070000D00EE007E042
:10E10000AA6802EB84006A68121B910016F066FE92
:10E11000A200B168A86816F0FAFD00BF3846CBE748
:10E120001EB500BF00BF00BF00BF90E81C008DE817
:10E130001C0091E81C0080E81C009DE81C0081E8A0
:10E140001C001EBD70B5044600200BE051F82050A5
:10E15000C3F10106754352F8206006FB035541F8F0
:10E160002050401CA042F1D370BD2DE9F04104467F
:10E170000E4615464FF0000800BF00BF00BF00BFAD
:10E180006842C0B22843C51100BF20467168FFF73E
:10E190001BFF5FEA000800D01EE000BFC5F10101CF
:10E1A00020684843316801FB05002060B268A1681F
:10E1B0002B467068FFF7C6FF776809E0A06850F843
:10E1C0002700C5F101014843A16841F827007F1CE1
:10E1D0006068B842F2D800BF4046BDE8F0812DE942
:10E1E000F04705460E46144600BF00BF00BF00BF03
:10E1F000B54202D10020BDE8F0876042C0B22043A2
:10E20000C41100BF28467168FFF7DEFE5FEA000A0E
:10E2100000D03EE000BF00BF30466968FFF7D4FE83
:10E220005FEA000A00D034E000BFD5F80080C4F1F6
:10E23000010128684843316801FB04002860C4F1EB
:10E2400001013068484308FB0400306000271CE0EF
:10E25000A86850F82790A86850F82700C4F1010179
:10E260004843B16851F8271001FB0400A96841F840
:10E270002700B06850F82700C4F10101484309FBAA
:10E280000400B16841F827007F1C6868B842DFD8F5
:10E2900000BF5046AFE770B504460D466FF06D06FF
:10E2A00000BF00BF00BF01212046FFF78DFE060022
:10E2B00000D014E000BF62689100A06816F08EFDE7
:10E2C000002D01DA684200E02846A1680860002DB0
:10E2D00002DA4FF0FF3000E00120206000BF30463E
:10E2E00070BD024600BF00BF5068B1EB401F01D3B4
:10E2F000002070474B09906850F8230001F01F037D
:10E30000D84000F00100F4E72DE9F04704460F463D
:10E3100015464FF000097E0907F01F0800BF00BF37
:10E320002DB1012D03D06FF00300BDE8F0876068C8
:10E33000B7EB401F0CD30DB90020F6E700BF711CEE
:10E340002046FFF741FE5FEA000900D014E000BF5D
:10E35000A06850F82600012101FA08F18843A1685D
:10E3600041F82600A06850F8260005FA08F1084395
:10E37000A16841F8260000BF4846D6E710B502461E
:10E38000002400BF00BF00210FE000230AE09068D6
:10E3900050F82100D84010F0010F01D0204610BDE8
:10E3A0005B1C641C202BF2D3491C50688842ECD8BB
:10E3B0000020F4E702464FF00041002004E00A424A
:10E3C00000D003E04908401C2028F8D300BF704764
:10E3D00070B50546686808B9002070BD6868441EBD
:10E3E00005E0A86850F8240000B102E0641E002C8B
:10E3F000F7D100BFA96851F82400FFF7DBFFC0F197
:10E40000200606EB4410E8E710B504462046FFF767
:10E41000DFFFC01DC00810BD0346FF201860302A72
:10E4200004DB392A02DCA2F130001860412A04DB47
:10E43000462A02DCA2F137001860612A04DB662A52
:10E4400002DCA2F1570018601868884202D36FF00E
:10E45000050070470020FCE72DE9FC5F05468A4671
:10E4600091466FF06D00019000BF00BF00BF00BF7C
:10E4700000BF00BF4D4503D15046AA46814600BFAC
:10E48000554508D000BF51462846FFF709FE0190C8
:10E4900000B160E000BF01202860D9F8048009E0E5
:10E4A000A8F10100D9F8081051F8200000B104E0EB
:10E4B000A8F10108B8F1000FF2D100BF00BF41463A
:10E4C0002846FFF781FD019000B144E000BFD9F874
:10E4D00008000090AC68002700261BE00098D0F8E8
:10E4E00000B02068384420602068B84201D2012082
:10E4F00000E0002007462068584420602068584506
:10E5000001D2012000E000200744761C0098001D85
:10E510000090241D4645E1D31AE06868B0420BD84C
:10E5200000BF711C2846FFF74FFD019000B112E0BB
:10E5300000BFA86800EB860420683844206020688B
:10E54000B84201D2012000E000200746761C241DBD
:10E55000002FE2D100BF0198BDE8FC9FF0B5034653
:10E5600000263046344618E00E68864201D2012665
:10E5700000E0002635460E68361A0E600E681768F1
:10E58000BE4201D2012600E0002670190E6817680D
:10E59000F61B0E60641C121D091D9C42E4D3F0BDE5
:10E5A0002DE9FE430546884616466FF06D0900BF0B
:10E5B00000BF00BF00BF00BF00BF6846FFF7E8FC18
:10E5C000B5420AD100BF31466846FFF769FD5FEAF0
:10E5D000000900D044E000BF6E46454509D000BFA9
:10E5E00041462846FFF75CFD5FEA000900D037E0AE
:10E5F00000BF012028604FF00009746806E0601E2B
:10E60000B16851F8200000B102E0641E002CF6D180
:10E6100000BFB2682046A968FFF7A0FF0746F7B120
:10E6200007E0A86850F82400401EA96841F82400BB
:10E63000641C6868A04204D9A86850F82400002827
:10E64000EFD06868A04203D16FF00900BDE8FE83F7
:10E65000A86850F82400401EA96841F8240000BFB3
:10E660006846FFF79DFC4846F0E770B503460C4648
:10E6700000BF00BF00BF00BF596806E0481E9D688C
:10E6800055F8200000B102E0491E0029F6D100BF74
:10E69000626806E0501EA56855F8200000B102E04F
:10E6A000521E002AF6D100BF11B90AB9002070BD70
:10E6B000914201D90120FAE78A4202D94FF0FF3096
:10E6C000F5E717E0481E9D6855F82050A66856F8F3
:10E6D0002000854201D90120E9E7481E9D6855F8D0
:10E6E0002050A66856F82000854202D24FF0FF3035
:10E6F000DDE7491E0029E5D10020D8E72DE9F041EA
:10E7000005460C46174600BF00BF00BF00BF00BF54
:10E7100000BF2668206839684843002820DD394654
:10E720002046FFF7A2FF00280CDB00BF3A46214637
:10E730002846FFF735FF5FEA000800D01DE000BF64
:10E740002E6019E000BF224639462846FFF728FF11
:10E750005FEA000800D010E000BF704228600BE0C4
:10E7600000BF3A4621462846FFF776FE5FEA0008DA
:10E7700000D002E000BF2E6000BF4046BDE8F0813F
:10E780007FB505460E46144600BF00BF00BF00BF60
:10E79000002C01DA604200E020460090002C02DAF2
:10E7A0004FF0FF3000E00120019001200290CDF8F1
:10E7B0000CD001AA31462846FFF7A0FF04B070BD77
:10E7C0002DE9F04105460C46174600BF00BF00BFCB
:10E7D00000BF00BF00BF2668206839684843002892
:10E7E00020DA39462046FFF740FF00280CDB00BF47
:10E7F0003A4621462846FFF7D3FE5FEA000800D0DC
:10E800001DE000BF2E6019E000BF224639462846B1
:10E81000FFF7C6FE5FEA000800D010E000BF7042BC
:10E8200028600BE000BF3A4621462846FFF714FE59
:10E830005FEA000800D002E000BF2E6000BF404643
:10E84000BDE8F0817FB505460E46144600BF00BF07
:10E8500000BF00BF002C01DA604200E020460090BB
:10E86000002C02DA4FF0FF3000E00120019001207F
:10E870000290CDF80CD001AA31462846FFF7A0FF40
:10E8800004B070BD2DE9F84F07460C469C460026A3
:10E8900000200090EFE31FFA8CFA4FEA1C4BD4F8EB
:10E8A00000E01FFA8EF8D4F800E04FEA1E49241D5C
:10E8B00008FB0BF308FB0AF009FB0AF509FB0BF157
:10E8C00001EB134101EB15411B042D041844984240
:10E8D00002D24FF0010E01E04FF0000E71442844C7
:10E8E000A84202D24FF0010E01E04FF0000E714439
:10E8F0003044B04202D24FF0010E01E04FF0000E62
:10E900007144D2F800E07044D2F800E0864502D9A4
:10E910004FF0010E01E04FF0000E71440E4601C2AF
:10E92000D4F800E01FFA8EF8D4F800E04FEA1E4950
:10E93000241D08FB0BF308FB0AF009FB0AF509FB91
:10E940000BF101EB134101EB15411B042D0418449D
:10E95000984202D24FF0010E01E04FF0000E7144D8
:10E960002844A84202D24FF0010E01E04FF0000E01
:10E9700071443044B04202D24FF0010E01E04FF03A
:10E98000000E7144D2F800E07044D2F800E08645F1
:10E9900002D94FF0010E01E04FF0000E71440E4617
:10E9A00001C2D4F800E01FFA8EF8D4F800E04FEA74
:10E9B0001E49241D08FB0BF308FB0AF009FB0AF5AE
:10E9C00009FB0BF101EB134101EB15411B042D0475
:10E9D0001844984202D24FF0010E01E04FF0000EB1
:10E9E00071442844A84202D24FF0010E01E04FF0DA
:10E9F000000E71443044B04202D24FF0010E01E0EB
:10EA00004FF0000E7144D2F800E07044D2F800E0FC
:10EA1000864502D94FF0010E01E04FF0000E71441F
:10EA20000E4601C2D4F800E01FFA8EF8D4F800E0D8
:10EA30004FEA1E49241D08FB0BF308FB0AF009FBF3
:10EA40000AF509FB0BF101EB134101EB15411B0426
:10EA50002D041844984202D24FF0010E01E04FF00D
:10EA6000000E71442844A84202D24FF0010E01E08A
:10EA70004FF0000E71443044B04202D24FF0010E0C
:10EA800001E04FF0000E7144D2F800E07044D2F87B
:10EA900000E0864502D94FF0010E01E04FF0000E74
:10EAA00071440E4601C2D4F800E01FFA8EF8D4F883
:10EAB00000E04FEA1E49241D08FB0BF308FB0AF097
:10EAC00009FB0AF509FB0BF101EB134101EB1541C1
:10EAD0001B042D041844984202D24FF0010E01E0AD
:10EAE0004FF0000E71442844A84202D24FF0010EAC
:10EAF00001E04FF0000E71443044B04202D24FF0BA
:10EB0000010E01E04FF0000E7144D2F800E07044B5
:10EB1000D2F800E0864502D94FF0010E01E04FF037
:10EB2000000E71440E4601C2D4F800E01FFA8EF8C0
:10EB3000D4F800E04FEA1E49241D08FB0BF308FB44
:10EB40000AF009FB0AF509FB0BF101EB134101EB9C
:10EB500015411B042D041844984202D24FF0010EB7
:10EB600001E04FF0000E71442844A84202D24FF059
:10EB7000010E01E04FF0000E71443044B04202D269
:10EB80004FF0010E01E04FF0000E7144D2F800E0AA
:10EB90007044D2F800E0864502D94FF0010E01E042
:10EBA0004FF0000E71440E4601C2D4F800E01FFA87
:10EBB0008EF8D4F800E04FEA1E49241D08FB0BF341
:10EBC00008FB0AF009FB0AF509FB0BF101EB134105
:10EBD00001EB15411B042D041844984202D24FF05A
:10EBE000010E01E04FF0000E71442844A84202D209
:10EBF0004FF0010E01E04FF0000E71443044B0427E
:10EC000002D24FF0010E01E04FF0000E7144D2F835
:10EC100000E07044D2F800E0864502D94FF0010EC2
:10EC200001E04FF0000E71440E4601C2D4F800E03E
:10EC30001FFA8EF8D4F800E04FEA1E49241D08FBA5
:10EC40000BF308FB0AF009FB0AF509FB0BF101EBDA
:10EC5000134101EB15411B042D041844984202D2C4
:10EC60004FF0010E01E04FF0000E71442844A8421D
:10EC700002D24FF0010E01E04FF0000E714430441B
:10EC8000B04202D24FF0010E01E04FF0000E71448D
:10EC9000D2F800E07044D2F800E0864502D94FF087
:10ECA000010E01E04FF0000E71440E4601C2D4F88F
:10ECB00000E01FFA8EF8D4F800E04FEA1E49241D48
:10ECC00008FB0BF308FB0AF009FB0AF509FB0BF143
:10ECD00001EB134101EB15411B042D04184498422C
:10ECE00002D24FF0010E01E04FF0000E71442844B3
:10ECF000A84202D24FF0010E01E04FF0000E714425
:10ED00003044B04202D24FF0010E01E04FF0000E4D
:10ED10007144D2F800E07044D2F800E0864502D990
:10ED20004FF0010E01E04FF0000E71440E4601C29B
:10ED3000D4F800E01FFA8EF8D4F800E04FEA1E493C
:10ED4000241D08FB0BF308FB0AF009FB0AF509FB7D
:10ED50000BF101EB134101EB15411B042D04184489
:10ED6000984202D24FF0010E01E04FF0000E7144C4
:10ED70002844A84202D24FF0010E01E04FF0000EED
:10ED800071443044B04202D24FF0010E01E04FF026
:10ED9000000E7144D2F800E07044D2F800E08645DD
:10EDA00002D94FF0010E01E04FF0000E71440E4603
:10EDB00001C2D4F800E01FFA8EF8D4F800E04FEA60
:10EDC0001E49241D08FB0BF308FB0AF009FB0AF59A
:10EDD00009FB0BF101EB134101EB15411B042D0461
:10EDE0001844984202D24FF0010E01E04FF0000E9D
:10EDF00071442844A84202D24FF0010E01E04FF0C6
:10EE0000000E71443044B04202D24FF0010E01E0D6
:10EE10004FF0000E7144D2F800E07044D2F800E0E8
:10EE2000864502D94FF0010E01E04FF0000E71440B
:10EE30000E4601C2D4F800E01FFA8EF8D4F800E0C4
:10EE40004FEA1E49241D08FB0BF308FB0AF009FBDF
:10EE50000AF509FB0BF101EB134101EB15411B0412
:10EE60002D041844984202D24FF0010E01E04FF0F9
:10EE7000000E71442844A84202D24FF0010E01E076
:10EE80004FF0000E71443044B04202D24FF0010EF8
:10EE900001E04FF0000E7144D2F800E07044D2F867
:10EEA00000E0864502D94FF0010E01E04FF0000E60
:10EEB00071440E4601C2D4F800E01FFA8EF8D4F86F
:10EEC00000E04FEA1E49241D08FB0BF308FB0AF083
:10EED00009FB0AF509FB0BF101EB134101EB1541AD
:10EEE0001B042D041844984202D24FF0010E01E099
:10EEF0004FF0000E71442844A84202D24FF0010E98
:10EF000001E04FF0000E71443044B04202D24FF0A5
:10EF1000010E01E04FF0000E7144D2F800E07044A1
:10EF2000D2F800E0864502D94FF0010E01E04FF023
:10EF3000000E71440E4601C2D4F800E01FFA8EF8AC
:10EF4000D4F800E04FEA1E49241D08FB0BF308FB30
:10EF50000AF009FB0AF509FB0BF101EB134101EB88
:10EF600015411B042D041844984202D24FF0010EA3
:10EF700001E04FF0000E71442844A84202D24FF045
:10EF8000010E01E04FF0000E71443044B04202D255
:10EF90004FF0010E01E04FF0000E7144D2F800E096
:10EFA0007044D2F800E0864502D94FF0010E01E02E
:10EFB0004FF0000E71440E4601C2D4F800E01FFA73
:10EFC0008EF8D4F800E04FEA1E49241D08FB0BF32D
:10EFD00008FB0AF009FB0AF509FB0BF101EB1341F1
:10EFE00001EB15411B042D041844984202D24FF046
:10EFF000010E01E04FF0000E71442844A84202D2F5
:10F000004FF0010E01E04FF0000E71443044B04269
:10F0100002D24FF0010E01E04FF0000E7144D2F821
:10F0200000E07044D2F800E0864502D94FF0010EAE
:10F0300001E04FF0000E71440E4601C2D4F800E02A
:10F040001FFA8EF8D4F800E04FEA1E49241D08FB91
:10F050000BF308FB0AF009FB0AF509FB0BF101EBC6
:10F06000134101EB15411B042D041844984203D2AF
:10F070004FF0010E02E024E04FF0000E71442844EE
:10F08000A84202D24FF0010E01E04FF0000E714491
:10F090003044B04202D24FF0010E01E04FF0000EBA
:10F0A0007144D2F800E07044D2F800E0864502D9FD
:10F0B0004FF0010E01E04FF0000E71440E4601C208
:10F0C000103F102FBFF4E7AB0CE21FFA8CFA4FEAA7
:10F0D0001C4BD4F800E01FFA8EF8D4F800E04FEA99
:10F0E0001E49241D08FB0BF308FB0AF009FB0AF577
:10F0F00009FB0BF101EB134101EB15411B042D043E
:10F100001844984202D24FF0010E01E04FF0000E79
:10F1100071442844A84202D24FF0010E01E04FF0A2
:10F12000000E71443044B04202D24FF0010E01E0B3
:10F130004FF0000E7144D2F800E07044D2F800E0C5
:10F14000864502D94FF0010E01E04FF0000E7144E8
:10F150000E4601C2D4F800E01FFA8EF8D4F800E0A1
:10F160004FEA1E49241D08FB0BF308FB0AF009FBBC
:10F170000AF509FB0BF101EB134101EB15411B04EF
:10F180002D041844984202D24FF0010E01E04FF0D6
:10F19000000E71442844A84202D24FF0010E01E053
:10F1A0004FF0000E71443044B04202D24FF0010ED5
:10F1B00001E04FF0000E7144D2F800E07044D2F844
:10F1C00000E0864502D94FF0010E01E04FF0000E3D
:10F1D00071440E4601C2D4F800E01FFA8EF8D4F84C
:10F1E00000E04FEA1E49241D08FB0BF308FB0AF060
:10F1F00009FB0AF509FB0BF101EB134101EB15418A
:10F200001B042D041844984202D24FF0010E01E075
:10F210004FF0000E71442844A84202D24FF0010E74
:10F2200001E04FF0000E71443044B04202D24FF082
:10F23000010E01E04FF0000E7144D2F800E070447E
:10F24000D2F800E0864502D94FF0010E01E04FF000
:10F25000000E71440E4601C2D4F800E01FFA8EF889
:10F26000D4F800E04FEA1E49241D08FB0BF308FB0D
:10F270000AF009FB0AF509FB0BF101EB134101EB65
:10F2800015411B042D041844984202D24FF0010E80
:10F2900001E04FF0000E71442844A84202D24FF022
:10F2A000010E01E04FF0000E71443044B04202D232
:10F2B0004FF0010E01E04FF0000E7144D2F800E073
:10F2C0007044D2F800E0864502D94FF0010E01E00B
:10F2D0004FF0000E71440E4601C2D4F800E01FFA50
:10F2E0008EF8D4F800E04FEA1E49241D08FB0BF30A
:10F2F00008FB0AF009FB0AF509FB0BF101EB1341CE
:10F3000001EB15411B042D041844984202D24FF022
:10F31000010E01E04FF0000E71442844A84202D2D1
:10F320004FF0010E01E04FF0000E71443044B04246
:10F3300002D24FF0010E01E04FF0000E7144D2F8FE
:10F3400000E07044D2F800E0864502D94FF0010E8B
:10F3500001E04FF0000E71440E4601C2D4F800E007
:10F360001FFA8EF8D4F800E04FEA1E49241D08FB6E
:10F370000BF308FB0AF009FB0AF509FB0BF101EBA3
:10F38000134101EB15411B042D041844984202D28D
:10F390004FF0010E01E04FF0000E71442844A842E6
:10F3A00002D24FF0010E01E04FF0000E71443044E4
:10F3B000B04202D24FF0010E01E04FF0000E714456
:10F3C000D2F800E07044D2F800E0864502D94FF050
:10F3D000010E01E04FF0000E71440E4601C2D4F858
:10F3E00000E01FFA8EF8D4F800E04FEA1E49241D11
:10F3F00008FB0BF308FB0AF009FB0AF509FB0BF10C
:10F4000001EB134101EB15411B042D0418449842F4
:10F4100002D24FF0010E01E04FF0000E714428447B
:10F42000A84202D24FF0010E01E04FF0000E7144ED
:10F430003044B04202D24FF0010E01E04FF0000E16
:10F440007144D2F800E07044D2F800E0864502D959
:10F450004FF0010E01E04FF0000E71440E4601C264
:10F46000D4F800E01FFA8EF8D4F800E04FEA1E4905
:10F47000241D08FB0BF308FB0AF009FB0AF509FB46
:10F480000BF101EB134101EB15411B042D04184452
:10F49000984202D24FF0010E01E04FF0000E71448D
:10F4A0002844A84202D24FF0010E01E04FF0000EB6
:10F4B00071443044B04202D24FF0010E01E04FF0EF
:10F4C000000E7144D2F800E07044D2F800E08645A6
:10F4D00002D94FF0010E01E04FF0000E71440E46CC
:10F4E00001C2083F082FBFF4F0AD45E01FFA8CFAC7
:10F4F0004FEA1C4BD4F800E01FFA8EF8D4F800E075
:10F500004FEA1E49241D08FB0BF308FB0AF009FB18
:10F510000AF509FB0BF101EB134101EB15411B044B
:10F520002D041844984202D24FF0010E01E04FF032
:10F53000000E71442844A84202D24FF0010E01E0AF
:10F540004FF0000E71443044B04202D24FF0010E31
:10F5500001E04FF0000E7144D2F800E07044D2F8A0
:10F5600000E0864502D94FF0010E01E04FF0000E99
:10F5700071440E4601C27F1E002FB7D10098401C77
:10F58000009000BF1068304410601068B04201D293
:10F59000012000E000200646121D002EF2D1BDE839
:10F5A000F88F2DE9F04387B080460E4615466FF080
:10F5B0006D0900BF00BF00BF00BF00BF00BF04A8AF
:10F5C000FEF7E6FC01A8FEF7E3FCB0450AD100BF58
:10F5D000314604A8FEF764FD5FEA000900D052E05E
:10F5E00000BF04AEA8450AD100BF294601A8FEF716
:10F5F00057FD5FEA000900D045E000BF01AD776824
:10F6000006E0781EB16851F8200000B102E07F1ECC
:10F61000002FF6D100BF6C6806E0601EA96851F8A3
:10F62000200000B102E0641E002CF6D100BF00BF34
:10F6300039194046FEF7C8FC5FEA000900D022E015
:10F6400000BF00BF00214046FEF725FE5FEA00092B
:10F6500000D018E000BF0EE0601ED5F808C05CF8CE
:10F660002030D8F8080000EB8400021F3846B1684B
:10F67000FFF708F9641E002CEED130682968484372
:10F68000C8F8000000BF01A8FEF78AFC04A8FEF736
:10F6900087FC484607B0BDE8F0837FB505460E46B7
:10F6A000144600BF00BF00BF00BF012001900290C0
:10F6B000CDF80CD0009401AA31462846FFF771FF1F
:10F6C00004B070BD2DE9FF5F0546884617466FF010
:10F6D0006D0B00BF00BF00BF00BFB8F1020F02DB1F
:10F6E000B8F1100F04DD6FF0030004B0BDE8F09F27
:10F6F0006846FEF74DFC384615F00CFA0646B8F1A0
:10F70000100F53D1B6F1804F02D36FF00300ECE736
:10F710001F2010EA860F01D0012000E00020C6F370
:10F72000DA0100EB010A00BF51462846FEF74CFC07
:10F730005FEA000B00D081E000BF00BF0021284637
:10F74000FEF7A9FD5FEA000B00D077E000BF34466A
:10F750004FF0000927E0012C06D1601E385C2D28EF
:10F7600002D1A01E286020E000BF601E3A5C414626
:10F7700003A8FEF751FE5FEA000B00D05EE000BF79
:10F780004FEAD901A86850F821004FEA4971CA0E22
:10F790000399914008434FEAD902A96841F8220031
:10F7A000641E09F10109002CD5D146E000BF0021FB
:10F7B0002846FEF770FD5FEA000B00D03EE000BF78
:10F7C000002438E034B9385D2D2803D14FF0FF30E4
:10F7D00028602FE000BF3A5D414603A8FEF71CFEFB
:10F7E0005FEA000B00D029E000BF00BF4246294677
:10F7F0006846FFF752FF5FEA000B00D01EE000BF33
:10F80000286801280AD100BF69462846039AFFF7F5
:10F8100019F85FEA000B00D010E00AE000BF69466B
:10F820002846039AFEF7ACFF5FEA000B00D005E024
:10F8300000BF00BF641CB442C4D300BF6846FEF7DB
:10F84000AFFB584651E770B502460B4600BF00BFFC
:10F8500000BF00BF516806E0481E956855F82000BB
:10F8600000B102E0491E0029F6D100BF5C6806E045
:10F87000601E9D6855F8200000B102E0641E002C57
:10F88000F6D100BF11B90CB9002070BDA14201D959
:10F890001068FAE78C4202D918684042F5E7106810
:10F8A000002804DD1868002801DA0120EDE7186857
:10F8B000002805DD1068002802DA4FF0FF30E4E789
:10F8C00017E0481E956855F820509E6856F82000AD
:10F8D000854201D91068D8E7481E956855F8205030
:10F8E0009E6856F82000854202D210684042CCE75C
:10F8F000491E0029E5D10020C7E73FB505460C4663
:10F9000000BF00BF002C01DA604200E020460090FA
:10F91000002C02DA4FF0FF3000E0012001900120BE
:10F920000290CDF80CD001A92846FFF78CFF04B057
:10F9300030BD2DE9F047054688464FF0000A00BF6C
:10F9400000BF4FEA581608F01F076868B04203D39B
:10F950006868B04206D12FB100212846FEF79BFC13
:10F96000BDE8F087B6B1002407E0A119A86850F8F7
:10F970002100A96841F82400641C6868801BA0422B
:10F98000F3D804E00020A96841F82400641C6868EA
:10F99000A042F7D807B36C681CE0601EA96851F854
:10F9A0002000C7F1200100FA01F9601EA96851F892
:10F9B0002000F8400A46611E42F82100601EA96836
:10F9C00051F8200040EA0A000A46611E42F8210070
:10F9D000CA46641E002CE0D10020C1E72DE9F05F8B
:10F9E00005460F466FF06D0A4FF0000B00BF00BFD9
:10F9F0007E0907F01F082846FEF7EAFCC41968686C
:10FA0000B4EB401F10D900BF14F01F0F01D001202C
:10FA100000E0002000EB54112846FEF7D5FA5FEA1B
:10FA2000000A00D03CE000BF4FF0000AB6B16C689D
:10FA300009E0A01B401EA96851F82010601EAA68AA
:10FA400042F82010641EB442F3D805E00021601E85
:10FA5000AA6842F82010641E002CF7D1B8F1000FFC
:10FA60001DD0344618E0A86850F82400C8F12001E1
:10FA700020FA01F9A86850F8240000FA08F0A968F3
:10FA800041F82400A86850F8240040EA0B00A96857
:10FA900041F82400CB46641C6868A042E3D800BF4C
:10FAA0005046BDE8F09F2DE9FF4F87B005468B46D5
:10FAB00014464FF480300690401E05900CB1A542CC
:10FAC0000AD30A9818B14FF0FF310A9801604FF03D
:10FAD000FF300BB0BDE8F08F2046FEF76BFC074609
:10FAE000BC40BD40C7F120002BFA00F1784201EA8A
:10FAF000E07005430BFA07FB4FEA1448A0B20490EC
:10FB00004FEA1B4001901FFA8BF00090B5FBF8F60E
:10FB100008FB165A05E0761EC244BAF5803F00D3B2
:10FB20000BE0B6F5803FF6D2049870434FF4803274
:10FB3000019902FB0A118842EDD800BF019806FB2B
:10FB4000140000EB054003900398B0FBF8F903980C
:10FB500009FB180A06E0A9F10109C244BAF5803F81
:10FB600000D30CE0B9F5803FF5D2049809FB00F012
:10FB70004FF48032009902FB0A118842EBD800BF93
:10FB80000A9840B10099039801EB004009FB14006A
:10FB9000F8400A99086009EB06400290029898E73D
:10FBA0002DE9F04F93B08146884616469A466FF08D
:10FBB0006D00129000BF00BF00BF00BF0021504683
:10FBC000FFF79BFE20B96FF00B0013B0BDE8F08F7C
:10FBD0000FA8FEF7DDF90CA8FEF7DAF909A8FEF781
:10FBE000D7F906A8FEF7D4F901200390032004906A
:10FBF000CDF814D051463046FEF737FD002819DA0B
:10FC0000B9F1000F08D000BF00214846FEF743FBC2
:10FC1000129000B195E100BFB8F1000F08D000BF0D
:10FC200031464046FEF73CFA129000B189E100BF30
:10FC30000020CAE700BF31460FA8FEF731FA129044
:10FC400000B17EE100BF00BF51460CA8FEF728FAC4
:10FC5000129000B175E100BF01200C900F9000BF21
:10FC60007068811C09A8FEF7AFF9129000B168E135
:10FC700000BF00BF002109A8FEF70DFB129000B1E4
:10FC80005FE100BF00BF022106A8FEF79DF91290B8
:10FC900000B156E100BF0CA8FEF79AFB00F01F0B65
:10FCA000BBF11F0F13D2CBF11F0B00BF59460FA89A
:10FCB000FFF794FE129000B143E100BF00BF594628
:10FCC0000CA8FFF78BFE129000B13AE101E04FF073
:10FCD000000B1098471E0D98451E00BF781B410170
:10FCE0000CA8FFF77BFE129000B12AE100BF12E0E2
:10FCF000791B0B9850F82100401C7A1B0B9941F896
:10FD0000220000BF0CAA0FA90FA8FEF7F7FC129063
:10FD100000B116E100BF0CA90FA8FFF794FD002861
:10FD2000E6DA00BF781B41010CA8FFF702FE129033
:10FD300000B106E100BF3C46CEE0119850F8240027
:10FD40000E9951F82510884207D34FF0FF31601B00
:10FD5000401E0B9A42F8201011E00E9B53F825200C
:10FD6000631EDDF844C05CF823105CF82400002317
:10FD7000FFF799FE611B491E0B9A42F82100022CE5
:10FD800001D2002003E0A01E119951F8200005992E
:10FD900008600CB9002003E0601E119951F82000A2
:10FDA00005994860119850F8240005998860601BF7
:10FDB000401E0B9951F82000401C0A46611B491E49
:10FDC00042F8210000BF601B401E0B9951F8200033
:10FDD000401E0A46611B491E42F8210000BF002157
:10FDE00006A8FEF758FA129000B1AAE000BF0DB9BC
:10FDF000002003E0681E0E9951F820000899086061
:10FE00000E9850F825000899486000BF601B401EFE
:10FE10000B9951F8202006A906A8FFF73EFC129086
:10FE200000B18EE000BF03A906A8FFF70CFD002873
:10FE3000C9DC00BF601B401E0B9951F820200CA9A3
:10FE400006A8FFF72AFC129000B17AE000BF00BFBD
:10FE5000601B401E410106A8FFF7C0FD129000B1D3
:10FE60006FE000BF00BF06AA0FA90FA8FEF746FC6F
:10FE7000129000B165E000BF00210FA8FFF73DFD23
:10FE8000002828DA00BF0CA906A8FEF709F912908D
:10FE900000B156E000BF00BF601B401E410106A834
:10FEA000FFF79CFD129000B14BE000BF00BF06AA17
:10FEB0000FA90FA8FEF784FC129000B141E000BF2B
:10FEC000601B401E0B9951F82000401E0A46611B22
:10FED000491E42F82100641EAC423FF62EAFB9F134
:10FEE000000F0ED000BF09A94846FEF7D9F81290BE
:10FEF00000B126E000BF3068DAF800104843C9F8C6
:10FF00000000B8F1000F1BD000BF59460FA8FFF743
:10FF100010FD129000B114E000BF30680F9000BFD8
:10FF20000FA94046FEF7BCF8129000B109E000BFEF
:10FF300000214046FFF7E1FC10B90120C8F800009D
:10FF400000BF0FA8FEF72CF80CA8FEF729F809A8A7
:10FF5000FEF726F806A8FEF723F80C21684605F000
:10FF600059F9129831E62DE9FF4105460E4617462C
:10FF70001C4600BF00BF002C01DA604200E02046B2
:10FF80000090002C02DA4FF0FF3000E001200190D9
:10FF900001200290CDF80CD001AB3A4631462846FC
:10FFA000FFF7FEFD04B0BDE8F081F0B504460B4656
:10FFB00000BF00BF00BF00BF12B96FF00B00F0BD63
:10FFC000002A02DA6FF00900F9E7012A02D10020C5
:10FFD0002060F4E7022A06D19868006800F001006A
:10FFE00020600020EBE75D68002114E0681ED3F874
:10FFF00008C05CF82060080440EA1641B1FBF2F743
:020000040001F9
:1000000007FB12113604080440EA1641B1FBF2F76F
:1000100007FB12116D1E002DE8D11868002801DAC7
:1000200001B1511A21600020C9E72DE9F84F0646B9
:100030000F46144698466FF06D0A0025206800EBC5
:10004000080900BF454503D36FF00700BDE8F88FEE
:1000500000BF3A4631466846FFF7A7FF5FEA000A4D
:1000600000D02EE000BF00BF3B46324600213046A4
:10007000FFF779FF5FEA000A00D022E000BF009896
:100080000A2807D200983030C1B2A9F10100814698
:10009000017006E000983730C1B2A9F10100814635
:1000A00001706D1C00213046FFF727FC0028C9D1E4
:1000B0002A464946206814F0E8FD2068284420605C
:1000C00000BF5046C2E72DE9FF5F06460D461746C2
:1000D0009846DDF838904FF0000A00BF00BF00BF1F
:1000E00000BF00BF00BF022D01DB102D04DD6FF04B
:1000F000030004B0BDE8F09F3046FEF769F90446FE
:10010000042D00DB6408102D00DB6408641C641CF3
:10011000641C04F001000444A04504D2C9F8004066
:100120006FF00700E5E703976846FDF731FF306899
:10013000401C08D12D20039908700398401C03909F
:10014000A8F101008046102D4ED171684FF0000CCF
:1001500047E0042242E04B1ED6F808B05BF823309B
:10016000A2F1010B4FEACB0B23FA0BF3D8B230B953
:10017000BCF1000F03D18B18022B00D02DE00346F9
:100180004FEAE07B00EB1B7B4FEA2B1B0FF6A47EB4
:100190001EF80BB0DDF80CE08EF800B0DDF80CB006
:1001A0000BF1010BCDF80CB04FEAE07B00EB1B7BB1
:1001B0004FEA2B1BA0EB0B1B0FF6787E1EF80BB043
:1001C000DDF80CE08EF800B0DDF80CB00BF1010B9F
:1001D000CDF80CB04FF0010C00BF521E002ABAD16E
:1001E000491E0029B5D11AE000BF31466846FDF727
:1001F00057FF5FEA000A00D01CE000BF0098401CD7
:1002000001D10120009000BF434603AA2946684659
:10021000FFF70BFF5FEA000A00D00BE000BF0020F1
:10022000039908700398401C03900398C01BC9F8F9
:10023000000000BF6846FDF7B3FE504659E701B520
:1002400000200022694605E000020B781843531C89
:10025000DAB2491C042AF7D308BD10B5044620467B
:10026000FFF7EDFF10BD2DE9F04106460F460FB92F
:10027000BDE8F0813446781E06EB80050BE020686F
:10028000FFF7EBFF80462868FFF7E7FF2060C5F81F
:100290000080241D2D1FAC42F1D900BFE8E72DE9F5
:1002A000F0470546884616466FF06D0916F0030FB5
:1002B00001D0012000E0002000EB96076868B842FA
:1002C0000FD02846FDF76CFE2846FDF761FE00BF03
:1002D00039462846FDF778FE5FEA000900D01EE0A7
:1002E00000BF00BF00212846FDF7D5FF5FEA0009E7
:1002F00000D014E000BF00240EE0A108A86850F868
:10030000210018F80410A207D20E91400843A20859
:10031000A96841F82200641CB442EED300BF4846ED
:10032000BDE8F0872DE9F04705460F4616466FF009
:100330006D0A16F0030F01D0012000E0002000EB51
:100340009604C6EB840800BF00BF00BF00BF68680A
:10035000A0420FD02846FDF723FE2846FDF718FEE1
:1003600000BF21462846FDF72FFE5FEA000A00D0B5
:1003700018E000BF00BF00212846FDF78CFF5FEAB0
:10038000000A00D00EE000BF5FB1D5F8089009EB7D
:1003900008003246394614F033FC2146A868FFF7BE
:1003A00062FF00BF5046BDE8F0872DE9F0470746E1
:1003B0008946154678688600AE4201D2B04613E001
:1003C000A84644460EE0A108B86850F82100A107ED
:1003D000C90EC84010F0FF0F03D06FF00700BDE852
:1003E000F087641CB442EED3002409E0A108B86889
:1003F00050F82100A107C90EC84009F80400641C88
:100400004445F3D3AE4204D2A91B09EB060014F015
:10041000C3FC0020E3E72DE9F047804689461646F5
:1004200000BF00BF00BF00BFD8F804008700B7427C
:1004300009D23D4609EB0600A0EB050A711B4846B0
:1004400014F0AAFC15E03546CA462C460FE0A10878
:10045000D8F8080050F82100A107C90EC84010F0D4
:10046000FF0F03D06FF00700BDE8F087641CBC42AB
:10047000EDD300240DE0A108D8F8080050F82100C1
:10048000A107C90EC840C1B2281B401E0AF80010BF
:10049000641CAC42EFD30020E6E710B5024682EAC6
:1004A0000103541A24EA030001EA03042043C00FA5
:1004B00010BD2DE9F05F07468946904600BF00BF9A
:1004C00000BF00BF00BF00BF7868D9F804108842A1
:1004D00003D06FF00300BDE8F09F3868C0F3400A16
:1004E000D9F80000C0F3400B8AEA0B0505EA0A00C0
:1004F000C8F800002E467C682DE0621EBB6853F8E9
:100500002210D9F8083053F82200FFF7C6FF05463D
:10051000C6F10100284000EA0A00D8F800100143A3
:10052000C8F800102E43621ED9F8083053F8221084
:10053000BB6853F82200FFF7B0FF0546C6F1010083
:100540002840CAF101010840D8F800100843C8F853
:1005500000002E43641E002CCFD10020BBE72DE904
:10056000F04105460E4614466FF06D0700BF00BF10
:1005700000BF00BF00BF00BF00212046FFF7BDF94C
:10058000002803DA6FF00900BDE8F08100BF2346C0
:10059000324629460020FFF703FB070000D023E086
:1005A00000BF09E000BF224629462846FEF708F9A9
:1005B000070000D018E000BF00212846FFF79DF992
:1005C0000028EFDB09E000BF224629462846FEF757
:1005D00095F8070000D007E000BF21462846FFF746
:1005E00032F90028EFDA00BF3846CDE730B50246D1
:1005F0000B469D68296808468D1C05F0040500EB34
:100600004500202405E001FB00F5C5F10205684323
:100610006408082CF7D2C5436D1C156030BD2DE968
:10062000FF4F83B007460E469046DDF840B0DBF83A
:1006300004209100DBF8080014F0D0FBDBF8084040
:10064000D8F804507068A84201D2706800E02846CB
:1006500002904FF000091FE0B86850F829A0206808
:10066000B16809680AFB01000699484301905346A6
:100670002246B1680298FEF705F9D8F8081022461C
:100680002846019BFEF7FEF844F804AB0021681CE5
:1006900044F8201009F10109A945DDD3AA0021463B
:1006A000B86814F034FB54F82500401C44F82500C9
:1006B00021462846D8F80820FDF750FF54F82510A9
:1006C000081A44F8250054F82500C3B222462846EB
:1006D000B968FDF737FD07B0BDE8F08FF0B585B01C
:1006E00007460C4615461E460120049004980190CA
:1006F000029004A803902B46224601A93846009692
:10070000FFF78DFF05B0F0BD2DE9FF4FADF24C6D49
:1007100091461E46DDF880866FF06D00CDF84806E4
:100720004FF0010A00BF00BF00BF00BF00BF00BF05
:1007300000BF00BF00213046FFF7DFF8002804DDCE
:10074000B068006810F0010F05D16FF003000DF2E2
:100750005C6DBDE8F08F00214846FFF7CEF8002819
:1007600002DA6FF00300F2E731460DF23460FFF772
:100770003DFF0DF22460FDF70BFC0DF5C360FDF7A6
:1007800007FC03A8FDF704FC4FF4C06106A814F0B1
:1007900025FB4846FDF71CFE0446B4F5287F01D32F
:1007A00006200CE0EF2C01D9052008E04F2C01D9E0
:1007B000042004E0172C01D9032000E001200546A5
:1007C0007068471C00BF3946DDF84C06FDF7FCFB9E
:1007D000CDF8480600B1EBE100BF00BF394609A8DB
:1007E000FDF7F2FBCDF8480600B1E1E100BF00BF24
:1007F00079000DF5C360FDF7E7FBCDF8480600B1C1
:10080000D6E100BFDDF850060068401C01D1012090
:1008100000E000200290029878B100BF03A8DDF844
:100820005016FDF73DFCCDF8480600B1C0E100BF11
:100830000120039003A8CDF85006B8F1000F02D0B4
:10084000D8F8080058BB00BF01210DF22460FDF765
:1008500022FDCDF8480600B1AAE100BF00BF7068D4
:1008600081010DF22460FFF7B9F8CDF8480600B118
:100870009EE100BF00BF32460DF224610846FFF73B
:100880006EFECDF8480600B192E100BFB8F1000F4E
:100890000ED00DF2246007C888E8070008E0D8E908
:1008A0000102D8F800100DF5C56305C3CDF8241674
:1008B0003146DDF85006FEF7C6FF00280BDB00BF0F
:1008C000324609A8DDF85016FFF749FECDF8480674
:1008D00000B16DE10AE000BF09A8DDF85016FDF790
:1008E000DFFBCDF8480600B162E100BF0DF5C36043
:1008F000009032460DF2246109A8DDF83436FFF786
:100900008EFE00BF0DF22461DDF84C06FDF7C8FB3A
:10091000CDF8480600B14BE100BF0DF5C363314689
:10092000DDF83426DDF84C06FFF7D8FE012D6CD932
:10093000681E0AFA00F700BF7268511C07EB4702F5
:1009400006AB03EB8200FDF73FFBCDF8480600B194
:100950002EE100BF00BF07EB470106AA02EB8100B2
:1009600009A9FDF79DFBCDF8480600B120E100BFC5
:10097000002411E00DF5C36007EB470206AB03EB63
:10098000820107EB4702009003EB82003246DDF85C
:100990003436FFF744FE641C681EA042EAD87C1C73
:1009A0002FE000BF7268511C04EB440206AB03EB5E
:1009B0008200FDF709FBCDF8480600B1F8E000BF62
:1009C00000BF621E02EB420206AB03EB820104EBA6
:1009D000440203EB8200FDF763FBCDF8480600B14B
:1009E000E6E000BF0DF5C36004EB440106AA0090E9
:1009F00002EB8100324609A9DDF83436FFF70FFE1D
:100A0000641C0AFA05F0A042CBD8D9F80400CDF84E
:100A100040060020CDF83C068346CDF84406CDF8CC
:100A2000300677E0DDF83C0658B9DDF8400600B93D
:100A300071E0DDF84006401ECDF840062020CDF8DC
:100A40003C06DDF83C06401ECDF83C06D9F80810FF
:100A5000DDF8400651F82000DDF83C16C84000F0F3
:100A60000100CDF83806DDF8380618B9DDF8300693
:100A700000B94FE0DDF8380678B9DDF83006012816
:100A80000BD10DF5C36000903246DDF84C160846D8
:100A9000DDF83436FFF7C3FD3CE00220CDF8300628
:100AA0000BF1010BA5EB0B01DDF838068840DDF8F2
:100AB00044160843CDF84406AB452AD100240BE088
:100AC0000DF5C36000903246DDF84C160846DDF89F
:100AD0003436FFF7A4FD641CAC42F1D30DF5C360BE
:100AE0000090DDF8440600EB400006AA02EB80010E
:100AF0003246DDF83436DDF84C06FFF790FDDDF8C0
:100B00003006401ECDF830064FF0000B0020CDF827
:100B1000440600BF86E700BF002421E00DF5C36056
:100B200000903246DDF84C160846DDF83436FFF703
:100B300076FDDDF844064000CDF844060AFA05F0DB
:100B4000DDF8441608420AD00DF5C3600090324625
:100B500009A9DDF83436DDF84C06FFF760FD641CAA
:100B60005C45DBD30DF5C3633146DDF83426DDF893
:100B70004C06FFF7B3FD0298C8B1D9F80400B0B134
:100B8000D9F80800006810F0010F10D04FF0FF31C5
:100B9000DDF84C06016000BF3146DDF84C261046FA
:100BA000FDF70EFECDF8480600B101E000BF00BF22
:100BB000681E0AFA00F407E004EB440106AA02EBFF
:100BC0008100FDF7EDF9641C0AFA05F0A042F3D8A4
:100BD00009A8FDF7E5F90DF5C360FDF7E1F903A8F4
:100BE000FDF7DEF9B8F1000F02D0D8F8080018B907
:100BF0000DF22460FDF7D4F9DDF84806A7E52DE9EC
:100C0000F04786B00746884616466FF06D0900BF6C
:100C100000BF00BF00BF00BF00BF03A8FDF7B8F9C9
:100C20006846FDF7B5F900BF414603A8FDF738FA5D
:100C30005FEA000900D094E000BF00BF314668467B
:100C4000FDF72EFA5FEA000900D08AE000BF03A892
:100C5000FDF794FB05466846FDF790FB0446AC4261
:100C600000D2254600BF294603A8FEF762FE5FEAD0
:100C7000000900D075E000BF00BF29466846FEF7B6
:100C800058FE5FEA000900D06BE000BF0120009031
:100C900003904BE000BF03A8FDF770FB824651466E
:100CA00003A8FEF746FE5FEA000900D059E000BF46
:100CB00000BF6846FDF762FB824651466846FEF774
:100CC00038FE5FEA000900D04BE000BF694603A888
:100CD000FEF7B9FD002814DB00BF6A4603A903A88C
:100CE000FDF75EFC5FEA000900D03AE000BF00BFFC
:100CF000012103A8FEF71DFE5FEA000900D030E0E5
:100D000014E000BF03AA69466846FDF749FC5FEAA4
:100D1000000900D025E000BF00BF01216846FEF7B2
:100D200008FE5FEA000900D01BE000BF002103A815
:100D3000FEF7E3FD0028ADD100BF29466846FEF767
:100D40004DFE5FEA000900D00BE000BF00BF69461E
:100D50003846FDF7A5F95FEA000900D001E000BFC1
:100D600000BF03A8FDF71CF96846FDF719F94846CE
:100D700006B0BDE8F0872DE9F05F06460C46174641
:100D800098466FF06D0B14F0030F01D0012000E0C6
:100D9000002000EB9405C4EB850900BF00BF00BF35
:100DA00000BF7068A8420FD03046FDF7F9F8304612
:100DB000FDF7EEF800BF29463046FDF705F95FEA7A
:100DC000000B00D016E000BF00BF00213046FDF749
:100DD00062FA5FEA000B00D00CE000BFD6F808A072
:100DE0000AEB090122464046B8472946B068FFF79A
:100DF0003AFA00BF5846BDE8F09FF0B59BB00546F3
:100E00000E4614466FF06D0700BF00BF00BF00BF65
:100E100000BF00BF01212046FEF76FFD002802DC65
:100E200078111BB0F0BD15A8FDF7B2F812A8FDF7B8
:100E3000AFF80FA8FDF7ACF80CA8FDF7A9F818A8B3
:100E4000FDF7A6F809A8FDF7A3F806A8FDF7A0F896
:100E500003A8FDF79DF86846FDF79AF800BF224603
:100E6000314618A8FFF7CBFE070000D045E100BFD0
:100E7000012118A8FEF741FD10B16FF00D073CE10C
:100E800000BF2246314615A8FFF769FB070000D0D6
:100E900033E100BF00BF15A912A8FDF701F9070053
:100EA00000D02AE100BF00BF214609A8FDF7F8F8ED
:100EB000070000D021E100BF00BF214606A8FDF7D2
:100EC000EFF8070000D018E100BF00BF01210FA814
:100ED000FDF7E1F9070000D00FE100BF00BF0021DE
:100EE0000CA8FDF7D8F9070000D006E100BF00BF4D
:100EF000002103A8FDF7CFF9070000D0FDE000BFF7
:100F000000BF01216846FDF7C6F9070000D0F4E0F4
:100F100000BF00BF38E000BF012112A8FEF709FDA5
:100F2000070000D0E9E000BF1198006810F0010F41
:100F300004D10E98006810F0010F13D000BF09AA69
:100F40000FA90FA8FDF73CFC070000D0D5E000BFBB
:100F500000BF15AA0CA90CA8FDF7D0FB070000D014
:100F6000CBE000BF00BF01210FA8FEF7E2FC0700A5
:100F700000D0C2E000BF00BF01210CA8FEF7D9FCE1
:100F8000070000D0B9E000BF1498006810F0010F0E
:100F9000C1D038E000BF012106A8FEF7CAFC070057
:100FA00000D0AAE000BF0598006810F0010F04D13E
:100FB0000298006810F0010F13D000BF09AA03A91E
:100FC00003A8FDF7FDFB070000D096E000BF00BFBF
:100FD00015AA69466846FDF791FB070000D08CE032
:100FE00000BF00BF012103A8FEF7A3FC070000D04B
:100FF00083E000BF00BF01216846FEF79AFC0700AE
:1010000000D07AE000BF0898006810F0010FC1D04E
:1010100006A912A8FEF717FC00281DDB00BF06AAD0
:1010200012A912A8FDF76AFB070000D065E000BF17
:1010300000BF03AA0FA90FA8FDF760FB070000D0AF
:101040005BE000BF00BF6A460CA90CA8FDF756FB89
:10105000070000D051E01DE000BF12AA06A906A8B3
:10106000FDF74CFB070000D047E000BF00BF0FAA10
:1010700003A903A8FDF742FB070000D03DE000BF35
:1010800000BF0CAA69466846FDF738FB070000D090
:1010900033E000BF002112A8FEF72FFC00287FF4E8
:1010A00039AF09E000BF224603A903A8FDF788FB7A
:1010B000070000D021E000BF002103A8FEF71DFCBF
:1010C0000028EFDB09E000BF224603A903A8FDF7D3
:1010D00015FB070000D010E000BF214603A8FEF773
:1010E000B2FB0028EFDA00BF03A92846FCF7D8FFBF
:1010F000070000D001E000BF00BF15A8FCF750FFBB
:1011000012A8FCF74DFF0FA8FCF74AFF0CA8FCF74C
:1011100047FF18A8FCF744FF09A8FCF741FF06A801
:10112000FCF73EFF03A8FCF73BFF6846FCF738FFDF
:10113000384676E630313233343536373839414245
:101140004344454600000000F0B503460C461D46EA
:1011500026460020002106E06F5C16F801C087EAF1
:101160000C073843491C9142F6D3F0BDFE48006895
:1011700060B9FE4AFE4902E012F8080B01C110787E
:101180000028F9D108600120F74B1860F848704733
:101190000246F64905E00878904201D14868704758
:1011A000083148680028F6D100BFF8E770B5054659
:1011B0000DB9002070BDED4C08E0616888682946D3
:1011C00013F05EFE08B96068F4E708346068002830
:1011D000F3D100BFEEE710B503460C46E3490FE03C
:1011E000486880690078984209D148684068A04200
:1011F00005D148684078904201D1486810BD083157
:1012000048680028ECD100BFF8E710B5044600BFDD
:1012100000BF4021204613F0E1FD10BD10B504468B
:1012200004B910BDE06B20B12268E06B926991694E
:1012300088474021204603F0EDFF00BFF1E7034659
:1012400003B10AB9CB48704711600020FBE70246A2
:1012500000BF00BF106818B110684078022801D0A4
:10126000C4487047042904D10020D060C2481061EE
:1012700002E0C0488030F4E700BF0020F1E770B51D
:1012800005460C4600BF00BF0CB9BA4870BD4021EE
:10129000284613F0A3FDA16948698047E86310B9A7
:1012A000B4488038F2E72C6004212846FFF7CFFFCE
:1012B0000020EBE72DE9F04104460F4616461D4697
:1012C00000BF00BF00BF00BF00BF00BF206810B953
:1012D000A848BDE8F0812068006910F0020F05D130
:1012E00020684068B04201D0A248F2E766602572EB
:1012F000012D0BD020684078032807D02068407863
:10130000042803D020684078052807D1D4E90012CA
:10131000E06B8969CB6839469847DAE73DB9D4E98B
:101320000012E06B89690B6939469847D1E791480B
:10133000CFE72DE9F04104460F46164600BF00BF37
:1013400000BF00BF206810B98A48BDE8F081102EA8
:1013500002D988488030F8E72068006910F0010F52
:1013600001D0354605E02068C568B54201D98148FD
:10137000EBE735B12A46394604F1280013F040FC6A
:10138000A5630020E1E7014600BF00BF086808B977
:10139000784870470020486200BFFAE77CB50446F1
:1013A0000D46164600BF00BF00BF00BF206808B949
:1013B00070487CBD2068407806280AD1CDE90056E7
:1013C00094F9081004F12802D4E90E3001F039FA3A
:1013D000EFE70020EDE72DE9FC5F0446894615465E
:1013E0009A460C9F6FF06D0B00BF00BF00BF00BF9F
:1013F00000BF00BF00BF00BF206810B95D48BDE856
:10140000FC9F00203860204600F079FA06460EB9AD
:101410005A48F4E720684078012815D1B54201D038
:101420005748ECE73D6094F908102268E06B926938
:101430005346D2F804C04A46E0475FEA000B01D0A9
:101440005846DCE70020DAE720684078062807D114
:101450003D6053464A462946E06B01F0C7FACEE7A5
:10146000D14508D1606A20B9B5FBF6F006FB1050F3
:1014700008B14048C3E720684078022872D14FF095
:101480000008207A28B9E06818B1606A301AA842CA
:101490000ED2207A28B9E06818B9606A301AA842DA
:1014A00006D8207A012810D1606A301AA8420CD9D7
:1014B00004F11401626A50182A46494613F0A0FB51
:1014C000606A28446062002099E7606A38B3606A05
:1014D000A6EB000804F11401626A5018424649461E
:1014E00013F08EFB04F11400CDE9000A94F9081002
:1014F0002268E06B926904F12803D2F808C03246F2
:10150000E0475FEA000B01D0584678E7386830447E
:101510003860B24400206062C144A5EB0805CDB13B
:10152000B5FBF6F006FB1058B8F1000F04D1207A95
:1015300010B9E06800B1B046A5EB080000EB090166
:10154000424604F1140013F05BFB606A40446062A1
:10155000A5EB08052DB3CDE9009A94F9081022688F
:10156000E06B0FE01FE00000EC010020ECA60200A1
:10157000A86E0020009FFFFF3F120100809CFFFF2C
:10158000809DFFFF926904F12803D2F808C02A4623
:10159000E0475FEA000B01D0584630E7386828443E
:1015A000386000202BE7DB4829E72DE9FC410446A1
:1015B0000D46164600BF00BF00BF00BF00BF00BF02
:1015C000206818B9D3488038BDE8FC81002030601D
:1015D00020684078032813D02068407804280FD072
:1015E0002068407805280BD020684078062807D06E
:1015F00020684078092803D020684078072801D166
:101600000020E1E720680078482803D020680078AF
:10161000492801D10020D7E720684078012805D16A
:10162000606A08B1BC48CFE70020CDE72068407869
:10163000022858D10027207A01281DD1E06828B956
:10164000606A08B1B448BFE70020BDE700BF00BF33
:1016500000BF00BF206808B9002005E0A06B08B1FA
:10166000A06B01E02068C0688046414604F1140088
:10167000E368626A98470DE0204600F040F9616A2D
:10168000884207D0E06818B9606A08B900209BE773
:10169000A14899E7204600F032F9804604F1140091
:1016A000CDE9000594F908102268E06B926904F115
:1016B0002803D2F808C04246E047070001D0384668
:1016C00082E7207A48B9204600F019F98046324670
:1016D000414628462369984776E7204600F00FF9EF
:1016E0003060002070E78B486EE770B504460D4609
:1016F000164600BF00BF00BF00BF206810B9854874
:10170000803870BD207A012802D082488038F8E7FE
:1017100020684078062805D132462946E06B01F062
:1017200009FAEEE70020ECE72DE9FF4104460D46FB
:1017300016466FF06D0700BF00BF00BF00BF2068F6
:1017400020B97448803804B0BDE8F081207A10B127
:1017500070488038F7E720684078062818D1102EA6
:1017600002D96C488038EEE732466946E06B01F0FA
:10177000E1F9070001D03846E5E7324669462846D8
:10178000FFF7E2FC10B164488038DCE70020DAE7BC
:101790000020D8E72DE9FC5F0746884691461D46A4
:1017A000DDE90CA60E9C6FF06D0B00BF00BF00BF03
:1017B00000BF00BF00BF00BF00BF00BF00BF4A4660
:1017C00041463846FFF7B5FD5FEA000B02D05846A8
:1017D000BDE8FC9F3846FFF7D6FD5FEA000B01D05D
:1017E0005846F5E733465246294638460094FFF7F7
:1017F000F2FD5FEA000B01D05846E9E72068811945
:1018000001AA3846FFF7D1FE5FEA000B01D0584627
:10181000DEE720680199084420600020D8E72DE920
:10182000F04F87B004460D4616461F46DDE9128B81
:10183000DDE9109A00BF00BF00BF00BF00BF00BFBE
:1018400000BF00BF00BF00BF00BF00BF00BF00BFA0
:1018500020684078062811D11498C0F80080DDE98E
:1018600015018DE8C00ECDE905102B464246012139
:10187000E06B01F089FA07B0BDE8F08F2548FAE780
:101880002DE9F04F87B004460D4616461F46DDE9A8
:10189000128BDDF844A000BF00BF00BF00BF00BF37
:1018A00000BF00BF00BF00BF00BF00BF00BF00BF40
:1018B00000BF2068407806281FD16FF06D0914988A
:1018C000C0F80080DDE91501CDE904ABCDE90201E6
:1018D0001098CDE9007033462A464146E06B01F08E
:1018E0008EFA814619F1120003D1DFF82C90A9F18C
:1018F0008009484607B0BDE8F08F0648FAE7014680
:1019000000BF00BF086808B9002070470868406938
:10191000FBE70000809FFFFF809DFFFF10B54FF4A5
:10192000C471012012F0AAFC044614B1204600F054
:10193000DFFC204610BD10B50446204601F0A6FA93
:10194000204612F0DEFC10BD2DE9F04104460D46A4
:1019500016461F463B46324629462046FBF7B5FF52
:10196000BDE8F0812DE9FC4704460D4616461F46AA
:10197000DDE90A893B46324629462046CDE9008901
:10198000FBF7C0FFBDE8FC8770B504460D46164660
:10199000324629462046FBF793F970BD70B50446E0
:1019A0000D461646324629462046FBF78AF870BD9A
:1019B00010B54FF48C71012012F060FC04460CB994
:1019C000002010BD2046FBF767F82046F9E710B568
:1019D00004462046FBF76AF8204612F092FC10BD40
:1019E00070B506460C4615462B4622460221304667
:1019F00000F08EFD70BD10B504464FF4A071204676
:101A000013F0ECF94FF0FF30206110BD10B5044623
:101A100004B910BD04F12000FBF748F84FF4A071A1
:101A2000204603F0F7FB00BFF3E741617047816197
:101A300070470246D2F8380110B16FF0330070479A
:101A4000B1F5C07F02D96FF03700F8E7B1F1004F70
:101A500002D36FF03700F2E711610020EFE7C161B8
:101A600070472DE9F74FADF5487D824616460020B8
:101A70000190B6F5C07F05D96FF037000DF54B7DAD
:101A8000BDE8F08F4FF4D07160A813F0A7F902A859
:101A9000FBF702F864AC300E04F8010B300C04F8CC
:101AA000010B300A04F8010B04F8016BE41C302030
:101AB00004F8010B32462046C99913F0A1F88020A2
:101AC000A05506F1190B002502E04CA94D556D1CDF
:101AD000202DFADB4FF480724CA902A8FAF7F1FF2F
:101AE000019000B159E0002734E060AC002048903C
:101AF00049904A904B90D9461CE0002506E048A842
:101B0000405D615D484048A948556D1C102DF6DBCD
:101B10001034B9F1100F01D3102000E04846A9EBB2
:101B2000000948AB48AA012102A8FBF7CEFE0190AC
:101B300000B132E0B9F1000FDFD154A9C819102269
:101B400048A913F05DF89DF88301401CC0B28DF8E0
:101B500083011037302FC8DB4FF4807254A902A8DC
:101B6000FAF7AFFF019000B117E00DF5B8785446D1
:101B700000270FE043464246012102A8FBF7A5FEDD
:101B8000019000B109E010224146204613F038F8D8
:101B900010341037302FEDDB00BF02A8FAF786FFB4
:101BA0004FF4D07160A803F035FB302154A803F046
:101BB00031FB20214CA803F02DFB102148A803F095
:101BC00029FB019818B13021504603F023FB0198FE
:101BD00054E72DE9F0438DB005460E4601AF4FF0B6
:101BE0000009302101A813F0F9F8C8461DE01024BF
:101BF0000AE0601E285C401C10F0FF01A4F1010007
:101C0000295400D002E0641E002CF2DC00BF3B46E9
:101C10002A46012105F12000FBF757FE5FEA000983
:101C200000D020E0103708F11008B8F1300FDEDBEB
:101C3000002406E001A8005D315D484001A9085577
:101C4000641C302CF6DB4FF4807201A905F12000F2
:101C5000FAF737FF5FEA000900D004E009A80FC8CF
:101C600085E80F0000BF302101A803F0D3FA4846F1
:101C70000DB0BDE8F083F0B58DB005460E461446B4
:101C80006FF06D0714B900200DB0F0BD224631464B
:101C900001A8FFF7E6FE070000D007E001A92846EB
:101CA000FFF797FF070000D000E000BF302101A838
:101CB00003F0B0FA3846E7E770B505460E4614461D
:101CC000B4F5C07F01D94FF4C0742246314628468E
:101CD000FFF7D1FF70BD2DE9F043E1B0044688461F
:101CE00017461D4600266FF06D09A069B0F5C07F4C
:101CF00004D96FF0370061B0BDE8F083A069C0F58A
:101D0000C070A84202D26FF03700F4E7A069C0F5B6
:101D1000C070401BB84202D26FF03700EBE74FF4BF
:101D2000C07101A813F05AF801A9D4F83831A2699A
:101D3000D4F83C01984710B16FF03300DBE7A0699D
:101D400006445DB12A4601A9D4F83831D4F83C01E3
:101D5000984710B16FF03300CDE72E44B8F1000F73
:101D600007D037B101A988193A46414612F048FF19
:101D70003E44324601A901A8FFF773FE5FEA00095D
:101D800000D00AE001A92046FFF723FF5FEA00091F
:101D900000D002E00120206100BF4FF4C07101A813
:101DA00003F038FA4846A6E770B504460D461646D5
:101DB0000023324629462046FFF78DFF70BD0146BD
:101DC000302901D300207047481C4008FBE72DE96B
:101DD000F04788B004460D4616461F46DDF84080A1
:101DE0006FF06D092021684612F0F8FF04F1200021
:101DF000FAF752FEC4F83851C4F83C61A06908B93A
:101E00003020A0612069002801DB206902E0A06980
:101E1000FFF7D5FF824642F21070E0614FF4807206
:101E2000694604F12000FAF74CFE5FEA000903D08E
:101E3000484608B0BDE8F08753464246394620463A
:101E4000FFF749FF5FEA000901D04846F1E70020AB
:101E5000EFE72DE9F04F93B081468A4615469B4641
:101E60001C9F002012904C46CDF814A0B5F5806F51
:101E700004D96FF0350013B0BDE8F08FB7F5807F5F
:101E800002D96FF03700F6E7302106A812F0A6FF5E
:101E9000E1692069884201DC606948B13A465946E7
:101EA0002046FFF781FF129008B11298E3E7002760
:101EB00077B13A46594606A8FFF7D3FD129000B114
:101EC0003EE006A92046FFF784FE129000B137E0FD
:101ED00029E010260AE0701E205C401C10F0FF0173
:101EE000A6F10100215400D002E0761E002EF2DCA3
:101EF00000BF01AB2246012104F12000FBF7E5FC05
:101F0000129000B11CE0102D01D9102000E02846ED
:101F10008046424601A9059812F072FE0598404499
:101F20000590A5EB0805002DD3D106A92046FFF7A3
:101F300050FE129000B103E02069401C206100BFF8
:101F4000302106A803F066F9102101A803F062F918
:101F5000129890E72DE9F84304460D4616466FF0B7
:101F60006D07A046002003463246294600904046B1
:101F7000FFF76FFF07463846BDE8F883F0B5044623
:101F80000D46059E0020D4F8E010142902DB6FF006
:101F90003D001EE001EB810C04F1E40747F82C50F2
:101FA00001EB810C07EB8C077A6001EB810C04F1EB
:101FB000E40707EB8C07FB6001EB810C04F1E407FD
:101FC00007EB8C073E61D4F8E0707F1CC4F8E0702A
:101FD00000BFF0BD38B504460020C4F8E0004FF45F
:101FE000C87104F1E40012F0F9FE0020206004F151
:101FF000080007F0E9FD012020230022BB490090E2
:102000002046FFF7BBFF38BD10B5044604F10800B9
:1020100007F0E3FD0020C4F8E0004FF4C87104F1BC
:10202000E40003F0F7F80020206010BD2DE9F04730
:1020300092B00446884616461D462F46B1464FF0DC
:10204000000A402F0CD9002301AA2946304609F086
:1020500002FD5FEA000A00D026E00DF104094027E6
:102060008DF84480F8B28DF84500206840B9002111
:1020700004F1080007F0C8FD5FEA000A00D013E091
:1020800001202060022211A904F1080009F036F8AD
:102090005FEA000A00D007E03A46494604F108002A
:1020A00009F02CF8824600BF402101A803F0B2F8E5
:1020B000504612B0BDE8F0872DE9F04106460C46C7
:1020C00015466FF06D072B46224614213046FFF768
:1020D000ADFF07463846BDE8F081F0B5A1B0054632
:1020E0006FF03B060027D5F8E00010B9301F21B093
:1020F000F0BD00243CE004EB840105F1E40000EBBA
:1021000081000069012800D101270020009004EB24
:10211000840205F1E40101EB820104EB84024868CA
:1021200005F1E40151F822C06B46802201A9E04785
:10213000060000D024E00098C8B101AAE1B2284608
:10214000009BFFF773FF060001D03046CFE704EB9A
:10215000840105F1E40000EB8100806800990144EE
:1021600004EB840205F1E40000EB82008160641C52
:10217000D5F8E000A042BEDC0FB96FF03C0600BF0E
:10218000802101A803F046F83046B0E770B5044658
:102190006FF06D052046FFF7A0FF0546284670BD8D
:1021A0002DE9F04F91B006460F4690464FF0000BD8
:1021B0003446B8F1400F04D96FF03B0011B0BDE8D0
:1021C000F08F00BF58460BF1010BB0F5807F02DDA8
:1021D0006FF03B0983E02046FFF77FFF5FEA0009CD
:1021E00000D07CE0012010904FF0000A002523E091
:1021F00005EB850104F1E40000EB810005EB8502AD
:10220000816804F1E40000EB8200C068814201D2E1
:102210000020109005EB850104F1E40000EB810043
:102220000069012807D105EB850104F1E40000EB0A
:102230008100806882446D1CD4F8E000A842D7DC9D
:1022400010980028BED0BAF1400FBBD34021684699
:1022500012F0C4FD694604F1080008F0B2FF5FEA1D
:10226000000900D03BE004F1080007F0B6FC04F1DF
:10227000080007F0A9FC002104F1080007F0C4FCE5
:102280005FEA000900D02AE04022694604F1080014
:1022900008F034FF5FEA000900D020E000236A461E
:1022A0004021684609F0D7FB5FEA000900D016E03C
:1022B000002508E0002105EB850204F1E40000EBB5
:1022C000820081606D1CD4F8E000A842F2DC424636
:1022D0006946384612F094FC4FF0000900BF4021D7
:1022E000684602F097FF484668E700007D630000FB
:1022F00010B5044600BF00BF4FF4C471204612F071
:102300006DFD10BD2DE9F04F99B08246002001907F
:10231000029003900490059001A802AB102202A93C
:1023200000905046FFF757F80B9018B10B9819B072
:10233000BDE8F08F9DF8080000069DF8091040EAFE
:1023400001409DF80A1040EA01209DF80B10084357
:102350000021CDE908019DF80C0000069DF80D1044
:1023600040EA01409DF80E1040EA01209DF80F1050
:1023700008430021CDE906012022DDE90801CDE96D
:102380000E1012F05CF8DDE9063240EA030841EA7B
:1023900002099DF8100000069DF8111040EA014066
:1023A0009DF8121040EA01209DF813100843002107
:1023B000CDE908019DF8140000069DF8151040EACB
:1023C00001409DF8161040EA01209DF817100843BF
:1023D0000021CDE906012022DDE90801CDE90C103C
:1023E00012F02DF8DDE9063240EA030641EA020761
:1023F0000AF14000C0E91067CAF80491CAF80081E8
:102400000021CAF8C010CAF8C410CAF84010CAF8AF
:1024100044104FF0040B3EE0012030404FF061418A
:10242000A0FB010100903F2240464946CDE91698A5
:1024300012F005F804460D464FF0010230463946C9
:10244000CDE9147612F00EF844EA000645EA0107D9
:10245000012240464946CDE9129812F003F804469D
:102460000D464FF000014FF020020098CDE910100A
:1024700011F0E5FF84EA000885EA01090AF140004D
:1024800000EBCB00C0C00AF1C00000EBCB00C0E9FC
:1024900000894FEA6B0BBBF1000FBDDC4FF0020B64
:1024A00031E00AF1400202EBCB00803202EBCB01BB
:1024B000D1E90089D0E9006701220A921EE00AF101
:1024C000C0020A9B02EBC3030CCB82EA080283EA38
:1024D00009030A9C01EBC4040CC40AF140020A9BE4
:1024E00002EBC302D2E9003273407A400A9C00EB4F
:1024F000C404C4E900320A9A521C0A920A9A5A4544
:10250000DDDB4FEA4B0BBBF1080FCADD00200EE705
:102510002DE9F04780460E4617461D466FF06D09BF
:1025200000BF00BF00BF00BF00BF00BF012229469F
:102530003046FEF750FE04461CB96FF01300BDE8AC
:10254000F0876069102802D06FF01300F7E740466B
:10255000FEF764FE21464046FEF791FE5FEA000961
:1025600001D04846EBE701232A4639464046FEF7AC
:10257000A1FE5FEA000901D04846E0E74046FFF7C8
:10258000C1FE5FEA000901D04846D8E70020D6E73F
:102590002DE9F74FBCB09246002004903D98C07BD7
:1025A00000F00F0003903C98C030039900EBC1018C
:1025B000C0C93C984030039900EBC101D1E90089C2
:1025C0000F20049096E004993D98405C00F00F00C5
:1025D000039004993D98405C0009029004980F28EC
:1025E00042D008F00F0001903C2230463946CDE938
:1025F0000B7611F024FF04460D464FF004024046CE
:102600004946CDE9099811F02DFF44EA000845EA52
:102610000109042230463946CDE9077611F022FF40
:1026200006460F46FE49019801EBC000D0E90010B4
:102630003022CDE905010846059911F000FF46401A
:102640004F403C98C030039900EBC10103C946409C
:102650004F403C984030039900EBC100D0E9001096
:1026600081EA080880EA090908F00F0001903C227D
:1026700030463946CDE9137611F0E1FE04460D46A9
:102680004FF0040240464946CDE9119811F0EAFEA8
:1026900044EA000845EA0109042230463946CDE9FA
:1026A0000F7611F0DFFE06460F46DD49019801EB7B
:1026B000C000D0E900103022CDE90D0108460D9987
:1026C00011F0BDFE46404F403C98C030029900EBEF
:1026D000C100D0E900104E4047403C98403002997C
:1026E00000EBC10103C980EA080881EA09090498DE
:1026F000401E049004980028BFF665AF2022B34620
:10270000584639463B9711F0ADFE1822CDE93910F5
:1027100011F0A8FE8AF80000202230463946CDE9A3
:10272000377611F09FFE1022CDE9351011F09AFE98
:102730008AF80100202230463946CDE9337611F07F
:1027400091FE0822CDE9311011F08CFE8AF80200CA
:10275000202230463946CDE92F7611F083FE8AF8E3
:102760000300182230463946CDE92D7611F07AFE65
:102770008AF80400102230463946CDE92B7611F054
:1027800071FE8AF80500082230463946CDE92976DF
:1027900011F068FE8AF806008AF807602022404699
:1027A0004946CDE9279811F05DFE1822CDE92510A4
:1027B00011F058FE8AF80800202240464946CDE92B
:1027C000239811F04FFE1022CDE9211011F04AFE9E
:1027D0008AF80900202240464946CDE91F9811F0A9
:1027E00041FE0822CDE91D1011F03CFE8AF80A00D6
:1027F000202240464946CDE91B9811F033FE8AF865
:102800000B00182240464946CDE9199811F02AFEDE
:102810008AF80C00102240464946CDE9179811F07D
:1028200021FE8AF80D00082240464946CDE9159858
:1028300011F018FE8AF80E008AF80F803FB0BDE84C
:10284000F08F2DE9FF4F89B004461E46179F6FF0A9
:102850006D0006900020019000BF00BF00BF00BFC8
:1028600000BF00BFBEB13D22B24607905046079957
:1028700011F0F8FD00235840594008430BD13D2288
:10288000BB4608905846089911F0ECFD00235840CB
:102890005940084304D06FF013000DB0BDE8F08F2D
:1028A00004F580700021016641668166C16601679A
:1028B00041678167C16704F5A0740A9820642160AC
:1028C0006160A160E160A4F5A0740C2E0AD13246CB
:1028D00004F5B0700B9912F093F9012140F26F10DA
:1028E00001554CE000200290039004900590C6F33F
:1028F00047508DF81400C6F34F30C0B28DF8150064
:10290000C6F35710C0B28DF81600F006000E8DF811
:102910001700DDF82C901CE0102E01D2304600E0AC
:1029200010208046002509E004F5B070405D19F8DC
:102930000510484004F5B07148556D1C4545F3D36A
:1029400004F5B07211462046FFF722FEA6EB0806FA
:10295000C144002EE0D1002509E004F5B070405DCF
:1029600002A9495D484004F5B07148556D1C102D11
:10297000F3D304F5B07211462046FFF709FE01A813
:1029800004F5A873102204F5B07100902046FEF7FC
:1029900022FD069008B106987FE70020C4F8487130
:1029A000C4F84C01DDF858901CE0102F01D23846D5
:1029B00000E010208046002509E004F5B870405D75
:1029C00019F80510484004F5B87148556D1C454587
:1029D000F3D304F5B87211462046FFF7D9FDA7EBF3
:1029E0000807C144002FE0D1002056E72DE9F04F41
:1029F00087B004460E46174698466FF06D00069065
:102A0000C3460020019000BF00BF00BF00BF00BF51
:102A100000BFB8450BD9A8EB0700B04207D201E0D0
:102A200040A702006FF0130007B0BDE8F08FD4F8A4
:102A30004021D4F84401921940F10000D4F840310B
:102A4000D4F84411D21A88410CD3D4F84021D4F8D8
:102A50004401921940F100006FF01F030F219A1AF0
:102A6000814102D26FF01300DEE7D4F84021D4F8A0
:102A70004401921940F10000C4F84021C4F8440117
:102A8000B94653E0102E01D2304600E010208246B5
:102A900010250CE0681E04F5B071085C401C10F0B5
:102AA000FF02A5F101000A5400D002E06D1E0C2DBA
:102AB000F0D800BF01A802AB102204F5B07100905D
:102AC0002046FEF788FC069008B10698ACE7002582
:102AD00020E0D4F8800140B904F5B870405D19F8E1
:102AE0000510484004F5B871485502A8405D19F832
:102AF000051048400BF80500D4F88001012808D1E2
:102B000004F5B870405D1BF80510484004F5B87135
:102B100048556D1C5545DCD304F5B8721146204666
:102B2000FFF736FDA6EB0A06D144D344002EA9D107
:102B3000002079E72DE9F74FAAB000BF00BF00BF22
:102B400000BF2A9901F5A07103C908220023A0FB48
:102B5000024C01FB02C100FB03152A98082100F575
:102B6000A4700CC80020A2FB016C03FB01C102FB96
:102B700000172C98102802D82C98042804D26FF043
:102B800013002DB0BDE8F08F2A9901F5A871DDE999
:102B90002B0212F035F8002184EA01006940084355
:102BA00005D1002186EA0100794008437ED000204B
:102BB00002900390049005902022B046404639468A
:102BC000299711F04FFC1822CDE9271011F04AFC8B
:102BD000C0B28DF808002022B146484639462697F3
:102BE00011F040FC1022CDE9241011F03BFCC0B2E2
:102BF0008DF809002022B24650463946239711F03D
:102C000031FC0822CDE9211011F02CFCC0B28DF866
:102C10000A002022B34658463946209711F022FC7C
:102C2000C0B28DF80B00182230463946CDE91E7629
:102C300011F018FCC0B28DF80C0010223046394655
:102C4000CDE91C7611F00EFCC0B28DF80D00082203
:102C500030463946CDE91A7611F004FCC0B28DF841
:102C60000E00F0B28DF80F00202220462946CDE953
:102C7000185411F0F7FB1822CDE9161011F0F2FBF1
:102C8000C0B28DF81000202220462946CDE9145408
:102C900011F0E8FB1022CDE9121011F0E3FBC0B2F5
:102CA0008DF8110020222046294600E06AE0CDE997
:102CB000105411F0D7FB0822CDE90E1011F0D2FB11
:102CC000C0B28DF81200202220462946CDE90C54CE
:102CD00011F0C8FBC0B28DF8130018222046294617
:102CE000CDE90A5411F0BEFBC0B28DF814001022D9
:102CF00020462946CDE9085411F0B4FBC0B28DF846
:102D00001500082220462946CDE9065411F0AAFBF9
:102D1000C0B28DF81600E0B28DF8170000200190C7
:102D20000FE02A9800F5B8700199405C02AA515C46
:102D300041402A9800F5B870019A81540198401CCE
:102D4000019001981028ECD32A9A02F5B8722A99BA
:102D500001F5B8712A98FFF71BFC002001900DE0E7
:102D600001992B98415C2A9800F5B870019A805C13
:102D700041402B9881540198401C01902C99019856
:102D80008842EDD30020FCE62DE9FE4F06460F46B3
:102D900014461D46DDE90EABDDE90C896FF06D00D0
:102DA000029000BF00BF00BF00BF00BF00BF00BF58
:102DB00000BF00BF00BF00BF00BF43462A463946E0
:102DC0003046CDE9009AFFF73CFD029010B1029821
:102DD000BDE8FE8F5A4621463046109BFFF706FE9F
:102DE000029008B10298F3E73046DDE91121FFF7C0
:102DF000A1FE029008B10298EAE70020E8E72DE979
:102E0000FF4F8DB00E4617469846DDF868B0DDF8E6
:102E10007CA0DDF874906FF06D000C9000BF00BFD7
:102E200000BF00BF00BF00BF00BF00BF00BF00BFAA
:102E300000BF00BF08A91E98CDE904A90691039020
:102E40001B983B4632460021CDE9008B02900D983D
:102E5000FFF79AFF0C9018B10C9811B0BDE8F08FF5
:102E60000025002406E01C98005D08A9095D484083
:102E70000543641C4C45F6D335B13146504602F04B
:102E8000C9F96FF01100E8E70020E6E710B5044645
:102E900004B910BD2046FEF7C1F94FF4C4712046B5
:102EA00002F0B8F900BFF4E7F94870470146C81EC0
:102EB000062810D2DFE800F0030507090B0DF548DE
:102EC0007047F548FCE7F548FAE7F548F8E7F548B4
:102ED000F6E7F548F4E70020F2E710B504460CB930
:102EE000002010BD2146F1A011F0CAFF18B903203F
:102EF000FFF7DCFFF5E72146EDA011F0C1FF20B19F
:102F00002146EDA011F0BCFF18B90420FFF7CEFF59
:102F1000E7E72146E9A011F0B3FF18B90520FFF754
:102F2000C5FFDEE72146E7A011F0AAFF18B9062089
:102F3000FFF7BCFFD5E72146E4A011F0A1FF18B9C7
:102F40000720FFF7B3FFCCE72146E2A011F098FF7E
:102F500018B90820FFF7AAFFC3E70020C1E7002146
:102F6000016041608160704710B504460CB1206873
:102F700000B910BD606800B320680079C01E062843
:102F800016D2DFE800F003070B0C1011606800F0A8
:102F900004FB0EE0606804F020F80AE000BF6068FF
:102FA00005F01FFD05E000BF606806F016FE00E0BA
:102FB00000BF00BF606811F0A4F9A06840B12268AA
:102FC00092795100A06802F025F9A06811F099F9F2
:102FD0000C21204602F01EF900BFCAE770B5054675
:102FE0000C4645B1286830B12CB1206818B128686A
:102FF0002168884201D0B94870BD20680079C01EA0
:1030000006281AD2DFE800F003080D0E13146168D9
:10301000686800F0CCFA12E06168686803F0E7FFC6
:103020000DE000BF6168686805F0E5FC07E000BFDF
:103030006168686806F0DBFD01E0A848DCE700BFD6
:103040000020D9E770B504460D46164605B10CB907
:10305000A24870BD2879C01E062846D2DFE800F0DD
:1030600003132324343500BF5821012011F006F941
:103070006060606810B999488038EAE7606800F0DD
:1030800085FA00BF33E000BF5C21012011F0F6F8A3
:103090006060606810B991488038DAE7606803F0D2
:1030A00093FF00BF23E000BF00BF6C21012011F09F
:1030B000E5F86060606810B988488038C9E76068E2
:1030C00005F086FC00BF12E000BF00BFD821012040
:1030D00011F0D4F86060606810B980488038B8E7B3
:1030E000606806F071FD00BF01E07C48B1E700BFF9
:1030F00066B1A979022011F0C1F8A060A06828B9D2
:103100002046FFF731FF75488038A2E72560002090
:103110009FE770B504460D46012229462046FFF779
:1031200091FF70BD10B504460CB1206808B96B481A
:1031300010BD20680079C01E062820D2DFE800F00C
:1031400003070B10151A606800F03AFAF0E76068A0
:1031500003F05AFFECE70121606805F059FCE7E74E
:103160000021606805F054FCE2E70121606806F088
:103170004BFDDDE70021606806F046FDD8E75748C3
:10318000D6E770B504460D4616460CB1206808B95E
:10319000524870BD20680079C01E06281ED2DFE8A4
:1031A00000F003090F10161732462946606800F038
:1031B0001CFFEEE732462946606805F0D9FAE8E7D9
:1031C00000BF32462946606806F08AFBE1E700BF8F
:1031D00032462946606807F091FFDAE73F48D8E7B2
:1031E00070B504460D460CB1206808B93B4870BD67
:1031F00020680079C01E06281AD2DFE800F0030814
:103200000D0E13142946606800F044FFEFE72946CD
:10321000606805F006FBEAE700BF2946606806F033
:10322000B8FBE4E700BF2946606807F0CAFFDEE7A5
:103230002A48DCE72DE9F04104460D4616461F46B4
:1032400014B92648BDE8F0812079C01E062855D261
:10325000DFE800F003090F16464D3A46314628468E
:1032600000F0A9FFEEE73A463146284605F079FB23
:10327000E8E701233A463146284606F061FCE1E7DB
:1032800000233A463146284606F05AFCDAE70000A9
:10329000F0A70200C0A70200C8A70200D0A7020042
:1032A000D8A70200E0A70200E8A702004D443500BD
:1032B0005348413100000000534841005348413217
:1032C0003234000053484132353600005348413310
:1032D00038340000534841353132000000AFFFFF61
:1032E00001233A463146284608F0B5FBAAE70023F9
:1032F0003A463146284608F0AEFBA3E7A248A1E7CC
:103300002DE9F04790B00446884691466FF06D0A6B
:103310001CB1206808B1A06818B99B4810B0BDE87E
:10332000F0872068807948451BD22046FFF7FAFED7
:103330005FEA000A00D046E04A4641462046FFF7D1
:1033400020FF5FEA000A00D03DE069462046FFF713
:1033500047FF5FEA000A00D035E0206890F805904A
:10336000E846A66821688979A068471820688179AD
:103370003622304611F008FD206881795C223846FB
:1033800011F002FD00250AE0705D18F805104840B4
:103390007055785D18F80510484078556D1C4D45FE
:1033A000F2D32046FFF7BEFE5FEA000A00D00AE033
:1033B0002068827931462046FFF7E3FE5FEA000A83
:1033C00000D000E000BF4021684601F023FF5046D6
:1033D000A4E770B504460D4616461CB1206808B136
:1033E000A06808B9684870BD324629462046FFF7F4
:1033F000C8FEF8E7F0B591B004460E466FF06D07D1
:103400001CB1206808B1A06810B95F4811B0F0BDC8
:1034100021688979A068451801A92046FFF7E0FED8
:10342000070001D03846F1E72046FFF77BFE070092
:1034300001D03846EAE72068827929462046FFF71E
:10344000A0FE070001D03846E0E72068427901A9D4
:103450002046FFF796FE070001D03846D6E73146F2
:103460002046FFF7BDFED1E770B504466FF06D064C
:103470001CB1206808B1A06808B9434870BDA568B0
:103480002046FFF74FFE060001D03046F6E72068E1
:10349000827929462046FFF774FEEFE72DE9FE4FBB
:1034A00004460E4617461D46DDE90C896FF06D0A8D
:1034B00014B93548BDE8FE8F6846FFF750FD01227C
:1034C00021466846FFF7BEFD5FEA000A00D01AE019
:1034D0003A4631466846FFF713FF5FEA000A00D01C
:1034E00011E0424629466846FFF773FF5FEA000A8B
:1034F00000D008E049466846FFF77CFF5FEA000A13
:1035000000D000E000BF6846FFF72EFD5046D1E72F
:1035100070B504460D460CB1206808B91A4870BD54
:1035200020680079C01E06281AD2DFE800F00308E0
:103530000D0E13142946606800F057F8EFE729468E
:10354000606803F07AFDEAE700BF2946606805F08D
:1035500094FAE4E700BF2946606806F0AEFBDEE7B8
:103560000948DCE7014609B9002070474879FCE7C3
:10357000014609B9002070470879FCE7014609B9FE
:10358000002070470868FCE700AFFFFF10B5044655
:103590005821204611F022FC10BD10B5044604B994
:1035A00010BD5821204601F035FE00BFF8E770B588
:1035B00004460D4658222946204611F0A8FB70BD4E
:1035C0000146002008604860FE488860FE4ACA60E4
:1035D000C2430A61FC4AD2434A610020704700B5E9
:1035E00003461846FFF7ECFF00BDF0B590B0064665
:1035F0000D4628786F7840EA0720AF7840EA074008
:10360000EF7840EA0760009028796F7940EA072058
:10361000AF7940EA0740EF7940EA07600190287AE5
:103620006F7A40EA0720AF7A40EA0740EF7A40EA33
:1036300007600290287B6F7B40EA0720AF7B40EA5F
:103640000740EF7B40EA07600390287C6F7C40EAEC
:103650000720AF7C40EA0740EF7C40EA0760049017
:10366000287D6F7D40EA0720AF7D40EA0740EF7D6F
:1036700040EA07600590287E6F7E40EA0720AF7E13
:1036800040EA0740EF7E40EA07600690287F6F7FA0
:1036900040EA0720AF7F40EA0740EF7F40EA07603B
:1036A000079095F8200095F8217040EA072095F8DA
:1036B000227040EA074095F8237040EA07600890BE
:1036C00095F8240095F8257040EA072095F82670B3
:1036D00040EA074095F8277040EA0760099095F89E
:1036E000280095F8297040EA072095F82A7040EAEA
:1036F000074095F82B7040EA07600A9095F82C0077
:1037000095F82D7040EA072095F82E7040EA0740A2
:1037100095F82F7040EA07600B9095F8300095F807
:10372000317040EA072095F8327040EA074095F87A
:10373000337040EA07600C9095F8340095F83570C6
:1037400040EA072095F8367040EA074095F8377050
:1037500040EA07600D9095F8380095F8397040EA16
:10376000072095F83A7040EA074095F83B7040EA28
:1037700007600E9095F83C0095F83D7040EA0720F0
:1037800095F83E7040EA074095F83F7040EA0760C0
:103790000F90B168F2683369746900BF83EA04006E
:1037A00010406040009F3844884F38440144C801AD
:1037B00040EA5160811800BF00BF82EA0300084060
:1037C0005840019F3844824F38440444200340EA63
:1037D0001450441800BF00BF81EA0200204050404E
:1037E000029F38447B4F38440344580440EAD330A6
:1037F000031900BF00BF84EA010018404840039F3E
:103800003844754F38440244900540EA9220C2186B
:1038100000BF00BF83EA040010406040049F3844AA
:103820006E4F38440144C80140EA5160811800BF1E
:1038300000BF82EA030008405840059F3844684FA3
:1038400038440444200340EA1450441800BF00BF29
:1038500081EA020020405040069F3844614F3844BE
:103860000344580440EAD330031900BF00BF84EA80
:10387000010018404840079F38445B4F38440244D9
:10388000900540EA9220C21800BF00BF83EA0400FE
:1038900010406040089F3844544F38440144C801E8
:1038A00040EA5160811800BF00BF82EA030008406F
:1038B0005840099F38444E4F38440444200340EA9E
:1038C0001450441800BF00BF81EA0200204050405D
:1038D0000A9F3844A0F524404F380344580440EA76
:1038E000D330031900BF00BF84EA010018404840EC
:1038F0000B9F38443F4F38440244900540EA9220E1
:10390000C21800BF00BF83EA0400104060400C9F53
:103910003844394F38440144C80140EA51608118A5
:1039200000BF00BF82EA0300084058400D9F3844A2
:10393000324F38440444200340EA1450441800BF76
:1039400000BF81EA0200204050400E9F38442C4FB7
:1039500038440344580440EAD330031900BF00BF81
:1039600084EA0100184048400F9F3844254F3844EE
:103970000244900540EA9220C21800BF00BF82EACC
:10398000030020405840019F38441F4F38440144F1
:10399000480140EAD160811800BF00BF81EA0200FF
:1039A00018405040069F3844184F38440444600281
:1039B00040EAD450441800BF00BF84EA0100104020
:1039C000484025E00123456789ABCDEF78A46AD74D
:1039D00056B7C7E8DB702024EECEBDC1AF0F7CF533
:1039E0002AC68747134630A8019546FDD8988069B6
:1039F000AFF7448BBED75C892211906B937198FD11
:103A00008E4379A62108B44962251EF640B340C012
:103A10000B9F3844FE4F38440344980340EA9340D8
:103A2000031900BF00BF83EA040008406040009F04
:103A30003844F84F38440244100540EA1230C218A6
:103A400000BF00BF82EA030020405840059F384471
:103A5000F14F38440144480140EAD160811800BF69
:103A600000BF81EA0200184050400A9F3844EB4FE3
:103A700038440444600240EAD450441800BF00BFF8
:103A800084EA0100104048400F9F3844E44F384416
:103A90000344980340EA9340031900BF00BF83EA40
:103AA000040008406040049F3844DE4F384402441C
:103AB000100540EA1230C21800BF00BF82EA0300BE
:103AC00020405840099F3844D74F384401444801AA
:103AD00040EAD160811800BF00BF81EA02001840AF
:103AE00050400E9F3844D14F38440444600240EAAD
:103AF000D450441800BF00BF84EA01001040484081
:103B0000039F3844CA4F38440344980340EA934023
:103B1000031900BF00BF83EA040008406040089F0B
:103B20003844C44F38440244100540EA1230C218E9
:103B300000BF00BF82EA0300204058400D9F384478
:103B4000BD4F38440144480140EAD160811800BFAC
:103B500000BF81EA020018405040029F3844B74F2E
:103B600038440444600240EAD450441800BF00BF07
:103B700084EA010010404840079F3844B04F384461
:103B80000344980340EA9340031900BF00BF83EA4F
:103B90000400084060400C9F3844AA4F3844024457
:103BA000100540EA1230C21800BF00BF82EA0300CD
:103BB0006040059F3844A44F38440144080140EA5E
:103BC0001170811800BF00BF81EA02005840089FB1
:103BD00038449E4F38440444E00240EA54504418AC
:103BE00000BF00BF84EA010050400B9F3844984F4B
:103BF00038440344180440EA1340031900BF00BFCF
:103C000083EA040048400E9F3844924F38440244EF
:103C1000D00540EA5220C21800BF00BF82EA03006C
:103C20006040019F38448C4F38440144080140EA09
:103C30001170811800BF00BF81EA02005840049F44
:103C40003844864F38440444E00240EA5450441853
:103C500000BF00BF84EA01005040079F3844804FF6
:103C600038440344180440EA1340031900BF00BF5E
:103C700083EA040048400A9F38447A4F384402449B
:103C8000D00540EA5220C21800BF00BF82EA0300FC
:103C900060400D9F3844744F38440144080140EAA5
:103CA0001170811800BF00BF81EA02005840009FD8
:103CB00038446E4F38440444E00240EA54504418FB
:103CC00000BF00BF84EA01005040039F3844684FA2
:103CD00038440344180440EA1340031900BF00BFEE
:103CE00083EA04004840069F3844624F3844024447
:103CF000D00540EA5220C21800BF00BF82EA03008C
:103D00006040099F38445C4F38440144080140EA50
:103D10001170811800BF00BF81EA020058400C9F5B
:103D20003844564F38440444E00240EA54504418A2
:103D300000BF00BF84EA010050400F9F3844504F3D
:103D400038440344180440EA1340031900BF00BF7D
:103D500083EA04004840029F38444A4F38440244F2
:103D6000D00540EA5220C21800BF00BF62EA04003A
:103D70005840009F3844444F38440144880140EA89
:103D80009160811800BF00BF61EA03005040079FA7
:103D900038443E4F38440444A00240EA945044184A
:103DA00000BF00BF64EA020048400E9F3844384F0D
:103DB00038440344D80340EA5340031900BF00BF0E
:103DC00063EA01006040059F3844324F38440244A2
:103DD000500540EAD220C21800BF00BF62EA0400CA
:103DE00058400C9F38442C4F38440144880140EA25
:103DF0009160811800BF00BF61EA03005040039F3B
:103E00003844264F38440444A00240EA945047E026
:103E1000515A5E26AAC7B6E95D102FD65314440244
:103E200081E6A1D8C8FBD3E7E6CDE121D60737C3A9
:103E3000870DD5F4ED145A4505E9E3A9F8A3EFFC85
:103E4000D9026F678A4C2A8D4239FAFF81F6718751
:103E500022619D6D0C38E5FD44EABEA4A9CFDE4B7E
:103E6000604BBBF670BCBFBEC67E9B28FA27A1EA9A
:103E70008530EFD4051D880439D0D4D9E599DBE627
:103E8000F87CA21F6556ACC4442229F497FF2A434C
:103E9000A72394AB39A093FCC3595B6592CC0C8FDC
:103EA000441800BF00BF64EA020048400A9F38443B
:103EB000D94F38440344D80340EA5340031900BFA4
:103EC00000BF63EA01006040019F3844D34F38448B
:103ED0000244500540EAD220C21800BF00BF62EA87
:103EE00004005840089F3844CD4F384401448801AD
:103EF00040EA9160811800BF00BF61EA03005040B2
:103F00000F9F3844C74F38440444A00240EA9450FD
:103F1000441800BF00BF64EA02004840069F3844CE
:103F2000C14F38440344D80340EA5340031900BF4B
:103F300000BF63EA010060400D9F3844BB4F384426
:103F40000244500540EAD220C21800BF00BF62EA16
:103F500004005840049F3844B54F38440144880158
:103F600040EA9160811800BF00BF61EA0300504041
:103F70000B9F3844AF4F38440444A00240EA9450A9
:103F8000441800BF00BF64EA02004840029F384462
:103F9000A94F38440344D80340EA5340031900BFF3
:103FA00000BF63EA01006040099F3844A34F3844D2
:103FB0000244500540EAD220C21800BFB06808444D
:103FC000B060F0688718F7603069C71837617069AA
:103FD00007197761002010B0F0BD30B504460D46DA
:103FE00029462046FFF701FB30BD2DE9F047044686
:103FF000884615466FF06D0915B90020BDE8F087B9
:10400000206800F03F07C7F1400620682844206080
:10401000206820602068A84202D26068401C60606E
:10402000AFB1B54213D304F11801C8193246414665
:1040300010F0E6FD04F118012046FFF7D6FA5FEA1A
:10404000000901D04846D9E7B044AD1B00270BE07A
:1040500041462046FFF7C9FA5FEA000901D0484609
:10406000CCE708F14008403D402DF1D235B104F1D4
:104070001801C8192A46414610F0C2FD0020BDE7CC
:1040800070B504460D461646324629462046FFF7CF
:10409000ACFF70BD2DE9F04704460D466FF06D0989
:1040A000206800F03F0680223046761C04F118019B
:1040B0000A54382E07D8C6F1380104F118029019B5
:1040C00010F06AFE16E0C6F1400104F118029019E2
:1040D00010F062FE04F118012046FFF786FA5FEA4D
:1040E000000902D04846BDE8F087382104F11800E5
:1040F00010F074FE2068400F616840EAC107206834
:104100004FEAC00884F850804FEA182184F8511013
:104110004FEA184184F852104FEA186084F85300AF
:1041200084F85470390A84F85510390C84F8561004
:10413000380E84F8570004F118012046FFF755FAAD
:104140005FEA000901D04846CDE7A0682870A06862
:10415000000A6870A068000CA870A068000EE870E3
:10416000E0682871E068000A6871E068000CA871D6
:10417000E068000EE871206928722069000A687200
:104180002069000CA8722069000EE872606928732B
:104190006069000A68736069000CA8736069000EAA
:1041A000E87300209FE770B504460D462946204677
:1041B000FFF770FF70BDF0B597B004460D46164688
:1041C0006FF06D0701A8FFF7E1F901A8FFF7F8F913
:1041D000070000D00FE02A46214601A8FFF705FF9F
:1041E000070000D007E0314601A8FFF753FF0700A2
:1041F00000D000E000BF01A8FFF7CFF9384617B0A4
:10420000F0BD70B504460D46164632462946204696
:10421000FFF7D1FF70BD00007DF4EFFFD15D848515
:104220004F7EA86FE0E62CFE144301A3A111084EB7
:10423000827E53F735F23ABDBBD2D72A91D386EBB3
:1042400070B50446FE4D2E4605B10CB9002070BD78
:104250000DE070686168884207D1D4E901213068B7
:1042600010F008FC08B92846F1E714352E463068EE
:104270000028EED100BFEAE770B506460C4630468E
:10428000FFF7DEFF054615B96FF02D0070BD2869F8
:1042900020600020FAE770B50446EA4D2E4605B1CD
:1042A0000CB9002070BD0DE070686168884207D1CC
:1042B000D4E90121306810F0DDFB08B92846F1E7A8
:1042C00014352E4630680028EED100BFEAE770B5FD
:1042D00006460C463046FFF7DEFF054615B96FF07F
:1042E0002D0070BD286920600020FAE770B50446F3
:1042F000D54D2E4605B10CB9002070BD0DE070689B
:104300006168884207D1D4E90121306810F0B2FB1E
:1043100008B92846F1E710352E4630680028EED15E
:1043200000BFEAE770B506460C463046FFF7DEFFF1
:10433000054615B96FF02D0070BDE86820600020BB
:10434000FAE770B50446C14D2E4605B10CB9002000
:1043500070BD0DE070686168884207D1D4E9012121
:10436000306810F087FB08B92846F1E710352E4673
:1043700030680028EED100BFEAE770B506460C466B
:104380003046FFF7DEFF054615B96FF02D0070BD12
:10439000E86820600020FAE770B50446AC4D2E4670
:1043A00005B10CB9002070BD0DE0706861688842ED
:1043B00007D1D4E90121306810F05CFB08B9284628
:1043C000F1E714352E4630680028EED100BFEAE749
:1043D00070B506460C463046FFF7DEFF054615B9B8
:1043E0006FF02D0070BDE86820600020FAE72DE92D
:1043F000F04107460D4616463846FFF7CDFF044606
:104400001CB96FF02D00BDE8F081207C2870607C25
:1044100030700020F7E730B504460D468C490CE0BB
:10442000487CA04208D1087CA84205D108681060E9
:1044300048681860002030BD143108680028EFD1AA
:104440006FF02D00F7E770B50446824D2E4605B19A
:104450000CB9002070BD0DE070686168884207D11A
:10446000D4E90121306810F005FB08B92846F1E7CE
:1044700014352E4630680028EED100BFEAE770B54B
:1044800006460C463046FFF7DEFF054615B96FF0CD
:104490002D0070BD287C20700020FAE710B503467F
:1044A0000C466C4909E0087C984205D108682060F8
:1044B00048681060002010BD143108680028F2D14F
:1044C0006FF02D00F7E770B50446634D2E4605B139
:1044D0000CB9002070BD0DE070686168884207D19A
:1044E000D4E90121306810F0C5FA08B92846F1E78F
:1044F00014352E4630680028EED100BFEAE770B5CB
:1045000006460C463046FFF7DEFF054615B96FF04C
:104510002D0070BD287C20700020FAE770B504469D
:104520004E4D2E4605B10CB9002070BD0DE07068EF
:104530006168884207D1D4E90121306810F09AFA05
:1045400008B92846F1E714352E4630680028EED128
:1045500000BFEAE770B506460C463046FFF7DEFFBF
:10456000054615B96FF02D0070BD287C2070002025
:10457000FAE710B503460C46384909E0087C984232
:1045800005D10868206048681060002010BD143113
:1045900008680028F2D16FF02D00F7E770B50446E7
:1045A0002F4D2E4605B10CB9002070BD0DE070688E
:1045B0006168884207D1D4E90121306810F05AFAC5
:1045C00008B92846F1E714352E4630680028EED1A8
:1045D00000BFEAE770B506460C463046FFF7DEFF3F
:1045E000054615B96FF02D0070BD287C20700020A5
:1045F000FAE72DE9FE4F8346894615466FF06D04B4
:10460000DA464E46686888B3A8680078282190FB8F
:10461000F1F201FB12000290A868007890FBF1F023
:104620000190029800900FA231465046019B0FF076
:104630005BFF044600BF002C01DBB4421BD316E035
:104640000CA802009CA9020028AA0200A8AA020045
:10465000C8AA02007CAB0200CCAB020008AC02008E
:1046600094AC020025642E256400000006E06FF083
:104670000A00BDE8FE8F361BA24400BF00274FF0A2
:10468000010828E0C7F31800B84202D06FF00A0012
:10469000EFE7FF01A86810F8080000F07F0007446A
:1046A000A86810F8080010F0800F12D13B460DA248
:1046B000314650460FF018FF044600BF002C01DBC6
:1046C000B44202D36FF00A00D3E7361BA24400BF06
:1046D000002708F1010868684045D3D8A9EB060017
:1046E000C7E700002E25750000BF00BF0021016054
:1046F0004160704710B5044604B910BD206818B178
:10470000D4E90020916A88470821204600F082FD04
:1047100000BFF2E70146012901D1CB4870470020D4
:10472000FCE770B504460D4600BF00BF0DB1206820
:1047300008B1C64870BD686A8047606008B9C4485F
:10474000F8E725600020F5E770B504460D460CB18A
:10475000206808B9002070BD2068C16828468847D5
:10476000F9E770B505460C46206808B1002070BD19
:104770002846FEF79BFB060001D1401EF7E73046B6
:10478000FEF7F0FE20600020F1E72DE9FF4383B043
:1047900004460D461646DDE90F890E9F00BF00BF97
:1047A00000BF00BF00BF00BF206820B106A9284697
:1047B000FFF7D7FF18B1A54807B0BDE8F083206820
:1047C000006910B9A1488038F6E7CDE90078D4E94E
:1047D0000010D1F810C032462946069BE047EBE7AF
:1047E0002DE9FE4304460D4616461F46DDE90A89BB
:1047F00000203B4632462946CDE9008902902046FA
:10480000FFF7C3FFBDE8FE832DE9FC5F04460E46BB
:1048100015461F46DDE90EABDDE90C8900BF00BF80
:1048200000BF00BF00BF00BF286810B98748BDE8BF
:10483000FC9F21462846FFF787FF10B98348803840
:10484000F5E7062C01D18348F1E70EB17F48EEE78A
:104850004B46424639462846CDE900ABFFF7C0FF3C
:10486000E5E72DE9FF4F85B004460D46164612AF29
:1048700097E8800F00BF00BF00BF00BF00BF00BFB0
:10488000206820B108A92846FFF76BFF18B16F48D0
:1048900009B0BDE8F08F2068406910B96B488038D6
:1048A000F6E78DE88007D4E90010D1F814C032464D
:1048B0002946089BE047EBE72DE9F04F85B0044619
:1048C0000D4616461F46DDE910ABDDE90E890020D6
:1048D0003B46324629468DE8000F04902046FFF7FC
:1048E000C0FF05B0BDE8F08F2DE9FF5F04460D461F
:1048F00016461F46DDE910ABDDE90E8900BF00BF9B
:1049000000BF00BF00BF00BF00BF00BF206818B9D4
:104910004E4804B0BDE8F09F2068806910B94B484C
:104920008038F6E78DE8000FD4E900103B463246A8
:10493000D1F818C02946E047EBE72DE9FF5F0446B0
:104940000D4616461F46DDE910ABDDE90E8900BFB6
:1049500000BF00BF00BF00BF00BF00BF00BF206896
:1049600018B93A4804B0BDE8F09F2068C06910B992
:1049700036488038F6E78DE8000FD4E900103B4652
:104980003246D1F81CC02946E047EBE770B5054632
:104990000C4600BF00BF00BF00BF286808B12068F8
:1049A00008B92A4870BD2068006A08B92948F9E7A3
:1049B00020680078052806D128680078012809D0E9
:1049C00022488038EEE728682168884202D01F48D4
:1049D0008038E7E76168686823681A6A9047E1E70A
:1049E00010B504460CB1206808B9002010BDD4E908
:1049F000002091688847F9E770B504460D4600BF6E
:104A000000BF206808B9114870BD2068C06A10B99D
:104A10000E488038F8E7D4E90010CA6A2946904762
:104A20000020F1E7014609B1086808B90AA07047FB
:104A300008684068FBE7014609B1086808B900202A
:104A4000704708680078FBE70CAD020080C1FFFFEB
:104A500080C0FFFF80C6FFFF696E76616C696420CD
:104A6000504B00000146012901D0062901D1012047
:104A700070470020FCE770B504462546284600F044
:104A800050FFC00070BD2DE9F04F85B004460D46C3
:104A900016461F46DDE90EA86FF06D0B04940498CE
:104AA00000F03FFF8146C84503D2544805B0BDE839
:104AB000F08F00231A461946CDE9026ACDE9005766
:104AC000049801F0F6FD5FEA000B01D05846EDE7CF
:104AD000C84501D94A48E9E70020E7E72DE9F04F4A
:104AE00085B004460D4616461F46DDE910ABDDE9EC
:104AF0000E890494049800F014FFC9F80000012303
:104B00005A465146CDE90268CDE90057049801F0B4
:104B100040FD05B0BDE8F08F2DE9F04F85B00446AB
:104B20000D4616461F46DDE910ABDDE90E890494FB
:104B3000049800F0F6FEB04203D0324805B0BDE85C
:104B4000F08F01235A465146CDE90279CDE900851F
:104B5000049801F0DCFBF1E72DE9FF5F04460D4608
:104B600016461F46DDE910ABDDE90E890394039874
:104B700000F0D7FEC8F80000D8F80000484504D976
:104B80001E48803804B0BDE8F09F00235A465146C5
:104B9000CDE901570096039801F052FAF2E770B59B
:104BA00004460D462946204600F01FFF70BD10B593
:104BB000AC2101200FF062FB044624B10022114613
:104BC000204600F09CFE204610BD10B5044620464D
:104BD00001F092FD20460FF094FB10BD01220A70F7
:104BE00009A24A6000F108028A600C3101220A70B1
:104BF00007A24A6000F114028A60704780BCFFFF80
:104C000000C7FFFF80BFFFFF7273612E4E000000E0
:104C10007273612E45000000F0B589B004460D4660
:104C200017466FF06D06302308AA29462046F8F78C
:104C300044FF060003D0A6F56C5009B0F0BD206813
:104C400008990844A84201D0FE48F6E7022308AAC2
:104C500029462046F8F731FF060002D0A6F56C5031
:104C6000EBE70020039004900590069000900190DF
:104C70000290034621683846089A00F036FB060089
:104C800002D0F0486630D8E72068089908442060D0
:104C9000022308AA29462046F8F70FFF060002D093
:104CA000A6F56C50C9E70899002220680392CDE967
:104CB0000420009201921346029206911146384652
:104CC00000F013FB060002D0DE486630B5E720682E
:104CD000089908442060384600F0CDFB18B93846E2
:104CE00000F022FE10B1D7486630A6E72068A8423F
:104CF00001D0D448A1E700209FE72DE9FE430646F6
:104D00000F4615461C466FF06D080020206060605D
:104D1000A06023466A4639463046F9F781F85FEAD3
:104D2000000803D0A8F56A50BDE8FE83294668460E
:104D3000FFF7A5FB08B1C448F6E72878012809D198
:104D40002068052801D0206808B9606810B1BD4806
:104D5000E630E9E70020E7E72DE9F04387B00546B4
:104D60000E4617466FF06D040020029000BF00BF92
:104D700000BF00BF00BF00BF00BF00BF302306AAB6
:104D800031462846F8F799FE040004D0A4F5745083
:104D900007B0BDE8F08328680699461803AB02AA5D
:104DA00031462846FFF7A9FF040001D02046EFE76F
:104DB00006AA31462846F8F7C5FF040002D0A4F53C
:104DC0006C50E5E7286806990844B04201D09D4838
:104DD000DEE79DF80800FFF79DFC5FEA000901D1BE
:104DE0009948D5E749463846FFF79BFC040001D0B7
:104DF0002046CDE79DF8080001280CD1D7E9000135
:104E0000CDE9000101988046424631462846FFF729
:104E100003FF044600E08C4C1CB92868B04200D067
:104E2000884C14B13846FFF765FC2046B0E72DE901
:104E3000F04106460F461446224639463046F8F7FA
:104E4000E2FE054615B12846BDE8F0810021204666
:104E5000FAF753FD10B97C488038F5E70020F3E7F6
:104E60002DE9F04188B005460E46174602A8F9F72D
:104E70008FF80596059800EB0708302306AA4146EF
:104E800005A8F8F71AFE040004D0A4F5745008B081
:104E9000BDE8F081DDE9050100EB010807AA414604
:104EA00005A8F8F79AFE040002D0A4F57450EEE7C6
:104EB000079808B16548EAE702AA414605A8FFF746
:104EC000B6FF040009D100900346024602A90190F2
:104ED000284600F0C1F9040000D087E002AA41464C
:104EE00005A8FFF7A4FF04000AD102A800210B4681
:104EF0000A46CDE90010284600F0AEF9040000D0C3
:104F000074E002AA414605A8FFF791FF04000AD108
:104F100002A903460246CDE900100146284600F0EA
:104F20009BF9040000D061E002AA414605A8FFF702
:104F30007EFF040009D10090034602AA01460190B9
:104F4000284600F089F9040000D04FE002AA41464B
:104F500005A8FFF76CFF040009D1009002AB0246E0
:104F600001460190284600F077F9040000D03DE0AA
:104F700002AA414605A8FFF75AFF040006D102A97C
:104F800005F14400F9F78CF8040000D02EE002AAE5
:104F9000414605A8FFF74BFF040006D102A905F121
:104FA0005000F9F77DF8040000D01FE002AA414646
:104FB00005A8FFF73CFF040006D102A905F15C003B
:104FC000F9F76EF8040000D010E0284600F053FA1C
:104FD000040004D1284600F0A7FC040000D005E03E
:104FE0000598404501D0194C1A3400BF02A8F8F7C3
:104FF000D7FF5CB14FF68070044202D1A4F574541F
:1050000001E0114C803C284601F076FB20463EE74B
:105010002DE9F0478AB005460E46174604960498D7
:1050200000EB070800200390302308AA414604A89B
:10503000F8F743FD04000BD0A4F574500AB0BDE8A6
:10504000F08700009AC4FFFF80C3FFFF80C2FFFF0C
:105050000899049800EB010809AA414604A8F8F74A
:10506000BCFD040002D0A4F57450E7E7099810B124
:10507000A4F57650E2E705AB03AA414604A8FFF782
:105080003CFE040002D0A4F57450D7E7042308AA1C
:10509000414604A8F8F711FD040002D0A4F57450AD
:1050A000CCE7089808B95948C8E79DF80C00FFF705
:1050B00031FB5FEA000A02D15448E030BEE75146B6
:1050C0002846FFF72EFB040001D02046B6E79DF8E6
:1050D0000C00012810D1D5E90001CDE901010298A9
:1050E0008146089A0499FFF7BBFE040007D02846C2
:1050F000FFF700FB2046A1E74448E0309EE7002090
:105100009CE72DE9FC5F04460E4615469B46DDF8FC
:1051100030806FF06D0900BF00BF1DB93B486030A3
:10512000BDE8FC9F00BF00BF2A4631462046FFF77E
:105130006FFF5FEA000900D1F2E72046FFF7DAFAD5
:105140002046FFF7D1FA0120FFF7E4FA82465146E4
:105150002046FFF7E6FA60B9D4E90001CDE9000185
:10516000019807462A463146FFF77AFE08B9002023
:10517000D6E72046FFF7BEFA2046FFF7B5FA2348E8
:105180006030CDE72DE9FE4305460E4614466FF02C
:105190006D0700BF00BF1CB91C486030BDE8FE832E
:1051A00000BF00BF0120FFF7B5FA5FEA000902D196
:1051B0001648E030F2E749462846FFF7B2FA070002
:1051C00001D03846EAE70296D5E90001CDE90001B1
:1051D0000198804602980119424602A8FFF71CFD7B
:1051E00007460FB93846D9E72846FFF783FA08483B
:1051F000874201D03846D1E70296029801192A4623
:1052000002A8FFF7A9FD07463846C7E7A0C2FFFF7F
:105210009EC4FFFF70B505460C4600BF00BF2CB111
:10522000224600212846024B1B68984770BD0000AB
:10523000F0010020F0B503460C461D46264600202E
:10524000002106E06F5C16F801C087EA0C073843BE
:10525000491C9142F6D3F0BD2DE9F04704460D46B6
:1052600016461F46DDE908896FF06D0A00BF00BFD2
:105270003DB1294604F10800F8F712FF5FEA000A81
:1052800027D13EB1314604F12C00F8F709FF5FEA5F
:10529000000A1ED13FB1394604F13800F8F700FF8B
:1052A0005FEA000A15D1B8F1000F07D0414604F1BA
:1052B0002000F8F7F5FE5FEA000A0AD1B9F1000F05
:1052C0000BD0494604F11400F8F7EAFE5FEA000A41
:1052D00003D0AAF58140BDE8F08725B104F10800AC
:1052E000F9F792F860600020F5E72DE9F05F0446D9
:1052F0000E4693461D46DDF83C90DDF834800B9F4A
:105300004FF0000A00BF00BF86B100BF5A463146C9
:1053100004F10800FBF706F85FEA000A00D03EE05F
:1053200000BF04F10800F9F76FF860605DB100BFDD
:10533000294604F12C000A9AFAF7F4FF5FEA000A02
:1053400000D02CE000BF5FB100BF394604F1380047
:105350000C9AFAF7E7FF5FEA000A00D01FE000BFEF
:10536000B8F1000F0BD000BF414604F120000E9AA7
:10537000FAF7D8FF5FEA000A00D010E000BFB9F1E9
:10538000000F0BD000BF494604F11400109AFAF741
:10539000C9FF5FEA000A00D001E000BF00BFBAF118
:1053A000000F03D0AAF58140BDE8F09F0020FBE785
:1053B00070B504460D46164604F10800F9F724F8C6
:1053C0006168884203D16068B0F5806F01D9FC48FC
:1053D00070BD002104F10800FAF78FFA002805DDFE
:1053E000002104F10800F8F77CFF08B9F448EFE762
:1053F000DDB1002104F12C00FAF77FFA002812DD5C
:10540000002104F12C00F8F76CFF60B1002104F1D9
:105410003800FAF772FA002805DD002104F138009F
:10542000F8F75FFF08B9E648D2E7002104F114005D
:10543000FAF763FA002801DCE148C9E77DB10021F1
:1054400004F14400FAF759FA002806DD002104F1BE
:105450005000FAF752FA002801DCD948B8E745B104
:10546000002104F15C00FAF748FA002801DCD44876
:10547000AEE70020ACE72DE9F04F89B004460025E7
:1054800000BF00BF002104F10800FAF736FA08B1A6
:10549000012000E000208246002104F12C00FAF7F0
:1054A0002CFA08B1012000E000200646002104F19A
:1054B0003800FAF722FA08B1012000E00020074680
:1054C000002104F12000FAF718FA08B1012000E0E9
:1054D00000208046002104F11400FAF70EFA08B10A
:1054E000012000E000208146002104F14400FAF789
:1054F00004FA08B1012000E000200890002104F126
:105500005000FAF7FAF908B1012000E000200790F6
:10551000002104F15C00FAF7F0F908B1012000E085
:105520000020069046B13FB1B8F1000F04D0B9F1A8
:10553000000F01D0012000E000200590BAF1000F1B
:1055400009D046B93FB9B8F1000F04D0B9F1000F46
:1055500001D0012000E00020049046B13FB1B8F135
:10556000000F04D1B9F1000F01D0012000E00020AC
:105570000390BAF1000F09D046B93FB9B8F1000F56
:1055800004D1B9F1000F01D0012000E00020029009
:10559000059818B9049808B9039808B1012000E0EB
:1055A00000208346BBF1000F05D1029818B984484A
:1055B00009B0BDE8F08FBAF1000F13D196B18FB1E9
:1055C00004F1380204F12C0104F10800F9F7E9FFB5
:1055D000050002D0A5F58140EAE704F10800F8F7DC
:1055E00013FF6060049880B104F1380004F12C03CB
:1055F00004F1200204F114010090303801F066F942
:1056000005469DB1A5F58140D2E7039870B104F13C
:10561000200304F1140204F1380104F12C0001F01C
:105620005EFA050002D0A5F58140C1E7BBF1000F8D
:1056300018D0089818B1079808B1069890B904F1E5
:105640005C0004F1500104F1440304F12002CDE9AF
:1056500000101839303801F064FC054615B1A5F585
:105660008140A5E7012259462046FFF7A1FE9FE7AA
:105670002DE9FC5F0446884692461D46DDE90CB6DE
:10568000DDF844900F9F0020019000BF00BF002173
:1056900004F10800FAF731F9C8B1002104F12C0037
:1056A000FAF72BF998B1002104F13800FAF725F93F
:1056B00068B1002104F12000FAF71FF938B1002188
:1056C00004F11400FAF719F908B1012000E00020F4
:1056D0000090009828B90DB906B917B13848BDE84F
:1056E000FC9FB8F1000F0AD000BF5246414604F1BA
:1056F0000800FAF790FE019000B133E000BF55B109
:1057000000BF5A46294604F12C00FAF784FE0190A6
:1057100000B127E000BF56B100BF314604F13800A8
:105720000E9AFAF778FE019000B11BE000BF57B166
:1057300000BF394604F12000109AFAF76CFE019080
:1057400000B10FE000BFB9F1000F0AD000BF494619
:1057500004F11400129AFAF75EFE019000B101E024
:1057600000BF00BF0198BAE72DE9F05F04460F467D
:1057700015461E46DDE90A896FF06D0A00BF00BFBD
:10578000002104F10800FAF7B8F8D8B1002104F1BB
:105790002C00FAF7B2F8A8B1002104F13800FAF7AA
:1057A000ACF878B1002104F12000FAF7A6F848B16E
:1057B000002104F11400FAF7A0F818B1012002E06A
:1057C00080BFFFFF00208346BBF1000F07D11DB94A
:1057D00016B9B8F1000F02D0FE48BDE8F09F3FB106
:1057E00004F108013846F8F75BFC5FEA000A27D1AC
:1057F0003DB104F12C012846F8F752FC5FEA000A9B
:105800001ED13EB104F138013046F8F749FC5FEA99
:10581000000A15D1B8F1000F07D004F1200140466D
:10582000F8F73EFC5FEA000A0AD1B9F1000F09D08F
:1058300004F114014846F8F733FC5FEA000A01D08E
:105840005046CAE70020C8E72DE9F04704460D4658
:1058500016461F466FF06D0800BF00BF002104F11F
:105860000800FAF74AF8C8B1002104F12C00FAF751
:1058700044F898B1002104F13800FAF73EF868B115
:10588000002104F12000FAF738F838B1002104F1C2
:105890001400FAF732F808B1012000E00020814638
:1058A000B9F1000F02D1CB48BDE8F0873DB104F15A
:1058B00044012846F8F7F4FB5FEA000811D13EB135
:1058C00004F150013046F8F7EBFB5FEA000808D11D
:1058D00057B104F15C013846F8F7E2FB5FEA0008D3
:1058E00002D0A8F58140DFE70020DDE700BF00BF60
:1058F00000BF00BFC0F8A410C0F8A820704770B562
:1059000004460D46164600BF00BF00BF00BFAC21D5
:1059100020460FF063FA324629462046FFF7E6FF9D
:1059200070BD01464868704710B5044600BF00BF0F
:10593000002211462046FFF73BFD08B1A64810BDE6
:1059400004F10800F8F744FD802801D2A248F6E7E8
:10595000002104F11400F8F7C4FC68B104F114004C
:10596000F8F736FD022807D304F1080104F114000A
:10597000F9F769FF002801DB9748E0E70020DEE740
:105980003EB5044600BF00BF2046FFF7CDFF28B953
:10599000012211462046FFF70BFD08B18E483EBD9F
:1059A000002104F11400CDE9000104F1200304F109
:1059B0003802029104F12C010C3801F0CFF908B142
:1059C0008548ECE704F15C0004F1500104F1440364
:1059D00004F12002CDE900101839303801F0F9F84F
:1059E00008B17D48DBE70020D9E770B505460C46D5
:1059F00000BF00BF00BF00BF2846FFF795FF18B9E2
:105A00002046FFF7BDFF08B1734870BD04F10801DF
:105A100005F10800F9F717FF30B904F1140105F199
:105A20001400F9F710FF08B16B48EEE70020ECE72F
:105A30002DE9FF410446884615466FF06D0600BF0C
:105A400000BF00BF00BF00BF00BF002211462046BC
:105A5000FFF7AEFC18B15F4804B0BDE8F08101A8C3
:105A6000F8F796FA00BF414601A86268FAF75AFCB7
:105A7000060000D026E000BF04F1080101A8F9F7F4
:105A8000E2FE002802DB6FF003061BE0676800BF40
:105A900004F1680004F1080304F1140201A9009064
:105AA00001A8FAF731FE060000D00BE000BF00BFEE
:105AB0003A46294601A8FAF7AEFC060000D001E0FC
:105AC00000BF00BF01A8F8F76BFA16B1A6F5854034
:105AD000C2E70020C0E72DE9F84304460D4616460C
:105AE0004FF00008A020005970B300BF04F18C02F1
:105AF00011460846F9F755FD070000D074E000BFD5
:105B000000BF04F1080204F18C010846FAF727FDF2
:105B1000070000D068E000BF00BF04F19802114602
:105B20000846F9F73EFD070000D05DE000BF00BF6A
:105B300004F1080204F198010846FAF710FD070085
:105B400000D051E000BF4FE000BF404608F101081F
:105B50000A2802DD2148BDE8F88300BF6068411EC5
:105B600033462A4604F19800FBF705F9070000D0F8
:105B70003AE000BF00BF04F1080204F1980104F10B
:105B80008C00FBF73CF8070000D02DE000BF01219E
:105B900004F18C00F9F7B1FE0028D6D100BF04F162
:105BA000080204F1980104F18C00FBF726F90700C4
:105BB00000D019E000BF00BF04F1680004F1080341
:105BC00004F1140204F18C0100902430FAF79CFDDA
:105BD000070005E080BFFFFF00BEFFFF80BBFFFFA7
:105BE00000D001E000BF00BF3846B4E72DE9F04F18
:105BF000A1B004460D4616461F46DDF8A8A06FF07A
:105C00006D0804F1440B04F15000089000BF00BF80
:105C100000BF00BF00BF00BF0DB1012000E00020A9
:105C2000024601212046FFF7C3FB18B1FE4821B010
:105C3000BDE8F08F1EA8F8F7ABF91BA8F8F7A8F994
:105C400018A8F8F7A5F915A8F8F7A2F92DB10CA82E
:105C5000F8F79EF909A8F8F79BF912A8F8F798F950
:105C60000FA8F8F795F905A8F8F792F902A8F8F740
:105C70008FF900BF39461EA86268FAF753FB5FEA46
:105C8000000800D036E100BF04F108011EA8F9F7B2
:105C9000DAFD002802DB6FF003082BE100BF1EA92C
:105CA00005A8F8F7FDF95FEA000800D022E100BF7F
:105CB000002D75D000BF324629462046FFF70BFF66
:105CC0005FEA000800D015E100BF00BF04F18C02BC
:105CD0001EA91EA8F9F765FC5FEA000800D009E1DB
:105CE00000BF00BF04F108021EA91EA8FAF737FC86
:105CF0005FEA000800D0FDE000BF00BF012204F110
:105D00002C011BA8F8F73CFD5FEA000800D0F1E089
:105D100000BF00BF012204F1380118A8F8F730FDD8
:105D20005FEA000800D0E5E000BF00BF33462A4626
:105D30001C2115A8FBF71FF85FEA000800D0D9E086
:105D400000BF00BF15AA1BA90CA8F9F72AFC5FEA3F
:105D5000000800D0CEE000BF00BF04F144020CA94F
:105D60000CA8F8F72DFD5FEA000800D0C2E000BFE4
:105D70000DF1300B00BF33462A461C2115A8FAF757
:105D8000FAFF5FEA000800D0B4E000BF00BF15AA28
:105D900018A909A8F9F705FC5FEA000801D0A9E0F5
:105DA0000EE000BF00BF04F1500209A909A8F8F7EE
:105DB00007FD5FEA000800D09CE000BF09A808903A
:105DC00000BF04F1740004F12C035A461EA9009090
:105DD00012A8FAF799FC5FEA000800D08AE000BF39
:105DE00000BF04F1800004F1380300901EA90FA841
:105DF000089AFAF789FC5FEA000800D07AE000BF51
:105E000000BF0FAA12A91EA8F8F778FC5FEA0008E5
:105E100000D06FE000BF00BF04F15C021EA912A811
:105E2000F9F7BFFB5FEA000800D063E000BF00BFE6
:105E300004F12C0212A91EA8FAF791FB5FEA0008F0
:105E400000D057E000BF00BF04F138021EA912A81D
:105E5000F9F7A7FB5FEA000800D04BE000BF00BFE6
:105E600012AA0FA91EA8F8F7ABFC5FEA000800D041
:105E700040E000BFBDB100BF04F198021EA91EA8FA
:105E8000F9F78FFB5FEA000800D033E000BF00BFE6
:105E900004F108021EA91EA8FAF761FB5FEA0008D8
:105EA00000D027E000BF00BF04F1680004F1080340
:105EB00004F114021EA9009002A8FAF725FC5FEA7B
:105EC000000800D016E000BF05A902A8F9F7BBFC46
:105ED00010B1DFF858810DE0D4F8049000BF4A46B5
:105EE00051461EA8FAF797FA5FEA000800D001E0D1
:105EF00000BF00BF1BA8F8F753F818A8F8F750F830
:105F000015A8F8F74DF82DB10CA8F8F749F809A82D
:105F1000F8F746F81EA8F8F743F812A8F8F740F883
:105F20000FA8F8F73DF802A8F8F73AF805A8F8F72F
:105F300037F8B8F1000F02D0A8F5864077E60020C8
:105F400075E62DE9FF4F81B080461F46109E0E9DDD
:105F50006FF06D0B344600BF00BF00BF00BF00BF35
:105F600000BF00BF00BF012F06D1D8F8A40018B1B0
:105F70002D4805B0BDE8F08FD8F804A005F10B005E
:105F8000A84201D3824501D22748F2E7AAF10300D3
:105F9000A0EB0509002004F8010B4FBB029808B9DB
:105FA0002148E6E7022004F8010B1BE06420009082
:105FB00000BF01222146DDE9023098478346207860
:105FC00030B90098401E009002D0BBF1000FF0D015
:105FD000009810B1BBF1000F02D0ABF58940C8E7C3
:105FE000641C00BF5FEA0900A9F10109DED10BE0E2
:105FF000012004F8010B02E0FF2004F8010B5FEA26
:106000000900A9F10109F7D1002004F8010B25B11D
:106010002A4620460F990EF0F3FD4FB9324631461D
:106020004046FFF705FDA4E780BFFFFF80BCFFFFF0
:10603000334600964046DDE90212FFF7D7FD98E7A8
:106040002DE9FE4F04460D4616461F46DDE90D9A22
:10605000DDF8308000BF00BF00BF00BF00BF00BF41
:1060600000BF00BFD4F8A40048B93B4632462946D9
:1060700020468DE80007FFF764FFBDE8FE8FFE486D
:10608000FBE7014648420843C00F404270470246C2
:10609000881AC00F70472DE9F04107460C46154697
:1060A0003846FFF7EEFF064606EA040025EA060139
:1060B0000843BDE8F0812DE9F84F80460C46914633
:1060C00045460CB9BDE8F88F00271FE0A4EB090096
:1060D0003946FFF7DCFF009000260BE015F806A01C
:1060E000701C15F800B05A4651460098FFF7D3FFD0
:1060F000A855761C601EB042F0D8295C002200989A
:10610000FFF7C9FFC1B2601E29547F1CA742DDD32F
:1061100000BFD7E72DE9FF4FADF20C4D99466FF068
:106120006D00CDF808044FF0000A00264FF000087B
:106130004FF0000B00BF00BF00BF00BF00BF00BF9B
:1061400000BF00BF00BF00BFDDF80C044568A5F12B
:106150000B00DDF84C14884200D201E0DDF84C045D
:106160000746B9F1010F0AD1DDF80C04D0F8A400FC
:1061700028B1C14880300DF21C4DBDE8F08F102DC4
:1061800002D3B5F5806F02D9BB488030F3E7B9F18F
:10619000000F07D102AADDF84414DDF80C04FFF764
:1061A00047FC08E002A80090DDF844340DF20C40F2
:1061B00007C8FFF71BFDCDF80804DDF8080400B19F
:1061C0009DE09DF808000643B9F1010F1ED19DF82E
:1061D000090080F002000643022414E002A8005DDA
:1061E00002A9095D4942C9B20843012181EAE010D0
:1061F00040EA0808C8F10000C0B248EA000081EA9D
:10620000E0108244641CAC42E8D322E09DF809000F
:1062100080F001000643022419E002A9085D012272
:106220000021FFF738FF40EA080000F0FF080122D4
:1062300000214046FFF72FFF824402A8005D80F056
:10624000FF0200214046FFF726FF0643641CAC42D4
:10625000E3D3012200214046FFF71DFF06435146CC
:106260000820FFF714FF0643A5EB0A00C21E3946BB
:106270003046FFF710FF834639465846FFF707FFC1
:10628000019000224FF488410198FFF704FF024675
:106290004FF4824100903046FFF7FDFE4042CDF8BA
:1062A0000804019946EA0100FFF7EBFE06460B24BD
:1062B00005E002A8005DB04302A90855641CAC4289
:1062C000F7D35A4639460198FFF7E5FE8346A7EB18
:1062D0000B0202A92944C81B3946FFF7ECFEDDF882
:1062E0004C0438B102A82844C11B3A46DDF84804E2
:1062F0000EF086FCDDF84004C0F800B000BF4FF49B
:10630000806102A8FEF786FFDDF8080433E72DE977
:10631000FF5F04460D4616461F46DDE910ABDDE97A
:106320000E8900BF00BF00BF00BF00BF00BF00BF9D
:1063300000BF00BF00BFD4F8A40050B93B463246AE
:10634000294620468DE8000FFFF7E4FE04B0BDE8C3
:10635000F09F4948FAE72DE9FC5F80460D469246DA
:106360001F46DDF83090002001903E464C460090DC
:10637000B8F1000F37D04046FCF798FD8346BBF1DB
:10638000000F03D13C488030BDE8FC9F01AA69465C
:106390004046FEF7EEF810B137488030F4E7584633
:1063A000FDF7E0F8054605F108000199084480284A
:1063B00007D205F10A00A84203D3019901448142A2
:1063C00002D22D488030DFE705F10A000199084428
:1063D000B04202D928488030D6E705F10A00019979
:1063E0000844361A05E0AE4202D223488030CBE79B
:1063F000761B0B2E02D220488030C5E7F61E002007
:1064000004F8010B012004F8010BFF22314620465D
:106410000EF0BAFC3444002004F8010BB8F1000F70
:1064200006D12A46514620460EF0EAFB0020ABE793
:10643000302004F8010B01980830284404F8010BBF
:10644000302004F8010B0198001D04F8010B062010
:1064500004F8010B019804F8010B2046DDE9001255
:106460000EF0CEFB01980444052004F8010B002037
:1064700004F8010B042001E000BFFFFF04F8010B4A
:1064800004F8015B2A46514620460EF0B9FB2C4425
:1064900009EB0700A04205D039464846FEF7BAFE90
:1064A000FA4871E700206FE72DE9FC5F0446894652
:1064B00092461F46DDF830B00F9D6FF06D000190E1
:1064C00000264FF0000800BF00BF00BF00BF00BFA4
:1064D00000BF00BF00BF012F05D1D4F8A40010B148
:1064E000EA48BDE8FC9F009563685846DDE90D1257
:1064F000FFF731FF019008B10198F2E72FB92A4662
:1065000029462046FFF794FAEBE7012061680DF079
:10651000B5FE064616B96FF00F00E2E7012061688C
:106520000DF0ACFE8046B8F1000F05D130460DF0FD
:10653000E8FE6FF00F00D4E700BF2B4652464946F5
:1065400020460096FFF752FB019000B119E000BF12
:1065500000BF424631462046FFF76AFA019000B17B
:106560000FE000BF294640466268FEF763FE10B1A7
:10657000C748019005E03146284662680EF040FBAE
:1065800000BF30460DF0BDFE40460DF0BAFE01984A
:10659000A7E72DE9FF5F04460D4616461F46DDE9D5
:1065A00010ABDDE90E8900BF00BF00BF00BF00BF18
:1065B00000BF00BF00BFD4F8A40050B93B4632462C
:1065C000294620468DE8000FFFF76EFF04B0BDE8B6
:1065D000F09FAE488038F9E72DE9FF4F81B00746BC
:1065E0008B469846DDF844904FF0000A00250026BF
:1065F00000BF00BF00BF00BF00BF00BF00BF00BFA3
:106600007C68B8F1010F06D1D7F8A40018B19F48F3
:1066100005B0BDE8F08F214601200DF02FFE0500EA
:1066200005D0214601200DF029FE060002D16FF0B1
:106630000F0A2CE0234600960EA807C8FFF78BFE32
:106640005FEA000A00D022E0B8F1000F05D12A4627
:1066500049463846FFF7ECF906E04B4600955946A7
:106660003846039AFFF7C2FA8246BAF1000F00D00B
:106670000DE0224631462846FEF7DCFD5FEA000ABF
:1066800004D0DFF80CA2AAF1800A00E000BF35B107
:1066900021462846FEF7BEFD28460DF032FE36B1F3
:1066A00021463046FEF7B6FD30460DF02AFE504634
:1066B000AEE72DE9FF5F04460D4616461F46DDE9AD
:1066C00010ABDDE90E8900BF00BF00BF00BF00BFF7
:1066D00000BF00BF00BFD4F8A40050B93B4632460B
:1066E000294620468DE8000FFFF776FF04B0BDE88D
:1066F000F09F66488038F9E710B5044604B910BD2C
:1067000004F18C00F7F74CFC04F19800F7F748FC13
:1067100004F16800F7F744FC04F12000F7F740FCAF
:1067200004F13800F7F73CFC04F12C00F7F738FCD3
:1067300004F11400F7F734FC04F10800F7F730FC1B
:1067400004F18000F7F72CFC04F17400F7F728FC43
:1067500004F15C00F7F724FC04F15000F7F720FC8B
:1067600004F14400F7F71CFC00BFC8E770B504460D
:106770000D466FF06D0600BF00BF00BF00BF286868
:1067800020606868606000BF05F1080104F108003E
:10679000F7F786FC060000D091E000BF00BF05F1CE
:1067A000140104F11400F7F77BFC060000D086E02A
:1067B00000BF00BF05F1200104F12000F7F770FCD5
:1067C000060000D07BE000BF00BF05F12C0104F102
:1067D0002C00F7F765FC060000D070E000BF00BF9A
:1067E00005F1380104F13800F7F75AFC060000D033
:1067F00065E000BF00BF05F1440104F14400F7F774
:106800004FFC060000D05AE000BF00BF05F1500168
:1068100004F15000F7F744FC060000D04FE000BF41
:1068200000BF05F15C0104F15C00F7F739FC0600DC
:1068300000D044E000BF00BF05F1740104F1740012
:10684000F7F72EFC060000D039E000BF00BF05F1CD
:10685000800104F18000F7F723FC060000D02EE051
:1068600000BF00BF05F1680104F16800F7F718FCEC
:10687000060000D023E000BF00BF05F18C0104F149
:106880008C00F7F70DFC060004D018E080BFFFFF76
:1068900000BDFFFF00BF00BF05F1980104F19800A3
:1068A000F7F7FEFB060000D009E000BFD5F8A40012
:1068B000C4F8A400D5F8A800C4F8A80000BF16B119
:1068C0002046FFF719FF304670BD00002DE9F04F5C
:1068D00097B00446884691461D46209E002016909B
:1068E0003822FBA102A80EF012FA3620019025B141
:1068F0001EB1A86808B9B06820B16FF0030017B0E6
:10690000BDE8F08F00212046F8F7F7FF002817DDDB
:1069100001214846F8F7F1FF002811DD21464846DD
:10692000F8F791FF00280BDA01214046F8F7E5FF60
:10693000002805DD21464046F8F785FF002802DBE8
:106940006FF00300DBE710A8F7F722FB13A8F7F7B7
:106950001FFB00BF4246494613A8F8F722FE1690D7
:1069600000B1B4E000BF00BF012213A913A8F7F7DC
:1069700007FF169000B1AAE000BF13A8F7F7FEFCCE
:106980001FFA80FABAF1000F03D16FF003001690DE
:106990009DE000BF514613A8F8F7CBFF169000B159
:1069A00095E000BF0027A068006800F007000128FC
:1069B00000D1012783E002A8C15D10A8F7F76BFCA6
:1069C00000BF224610A92846FAF719F9169000B11F
:1069D0007DE000BF01212846F8F78FFF00B16CE091
:1069E00000BF234613AA10A910A80096F9F78CFE41
:1069F000169000B16BE000BF4FF0010B53E0012196
:106A000010A8F8F77AFF00B94FE000BF012210A9E3
:106A100010A8F7F717FF169000B158E000BF00BFAD
:106A2000224610A92846FAF7EAF8169000B14EE07F
:106A300000BF01212846F8F760FF012811D1214647
:106A40002846F8F700FF401C0BD100BF2B4622461A
:106A500000213046F9F7A4F8169000B137E000BFE6
:106A600035E000BF012210A910A8F7F789FE1690A3
:106A700000B12CE000BF00BF10AA10A910A8F8F7C1
:106A800090FD169000B122E000BF00BF224610A981
:106A900010A8F9F764FD169000B118E000BF0BF1E3
:106AA00001001FFA80FBD345A9DD00BF012110A81A
:106AB000F8F723FF00B105E000BF781C87B2362F3E
:106AC000FFF479AF00BF6FF00300169000BF10A86D
:106AD000F7F766FA13A8F7F763FA16980FE72DE9A8
:106AE000F04186B006460F4614461D464FF000089A
:106AF00025B100212846F8F700FF20B16FF0030010
:106B000006B0BDE8F08101213046F8F7F6FE002816
:106B10000ADD01213846F8F7F0FE002804DD0021E7
:106B20002046F8F7EAFE10B96FF00300E8E703A883
:106B3000F7F72EFA6846F7F72BFA00BF0122314625
:106B400003A8F7F71DFE5FEA000800D039E000BF98
:106B500000BF012239466846F7F712FE5FEA0008D7
:106B600000D02EE000BF00BF6A4603A92846FAF70E
:106B700046F85FEA000800D023E000BF00BF6A4685
:106B800003A903A8F8F70DFD5FEA000800D018E09C
:106B900000BF00BF2B4603AA002103A8F9F700F8A5
:106BA0005FEA000800D00CE000BF00BF03AA214646
:106BB0002846FAF722F95FEA000800D001E000BF9A
:106BC00000BF03A8F7F7ECF96846F7F7E9F9404684
:106BD00096E72DE9F04786B004460E4692461F46DA
:106BE000DDE90E89002503A8F7F7D2F96846F7F723
:106BF000CFF93FB30CB9444D9DE000BF01222146BF
:106C000003A8F7F7BDFD050000D094E000BF00BF6A
:106C1000524639466846F7F771FD050000D08AE014
:106C200000BF00BF03AA69466846F9F798FC050053
:106C300000D080E000BF00216846F8F75EFE08B192
:106C4000324D78E0B8F1000F27D00EB92E4D72E02A
:106C500000BF0122314603A8F7F792FD050000D0DE
:106C600069E000BF00BF524641466846F7F746FD5F
:106C7000050000D05FE000BF00BF03AA6946684678
:106C8000F9F76DFC050000D055E000BF0021684613
:106C9000F8F733FE08B11D4D4DE0B9F1000F49D0B2
:106CA00004B10EB9184D46E000BF3246494603A86C
:106CB000F8F777FC050000D03DE000BF00BF0122DF
:106CC00003A903A8F7F75CFD050021D033E000001D
:106CD000020305070B0D1113171D1F25292B2F3537
:106CE0003B3D4347494F53596165676B6D717F83E6
:106CF000898B95979DA3A7ADB3B5BFC1C5C7D3DF9A
:106D0000E3E5E9EFF1FB000080BFFFFF00BEFFFFFE
:106D100000BF00BF224603A903A8F9F720FC050025
:106D200000D008E000BF002103A8F8F7E6FD08B195
:106D3000A44D00E000BF3DB115F5844F04D015F51A
:106D4000814F01D0A5F5844503A8F7F729F96846D6
:106D5000F7F726F9284606B0BDE8F0872DE9F04F91
:106D600087B006460F4614461D46DDE911ABDDF837
:106D700040804FF0000904A8F7F70AF901A8F7F7D7
:106D800007F9D7B1CCB1C6B100BF2246394604A835
:106D9000F8F707FC5FEA000900D0B0E000BF01216E
:106DA0003046F8F7AAFD002804DD314604A8F8F7BC
:106DB0004AFD10B1DFF80C92A1E0F6B1EDB1B8F1E7
:106DC000000F1AD001212846F8F797FD002811DDA1
:106DD00001214046F8F791FD00280BDD3146284699
:106DE000F8F731FD002805DA31464046F8F72BFD6B
:106DF000002802DBDFF8CC9181E0002F7ED0002C50
:106E00007CD0002D7AD0B8F1000F77D00121384620
:106E1000F8F773FD002805DD01212046F8F76DFD28
:106E2000002802DCDFF89C9169E000BF4246294659
:106E300004A8F8F7B6FB5FEA000900D05FE000BFE6
:106E400000BF012204A904A8F7F79AFC5FEA000931
:106E500000D054E000BF00BF0122394601A8F7F777
:106E60008FFC5FEA000900D049E000BF00BF01AA23
:106E700004A904A8F9F773FB5FEA000900D03EE01B
:106E800000BF002104A8F8F738FD10B1DFF83491F5
:106E900035E000BF4246294604A8F8F782FB5FEAC6
:106EA000000900D02BE000BF00BF012204A904A804
:106EB000F7F766FC5FEA000900D020E000BF00BFE2
:106EC0000122214601A8F7F75BFC5FEA000900D028
:106ED00015E000BF00BF01AA04A904A8F9F73FFB11
:106EE0005FEA000901D00AE008E000BF002104A821
:106EF000F8F703FD10B1DFF8CC9000E000BF04A864
:106F0000F7F74EF801A8F7F74BF8B9F1000F04D0E6
:106F100019F5844F01D0A9F58449484607B0BDE86A
:106F2000F08F2DE9FE4F0446894616461D46DDE9E1
:106F30000C784FF0000A6846F7F72AF8ADB100BFA9
:106F4000012221466846F7F71BFC5FEA000A00D0E1
:106F500031E000BF00BF6A4631462846F9F7FFFA24
:106F60005FEA000A00D026E000BFAFB100BF0122F7
:106F700049466846F7F704FC5FEA000A00D01AE0C9
:106F800000BF00BF6A4631463846F9F7E8FA5FEAC3
:106F9000000A00D00FE000BFB8F1000F0AD000BF18
:106FA000224649464046F9F728FF5FEA000A00D02A
:106FB00001E000BF00BF6846F6F7F2FF5046BDE8AB
:106FC000FE8F000000BEFFFF10B5044600BF00BFEB
:106FD0005C2120460DF002FF10BD10B5044604B937
:106FE00010BD5C212046FEF715F900BFF8E770B52B
:106FF00004460D4600BF00BF00BF00BF5C2229460B
:1070000020460DF084FE70BD014600BF00BF002089
:1070100008604860FE488860FE4ACA60C2430A6150
:10702000FC4AD2434A61FC4A8A610020704700B59D
:1070300003461846FFF7E8FF00BD2DE9F04390B086
:1070400084460F4600BF00BF00BF00BF387800066F
:1070500097F8018040EA084097F8028040EA08204B
:1070600097F8038040EA080000903879000697F806
:10707000058040EA084097F8068040EA082097F823
:10708000078040EA08000190387A000697F80980E6
:1070900040EA084097F80A8040EA082097F80B80F9
:1070A00040EA08000290387B000697F80D8040EA1D
:1070B000084097F80E8040EA082097F80F8040EAD1
:1070C00008000390387C000697F8118040EA0840D9
:1070D00097F8128040EA082097F8138040EA0800E9
:1070E0000490387D000697F8158040EA084097F82C
:1070F000168040EA082097F8178040EA08000590BB
:10710000387E000697F8198040EA084097F81A8000
:1071100040EA082097F81B8040EA08000690387F74
:10712000000697F81D8040EA084097F81E8040EA64
:10713000082097F81F8040EA0800079097F8200081
:10714000000697F8218040EA084097F8228040EA3C
:10715000082097F8238040EA0800089097F8240058
:10716000000697F8258040EA084097F8268040EA14
:10717000082097F8278040EA0800099097F828002F
:10718000000697F8298040EA084097F82A8040EAEC
:10719000082097F82B8040EA08000A9097F82C0006
:1071A000000697F82D8040EA084097F82E8040EAC4
:1071B000082097F82F8040EA08000B9097F83000DD
:1071C000000697F8318040EA084097F8328040EA9C
:1071D000082097F8338040EA08000C9097F83400B4
:1071E000000697F8358040EA084097F8368040EA74
:1071F000082097F8378040EA08000D9097F838008B
:10720000000697F8398040EA084097F83A8040EA4B
:10721000082097F83B8040EA08000E9097F83C0061
:10722000000697F83D8040EA084097F83E8040EA23
:10723000082097F83F8040EA08000F90DCF808101B
:10724000DCF80C20DCF81030DCF81440DCF81850C6
:1072500000BF480140EAD16883EA04001040604062
:107260004044DFF8B8814044DDF8008040440544E4
:10727000900740EA920200BF00BF680140EAD5686B
:1072800082EA0300084058404044DFF890814044BF
:10729000DDF8048040440444880740EA910100BFBF
:1072A00000BF600140EAD46881EA020028405040F3
:1072B0004044DFF868814044DDF8088040440344DE
:1072C000A80740EA950500BF00BF580140EAD3680F
:1072D00085EA0100204048404044DFF840814044B6
:1072E000DDF80C8040440244A00740EA940400BF4B
:1072F00000BF500140EAD26884EA050018406840A7
:107300004044DFF818814044DDF8108040440144D7
:10731000980740EA930300BF00BF480140EAD168E4
:1073200083EA0400104060404044DFF8F0804044AD
:10733000DDF8148040440544900740EA920200BF03
:1073400000BF680140EAD56882EA0300084058405F
:107350004044DFF8C8804044DDF8188040440444CD
:10736000880740EA910100BF00BF600140EAD4688D
:1073700081EA0200284050404044DFF8A0804044A9
:10738000DDF81C8040440344A80740EA950500BF8F
:1073900000BF580140EAD36885EA01002040484018
:1073A0004044DFF878804044DDF8208040440244C7
:1073B000A00740EA940400BF00BF500140EAD26831
:1073C00084EA0500184068404044DFF8508040449B
:1073D000DDF8248040440144980740EA930300BF4D
:1073E00000BF480140EAD16883EA040010406040D1
:1073F0004044DFF828804044DDF8288040440544BC
:10740000900740EA920200BF00BF680108E0000058
:107410000123456789ABCDEFF0E1D2C39979825A58
:1074200040EAD56882EA0300084058404044DFF84B
:10743000F88F4044DDF82C8040440444880740EA3B
:10744000910100BF00BF600140EAD46881EA0200F8
:10745000284050404044DFF8D08F4044DDF8308071
:1074600040440344A80740EA950500BF00BF580107
:1074700040EAD36885EA0100204048404044DFF8F4
:10748000A88F4044DDF8348040440244A00740EA1D
:10749000940400BF00BF500140EAD26884EA0500AE
:1074A000184068404044DFF8808F4044DDF8388061
:1074B00040440144980740EA930300BF00BF4801DD
:1074C00040EAD16883EA0400104060404044DFF89D
:1074D000588F4044DDF83C8040440544900740EA22
:1074E000920200BF00BFDDF820800D9880EA0800FE
:1074F000DDF8088080EA0800DDF8008080EA0806F0
:10750000700040EAD678680140EAD56982EA030053
:10751000084058404844DFF8109F48444044044421
:10752000CDF80080880740EA910100BF00BFDDF878
:1075300024800E9880EA0800DDF80C8080EA0800BC
:10754000DDF8048080EA0806700040EAD678600121
:1075500040EAD46981EA0200284050404844DFF8FC
:10756000C89E484440440344CDF80480A80740EA3C
:10757000950500BF00BFDDF828800F9880EA08005D
:10758000DDF8108080EA0800DDF8088080EA08064F
:10759000700040EAD678580140EAD36985EA0100D4
:1075A000204048404844DFF8809E4844404402441C
:1075B000CDF80880A00740EA940400BF00BFDDF8C2
:1075C0002C80009880EA0800DDF8148080EA08002A
:1075D000DDF80C8080EA0806700040EAD678500199
:1075E00040EAD26984EA0500184068404844DFF860
:1075F000389E484440440144CDF80C80980740EA46
:10760000930300BF00BFDDF83080019880EA0800D6
:10761000DDF8188080EA0800DDF8108080EA0806AE
:10762000700040EAD678480140EAD16982EA030056
:1076300060404844DFF8F49D484440440544CDF898
:107640001080900740EA920200BF00BFDDF834804E
:10765000029880EA0800DDF81C8080EA0800DDF866
:10766000148080EA0806700040EAD678680140EA93
:10767000D56981EA020058404844DFF8B09D48448B
:1076800040440444CDF81480880740EA910100BFCB
:1076900000BFDDF83880039880EA0800DDF820801C
:1076A00080EA0800DDF8188080EA0806700040EAE9
:1076B000D678600140EAD46985EA01005040484428
:1076C000DFF8689D484440440344CDF81880A8077B
:1076D00040EA950500BF00BFDDF83C80049880EAD1
:1076E0000800DDF8248080EA0800DDF81C8080EACC
:1076F0000806700040EAD678580140EAD36984EA67
:10770000050048404844DFF8249D48444044024472
:10771000CDF81C80A00740EA940400BF00BFDDF84C
:107720000080059880EA0800DDF8288080EA0800DB
:10773000DDF8208080EA0806700040EAD678500123
:1077400040EAD26983EA040068404844DFF8DC9CE0
:10775000484440440144CDF82080980740EA930310
:1077600000BF00BFDDF80480069880EA0800DDF85D
:107770002C8080EA0800DDF8248080EA080670008A
:1077800040EAD678480140EAD16982EA03006040C5
:107790004844DFF8989C484440440544CDF8248090
:1077A000900740EA920200BF00BFDDF8088007980A
:1077B00080EA0800DDF8308080EA0800DDF82880E3
:1077C00080EA0806700040EAD678680140EAD56988
:1077D00081EA020058404844DFF8509C4844404445
:1077E0000444CDF82880880740EA910100BF00BF1B
:1077F000DDF80C80089880EA0800DDF8348080EA23
:107800000800DDF82C8080EA0806700040EAD6788F
:10781000600140EAD46985EA010050404844DFF83D
:107820000C9C484440440344CDF82C80A80740EA0F
:10783000950500BF00BFDDF81080099880EA0800B8
:10784000DDF8388080EA0800DDF8308080EA08063C
:10785000700040EAD678580140EAD36984EA05000E
:1078600048404844DFF8C49B484440440244CDF8B3
:107870003080A00740EA940400BF00BFDDF8148008
:107880000A9880EA0800DDF83C8080EA0800DDF80C
:10789000348080EA0806700040EAD678500140EA59
:1078A000D26983EA040068404844DFF8809B48447A
:1078B00040440144CDF83480980740EA930300BF68
:1078C00000BFDDF818800B9880EA0800DDF8008022
:1078D00080EA0800DDF8388080EA0806700040EA97
:1078E000D678480140EAD16982EA03006040484402
:1078F000DFF8389B484440440544CDF83880900771
:1079000040EA920200BF00BFDDF81C800C9880EABC
:107910000800DDF8048080EA0800DDF83C8080EA99
:107920000806700040EAD678680140EAD56981EA25
:10793000020058404844DFF8F49A48444044044464
:10794000CDF83C80880740EA910100BF00BFDDF818
:1079500020800D9880EA0800DDF8088080EA0800A1
:10796000DDF8008080EA0806700040EAD678600101
:1079700040EAD46985EA010050404844DFF8AC9AF7
:10798000484440440344CDF80080A80740EA9505E8
:1079900000BF00BFDDF824800E9880EA0800DDF803
:1079A0000C8080EA0800DDF8048080EA0806700098
:1079B00040EAD678580140EAD36984EA0500484095
:1079C0004844DFF8689A484440440244CDF80480B3
:1079D000A00740EA940400BF00BFDDF828800F989C
:1079E00080EA0800DDF8108080EA0800DDF80880F1
:1079F00080EA0806700040EAD678500140EAD26971
:107A000083EA040068404844DFF8209A4844404430
:107A10000144CDF80880980740EA930300BF00BFF7
:107A2000DDF82C80009880EA0800DDF8148080EAF8
:107A30000800DDF80C8080EA0806700040EAD6787D
:107A4000480140EAD16982EA030060404844DFF817
:107A5000DC99484440440544CDF80C80900740EA46
:107A6000920200BF00BFDDF83080019880EA080074
:107A7000DDF8188080EA0800DDF8108080EA08064A
:107A8000700040EAD678680140EAD56981EA0200D0
:107A900058404844DFF89499484440440444CDF8A1
:107AA0001080880740EA910100BF00BFDDF83480F4
:107AB000029880EA0800DDF81C8080EA0800DDF802
:107AC000148080EA0806700040EAD678600140EA37
:107AD000D46985EA010050404844DFF85099484491
:107AE00040440344CDF81480A80740EA950500BF40
:107AF00000BFDDF83880039880EA0800DDF82080B8
:107B000080EA0800DDF8188080EA0806700040EA84
:107B1000D678580140EAD36984EA050048404844D1
:107B2000DFF80899484440440244CDF81880A00783
:107B300040EA940400BF00BFDDF83C80049880EA6E
:107B40000800DDF8248080EA0800DDF81C8080EA67
:107B50000806700040EAD678500140EAD26983EA0C
:107B6000040068404844DFF8C49848444044014455
:107B7000CDF81C80980740EA930300BF00BF48017E
:107B800040EAD16902EA030042EA030808EA04086D
:107B900040EA08004844DFF898888044DDF8009007
:107BA000059880EA0900DDF8289080EA0900DDF8F0
:107BB000209080EA0906700040EAD67008904044A0
:107BC0000544900740EA920200BF00BF680140EA06
:107BD000D56901EA020041EA020808EA030840EA1E
:107BE00008004844DFF848888044DDF8049006988F
:107BF00080EA0900DDF82C9080EA0900DDF8249085
:107C000080EA0906700040EAD670099040440444B6
:107C1000880740EA910100BF00BF600140EAD469D3
:107C200005EA010045EA010808EA020840EA0800FE
:107C30004844DFF8FC878044DDF80890079880EA24
:107C40000900DDF8309080EA0900DDF8289080EA2C
:107C50000906700040EAD6700A9040440344A80721
:107C600040EA950500BF00BF580140EAD36904EA25
:107C7000050044EA050808EA010840EA080048440B
:107C8000DFF8AC878044DDF80C90089880EA0900A2
:107C9000DDF8349080EA0900DDF82C9080EA0906CE
:107CA000700040EAD6700B9040440244A00740EABE
:107CB000940400BF00BF500140EAD26903EA040007
:107CC00043EA040808EA050840EA08004844DFF8E7
:107CD00060878044DDF81090099880EA0900DDF89B
:107CE000389080EA0900DDF8309080EA09067000DB
:107CF00040EAD6700C9040440144980740EA930350
:107D000000BF00BF480140EAD16902EA030042EA2D
:107D1000030808EA040840EA08004844DFF810872E
:107D20008044DDF814900A9880EA0900DDF83C9060
:107D300080EA0900DDF8349080EA0906700040EA24
:107D4000D6700D9040440544900740EA920200BF6F
:107D500000BF680140EAD56901EA020041EA020871
:107D600008EA030840EA08004844DFF8C486804473
:107D7000DDF818900B9880EA0900DDF8009080EAA1
:107D80000900DDF8389080EA0906700040EAD670F4
:107D90000E9040440444880740EA910100BF00BFB0
:107DA000600140EAD46905EA010045EA010808EAF1
:107DB000020840EA08004844DFF874868044DDF891
:107DC0001C900C9880EA0900DDF8049080EA090014
:107DD000DDF83C9080EA0906700040EAD6700F900A
:107DE00040440344A80740EA950500BF00BF58017E
:107DF00040EAD36904EA050044EA050808EA0108F4
:107E000040EA08004844DFF828868044DDF82090E6
:107E10000D9880EA0900DDF8089080EA0900DDF895
:107E2000009080EA0906700040EAD6700090404455
:107E30000244A00740EA940400BF00BF500140EA9A
:107E4000D26903EA040043EA040808EA050840EAA4
:107E500008004844DFF8D8858044DDF824900E9867
:107E600080EA0900DDF80C9080EA0900DDF8049052
:107E700080EA0906700040EAD6700190404401444F
:107E8000980740EA930300BF00BF480140EAD16968
:107E900002EA030042EA030808EA040840EA08008C
:107EA0004844DFF88C858044DDF828900F9880EAFC
:107EB0000900DDF8109080EA0900DDF8089080EAFA
:107EC0000906700040EAD6700290404405449007CD
:107ED00040EA920200BF00BF680140EAD56901EAAA
:107EE000020041EA020808EA030840EA08004844A0
:107EF000DFF83C858044DDF82C90009880EA09008A
:107F0000DDF8149080EA0900DDF80C9080EA09069B
:107F1000700040EAD670039040440444880740EA69
:107F2000910100BF00BF600140EAD46905EA010089
:107F300045EA010808EA020840EA08004844DFF878
:107F4000F0848044DDF83090019880EA0900DDF883
:107F5000189080EA0900DDF8109080EA09067000A8
:107F600040EAD670049040440344A80740EA9505CF
:107F700000BF00BF580140EAD36904EA050044EAA3
:107F8000050808EA010840EA08004844DFF8A08430
:107F90008044DDF83490029880EA0900DDF81C90F6
:107FA00080EA0900DDF8149080EA0906700040EAD2
:107FB000D670059040440244A00740EA940400BFF4
:107FC00000BF500140EAD26903EA040043EA040812
:107FD00008EA050840EA08004844DFF85484804471
:107FE000DDF83890039880EA0900DDF8209080EAF7
:107FF0000900DDF8189080EA0906700040EAD670A2
:10800000069040440144980740EA930300BF00BF34
:10801000480140EAD16902EA030042EA030808EA9B
:10802000040840EA08004844DFF804848044DDF88E
:108030003C90049880EA0900DDF8249080EA090069
:10804000DDF81C9080EA0906700040EAD6700790BF
:1080500040440544900740EA920200BF00BF680117
:1080600040EAD56901EA020041EA020808EA030889
:1080700040EA08004844DFF8B8838044DDF8009007
:10808000059880EA0900DDF8289080EA0900DDF80B
:10809000209080EA0906700040EAD67008904044BB
:1080A0000444880740EA910100BF00BF600140EA34
:1080B000D46905EA010045EA010808EA020840EA35
:1080C00008004844DFF868838044DDF8049006988F
:1080D00080EA0900DDF82C9080EA0900DDF82490A0
:1080E00080EA0906700040EAD670099040440344D3
:1080F000A80740EA950500BF00BF580140EAD369D0
:1081000004EA050044EA050808EA010840EA080014
:108110004844DFF81C838044DDF80890079880EA23
:108120000900DDF8309080EA0900DDF8289080EA47
:108130000906700040EAD6700A9040440244A00745
:1081400040EA940400BF00BF500140EAD26903EA4C
:10815000040043EA040808EA050840EA0800484425
:10816000DFF8CC828044DDF80C90089880EA0900A2
:10817000DDF8349080EA0900DDF82C9080EA0906E9
:10818000700040EAD6700B9040440144980740EAE2
:10819000930300BF00BFDDF81080099880EA080053
:1081A000DDF8388080EA0800DDF8308080EA0806D3
:1081B000700040EAD678480140EAD16982EA0300BB
:1081C00060404844DFF86C92484440440544CDF890
:1081D0003080900740EA920200BF00BFDDF81480B3
:1081E0000A9880EA0800DDF83C8080EA0800DDF8A3
:1081F000348080EA0806700040EAD678680140EAD8
:10820000D56981EA020058404844DFF82892484482
:1082100040440444CDF83480880740EA910100BF0F
:1082200000BFDDF818800B9880EA0800DDF80080B8
:1082300080EA0800DDF8388080EA0806700040EA2D
:10824000D678600140EAD46985EA0100504048448C
:10825000DFF8E091484440440344CDF83880A80753
:1082600040EA950500BF00BFDDF81C800C9880EA4D
:108270000800DDF8048080EA0800DDF83C8080EA30
:108280000806700040EAD678580140EAD36984EACB
:10829000050048404844DFF89C914844404402446B
:1082A000CDF83C80A00740EA940400BF00BFDDF891
:1082B00020800D9880EA0800DDF8088080EA080038
:1082C000DDF8008080EA0806700040EAD6785001A8
:1082D00040EAD26983EA040068404844DFF85491D8
:1082E000484440440144CDF80080980740EA930395
:1082F00000BF00BFDDF824800E9880EA0800DDF89A
:108300000C8080EA0800DDF8048080EA080670002E
:1083100040EAD678480140EAD16982EA0300604029
:108320004844DFF81091484440440544CDF80480A7
:10833000900740EA920200BF00BFDDF828800F9846
:1083400080EA0800DDF8108080EA0800DDF8088087
:1083500080EA0806700040EAD678680140EAD569EC
:1083600081EA020058404844DFF8C890484440443D
:108370000444CDF80880880740EA910100BF00BF9F
:10838000DDF82C80009880EA0800DDF8148080EA8F
:108390000800DDF80C8080EA0806700040EAD67814
:1083A000600140EAD46985EA010050404844DFF8A2
:1083B0008490484440440344CDF80C80A80740EA28
:1083C000950500BF00BFDDF83080019880EA080005
:1083D000DDF8188080EA0800DDF8108080EA0806E1
:1083E000700040EAD678580140EAD36984EA050073
:1083F00048404844DFF83C90484440440244CDF8AB
:108400001080A00740EA940400BF00BFDDF834806C
:10841000029880EA0800DDF81C8080EA0800DDF898
:10842000148080EA080607E09979825AA1EBD96E98
:10843000DCBC1B8FD6C162CA700040EAD6785001FE
:1084400040EAD26983EA040068404844DFF87C953A
:10845000484440440144CDF81480980740EA93030F
:1084600000BF00BFDDF83880039880EA0800DDF81F
:10847000208080EA0800DDF8188080EA0806700095
:1084800040EAD678480140EAD16982EA03006040B8
:108490004844DFF83895484440440544CDF81880F6
:1084A000900740EA920200BF00BFDDF83C800498CC
:1084B00080EA0800DDF8248080EA0800DDF81C80EE
:1084C00080EA0806700040EAD678680140EAD5697B
:1084D00081EA020058404844DFF8F09448444044A0
:1084E0000444CDF81C80880740EA910100BF00BF1A
:1084F000DDF80080059880EA0800DDF8288080EA31
:108500000800DDF8208080EA0806700040EAD6788E
:10851000600140EAD46985EA010050404844DFF830
:10852000AC94484440440344CDF82080A80740EA76
:10853000950500BF00BFDDF80480069880EA0800BA
:10854000DDF82C8080EA0800DDF8248080EA080647
:10855000700040EAD678580140EAD36984EA050001
:1085600048404844DFF86494484440440244CDF80D
:108570002480A00740EA940400BF00BFDDF8088013
:10858000079880EA0800DDF8308080EA0800DDF80E
:10859000288080EA0806700040EAD678500140EA58
:1085A000D26983EA040068404844DFF820944844D4
:1085B00040440144CDF82880980740EA930300BF67
:1085C00000BFDDF80C80089880EA0800DDF83480F0
:1085D00080EA0800DDF82C8080EA0806700040EA96
:1085E000D678480140EAD16982EA030060404844F5
:1085F000DFF8D893484440440544CDF82C809007D8
:1086000040EA920200BF00BFDDF81080099880EABE
:108610000800DDF8388080EA0800DDF8308080EA64
:108620000806700040EAD678680140EAD56981EA18
:10863000020058404844DFF89493484440440444BE
:10864000CDF83080880740EA910100BF00BFDDF817
:1086500014800A9880EA0800DDF83C8080EA08006F
:10866000DDF8348080EA0806700040EAD6786001C0
:1086700040EAD46985EA010050404844DFF84C9351
:10868000484440440344CDF83480A80740EA9505A7
:1086900000BF00BFDDF818800B9880EA0800DDF805
:1086A000008080EA0800DDF8388080EA0806700063
:1086B00040EAD678580140EAD36984EA0500484088
:1086C0004844DFF80893484440440244CDF83880D9
:1086D000A00740EA940400BF00BFDDF81C800C989E
:1086E00080EA0800DDF8048080EA0800DDF83C80BC
:1086F00080EA0806700040EAD678500140EAD26964
:1087000083EA040068404844DFF8C092484440448B
:108710000144CDF83C80980740EA930300BFDCF8A1
:1087200008000844CCF80800DCF80C0000EB020854
:10873000CCF80C80DCF8100000EB0308CCF81080BB
:10874000DCF8140000EB0408CCF81480DCF8180006
:1087500000EB0508CCF81880002010B0BDE8F083CD
:1087600030B504460D4629462046FEF766FC30BD6E
:108770002DE9F0470446884615466FF06D0900BFA5
:1087800000BF00BF00BF15B90020BDE8F08720681A
:1087900000F03F07C7F140062068284420602068A9
:1087A00020602068A84202D26068401C6060AFB1BF
:1087B000B54213D304F11C01C819324641460CF0EE
:1087C0001FFA04F11C012046FEF737FC5FEA00099E
:1087D00001D04846D9E7B044AD1B00270BE0414625
:1087E0002046FEF72AFC5FEA000901D04846CCE7A4
:1087F00008F14008403D402DF1D235B104F11C0193
:10880000C8192A4641460CF0FBF90020BDE770B5B7
:1088100004460D461646324629462046FFF7A8FF75
:1088200070BD2DE9F04704460D466FF06D0900BF9D
:1088300000BF00BF00BF206800F03F068022304626
:10884000761C04F11C010A54382E07D8C6F13801F1
:1088500004F11C0290190CF09FFA16E0C6F14001D9
:1088600004F11C0290190CF097FA04F11C01204647
:10887000FEF7E3FB5FEA000902D04846BDE8F08757
:10888000382104F11C000CF0A9FA2068400F61683F
:1088900040EAC10720684FEAC008390E84F8541036
:1088A000390C84F85510390A84F8561084F857703A
:1088B0004FEA186184F858104FEA184184F85910AB
:1088C0004FEA182184F85A1084F85B8004F11C01E7
:1088D0002046FEF7B2FB5FEA000901D04846CDE72B
:1088E000A068000E2870A068000C6870A068000ADC
:1088F000A870A068E870E068000E2871E068000CBD
:108900006871E068000AA871E068E8712069000EEB
:1089100028722069000C68722069000AA872206918
:10892000E8726069000E28736069000C6873606902
:10893000000AA8736069E873A069000E2874A06932
:10894000000C6874A069000AA874A069E87400208B
:1089500094E770B504460D4629462046FFF761FFAF
:1089600070BDF0B597B004460D4616466FF06D0722
:1089700000BF00BF00BF00BF6846FEF725FB68468A
:10898000FEF742FB070000D00FE02A46214668466A
:10899000FFF7EEFE070000D007E031466846FFF71C
:1089A00040FF070000D000E000BF6846FEF715FB5F
:1089B000384617B0F0BD70B504460D46164632462F
:1089C00029462046FFF7CDFF70BD0000D6C162CA20
:1089D00010B5044600BF00BF6C2120460CF0FEF924
:1089E00010BD10B5044604B910BD6C212046FCF73B
:1089F00011FC00BFF8E770B504460D4600BF00BF8C
:108A000000BF00BF6C22294620460CF080F970BDE3
:108A1000024600BF00BF00BF00BF002010605060D2
:108A200081B9FE489060FE4BD360FE4B1361FE4B54
:108A30005361FE4B9361FE4BD361FE4B1362FE4BC1
:108A400053620FE0FD489060FD4BD360FD4B136116
:108A5000FD4B5361FD4B9361FD4BD361FD4B1362A5
:108A6000FD4B536291660020704730B504460D46B9
:108A700029462046FFF7CCFF30BD2DE9F041C8B0B4
:108A800005460C4600BF00BF00BF00BF002106E046
:108A900005F1080050F821004DF82100491C082973
:108AA000F6D3002116E000BF14F821000606880066
:108AB000401C205C46EA00468800801C205C46EA98
:108AC00000208E00F61CA65D304308AE46F821005B
:108AD00000BF491C1029E6D300214AE200BF0498D8
:108AE0008009049E40EA8660F60A049F46EA4756DB
:108AF00070407E0E46EAC7167040079E0644DDE9C8
:108B000005077840049F3840069F78403044D34E94
:108B100056F82160304408AE56F82160821900985A
:108B20008008009E40EA8670760B009F46EAC746A2
:108B30007040BE0D46EA872680EA0607DDE900069A
:108B40003040DDE9006C46EA0C06DDF808C006EAB4
:108B50000C0630433B18039810440390D01807903C
:108B600000BF00BF03988009039E40EA8660F60AB2
:108B7000039F46EA475670407E0E46EAC71670408D
:108B8000069E0644DDE904077840039F3840059FB0
:108B900078400644B14F481C57F82000064408AFFF
:108BA000481C57F82000321807988008079E40EAB2
:108BB0008670760B079F46EAC7467040BE0D46EAB0
:108BC000872680EA0607009E07983040DDF800C03F
:108BD000079E46EA0C06DDF804C006EA0C063043A0
:108BE0003B18029810440290D018069000BF00BFB6
:108BF00002988009029E40EA8660F60A029F46EAD1
:108C0000475670407E0E46EAC7167040059E0644E1
:108C1000DDE903077840029F3840049F784006440E
:108C20008E4F881C57F82000064408AF881C57F860
:108C30002000321806988008069E40EA8670760B5F
:108C4000069F46EAC7467040BE0D46EA872680EA80
:108C50000607DDE906063040DDE9066C46EA0C064B
:108C6000DDF800C006EA0C0630433B1801981044BA
:108C70000190D018059000BF00BF01988009019EA7
:108C800040EA8660F60A019F46EA475670407E0E2B
:108C900046EAC7167040049E0644DDE902077840A4
:108CA000019F3840039F784006446C4FC81C57F81A
:108CB0002000064408AFC81C57F820003218059859
:108CC0008008059E40EA8670760B059F46EAC746F7
:108CD0007040BE0D46EA872680EA0607DDE90506F4
:108CE0003040DDE9056C46EA0C06DDF81CC006EAFA
:108CF0000C0630433B18009810440090D0180490A4
:108D000000BF00BF00988009009E40EA8660F60A16
:108D1000009F46EA475670407E0E46EAC7167040EE
:108D2000039E0644DDE901077840009F3840029F1A
:108D300078400644494F081D57F82000064408AF04
:108D4000081D57F82000321804988008049E40EA55
:108D50008670760B049F46EAC7467040BE0D46EA11
:108D6000872680EA0607DDE904063040DDE9046C69
:108D700046EA0C06DDF818C006EA0C0630433B183C
:108D8000079810440790D018039000BF00BF0798C1
:108D90008009079E40EA8660F60A079F46EA475622
:108DA00070407E0E46EAC7167040029E0644DDE91A
:108DB00000077840079F3840019F78400644274FBE
:108DC000481D57F82000064408AF481D57F82000FA
:108DD000321803988008039E40EA8670760B039F42
:108DE00046EAC7467040BE0D46EA872680EA060777
:108DF000DDE903063040DDE9036C46EA0C06DDF8E8
:108E000014C006EA0C0630433B180698104406903E
:108E1000D018029000BF00BF069821E067E6096AFB
:108E200085AE67BB72F36E3C3AF54FA57F520E518B
:108E30008C68059BABD9831F19CDE05BD89E05C11B
:108E400007D57C3617DD703039590EF7310BC0FF6E
:108E500011155868A78FF964A44FFABE3CAD020003
:108E60008009069E40EA8660F60A069F46EA475653
:108E700070407E0E46EAC7167040019E0644009F71
:108E800007987840069F3840009F78400644FE4F80
:108E9000881D57F82000064408AF881D57F82000A9
:108EA000321802988008029E40EA8670760B029F74
:108EB00046EAC7467040BE0D46EA872680EA0607A6
:108EC000DDE902063040DDE9026C46EA0C06DDF819
:108ED00010C006EA0C0630433B1805981044059074
:108EE000D018019000BF00BF05988009059E40EA98
:108EF0008660F60A059F46EA475670407E0E46EAAF
:108F0000C7167040009E0644DDE906077840059FBD
:108F10003840079F78400644DB4FC81D57F82000B3
:108F2000064408AFC81D57F8200032180198800881
:108F3000019E40EA8670760B019F46EAC746704064
:108F4000BE0D46EA872680EA0607DDE901063040C5
:108F5000DDE9016C46EA0C06DDF80CC006EA0C06F9
:108F600030433B18049810440490D018009000BF80
:108F700008311029FFF4B2AD1021FDE300BF881EB7
:108F800008AE56F82000460C881E08AF57F820009F
:108F900046EAC0308E1E57F82660F70C8E1E0DF183
:108FA000200C5CF8266047EA463670408E1E08AFFB
:108FB00057F8266080EA9626C81F57F820003044EC
:108FC000A1F10F0657F82660F709A1F10F065CF82A
:108FD000266047EA4666A1F10F075CF827704FEA62
:108FE000974CA1F10F070DF1200858F827704CEAB3
:108FF00087377E40A1F10F07C4465CF8277086EAE8
:10900000D7060644A1F1100008AF57F82000064427
:1090100008A840F8216004988009049F40EA87600E
:10902000FF0ADDF810C047EA4C5778404FEA5C670A
:1090300047EACC177840079F0744DDE9050C80EA32
:109040000C00DDF810C000EA0C00DDF818C080EA62
:109050000C0038448C4F57F821703844321800986F
:109060008008009E40EA8670760B009F46EAC7465D
:109070007040BE0D46EA872680EA0607DDE9000655
:109080003040DDE9006C46EA0C06DDF808C006EA6F
:109090000C0630433B18039810440390D0180790F7
:1090A00000BF00BF481E08AE56F82000460C481E00
:1090B00008AF57F8200046EAC036481E57F820008F
:1090C000C70C481EC4465CF8200047EA40304640C2
:1090D000481E08AF57F8200086EA9026881F57F8E8
:1090E00020000644A1F10E0057F82000C709A1F1A5
:1090F0000E005CF8200047EA4067A1F10E005CF822
:1091000020004FEA904CA1F10E0058F820004CEAE4
:1091100080304740A1F10E00C4465CF8200087EA89
:10912000D0000644A1F10F0008AF57F82000064414
:10913000481C47F8206003988009039F40EA876035
:10914000FF0ADDF80CC047EA4C5778404FEA5C67ED
:1091500047EACC177840069F0744DDE9040C80EA13
:109160000C00DDF80CC000EA0C00DDF814C080EA49
:109170000C000744DFF810C1481C5CF8200038449C
:10918000321807988008079E40EA8670760B079F82
:1091900046EAC7467040BE0D46EA872680EA0607C3
:1091A000009E07983040DDF800C0079E46EA0C0696
:1091B000DDF804C006EA0C0630433B180298104460
:1091C0000290D018069000BF00BF08AE56F82100EC
:1091D000460C08AF57F8210046EAC03657F8210080
:1091E000C70CC4465CF8210047EA4030464008AF4F
:1091F00057F8210086EA9026481F57F820000644B9
:10920000A1F10D0057F82000C709A1F10D005CF88D
:10921000200047EA4067A1F10D005CF820004FEA0A
:10922000904CA1F10D0058F820004CEA80304740E6
:10923000A1F10D00C4465CF8200087EAD000064486
:10924000A1F10E0008AF57F820000644881C47F82B
:10925000206002988009029F40EA8760FF0ADDF8DB
:1092600008C047EA4C5778404FEA5C6747EACC179A
:109270007840059F0744DDE9030C80EA0C00DDF827
:1092800008C000EA0C0001E03CAD0200DDF810C0AF
:1092900080EA0C000744DFF82CC9881C5CF8200029
:1092A0003844321806988008069E40EA8670760B8D
:1092B000069F46EAC7467040BE0D46EA872680EA0A
:1092C0000607DDE906063040DDE9066C46EA0C06D5
:1092D000DDF800C006EA0C0630433B180198104444
:1092E0000190D018059000BF00BF481C08AE56F88A
:1092F0002000460C481C08AF57F8200046EAC0364C
:10930000481C57F82000C70C481CC4465CF82000D5
:1093100047EA40304640481C08AF57F8200086EA2C
:109320009026081F57F820000644A1F10C0057F8BA
:109330002000C709A1F10C005CF8200047EA406753
:10934000A1F10C005CF820004FEA904CA1F10C0058
:1093500058F820004CEA80304740A1F10C00C44688
:109360005CF8200087EAD0000644A1F10D0008AFA8
:1093700057F820000644C81C47F82060019880096F
:10938000019F40EA8760FF0ADDF804C047EA4C57B6
:1093900078404FEA5C6747EACC177840049F07445F
:1093A000DDE9020C80EA0C00DDF804C000EA0C00E4
:1093B000DDF80CC080EA0C000744DFF808C8C81CC0
:1093C0005CF820003844321805988008059E40EA71
:1093D0008670760B059F46EAC7467040BE0D46EA8A
:1093E000872680EA0607DDE905063040DDE9056CE1
:1093F00046EA0C06DDF81CC006EA0C0630433B18B2
:10940000009810440090D018049000BF00BF881C42
:1094100008AE56F82000460C881C08AF57F820000C
:1094200046EAC036881C57F82000C70C881CC44682
:109430005CF8200047EA40304640881C08AF57F8E7
:10944000200086EA9026C81E57F820000644A1F1A5
:109450000B0057F82000C709A1F10B005CF82000B1
:1094600047EA4067A1F10B005CF820004FEA904CFE
:10947000A1F10B0058F820004CEA80304740A1F1E0
:109480000B00C4465CF8200087EAD0000644A1F136
:109490000C0008AF57F820000644081D47F820606C
:1094A00000988009009F40EA8760FF0ADDF800C04D
:1094B00047EA4C5778404FEA5C6747EACC17784058
:1094C000039F0744DDE9010C80EA0C00DDF800C0D1
:1094D00000EA0C00DDF808C080EA0C000744DFF861
:1094E000E4C6081D5CF8200038443218049880084F
:1094F000049E40EA8670760B049F46EAC746704099
:10950000BE0D46EA872680EA0607DDE904063040FC
:10951000DDE9046C46EA0C06DDF818C006EA0C0624
:1095200030433B18079810440790D018039000BFB1
:1095300000BFC81C08AE56F82000460CC81C08AF77
:1095400057F8200046EAC036C81C57F82000C70C60
:10955000C81CC4465CF8200047EA40304640C81C9E
:1095600008AF57F8200086EA9026881E57F820009A
:109570000644A1F10A0057F82000C709A1F10A002A
:109580005CF8200047EA4067A1F10A005CF820007F
:109590004FEA904CA1F10A0058F820004CEA8030C4
:1095A0004740A1F10A00C4465CF8200087EAD000D9
:1095B0000644A1F10B0008AF57F820000644481DEF
:1095C00047F8206007988009079F40EA8760FF0AF4
:1095D000DDF81CC047EA4C5778404FEA5C6747EA21
:1095E000CC177840029F0744DDE9000C80EA0C00AC
:1095F000DDF81CC000EA0C00DDF804C080EA0C00B5
:109600000744DFF8C0C5481D5CF820003844321814
:1096100003988008039E40EA8670760B039F46EA13
:10962000C7467040BE0D46EA872680EA0607DDE998
:1096300003063040DDE9036C46EA0C06DDF814C091
:1096400006EA0C0630433B18069810440690D018E2
:10965000029000BF00BF081D08AE56F82000460C5F
:10966000081D08AF57F8200046EAC036081D57F815
:109670002000C70C081DC4465CF8200047EA4030B3
:109680004640081D08AF57F8200086EA9026481E7D
:1096900057F820000644A1F1090057F82000C70937
:1096A000A1F109005CF8200047EA4067A1F1090038
:1096B0005CF820004FEA904CA1F1090058F8200016
:1096C0004CEA80304740A1F10900C4465CF8200014
:1096D00087EAD0000644A1F10A0008AF57F820003D
:1096E0000644881D47F8206006988009069F40EAD6
:1096F0008760FF0ADDF818C047EA4C5778404FEA08
:109700005C6747EACC177840019F0744DDF800C04A
:10971000079880EA0C00DDF818C000EA0C00DDF8BC
:1097200000C080EA0C000744DFF898C4881D5CF88C
:1097300020003844321802988008029E40EA867061
:10974000760B029F46EAC7467040BE0D46EA872662
:1097500080EA0607DDE902063040DDE9026C46EAF0
:109760000C06DDF810C006EA0C0630433B180598DD
:1097700010440590D01800E093E0019000BF00BFB6
:10978000481D08AE56F82000460C481D08AF57F893
:10979000200046EAC036481D57F82000C70C481D77
:1097A000C4465CF8200047EA40304640481D08AFF8
:1097B00057F8200086EA902657F821000644A1F1C8
:1097C000080057F82000C709A1F108005CF8200044
:1097D00047EA4067A1F108005CF820004FEA904C8E
:1097E000A1F1080058F820004CEA80304740A1F170
:1097F0000800C4465CF8200087EAD0000644A1F1C6
:10980000090008AF57F820000644C81D47F820603B
:1098100005988009059F40EA8760FF0ADDF814C0BB
:1098200047EA4C5778404FEA5C6747EACC177840E4
:10983000009F0744DDE9060C80EA0C00DDF814C047
:1098400000EA0C00DDF81CC080EA0C000744DFF8D9
:1098500074C3C81D5CF82000384432180198800891
:10986000019E40EA8670760B019F46EAC74670402B
:10987000BE0D46EA872680EA0607DDE9010630408C
:10988000DDE9016C46EA0C06DDF80CC006EA0C06C0
:1098900030433B18049810440490D018009000BF47
:1098A00008314029FFF46AAB00210BE005F1080004
:1098B00050F821005DF82160064405F1080040F8E9
:1098C0002160491C0829F1D3002048B0BDE8F0818F
:1098D00030B504460D4629462046FFF7CEF830BD88
:1098E0002DE9F0470446884615466FF06D0900BF24
:1098F00000BF00BF00BF15B90020BDE8F087206899
:1099000000F03F07C7F14006206828442060206827
:1099100020602068A84202D26068401C6060AFB13D
:10992000B54213D304F12801C819324641460BF061
:1099300067F904F128012046FFF79FF85FEA000964
:1099400001D04846D9E7B044AD1B00270BE04146A3
:109950002046FFF792F85FEA000901D04846CCE7BD
:1099600008F14008403D402DF1D235B104F1280105
:10997000C8192A4641460BF043F90020BDE770B5EF
:1099800004460D461646324629462046FFF7A8FFF4
:1099900070BD2DE9F04704460D466FF06D0900BF1C
:1099A00000BF00BF00BF206800F03F0680223046A5
:1099B000761C04F128010A54382E07D8C6F1380164
:1099C00004F1280290190BF0E7F916E0C6F1400106
:1099D00004F1280290190BF0DFF904F12801204668
:1099E000FFF74BF85FEA000902D04846BDE8F08770
:1099F000382104F128000BF0F1F92068400F61686C
:109A000040EAC10720684FEAC00800BF390E84F859
:109A10006010390C84F86110390A84F8621084F8F7
:109A2000637000BF00BF4FEA186184F864104FEA0A
:109A3000184184F865104FEA182184F8661084F8FC
:109A4000678000BF04F128012046FFF716F85FEA9F
:109A5000000901D04846C9E700BFA068000E287081
:109A6000A068000C6870A068000AA870A068E87080
:109A700000BF00BFE068000E2871E068000C68714C
:109A8000E068000AA871E068E87100BF00BF2069C3
:109A9000000E28722069000C68722069000AA87202
:109AA0002069E87200BF00BF6069000E287360691A
:109AB000000C68736069000AA8736069E87300BFEE
:109AC00000BFA069000E2874A069000C6874A0692A
:109AD000000AA874A069E87400BF00BFE069000E26
:109AE0002875E069000C6875E069000AA875E069EE
:109AF000E87500BF00BF206A000E2876206A000CBF
:109B00006876206A000AA876206AE87600BFA06E10
:109B100060B900BF606A000E2877606A000C687741
:109B2000606A000AA877606AE87700BF00205DE7F6
:109B300070B504460D4629462046FFF72AFF70BD42
:109B40002DE9F0419CB004460D4616461F466FF0C5
:109B50006D0800BF00BF00BF00BF00BF00BF01A86D
:109B6000FEF736FF394601A8FEF752FF5FEA00080C
:109B700000D011E02A46214601A8FFF7B1FE5FEAB6
:109B8000000800D008E0314601A8FFF702FF5FEAB5
:109B9000000800D000E000BF01A8FEF722FF404609
:109BA0001CB0BDE8F0812DE9F04104460D46164693
:109BB0001F463B46324629462046FFF7C1FFBDE817
:109BC000F08100003CAD020010B5044600BF00BFAC
:109BD000D82120460BF002F910BD10B5044604B997
:109BE00010BDD8212046FBF715FB00BFF8E770B584
:109BF00004460D4600BF00BF00BF00BFD822294663
:109C000020460BF084F870BD10B5024600BF00BFBF
:109C100000BF00BF0020106050609060D06001BBAA
:109C2000FD4BFE48C2E90430FD4BFE48C2E9063058
:109C3000FD48FE4BC2E90803FD4BFE48C2E90A306D
:109C4000FD4BFE48C2E90C30FD4BFE48C2E90E3028
:109C5000FD4BFE48C2E91030FD4BFE48C2E9123010
:109C60001FE0FD4BFD48C2E90430FD48FD4BC2E951
:109C70000603FD4CFD48C2E90840FD4BFD48C2E922
:109C80000A30FD4BFD48C2E90C30FD48FD4BC2E9EE
:109C90000E03FD4BFD48C2E91030FD4BFD48C2E903
:109CA0001230C2F8D010002010BD30B504460D4669
:109CB00029462046FFF7A8FF30BD2DE9F341ADF559
:109CC000D46D00BF00BF00BF00BF0020B4900EE005
:109CD000DDF8A0061030B49900EBC10103C96B4652
:109CE000B49A03EBC20203C2B498401CB490B49877
:109CF0000828EDDB0020B4907CE0B499DDF8A406E0
:109D000010F8310000213822C191C2900AF097FB6F
:109D100004460D464FF00101B49801EBC001DDF897
:109D2000A406405C4FF000014FF03002BF91C0909C
:109D30000AF085FB2A4644EA000542EA01040221B2
:109D4000B49801EBC001DDF8A406405C0021282294
:109D5000BD91BE900AF073FB05430C430321B498F8
:109D600001EBC001DDF8A406405C00212022BB917C
:109D7000BC900AF064FB05430C430421B49801EB4A
:109D8000C001DDF8A406405C00211822B991BA9008
:109D90000AF055FB05430C430521B49801EBC001C3
:109DA000DDF8A406405C00211022B791B8900AF0BB
:109DB00046FB05430C430621B49801EBC001DDF8D6
:109DC000A406405C00210822B591B6900AF037FB4A
:109DD00028430C430722B49902EBC102DDF8A41614
:109DE000895C084310AAB49902EBC10111C1B4986F
:109DF000401CB490B4981028FFF67FAFD7E0B49819
:109E0000801E10A901EBC000D0E900101322D691EA
:109E1000D5900846D5990AF025FB04460D46B4981E
:109E2000A0F1020010A901EBC000D0E900104FF032
:109E30002D02D491D3900846D3990AF000FB44EA4E
:109E4000000745EA0106B498801E10A901EBC00086
:109E5000D0E900103D22D291D1900846D1990AF064
:109E600001FB04460D46B498A0F1020010A901EBD5
:109E7000C000D0E900104FF00302D091CF90084607
:109E8000CF990AF0DCFA044345EA010087EA0405A9
:109E900086EA0004B498801E10A901EBC000D0E946
:109EA00000100622CE91CD900846CD990AF0DAFA3C
:109EB00045404C40B498C01F10A901EBC00103C934
:109EC000281844EB0106CDF89C06B4980F3810A969
:109ED00001EBC000D0E900100122CC91CB900846E4
:109EE000CB990AF0BFFA04460D46B498A0F10F00D2
:109EF00010A901EBC000D0E900104FF03F02CA9159
:109F0000C9900846C9990AF09AFA44EA000845EA55
:109F10000107B4980F3810A901EBC000D0E9001078
:109F20000822C891C7900846C7990AF09BFA0446D0
:109F30000D46B498A0F10F0010A901EBC000D0E9C4
:109F400000104FF03802C691C5900846C5990AF036
:109F500076FA044345EA010088EA040587EA00042A
:109F6000B4980F3810A901EBC000D0E90010072207
:109F7000C491C3900846C3990AF074FA45404C4016
:109F8000DDF89C0641196641B498103810AA02EB1E
:109F9000C000D0E90032C91846EB020010ABB49AF9
:109FA00003EBC202C2E90010B498401CB490B4980C
:109FB0005028FFF624AF0020B49000BF00BF0E224F
:109FC000DDE90810EE91ED900846ED990AF04AFAA5
:109FD00004460D464FF03202DDE90810EC91EB909B
:109FE0000846EB990AF02BFA44EA000645EA010715
:109FF0001222DDE90810EA91E9900846E9990AF091
:10A0000031FA04460D464FF02E02DDE90810E891C2
:10A01000E7900846E7993FE008C9BCF367E6096A9C
:10A020003BA7CA8485AE67BB2BF894FE72F36E3CE7
:10A03000F1361D5F3AF54FA5D182E6AD7F520E5144
:10A040001F6C3E2B8C68059B6BBD41FBABD9831FFE
:10A0500079217E1319CDE05BD89E05C15D9DBBCBF8
:10A0600007D57C362A299A6217DD70305A0159913A
:10A0700039590EF7D8EC2F15310BC0FF672633671F
:10A0800011155868874AB48EA78FF9640D2E0CDB22
:10A09000A44FFABE1D48B5470AF0D1F904430D4359
:10A0A000384686EA040780EA05062922DDE9081019
:10A0B000E691E5900846E5990AF0D4F904460D4684
:10A0C0004FF01702DDE90810E491E3900846E399A8
:10A0D0000AF0B5F904430D43674086EA0500DDE95F
:10A0E0000E21BC1841410AA825C868400D9B5A4062
:10A0F000DDE9085328401A40DDE90C5680EA0503E3
:10A1000082EA0600E2184841FE4BB49903EBC10312
:10A110000ACB5118584110ABB49A03EBC2030CCBD5
:10A1200089185841B291B3901C22DDE90010E291E8
:10A13000E1900846E1990AF095F904460D464FF082
:10A140002402DDE90010E091DF900846DF990AF073
:10A1500076F944EA000645EA01072222DDE900100B
:10A16000DE91DD900846DD990AF07CF904460D4643
:10A170004FF01E02DDE90010DC91DB900846DB9910
:10A180000AF05DF904430D43384686EA040780EA85
:10A1900005062722DDE90010DA91D9900846D99901
:10A1A0000AF060F904460D464FF01902DDE900108F
:10A1B000D891D7900846D7990AF041F904430D4346
:10A1C0007C4086EA0503DDE90052DDE902100D401E
:10A1D0000240DDE90010CDF89406DDE9027639434E
:10A1E0003043CDF89816DDE90467314038400D431F
:10A1F00042EA0001621943EB0100B092B190DDE93F
:10A200000632B299B39859184241CDE90612B19B72
:10A21000B09AB299B39889185841CDE90E1000BF91
:10A22000B498401CB49000BF0E22DDE906100DF278
:10A23000144303C30846DDF814140AF013F9044666
:10A240000D464FF03202DDE906100DF20C4303C358
:10A250000846DDF80C140AF0F2F844EA000745EA73
:10A2600001061222DDE906100DF2044303C308467D
:10A27000DDF804140AF0F6F804460D464FF02E02FD
:10A28000DDE90610FFAB03C30846FF990AF0D7F8D3
:10A2900004430D4367406E402922DDE90610FE911C
:10A2A000FD900846FD990AF0DDF804460D464FF092
:10A2B0001702DDE90610FC91FB900846FB990AF0B5
:10A2C000BEF804430D43674086EA0500DDE90C1241
:10A2D0007B185041DDE90A54DDE908216A406140FC
:10A2E000DDE906542A402140DDE90A546A404C4029
:10A2F00099186041834BB49A03EBC2030CCB8918C5
:10A30000584110ABB49A03EBC2030CCB89185841E7
:10A31000B291B3901C22DDE90E10FA91F990084633
:10A32000F9990AF09FF804460D464FF02402DDE942
:10A330000E10F891F7900846F7990AF080F844EA71
:10A34000000745EA01062222DDE90E10F691F5909C
:10A350000846F5990AF086F804460D464FF01E02AD
:10A36000DDE90E10F491F3900846F3990AF067F8CE
:10A3700004430D4367406E402722DDE90E10F29141
:10A38000F1900846F1990AF06DF804460D464FF039
:10A390001902DDE90E10F091EF900846EF990AF0EE
:10A3A0004EF8044345EA010087EA040586EA000402
:10A3B000DDE90E32DDE9000103400A40DDE90E105F
:10A3C000CDF88C06DDE9007639433043CDF89016A0
:10A3D000DDE90267314038400B4342EA0001EA18E8
:10A3E00044EB0100B092B190DDE90432B299B39828
:10A3F00059184241CDE90412B19BB09AB299B39871
:10A4000089185841CDE90C1000BFB498401CB49095
:10A4100000BF0E22DDE904100DF2744303C30846A9
:10A42000DDF874140AF01EF804460D464FF03202AF
:10A43000DDE904100DF26C4303C30846DDF86C142B
:10A4400009F0FDFF44EA000745EA01061222DDE9B2
:10A4500004100DF2644303C30846DDF864140AF0E7
:10A4600001F804460D464FF02E02DDE904100DF20E
:10A470005C4303C30846DDF85C1409F0E0FF0443C5
:10A480000D43304687EA040680EA05072922DDE904
:10A4900004100DF2544303C30846DDF8541409F0C8
:10A4A000E1FF04460D464FF01702DDE904100DF2FE
:10A4B0004C4303C30846DDF84C1409F0C0FF0443C5
:10A4C0000D43664087EA0501DDE90A023318514170
:10A4D000DDE90854DDE906206A406040DDE9045406
:10A4E0002A402040DDE908546A4044409818614100
:10A4F000044BB49A03EBC2030CCB821841EB03006C
:10A5000010AB01E040AE0200B49903EBC1030ACBEB
:10A5100051185841B291B3901C22DDE90C100DF294
:10A52000444303C30846DDF8441409F09BFF044686
:10A530000D464FF02402DDE90C100DF23C4303C33D
:10A540000846DDF83C1409F07AFF44EA000745EAC2
:10A5500001062222DDE90C100DF2344303C3084644
:10A56000DDF8341409F07EFF04460D464FF01E025C
:10A57000DDE90C100DF22C4303C30846DDF82C1462
:10A5800009F05DFF04430D43304687EA040680EA84
:10A5900005072722DDE90C100DF2244303C308460A
:10A5A000DDF8241409F05EFF04460D464FF0190251
:10A5B000DDE90C100DF21C4303C30846DDF81C1442
:10A5C00009F03DFF04430D4386EA040287EA0503D0
:10A5D000DDE90C54DDE90E100D400440DDE90C10FE
:10A5E000CDF88406DDE90E7639433043CDF8881680
:10A5F000DDE90076394030400D430443521943EB06
:10A600000400B092B190DDE90232B299B3985918C2
:10A610004241CDE90212B29BB09AB199B3989A180F
:10A620004841CDE90A2000BFB498401CB49000BF57
:10A630000E22DDE902100DF2D44303C30846DDF813
:10A64000D41409F00FFF04460D464FF03202DDE945
:10A6500002100DF2CC4303C30846DDF8CC1409F018
:10A66000EEFE44EA000745EA01061222DDE9021087
:10A670000DF2C44303C30846DDF8C41409F0F2FE2A
:10A6800004460D464FF02E02DDE902100DF2BC43E8
:10A6900003C30846DDF8BC1409F0D1FE04430D43A2
:10A6A00067406E402922DDE902100DF2B44303C376
:10A6B0000846DDF8B41409F0D5FE04460D464FF007
:10A6C0001702DDE902100DF2AC4303C30846DDF8C2
:10A6D000AC1409F0B4FE04430D43674086EA05015B
:10A6E000DDE908023C18514104A825C86840079BD1
:10A6F0005A40DDE9025328401340DDE9066580EA4F
:10A70000060283EA0500A3184841FE4AB49902EB09
:10A71000C10206CA5B18504110AAB49902EBC102EB
:10A7200006CA59185041B291B3901C22DDE90A10B3
:10A730000DF2A44303C30846DDF8A41409F092FE09
:10A7400004460D464FF02402DDE90A100DF29C4349
:10A7500003C30846DDF89C1409F071FE44EA0007C3
:10A7600045EA01062222DDE90A100DF2944303C3F3
:10A770000846DDF8941409F075FE04460D464FF0C6
:10A780001E02DDE90A100DF28C4303C30846DDF812
:10A790008C1409F054FE04430D43304687EA040646
:10A7A00080EA05072722DDE90A100DF2844303C37E
:10A7B0000846DDF8841409F055FE04460D464FF0B6
:10A7C0001902DDE90A100DF27C4303C30846DDF8E7
:10A7D0007C1409F034FE04430D4386EA04027D40F4
:10A7E000DDE90A43DDE90C0104400B40DDE90A1014
:10A7F000CDF87C06DDE90C7639433043CDF8801680
:10A80000DDE90E76394030400C4343EA000113196C
:10A8100045EB0100B093B190DDE90032B299B398F5
:10A8200059184241CDE90012B09BB29AB199B39840
:10A83000D2184841CDE9082000BFB498401CB4901C
:10A8400000BF0E22DDE900100DF2345303C30846A9
:10A85000DDF8341509F006FE04460D464FF03202CD
:10A86000DDE900100DF22C5303C30846DDF82C156A
:10A8700009F0E5FD44EA000745EA01061222DDE998
:10A8800000100DF2245303C30846DDF8241509F027
:10A89000E9FD04460D464FF02E02DDE900100DF2F1
:10A8A0001C5303C30846DDF81C1509F0C8FD04431A
:10A8B0000D4367406E402922DDE900100DF214536C
:10A8C00003C30846DDF8141509F0CCFD04460D4617
:10A8D0004FF01702DDE900100DF20C5303C30846D8
:10A8E000DDF80C1509F0ABFD04430D43674086EA23
:10A8F0000500DDE90621BC1840EB0102DDE9045347
:10A90000DDE9021069405840DDE900532940034069
:10A91000DDE9046581EA06006B4024185A41794953
:10A92000B49801EBC0000AC810461A46631850419B
:10A9300010AAB49902EBC10206CA59185041B2914B
:10A94000B3901C22DDE908100DF2045303C308463E
:10A95000DDF8041509F086FD04460D464FF024028B
:10A96000DDE908100DF2FC4303C30846DDF8FC14D2
:10A9700009F065FD44EA000745EA01062222DDE907
:10A9800008100DF2F44303C30846DDF8F41409F08F
:10A9900069FD04460D464FF01E02DDE908100DF278
:10A9A000EC4303C30846DDF8EC1409F048FD04430A
:10A9B0000D43304687EA040680EA05072722DDE9D1
:10A9C00008100DF2E44303C30846DDF8E41409F06F
:10A9D00049FD04460D464FF01902DDE908100DF25D
:10A9E000DC4303C30846DDF8DC1409F028FD04430A
:10A9F00045EA010086EA040587EA0004DDE9083239
:10AA0000DDE90A0103400A40DDE90810CDF87406CB
:10AA1000DDE90A7639433043CDF87816DDE90C7666
:10AA2000394030400B430243EB1844EB0200B09333
:10AA3000B190DDE90E32B299B39859184241CDE98F
:10AA40000E12B09BB29AB199B398D2184841CDE991
:10AA5000062000BFB498401CB49000BF0E22DDE970
:10AA60000E100DF2945303C30846DDF8941509F057
:10AA7000F9FC04460D464FF03202DDE90E100DF2EE
:10AA80008C5303C30846DDF88C1509F0D8FC44EA62
:10AA9000000745EA01061222DDE90E100DF284538B
:10AAA00003C30846DDF8841509F0DCFC04460D46B6
:10AAB0004FF02E02DDE90E100DF27C5303C3084661
:10AAC000DDF87C1509F0BBFC04430D4367406E4084
:10AAD0002922DDE90E100DF2745303C30846DDF898
:10AAE000741509F0BFFC04460D464FF01702DDE96E
:10AAF0000E100DF26C5303C30846DDF86C1509F017
:10AB00009EFC01E040AE020004430D43674086EA2C
:10AB10000501DDE904023C185141DDE90253DDE99C
:10AB200000206A405840DDE90E5602EA050300EABB
:10AB30000602DDE9026583EA060082EA05032218BF
:10AB400041EB0300FE4BB49903EBC10312CB531846
:10AB5000604110AAB49902EBC10206CA59185041CB
:10AB6000B291B3901C22DDE906100DF2645303C3C9
:10AB70000846DDF8641509F075FC04460D464FF0F3
:10AB80002402DDE906100DF25C5303C30846DDF82C
:10AB90005C1509F054FC44EA000745EA010622224C
:10ABA000DDE906100DF2545303C30846DDF85415D1
:10ABB00009F058FC04460D464FF01E02DDE9061070
:10ABC0000DF24C5303C30846DDF84C1509F037FC71
:10ABD00004430D4367406E402722DDE906100DF265
:10ABE000445303C30846DDF8441509F03BFC044612
:10ABF0000D464FF01902DDE906100DF23C5303C378
:10AC00000846DDF83C1509F01AFC04430D4387EAB9
:10AC1000040286EA0504DDE90635DDE908010340A2
:10AC20000D40DDE90610CDF86C06DDE90876394304
:10AC30003043CDF87016DDE90A67314038400B43E8
:10AC40000543D11844EB0500B091B190DDE90C3219
:10AC5000B299B39859184241CDE90C12B0A90EC966
:10AC6000B39859185041CDE9041000BFB498401C66
:10AC7000B49000BF0E22DDE90C100DF2F45303C3B3
:10AC80000846DDF8F41509F0EDFB04460D464FF0DB
:10AC90003202DDE90C100DF2EC5303C30846DDF877
:10ACA000EC1509F0CCFB44EA000745EA0106122244
:10ACB000DDE90C100DF2E45303C30846DDF8E4159A
:10ACC00009F0D0FB04460D464FF02E02DDE90C10D2
:10ACD0000DF2DC5303C30846DDF8DC1509F0AFFBC9
:10ACE00004430D4367406E402922DDE90C100DF24C
:10ACF000D45303C30846DDF8D41509F0B3FB04466A
:10AD00000D464FF01702DDE90C100DF2CC5303C3D2
:10AD10000846DDF8CC1509F092FB04430D4367406B
:10AD200086EA0501DDE90220BC184141DDE9005356
:10AD3000DDE90E0268405A400346DDE90C65334008
:10AD40002A40DDE9006583EA06006A402018514187
:10AD50007B4BB49A03EBC20314CB831841EB040082
:10AD600010AAB49902EBC10206CA59185041B29117
:10AD7000B3901C22DDE904100DF2C45303C308464E
:10AD8000DDF8C41509F06EFB04460D464FF02402B1
:10AD9000DDE904100DF2BC5303C30846DDF8BC1511
:10ADA00009F04DFB44EA000745EA01062222DDE9ED
:10ADB00004100DF2B45303C30846DDF8B41509F0CE
:10ADC00051FB04460D464FF01E02DDE904100DF262
:10ADD000AC5303C30846DDF8AC1509F030FB04435F
:10ADE0000D43304687EA040680EA05072722DDE99D
:10ADF00004100DF2A45303C30846DDF8A41509F0AE
:10AE000031FB04460D464FF01902DDE904100DF246
:10AE10009C5303C30846DDF89C1509F010FB04435E
:10AE20000D4386EA040287EA0504DDE90435DDE91D
:10AE3000060103400D40DDE90410CDF86406DDE9AC
:10AE4000067639433043CDF86816DDE908673140AE
:10AE500038400B430543D11844EB0500B091B19045
:10AE6000DDE90A32B299B39859184241CDE90A1284
:10AE7000B0A90EC9B39859185041CDE9021000BFCE
:10AE8000B498401CB49000BF0E22DDE90A100DF208
:10AE9000546303C30846DDF8541609F0E3FA044688
:10AEA0000D464FF03202DDE90A100DF24C6303C388
:10AEB0000846DDF84C1609F0C2FA44EA000745EAF4
:10AEC00001061222DDE90A100DF2446303C30846AD
:10AED000DDF8441609F0C6FA04460D464FF02E027E
:10AEE000DDE90A100DF23C6303C30846DDF83C16A9
:10AEF00009F0A5FA04430D4367406E402922DDE9BD
:10AF00000A100DF2346303C30846DDF8341609F065
:10AF1000A9FA04460D464FF01702DDE90A100DF2BA
:10AF20002C6303C30846DDF82C1609F088FA0443A5
:10AF30000D43674086EA0500DDE900127B1801E059
:10AF400040AE02005041DDE90E54DDE90C216A40BB
:10AF50006140DDE90A542A402140DDE90E546A408F
:10AF600061409B184841FE4AB49902EBC101D1E906
:10AF700000219A18484110ABB49903EBC10118C9DC
:10AF8000D1186041B291B3901C22DDE90201CDF8E5
:10AF90002416CDF8280609F065FA04460D464FF050
:10AFA0002402DDE902100DF21C6303C30846DDF83C
:10AFB0001C1609F044FA44EA000745EA0106222279
:10AFC000DDE902100DF2146303C30846DDF8141620
:10AFD00009F048FA04460D464FF01E02DDE9021062
:10AFE0000DF20C6303C30846DDF80C1609F027FACE
:10AFF00004430D4367406E402722DDE902100DF245
:10B00000046303C30846DDF8041609F02BFA04466E
:10B010000D464FF01902DDE902100DF2FC5303C397
:10B020000846DDF8FC1509F00AFA044345EA010078
:10B0300087EA040586EA0004DDE90223DDE904016C
:10B0400002400B40DDE90210CDF85C06DDE9046743
:10B050003143CDF8601640EA0701DDE90676DDF8F8
:10B0600060063840314002430B43AA1844EB03000A
:10B07000B092B190DDE90832B299B39859184241C3
:10B08000CDE90812B29BB09AB199B3989A18484189
:10B09000CDE9002000BFB498401CB490B49850286B
:10B0A000FEF68CAF0020B49018E0DDF8A00610305A
:10B0B000B49900EBC100D0E900306A4602EBC1024E
:10B0C00012CA5A186041DDF8A0161031B49B01EB8A
:10B0D000C301C1E90020B498401CB490B49808287A
:10B0E000E3DB00200DF5D56DBDE8F08170B50446B9
:10B0F0000D4629462046FEF7E0FD70BD2DE9F047DC
:10B100000546884614466FF06D0900BF00BF00BFBA
:10B1100000BF14B90020BDE8F0877F21286800EA4D
:10B120000106C6F18007D5E90020121940F10000A0
:10B13000C5E90020D5E90020121B70F1000006D2FD
:10B14000D5E90220521C40F10000C5E90220AEB151
:10B15000BC4213D305F1500188193A46414609F023
:10B160004FFD05F150012846FEF7A7FD5FEA0009F3
:10B1700001D04846CFE7B844E41B00260BE0414627
:10B180002846FEF79AFD5FEA000901D04846C2E76B
:10B1900008F18008803C802CF1D234B105F15001D7
:10B1A00088192246414609F02BFD0020B3E770B50F
:10B1B00004460D461646324629462046FFF79EFFB6
:10B1C00070BD33B5ADF51B7D6FF06D00079000BF0E
:10B1D00000BF00BF00BF9B9800687F210840069019
:10B1E00080220699481C06909B985030425406983D
:10B1F00070280CD80698C0F1700001909B985030D0
:10B20000069908440090019909F0C6FD1BE00698D4
:10B21000C0F1800001909B9850300699084400903E
:10B22000019909F0B9FD9B9950319B98FEF745FDB6
:10B23000079018B107980DF51D7D30BD70219B98C2
:10B24000503009F0CBFD9B98D0E900103D22CDE9AC
:10B2500028010846289909F005F904460D469B98EF
:10B26000D0E902104FF00302CDE9260108462699E5
:10B2700009F0E5F820432943CDE904019B98D0E982
:10B2800000100322CDE924010846249909F0D7F8DB
:10B29000CDE902013822DDE90401CDE9221009F0EF
:10B2A000E1F8C1B29B9880F8C0103022DDE90401BA
:10B2B000CDE9201009F0D6F8C1B29B9880F8C110F2
:10B2C0002822DDE90401CDE91E1009F0CBF8C1B256
:10B2D0009B9880F8C2102022DDE90401CDE91C1002
:10B2E00009F0C0F8C1B29B9880F8C3101822DDE9BC
:10B2F0000401CDE91A1009F0B5F8C1B29B9880F8A5
:10B30000C4101022DDE90401CDE9181009F0AAF8F3
:10B31000C1B29B9880F8C5100822DDE90401CDE98F
:10B32000161009F09FF8C1B29B9880F8C6100498D7
:10B33000C1B29B9880F8C7103822DDE90201CDE93F
:10B34000141009F08FF8C1B29B9880F8C810302211
:10B35000DDE90201CDE9121009F084F8C1B201E083
:10B3600040AE02009B9880F8C9102822DDE9020156
:10B37000CDE9101009F076F8C1B29B9880F8CA1098
:10B380002022DDE90201CDE90E1009F06BF8C1B20F
:10B390009B9880F8CB101822DDE90201CDE90C1052
:10B3A00009F060F8C1B29B9880F8CC101022DDE95A
:10B3B0000201CDE90A1009F055F8C1B29B9880F856
:10B3C000CD100822DDE90201CDE9081009F04AF8A4
:10B3D000C1B29B9880F8CE100298C1B29B9880F8B9
:10B3E000CF109B9950319B98FEF767FC079008B1EE
:10B3F000079820E79B98D0E9041038227D917C9033
:10B4000008467C9909F02EF8C1B29C9801709B986F
:10B41000D0E9041030227B917A9008467A9909F09D
:10B4200021F8C1B29C9841709B98D0E90410282261
:10B43000799178900846789909F014F8C1B29C98EF
:10B4400081709B98D0E9041020227791769008466D
:10B45000769909F007F8C1B29C98C1709B98D0E921
:10B4600004101822759174900846749908F0FAFF38
:10B47000C1B29C9801719B98D0E90410102273917D
:10B4800072900846729908F0EDFFC1B29C98417124
:10B490009B98D0E904100822719170900846709929
:10B4A00008F0E0FFC1B29C9881719B980069C1B21D
:10B4B0009C98C1719B98D0E9061038226F916E90CC
:10B4C00008466E9908F0CEFFC1B29C9801729B9815
:10B4D000D0E9061030226D916C9008466C9908F006
:10B4E000C1FFC1B29C9841729B98D0E906102822F6
:10B4F0006B916A9008466A9908F0B4FFC1B29C98B3
:10B5000081729B98D0E906102022699168900846C4
:10B51000689908F0A7FFC1B29C98C1729B98D0E9C6
:10B5200006101822679166900846669908F09AFFFF
:10B53000C1B29C9801739B98D0E9061010226591C6
:10B5400064900846649908F08DFFC1B29C984173DD
:10B550009B98D0E906100822639162900846629990
:10B5600008F080FFC1B29C9881739B988069C1B23A
:10B570009C98C1739B98D0E9081038226191609023
:10B580000846609908F06EFFC1B29C9801749B98C0
:10B59000D0E9081030225F915E9008465E9908F06D
:10B5A00061FFC1B29C9841749B98D0E90810282291
:10B5B0005D915C9008465C9908F054FFC1B29C987C
:10B5C00081749B98D0E9081020225B915A9008461C
:10B5D0005A9908F047FFC1B29C98C1749B98D0E972
:10B5E00008101822599158900846589908F03AFFC7
:10B5F000C1B29C9801759B98D0E908101022579110
:10B6000056900846569908F02DFFC1B29C98417596
:10B610009B98D0E9081008225591549008465499F7
:10B6200008F020FFC1B29C9881759B98006AC1B256
:10B630009C98C1759B98D0E90A103822539152907A
:10B640000846529908F00EFFC1B29C9801769B986B
:10B65000D0E90A103022519150900846509908F0D4
:10B6600001FFC1B29C9841769B98D0E90A1028222C
:10B670004F914E9008464E9908F0F4FEC1B29C9846
:10B6800081769B98D0E90A1020224D914C90084673
:10B690004C9908F0E7FEC1B29C98C1769B98D0E91E
:10B6A0000A1018224B914A9008464A9908F0DAFE8F
:10B6B000C1B29C9801779B98D0E90A101022499159
:10B6C00048900846489908F0CDFEC1B29C98417751
:10B6D0009B98D0E90A10082247914690084646995F
:10B6E00008F0C0FEC1B29C9881779B98806AC1B275
:10B6F0009C98C1779B9800F11001006B496A382231
:10B700004491459008F0AEFEC1B29C9880F820109C
:10B710009B98D0E90C103022439142900846429900
:10B7200008F0A0FEC1B29C9880F821109B98D0E947
:10B730000C102822419140900846409908F092FE52
:10B74000C1B29C9880F822109B98D0E90C1020225E
:10B75000CDE93E0108463E9908F084FEC1B29C98AE
:10B7600080F823109B98D0E90C101822CDE93C01F9
:10B7700008463C9908F076FEC1B29C9880F82410E7
:10B780009B98D0E90C101022CDE93A0108463A996D
:10B7900008F068FEC1B29C9880F825109B98D0E90B
:10B7A0000C100822CDE938010846389908F05AFEF5
:10B7B000C1B29C9880F826109B98006BC1B29C98EF
:10B7C00080F827109B98D0E90E103822CDE9360179
:10B7D0000846369908F046FEC1B29C9880F82810B9
:10B7E0009B98D0E90E103022CDE9340108463499F7
:10B7F00008F038FEC1B29C9880F829109B98D0E9D7
:10B800000E102822CDE932010846329908F02AFEAE
:10B81000C1B29C9880F82A109B98D0E90E10202283
:10B82000CDE930010846309908F01CFEC1B29C9861
:10B8300080F82B109B98D0E90E101822CDE92E012C
:10B8400008462E9908F00EFEC1B29C9880F82C1084
:10B850009B98D0E90E101022CDE92C0108462C99B6
:10B8600008F000FEC1B29C9880F82D109B98D0E99A
:10B870000E100822CDE92A0108462A9908F0F2FDA7
:10B88000C1B29C9880F82E109B98806BC1B29C9896
:10B8900080F82F109B98D0F8D00000287ED19B987C
:10B8A000D0E910103822999198900846989908F09C
:10B8B000D9FDC1B29C9880F830109B98D0E9101047
:10B8C0003022979196900846969908F0CBFDC1B228
:10B8D0009C9880F831109B98D0E9101028229591FF
:10B8E00094900846949908F0BDFDC1B29C9880F8E8
:10B8F00032109B98D0E91010202293919290084624
:10B90000929908F0AFFDC1B29C9880F833109B98D3
:10B91000D0E910101822919190900846909908F063
:10B92000A1FDC1B29C9880F834109B98D0E910100A
:10B9300010228F918E9008468E9908F093FDC1B227
:10B940009C9880F835109B98D0E9101008228D91B2
:10B950008C9008468C9908F085FDC1B29C9880F8BF
:10B9600036109B98006CC1B29C9880F837109B9859
:10B97000D0E9121038228B918A9008468A9908F0F3
:10B9800071FDC1B29C9880F838109B98D0E91210D4
:10B990003022899188900846889900E051E008F0AB
:10B9A00061FDC1B29C9880F839109B98D0E91210C3
:10B9B0002822879186900846869908F053FDC1B2E7
:10B9C0009C9880F83A109B98D0E91210202285911B
:10B9D00084900846849908F045FDC1B29C9880F88F
:10B9E0003B109B98D0E91210182283918290084650
:10B9F000829908F037FDC1B29C9880F83C109B9862
:10BA0000D0E912101022819180900846809908F0A8
:10BA100029FDC1B29C9880F83D109B98D0E9121086
:10BA200008227F917E9008467E9908F01BFDC1B2E6
:10BA30009C9880F83E109B98806CC1B29C9880F8CE
:10BA40003F100020D5E470B504460D462946204637
:10BA5000FFF7B7FB70BD2DE9F041B6B004460D46C7
:10BA600016461F466FF06D0800BF00BF00BF00BF45
:10BA700000BF00BF6846FEF7A7F839466846FEF7E4
:10BA8000C3F85FEA000800D011E02A462146684664
:10BA9000FFF734FB5FEA000800D008E03146684653
:10BAA000FFF78FFB5FEA000800D000E000BF6846A8
:10BAB000FEF793F8404636B0BDE8F0812DE9F0413D
:10BAC00004460D4616461F463B463246294620464A
:10BAD000FFF7C1FFBDE8F0813248704770B50546F9
:10BAE000314C0DB9002070BD07E02946606809F0AF
:10BAF000C7F908B92046F6E7203420680028F4D1B9
:10BB000000BFF0E70246284905E00868904201D1ED
:10BB100008467047203108680028F6D100BFF8E7D2
:10BB200010B504462046FFF7EDFF03460BB91FA0F2
:10BB300010BD5868FCE770B505462846FFF7CEFFF4
:10BB400004460CB9002070BD2068FCE70146887AE5
:10BB50000B2811D2DFE800F0100607080B101009BF
:10BB6000100D0E0000BF00BF00BF01207047042071
:10BB7000FCE700BF0220F9E70020F7E70146887ADA
:10BB8000012806D0022805D0032804D0042806D1B5
:10BB900003E000BF00BF012070470420FCE7002045
:10BBA000FAE70000C0B00200C8B00200756E6B6E0C
:10BBB0006F776E000146887A0B280ED2DFE800F01E
:10BBC0000D0607090B0D0D0D0D080A0000BF00BF83
:10BBD00000BF00BF00BF012070470020FCE7034604
:10BBE0008B4202D8C81A904201D20120704700202F
:10BBF000FCE70146886B28B1886B406810B1886B00
:10BC0000426801E00868826B0AB9002070475068FA
:10BC1000FCE72DE9F05F0746884692469946444680
:10BC2000002508F1060B0020C9F80000386890F8DC
:10BC30004D00032802D00020BDE8F09F00BF00BFE8
:10BC40003868406C08B9F948F6E73868466C09E08E
:10BC5000AD1C4FF6FE70854203D900BF00BFF3480C
:10BC6000EAE7361D30680028F2D10DB9EF48E3E766
:10BC700000BFAA1D51462046FFF7B1FF08B1EC48AE
:10BC8000DAE700BF00253868466C0CE0306803F046
:10BC9000C7FF29466D1C0BF80100012228466D1CC8
:10BCA0000BF80020361D30680028EFD104F8010B96
:10BCB0000D2004F8010BA81C000A04F8010BA81CB5
:10BCC00004F8010B280A04F8010B04F8015BA81D15
:10BCD000C9F800000020AFE72DE9F04105466FF0FC
:10BCE0006D07A86B00F5B8740020EAF760FB064604
:10BCF000300E04F8010B300C04F8010B300A04F884
:10BD0000010B04F8016B00BF00BF29681C22D1E9B8
:10BD1000063021469847070002D03846BDE8F0813A
:10BD20000020FBE710B504460CB9012010BD2069C6
:10BD3000984202DCA069904201DA0120F6E7002077
:10BD4000F4E72DE9F04F85B005466FF06D000490E3
:10BD50004FF0000800BF00BF2868806928B900BF05
:10BD600000BFB44805B0BDE8F08F286890F84E00D9
:10BD7000A860286890F84F00E860286890F84C00A8
:10BD800018B900BF00BFAC48ECE7D5F8A09009F5A2
:10BD90008040029000BF472248460299FFF71FFFEC
:10BDA00008B1A348DEE700BF09F104042B681B6D4E
:10BDB000C3F340022B6893F84D1093F84C002346D0
:10BDC00001F046FBA41C00BF00BF2846FFF784FF1C
:10BDD000049018B100BF00BF0498C3E7A86B00F53A
:10BDE000B8712022204608F00BFF00BF00BF2034AE
:10BDF000686BC768102F05D3202F03D8A86BD0F825
:10BE0000E00100B9002704F8017B002605E0686B1B
:10BE10001030805D04F8010B761CBE42F7D300BFE2
:10BE200000BF00BF00BFE968286850F821B00027B4
:10BE3000A24600BF022220460299FFF7D0FE08B1B9
:10BE40007B488FE700BFA41C002627E05BF8260094
:10BE5000FFF758FE0090286890F84D3090F84F207A
:10BE600029460098FFF75EFF00B116E000BF00BF53
:10BE700000BF022220460299FFF7B1FE08B16C48CC
:10BE800070E700BF7F1C5BF82600000A04F8010B76
:10BE90005BF8260004F8010B00BF761C5BF8260057
:10BEA0000028D3D100BF00BF00BF00BF00BF0222E7
:10BEB00020460299FFF793FE08B15D4852E700BFA4
:10BEC000002004F8010BFF2004F8010B7F1CC7F3CE
:10BED000C7100AF8010B7806000E0AF8010B0020C3
:10BEE00001900198B8B100BF00BF00BF00BF00BF04
:10BEF000032220460299FFF772FE08B14C4831E751
:10BF000000BF022004F8010B012004F8010B0020FF
:10BF100004F8010B13E000BF00BF00BF00BF00BF6B
:10BF2000022220460299FFF75AFE08B1404819E75D
:10BF300000BF012004F8010B002004F8010B00BF32
:10BF4000022220460299FFF74AFE08B1384809E765
:10BF500000BFA01C00EB080103AB2846029AFFF7C4
:10BF600058FE049018B100BF00BF0498FAE6039889
:10BF7000804400BF00BFB8F1000F06D04FEA182080
:10BF800004F8010B04F8018B4444A4EB0900C5F844
:10BF9000A8001620C5F8A4000120D5F8A01008704C
:10BFA0006868401C6860284601F026FB049018B1C0
:10BFB00000BF00BF0498D5E600BF00BF0020D1E657
:10BFC00070B506460C461546012D01D1207840B1CA
:10BFD00000BF00BF28220221304601F0A5FD17480E
:10BFE00070BD0120C6F8C0000020F9E72DE9FF5F11
:10BFF00004460020029000BF00BF0121204601F04E
:10C000004DFD039028B100BF00BF039804B0BDE808
:10C01000F09FE66E606F162814D000BF00BF0A22A2
:10C020000221204601F080FD0548EFE780A1FFFFD7
:10C030000096FFFF008CFFFF008FFFFF8086FFFF51
:10C040000089FFFF00BF04202630D4F8801088420A
:10C0500002D83078022808D000BF00BF3222022167
:10C06000204601F061FDF948D0E700BF04200644F6
:10C0700000BF00BF2068006DC0F34002334604F1EA
:10C080000C01081F01F05CFB216891F84E10A068BC
:10C09000884211DB216891F84F10E06888420BDB81
:10C0A000216891F84C10A068884205DC216891F85D
:10C0B0004D10E068884208DD00BF00BF4622022123
:10C0C000204601F031FDE248A0E700BF00BFA16BB0
:10C0D00001F5C8702022B11C08F092FD96F822509C
:10C0E00000BF00BF202D08D900BF00BF32220221AF
:10C0F000204601F019FDD54888E700BF042027300D
:10C100002844D4F8801088421BD205F12700315C06
:10C11000401E305C41EA00270FB1042F08D300BF56
:10C120000420283028443844D4F8801088421BD09A
:10C1300000BF00BF32220221204601F0F5FCC348B7
:10C1400064E700BF042026302844D4F880108842D9
:10C1500001D1002708E000BF00BF322202212046A3
:10C1600001F0E2FCB94851E705F12400315C401EC2
:10C17000305C41EA002905F1250016F800A0BAF16B
:10C18000000F08D000BF00BF2F220221204601F07F
:10C19000CBFCB0483AE74846FFF7B4FCA16BC1F8C6
:10C1A0006801A06BD0F8680148B900BF00BF5022F9
:10C1B0000221204601F0B8FCA648803826E7A06B93
:10C1C000D0F86811204602F014FE00BF00BF00BF87
:10C1D00000BFA06BD0F8E001A8B1A5B1606B4068CA
:10C1E000484510D1606B806850450CD1606BC068C9
:10C1F000A84208D1616B01F110002A4606F1230123
:10C2000008F038FCD8B16068401C60600020A16B69
:10C21000C1F8E001EAF7CBF8616B0860606BC0F829
:10C220000490606BC0F808A0606BC560616B01F1A1
:10C2300010002A4606F1230108F0E2FC0FE00C2072
:10C240006060204602F072FA039040B100BF00BF68
:10C2500050220221204601F067FC0398D6E600BF79
:10C2600000BF00BF00BF00BF00BF4FF000091DE0CE
:10C27000E168206850F8210050F8290040B900BF5B
:10C2800000BF2F220221204601F04EFC6F48BDE680
:10C29000E168206850F82120484609F1010952F868
:10C2A0002000616B4968884200D100E0E0E700BFF0
:10C2B000616B4868FFF726FC0190E3681A46214647
:10C2C0000198FFF72FFD40B100BF00BF2F220221D0
:10C2D000204601F029FC5D4898E600BF00BFBAF196
:10C2E000000F08D000BF00BF2F220221204601F01E
:10C2F0001BFC56488AE6606BC0F808A006F12800CF
:10C3000000EB050800BF00BF3BE098F8010098F87B
:10C31000001040EA0120009098F8030098F80210FD
:10C3200040EA012B0BF10400B84208D900BF00BF5E
:10C3300032220221204601F0F7FB444866E66FF402
:10C340007F41009840180CD100BF00BF5A4608F149
:10C3500004012046FFF734FE039008B1039855E628
:10C3600002E000BF00BF00BF00BF0BF104003F1A96
:10C3700080442FB1042F03D200BF00BF334845E6ED
:10C3800000BF002FC1D1D4F8C00048B92068006DAB
:10C39000C0F30110022803D100BF00BF01200290AA
:10C3A0000298012806D128220221204601F0BCFB78
:10C3B00026482BE600BF00BF002027E62DE9FF5FDF
:10C3C00004460D46164699466FF06D0BE06808B9B5
:10C3D000002000E002200746A06B00F5D87000EBBB
:10C3E0000908E819B0F5804F05D900BF00BF1A4809
:10C3F00004B0BDE8F09F23681B6DC3F340022368BF
:10C4000093F84D1093F84C00434601F021F8216851
:10C410002E22D1E9063008F1020198475FEA000BAD
:10C4200003D000BF00BF5846E2E73020A16BC1F83F
:10C430006C01A06B00F1080A01215046F8F784F95D
:10C4400070B900BF00BF0548D2E700008086FFFF3B
:10C450008091FFFF808FFFFF0096FFFF0093FFFF9B
:10C460002068C06921688969C5F58042D21BCDE981
:10C470000062CDE90210D4F8A0002844C319A06BD3
:10C480004146D0F86C215046F8F757FA5FEA000BA6
:10C4900003D000BF00BF5846AAE7022F0ED1306874
:10C4A000C0F30720D4F8A01048553068C1B2681C0A
:10C4B000D4F8A02011543068801C30605046F8F742
:10C4C00019F9002094E72DE9F04104466FF06D065C
:10C4D000A06BD0F8685100274FF0000800BF00BFE4
:10C4E000A87A012807D100BF00BF6068401C6060C7
:10C4F0000020BDE8F0810121204601F0CFFA0600BE
:10C5000003D000BF00BF3046F3E7606F162808D0A5
:10C5100000BF00BF0A220221204601F005FBFE48B1
:10C52000E7E7E06E00780C2812D0A87A052802D040
:10C53000A87A072803D10120C4F8880017E000BFBB
:10C5400000BF0A220221204601F0EEFAF248D0E7AD
:10C5500000BF0420E16E4718D4F88010E06E00EBB5
:10C56000010800BF00BF00BF00BFEC48C1E7606822
:10C57000401C606000BF00BF0020BAE72DE9F05FFB
:10C5800004466FF06D0900250027AA46A06BD0F87D
:10C5900068B100BF00BF5846FFF70CFB38B900BFB9
:10C5A00000BF6068401C60600020BDE8F09F012172
:10C5B000204601F073FA5FEA000903D000BF00BF14
:10C5C0004846F2E7606F162808D000BF00BF0A2275
:10C5D0000221204601F0A8FACF48E6E76068401C37
:10C5E0006060E06E00780D2801D1012000E000209D
:10C5F000C4F8B80000BF00BFD4F8B80018B90120D3
:10C60000C4F8880066E0E66E00BF0420D4F880100D
:10C61000884208D300BF00BF32220221204601F029
:10C6200083FABF48C1E700BF0420375C3D4600BF26
:10C6300000BF801C2844D4F88010884208D300BF73
:10C6400000BF32220221204601F06EFAB448ACE766
:10C65000E068032820D100BF0420801C2844315CFE
:10C660000420401C2844305C41EA002800BF04201C
:10C67000C01C28444044D4F88010884208D300BF2E
:10C6800000BF32220221204601F04EFAA4488CE776
:10C6900008F10200054400BF00BF0420801C2844AC
:10C6A000315C0420401C2844305C41EA002A554497
:10C6B00000BF0420C01C2844D4F88010884208D051
:10C6C00000BF00BF32220221204601F02DFA94481B
:10C6D0006BE700BF00BF00BF002066E770B50446EF
:10C6E0006FF06D0500BF00BF0121204601F0D6F9B3
:10C6F000050003D000BF00BF284670BD606F16283C
:10C7000003D000BF00BF8448F7E700BF0420D4F87F
:10C710008010884203D1E06E00780E2808D000BF58
:10C7200000BF32220221204601F0FEF97D48E4E7F5
:10C730006068401C606000BF00BF0020DDE7F8B506
:10C7400004466FF06D06A06BD0F8687100BF00BFA3
:10C75000B87A01280AD1042500236A4629462046D2
:10C76000FFF72CFE060005D03046F8BD00BF00BF25
:10C770006A48FAE700982844C4F8A8001620C4F8CC
:10C78000A4001020D4F8A01008706068401C6060FD
:10C79000204600F031FF060003D000BF00BF304646
:10C7A000E3E700BF00BF0020DFE72DE9F04F93B0C3
:10C7B00004465D4EA06BD0F86871002012900025F1
:10C7C0000DF118088146824600BF00BF204601F0E7
:10C7D000ADFF060005D000BF00BF304613B0BDE876
:10C7E000F08F3846FFF7E6F930B900BF00BF606848
:10C7F000401C60600020F1E7D4F8B80078B100BFB9
:10C80000A16B29B1A16B496811B1A16B486801E026
:10C810002168886B08B9002100E0016831B900BFC8
:10C8200000BF6068401C60600020D7E72046FFF72B
:10C83000E0F918B900BF00BF3C48CFE7A06B05AADC
:10C8400006A9D0F85C3120469847E06803281ED13D
:10C85000A06BD0F86801407A072805D181460520F1
:10C86000D4F8A010087105E04FF006090420D4F8B0
:10C87000A01008712046FFF7BCF9834603F068F961
:10C88000D4F8A010487100200590022503E000BFF5
:10C8900000BF2248A2E72046FFF7ABF98346206895
:10C8A000C0692168896912AACDE9030ACDE901218D
:10C8B000D4F8A000801D28440090424649465846BE
:10C8C000059BF7F7CEFF060003D000BF00BF304640
:10C8D00084E71298C0F3072154F8A02F281D1154A3
:10C8E0001298C1B2681D226811541298801D284404
:10C8F000A060162060600F202168087054F89C0C1E
:10C90000401C44F89C0CA4F1A004204600F074FEE6
:10C91000060010D000BF0BE00089FFFF0094FFFF6E
:10C920008085FFFF8084FFFF808FFFFF008AFFFF6D
:10C9300000BF304652E700BF00BF30464EE770B53B
:10C94000044600256068102801D0A06B08B936485D
:10C9500070BD00BF00BF204600F033FD050001D0D0
:10C960002846F5E76068102856D2DFE800F0080B8B
:10C9700010151A1F24292E33383D42474C510120EF
:10C9800060604DE02046FFF7DCF9054648E02046B0
:10C99000FFF72CFB054643E0204602F091F90546DF
:10C9A0003EE02046FFF78FFD054639E02046FFF7C1
:10C9B000E5FD054634E02046FFF790FE05462FE0F2
:10C9C000204601F015FF05462AE02046FFF7B7FE96
:10C9D000054625E02046FFF7E8FE054620E0204614
:10C9E00001F0E2F805461BE0204602F097FA054602
:10C9F00016E0204601F0F7F8054611E0204602F067
:10CA0000DAFA05460CE000BF00BF0F20606007E0C7
:10CA1000204602F058FA03E000BF00BF024897E743
:10CA200000BF284694E70000008FFFFF70B5044662
:10CA30000D46206D00B970BD00BF00BFA9082A4691
:10CA4000D4E91303984700BFF5E710B50446606DBD
:10CA500008B9002010BD616DE06C8847022803D141
:10CA600000BF00BFC01EF5E70020F3E710B50022AD
:10CA700003E004786240401C491E0029F9D11346A6
:10CA800000BF10BD30B504462046156805605568E6
:10CA900045600830157A0570401CB2F809500580D1
:10CAA000801C95692D0A057095694570801C051BD1
:10CAB0000D6030BD0146D1E90102904201D0012054
:10CAC00070470020FCE72DE9F04705460E46174663
:10CAD0009846DDE908A93146284608F05DF9424646
:10CAE0003946284608F08CF8A6EB090005440024D6
:10CAF00005E0285D1AF8041048402855641C4C4590
:10CB0000F7D3BDE8F0872DE9FF4F9BB00D461446E3
:10CB10009A4600201A901B9000BF00BF2DB900BF9D
:10CB200000BFFE481FB0BDE8F08F5CB1E06848B1BF
:10CB3000D4E90401884205D3D4E90401401AA1696B
:10CB4000884203D200BF00BFF448EBE76169E068A8
:10CB50004618D4E9051008442169A1EB000800BF7C
:10CB600000BF05F14C0001F02BFA0746A069B0F5B3
:10CB7000804F03D900BF00BFE948D3E7D4E90510CF
:10CB800008442169A1EB0008072F01D0022F3DD1F5
:10CB9000E868404503D900BF00BFE248C2E7D5F8C6
:10CBA000CC00012822DB22460DA90EA8D5F8CC30F6
:10CBB000FFF768FF0EA905F134000D9AF6F709FC9E
:10CBC000314605F13400A269F6F703FC01A905F12D
:10CBD0003400F6F70FFC05F13400F6F745FCEA687F
:10CBE000A169881901A908F00BF803E000BF00BF94
:10CBF000CA4897E700BF00BFA069E9680844A06180
:10CC0000E868A8EB00081A98401C1A90062F03D079
:10CC1000082F01D00A2F67D16FF06D000C902846C5
:10CC2000FFF748FF08902869404503D900BF00BFBF
:10CC3000BC4877E7A3464FF008095C46CDE900B948
:10CC400005F114020C2109A8AB68FFF73CFF22464E
:10CC50000DA90EA8D5F8CC30FFF714FF00BF00BF18
:10CC600000BF00BF00BF00BF00BF00BF2869A169AF
:10CC7000314404F11802CDE90362CDE90510A06941
:10CC80000D99CDE9001602900EAB09A905F14C00F3
:10CC90006A68F4F7C4FD0C9018B100BF00BF0C988F
:10CCA00040E700BF00BFA06929690844A061286966
:10CCB000A8EB0008089898B16069484503D200BF06
:10CCC00000BF98482EE7A6EB09004A46594607F0F0
:10CCD00097FF6069A0EB09006061A0694844A0610A
:10CCE0001A98401C1A907EE0022F78D16FF06D00E8
:10CCF0000C90A069401C6968B0FBF1F201FB1200C6
:10CD0000A1EB00096868484501D14FF0000909F11D
:10CD10000100804503D200BF00BF824802E74FF008
:10CD2000000B05E0A169594406F801900BF1010BD5
:10CD3000CB45F7D909F10100A1690844A06109F1C7
:10CD40000100A8EB0008D5F8CC0002281EDBBAF1E0
:10CD5000000F03D100BF00BF7048E3E66069696857
:10CD6000884203D200BF00BF6E48DBE605F1140124
:10CD70006A682898D0470C900C9808B10C98D1E6B6
:10CD80006A68B01A05F1140107F03AFF00BF00BF4E
:10CD90000BA9A069CDE901610090334605F11401AA
:10CDA00005F14C006A68F4F7F5FC0C9018B100BF6F
:10CDB00000BF0C98B6E6A0690B99884203D000BF6B
:10CDC00000BF5648AEE66868361A60696968401A5E
:10CDD0006061A06969680844A06104E0FFE700BFE2
:10CDE00000BF4E489EE61A98012803D000BF00BF3E
:10CDF0004A4897E600BF00BF002093E62DE9F74FB1
:10CE0000BEB00D4614464FF0000A00264FF001094F
:10CE100000203E9000BF00BF5CB1E06848B1D4E99B
:10CE20000401884205D3D4E90401401AA16988426B
:10CE300005D200BF00BF394841B0BDE8F08F61693D
:10CE4000E068471805F18C0001F0BAF88046B8F1A7
:10CE5000060F05D0B8F1080F02D0B8F10A0F70D153
:10CE60004FF0080B2846FFF725FE012811D1A069D5
:10CE7000584504D200BF00BF29488038DCE72B9713
:10CE80005F44606958446061A069A0EB0B00A06139
:10CE900000E02B94A0692969884204D200BF00BF3A
:10CEA0001F488038C8E7A0692969401AA0612B98FB
:10CEB000CDE9000B05F124020C212CA8AB68FFF78B
:10CEC00002FE22462FA930A8D5F8CC30FFF7DAFDB4
:10CED00000BF00BF00BF00BF00BF00BF2869A1693D
:10CEE00039443DAACDE90372CDE90510A0692F9917
:10CEF000CDE90017029030AB2CA905F18C006A68CF
:10CF0000F4F7BEFC3C9088B100BF00BF3C9810F520
:10CF1000C64F09D1024880388EE712E00094FFFF27
:10CF2000008FFFFF0096FFFF3C9885E70AF1010A9A
:10CF3000A0693D99884203D000BF00BFFD487BE750
:10CF4000DCE0B8F1020F70D14FF0000BD5F8CC0047
:10CF5000022801DB68688344A069696859448842F3
:10CF600005D3A169E8685844401C814203D200BF40
:10CF700000BFF14860E7A0696968B0FBF1F201FB0E
:10CF8000120018B100BF00BFEB4855E7D5F8CC0040
:10CF900002280FDB394605F124006A6807F030FEED
:10CFA000686807446069696808446061A0696968E5
:10CFB000401AA0613DA9A069CDE9017100903B46EE
:10CFC00005F1240105F18C006A68F4F7E3FB3C905D
:10CFD00018B100BF00BF3C982EE7A0693D99884278
:10CFE00003D000BF00BFD34826E7A069401E3E5CC7
:10CFF000BAF1010F11D1701CA169814201D3012046
:10D0000000E0002009FB00F9701CA169814201D3F6
:10D01000012000E00020464315E0A169E8683044A3
:10D02000401C814202D3012001E063E0002009FBA3
:10D0300000F9A169E8683044401C814201D3012015
:10D0400000E000204643761CD5F8CC00002849DDDE
:10D05000002100222E97D4F818C0ACEB060CCDF8B6
:10D06000B4C0D4F818C0BCF5807F02D8D4F818C07A
:10D0700001E04FF4807CCDF8B0C0D4F818E0DDF8C2
:10D08000B0C0AEEB0C0318461AE0DDF8B4C0604542
:10D0900002D34FF0010C01E04FF0000C4CEA020209
:10D0A000DDF8B8C01CF800C0A6F1010EF44502D1AD
:10D0B0004FF0010C01E04FF0000C02FB0C11401C82
:10D0C000D4F818C08445E0D8B14202D14FF0010C29
:10D0D00001E04FF0000C0CEA0909C9EB492C0CEAFD
:10D0E000060603E000BF00BF9248A5E6A069801BCA
:10D0F000A06103E000BF00BF8E489DE6BAF1000FBB
:10D1000072D1A069E968401AA06122462FA930A80F
:10D11000D5F8CC30FFF7B6FCD5F8CC0000287DDD83
:10D1200000202290A069304401900198B0F5807FE2
:10D1300003D90198A0F5807000E0002000908021C4
:10D1400002A807F04BFE286CF6F712FA032806D067
:10D15000042805D0062804D007281ED10FE000BF00
:10D1600000BFA0692F990844304408308109A069A4
:10D170002F9A10440830A1EB9010229011E0A06982
:10D180002F99084430441030C109A0692F9A1044E7
:10D190001030A1EBD010229003E000BF00BF654823
:10D1A0004AE600BFC9EB092022990840229030A925
:10D1B00005F140002F9AF6F70CF9394605F14000C9
:10D1C000A269F6F706F9A169C8193146FFF74EFCC6
:10D1D00023A905F14000F6F70DF905F14000F5F738
:10D1E000A1FF4FF0000B07E048E002A905F1400065
:10D1F000F6F78EF90BF1010B2298401C8345F4D30E
:10D2000002A905F14000F5F7EBFF05F14000F6F744
:10D210002BF9DDE90032D21AEB6800E005E0D11805
:10D22000009AB818FFF722FC03E000BF00BF414896
:10D2300002E6A069C11923AAEB68229121924FF05E
:10D24000000C002010E0DDF888E01EF800E0CDF8CA
:10D2500080E0DDF884E01EF800B0DDF880E08EEAC2
:10D260000B0E4EEA0C0C401C9842ECD3BCF1000FA4
:10D2700001D04FF000090AF1010A00BFB9F1000F17
:10D2800001D12D48D8E5BAF1010F03D000BF00BF8E
:10D290002848D1E500BF00BF0020CDE52DE9F047CB
:10D2A00004460E466FF06D0544F24D1800BF00BFF6
:10D2B000E06938B9206A28B900BF00BF1E48803035
:10D2C000BDE8F087A16D206E401AA8EB0000B042C7
:10D2D00004D200BF00BF18488030F1E700BF00BF94
:10D2E0003EE0E06F371A2046FFF7AFFB08B1134D61
:10D2F00018E0206A60B1D4F87C90226E02EB09013C
:10D300002268936C3A46D4E908C0E047054609E034
:10D31000D4F87CC0226E02EB0C013A46E369606AE5
:10D320009847054600BF00BF00BF00BF55B904487D
:10D33000C6E700000094FFFF808EFFFF0098FFFF0C
:10D34000808DFFFF002D01DA2846B9E7BD4200D8E5
:10D3500003E000BF00BFF748B2E7E06F2844E06792
:10D36000E06FB042BDD300BF00BF0020A8E7014678
:10D37000D1F8CC00022801DA00207047D1E901027F
:10D38000801AFAE770B504460D4604F1900460680F
:10D39000A0F108002060606800F10300A0606068F0
:10D3A00000F10500E060E0682061A4F190043DB167
:10D3B0002846FFF7DCFFD4F8A0100844C4F8A0000A
:10D3C00070BD70B504466FF06D0500BF00BFA06969
:10D3D00018B900BF00BFD84870BDD4F8AC0018B968
:10D3E00000BF00BF0020F7E721E000BF00BFD4F876
:10D3F000AC10D4F89400461A3146A369D4F8AC2096
:10D40000606A9847054600BF00BF002D01DC284632
:10D41000E2E7D4F8AC00A84200D303E000BF00BFAD
:10D42000C448D9E7D4F8AC00401BC4F8AC00D4F829
:10D43000AC000028D9D1D4F88C000830C4F894008E
:10D440002046216CFFF79EFF00BF00BF0020C3E70E
:10D4500010B51870597010BD2DE9F04F89B0044611
:10D4600088464FF0000BD4F8A860CDF8208000BFAC
:10D4700000BFBBF1000F7DD144F24D1AD4F894C027
:10D480000CF10103D4F800C0DCF850C0CCF340022A
:10D49000D4E90201FFF7DCFFD4F89010D4F8B020F3
:10D4A0000A60D4F8B4004860300AD4F898100870C4
:10D4B000D4F898104E70206C002852D0D4F89C00FC
:10D4C0000490D4F88C10D4F89C00401AAAEB000009
:10D4D0000590D4F8A8000790D4F8A0000499401A49
:10D4E0000690D4F89000016801914068029023688A
:10D4F0001B6DC3F340020DF10D03D4E90201FFF7E8
:10D50000A7FFD4F8A400C0B28DF80C002068C06951
:10D5100000902068836901AA2046216CFFF7F3FA86
:10D520005FEA000905D000BF00BF484609B0BDE86A
:10D53000F08F069818B100BF00BF7E48F6E79DF84F
:10D540000C0004F19804E0600798064620610798F3
:10D550004FEA102021680870079854F8981948700D
:10D5600000BF204600F036FD8719D4F89410D4F897
:10D57000A40000E02FE0087000BF00BF00BF00BFA4
:10D5800004F14004E06E3844E066606D3844606544
:10D5900054F840192046FFF7F5FE08250CE0681EF8
:10D5A00004F1B001085C401C10F0FF02A5F101007D
:10D5B0000A5400D004E06D1E00BF0020A842EED344
:10D5C00000BF00BF0020A84204D100BF00BF5948DF
:10D5D0008030ABE700BF0898012809D12046FFF74B
:10D5E000F0FE5FEA000903D000BF00BF48469DE798
:10D5F00000BF00BF002099E72DE9F04104466FF01D
:10D600006D07D4F8A800051FD4F8A000067800BF65
:10D6100000BFD4F8A400162808D0D4F8A400142819
:10D6200004D000BF00BF4348BDE8F081D4F8A40097
:10D63000162800D12EB1A06B18B900BF00BF3D481D
:10D64000F2E7D4F8A800B0F5804F03D900BF00BFBF
:10D650003848E9E7D4F8A400162813D1280C54F868
:10D66000A01F4870280A2168887054F8A019CD704E
:10D6700046B1D4F8A820D4F8A010A06BD0F8583147
:10D680002046984701212046FFF7E6FE070003D019
:10D6900000BF00BF3846C7E700BF00BF0020C3E798
:10D6A0000146C86E40780004CA6E927840EA0220B3
:10D6B000CA6ED2781043704770B5044600BF04208C
:10D6C000A16F884203D900BF00BF1C4870BD00BFD6
:10D6D00004252046FFF7E4FF2844C4F8800000BF7B
:10D6E00000BFD4F88010A06F884204D200BF00BFF2
:10D6F00011488030EAE70020E8E770B50446A56BE2
:10D700006068102808D03DB1D4F88020E16EA06B8D
:10D71000D0F858312046984770BD0146162907D0E9
:10D72000152905D0142903D0172901D003487047C3
:10D730000020FCE70094FFFF008FFFFF008EFFFF3B
:10D7400010B51C7804605C780C6010BD2DE9F04FBA
:10D7500085B006460D4691461C464FF0000A4FF034
:10D76000010B4FF0010802200290082001900220D6
:10D77000009008F10207B81C814505D200BF00BF28
:10D78000FD4805B0BDE8F08F28782072207AFFF7B9
:10D79000C4FF18B100BF00BFF748F2E715F8080052
:10D7A000607208F10100295CA1723068006DC0F35D
:10D7B000400204F1090303A904A8FFF7C1FFB06800
:10D7C0000499884203D000BF00BFEB48D9E7306816
:10D7D00090F84D000399884203DA00BF00BFE64885
:10D7E000CFE7F06D0168216040686060B81C60613F
:10D7F000781C285CE95D40EA0120A06100BF00BF01
:10D8000000BF00BFE560D4E9050108442061A069BC
:10D8100008B9D948B5E70020B3E72DE9F04104463F
:10D820000D46002700BF00BF002F50D1E06B00283D
:10D830004DD095F808802A462046E16BFFF7DEFAC6
:10D84000060004D000BF00BF3046BDE8F081287A52
:10D85000404501D000BF00BF00BF00BFA869B0B9FC
:10D86000E068032806D1287A172803D000BF00BF3C
:10D87000C148EAE754F8840F401C206054F884093A
:10D88000032807DD00BF00BFBB488030DDE7002074
:10D89000C4F8840008210CE0481EE26D105C401CB6
:10D8A00010F0FF02A1F10100E36D1A5400D004E072
:10D8B000491E00BF00208842EED300BF00BF0020F9
:10D8C000884203D100BF00BFAC48BEE700BFA06FD5
:10D8D000B0F5804F03D900BF00BFA748B5E70020CF
:10D8E000B3E770B504466FF06D05606F162806D17A
:10D8F0002046FFF7E1FE050001D0284670BD606FAD
:10D9000014280ED1A06F012803D000BF00BF9A4891
:10D91000F4E7E06E0078012803D000BF00BF96480E
:10D92000ECE7606F152829D1A06F022803D000BF53
:10D9300000BF9148E2E700BF00BFE06E0078022818
:10D9400003D100BF00BF8E48D8E7E06E0078012801
:10D9500006D1E06E407818B900BF00BF8948CDE716
:10D96000E06E0078012807D1E06E4078642803D18A
:10D9700000BF00BF0020C1E78348BFE70020BDE72C
:10D98000016E0839C165016EC91C4166016E491DF1
:10D990008166816EC166704770B588B004466FF0CD
:10D9A0006D0500BF0520064631462046FFF776FC90
:10D9B000054625B100BF00BF284608B070BD01ABC9
:10D9C0002046E26F216EFFF7C1FE05460DB12846E5
:10D9D000F3E720460599FFF761FC05461DB100BF3E
:10D9E00000BF2846E9E70020E06701A92046FFF7CD
:10D9F00014FF050001D02846DFE72046FFF7C0FFEF
:10DA0000606E801CA0669DF80C0060679DF80C009D
:10DA1000216E0870069904980844E0660798A0678C
:10DA20000798000A616E08700798616E48700020C0
:10DA3000C3E70146886F08B1012070470020FCE76A
:10DA400070B50446D4F8800000B3206F20B100BF49
:10DA500000BF4A48803870BDA16FD4F8800088426A
:10DA60000ED2D4F88010A06F401AA067D4F880506E
:10DA7000E36E59191846A26F07F007F900BF01E0DD
:10DA80000020A0670020C4F8800005E0206F08B1E6
:10DA90000020E0E70020A0670020DCE770B5054625
:10DAA0000E466FF06D0400BF00BFD5F8880088BB3C
:10DAB00000BF2846FFF7C4FF04460CB1204670BDE6
:10DAC0002846FFF7B6FF60B92846FFF765FF044612
:10DAD00014F5CB4F00D109E01CB100BF00BF2046B8
:10DAE000EDE72846FFF7FDFE044600BF14F5CD4FD5
:10DAF000DFD014F5CB4FDCD01CB100BF00BF2046F7
:10DB0000DDE7686F16280BD1012E09D12846FFF7F3
:10DB1000F4FD05E0FFE700BF00BF0020C5F8880066
:10DB200000BF00BF0020CAE72DE9F04104460D46C2
:10DB300016466FF06D070CB1206810B91348BDE8A8
:10DB4000F08100BF00BF00BF00BF152004F1A0049A
:10DB500060604FF00200A0602068057054F8A009D2
:10DB600046704FF001012046FFF776FC07000FD00A
:10DB700000BF00BF3846E2E7008EFFFF8094FFFF42
:10DB80008088FFFF8087FFFF8099FFFF008FFFFFE6
:10DB900000BF00BF0020D2E710B5044628220221B2
:10DBA0002046FFF7C1FF10BD70B504466FF06D054C
:10DBB00000BF00BF1420C4F8A4000120C4F8A800CE
:10DBC000D4F8A01008706068401C60602046FFF721
:10DBD00013FD050003D000BF00BF284670BD00BF85
:10DBE00000BF0020FAE770B504466FF06D0500BF76
:10DBF00000BF01212046FFF751FF050003D000BF01
:10DC000000BF284670BD606F142808D000BF00BF59
:10DC10000A2202212046FFF787FFF248F2E700BF01
:10DC200000BFA06CE063606BA0620021E06D01604A
:10DC300041602046FFF7A4FE6068401C606000BFA2
:10DC400000BF0020DEE710B50446D4F88C00083091
:10DC5000C4F89400A06D0830206600212046FFF72C
:10DC600091FB2046FFF78CFE10BD0146086F08B9F6
:10DC700000207047886FFCE70146D1F88800012832
:10DC800002D100BF00BF7047D1F8800040B18A6F59
:10DC9000D1F88000904203D200BF00BF0120F2E71C
:10DCA000086F18B100BF00BF0120ECE700BF00BF44
:10DCB0000020E8E72DE9F04106460025346C3046A7
:10DCC00000F088F9804614B94046BDE8F08104F1BF
:10DCD0004C0000F075F9801E09281ED2DFE800F024
:10DCE0000A1D1D1D0508061D070000BF00BF00BF5F
:10DCF000256816E000BF00BF00BF00BFE06C08B998
:10DD0000002001E0E06C40690746E06805443D44BE
:10DD1000F068022800DB3D4403E000BF00BFB248CA
:10DD2000D3E700BF08EB0500CFE72DE9F04104463B
:10DD30000F4690466FF06D050CB1206810B9AB48E6
:10DD4000BDE8F08100BF00BF606810280BD02046FE
:10DD500001F026FE054615F5D64F04D01DB100BFD3
:10DD600000BF2846ECE770E0606D48B1616DE06C83
:10DD70008847401C04D12068816C2046FEF756FE7F
:10DD800001212046FFF78AFE050008D015F5E54F72
:10DD900001D10020D4E700BF00BF2846D0E7A06F24
:10DDA00088B9606F17280ED101212046FFF776FE53
:10DDB000050008D015F5E54F01D10020C0E700BFF0
:10DDC00000BF2846BCE7606F162826D100BF00BF01
:10DDD0002068006DC0F3000060B9E06E007828B9DB
:10DDE00000BF0420D4F88010884203D000BF00BFD9
:10DDF0007C48A5E700BF00BFE068012808DB64227B
:10DE000001212046FFF790FE050005D0284697E740
:10DE100000BF00BF744893E717E0606F152803D177
:10DE200000BF00BF72488BE7606F172803D000BFA8
:10DE300000BF6C4884E7E06E20676068102803D15B
:10DE400000212046FEF7F2FD00BF206F00288BD096
:10DE5000A06F404501D9404600E0A06F064632461B
:10DE60003846216F06F0CCFEA06F801BA067A06F24
:10DE700020B900202067C4F8880002E0206F3044F9
:10DE8000206700BF00BF30465AE72DE9F041044645
:10DE900088461546204601F059FB06463746002EB7
:10DEA00004DA00BF00BF3046BDE8F081BD4200D9B2
:10DEB0003D46D4F8AC0040B12046FFF782FA060098
:10DEC00019D000BF00BF3046EEE704F1A004A56002
:10DED0004FF01700606054F8A0092A46414606F04A
:10DEE0008FFE01212046FFF7B7FA060003D000BFDE
:10DEF00000BF3046D8E72846D6E72DE9F041044672
:10DF00000D4616466FF06D0700BF00BF0CB12068CC
:10DF100010B93648BDE8F0816068102808D0204666
:10DF200001F03EFD070003D000BF00BF3846F1E717
:10DF3000324629462046FFF7A8FF074600BF00BF2C
:10DF40003846E7E770B504466FF06D050CB1206800
:10DF500008B9264870BD00BF00BFD4F8AC0018B1A6
:10DF60002046FFF72EFAF5E7606810280AD1002254
:10DF700001212046FFF7D8FD050003D000BF00BFF8
:10DF80002846E7E700BF00BF0020E3E710B50446DE
:10DF900004B910BD04F14C00F3F740F904F18C0012
:10DFA000F3F73CF904F13400F4F7DEFF04F140002C
:10DFB000F4F7DAFFD0212046F7F72CF900BFE8E7A5
:10DFC000014600BF00BF086808B900207047086814
:10DFD0004078FBE70146D1F89420D1F89C00801AE4
:10DFE000704700000089FFFF0094FFFF008FFFFFD4
:10DFF0000097FFFF0146887A0B280FD2DFE800F078
:10E000000E06080A0C0E0E070E090B0000BF00BF1B
:10E0100000BF00BF00BF00BF012070470020FCE729
:10E0200001704170704710B50446206E38B1206E03
:10E0300006F067F90020206684F86800606610BD6D
:10E0400010B5044604B910BD2046FFF7ECFF70215F
:10E050002046F7F7DFF800BFF5E770B505460C4638
:10E060002846FFF7EDFF70222146284606F04FFEB6
:10E07000206E98B10120616E06F000F92866286EC6
:10E0800008B9F84870BDD4E91812286E06F0B8FD3A
:10E0900094F8680085F86800606E68660020F1E713
:10E0A0002DE9FF4F97B09946DDF89CB0DDF894A0BC
:10E0B000002015906FF06D00009001A8F4F74FFF5D
:10E0C0001798F4F7F3FE049018B9E7481BB0BDE8C1
:10E0D000F08F0498F5F746FA0446484606F01AFD14
:10E0E0002044504415900120159906F0C7F80546C4
:10E0F00015B9DC4800905CE0484606F00BFD074689
:10E1000028193A46494606F07BFD2919C819524696
:10E11000249906F075FD5744012201A80499F4F7EB
:10E1200091FF009000B144E001A8DDE91812F5F775
:10E13000E7F829193A4601A8F5F74BF9294601A84D
:10E14000F5F758F9002631E001A8F5F78DF9E21945
:10E15000294601A8F5F73DF905A901A8F5F74AF9FF
:10E1600001A8F5F781F92246294601A8F5F731F90A
:10E17000294601A8F5F73EF93019584504D9BBFBEB
:10E18000F4F004FB10B000E0204616904FF00008B9
:10E1900008E005A810F8081006EB0802269881543C
:10E1A00008F1010816988045F3D326445E45CBD389
:10E1B00000BF01A8F4F7D8FE28461599F7F72AF80A
:10E1C000402105A8F7F726F8284606F09AF80098A7
:10E1D0007CE72DE9FF4704460D4616461F46DDE95C
:10E1E0000D9ADDF8308033462A46214606208DE818
:10E1F0008007FFF755FF04B0BDE8F0872DE9FF4722
:10E2000004460D4616461F46DDE90D9ADDF83080BE
:10E2100033462A46214607208DE88007FFF740FF56
:10E2200004B0BDE8F0872DE9FE4F04460D461646C2
:10E230001F46DDE90E9ADDF834804FF0000B032C09
:10E2400002D0042C06D102E0DFF820B205E0DFF8AE
:10E2500020B202E08748BDE8FE8F00BF8DE80007CE
:10E260003A46314628460C9BD847F4E72DE9FF4F44
:10E27000C9B00446579F0020489000265990C4F822
:10E28000CC704A98FDF73EFC8246BAF1000F06D1E9
:10E2900000BF00BF774880384DB0BDE8F08F9AF8D6
:10E2A0000800F2F775FF054625B900BF00BF7148A9
:10E2B0008038F1E79AF80900F4F7F8FD8346BBF1DE
:10E2C000000F04D100BF00BF6A488038E4E74FF474
:10E2D000807008A94022CDE90021029066A2302179
:10E2E000DDF830C1569B4B98E0474890489818B1EC
:10E2F00000BF00BF4898CFE700BF00BF00BF00BF0E
:10E3000000BF00BF00BF00BF68684FEAD00968784F
:10E31000062805D06878082802D068780A281CD119
:10E320000021E16000269AF81C1011F0020F01D0C4
:10E33000082100E0102121610C21616069780A291F
:10E3400002D10C21A16001E00421A160D4E90112F5
:10E35000881A21690144216042E06878072802D0C8
:10E360006878022838D10122594604F13400F4F7C4
:10E3700069FE489038B90122594604F14000F4F78B
:10E3800061FE489010B100BF00BFC1E05846F5F7EC
:10E39000E9F80646E660E86860606878072802D118
:10E3A000E06820601CE0E0686969B0FBF1F201FB05
:10E3B0001200E1686A691144081A2060022F01D036
:10E3C000032F04D1D4E900010844206008E000BF15
:10E3D00000BF254848909BE000BF00BF22485BE794
:10E3E00000BF00BF589818BB08A800EB4600079074
:10E3F00008A800EB460000EB090808A80690304486
:10E400000590A06808B1A06800E06068049008EB7F
:10E41000090104F11400049A06F0F2FB08EB09026A
:10E4200004981118024604F1240006F0E9FB04E008
:10E4300000BF00BF0C4848906AE0012F0DDB1EB3FF
:10E44000324604F134000699F4F75AFF324604F1DB
:10E4500040000599F4F754FF16E000BF00BF0248E2
:10E46000489055E00081FFFF0094FFFFFDE10100AF
:10E47000D3E10100808FFFFF6B65792065787061C3
:10E480006E73696F6E000000294604F14C00F2F7CC
:10E49000F6FE489010B100BF00BF39E0294604F1F4
:10E4A0008C00F2F7ECFE489010B100BF00BF2FE0E7
:10E4B00001236A6804F14C000799F2F7FBFE4890CB
:10E4C00010B100BF00BF23E00023414604F18C00DF
:10E4D0006A68F2F7EFFE489010B100BF00BF17E086
:10E4E0006878022813D1042104F14C00F2F7AFFE42
:10E4F000489010B100BF00BF0AE0042104F18C0075
:10E50000F2F7A5FE489010B100BF00BF00E000BFC9
:10E510004FF4807108A8F6F77DFE4898BCE62DE917
:10E52000F043A7B004460D4616464FF00C08676B43
:10E5300007B9276B0EB9FAA000E0FDA0814604A838
:10E54000FAF746FA00BF00BFA06B00F1100104A863
:10E55000FAF751FA00BF00BF1FA904A8FBF719FA88
:10E5600004A8FAF73EFA20208DE82101A06B1FAB2A
:10E570004A463021D0F864C107F13000E04700BFBF
:10E5800000BF20211FA8F6F745FE00BF00BF27B03F
:10E59000BDE8F08370B59CB004460E46154601A850
:10E5A000FAF716FA00BF00BFA06B00F1100101A836
:10E5B000FAF721FA314601A8FBF7EBF92020286091
:10E5C00000BF00BF00BF00BF01A8FAF70AFA1CB0E5
:10E5D00070BD2DE9F043C7B004460D4616464FF016
:10E5E0000C08676B07B9276B0EB9CDA000E0D0A06F
:10E5F000814604A8FBF7E8FA00BF00BFA06B00F15A
:10E60000800104A8FBF7F3FA00BF00BF3AA904A8F1
:10E61000FCF7D7FD04A8FBF7E0FA30208DE82101D4
:10E62000A06B3AAB4A463021D0F864C107F1300004
:10E63000E04700BF00BF30213AA8F6F7EBFD00BF6E
:10E6400000BF47B0BDE8F08370B5B6B004460E46D3
:10E6500015466846FBF7B8FA00BF00BFA06B00F193
:10E6600080016846FBF7C3FA31466846FCF7A9FD0E
:10E670003020286000BF00BF00BF00BF6846FBF726
:10E68000ACFA36B070BD034603290BD1072A09D175
:10E69000AB48C3F86401AB48C3F85C01AA48C3F8AF
:10E6A00060010DE0032909D1A848C3F86401A84816
:10E6B000C3F85C01A748C3F8600101E0A6487047B1
:10E6C0000020FCE72DE9FE4F04460D4617466FF08B
:10E6D0006D064FF0300B0FF2842804F5B8794FF037
:10E6E000400A0027D4F8E00120B100BF00BF00209D
:10E6F000BDE8FE8F3020CDE900A502904B46424692
:10E7000004F5D870D4F864C1D4F86C11E04706461B
:10E710001EB100BF00BF3046EAE700BF00BF302196
:10E7200004F5D870F6F776FD0020E1E7F0B591B07A
:10E7300004466FF06D05A06BD0F8686100BF00BFA4
:10E74000727AE168A06BFFF79EFF054625B100BF16
:10E7500000BF284611B0F0BD626B02F130012246C5
:10E76000A06BFFF7AFFF05461DB100BF00BF2846F5
:10E77000F0E7A06B00F5B871402201A806F0C7FAD7
:10E78000A16B01F5B870202209A906F0C0FAA16BAF
:10E7900001F5C870202201A906F0B9FA402101A8AC
:10E7A000F6F738FD2068006DC0F30000A26B02F59B
:10E7B000B872E168CDE90204CDE90021A76BD7F872
:10E7C0006431676B07F130027968A06CFFF74EFD8A
:10E7D00005461DB100BF00BF2846BBE7A16B01F590
:10E7E000B8704021F6F716FD00BF00BF0020B1E76A
:10E7F0002DE9F0470446DFF87481A06BD0F86891EA
:10E8000000BF00BF4846FFF7F5FB38B900BF00BFA7
:10E810006068401C60600020BDE8F0872068006DE3
:10E82000C0F3000048B9D4F8B80030B900BF00BF49
:10E830006068401C60600020EEE700BF00BF072555
:10E8400000BFA16B29B1A16B496811B1A16B4868E8
:10E8500001E02168886B08B9002100E001680F46DB
:10E8600021E0BE6843F6FD70401BB04203D200BFFA
:10E8700000BF3F48D0E7C6F3074054F8A01F4855F3
:10E88000C6F30721681C22681154A81C226816547C
:10E89000ED1CF96854F8A0295019324606F0B0F979
:10E8A0003544D7F85071002FDBD1E81F000C54F825
:10E8B000A01F0871E81F000A21684871E81F21683D
:10E8C0008871A560162060600B202168087054F8DC
:10E8D0009C0C401C44F89C0CA4F1A0042046FEF7BC
:10E8E0008BFE5FEA000803D000BF00BF404693E7FD
:10E8F00000BF00BF40468FE72DE9F0470446884639
:10E900006FF06D09606F162836D000BF00BF0A2275
:10E9100002212046FFF708F91648BDE8F0870000FD
:10E92000636C69656E742066696E697368656400FE
:10E930007365727665722066696E697368656400D6
:10E94000FDE1010049E60100D3E50100D3E101004A
:10E9500095E501001FE501000094FFFF6D617374F0
:10E96000657220736563726574000000808FFFFF1D
:10E97000008BFFFF0089FFFFE06E00780B2806D1B7
:10E9800000BF0420801DD4F88010884209D900BF40
:10E9900000BF322202212046FFF7C6F8F848BDE842
:10E9A000F08700BF042500BFA81CE16E095C681C4D
:10E9B000E26E105C41EA0026E06E405D38B900BFAF
:10E9C0000421F01C0844D4F88010884208D000BF0D
:10E9D00000BF322202212046FFF7A6F8E848DEE712
:10E9E000ED1C5AE0E81CD4F88010814208D200BF28
:10E9F00000BF322202212046FFF796F8E048CEE71A
:10EA0000E06E405D40B100BF00BF322202212046CF
:10EA1000FFF78AF8DA48C2E7A81CE16E095C681CB7
:10EA2000E26E105C41EA0026ED1C802E04D3A8198A
:10EA3000D4F88010884208D900BF00BF32220221DA
:10EA40002046FFF771F8CE48A9E7E06E411932463B
:10EA5000404602F08BFD814619F5225F0CD042F250
:10EA60002E6019EB000006D0AE2807D0A0F5185094
:10EA70002E3805D100BF0EE0502703E02B2701E020
:10EA80002A2700BF3A4602212046FFF74DF800BF73
:10EA900000BF484683E700BF3544D4F88000A84251
:10EAA000A0D800BF00BF002079E770B504460E462D
:10EAB000A06BD0F868512846FFF79CFA08B90120EE
:10EAC00070BD0020FCE730B50446002030BD2DE9C4
:10EAD000F04F89B004460F4692469B460026A06B35
:10EAE000D0F8680108900020079017B909B0BDE878
:10EAF000F08F206930B100BF00BFD4F81080D4F887
:10EB0000149007E000BF00BF2068D0F82C80206878
:10EB1000D0F830902068C56B2068006C06900DB16D
:10EB200001200790606B6C3001A9A1E8010BD4F8BB
:10EB3000BC0000902068436B29465046069A03F0BB
:10EB4000F4FF06460EB100BF00BF606B00F16C031E
:10EB50002068006DC0F3000080F001025046089963
:10EB6000FFF7B1FF18B100BF00BF06B9844E012FF7
:10EB700006D116F51C5F02D016F5F44F00D1002621
:10EB8000079820B9022F02D100BF00BF7D4E002E92
:10EB90004CD0606BC06E10F4807F01D031253FE017
:10EBA000606BC06E10F0040F01D02A2538E0606B56
:10EBB000C06E10F4006F01D02B2531E0606BC06E89
:10EBC00010F4805F01D02B252AE0606BC06E10F43A
:10EBD000005F01D02B2523E0606BC06E10F4004F66
:10EBE00001D02B251CE0606BC06E10F4803F01D07B
:10EBF0002B2515E0606BC06E10F0010F01D02D25A4
:10EC00000EE0606BC06E10F0020F01D02C2507E003
:10EC1000606BC06E10F0080F01D0302500E02E258B
:10EC20002A4602212046FEF77FFF00BF30465DE7FF
:10EC30002DE9F04104460D4616466FF06D07202180
:10EC4000012005F01BFB616B0866606B006E48B924
:10EC500000BF00BF502202212046FEF765FF4A4850
:10EC6000BDE8F0810620F4F721F98046606B32465A
:10EC70002946036E4046F4F7DDFA07460620616B2D
:10EC800081F868002020616B48663846E8E7F7B5F0
:10EC900004461546019846196FF06D07A16B01F106
:10ECA0000800F5F721FDA06B00F10802314601A82C
:10ECB000F6F752F807460FB13448FEBD0020FCE7D6
:10ECC0002DE9FC5F064600253068006DC0F3810821
:10ECD00000200190002400BF00BF41463046FFF7EE
:10ECE000E4FE0746012F02D100BF00BF5BE0012117
:10ECF0003046FEF7D3FE050002D000BF00BF52E051
:10ED0000706BFFF790F94FF4AA71012005F0B6FA85
:10ED1000044644B900BF00BF502202213046FEF72E
:10ED200003FF194D3FE0204602F0CAFB2146304662
:10ED3000FFF7E2FD054605B135E022464146304683
:10ED4000019BFFF7C4FE054605B12CE0E06800908A
:10ED5000D4F808A0C82050F80490C42050F804B09B
:10ED6000204602F090F9204605F0CBFA00245246E6
:10ED700030460099FFF75CFF05464DB113E00000F7
:10ED80000086FFFF8089FFFF0081FFFF0094FFFFE7
:10ED90005A4649463046FFF77AFF054605B102E07C
:10EDA00000BF00BF00BF15B97068401C70602CB177
:10EDB000204602F068F9204605F0A3FA2846BDE88F
:10EDC000FC9F70B504460D461646A16B01F110007C
:10EDD00032462946FAF784FD70BD70B504460D46EB
:10EDE0001646A16B01F1800032462946FCF786F9F0
:10EDF00070BD4A7A072A04D1FE4A836BC3F85821B2
:10EE00000AE04A7A072A04D0FB4A836BC3F85821E8
:10EE100002E000BF00BF704700BFFCE710B504462A
:10EE2000A16B01F110000021F9F7F2FDA16B01F1D6
:10EE300080000121FAF7E8FE10BD70B504460D46CA
:10EE40001646A16B01F1100032462946FAF748FD3B
:10EE5000A16B01F1800032462946FCF74FF970BDE5
:10EE600070B50546AC6B04B970BD04F11000F9F73C
:10EE7000B8FD04F18000FAF7B0FE04F10800F5F7E0
:10EE800039FC4FF4F8712046F6F7C4F900BFEBE700
:10EE900010B5044600BF00BF2046FFF7E1FFA06B9E
:10EEA00005F02FFA0020A063606C28B1606CFFF7BA
:10EEB0006DF8606C05F025FAA06C60640020A06419
:10EEC00000BF00BF10BD70B50446A06BD0F8E05184
:10EED00000BF00BF206B28B1206BFFF7B1F8206B9B
:10EEE00005F00FFA606B2063002060632068406AC1
:10EEF00058B1206BC06840B13DB92368216BD3E99C
:10EF00000920904708B100BF00BF2046FFF7C0FFAF
:10EF10006068401C606000BF00BF70BD70B50446F3
:10EF200000BF00BF2046A16CFEF72CFA2068006DE0
:10EF3000C0F30002D4F8A000011DA06BD0F860312E
:10EF400020469847E06808B9242000E00C200546D8
:10EF5000281D04F1380420674FF01600E0664FF0DA
:10EF60001400A16E087054F83809D0F8E00138B1E7
:10EF70002068006DC0F3000028B90F20606002E037
:10EF80006068401C606000BF00BF04F18000002189
:10EF900001634163A06C2064606BE0622046FEF771
:10EFA0002BFB060003D000BF00BF304670BD00BF82
:10EFB00000BF0020FAE72DE9FE4F04466FF06D0711
:10EFC00000BF00BF2068006DC0F3000080F00102A8
:10EFD000A06B6946D0F86031204698470121204651
:10EFE000FEF75CFD070004D000BF00BF3846BDE857
:10EFF000FE8F606F162808D000BF00BF0A220221D2
:10F000002046FEF791FD7D48F1E70C25E06E007883
:10F01000142806D100BF04202844D4F88010884268
:10F0200008D000BF00BF322202212046FEF77CFD3F
:10F030007348DCE700BF0420E66E81196A462B4660
:10F040008C4690460026002008E01CF8009018F836
:10F0500000A089EA0A0B4BEA0606401C9842F4D34A
:10F0600046B100BF00BF322202212046FEF75CFD00
:10F070006348BCE7A06BD0F8E00138B12068006DB0
:10F08000C0F3000028B90A20606002E06068401CFC
:10F09000606000BF00BF0020A9E710B504464FF430
:10F0A000F871204605F09AFE04F11000F9F790FC83
:10F0B000002104F11000F9F7ABFC04F18000FAF72D
:10F0C00083FD012104F18000FAF79EFD4D48C4F84C
:10F0D000580100BF00212046FEF7A2FF00BF04F147
:10F0E0000800F5F701FB10BD10B50446D0212046FD
:10F0F00005F074FE04F14C00F2F787F804F18C007F
:10F10000F2F783F804F13400F3F729FF04F140002B
:10F11000F3F725FF10BD10B504467021204605F019
:10F120005DFE10BD10B50446A06C10B1A06CFEF7DA
:10F130002DFF606B10B1606BFEF782FFA06B10B10A
:10F140002046FFF78DFEA06C20B9D021012005F0EC
:10F1500095F8A064606B20B97021012005F08EF84D
:10F160006063A06B28B94FF4F871012005F086F8B0
:10F17000A063A06B18B1A06C08B1606B88B900BF28
:10F1800000BFA06B05F0BDF8A06C05F0BAF8606B8D
:10F1900005F0B7F80020A063A064606318488038C9
:10F1A00010BD606BFFF7B7FFA06CFFF79DFFA06B72
:10F1B000FFF773FF0020F3E710B50446C421204693
:10F1C00005F00CFE10BD2DE9F04104460D466FF030
:10F1D0006D0644F24D17B84625600020C4F88C0037
:10F1E0003946012005F04AF8A065A06D78B900BF46
:10F1F00000BF09E0DBED0100C3ED01000089FFFF66
:10F200008081FFFF3BEE0100FE4E803E19E041464B
:10F21000012005F033F8C4F88C00D4F88C0020B934
:10F2200000BF00BFF74E803E0BE02046FEF70BFD0F
:10F230002046FFF777FF060000D002E00020BDE87F
:10F24000F08154F8580F05F05CF8606B05F059F840
:10F25000002044F8580C20606063A0606060E060AB
:10F2600020616061E063A06320646064A064A4F135
:10F2700058043046E3E72DE9F041044688466FF034
:10F280006D0544F24D16374600206060002120468F
:10F29000FDF7CCFB0020C4F8C00020672046FEF735
:10F2A000D2FC002044F8740F6060E060206160616F
:10F2B00020636063A063A4F1740404F180004FF044
:10F2C0000001016341630846E0632064A062E062DC
:10F2D0003946D4F88C0005F05FFD0020E067314628
:10F2E000A06D05F059FD606C38B1606CFEF74EFE04
:10F2F000606C05F006F800206064206B38B1206B6C
:10F30000FEF79EFE206B04F0FCFF002020632046E9
:10F31000FFF708FF050002D02846BDE8F081002075
:10F32000FBE710B5044600212046FFF7A4FF10BDFF
:10F33000026D61F3000202657047026D61F34102E4
:10F3400002657047026D61F3830202657047C16216
:10F35000026370478161C261704701614261704719
:10F3600010B5029C41628261C361046210BD816478
:10F3700070472DE9F04104460F4615461E46E764E6
:10F380002565666500212046FDF750FBBDE8F0814C
:10F3900070B504460D466FF06D063CB135B1606B3B
:10F3A00020B12068006DC0F3000008B1964870BD20
:10F3B0002946606BFEF751FE060001D03046F6E7A5
:10F3C0000120A16BC1F8E0010020F0E7016041607D
:10F3D0008160C1607047032A00D07047002B01DBB9
:10F3E000032B00DDF9E740F8231000BFF5E7416388
:10F3F00070472DE9F04105460E4617460C210120C5
:10F4000004F03CFF04461CB97E488038BDE8F0811A
:10F41000266067600020A060286808B92C6007E0BB
:10F42000286800E0806881680029FBD1846000BF03
:10F430000020EBE770B504460D46164632462946D5
:10F4400004F13800FFF7D5FF70BDC1630264704757
:10F45000016142617047416470472DE9F041044603
:10F460000D46002645B1284605F054FB0646FF2E02
:10F4700002D96548BDE8F081D4F8BC0060B154F809
:10F48000BC0F05F047FB074639462068F5F7C2FE7A
:10F4900054F8BC0904F035FF1DB90020C4F8BC00C5
:10F4A00015E0711C012004F0E9FEC4F8BC00D4F89A
:10F4B000BC0010B953488038DCE732462946D4F8FE
:10F4C000BC0005F09DFB0020D4F8BC10885500203E
:10F4D000D0E780F84C1080F84D20704780F84E102F
:10F4E00080F84F207047026D61F305120265704786
:10F4F0000146086B10B1086BC06E7047486B10B1C5
:10F50000486BC06EF9E74FF0FF30F6E710B50446E0
:10F510000CB1206B08B9002010BD216B4868FCF7C6
:10F52000FFFAF9E70146C86830B1012806D0022881
:10F5300006D0032808D105E034A0704735A0FCE7C9
:10F5400036A0FAE737A0F8E738A0F6E701464FF40F
:10F5500080407047014609B1086B08B90020704728
:10F560000020FCE770B504460D463CB135B1206B78
:10F5700020B12068006DC0F3000008B1224870BDC2
:10F580002846216BFEF769FDF9E7014609B900201D
:10F590007047086BFCE72DE9FF4F8BB00D9C0020F6
:10F5A00002900C9860B90298401D02900E99029842
:10F5B000884205D81F480168216000792071641DC8
:10F5C0000298083002900E99029888426ED80B98E3
:10F5D00005680020CDE900503822DDE9005009908F
:10F5E0002846099904F03EFF04F8010B3022DDE9BA
:10F5F00000502E4608903046089904F033FF04F876
:10F60000010B19E08081FFFF008FFFFF53534C7601
:10F61000332E3000544C5376312E3000544C5376F8
:10F62000312E3100544C5376312E3200756E6B6E94
:10F630006F776E00F40100202822DDE900502F468C
:10F6400007903846079904F00DFF04F8010B2022BB
:10F65000DDE90050A84606904046069904F002FFF6
:10F6600004F8010B1822DDE90050A9460590484630
:10F67000059904F0F7FE04F8010B1022DDE90050B3
:10F68000AA4604905046049904F0ECFE04F8010BDD
:10F690000822DDE90050AB4603905846039904F078
:10F6A000E1FE04F8010B009D04F8015B029858305C
:10F6B00002900E990298884231D80B984068000A4F
:10F6C00004F8010B0B98406804F8010B0B98806854
:10F6D00004F8010B0B98C06804F8010B20220B9969
:10F6E0001031204605F08CFA203430220B9930314D
:10F6F000204605F085FA30340B98C06E000E04F8F1
:10F70000010B0B98C06E000C04F8010B0B98C06E37
:10F71000000A04F8010B0B98C06E04F8010B0B985B
:10F72000006EE0B10B98406E801C02990844029074
:10F730000E99029888421ED80B9890F8680004F839
:10F74000010B0B98406E04F8010B0B98D0E91812CE
:10F75000204605F055FA0B98406E04440BE00298E1
:10F76000801C02900E990298884204D8002004F868
:10F77000010B04F8010B1899029808600E99029881
:10F78000884203D9F7480FB0BDE8F08F0020FAE7B0
:10F79000F8B507460C4615461E462B462246002164
:10F7A00038460096FFF7F7FEF8BD2DE9FF4F8DB004
:10F7B00007460F9EDDE90F6006EB00080E9880B942
:10F7C000A8EB0600052803D2E74811B0BDE8F08F8A
:10F7D0000522E649304605F04DF908B1E448F4E762
:10F7E000761DA8EB0600082801D2DF48EDE796F861
:10F7F0000090002038220C9048460C9904F01FFE1F
:10F8000004460D4696F801A04FF000004FF030027C
:10F810000B9050460B9904F012FE044396F802B088
:10F82000002028220A9058460A9904F008FE044352
:10F83000F07800212022CDE9081004F000FE0443F6
:10F84000307900211822CDE9061004F0F8FD0443B8
:10F85000707900211022CDE9041004F0F0FD04437A
:10F86000B07900210822CDE9021004F0E8FD204320
:10F87000F17908430090083600983860A8EB06003C
:10F88000582801D2B848A0E77078317840EA0120C2
:10F890007860B61C16F8010BB86016F8010BF8601A
:10F8A0002022314607F1100005F0AAF92036302257
:10F8B000314607F1300005F0A3F930363078000604
:10F8C000717840EA0140B17840EA0120F1780843BC
:10F8D000F866361D00203866A8EB0600022801D223
:10F8E000A14872E716F8010B87F8680016F8010BBB
:10F8F0007866786E38B397F86800F3F7D7FA04465D
:10F900000CB9994861E72046F3F72CFE796E8842DE
:10F9100001D0954859E7A8EB0601786E884201D9D5
:10F92000914852E70120796E04F0A8FC3866386EE1
:10F9300008B9904849E73146D7E9180205F060F95F
:10F94000786E064400BF464501D087483DE7002059
:10F950003BE72DE9F04107460C4615462B4622466B
:10F9600000213846FFF721FF064616B13846FEF75C
:10F9700067FB3046BDE8F08170B504467A4D8035AE
:10F980000CB1206808B9784870BD2068006DC0F3DC
:10F99000000018B92046FCF7D2FF05462846F3E7D9
:10F9A00070B5044600250CB1206808B96E4870BDDA
:10F9B00000BF00BF05E02046FFF7DEFF054605B1AA
:10F9C00002E060681028F6D100BF00BF00BF2846E3
:10F9D000EDE770B505462C4604E0A668204604F025
:10F9E00090FC3446002CF8D170BD70B5044604B9C3
:10F9F00070BD00BF00BFD4F88C0068B144F24D1553
:10FA000054F88C0F2946F5F705FC206804F079FCC2
:10FA1000002044F88C0900BFA06D58B144F24D1588
:10FA20002946A06DF5F7F6FBA06D04F06AFC0020F6
:10FA3000A06500BF606C28B1606CFEF7A7FA606C2F
:10FA400004F05FFCA06B88B12046FFF709FAA06CB8
:10FA5000FEF79CFA606BFEF7F3FAA06B04F051FC22
:10FA6000A06C04F04EFC606B04F04BFC206B28B1E2
:10FA7000206BFEF7E5FA206B04F043FCD4F8BC00E1
:10FA800060B154F8BC0F05F045F8054629462068DA
:10FA9000F5F7C0FB54F8BC0904F033FC00BF00BF0D
:10FAA000C4212046F5F7B6FB00BFA1E710B5044618
:10FAB0005421204605F092F910BD2DE9F04104468D
:10FAC0000D4616461F4629462046FFF731FC3146B3
:10FAD0002046FFF732FC25B9206D20F00C000830DD
:10FAE0002065022F12D1032084F84E0084F84F00C5
:10FAF00084F84C0084F84D001F48E060A06060600E
:10FB000020601E4860631E48606413E0032084F890
:10FB10004E0084F84F0084F84C0084F84D00FBF749
:10FB2000DBFFE060A06060602060164860631648FC
:10FB3000606400BF00BF0020BDE8F08110B504463E
:10FB4000A06BFFF746FF54212046F5F763FB10BD7D
:10FB500010B5044601212046F4F7F6FDB0B10120AE
:10FB600010BD00000096FFFF008FFFFFF401002092
:10FB700000A1FFFF0081FFFF10020020C8B10200BA
:10FB80001C020020A8B10200FC0100200020E7E7D1
:10FB90000146012904D0022905D0042905D101E03C
:10FBA0000120704700BF0320FBE70020F9E7014672
:10FBB000012900D170470020FCE70246012902D04C
:10FBC000042904D101E0107870475078FCE7002048
:10FBD000FAE7012902D0042908D103E0037803B928
:10FBE000027004E0437803B9427000E000BF00BF38
:10FBF00070470146072911D2DFE801F0100406081A
:10FC00000A0C0E00032070470420FCE70520FAE7E9
:10FC10000620F8E70720F6E70820F4E70020F2E7DF
:10FC20000146C81E062810D2DFE800F003050709C8
:10FC30000B0D012070470220FCE70320FAE70420A7
:10FC4000F8E70520F6E70620F4E70020F2E7024691
:10FC50000B461068406C10B94FF0FF3070471068C9
:10FC6000416C05E00868984201D10020F6E7091DC3
:10FC700008680028F6D1401EF0E70246D068032845
:10FC800001D034487047042906D0052909D13248EB
:10FC9000936BC3F85C0106E03048936BC3F85C01DA
:10FCA00001E02C48EEE700BF0020EBE72DE9FE4F16
:10FCB0000446884615461E46DDE90C9A0027504644
:10FCC000F3F7F4F883465846F3F74CFC286000BF7E
:10FCD00000BF6846F3F743F9002259466846F3F738
:10FCE000B1F9070002D000BF00BF27E06846F3F774
:10FCF00019FA070002D000BF00BF1FE0A06B00F59B
:10FD0000B87140226846F3F73CFA070002D000BF02
:10FD100000BF13E04A4631466846F3F732FA07005F
:10FD200002D000BF00BF09E041466846F3F758FA29
:10FD3000070002D000BF00BF00E000BF6846F3F735
:10FD400013F927B1502202212046FDF7EDFE384677
:10FD5000BDE8FE8F009AFFFF49E6010095E501002E
:10FD60002DE9F04104460E4615466FF06D072068F8
:10FD7000301A012802DAFC48BDE8F08120680078DA
:10FD8000822806D020680078022802D0F648801E1B
:10FD9000F2E72168481C2060087828602A1D314657
:10FDA0002046EDF70BFE070002D0A7F50A50E3E767
:10FDB0002068A86020686968084420600020DBE7AC
:10FDC0002DE9F04104460D4616466FF06D073246A8
:10FDD00029462046EEF77DF8070003D0A7F50C5022
:10FDE000BDE8F0810020FBE72DE9F04104460D4617
:10FDF00016461F466FF06D083B46324629462046A0
:10FE0000EEF70EF85FEA000803D0A8F50C50BDE845
:10FE1000F0810020FBE72DE9F843044688461546AB
:10FE20006FF06D0930236A4641462046EDF745FEE6
:10FE30005FEA000903D0A9F50E50BDE8F8832068F9
:10FE4000009900EB01082068A8EB0000012801DA06
:10FE5000C648F2E72E462068007830600623321D3F
:10FE600041462046EDF729FE5FEA000902D0A9F5D8
:10FE70000E50E2E72068B060206871680844206096
:10FE80002068A8EB0000012801DAB848D5E720680F
:10FE900000781E281AD0206800780C2816D0206818
:10FEA0000078142812D02068007813280ED020681B
:10FEB000007816280AD0206800781C2806D0206810
:10FEC0000078032802D0A948801EB6E705F10C0788
:10FED0002168481C2060087838603A1D4146204659
:10FEE000EDF76CFD5FEA000902D0A9F50E50A4E71A
:10FEF0002068B86020687968084420602068404520
:10FF000002D09A48801F98E70020A86100BF94E7BC
:10FF10002DE9F84305460F4614466FF06D083AE0A8
:10FF200031236A4639462846EDF7C7FD5FEA0008E7
:10FF300003D0A8F50E50BDE8F8832868009946184C
:10FF400018E0224631462846FFF765FF5FEA0008C1
:10FF500001D04046EFE72868B04200D10BE0012015
:10FF60002077202104F08AF9A061A06908B98048AF
:10FF7000E1E7A469E5E700BF2868B84201D10020A5
:10FF8000D9E72021012004F079F9A061A06908B91E
:10FF90007748D0E7A469C3E710B503460020106096
:10FFA00018E018680078302803DB186800783928D2
:10FFB00002DD6E48203810BD106800EB8000400064
:10FFC00010601C68601C1860207830381468204469
:10FFD0001060491E0029E4D10020ECE770B501460D
:10FFE000624B203B00BF0868002804DB42F20F741C
:10FFF0000868A04201DD184670BD00BF00BFC86898
:020000040002F8
:10000000002802DBC868172801DD1846F4E700BFA6
:1000100000BF0869002802DB08693B2801DD18469B
:10002000EAE700BF00BF4869002802DB48693B28B7
:1000300001DD1846E0E700BF48680D2830D2DFE850
:1000400000F02F0714080F09100A0B110C120D00F5
:1000500000BF00BF00BF00BF00BF00BF1F2221E0E4
:1000600000BF00BF00BF1E221CE00868C41700EBE1
:100070009474A410B0EB840406D164250C6894FB3E
:10008000F5F605FB16443CB94FF4C8750C6894FBB3
:10009000F5F605FB16440CB91D2200E01C2201E018
:1000A0001846A9E700BF00BF8868012802DB8868FE
:1000B000904201DD18469FE700BF00209CE72DE934
:1000C000F04107460D4616461C466FF06D0806F1D6
:1000D0000800854203D225482038BDE8F08106F1AA
:1000E00008002D1A224631463846FFF755FF5FEAD1
:1000F000000801D04046F0E7022E09D120683228DE
:1001000002DA206864302060206800F26C702060A1
:10011000221D02213846FFF73FFF5FEA000801D0A9
:100120004046DAE704F1080202213846FFF734FFBF
:100130005FEA000801D04046CFE704F10C0202213B
:100140003846FFF729FF5FEA000801D04046C4E7C0
:1001500004F1100202213846FFF71EFF5FEA000893
:1001600008D04046B9E7000020DDFFFF20DCFFFF9C
:1001700080D7FFFF022D0CD304F114020221384670
:10018000FFF70AFF5FEA000801D04046A5E7AD1E71
:1001900001E0F748A1E7012D07D1386800785A2817
:1001A00003D13868401C38606D1E0DB1F04894E7EB
:1001B0002046FFF713FF5FEA000801D040468CE7B6
:1001C00000208AE72DE9F84304460F4690466FF079
:1001D0006D092068381A012803DAE5486038BDE85F
:1001E000F88320680678172E01D1022506E0182E24
:1001F00001D1042502E0DE486238F0E72068401CA7
:1002000020606A4639462046EDF7D8FB8146B9F1B1
:10021000000F02D0A9F51050E1E743462A462046D8
:100220000099FFF74CFFDAE72DE9F84304460E4644
:1002300015466FF06D082068301A012803DACC48A3
:10024000E038BDE8F883206807786A4631462046E2
:10025000EDF778FD5FEA000802D0A8F51250F0E74C
:100260002F60009868602068A860206800990844A2
:1002700020600020E5E72DE9F04707460C461546CB
:100280001E46DDF820806FF06D09D8F8000010B12F
:10029000B848BDE8F087324629463846F4F7A7F853
:1002A0005FEA000902D0A9F51850F2E72068052896
:1002B00001D0206808B9606808B1AF48E9E70020BC
:1002C000E7E72DE9F8430546884614461E466FF0D9
:1002D0006D0746F0A003221D41462846EDF7EDFBD1
:1002E00007461FB1A7F51450BDE8F88346F0A000FB
:1002F00020602868A0602868616800EB010830234E
:100300006A4641462846EDF7D8FB070002D0A7F51C
:100310001450E9E7286800990844404501D09748FF
:10032000E2E70020E0E72DE9F74FC2B08A469346A6
:100330006FF06D040020419040904FF4807168464A
:1003400004F04CFD5D46DDF8089156466BE0A86868
:1003500008B9AD6967E05D4516D0419808B188A03D
:1003600000E088A002463146484604F0BDF8044645
:1003700000BF002C01DBB44203D3834845B0BDE885
:10038000F08F361BA14400BF40A92846F3F774FF45
:1003900004463CB97DA231464846409B04F0A4F88F
:1003A000044605E07AA23146484604F09DF804462A
:1003B00000BF002C01DBB44201D37348DEE7361BDB
:1003C000A14400BF002712E0FF2F00D312E06869AC
:1003D00010F80780B8F1200F02DBB8F17F0F03DBC4
:1003E0003F200DF8070001E00DF807807F1C286909
:1003F000B842E9D800BF00200DF807006B4665A29F
:100400003146484604F070F8044600BF002C01DB7A
:10041000B44201D35C48B1E7361BA14400BF287F3A
:100420004190AD6900BF002D91D1AAEB0600A5E770
:100430002DE9F84F8346894616466FF06D04DA467B
:100440004F467068202801D8706800E01C20804664
:10045000002524E035B9B8F1010F03D9B068405D3B
:1004600000B91BE0A8F10100A84201D94AA000E0B0
:100470004AA00090B068435D49A23946504604F056
:1004800033F8044600BF002C01DBBC4202D33E48D7
:10049000BDE8F88F3F1BA24400BF00BF6D1C45455F
:1004A000D8D3706840450FD03FA23946504604F07B
:1004B0001BF8044600BF002C01DBBC4201D33248CC
:1004C000E6E73F1BA24400BFA9EB0700E0E72DE9E8
:1004D000F84F07460E469046DDE90AAB6FF06D0413
:1004E000B94635460020009069464046F3F770FF54
:1004F000044634B12EA22946484603F0F5FF0446CF
:1005000006E024A229464846009B03F0EDFF04467E
:1005100000BF002C01DBAC4202D31B48BDE8F88FC2
:100520002D1BA14400BF701BF8E72DE9F0470646DC
:100530000F469046B1463D466FF06D0443461DA2FE
:100540002946484603F0D0FF044600BF002C01DBDB
:10055000AC4202D30C48BDE8F0872D1BA14400BF7C
:100560000020F8E701460020704701460020704750
:1005700000DCFFFF00D8FFFF00DDFFFF9ADAFFFF7E
:10058000202B20002C20000080D6FFFF25733D008B
:100590003F3F3D00257300003A00000000000000CE
:1005A00025303258257300002E2E2E2E000000001C
:1005B0003F3F3F002573206B65792073697A6500A2
:1005C00010B5024611B94FF0FF3010BD4B1E01248B
:1005D0009C401068204201D00020F6E74FF0FF3029
:1005E000F3E710B5024611B94FF0FF3010BD4B1EB6
:1005F00001249C405068204201D00020F6E74FF0D3
:10060000FF30F3E770B504460D462846F4F713FAB9
:100610000646012E01D0062E0AD12846F4F7E0F94D
:10062000E168884201D3002070BD4FF0FF30FBE746
:100630004FF0FF30F8E7F0B504460D461646224667
:100640002F46002119E0505C17F801C080EA0C0326
:1006500003B911E0202B0CD1505C612802DB505C07
:100660007A2805DD505C412803DB505C5A2800DC09
:1006700002E04FF0FF30F0BD491CB142E3D300204F
:10068000F9E72DE9F04106460C460027304604F014
:1006900041FA80466068032807D3A06800782A28BA
:1006A00003D1A06840782E2803D04FF0FF30BDE87A
:1006B000F081002505E0705D2E2801D12F4602E073
:1006C0006D1C4545F7D300BF17B94FF0FF30EEE77B
:1006D000A8EB07016068401E814209D163685A1E79
:1006E000F119A368581CFFF7A6FF08B90020DEE740
:1006F0004FF0FF30DBE770B505460C4628682168EF
:1007000088420BD168686168884207D1D4E9012129
:10071000A86804F0AFF908B9002070BD28680C285B
:1007200002D02868132811D120680C2802D0206834
:1007300013280BD168686168884207D1D4E9012188
:10074000A868FFF778FF08B90020E6E74FF0FF3010
:10075000E3E770B505460C4628E005B114B94FF043
:10076000FF3070BD28682168884209D168686168D7
:10077000884205D1D4E90121A86804F07BF910B1C1
:100780004FF0FF30EDE704F10C0105F10C00FFF72D
:10079000B2FF10B14FF0FF30E3E7287F217F88429E
:1007A00002D04FF0FF30DCE7AD69A469002DD4D151
:1007B000002CD2D10020D4E7002107E0002240F82D
:1007C0003120521E00EBC1035A60491C0A29F5D39F
:1007D000002202657047F8B504460E4617466FF0D2
:1007E0006D05A0236A4631462046EDF766F90500FF
:1007F00007D015F1620001D13860F8BDA5F50650AB
:10080000FBE72068009946183A4631462046EDF746
:10081000E4F9050002D0A5F50850EEE72068B042E3
:1008200001D0FE48E9E70020E7E72DE9F843044658
:100830000D4690461E466FF06D0730236A462946E6
:100840002046EDF73AF9070003D0A7F51050BDE8B0
:10085000F883206800994518424629462046FFF74C
:10086000B1FC070001D03846F1E732462946204660
:10087000FFF7A8FC070001D03846E8E72068A84247
:1008800001D0E748E3E70020E1E72DE9F041044625
:100890000E4615461F466FF06D082068B04202D123
:1008A0000020BDE8F08120680078286047F0A003B0
:1008B0002A1D31462046EDF700F95FEA000806D010
:1008C00018F1620000D1ECE7A8F50650E9E72068CE
:1008D000A86020686968084420600020E1E72DE9ED
:1008E000F84306460F4690461C466FF06D05002003
:1008F000C8F80000206030236A4639463046EDF7DC
:10090000DCF8050003D0A5F51450BDE8F883306885
:10091000B84201D10020F8E7424639463046EDF7AB
:10092000E8F8050012D015F1620005D142463946BB
:100930003046EDF752F9054615B1A5F51450E4E738
:10094000D8F8000010B10120C8F800003068B842A3
:1009500001D10020D9E7224639463046EDF73DF96E
:10096000050002D0A5F51450CFE73068B84201D099
:10097000AC48CAE76FF000412068884202D1A9481C
:10098000801CC2E72068401C20600020BDE7FEB547
:1009900005460E4614466FF06D070020009001904A
:1009A00002906A4631462846EDF749F9070002D021
:1009B000A7F51450FEBD0098012802D09948801C6C
:1009C000F8E70298007820700020F3E72DE9FE4355
:1009D00006460F4615466FF06D0800200090019006
:1009E00002906A4639463046EDF729F95FEA000879
:1009F00003D0A8F51450BDE8FE83009810B98948CB
:100A0000801CF8E700202860002407E00298005DC1
:100A1000E1008840296808432860641C0098A042CF
:100A200001D9042CF2D30020E5E72DE9F041054679
:100A30000E4614466FF06D070623224631462846BF
:100A4000EDF7D2F9070003D0A7F51450BDE8F08107
:100A5000A06810B97348801CF8E70020F6E7F0B5ED
:100A600085B006460C460025B0680390706803996F
:100A70004718306800F0DF00802802D06A4805B0CF
:100A8000F0BD062304AA394603A8EDF716F80500C1
:100A900002D0A5F51450F2E70620009003980290CA
:100AA000049801900198082805D160A0DDE9012192
:100AB00003F0E0FF08B1012000E0002008B15E482B
:100AC000DDE7DDE903010844B84205D324212046CF
:100AD000F4F7A0FB5348D2E7DDE903010844039093
:100AE000A02304AA394603A8ECF7E7FF050002D0CB
:100AF000A5F51450C3E7302304AA394603A8ECF740
:100B0000DCFF050002D0A5F51450B8E7062304AABF
:100B1000394603A8ECF7D1FF050002D0A5F5145023
:100B2000ADE70620E0600399616104992161DDE988
:100B300003010844B84205D324212046F4F76AFB98
:100B400038489CE7DDE9030108440390042304AA24
:100B5000394603A8ECF7B1FF050002D0A5F5145003
:100B60008DE70421A161039921620499E161DDE926
:100B70000301084403900398B84205D0242120467D
:100B8000F4F748FB27487AE7002078E770B58AB089
:100B900005460C466FF06D06286800F0DF008028DF
:100BA00002D0822820D114E001A92846FFF757FF80
:100BB000064616B130460AB070BD2821204604F022
:100BC0000DF900202060242201A9201D04F09FF8C7
:100BD0000CE02821204604F001F90220206095E86D
:100BE0000700231D07C301E01348E4E700BF00200E
:100BF000E1E72DE9F04F8DB00546884691466FF04C
:100C00006D064C4630230CAA41462846ECF755FFAA
:100C1000060015D0A6F514500DB00FE09ADDFFFFC9
:100C20009ADBFFFF9ADAFFFF00D8FFFF2B060105D2
:100C3000050708040000000080DFFFFFBDE8F08F1B
:100C400028680C990844404501D0FC48E4E758E086
:100C50002821684604F0C2F8286800780A902868BD
:100C6000401C28600BAA41462846ECF7A7FE060068
:100C700002D0A6F51450CFE70A9800F0C0008028F3
:100C800002D0EE48001DC7E769462046FFF77EFF09
:100C90000646BEB116F5025F14D0D9F80CA009E0E3
:100CA000D346DAF80CA010215846F4F7B3FA5846A8
:100CB00003F027FBBAF1000FF2D10020C9F80C00B5
:100CC0003046A9E7A06878B1E06810B1DB4866302B
:100CD000A2E71021012003F0D1FAE060E06810B92A
:100CE000D648001F98E7E46827463C460A983860D3
:100CF0002868B8600B98786028687968084428608C
:100D000000BF28684045A3D30020E0602868404524
:100D100001D0CA4880E700207EE72DE9FF5F044646
:100D20000F4692464FF0000B5546302303AA394632
:100D30002046ECF7C2FE064626B1A6F5145004B0D4
:100D4000BDE8F09F206803990844B84201D0BB4831
:100D5000F5E7039808B9B948F1E767E0302303AA3B
:100D600039462046ECF7A9FE060002D0A6F514503D
:100D7000E5E72068039900EB0109062303AA494629
:100D80002046ECF79AFE060002D0A6F51450D6E7EE
:100D90000620009003980190206802900198042892
:100DA00005D1A7A0DDE9012103F064FE08B101200F
:100DB00000E0002008B1DFF890B2A86878B1E868D8
:100DC00010B19E486630BAE71021012003F056FAB0
:100DD000E860E86810B99948001FB0E7ED68A846D8
:100DE00045460098C8F800000298C8F80800019825
:100DF000C8F804002068039908442060206848452A
:100E00000ED2302303AA49462046ECF756FE0600D0
:100E100002D0A6F5145092E7206803990844206098
:100E20002068484501D0854889E700BF2068B8425E
:100E300094D30020E8602068B84201D07F487EE764
:100E400058467CE72DE9F04F89B00546894614469F
:100E500098466FF06D062868484503D1002009B018
:100E6000BDE8F08F032304F1EC0249462846FFF762
:100E700028FA060001D03046F1E7F4200159F020AD
:100E8000005901EB0009F3E000200590069007905F
:100E900004900390302308AA49462846ECF70DFE3B
:100EA000060002D0A6F51450D9E72868089900EB8F
:100EB000010A062306AA51462846ECF7FEFD060065
:100EC00002D0A6F51450CAE70620059028680790BE
:100ED000286806990844286004AA51462846ECF779
:100EE00008FE060005D016F1620002D0A6F51450E7
:100EF000B5E7042308AA51462846ECF7DEFD0600B4
:100F000002D0A6F51450AAE7D5F800B028680899D1
:100F10004718574501D04948A1E703A905A8F3F7A9
:100F2000D6F90646CEB1B8F1000F0FD02868CDE94A
:100F3000000705AA2146049B1298C04706461EB129
:100F4000049808B130468AE72F6091E02F6004983A
:100F500010B13A48001D82E78AE0D4F818010399DD
:100F6000084202D03548663079E7D4F81801039971
:100F70000843C4F818010398B0F5807F0ED006DC52
:100F8000042817D0082841D0202869D128E0B0F5DE
:100F9000006F1AD0B0F5803F62D12CE004F5907359
:100FA0001A1F39462846FFF79AFC060001D0304642
:100FB00055E75BE004F5927239462846FFF706FDD7
:100FC000060001D030464AE750E004F594723946F5
:100FD0002846FFF72AFD060001D030463FE745E0EE
:100FE00004F1F80239462846FFF703FE060001D057
:100FF000304634E73AE004F59C7239462846FFF75C
:10100000C6FC060001D0304629E72FE004F58472C3
:1010100039462846FFF781FE060020D016F5025F0C
:1010200014D1B8F1000F11D0CDE900B705AA2146BF
:10103000049B1298C04748B918E011E09ADAFFFF04
:10104000551D20000000000080DFFFFF049808B15C
:10105000304604E716F5025F01D03046FFE605E0B2
:10106000049808B1F948FAE62F6000BF00BF00BF3E
:1010700028684845FFF408AF2868484501D0F4487F
:10108000EDE60020EBE62DE9F04707463C460FB9B8
:10109000BDE8F08700BF04F1CC00F3F72BFBA66E90
:1010A00008E0B246B66920215046F4F7B3F850463E
:1010B00003F027F9002EF4D18820065908E0B24643
:1010C000B66920215046F4F7A5F8504603F019F907
:1010D000002EF4D14FF49A70055908E0A946ED6846
:1010E00010214846F4F796F8484603F00AF9002D17
:1010F000F4D14FF48270055908E0A946ED6810213B
:101100004846F4F787F8484603F0FBF8002DF4D181
:101110004FF48A70055908E0A946ED681021484649
:10112000F4F778F8484603F0ECF8002DF4D1E068C5
:1011300040B1206830B1D4E90210F4F76BF8E068F0
:1011400003F0DFF8D4F85041002CA4D13C4600BF96
:10115000A046D4F850414FF4AA714046F4F75AF82B
:10116000B84502D0404603F0CCF8002CF0D100BFC7
:101170008EE72DE9F04F8DB004460F4691469A4612
:10118000DDF85CB06FF06D050020089009900A90C2
:1011900005900690079002900390049004B11FB947
:1011A000AC480DB0BDE8F08F0B97CDF83090DDE97D
:1011B0000B01461830230CAA31460BA8ECF77DFC36
:1011C000050004D02046FFF75EFFA348E9E7DDE90C
:1011D0000B0100EB01084646A8EB0701A160BAF13C
:1011E000000F1DD00120A16803F048F80B90E060CB
:1011F000E06810B997488038D3E73946D4E902202F
:1012000003F0FEFC01202060A0680C99401A0B99A5
:1012100008440B90DDE90B0108448046064602E0D5
:10122000E760002020600B99A16130230CAA3146B1
:101230000BA8ECF742FC050005D02046FFF723FF82
:10124000A5F50650ADE7DDE90B014618A069311A96
:10125000616104F11C0231460BA8FFF7BCFA0500DE
:1012600010D104F1200231460BA8FEF779FD0500EC
:1012700008D108AB04F12C0231460BA8FEF7B4FDEF
:10128000050004D02046FFF7FEFE284689E7E06906
:10129000002802DBE069022805DD2046FFF7F3FEA7
:1012A0006B481A387DE7E069401CE06104F5A670E0
:1012B000C31E021F08A9009004F12C00FEF7DBFFFB
:1012C000050004D02046FFF7DEFE284669E70B99AB
:1012D000216430230CAA31460BA8ECF7EEFB050085
:1012E00005D02046FFF7CFFEA5F5065059E7DDE90A
:1012F0000B02811804F150020BA8FEF709FE05004D
:1013000004D02046FFF7BFFE28464AE7206C0B9921
:10131000091AE16304F1A80304F1900231460BA815
:10132000FFF783FA050004D02046FFF7ACFE2846FD
:1013300037E70B99E16430230CAA31460BA8ECF790
:10134000BCFB050005D02046FFF79DFEA5F5065025
:1013500027E70C9870B1DDE90B02811804F17002E7
:101360000BA8FEF7D5FD050004D02046FFF78BFE45
:10137000284616E7E06C0B99091AA164C8200B995E
:10138000015104F1CC0231460BA8F3F7E5FC05004E
:1013900004D02046FFF777FE284602E7C820005910
:1013A0000B99091AC4200151E069022802D0E069B2
:1013B00003280DD1012304F1D40231460BA8FFF715
:1013C00064FA054625B12046FFF75DFE2846E8E6AB
:1013D000E069022802D0E06903280DD1022304F15C
:1013E000E00231460BA8FFF750FA054625B120462A
:1013F000FFF749FE2846D4E6E06903280ED1CDF870
:1014000000B0224631460BA8169BFFF71BFD054690
:1014100025B12046FFF737FE2846C2E60B98B042BA
:1014200005D02046FFF72FFE0B486638B9E6464642
:1014300005AB02AA31460BA8FEF7D6FC05000DD07D
:101440002046FFF720FE2846ABE6000080DFFFFFC6
:101450009ADAFFFF00D8FFFF80DEFFFF206B0399C1
:10146000884211D1226B0499606B03F003FB58B9D9
:1014700006990998884207D1099850B1DDE90920F9
:10148000079903F0F7FA20B12046FFF7FCFDFE486C
:1014900087E604F59E7231460BA8FEF7C5FE0500EF
:1014A00004D02046FFF7EFFD28467AE60B98B042BD
:1014B00004D02046FFF7E7FDF44872E6002070E60E
:1014C00010B504464FF4AA71204603F087FC10BD06
:1014D0002DE9FF4F83B006460F469146DDE910AB7C
:1014E0006FF06D083446002504B11FB9E84807B015
:1014F000BDE8F08F02E02546D4F85041E06918B10C
:10150000D4F850010028F6D1E069B0B1D4F8500108
:1015100098B94FF4AA71012002F0B0FEC4F850014E
:10152000D4F8500110B9DA488038E0E72546D4F8FD
:101530005001FFF7C5FFD4F85041CDE900AB4A4652
:1015400039462046069BFFF714FE8046B8F1000F8F
:101550000AD015B10020C5F85001B44202D020468F
:1015600002F0CFFE4046C2E70020C0E77CB504464B
:101570000D4616460020009003463246294601904B
:101580002046FFF7A5FF7CBD2DE9FC4704460D462C
:1015900016461F46DDE90A893B4632462946204663
:1015A000CDE90089FFF794FFBDE8FC877CB50446D0
:1015B0000D46164600200090012332462946019030
:1015C0002046FFF785FF7CBD70B504460D461646E4
:1015D00004B10DB9AE4870BD324629462046FFF72A
:1015E000E5FFF8E72DE9FF4F8BB082468B466FF0A1
:1015F0006D04DBF80050DAF80060DDF83480E9E0D3
:10160000282101A803F0EAFB01A94046FFF7BEFA32
:101610008146B9F1000F29D019F5025F12D19DA2C0
:10162000294630460E9B02F05FFF044600BF002CA7
:1016300001DBAC4203D39D480FB0BDE8F08F2D1BFA
:10164000264410E09AA2294630460E9B02F04CFF39
:10165000044600BF002C01DBAC4201D39348EBE70A
:101660002D1B264400BFD8F80C80B3E0019810B1C0
:10167000022876D176E002AF92A2294630460E9B30
:1016800002F032FF044600BF002C01DBAC4201D364
:101690008648D1E72D1B264400BF3869082806D1AB
:1016A000AFF67820D7E9042103F0E4F908B101206E
:1016B00000E00020002853D087A2294630460E9B28
:1016C00002F012FF044600BF002C01DBAC4201D344
:1016D0007648B1E72D1B264400BF88A22946304634
:1016E0000E9B02F001FF044600BF002C01DBAC4260
:1016F00001D36E48A0E72D1B264400BF07F10C0262
:1017000029463046F2F775FF044600BF002C01DB86
:10171000AC4201D365488FE72D1B264400BF82A24F
:10172000294630460E9B02F0DFFE044600BF002C27
:1017300001DBAC4201D35D487EE72D1B264400BF90
:10174000F869A84203D300203070584874E7304647
:10175000D7E9072103F054FAF8690644F8692D1A0D
:1017600034E021E07BA2294630460E9B02F0BCFE0D
:10177000044600BF002C01DBAC4201D34B485BE7C1
:101780002D1B264400BF0398A84203D300203070CD
:10179000464851E73046DDE9032103F031FA03986A
:1017A000064403982D1A11E03AA2294630460E9BB2
:1017B00002F09AFE044600BF002C01DBAC4201D3CC
:1017C0003A4839E72D1B264400BF00BF00BFD8F8B8
:1017D0000C8000BFB8F1000F7FF412AF0020307012
:1017E000CBF80050CAF8006000BF25E72DE9F047AC
:1017F0008046894617466FF06D04D9F80050D8F836
:1018000000600FF2A40A17F0800F13D0534656A2BF
:101810002946304602F068FE044600BF002C01DB7A
:10182000AC4202D32148BDE8F0872D1B264400BFFF
:101830000FF2441A17F0400F12D053464FA2294618
:10184000304602F051FE044600BF002C01DBAC42E2
:1018500001D31648E7E72D1B264400BF0FF2181AE4
:1018600017F0200F0DD0534648A22946304602F00B
:101870003BFE044600BF002C01DBAC4202D30B4808
:10188000D1E78CE086E0000080D9FFFF1ADEFFFF81
:1018900000D8FFFF0A2573202020203C756E737549
:1018A00070706F727465643E0000000080D6FFFFA8
:1018B0000A2573202020203C6D616C666F726D6577
:1018C000643E00000A2573202020206F7468657232
:1018D0004E616D65203A00000A25732020202020EB
:1018E0002020206861726477617265206D6F647575
:1018F0006C65206E616D65203A0000000A2573203A
:101900002020202020202020202020686172647761
:1019100061726520747970652020202020202020AD
:1019200020203A20000000000A25732020202020DB
:101930002020202020202068617264776172652059
:1019400073657269616C206E756D626572203A20F4
:10195000000000000A257320202020644E534E61B1
:101960006D65203A20000000257353534C20436CD2
:1019700069656E74000000002C200000257353532D
:101980004C20536572766572000000002573456D2A
:1019900061696C002D1B264400BFAFF2240A17F0CA
:1019A000100F12D05346FEA22946304602F09CFD8D
:1019B000044600BF002C01DBAC4201D3FD4832E7F6
:1019C0002D1B264400BFAFF2500A17F0080F12D0AB
:1019D0005346F9A22946304602F086FD044600BF70
:1019E000002C01DBAC4201D3F2481CE72D1B26443E
:1019F00000BFAFF27C0A17F0040F12D05346F1A2D9
:101A00002946304602F070FD044600BF002C01DB81
:101A1000AC4201D3E74806E72D1B264400BFAFF2D6
:101A2000A80A17F0020F12D05346E9A22946304601
:101A300002F05AFD044600BF002C01DBAC4201D38A
:101A4000DC48F0E62D1B264400BFAFF2D40A17F0A5
:101A5000010F12D05346E1A22946304602F044FD60
:101A6000044600BF002C01DBAC4201D3D148DAE6CA
:101A70002D1B264400BFAFF2001AC9F80050C8F869
:101A800000600020CFE62DE9F047804689461746E2
:101A90006FF06D04D9F80050D8F800600FF2103ADA
:101AA00017F0800F13D05346D1A22946304602F0DA
:101AB0001BFD044600BF002C01DBAC4202D3BD4835
:101AC000BDE8F0872D1B264400BFAFF2541A17F073
:101AD000400F12D05346CBA22946304602F004FDF7
:101AE000044600BF002C01DBAC4201D3B148E7E75C
:101AF0002D1B264400BFAFF2801A17F0200F12D022
:101B00005346C5A22946304602F0EEFC044600BF0B
:101B1000002C01DBAC4201D3A648D1E72D1B2644A3
:101B200000BFAFF2AC1A17F0100F12D05346BFA28D
:101B30002946304602F0D8FC044600BF002C01DBE9
:101B4000AC4201D39B48BBE72D1B264400BFAFF23C
:101B5000D81A17F0080F12D05346B9A229463046BA
:101B600002F0C2FC044600BF002C01DBAC4201D3F2
:101B70009048A5E72D1B264400BFAFF2042A17F0BA
:101B8000040F12D05346B2A22946304602F0ACFCF4
:101B9000044600BF002C01DBAC4201D385488FE72F
:101BA0002D1B264400BFAFF2302A17F0020F12D0CF
:101BB0005346ABA22946304602F096FC044600BFCD
:101BC000002C01DBAC4201D37A4879E72D1B264477
:101BD00000BFAFF25C2A17F0010F12D05346A3A248
:101BE0002946304602F080FC044600BF002C01DB91
:101BF000AC4201D36F4863E72D1B264400BFAFF210
:101C0000882A17F4004F12D053469CA2294630462A
:101C100002F06AFC044600BF002C01DBAC4201D399
:101C200064484DE72D1B264400BFAFF2B42AC9F823
:101C30000050C8F80060002042E72DE9FC5F06462E
:101C40000F4692466FF06D043D68D6F80080D1468D
:101C50000FF25C1B1EE001A94846F2F763FB08B1D6
:101C60008AA0019001985B4689A2294600904046CF
:101C700002F03AFC044600BF002C01DBAC4202D368
:101C80004C48BDE8FC9F2D1BA04400BFAFF2183BA1
:101C9000D9F80C90B9F1000FDDD13D60C6F8008095
:101CA0000020EEE72DE9FC5F06460F4692466FF0F6
:101CB0006D043D68D6F80080D1460FF2F40B1EE0AB
:101CC00001A94846F2F759FB08B170A001900198AC
:101CD0005B466FA229460090404602F005FC044690
:101CE00000BF002C01DBAC4202D33248BDE8FC9FB0
:101CF0002D1BA04400BFAFF2803BD9F80C90B9F186
:101D0000000FDDD13D60C6F800800020EEE72DE930
:101D1000F0438DB007460E4690461D466FF06D04A9
:101D20000B970C96CDB95CA2DDE90B0102F0DCFB50
:101D3000044600BF002C02DB0C98844203D31D48EC
:101D40000DB0BDE8F0830C98001B0C900B9820445C
:101D50000B9000BF0C98301AF2E7E869434656A290
:101D60000090DDE90B0102F0BFFB044600BF002C30
:101D700002DB0C98844201D30E48E1E70C98001B6B
:101D80000C900B9820440B9000BF434651A2DDE914
:101D90000B0102F0A9FB044600BF002CA6E00000E6
:101DA00025734F626A656374205369676E696E6755
:101DB0000000000080D6FFFF2573526573657276C0
:101DC00065640000257353534C204341000000001C
:101DD0002573456D61696C204341000025734F6296
:101DE0006A656374205369676E696E6720434100BA
:101DF00025734469676974616C205369676E617407
:101E00007572650025734E6F6E205265707564693A
:101E10006174696F6E00000025734B657920456E13
:101E20006369706865726D656E7400002573446146
:101E3000746120456E6369706865726D656E7400CB
:101E400025734B65792041677265656D656E740019
:101E500025734B65792043657274205369676E0062
:101E6000257343524C205369676E00002573456EFD
:101E7000636970686572204F6E6C790025734465E4
:101E8000636970686572204F6E6C79003F3F3F0058
:101E900025732573000000000A4365727469666942
:101EA0006361746520697320756E696E6974696118
:101EB0006C69736564210A002573636572742E2052
:101EC00076657273696F6E20202020203A20256489
:101ED0000A000000257373657269616C206E756D70
:101EE00062657220202020203A20000002DB0C983E
:101EF000844201D3FD4823E70C98001B0C900B98FB
:101F000020440B9000BF05F12002DDE90B01FEF734
:101F10008FFA044600BF002C02DB0C98844201D3E8
:101F2000F2480DE70C98001B0C900B9820440B9086
:101F300000BF4346EEA2DDE90B0102F0D5FA0446EC
:101F400000BF002C02DB0C98844201D3E748F7E67F
:101F50000C98001B0C900B9820440B9000BF05F1CF
:101F60005002DDE90B01FEF7DEF9044600BF002C4C
:101F700002DB0C98844201D3DC48E1E60C98001B9C
:101F80000C900B9820440B9000BF4346DEA2DDE985
:101F90000B0102F0A9FA044600BF002C02DB0C98EA
:101FA000844201D3D148CBE60C98001B0C900B98CF
:101FB00020440B9000BF05F17002DDE90B01FEF734
:101FC000B2F9044600BF002C02DB0C98844201D316
:101FD000C648B5E60C98001B0C900B9820440B905B
:101FE00000BFA4204059A02149599C22525998234E
:101FF0005B59CDE90232CDE9041094204059D5F85F
:1020000090104346C6A2CDE90010DDE90B0102F0B5
:102010006BFA044600BF002C02DB0C98844201D30B
:10202000B2488DE60C98001B0C900B9820440B9046
:1020300000BFBC204059B8214959B4225259B0239D
:102040005B59CDE90232CDE90410AC204059D5F8F6
:10205000A8104346C0A2CDE90010DDE90B0102F053
:1020600043FA044600BF002C02DB0C98844201D3E3
:102070009E4865E60C98001B0C900B9820440B9032
:1020800000BF4346C2A2DDE90B0102F02DFA04466F
:1020900000BF002C02DB0C98844201D393484FE62A
:1020A0000C98001B0C900B9820440B9000BF95F8E7
:1020B0004811D5F84C01CDE9001095F8493105F1EA
:1020C0002C02DDE90B01FEF702FA044600BF002CEA
:1020D00002DB0C98844201D3844831E60C98001B43
:1020E0000C900B9820440B9000BF05F1CC00F2F748
:1020F00099FC81464A46122106A8FEF716FA04000A
:1021000001D020461CE605F1CC00F2F769FC8146BF
:1021100006A84346A4A2CDE90009DDE90B0102F0BF
:10212000E3F9044600BF002C02DB0C98844201D383
:102130006E4805E60C98001B0C900B9820440B9001
:1021400000BFD5F8180110F4807F38D0D5F81C01F5
:1021500008B19AA000E09BA043469CA20090DDE954
:102160000B0102F0C1F9044600BF002C02DB0C9801
:10217000844201D35D48E3E50C98001B0C900B985A
:1021800020440B9000BFD5F82001002817DDD5F8BA
:102190002001431E95A2DDE90B0102F0A5F90446DA
:1021A00000BF002C02DB0C98844201D34F48C7E5E6
:1021B0000C98001B0C900B9820440B9000BFD5F896
:1021C000180110F0200F20D043468DA2DDE90B014D
:1021D00002F08AF9044600BF002C02DB0C9884420E
:1021E00001D34248ACE50C98001B0C900B9820449E
:1021F0000B9000BF434605F1F8020CA90BA8FFF7AE
:10220000F1F9040001D020469AE5D5F8180110F440
:10221000803F1FD0434680A2DDE90B0102F064F944
:10222000044600BF002C02DB0C98844201D32F48E7
:1022300086E50C98001B0C900B9820440B9000BF77
:1022400095F838210CA90BA8FFF7D0FA040001D0AB
:10225000204675E5D5F8180110F0040F1FD043464D
:1022600073A2DDE90B0102F03FF9044600BF002C28
:1022700002DB0C98844201D31C4861E50C98001BDA
:102280000C900B9820440B9000BF0CA90BA8D5F81C
:102290002421FFF7F8FB040001D0204650E5D5F8D3
:1022A000180110F4006F1FD0434667A2DDE90B014F
:1022B00002F01AF9044600BF002C02DB0C9884429D
:1022C00001D30A483CE50C98001B0C900B98204465
:1022D0000B9000BF05F594720CA90BA8FFF7ADFC9D
:1022E000040001D020462BE5BAE0000080D6FFFFB5
:1022F0000A2573697373756572206E616D652020A0
:1023000020202020203A20000A25737375626A6518
:102310006374206E616D652020202020203A20000B
:102320000A257369737375656420206F6E20202001
:1023300020202020203A20253034642D253032649E
:102340002D2530326420253032643A253032643A0B
:1023500025303264000000000A25736578706972C8
:102360006573206F6E20202020202020203A202519
:102370003034642D253032642D25303264202530F0
:1023800032643A253032643A25303264000000006D
:102390000A25737369676E6564207573696E6720BB
:1023A00020202020203A20000A2573252D31387363
:1023B0003A202564206269747300000074727565A8
:1023C0000000000066616C73650000000A257362FE
:1023D0006173696320636F6E73747261696E747385
:1023E000203A2043413D2573000000002C206D6100
:1023F000785F706174686C656E3D25640000000054
:102400000A25737375626A65637420616C74206E4B
:10241000616D6520203A00000A2573636572742E91
:10242000207479706520202020202020203A200070
:102430000A25736B657920757361676520202020FC
:1024400020202020203A20000A2573657874206B14
:10245000657920757361676520202020203A20006F
:10246000D5F8180110F0080F1FD04346FCA2DDE993
:102470000B0102F039F8044600BF002C02DB0C9877
:10248000844201D3FD485BE40C98001B0C900B9830
:1024900020440B9000BF05F584720CA90BA8FFF730
:1024A00001FC040001D020464AE4AFF2DC52DDE931
:1024B0000B0102F019F8044600BF002C02DB0C9857
:1024C000844201D3ED483BE40C98001B0C900B9820
:1024D00020440B9000BF0C98301A31E42DE9F84FDE
:1024E0008246884693461F466FF06D04D1464546A6
:1024F000E34E1BE03068384200D116E070685B465E
:10250000E0A229460090484601F0EEFF044600BFD5
:10251000002C01DBAC4202D3D848BDE8F88F2D1B5C
:10252000A14400BF3068474000BF083670680028EB
:10253000E0D187B15B46D5A22946484601F0D4FFD9
:10254000044600BF002C01DBAC4201D3CB48E4E7DA
:102550002D1BA14400BFA8EB0500DEE72DE9F041EB
:1025600094B004460D46904694F84801F0F79EFC5E
:1025700007463846F0F7F6FF064604AB3846D4E97E
:102580000521F0F757FE20B14FF0FF3014B0BDE841
:10259000F08194F8491105F1CC00F2F7D5F810B9A3
:1025A0004FF0FF30F2E74FF4A07000594FF4A271E2
:1025B000095904AACDE90026CDE9021094F8483162
:1025C00094F8490105F1CC02D4F84C11F2F71CF94A
:1025D000DCE72DE9F04107460C46154604F1700191
:1025E00007F15000FEF7B5F818B14FF0FF30BDE825
:1025F000F08101261DB1E069032800DA00262EB122
:10260000D4F81C0110B94FF0FF30F0E70020EEE7DE
:102610002DE9FF4F81B0884615461E46DDF83890FB
:102620006FF06D0B0027BA460020009044463AE058
:102630004A4621460198FFF7CCFF00B131E0D4F8BB
:102640002001002808DDD4F820210F98401C1099A3
:10265000401A824200D224E02146119A0198FFF7E5
:102660007DFF8346BBF1000F01D1012000E0002077
:102670000746B9F1000F01D007B912E004F1A80034
:10268000FDF770FF20B904F19000FDF76EFF28B14F
:10269000BAF1000F01D1A246009702E02C6037602A
:1026A00003E0D4F85041002CC2D100BF1CB9C5F8DA
:1026B00000A000983060002005B0BDE8F08F2DE943
:1026C000F04F87B00646884615461C4610AF97E87F
:1026D000800E6FF06D0006900120206017E02068EA
:1026E00008B1404601E0D6F85001059020683B460D
:1026F0002A468DE8010E30460599FFF789FF0690BE
:10270000286808B9206800B902E000202060E6E7E8
:1027100000BF286810B9002020603860002007B092
:10272000BDE8F08F70B504460E4604F1700104F167
:102730005000FEF70EF810B14FF0FF3070BD354677
:102740000DE0A168A868814207D1A268E968E06845
:1027500002F090F908B90020F0E7D5F85051002DAB
:10276000EFD1681EEAE72DE9F04F8BB0804689462D
:10277000DDE915B56FF06D000A9000200590464622
:10278000824608900790B1E0286D05EBC0073E60D7
:1027900000207860286D401C28653C1D06F1A800CB
:1027A000FDF7E0FE18B1206840F00100206006F15E
:1027B0009000FDF7DAFE18B1206840F40070206048
:1027C000079818B100200BB0BDE8F08F96F84811BB
:1027D0005846FDF7F5FE18B1206840F480402060AF
:1027E00096F849115846FDF7FCFE18B1206840F4F0
:1027F00000402060286D012806D149463046FFF789
:1028000091FF08B90020DEE7CDF814901799286DE4
:10281000401E06AA08ABCDE902A1CDE9002009AA15
:1028200030460599FFF74BFF0A90099828B92068B0
:1028300040F0080020600020C5E7286D012808D07E
:1028400006F1700106F15000FDF783FF08B90AF1A7
:10285000010A089890BB286D082830D91648B2E7BD
:102860000A257363657274696669636174652070B3
:102870006F6C6963696573203A20000080D6FFFFA2
:10288000D8B10200257325730A0000002573556E28
:102890006B6E6F776E20726561736F6E202874683F
:1028A00069732073686F756C64206E6F7420686143
:1028B0007070656E290A000000D0FFFFFFE70698E0
:1028C00018B9206840F0080020600999CC315846BA
:1028D000FDF798FE18B1206840F480302060099E12
:1028E0000020099008980790002006904CE770B5EA
:1028F00004460D4616466068B04207D13246284667
:10290000A168FDF798FE08B9002070BD2146284651
:10291000FDF7B7FE08B90020F7E74FF0FF30F4E706
:102920002DE9F047074688461546404602F0F2F882
:102930008146D7F8180110F0200F13D007F1F806E0
:1029400007E04A4641463046FFF7D1FF00B902E0B2
:10295000F668002EF5D100BF2EBB286840F00400B9
:10296000286020E007F1700415E06068032805D1B5
:1029700078A0D4E9012102F07DF808B1012000E03F
:10298000002038B94A46414604F10C00FFF7AFFF7A
:1029900000B902E0A469002CE7D100BF1CB9286887
:1029A00040F004002860BDE8F0872DE9F84F0546A7
:1029B0000E46174699466FF06D0A346D17E0601E9B
:1029C00006EBC008D8F8040000905FB1621E6B46A9
:1029D0004846D8F80010B8475FEA000A02D05046CF
:1029E000BDE8F88F2868009908432860641E002C11
:1029F000E5D10020F4E72DE9FF4F9BB0064689465C
:102A00009246DDE928B7DDE92A846FF06D050020E4
:102A10002060049005A8FDF7CFFE0FB94E4D3AE0B7
:102A2000B8F1000F04D004AA41463046FFF778FF02
:102A300006F1CC00F1F7FFFF1A9038461A99FDF71E
:102A4000D0FD18B1049840F40040049006F1CC0188
:102A50003846FDF7D7FD18B1049840F48030049053
:102A600005A92E98CDE900B7CDE902105246494696
:102A700030461E9BFFF777FE054605B10BE0049933
:102A800006980843069005A92046DDE92C23FFF7A8
:102A90008CFF054600BF15F51C5F00D12F4D35B1E9
:102AA0004FF0FF30206028461FB0BDE8F08F20684F
:102AB00008B12B48F8E70020F6E72DE9F04788B089
:102AC00005460E4617461C46DDE9119ADDF84080A2
:102AD0000020CDE9049ACDF80C8006902148002111
:102AE0000B463A46CDE90104009131462846FFF7EE
:102AF00082FF08B0BDE8F0872DE9F04F87B00546AA
:102B00000E4617461C46DDE912ABDDE910890020B0
:102B1000CDE905B003463A4631468DE8110728460F
:102B2000FFF769FF07B0BDE8F08F2DE9FF4F87B0D1
:102B300005460E461C4614AF97E8800F002003465A
:102B40008DE8910F31462846099AFFF754FF0BB0E4
:102B5000BDE8F08F5504030000D8FFFF00D0FFFF51
:102B600000D9FFFFA8B1020010B5ADF5007D044605
:102B70006A464FF400719D48DEF7CBF88DF810409F
:102B80006A464FF400719948DEF7DBF89748103039
:102B90000078974908700DF5007D10BD10B5934879
:102BA00010300078924908700846007830B1084625
:102BB0000078012802D00120FFF7D6FF10BD8C4815
:102BC0000078704710B5DEF7A5FD89480078012828
:102BD00006D188A0DEF798FD8DA0DEF795FD08E010
:102BE0008348007828B994A0DEF78EFD9BA0DEF71D
:102BF0008BFD10BD10B5DEF78DFDA2A0DEF784FDC4
:102C0000A9A0DEF781FD10BD10B5DEF783FD784881
:102C10000078012809D1ADA0DEF776FDB5A0DEF77A
:102C200073FD8EA0DEF770FD08E0BBA0DEF76CFD43
:102C3000C3A0DEF769FD76A0DEF766FD10BD10B516
:102C4000DEF768FD6A48007801280CD1C5A0DEF7E0
:102C50005BFDCDA0DEF758FDD5A0DEF755FD7FA0CA
:102C6000DEF752FD0BE0DEA0DEF74EFDE4A0DEF75E
:102C70004BFDECA0DEF748FD65A0DEF745FD10BD7D
:102C80007FB5044600200090019002900390DEF78B
:102C900041FD2246ECA1684601F010FC5448007842
:102CA00001280CD1ECA0DEF72FFD01236A46442158
:102CB0001E20DEF7ADFB0546DEF726FD0BE0EFA09C
:102CC000DEF722FD01236A4644211E20DEF7A0FB29
:102CD0000546DEF719FD7FBD7FB504460020009054
:102CE000019002900390DEF715FD2246D6A16846BA
:102CF00001F0E4FB3E48007801280CD1E8A0DEF7A3
:102D000003FD01236A4644211E20DEF781FB0546B0
:102D1000DEF7FAFC0BE0EDA0DEF7F6FC01236A46D5
:102D200044211E20DEF774FB0546DEF7EDFC7FBD77
:102D30007FB5044600200090019002900390DEF7DA
:102D4000E9FC2246C0A1684601F0B8FB284800789B
:102D500001280CD1E5A0DEF7D7FC01236A46442107
:102D60001E20DEF755FB0546DEF7CEFC0BE0E9A0A2
:102D7000DEF7CAFC01236A4644211E20DEF748FB29
:102D80000546DEF7C1FC7FBD10B588B000240BE01E
:102D90002246E8A1684601F091FB6846DEF7B4FCE4
:102DA0000A20DDF7F7FE641D192CF1DB10480078CE
:102DB000012803D1E7A0DEF7A7FC02E0EBA0DEF7D5
:102DC000A3FC08B010BD10B588B0EEA0DEF79CFCE7
:102DD000EFA0DEF799FCF1A0DEF796FCF5A0DEF798
:102DE00093FCFAA0DEF790FCFEA007E200FE0200D2
:102DF00028020020444332342833382C35302C2725
:102E0000C9E8D6C3B3C9B9A6272C32293B0D0A009D
:102E1000444331362831362C3131302C272D2022B5
:102E200043616E63656C22B7B5BBD8202D272C3467
:102E3000293B0D0A00000000444331362832342C6F
:102E400035362C2753657420537563636573736639
:102E5000756C6C79272C32293B0D0A0044433136BE
:102E600028382C3131302C272D202243616E6365A8
:102E70006C2252657475726E202D272C34293B0DFF
:102E80000A000000444331362832342C35302C27D8
:102E9000C9E8B1B8B3F5CABCBBAFD6D02E2E2E2729
:102EA0002C32293B0D0A0000444331362833322CA2
:102EB00037302C2764657669636520696E69742EE6
:102EC0002E2E272C32293B0D0A00000044433136B8
:102ED00028302C33392C27506C656173652063686A
:102EE00065636B206E6574776F726B272C31293B9D
:102EF0000D0A00004443313628382C35352C276123
:102F00006E64206E6574776F726B206361626C65AE
:102F1000272C31293B0D0A004443313628382C3305
:102F2000392C27C7EBBCECB2E9CDF8CFDFCAC7B765
:102F3000F1C1ACBDD3272C31293B0D0A00000000A4
:102F4000444331362832322C35352C27B2A2BCEC22
:102F5000B2E9CDF8C2E7D7B4CCAC272C31293B0D70
:102F60000A000000444331362832302C32302C27FE
:102F70004465766976652041626E6F726D616C277B
:102F80002C31293B0D0A00004443313628302C34C3
:102F9000352C27506C6561736520466163746F72D0
:102FA00079205265736574272C31293B0D0A000086
:102FB0004443313628302C36352C27416E6420446A
:102FC0006F776E6C6F6164204669726D77617265B0
:102FD00020416761696E272C31293B0D0A000000F2
:102FE000444331362833302C32302C27C9E8B1B86D
:102FF000D7B4CCACD2ECB3A3272C31293B0D0A00BB
:10300000444331362832352C34352C27C7EBBBD618
:10301000B8B4B3F6B3A7C9E8D6C3272C31293B0D02
:103020000A000000444331362832352C36352C272F
:10303000B2A2D6D8D0C2CFC2D4D8B9CCBCFE272C2D
:1030400031293B0D0A0000004572726F7220436FF8
:103050006465202564000000444331362831382C53
:1030600035302C27476574204669726D776172652B
:1030700020457272272C31293B0D0A00444331361A
:103080002831382C35302C27BBF1C8A1B9CCBCFE77
:10309000D0C5CFA2CAA7B0DC272C31293B0D0A002E
:1030A000444331362831382C35302C27446F776E25
:1030B0006C6F6164204669726D776172652045723C
:1030C00072272C31293B0D0A0000000044433136A1
:1030D0002833352C35302C27CFC2D4D8B9CCBCFE00
:1030E000CAA7B0DC272C31293B0D0A0044433136F6
:1030F00028352C35302C2756657269662046697252
:103100006D7761726520457272272C31293B0D0A5B
:1031100000000000444331362833302C35302C2752
:10312000D1E9D6A4B9CCBCFECAA7B0DC272C312982
:103130003B0D0A005342432830293B444356313665
:103140002838352C25642C27A1FD272C32293B0D4E
:103150000A000000444331362839352C352C274EDF
:103160006574272C32293B0D0A0000004443313698
:103170002839352C352C27CDF8BFDA272C32293BBE
:103180000D0A0000434C522830293B0D0A00000074
:103190004449522831293B0D0A000000504C283385
:1031A000352C33302C3131302C33302C32293B0D3F
:1031B0000A000000504C2832352C34302C3130308D
:1031C0002C34302C32293B0D0A000000504C28339F
:1031D000352C33302C32352C34302C32293B0D0A2F
:1031E00000000000504C283131302C33302C31306D
:1031F000302C34302C32293B0D0A0000DEF784FAE3
:1032000067A0DEF781FA6CA0DEF77EFA70A0DEF729
:103210007BFA75A0DEF778FA79A0DEF775FA1E243E
:1032200008E022467CA1684601F048F96846DEF7CE
:103230006BFAE41C5A2CF4DB232408E022467AA122
:10324000684601F03BF96846DEF75EFAE41C6E2C36
:10325000F4DB79A0DEF758FA7BA0DEF755FA7EA002
:10326000DEF752FA80A0DEF74FFA83A0DEF74CFAC1
:1032700087A0DEF749FA8CA0DEF746FA90A0DEF7C9
:1032800043FA95A0DEF740FA99A0DEF73DFA9EA03A
:10329000DEF73AFAA2A0DEF737FAA7A0DEF734FA93
:1032A000ABA0DEF731FAB0A0DEF72EFAB4A0DEF75D
:1032B0002BFAB9A0DEF728FABDA0DEF725FAC2A0E6
:1032C000DEF722FAC6A0DEF71FFACBA0DEF71CFA63
:1032D000CFA0DEF719FAD4A0DEF716FAD8A0DEF7F1
:1032E00013FA08B010BD10B5FFF76DFDFFF74CFDE8
:1032F000D9480078012803D1D8A0DEF705FA02E00A
:10330000DFA0DEF701FA10BD10B50446DEF702FAC1
:10331000D1480078012812D134B9E1A0DEF7F4F9E0
:10332000E6A0DEF7F1F905E0012C03D1AFF2F84099
:10333000DEF7EAF9AFF2DC40DEF7E6F90DE01CB9A2
:10334000E6A0DEF7E1F904E0012C02D1EAA0DEF705
:10335000DBF9AFF24450DEF7D7F910BD10B50446E3
:10336000DEF7D8F9BC480078012815D1192C03D113
:10337000E8A0DEF7C9F90AE01A2C03D1EEA0DEF7C7
:10338000C3F904E01B2C02D1F3A0DEF7BDF9AFF2C4
:103390003450DEF7B9F902E2192C00D1ECE1EFE18B
:1033A000504C2832352C34302C32352C3130302CE6
:1033B00032293B0D0A000000504C283130302C34AB
:1033C000302C3130302C3130302C32293B0D0A007A
:1033D000504C2832352C3130302C3130302C3130BB
:1033E000302C32293B0D0A00504C283131302C331F
:1033F000302C3131302C39302C32293B0D0A000071
:10340000504C283130302C3130302C3131302C3987
:10341000302C32293B0D0A0050532833352C2564BB
:103420002C32293B0D0A000050532825642C3930DA
:103430002C32293B0D0A000050532832372C3938E2
:103440002C32293B0D0A000050532832392C3936D2
:103450002C32293B0D0A000050532833312C3934CB
:103460002C32293B0D0A000050532833332C3932BB
:103470002C32293B0D0A0000504C283131302C34BD
:10348000302C3130302C35302C34293B0D0A0000E3
:10349000504C283131302C35302C3130302C3630F6
:1034A0002C34293B0D0A0000504C283131302C348B
:1034B000302C3131302C35302C34293B0D0A0000B2
:1034C000504C283130302C35302C3130302C3630C7
:1034D0002C34293B0D0A0000504C283131302C3758
:1034E000302C3130302C38302C34293B0D0A000080
:1034F000504C283131302C38302C3130302C393090
:103500002C34293B0D0A0000504C283131302C3727
:10351000302C3131302C38302C34293B0D0A00004E
:10352000504C283130302C38302C3130302C393060
:103530002C34293B0D0A0000504C283130322C33FA
:10354000302C39322C34302C34293B0D0A00000049
:10355000504C2839322C33302C38322C34302C3427
:10356000293B0D0A00000000504C283130322C332A
:10357000302C39322C33302C34293B0D0A0000001A
:10358000504C2838322C34302C39322C33302C34F7
:10359000293B0D0A00000000504C2835302C3330F8
:1035A0002C34302C34302C34293B0D0A0000000020
:1035B000504C2834302C33302C33302C34302C34D5
:1035C000293B0D0A00000000504C2835302C3330C8
:1035D0002C34302C33302C34293B0D0A00000000F1
:1035E000504C2833302C34302C34302C33302C34A5
:1035F000293B0D0A00000000504C2837322C333094
:103600002C36322C34302C34293B0D0A00000000BB
:10361000504C2836322C33302C35322C34302C346C
:10362000293B0D0A00000000504C2837322C333063
:103630002C36322C33302C34293B0D0A000000008C
:10364000504C2835322C34302C36322C33302C343C
:10365000293B0D0A000000002802002044433136B7
:103660002834302C3131302C27436F6E6E656374F3
:10367000696E672E2E2E272C32293B0D0A00000082
:10368000444331362834302C3131302C27D5FDD409
:10369000DAC1ACBDD32E2E2E272C32293B0D0A00C9
:1036A000444331362834352C34362C27446F776E1A
:1036B0006C6F6164272C32293B0D0A00444331367C
:1036C0002834302C36362C27537563636573736644
:1036D000756C6C79272C32293B0D0A004443313636
:1036E0002834352C34362C27CFC2D4D8B3C9B9A648
:1036F000272C32293B0D0A00444331362834352C1F
:1037000034362C27C9E8D6C3B3C9B9A6272C322929
:103710003B0D0A00444331362831342C35362C27F2
:103720004669726D7761726520456D707479272CDA
:1037300031293B0D0A000000444331362831342C36
:1037400035362C274A756D70204572726F72272CA2
:1037500031293B0D0A000000444331362831342C16
:1037600035362C275772697465204572726F72273F
:103770002C31293B0D0A000070A0DDF7C5FF0AE0DF
:103780001A2C03D175A0DDF7BFFF04E01B2C02D17A
:1037900079A0DDF7B9FFAFF68810DDF7B5FF10BDF2
:1037A0007FB5044600200090019002900390DDF761
:1037B000B1FF2246AFF27071684600F07FFE754897
:1037C0000078012816D11D2C03D173A0DDF79CFFD2
:1037D0000BE07BA0DDF798FF01236A4644211E2001
:1037E000DDF716FE0546DDF78FFFAFF69010DDF72B
:1037F0008BFF15E01D2C03D17AA0DDF785FF0BE0D0
:1038000080A0DDF781FF01236A4644211E20DDF7F9
:10381000FFFD0546DDF778FFAFF60C20DDF774FFFE
:103820007FBD70B50446DDF775FF5A480078012862
:1038300017D11CB97BA0DDF767FF0AE0012C03D18B
:1038400082A0DDF761FF04E0022C02D189A0DDF740
:103850005BFF90A0DDF758FFAFF60020DDF754FFC7
:1038600016E01CB994A0DDF74FFF0AE0012C03D14C
:103870009BA0DDF749FF04E0022C02D1A1A0DDF7F7
:1038800043FFA9A0DDF740FFAFF67C20DDF73CFF4A
:103890000AE00025DDF7A8FA0546B5F5600F02D06D
:1038A000B5F5500F00D100E0F3E700BF284670BD2A
:1038B00010B50446DDF72EFF36480078012810D1F8
:1038C0001CB9A2A0DDF720FF1BE0012C03D1A8A0AA
:1038D000DDF71AFF15E0022C13D1ADA0DDF714FFC0
:1038E0000FE01CB9B2A0DDF70FFF0AE0012C03D1F5
:1038F000B7A0DDF709FF04E0022C02D1BCA0DDF780
:1039000003FFC2A0DDF700FF10BD70B588B004460C
:103910000D462021684601F061FA8C206843B0FB17
:10392000F4F000F10A063246BEA1684600F0C6FD7A
:103930006846DDF7E9FE08B070BD0000444331364B
:103940002833302C35362C27CEB4BCECB2E2B5BDD2
:10395000B9CCBCFE272C31293B0D0A00444331363B
:103960002834352C34362C27CCF8D7AACAA7B0DC9B
:10397000272C31293B0D0A00444331362834352C9D
:1039800034362C27D0B4C8EBCAA7B0DC272C312999
:103990003B0D0A00280200204443313628302C35E4
:1039A000302C2755706461746520436F756E7420E8
:1039B00053756363657373272C32293B0D0A00002E
:1039C000444331362831352C35302C27557064610D
:1039D000746520436F756E7420457272272C3129EF
:1039E0003B0D0A00444331362833352C35302C2723
:1039F000B8FCD0C2B5E3CAFDB3C9B9A6272C322999
:103A00003B0D0A00444331362833352C35302C2702
:103A1000B8FCD0C2B5E3CAFDCAA7B0DC272C312957
:103A20003B0D0A00444331362831312C34302C27E9
:103A3000446F776E6C6F6164204669726D77617256
:103A400065272C32293B0D0A000000004443313623
:103A50002832302C34322C27526573746F726520F3
:103A6000466163746F7279203F272C32293B0D0A1F
:103A700000000000444331362834302C34322C27E7
:103A80004A554D5020415050203F272C32293B0DA4
:103A90000A000000444331362831362C39302C27B7
:103AA0002D2022456E746572224E657874202D2774
:103AB0002C34293B0D0A00004443313628382C327F
:103AC000382C27D0C2B9CCBCFEB0FCA3ACCAC7B757
:103AD000F1CFC2D4D8272C32293B0D0A00000000B8
:103AE000444331362831362C34322C27CAC7B7F13B
:103AF000BBD6B8B4B3F6B3A7C9E8D6C3272C3229CE
:103B00003B0D0A00444331362832302C34322C2706
:103B1000CAC7B7F1BDF8C8EBD3A6D3C3B3CCD0F2B4
:103B2000272C32293B0D0A00444331362831362CEC
:103B300039302C272D2022456E74657222BCCCD0E2
:103B4000F8202D272C34293B0D0A00004443313640
:103B50002832382C35352C27446F776E6C6F6164B2
:103B6000696E672E2E2E272C35293B0D0A0000008A
:103B7000444331362834302C35352C275570646158
:103B800074696E672E2E2E272C35293B0D0A0000F6
:103B9000444331362834302C35352C27576174692D
:103BA00074696E672E2E2E272C35293B0D0A0000D6
:103BB000444331362835352C35352C27CFC2D4D85F
:103BC000D6D02E2E2E272C35293B0D0A00000000C2
:103BD000444331362835352C35352C27D0A3D1E94F
:103BE000D6D02E2E2E272C35293B0D0A00000000A2
:103BF000444331362835352C35352C27B5C8B4FD2E
:103C00002E2E2E272C35293B0D0A0000424F582816
:103C100031302C37352C3135302C39302C31362998
:103C20003B0D0A00424F58462831302C37352C25A1
:103C30003032642C39302C35293B0D0A000000004D
:103C4000704700B5F948006B20F44010F74908634D
:103C5000F748006840F08060F5490860FFF7F0FF22
:103C600000BD2DE9F041ADF5006D06460D4600277B
:103C70004FF40061684601F0B1F8304600F04AFFA9
:103C80008046424631460120DCF721FF3146E9A05B
:103C900000F008FC16E00A20DCF77CFFE748DEF7BE
:103CA0005FF80446002C0DDD0DEB07012246E348CA
:103CB000DEF781F8381987B2E1A1684600F0C8FE46
:103CC00000B104E02800A5F101010DB2E3D100BF6D
:103CD000002D04DC01200DF5006DBDE8F081002011
:103CE000F9E710B5B2B00446D6480078FF2804D0F2
:103CF000D44890F82400FF2802D1012032B010BD32
:103D00000020D04981F821000021CE4880F84510DC
:103D100000F124030246CCA1684600F0CFFB214607
:103D20006846FFF79EFF08B10220E7E70020E5E7BD
:103D30002DE9F0478246894600240025C8A1504657
:103D400000F086FE0646C8A1504600F081FE0746F8
:103D50004921484601F020F806B117B90120BDE815
:103D6000F087761D093734463D4607E0641C20780D
:103D70000D2803D160780A2800D102E020780028BD
:103D8000F4D100BFA01B00F0FF08B8F1200F01DD47
:103D90000220E4E742463146484600F031FF07E0A2
:103DA0006D1C28780D2803D168780A2800D102E01C
:103DB00028780028F4D100BFE81B00F0FF08B8F114
:103DC000200F01DD0320CAE74246394609F12400ED
:103DD00000F016FF0020C2E770B5ADF5007D44F29B
:103DE000506500263221A3A0FFF73BFF18B1012048
:103DF0000DF5007D70BD3221A0A0FFF732FF08B1A4
:103E00000220F5E70A219FA0FFF72BFF08B103204E
:103E1000EEE732219FA0FFF724FF08B10420E7E777
:103E200040F2DC50FFF75DFF08B90020E0E73221E7
:103E30009DA0FFF716FF08B10620D9E79FA000F06C
:103E400031FB4FF40071684600F0C8FF34E0681E93
:103E500085B20A20DCF79EFE7848DDF781FF044634
:103E6000002C28DD0DEB060122467448DDF7A3FF88
:103E7000301986B269466FA000F014FB95A1684620
:103E800000F0E6FD00B917E097A1684600F0E0FDFC
:103E900088B1322198A0FFF7E4FE08B10520A7E71A
:103EA00099A000F0FFFA67496846FFF741FF08B1A3
:103EB00006209DE702E000BF002DC8D100BF002D05
:103EC00001DC062094E7002092E72DE9F043ADF5F0
:103ED000117D05460E4617464FF000084FF400715D
:103EE00001A800F07BFF33462A468CA181A800F090
:103EF000E5FA81A800F00EFE81464A4681A901201C
:103F0000DCF7E5FD3246294684A000F0CBFA2EE02E
:103F10006420DCF73FFE4948DDF722FF0446002C11
:103F200025DD01A800EB080122464448DDF743FFE8
:103F300008EB04001FFA80F801A93EA000F0B2FAD5
:103F40007DA101A800F084FD00B115E07CA101A8CD
:103F500000F07EFD20B101200DF5117DBDE8F0835C
:103F600079A101A800F074FD08B10220F4E738003F
:103F7000A7F101010FB2CBD100BF002F01DC03205C
:103F8000EAE7052175A0FFF76CFE08B10420E3E71E
:103F90000020E1E710B505240EE0032273A1012003
:103FA000DCF795FD4FF47A70DCF7F4FD322170A058
:103FB000FFF757FE00B904E02000A4F101010CB2A4
:103FC000EBD100BF002C01DC012010BD0020FCE77C
:103FD0002DE9F04105460E4617464FF000081448FB
:103FE000C06840F080601249C8603220DCF7D2FD22
:103FF0000F48806840F080600D49886040F2DC50D6
:10400000DCF7C8FD4FF420525A490C48DDF78EFE0C
:104010000C4890F8480038B9FFF7DEFE28B90120B7
:10402000084981F84800D2E0A9E0A5E00000064870
:1040300000000A4825730D0A00000000D414002077
:104040004F4B00002902002041542B43574A415056
:104050003D222573222C222573220D0A0000000028
:10406000737369643A00000070617373776F7264F0
:104070003A00000041540D0A000000004154453050
:104080000D0A000041542B43574D4F44453D310D1F
:104090000A00000041542B43574155544F434F4EA3
:1040A0004E3D300D0A00000041542B4357535441FC
:1040B0005254534D4152543D3200000053746172CA
:1040C0007420536D617274436F6E6669673A0D0AAE
:1040D00000000000536D6172742067657420776979
:1040E000666920696E666F00636F6E6E65637465E6
:1040F000642077696669000041542B435753544F3D
:1041000050534D415254000073746F7020536D61D1
:104110007274436F6E6669670D0A000041542B4349
:10412000495053544152543D22544350222C22258D
:1041300073222C25640D0A00434F4E4E4543540014
:10414000434C4F5345440000414C52454144592093
:10415000434F4E4E454354454400000041542B43C9
:10416000495053454E440D0A000000002B2B2B00F4
:1041700041540000E41400200B20BDE8F0810A2126
:10418000AFF21010FFF76DFD08B10120F5E7322105
:10419000AFF21810FFF765FD08B10220EDE70A2124
:1041A000AFF22010FFF75DFD08B10320E5E73221F3
:1041B000AFF22010FFF755FD08B10420DDE740F60F
:1041C000B830FFF78EFD08B10520D6E700BF4FF4E9
:1041D000FA7113A0FFF745FD08B10620CDE73221A3
:1041E00019A0FFF73EFD08B10720C6E732211BA04A
:1041F000FFF737FD08B10820BFE732211BA0FFF70A
:1042000030FD08B10920B8E73A4631462846FFF7A5
:104210005CFE04460CB10A20AFE70020ADE70000C9
:1042200041542B434950534E54504346473D312C43
:10423000382C226E7470312E616C6979756E2E6324
:104240006F6D220D0A00000041542B434950534E1C
:10425000545054494D453F0D0A00000041542B4332
:1042600049504D4F44453D310D0A000041542B4308
:1042700049504D55583D300D0A00000070B5A0FB67
:104280000140B4F1805170F1000024BF002070BDE6
:10429000204600F007F805001CBF214600F07CFD19
:1042A000284670BD70B5064600F036FE056806F17A
:1042B0000B0020F00704B4429CBF002070BD2B46C9
:1042C0006A68BAB11068A04210D304F108018842AC
:1042D0003CBF5068586007D351681019416011689D
:1042E000091B016058601460101D70BD13465268B0
:1042F000002AE7D12146284600F016FE0028DED12C
:1043000070BD70B50446051F00F006FE0068002C65
:1043100014BF446870BD002C18BFA54284BF20465E
:104320006468F8D801680A18AA4218BF456003D12A
:104330002A6805461144016028684119A1421CBF42
:104340006C6070BD6168696021680844286070BD58
:1043500053EA020C00F069802DE9F04B4FF00006A3
:10436000002B1FBFB3FA83F503FA05F424FA05F610
:104370005E4012BF1643B2FA82F502FA05F4C5F1A7
:1043800020051EBF22FA05FC44EA0C04203556EA3B
:10439000044C4FEA144418BF641C4FF000084FF05F
:1043A0000009904271EB030C39D3002919BFB1FA0F
:1043B00081F701FA07F6B0FA80F700FA07F6C7F1BD
:1043C00020071EBF20FA07FC46EA0C062037B6FB82
:1043D000F4FCA7EB0507103F07F01F0BCBF12006FD
:1043E0000CFA0BFB2CFA06F644BFB3460026202F2E
:1043F000A4BF5E464FF0000B5BEA060C08BF4FF00F
:10440000010B19EB0B09ABFB027C48EB0608C01B48
:1044100006FB02CC0BFB03CC71EB0C01C1E70B4696
:10442000024641464846BDE8F08B13B54FF0000008
:104430004FF00001AFF30080BDE81C407047B2F1BF
:1044400020030AD5C2F1200301FA02F120FA03F396
:1044500000FA02F041EA0301704700FA03F14FF05D
:1044600000007047B2F120030AD5C2F1200320FA00
:1044700002F001FA03F321FA02F140EA0300704767
:1044800021FA03F04FF00001704710B5044600F028
:104490003BFD0068005DC00602D504F1200010BDA0
:1044A000204610BD0FB4044910B503AA029801F0CC
:1044B00039F810BC5DF814FB540000200FB41CB593
:1044C000084B06AA7B4469460090059800F0F3FF6C
:1044D00004460020694601F001F820461CBC5DF846
:1044E00014FB0000151000000FB47CB50C0009AAE5
:1044F000009001D02044401E084B7B446946019047
:10450000089800F0D8FF05461CB10020694600F06D
:10451000E5FF28467CBC5DF814FB0000E90F0000B5
:1045200070B5044685690068C10601D5302600E0F3
:104530002026C00708D070BDD4E90121304690473D
:10454000206A00F1010020626D1EF5D570BD70B5C6
:10455000044685690068C00708D170BDD4E901210F
:1045600020209047206A00F1010020626D1EF5D5E1
:1045700070BD70B505460C46012A05D02868800636
:1045800000D5EA69002302E0012305E05B1C9342A9
:1045900002D2E05C0028F9D1A869E618C01AA86127
:1045A000286A184428622846FFF7BAFF04E0D5E9D4
:1045B000012114F8010B9047B442F8D32846FFF7C5
:1045C000C6FF70BD2DE9F04107460025106875292A
:1045D000394616A411D0AFF30080002803DAC0F1E9
:1045E000000013A407E039688A0701D511A402E08E
:1045F000490704D510A4012501E0AFF30080002194
:104600000A2307F1240607E0B0FBF3F203FB1200D4
:10461000303070541046491C0028F5D12B462246F4
:104620003846BDE8F04100F0D4BC000000000000B6
:104630002D0000002B00000020000000116802681F
:10464000006A530501D508700BE0D30501D5088039
:1046500007E0130603D5C217C1E9000201E05206C4
:104660000860012070470000F0B40D46016809059C
:1046700002D51C4C7C4402E01A4C7C440E340021D0
:1046800000F1240307E002F00F064FEA1212A65DC4
:104690005E5401F10101002AF5D1134602681207A8
:1046A00004D5702D06D009B1113402232246F0BC86
:1046B00000F08FBC10340123F8E770B504460D46B6
:1046C00021461068AFF30080024629462046BDE827
:1046D0007040C9E70368126843F0200303600823B1
:1046E000C361C1E7086C00002DE9F05F044689460C
:1046F0004FF0000ADFF878B1FB44C0F820A0204654
:10470000E1688847002875D0252806D0D4E9012122
:104710009047206A401C2062F1E700265F46204651
:10472000E16888472028054608DB312D06D207EBD3
:10473000050010F8200C08B10643F0E7B00701D5DA
:1047400026F00406C4F81CA00027C4F818A02A2DDF
:1047500009D0284601F018FF38B304EB8708303D34
:10476000C8F8185019E059F8041B204604EB8702DA
:104770009161E1688847012F054618D1E06900285A
:1047800020DA26F020061DE0D8F8180000EB8000A3
:1047900005EB40003038C8F818002046E16888472B
:1047A000054601F0F1FE0028EED1012F0AD02E2D92
:1047B00008D12046E16888477F1C0546022F46F055
:1047C0002006C4DBA069002803DA404246F0010657
:1047D000A061F00701D026F010066C2D0BD0682DDB
:1047E00009D04C2D39D06A2D35D0742D35D07A2D85
:1047F00033D016E038E0E1682F4620468847B842BB
:10480000054609D16C2F26D04FF48060E16806433D
:1048100020468847054604E06C2F1AD04FF480707C
:1048200006430DB3A5F14100192802D8203546F4FE
:1048300000664A462946204626604E46DBF79AFC2B
:1048400080B101280BD0F61D26F0070000F1080901
:1048500055E74020E4E78020D8E70020D6E706F1BE
:1048600004094CE7284651E7206ABDE8F09F0000A4
:10487000AC6B00000FB400B58DB010A90990009189
:104880000B904FF0FF300A9000200C9006487844BF
:104890000690064878446A4607900F9909A800F0E8
:1048A00067FE0DB05DF814FB030D00001B0D00004A
:1048B0002DE9FF5F1D464FF0FF3B91464FF000088A
:1048C0005F46D5E90146A96901987F1C8847296A96
:1048D000824688470028F6D11AF101000CD0002E3C
:1048E00024F4C06419DD600614D5BAF12B0F09D089
:1048F000BAF12D0F0ED103E0584604B0BDE8F09F89
:1049000044F48064A96901987F1C8847761E82461A
:10491000002E02DDBAF1300F03D0B9F1000F26D01E
:1049200032E0A969761E01987F1C44F40074884720
:10493000002E824605DDBAF1780F06D0BAF1580F85
:1049400003D0B9F1000F10D01EE0B9F1000F02D072
:10495000B9F1100F18D1A969761E01987F1C24F4B3
:10496000007488478246102002E0082000E00A20F8
:10497000814609E0A96908FB0908761E01987F1C99
:1049800044F4007488478246002E05DD49465046AF
:1049900000F0DAFD0028EDDAE96901988847A00502
:1049A00002D46FF00100A8E7E00727D1600614D514
:1049B000600502D5C8F1000000E04046296801F119
:1049C00004022A600968220501D5087016E0220752
:1049D00001D5088012E0086010E0286800F10401A9
:1049E00029600068210502D580F8008006E02107D3
:1049F00002D5A0F8008001E0C0F8008038467CE7CE
:104A00000B4910B5A1F17C020A4BC2E937123721DC
:104A100006E000EB104442F82140074C00FB043054
:104A20000C1EA1F10101F4DC10BD0120E8E700003B
:104A30004C6F0020E119D666CD0D0100401ECAB2B0
:104A400010F8011F8A4202D00029F9D100207047D6
:104A500030B505460B462A4613F8014B12F8010BF8
:104A600008B1A042F8D01CB1002802D06D1CF1E7BB
:104A7000284630BD40EA010310B59B070FD1042A38
:104A80000DD310C808C9121F9C42F8D020BA19BA19
:104A9000884201D9012010BD4FF0FF3010BD1AB17E
:104AA000D30703D0521C07E0002010BD10F8013BD3
:104AB00011F8014B1B1B07D110F8013B11F8014BFA
:104AC0001B1B01D1921EF1D1184610BD40EA010313
:104AD000024630B59B0710D14FF0013400E008C208
:104AE00008C91D1B9D4315EAC41FF8D013F0FF0130
:104AF00002F8011B0DD01B0AF8E711F8013B002B4F
:104B000002F8013B05D011F8013B002B02F8013BF4
:104B1000F3D130BD10B5431C02E010F8011B71B198
:104B20008107FAD14FF0013202C88C1A8C4314EA83
:104B3000C211F9D0C01A0A0603D0C01E10BDC01A97
:104B400010BD0A0401D0801E10BD0902FCD0401E19
:104B500010BD40EA010370B59B072ED14FF001361E
:104B6000042A2AD308C810C9121F9D1B9D4315EAA9
:104B7000C61517D0D8B2E1B2401A50EA056110D17B
:104B800098B2A1B2401A50EA05410AD123F07F4001
:104B900024F07F41401A50EA052102D1180EA0EB03
:104BA000146070BDA342DBD018BA21BA884201D983
:104BB000012070BD4FF0FF3070BD0AB9002070BDFC
:104BC00010F8013B11F8014B63B1A3420AD1521E08
:104BD00008D010F8013B11F8014B1BB1A34201D1E1
:104BE000521EEDD1181B70BD421E12F8013F002B62
:104BF000FBD111F8013B002B02F8013BF9D17047C2
:104C0000032A40F2308010F0030C00F0158011F8F8
:104C1000013BBCF1020F624498BF11F801CB00F8D0
:104C2000013B38BF11F8013BA2F1040298BF00F824
:104C300001CB38BF00F8013B11F0030300F067809F
:104C4000083AC0F0088051F8043B083A51F804CB08
:104C5000A0E80810F5E7121D5CBF51F8043B40F8CE
:104C6000043BAFF30080D20724BF11F8013B11F8D9
:104C700001CB48BF11F8012B24BF00F8013B00F81D
:104C800001CB48BF00F8012B7047431A28BF9A4256
:104C90007FF6B6AF032A1044114440F2268010F08C
:104CA000030F1EBF11F8013D521E00F8013D10F028
:104CB000030F7FF4F6AF11F0030300F09E84083A6F
:104CC000C0F00B8051F8043D083A51F804CD40F88B
:104CD000043D40F804CDFFF7F3BF121D5CBF51F84F
:104CE000043D40F8043DAFF30080D20724BF11F823
:104CF000013D11F801CD48BF11F8012C24BF00F887
:104D0000013D00F801CD48BF00F8012C704710B5F7
:104D1000203AC0F00B80B1E81850203AA0E81850B3
:104D2000B1E81850A0E81850BFF4F5AF5FEA027C74
:104D300024BFB1E81850A0E8185044BF18C918C0E3
:104D4000BDE810405FEA827C24BF51F8043B40F884
:104D5000043B08BF7047D20728BF31F8023B48BF69
:104D600011F8012B28BF20F8023B48BF00F8012BA7
:104D7000704701F0FF03114601B543EA032242EAFE
:104D8000024200F00BF801BD02F0FF0343EA0322E8
:104D900042EA024200F002B84FF000020429C0F0DB
:104DA000128010F0030C00F01B80CCF1040CBCF15D
:104DB000020F18BF00F8012BA8BF20F8022BA1EBAF
:104DC0000C0100F00DB85FEAC17C24BF00F8012B94
:104DD00000F8012B48BF00F8012B70474FF000028C
:104DE00000B5134694469646203922BFA0E80C50E1
:104DF000A0E80C50B1F12001BFF4F7AF090728BFBC
:104E0000A0E80C5048BF0CC05DF804EB890028BF37
:104E100040F8042B08BF704748BF20F8022B11F060
:104E2000804F18BF00F8012B704710B5044610F0F2
:104E3000030F08BF11F0030F40F015804FF0013E43
:104E4000121FC0F20E8051F8043BA3EB0E0C2CEAAB
:104E5000030C1CEACE1C08BF40F8043BF0D0A1F1C3
:104E6000040102F10402521E08DB11F8013B002B81
:104E700000F8013BF7D11146FFF78EFF204610BD29
:104E80004FF0013C50F8042B51F8043B9A4221D1D9
:104E9000A2EB0C03934313EACC1317D150F8042B65
:104EA00051F8043B9A4215D1A2EB0C03934313EA49
:104EB000CC130BD150F8042B51F8043B9A4209D182
:104EC000A2EB0C03934313EACC13DBD04FF00000AA
:104ED000704700BFD01A01BAB1FA81F101F0180190
:104EE00022FA01F0CB40C1F12001DBB2C0B2C01AFE
:104EF0002CFA01F3D11A914311EAC311E6D170479C
:104F0000704770477047000010B500F0A5FB001D0A
:104F100010BD00BF9921000000487047BC6F002001
:104F2000704770477047704738B504460A460020FE
:104F30006946AFF30080002808BF38BD02460099DB
:104F4000204600F091FB012038BD012000F066BE34
:104F5000F8B5AFF30080054600200C46102000BFD6
:104F60000646A819A0420DD9324669460020AFF383
:104F70000080070008BF00F051FE0098A04218BF53
:104F80000546C419FFF7C8FF05600746F01D20F06D
:104F900007004619284600F00AF8B44208BFF8BDD9
:104FA000A21B31463868BDE8F84000F05DBB002127
:104FB0000160C0E9011070471020704710B500F083
:104FC0004FFB006810BD10B5044600F049FB0460BB
:104FD00010BD2DE9F0470D4604469246994600F172
:104FE00024080168880604D5E06921F010012160D9
:104FF00000E00120A84202DDA0EB050700E0002749
:10500000A16907EB050202EB0900A1EB0000A0611A
:105010002068C00602D42046FFF782FA002608E086
:10502000D4E901211AF806009047206A401C761C3A
:1050300020624E45F4DB2068C0060AD52046FFF703
:105040006FFA06E0D4E9012130209047206A401C25
:105050002062381EA7F10107F4DC07E0D4E9012142
:1050600018F805009047206A401C2062281EA5F110
:105070000105F3DC2046FFF76AFA2068000602D536
:105080000220BDE8F0870120FBE770472DE9FF4FC4
:105090000C461E464FF0FF378BB0D2E90001DDF819
:1050A00060800A908A46C1F30A5505B93D46002141
:1050B00008464FF00000BAF1000F00F4400005DA96
:1050C00000EB80004FF4400101EA50004FEA905994
:1050D000B9F1010F00DDB9460A9850EA4A000FD035
:1050E00044F61050A5F2FF3545432F14B8F1000FD8
:1050F0001FD07542291E1FDD4846C9F100021CE081
:10510000B8F1010F4FF0000001D1F24307E0302168
:1051100001E02154401CB042FBDB3046002200215C
:1051200021540B99C1F80880C1E900200FB0BDE8F7
:10513000F08FBD1B6D1CDDE74A4600DA694206A808
:1051400000F0F6FC06AB07CB03AB07C350460A9949
:1051500000F0EEFD8DE80700A0F500501F3800902C
:105160000398002D09DD42F21F014A46084403A9B5
:105170000390684601F04DF808E0A0F500504A465B
:105180001F3803A90390684601F057F88DE807001F
:105190000004000C03D04FF0FF30410800E010463F
:1051A000B8F1000F03D00022009215461FE0751ED3
:1051B00006D400F073FA02F1300262556D1EF8D584
:1051C000B3460122084302D000227F1C04E020786D
:1051D000302801D100227F1E002A099786D01DE0C9
:1051E000112D07DA00F05AFA303262556D1C50EA80
:1051F0000102F5D108430FD10021681E05E0235CB0
:10520000625C6354491C2254401E8142F7DBAB466A
:10521000A81B401E099001E0009848B1002004F846
:105220000B000B98099AC0F80880C0E9002B7DE7B5
:1052300011264FF0000859E72DE9F04F8846044643
:10524000D21D22F0070191B0D1E90001CDE90A0198
:1052500001F029F902460B98C00F01D02D2007E07C
:105260002068810701D52B2002E0202101EAC0003F
:10527000032A099001D0072A05DB03464146204650
:1052800000F05AFA0EE12068800601D5E06900E0DE
:105290000620B8F1650F814606D0B8F1660F18D028
:1052A000B8F1670F72D132E00020B9F1110F009010
:1052B00001DB112301E009F101030AAA01A90CA8ED
:1052C000FFF7E4FEDDE90C70002609F101058346D5
:1052D00048E001204B4600904FF000470AAA01A980
:1052E0000CA8FFF7D3FEDDE90C050E990026AB46AE
:1052F00019B909F1010100EB0105B9EB050003D46F
:10530000C0F1FF3609F10105A5EB09002BE0B9F169
:10531000010F01DA4FF001090020B9F1110F0090DF
:10532000484601DD112300E003460AAA01A90CA8A2
:10533000FFF7ACFEDDE90C704D4600268346206881
:1053400000070AD4AB4500DA5D4601A8012D04DD53
:10535000411911F8011C302907D04F4502DA17F125
:10536000040F04DA0120824610E06D1EEEE7002FE4
:1053700002DCED1B3E4403E0781CA84200DD05463C
:10538000A7EB060000F1010A4FF000472068000774
:1053900003D4AA4501DB4FF0FF3A0021B7F1004FDB
:1053A0000DF143088DF8431022D002202B23002F4B
:1053B00001DA7F422D230A22011EA0F1010000DC48
:1053C0004FB197FBF2F102FB117C0F460CF1300C50
:1053D00008F801CDF0E7A8F1010003702168090584
:1053E00001D5452100E06521A0F1010800F8011C6C
:1053F00009980FA9A1EB080707F1070700B10120E1
:1054000000EB050101EBEA70A1693844A1EB000053
:10541000A0F10100A0612068C00602D42046FFF779
:105420007FF8099830B1D4E901219047206A00F152
:10543000010020622068C00620D52046FFF770F8E2
:105440001CE0002E04DBB34502DD01A8805D00E016
:105450003020D4E901219047206A761C401CBAF123
:10546000010A20620AD100F0F7F8C0680168405CC8
:10547000D4E901219047206A401C2062281EA5F132
:105480000105DEDC07E0D4E9012118F8010B9047A3
:10549000206A401C2062381EA7F10107F3DC204679
:1054A000FFF755F8022011B041E6000001694A1CDF
:1054B00002610878704700B58FB0CDE90131002155
:1054C000059105497944CDE9031011466846FFF777
:1054D0000BF90FB000BD0000E5FFFFFF0A6802F8FE
:1054E000010B0A607047D1E900239A4202D2531C93
:1054F0000B601070704710B5436913B1AFF30080B3
:1055000001E0FFF736F8012010BD126800F1240118
:105510000A7000224A700122EDE711684FF0FF3255
:10552000E9E70000074B70B50C467B44FFF7C3FF6B
:105530000546204600F06EFB10B14FF0FF3070BD05
:10554000284670BDC1B5FDFF3A2800D2303820F0A2
:105550002002412A01D3A2F13700884201D34FF043
:10556000FF30704702681144137801601846704795
:105570000B461146054A7A444A61054A7A440A6252
:105580000022C1E9033200F017B90000EBFFFFFF72
:10559000A7010000426842B1016811F8013B23B144
:1055A000521EC0E90012184670470121C160881ED2
:1055B0007047416859B1C368026843B98368934230
:1055C00005D0521E491CC0E90021002070474FF051
:1055D000FF307047431A28BF9A427FF698AB1044B9
:1055E00010F0030F11441EBF11F8013D521E00F8C8
:1055F000013D10F0030F7FF4F6AF103AC0F00A80BF
:1056000010B531E91850103A20E91850BFF4F9AF3D
:10561000BDE81040530724BF31E9081020E9081005
:1056200044BF51F8043D40F8043D12F0030F08BF99
:105630007047D20728BF31F8023D48BF11F8012C4E
:1056400028BF20F8023D48BF00F8012C7047000039
:1056500000487047B46F002000487047D46F0020A6
:1056600000487047B46F0020034640688C4600280D
:1056700018BF814284BF03464068F8D818681844B0
:10568000884207D00CF1030020F00700001D411AEA
:10569000521A0146081D0A60FEF733BE30B5B0F15C
:1056A0000A024FEA900E71F100034EEA817EB0EBE0
:1056B0000E0061EB91014FEA101E4EEA017E10EBE5
:1056C0000E0041EB11114FEA102E4EEA016E10EB65
:1056D0000E0041EB11214FEA104E4EEA014E10EB45
:1056E0000E0041EB1141401841F100014FEAD0009A
:1056F00040EA41704FEAD10110EB80054FEA810486
:1057000044EA907444EB01046D1944EB0404521B09
:10571000A3414FF0000348BF0A3200D530BD401C02
:1057200041F1000130BD10B50446FFF7EDFB006804
:10573000005D00F0010010BD2DE9F04104461F4658
:1057400003260168072A01F4006004DB08B116A5EE
:1057500005E016A503E008B115A500E015A521F0A8
:1057600010002060A069C01EA0610FB1401EA061A2
:105770002046FEF7D5FE4FB1D4E9012138469047C7
:10578000206A401C2062C01C206206E0206AFAE702
:10579000D4E9012115F8010B9047761EF8D2204676
:1057A000FEF7D5FEBDE8F0814E414E006E616E0001
:1057B000494E4600696E66002DE9F34F4FF0000A2E
:1057C0000C4656468FB001200DF1100B0D9001F1E3
:1057D0000C000390626903980121904705002DD0C9
:1057E000252D2CD0216A8847C0B162690398012118
:1057F0009047216A88470028F7D16269411E0398C3
:10580000904700E0761CA1690F988847216A884775
:105810000028F7D1E1690F988847DBE7A1690F9865
:105820008847A842074601D1761CD3E7E1690F9863
:1058300088477F1C02D1BAF1000F6FD06BE162691B
:10584000039800273D46394690472A2804D16269CB
:105850000398012190470125DFF8D08262690398FF
:1058600001219047A0F130010A290AD24745E5DC21
:1058700007EB870100EB4107303FDFD445F010050F
:10588000ECE7E90601D46FF000476C280AD04C28F9
:1058900014D0682815D06A280DD074281CD07A2816
:1058A0001AD01DE062690398012190476C2802D04C
:1058B00045F0040514E045F002050DE045F0200533
:1058C0000AE06269039801219047682802D045F0F8
:1058D000080505E045F400656269039801219047D9
:1058E000C4E9015765283DD019DC582879D00CDC73
:1058F000452837D004DC252826D041289ED131E028
:1059000046282FD0472899D12CE05B287FD06128EA
:1059100028D063287BD0642823D159E0F6E06F2893
:1059200047D008DC66281DD067281BD0692821D005
:105930006E2816D127E0702844D0732867D07528C8
:1059400046D078280DD14CE0A1690F9888472528CA
:1059500005463FF469AFE1690F9888476D1C3FF435
:105960006AAFD8E00F9923466A466FF00100AFF3A3
:105970000080C5E045F0400023464FF00002606023
:10598000A80735D43DE0206800F1040121600068DB
:10599000290501D506701DE7290701D5068019E7FD
:1059A000A90704D54FEAE671C0E9006112E7066075
:1059B00010E745F0400023464FF008026060A8075A
:1059C00016D41EE040F60E0125EA0100606016E0E4
:1059D00045F0400023464FF00A026060A80707D454
:1059E0000FE045F040006060A80708D5234610226C
:1059F0000F996FF00100AFF3008081E007E0102203
:105A000023460F996FF00100FEF752FF78E04FF048
:105A1000000963284F46C8464B46CDF8309002D067
:105A20005B2806D02FE0E80601D40120A060012702
:105A300029E062690398012190475E2805D14FF063
:105A400001094946626903989047216979B3E16881
:105A5000891E0C9160B3216959B308F1010862698C
:105A60000398012190475D28F4D1B9F1000F09D0C6
:105A70005946002051F82020D24341F82020401CF4
:105A80000828F7DB04AB2069002860684FEA407003
:105A900027D02246CDF80080CDE901970C9B0F99C5
:105AA00000286FF0010029DAAFF3008028E001E060
:105AB00031E007E000235A4642F82130491C08290A
:105AC000FADBC7E7C11700EBD1635A1123F01F03BC
:105AD0000BEB8201C31A0A680120984002430A6056
:105AE000BDE7009722460F9900286FF0010002DA07
:105AF000AFF3008004E0AFF3008001E0AFF300807B
:105B000000280ADA401C06D10D9820B14FF0FF3072
:105B100011B0BDE8F08F5046FAE7E90701D10AF16C
:105B2000010A064400200D9054E60000CCCCCC0CB9
:105B30002DE9F047814616468AB035487844D0E9C9
:105B4000002380680092CDE90130314878440C3858
:105B5000D0E90223006903924FF03702CDE9043007
:105B600041F69B30014491FBF2F0A0F1800502FB6D
:105B700010141B3C02D56442012000E00020DFF835
:105B800090A080460027FA44AAF1C60A0DE0E0077B
:105B900009D03246684607EB47010AEB810100F065
:105BA0004CFB8DE8070064107F1C002CEFD1184FD0
:105BB0007F44B43F17E0E80713D007EB04100DF162
:105BC000180A90E80E00AAE80E00C068F04201D161
:105BD00098190890324606A903A800F02EFB03ABE3
:105BE00007C36D10641C002DE5D132466946B8F13B
:105BF000000F03A802D000F00CFB01E000F01DFB39
:105C0000C9E90001C9F808200AB0BDE8F087000022
:105C10008C580000C06800F08000704710B500F09C
:105C200035F8BDE8104000F02CB870477546FFF716
:105C30000FFDAE4605006946534620F00700854635
:105C400018B020B5DAF704FBBDE820404FF000069D
:105C50004FF000074FF000084FF0000B21F0070154
:105C6000AC46ACE8C009ACE8C009ACE8C009ACE897
:105C7000C0098D4670470446AFF300802046DAF72E
:105C8000B6FA002801D000F029B8704710B50128F5
:105C900005D0002103A000F027F8012010BD09A1C4
:105CA000F8E7000053494752544D454D3A204F758F
:105CB00074206F662068656170206D656D6F727904
:105CC000000000003A2048656170206D656D6F72BC
:105CD0007920636F727275707465640001491820D1
:105CE000ABBEFEE72600020070B505460C460A2052
:105CF00000E06D1C00F011F835B128780028F8D1CB
:105D000002E0641C00F009F814B120780028F8D1F2
:105D1000BDE870400A20AFF3008008B569468DF8F1
:105D200000000320ABBE08BD00487047B86F0020DC
:105D30005FEA400C08BF91F0000F4FEA8C234FEA56
:105D4000C12243EA51514FEA1C5018BF00F5F04000
:105D50004FEA300018BF41F000415FEA6C5C00F090
:105D60002980BCF1FF3F08BF40F080407047130C12
:105D700006BF12044FF0100C4FF0000C130E04BFBE
:105D800012020CF1080C130F04BF12010CF1040CE9
:105D9000930F04BF92000CF1020CD30F04BF52000A
:105DA0000CF1010C11464FF00002A0F11F00A0EB16
:105DB0000C00704711F0004F08BF704731F00041F0
:105DC0003FF4D5AF0B0C06BF09044FF0100C4FF099
:105DD000000C0B0E04BF09020CF1080C0B0F04BFE2
:105DE00009010CF1040C8B0F04BF89000CF1020CAB
:105DF000CB0F04BF49000CF1010CCCF12003A0EB48
:105E00000C0022FA03F302FA0CF241EA030100F15A
:105E10000100704720F07F4C80EA030023F07F47A9
:105E2000ACEB070303F57C5300F0004003F1FF03E4
:105E30002DE980494FEA154B09B44FEA144325EA8E
:105E40000B4E24EA03480FF2042606EB13274908F9
:105E50003E785FEA320203FB0667C7F5000707FBDF
:105E600006F64FEA54374FEAD64606F1020607FB1C
:105E7000066CCCF1005C4FEA1C472CEA074C07FB90
:105E800006F40CFB06F504EB15464FEA961634BFF4
:105E900000204FF000404FEAD13706FB07FC4FEAE5
:105EA0001C4C0CFB0BF7D21B03FB0CF761EB07013F
:105EB0000CFB0EF7B0EB074072EB17420CFB08F738
:105EC00034BFA2EB0742B2EB074261EB17414FEA46
:105ED0000C444FEA910706FB07FC4FEA1C4C0CFBF5
:105EE0000BF7B0EBC74072EB573203FB0CF734BF34
:105EF000A2EBC742B2EBC74261EB57310CFB0EF786
:105F0000B0EBC70072EB57720CFB08F734BFA2EB83
:105F1000C702B2EBC70261EB5771039F4FEA816181
:105F200041EA921104EBCC044FEAD1374FEA826286
:105F300006FB07FC42EA90124FEA80604FEA1C4CD5
:105F40000CFB0BF7D21B03FB0CF761EB07010CFBFF
:105F50000EF7B0EB074072EB17420CFB08F734BFAB
:105F6000A2EB0742B2EB074261EB17414FEA8C55B7
:105F70004FEA910704EB9C2406FB07FC4FEA1C4CFC
:105F80000CFB0BF7B0EBC74072EB573203FB0CF77F
:105F900034BFA2EBC742B2EBC74261EB57310CFBF7
:105FA0000EF7B0EBC70072EB57720CFB08F734BF6B
:105FB000A2EBC702B2EBC70261EB577115EB4C25A0
:105FC0004FEA816141EA92114FEA82624FEAD1378A
:105FD00042EA901206FB07FC44F100044FEA80609D
:105FE0004FEA1C4C0CFB0BF7D21B03FB0CF761EBCD
:105FF00007010CFB0EF7B0EB074072EB17420CFBEE
:1060000008F734BFA2EB0742B2EB074261EB17413E
:1060100015EB1C154FEA813141EA92414FEA823279
:1060200042EA90424FEA80304FEA0C7644F1000495
:1060300048EA03434EEA0B484FF0000EB2EB080C5F
:1060400071EB030724BF624639464EEB0E0E4FF04C
:10605000000B0018524149414BEB0B0BB2EB080C03
:1060600071EB03077BF1000B24BF624639464EEB10
:106070000E0E4FF0000B0018524149414BEB0B0B39
:10608000B2EB080C71EB03077BF1000B24BF6246F7
:1060900039464EEB0E0E51EA020718BF46F00106D4
:1060A00016EB0E7655F1000254F1000103D5BDE860
:1060B0008901BDE80088BDE88901BDE80048B6193E
:1060C000524141EB0101A3F10103704780807F7EC3
:1060D0007D7C7B7A7978777676757473727171705E
:1060E0006F6E6E6D6C6C6B6A6A6968686766666510
:1060F0006464636362616160605F5F5E5E5D5D5C9E
:106100005C5B5B5A5A59595858575756565555550E
:106110005454535352525251515050504F4F4F4E6E
:106120004E4D4D4D4C4C4C4B4B4B4A4A4A494949BC
:1061300048484847474747464646454545444444FE
:10614000444343434342424242414141002B26D40F
:10615000770021D01CB54FEA370703B44FF0100089
:106160004FF010014FF000000FBCBDE810400BF1E4
:10617000010BBBF1010F08BF5FEA170722BF12F145
:10618000010211F101014FF0004143F1000300F061
:10619000004043EA00007047F9D35708DAE746EABF
:1061A000064613F1400F4FEA16461FDD13F1200F8C
:1061B000DFBF16430A46002120335B42C8D0C3F13B
:1061C000200746EA064602FA07F74FEA164646EA6D
:1061D0000706C3F1200722FA03F201FA07F721FAB2
:1061E00003F14FF0000342EA0702B1E746EA020674
:1061F00046EA06464FEA164646EA0106BCBF46EAAC
:106200000646360C4FF000034FF000024FF000013D
:106210009EE72DE9C048934630B491E8380007C89E
:1062200031EA400C48BF34EA430C03D5FFF7F2FDD6
:10623000FFF78CFFF0BCBDE800882DE9C04893460D
:1062400030B491E8380007C810F0804F08BF13F051
:10625000804F03D100F005F8FFF778FFF0BCBDE8F0
:10626000008820F07F4780EA030023F07F4C07EB93
:106270000C03A3F57C5300F00040A3F1FE0392F061
:10628000000F00F0B38095F0000F00F077802DE94B
:1062900001494FEA11404FEA144621EA004800FB49
:1062A00006FC24EA064708FB06F607FB08F800FB95
:1062B00007F718EB06484CEB164C4FEA124B18EB5D
:1062C00007484FEA15464CEB174022EA0B4E0BFBF2
:1062D00006FC25EA06470EFB06F607FB0EFE0BFB47
:1062E00007F71EEB064E4CEB164C4FF000061EEB6C
:1062F000074E4CEB174B18EB0B0840F1000018EB66
:106300000E0B58EB000840F100008F1A4FF000010F
:106310003CBFC943661B14BFB5EB040C00213CBF56
:10632000C943F61B4FEA17444EEA8E0E27EA04458E
:106330004FEA1C4704FB07622CEA074C05FB07F7F2
:106340000CFB05F604FB0CFC16EB074642EB174270
:1063500016EB0C4642EB1C421BEB060658EB020206
:10636000414146EA9E0601D5BDE80189B619524170
:1063700041EB0101A3F10103BDE801894FEA144596
:106380004FEA114724EA054621EA074C05FB07F4CA
:1063900006FB07F70CFB06F105FB0CFC11EB0741B4
:1063A00044EB17444FEA124711EB0C4144EB1C44F9
:1063B00022EA074C05FB07F206FB07F70CFB06F683
:1063C00005FB0CFC16EB074642EB174216EB0C469E
:1063D00042EB1C456A1854F1000148BF7047B619DA
:1063E000524141EB0101A3F10103704795F0000F09
:1063F00037D04FEA11424FEA144721EA024624EA15
:10640000074C02FB07F106FB07F70CFB06F402FB47
:106410000CFC14EB074441EB17414FEA154714EB12
:106420000C4441EB1C4125EA074C02FB07F506FB37
:1064300007F70CFB06F602FB0CFC16EB074645EBD8
:10644000174516EB0C4645EB1C42121951F10001A1
:1064500048BF7047B619524141EB0101A3F1010356
:1064600070474FEA14454FEA114724EA054621EAEE
:10647000074C05FB07F106FB07F70CFB06F24FF094
:10648000000605FB0CFC12EB074241EB174112EB37
:106490000C4251EB1C4148BF7047921841EB01017F
:1064A000A3F101037047490050EAC12018BF04203E
:1064B0004A0D18BF40F0010040F2FF72B2EB515F8D
:1064C00008BF40F00200012808BF052070472DE9F1
:1064D000F0414F1E00EBC7010446D1E9000115460B
:1064E0001E4637F006020DD02A46334601F0DCF88E
:1064F0007F1E04EBC703D3E9002300F003FE37F04F
:106500000602F1D1022F25D0042F13D0062F18BF79
:10651000BDE8F0812A46334601F0C6F8D4E90A23E3
:1065200000F0F0FD2A46334601F0BEF8D4E9082316
:1065300000F0E8FD2A46334601F0B6F8D4E9062318
:1065400000F0E0FD2A46334601F0AEF8D4E904231A
:1065500000F0D8FD2A46334601F0A6F8D4E902231C
:1065600000F0D0FD2A46334601F09EF8D4E900231E
:10657000BDE8F04100F0C6BD024A0020110701F05D
:106580008BBC000001FDFFFF30380A2801D201203A
:1065900070470020704700002DE9F041C1F30A5216
:1065A000A2F2FF362F4A304B0D460446142E2FDA46
:1065B000002E12DA00F0A6FD0022134601F072F957
:1065C0004CD2002DA4BF0024254647DA25F0004018
:1065D000204318BF254D41D018E0DFF894C02CFAB5
:1065E00006F705EA070C5CEA040C08BFBDE8F08179
:1065F00000F088FD0022134601F054F92ED2002D40
:1066000003DA4FF48010F0400544BD43002425E038
:10661000332EC8BFBDE8F081A6F1140C4FF0FF3750
:1066200027FA0CF73C4208BFBDE8F08101F070F991
:106630000022134601F036F910D2002D0DDA142E87
:1066400008BF6D1C09D0C6F13400012101FA00F029
:106650002044A04238BF6D1C0446BC432946204656
:10666000BDE8F0819C7500883CE4377E0000F0BFF7
:10667000FFFF0F002DE9F04D16460F4605460200BC
:1066800096B01C4621F0004123F0004014BF4FF0AB
:10669000010C4FF0000C0CEB470CFE4B0CEB03080D
:1066A0004FEA630CC4452DD85FEA060818BF4FF0C7
:1066B000010808EB44089844F74B434522D8F74BB0
:1066C00050EA060C02D09F4205D14AB916B000200C
:1066D0001946BDE8F08D002A08BF4FF0000C01D02C
:1066E0004FF0010C0CEB470313F5001F0AD8002EE6
:1066F00014BF4FF0010C4FF0000C0CEB440313F5EA
:10670000001F08D916B03246234628463946BDE850
:10671000F04D00F0F7BCDFF888B34FF0000A002F0F
:10672000B8BF584523DADF4B9842A8BF4FF0020AA2
:106730001DDADA4B98421ADBDB4B03EB2053142BA8
:1067400008DDC3F1340C26FA0CF303FA0CFCB44553
:106750000DD108E05EB9C3F1140C20FA0CF303FA72
:106760000CFC844503D103F00103C3F1020A51EA92
:10677000020321D1002C1FDA002F18BFBAF1020F3B
:1067800002D0BAF1010F0BD00220FEF71CFC16B0AC
:106790000022BDE8F04D13461046C04900F06EBD22
:1067A0000220FEF710FC16B02A463B46BDE8F04D2D
:1067B0000020BA4900F062BD330076D1584525D19A
:1067C00007F1804010F5801001BF002A0020B34976
:1067D00016B008BFBDE8F08DB048814207DB002C41
:1067E000A1BF1846214616B0BDE8F08D07E0201E77
:1067F00005DA80F0004116B01846BDE8F08DAB49CF
:106800007944D1E9000116B0BDE8F08DDFF88CC203
:1068100060452FD1002C28DA39B159451CD1002A06
:1068200004BF002002460CD01FE06AB10220FEF730
:10683000CAFB40F2013200204FF0E04101F02CFB96
:106840000A46394600F0DEBA954A394616B00020AD
:1068500062F31E01BDE8F08D07DA16B03B46BDE8D5
:10686000F04D0020614600F009BD16B010463946D3
:10687000BDE8F08D8B4518DDB4F1804F0DD0A4F14B
:106880000053B3F1FF5310D13B1E0EDB16B0104680
:10689000BDE8F04D194600F0E3BB3B4616B010468C
:1068A000BDE8F04D194600F0FFBE27F00043A2BB43
:1068B000E1B1594538D1002F06DD002CA1BF0020E1
:1068C000594616B0BDE8F08D002F01DD002C1FDB0E
:1068D000002F16DA002C14DBBAF1010F4FF0000084
:1068E0000CBF73496E4916B0BDE8F08DBAF1020FC6
:1068F00018BF002F0CD0BAF1010F09D1002F07DA11
:106900000CE0002FB8BF002C0EDABAF1010F05D051
:10691000002016B00146BDE8F08D05E016B000205D
:106920004FF00041BDE8F08D4FF0010C0CEBE77229
:106930000F9252EA0A020BD05E4A90427DDD5E4B16
:106940005E4A984216DD91420EDC002C1CDB2CE0E6
:106950000120FEF738FB16B00022BDE8F04D1346CB
:106960001046114600F08ABC4C48884202DC002CDC
:106970000ADC1AE08A4202DD002C05DB15E0474BF9
:1069800099421EDD002C10DD0220FEF71CFB40F2B8
:10699000013200204FF0E04101F07EFA404A16B08B
:1069A00061F31E021146BDE8F08D0220FEF70BFBDD
:1069B000FFF7E2FD394A16B061F31E021146BDE849
:1069C000F08D00222846394601F094F805460F461E
:1069D0006FF0010201F060FA4FF05532384B00F0D1
:1069E00097FF2A463B4600F05FFE0022354B00F041
:1069F0008FFF8B4680462A463B461046194600F0DC
:106A000053FE42465B4600F04FFE80460B914FF02E
:106A1000C0422D4B2846394600F046FE834605917C
:106A20002A4A294B40460B9900F03EFE88460290C8
:106A3000274A284B2846394600E01BE000F034FE88
:106A40004346029A01F056F8054602460B460B9162
:106A50005846059900F056FB002788465A463846A6
:106A6000059B01F047F82A460B9B00F051FF0246B8
:106A700000F073B90020B1F5801F07DA35222846EF
:106A8000194601F009FA05466FF0340000EB215079
:106A900022E00000FFFF1F00FFFF0F000000F03F9B
:106AA0000000F07F0000404301FCFFFF444B00006A
:106AB0000000F0FF0000E0410000F043FFFFEF3F67
:106AC0005555D53F0000E03F4715F73FFE822B6547
:106AD00044DF5DF80BAE543EA0F2FF300190C1F3ED
:106AE000130040F07F6141F040510291FE4988421D
:106AF000D8BF4FF0000B0EDDFC498142C8BF4FF0FC
:106B0000010B08DC01984FF0000B401C019002982B
:106B1000A0F580100290F6480299784400EBCB0073
:106B200009910790D0E90023284600F0E3FF059182
:106B300000900798D0E900232846099900F0E2FA6E
:106B400002460B460020EB4900F098FB0B910B46E8
:106B5000024606900599009800F0A6FD0A90E648C6
:106B600088460027784400680C9002994FF0005046
:106B700040EA610000EB8B4000F50021029107988C
:106B8000D0E900230C9800F0B5FF2A46099B00F0DD
:106B9000BFFE3A46434600F087FD0791054638465A
:106BA0004146029B0C9A00F07FFD059B009A00F085
:106BB000AFFE2A46079B00F09DFF0B9B069A00F054
:106BC00073FD0A9A0691089043461046194600F054
:106BD0006BFD05460246C9480B46079106217844DD
:106BE000FFF775FC0290079B2A460591104619464F
:106BF00000F05AFD059B029A00F056FD05910546EE
:106C00004346384619460A9A00F07CFA069B089AD1
:106C100000F04AFD2A46059B00F074FA3A464346C6
:106C2000059112901046194600F03EFD0022B44B2B
:106C30000791009000F066FA059B129A00F062FA44
:106C40000D463A46AE4B384600F054FF079B009A7B
:106C500000F050FF059B129A00F05AFE3A46079149
:106C600012902B461046414600F01EFD0591009003
:106C700043460A9A0799129800F016FD804607913C
:106C80002B463A460699089800F00EFD4246079BAF
:106C900000F038FA88460690059B009A00F032FA18
:106CA00000200F460546059B009A00F023FF43464F
:106CB000069A00F02DFE80460D914FF06042914BF8
:106CC0002846394600F0F0FC059100908E4A8D4B25
:106CD00040460D9900F0E8FC804604918B4A8C4BAD
:106CE0002846394600F0E0FC4246049B00F00AFAD0
:106CF000884A7A4402EBCB03D3E9002300F002FA7E
:106D000002900491019800F07CFC0791DDE90431C8
:106D10000546029A009800F0F5F97F4A7A4402EBA2
:106D2000CB0BDBE9002300F0EDF92A46079B00F0CE
:106D3000E9F9002788462A463846079B00F0DAFE24
:106D4000DBE9002300F0D6FE059B009A00F0D2FE9E
:106D5000049B029A00F0DCFD024600200A900F9886
:106D6000644DAAF10103184301D16C4D0A90002033
:106D70000B4602903046214600F096FC82468B4638
:106D8000234630461946029A00F0B4FE3A4643467E
:106D900000F08AFC52465B4600F0B4F906468A468B
:106DA0003A4643462146029800F07EFC04460F46D0
:106DB0003246534600F0A6F9594A8B46914226DBEB
:106DC000ABEB020353EA000210D122463B4600F02F
:106DD00091FE80460391534A534B3046514600F092
:106DE00091F94246039B00F05DFD2CD20220FEF794
:106DF000EAF840F2013200204FF0E04101F04CF897
:106E00000A46294616B062F31E01BDE8F08D474BD5
:106E10002BF000429A4216D3454A0BEB020353EA89
:106E2000000208D122463B4600F064FE324653463B
:106E300000F038FD07D80220FEF7C5F8FFF79CFBED
:106E40000A462946DEE72BF000403A493A4A01EB70
:106E500020514FF00008904223DD481C4FF4801170
:106E600021FA00F05844C0F30A51344AA1F2FF312C
:106E70007A44334B1268CB4020EA0303C0F313007B
:106E800040F4801CC1F114002CFA00F8BBF1000F93
:106E9000B8BFC8F100082046394600F02BFE044672
:106EA0000F4622463B463046514600F02BF94FF044
:106EB000000B5A46234B5846079100F0F5FB05910D
:106EC0000090214A214B5846079900F0EDFBCDE98F
:106ED000020122463B465846079900F00BFE324617
:106EE000534600F015FD33E08E9803007AB60B0090
:106EF000A24700000000F03FE04700000E470000FE
:106F00000000084009C7EE3FFD033ADCF5015B14C1
:106F1000E02F3EBEEA450000B04500000000F0BF93
:106F200000009040FE822B654715973C00CC9040B6
:106F300000346F3F01FCFFFF0000E03FD44400003D
:106F4000FFFF0F00432EE63F396CA80C615C20BEAA
:106F50003F4A404B00F0A8FBDDE9022300F0D2F8E5
:106F600007468A46059B009A00F0CCF804460E4678
:106F7000059B009A00F0BEFD3A46534600F0C8FC5F
:106F80000746224633460B911046194600F08CFB0B
:106F90008346024630488A460B4605217844FFF76F
:106FA00096FA5A46534600F07FFB2246334600F0DD
:106FB000AFFC82468B463A46204631460B9B00F09A
:106FC00073FB3A460B9B00F09DF800910C90002259
:106FD0004FF080435046594600F08CFD0746039120
:106FE00052465B462046314600F05EFB3A46039B24
:106FF00000F044F9009B0C9A00F07CFD22463346D9
:1070000000F078FD0022154B00F082FC0E4604468D
:1070100001EB08510815002810DC42462046314695
:1070200000F03AFFFFF73FFA042808BFFFF7A4FA81
:1070300042462046314600F02FFF04460A980B4690
:1070400016B022462946BDE8F04D00F02DBB0000E9
:10705000EF39FAFE422EE63F804300000000F03F89
:107060002DE9F04106460F4600F05EFC0D46040097
:1070700018BF0120284320F00040C0F17F6010F1CC
:10708000E0400FD5002E14BF01200020384320F02F
:107090000040C0F17F6000F1E0400028A4BF012063
:1070A000FDF791FF20462946BDE8F08110B5002983
:1070B0000AD00878002807D005487844FDF7E0FE9C
:1070C000002801D0002010BD0248784410BD000007
:1070D000BA500000B250000010B500290AD008785C
:1070E000002807D005487844FDF7CAFE002801D0E3
:1070F000002010BD0248784410BD00009E510000E1
:107100009651000010B591EA030F48BF83F0004389
:1071100000F1F884841A71EB030C05D2121943EBC9
:107120000C03001B61EB0C01DFF824E14FEA115462
:10713000A4EB135C1EEA430F18BF9EEA445F73D0B2
:1071400023EA0E03DCF1200E21EA045143F48013FC
:1071500032D322FA0CFE10EB0E0023FA0CFE41EBA8
:107160000E01CCF1200E03FA0EFE10EB0E0051F1D1
:107170000001B1F5801FCCF1200E32D201EB045199
:1071800012FA0EF2BDE8104058BF7047401C38BFDD
:107190005FEA420218BF7047002814BF20F00100C8
:1071A00041F100014FEA410313F5001F38BF70475A
:1071B000A1F1C04100F070BB012A43EB0302ACF126
:1071C000200CDCF11F0E32BF4FF0000E23FA0CF33F
:1071D00010EB030041EB0451B4EB115FD0D0A1EBF5
:1071E000045101F5801149085FEA300001EB0451B8
:1071F0000ED350F1000038BF12FA0EFE08D1BDE8E0
:107200001040C9E7401C38BF5FEA4202CAD1C3E759
:10721000BDE810404FEA410313F5001F38BF704727
:10722000A1F1C04100F038BB9EEA445F08D011EAEA
:107230005E0FBDE8104004BF01F000410020704720
:10724000BDE8104070B500F0D9FA00BF64FBBE3E47
:107250000000E0FF02494FF0000000F0EBBD00BF6E
:107260000000F87F491058BFC1F140415B1058BF82
:10727000C3F140438B42EFF3008070472DE9C041DA
:1072800030B4DFF8A0C23CEA111418BF3CEA131472
:1072900000F0EC8081EA03051CEA111444EAD5747D
:1072A00018BF1CEA131500F0C780A4EB05044FF0CB
:1072B000004545EAC12145EAC32341EA505143EA6A
:1072C000525304F17F74994204F500344FEAC02010
:1072D0004FEAC22208BF904200F09C804FEA13653B
:1072E0000FF24016765D4FEA134506FB05F7C7F12E
:1072F000807706FB07F74FEAD737A7FB036876428C
:10730000C8F58038A7FB06CE38BFA8F1010807FBF7
:1073100008E64FF0000EA6FB028CE6FB03CEDCF184
:10732000000CCEF1004E38BFAEF1010EA6FB0C589A
:107330004FF000074FF00005E6FB0E87A1FB08C6E3
:10734000A0FB07CE16EB0E0645F10005E1FB076535
:1073500015F1E04E7EBFA4F580345FEA46066D412C
:1073600016F1800745F100054FEA17274FEA066638
:1073700047EA0567A6F1DE46B6F1805F4FEA1525BC
:107380001FD9384624F0010C05EBC471BCF1FE6F27
:1073900001EB0C1102D8F0BCBDE8008124425CBFB7
:1073A00001F5801E9EEAC47F02D4F0BCBDE80081D6
:1073B000244238D4F0BCA1F1C041BDE8004100F046
:1073C0006BBA4FEAD22242EA43524FEAD323A7FBD9
:1073D00002864FEAD02040EA415007FB03661EEACE
:1073E0000E0F4FEAD12105FB026658BFA6EB0056EF
:1073F000B6EB00564FEA520E4EEAC37E18EB0E0E65
:1074000056EB530EBDD518EB02085E417F1C55F1BB
:107410000005B6E74FF480154FF000074FF0000667
:107420004FF00008ADE7F0BC4FF0000001F1C041A3
:1074300001F00041BDE8008111EA0C1F0CEA1315B0
:1074400000D00CE013EA0C1F00F025804FF0000084
:10745000F0BC81EA030101F00041BDE80081F0BC0D
:10746000BDE8004181EA030100F016BAF0BCBDE8B6
:10747000004170B500F0C2F9097EFC3E00F007B88B
:1074800081EA03014FF0000001F00041704781EAFA
:10749000030100F001BAF0BCBDE800414FF000006C
:1074A00021497047FFFDFBF9F7F5F4F2F0EEEDEB43
:1074B000E9E8E6E4E3E1E0DEDDDBDAD8D7D5D4D3F2
:1074C000D1D0CFCDCCCBCAC8C7C6C5C4C2C1C0BF3E
:1074D000BEBDBCBBBAB9B8B7B6B5B4B3B2B1B0AF44
:1074E000AEADACABAAA9A8A8A7A6A5A4A3A3A2A128
:1074F000A09F9F9E9D9C9C9B9A99999897979695E3
:1075000095949393929191908F8F8E8E8D8C8C8B7E
:107510008B8A898988888787868585848483838206
:10752000828181800000FF070000F87F51EA030C90
:1075300017D41CF5801F58BFBCF5801F00F10680D2
:10754000994218BF704708BF9042704707D711F59E
:10755000801F58BF13F5801F19D499427047894284
:1075600070471CF5801F08D5BCF5801FF7D58B42EE
:1075700018BF704708BF824270474FF4001C1CEBD5
:10758000410F38BF1CEB430F01D28B42704770B5DF
:1075900000F034F9922449004FF000514FF080532D
:1075A000FFF760BE4FEA41034FEA5353A3F58063F0
:1075B000D3F11E03C8BFD3F1210C0CDD4FF0004204
:1075C00042EAC12242EA505232FA03FC8CEAE17CE0
:1075D000ACEBE1707047102BC4BF0020704703F57F
:1075E000787CBCF1FF3F04D06FF0004282EA2100BA
:1075F000704770B500F002F949922480002070476E
:10760000F2E710F0004248BF4042B0FA80F310FAAF
:1076100003F10AD0C3F11D0303F580634FEA415023
:1076200002EB035202EBD12170474FF0000070478C
:1076300051EA030C17D41CF5801F58BFBCF5801FFE
:1076400000F10680994218BF704708BF904270470A
:1076500007D711F5801F58BF13F5801F19D4994221
:107660007047894270471CF5801F08D5BCF5801F04
:10767000F7D58B4218BF704708BF824270474FF45E
:10768000001C1CEB410F38BF1CEB430F01D28B4297
:10769000704770B500F0B2F8922449004FF00051E5
:1076A0004FF08053FFF7DEBDDFF848C170B51CEA2C
:1076B000111E1EBF1CEA13159EEA0C0F95EA0C0F53
:1076C00000F06F8081EA030423EA4C134EEAD47E73
:1076D00021EA4C1141F4801143F48013AE44A1FB24
:1076E000024CA0FB0365AEF17F7E361955EB0C050D
:1076F000A1FB034C4CF10003A0FB021C16EB0C0693
:10770000654153F10003094218BF46F0010613F426
:10771000007F0BD14FEA03314FEA0530340341EAD1
:10772000155140EA16506FF003020AE04FEAC321F8
:107730004FEAC520F40241EA555140EA56506FF035
:10774000020202EB2E4201EB025585EACE710AD00D
:107750005FEA440C18BF24F0004450F1000041F1EE
:10776000000120EAD47040F2FE7C624500D270BD78
:10777000A84214BF4FF080444FF04044002E08BF91
:107780000024BEF1806FA8BFA1F1C041BDE87040E8
:1077900080F282804FF0000001F1C04101F0004111
:1077A00070479EEA0C0F0CEA131518BF95EA0C0FF0
:1077B00006D04FF0000081EA030E0EF0004170BDCC
:1077C00000F01CF88900013E00F007B800F009B88D
:1077D0004FEA430C5FEA5C5C08D081EA030100F0E9
:1077E0005BB84FEA410C5FEA5C5CF6D14FF00000F9
:1077F000014970470000FF070000F87F0EF1020EFC
:107800002EF0030E5EF8046B364205D4012A43EBDA
:10781000030515F5001F12D8012841EB010C1CF5DA
:10782000001F0CD80ED14FEAD17C15F5001F0CEBD0
:107830004C0C0CF1020C08BF4CEBD37C04E04FF075
:10784000080C01E04FEAD37C0CEB4C0526FA05F658
:1078500006F00706B6F1040C06D20EEB860CBDE866
:1078600070404CF0010C6047DFE80CF0090B02029D
:107870004FF000414FF00000A1F5002170BD194606
:107880001046012851EB010418BFD4F5001484BF41
:10789000002001F0004170BD0808A0F500114FEA7A
:1078A0003101704753EA010C17D41CF5801F58BFF3
:1078B000BCF5801F00F106808B4218BF704708BFDF
:1078C0008242704707D713F5801F58BF11F5801FFC
:1078D00019D48B4270479B4270471CF5801F08D516
:1078E000BCF5801FF7D5994218BF704708BF90427A
:1078F00070474FF4001C1CEB430F38BF1CEB410FCB
:1079000001D2994270470FB40CBC03BCFFF7C1BE53
:1079100091EA030F10B581F000413FF5FBAB83F016
:10792000004300F0EFB800002DE9F04101F5801CA4
:10793000BCF5001FC0F2C3804FEA115C21EA0C5174
:107940000CF1FD0C41F480115FEA5C0C0CF5C07C7D
:1079500001D3400049413DA4890241EA9051870288
:107960008E0E0A0CA45D04FB04F602FB06F6C6F1BB
:107970004046A4FB0662F60D46EA422606FB06F4E4
:10798000A4FB01235242C3F1404338BF5B1EA6FB58
:1079900002420024E6FB0324D20B42EA4446A6FB43
:1079A0000623A1FB02E2A3FB07E4A4184FF00002A8
:1079B00052F10002E3FB01426442C2F1404E38BF83
:1079C000AEF1010EA6FB04234FF00002E6FB0E32DF
:1079D000A2FB03464FF00004B61954F10004E2FB89
:1079E0000264A1FB06E6A4FB07E816EB08064FF0CD
:1079F000000858F10008E4FB01687642C8F14058DD
:107A000038BFA8F10108A2FB06E4A3FB08E52D1985
:107A10004FF0000454F10004E2FB0854A1FB05E61A
:107A2000A7FB04E818EB06084FF0000656F1000625
:107A3000E1FB048618F1200556F10006A809A8F11B
:107A40001B08B10908F03F08B8F10A0F40EA866048
:107A50001CD901EB0C51BDE8F08100BFFCF5EEE84C
:107A6000E2DDD8D3CFCBC7C3C0BDB9B6B4B1AEACDD
:107A7000A9A7A5A3A19F9D9B9A9896959392908F55
:107A80008D8C8B898887868584838281A0FB0068A2
:107A900000FB01F208EB4208B8EB872807D5341841
:107AA00058EB0104D5D5401C51F10001D1E7341A3F
:107AB00078EB0104CDD4401E71F10001C9E75FEA03
:107AC0004C0C5FEA9C5C0DD105D34FF0000001F037
:107AD0000041BDE8F081BDE8F04170B5FFF78EFED2
:107AE0006DDBFFBEBDE8F0414FF00000004970477C
:107AF0000000F87F10B591EA030F48BF83F0004300
:107B00003FF508AB841A71EB030C07D212198CF005
:107B1000004C43EB0C03001B61EB0C01DFF8A4E10C
:107B20004FEA1154A4EB135C1EEA430F18BF9EEA00
:107B3000445F00F0B08023EA6E03524221EA045110
:107B4000C3EB6E0338BF5B1EDCF1200E25D322FA97
:107B50000CFE10EB0E0043FA0CFE41EB0E01CCF1D3
:107B6000200E03FA0EFE10EB0E0051F10001CCF1D5
:107B7000200E29D412FA0EF201EB0451BDE8104098
:107B800058BF7047401C1CBFB2F1004F704700281F
:107B90000CBF491C20F00100704712EB020E43EBB2
:107BA000030218BF4FF0010E4EEA4202ACF1200C66
:107BB000DCF11E0E54D943FA0CFE10EB0E0051F10D
:107BC000FF31CCF11E0ED5D50EF1010E12FA0EFECC
:107BD000404141EB010101EB445C5FEA5C5C10D980
:107BE00010EBDE7001EB045138BFBEF1004FBDE871
:107BF000104018BF704700280CBF491C20F001003E
:107C0000704730D24FEAD42C11F5001124F40064EF
:107C10001BD0B1FA81F20B3AA41AA41ED2F12003B0
:107C2000914030FA03F31943904001EBCC71002CE2
:107C300001EB0451BDE81040A8BF704701F1C041FD
:107C40004FF0000001F000417047B0FA80F310FAE5
:107C500003F100D110BDE41A173C4805C90AE4E756
:107C600001EB045110BD491001EB0451BDE8104077
:107C70004FEA300002E04FF0000170474A0008BFB1
:107C80000042F8D0B2F5001F28BF704701F0004154
:107C90004FF0000070479EEA445F07D011EA5E0F84
:107CA000BDE8104004BF002100207047BDE810402F
:107CB00070B5FFF7A3FD00BF40DFF63E83F0004143
:107CC000104670470000E0FF43004FEAD30C4FEA34
:107CD0003C0C43401FBF40070CF1605113F0FE4FB6
:107CE00070471CF0006F03D100200CF0004170477A
:107CF0000CF0004343EA507010B540EACC0000F0AD
:107D00000EF800BF000000924FEA0001FFF7C4BD6B
:107D10004FF000414FF00000A1F5002170470EF137
:107D2000020E2EF0030E5EF8044B244204D44FEAF8
:107D30004102B2F17F4F11D84FEA4003B3F17F4FB8
:107D40000CD80ED14FEAD07CB2F17F4F0CEB4C0C2B
:107D50000CF1020C08BF4CEBD17C04E04FF0080C96
:107D600001E04FEAD17C0CEB4C0324FA03F404F05D
:107D70000704B4F1040C06D20EEB840CBDE81040ED
:107D80004CF0010C6047DFE80CF0070802024FF0EE
:107D90000040A0F5800010BD0846420018BFD2F197
:107DA000807288BF00F0004010BD10B5FDF7BCFF29
:107DB0004FF00001016010BD4FEAC1230A1543EAEC
:107DC00050534FEAC02C18BF43F000431BD4A2F21B
:107DD0004E02D2F57C72C0F22080502AA8BF5022F9
:107DE00023FA02F12CFA02F060B4D2F1200284BF2F
:107DF00003FA02F52843C2F100029CBF23FA02F500
:107E0000284360BC704701F1804212F5801F04DAFC
:107E10004FF000004FF00001704770B5FFF7EEFC27
:107E200049922480002001E06FEAE170014670472A
:107E3000FDF702BA0CF00F03092B08BF082000F071
:107E400059800A2B0BD0082B18BF704708BF1CF0B5
:107E5000400F0AD04FF000004FF0000170471CF0B7
:107E6000400F18BF4FF0004070471CF0100F08D0B3
:107E700020F0704300F07F4242EAD3014FEA4370A2
:107E8000704700F0604021F07F4242EA000201F0BA
:107E90007F4040EA727070474FF0FF0C4CF4E06C8A
:107EA0001CEA11531CBF9CEA030C9445C2BFDA4282
:107EB00001EB02517047002B0DD0BCF1000F0FD029
:107EC000002A01F00041A4BF41F0E04141F07F6190
:107ED0004FF00000704701F000414FF00000704784
:107EE00050EA01334FF09B0C18BF4CF0806C7FF4CC
:107EF000B1A970471CF4801F11D01CF4E02F03D0EF
:107F00006FEACC31490070474FF04050EFF30082E8
:107F100022F0704242EA000282F3008870474FF07C
:107F20000000704700030306010406020500030574
:107F30001F1C1F1E1F1E1F1F1E1F1E1F000089113A
:107F400012239B322446AD573665BF74488CC19DC1
:107F50005AAFD3BE6CCAE5DB7EE9F7F881100801A1
:107F600093331A22A5562C47B7753E64C99C408DA1
:107F7000DBBF52AEEDDA64CBFFF976E802218B303D
:107F8000100299132667AF763444BD554AADC3BC81
:107F9000588ED19F6EEBE7FA7CC8F5D983310A2061
:107FA00091121803A7772E66B5543C45CBBD42AC61
:107FB000D99E508FEFFB66EAFDD874C904428D53F9
:107FC00016619F702004A9153227BB364CCEC5DF41
:107FD0005EEDD7FC6888E1997AABF3BA85520C4321
:107FE00097711E60A1142805B3373A26CDDE44CF21
:107FF000DFFD56ECE9986089FBBB72AA06638F72BD
:1080000014409D512225AB343006B9174EEFC7FE00
:108010005CCCD5DD6AA9E3B8788AF19B87730E62E0
:1080200095501C41A3352A24B1163807CFFF46EEE0
:10803000DDDC54CDEBB962A8F99A708B0884819588
:108040001AA793B62CC2A5D33EE1B7F04008C919D0
:10805000522BDB3A644EED5F766DFF7C8994008590
:108060009BB712A6ADD224C3BFF136E0C1184809B0
:10807000D33B5A2AE55E6C4FF77D7E6C0AA583B42C
:10808000188691972EE3A7F23CC0B5D14229CB3890
:10809000500AD91B666FEF7E744CFD5D8BB502A450
:1080A00099961087AFF326E2BDD034C1C3394A2870
:1080B000D11A580BE77F6E6EF55C7C4D0CC685D7E8
:1080C0001EE597F42880A1913AA3B3B2444ACD5B50
:1080D0005669DF78600CE91D722FFB3E8DD604C710
:1080E0009FF516E4A9902081BBB332A2C55A4C4B30
:1080F000D7795E68E11C680DF33F7A2E0EE787F6AC
:108100001CC495D52AA1A3B03882B193466BCF7A0F
:108110005448DD59622DEB3C700EF91F8FF706E6CF
:108120009DD414C5ABB122A0B9923083C77B4E6AEF
:10813000D5585C49E33D6A2CF11E780F246F7461B9
:108140002F7570646174652F25732F2573000000EF
:10815000000000000000000000000000000000001F
:10816000000000000000000000000000000000000F
:108170000000000000000000000000002474686996
:108180006E672F646F776E2F70726F70657274797F
:108190002F25732F25730000000000000000000051
:1081A00000000000000000000000000000000000CF
:1081B000000000000000000000000000247379733C
:1081C0002F6F7065726174696F6E2F726573756C55
:1081D000742F25732F25730000000000000000009D
:1081E000000000000000000000000000000000008F
:1081F000000000000000000000000000247368611F
:10820000646F772F6F7065726174696F6E2F72651E
:1082100073756C742F25732F257300000000000008
:10822000000000000000000000000000000000004E
:108230000000000000000000000000000202020236
:108240000202020202040202020201017B226D65A7
:1082500074686F64223A227265706F7274222C22E5
:10826000636C69656E74546F6B656E223A223132AD
:1082700033222C2274696D657374616D70223A31FA
:108280003632383634363738332C22706172616DAD
:1082900073223A7B224456223A222573222C2253FF
:1082A0004A595F434F554E54223A25647D7D0080E4
:1082B00000000000000000000000000000000000BE
:1082C00000000000000000000000000000000000AE
:1082D000000000000000000000000000000000009E
:1082E000000000000000000000000000000000800E
:1082F000000000000000000000000000000000007E
:10830000000000000000000000000000000000006D
:10831000000000000000000000000000000000005D
:10832000000000000000000000000000000000004D
:1083300000C0E0F0F8FC00004D5154430000000084
:108340000400000000000000000000000000000029
:108350003C0001004D515457000000000000000097
:10836000000000000000000000000000000000000D
:1083700000000000000000000000000000000000FD
:1083800000000000000000000000000000000000ED
:10839000637C777BF26B6FC53001672BFED7AB76C2
:1083A000CA82C97DFA5947F0ADD4A2AF9CA472C06D
:1083B000B7FD9326363FF7CC34A5E5F171D83115DA
:1083C00004C723C31896059A071280E2EB27B275FB
:1083D00009832C1A1B6E5AA0523BD6B329E32F8473
:1083E00053D100ED20FCB15B6ACBBE394A4C58CF6B
:1083F000D0EFAAFB434D338545F9027F503C9FA83F
:1084000051A3408F929D38F5BCB6DA2110FFF3D20C
:10841000CD0C13EC5F974417C4A77E3D645D1973C0
:1084200060814FDC222A908846EEB814DE5E0BDBBA
:10843000E0323A0A4906245CC2D3AC629195E479F1
:10844000E7C8376D8DD54EA96C56F4EA657AAE084B
:10845000BA78252E1CA6B4C6E8DD741F4BBD8B8AE6
:10846000703EB5664803F60E613557B986C11D9E4C
:10847000E1F8981169D98E949B1E87E9CE5528DFC3
:108480008CA1890DBFE6426841992D0FB054BB16EF
:10849000C66363A5F87C7C84EE777799F67B7B8D49
:1084A000FFF2F20DD66B6BBDDE6F6FB191C5C55497
:1084B0006030305002010103CE6767A9562B2B7D37
:1084C000E7FEFE19B5D7D7624DABABE6EC76769AF0
:1084D0008FCACA451F82829D89C9C940FA7D7D879E
:1084E000EFFAFA15B25959EB8E4747C9FBF0F00B7A
:1084F00041ADADECB3D4D4675FA2A2FD45AFAFEA06
:10850000239C9CBF53A4A4F7E47272969BC0C05BEB
:1085100075B7B7C2E1FDFD1C3D9393AE4C26266AAC
:108520006C36365A7E3F3F41F5F7F70283CCCC4F8D
:108530006834345C51A5A5F4D1E5E534F9F1F108CE
:10854000E2717193ABD8D873623131532A15153F5C
:108550000804040C95C7C752462323659DC3C35E18
:1085600030181828379696A10A05050F2F9A9AB544
:108570000E070709241212361B80809BDFE2E23DC2
:10858000CDEBEB264E2727697FB2B2CDEA75759FFA
:108590001209091B1D83839E582C2C74341A1A2E21
:1085A000361B1B2DDC6E6EB2B45A5AEE5BA0A0FBDC
:1085B000A45252F6763B3B4DB7D6D6617DB3B3CECF
:1085C0005229297BDDE3E33E5E2F2F7113848497CC
:1085D000A65353F5B9D1D16800000000C1EDED2CD0
:1085E00040202060E3FCFC1F79B1B1C8B65B5BEDB5
:1085F000D46A6ABE8DCBCB4667BEBED97239394BC1
:10860000944A4ADE984C4CD4B05858E885CFCF4AAB
:10861000BBD0D06BC5EFEF2A4FAAAAE5EDFBFB1646
:10862000864343C59A4D4DD766333355118585949E
:108630008A4545CFE9F9F91004020206FE7F7F81E1
:10864000A05050F0783C3C44259F9FBA4BA8A8E32B
:10865000A25151F35DA3A3FE804040C0058F8F8AD5
:108660003F9292AD219D9DBC70383848F1F5F504DC
:1086700063BCBCDF77B6B6C1AFDADA7542212163DD
:1086800020101030E5FFFF1AFDF3F30EBFD2D26DBC
:1086900081CDCD4C180C0C1426131335C3ECEC2FE4
:1086A000BE5F5FE1359797A2884444CC2E171739F7
:1086B00093C4C45755A7A7F2FC7E7E827A3D3D47FE
:1086C000C86464ACBA5D5DE73219192BE673739523
:1086D000C06060A0198181989E4F4FD1A3DCDC7FE0
:1086E00044222266542A2A7E3B9090AB0B888883D2
:1086F0008C4646CAC7EEEE296BB8B8D32814143C92
:10870000A7DEDE79BC5E5EE2160B0B1DADDBDB7611
:10871000DBE0E03B64323256743A3A4E140A0A1EE9
:10872000924949DB0C06060A4824246CB85C5CE4D8
:108730009FC2C25DBDD3D36E43ACACEFC46262A630
:10874000399191A8319595A4D3E4E437F279798BE6
:10875000D5E7E7328BC8C8436E373759DA6D6DB746
:10876000018D8D8CB1D5D5649C4E4ED249A9A9E01E
:10877000D86C6CB4AC5656FAF3F4F407CFEAEA2599
:10878000CA6565AFF47A7A8E47AEAEE9100808186C
:108790006FBABAD5F07878884A25256F5C2E2E728C
:1087A000381C1C2457A6A6F173B4B4C797C6C6518B
:1087B000CBE8E823A1DDDD7CE874749C3E1F1F211B
:1087C000964B4BDD61BDBDDC0D8B8B860F8A8A8598
:1087D000E07070907C3E3E4271B5B5C4CC6666AA2E
:1087E000904848D806030305F7F6F6011C0E0E1252
:1087F000C26161A36A35355FAE5757F969B9B9D01F
:108800001786869199C1C1583A1D1D27279E9EB98A
:10881000D9E1E138EBF8F8132B9898B32211113312
:10882000D26969BBA9D9D970078E8E89339494A770
:108830002D9B9BB63C1E1E2215878792C9E9E92015
:1088400087CECE49AA5555FF50282878A5DFDF7A74
:10885000038C8C8F59A1A1F8098989801A0D0D17F5
:1088600065BFBFDAD7E6E631844242C6D06868B851
:10887000824141C3299999B05A2D2D771E0F0F11AE
:108880007BB0B0CBA85454FC6DBBBBD62C16163AAB
:10889000A5C6636384F87C7C99EE77778DF67B7B45
:1088A0000DFFF2F2BDD66B6BB1DE6F6F5491C5C593
:1088B0005060303003020101A9CE67677D562B2B33
:1088C00019E7FEFE62B5D7D7E64DABAB9AEC7676EC
:1088D000458FCACA9D1F82824089C9C987FA7D7D9A
:1088E00015EFFAFAEBB25959C98E47470BFBF0F076
:1088F000EC41ADAD67B3D4D4FD5FA2A2EA45AFAF02
:10890000BF239C9CF753A4A496E472725B9BC0C0E7
:10891000C275B7B71CE1FDFDAE3D93936A4C2626A8
:108920005A6C3636417E3F3F02F5F7F74F83CCCC89
:108930005C683434F451A5A534D1E5E508F9F1F1CA
:1089400093E2717173ABD8D8536231313F2A151558
:108950000C0804045295C7C7654623235E9DC3C314
:1089600028301818A13796960F0A0505B52F9A9A40
:10897000090E0707362412129B1B80803DDFE2E2BE
:1089800026CDEBEB694E2727CD7FB2B29FEA7575F6
:108990001B1209099E1D838374582C2C2E341A1A1D
:1089A0002D361B1BB2DC6E6EEEB45A5AFB5BA0A0D8
:1089B000F6A452524D763B3B61B7D6D6CE7DB3B3CB
:1089C0007B5229293EDDE3E3715E2F2F97138484C8
:1089D000F5A6535368B9D1D1000000002CC1EDEDCC
:1089E000604020201FE3FCFCC879B1B1EDB65B5BB1
:1089F000BED46A6A468DCBCBD967BEBE4B723939BD
:108A0000DE944A4AD4984C4CE8B058584A85CFCFA7
:108A10006BBBD0D02AC5EFEFE54FAAAA16EDFBFB42
:108A2000C5864343D79A4D4D55663333941185859A
:108A3000CF8A454510E9F9F90604020281FE7F7FDD
:108A4000F0A0505044783C3CBA259F9FE34BA8A827
:108A5000F3A25151FE5DA3A3C08040408A058F8FD1
:108A6000AD3F9292BC219D9D4870383804F1F5F5D8
:108A7000DF63BCBCC177B6B675AFDADA63422121D9
:108A8000302010101AE5FFFF0EFDF3F36DBFD2D2B8
:108A90004C81CDCD14180C0C352613132FC3ECECE0
:108AA000E1BE5F5FA2359797CC884444392E1717F3
:108AB0005793C4C4F255A7A782FC7E7E477A3D3DFA
:108AC000ACC86464E7BA5D5D2B32191995E673731F
:108AD000A0C0606098198181D19E4F4F7FA3DCDCDC
:108AE000664422227E542A2AAB3B9090830B8888CE
:108AF000CA8C464629C7EEEED36BB8B83C2814148E
:108B000079A7DEDEE2BC5E5E1D160B0B76ADDBDB0D
:108B10003BDBE0E0566432324E743A3A1E140A0AE5
:108B2000DB9249490A0C06066C482424E4B85C5CD4
:108B30005D9FC2C26EBDD3D3EF43ACACA6C462622C
:108B4000A8399191A431959537D3E4E48BF27979E2
:108B500032D5E7E7438BC8C8596E3737B7DA6D6D42
:108B60008C018D8D64B1D5D5D29C4E4EE049A9A91A
:108B7000B4D86C6CFAAC565607F3F4F425CFEAEA95
:108B8000AFCA65658EF47A7AE947AEAE1810080868
:108B9000D56FBABA88F078786F4A2525725C2E2E88
:108BA00024381C1CF157A6A6C773B4B45197C6C687
:108BB00023CBE8E87CA1DDDD9CE87474213E1F1F17
:108BC000DD964B4BDC61BDBD860D8B8B850F8A8A94
:108BD00090E07070427C3E3EC471B5B5AACC66662A
:108BE000D89048480506030301F7F6F6121C0E0E4E
:108BF000A3C261615F6A3535F9AE5757D069B9B91B
:108C0000911786865899C1C1273A1D1DB9279E9E86
:108C100038D9E1E113EBF8F8B32B9898332211110E
:108C2000BBD2696970A9D9D989078E8EA73394946C
:108C3000B62D9B9B223C1E1E9215878720C9E9E911
:108C40004987CECEFFAA5555785028287AA5DFDF70
:108C50008F038C8CF859A1A180098989171A0D0DF1
:108C6000DA65BFBF31D7E6E6C6844242B8D068684D
:108C7000C3824141B0299999775A2D2D111E0F0FAA
:108C8000CB7BB0B0FCA85454D66DBBBB3A2C1616A7
:108C900063A5C6637C84F87C7799EE777B8DF67B41
:108CA000F20DFFF26BBDD66B6FB1DE6FC55491C58F
:108CB000305060300103020167A9CE672B7D562B2F
:108CC000FE19E7FED762B5D7ABE64DAB769AEC76E8
:108CD000CA458FCA829D1F82C94089C97D87FA7D96
:108CE000FA15EFFA59EBB25947C98E47F00BFBF072
:108CF000ADEC41ADD467B3D4A2FD5FA2AFEA45AFFE
:108D00009CBF239CA4F753A47296E472C05B9BC0E3
:108D1000B7C275B7FD1CE1FD93AE3D93266A4C26A4
:108D2000365A6C363F417E3FF702F5F7CC4F83CC85
:108D3000345C6834A5F451A5E534D1E5F108F9F1C6
:108D40007193E271D873ABD831536231153F2A1554
:108D5000040C0804C75295C723654623C35E9DC310
:108D60001828301896A13796050F0A059AB52F9A3C
:108D700007090E0712362412809B1B80E23DDFE2BA
:108D8000EB26CDEB27694E27B2CD7FB2759FEA75F2
:108D9000091B1209839E1D832C74582C1A2E341A19
:108DA0001B2D361B6EB2DC6E5AEEB45AA0FB5BA0D4
:108DB00052F6A4523B4D763BD661B7D6B3CE7DB3C7
:108DC000297B5229E33EDDE32F715E2F84971384C4
:108DD00053F5A653D168B9D100000000ED2CC1EDC8
:108DE00020604020FC1FE3FCB1C879B15BEDB65BAD
:108DF0006ABED46ACB468DCBBED967BE394B7239B9
:108E00004ADE944A4CD4984C58E8B058CF4A85CFA3
:108E1000D06BBBD0EF2AC5EFAAE54FAAFB16EDFB3E
:108E200043C586434DD79A4D335566338594118596
:108E300045CF8A45F910E9F9020604027F81FE7FD9
:108E400050F0A0503C44783C9FBA259FA8E34BA823
:108E500051F3A251A3FE5DA340C080408F8A058FCD
:108E600092AD3F929DBC219D38487038F504F1F5D4
:108E7000BCDF63BCB6C177B6DA75AFDA21634221D5
:108E800010302010FF1AE5FFF30EFDF3D26DBFD2B4
:108E9000CD4C81CD0C14180C13352613EC2FC3ECDC
:108EA0005FE1BE5F97A2359744CC884417392E17EF
:108EB000C45793C4A7F255A77E82FC7E3D477A3DF6
:108EC00064ACC8645DE7BA5D192B32197395E6731B
:108ED00060A0C060819819814FD19E4FDC7FA3DCD8
:108EE000226644222A7E542A90AB3B9088830B88CA
:108EF00046CA8C46EE29C7EEB8D36BB8143C28148A
:108F0000DE79A7DE5EE2BC5E0B1D160BDB76ADDB09
:108F1000E03BDBE0325664323A4E743A0A1E140AE1
:108F200049DB9249060A0C06246C48245CE4B85CD0
:108F3000C25D9FC2D36EBDD3ACEF43AC62A6C46228
:108F400091A8399195A43195E437D3E4798BF279DE
:108F5000E732D5E7C8438BC837596E376DB7DA6D3E
:108F60008D8C018DD564B1D54ED29C4EA9E049A916
:108F70006CB4D86C56FAAC56F407F3F4EA25CFEA91
:108F800065AFCA657A8EF47AAEE947AE0818100864
:108F9000BAD56FBA7888F078256F4A252E725C2E84
:108FA0001C24381CA6F157A6B4C773B4C65197C683
:108FB000E823CBE8DD7CA1DD749CE8741F213E1F13
:108FC0004BDD964BBDDC61BD8B860D8B8A850F8A90
:108FD0007090E0703E427C3EB5C471B566AACC6626
:108FE00048D8904803050603F601F7F60E121C0E4A
:108FF00061A3C261355F6A3557F9AE57B9D069B917
:1090000086911786C15899C11D273A1D9EB9279E82
:10901000E138D9E1F813EBF898B32B98113322110A
:1090200069BBD269D970A9D98E89078E94A7339468
:109030009BB62D9B1E223C1E87921587E920C9E90D
:10904000CE4987CE55FFAA5528785028DF7AA5DF6C
:109050008C8F038CA1F859A1898009890D171A0DED
:10906000BFDA65BFE631D7E642C6844268B8D06849
:1090700041C3824199B029992D775A2D0F111E0FA6
:10908000B0CB7BB054FCA854BBD66DBB163A2C16A3
:109090006363A5C67C7C84F8777799EE7B7B8DF63D
:1090A000F2F20DFF6B6BBDD66F6FB1DEC5C554918B
:1090B00030305060010103026767A9CE2B2B7D562B
:1090C000FEFE19E7D7D762B5ABABE64D76769AECE4
:1090D000CACA458F82829D1FC9C940897D7D87FA92
:1090E000FAFA15EF5959EBB24747C98EF0F00BFB6E
:1090F000ADADEC41D4D467B3A2A2FD5FAFAFEA45FA
:109100009C9CBF23A4A4F753727296E4C0C05B9BDF
:10911000B7B7C275FDFD1CE19393AE3D26266A4CA0
:1091200036365A6C3F3F417EF7F702F5CCCC4F8381
:1091300034345C68A5A5F451E5E534D1F1F108F9C2
:10914000717193E2D8D873AB3131536215153F2A50
:1091500004040C08C7C7529523236546C3C35E9D0C
:10916000181828309696A13705050F0A9A9AB52F38
:109170000707090E1212362480809B1BE2E23DDFB6
:10918000EBEB26CD2727694EB2B2CD7F75759FEAEE
:1091900009091B1283839E1D2C2C74581A1A2E3415
:1091A0001B1B2D366E6EB2DC5A5AEEB4A0A0FB5BD0
:1091B0005252F6A43B3B4D76D6D661B7B3B3CE7DC3
:1091C00029297B52E3E33EDD2F2F715E84849713C0
:1091D0005353F5A6D1D168B900000000EDED2CC1C4
:1091E00020206040FCFC1FE3B1B1C8795B5BEDB6A9
:1091F0006A6ABED4CBCB468DBEBED96739394B72B5
:109200004A4ADE944C4CD4985858E8B0CFCF4A859F
:10921000D0D06BBBEFEF2AC5AAAAE54FFBFB16ED3A
:109220004343C5864D4DD79A333355668585941192
:109230004545CF8AF9F910E9020206047F7F81FED5
:109240005050F0A03C3C44789F9FBA25A8A8E34B1F
:109250005151F3A2A3A3FE5D4040C0808F8F8A05C9
:109260009292AD3F9D9DBC2138384870F5F504F1D0
:10927000BCBCDF63B6B6C177DADA75AF21216342D1
:1092800010103020FFFF1AE5F3F30EFDD2D26DBFB0
:10929000CDCD4C810C0C141813133526ECEC2FC3D8
:1092A0005F5FE1BE9797A2354444CC881717392EEB
:1092B000C4C45793A7A7F2557E7E82FC3D3D477AF2
:1092C0006464ACC85D5DE7BA19192B32737395E617
:1092D0006060A0C0818198194F4FD19EDCDC7FA3D4
:1092E000222266442A2A7E549090AB3B8888830BC6
:1092F0004646CA8CEEEE29C7B8B8D36B14143C2886
:10930000DEDE79A75E5EE2BC0B0B1D16DBDB76AD05
:10931000E0E03BDB323256643A3A4E740A0A1E14DD
:109320004949DB9206060A0C24246C485C5CE4B8CC
:10933000C2C25D9FD3D36EBDACACEF436262A6C424
:109340009191A8399595A431E4E437D379798BF2DA
:10935000E7E732D5C8C8438B3737596E6D6DB7DA3A
:109360008D8D8C01D5D564B14E4ED29CA9A9E04912
:109370006C6CB4D85656FAACF4F407F3EAEA25CF8D
:109380006565AFCA7A7A8EF4AEAEE9470808181060
:10939000BABAD56F787888F025256F4A2E2E725C80
:1093A0001C1C2438A6A6F157B4B4C773C6C651977F
:1093B000E8E823CBDDDD7CA174749CE81F1F213E0F
:1093C0004B4BDD96BDBDDC618B8B860D8A8A850F8C
:1093D000707090E03E3E427CB5B5C4716666AACC22
:1093E0004848D89003030506F6F601F70E0E121C46
:1093F0006161A3C235355F6A5757F9AEB9B9D06913
:1094000086869117C1C158991D1D273A9E9EB9277E
:10941000E1E138D9F8F813EB9898B32B1111332206
:109420006969BBD2D9D970A98E8E89079494A73364
:109430009B9BB62D1E1E223C87879215E9E920C909
:10944000CECE49875555FFAA28287850DFDF7AA568
:109450008C8C8F03A1A1F859898980090D0D171AE9
:10946000BFBFDA65E6E631D74242C6846868B8D045
:109470004141C3829999B0292D2D775A0F0F111EA2
:10948000B0B0CB7B5454FCA8BBBBD66D16163A2C9F
:1094900052096AD53036A538BF40A39E81F3D7FB69
:1094A0007CE339829B2FFF87348E4344C4DEE9CBB3
:1094B000547B9432A6C2233DEE4C950B42FAC34E28
:1094C000082EA16628D924B2765BA2496D8BD125DE
:1094D00072F8F66486689816D4A45CCC5D65B69282
:1094E0006C704850FDEDB9DA5E154657A78D9D8426
:1094F00090D8AB008CBCD30AF7E45805B8B3450646
:10950000D02C1E8FCA3F0F02C1AFBD0301138A6B5F
:109510003A9111414F67DCEA97F2CFCEF0B4E6738F
:1095200096AC7422E7AD3585E2F937E81C75DF6E3D
:1095300047F11A711D29C5896FB7620EAA18BE1BA3
:10954000FC563E4BC6D279209ADBC0FE78CD5AF449
:109550001FDDA8338807C731B11210592780EC5F8F
:1095600060517FA919B54A0D2DE57A9F93C99CEFEB
:10957000A0E03B4DAE2AF5B0C8EBBB3C83539961EC
:10958000172B047EBA77D626E169146355210C7D2A
:1095900051F4A7507E4165531A17A4C33A275E962B
:1095A0003BAB6BCB1F9D45F1ACFA58AB4BE3039340
:1095B0002030FA55AD766DF688CC7691F5024C25C3
:1095C0004FE5D7FCC52ACBD726354480B562A38F9B
:1095D000DEB15A4925BA1B6745EA0E985DFEC0E127
:1095E000C32F7502814CF0128D4697A36BD3F9C639
:1095F000038F5FE715929C95BF6D7AEB955259DA10
:10960000D4BE832D587421D349E069298EC9C8443A
:1096100075C2896AF48E797899583E6B27B971DDE5
:10962000BEE14FB6F088AD17C920AC667DCE3AB426
:1096300063DF4A18E51A31829751336062537F45E0
:10964000B16477E0BB6BAE84FE81A01CF9082B945B
:10965000704868588F45FD1994DE6C87527BF8B7C7
:10966000AB73D323724B02E2E31F8F576655AB2ACD
:10967000B2EB28072FB5C20386C57B9AD33708A55E
:10968000302887F223BFA5B202036ABAED16825CC6
:109690008ACF1C2BA779B492F307F2F04E69E2A1AE
:1096A00065DAF4CD0605BED5D134621FC4A6FE8AA4
:1096B000342E539DA2F355A0058AE132A4F6EB7532
:1096C0000B83EC394060EFAA5E719F06BD6E1051AE
:1096D0003E218AF996DD063DDD3E05AE4DE6BD46EE
:1096E00091548DB571C45D050406D46F605015FFAB
:1096F0001998FB24D6BDE997894043CC67D99E775A
:10970000B0E842BD07898B88E7195B3879C8EEDB82
:10971000A17C0A477C420FE9F8841EC900000000C2
:1097200009808683322BED481E1170AC6C5A724E44
:10973000FD0EFFFB0F8538563DAED51E362D392761
:109740000A0FD964685CA6219B5B54D124362E3A5B
:109750000C0A67B19357E70FB4EE96D21B9B919E0C
:1097600080C0C54F61DC20A25A774B691C121A16C3
:10977000E293BA0AC0A02AE53C22E043121B171D5F
:109780000E090D0BF28BC7AD2DB6A8B9141EA9C8D2
:1097900057F11985AF75074CEE99DDBBA37F60FDCE
:1097A000F701269F5C72F5BC44663BC55BFB7E34CB
:1097B0008B432976CB23C6DCB6EDFC68B8E4F163B5
:1097C000D731DCCA426385101397224084C611202A
:1097D000854A247DD2BB3DF8AEF93211C729A16D6F
:1097E0001D9E2F4BDCB230F30D8652EC77C1E3D0D7
:1097F0002BB3166CA970B999119448FA47E9642201
:10980000A8FC8CC4A0F03F1A567D2CD8223390EFD0
:1098100087494EC7D938D1C18CCAA2FE98D40B361D
:10982000A6F581CFA57ADE28DAB78E263FADBFA494
:109830002C3A9DE45078920D6A5FCC9B547E466230
:10984000F68D13C290D8B8E82E39F75E82C3AFF513
:109850009F5D80BE69D0937C6FD52DA9CF2512B3B3
:10986000C8AC993B10187DA7E89C636EDB3BBB7BC3
:10987000CD2678096E5918F4EC9AB701834F9AA84F
:10988000E6956E65AAFFE67E21BCCF08EF15E8E6F7
:10989000BAE79BD94A6F36CEEA9F09D429B07CD665
:1098A00031A4B2AF2A3F2331C6A5943035A266C099
:1098B000744EBC37FC82CAA6E090D0B033A7D8154E
:1098C000F104984A41ECDAF77FCD500E1791F62F4C
:1098D000764DD68D43EFB04DCCAA4D54E49604DFBF
:1098E0009ED1B5E34C6A881BC12C1FB84665517FD9
:1098F0009D5EEA04018C355DFA877473FB0B412E83
:10990000B3671D5A92DBD252E91056336DD6471316
:109910009AD7618C37A10C7A59F8148EEB133C89D5
:10992000CEA927EEB761C935E11CE5ED7A47B13C18
:109930009CD2DF5955F2733F1814CE7973C737BFE5
:1099400053F7CDEA5FFDAA5BDF3D6F147844DB86F9
:10995000CAAFF381B968C43E3824342CC2A3405F37
:10996000161DC372BCE2250C283C498BFF0D9541A6
:1099700039A80171080CB3DED8B4E49C6456C190D8
:109980007BCB8461D532B670486C5C74D0B85742DA
:109990005051F4A7537E4165C31A17A4963A275E27
:1099A000CB3BAB6BF11F9D45ABACFA58934BE3033C
:1099B000552030FAF6AD766D9188CC7625F5024CBF
:1099C000FC4FE5D7D7C52ACB802635448FB562A397
:1099D00049DEB15A6725BA1B9845EA0EE15DFEC023
:1099E00002C32F7512814CF0A38D4697C66BD3F935
:1099F000E7038F5F9515929CEBBF6D7ADA9552590C
:109A00002DD4BE83D35874212949E069448EC9C836
:109A10006A75C28978F48E796B99583EDD27B971E1
:109A2000B6BEE14F17F088AD66C920ACB47DCE3A22
:109A30001863DF4A82E51A31609751334562537FDC
:109A4000E0B1647784BB6BAE1CFE81A094F9082B57
:109A500058704868198F45FD8794DE6CB7527BF8C3
:109A600023AB73D3E2724B0257E31F8F2A6655ABC9
:109A700007B2EB28032FB5C29A86C57BA5D337085A
:109A8000F2302887B223BFA5BA02036A5CED1682C2
:109A90002B8ACF1C92A779B4F0F307F2A14E69E2AA
:109AA000CD65DAF4D50605BE1FD134628AC4A6FEA0
:109AB0009D342E53A0A2F35532058AE175A4F6EB2E
:109AC000390B83ECAA4060EF065E719F51BD6E10AA
:109AD000F93E218A3D96DD06AEDD3E05464DE6BDEA
:109AE000B591548D0571C45D6F0406D4FF605015A7
:109AF000241998FB97D6BDE9CC8940437767D99E56
:109B0000BDB0E8428807898B38E7195BDB79C8EE7E
:109B100047A17C0AE97C420FC9F8841E00000000BE
:109B20008309808648322BEDAC1E11704E6C5A7240
:109B3000FBFD0EFF560F85381E3DAED527362D395D
:109B4000640A0FD921685CA6D19B5B543A24362E57
:109B5000B10C0A670F9357E7D2B4EE969E1B9B9108
:109B60004F80C0C5A261DC20695A774B161C121ABF
:109B70000AE293BAE5C0A02A433C22E01D121B175B
:109B80000B0E090DADF28BC7B92DB6A8C8141EA9CE
:109B90008557F1194CAF7507BBEE99DDFDA37F60CA
:109BA0009FF70126BC5C72F5C544663B345BFB7EC7
:109BB000768B4329DCCB23C668B6EDFC63B8E4F1B1
:109BC000CAD731DC10426385401397222084C61126
:109BD0007D854A24F8D2BB3D11AEF9326DC729A16B
:109BE0004B1D9E2FF3DCB230EC0D8652D077C1E3D3
:109BF0006C2BB31699A970B9FA1194482247E964FD
:109C0000C4A8FC8C1AA0F03FD8567D2CEF223390CC
:109C1000C787494EC1D938D1FE8CCAA23698D40B19
:109C2000CFA6F58128A57ADE26DAB78EA43FADBF90
:109C3000E42C3A9D0D5078929B6A5FCC62547E462C
:109C4000C2F68D13E890D8B85E2E39F7F582C3AF0F
:109C5000BE9F5D807C69D093A96FD52DB3CF2512AF
:109C60003BC8AC99A710187D6EE89C637BDB3BBBBF
:109C700009CD2678F46E591801EC9AB7A8834F9A4B
:109C800065E6956E7EAAFFE60821BCCFE6EF15E8F3
:109C9000D9BAE79BCE4A6F36D4EA9F09D629B07C61
:109CA000AF31A4B2312A3F2330C6A594C035A26695
:109CB00037744EBCA6FC82CAB0E090D01533A7D84A
:109CC0004AF10498F741ECDA0E7FCD502F1791F648
:109CD0008D764DD64D43EFB054CCAA4DDFE49604BB
:109CE000E39ED1B51B4C6A88B8C12C1F7F466551D5
:109CF000049D5EEA5D018C3573FA87742EFB0B417F
:109D00005AB3671D5292DBD233E91056136DD64712
:109D10008C9AD7617A37A10C8E59F81489EB133CD1
:109D2000EECEA92735B761C9EDE11CE53C7A47B114
:109D3000599CD2DF3F55F273791814CEBF73C737E1
:109D4000EA53F7CD5B5FFDAA14DF3D6F867844DBF5
:109D500081CAAFF33EB968C42C3824345FC2A34033
:109D600072161DC30CBCE2258B283C4941FF0D95A2
:109D70007139A801DE080CB39CD8B4E4906456C1D4
:109D8000617BCB8470D532B674486C5C42D0B857D6
:109D9000A75051F465537E41A4C31A175E963A2723
:109DA0006BCB3BAB45F11F9D58ABACFA03934BE338
:109DB000FA5520306DF6AD76769188CC4C25F502BB
:109DC000D7FC4FE5CBD7C52A44802635A38FB56293
:109DD0005A49DEB11B6725BA0E9845EAC0E15DFE1F
:109DE0007502C32FF012814C97A38D46F9C66BD331
:109DF0005FE7038F9C9515927AEBBF6D59DA955208
:109E0000832DD4BE21D35874692949E0C8448EC932
:109E1000896A75C27978F48E3E6B995871DD27B9DD
:109E20004FB6BEE1AD17F088AC66C9203AB47DCE1E
:109E30004A1863DF3182E51A336097517F456253D8
:109E400077E0B164AE84BB6BA01CFE812B94F90853
:109E500068587048FD198F456C8794DEF8B7527BBF
:109E6000D323AB7302E2724B8F57E31FAB2A6655C5
:109E70002807B2EBC2032FB57B9A86C508A5D33756
:109E800087F23028A5B223BF6ABA0203825CED16BE
:109E90001C2B8ACFB492A779F2F0F307E2A14E69A6
:109EA000F4CD65DABED50605621FD134FE8AC4A69C
:109EB000539D342E55A0A2F3E132058AEB75A4F62A
:109EC000EC390B83EFAA40609F065E711051BD6EA6
:109ED0008AF93E21063D96DD05AEDD3EBD464DE6E6
:109EE0008DB591545D0571C4D46F040615FF6050A3
:109EF000FB241998E997D6BD43CC89409E7767D952
:109F000042BDB0E88B8807895B38E719EEDB79C87A
:109F10000A47A17C0FE97C421EC9F88400000000BA
:109F200086830980ED48322B70AC1E11724E6C5A3C
:109F3000FFFBFD0E38560F85D51E3DAE3927362D59
:109F4000D9640A0FA621685C54D19B5B2E3A243653
:109F500067B10C0AE70F935796D2B4EE919E1B9B04
:109F6000C54F80C020A261DC4B695A771A161C12BB
:109F7000BA0AE2932AE5C0A0E0433C22171D121B57
:109F80000D0B0E09C7ADF28BA8B92DB6A9C8141ECA
:109F9000198557F1074CAF75DDBBEE9960FDA37FC6
:109FA000269FF701F5BC5C723BC544667E345BFBC3
:109FB00029768B43C6DCCB23FC68B6EDF163B8E4AD
:109FC000DCCAD7318510426322401397112084C622
:109FD000247D854A3DF8D2BB3211AEF9A16DC72967
:109FE0002F4B1D9E30F3DCB252EC0D86E3D077C1CF
:109FF000166C2BB3B999A97048FA1194642247E9F9
:10A000008CC4A8FC3F1AA0F02CD8567D90EF2233C8
:10A010004EC78749D1C1D938A2FE8CCA0B3698D415
:10A0200081CFA6F5DE28A57A8E26DAB7BFA43FAD8C
:10A030009DE42C3A920D5078CC9B6A5F4662547E28
:10A0400013C2F68DB8E890D8F75E2E39AFF582C30B
:10A0500080BE9F5D937C69D02DA96FD512B3CF25AB
:10A06000993BC8AC7DA71018636EE89CBB7BDB3BBB
:10A070007809CD2618F46E59B701EC9A9AA8834F47
:10A080006E65E695E67EAAFFCF0821BCE8E6EF15EF
:10A090009BD9BAE736CE4A6F09D4EA9F7CD629B05D
:10A0A000B2AF31A423312A3F9430C6A566C035A291
:10A0B000BC37744ECAA6FC82D0B0E090D81533A746
:10A0C000984AF104DAF741EC500E7FCDF62F179144
:10A0D000D68D764DB04D43EF4D54CCAA04DFE496B7
:10A0E000B5E39ED1881B4C6A1FB8C12C517F4665D1
:10A0F000EA049D5E355D018C7473FA87412EFB0B7B
:10A100001D5AB367D25292DB5633E91047136DD60E
:10A11000618C9AD70C7A37A1148E59F83C89EB13CD
:10A1200027EECEA9C935B761E5EDE11CB13C7A4710
:10A13000DF599CD2733F55F2CE79181437BF73C7DD
:10A14000CDEA53F7AA5B5FFD6F14DF3DDB867844F1
:10A15000F381CAAFC43EB968342C3824405FC2A32F
:10A16000C372161D250CBCE2498B283C9541FF0D9E
:10A17000017139A8B3DE080CE49CD8B4C1906456D0
:10A1800084617BCBB670D5325C74486C5742D0B8D2
:10A19000F4A750514165537E17A4C31A275E963A1F
:10A1A000AB6BCB3B9D45F11FFA58ABACE303934B34
:10A1B00030FA5520766DF6ADCC769188024C25F5B7
:10A1C000E5D7FC4F2ACBD7C53544802662A38FB58F
:10A1D000B15A49DEBA1B6725EA0E9845FEC0E15D1B
:10A1E0002F7502C34CF012814697A38DD3F9C66B2D
:10A1F0008F5FE703929C95156D7AEBBF5259DA9504
:10A20000BE832DD47421D358E0692949C9C8448E2E
:10A21000C2896A758E7978F4583E6B99B971DD27D9
:10A22000E14FB6BE88AD17F020AC66C9CE3AB47D1A
:10A23000DF4A18631A3182E551336097537F4562D4
:10A240006477E0B16BAE84BB81A01CFE082B94F94F
:10A250004868587045FD198FDE6C87947BF8B752BB
:10A2600073D323AB4B02E2721F8F57E355AB2A66C1
:10A27000EB2807B2B5C2032FC57B9A863708A5D352
:10A280002887F230BFA5B223036ABA0216825CEDBA
:10A29000CF1C2B8A79B492A707F2F0F369E2A14EA2
:10A2A000DAF4CD6505BED50634621FD1A6FE8AC498
:10A2B0002E539D34F355A0A28AE13205F6EB75A426
:10A2C00083EC390B60EFAA40719F065E6E1051BDA2
:10A2D000218AF93EDD063D963E05AEDDE6BD464DE2
:10A2E000548DB591C45D057106D46F045015FF609F
:10A2F00098FB2419BDE997D64043CC89D99E77674E
:10A30000E842BDB0898B8807195B38E7C8EEDB7976
:10A310007C0A47A1420FE97C841EC9F800000000B6
:10A32000808683092BED48321170AC1E5A724E6C38
:10A330000EFFFBFD8538560FAED51E3D2D39273655
:10A340000FD9640A5CA621685B54D19B362E3A244F
:10A350000A67B10C57E70F93EE96D2B49B919E1B00
:10A36000C0C54F80DC20A261774B695A121A161CB7
:10A3700093BA0AE2A02AE5C022E0433C1B171D1253
:10A38000090D0B0E8BC7ADF2B6A8B92D1EA9C814C6
:10A39000F119855775074CAF99DDBBEE7F60FDA3C2
:10A3A00001269FF772F5BC5C663BC544FB7E345BBF
:10A3B0004329768B23C6DCCBEDFC68B6E4F163B8A9
:10A3C00031DCCAD76385104297224013C61120841E
:10A3D0004A247D85BB3DF8D2F93211AE29A16DC763
:10A3E0009E2F4B1DB230F3DC8652EC0DC1E3D077CB
:10A3F000B3166C2B70B999A99448FA11E9642247F5
:10A40000FC8CC4A8F03F1AA07D2CD8563390EF22C4
:10A41000494EC78738D1C1D9CAA2FE8CD40B369811
:10A42000F581CFA67ADE28A5B78E26DAADBFA43F88
:10A430003A9DE42C78920D505FCC9B6A7E46625424
:10A440008D13C2F6D8B8E89039F75E2EC3AFF58207
:10A450005D80BE9FD0937C69D52DA96F2512B3CFA7
:10A46000AC993BC8187DA7109C636EE83BBB7BDBB7
:10A47000267809CD5918F46E9AB701EC4F9AA88343
:10A48000956E65E6FFE67EAABCCF082115E8E6EFEB
:10A49000E79BD9BA6F36CE4A9F09D4EAB07CD62959
:10A4A000A4B2AF313F23312AA59430C6A266C0358D
:10A4B0004EBC377482CAA6FC90D0B0E0A7D8153342
:10A4C00004984AF1ECDAF741CD500E7F91F62F1740
:10A4D0004DD68D76EFB04D43AA4D54CC9604DFE4B3
:10A4E000D1B5E39E6A881B4C2C1FB8C165517F46CD
:10A4F0005EEA049D8C355D01877473FA0B412EFB77
:10A50000671D5AB3DBD25292105633E9D647136D0A
:10A51000D7618C9AA10C7A37F8148E59133C89EBC9
:10A52000A927EECE61C935B71CE5EDE147B13C7A0C
:10A53000D2DF599CF2733F5514CE7918C737BF73D9
:10A54000F7CDEA53FDAA5B5F3D6F14DF44DB8678ED
:10A55000AFF381CA68C43EB924342C38A3405FC22B
:10A560001DC37216E2250CBC3C498B280D9541FF9A
:10A57000A80171390CB3DE08B4E49CD856C19064CC
:10A58000CB84617B32B670D56C5C7448B85742D0CE
:10A5900001000000020000000400000008000000AC
:10A5A00010000000200000004000000080000000BB
:10A5B0001B000000360000000200000049190100E5
:10A5C000651901009D19010089190100B1190100E7
:10A5D000CF190100020100008000000049B4020010
:10A5E000000000000000000010000000B8A50200FC
:10A5F00003010000C000000031B4020000000000B0
:10A600000000000010000000B8A5020004010000D6
:10A61000000100003DB40200000000000000000046
:10A6200010000000B8A50200050200008000000034
:10A630006DB40200100000000000000010000000D7
:10A64000B8A5020006020000C000000055B40200D8
:10A65000100000000000000010000000B8A502007B
:10A66000070200000001000061B4020010000000B9
:10A670000000000010000000B8A502000200000069
:10A680000000000000000000E1190100E1190100D4
:10A690001D190100371901000E060000800000009E
:10A6A00091B402000C000000010000001000000046
:10A6B0007CA602000F060000C000000079B4020072
:10A6C0000C00000001000000100000007CA6020049
:10A6D000100600000001000085B402000C0000001C
:10A6E00001000000100000007CA602000200000033
:10A6F000D4A5020003000000F0A502000400000041
:10A700000CA602000500000028A6020006000000BA
:10A7100044A602000700000060A602000E00000030
:10A7200098A602000F000000B4A60200100000006E
:10A73000D0A60200000000000000000000000000A1
:10A740000000000000000000201C000000000000CD
:10A7500040380000000000006024000000000000FD
:10A760008070000000000000A06C000000000000ED
:10A77000C048000000000000E0540000000000009D
:10A7800000E100000000000020FD000000000000CB
:10A7900040D900000000000060C50000000000007B
:10A7A0008091000000000000A08D0000000000006B
:10A7B000C0A9000000000000E0B50000000000009B
:10A7C0001CB70200031040006DB6020004144000E4
:10A7D000CFB60200051C400049B702000620400029
:10A7E00002B70200073080009CB6020008408000DB
:10A7F000080000000700000006000000050000003F
:10A8000004000000030000000000000006B5020084
:10A81000030000007FB802003BB8020000C0020045
:10A8200042B5020003000000D0B8020093BC020051
:10A830007FB702005EB5020003000000A4BC020066
:10A840009BBC020099B7020074B50200030000002F
:10A850002AB9020024B90200AEB702009DB5020079
:10A860000300000068B802000DBA0200A1B70200A0
:10A87000B4B50200030000009EB8020033BC020021
:10A88000B1B70200CCB4020009000000DFBB020037
:10A89000FBBB0200DFBB02003EB50200030000006C
:10A8A000DCBA0200EFBA0200E2BA0200E4B502002C
:10A8B00003000000CBBB0200ECBB0200D1BB0200D6
:10A8C000E8B5020003000000D8B70200E9B70200B3
:10A8D000DEB7020027B502000300000090B80200B6
:10A8E000EDB802009EB702003CB602000300000073
:10A8F00058B80200E2B802009BB7020040B602005E
:10A9000003000000BCBB0200B3BB0200C2BB0200DC
:10A9100044B60200030000000FBB020046BB020069
:10A9200015BB0200C8B50200030000002FB80200EA
:10A9300029B8020035B802004CB60200030000003E
:10A94000FDBA020029BB020003BB02005AB7020095
:10A9500003000000C1B90200B7B90200C7B9020084
:10A96000F4B502000A0000003CBC02004FBC02002B
:10A970007EB7020048B60200030000006DBB020073
:10A980005BBB020073BB020000000000000000007F
:10A99000000000000000000000000000F0B5020010
:10A9A000030000001CBC02000ABC02000001000001
:10A9B000E0B50200030000001AB80200FEB7020072
:10A9C000040000000FB602000300000008B80200F7
:10A9D000F5B7020000080000ECB50200030000001B
:10A9E000BBB8020047B8020020000000A7B4020074
:10A9F000090000000FB90200F5B8020000000100D4
:10AA00000BB602000300000099BB020084BB0200E9
:10AA1000080000000000000000000000000000002E
:10AA20000000000000000000C3B4020008000000A5
:10AA300095B90200D1B90200EAB402000800000092
:10AA4000A6B90200EFB90200FDB402000800000040
:10AA500062B9020043B902001EB5020008000000FE
:10AA60002CBA02001ABA02006BB5020008000000FE
:10AA700082B9020074B9020081B50200080000002A
:10AA800050B9020036B90200D6B402000900000035
:10AA9000C1B7020013B60200000000000000000071
:10AAA00000000000000000004FC102000400000090
:10AAB0006BBC020060BC020000000000000000004F
:10AAC00000000000000000000AB5020009000000BC
:10AAD000A1BA020013B70200030100002BB5020067
:10AAE0000900000042BA02005BB602000401000047
:10AAF000D6B502000900000071BA0200ADB602002E
:10AB000005010000A1B5020009000000B6BA02006C
:10AB100027B7020006010000B8B5020009000000D6
:10AB200089BA0200E0B6020007010000CCB50200BD
:10AB30000900000059BA02007AB6020008010000BC
:10AB400005B602000500000042BA02005BB6020032
:10AB5000040100008AB5020009000000A3B702004A
:10AB6000A3B7020000060000000000000000000083
:10AB70000000000000000000000000009DB4020082
:10AB800009000000CEBA02005EB70200010000001A
:10AB9000BBB402000700000075BC020084BC0200C8
:10ABA00002000000C2B502000500000091B70200DB
:10ABB00081B7020003000000000000000000000058
:10ABC00000000000000000000000000046B5020088
:10ABD0000500000077B702006FB7020021000000F7
:10ABE00055B5020008000000B4B7020062B70200C9
:10ABF0002500000000000000000000000000000030
:10AC0000000000000000000035B502000800000050
:10AC100020B702001CB7020003000000FFB50200CD
:10AC20000500000072B6020055B6020004000000E4
:10AC300014B5020009000000D6B60200C3B6020037
:10AC400005000000B1B402000900000050B7020086
:10AC50003DB7020006000000E0B402000900000059
:10AC600009B70200F6B6020007000000F3B40200C4
:10AC700009000000A3B6020090B602000800000020
:10AC800000000000000000000000000000000000C4
:10AC9000000000004CB502000800000069B6020088
:10ACA00050B602000400000062B502000800000077
:10ACB000CBB60200BEB602000500000078B5020067
:10ACC0000800000045B7020038B702000600000087
:10ACD00094B5020008000000FEB60200F1B60200C2
:10ACE00007000000ABB502000800000098B60200A3
:10ACF0008BB6020008000000000000000000000009
:10AD00000000000000000000000000000100000042
:10AD10005EB70200774A0100654A0100874A0100D8
:10AD2000DD4A0100194B0100594B01009F4B010006
:10AD3000AF4B0100CB4B0100DD4B0100982F8A4245
:10AD400091443771CFFBC0B5A5DBB5E95BC256397D
:10AD5000F111F159A4823F92D55E1CAB98AA07D895
:10AD6000015B8312BE853124C37D0C55745DBE72B8
:10AD7000FEB1DE80A706DC9B74F19BC1C1699BE438
:10AD80008647BEEFC69DC10FCCA10C246F2CE92DC8
:10AD9000AA84744ADCA9B05CDA88F97652513E98EC
:10ADA0006DC631A8C82703B0C77F59BFF30BE0C6F3
:10ADB0004791A7D55163CA0667292914850AB72781
:10ADC00038211B2EFC6D2C4D130D385354730A651E
:10ADD000BB0A6A762EC9C281852C7292A1E8BFA2F5
:10ADE0004B661AA8708B4BC2A3516CC719E892D15D
:10ADF000240699D685350EF470A06A1016C1A419E0
:10AE0000086C371E4C774827B5BCB034B30C1C39DE
:10AE10004AAAD84E4FCA9C5BF36F2E68EE828F749D
:10AE20006F63A5781478C8840802C78CFAFFBE90B7
:10AE3000EB6C50A4F7A3F9BEF27871C600000000D5
:10AE400022AE28D7982F8A42CD65EF2391443771DF
:10AE50002F3B4DECCFFBC0B5BCDB8981A5DBB5E951
:10AE600038B548F35BC2563919D005B6F111F1591E
:10AE70009B4F19AFA4823F9218816DDAD55E1CAB4F
:10AE8000420203A398AA07D8BE6F7045015B8312E4
:10AE90008CB2E44EBE853124E2B4FFD5C37D0C559F
:10AEA0006F897BF2745DBE72B196163BFEB1DE8097
:10AEB0003512C725A706DC9B942669CF74F19BC188
:10AEC000D24AF19EC1699BE4E3254F388647BEEF25
:10AED000B5D58C8BC69DC10F659CAC77CCA10C24DD
:10AEE00075022B596F2CE92D83E4A66EAA84744A4F
:10AEF000D4FB41BDDCA9B05CB5531183DA88F97687
:10AF0000ABDF66EE52513E981032B42D6DC631A8BB
:10AF10003F21FB98C82703B0E40EEFBEC77F59BF9F
:10AF2000C28FA83DF30BE0C625A70A934791A7D58A
:10AF30006F8203E05163CA06706E0E0A67292914F6
:10AF4000FC2FD246850AB72726C9265C38211B2E3E
:10AF5000ED2AC45AFC6D2C4DDFB3959D130D38536B
:10AF6000DE63AF8B54730A65A8B2773CBB0A6A767E
:10AF7000E6AEED472EC9C2813B358214852C729214
:10AF80006403F14CA1E8BFA2013042BC4B661AA891
:10AF90009197F8D0708B4BC230BE5406A3516CC74A
:10AFA0001852EFD619E892D110A96555240699D602
:10AFB0002A20715785350EF4B8D1BB3270A06A10C3
:10AFC000C8D0D2B816C1A41953AB4151086C371E72
:10AFD00099EB8EDF4C774827A8489BE1B5BCB0348D
:10AFE000635AC9C5B30C1C39CB8A41E34AAAD84E6F
:10AFF00073E363774FCA9C5BA3B8B2D6F36F2E6836
:10B00000FCB2EF5DEE828F74602F17436F63A578FB
:10B0100072ABF0A11478C884EC39641A0802C78CAA
:10B02000281E6323FAFFBE90E9BD82DEEB6C50A4BC
:10B030001579C6B2F7A3F9BE2B5372E3F27871C645
:10B040009C6126EACE3E27CA07C2C021C7B886D176
:10B050001EEBE0CDD67DDAEA78D16EEE7F4F7DF53E
:10B06000BA6F1772AA67F006A698C8A2C57D630AD0
:10B07000AE0DF9BE04983F111B471C13350B711B15
:10B08000847D0423F577DB289324C7407BABCA3249
:10B09000BCBEC9150ABE9E3C4C0D109CC4671D4326
:10B0A000B6423ECBBED4C54C2A7E65FC9C297F5956
:10B0B000ECFAD63AAB6FCB5F1758474A8C19446C01
:10B0C0003D000000000000009D000000B3BC020035
:10B0D000100701000300000003000000030000004F
:10B0E00003000000000000009C00000013BD0200EF
:10B0F0000E06010003000000030000000300000032
:10B1000003000000000000003C000000F3BC02004F
:10B11000050601000300000003000000030000001A
:10B1200003000000000000003D000000D3BC02004E
:10B1300007060100030000000300000003000000F8
:10B1400003000000000000002F00000050BD0200BE
:10B1500005040100030000000000000003000000DF
:10B1600003000000000000003500000033BD0200B5
:10B1700007040100030000000000000003000000BD
:10B18000030000000000000000000000B2BC02004C
:10B1900000000000000000000000000000000000AF
:10B1A0000000000000000000F0000000FFFFFF0FA3
:10B1B000FFFFFF0F00080000E0000000FFFFFF0F8F
:10B1C0000000000000080000600000000A0000000D
:10B1D00000000000000000000100000028C0020084
:10B1E000020000006DBD020004000000BEBF0200AE
:10B1F0000800000084BF02001000000052BF0200DF
:10B20000200000004DC0020040000000A9C0020064
:10B210008000000003C00200000100009CBD02008D
:10B22000000200007BC002000004000060C00200B9
:10B2300000080000F5C0020000100000C1C00200BC
:10B240000020000021C10200004000001DBF0200DC
:10B25000008000000BBE0200000001009EBE020044
:10B2600000000200F0BE020000000400CABD02009F
:10B270000000080054BE02000000000000000000B2
:10B28000303132333435363738394142434445461C
:10B290004030580030313233343536373839616216
:10B2A0006364656640307800040000080000000018
:10B2B000000000020001000010000000000000007B
:10B2C000000000000000F03F000000000000F83F18
:10B2D00000000000000000000000004003B8E23F52
:10B2E000000000000000000006D0CF43EBFD4C3E04
:10B2F000033333333333E33FFFAB6FDBB66DDB3FF9
:10B300004D268F515555D53F01411DA96074D13F40
:10B3100065DBC9934A86CD3FEF4E454A287ECA3F3A
:10B320003E5555555555C53F93BDBE166CC166BFBC
:10B330002CDE25AF6A56113FF16BD2C541BDBBBEB5
:10B34000D0A4BE726937663E000000000000000015
:10B3500002400000000000A00000000005400000C6
:10B36000000000C8000000000C4000000000409CED
:10B3700000000000194000000020BCBE00000000DA
:10B3800034400000BFC91B8E00000004B54000001F
:10B39000504BCFD06607E2CF010000006C410000A7
:10B3A0003E8251AADFEEA73401000000D94200001E
:10B3B000DCB5A0E23A301F97FFFFFFFFB445000065
:10B3C000FD25A0C8E9A3C14FFFFFFFFFFF3F00001D
:10B3D0000000008000000000FF3F0000000000802F
:10B3E0000000000073736C5F636C69656E743100FC
:10B3F0004142434445464748494A4B4C4D4E4F50C5
:10B400005152535455565758595A61626364656690
:10B410006768696A6B6C6D6E6F7071727374757644
:10B420007778797A303132333435363738392B2FD3
:10B43000004145532D3139322D454342004145539A
:10B440002D3235362D454342004145532D3132389A
:10B450002D454342004145532D3139322D4342435E
:10B46000004145532D3235362D434243004145536B
:10B470002D3132382D434243004145532D3139326D
:10B480002D47434D004145532D3235362D47434D11
:10B49000004145532D3132382D47434D002A86480F
:10B4A00086F70D010101006086480186F84201011E
:10B4B00000608648016503040201002A8648CE3DEB
:10B4C0000201002B06010505070301002A864886B4
:10B4D000F70D010901002B0601040182E42501009A
:10B4E000608648016503040202002B06010505077A
:10B4F000030200608648016503040203002B060175
:10B50000050507030300550403002A864886F70D46
:10B5100001010400608648016503040204002B0653
:10B5200001050507030400550404002A864886F730
:10B530000D010105002A864886F70D020500550415
:10B540000500550406002B0E030207002A864886D4
:10B55000F70D0207002A864886F70D0307005504F9
:10B5600007002A864886F70D0208002B060105050C
:10B5700007030800550408002A864886F70D0209CB
:10B58000002B06010505070309002A864886F70DEA
:10B5900001010A002A864886F70D020A0055040AAE
:10B5A000002A864886F70D01010B002A864886F797
:10B5B0000D020B0055040B002A864886F70D010189
:10B5C0000C002B8104010C0055040C002A864886CF
:10B5D000F70D01010D002A864886F70D01010E00C6
:10B5E000551D0F005504100055041100551D110084
:10B5F000551D13000992268993F22C640119002B22
:10B600000E03021A002B0E03021D00551D200055CB
:10B610001D250057692D53554E20416C6C69616E94
:10B620006365204669656C642041726561204E65E2
:10B6300074776F726B202846414E290055042A000A
:10B6400055042B0055042C0055042D0055042E00E4
:10B65000484D41432D5348412D31005253412077ED
:10B66000697468205348413100686D6163534841F3
:10B67000310069642D73686131005253412077694C
:10B680007468205348412D35313200484D41432DD7
:10B690005348412D35313200686D6163534841355F
:10B6A00031320069642D7368613531320052534183
:10B6B0002077697468205348412D32323400484D58
:10B6C00041432D5348412D32323400686D6163533C
:10B6D00048413232340069642D736861323234007B
:10B6E0005253412077697468205348412D333834D0
:10B6F00000484D41432D5348412D33383400686D87
:10B7000061635348413338340069642D7368613391
:10B710003834005253412077697468204D44350015
:10B7200069642D6D64350052534120776974682037
:10B730005348412D32353600484D41432D53484141
:10B740002D32353600686D6163534841323536001D
:10B7500069642D73686132353600550441005253D7
:10B7600041004445532D454445332D434243004455
:10B7700045532D43424300646573434243004443B1
:10B78000004543206B657920666F7220454344482D
:10B790000069642D65634448004C00474E00534ED9
:10B7A000004F005253415353412D505353005354B3
:10B7B000004F55006465732D656465332D636263C6
:10B7C0000069642D6B702D776973756E2D66616EDF
:10B7D0002D6465766963650069642D61742D706FF1
:10B7E0007374616C436F646500506F7374616C2097
:10B7F000636F646500457874656E646564204B65AD
:10B80000792055736167650069642D63652D6578DE
:10B81000744B657955736167650069642D63652DA7
:10B820006B65795573616765005469746C6500696F
:10B83000642D61742D7469746C6500436F6D6D6F58
:10B840006E204E616D65005375626A6563742041B8
:10B850006C74204E616D650069642D61742D67699B
:10B8600076656E4E616D650069642D61742D6F7231
:10B8700067616E697A6174696F6E4E616D650069AA
:10B88000642D61742D636F6D6D6F6E4E616D65001B
:10B8900069642D61742D7375724E616D6500696404
:10B8A0002D61742D6F7267616E697A6174696F6E54
:10B8B000616C556E69744E616D650069642D6365D8
:10B8C0002D7375626A656374416C744E616D6500B9
:10B8D00069642D61742D636F756E7472794E616D3C
:10B8E0006500476976656E206E616D6500537572FF
:10B8F0006E616D65004E65747363617065204365AC
:10B900007274696669636174652054797065006951
:10B91000642D6E657473636170652D6365727474F4
:10B920007970650053746174650069642D61742DCC
:10B930007374617465004F435350205369676E6997
:10B940006E6700436F6465205369676E696E6700B8
:10B9500069642D6B702D4F4353505369676E696E48
:10B96000670069642D6B702D636F64655369676E42
:10B97000696E670054696D65205374616D70696EFE
:10B98000670069642D6B702D74696D655374616D0A
:10B9900070696E670069642D6B702D7365727665D2
:10B9A00072417574680069642D6B702D636C6965F4
:10B9B0006E74417574680050736575646F6E796D4F
:10B9C0000069642D61742D70736575646F6E796D97
:10B9D00000544C532057656220536572766572207F
:10B9E00041757468656E7469636174696F6E005443
:10B9F0004C532057656220436C69656E7420417515
:10BA00007468656E7469636174696F6E004F726704
:10BA1000616E697A6174696F6E00452D6D61696C44
:10BA20002050726F74656374696F6E0069642D6B6A
:10BA3000702D656D61696C50726F74656374696FA8
:10BA40006E007368612D3157697468525341456EB9
:10BA50006372797074696F6E007368613531325743
:10BA6000697468525341456E6372797074696F6E80
:10BA70000073686132323457697468525341456EBD
:10BA80006372797074696F6E00736861333834570C
:10BA9000697468525341456E6372797074696F6E50
:10BAA000006D643557697468525341456E6372790D
:10BAB0007074696F6E0073686132353657697468E7
:10BAC000525341456E6372797074696F6E00727380
:10BAD00061456E6372797074696F6E0069642D617F
:10BAE000742D73657269616C4E756D626572005379
:10BAF000657269616C206E756D6265720069642D96
:10BB000061742D646E5175616C6966696572006956
:10BB1000642D61742D67656E65726174696F6E5115
:10BB200075616C69666965720044697374696E67F2
:10BB3000756973686564204E616D65207175616C0F
:10BB400069666965720047656E65726174696F6EDA
:10BB5000207175616C696669657200556E697175F1
:10BB600065204964656E7469666965720069642D53
:10BB700061742D756E697175654964656E74696669
:10BB800069657200436572746966696361746520F2
:10BB9000506F6C69636965730069642D63652D631B
:10BBA00065727469666963617465506F6C69636915
:10BBB000657300496E697469616C730069642D6115
:10BBC000742D696E697469616C730069642D6174A8
:10BBD0002D706F7374616C4164647265737300657A
:10BBE0006D61696C4164647265737300506F737446
:10BBF000616C206164647265737300452D6D6169C9
:10BC00006C206164647265737300426173696320C0
:10BC1000436F6E73747261696E74730069642D632F
:10BC2000652D6261736963436F6E73747261696ECF
:10BC30007473004F726720556E69740069642D64D7
:10BC40006F6D61696E436F6D706F6E656E740044E9
:10BC50006F6D61696E20636F6D706F6E656E7400DD
:10BC6000416E7920506F6C69637900616E79506F15
:10BC70006C6963790069642D65635075626C6963F2
:10BC80004B65790047656E65726963204543206B9B
:10BC9000657900436F756E747279004C6F63616CE7
:10BCA0006974790069642D61742D6C6F63616C69CE
:10BCB000747900544C532D5253412D574954482DFB
:10BCC0004145532D3235362D47434D2D5348413391
:10BCD000383400544C532D5253412D574954482D5C
:10BCE0004145532D3235362D4342432D5348413281
:10BCF000353600544C532D5253412D574954482D3D
:10BD00004145532D3132382D4342432D5348413262
:10BD1000353600544C532D5253412D574954482D1C
:10BD20004145532D3132382D47434D2D5348413233
:10BD3000353600544C532D5253412D574954482DFC
:10BD40004145532D3235362D4342432D5348410052
:10BD5000544C532D5253412D574954482D4145536E
:10BD60002D3132382D4342432D53484100546865EC
:10BD700020636572746966696361746520686173C4
:10BD8000206265656E207265766F6B656420286938
:10BD900073206F6E20612043524C29004F746865F8
:10BDA0007220726561736F6E202863616E20626518
:10BDB00020757365642062792076657269667920E2
:10BDC00063616C6C6261636B290054686520435247
:10BDD0004C206973207369676E65642077697468A5
:10BDE00020616E20756E61636365707461626C655D
:10BDF00020504B20616C67202865672052534120FA
:10BE00007673204543445341292E005468652063CE
:10BE1000657274696669636174652069732073690A
:10BE2000676E6564207769746820616E20756E6145
:10BE3000636365707461626C6520504B20616C6750
:10BE40002028656720525341207673204543445390
:10BE500041292E005468652043524C206973207399
:10BE600069676E6564207769746820616E20756EFD
:10BE700061636365707461626C65206B657920280D
:10BE80006567206261642063757276652C20525369
:10BE90004120746F6F2073686F7274292E0054688C
:10BEA000652063657274696669636174652069738E
:10BEB000207369676E6564207769746820616E20FD
:10BEC000756E61636365707461626C65206B657922
:10BED00020286567206261642063757276652C2076
:10BEE00052534120746F6F2073686F7274292E0053
:10BEF0005468652043524C206973207369676E65EE
:10BF000064207769746820616E20756E6163636573
:10BF1000707461626C6520686173682E0054686596
:10BF20002063657274696669636174652069732052
:10BF30007369676E6564207769746820616E207527
:10BF40006E61636365707461626C652068617368BB
:10BF50002E005468652043524C206973206E6F7424
:10BF600020636F72726563746C79207369676E65A4
:10BF700064206279207468652074727573746564D6
:10BF80002043410054686520636572746966696383
:10BF9000617465206973206E6F7420636F727265BF
:10BFA00063746C79207369676E65642062792074AC
:10BFB0006865207472757374656420434100546829
:10BFC0006520636572746966696361746520436F97
:10BFD0006D6D6F6E204E616D652028434E29206483
:10BFE0006F6573206E6F74206D617463682077696C
:10BFF0007468207468652065787065637465642072
:10C00000434E0043657274696669636174652076A6
:10C010006572696669636174696F6E207761732008
:10C02000736B697070656400546865206365727431
:10C03000696669636174652076616C6964697479A5
:10C040002068617320657870697265640054686562
:10C050002043524C206973206578706972656400D2
:10C060005468652043524C2069732066726F6D20BE
:10C070007468652066757475726500546865206320
:10C08000657274696669636174652076616C696460
:10C090006974792073746172747320696E20746896
:10C0A00065206675747572650043657274696669AA
:10C0B0006361746520776173206D697373696E675E
:10C0C00000557361676520646F6573206E6F74201F
:10C0D0006D617463682074686520657874656E644A
:10C0E00065644B6579557361676520657874656E25
:10C0F00073696F6E00557361676520646F657320A7
:10C100006E6F74206D6174636820746865206B6560
:10C1100079557361676520657874656E73696F6EB4
:10C1200000557361676520646F6573206E6F7420BE
:10C130006D6174636820746865206E734365727402
:10C140005479706520657874656E73696F6E0055FB
:10C150001D200000A0C202004000002034020000A8
:10C16000FC000000ACC3020074020020A4E5010042
:10C17000580100001001000043000000F8FFFFFF1D
:10C1800000404040404040404040414141414140EA
:10C19000404040404040404040404040404040409F
:10C1A000400502020202020202020202020202022E
:10C1B0000220202020202020202020020202020233
:10C1C000020290909090909010101010101010108B
:10C1D0001010101010101010101010100202020297
:10C1E00002028888888888880808080808080808DB
:10C1F00008080808080808080808080802020202D7
:10C2000040000000000000000000000000000000EE
:10C21000000000000000000000000000000000001E
:10C22000000000000000000000000000000000000E
:10C2300000000000000000000000000000000000FE
:10C2400000000000000000000000000000000000EE
:10C2500000000000000000000000000000000000DE
:10C2600000000000000000000000000000000000CE
:10C2700000000000000000000000000000000000BE
:10C28000000000001C00000043000000F8FFFFFF5A
:10C290000C0000000E0000000F0000002E00000047
:10C2A000011C0009102026010820243002164552E6
:10C2B000524F5280112F2F6232332E74762F746AB0
:10C2C0007937567A421019E6ADA3E59CA8E8BF9EDF
:10C2D000E68EA5E7BD91E7BB9CE4B8AD2E2E2E49B6
:10C2E000135FE68890E58A9F0D492017E5A4B1E821
:10C2F000B4A52813E681A2E5A48DE587BAE58E8270
:10C30000E8AEBEE7BDAE29580DE69BB4E696B0E7B1
:10C3100082B9E695B03CA913493C1013E99499E819
:10C32000AFAFE4BBA3E7A081E4B8BAEFBC9AA2CC5C
:10C33000330101E2C0100801025735353030233592
:10C34000451A37041A39041A3B041A3D041A4304E7
:10C3500001201AFF0141320A2757495A6E6574239A
:10C36000C14B1AE704032A094C0415E4B3021AF07E
:10C370001814A54202CB03432014734D0223021765
:10C38000320332083207320672051A2BE85A2CECB7
:10C3900029182920510421585859000D1B676F6F27
:0CC3A000646576657279646179000000C4
:04000005000000C136
:00000001FF
