:020000040000FA
:10000000886E0120F900000001010000513D000050
:1000100005010000070100000901000000000000C8
:100020000000000000000000000000000B010000C4
:100030000D010000000000000F010000C16D000074
:100040001301000013010000130100001301000060
:100050001301000013010000130100001301000050
:100060001301000013010000597400001301000087
:100070001301000013010000130100001301000030
:100080001301000013010000A17100001301000022
:100090001301000013010000130100001301000010
:1000A0001301000013010000130100001301000000
:1000B000557400001301000013010000130100003B
:1000C00013010000130100001301000013010000E0
:1000D00013010000130100001301000013010000D0
:1000E00013010000DFF80CD000F08AFC0048004744
:1000F0007D990000886E0120064880470648004729
:10010000FEE7FEE7FEE7FEE7FEE7FEE7FEE7FEE7C7
:10011000FEE7FEE73D700000E50000002DE9F05F1E
:100120000546002092469B46884606468146402466
:100130001BE0284641464746224600F056FA534601
:100140005A46C01A914110D311461846224600F073
:100150003DFA2D1A67EB01084F4622460120002187
:1001600000F034FA17EB00094E41201EA4F10104FF
:10017000DFDC484631462A464346BDE8F09F000092
:100180000649074A0868504343F2390210440860A0
:1001900040087047014908607047000000000020D7
:1001A0006D4EC64110B5431A934209D28318881880
:1001B00003E010F8011D03F8011D521EF9D210BD15
:1001C00040EA01039B0703D009E008C9121F08C0D9
:1001D000042AFAD203E011F8013B00F8013B521E59
:1001E000F9D210BDD2B201E000F8012B491EFBD2BA
:1001F00070470022F6E710B513460A460446194632
:10020000FFF7F0FF204610BD421E12F8013F002B01
:10021000FBD111F8013B02F8013B002BF9D17047EB
:1002200030B505462A460B4612F8010B13F8014B70
:1002300008B1A042F8D01CB1002802D06D1CF1E733
:10024000284630BD10B5044604E00B7800F8013BA9
:1002500003B1491C521EF8D2204610BDCAB2401E3E
:1002600010F8011F8A4202D00029F9D100207047FE
:10027000421C10F8011B0029FBD1801A704710B5F1
:10028000002200E0521C835C8C5CA34201D1002B55
:10029000F8D1D8B2E1B2401A10BDCBB203E0017878
:1002A000994203D0401C521EF9D20020704730B54D
:1002B00004460020034600E05B1C934203D2E05C4E
:1002C000CD5C401BF8D030BD10B5044600E0401CAA
:1002D0000378002BFBD100E0401C521E04D311F820
:1002E000013B0370002BF7D100210170204610BDA7
:1002F000034611F8012B00F8012B002AF9D118460A
:10030000704730B505460020034600E05B1C934271
:1003100005D2EC5CC85C201A01D1002CF6D130BDAE
:1003200010B5484304461BF0EBF9002805D0002126
:10033000002C02D0641E0155FAE710BD0FB400B5C1
:100340008DB010A909900B9000914FF0FF300A90EA
:1003500000200C9005480690054807906A4609A8B9
:100360000F9900F067F90DB05DF814FB510600001D
:100370006F0600002DE9FF5F1D464FF0FF3BD5E9FA
:10038000014691465F464FF00008A9697F1C01981D
:100390008847296A824688470028F6D1BAF1FF3F8C
:1003A0000CD024F4C064002E19DD600614D5BAF117
:1003B0002B0F09D0BAF12D0F0ED103E0584604B02F
:1003C000BDE8F09F44F48064A9697F1C01988847C8
:1003D000761E8246002E02DDBAF1300F03D0B9F14D
:1003E000000F26D032E0A969761E44F400747F1C09
:1003F000019888478246002E05DDBAF1780F06D0B5
:10040000BAF1580F03D0B9F1000F10D01EE0B9F1C6
:10041000000F02D0B9F1100F18D1A969761E24F48B
:1004200000747F1C019888478246102002E0082053
:1004300000E00A20814609E008FB0908A969761E48
:1004400044F400747F1C019888478246002E05DD25
:100450004946504600F0D9F80028EDDAE9690198DC
:100460008847A00502D46FF00100A8E7E00725D176
:10047000600613D5600502D5C8F1000000E04046D3
:1004800029680A1D2A600968220501D5087015E04F
:10049000220701D5088011E008600FE02868011DDF
:1004A00029600068210502D580F8008006E0210758
:1004B00002D5A0F8008001E0C0F8008038467EE751
:1004C0002DE9FF5FD2E901A74FF000089169994635
:1004D0001446DDF838B0464601988847054659EA83
:1004E0000B0005D009E0A169761C019888470546F4
:1004F000216A284688470028F5D1681C03D05FEAA6
:10050000CA7005D015E04FF0FF3004B0BDE8F09F91
:100510002068011D2160D0F800800AE05FEACA70FF
:1005200001D108F8015BA169761C7F1E01988847FC
:100530000546002F1ADD681C18D0B9F1000F0DD048
:10054000E81705EBD060421120F01F0059F8221087
:100550002A1A012090400142E0D107E0BBF1000FD0
:10056000DCD1216A284688470028D7D0E169019864
:100570008847BBF1000F07D1002E05DD5FEACA7086
:1005800002D1002188F80010A068B84203DDBBF159
:10059000000F03D017B16FF00100B6E73046B4E7A3
:1005A00030B50B46014600202022012409E021FA43
:1005B00002F59D4205D303FA02F5491B04FA02F540
:1005C0002844151EA2F10102F1DC30BD202A04DB13
:1005D000203A00FA02F1002070479140C2F1200356
:1005E00020FA03F3194390407047202A04DB203A95
:1005F00021FA02F00021704721FA02F3D040C2F143
:10060000200291400843194670473A2800D23038FA
:1006100020F02002412A01D3A2F13700884201D301
:100620004FF0FF30704700000268114413780160FA
:1006300018467047D1600449516104491162002194
:100640001161114600F006BA29060000490A0000AF
:10065000426842B1016811F8013B23B1521EC0E962
:100660000012184670470121C160881E7047426819
:100670005AB1C368016843B983688B4205D0491EEB
:10068000521CC0E90012002070474FF0FF30704745
:100690002DE9FE4F804681EA0300C00F0C46009012
:1006A00021F0004123F00045B8EB0200A94105D23A
:1006B0004046214690461C460B46024623F0004029
:1006C000104347D0270DC7F30A00C3F30A51029025
:1006D000401A019040286BDAC3F3130040F4801BEA
:1006E0000098924620B10023D2EB030A63EB0B0B78
:1006F00001985946C0F140025046FFF767FF064691
:100700000D4650465946019A00F08CF910EB08004E
:100710006141002487EA115284EAE7731A4340D00A
:10072000009A62B3019A012A4FEA075215DC001BB6
:1007300061EB02014FF0004202EA0752CDE90042AC
:10074000001C41F5801132462B4600F028FB03B017
:10075000BDE8F08F40462146F9E7001B61EB02013E
:10076000001C41F5801300185B412018A2F500170A
:1007700047EB030140EAD570B6196D4111E06D08F1
:100780004FEA360645EAC0754FEA0752001B61EB97
:100790000201001C41F5801149084FEA30000019A0
:1007A000514132462B4603B0BDE8F04F00F0E8BAA5
:1007B0000098012240000023D0EB020263EBE073BB
:1007C000009821464FEAE074B8EB000061EB0401A9
:1007D000E9E783F000435BE781F0004158E72DE94A
:1007E000FE4F81EA030404F0004421F0004100942C
:1007F0004FF0000B23F0004350EA01045ED052EAB0
:1008000003045BD0C3F30A54C1F30A552C44A4F289
:10081000F3340194A0FB0254C1F3130141F480119D
:10082000C3F3130343F4801301FB024400FB034EA4
:10083000840A970A44EA815447EA8357A4FB07686D
:1008400002958D0A05FB07854FEA932C04FB0C5497
:100850002705029D4FEA065847EA1637B5EB08050B
:100860006EEB070C870E920E47EA811742EA83125D
:10087000A7FB0201B6EB0B0164EB00042B0D43EA6E
:100880000C335E1844EB1C50DA465146E7FB02017C
:10089000C5F313044FEA0B3343EA14534FEA04320F
:1008A000019C43EA0603A4F10C040294009CCDE9E8
:1008B00000B400F074FA03B0BDE8F08F00200146E8
:1008C000F9E72DE9F04D81EA030404F0004B21F033
:1008D000004514464FF0000A23F0004150EA05029B
:1008E00020D054EA01021DD0C5F30A570246C5F3D1
:1008F0001303C1F31300C1F30A5640F4801543F407
:100900008013A7EB0608101BD64608F2FD3873EBE0
:10091000050002D308F1010801E092185B41B8F12B
:10092000000F03DA00200146BDE8F08D00204FF4EF
:100930008011064684460EE0171B73EB050705D3AE
:10094000121B63EB050306434CEA010C49084FEA0E
:10095000300092185B4150EA0107EDD152EA0300E2
:1009600012D082EA040083EA0501084305D0101B77
:10097000AB4106D20122002306E000224FF00043E3
:1009800002E06FF0010253101AEB06004CEB085125
:1009900010EB0A0041EB0B01BDE8F04D00F0F0B99F
:1009A000C1F30A52C1F3130140F2FF3341F4801145
:1009B0009A4202DA00200146704740F233439A42DD
:1009C000A2F2334202DC5242FFF70FBEFFF7FEBD38
:1009D00030B5041E71F1000404DB4FF000444042C6
:1009E00064EB0101141E73F1000405DB1C464FF09B
:1009F0000043524263EB0403994208BF904230BD6A
:100A0000064C074D06E0E06840F0010394E807005B
:100A100098471034AC42F6D3FFF768FB80F301002F
:100A2000A0F30100202A06DBCB17203A41FA02F09E
:100A300043EAE07306E041FA02F3D040C2F120023B
:100A40009140084319467047C0B24FF4F05100F08E
:100A5000F5B900002DE9F34F8BB04FF0000801F11C
:100A60000C000C464FF0010B46460DF1080A0190B0
:100A70006269012101989047051E2DD0252D2CD0AB
:100A8000216A8847C0B16269012101989047216AB3
:100A900088470028F7D1411E62690198904700E01D
:100AA000761CA1690B988847216A88470028F7D1EE
:100AB000E1690B988847DBE7A1690B9888470746EF
:100AC000A84201D1761CD3E7E1690B9888477F1CC7
:100AD00002D1B8F1000F6FD046E1002762693D46B0
:100AE0003946019890472A2804D16269012101986A
:100AF00090470125DFF884926269012101989047AF
:100B0000A0F130010A290AD24F45E5DC07EB870145
:100B100000EB4107303FDFD445F01005ECE7E90674
:100B200001D46FF000476C280AD04C2814D06828F4
:100B300015D06A280DD074281CD07A281AD01DE050
:100B400062690121019890476C2802D045F00405A4
:100B500014E045F002050DE045F020050AE0626969
:100B6000012101989047682802D045F0080505E06A
:100B700045F400656269012101989047C4E9015775
:100B800065283DD019DC58287AD00CDC452837D0B0
:100B900004DC252826D0412831D131E046282FD049
:100BA00047282CD12CE05B2877D0612828D06328F7
:100BB0007CD0642823D15AE0D0E06F2848D008DCEC
:100BC00066281DD067281BD0692821D06E2816D131
:100BD00027E0702845D0732868D0752847D078283A
:100BE0000DD14DE0A1690B988847054625283FF4B3
:100BF00069AFE1690B9888476D1C3FF46AAFB3E0B9
:100C000023466A466FF001000B99AFF300809EE027
:100C100045F040006060A80723464FF0000236D43C
:100C20003EE0E8077FF447AF2068011D21600068BF
:100C3000290501D506701BE7290701D5068017E7AE
:100C4000A90703D5F117C0E9006111E706600FE7B6
:100C500045F040006060A80723464FF0080216D414
:100C60001EE040F60E0125EA0100606016E045F046
:100C700040006060A80723464FF00A0207D40FE047
:100C800045F040006060A80708D5234610226FF0A9
:100C900001000B99AFF3008059E007E023461022D2
:100CA0006FF001000B99FFF765FB50E04FF0000972
:100CB0004F464B46632802D05B2806D040E0E8064A
:100CC00001D40120A06001273AE062690121019866
:100CD00090475E2805D14FF00109626949460198A5
:100CE0009047216939B900210A46534643F821202B
:100CF000491C0829FADBB0B3216969B9C11700EBB7
:100D0000D16253110AEB830122F01F02821A0120E3
:100D10000B68904003430B60626901210198904782
:100D20005D28E8D1B9F1000F09D00020514651F8F3
:100D30002020D24341F82020401C0828F7DB02ABDA
:100D4000224600976FF001000B99FFF7B9FB0028CE
:100D50000CDA401C08D1BBF1000F05D04FF0FF307A
:100D60000DB0BDE8F08FFFE74046F9E7E90701D194
:100D700008F1010806444FF0000B79E6CCCCCC0C0E
:100D800010B5141E73F1000408DA401C41F1000193
:100D900092185B411A4301D120F0010010BD2DE9EA
:100DA000F04D92469B4611B1B1FA81F202E0B0FAE1
:100DB00080F220329046FFF709FC04460F4640EAD5
:100DC0000A0041EA0B0153465A46084313D0114624
:100DD00053EA010019D0C8F140025046FFF705FC64
:100DE00005460E46504659464246FFF7EFFB08437C
:100DF00005D0012004E020463946BDE8F08D0020F2
:100E0000054346EAE0762C4337430A986305E40A33
:100E1000A0EB08000022FD0A44EA47540A3002D53C
:100E200000200146E9E7010510196941DDE908459F
:100E300000196941BDE8F04DA2E700007F2801D903
:100E4000002208E0064A02EB5002C007127800D1E7
:100E5000120902F00F020120904008407047000084
:100E600090B7010070B58C1810F8015B15F00703FE
:100E700001D110F8013B2A1106D110F8012B03E033
:100E800010F8016B01F8016B5B1EF9D12B0705D43B
:100E90000023521E0DD401F8013BFAE710F8013B84
:100EA000CB1A921C03E013F8015B01F8015B521EA0
:100EB000F9D5A142D8D3002070BD00002DE9F04142
:100EC000ADF59C6D0C268DF8176001F0ABFF06F0B8
:100ED0005DFC38AC20464FF48061FFF78AF906AD1F
:100EE0002846C821FFF785F940F2F458C2F20008FD
:100EF0004EF6206108F11902C0F20101284619F0EE
:100F00002FFF4EF66850C0F2010000212A4623460A
:100F100001F0CCFF05284BD142F21424C2F20004A8
:100F200004F1840104F1440204F29660CDE9002149
:100F30004EF67A5104F5257504F521760490231DAB
:100F400038A8C0F20101224602960395FFF7F6F990
:100F500007282CD14EF60C51C0F2010130460A226E
:100F6000FFF7A5F9074628B928463B21FFF776F990
:100F7000002872D04EF61751C0F2010130460D2202
:100F8000FFF795F9002818BF002F06D12846FFF774
:100F90006FF90026A4F894060AE04EF6FE41C0F26E
:100FA000010130460D22FFF782F90028EED0052618
:100FB0008DF817609DF8170028B19DF817000DF502
:100FC0009C6DBDE8F08142F21425C2F2000505F2E5
:100FD00096642046FFF74CF90246000448D090B2D0
:100FE000002100BF55FA81F358FA81F793F896363D
:100FF0007F7EBB4205D83BD30131CBB28342F1D3D4
:1010000036E008F10C002146FFF71CF905F52174C4
:101010004EF61751C0F2010120460D22FFF747F9A5
:10102000E8B14EF60C51C0F2010120460A22FFF74A
:101030003EF910B34EF6FE41C0F2010120460D22EA
:10104000FFF735F9A0B901F02DF80B2802BF1320E6
:101050000DF59C6DBDE8F0810AE00426A8E701F0DB
:1010600021F80B2802BF0E200DF59C6DBDE8F08124
:101070000C200DF59C6DBDE8F0810D200DF59C6DEB
:10108000BDE8F08170B504464EF2C760C0F20100C1
:1010900003F016F94EF2D160C0F2010003F010F92E
:1010A000012C10D0002C18BF70BD4EF665144EF602
:1010B0008B154EF2E970C0F20104C0F2010520A6C2
:1010C000C0F2010009E04EF61A244EF6F715C0F200
:1010D000010408A6C0F2010510A003F0F1F83046A3
:1010E00003F0EEF8284603F0EBF82046BDE8704028
:1010F00003F0E6B84443313628382C34342C27CA60
:10110000C7B7F1B8FCD0C2B1BEB5D8B9CCBCFEB03F
:10111000FC272C32293B0D0A0000000044433136E5
:101120002832342C32382C27D0C2B9CCBCFEB0FCCB
:10113000D2D1CFC2D4D8272C32293B0D0A000000CF
:10114000444331362832342C32382C2755706461B0
:101150007465206F72206E6F74272C32293B0D0A44
:10116000000000002DE9F04381B040F2AC24C2F24F
:1011700000040F46DDF820900546201D3C219846CE
:101180001646FFF736F8A80841F27B4C44F6427148
:1011900000FB0CF2C2F658012160510C30204FF0D8
:1011A000640E00EB524301FB1E5123718BB24CF6CF
:1011B000CD4105FB01F203FB01F3D20C02EB8202ED
:1011C00040EAD343A5EB4202637142F03002A271C0
:1011D000BA0802FB0CF22C23550C00EB524205FB23
:1011E0001E752272AAB207FB01F502FB01F2ED0C9B
:1011F00005EB850540EAD242A7EB4505627245F052
:101200003002A272B20802FB0CF2E371550C00EB43
:10121000524205FB1E652273AAB206FB01F502FBD2
:1012200001F2ED0C05EB850540EAD242A6EB45053F
:10123000627345F03002A2734FEA980202FB0CF28F
:10124000E372570C00EB524207FB1E872274BAB2BE
:1012500008FB01F702FB01F1FA0C02EB820240EA03
:10126000D141A8EB4202617442F03001A174CD215A
:1012700009FB01F1E373CA0A02EB820200EBD12001
:10128000A9EB4201207541F0300043F62931C0F648
:101290000D21E37460752046C4F8161001B0BDE856
:1012A000F08300002DE9F04140F2AC24C2F20004CA
:1012B0000F460546601D3B2198461646FEF799FFEE
:1012C00028202071A80841F27B4E44F2443100FBF3
:1012D0000EF3C3F231614FF0300C2160590C0CEB6E
:1012E0005343642001FB105163714CF6CD4305FB61
:1012F00003F289B2D20C01FB03F102EB82024CEA49
:10130000D141A5EB4202A17142F03001BA0802FBC3
:101310000EF2E171550C0CEB524205FB107062723B
:1013200007FB03F280B2D20C00FB03F002EB820257
:101330004CEAD040A7EB4202A07242F030002C21D0
:10134000E07242F22C702172A08132786AB10023DF
:10135000002700BF3D46181901378273FBB2F25CCB
:10136000002AF7D105F10F0200E00E22D3B22727A1
:10137000E754CD27501C08FB07F7C0B22154F80AE8
:1013800000EB8000931C0CEBD721A8EB4000D71C8E
:10139000DBB2E15440F03000111DFAB2A05443F624
:1013A0002932C9B2C0F60D2220466250BDE8F08154
:1013B0002DE9F04140F2AC24C2F200040F4605468C
:1013C000A01D3A2198461646FEF713FF42F6340058
:1013D000A080A80841F27B4E44F2443100FB0EF39A
:1013E000C3F256214FF0300C2160590C0CEB5343E3
:1013F000642001FB1051A3714CF6CD4305FB03F2B1
:1014000089B2D20C01FB03F102EB82024CEAD1411A
:10141000A5EB4202E17142F03001BA0802FB0EF284
:101420002172550C0CEB524205FB1070A27207FBA7
:1014300003F280B2D20C00FB03F002EB82024CEA12
:10144000D040A7EB4202E07242F030002C21207322
:1014500042F22C706172A4F80D0032786AB1002358
:10146000002700BF3D4618190137C273FBB2F25C7A
:10147000002AF7D105F1100200E00F22D3B227278E
:10148000E754CD27501C08FB07F7C0B22154F80AD7
:1014900000EB8000931C0CEBD721A8EB4000D71C7D
:1014A000DBB2E15440F03000111DFAB2A05443F613
:1014B0002932C9B2C0F60D2220466250BDE8F08143
:1014C00040F2F450C2F2000090F8FD13012201290D
:1014D00008BF022280F8FD2370470000F0B581B0FC
:1014E00004F054FB00B34EF2C7644EF2D1654EF2E5
:1014F0006D76C0F20104C0F20105C0F201060BA72F
:10150000204602F0DDFE284602F0DAFE304602F008
:10151000D7FE384602F0D4FE4FF4FA6005F0A4FD81
:1015200004F034FB0028EBD101B0F0BD4443313668
:1015300028302C37302C27506C6561736520436848
:1015400065636B2053442043617264272C31293B2F
:101550000D0A0000B0B504464EF2C760C0F20100AB
:1015600002F0AEFE4EF2D160C0F2010002F0A8FE21
:10157000012C0CD0002C18BFB0BD4EF665144EF6F1
:101580008B15C0F20104C0F2010514A008E04EF66C
:101590001A244EF6F715C0F20104C0F2010505A0A9
:1015A00002F08EFE284602F08BFE2046BDE8B040D9
:1015B00002F086BE4443313628382C32382C27D0EE
:1015C000C2B9CCBCFEB0FCA3ACCAC7B7F1CFC2D481
:1015D000D8272C32293B0D0A000000004443313645
:1015E0002831312C34302C27446F776E6C6F616456
:1015F000204669726D77617265272C32293B0D0A8E
:1016000000000000034643F24C30C0F24F00C3F824
:10161000070043F23540C4F63140586044F632408A
:10162000C3F23330186045F25040C3F23350C3F870
:101630000F004FF0300C03F1230003A11922A3F88F
:1016400013C0FEF7AFBD00BF795764766A6472417C
:101650006D523268794E58666C487A506E513D3DF5
:101660000000000080B54EF2C760C0F2010002F039
:1016700027FE4EF2D160C0F2010002F021FE07A069
:1016800002F01EFE0DA002F01BFE16A002F018FED6
:101690004FF47A60BDE8804005F0E6BC4443313643
:1016A0002833302C33302C27CEDEB7A8C1ACBDD3C5
:1016B000CDF8C2E7272C31293B0D0A0044433136CF
:1016C00028352C37302C27C7EBC8B7C8CFCAC7B7C7
:1016D000F1C1ACBDD3CDF8CFDF272C34293B0D0AA7
:1016E00000000000444331362832302C3130302C99
:1016F00027BCB4BDABB7B5BBD8B2CBB5A52E2E2E8B
:10170000272C34293B0D0A002DE9F041B0B00DF132
:10171000400840468021FEF76CFD01AE3046FFF7E1
:1017200071FF40F2EC24C2F20004204603F046FCB4
:1017300006F10F0540A1204632462B4619F010FB5A
:1017400004F140073EA1384632462B4619F008FB0B
:1017500040468021FEF74DFD06F12300414606F08C
:10176000ADFE05463846FEF783FDEEB204F1800576
:10177000014638462A464346009616F069FF284639
:10178000FEF776FD46F63B02C6F26D1229182A5086
:1017900047F26330C6F2681041F27E05486031209E
:1017A000C2F200050881284603F0B4FB2CA019F012
:1017B000DDFF2846214600F063F8B0B141F27E0417
:1017C00040F2EC250526C2F20004C2F2000500BF7B
:1017D000013E300628D04FF47A7005F045FC2046D3
:1017E000294600F04DF80028F2D121A019F0BEFFE3
:1017F00041F27E00C2F2000005F04AFA80B141F2E7
:101800007E040525C2F20004013D280610D04FF4E5
:101810007A7005F029FC204605F03AFA0028F3D149
:10182000002030B0BDE8F081012030B0BDE8F0818B
:10183000042030B0BDE8F08125732573000000005E
:10184000257325733B31323031303132363B313103
:101850006664353B32373739353435363030000041
:10186000B7A2CBCDC1ACBDD3B1A8CEC40D00000092
:10187000B7A2CBCDB6A9D4C4B1A8CEC40D00000088
:101880002DE9F04397B0044664200E4605F0ECFBCA
:1018900040F2E819C2F2000999F80000002856D079
:1018A00042F69850C2F2000014F034FE012805DB25
:1018B000B4F8C41004F6C60005F096F8B4F8C47085
:1018C00004F6C60840463946FEF793FC01AD4BF2DC
:1018D000D071C0F2010128465822FEF763FCB4F82B
:1018E000C2003946ADF81C0094F8C1002A468DF8B4
:1018F0001E0006F14000119006F180001490404651
:10190000049602F0CFFD0146404605F075F83220FE
:1019100007F0FCFA99F80000F8B142F69850C2F2CC
:10192000000014F0F7FD50BB42F698560525C2F2B0
:10193000000600BF4FF4FA70013D07F0E7FA2804F3
:101940002CD0304614F0E6FD0028F3D017E001203B
:1019500007F012FF0006ABD1B0E7012007F00CFF43
:1019600000060CD1052500BF3220013D07F0CEFA5C
:10197000280413D0012007F0FFFE0006F4D0B4F8CD
:10198000C410404605F030F894F8C60800F0F000A6
:10199000203818BF012017B0BDE8F083012017B030
:1019A000BDE8F083B0B5FEF7EBFB0546012001244E
:1019B00007F0CCFA142005F057FB012006F060FF79
:1019C00006F0EAF820B344F6D350C1F2620055FBAA
:1019D00000F0810901EBD0704FF47A7100FB1150D7
:1019E00041F28831441804F02FFF42F6F400C2F2AD
:1019F0000000B0F84400A1B206F010F800281CBFA7
:101A00000520B0BD04F008FF0446002818BF0524D7
:101A10002046B0BD10B504464EF2C760C0F20100CA
:101A200002F04EFC4EF2D160C0F2010002F048FC20
:101A3000012C07D0002C18BF10BD0DA0BDE8104030
:101A400002F03EBC02A0BDE8104002F039BC00BF6D
:101A5000444331362834302C35352C27CDF8C2E7B5
:101A6000C1ACBDD3D6D0272C35293B0D0A000000D0
:101A7000444331362833322C35352C27436F6E6E74
:101A8000656374696E672E2E2E272C35293B0D0A4F
:101A90000000000010B504F0D7FE40F2E810C2F2DA
:101AA0000000007828B34EF64450C0F2010042F224
:101AB000B321642206F0B4F960B14EF64450C0F28E
:101AC000010042F2B321642206F0AAF900281CBFEB
:101AD000012010BD002416A019F048FE04F0B4FE49
:101AE00004F09AFEA8B115A0214619F029F90220A8
:101AF00010BD0020002100F0DDFD04460028EAD0E2
:101B00004EF6D140C0F20100214619F019F901202A
:101B100010BDFFF7F9FD002804BF002010BD0146ED
:101B20000EA019F00DF9012007F010FA032010BDE6
:101B3000BFAACABCCED5CAD60D00000053534CC2B2
:101B4000D6D1AFCED5CAD6CAA7B0DC2C20B4EDCE44
:101B5000F3B1E0BAC53A2025640D0A00C1ACBDD38B
:101B6000D4C6C6BDCCA8BFCDBBA7B6CBCAA7B0DC78
:101B70002C20B4EDCEF3B1E0BAC53A2025640D0AAD
:101B800000000000012080F310887047002080F3DF
:101B90001088704700204FF4004101F0E5B80000C4
:101BA00000204FF4004101F0A7B8000070B540F2EA
:101BB000E810C2F20000007814460D46B8B142F6B3
:101BC0009850C2F2000014F0A5FC0128BCBF6FF0D1
:101BD0004B0070BD064642F69850C2F200002946FE
:101BE000A64209D9224614F0AFFC204670BD284613
:101BF000214605F0F3FF70BD324614F0A5FC3046D7
:101C000070BD000010B540F2E810C2F2000000788C
:101C1000144640B144F60000C4F20000224605F02C
:101C20006BFD204610BD0846214605F0FBFF20460F
:101C300010BD0000F0B581B040F2BC36C2F2000623
:101C40000C46054600274FF41060314606220097E7
:101C500006F00CF830787178B278F37808431043C6
:101C6000317918437279084310430BD140F60000D4
:101C7000C0F2DC0030604FF4106031460622B780BD
:101C800006F03EF840F2C630C2F20000057042F69F
:101C90009050C2F20000046040F2C83045F2786112
:101CA000C2F20000C1F234216C4601604FF4706052
:101CB0002146042206F024F84FF4706021460422E5
:101CC00006F01EF84FF480702146042206F018F842
:101CD00042F60030C2F20000076040F27020C2F20B
:101CE00000000A21016042F6FC20C2F200000770E9
:101CF00042F6FD20C2F20000077001B0F0BD000006
:101D000070B542F6FD25C2F200052878062804BF0A
:101D1000052070BD40F2C634C2F2000420784FF4B2
:101D2000427101EB401005F083FF222805D0207896
:101D300002214422002315F069FC14F0EFF995F913
:101D40000010042984BF012070BDDFE801F0030EFC
:101D500020467B0040F2D430C2F200000021016036
:101D600015F0CCF901242C706AE0022840F0908034
:101D700042F69050C2F20000006840F2D43100698F
:101D8000C2F20001086015F07FFA022022E0062866
:101D900000F08280C0B205287AD106F0DDFC002870
:101DA00000F0BC8040F26020C2F200000068804772
:101DB00042F60030C2F200000021016040F27020C3
:101DC000C2F200000A22026042F6FC20C2F20000C9
:101DD000017003202870012070BD40F26C20C2F217
:101DE00000000068411C04BF042070BD42F60036AC
:101DF000C2F2000631680424B1EB500F20D940F242
:101E0000D43040F2C831C2F20000C2F200010068D2
:101E100042F210220B68C2F200021060581C0860E7
:101E200015F032FA40F270210020C2F200010A22BD
:101E300030600A6042F6FC21C2F2000108703DE009
:101E4000204670BD06283CD0C0B2052820D142F201
:101E5000102040F2D431C2F20000C2F20001027838
:101E60000B7842F6FC269A42C2F200064FF00002BE
:101E700032703BD142784B789A4237D182788B7856
:101E80009A4233D1C078C97888422FD1042434E0F3
:101E9000BDE8704006F0A0BC42F60030C2F200007F
:101EA0000021016040F27020C2F200000A220260AC
:101EB00042F6FC20C2F200000124017020462C7082
:101EC00070BD42F60030C2F200000021016040F215
:101ED0007020C2F200000A22026042F6FC20C2F228
:101EE0000000017001202870042070BD40F26820BD
:101EF000C2F2000000688047032442F60030C2F2BC
:101F000000000021016040F27020C2F200000A22AD
:101F10000260032028702046317070BD42F6003008
:101F2000C2F200000024046040F27020C2F20000FF
:101F30000A21016040F26420C2F2000042F6FC2156
:101F40000068C2F200010C70804701202C7070BD47
:101F500080B540F2C630C2F20000007806F090FC76
:101F600042F6FD20C2F200000621017080BD000093
:101F700040F2DE32C2F20002107042F69450C2F219
:101F80000000016040F2DC30C2F2000041F2221198
:101F9000018070472DE9F04F89B040F2DE37C2F280
:101FA00000070E46397814460546084602210022ED
:101FB00000234FF0000915F029FB42F6945BC2F2B2
:101FC000000BDBF8002000203146002307F0F0F979
:101FD0003B78DBF8001082B24FF0350A18462B46EA
:101FE000CDF800A015F076FA387807F0C5FB024668
:101FF0000194C8B13878DBF800100DF10A0603AB84
:10200000B2F5807F28BF4FF48072009614F0FEFB7B
:10201000DBF80010019A04A814F050F9397804464E
:10202000084606F02DFC39E042F6043642F6651803
:10203000C2F20006C2F2000806E000BF387807F0DE
:102040009BFB02460028D5D13068032816D398F8A8
:1020500000300020012BC6F8009088BF0120022B21
:102060004FF0000103F1010438BF0121012B88BFAB
:10207000002488F8004020B10FE000BF00200021BC
:1020800058B90029DAD03878DBF8001092B22B4624
:10209000CDF800A015F01EFAD0E70024204609B0C4
:1020A000BDE8F08F2DE9F04F81B040F2F450C2F25C
:1020B0000000D0F826A0BAF1000F59D042F2142146
:1020C000C2F20001002001F525794FF0000B05E078
:1020D0000BF1010B5FFA8BF0824549D900EB400010
:1020E00040F2F451C2F2000101EB80075FFA8BF479
:1020F00007F12C052946484607F12A08272C38BF46
:102100004146FEF78DF80028E2D00646272C38BF5E
:1021100045462846FEF7ACF8262C064414D807F1AD
:1021200032052846FEF7A4F80104D1D0002100BFF3
:10213000CAB2B35CAA5C93421ED8C9D382B2013141
:10214000CBB29342F4D3C3E707F134052846FEF738
:102150008FF80104BCD00021CAB2B35CAA5C9342E0
:102160000AD8B5D382B20131CBB29342F4D3AFE7F0
:102170000C2001B0BDE8F08F0B2001B0BDE8F08F5E
:102180002DE9F041C8B00C46090701D0012430E028
:102190000746DDF8388102A81D46164607F0F2FC16
:1021A000B8F1000F07D0B8F1010F12D140F20821A9
:1021B000C0F2080103E04BF65E01C0F2010102A883
:1021C000802207F0E5FC20B102A807F0D3FC02242E
:1021D0000FE0009702AF3846002122462B460196B9
:1021E00007F052FC0546384607F0C4FC002D18BF26
:1021F0000424E0B248B0BDE8F081000080B54EF2A2
:10220000C760C0F2010002F05BF84EF2D160C0F28C
:10221000010002F055F804A002F052F80BA0BDE84E
:10222000804002F04DB800BF444331362832342C90
:1022300035302C27C9E8B1B8B3F5CABCBBAFD6D08E
:102240002E2E2E272C32293B0D0A00004443313616
:102250002833322C37302C27646576696365206912
:102260006E69742E2E2E272C32293B0D0A00000099
:102270007047000080B540F2DF31C2F2000100205B
:10228000FFF7D8FC42F2A120C0F2000042F2712216
:10229000C0F200020146BDE8804014F08DBB000092
:1022A00010B542F64914C2F20004A01D07F048FA26
:1022B00004F10E0007F036FA04F10A0007F04EFAB6
:1022C00004F1120007F020FA0220A07510BD0000F2
:1022D00080B500F007F800210128B8BF01214800AF
:1022E00080BD0000B0B5B2B06C462046C821FDF7F5
:1022F00080FF2046C8210E2202F052FA81B2204609
:1023000004F07AFB05462046C821FDF772FFA8B20B
:1023100032B0B0BD80B5FFF7DBFF40F2E810C2F28B
:1023200000000078002818BF80BD012006F00EFED6
:102330000120BDE8804006F0A3BA000040B10128AA
:102340000CD161B1012918BF704723A001F0B8BFBB
:1023500041B1012902D10EA001F0B2BF704716A011
:1023600001F0AEBF01A001F0ABBF00BF4443313666
:102370002831342C382C272D414444204E657720B9
:102380005365726965732D272C32293B0D0A0000B5
:102390004443313628382C382C272D446F776E6C07
:1023A0006F6164204669726D776172652D272C32EA
:1023B000293B0D0A00000000444331362833342CF9
:1023C000382C272DCCEDBCD3D0C2CFB5C1D02D2712
:1023D0002C32293B0D0A0000444331362833342C7B
:1023E000382C272DCFC2D4D8B9CCBCFEB0FC2D27B9
:1023F0002C32293B0D0A00004FF48012136804218F
:1024000043F0020313604AF65522C0F21001C5F2F0
:10241000AA520A60002202600869C007FCD04FF48B
:102420008011086820F0020201200A607047000055
:10243000AFF30080B0B541F25971CDF2B711A0FBF6
:102440000112510B232201FB02F14CF6CD4301F1A5
:10245000010C4DF68361C4F21B31A0FB0112910CFB
:10246000332201FB02F2CCF6CC43A2FB032305226C
:1024700001EBC10102EBD30349F2FF42C0F6BA22DD
:10248000904201F1010502D94FF480613EE045F62A
:102490000071C0F64C11884202D94FF4607135E0EA
:1024A00043F20021C0F61B01884202D94FF440716B
:1024B0002CE040F20051C0F2EA61884202D94FF4A8
:1024C000207123E04CF60071C0F27B51884202D9A2
:1024D0004FF400711AE042F28061C0F26941884213
:1024E00002D94FF4C07111E047F20051C0F2193126
:1024F000884202D94FF4807108E044F6000EC0F221
:10250000E81E0021704588BF0121C9010C22C0F2DC
:102510001002D3624FF480131C6824F478642143C2
:102520001960C2F800C04AF24172C0F282724FF0E4
:10253000101190420D6038BFB0BD00F04FFD40F665
:102540004400C4F20100016841F480710160B0BD33
:1025500010B510F003041AD14FF4801CDCF800E031
:1025600004234EF00102CCF800204AF65522C0F2B6
:102570001003C5F2AA521A60016000BF1869C007B3
:10258000FCD04FF48010016821F001010160B4FA21
:1025900084F0400910BD0000B0B589B10C4640F28E
:1025A000FF1120EA010500BF2846FFF725FFB4F51B
:1025B000007F38BFB0BDB4F5007405F50075F3D1E8
:1025C000B0BD00000B46042998BF04239B08B1F559
:1025D000007F88BF8023111F50F8042B013B41F876
:1025E000042FF9D17047000070B50446084604294D
:1025F00098BF04208508D01EB1F5007F88BF8025D4
:10260000D0F80310061D2046FFF7A2FF013D04F19C
:1026100004043046F4D170BD70B540F2FF1320EAD7
:1026200003040846042998BF04208508D01EB1F58C
:10263000007F88BF802500BFD0F80310061D20460C
:10264000FFF786FF013D04F104043046F4D170BD6C
:102650002DE9F041C8B00C46090701D0012425E05E
:102660000DF10808074640461D46164607F08AFA4F
:1026700040F20821C0F208014046802207F00AFB20
:1026800020B102A807F076FA02240FE0009702AF0B
:102690003846012122462B46019607F0F5F90546FA
:1026A000384607F067FA002D18BF0324E0B248B09F
:1026B000BDE8F0812DE9F043C1B0814641F2BA3066
:1026C0008846ADF8020005F077FA05F091FA05F0BA
:1026D00063FA68B342F2A810C2F20000817969BBC4
:1026E000C17959BB017A49BB407A38BB052504261C
:1026F000002704E02546FFF72BFC30061CD0013EE6
:10270000FFF7B8FD2806A5F10104F3D0FFF7F8FAAA
:10271000011F04BF0C460E46042808BF01274FF4D2
:10272000FA7004F0A1FC651E20062C46EED1E2E70B
:10273000012041B0BDE8F083002F6BD042F2A81712
:10274000C2F20007384602F069FC80B142F6F40696
:10275000B9F1000FC2F2000618BFB8F1000F0AD19C
:1027600042F6F400C2F2000004F092F916E00320F1
:1027700041B0BDE8F0834846FDF77AFD014630469A
:10278000FDF737FD4846FDF773FD024630464946E2
:10279000FDF708FD00203064A6F8448001A902205E
:1027A000FFF7E6FB07F1120006F140023146FFF7A2
:1027B000F1FB0446022006F063F8012C1EBF042042
:1027C00041B0BDE8F08342F63C10C2F20000006860
:1027D000FDF7E0FCFDF7D4FC44F6D351C1F26201F1
:1027E00050FB01F18A0902EBD1714FF47A7201FBBF
:1027F000120041F288310844ADF80200B6F84400F6
:10280000BDF8021005F00AF9002818BF052041B0F4
:10281000BDE8F083022041B0BDE8F08310B5B4B04C
:1028200002A8C821FDF7E5FC40F2F4540120C2F2F1
:1028300000048DF8070004F10A0040F2F631FDF7BC
:10284000D8FC45F2504200203021C3F2335220819F
:10285000C4E900214FF03031C4F8260084F8FD03AC
:1028600043F23540C4F81910C4F81D10C4F8211003
:10287000A4F8F00301F038FA4FF40C304FF4007173
:10288000FFF78AFE0DF107024FF40C300121FFF72C
:10289000C3FEFFF7FFF800281EBF072034B010BDAD
:1028A00004F1190202AC4EF62061C0F2010120468B
:1028B00018F056FA4EF66850C0F20100214604F0B6
:1028C000E5F8FFF705FD40F2E810C2F200000078DD
:1028D00028B9012006F03AFB012005F0D1FF0020C5
:1028E00034B010BD2DE9F04F85B0054606280C46E2
:1028F00006D34EF26860C0F201001C2105F0DCFD39
:1029000020680021B1EB104F01D180B230B94EF2F6
:102910006860C0F201001D2105F0CEFD606841F243
:102920000101C0F2010100238842CEF6FF730BDCE7
:10293000B0F5803F1CDA032818BF05281CD041F2EF
:102940000401884218D008E0C118052914D341F2C7
:102950000201C0F2010188420ED04EF26860C0F25E
:1029600001001E2105F0A8FD0023CEF6FF7303E051
:10297000A0F580300228F0D2052D0ED8DFE805F052
:1029800003182F39567040F67001C4F20101A1F10D
:1029900010000290A1F10C0015E000200290002030
:1029A00001900020039000254FF0000C002672E0FB
:1029B000206840F670010004C4F201012060A1F11A
:1029C00008000290081F4FF2000701900D1D01F151
:1029D000140C039101F11806C4F201075BE040F604
:1029E0007000C4F2010000F12001029100F1240105
:1029F0000BE020680004206040F67000C4F2010083
:102A000000F12801029100F12C01019100F1300147
:102A100000F1340500F1440C00F148064FF20000CB
:102A2000C4F20100039100F5806734E040F67000C5
:102A3000C4F2010000F15001029100F15401019132
:102A400000F1600100F1640500F1740C00F17806FA
:102A50004FF20000C4F2010000F5006703911AE094
:102A600020680004206040F67000C4F2010000F10C
:102A70005801029100F1600100F1640500F1740C4D
:102A800000F178064FF20000C4F2010000F5006783
:102A90000020039101902268002A00F0F0804FF09E
:102AA0000108049519E0019DA2F1200128680F2278
:102AB00002FA01F188432860049D606805283068A7
:102AC00014BF20EA0B0240EA0B023260226832FA9D
:102AD00008F008F1010800F0D280A8F1010A0120F5
:102AE00000FA0AF012EA000BF0D0D4F80490B9F51D
:102AF000803F0FDCB9F1030F54D041F2040081454F
:102B000050D0B9F5803F7ED1386820EA0B0038609C
:102B100079E000BF09EB030000220528C1F20102A1
:102B200053D2386829F0010120EA0B003860B869F7
:102B300091426FEA0B0E40EA0B00B8610FD1F869C1
:102B4000914500EA0E00F861386A00EA0E0038622A
:102B5000786A14BF00EA0E0040EA0B007862901C0D
:102B6000814507D1F86900EA0E00F861386A40EA49
:102B70000B0038624FF6FD70CEF6FE704844012817
:102B800041D8F869002140EA0B00C1F20101F86167
:102B90000331786A894514BF00EA0E0040EA0B0051
:102BA000786230E0BAF1100F504628BFA8F111004A
:102BB00007284FEA800216D8029D0F21286801FAE3
:102BC00002F3E1689843914017E0B9F1011F05D085
:102BD00041F20200C0F20100814514D1386840EA98
:102BE0000B0038600FE0019DA2F1200128680F2240
:102BF000E3688A40904303FA01F108432860002308
:102C0000049DCEF6FF73A268022A07D0012A0ED0D7
:102C1000B2B90399086820EA0B000CE00399086830
:102C200020EA0B000860286840EA0B0207E00399DD
:102C3000086840EA0B000860286820EA0B022A6056
:102C40006079C006DCF8000054BF20EA0B0240EABD
:102C50000B02CCF80020A079C0073FF42EAFBAF1E8
:102C6000100F28BFA8F1110ABAF1070F4FEA8A0224
:102C70003FF619AF029D0F21286891401AE705B071
:102C8000BDE8F08FB0B5054606280C4607D34EF2D6
:102C90006860C0F201004FF4B37105F00DFC002034
:102CA000B0EB144F01D1A0B238B94EF26860C0F257
:102CB000010040F2671105F0FFFB281F02284FF2C8
:102CC0000000C4F2010011D3A91E012998BF00F52C
:102CD0008060052D05D80121A94011F02A0F18BFE9
:102CE00024044069204018BF0120B0BD00F50060F9
:102CF000052DF0D9F5E70000B0B5054606280C46CD
:102D000007D34EF26860C0F201004FF41A7105F06B
:102D1000D3FB0020B0EB144F01D1A0B238B94EF272
:102D20006860C0F2010040F2692105F0C5FB281F70
:102D300002284FF20000C4F2010010D3A91E01299D
:102D400098BF00F58060052D05D80121A94011F03C
:102D50002A0F18BF24040169A1430161B0BD00F529
:102D60000060052DF1D9F6E7B0B5054606280C46FA
:102D700007D34EF26860C0F2010040F2392105F03D
:102D80009BFB0020B0EB144F01D1A0B238B94EF23A
:102D90006860C0F2010040F23A2105F08DFB281F67
:102DA00002284FF20000C4F2010010D3A91E01292D
:102DB00098BF00F58060052D05D80121A94011F0CC
:102DC0002A0F18BF2404016921430161B0BD00F539
:102DD0000060052DF1D9F6E7C9B180B54EF2980C27
:102DE00001384FF6FF72C0F2010C00BF10F8013F2E
:102DF0001FFA82FE5A40D2B23CF81220013982EA10
:102E00001E22F3D1D043BDE8804080B2704700203D
:102E100080B2704740F2F450C2F2000090F8FC0318
:102E20007047000070B586B040F2F4540020C2F242
:102E30000004CDE90400CDE9020020464FF4806192
:102E4000FDF7D7F920460021022202F0E7FE05280F
:102E500017D1B4F8F00343F23546B0424FF0010504
:102E600013D002AB20464FF4806122460095FFF755
:102E700087F9B4F8F003B04207D0FFF7CFFC012583
:102E800003E003A018F072FC0025284606B070BDD0
:102E90004765742043757272656E7420566572734F
:102EA000696F6E204572726F720D00002DE9F04758
:102EB0000C461146984603F0A7FD032804BF0320E3
:102EC000BDE8F08741F27E05C2F2000505EB8410F3
:102ED00000F1400A28A018F049FC00240A2609271E
:102EE0000FF2B00910E000BF002406E00026300613
:102EF00020D100BF00F0E4FF0A263806A7F1010741
:102F000004BF0620BDE8F087092C11D8013E300629
:102F1000ECD000BF4FF4FA7004F0A6F8284604F095
:102F200019FF04460A2803D2013E3006F2D10026DA
:102F30003006DFD005F6C6005146FDF771F930B90D
:102F400005F6CB005146FDF76BF90028CCD005F60D
:102F5000CE004946FDF764F90028C5D105F6CB043B
:102F60002046FDF785F9024640462146FDF71AF94D
:102F70000520BDE8F08700BFB5C8B4FDBDD3CAD5F4
:102F8000D4C6C6BDCCA8CFC2B4ABB5C4B1A8CEC45C
:102F90000D00000022726573756C745F6D7367229B
:102FA0003A227375636365737322000080B58AB13A
:102FB0004EF2980C0139C0F2010C00BF11F8013F2C
:102FC0001FFA80FE5840C0B23CF81000013A80EA77
:102FD0001E20F3D1C04380B280BD000007B45FF46F
:102FE00080305FF0005109180A6807BC7047000084
:102FF0002DE9F04FADF6FC3D13284FF00C0600F222
:10300000028304460120A04010F4062F00F0FB824A
:1030100001200D4604F080FB42F2142740F24C10D0
:10302000132CC2F20007C2F2000023D00D2C40F096
:1030300082800068002100780024FFF77FF9B7F84C
:1030400094A67D94BAF1020F7C940DD34FF0000842
:103050004FF00004039574D1A0B240F2F451039DE7
:10306000C2F20001C1F8260020062C7040F0078152
:103070001026C8E2006801210078FFF75FF9B7F871
:1030800094060228C0F0FB8040F2F450C2F2000027
:10309000D0F826B0BBF1000F00F0D78042F2142127
:1030A000C2F20001002001F525780026002516E077
:1030B00000EB40007CA901EB800009F12C041CCC42
:1030C0004FF62C67A0F5EA71CFF6FF77C251C1E940
:1030D000013401360135E8B2834540F2B78000EB98
:1030E000400040F2F451C2F2000101EB80095FFAA6
:1030F00085FA09F12C014046BAF1270F38BF09F1D2
:103100002A01FDF78DF80028E4D0B0B2BAF1260FFD
:1031100088BF2628CCD800EB400007AF07EB800122
:10312000D9F82A20D9F82E30D9F8324047F8202093
:103130008C604B60CDE7006801210078FFF7FEF856
:103140009DE007F525767CAD002424E0DDF818909D
:1031500007F12C005FFA89F23146FDF773F807F1A9
:10316000340443F23010C3F22E002060059C42F27A
:103170001427C2F2000701346FF0FF0060EA090073
:1031800082441FFA8AF0A7F894A60228049800F156
:1031900001067FF661AF30462C21FDF75FF818B9C4
:1031A00030463B21FDF75AF81FFA84FB0490BBF12F
:1031B000000FA0EB06000594069028D006984FF06B
:1031C0000009C4B2002000BF00EB400040F2F451FF
:1031D000C2F2000101EB80005FFA89F200F12C01DC
:1031E000CDF8F481CDF8F081272A38BF00F12A010B
:1031F00028460822FDF726F831462246FDF781F8D9
:1032000000B309F101095FFA89F05845DCD30BEBF3
:103210004B0040F2F451C2F2000101EB8007BBF118
:10322000260F384640F82A8F044644F8088FC0F825
:1032300004808BD8DDF8189031465FFA89F2FDF7EB
:1032400001F88EE7DDE9054996E7002640F2F45BD8
:10325000C2F2000B0BF12A0007A94FF4EA72FCF747
:10326000A1FF0BF500707CA94FF4F672FCF79AFFF2
:10327000B0B242F21427CBF82600C2F200070020B9
:103280000790CDF8F80B03F0DFFA40F2E819C2F22C
:10329000000999F8000068B107F1440040F2BB1141
:1032A000642204F0BDFDB0B101464EF6D140C0F23B
:1032B00001000CE007F1440040F2BB11FFF7FAF9FE
:1032C000064648B14EF6D140C0F20100314617F033
:1032D00037FD012697E10026CDA018F047FA03F04C
:1032E000B3FA03F099FA08B102268CE1CCA018F0E9
:1032F0003DFA386840F6FD71CFF6C071A0FB0112AF
:10330000D10A01EB812340F2E454A0EB4300C2F266
:1033100000040123002818BF03EBD221226888B2E1
:1033200040F2E85B00218242C2F2000B4FF0050A36
:1033300003910DD0DBF8001051B900210391002159
:10334000206000204FF0050A02910021049104E062
:10335000002002900020049001E0CBF80000DBF890
:1033600000002168884280F0EB8000EB802240F66C
:103370000103550003EB420842F214220139C2F264
:1033800000024FF0050A1268884208BFA2F1010846
:103390007CAE304640F60221FCF72BFF42F21420AF
:1033A000C2F2000000F1840200F14403A0A1304603
:1033B0000095CDF8048017F0D3FC3046FCF758FF99
:1033C0000146304603F018FB99F8000000B342F6BE
:1033D0009856C2F200063046C346CDF814A0CA463D
:1033E00013F098F807460695A8EB0509952500BF48
:1033F0000A2003F039FE4F4522D8304613F08AF8F0
:1034000007462804A5F10105F2D14FF6FF751AE031
:103410001420069503F028FE012006F0ADF9E8B966
:10342000142500BF012006F0A7F9013D290600F090
:10343000858006460A2003F017FE002EF2D00DE02C
:103440000A2003F011FED14640F2E85BDDF814A03B
:1034500028044FF00606C2F2000B70D07CAE304656
:1034600040F60221FCF7C5FE304640F6022103F08B
:10347000BBFA7CA13046FCF7D3FE00284FF00606CD
:103480005DD080A17CA8FCF7CBFE4EF6255107AAA3
:103490000DF6F833C0F20101FCF750FF022847D1C6
:1034A000DDE906500626A8424AD1DDF8F80B404572
:1034B00046D178A17CA8FCF7B3FE061D30464FF438
:1034C0000061FFF789FC4246E943A8468D18715B0D
:1034D000174609BAB0EB114F049665D1DBF800002E
:1034E00043F60001C0F6580101EBC0206B0A012130
:1034F000EA0518BF01EB5523410ADAB230460293C0
:10350000039102F0C9FC05284FF0080653D120684A
:10351000DBF8001002F04AF840F2F450C2F200006A
:10352000D0F8EC1329444546B846C0F8EC1300E047
:10353000069DDBF800000E2601300EE70626069DEC
:10354000082E3CD0072E1FD0062E45D199F800003A
:1035500000B303F079F942F21420C2F200004430C3
:1035600040F2BB11642204F05BFC4FF0050638B951
:1035700003F06AF903F050F90646002818BF052643
:10358000002E3FF405AF0BE05FEA0A6024D0AAF1F9
:10359000010AFDE6FEF706FA0646002E3FF4F8AEF5
:1035A000052E16D1062617E04EF6F040C0F20100B7
:1035B00018F0DCF807264546B846082EC2D1029816
:1035C000C2B2DDE9031002F067FC05283FF4E0AE6B
:1035D00002E0012E08BF0A2699F80000002804BF67
:1035E000012005F0B3FC0E2E0DD12168DBF8002080
:1035F0004EF6A140C0F2010017F0A2FB00200F26FA
:103600002060CBF80000F0B20DF6FC3DBDE8F08F75
:103610004854545020535543434553530D00000024
:1036200053534C20535543434553530D0000000062
:1036300047455420257320485454502F312E310DC6
:103640000A484F53543A2025730D0A52616E67653C
:103650003A2062797465733D25642D25640D0A0D49
:103660000A000000485454502F312E312032303699
:10367000205061727469616C20436F6E74656E7462
:103680000D0A0000436F6E74656E742D52616E6793
:10369000650000000D0A0D0A00000000B0B5B2B0D0
:1036A00004466846C821FCF7A4FD0C2C0CD00F2C56
:1036B0000FD1022004F030F800F0EAFA04460028A6
:1036C00018BF012090BB06E000F00EFB002068BB95
:1036D00001E0012050BBFEF7DDF938BB19A018F05E
:1036E00045F804F053F840F2F450C2F200006D4681
:1036F0004EF6206100F11902C0F20101284617F0D0
:103700002FFB4EF66850C0F20100294603F0BEF9C7
:10371000FEF7DEFD40F2E810C2F20000007828B9A2
:10372000012005F013FC012005F0AAF840F24C102E
:10373000C2F2000000682146007801F085FC2046B6
:1037400032B0B0BD5570646174652056657273699E
:103750006F6E0D002DE9F04FADF2646D99A84FF436
:103760000071FCF746FD19AC20464FF40071FCF7E0
:1037700040FD002140F2F4531891C2F2000393F887
:10378000FD234FF48060012A4FF001028DF85F2085
:103790001691CDE91411CDE91211CDE91011CDE941
:1037A0000E110D918DF8331004BF41F60040C0F2A8
:1037B0002C40D3F8EC13420A0B924A0AC905169220
:1037C00002D01699013116911699002900F04C8209
:1037D00040F4404100F5D050400A40F6FC190290F8
:1037E00004F12000C2F20009039009F1010043F640
:1037F000000A002599AE0DF148080490C0F6580A59
:10380000002000270191089022E000BF19AC99AE7A
:1038100020464FF4007132460EABFEF719FF9DF8BB
:103820005F200B99304602F037FB40F6FC1943F657
:10383000000A0A9F059A00250DF14808C2F2000906
:10384000C0F6580A1698013787420B9280F00D8215
:103850001698394601F0AAFE0AEB47207902400A81
:1038600018900D9118999DF85F20304602F0D6F916
:10387000052840F0038230464FF40071224643464B
:103880000095FEF77DFC16980A9701388742089844
:103890006FEA00001ED199F80010049F80B207EB78
:1038A000C10151F8041C0D9A8A1A2146FFF77EFBCC
:1038B00099F8001007EBC10151F8041C0D9A8A1AFF
:1038C000A25C0D9BC91A2144497841EA0221814238
:1038D00006D0C4E180B221464FF40072FFF766FBC8
:1038E00008900D98400A0C280B9800F101020DD8A1
:1038F0000DF264404FF4007105924FF4007AFCF72A
:1039000078FC0A98000679D0099482E040F2A82059
:10391000C2F20000057042F6B800C2F20000057065
:1039200040F6F510C2F2000005700D98D9F80110AC
:10393000884227D20D98D9F87916884211D199F882
:10394000000009EBC00050F8030C410AC0051691B5
:1039500002D0169801301690029ACDE91055CDE9A3
:103960000E5520464FF40071174632460EABFEF757
:103970006FFE9DF85F203046394602F08DFA3A46D8
:103980003AE000BF9DF8330099F80010884233D820
:103990000D989DF8331009EBC101D1F80110884250
:1039A0000BD19DF8330001994FF4A52200FB0210C2
:1039B000CDE90E55420ACDE910550D989DF833100A
:1039C00009EBC101D1F80510884215D20D989DF878
:1039D0003310174609EBC101D1F80510A1F50071AC
:1039E000884204D39DF8330001308DF8330020461F
:1039F0004FF40071B9E700BF0A9F23E79DF8640008
:103A00004FF4F07A8DF83300013889F800000398FC
:103A100009909DF8330000283FF4F8AE0DF2644998
:103A2000099948465246FCF7BDFB40F6FC162AF0C1
:103A30001F040025C2F2000633E000BF40F2A828B0
:103A4000C2F2000898F80000DBF8183006EBC0015D
:103A5000DBF814209F1CC1F80120C1F805704FF459
:103A6000A52100FB01F0991A00F54440CBF81400A1
:103A70000844CBF8180058461C21FFF7ADF9010A9D
:103A80008BF81E1098F800108BF81F00481C88F85F
:103A900000009DF8330020350138AC428DF833002A
:103AA0004FD09DF83300002845D009EB050B584650
:103AB0001C21FFF791F9BBF81E1009BAB0EB114FAA
:103AC00040F0CD8040F6F510C2F2000000780028EA
:103AD000B4D10BF104006CA10422FCF712FC002805
:103AE000D7D140F6F5110120C2F20001087040F272
:103AF000F450C2F20000323059460422FCF7A2FB17
:103B0000DBF81400DBF81810C6F8790600F58060C1
:103B1000CBF8140001F580608A1CCBF818005846D9
:103B20001C21C6F87D26FFF757F9010A8BF81E10F5
:103B30008BF81F00ADE740F6F510C2F2000000213F
:103B40000170099849465246FCF72CFB40F2F450AC
:103B5000C2F20000D0F8261000293FF457AE40F220
:103B6000A820C2F2000000784FF000090790002062
:103B7000069100BF42F6B801C2F2000191F8008040
:103B8000079AA8F1010191423FF440AE5FFA89F132
:103B9000272921D200EB400040F2F451C2F200018B
:103BA00001EB80060998354615F82A4F5246214602
:103BB000FCF773FB002841D0074600BF2846394672
:103BC000FCF75DFB50B3781C21465246FCF765FBC1
:103BD00007460028F2D131E0273800EB400040F2E0
:103BE000F451C2F2000101EB800B09989BF80052DE
:103BF00052462946FCF751FB00B307460BF500740B
:103C000020463946FCF73BFB58B1781C2946524602
:103C1000FCF743FB07460028F2D10FE006F1320023
:103C200001E00BF50270391F0422FCF70BFB42F692
:103C3000B80108F10100C2F20001087042F6B800B4
:103C4000C2F200000078069981423FF4DFAD09F12D
:103C500001095FFA89F081423FF68CAFD6E5092071
:103C60000DF2646DBDE8F08F0B9A4EF6F310CFF6AF
:103C7000FD7010440DF2646DBDE8F08F08200DF268
:103C8000646DBDE8F08F00BF4D454E55000000004B
:103C9000B0B540F24C10C2F200000068022100787A
:103CA00001F07AFDFFF756FD044620F001000828D8
:103CB00006D1002003F030FDFFF7B4F8E0B2B0BD4C
:103CC00040F2F455C2F2000505F1190005F10C01AE
:103CD0000D22FCF7B7FA002485F8FC43FDF7F0FB52
:103CE00000F002F8E0B2B0BDF0B5ADF5057D40F2F0
:103CF000F455C2F20005002428464FF4FF71CDE9C7
:103D00008344CDE98144FFF767F840BAA5F8FE0186
:103D100005F500704FF4FF71FFF75EF840BA01AE91
:103D200081AFA5F8FE0300BF28464FF4007132466C
:103D30003B46FEF78DFC30462146012202F0ACF8EE
:103D40000134022C05F50075EED10DF5057DF0BDB1
:103D5000FEE7000043F20020012181F31088C0F249
:103D6000020001680022C2F6FE721140B1F1005F4C
:103D700018BF7047416840F2EC52C2F20002116075
:103D8000006880F30888106800470000B0B5054659
:103D90004EF2C760C0F201000C4600F091FA4EF2FC
:103DA000D160C0F2010000F08BFA6DB1012D18BF97
:103DB000B0BD012C1CD0032C15D0022C24D14EF602
:103DC0002510C0F2010017E0012C24D0032C27D0CD
:103DD000022C29D14EF635044EF66200C0F20104E1
:103DE000C0F2010019E04EF26D70C0F2010009E06E
:103DF0004EF60510C0F2010000F062FA4EF64510D2
:103E0000C0F2010000F05CFA28A06A210422BDE89B
:103E1000B04002F0D7BE12A41AA000F051FA00E0A0
:103E200005A4204600F04CFA4EF66510C0F20100E1
:103E3000BDE8B04000F044BA4443313628382C374E
:103E4000302C27506C6561736520436865636B2077
:103E500053442043617264272C31293B0D0A000032
:103E6000444331362833322C34362C27506C65616C
:103E7000736520757064617465272C32293B0D0AC7
:103E8000000000004443313628382C33302C2746BC
:103E900069726D77617265206E6F7420666F756EE2
:103EA00064272C32293B0D0A000000002D202243FC
:103EB000616E63656C22C8A1CFFB202D000000005D
:103EC00070B5B2B06C462046C821FCF792F9204686
:103ED000C8210C2200F064FC0146204602F08CFD53
:103EE00040F2E810C2F200000078E0B142F69850CB
:103EF000C2F2000012F00EFB000424D142F69855E5
:103F000005261AA4C2F200052046013E17F02EFC39
:103F10000A2003F0A9F8300425D0284612F0FAFA56
:103F20000004F1D00FE0012005F026FC58B905246B
:103F30003220013C03F098F8200414D0012005F051
:103F40001BFC0028F4D06846C82102F04DFD9DF806
:103F5000000000F0F000D02802BF002032B070BD99
:103F600006A017F003FC042032B070BD77616974BD
:103F70002070696E672061636B0D000070696E6769
:103F8000206572720D00000080B584B04FF4F050CF
:103F900000904FF4803001900120029000200390A7
:103FA00069460320FEF79EFC4FF21440C4F2010064
:103FB000016841F0F051016004B080BD70B503208C
:103FC0004FF40071FEF75EFE40F2F05540F24816E5
:103FD000C2F20005C2F20006B0B103204FF48061C6
:103FE000FEF750FE80B103204FF40061FEF74AFE59
:103FF00050B103204FF48051FEF744FE4FF0FF0410
:1040000090BB287820B12FE0287808B1FF242BE05E
:104010001E2003F029F803204FF40071FEF732FE52
:1040200098B103204FF48061FEF72CFE78B1032095
:104030004FF40061FEF726FE58B103204FF4805183
:10404000FEF720FE38B1FF2408E0082404E0042431
:1040500002E0022400E001240120287030680028DA
:1040600004BF4FF4C03030602878012802D1306896
:104070000138306003204FF40071FEF703FE88B171
:1040800003204FF48061FEF7FDFD58B103204FF48B
:104090000061FEF7F7FD28B103204FF48051FEF7D1
:1040A000F1FD18B9306808B1204670BD0A2002F051
:1040B000DBFF03204FF40071FEF7E4FDA0B1032005
:1040C0004FF48061FEF7DEFD70B103204FF4006114
:1040D000FEF7D8FD40B103204FF48051FEF7D2FD2A
:1040E00010B14FF4C03004E030680028DCD14FF448
:1040F000E040002129703060204670BD2DE9F04F6E
:104100008BB005464FF0000B44F200441120CDF86F
:1041100028B0CDE908BBCDE906BBCDE904BBCDE9AC
:1041200002BBC4F20004CDF804B003F019F800207B
:1041300003F016F80C2007900320089002200127B6
:104140000A9007A900200997FEF7CCFB6020CDE973
:10415000020B4FF44070CDE9050B01A920460195F3
:10416000CDF810B003F004FA4EF20010CEF20000C9
:104170004FF08051A022C0F8801180F81C2301600C
:1041800020460421012203F0E1F92046012103F039
:10419000C3F94FF47A7002F067FF4EF2C76642F639
:1041A000B90A4FF00A09C0F20106C2F2000A4FF044
:1041B000000800BF16F8081051B1204603F074FA49
:1041C000A0690007FCD4F80708F10108F2D12DE03E
:1041D00042F64110C2F2000000789AF800109AF8F6
:1041E000012080F0C00081F04F0182F04B020843B3
:1041F00050EA020742F6411014BF0127AAF800B0A6
:10420000C2F2000080F800B042F64010C2F2000096
:1042100080F800B0A9F1010901205FFA89F502F0E8
:1042200023FF002D18BF01252F40C0D14EF2D166CB
:104230004FF00A080127C0F201064FF0000B0025DD
:10424000715D59B1204603F02FFA00BFA069000745
:10425000FCD4F80705F10105F2D12DE042F641103A
:10426000C2F2000000789AF800109AF8012080F05D
:10427000C00081F04F0182F04B02084350EA020572
:1042800042F6411014BF0125AAF800B0C2F20000A6
:1042900080F800B042F64010C2F2000080F800B092
:1042A000A8F1010801205FFA88F702F0DDFE002F77
:1042B00018BF01272F40C2D10BB0BDE8F08F00001E
:1042C0002DE9F04F81B044F2004542F6411642F626
:1042D000B90904464FF00A080127C4F20005C2F2EA
:1042E0000006C2F200094FF0000B4FF0000A00BFB9
:1042F0001FFA8AF0215C59B1284603F0D5F900BFB6
:10430000A8690007FCD4F8070AF1010AF0D127E0F8
:10431000307899F8001099F8012080F0C00081F001
:104320004F0182F04B02084350EA020742F6401068
:1043300014BF0127A9F800B0C2F2000080F800B055
:10434000A8F10108012086F800B0B2465FFA88F6AD
:1043500002F08AFE002E18BF012637405646C4D10F
:1043600001B0BDE8F08F00002DE9F047ADF5836D99
:1043700086A84FF40071FBF73CFF06A84FF40071CC
:10438000FBF737FF40F2F45AC2F2000A9AF8FD0335
:1043900041F21B61C0F20201012808BF0F21002079
:1043A0000591CDE90300CDE9010001F0EFFB9AF89A
:1043B000FD030124033810F1020F3BD343F2002622
:1043C00000250DF5067806AFC0F202060DF10409CE
:1043D0003920294601F0EAF805994046012201F00A
:1043E0001DFC052825D140464FF400713A464B4646
:1043F0000094FDF7C5FE30464FF40071FEF7CCF88F
:1044000030464FF400713A46FEF706F9059801353B
:104410000130392D06F500760590D9D139203921A2
:1044200001F0C4F89AF8FC03002818BF01204400EA
:1044300000E0032420460DF5836DBDE8F087000001
:1044400080B54FF0FF3200BFCB1701EB536C7F29D3
:104450002CF07F03A1EB030EC8BF4EF0800E7F2926
:104460004FEAEC1100EB020302F1010283F801E0D4
:10447000EADC501C80BD00007F28BEBF022108443A
:10448000704743F6FF718842BEBF0321084470475E
:104490004FF6FE72C0F21F0205219042B8BF042100
:1044A00008447047F0B581B00446009010461546A8
:1044B0000E4600F08DF80746FFF7DEFFB042C2BFA0
:1044C0006FF0010001B0F0BD6E463046102115F0CE
:1044D00011FD00983946FFF7B3FF00992F7A084481
:1044E000009037A038A1042F08BF0146304615F0D0
:1044F000E5FC042F18BF03273046394615F0FAFCB7
:10450000A87E0222E97E02EA4000002918BF0121AC
:1045100040EA810709D095F83C00202295F83D102B
:1045200002EA401061F3C4000744286C10B167F040
:104530007F0704E0A86C002818BF67F07F07E86CCD
:1045400010B147F0400704E0686D002818BF47F03D
:1045500040076E46F9B2304615F0CCFC298B304648
:1045600015F0CEFC05F10C030ECB304615F0D6FC51
:10457000E87E60B105F124030ECB6E46304615F09F
:10458000CDFC05F130030ECB304615F0C7FCB7F17A
:10459000FF3F0BDD780605D505F14C030ECB6846D1
:1045A00015F0BCFC0098001B01B0F0BD05F1400304
:1045B0000ECB684615F0B2FC7806F3D5ECE700BFE9
:1045C0004D515454000000004D5149736470000077
:1045D00070B50446D4E90412057AC06800F0FAF810
:1045E0000221042D08BF0C21E27E032D08BF0E21FD
:1045F00001EB000572B104F1240207CA00F0EAF8E9
:10460000D4E90C31A26B0646184600F0E3F8A9196C
:104610000844051D206C08B9A06C30B104F14002BB
:1046200007CA00F0D7F82844851CE06C08B9606D13
:1046300030B104F14C0207CA00F0CCF82844851CC4
:10464000284670BD2DE9F04F81B0DDE90C9B154681
:104650000E9A88460446109F0090484659461E46CA
:1046600000F0B8F8384400F1020A002EC8BF00F18B
:10467000040A5046FFF700FF4045C2BF6FF001003B
:1046800001B0BDE8F08F0A9806F0030100F00100C8
:1046900065F3C30040EA41006D46DDF83C8000F15F
:1046A0003001284615F026FC00985146FFF7C8FE59
:1046B00000990E9B08440090284649465A4615F03A
:1046C0002DFC012E03DB0B99684615F019FC109D9B
:1046D000009841462A46FBF765FD00982844009063
:1046E000001B01B0BDE8F08F2DE9F04F81B081468D
:1046F000DDE90AA0984693460D46BAF1010FCDF8C0
:1047000000900FDBA0F10C060227544656F80C0F60
:10471000D6E9011200F05EF83844013C00F10307CD
:10472000F4D100E002273846FFF7A6FEA842C2BF38
:104730006FF0010001B0BDE8F08F822040EACB00AD
:104740006D4600F08A01284615F0D4FB00983946E2
:10475000FFF776FE0099084400902846414615F080
:10476000CFFBBAF1010F14DB0C986D46061F0B98B6
:10477000A0F10C0757F80C1F2846D7E9012315F0C4
:10478000CDFB16F8041F284615F0B4FBBAF1010A58
:10479000F0D10098A0EB090001B0BDE8F08F000057
:1047A00010B582B002290190BEBF6FF0010002B0C7
:1047B00010BD04461001C1B201A815F09BFB019881
:1047C0000021FFF73DFE019908440190001B02B053
:1047D00010BD0000002804BF08467047FBF748BD25
:1047E000F0B581B005464EF2C760C0F201000C463C
:1047F000FFF766FD4EF2D160C0F20100FFF760FDE9
:104800009DB3012D1CBF01B0F0BD4EF6A400C0F257
:104810000100FFF755FD4EF65C20C0F20100FFF7E6
:104820004FFD4EF2C1624C20C0F201022E21042342
:10483000FCF738FDFFF744FD4EF63F20C0F20100C3
:10484000FFF73EFD4EF604425820C0F2010242211D
:104850000423FCF727FD4EF6D3154EF67727C0F25A
:1048600001053C26C0F2010722E04EF61800C0F216
:104870000100FFF725FD18A0FFF722FD4EF2C162EF
:104880004420C0F2010226210423FCF70BFDFFF7B0
:1048900017FD18A0FFF714FD4EF604426020C0F289
:1048A000010236210423FCF7FDFC1AA5322622A7BB
:1048B000FFF706FD3846FFF703FD30465621224636
:1048C0000423FCF7EFFCFFF7FBFC284601B0BDE832
:1048D000F040FFF7F5BC00BF4443313628372C3396
:1048E000382C274465766963653A272C34293B0DBB
:1048F0000A0000004443313628372C35342C274435
:1049000065766963655665723A272C34293B0D0A32
:1049100000000000444331362831302C3131302C36
:10492000272D2022456E746572224E657874202DE5
:10493000272C34293B0D0A004443313628372C37C5
:10494000302C274669726D776172653A272C3429BD
:104950003B0D0A0080B54FF4E130FFF7CFFBBDE817
:104960008040FFF711BB000082B040F6F81140F222
:104970001000C2F20001C2F200000860007840F6A8
:10498000F411C2F2000142F2C01740F2E054087084
:10499000C2F200070020C2F2000442F6B7013870EC
:1049A0002070C2F20001012008708DF80700FDF7A9
:1049B00025FCFCF793FDFEF735FA40F24C10C2F2ED
:1049C00000000068007802280CD34FF40C304FF43C
:1049D0000071FDF7E1FD0DF107024FF40C300121EC
:1049E000FDF71AFE4FF4FA7002F03EFB40F24C1055
:1049F000C2F20000006840F2F4510078C2F20001F7
:104A000019310091FFF7ECFE40F2F155C2F20005BA
:104A1000FFF7D4FA08282870FAD1C82002F024FB46
:104A200040F2E91840F2DF59C2F20008C2F2000970
:104A30004FF0010A4FF0000B4C2610E03878217837
:104A4000401A013042F6F001C2F20001087040F253
:104A50004C10C2F200000068007800F01DF9FFF76A
:104A6000ADFA411E0729287000F28780DFE801F0C7
:104A7000041285288585853E387840F6F41101308A
:104A80003870C2F2000138780978884208BF87F888
:104A900000B00DE03878013838703878FF2807D139
:104AA00040F6F410C2F2000000780138387000BF00
:104AB00042F2BF10C2F2000080F800A05DE000BF2B
:104AC00042F6B700C2F2000040F6F81280F800A0EB
:104AD000C2F20002106842F2C413416C406CC2F290
:104AE0000003994228D0106042E000BF42F6B700B0
:104AF000C2F2000080F800A040F6F810C2F20000F8
:104B00000068397842F2C41311FB0601C2F20003B7
:104B10000A6C39789A4224D011FB06011A46096CB6
:104B200099422AD0397811FB060040F6F811006C42
:104B3000C2F2000108601BE098421ED140F24C1006
:104B4000C2F20000006800990078FFF749FE00BF3C
:104B5000FFF734FA08282870FAD1C82002F084FA46
:104B60000BE011FB0600806C3978C0B202F078FED1
:104B7000002038704FF0000B2070387810B9207882
:104B8000002863D038782178884205D3387899F89E
:104B900000108842FFF452AF38782178884223D23F
:104BA00042F6B700C2F2000080F800A0387804286E
:104BB0003ED8387842F6F001C2F2000140F6F41215
:104BC000002814BF20780120087084F800B0C2F2D9
:104BD0000002107898F8001081428CBF107898F885
:104BE000000089F8000032E7387899F80010884210
:104BF000FFF42DAF42F6B700C2F2000040F6F41306
:104C000080F800A0C2F200031878397898F80020E4
:104C1000401A90422EDA187898F80010401A207046
:104C2000187889F8000038781978401A063009E7B2
:104C300098F800002178081A2070207898F8001061
:104C4000084489F8000098F80000FBE640F6F810E8
:104C5000C2F20000006840F6F4120078C2F20002CE
:104C60001070107898F800108142404688BF1046B6
:104C7000007808E098F80000217808442070207837
:104C800098F80010084489F8000042F6F000C2F2DB
:104C9000000080F800A0DAE62DE9F04F83B042F67C
:104CA000F001C2F20001097840F6F817009143F2D2
:104CB0003001C0F22E0142F2C0120291C2F200078E
:104CC000C2F20002396812784C2302FB03F242F66A
:104CD000B705895C40F6F412C2F200021170C2F20C
:104CE000000529780446A9B14EF2C760C0F2010060
:104CF000FFF7E6FA4EF2D160C0F20100FFF7E0FAEA
:104D00000020012C287000F08580002C40F0858068
:104D100079A080E042F2BF10C2F2000001780029C1
:104D200000F0D1800021017042F64810C2F200006C
:104D300000780099814200F0C680451E009840F23C
:104D4000E058C2F20008461E98F800000DF1080B6A
:104D500050FA85F04EF6FE31421CC0F20101584671
:104D6000BA46EFB25FFA86F915F0FAFFB80050FACA
:104D700085F0192101EB80070A2039465A460423A1
:104D8000FCF790FAFFF79CFADAF8000098F80010A8
:104D9000C4EB041A51FA85F14C2511FB0500394684
:104DA00000EB4A000423421C2220FCF77BFAFFF7A9
:104DB00087FA98F800004EF6FE3150FA86F0C0F2FD
:104DC0000101421C584615F0CBFF4FEA890050FA0A
:104DD00086F0192101EB80040A2021465A46062359
:104DE000FCF760FAFFF76CFA40F6F810C2F2000028
:104DF000006898F80010062351FA86F111FB0500AF
:104E0000214600EB4A00421C2220FCF74BFAFFF738
:104E100057FA58E030A0FFF753FA40F2E05040F262
:104E2000DF5AC2F20000C2F2000A03789AF80000CA
:104E300019468342019346D201994C2001FB00F0B0
:104E4000C4EB0411002500EB4100009900F10109B9
:104E5000C1F1000B02AC00BF019805F1010800EBA5
:104E600008064EF6FE312046C0F2010132460BEB39
:104E7000050715F075FF05EB8500192101EB800092
:104E8000791C85B24FF0040708BF06270A2029467F
:104E900022463B46FCF706FAFFF712FA40F6F810F6
:104EA000C2F200000068294600EB090222203B46BE
:104EB000FCF7F8F9FFF704FA9AF8000009F14C0939
:104EC00086424546C8D3009842F64811C2F2000116
:104ED000087003B0BDE8F08F444331362833352CD9
:104EE000302C27C7EBD6B4D0D0B2D9D7F7272C3186
:104EF00035293B0D0A000000444331362835312C5A
:104F0000302C2746554E4354494F4E272C313529D6
:104F10003B0D0A002DE9F04790B06D4680462846CB
:104F20004021FBF766F920A140461222FBF73AF92F
:104F30004DF6186A4FF274394EF2C16708F1400419
:104F40000026C0F2010AC0F20109C0F2010700BF49
:104F500028464021FBF74DF90AEB060128464A4650
:104F60003B4615F0FDFEA01929464022FBF71AF931
:104F70004036802EECD140F20010C0F2E830C8F884
:104F8000C00008F6C60040F6640140F66404FBF772
:104F900030F908F1C6004FF40061A8F8C440FBF7EF
:104FA00028F910B0BDE8F087246F74612F72657026
:104FB0006F72742F25732F257300000080B5D021E8
:104FC000FBF717F980BD000070B590B00D460446A0
:104FD00068464021FBF70DF9EDB16E464FF2743291
:104FE0004EF2C1633046C0F201022946C0F201030D
:104FF00015F0B6FE3046FBF73BF90546C0F140011F
:105000003F2888BF00212044FBF7F3F820463146B3
:105010002A46FBF7C7F810B070BD0000B0B542F6E5
:105020004915C2F2000504460020294603F0E0FCC1
:105030000120214603F0DCFC20682968081AB0FA38
:1050400080F04009B0BD0000B0B584B00546002036
:10505000CDF80B000290CDE900004EF2C760C0F21F
:1050600001000C46FFF72CF94EF2D160C0F20100AE
:10507000FFF726F935A16846224615F071FEA5B165
:10508000012D40F06080102C26D8DFE804F02025A8
:1050900025250909252525252525322525253700FE
:1050A0004EF2A770C0F201001AE0102C33D8DFE8EE
:1050B00004F03032323209093232323232323F3287
:1050C000323241004EF24970C0F2010027E04EF644
:1050D0008800C0F2010015E04EF28B70C0F20100B2
:1050E000FFF7EEF86A461E2042210123FCF7DAF8AA
:1050F00008E04EF6E300C0F2010003E04EF2DB6090
:10510000C0F20100FFF7DCF84EF6AE10C0F201006D
:1051100017E012A00FE04EF2FE60C0F20100FFF7B0
:10512000CFF86A461E2044210123FCF7BBF802E0B9
:1051300014A000E01CA0FFF7C3F84EF66510C0F203
:105140000100FFF7BDF804B0B0BD00BF4572726F3B
:105150007220436F646520256400000044433136AB
:105160002831302C34382C275570646174612053F9
:1051700075636365737366756C6C79272C32293B94
:105180000D0A0000444331362832342C35352C27A3
:105190004E6577657374204669726D776172652715
:1051A0002C32293B0D0A0000444331362831382C7B
:1051B00035302C27416464656420736572696573BA
:1051C0002069732030272C31293B0D0A0000000094
:1051D00070B50C462FA10546FBF722F806462FA115
:1051E0002846FBF71DF80546002E4FF0010018BFBA
:1051F000002D00D170BD314611F8050F002808467A
:105200000DD0B21D04E000BF024612F8013B33B1DD
:10521000104612780D2AF7D142780A2AF4D1401AA2
:10522000C2B2242A84BF022070BD204605F10906BF
:10523000FAF7B8FF3078002830460ED005F10A01A1
:1052400004E000BF014611F8012B32B1084609788D
:105250000D29F7D141780A29F4D1801BC2B2242A42
:1052600084BF032070BD04F1240528463146FAF7B7
:1052700099FF43F21006C0F202063046242122466E
:10528000FDF7B2F906F1300024212A46FDF7ACF90A
:10529000002070BD737369643A000000706173731D
:1052A000776F72643A0000002DE9F04F85B00290EC
:1052B00000200490ADF80E004EF2C760C0F201006D
:1052C000FEF7FEFF4EF2D160C0F20100FEF7F8FFDC
:1052D0004EF2C970C0F20100FEF7F2FF4EF6BC00BC
:1052E000C0F20100FEF7ECFF4EF6E837C0F201070E
:1052F0003846FEF7E5FF4EF6BB36C0F201063046F3
:10530000FEF7DEFF4EF6D135C0F201052846FEF766
:10531000D7FF4EF6A334C0F201042046FEF7D0FFBB
:105320004EF64E30C0F20100FEF7CAFF4EF68E3048
:10533000C0F20100FEF7C4FF4EF66330C0F2010078
:10534000FEF7BEFF4EF67830C0F20100FEF7B8FF60
:1053500050A0FEF7B5FF4FF0230A0DF1100B4FF0F0
:1053600000084FF000093846FEF7AAFF3046FEF766
:10537000A7FF2846FEF7A4FF2046FEF7A1FF08FB83
:105380000AF75A2307F10A0007F12D0180B28AB209
:10539000322104260096FBF7E5FEFEF791FF002080
:1053A00007F1160A0DF10E040BF80800FEF706FED1
:1053B000411E07294FF0010026D8DFE801F004095B
:1053C00025212525252D1BF8080040B1013804E0D2
:1053D0001BF80800082802D801300BF808001BF859
:1053E0000800392130308DF80E001FFA8AF022466D
:1053F0000523FBF7DDFFFEF763FF012028B90FE06F
:1054000001204FF0010900BF50B1B9F1000F4FF07A
:105410000009CBD039E000BF00200028F5D100BF43
:105420004EF6E8374EF6BB364EF6D1354EF6A3347F
:10543000B8F1030F08F10108C0F20107C0F201063C
:10544000C0F201054FF0230AC0F201047FF48BAFD4
:10545000029A9DF810001178884212D19DF811002F
:10546000517888420DD19DF812009178884208D178
:105470009DF81300D178884202BF002005B0BDE836
:10548000F08F012005B0BDE8F08F032005B0BDE826
:10549000F08F00BF5342432830293B0D0A00000023
:1054A00080B54EF2C760C0F20100FEF709FF4EF270
:1054B000D160C0F20100FEF703FF06A0FEF700FF77
:1054C0000BA0FEF7FDFE4FF4FA60BDE8804001F04E
:1054D000CBBD00BF444331362834302C33302C2729
:1054E000C3DCC2EBB4EDCEF3272C31293B0D0A000F
:1054F000444331362832352C38302C27BCB4BDAB70
:10550000B7B5BBD8B2CBB5A52E2E2E272C34293B50
:105510000D0A000080B54EF2C760C0F20100FEF730
:10552000CFFE4EF2D160C0F20100FEF7C9FE05A029
:10553000FEF7C6FE0AA0FEF7C3FE12A0BDE880403B
:10554000FEF7BEBE444331362834302C33302C278E
:10555000C3DCC2EBD5FDC8B7272C32293B0D0A00AE
:10556000444331362832302C37302C27C7EBC8B7AC
:10557000C8CFC1ACBDD3CDF8CFDF272C34293B0D2C
:105580000A000000444331362831302C3130302CB1
:10559000272DB0B4CFC22D456E7465722DC8B7C823
:1055A000CF2D272C34293B0D0A00000010B588B000
:1055B0008C2201FB02F10022B1FBF0F06C46079255
:1055C000CDE90522CDE90322CDE90122009200F1C7
:1055D0000A0204A1204615F0C3FB2046FEF770FE28
:1055E00008B010BD424F58462831302C37352C2595
:1055F0003032642C39302C35293B0D0A0000000074
:105600002DE9F04FA3B082460020ADF826000890A7
:105610004FF4FA7001F028FD40F2E81BC2F2000BD3
:105620009BF8000030B142F69850C2F2000010F032
:1056300071FF02E0012004F09FF8ADF82600BDF8EC
:10564000260028B1BAF8C4100AF6C60001F0CCF959
:10565000BAF8C4600AF6C60840463146FAF7C9FDF2
:105660005046FAF705FE0DF128090746C0F164011E
:10567000632888BF00214844FAF7BBFD48465146DD
:105680003A46FAF78FFD0AF1C6059AF8C070284627
:10569000FAF7EEFD04460020CDE90000CDE90290C6
:1056A000CDE904054046314600223B460694FEF70C
:1056B000C9FF08900899404601F09EF99AF8C00089
:1056C000012853D19BF8000020B34FF4966001F0FD
:1056D000CBFC42F69850C2F2000010F01BFFADF870
:1056E0002600BDF8260090BB42F698560524C2F26B
:1056F000000600BFC820013C01F0B6FC200439D0F0
:10570000304610F007FFADF82600BDF8260000284F
:10571000F0D01CE04FF4FA7001F0A6FC012004F078
:105720002BF8ADF82600BDF8260080B9052400BF8F
:10573000C820013C01F098FC20041BD0012004F09B
:105740001BF8ADF82600BDF826000028F0D0BAF806
:10575000C410404601F048F908909AF8C6080009BC
:10576000ADF82600BDF82600042803D1002023B0A0
:10577000BDE8F08F032023B0BDE8F08F002904BFFF
:105780004FF0FF30704710B5144610F019FFA042DB
:1057900018BF6FF0010010BDB0B505464EF2C760EE
:1057A000C0F201000C46FEF78BFD4EF2D160C0F254
:1057B0000100FEF785FD2DB1012D0BD1032C09D27F
:1057C0000AA002E0022C05D805A061B250F8210021
:1057D000FEF776FD08A0BDE8B040FEF771BD00BF42
:1057E00090EA0100AEEA0100D0EA01000CEB0100F2
:1057F000EFEA010029EB0100424F582831302C37E5
:10580000352C3135302C39302C3136293B0D0A00FE
:1058100070B582B000208DF8030001204FF4805154
:10582000FDF7A2FAFF2000F0C1FD01204FF48051E6
:10583000FDF762FA6FF07E44FF2000F0B7FDFF280D
:1058400009D00A2001F006FC013CF5D101204FF4FB
:105850008051FDF789FA482000F0A8FD002000F0F3
:10586000A5FD002000F0A2FD012000F09FFDAA2070
:1058700000F09CFD872000F099FD40F6FF7400BF0A
:10588000FF2000F093FD8DF803009DF90300B0F1B7
:10589000FF3F04DC013C601CF2D14FF0FF34002CD0
:1058A00000F009819DF8030005283CD09DF8030015
:1058B000012840F00881002401AD00BFFF2000F066
:1058C00075FD28550134042CF8D101204FF4805186
:1058D000FDF74AFAFF2000F069FD01204FF48051E6
:1058E000FDF70AFA6FF07E44FF2000F05FFDFF280D
:1058F00009D00A2001F0AEFB013CF5D101204FF4A4
:105900008051FDF731FA9DF80600012840F0DB8058
:105910009DF80700AA2840F0D680C82646E000BFC0
:10592000002840F0CA8001204FF48051FDF71CFA96
:10593000FF2000F03BFD01204FF48051FDF7DCF922
:105940006FF07E44FF2000F031FDFF2809D00A20CF
:1059500001F080FB013CF5D101204FF48051FDF7AF
:1059600003FA412000F022FD002000F01FFD00207E
:1059700000F01CFD002000F019FD002000F016FDD5
:10598000FF2000F013FD4FF4805400BFFF2000F013
:105990000DFD0028A4F10100C2D0012C0446F5D170
:1059A000BEE700BF0028A6F1010645D1772000F030
:1059B000FDFC002000F0FAFC002000F0F7FC0020C5
:1059C00000F0F4FC002000F0F1FCFF2000F0EEFC01
:1059D0004FF48054FF2000F0E9FC0028A4F10100FE
:1059E00002D0012C0446F5D1002878D1692000F0BE
:1059F000DDFC402000F0DAFC002000F0D7FC0020A5
:105A000000F0D4FC002000F0D1FCFF20FF2400F0C7
:105A1000CDFC002E60D04FF4805400BFFF2000F07A
:105A2000C5FC0028A4F10100BCD0012C0446F5D12E
:105A3000B8E700BF002854D101204FF48051FDF792
:105A400093F9FF2000F0B2FC01204FF48051FDF7E4
:105A500053F96FF07E4400BFFF2000F0A7FCFF2841
:105A600009D00A2001F0F6FA013CF5D101204FF4EB
:105A70008051FDF779F97A2000F098FC002000F0C1
:105A800095FC002000F092FC002000F08FFC00202C
:105A900000F08CFCFF2000F089FC4FF4805400BF24
:105AA000FF2000F083FC0028A4F10100C2D0012CEB
:105AB0000446F5D1BEE7FF240EE0012042F6BC010A
:105AC000C2F20001087001204FF48051FDF74CF93B
:105AD000FF2000F06BFC0024204602B070BDFF24C4
:105AE000FAE70024FF2000F061FC28550134042C63
:105AF000F8D19DF8040040064FF0040058BF022082
:105B0000DCE70000B0B501204FF48051FDF7F4F858
:105B10006FF07E44FF2000F049FCFF2809D00A20E6
:105B200001F098FA013CF5D101204FF48051FDF7C6
:105B30001BF9402000F03AFC002000F037FC002068
:105B400000F034FC002000F031FC002000F02EFCBE
:105B5000952000F02BFC032409E000BF00281CBFA7
:105B60000020B0BD013C200604BFFF20B0BD4FF4B3
:105B7000805500BFFF2000F019FC0128A5F10100AD
:105B8000ECD0012D0546F5D1E8E7000010B582B054
:105B9000002401948DF8034000F0E2FA01204FF454
:105BA0008051FDF7E1F801940198092809D800BF58
:105BB000FF2000F0FBFB01980130019001980A28BA
:105BC000F6D30A20019000BFFFF79CFF8DF8030079
:105BD0000198F8B19DF80300FF2804D10198411EF7
:105BE00000280191F0D142F6BC040A20C2F2000460
:105BF000019000BFFFF70CFE207820B90198411EEC
:105C000000280191F6D121780020002908BF4FF02B
:105C1000FF3000E0FF20C0B202B010BD2DE9F04F10
:105C200083B08B46FF218DF80B1042F6BC01C2F207
:105C3000000109780646042918BF4FEA4B2B4FEAAA
:105C40001B404FEA1B2115464FEA1B6805275FFAE8
:105C500080F95FFA81FACDF804B000BF380600F091
:105C6000E08001204FF48051013FFDF745F86FF0CF
:105C70007E4400BFFF2000F099FBFF2809D00A20D6
:105C800001F0E8F9013CF5D101204FF48051FDF716
:105C90006BF8E8B201284FD1512000F087FB404655
:105CA00000F084FB484600F081FB504600F07EFB8C
:105CB0005FFA8BF000F07AFB012000F077FB4FF4E5
:105CC000805400BFFF2000F071FB0028A4F1010008
:105CD00002D0012C0446F5D1002800F091804FF449
:105CE000805400BFFF2000F061FBFE28A4F10100FA
:105CF00002D0012C0446F5D1002800F07E80D34666
:105D0000CA46C146741E4FF4007800BFFF2000F061
:105D10004DFB04F8010FB8F10108F7D1FF2000F0A6
:105D200045FBFF2000F042FB0520C846D146DA467D
:105D3000DDF804B062E000BF522000F037FB4046BF
:105D400000F034FB484600F031FB504600F02EFBDB
:105D50005FFA8BF000F02AFB012000F027FB4FF4E4
:105D6000805400BFFF2000F021FB0028A4F10100B7
:105D700002D0012C0446F5D1002841D04FF48054C4
:105D8000FF2000F013FBFE28A4F1010002D0012C3B
:105D90000446F5D180B10024FF2000F007FB305508
:105DA0000134B4F5007FF7D1FF2000F0FFFAFF20A7
:105DB00000F0FCFA052000E0FF20013D8DF80B000B
:105DC000280606F5007604D09DF80B000528D5D0EE
:105DD00000E000254C2000F0E9FA002000F0E6FA8F
:105DE000002000F0E3FA002000F0E0FA002000F0CC
:105DF000DDFA012000F0DAFA02E0FF208DF80B0056
:105E000001204FF48051FCF7AFFFFF2000F0CEFAE5
:105E10009DF80B00052804D0FFF7B8FE00283FF4DA
:105E20001DAF9DF80B0003B0BDE8F08FB0B5044680
:105E3000FF200D4600F0BAFA284600F0B7FA34B356
:105E4000013C002514F8010F00F0B0FAB5F5FF7F12
:105E500005F10105F6D9FF2000F0A8FAFF2000F0B7
:105E6000A5FA4125FF2000F0A1FA00F01F04052C3F
:105E700006D00B2C18BF0D2C0BD0013DF2D100BF6A
:105E8000FF2000F093FA0028FAD0052C01D105205C
:105E9000B0BDFF20B0BD00002DE9F04F83B08846B3
:105EA000FF218DF80B1042F6BC01C2F20001097807
:105EB0000646042918BF4FEA48284FEA18600190A7
:105EC0004FEA18404FEA1821154603275FFA80F978
:105ED0005FFA81FA380600F0908001204FF480517B
:105EE000013FFCF709FF6FF07E4B00BFFF2000F081
:105EF0005DFAFF280AD00A2001F0ACF8BBF1010BD3
:105F0000F4D101204FF48051FCF72EFFE8B20128B4
:105F100026D1582000F04AFA019800F047FA484686
:105F200000F044FA504600F041FA5FFA88F000F0C1
:105F30003DFA012000F03AFA4FF48054FF2000F0BF
:105F400035FA0028A4F1010002D0012C0446F5D155
:105F5000002841D03046FE21FFF768FF3AE000BF3D
:105F6000592000F023FA019800F020FA484600F08A
:105F70001DFA504600F01AFA5FFA88F000F016FA9F
:105F8000012000F013FA4FF4805400BFFF2000F00E
:105F90000DFA0028A4F1010002D0012C0446F5D12D
:105FA000D0B100BF3046FC21FFF740FF013D8DF826
:105FB0000B00280606F5007604D09DF80B00052896
:105FC000F0D000E00025FF2000F0F0F9FD2000F007
:105FD000EDF905208DF80B0001204FF48051FCF7FE
:105FE000C3FEFF2000F0E2F99DF80B00052804D065
:105FF000FFF7CCFD00283FF46DAF9DF80B0003B018
:10600000BDE8F08FB0B5044600F13E4000F1FF70EE
:106010004FEAB02004280D4607D34EF29560C0F237
:1060200001004FF4F27102F047FA022D18BFB5F5E6
:10603000806F01D1A561B0BD4EF29560C0F2010044
:1060400040F2E51102F038FAA561B0BD10B5044682
:1060500000F13E4000F1FF704FEAB020042807D362
:106060004EF29560C0F2010040F2A31102F024FA52
:10607000E06840F00200E060E06820F00200E060CC
:1060800010BD00002DE9F04184B040F60007C4F2D5
:106090000207002640F200480446B842C4F2020655
:1060A000C4F202080CD0444520D0B44238D1F020CC
:1060B0000090032001900120CDE9020000252BE093
:1060C0004FF4E0500090032001250190CDE90250EB
:1060D00069460220FCF706FC4FF4004000904FF0A8
:1060E0000110CDE901050025039515E04FF460404E
:1060F00000900320019004200125039069460120AF
:106100000295FCF7EFFB4FF4805000904FF0011028
:10611000CDE901050020039069462846FCF7E2FB23
:10612000B44205D0BC4205D0444506D1132002E05C
:10613000122000E00B2001F013F842F6D8010120F4
:10614000C2F20001082204230027402681E88D00C6
:106150002046C1E9047600F05FF804B0BDE8F081A4
:1061600070B584B04FF48050009000206C464FF022
:106170000115012603900120214601950296FCF7A6
:10618000B1FB4FF40050009001202146FCF7AAFB20
:106190004FF4804000904FF48030CDE9010601209B
:1061A0002146FCF79FFB4FF40040CDE9000501209C
:1061B0002146FCF797FB01204FF48051FCF7D4FDFA
:1061C00001204FF40051FCF7CFFD04B070BD00007A
:1061D000B0B5044600F13E4000F1FF704FEAB02038
:1061E00004280D4607D34EF29560C0F2010040F23C
:1061F000C71102F061F9B5F1011F07D34EF29560A6
:10620000C0F201004FF4E47102F056F9A069284091
:1062100018BF0120B0BD0000B0B5044600F13E40FB
:1062200000F1FF704FEAB02004280D4606D34EF26D
:106230009560C0F201003C2102F03EF92868022876
:1062400006D34EF29560C0F201003D2102F034F910
:10625000686840F00800082806D04EF29560C0F249
:1062600001003E2102F028F9A86840F0040004284B
:1062700006D04EF29560C0F201003F2102F01CF9F9
:10628000E86850B1202818BF402806D04EF295602B
:10629000C0F20100402102F00FF9286940F010001F
:1062A000102806D04EF29560C0F20100412102F0A4
:1062B00003F968693F280CDC02381E280FD8012139
:1062C00001FA00F044F24501C4F2000108420DD188
:1062D00005E040280AD0802818BFFE2806D04EF2DC
:1062E0009560C0F20100422102F0E6F8204650F825
:1062F000081F41F0800101602A680168012A01D16C
:10630000024619E021F00101A160216A012262F335
:1063100013012162E16848F604021143E160E96873
:1063200019B1016841F002010160A168224641F4FF
:106330008071A16052F8101F41F0010111602969BC
:1063400029B1102907D1016841F0100102E001686C
:1063500021F010010160A0682B1D0ECB20F00C0075
:10636000084310436D69A060A0684FF6FF7120F0EC
:1063700060001843A0606068884328436060002084
:106380006061B0BD80B582B000208DF8070040F696
:106390000000C4F202000DF107010122002300F009
:1063A00053F89DF8070002B080BD0000F0B583B03F
:1063B000044600250526002707E000BF40EA450502
:1063C0006400072F07F101073BD201204FF4005171
:1063D000FCF792FC0096009820B100200099013053
:1063E0008842FBD360B2B0F1FF3F05DD01204FF4DE
:1063F0000041FCF781FC04E001204FF40041FCF770
:10640000B3FC0196019828B1002000BF019901302A
:106410008842FBD301204FF40051FCF7A5FC01207A
:106420004FF48041FCF72EFC02960299002818BF19
:1064300001200029C2D00021029A01319142FBD3F0
:10644000BCE7E8B203B0F0BD2DE9F04182B000290D
:1064500051D042F6D00642F6C0080446C2F2000609
:10646000002042F6C807C2F200083060C2F20007FE
:10647000C8F800102046022115463A600193FFF744
:10648000C1FD2046294600F07BF92046012100F09D
:106490005BF82046012100F07BF8386810B30198C2
:1064A00060B100BF20461021FFF792FE01280BD1FA
:1064B0000198411E00280191F4D11EE020461021D0
:1064C000FFF786FE0128F9D0204600F027F8316852
:1064D000D8F800204B1C33605054386801383860BD
:1064E000DDD100BF20464FF40041FFF771FE0028C8
:1064F000F8D0002502E001250CE00325204602210A
:10650000FFF780FD2046002100F01EF82046002104
:1065100000F03EF8284602B0BDE8F08110B5044610
:1065200000F13E4000F1FF704FEAB020042807D38D
:106530004EF29560C0F2010040F24D1101F0BCFF37
:106540002068C0B210BD0000B0B5044600F13E4066
:1065500000F1FF704FEAB02004280D4606D34EF23A
:106560009560C0F20100AC2101F0A6FF022D06D318
:106570004EF29560C0F20100AD2101F09DFF20694F
:10658000002D20F0010018BF01302061B0BD0000D7
:10659000B0B5044600F13E4000F1FF704FEAB02074
:1065A00004280D4607D34EF29560C0F2010040F278
:1065B0005D1101F081FF022D07D34EF29560C0F20C
:1065C00001004FF4AF7101F077FF606A002D20F0F9
:1065D000010018BF01306062B0BD0000B0B50446D4
:1065E00000F13E4000F1FF704FEAB02004280D4654
:1065F00007D34EF29560C0F2010040F23F1101F066
:106600005BFF2560B0BD00002DE9F04381B000299B
:106610004FF001061CBF1746002A03D1304601B0D7
:10662000BDE8F08342F6D40842F6C4090446C2F23B
:106630000008002042F6CC06C2F20009C8F80000AB
:10664000C2F20006C9F80010204602211D4637603C
:106650000093FFF7D7FC2046FFF7F8FC20463946A9
:1066600000F08EF82046012100F066F842F6D807C7
:10667000C2F200073868012804D120460121FFF743
:1066800087FF03E020460021FFF75EFF306808BB6C
:10669000386838B120464FF48041FFF799FD002853
:1066A000F8D037E020460121FFF792FD0028F9D00D
:1066B0002AE0D8F80000D9F80010421CC8F80020E1
:1066C000095C2046FFF78AFF30680138306000958A
:1066D000DED000BF20460821FFF77AFD0128E8D16F
:1066E00000980028F6D00098013800900098002803
:1066F000F0D103260FE000BF009828B100980138C0
:10670000009000980028F4D020460121FFF760FD9A
:106710000128F1D0002620460221FFF773FC204615
:10672000002100F009F8386801287FF477AF20468F
:106730000021FFF72DFF71E7B0B5044600F13E40A0
:1067400000F1FF704FEAB02004280D4606D34EF248
:106750009560C0F20100932101F0AEFE022D06D338
:106760004EF29560C0F20100942101F0A5FEE068B0
:10677000002D20F0010018BF0130E060B0BD000026
:10678000B0B5044600F13E4000F1FF704FEAB02082
:1067900004280D4607D34EF29560C0F2010040F286
:1067A000871101F089FE2562B0BD000080B582B07E
:1067B0008DF8070040F60000C4F202000DF1070159
:1067C00001220023FFF720FF02B080BDB0B50446D0
:1067D0000020C4F2020084420D460DD040F60000B5
:1067E000C4F20200844209D040F20040C4F2020028
:1067F000844206D1132002E0122000E00B2000F0BA
:10680000AFFC42F6D801C2F2000120464D61BDE85E
:10681000B040FFF701BD0000B0B545F2C4540925F2
:10682000C2F2000420460DF0B7FC002804BF00208F
:10683000B0BD4FF4FA7000F017FC2804A5F1010573
:1068400004BF0120B0BDEDE7F0B581B042F698502D
:1068500042F6A851C2F20000C2F200014FF42052E9
:106860000FF06AFE45F2C456C2F2000630460CF044
:10687000F1FC30460DF0B8FB42F66817C2F2000793
:1068800038460CF091FD42F6BC14C2F200042046DA
:1068900003F082FF42F60835C2F20005284604F0F4
:1068A000ADF830460DF062FD38460CF08DFD204607
:1068B00003F082FF284604F029F940F27420C2F266
:1068C000000006683046F9F7D3FC4AF61D2107465A
:1068D000C0F2000120462A463346009704F050F8E3
:1068E00042F68C55C2F20005286018B1014624A07A
:1068F00014F026FA42F66810C2F2000000210022CD
:1069000000230CF017FD286018B1014628A014F0F0
:1069100017FA42F66814C2F200042046002100264D
:106920000CF0F8FC4AF2CD7142F6BC12C0F2000144
:106930002046C2F200020CF0F9FC45F2C450C2F24B
:10694000000021460EF01EF9286030B141424EF69B
:106950006740C0F2010014F0F3F945F2C45041F66B
:10696000054241F6AD33C2F20000C0F20002002140
:10697000C0F2000300960EF0FDF801B0F0BD00BFBC
:10698000206661696C65640A202021206D6265645F
:10699000746C735F6374725F647262675F73656562
:1069A000642072657475726E65642025640D0A003A
:1069B000206661696C65640A202021206D6265642F
:1069C000746C735F73736C5F636F6E6669675F642B
:1069D000656661756C74732072657475726E65643A
:1069E0002025640D0A0000000A46014645F2C45005
:1069F000C2F200000DF0B4BE0A46014645F2C45092
:106A0000C2F200000EF03EB970B541F27E04C2F24F
:106A100000040D4601462046FEF7D6FA04F1C606EC
:106A20003046F9F725FC01463046F9F7E2FB2846E7
:106A3000F9F71EFC024630462946F9F703FC01200F
:106A400084F8C0000DA014F091FE2046FEF7D8FD9A
:106A500090B141F27E040525C2F20004013D2806F2
:106A600004BF032070BD4FF4FA6000F0FDFA204629
:106A7000FEF7C6FD0028F1D1002070BDB7A2CBCD36
:106A8000B7A2B2BCB1A8CEC40D000000FFF7BCBFD6
:106A900010B506A127220446F9F784FB00202064E4
:106AA00042F2B320A4F8440010BD00BF324C33338F
:106AB0003534314C334F2E696F74636C6F75642EAF
:106AC00074656E63656E74646576696365732E6361
:106AD0006F6D0000B0B505464EF2C760C0F2010010
:106AE0000C46FDF7EDFB4EF2D160C0F20100FDF760
:106AF000E7FB65B1012D18BFB0BD04F0FE004EF6F6
:106B0000AE14F028C0F201040CD112A008E004F089
:106B1000FE004EF66514F028C0F2010402D104A074
:106B2000FDF7CEFB2046BDE8B040FDF7C9BB00BF76
:106B3000444331362832342C35362C2753657420A3
:106B40005375636365737366756C6C79272C322992
:106B50003B0D0A00444332342833382C35302C277F
:106B6000C9E8D6C3B3C9B9A6272C32293B0D0A0000
:106B700080B54EF2C760C0F20100FDF7A1FB4EF2F6
:106B8000D160C0F20100FDF79BFB04A0FDF798FB6C
:106B90004FF47A70BDE8804000F066BA4443313665
:106BA0002831302C35302C27BBD6B8B4B3F6B3A778
:106BB000C9E8D6C3D6D02E2E2E272C32293B0D0A5B
:106BC000000000002DE9F04F81B044F2004415466A
:106BD0000E460746C4F20004F9F74AFBA021A1EBD8
:106BE000C0003146C0F347003A462B46FAF75AFB3D
:106BF00040F2AC2642F6411542F6B9094FF00A08B8
:106C00000127C2F20006C2F20005C2F200094FF0ED
:106C1000000B4FF0000A00BF1FFA8AF0315C59B137
:106C2000204600F041FD00BFA0690007FCD4F80732
:106C30000AF1010AF0D127E0287899F8001099F8B4
:106C4000012080F0C00081F04F0182F04B02084328
:106C500050EA020742F6401014BF0127A9F800B01D
:106C6000C2F2000080F800B0A8F10108012085F808
:106C700000B0AA465FFA88F500F0F6F9002D18BFBB
:106C800001252F405546C4D101B0BDE8F08F00006A
:106C90002DE9F04FA1B042F6985A044600F6C60717
:106CA000C0304FF0050BC2F2000A4FF0000804900C
:106CB000039400BFB4F8C46038463146F9F799FA36
:106CC00004EB88103C4600F1400700213846CDE92E
:106CD00006110591F9F7CCFA0DF120090546C0F12E
:106CE0006401632888BF00214844F9F782FA4846C6
:106CF00039462A46F9F756FA0120009005A8049F64
:106D000001902046314600220123CDF814900297CD
:106D10002746FDF7E9FC81B22046FFF76DFE40F201
:106D2000E810C2F200000078B0B150460FF0F2FB5C
:106D3000B8B9039C5FEA0B4037D03220ABF1010BAE
:106D400002F0E4F85FEA0B4032D050460FF0E2FB6D
:106D50000028EFD006E000BF012002F00DFD000684
:106D600011D0039CB4F8C4103846FFF73DFE94F8E8
:106D7000C60800F0F00090281AD1B8F1000F08F111
:106D8000010897D018E0039C5FEA0B400DD0322039
:106D9000ABF1010B02F0BAF85FEA0B4008D001201A
:106DA00002F0EAFC0006EFD0DCE74FF6FF7BD9E704
:106DB000022021B0BDE8F08F002021B0BDE8F08FA7
:106DC00042F68850C2F2000001680131016070474C
:106DD00080B586B04FF480110A68082363F3CB12A4
:106DE0000A60002240F62C010092C4F201010292D6
:106DF00051F8083C9B0509D451F8083C43F00103C5
:106E000041F8083C51F8083C9B05FBD549F2000EBF
:106E1000C0F2D03E0EF1010342F6845C9842C2F209
:106E2000000C41F81C2C19D251F8082CD20509D5B8
:106E300051F8082C22F4807241F8082C51F8082CE3
:106E40009205FBD544F60002C0F2E812904222D12E
:106E50000220CCF800200590012020E0029A52B3D5
:106E6000029A012A56D1002203920D2241F8042CE5
:106E700051F8042CD2065FD444F24023C0F20F0331
:106E8000039A9A4256D0039A0132039251F8042C85
:106E9000D206F5D550E00120CCF800E00590049032
:106EA000DCF80000049AB0FBF2F042F68052C2F225
:106EB0000002106094E051F8082C42F4807241F80E
:106EC000082C00BF51F8082C9205FBD50A6842F047
:106ED00001020A600A6822F400120A600A6852007D
:106EE000FCD540F60062C0F22772904215D049F2FC
:106EF0000052C0F6BA2290424CD10A68212363F3B3
:106F0000D3020A600A6842F480020A600A685200EA
:106F1000FCD554E00320009062E00A68122363F37A
:106F2000D3020A600A6842F480020A600A685200CA
:106F3000FCD544E002220092009A002A43D10A685C
:106F400042F001020A600A6822F400120A6000BFDF
:106F50000A685200FCD540F60062C0F227729042E7
:106F60001BD049F20052C0F6BA22904212D10A68F0
:106F700040F2122363F3D3020A600A6842F0060269
:106F80000A600A6842F480020A6000BF0A68520080
:106F9000FCD514E00122009215E00A6840F2124389
:106FA00063F3D3020A600A6842F006020A600A68C4
:106FB00042F480020A6000BF0A685200FCD5012238
:106FC000059202220492CCF80000049AB0FBF2F081
:106FD00042F68052C2F200021060042041F81C0CFC
:106FE000009810B10120059002E0049801281ED1FC
:106FF0000020019051F8180C059B40F2FF7290435D
:107000005A1E019B104340EA032041F8180C00BFB0
:1070100051F8180CB0F1FF3FFADCDCF80000FBF788
:1070200007FA0098B0FA80F0400906B080BD0498D5
:10703000022814BF05200420DBE700004EF688502C
:10704000CEF20000016841F470010160002140F8B7
:10705000801C704781B000900098411E002800916C
:10706000FAD101B07047000081B0009042F688501C
:10707000C2F20000016800BF0268009B521A9A42E7
:10708000FAD301B070470000BFF34F8FBFF36F8F8B
:107090004EF65070CEF2000000210160BFF34F8F1A
:1070A000BFF36F8F4EF61450CEF20000016841F42A
:1070B00000310160BFF34F8FBFF36F8F7047000047
:1070C00042F68050C2F200000068704710B540F6EA
:1070D0000000C4F2010001684EF60C5441F4803106
:1070E0000160C16BCEF2000421F40001C16320688D
:1070F0004FF6FF01084040F0BF6040F401302060CF
:1071000049F20050C0F6BA20FFF762FE30B3FFF735
:10711000BBFF42F68851C2F200010020086042F62F
:107120008451C2F20001096844F6D352C1F26202EE
:10713000A1FB02124FF0FF3101EB9211B0EB116F86
:1071400018BF10BD4EF21002CEF200025160E021D5
:10715000E17590600720106010BD00BFFEE70000E1
:1071600081B040F61C010E28C4F2010107D30E388D
:1071700001220B6802FA00F01843086005E00122C2
:107180004B6802FA00F0184348600220009000BFEC
:107190000098411E00280091FAD101B0704700000C
:1071A00041F21040C4F200000168C90708BF7047EF
:1071B000016821F00101016042F63C10C2F20000BA
:1071C00001680131016070474FF6FF725140016163
:1071D00070470000C1B140F2FF71C4F20001884263
:1071E00018DD40F60001C4F2000188421BD042F6CF
:1071F0000041C4F20101884215D044F20001C4F2FA
:10720000010188420FD014E001684FF6FE72114070
:1072100001607047B0F1804F05D040F20041C4F2E8
:107220000001884205D1816801F00701062908BFE5
:107230007047016841F0010101607047B0B5044634
:107240004EF2C760C0F20100FDF73AF84EF2D1608D
:10725000C0F20100FDF734F8012C0CD0002C18BF4F
:10726000B0BD4EF665144EF22270C0F201041DA5A9
:10727000C0F2010005E04EF6AE1407A5C0F201040D
:107280000EA0FDF71DF82846FDF71AF82046BDE8C8
:10729000B040FDF715B800BF444331362832322CD8
:1072A00035352C27B2A2BCECB2E9CDF8C2E7D7B491
:1072B000CCAC272C31293B0D0A0000004443313669
:1072C00028382C33392C27C7EBBCECB2E9CDF8CFEA
:1072D000DFCAC7B7F1C1ACBDD3272C31293B0D0A9A
:1072E000000000004443313628382C35352C276106
:1072F0006E64206E6574776F726B206361626C657B
:10730000272C31293B0D0A00B0B541F20044C4F2EC
:107310000004204600210025FFF75CFF20460121E4
:107320006562BDE8B040FFF74FBF0000B0B58AB05E
:1073300004461020FFF714FF4FF4C06006900320AE
:107340000790012008900220099006A9002000253E
:10735000FBF7C8FA60200094CDE9010540F2003047
:1073600043F60004C1F20000C4F20104CDE90405B3
:1073700069462046039500F0FBF82046012100F005
:10738000CBF84EF200104EF21B42CEF200004FF04E
:107390000061CEF20002A023C0F8801113700160DA
:1073A00020460421012200F0D1F802A013F0C8FC0D
:1073B0000AB0B0BD444542554720494E49540000EB
:1073C00010B544F20044C4F200042046042100F049
:1073D000ADF8002808BF10BD204600F021F942F6A4
:1073E0004111C2F200010A78C02A2CD0530605D4FC
:1073F0000D2814D142F04000087024E00A281BD167
:1074000042F08000087042F64010C2F2000000789E
:1074100042F6B901C2F2000100220A5413E042F61A
:107420004011C2F200010A78531C0B7042F6B901F8
:10743000C2F20001885406E00020087042F64011B4
:10744000C2F20001087020460421BDE8104000F09F
:107450005DB80000FFF7B4BF44F63803C4F2000380
:107460001868C00646BF18685FEAC0607047D868F1
:10747000A3F1380140F0100C42F69850C2F200001F
:107480000122C3F80CC0FEF779B90000B0B58AB08C
:1074900004462120FFF764FE00200025FFF760FE70
:1074A00005200690032007900120089004200990F1
:1074B00006A90120FBF716FA0094602044F60004A8
:1074C000CDE901054FF44070C4F20004CDE9040594
:1074D00069462046039500F04BF82046012100F054
:1074E0001BF84EF200104EF20A42CEF200004FF4AA
:1074F0008061CEF20002C0F8801115700160204654
:107500000421012200F022F80AB0B0BD012202FAE3
:1075100001F1416470470000026B002942F0010351
:1075200008BF02F00103036370470000C9B20122E3
:1075300002FA01F1826BC06B0A4000EA010018BF39
:107540000122002818BF012010407047836BC36AD6
:10755000C9B223F01003C362012303FA01F1002A28
:10756000826B0CBF22EA0101114381637047000066
:107570002DE9F0470D460446FFF7A2FDD5E90018B6
:1075800044F240290A01B0FBF2F6C0F20F0906FBF3
:107590001200AF68A0FB0901D5F80CA00023F8F792
:1075A000BDFD89014AF2201241EA9061C0F2070252
:1075B00012EB801041F100014A460023F8F7AEFDBE
:1075C0003F2884BF013600206662A06248EA0700B7
:1075D00040EA0A0040F01000E062D5E9040140F200
:1075E0000032C2F20002904241EA00012163E16AE6
:1075F00021F01001E1620ED040F20031C1F2000131
:10760000884218BFBDE8F08742F64410C2F200007D
:107610000460BDE8F08702206065BDE8F0870000E7
:1076200010B5044644F6FF30C4F2000084420CDC7E
:1076300044F20040C4F20000844217D044F6000037
:10764000C4F20000844211D00BE044F60040C4F2C2
:10765000000084420AD043F60000C4F201008442D4
:1076600004D005A0EF2100F027FF00BFA069C006ED
:10767000FCD42068C0B210BD2E2E2F4C69627261FE
:10768000726965732F5374645065726970685F44E2
:1076900072697665722F5372632F6678785F7561B1
:1076A00072742E6300000000016000BF8169090749
:1076B000FCD4704782B070B5ADF5027D0D4602AEC8
:1076C0000446CDE9862386AB30464FF400712A4646
:1076D000019313F059FB40B10546013E16F8011F16
:1076E0002046FFF7E1FF013DF8D10DF5027DBDE831
:1076F000704002B07047000070B5002A08BF70BD2E
:10770000144605464E1E00BF16F8011F2846FFF717
:10771000CBFF013CF8D170BDF0B5ADF5057D40F271
:10772000F454C2F2000494F8FC1381422BD084F884
:10773000FC03002520464FF4FF71CDE98355CDE9C8
:107740008155FBF749FB40BAA4F8FE0104F500702F
:107750004FF4FF71FBF740FB40BA01AE81AFA4F8D4
:10776000FE0300BF20464FF4007132463B46FAF755
:107770006FFF304629460122FEF78EFB0135022DB0
:1077800004F50074EED10DF5057DF0BD2DE9F0474F
:10779000ADF50A6DFCA84FF49661F8F72AFD02AC2E
:1077A00020464FF47A71F8F724FD40F2F458C2F203
:1077B0000008D8F826A0BAF1020F26D3012608F156
:1077C0002A074FF03B09012506EB4600EAB208EB19
:1077D0008001272A01F12C0134BF07EB8001273EED
:1077E0002046F8F711FD06EB4600042207EB800067
:1077F00000F108012046F8F767FDF8F739FD01357B
:10780000EEB2B24524F80090DED8FCAD4EF65661DB
:1078100008F1190209A3C0F201012846009413F0EF
:107820009FFA08A02946FFF731F94FF4FA70FFF7E5
:107830001BFC0DF50A6DBDE8F08700BF56325F30C6
:1078400000000000247468696E672F75702F7072D5
:107850006F70657274792F25732F257300000000F7
:10786000B0B582B003286BD8DFE800F002202F4CBF
:1078700040F24C15C2F20005286800210078FDF79F
:107880008BFFFFF741FDFCF76FFD04460138C0B2E6
:10789000032828BFFCF75EFA286821460078FCF729
:1078A00075FA0024002C40F0B380ADE0FBF7B2FA8B
:1078B00040F24C15C2F200052A68014610780229F0
:1078C00042D1F9F7DFFB0F247BE08DF807104FF46E
:1078D0000C304FF40071FAF75FFE0DF107024FF420
:1078E0000C300121FAF798FE40F24C10C2F2000071
:1078F0000068F0210078FFF7EDF80024002C40F03C
:10790000878081E0C820FFF7AFFB40F2EA10C2F2A7
:107910000000FDF7C9FC032841D001283DD018BB69
:10792000FDF7F8FDFCF74AFB042838D00828F9D108
:10793000FFF71EF9FAF772FFB0B1F9F793FE2EE0E8
:107940000024002C64D15FE0FAF764F8032400BF40
:10795000FAF7A0F860B12006A4F10104F8D1286874
:107960000078FFF76BFC2BE000240120D0B949E040
:107970002868007800F012FAF9F7A0FA0446FAF73E
:10798000C9FC132C19D80120A04010F4062F14D0E4
:1079900028680078F9F7DEFD13E0FDF781FDFF248C
:1079A000002078B340F24C10C2F200000068F121D0
:1079B0000078FFF78FF85CBB26E02046FBF76EFEF1
:1079C0000024FCB1FF208DF8060000BFFCF7F6FA9A
:1079D00004281FD00828F9D1132C0FD80120A0406B
:1079E00010F4062F0AD0286801210078FDF7D4FE94
:1079F0000DF106012046FBF7FBFA04462046FBF793
:107A00004DFE002424B900BFFCF7D8FA0428FBD1AE
:107A100002B0B0BDFF24002CFAD1F5E7F0B581B07B
:107A2000054642F6F400C2F200000C46032700F1BE
:107A3000400606E04FF4FA60013FFFF715FB3804FB
:107A400030D04FF44A7000F0F3F81C28F2D8014609
:107A50000020DFE801F0141313131313131313138F
:107A60001313131313131313131D131313281313C7
:107A700013130F00012000F003FFDBE7DAE701201A
:107A80000121224620230FF0C1FD0028D2D10CE0B5
:107A9000012031462A4600F02FFF0028CAD10520D8
:107AA00001B0F0BD062001B0F0BD062001B0F0BD70
:107AB000F0B585B040F60004C4F20204002520466B
:107AC000CDE90355CDE90155FEF7DCFA00204FF46E
:107AD0000041FBF749F92046FE21FEF777FE04201E
:107AE00001AC01904FF001160127032021460296B8
:107AF000CDE90375FAF7F6FE03200421FBF734F90C
:107B0000202001A9C1C1012021460495FAF7EAFE0F
:107B100041F6853041F68D31C0F20000C0F200011F
:107B20000EF074FF41F6A13041F69531C0F200002D
:107B3000C0F200010EF086FF46F2853046F2AD71CC
:107B4000C0F20000C0F200010EF098FF40F20821E0
:107B5000C0F20801D1E900238F68160C02EB122055
:107B600042F6491106EB1262C2F200014A701A0C89
:107B700002EB136203EB1326CA703A0C07EB1723D0
:107B800002EB176208708E700B71C3074A711CBF3D
:107B90000130087005B0F0BD80B582B00DF107016D
:107BA0000F2000F0DFFFB0F1FF309DF8071018BF85
:107BB0000846C0B202B080BD80B503200421FBF7A7
:107BC0009BF80120FFF750FA03200421FBF7CCF8C3
:107BD0004FF4E160BDE88040FFF746BA80B5034648
:107BE0008AB2012019460EF041FD80B280BD00002E
:107BF00080B584B040F20220C0F20110039040F240
:107C00000240C0F2022002904FF00230CDE90000A5
:107C10006946012000F0A6FFB0F1FF3018BF012037
:107C200004B080BD03468AB2012019460FF068B93E
:107C3000B0B540F2F015C2F20005A96804468847C5
:107C400028698047E969C4F307408847E969C4F3B4
:107C500007208847E969E0B28847A86980476969D1
:107C600004468847E86880472046B0BDF0B581B03B
:107C700040F2F017C2F200070D46B96814460646F6
:107C8000884738698047F969C6F307408847F9692A
:107C9000C6F307208847F969F0B2884734B1013D3F
:107CA000B869804705F8010F013CF9D17869804730
:107CB000F86801B0BDE8F0400047000070B540F240
:107CC000F016C2F200060C46B168054688473069D6
:107CD0008047F169C5F307408847F169C5F307207C
:107CE0008847F16945F00400C0B28847F169204631
:107CF000884770698047F068BDE870400047000021
:107D0000F0B581B040F2F017C2F200070D46B96835
:107D100014460646884738698047F969C6F3074024
:107D20008847F969C6F307208847F96946F00400D7
:107D3000C0B2884734B1013DF96915F8010F884791
:107D4000013CF9D178698047F86801B0BDE8F0409E
:107D500000470000B0B540F2E811C2F20001097816
:107D6000044639B142F69850C2F200000EF0D2FB40
:107D700080B202E0012001F0FFFC002808BFB0BD86
:107D8000B4F8C45004F6C60420462946F8F731FA80
:107D900020462946FEF728FE80B2B0BD10B5044645
:107DA0004EF2C760C0F20100FCF78AFA4EF2D160D1
:107DB000C0F20100FCF784FA012C07D0002C18BF98
:107DC00010BD0EA0BDE81040FCF77ABA02A0BDE8D5
:107DD0001040FCF775BA00BF444331362832322CCC
:107DE00035352C27B5C8B4FDBDD3CAD5B9CCBCFE3A
:107DF000B0FC2E2E272C35293B0D0A00444331368A
:107E00002831362C35352C2757616974696E672007
:107E10004669726D77617265272C35293B0D0A0022
:107E20002DE9F04FADF5017D0D46064601200221FA
:107E30001446FAF761FF3220FFF716F901200221FC
:107E4000FAF792FF41F28830FFF70EF942F69850A8
:107E500042F6A851C2F20000C2F200014FF42052D3
:107E60000EF06AFB61A00A2100F000FA70B960A070
:107E7000322100F0FBF948B95FA00A2100F0F6F9C1
:107E800020B960A0322100F0F1F920B107200DF5F2
:107E9000017DBDE8F08F40F21020C2F2000090F8A2
:107EA000480000285BD000F03FFA5AA0322100F0D1
:107EB000DDF90028EAD15CA013F058FC01AF384688
:107EC0004FF40071F8F795F942F6985844F250696A
:107ED0004FF0000AC2F2000802E05FEA0940D5D084
:107EE0000A20A9F10109FFF7BFF840460EF012FB86
:107EF0000128F2DB834617FA8AF140465A460EF013
:107F000023FB4EF62540C0F201003946DA4412F058
:107F100017FF384649A1F8F783F90028DDD0384625
:107F20004BA1F8F77DF90028D7D04DA0322100F001
:107F30009DF90028AAD14EA013F018FC40F210279A
:107F4000C2F2000701A83946FDF742F900289DD189
:107F500000205FEA094187F8480004D196E700F065
:107F600063F9002892D14EF62A40C0F20100322176
:107F700000F07CF900287FF489AF42A0322100F0A4
:107F800075F900287FF482AF40F24C10C2F2000075
:107F900000680078F9F73EFD4EF65A40C0F2010045
:107FA000322100F063F900281EBF02200DF5017D8B
:107FB000BDE8F08F4EF64E40C0F20100322100F0D5
:107FC00055F900281EBF03200DF5017DBDE8F08F97
:107FD00030462946224600F05DF8002818BF0120EF
:107FE00080000DF5017DBDE8F08F00BF4154000019
:107FF000415445300000000041542B43574D4F443D
:10800000453D310041542B43574155544F434F4E4A
:108010004E3D300041542B43575354415254534D1D
:108020004152543D32000000537461727420536D0C
:10803000617274436F6E6669673A0D00536D6172C9
:108040007420676574207769666920696E666F00C1
:10805000636F6E6E6563746564207769666900009E
:1080600041542B435753544F50534D4152540000E9
:1080700073746F7020536D617274436F6E666967BD
:108080000D00000041542B434950534E5450544965
:108090004D453F002DE9F04FADF5017D01AC0E4699
:1080A000074620464FF400711546F8F7A2F84EF641
:1080B000094844F60000C0F20108C4F2000041463D
:1080C0003A463346FFF7F6FA40463946324612F052
:1080D00037FE002DA5F101053AD042F6985B002746
:1080E0000FF2C40A0FF2C809C2F2000B0FF2C8085F
:1080F00004E000BF2804A5F101051FD06420FEF7AD
:10810000B3FF58460EF006FA0128F3DB064614FAD0
:1081100087F1584632460EF017FA20465146F8F7D6
:108120007FF870B920464946F8F77AF820BB204618
:108130004146F8F775F858BB3744DBE74FF6FF7553
:1081400006E04EF62540C0F2010001A912F0F8FD4C
:1081500028B201280BDB1DA0052100F087F80028BC
:1081600018BF012080000DF5017DBDE8F08F0320D0
:108170000DF5017DBDE8F08F4EF62540C0F20100FF
:1081800001A912F0DDFD01200DF5017DBDE8F08FA4
:108190004EF62540C0F2010001A912F0D1FD0220E7
:1081A0000DF5017DBDE8F08F434F4E4E4543540021
:1081B000434C4F5345440000414C524541445920E3
:1081C000434F4E4E454354454400000041542B4319
:1081D000495053454E440000B0B584B000200024FF
:1081E000FEF7BEFF022000904FF00110CDE9010420
:1081F000694601200394FAF775FB43F2100440F23C
:108200001025C0F20204C2F20005204624212A46AD
:10821000FAF7D8F904F1300005F124022421FAF725
:10822000D1F904B0B0BD000010B58EB040F21022FC
:10823000C2F200020DF1060402F1240306A1204659
:1082400012F08EFD204640F6B83100F00FF80028FD
:1082500018BF01200EB010BD41542B43574A415066
:108260003D222573222C2225732200002DE9F047A0
:10827000ADF5006DEA460C46064644F60008504649
:108280004FF40061C4F20008F7F7B3FF4EF625473C
:10829000C0F20107404639463246FFF70BFA38462E
:1082A000314612F04DFDA4F101078CB342F6985609
:1082B0000025C2F200060FF26C0903E03804A7F1B2
:1082C000010723D00A20FEF7CFFE30460EF022F938
:1082D0000128F3DB04461AFA85F1304622460EF0F7
:1082E00033F9504649462544F7F79AFF0028E5D070
:1082F000ADB26DB1AAF1010608F5704416F8011F80
:108300002046FFF7D1F9013DF8D101E04FF6FF77A4
:1083100039B200200129B8BF01200DF5006DBDE87C
:10832000F08700BF4F4B000080B54EF2C760C0F22F
:108330000100FBF7C5FF4EF2D160C0F20100FBF770
:10834000BFFF05A0FBF7BCFF0CA0FBF7B9FF13A014
:10835000BDE88040FBF7B4BF444331362832342CAB
:1083600035302C27C7EBBDF8D0D0C5E4CDF82E2E84
:108370002E272C32293B0D0A0000000044433136E1
:108380002833322C37302C275749464920696E69EB
:10839000742E2E2E272C32293B0D0A0044433136F1
:1083A0002831322C3131302C272D202245534322C5
:1083B000CDCBB3F6202D272C34293B0D0A0000002D
:1083C00080B5DDE902CECDE902CEBDE8804001F006
:1083D0005BBB000001F0BEBB10B501204FF48C71F7
:1083E000F7F79EFF002804BF002010BD044601F0EF
:1083F000C9FB204610BD000010B5044601F0BAFBD1
:108400002046BDE8104013F053B9000001F0C0BB96
:1084100001F040BCB0B582B0054600681C460B1A9E
:10842000012B0ADB037893420CD10130286001AAAA
:10843000284601F02BFE18B908E06FF05F0028B164
:1084400002B0B0BD6FF061000028F9D1019890B181
:10845000286890F9000000280DD4019840B100BFB1
:1084600029680A7822B9013101382960F8D1002041
:108470000428019003D96FF0630002B0B0BD04D1AD
:10848000286890F900000028F5D4019800212160A7
:1084900068B100BF2968226811F8013B013843EA3E
:1084A000022222602960F5D14FF0FF3000E0013850
:1084B0000190002002B0B0BDFEE700002DE9F04FB2
:1084C00081B00478002C00F0818040F25C2E84465C
:1084D0000020C2F2000E4FF0000A00BFDEF800508C
:1084E000FF224FF0FF3300BFEE1876780133A6422B
:1084F00008BF1A463F2BF7D14AF00103DEF80050BF
:108500001CF80360FF244FF0FF3300BFEF187F78A3
:108510000133B74208BF1C463F2BF7D14AF0020394
:10852000DEF800901CF803700093FF254FF0FF3336
:1085300009EB030676780133BE4208BF1D463F2B88
:10854000F6D14AF00309DEF800B01CF809E0E04675
:10855000FF274FF0FF3600BF0BEB060C9CF80130F5
:108560000136734508BF37463F2EF5D1C4F30113DA
:1085700043EA82020A54009A18F802203D2A00F1C8
:1085800001021FD0C5F38303C44643EA04138B548E
:1085900018F809203D2A00F1020213D007F03F032A
:1085A00043EA85130AF1040A8B541CF80A4003308D
:1085B000002C40F25C2EC2F2000E04BF01B0BDE8F8
:1085C000F08F8BE7104601B0BDE8F08F002001B0BE
:1085D000BDE8F08F2DE9F04FADF5477DB2F5C07FD6
:1085E00002D96FF03705B1E05FAF0D4680463846DF
:1085F0004FF4D0711646F7F7FCFD01A801F0C2FA5E
:10860000300A8DF88E011837302000248DF8930140
:10861000384629463246ADF88C418DF88F61F7F720
:10862000C1FD8020B8554BA804550134202CFBD146
:1086300001A84BA94FF4807201F02CFB05460028DD
:108640006BD106F1190900240DF5BE7B47AE01AFD1
:108650004FF0000ACDF80080C846CDE94944CDE985
:10866000474400BFB9F1000F17D000201BF80010DD
:10867000325C5140315401301028F7D1B9F1100962
:10868000384638BFA1460121324633460BF1100B64
:1086900001F060FA0028E5D03CE00DF5A67C0CEB7B
:1086A0000A0047AD04302ECD2CC09DF87F014CF858
:1086B0000A100130BAF1200F0AF1100A0DF5BE7B45
:1086C000C1468DF87F01C7D353AE01A831464FF4A0
:1086D000807201F0DFFADDF800800546E8B9203647
:1086E000002401AF384601213246334601F032FA08
:1086F00090B9B56808EB040031687268F36885606A
:10870000202C04F110044FF00005C36042600160AA
:10871000E8D302E0DDF80080054601A801F02AFA5E
:108720005FA84FF4D07108F0E3FD53A8302108F0A2
:10873000DFFD4BA8202108F0DBFD47A8102108F041
:10874000D7FD1DB14046302108F0D2FD28460DF579
:10875000477DBDE8F08F0000B0B582B04FF4D8502F
:10876000FFF766FA04464FF4D8500321FFF7A6FA44
:1087700040F2C630C2F20000007840F2D43341F239
:10878000883510A1C2F20003112200950EF0A2FE5E
:1087900005464FF4D8502146FFF790FA15F10D0029
:1087A00002BF012002B0B0BD0EF042FC42F6003024
:1087B000C2F20000006840F24C4000F0A7FB00202D
:1087C00002B0B0BD434845434B5F49505F434F4EF5
:1087D000464C49435400000070B542F6FC24C2F2F6
:1087E000000494F9000001281ADC40F2702542F6DA
:1087F0000036C2F20005C2F20006286831688842DD
:1088000024BF012070BD42F6FD20C2F2000090F9A5
:108810000000042818BF022812D10EF035FD13E025
:1088200042F6FD25C2F2000595F90000012815D099
:10883000042818BF022821D10EF060FC01200EE0B0
:10884000012801D10EF05AFC0020306030682178F8
:108850000A30286001310120217070BD002028708D
:1088600042F60032C2F200020021116040F2702292
:10887000C2F200020A231360217070BD0120EFE7ED
:10888000082882BFFF2040B2704770B504464FF4FD
:10889000847000EB4415102128466601FFF70EFA9C
:1088A0002846FFF7C5F90028FAD106F502701F2106
:1088B000FFF704FA45F2AA51C2F2000101200A882A
:1088C000A04022EA0000088045F2B450C2F2000045
:1088D000002120F8141045F2AC50C2F200000155FE
:1088E00006F542742046FFF7A3F90028FAD10120CB
:1088F000BDE8704040B270472DE9F041082803D927
:10890000FF2040B2BDE8F0814401054604F10800B3
:1089100016460F46FFF78CF900F00F0001283ED1F4
:1089200004F542784046FFF783F913283BD1797864
:1089300038780902BA7841EA0041114440EA01203E
:10894000013810F1030F32D8AEB304F608403946AF
:108950000422FFF7D5F941F208002044310AFFF75D
:10896000ADF941F208102044F1B2FFF7A7F904F580
:10897000847630460421FFF7A1F900BF3046FFF7A7
:1089800057F90028FAD145F2A850C2F20000008839
:10899000E840C00713D0002040B2BDE8F081FB20C2
:1089A00040B2BDE8F081FD2040B2BDE8F081F42086
:1089B00040B2BDE8F081F52040B2BDE8F08104F599
:1089C000027500BF4046FFF733F917280CD0284640
:1089D000FFF72EF90007F5D528460821FFF76EF9B5
:1089E000F32040B2BDE8F081012040B2BDE8F08143
:1089F000B0B5052800F27C800C46DFE800F0033CAF
:108A0000757C83934FF4106021460622FFF778F9B6
:108A100004F10E014FF480700422FFF771F904F1A4
:108A20000A014FF4A0600422FFF76AF9A11D4FF478
:108A300070600422FFF764F9A07C42F66113C2F271
:108A40000003E17C187042F66210C2F20000227D41
:108A5000017042F66310C2F20000657D027042F6BA
:108A60006410C2F20000A17D057042F66010C2F2EF
:108A70000000017067E04FF4106021460622FFF706
:108A8000F5F804F10E014FF480700422FFF7EEF8C0
:108A900004F10A014FF4A0600422FFF7E7F8A11DDA
:108AA0004FF470600422FFF7E1F842F66110C2F261
:108AB0000000007842F66311A07442F66210C2F220
:108AC0000000C2F2000100780978E074217542F6D6
:108AD000641042F66011C2F20000C2F20001007898
:108AE00009786075A1752EE0247814F0C50F2DD09B
:108AF000FF2568B2B0BD00200025FFF799F820706F
:108B000068B2B0BD21784FF4D850FFF7D7F8E178BC
:108B10004FF4C850FFF7D2F8A1784FF4D050FFF7C8
:108B2000CDF810E04FF4D850FFF782F820704FF4E2
:108B3000C850FFF77DF805464FF4D050FFF778F89E
:108B400040EA05206080002568B2B0BD0020002505
:108B5000FFF76EF840EA04010020FFF7AFF868B2B3
:108B6000B0BD00002DE9F0410F284AD80C46DFE8DF
:108B700010F0100013004C005B00660073008000D2
:108B80008B009800A900BE00C2000901F400F900A2
:108B9000020111F0DFF8F5E0A046002C18BF08F143
:108BA000080811F0D7F8002C00F0F080661E0020B5
:108BB0000821324612F8013F0139184440B2F9D178
:108BC00010281EDC002741F6087500BF16F8011FAB
:108BD0007819FFF773F82037B7F5807FF6D1002CAE
:108BE00000F0D480A8F1010400200821224600BF33
:108BF00012F8013F0139184440B2F9D1102840F36E
:108C0000CE80FF2040B2BDE8F0814FF4A850FFF7BE
:108C10000FF805464FF4B850FFF70AF805F0F001D9
:108C200041EA00202080ADE02088040A00F0F00135
:108C30004FF4A850FFF742F84FF4B85008E02088EE
:108C4000040AC1B24FF4B050FFF738F84FF4C050E7
:108C50002146FFF733F895E04FF4B050FEF7E8FFF8
:108C600005464FF4C050FEF7E3FF45EA00202080A0
:108C700088E061784FF49850FFF720F821784FF49E
:108C8000A050FFF71BF87DE04FF49850FEF7D0FF9F
:108C900005464FF4A050FEF7CBFF40EA05202080A8
:108CA00070E040F2F010C2F2000081782170C178CB
:108CB00061700179A1704179E170807920710020A3
:108CC00060715FE04FF43850FEF7B2FF00F07F01B3
:108CD0004FF43850FEF7F2FF4FF43850FEF7A8FF7C
:108CE00040F080014FF43850FEF7E8FF4AE020469C
:108CF00011F070F846E04FF43850FEF799FFC0F3DA
:108D0000801100F038002170A0F13801A0F120029C
:108D1000B1FA81F1B2FA82F2490952091143A0F184
:108D20001002102A617038D8012140F2011301FAB3
:108D300002F2C0F201031A4208BF0021A0F10802AA
:108D4000182AA17026D8012000FA02F10122C0F2EF
:108D5000011211421ED0E07014E02078BDE8F0410D
:108D600011F070B84FF43850FEF762FF10F0300089
:108D700018BF012005E04FF43850FEF759FF00F00E
:108D800001002070002040B2BDE8F081002040B218
:108D9000BDE8F0810020E070F4E70021CEE7002577
:108DA00041F6086614F8011FA819FEF787FF203561
:108DB000B5F5807F4FF00000F4D1E4E72DE9F047EE
:108DC0008CB0E9468846044648463021F7F711FA48
:108DD00004F1200A00274E460F2000BF411C07D097
:108DE000215C0131CAB221548A42A0F10100F5D1BF
:108DF000504601212246334600F0ACFEE8B9103659
:108E0000202F07F11007E7D3002000BF18F800104B
:108E100019F80020514009F8001001303028F5D130
:108E2000694650464FF4807200F034FF054628B979
:108E300008AB0FCB00250FC400E005466846302183
:108E400008F056FA28460CB0BDE8F08780B540F22D
:108E5000D431C2F200014FF470600422FEF750FFDB
:108E600040F2D831C2F200014FF4A0600422FEF7B4
:108E700047FF40F2D031C2F200014FF4807004226B
:108E8000BDE88040FEF73CBF80B500208021FEF7A2
:108E900015FF0020FEF7CCFE40F2BC31C2F200010B
:108EA0004FF410600622BDE88040FEF729BF0000A5
:108EB00080B500208021FEF701FF0020FEF7B8FEFC
:108EC00040F2D431C2F200014FF470600422FEF788
:108ED00017FF40F2D831C2F200014FF4A060042223
:108EE000FEF70EFF40F2D031C2F200014FF4807065
:108EF0000422FEF705FF40F2BC31C2F200014FF43C
:108F000010600622BDE88040FEF7FABE00EBC0000C
:108F100041F2000144F61F62C4F2000101388A6286
:108F2000C862486940F001004861086920F001000A
:108F30000861086840F00100086000BF0869C007C8
:108F4000FCD0086820F00100086070472DE9F0436C
:108F500081B0082801D9FF202BE04701044607F122
:108F60000800FEF765FE00F00F00012820D107F58C
:108F7000847528460821FEF7A1FE00BF2846FEF7AB
:108F800057FE0028FAD145F2A85145F2AA58C2F27C
:108F90000001C2F2000801200988B8F80020A040B2
:108FA000084222EA0001A8F8001006D0002000E0E4
:108FB000FB2040B201B0BDE8F0836FEA000907F57D
:108FC000427607F5027700BF3046FEF731FE60B308
:108FD0003846FEF72DFE0007F6D528461021FEF78D
:108FE0006DFE00BF2846FEF723FE0028FAD1384662
:108FF0001F21FEF763FEB8F80000002100EA090017
:10900000A8F8000045F2B450C2F2000020F8141095
:1090100045F2AC50C2F20000015500BF3046FEF7E9
:1090200007FE0028FAD1F320C3E70120C1E70000C2
:109030002DE9F04793B04FF0000C4FF04B0E0DF1BF
:1090400001034FF02E080C464FF0000A4FF00009C4
:1090500014F8015BBAFA8AF77F0905F0C006C02E42
:10906000BC4408D12478BC4465F30D24044414F8AE
:10907000015B4FF0010AF5B1EE430EEB06070FFA64
:1090800087FEBEF1000F00F17080013C01332F46D6
:1090900014F8016F013F03F8016C3E0403F1010372
:1090A000F6D1BAF1000F08BFAC4403F8018C09F106
:1090B00001090134CCE7B9F1000F04BF2E2703F8F2
:1090C000017B00271F701CF1010353D08C443CF836
:1090D0000A1B4FF0FF3309BA03EB11410E295DD88B
:1090E000DFE801F060085C5C086F0808085C5C0859
:1090F000AB5CB40000224B210DF101034FF02E0EAA
:1091000067464FF000094FF0000800BF17F8014B09
:10911000B9FA89F6760904F0C005C02D324408D1A9
:109120003D78324464F30D25471917F8014B4FF091
:10913000010914B3E543294409B2002926D4013FAB
:109140000133264617F8015F013E03F8015C350440
:1091500003F10103F6D1B9F1000F08BF224403F86F
:1091600001EC08F101080137D0E74FF0FF3C1CF19A
:109170000103ABD14FF0000C10E0B8F1000F04BFB9
:109180002E2003F8010B0020187001E04FF0FF3291
:10919000B2F1FF3018BF0CEB02008446604613B0FA
:1091A000BDE8F0879CF8000010709CF8010050703A
:1091B0009CF8020090709CF803000CF1040CD07035
:1091C000ECE700224B210DF101034FF02E0E674614
:1091D0004FF000094FF0000817F8014BB9FA89F673
:1091E000760904F0C005C02D324408D13D783244E0
:1091F00064F30D25471917F8014B4FF00109002CB6
:1092000063D0E543294409B2002900F1AD80013F54
:109210000133264617F8015F013E03F8015C35046F
:1092200003F10103F6D1B9F1000F08BF224403F89E
:1092300001EC08F101080137CEE79CF8000060441A
:1092400010F8011F084400F1010CA7E70CF1020E11
:1092500000234B220DF101014FF02E0C74464FF00C
:1092600000094FF0000800BF14F8015BB9FA89F754
:109270007F0905F0C006C02E3B4408D124783B444A
:1092800065F30D24044414F8015B4FF00109002D2F
:1092900061D0EE43324412B2002A6CD4013C013159
:1092A0002F4600BF14F8016F013F01F8016C3E0426
:1092B00001F10101F6D1B9F1000F08BF2B4401F80B
:1092C00001CC08F101080134CEE7B8F1000F04BF6A
:1092D0002E2103F8011B00211970511C48D0944421
:1092E00000224B210DF101034FF02E0E64464FF08A
:1092F00000094FF0000800BF14F8015BB9FA89F7C4
:109300007F0905F0C006C02E3A4408D124783A44BB
:1093100065F30D24044414F8015B4FF0010995B383
:10932000EE43314409B2002936D4013C01332F46C3
:1093300014F8016F013F03F8016C3E0403F10103CF
:10934000F6D1B9F1000F08BF2A4403F801EC08F187
:1093500001080134D0E7B8F1000F04BF2E2001F856
:10936000010B0020087008E04FF0FF32511CB6D10D
:109370004FF0000C12E74FF0FF33B3F1FF3C18BF82
:109380000EEB030C0AE7B8F1000F04BF2E2003F820
:10939000010B0020187001E04FF0FF32501C1ABF83
:1093A0000CEB020000F1140C4FF0000CF6E600008C
:1093B0002DE9F04393B0904640F2DC32C2F2000255
:1093C0001388C0000133013013801A0A88F80200A4
:1093D00000200DF1010488F80020A8F80300012204
:1093E000C8F80600A8F80A00204688F8013088F876
:1093F0000520F6F77DFFF6F73BFF814620462E213C
:10940000F6F72CFF4946002818BF011B8CB208F163
:109410000D0588F80C1044B3B0FA80F046090DF140
:10942000010700BF284639462246F6F70BFFF00732
:10943000254417D1601C1FFA89F10744A1EB0009EC
:1094400038462E21F6F70AFF4A46002818BFC21BED
:1094500094B2B0FA80F105F8012B002C4FEA5116B6
:10946000E0D102E0002005F8010BA5EB0800043074
:109470004FF0012100B2296013B0BDE8F083000075
:109480002DE9F04FA1B08346D0F8E00080B3DBF8BF
:10949000E00001282FDB0BF1E4064FF000090DF18D
:1094A000040AE8460025002407E000BFDBF8E000DE
:1094B0000134844206F1140622DAD6E900703169DB
:1094C0008022012908BF0D4651464346CDF8009041
:1094D000B84798B9009B002BE8D0E1B258465246F5
:1094E00000F01EF8C8B90098B1680844B060DDE724
:1094F0006FF03F070DE06FF03C0706E0074604E021
:109500000027002D08BF6FF03C0701A8802107F05D
:10951000EFFE384621B0BDE8F08F0746F9E70000BE
:109520002DE9F04391B01D4690460F46412B04466D
:109530000BD30DF10209404629464A46002309F0A3
:1095400081FC0646F8B94025C84620688DF842706F
:109550008DF8435030B904F10800002109F06CFD8A
:10956000064680B9012044F8080B0DF1420120465F
:10957000022209F011FE064628B9204641462A4635
:1095800009F00AFE06460DF10200402107F0B0FE88
:10959000304611B0BDE8F08342F64411C2F200013A
:1095A0000968002904BF0020704708608A69120713
:1095B000FCD4704713460A46022101F0D3BB0000D9
:1095C00010B501204FF4C471F6F7AAFE0446002836
:1095D0001CBF204601F0C0FB204610BD10B504465C
:1095E00001F0ACFB2046BDE8104012F061B800006D
:1095F0002DE9F04F82B011F80F3F4EF2F82B03F037
:109600000F0300EBC303C0F2010BD3E91065D3E9EC
:1096100030EC00230191009226E000BF4FEA1812BF
:1096200006F00F042F0700EBC20247EA16184FEAB4
:109630000E775BF8344047EA1519D2E93065D2E974
:1096400010A24FEA1E17240447EA0C7784EA1C1480
:10965000013B87EA060E84EA050C82EA090513F14C
:1096600010028AEA080626D00199002B11F803801F
:10967000D4D02C0706F00F0944EA161A4FEA0E76EA
:1096800046EA151108F00F0500EBC5054FEA1E1656
:109690005BF8394046EA0C7ED5E93067D5E91025FC
:1096A000240484EA1C148EEA060E84EA070C4D405A
:1096B00082EA0A06B2E700994FEA1C6008704FEA96
:1096C0001C4048704FEA1C2088704FEA1E600871E9
:1096D0004FEA1E4048714FEA1E208871280E08721A
:1096E000280C4872280A8872300E0873300C4873B0
:1096F000300A81F803C081F807E0CD728873CE7319
:1097000002B0BDE8F08F000040F2CC31C2F200019F
:109710000A7802704A7842708A788270C978C1707B
:109720007047000040F2D031C2F200010A780270A6
:109730004A7842708A788270C978C1707047000098
:1097400040F2D431C2F200010A7802704A784270C5
:109750008A788270C978C1707047000040F2D831B1
:10976000C2F200010A7802704A7842708A788270E8
:10977000C978C170704700002DE9F04F81B042F206
:10978000086142F2087201EB401102EB401040F216
:10979000F0164FEA11294FEA102A00225FFA81FBE6
:1097A000C2F20006C7B2009203E000BF00988045F5
:1097B00058D0B068804730698047F16900208847F9
:1097C000F16948468847F16958468847B06980473B
:1097D000716904468847F0688047B06880473069FF
:1097E0008047F16900208847F16950468847F16950
:1097F00038468847B0698047716905468847F068F0
:10980000804745EA0428B8F1000FCFD0B068804700
:1098100030698047F16900208847F16948468847E8
:10982000F16958468847B06980477169044688479E
:10983000F0688047B068804730698047F169002050
:109840008847F16950468847F16938468847B069CA
:109850008047716905468847F068804745EA0420DB
:109860000090A3E7009880B201B0BDE8F08F00003F
:109870002DE9F04F81B042F2080142F2081241EAAC
:10988000401102EB401040F2F0164FEA11294FEA66
:10989000102A00225FFA81FBC2F20006C7B20092D2
:1098A00003E000BF0098804558D0B0688047306919
:1098B0008047F16900208847F16948468847F16987
:1098C00058468847B0698047716904468847F06800
:1098D0008047B068804730698047F1690020884739
:1098E000F16950468847F16938468847B069804732
:1098F000716905468847F068804745EA0428B8F151
:10990000000FCFD0B068804730698047F1690020F0
:109910008847F16948468847F16958468847B069E1
:109920008047716904468847F0688047B06880477F
:1099300030698047F16900208847F16950468847BF
:10994000F16938468847B06980477169054688479C
:10995000F068804745EA04200090A3E7009880B2B1
:1099600001B0BDE8F08F0000002849F60070CFF686
:10997000FF701EBF002A116000207047002080F396
:109980001088FDF7A3FB0020FDF7EAFB0120FDF79F
:10999000E7FB4FF4E130FDF7C9FC4FF46120FDF720
:1099A00075FDFAF7D7FFFEF783F8FEF715FC00BF49
:1099B000FAF7DAFFFCE7000080B582B00DF1020192
:1099C0004FF410600622FEF751F942F69050C2F2B1
:1099D0000000026840F20111C0F20601116040F27D
:1099E000C831C2F2000109680B0E13710B0C5371E0
:1099F0000B0A93718023937240F2BC33C2F20003CE
:109A0000B3F800C093F803E0A2F81CC093F802C0BA
:109A1000D17182F81EC093F804C05B7900211181D6
:109A2000C2F80B10C2F80F10C2F81310C2F81710CA
:109A3000D17682F81FE082F820C082F821302122FE
:109A40000368134401322B2A5970F9D14FF0FF31CA
:109A5000002200BF03680B4401313F2983F82D2009
:109A6000F8D14FF0FF31002203680B4401317F2908
:109A700083F86D20F8D1006848F26321C6F25331B3
:109A8000C0F8EC1002B080BD2DE9F04385B08946E6
:109A900011071EBF6FF0210005B0BDE8F083DDE9BE
:109AA0000C671C4615468046B9F1000F22D085B9D7
:109AB0004BE000BF01F096FB38687968FA68BB6834
:109AC0001036103D07F11007E260A360616020606E
:109AD0003BD00020315C225C5140395401301028C9
:109AE000F8D1404639463A46B9F1010FE2D101F0CA
:109AF000C3FDE1E74DB300BF30687168F268B36839
:109B00000492CDE90213B9F1010F019040463146AC
:109B10003A4603D101F0B0FD02E000BF01F062FB64
:109B2000002000BF395C225C5140395401301028BC
:109B3000F8D101AB049A0BCB1036103D07F110079A
:109B4000E260A36061602060D6D1002005B0BDE86E
:109B5000F083000080B5012905D111461A4601F0B5
:109B60008BFD002080BD11461A4601F03BFB002012
:109B700080BD0000002814BF4FF48C71704707F0BF
:109B8000B7BB000080B54FF48C71F6F732FB80BD97
:109B90002DE9F04FC7B001AF0E46054638464FF4E9
:109BA0008C711446F6F725FB05F10800686038460D
:109BB0003146224600F06EF80446002861D1DDE906
:109BC00001C0C5F800C04FEA0C11415800EB0C125F
:109BD000A9605068BCF1020FE86090682861D16804
:109BE00005F118006961A2F110013DDB4BF66E032F
:109BF0004CF618694DF2182A4DF2186B4DF61828DC
:109C00000094C0F20103C0F20109C0F2010AC0F2DF
:109C1000010BC0F2010800BF002200BF8F58C7F33C
:109C20000725FEB29E5D5D5D59F826605AF8255005
:109C3000C7F307446E401D5D3F0EDF5D5BF82550A6
:109C400058F827706E40774087500432102AE5D1CB
:109C500001EB020EBCF1030FACF1010CAEF12001DF
:109C60001044D9DA009C01E002F1100E096801608D
:109C70005EF81C1C41605EF8181C81605EF8141CC4
:109C8000C16001A84FF48C7107F032FB204647B049
:109C9000BDE8F08F2DE9F047802A0AD0B2F5807F29
:109CA00009D0C02A1CBF6FF01F00BDE8F0870C234D
:109CB00002E00A2300E00E2300F1080C52090360C1
:109CC000C0F804C00BD0031D0239012A98BF01223D
:109CD000D1F802E0043143F804EF013AF8D100680A
:109CE0000A285ED00C2800F092800E281CBF0020AD
:109CF000BDE8F0874CF6F040C0F201004BF66E0E66
:109D0000A0F104086FF01F01C0F2010E0CEB01037B
:109D100058F8044F1D6ADA6B6C40C2F30725C2F392
:109D200007461EF805501EF806606C40150E84EAC2
:109D300006241EF805505E6A84EA0544D5B21EF872
:109D400005509F6A84EA0564DD6A1C6474405C64A3
:109D50007C406540EFB21E6B1EF80770C5F307200C
:109D60007E401EF80000C5F3074786EA00201EF873
:109D700007609C642C0E80EA06401EF804402031E7
:109D800080EA04605C6B186560409C6B58656040BD
:109D900098655040C029DD64D865B7D10020BDE882
:109DA000F0874CF6F040C0F201004BF66E0E04381E
:109DB0006FF00F01C0F2010E0CEB010350F8042FFD
:109DC0001C69DD696240C5F30724C5F307461EF828
:109DD00004401EF8066062402C0E82EA06221EF83D
:109DE00004405E6982EA0442ECB21EF8044010317D
:109DF00082EA04629C695640744065409029C3E938
:109E000008269C62DD62D7D10020BDE8F0874CF6C1
:109E1000F040C0F201004BF66E0EA0F1040A6FF0A4
:109E20001701C0F2010E00BF0CEB01035AF8046FDA
:109E30009D69DC6A6E40C4F30725C4F307421EF82F
:109E400005501EF80220754085EA0222250E1EF8F4
:109E50000550DE6982EA0542E5B21EF805501F6A28
:109E600082EA0562D3F8248056407740D3F82890E0
:109E700088EA070589EA05001831444003F13008F3
:109E8000A82988E8C400C3E90F505C64CCD1002045
:109E9000BDE8F087F0B581B0054600680F46091AA5
:109EA0001C46012916460BDB017830290DD1013003
:109EB00028606A462846394600F0E8F818B908E0F4
:109EC0006FF05F0028B101B0F0BD6FF061000028B5
:109ED000F9D12868391A012914DB01783246009B30
:109EE00042F8041B012B00EB03070FDB0178062966
:109EF00011D1013028602846394600F0C7F8002803
:109F0000E1D10CE06FF05F0001B0F0BD6FF05F00D9
:109F10000028D8D103E06FF061000028D3D1286871
:109F2000B060706829680844B842286017D010F8FB
:109F3000011B224642F8041B39462860284600F0DF
:109F4000A5F80028BFD12868A06060682968084487
:109F50002860C01B18BF6FF0650001B0F0BD20463F
:109F60000C2107F0C5F9002001B0F0BD70B5044622
:109F700000680D46091A012916460ADB01780329F3
:109F80000AD10130206020462946324600F07EF892
:109F900004E06FF05F0001E06FF06100002818BF7F
:109FA00070BD3068002804BF6FF05F0070BD0138DD
:109FB000216830600A78072A327184BF6FF063002D
:109FC00070BD01312160B160216808442060401BF0
:109FD00018BF6FF0650070BDB0B504460068154647
:109FE0000B1A012B09DB0278032A09D1013020600A
:109FF00020462A4600F04AF804E06FF05F0001E0D6
:10A000006FF06100002818BFB0BD286820B1411E64
:10A0100020682960017811B16FF06700B0BD013090
:10A0200020600020B0BD0000B0B582B004460068DA
:10A0300015460B1A012B0ADB0278012A0CD10130DC
:10A04000206001AA204600F021F818B908E06FF05E
:10A050005F0028B102B0B0BD6FF061000028F9D1F7
:10A06000019801281EBF6FF0630002B0B0BD2068E8
:10A0700010F8011B002918BF012129602060002071
:10A0800002B0B0BD13460222FEF7C4B910B5046891
:10A09000A1EB040CBCF1010FBCBF6FF05F0010BD61
:10A0A00094F90030002B04D4631C03602378136000
:10A0B00038E003F07F03A3F1010EBEF1030F84BF6C
:10A0C0006FF0630010BDDFE80EF002210918BCF14B
:10A0D000020F1EDB63781360A31C22E0BCF1040FA7
:10A0E00017DBA37894F801C01B0294F803E043EA5D
:10A0F0000C4373441360231D13E0BCF1050F08DB10
:10A10000D4F801301BBA1360631D0AE0BCF1030FE1
:10A1100002DA6FF05F0010BDB4F801305BBA136073
:10A12000E31C036000681268091A00208A4288BF95
:10A130006FF05F0010BD00002DE9F04F81B00446C4
:10A140000020C2E90000C2E9020020688A46091A1C
:10A15000164601291F460BDB017830290CD101304E
:10A1600020606A4620465146FFF790FF38B909E063
:10A170006FF05F0018B905E06FF0610010B101B039
:10A18000BDE8F08F20680099084450451EBF6FF06D
:10A19000650001B0BDE8F08F5FFA87F9E84600BFBF
:10A1A0002068504533D2411C216005784D4517D1B8
:10A1B000204651464246FFF769FF98B9B068D4F887
:10A1C00000B0DDF8008090B101201021F6F7A8F86A
:10A1D0000146F06060B96FF0690000220DE000BF39
:10A1E0006FF06100002100290746D9D1C7E7314649
:10A1F00081E82009002001220E46E846002AF1D01D
:10A20000009821680844206001213846EBE70020CF
:10A2100001B0BDE8F08F000080B5D0F800C0A1EB20
:10A220000C0EBEF1010FBCBF6FF05F0080BD9CF84B
:10A2300000E09E451CBF6FF0610080BD0CF1010382
:10A240000360BDE88040FFF721BF00002DE9F04327
:10A2500087B004686478062C49F60054CFF6FF7482
:10A2600018D194460A460DF1480EDDE91018DDE9D3
:10A270000E579EE84042C06B31608DE8284263462D
:10A280000497CDF8148000F067FC10F1120118BF9C
:10A29000044601E004F52074204607B0BDE8F083D1
:10A2A0002DE9F04188B0D0F800C09CF801C0BCF1A5
:10A2B000060F19D18C46DDE91381DDE911650DF139
:10A2C000380EC06B9EE89040C5F800E08DE89C0019
:10A2D000CDE90461012172466346CDF8188000F093
:10A2E0007BFC08B0BDE8F08149F68070CFF6FF70C6
:10A2F00008B0BDE8F08100002DE9F04182B00768A8
:10A3000049F6007598460446CFF6FF7577B11646B4
:10A31000102A04D905F18000002151B117E0387CE2
:10A32000C00709D1F868B042064605D90021284681
:10A3300069B902B0BDE8F0812EB104F128003246BF
:10A34000F5F730FFA663002001210029F1D0002F8E
:10A350001CBF00256562002F2846EAD0DDE90826EB
:10A360000A9D204641463346009500F043F90028F7
:10A37000DFD1286801AA3118204600F00BF8002828
:10A38000D7D10198296808442860002002B0BDE8B0
:10A39000F0810000F0B583B00368064649F68050AE
:10A3A000CFF6FF70ABB10F4659781446CA1ED2B231
:10A3B0000025072A256004D25F2525FA02F2D2077C
:10A3C00015D11A7802F0FE02482A06D1002003B007
:10A3D000F0BD00F5C07003B0F0BD02290AD001291C
:10A3E00019D1716A002908BF084603B0F0BD0020EA
:10A3F00003B0F0BD317A012911D1D6F80CC0BCF1FF
:10A40000000FEED0B16B06F11400002908BFD96827
:10A41000726AE04707E000F5007003B0F0BD5A69CA
:10A42000716A8A421CD13268317A906949B2D0F897
:10A4300008C0F06B002A14BF5269002206F12803FD
:10A4400006F1140500950197E0470028D0D1307A35
:10A4500048B13068002814BF406900202060B5E78B
:10A46000F2681143BFE730683369002814BF4169BF
:10A4700000213846224603B0BDE8F04018470000EE
:10A48000002808BF704710B50446C06B18B121689A
:10A4900089698969884720464021BDE8104006F057
:10A4A00027BF00004EF27832C0F20102516859B164
:10A4B0001378834206D00832516829B112F8083B5C
:10A4C0008342F9D1084670470020704780B54EF2AC
:10A4D0007833C0F20103D3F804C0BCF1000F04BF0D
:10A4E000002080BD03F10C0E05E000BF5EF808CB34
:10A4F000BCF1000F0ED0DCF818301B788342F5D188
:10A50000DCF804308B42F1D19CF801309342EDD15C
:10A51000604680BD4FF0000C604680BD80B5402194
:10A52000F5F767FE80BD00000368024649F600703B
:10A53000002BCFF6FF7008BF70475B78022B0AD163
:10A5400004291CBF8030704749F669110020C0F211
:10A550000001C2E90301704780B5D0F800C0BCF12A
:10A56000000F1CD09CF810E05FEA8E7E03D4DCF86C
:10A5700004E0964513D1012B4260037206D09CF88B
:10A5800001E0AEF1030EBEF1020F07D8DCF818307F
:10A590000C33C06B1B68BDE88040184723B149F6F7
:10A5A0000070CFF6FF7080BDDCF818301033F0E794
:10A5B00070B549F680640029CFF6FF7404BF04F13A
:10A5C000800070BD0E4640210546F5F712FEB069C9
:10A5D00040698047E86350B1707800242E600228FB
:10A5E00002BF49F66910C0F20000C5E903402046E9
:10A5F00070BD00002DE9F04F83B098460368054612
:10A6000049F60070002BCFF6FF7000F0BE80DDF839
:10A6100030A00E460021CAF800105C69D4B1597808
:10A62000174606291BD0012924D1BC421EBFA0F524
:10A63000C07003B0BDE8F08F986995F90810D0F8A4
:10A6400004C0E86B32464346CAF8007003B0BDE868
:10A65000F04F6047A0F5207003B0BDE8F08FE86BC5
:10A66000394632464346CAF8007003B0BDE8F04FA1
:10A6700000F0B8BC464559D002291EBF803003B057
:10A68000BDE8F08F287A60B9E96819B1696A611A82
:10A69000B9420CD228B9E96819B9696A611AB94294
:10A6A00005D801280ED1686A201AB8420AD9686A0A
:10A6B0003146284414303A46F5F774FD686A384448
:10A6C000686265E0686A20B3A4EB000905F1140B29
:10A6D000584431464A46F5F765FD286805F12803D8
:10A6E0008169E86BD1F808C095F908102246CDF8C9
:10A6F00000B0CDF80480E047002846D1DAF8000029
:10A70000A0442044CAF8000000204E44A7EB0907EB
:10A7100068629FB1B7FBF4F000FB1479B9F1000F48
:10A7200013D1287A60B14FF000090EE06A6A62BB6B
:10A73000B7FBF4F202FB14723ABB9DE700240FE072
:10A74000E868002808BF0446A146A7EB090405F104
:10A75000140031194A46F5F725FD686A48446862D5
:10A76000B4B1286805F128038169E86B8F6895F911
:10A77000081022460096CDF80480B84728B9DAF8C8
:10A7800000002044CAF80000002003B0BDE8F08FAC
:10A79000002003B0BDE8F08F002808BF704710B557
:10A7A00004462030FFF7E6F920464FF4A071BDE8DB
:10A7B000104006F09DBD000010B54FF4A071044696
:10A7C000F5F717FD4FF0FF30206110BD80B582B066
:10A7D0004FF0000C0023CDF800C000F003F802B0E9
:10A7E00080BD00002DE9F04391B0B2F5806F02D931
:10A7F0006FF0350765E0189FB7F5807F02D96FF0DD
:10A8000037075EE00E46044605A8302198461546F7
:10A81000F5F7EFFC2069E169884201DC606948B125
:10A82000204641463A46002300F050F807460028EB
:10A8300047D1002767B105A841463A46FDF7CAFE51
:10A840000746B0BB05A92046FEF7B8FA074680BB0D
:10A850001DB304F120080DF1040900BF0F2000BF53
:10A86000411C07D0215C0131CAB221548A42A0F1B7
:10A870000100F5D14046012122464B46FFF76AF917
:10A88000B0B92F46102D28BF1027304649463A460A
:10A89000F5F788FCED1B3E44E0D105A92046FEF704
:10A8A0008DFA074628B9206900270130206100E0B1
:10A8B000074605A8302106F01BFD01A8102106F06F
:10A8C00017FD384611B0BDE8F08300002DE9F04FC8
:10A8D000E1B08569B5F5C07F02D96FF037064BE06E
:10A8E0000446C5F5C0701F4698426FF0370643D343
:10A8F000C01B934690423FD30DF104098A46484657
:10A900004FF4C071F5F775FCD4E94E3049462A463C
:10A91000984710B16FF033062EE0D4F818804FB18D
:10A92000D4E94E3001A93A46984710B16FF033068A
:10A9300022E0B844BAF1000F18BFBBF1000F06D0F7
:10A9400009EB080051465A46F5F72CFCD84401A8FB
:10A9500001464246FDF73EFE064640B901A92046A3
:10A96000FEF72CFA064610B901200026206101A846
:10A970004FF4C07106F0BCFC304661B0BDE8F08F0A
:10A980002DE9F04188B00546002005F12006CDE90B
:10A990000600CDE90400CDE90200CDE90000304613
:10A9A000984617460C46FFF7EDF8A869C5F83841F8
:10A9B0000028C5F83C7104BF3020A8612F69B7F1A9
:10A9C000FF3F05DCA869411C4F082F2888BF0027DE
:10A9D00042F21070E861694630464FF48072FFF72A
:10A9E00059F910B108B0BDE8F0810E9A28464146E9
:10A9F0003B46FFF76BFF08B0BDE8F081B0B50446F9
:10AA0000083008F013FA002504F1E4004FF4C8718F
:10AA1000C4F8E05006F06CFC2560B0BD2DE9F04FA5
:10AA200091B0402A02D96FF03B076BE09246804616
:10AA300000F1D80B002440F2011900914C4559D087
:10AA40004046FEF71DFD002857D1D8F8E020012A26
:10AA500010DB012100205B4653F8147FD3E9015637
:10AA6000AF4238BF0021012E08BF3844013AF3D16C
:10AA700002E000BF00200121002904F10104DDD023
:10AA80004028DBD301AF38464021F5F7B2FB08F18F
:10AA900008094846394608F08FF8074670BB484613
:10AAA00008F0C4F9484608F0C7F94846002108F004
:10AAB000C3FA074610BB01A94846402208F06CFBC8
:10AAC0000746D8B901A840210246002308F0BAF988
:10AAD000074698B9D8F8E000012804DB00214BF8BC
:10AAE000141F0138FBD1009801A95246F5F75AFB13
:10AAF000002703E06FF03B0700E0074601A8402174
:10AB000006F0F6FB384611B0BDE8F08F70B504468C
:10AB1000E03000264FF4CA71266004F10805F5F70D
:10AB200068FB284608F088F9D4F8E0001328C8BF6D
:10AB300070BD00EB80014BF2F50204EB8101C0F225
:10AB40000002C1E93926202201230130C1E93C235A
:10AB5000C4F8E00070BD00002DE9F04186B00C465D
:10AB6000DDE90C15DDF844800F9E009100210746B9
:10AB7000019500F093F930B9109A384621464346C2
:10AB800000F030FA18B148B106B0BDE8F08102A972
:10AB90003846324600F046F80028F5D1C6B10E9985
:10ABA00002A801384A1E002112F8013F10F8017F67
:10ABB000013E83EA070341EA0301F5D141B1404672
:10ABC000214606F095FB6FF0110006B0BDE8F0815C
:10ABD000002006B0BDE8F0812DE9F04F83B01F469C
:10ABE0009246DDE90C320DF1380B9BE83008DDE9C7
:10ABF000118900923A460646019400F04FF930B9A7
:10AC0000304651462A465B4600F0ECF910B103B0DD
:10AC1000BDE8F08F30464946424603B0BDE8F04FEC
:10AC2000AFF300802DE9F04784B08846A2F111010E
:10AC300011F10D0F3EBF6FF0130004B0BDE8F087B7
:10AC4000064606F5A27314460ECBD0F84001C900A3
:10AC500041EA507A4FEAC009D80040EA5275D7005D
:10AC600006F5A87140462246F5F79CFA49EA070026
:10AC70004AEA050108434FF0000057D0CDE9000033
:10AC8000CDE90200280E8DF80000280C8DF8010097
:10AC9000280A8DF80200380E8DF80400380C8DF863
:10ACA0000500380A8DF806004FEA1A608DF8080092
:10ACB0004FEA1A408DF809004FEA1A208DF80A0071
:10ACC0004FEA19608DF80C004FEA19408DF80D001D
:10ACD0004FEA19208DF80E00684601384FF4B8711C
:10ACE0008DF803508DF807708DF80BA08DF80F903C
:10ACF00010F8012F735C5A4072540131B1F5C07FD6
:10AD0000F6D106F5B87130460A46FEF771FC84B1FB
:10AD1000A8F1010006F26F1111F8012F10F8013FA0
:10AD2000013C82EA03020270F6D1002004B0BDE8C3
:10AD3000F087002004B0BDE8F0870000002808BFBD
:10AD4000704710B50446FFF79BFB20464FF4C471D3
:10AD5000BDE8104006F0CCBA80B54FF4C471F5F7E9
:10AD600048FA80BD2DE9F04786B016468046084671
:10AD7000194601221D46FFF7A9FB70B1074640693D
:10AD800010280AD14046FFF77BFB40463946FFF7C3
:10AD90000FFC38B106B0BDE8F0876FF0130006B0C5
:10ADA000BDE8F087404631462A460123FFF7D4FB31
:10ADB0000028EFD102A9002501AF404610220B4622
:10ADC000CDE90155CDE9035505950097FFF712FC34
:10ADD0000028DFD1C6464EF8405F02AE4BCEF446A7
:10ADE0004CF8805F07BA0ABA1BBA36BACEF884505C
:10ADF000CEF804500425CEE91063CEE9302700BF19
:10AE000006F00100D907404241EA5606D10741EA5F
:10AE100053035FEA570100F0614008EBC5044FEAB5
:10AE2000320280EA01076D08C4E91063C4E93027E3
:10AE3000E6D1A8F108084FF0020900BF0EEBC900E7
:10AE40000CEBC901446802205CF839A04E685EF83A
:10AE50003950B9F1020F88BF4846414208EBC9009A
:10AE6000424600BFD2E93437013183EA0A03774012
:10AE7000C0E93437D2E9143708326B406740C0E983
:10AE8000143708304B1CEDD14FEA4909B9F1090FCD
:10AE9000D4D3002006B0BDE8F08700002DE9F047CC
:10AEA00086B082460020019013B31D4616460AF56F
:10AEB000B0790C2BCAE95800CAE95A00CAE95C000B
:10AEC000CAE95E00CAF88011CAE95000CAF8480110
:10AED000CAF84C0111D13068B1687268C9F8000035
:10AEE0000120C9F80810C9F804208AF86F013FE072
:10AEF0006FF0130006B0BDE8F08700200490CDE9A4
:10AF00000200E80000BA0AF25F18059008E000BFEE
:10AF1000504649464A46FEF76BFBED1B3E4413D0B4
:10AF2000102D2F4628BF1027002FF1D0701E41464C
:10AF30003A4600BF10F8013F11F8014F013A83EA89
:10AF400004030B70F6D1E3E702A801384FF4B071A7
:10AF500010F8012F1AF801305A400AF80120013187
:10AF6000B1F5B87FF4D1504649464A46FEF740FB5A
:10AF70000AF5A87301AF5046494610220097FFF723
:10AF800039FB10B106B0BDE8F0870F9D0020002D01
:10AF9000CAE95250F6D00E9F0AF5B8790AF26F1836
:10AFA00008E000BF504649464A46FEF721FBAD1B6C
:10AFB000374413D0102D2E4628BF1026002EF1D076
:10AFC000781E4146324600BF10F8013F11F8014F8C
:10AFD000013A83EA04030B70F6D1E3E7002006B0E0
:10AFE000BDE8F0872DE9F04F89B09A469046894632
:10AFF00007460020991A049006D949453EBF6FF0D4
:10B00000130009B0BDE8F08FD7E9501211EB090128
:10B0100052F1000250F100006FF0130066D16FF0A2
:10B020001F035B1A4FF00F0393415FD3B9F1000F79
:10B03000C7E9501255D007F5B070029007F5B87007
:10B04000039009E0039938460A46FEF7D1FAB9EBB6
:10B050000B09D844DA4448D04FF0100B0020B9F166
:10B06000100F38BFCB4600BF00F110010D2909D3E6
:10B07000391891F86F2101380132D3B2934281F827
:10B080006F21F1D102993846102205AB04AE00962B
:10B09000FFF7B0FA50BBBBF1000FD3D0039805A95E
:10B0A000424653465C4609E0013C03F1010302F1CC
:10B0B000010201F1010100F10100C3D0D7F8805174
:10B0C0001DB9157806786E4006700E7815787540B3
:10B0D0001D70D7F88061012EE6D106786E400670AB
:10B0E000E2E7002009B0BDE8F08F002009B0BDE81C
:10B0F000F08F000070B51C4616460D46F5F740F877
:10B100000021042E216008D300EB80004FF47A71F7
:10B1100001EB8000286004202060002070BD00004A
:10B120002DE9F043904224BF4FF0FF30BDE8F0839B
:10B13000002A4FF0000C4FF000030AD44FF00046F5
:10B140001E2B03F1010304D802EA56057608002DF0
:10B15000F6D002FA03FE00FA03F8C3F1200021FA48
:10B1600000F001FA03F54FEA1E41002BC8BF48EA80
:10B170000008B8FBF1F01FFA8EF21FFA85F901FB07
:10B1800010862D0C06E000BF0E44B6F5803FA0F1FE
:10B19000010008D2BCEB104FF6D100FB02F745EAE4
:10B1A0000644A742F0D800FB1E57002607EB0847CD
:10B1B000B7FBF1F404FB117506E000BF0D44B5F5D3
:10B1C000803FA4F1010408D2B6EB144FF6D104FB82
:10B1D00002F749EA05439F42F0D804EB0040BDE87E
:10B1E000F08300002DE9F04F97B00B684768159386
:10B1F0003E684D6873407E68CDE9145307F108033B
:10B20000169385EA06038E68BD68CDE9136307F1DE
:10B210000C03C968169386EA0503CDE91213FB688F
:10B2200000684CF618654DF218294DF218664DF677
:10B23000182807F1100A59400428C0F20105C0F28D
:10B240000109C0F20106C0F201080C92CDF858A025
:10B250001291C0F2EF80012101EB600B1598129B57
:10B260004CF6186EC4B2C0F2010EDAF800105EF8A7
:10B270002440C3F307254DF21829C0F201094C40C0
:10B2800059F8255013996540C1F30746149C4DF2B7
:10B2900018687246C0F201084DF6182E58F826605C
:10B2A000270EC0F2010E5EF8277075407D401195A3
:10B2B000E7B2DAF8046052F82770C0F3072C4DF2B9
:10B2C000182E9146C0F2010EC3F307427E405EF88D
:10B2D0002C7058F822204DF6182877400E0EC0F238
:10B2E000010858F826607A4082EA060CCDF840C082
:10B2F000CFB2DAF8082059F82770C4F307267A404D
:10B300005EF82660C0F307474DF21869C0F20109E4
:10B31000724059F827601F0E58F827707240574046
:10B320004CF618660F97DBB2C0F20106DAF80C2073
:10B3300056F82330C1F307215A405EF82110C4F3B8
:10B340000743514059F82320000E58F8200051407F
:10B3500048400E90EAB2DAF8101056F82220C0F3F6
:10B36000072351405EF82320C7F30743514059F8A3
:10B3700023204FEA1C6358F823305140594015915F
:10B380005FFA8CF2DAF8141056F82220C5F307237E
:10B3900051405EF82320C0F30743514059F8232061
:10B3A0003B0E58F82330514059401491FAB2DAF864
:10B3B000181056F82220CCF3072351405EF82320C2
:10B3C000C5F30743514059F82320030E58F82330A2
:10B3D000514059401391C0B2DAF81C2056F82000B1
:10B3E000C7F3072350405EF82320CCF307435040B7
:10B3F00059F823202B0E58F823300AF12001504031
:10B40000ABF1010B5840BBF1020F8A4612903FF797
:10B4100025AF4DF618284DF218294DF218664CF656
:10B4200018658A46C0F20108C0F20109C0F201069F
:10B43000C0F20105DDF854E0DAE9002B5FFA8EF086
:10B4400055F8201012984A40C0F30727139959F86D
:10B450002770C1F307447A40149F56F824403B0EEE
:10B4600058F8233062405A400D92FAB2CEF30723C7
:10B4700055F8222059F82330C0F3074482EA0B0222
:10B480005A4056F824300C0E58F824405A4082EAAC
:10B49000040BCAB2C7F30723DAF808C055F8222014
:10B4A00059F82330CEF3074482EA0C025A4056F88A
:10B4B0002430C1F307215A40030E58F82330C0B29C
:10B4C000DAF80C4055F8200082EA0305C7F307427A
:10B4D00059F82110604056F8222048404FEA1E617A
:10B4E0000D9B58F821104CF618575040DEB2C0F2B0
:10B4F0000107DAF81020BE5D80EA010CCCF30721C9
:10B5000082EA06000B90C5F30742785CEEB2099020
:10B51000B85CDAF81840BE5D0A9084EA060008902C
:10B52000CCF307405FFA8BF2385C4FEA1B68DAF81D
:10B530001410BA5C01905846CDF81CB0CBF3072B21
:10B54000A94681EA0205C3F3074117F80B20795C8D
:10B550000292C9F307220391C0F30741B85C5FFA76
:10B560008CF60490785CDAF81C400590180EBE5DED
:10B57000385C7440C3F3072606900B9809990C9B1E
:10B580004FEA196E4FEA1C6B17F80880BE5D17F87A
:10B590000EE017F80BB080EA012718700A9801999D
:10B5A00087EA00403F0A5F7080EA0867000C9870E5
:10B5B000380ED87085EA06201D7180EA0142000A23
:10B5C000587182EA0E60120C9A71020EDA710899B3
:10B5D000029A197281EA022203991C7382EA0146D7
:10B5E000120A5A7286EA0B62360C04999E72160E83
:10B5F000DE7284EA0121059ECDE9132081EA064628
:10B60000090A597306990AF1200086EA0161360C8D
:10B610009E730E0EDE730D9B16901193079B129175
:10B6200015A804211093CDE90EC9159705F060FE09
:10B6300014A8042105F05CFE13A8042105F058FEAF
:10B6400012A8042105F054FE11A8042105F050FEB3
:10B6500010A8042105F04CFE0FA8042105F048FEB7
:10B660000EA8042105F044FE16A8042105F040FEB2
:10B67000002017B0BDE8F08F2DE9F04F95B00B68B2
:10B68000476813933E684D6873407E68CDE9125356
:10B6900007F10803149385EA06038E68BD68CDE9B7
:10B6A000116307F10C03C968149386EA0503CDE919
:10B6B0001013FB6800684BF670164BF670584CF28E
:10B6C00070194CF2705E07F1100A59400428C0F25C
:10B6D0000106C0F20108C0F20109C0F2010E099290
:10B6E000CDF850A01091C0F2F880012101EB600B61
:10B6F0001398129B4BF6701EC4B2C0F2010EDAF81A
:10B7000000105EF82440C3F307254BF67059C0F2D1
:10B7100001094C4059F8255011996540C1F307467D
:10B72000109C4CF270187246C0F201084CF2705E28
:10B7300058F82660270EC0F2010E5EF8277075409B
:10B740007D400F95DFB2DAF8046052F82770C1F33C
:10B75000072C4BF6705E9146C0F2010EC4F307420F
:10B760007E405EF82C7058F822204CF270587740DA
:10B77000060EC0F2010858F826607A4082EA060CEC
:10B78000CDF838C0CFB2C4F30726DAF8082059F84C
:10B7900027705EF826607A40C0F3074772404CF28B
:10B7A0007016C0F2010656F827601F0E58F8277071
:10B7B0007240C14657404BF670180D97E4B2C0F284
:10B7C0000108DAF80C2058F82440C0F30720624042
:10B7D0005EF82000C3F307434CF27014C0F201047A
:10B7E000504054F82320090E59F821105040484089
:10B7F0000C90EAB2DAF8101058F82220CCF30723A4
:10B8000051405EF82320C7F307434E46514054F899
:10B810002320030E56F8233051405940C14613915E
:10B820005FFA8CF2DAF8141059F82220C7F30723D4
:10B8300051405EF82320C0F30743A046514058F81A
:10B8400023202B0E56F82330514059401291FAB262
:10B85000DAF8181059F82220C0F3072351405EF897
:10B860002320C5F30743514058F823204FEA1C63B7
:10B8700056F82330514059401191C0B2DAF81C20DB
:10B8800059F82000C5F3072350405EF82320CCF37D
:10B890000743504058F823203B0E56F823300AF156
:10B8A00020015040ABF1010B5840BBF1020F8A461A
:10B8B0004C4610903FF71CAF4CF2705E4BF6705840
:10B8C0004CF270194BF670168A46C0F2010EC0F2A7
:10B8D0000108C0F20109C0F20106DDF84CB0DAE956
:10B8E00000275FFA8BF056F8201012984A40C0F3F8
:10B8F0000723119958F82330C1F307455A40109B8C
:10B9000059F825501C0E5EF824406A4062400B92A4
:10B91000C2B2C1F3072456F8222058F82440C3F3DA
:10B9200007457A40624059F825404FEA1B655EF8AA
:10B93000255062406A400A92CAB2C3F30724DAF87B
:10B9400008C056F8222058F82470CBF3074482EA46
:10B950000C027A4059F82470DBB27A40070E5EF888
:10B960002770DAF80C4082EA0705CBF3072756F870
:10B970002330C0F3074058F8277063400B9A59F8FA
:10B9800020007B404BF66E07090ED6B2C0F20107CD
:10B9900058405EF82110DAF81030BE5D80EA010CE4
:10B9A00083EA060008900A98EEB2C0F30721C5F3B7
:10B9B0000743795CDAF81840BE5D0691F95CC3B2C2
:10B9C000834684EA06000590CCF307400791DAF835
:10B9D0001410FB5C17F80090CCF307204B40C2F327
:10B9E0000741385C4FEA126E0190785CC2F3072180
:10B9F00002905846C0F307425FFA8CF6B85CDAF85A
:10BA00001C400390280EBE5D385C7440C5F30726C9
:10BA100004900898069A4FEA1C684FEA1B6B17F8C7
:10BA20000880BE5D17F80EE017F80BB0795C80EA6D
:10BA30000227099A84EA012110700798137187EA96
:10BA400000403F0A577080EA0867000C9070380E7B
:10BA5000D07083EA0620059E80EA0943000A5071EF
:10BA600083EA0E601B0C9371030ED371019B167257
:10BA700086EA0323029E147383EA06461B0A537266
:10BA800086EA0B63360C96721E0ED672039ECDE9C3
:10BA9000113081EA0646090A517304990AF120001F
:10BAA00086EA0161360C96730E0ED6730B9A1490CB
:10BAB0000F920A9A109113A804210E92CDE90CC599
:10BAC000139705F015FC12A8042105F011FC11A82C
:10BAD000042105F00DFC10A8042105F009FC0FA8B5
:10BAE000042105F005FC0EA8042105F001FC0DA8B9
:10BAF000042105F0FDFB0CA8042105F0F9FB14A8B6
:10BB0000042105F0F5FB002015B0BDE8F08F000022
:10BB10002DE9F04F94B000F10C038C460C684D6891
:10BB2000D1F80880D1F80CE00ECB0790876883EA43
:10BB30000200084058401E460A93E31918444AF28E
:10BB40007843CDF26A73184401EB706082EA010316
:10BB500003400B975340AF193B444BF25677CEF658
:10BB6000C7073B4400EB335380EA01071F404F40B7
:10BB700008EB0206374447F2DB06C2F220463744A0
:10BB800003EBF73783EA00063E40AA460E9546408F
:10BB90000EEB01052E444CF6EE65CCF2BD152E449D
:10BBA00007EBB625089187EA0306DCF810102E4053
:10BBB0005E400844304440F6AF76CFF27C563044C5
:10BBC00005EB7060099285EA0706DCF814201091F5
:10BBD00000EA0601794013444CF22A660B44C4F291
:10BBE0008776334400EB33530D9280EA0506DCF888
:10BBF000182003EA06016940174444F213660F4413
:10BC0000CAF63006374403EBF73683EA0007DCF860
:10BC10001C10374047400D442F4449F20155CFF6E0
:10BC200046552F4406EBB725049186EA0307DCF856
:10BC30002010CDF844E005EA070E8EEA030E084412
:10BC400049F6D8077044C6F68017384405EB706093
:10BC50000F9185EA0607DCF82410074077400B4473
:10BC60003B444FF2AF77C8F644373B4400EB3357C1
:10BC7000139180EA0503DCF828103B406B400E442A
:10BC800033444AF24F469B1BCDF8188088460091FA
:10BC900007EBF331A14602941446059287EA0003AC
:10BCA000DCF82C200B40434015442B444DF2BE756C
:10BCB000C8F65C152B441646129201EBB32281EABA
:10BCC000070302EA0305DCF830307D4018442844BD
:10BCD00041F22215C6F69035284402EB706082EAE4
:10BCE0000105019300EA0503DCF834504B402F4472
:10BCF0003B4447F29317CFF698573B4400EB33533E
:10BD000080EA0207DCF838B003EA070E0C958EEAE9
:10BD1000020E594444F28E357144CAF279652944C1
:10BD200003EBF13583EA0001DCF83C702940414027
:10BD30003A44114440F62102C4F6B412114405EB12
:10BD4000B121504481EA05021A406A40104442F28F
:10BD50006252CFF21E62104401EBF060234480EA8D
:10BD600001022A404A401A444BF24033CCF24003CD
:10BD70001A4400EBF252354482EA00030B40434080
:10BD80002B4445F65125C2F25E652B4402EBB343CA
:10BD9000494483EA02050540554029444CF2AA75FE
:10BDA000CEF6B615294403EB3131DDF834E081EAF3
:10BDB000030515405D407044284441F25D05CDF215
:10BDC0002F65284401EBF060424480EA01051D40E4
:10BDD0004D402A4441F25345C0F244252A4400EB29
:10BDE000F2523B4482EA00050D4045402B444EF29E
:10BDF0008165CDF6A1052B4402EBB343DDF840800D
:10BE000083EA020505405540414429444FF6C835B0
:10BE1000CEF2D375294403EB3131039781EA030550
:10BE2000139F15405D40384428444CF6E655C2F255
:10BE3000E115284401EBF0605A4480EA01051D40F9
:10BE40004D402A4440F2D675CCF237352A4400EBF7
:10BE5000F252119F82EA00050D4045403B442B44BD
:10BE600040F68755CFF2D5452B4402EBB3430F9CE8
:10BE700083EA0205054055402144294441F2ED453D
:10BE8000C4F25A55294403EB3131DDF830C081EA60
:10BE9000030515405D40604428444EF60515CAF67A
:10BEA000E315284401EBF060DDF8189080EA010505
:10BEB0001D404D404A442A444AF2F835CFF6EF453A
:10BEC0002A4400EBF252049F82EA00050D404540EF
:10BED0003B442B4440F2D925C6F26F752B4402EB4C
:10BEE000B343DDF804A083EA020505EA00065640E4
:10BEF0005144314444F68A46C8F62A56314403EB8D
:10BF00003131704485EA0106304443F64216CFF6DB
:10BF1000FA76304401EB307081EA03064640224451
:10BF200032444FF28166C8F27176324400EB7252AD
:10BF3000129D80EA010656402B44334446F22216F5
:10BF4000C6F69D56334402EB334382EA00065E4058
:10BF50005944314443F60C06CFF6E556314403EB21
:10BF600071210E9D83EA02064E40284430444EF66D
:10BF70004426CAF2BE46304401EB307081EA030623
:10BF80004640424432444CF6A976C4F6DE3632448A
:10BF900000EB725280EA010656403B44334444F6BB
:10BFA0006036CFF2BB66334402EB3343009D82EA36
:10BFB00000065E40294431444BF67046CBF6BF661E
:10BFC000314403EB712183EA02064E406044304461
:10BFD00047F6C666C2F69B06304401EB3070DDF8CA
:10BFE00008C081EA030646406244324442F2FA76CF
:10BFF000CEF6A126324400EB7252DDF844E080EA2E
:10C00000010656407344334443F28506CDF2EF46B1
:10C01000334402EB3343DDF8148082EA00065E40CD
:10C020004144314441F60556C0F28846314403EBA1
:10C030007121139C83EA02064E40204430444DF2A5
:10C040003906CDF6D416304401EB307081EA030690
:10C0500046405244324449F6E516CEF2DB6632449D
:10C06000544600EB7252DDF80CA080EA01065640FF
:10C070005344334447F6F846C1F6A276334402EB04
:10C08000334382EA00065E404944314445F2656626
:10C09000CCF2AC46314403EB7121604461EA020604
:10C0A0005E40304442F24426CFF22946304401EB50
:10C0B000B0603A4460EA03064E4032444FF6977649
:10C0C000C4F22A36324400EBB2525B4462EA010702
:10C0D00047403B4442F2A737CAF694373B4402EB51
:10C0E00073430D9F394463EA0007574039444AF2CD
:10C0F0003907CFF69347394403EBF121204461EA35
:10C1000002075F40384445F6C317C6F25B57384410
:10C1100001EBB060724460EA03074F403A444CF6CA
:10C120009247C8F60C773A4400EBB2522B4462EACD
:10C13000010747403B444FF27D47CFF6EF773B4442
:10C1400002EB73430E9F394463EA000757403944BA
:10C1500045F6D157C8F28457394403EBF1210F9FBC
:10C16000384461EA02075F40384447F64F67C6F635
:10C17000A877384401EBB060524460EA03074F40AF
:10C180003A444EF2E067CFF62C673A4400EBB252E5
:10C19000434462EA010747403B4444F21437CAF281
:10C1A00001373B4402EB73430C9F394463EA0007B9
:10C1B0005740394441F2A117C4F60867394403EBEC
:10C1C000F121109F384461EA02075F40384447F686
:10C1D0008267CFF25377384401EBB060129F3A4444
:10C1E00060EA03074F403A444FF23527CBF63A57FF
:10C1F0003A4400EBB2524B4462EA010747403B44E9
:10C200004DF2BB27C2F6D7273B4402EB7343139F83
:10C21000394463EA0007574039444DF29137CEF66E
:10C22000863739440B9F3844089F1F4407EBF121A0
:10C23000099F3B440A9F3A44079F07F1080C8CE88A
:10C240000B0000207A6114B0BDE8F08F2DE9F04FAB
:10C25000A3B04B680A6893FA83F8D0E902B3046983
:10C2600046698F6815BA86EA040297FA87FC13902C
:10C27000876918461A4005EBFB63129772403B44EE
:10C280004FEAB00747F6991A134484EAB002C5F69C
:10C29000822A87EABB07534402EA0B021F40119629
:10C2A0006240464487EAB0072195B5180CEB0406B6
:10C2B000109402460F90F41905EBF3604FEAB307B0
:10C2C000D1F80CE087EABB0750449EFA8EF607408F
:10C2D0000C9687EABB0706EBB2050E6905EB070E65
:10C2E00037BA04EBF0664FEAB00484EAB30456446C
:10C2F000344084EAB30207EBBB054C69CDF838B093
:10C30000159705EB020B22BA0EEBF6644FEAB6075F
:10C3100087EAB0075444274087EAB00702EBB3032B
:10C320008D69149203EB070E2ABA0BEBF4674FEA00
:10C33000B40585EAB60557443D4085EAB60502EBEB
:10C34000B000CB6900EB050B18BA0EEBF7634FEAB0
:10C35000B70585EAB40553441D4085EAB40500EBF2
:10C36000B6061D90086A35440BEBF36B4FEAB30633
:10C370001A9202BA86EAB7000BEB0A06304080EA4E
:10C38000B70B486A02EBB40496460A9202BA05EB70
:10C39000F6604FEAB60585EAB305A34400EB0A044C
:10C3A00004EA050080EAB30002EBB7058F6A1F922A
:10C3B00028443ABA0BEBF4654FEAB40787EAB607AC
:10C3C00055442F4087EAB60BCF6A229202EBB303A3
:10C3D0003ABA00EBF5604FEAB50787EAB407504474
:10C3E000074087EAB40702EBB6069B440B6B3E445A
:10C3F0000BEBF06B4FEAB0071B921ABA87EAB50352
:10C400000BEB0A073B4083EAB50B4B6BCDF8808002
:10C41000E04693FA83FC06EBF7634FEAB70602EBBC
:10C42000B40486EAB0061C9253448A6BA3441E40AF
:10C4300086EAB0060CEBB50514BA0BEBF362C96BD8
:10C440002E4402EB0A0591FA81FB06EBF5614FEAF7
:10C45000B3024FEAB50682EAB70286EAB306514450
:10C460002A400E4082EAB70204EBB000A1461894BD
:10C4700086EAB3060BEBB707219C1044BA1988EA89
:10C48000040686EA0E0600EBF16086EA0C074FEA26
:10C49000F776CDF864C006EBB30C50444FEAB10315
:10C4A000219702EBF06283EAB507DDF830E0209CCB
:10C4B0001F9E02EB0A0300EA07024FEAB00784EA74
:10C4C0000E0487EAB10782EAB502744084EA0904DF
:10C4D0001F401E944FEAF474624487EAB1070D943A
:10C4E00004EBB50402EBF3624FEAB30585EAB0064C
:10C4F000DDF854C03C4402EB0A05229F05EA06021F
:10C500008CEA08067E4086EA0B064FEAF677DDF8ED
:10C5100050900B9707EBB1011B9F169689EA0E0608
:10C520007E40219F82EAB00286EAF77711444FEA03
:10C53000F77202EBB00204EBF5604FEAB50484EA4F
:10C54000B3045044044084EAB30401EBF061224494
:10C5500001EB0A0802EBF861DDF868E020971C9F08
:10C5600001EB0A028EEA0C0179401E9FCDF85CB007
:10C5700081EAF77B4FEAB00181EAB5014FEAFB7728
:10C5800007EBB303DDF874C081EA0801199C194474
:10C590008CEA09036340169C0C9783EAF4794FEA0E
:10C5A000B80383EAB0034FEAF97707EBB5040A9EB4
:10C5B00005975340189F1C4486EA0E037B40209F3A
:10C5C00001EBF26183EAF775CDF854B04FEAF573E9
:10C5D0002F461A9503EBB0054EF6A133C6F6D96384
:10C5E000C8184FEAB20181EAB80104EBF064414097
:10C5F0000D44E1181F9B179C05EBF16A83EA0C05BB
:10C60000654085EAFB744FEAB0051D9485EAB205E2
:10C610004FEAF474069404EBB8044D40DDF888C08A
:10C6200004EB050E4EF6A135219CC6F6D96586EAC7
:10C630000C060AEB050886EAF476DDF86CA086EABB
:10C64000F97B8AEA03061E9B4FEAB10586EAF37678
:10C6500085EAB0054FEAFB73029303EBB20286EA68
:10C66000F77385EA08052A444FEAF37505EBB00530
:10C670000EEBF8604FEAB8044EF6A13E84EAB1042E
:10C68000C6F6D96E70441C9F1F934440169B2C44E1
:10C6900087EA0C0585EAF3751D9B02EBF06285EADB
:10C6A000F3734FEAB00585EAB8054FEAF3767244B2
:10C6B000229306EBB101199B07965540209E294411
:10C6C00083EA0A0585EAF675DDF860A085EAFB7560
:10C6D0008AEA0706159FCDF828B086EAF7764FEA72
:10C6E000F577019707EBB8081F9F04EBF26486EA21
:10C6F000F77BCDF8249004EB0E094FEAB2044FEA21
:10C70000FB7684EAB00406EBB00001EBF9614FEA76
:10C71000B90686EAB2067144179F4E4084EA0904BE
:10C72000304487EA0306099B444404EBF16486EA3B
:10C73000F376229B04EB0E0C86EAF3734FEAB10406
:10C7400000EBFC6084EAB9044FEAF37614951D46C9
:10C75000199306EBB2021E9B7044DDF884E084EA74
:10C760000C040896224487EAF3768AEAFE741A9B40
:10C770004FEABC0784EAF374149B87EAB10784EAA2
:10C78000F3741D9BCDF858B086EAF3784FEAF47342
:10C7900003EBB90688EAFB7B47403E444FEAFB7750
:10C7A000009307EBB10102EBF0624FEAB0074EF6DF
:10C7B000A13387EABC07C6F6D96317941A440B9CC9
:10C7C000574001EB070984EAFE710A9F06EBF26607
:10C7D00081EAF777F1189E4687EAF5734FEAB207C8
:10C7E00087EAB0074FEAF376099606EBBC064F409E
:10C7F0009A461C933E44159B0D9FDDF8808009EB03
:10C80000F16C84EAF37987EAF8771F9B4FEAB10568
:10C8100087EAF377179B85EAB20587EAF374229BD0
:10C82000E64489EAF3774FEAF473159403EBB0001A
:10C8300087EAFB7485EA0E0505444FEAF470CDF8EB
:10C8400060B000EBB20206EBFE604FEABE064EF6A9
:10C85000A13B86EAB106C6F6D96B5844464004931C
:10C860009319059AA4461B9482EAF876149C05EB6A
:10C87000F06586EAF47705EB0B0687EAFA794FEA6A
:10C88000B00585EABE054FEAF97404EBB1017540C5
:10C8900001EB050A03EBF6611D9B01EB0B0782EA36
:10C8A000F3750C991A9A169B81EAF2710A9481EA3F
:10C8B000F371159B4FEAB60481EAF373199984EA80
:10C8C000B00485EAF1754FEAF37185EAFC7C84EAED
:10C8D000070801EBBE044FEAFC75039105EBB000BD
:10C8E0000AEBF7614FEAB7054EF6A13A04EB080EE2
:10C8F00085EAB604C6F6D96A01EB0A05DDF80880B8
:10C9000084EA05019B460C93014488EAF270179B68
:10C910000EEBF56280EAF37402EB0A0084EAF97325
:10C920004FEAB50282EAB7024FEAF37404EBB606A7
:10C930004240CDF88090324401EBF061DDF87C900C
:10C94000069ED6460B9486EAF97601EB0E041899FA
:10C9500002EBF46286EAF1719A4681EAFB7B4FEAC8
:10C96000B001219381EAB5014FEAFB7303EBB707EE
:10C9700002EB0E06229A6140394488EAF2721C9F4B
:10C98000069301EBF66146EAB40382EAF77271445A
:10C9900003EAB00E82EAFC7306EAB4024FEAF377C8
:10C9A00007EBB507DDF8048042EA0E02229307EB9D
:10C9B000020E88EAF973159A41EAB60783EAF27320
:10C9C00007EAB40701EAB60583EAFA7A47EA0503FB
:10C9D0004FEAFA770D9707EBB0000EEBF1624BF6DA
:10C9E000DC47C8F61B77CDF878C000EB030ED319EF
:10C9F000B946DDF858C0079F1B9D87EAFC7743EADC
:10CA0000B10287EAF57702EAB60287EAFB7003EA29
:10CA1000B1054FEAF0771A9007EBB4040EEBF36020
:10CA20002A4304EB020E00EB0902199842EAB30410
:10CA300088EAF0752098CDF850B085EAF075229814
:10CA4000CB4685EAF079079704EAB10402EAB30716
:10CA50000EEBF260DDF800804FEAF9753C4305EB20
:10CA6000B60500EB0B0688EAFC700C9F05EB040E84
:10CA700046EAB20580EAF77005EAB30506EAB207AE
:10CA800080EAFA7445EA07004FEAF477CDF85CA033
:10CA9000A2461F9407EBB1010EEBF66401EB000C0C
:10CAA00004EB0B010C9741EAB600089FDDF860E04B
:10CAB0001A9D87EAFE7400EAB2071E98CDF87490BA
:10CAC00084EAF07001EAB60480EAF57B0CEBF165CC
:10CAD0004FEAFB70089000EBB3034BF6DC403C439D
:10CAE000C8F61B7003EB040C2B181C9843EAB10525
:10CAF00088EAF077219805EAB60587EAF07703EA35
:10CB0000B10087EAF97945EA00074FEAF97505EBC4
:10CB1000B2000CEBF36400EB070C4BF6DC40DDF8E5
:10CB20001080C8F61B70204488EAFE74149A40EA0C
:10CB3000B30584EAF27405EAB10500EAB30784EAB2
:10CB4000FA7245EA07044FEAF275149505EBB6054B
:10CB500092461C920CEBF0622C444BF6DC47DDF85D
:10CB60006CC0099DC8F61B77D61985EAFC75229F13
:10CB700046EAB00285EAF775CDF864B002EAB3027E
:10CB800006EAB00785EAFB7B3A434FEAFB7707EBFF
:10CB9000B10104EBF66401EB020E209A4BF6DC4582
:10CBA0000597C8F61B7588EAF277179A611941EA6A
:10CBB000B60487EAF277CDF8589004EAB00401EAA7
:10CBC000B60287EAF97922434FEAF97404EBB3031A
:10CBD0000EEBF164DDF80CE003EB020863198EEA5A
:10CBE000FC741A9A43EAB10784EAF27407EAB607BA
:10CBF00003EAB10284EAFA753A434FEAF57707EBA4
:10CC0000B000099708EBF36700EB020CDDF87880C1
:10CC10000A9A4BF6DC40C8F61B7082EAF8741D9A3B
:10CC2000384440EAB30784EAF27407EAB10A84EAB6
:10CC3000FB7700EAB3024FEAF774049404EBB604FE
:10CC400042EA0A02CDF860B0BB4602970CEBF067EF
:10CC500004EB020A4BF6DC42C8F61B72BE18219A9E
:10CC600046EAB0078EEAF2741F9A07EAB30C84EA28
:10CC7000F27406EAB00284EAF97742EA0C024FEA5B
:10CC8000F77404EBB10121970AEBF66701EB020E92
:10CC90004BF6DC41DDF818C0C8F61B7139448CEA4C
:10CCA000F877199A41EAB60487EAF2771B9504EA05
:10CCB000B00401EAB60287EAF57522434FEAF5743B
:10CCC00004EBB303DDF8888003EB020A0B9BCDF87D
:10CCD0008090A9461E950EEBF1674BF6DC450A9451
:10CCE000C8F61B7583EAF874169B7A1942EAB107F5
:10CCF00084EAF37407EAB60702EAB10384EAFB7434
:10CD00003B434FEAF47707EBB000159400EB030BBD
:10CD1000179B0AEBF2640B978CEAF3771C9B601964
:10CD2000AE4640EAB20487EAF377219D04EAB104F3
:10CD300000EAB20387EAF57723434FEAF77404EB7E
:10CD4000B6040BEBF06604EB030C06EB0E04F346A3
:10CD5000DDF81CE0189B8EEAF876BA461A9744EA8A
:10CD6000B00786EAF37507EAB20604EAB00785EA77
:10CD7000F97346EA07054FEAF37707EBB1019846E6
:10CD800019930CEBF46301EB0509DDF874C00D9DFC
:10CD9000179785EAFC75209F159985EAF77503EBCF
:10CDA0000B0646EAB40385EAF17103EAB00306EA2A
:10CDB000B4074FEAF17505EBB2023B4302EB030BFC
:10CDC0001F9B2291069509EBF6614BF6DC45C8F6F0
:10CDD0001B758EEAF3771B9B4A1942EAB60187EA74
:10CDE000F37701EAB40102EAB60387EAFA77194356
:10CDF0004FEAF77303EBB0000BEBF26300EB010BB0
:10CE00005819AE46089DBA46189785EAFC73029FEA
:10CE100040EAB20183EAF77301EAB60983EAF878D7
:10CE200000EAB2014FEAF8730D9303EBB4030BEB86
:10CE3000F06441EA09010B4404EB0E0103EBF163DA
:10CE40000C9F7344DDF858E01C9C87EAFE7C85EA61
:10CE5000F47B219C229D8CEAF4744FEAB00784EAAB
:10CE6000F57987EAB2074FEAF9750C9505EBB60636
:10CE70001E9D4F408BEAF574374484EAFA754FEAF9
:10CE8000B10686EAB0064FEAF574AC461C9504EB91
:10CE9000B202059D5E40941985EAFE7207EBF366C7
:10CEA000159F4CF2D61A82EAF772CCF6622A82EA11
:10CEB000F8774FEAB30206EB0A0E82EAB1024FEAB4
:10CEC000F77606EBB00082EA0E0202441B98CDF81A
:10CED0007C8085EAF07B04EBFE60149C209DB846C4
:10CEE0001D9784EAF57400EB0A071A98CDF81C9098
:10CEF00084EAF0704FEABE0480EAF97984EAB30468
:10CF00004FEAF970159000EBB101199816968BEA6B
:10CF1000F076DDF810B07C400C448BEAF571229875
:10CF200086EAFC7C81EAF07502EBF7614FEAB70212
:10CF30004FEAFC7682EABE0206EBB303514485EA6F
:10CF4000F8704A401A4404EBF1634FEAF07404EBC2
:10CF5000BE0E099CDDF88480229084EAF87518984A
:10CF60004FEAB10485EAF07584EAB704534485EAD0
:10CF7000F97084EA0306CDF820900EEB06094FEA1B
:10CF8000F076864614901E9806EBB7078BEAF0768B
:10CF90001F9802EBF36286EAF0764FEAB304CDF80D
:10CFA0006CC084EAB10486EAFC7C52440B9854407D
:10CFB0004FEAFC76274480EAF87406EBB10607993D
:10CFC0004FEAB20584EAF17409EBF26185EAB30530
:10CFD00051444D4006EB050B229DCDF878C084EA04
:10CFE000F57807EBF1644FEAF87606EBB30904EB4A
:10CFF0000A030A9C1A9D1C9F84EAF5744FEAB10645
:10D0000084EAF77486EAB20684EAFE7A86EA0307BF
:10D0100009EB070E4FEAFA7707EBB209199A069C5B
:10D0200080EAF2771D980BEBF36287EAF0774CF217
:10D03000D61B4FEAB306CCF6622B87EAFC7C84EA67
:10D04000F577089886EAB1065A444FEAFC7587EAF4
:10D05000F0770EEBF260564005EBB1014FEAB205F6
:10D06000CDF824804E4485EAB305584487EAF87821
:10D0700006EBF06745404FEAF87601EB050906EB51
:10D08000B30107EB0B03DDE9177E4FEAB0061B9DEA
:10D0900086EAB20687EAFE77CDF884A087EAF577BC
:10D0A00086EA030587EAFA76294417911F994FEA21
:10D0B000F67505EBB20284EAF175229F1A9609EB28
:10D0C000F3614FEAB30686EAB00685EAF77559447C
:10D0D0004E4085EAFC7A16440C9A4FEAFA7782EAC7
:10D0E000FE7507EBB000149FCDF8808085EAF775D8
:10D0F000179F85EAF87E07EBF1644FEAB10787EAEC
:10D10000B3075C44674000EB07084FEAFE70CDF8B8
:10D1100064C000EBB30C06EBF4634FEAB40686EA96
:10D12000B1060D9D1C9803EB0B0786EA070385EA01
:10D13000F0761E9D634486EAF5751D9E82EAF676BA
:10D140001A9A85EAF279099A4FEAF97586EAF2762F
:10D1500005EBB10186EAFA7C08EBF7654FEAB70602
:10D1600086EAB4065D446E4001EB06084FEAFC71A6
:10D1700001EBB40403EBF5614FEAB503159A83EABA
:10D18000B703594482EAF07621984B40234486EA5B
:10D19000F074169E1B9884EAFE7486EAF07619985D
:10D1A0004FEAF47486EAF07604EBB70786EAF97082
:10D1B0004FEAB1044FEAF07084EAB50400EBB50021
:10D1C000229D08EBF16682EAF575209A5E4485EAB5
:10D1D000F275744085EAFC720E9D03EBF6632744FA
:10D1E0004FEAB60405EBF27284EAB1045B4407EB44
:10D1F000F36702EBB1014FEAB3025C4082EAB60288
:10D2000020445F4400EBF7607A4011440F9A584481
:10D2100001EBF0611044109A594402EBB702119FE0
:10D2200007EBB303129F07EBB607139EC6E9021084
:10D23000C6E904230020B76123B0BDE8F08F0000E9
:10D240002DE9F04FD4B0D0E902E8D0E90437D0E9B5
:10D250000665046AD0F824C0024600900339002015
:10D26000CDE90CE8CDE90E37CDE91065CDE9124CDA
:10D27000D1F8032014AB12BA43F820200130043156
:10D280001028F5D1DDE9125ADDE9103EDDE90C8CFC
:10D29000DDE90EB94CF670120024C0F2010200BFA5
:10D2A0004FEAB31080EAF3208EEA050180EA73604A
:10D2B000161919400A961E460B931359504414AA86
:10D2C0006940DA46AB46155918444FEAB80383EA79
:10D2D000783328444CEA0805084483EAB8510CEA3C
:10D2E000080305EA0A052B4309EB00051719084452
:10D2F0004FEAB511099781EAF527C1188EEA0603AE
:10D300000A9A2B4087EA756083EA0E0357680894EF
:10D310005B44099C3B444FEAB1071844636887EAC1
:10D32000713741EA0806034487EAB15001EA080769
:10D3300006EA0C063743C61903EB0A00D2F8089038
:10D340001E444FEAB0130B9A83EAF023D4F808B0D6
:10D3500085EA020783EA706A09EB0E03074057402B
:10D360005B443B444FEAB60787EA763746EA010456
:10D3700003EB0A0287EAB65306EA010704EA080447
:10D3800027431F4402EB0C033A444FEAB317DDF87E
:10D39000289087EAF327D9F80C40DDF824B087EA13
:10D3A000736E0B9FDBF80CA0274480EA05041C4039
:10D3B0006C40574407EB040C4FEAB20484EA72371E
:10D3C0000CEB0E0487EAB25C42EA060702EA060E9C
:10D3D0000F4047EA0E07A044BC444FEAB81787EA5B
:10D3E000F827D9F810E06444DBF810C087EA7869C0
:10D3F00083EA0007754407EA0807474065442F445D
:10D400004FEAB40585EA74354F4485EAB45C44EAD2
:10D41000020504EA020E354007EB010A45EA0E0553
:10D420004FEABA11AC4481EAFA210A9D81EA7A6E88
:10D4300069690CEB07090844DBF8141088EA030754
:10D4400007EA0A0708444FEAB9015F4081EA7931E7
:10D450003844704481EAB95E49EA040109EA0407E4
:10D460001140064439434FEAB61787EAF62771445C
:10D47000DC4601EB000B87EA7660AF698AEA0801B7
:10D480003B44DCF81870314081EA08013B44194400
:10D490004FEABB0383EA7B334BEA0907084483EA7C
:10D4A000BB510BEA090327403B43194401EB000C35
:10D4B000E969354686EA0A03099E00EB020EF66921
:10D4C0004FEABE10414403EA0E0380EAFE2083EADD
:10D4D0000A03314419444FEABC0380EA7E6083EAC0
:10D4E0007C334CEA0B06084483EABC510CEA0B037C
:10D4F00006EA0906334319440319089C4CF67012D6
:10D500002034C0F20102202C01EB00083FF4C8AE29
:10D5100008200021CDE9125ACDE9103ECDE90C8C4E
:10D52000CDE90EB905904FEAB31080EAF32014AFAD
:10D5300080EA73600B935044AA461D467B189C6B8F
:10D540000A914FEA744181EAF44109908EEA0A0097
:10D550000494054081EA94205E6A59680A9C30442C
:10D560004FEAF1163F5986EAB14607440A9886EA1F
:10D57000D10610440790BA19066C099885EA0A0585
:10D5800084194CEA08062C440CEA080506EA0B0646
:10D5900035434FEAB80686EA7836144486EAB85628
:10D5A00009EB04003444069204EB05099C6ADA6B2B
:10D5B00021444FEA724484EAF24403929E6884EA6A
:10D5C00092240B9A4FEAF61721448EEA020487EA66
:10D5D000B647044084EA0E0487EAD6075444DDF8CF
:10D5E0001CA0394402460890DAF844704FEAB010A3
:10D5F00080EAF2203C444FEAB90780EA726087EA89
:10D600007937204487EAB95449EA080707EA0C0742
:10D6100009EA08023A43069F22444FEA774484EA23
:10D62000F744084484EA972400EB0B0502EB000B57
:10D630003019DE68DA6A4FEAF61484EAB644104418
:10D6400084EAD602DAF848408718A6440B98089C6A
:10D650004FEAB51244402C4082EAF52244400EEBDA
:10D6600004004FEABB0482EA756284EA7B34AA466E
:10D67000851884EABB524BEA090404EA08040BEA61
:10D680000900204310444FEA714282EAF142596492
:10D6900082EA9121EA1902EB0C0500EB020C8819D1
:10D6A0001E69196B4FEAF61484EAB644084484EA0A
:10D6B000D601DDF81CE00144DEF84C400B98CDF8B3
:10D6C0000480DDF8208020444FEAB5142A460995ED
:10D6D00084EAF5248AEA0805154085EA0805284405
:10D6E0004FEABC0584EA726485EA7C35084420442C
:10D6F00085EABC544CEA0B0505EA09050CEA0B0265
:10D700002A4322444FEA774484EAF7449F6484EA38
:10D710009725019CCDF808A007191418A8195E696F
:10D720005A6B4FEAF61585EAB645104485EAD602EB
:10D73000DEF8505000EB020808984FEAB712284470
:10D74000099D82EAF72285EA0A053D4085EA0A0535
:10D75000404428444FEAB40582EA776285EA74358A
:10D76000104485EAB45244EA0C050B9705EA0B0510
:10D7700004EA0C073D432A4400EB090A02EB0009C6
:10D780004FEA714080EAF140D96480EA91209969BA
:10D79000049A099F32444FEAF11686EAB1461044D2
:10D7A00086EAD102DEF8546000EB020E02980B9D6F
:10D7B000304485EA07064FEABA1206EA0A0682EA08
:10D7C000FA227E40704430444FEAB90682EA7A6217
:10D7D00086EA7936104486EAB95249EA040606EA2E
:10D7E0000C0609EA04073E433244DE6900EB0B05F0
:10D7F00002EB000B4FEA784080EAF8404FEAF6125D
:10D8000082EAB642039F80EA9820C3F850803944E8
:10D8100082EAD602DDF81C8008441044D8F858206B
:10D82000099F98653A440B9F10448AEA07024FEA21
:10D83000B5112A4081EAF5217A4010444FEABB0233
:10D8400081EA756182EA7B32084482EABB514BEA85
:10D85000090222400BEA09073A4311441A6A00EB15
:10D860000C0701EB000C4FEAF2114FEA7E4081EA0F
:10D87000B24180EAFE4081EAD201069A80EA9E2007
:10D880001A64324410440844C3F854E0D865D8F808
:10D890005C200B9B4FEAB71181EAF7211A4485EA15
:10D8A0000A033B4010444FEABC0281EA776183EAF5
:10D8B0000A0382EA7C3218444CEA0B03084482EAE9
:10D8C000BC510CEA0B0203EA09031A431144031981
:10D8D00001EB000805980A994CF670120830BE4614
:10D8E000C0F20102382801F12001FFF41BAE0098BC
:10D8F000002108300CAACDE9125ACDE9103ECDE93D
:10D900000C8CCDE90EB900BF52F8213050F82170CF
:10D910003B4440F8213001310829F5D1002054B0B2
:10D92000BDE8F08F2DE9F04FADF5457DD0E904421B
:10D93000D0E90865D0E90637D0E90ACECDE914422E
:10D94000D0E90C92CDE9186500F13808D0E91154FE
:10D95000CDE9163798E8880106460090C66C1EA8E7
:10D96000CDE91C9280E88801C81C0022CDE91ACEBE
:10D970002396CDE9215400BF8B185E788F5C360466
:10D980009D7846EA0767861847EA05277578B678CE
:10D990002D069C7945EA0646DB79855C46EA042635
:10D9A0002F44334424ADAE18AB500832802A776040
:10D9B000E2D100200DF1900909EB0001D1E91C3200
:10D9C0005F03DC005603D50047EAD24746EAD34658
:10D9D00044EA527445EA53759B0943EA8263664000
:10D9E0006F4087EA92127340D1E91267D1E901C40E
:10D9F000CD6813EB060842EB070EE707220647EA5D
:10DA0000550742EA1522EE072B0646EA540643EA7A
:10DA100014237A40E40944EA456482EAD51259F8AD
:10DA200000507340634018EB05044EEB0C071B19C4
:10DA300000F108007A41B0F5007FC1E92032B9D188
:10DA40002398DDE91C870B90DDE9210CDDE914E664
:10DA50000D90209800240F901F980A901E980C900B
:10DA60001698119017981090199806901898099088
:10DA70001B9807901A980E906FF00700CDE90104EB
:10DA80004FEA8840B904BA034FEA883340EA973036
:10DA900041EA983142EA984243EA9743514058405C
:10DAA000FA054FEAC85342EA582243EA5723504046
:10DAB00059400B9A11EB0C0150414CF67022C0F208
:10DAC00001021319125912935B68891824AA58414C
:10DAD0001319125913935B68891858410F9B0C9ABC
:10DAE00008975A4002EA08025A4011EB02090D9BBE
:10DAF0000A9A344682EA030101EA070181EA030136
:10DB000048414FEA0E114FEA8E7741EA1671330110
:10DB100047EA96070496B60746EA9E0643EA1E734E
:10DB200071404FEA4E6646EAD4167B40670647EAE4
:10DB3000DE1783EA060C109E069B81EA070A46EA76
:10DB4000040106EA0407119C1940099D41EA0703F4
:10DB500044EA0E01294004EA0E060E430E991546CA
:10DB600011EB090B07994FEA8B34414119EB0C0279
:10DB700040EB0A00B61840EB030A8A048B0342EA22
:10DB80009B3243EA9B434FEA8B4040EA913044EAA0
:10DB900091445A40CB0543EA5B2360404746CDF8A9
:10DBA0000C8080EA03080C984FEACB5480EA070304
:10DBB00003EA0B0343400F9844EA51241B180898CA
:10DBC000894682EA040285EA000404EA09040D9801
:10DBD00084EA05044441129829460A95D0E9025086
:10DBE00013995B190E966041D218D1E9023540EBCA
:10DBF00008009B18314640EB05024FEA0A15300138
:10DC000045EA1675B4074FEA8A7640EA1A7046EA82
:10DC1000910644EA9A0470404E066C404FEA4A6509
:10DC200046EADA1645EAD115DDF810807440109EF8
:10DC300068404AEA080535400AEA0806119F35435C
:10DC400041EA0E063E4001EA0E073E430999A41937
:10DC500068415D180699CDF814E042EB010EE11819
:10DC600040EB02064FEA8E424FEA8E3342EA95328B
:10DC700043EA9543A804AC0340EA9E3044EA9E443C
:10DC800082EA03074FEACE5343EA55236040EC058E
:10DC900044EA5E2480EA030C12980F9187EA04019B
:10DCA000D0E904340C982A461B180A980995444177
:10DCB00013980D96D0E9045703985B198BEA000579
:10DCC00005EA020585EA000508987C415B1989EAA6
:10DCD000000505EA0E0585EA00056C415D180F99FF
:10DCE0004FEA06124FEA01104FEA81734FEA867736
:10DCF00040EA167042EA117243EA960347EA910736
:10DD000082EA030280EA07004FEA46634FEA41676E
:10DD100043EAD11347EAD61744EB0C0480EA030C1C
:10DD20007A4046EA0A0306EA0A070E9E03EA080357
:10DD300005983B4341EA060707400E403E431199D0
:10DD4000B6184CEB03006A181099099B614116EB59
:10DD5000050C40EB04088C048D0344EA923445EA38
:10DD600092459004960340EA913046EA91466C4011
:10DD7000CD0545EA52257040D605684046EA512651
:10DD8000109012987440D0E9065603980F460691F9
:10DD90002D18089813994641D1E906010C924019B3
:10DDA00083EA0B0505EA020585EA0B057141401976
:10DDB0008EEA090505EA070585EA0905694106199C
:10DDC00010984FEA081441EB00034FEA0C114FEA98
:10DDD0008C754FEA887741EA187144EA1C7445EA69
:10DDE000980547EA9C076C4079404FEA48654FEA3E
:10DDF0004C6745EADC1547EAD8170D986246CDF81E
:10DE000028C081EA050C7C4048EA000508EA0007C2
:10DE10000F9805EA0A050E993D4342EA0007CDF83E
:10DE200044800F4002EA000847EA080705983F19B6
:10DE30004CEB050116EB00080498CDF8408043EB4D
:10DE40000004B81941EB0305A104A60341EA983187
:10DE500046EA984608904FEA88404FEA883740EAF9
:10DE6000943047EA944781EA0602E60546EA5826D6
:10DE700078404FEAC857414647EA542780EA0608E7
:10DE800012987A40D0E90867234616EB0B0C139ED4
:10DE900047EB0907D6E90806099C10EB0C0004952E
:10DEA00077410C9E994666400E400699664080195F
:10DEB00081EA0E0606EA030686EA0E067741811815
:10DEC00008984FEA05164FEA807447EB080C0701E3
:10DED00046EA107644EA95042A4647EA1577AD07E4
:10DEE00045EA90056640440644EAD2146F40550660
:10DEF00045EAD0156640119C03930D9B6F4042EAA2
:10DF000004051D400A9B14400F9A254340EA030470
:10DF1000144000EA030222430E98921947EB0504CD
:10DF20000B184CEB0A0512EB010B44EB0C089804A0
:10DF3000A904AA039C0340EA953041EA933142EADE
:10DF4000934244EA9544514080EA0406EA05DC0520
:10DF500042EA53229C46059344EA5524129B86EAE2
:10DF600002076140D3E90A24099B2846D218139B73
:10DF70000B95D3E90A5644EB0E0452190C9B7441DD
:10DF8000109ECDF838B086EA030505EA0C055D4021
:10DF9000069B521989EA030505EA000585EA03058F
:10DFA0006C4189184FEA0B124FEA887644EB070E52
:10DFB00042EA18724FEA08144FEA8B7546EA9B064C
:10DFC00044EA1B7445EA980572404FEA4B666C4080
:10DFD0004FEA486546EAD816584645EADB15DDF8AB
:10DFE00010B07440119E6A4048EA0B05DDF820909D
:10DFF000354008EA0B060A9F354340EA09063E40D1
:10E0000000EA09073E430F98A4196A410D180D98BC
:10E01000CDF81C804EEB000A14EB01084EEB020E0B
:10E02000A8044FEA8A414FEA8A32AC0340EA9A30A8
:10E0300041EA953142EA954244EA9A44514080EAE5
:10E0400004064FEACA52EC0542EA552244EA5A2431
:10E05000129F28460F9586EA020C6140D7E90C24EE
:10E060000C9D079E5219139D6341D5E90C45CDF8CF
:10E0700018E01219059C6B41109D6C4004406C40E7
:10E08000121903980B9C4FEA8E7584EA000404EA87
:10E090000A0484EA00046341891843EB0C004FEA48
:10E0A0000E134FEA88744FEA081243EA187344EAE1
:10E0B0009E0442EA1E7245EA980563404FEA4E64A8
:10E0C0006A4044EAD8144FEA486545EADE156240E2
:10E0D0004EEA06046B4004EA0B040EEA060544EA25
:10E0E000050B0E9CB44648EA040505EA090508EA52
:10E0F000040635430A9E5B1942EB0B028D19119EF3
:10E100000C9540EB0609C918119142EB000BA804CD
:10E110004FEA89414FEA8932AB0340EA993041EA3C
:10E12000953142EA954243EA9943514058404FEABB
:10E13000C952EB0542EA552243EA5923504059405F
:10E14000D7E90E23109F039ED219674643EB060CB6
:10E15000139B0990D3E90E43504612190F9C43EBD1
:10E160000C03DDF814C0DDF844A084EA0C042C4054
:10E170000B9D84EA0C04121980EA050404EA0904E0
:10E180000D9084EA050409986341891858414FEAC3
:10E190000B134FEA8A744FEA0A1243EA1A7344EAED
:10E1A0009B044FEA8B7542EA1B7245EA9A0563406D
:10E1B0004FEA4B646A4044EADA144FEA4A6545EA9A
:10E1C000DB1562404BEA0E046B403C400BEA0E0547
:10E1D0000E9F2C434AEA08053D400AEA08063543EB
:10E1E000089F5B19CDF82480624111EB0708049F5A
:10E1F000029C474113EB010E42EB000601984034AC
:10E2000008304828CDF82890CDF840B0FFF436AC5F
:10E210000B98002123900F9814AA20900D98CDF808
:10E2200088C021900C98CDE91C871E900A98CDE9F2
:10E2300014E61F901198169010981790099818904E
:10E24000069819900E981A9007981B900098103015
:10E2500057584558531846185B6874687F194750DB
:10E2600001F10801634140297360F1D100200DF5EF
:10E27000457DBDE8F08F000078B10079A0F1030C76
:10E28000BCF1050F09D8DFE80CF0030D12181E24AD
:10E29000084611461A4600F095B84AF60070CFF6C7
:10E2A000FF707047084611461A4604F00FBA084638
:10E2B00011461A46012304F055BB084611461A467A
:10E2C000002304F04FBB084611461A46012304F010
:10E2D000B9BD084611461A46002304F0B3BD00003C
:10E2E00070B50646044656F8180B802300F03F022E
:10E2F000372A06EB020000F8013B0D4604D8C2F1B4
:10E300003701F1F776FF0BE082F03F01F1F771FF83
:10E3100020463146FDF7FCFB30463821F1F769FF16
:10E32000D4E90010CB0084F85030C2004B0942EA17
:10E33000517284F851304B0B490D84F85310410948
:10E3400084F85510410B400D84F8561084F857009E
:10E350002046314684F8523084F85420FDF7D8FB2B
:10E36000A0682870A068000A68706089A870E07AC8
:10E37000E870E0682871E068000A6871E089A871B7
:10E38000E07BE871206928722069000A6872608A5F
:10E39000A872E07CE872606928736069000A68739B
:10E3A000E08AA873E17D0020E97370BD002814BFE6
:10E3B0005821704702F09CBF80B55821F1F719FF32
:10E3C00080BD00002DE9F04196B0E8460D460646B6
:10E3D000404658211446F1F70CFF42F20130C6F2D4
:10E3E000457002904AF68930CEF6CD7003904DF616
:10E3F000FE40C9F6BA00049045F27640C1F2320000
:10E4000005909DB1402D009509D36F4638463146A1
:10E41000FDF77EFB403D3F2D06F14006F6D82DB1BD
:10E4200008F1180031462A46F1F7BCFE6D46284631
:10E430002146FFF755FF2846582102F059FF0020DA
:10E4400016B0BDE8F081000042F201320146002022
:10E45000C6F24572086048604AF689308A604DF617
:10E46000FE42CEF6CD70C9F6BA02C1E9030245F20A
:10E470007642C1F2320200204A6170472DE9F04332
:10E4800081B0B2B30646006814460D4600F03F095D
:10E490008018306002D3706801307060B9F1000FED
:10E4A00011D0C9F14007A7420FD806F1180808EBB0
:10E4B000090029463A46F1F775FE30464146FDF718
:10E4C00027FB3D44E41B4FF00009402C09D300BF5B
:10E4D00030462946FDF71CFB403C3F2C05F140052A
:10E4E000F6D834B106EB0900183029462246F1F778
:10E4F00059FE002001B0BDE8F083000068B1026859
:10E500005AB11279033A052A07D8DFE802F00E1152
:10E5100003030B0B406804F087B94AF60070CFF68E
:10E52000FF707047406804F047BB4068FFF7D8BEF3
:10E53000406804F04FB8000010B590B1016804467F
:10E54000002908BF10BD6068B8B1097903390529F1
:10E5500010D8DFE801F00A0D0303070704F0F6F90D
:10E5600008E010BD04F062FC04E0FFF71FFF01E0CB
:10E5700004F0A0F860680DF09BF8A06838B121683D
:10E580008979490002F0B4FEA0680DF091F82046A8
:10E590000C21BDE8104002F0ABBE0000002814BF03
:10E5A0004079002070470000002814BF0079002047
:10E5B00070470000F0B591B0044600284AF600709C
:10E5C000CFF6FF701FD00D462168E1B1A668D6B125
:10E5D0000A798F79D11E052914D8DFE801F00F16CA
:10E5E00003030909606801A904F01EF958B912E093
:10E5F000606801A904F0E0FA28B90CE0606801A99C
:10E60000FFF76EFE38B111B0F0BD606801A903F0EC
:10E61000E1FF0028F7D1204600F034F90028F2D1BC
:10E620002068F1198279204600F054F90028EAD1D7
:10E63000206801A94279204600F04CF90028E2D177
:10E6400020462946FFF75AFF11B0F0BDB0B5044689
:10E6500000284AF60070CFF6FF7009D0216839B162
:10E66000A568002D08BFB0BD204600F00BF900B131
:10E67000B0BD2068294682792046BDE8B04000F050
:10E6800029B900002DE9F04391B04AF60076002840
:10E69000CFF6FF7657D004460068002853D00F46C7
:10E6A000A16800294FD080791546904215D22046A6
:10E6B00000F0E8F80646002841D1204639462A46AF
:10E6C00000F008F90646D0BB01A92046FFF716FF67
:10E6D0000646A0BB206801AF45792068D4F80880C1
:10E6E000867940463146362208EB0609F1F77AFD75
:10E6F00020685C2281794846F1F774FD9DB1A8F14C
:10E70000010081197A1E00BF10F8013F12F8017F45
:10E71000013D83EA0703037011F8013F177883EA8C
:10E7200007030B70F0D1204600F0ACF8064630B974
:10E73000206841468279204600F0CCF8064601A8C0
:10E74000402102F0D5FD304611B0BDE8F083000055
:10E7500030B1036823B18368002B18BF00F0BAB84A
:10E760004AF60070CFF6FF70704700000338C1B260
:10E7700005298FBF002040B201A151F82000704749
:10E78000C8E3010000E4010008E4010010E4010016
:10E7900018E4010020E401000021C0E900118160BB
:10E7A0007047000068B102685AB11279033A052A2D
:10E7B00007D8DFE802F00E1103030B0B4068FEF7E9
:10E7C0003FBD4AF60070CFF6FF7070474068FFF714
:10E7D000A9B84068FDF79CB94068FDF737BD000057
:10E7E000F0B581B04AF68067CFF6FF77044600287F
:10E7F00007F180001CBF0D46002901D101B0F0BD1A
:10E80000297903390529F9D81646DFE801F01721DF
:10E8100003030D0D01206C21F1F782FD606068B3E8
:10E8200004F09AF8EEB922E00120D821F1F778FD42
:10E83000606018B304F000FB9EB918E00120582175
:10E84000F1F76EFD6060C8B1FFF7B6FD4EB90EE09E
:10E8500001205C21F1F764FD606078B103F030FFC6
:10E860002EB1A9790220F1F75BFDA06018B100205C
:10E87000256001B0F0BD2046FFF75EFE384601B0CE
:10E88000F0BD000068B1016859B109790339052963
:10E8900007D8DFE801F0030B0E12161A4068FFF7E5
:10E8A000D3BD4AF60070CFF6FF707047406803F0A2
:10E8B00055BF4068012104F0DDB84068002104F034
:10E8C000D9B84068012104F0B7BB4068002104F0CA
:10E8D000B3BB000078B103686BB11B79A3F1030CE3
:10E8E000BCF1050F07D8DFE80CF00E1103030B0B8A
:10E8F000406804F01BB94AF60070CFF6FF7070470D
:10E90000406804F049BC4068FFF7B8BD406803F0B8
:10E9100045BF00002DE9F04F81B090421746834675
:10E9200008BF0F46814218BF934540F0A580796823
:10E930000120CBF80000481E411C07D0B96851F8EF
:10E94000201001380029F7D0851C00E0002542F294
:10E950001070854206D96FF00F000021002900F0E9
:10E96000918024E0DBF80440AC421CD2284604210C
:10E97000F1F7D6FC0028EED0DBF808900646B9F196
:10E98000000F0ED04FEA8408304649464246F1F760
:10E9900009FC4846414602F0ABFCDBF808000CF0ED
:10E9A00087FECBE901560020012100296AD0DBF85F
:10E9B0000810002D4FF0000C67D0BA68043900270A
:10E9C000002300BF51F8046F52F82340F0190019DA
:10E9D0004CF10004BF1903F1010344F100079D420B
:10E9E0000860EFD10431002F53D0AC0042F2107810
:10E9F00014E000BF6FF00F000021002942D0DBF8C7
:10EA0000080001190A680020D31941F8043B40F1BD
:10EA100000070135934204F1040433D2DBF80460AB
:10EA2000B542EFD305F10109C145E3D84E4520D2E7
:10EA300048460421F1F774FC0028DBD0DBF808809D
:10EA40008246B8F1000F0DD0B6005046414632461E
:10EA5000F1F7A8FB4046314602F04AFCDBF808001B
:10EA60000CF026FE0020012142F21078CBE9019A39
:10EA7000C3E700200121C0E7584600F055F90028FF
:10EA80003FF455AF01B0BDE8F08F00250027002FFF
:10EA9000ABD1002001B0BDE8F08F00001346002A82
:10EAA00048BF534280B584B000934FF0FF33B2F1BA
:10EAB000FF3FC8BF0123012202926A46039201AAC6
:10EAC000019300F003F804B080BD000070B50B4660
:10EAD0000D681168064601FB05F1B1F1FF3F04DD49
:10EAE00030461946FFF716FF42E05868411E00BF46
:10EAF0000846013109D0996851F820100029A0F189
:10EB00000101F5D001F1020C01E04FF0000C516859
:10EB10004C1E00BF2146013408D0946854F82140AF
:10EB2000002CA1F10104F5D0023400E000240840DB
:10EB3000013019D0A44517D864450ED8ACF10100B6
:10EB4000411C11D09968946851F8201054F8204065
:10EB5000A14209D8A0F10100F2D2304611461A466E
:10EB600002F082F850B170BD3046194602F07CF8D0
:10EB7000002818BF70BD0020356070BD6D42FAE7F7
:10EB80004168002904BF00207047013941B1826803
:10EB900052F821200139002AF8D001F1010C01E0DE
:10EBA0004FF0000C806850F82C0000280ED4002391
:10EBB0004FF000421E2B03F1010105D800EA520379
:10EBC0005208002B0B46F5D0484200E0002000EB35
:10EBD0004C10203070470000B0B502468C4600292A
:10EBE00048BFC1F1000C536801205D1EB1F1FF3F29
:10EBF000C8BF4FF0FF3000BF6B1C08D0946854F8BA
:10EC00002540013D002CF7D005F1020E01E04FF048
:10EC1000000E6FF0010400BF013403D20029FBD0C5
:10EC2000012500E00025002B02BF002C0020B0BD14
:10EC3000AE4584BF1068B0BD75451FD81068B1F1EE
:10EC4000FF3F03DC0028C4BF0120B0BD002904D46D
:10EC5000002844BF4FF0FF30B0BDAEF1010100BF4E
:10EC60004B1C04BF0020B0BD936853F821306345AE
:10EC700088BFB0BDA1F10101F2D24042B0BD000099
:10EC8000B0B54268531E00BF5D1C08D0826852F8C0
:10EC90002320013B002AF7D003F1020C01E04FF0E2
:10ECA000000C4A68013A00BF531C08D08C6854F825
:10ECB0002240013A002CF7D002F1020E01E04FF0A1
:10ECC000000E002D02BF002B0020B0BDF44584BF14
:10ECD0000068B0BDE64502D908684042B0BD026890
:10ECE000012A04DB0B68002B44BF0120B0BD0B6878
:10ECF000012B04DB002A44BF4FF0FF30B0BDACF164
:10ED0000010300BF5D1C04BF0020B0BD85688C6896
:10ED100055F8235054F82340A54203D8A3F101032A
:10ED2000F0D252421046B0BD2DE9F04788421FD0C4
:10ED3000044648680D4650B1013800BFD8B1A968F3
:10ED400051F8201001380029F8D0861C14E07CB15D
:10ED5000A06830B16168890002F0CAFAA0680CF0BE
:10ED6000A7FC01210020C4E90010A060BDE8F087E5
:10ED70000020BDE8F087012667682868B742206058
:10ED800021D242F21070864225D830460421F1F794
:10ED9000C7FA00B3D4F808808246B8F1000F0DD04E
:10EDA0004FEA8709504641464A46F1F7FBF940468B
:10EDB000494602F09DFAA0680CF07AFC002001217F
:10EDC000C4E9016A0AE0A068B91B00EB860089006B
:10EDD000F1F70FFA06E06FF00F000021002908BFDD
:10EDE000BDE8F087A068A968B200F1F7DBF9002060
:10EDF000BDE8F0872DE9F04F9DB0894659688346FC
:10EE0000481E1F46154601464A1C0DD0BB6853F8E4
:10EE100021300139002BF7D0002A14BF39680021B6
:10EE200029B96FF00B0440E100210029F9D001213C
:10EE30000022CDE91722CDE913121592CDE9112256
:10EE4000CDE90D12CDE90F216A6816910A910321CF
:10EE50000B9107A9013A0C911146013208D0AA681A
:10EE600052F82120002AA1F10102F5D0023201E07E
:10EE7000002200BF0346013008D0B86850F82300D4
:10EE80000028A3F10100F5D0023000E00020194075
:10EE900001311DD082421BD890420ED8501E00BFB7
:10EEA000411C15D0A968BA6851F8201052F82020EA
:10EEB00091420DD8A0F10100F2D2BBF1000F7DD03C
:10EEC000DBF804601EB30024012000286AD1B4E0FE
:10EED00016A82946FFF728FF0446002840F0AD8019
:10EEE00013A83946FFF720FF0446002840F0A5800C
:10EEF000696801208C1C42F210718C4213901690AC
:10EF000024D96FF00F040020002841D195E00120A2
:10EF10000421F1F705FA00283FD0DBF80870044619
:10EF200077B14FEA8608204639464246F1F73AF96A
:10EF30003846414602F0DCF9DBF808000CF0B8FB7B
:10EF40000120CBE90104002460BB76E0119EA642BB
:10EF50001AD220460421F1F7E3F90028D1D0DDF8D8
:10EF600048A08046BAF1000F0CD0B600404651468A
:10EF70003246F1F717F95046314602F0B9F91298C6
:10EF80000CF096FBCDE9114800240120002854D054
:10EF9000119E06B3002401203EE06FF00F04002014
:10EFA00000284AD0DBE901108900F1F722F9DBF8EB
:10EFB0000800002101600120CBF80000B9F1000F2A
:10EFC00007D048462946FFF7AFFE0446A8BB0024F9
:10EFD0006BE0002469E001200421F1F7A1F9C0B140
:10EFE000DDF848800446B8F1000F0DD04FEA860ADC
:10EFF000204641465246F1F7D5F84046514602F0C8
:10F0000077F912980CF054FB0120CDE9110400248B
:10F0100002E06FF00F04002078B1DDE911108900E3
:10F02000F1F7E7F8129800210160012010900DA877
:10F03000022100F035FF0446D8B3189830B1179973
:10F04000890002F055F918980CF032FB159801264A
:10F05000002516961795189530B11499890002F07D
:10F0600047F915980CF024FB1298139614951595F2
:10F0700030B11199890002F03BF912980CF018FB9D
:10F080000F980125002610951196129630B10E9911
:10F09000890002F02DF90F980CF00AFB07A80C214B
:10F0A000CDE90D560F9602F023F920461DB0BDE8BC
:10F0B000F08F13A8FFF764FD00F01F001F282BD16D
:10F0C0000020059017981499421E481EA2EB000AD2
:10F0D000039106904FEA4A1113A80292049101F09D
:10F0E0007DFC04460028A8D116AE0DF14C08304630
:10F0F0004146FFF7C5FD002821D41298424650F83A
:10F100002A10013140F82A103046314601F04EFEF7
:10F1100004460028EBD090E780F01F0116A8059167
:10F1200001F05CFC044600287FF487AF059913A822
:10F1300001F054FC044600287FF47FAFC2E7049935
:10F1400013A801F0EBFC044600287FF476AF069884
:10F15000029B834240F2AE800C980DF1340A01907C
:10F160000398012602380490189C1599069A54F8C1
:10F17000230051F82220904208D204EB83019846E4
:10F1800051F8041CFBF7CCFF434601E04FF0FF3081
:10F19000039A1299A3EB020841F82800022B26BF1C
:10F1A00004EB830050F8080C002001990860581EF9
:10F1B000029054F82000486054F8230088601298A8
:10F1C00050F82810013140F82810129850F82810F3
:10F1D000013940F828105046002101F0C7F80028F6
:10F1E00040F09B80069820B11598049950F82100B2
:10F1F00000E000200F99069A0860159850F8220048
:10F200001AAA4860129819A950F828001C91199060
:10F2100050465146CDE91A6601F082F900287CD1AA
:10F2200050460AA9FFF72CFD0028CEDC129819A938
:10F2300050F828001C911990504613A91AAACDE93C
:10F240001A6601F06DF9002867D14FEA481150465F
:10F25000009101F0C3FB00285FD116A80146524679
:10F2600001F0A4FD002858D116A80021FFF7B4FC36
:10F27000B0F1FF3F18DC504613A9FFF755FD0028F9
:10F280004BD10099504601F0A9FB002845D116A8A2
:10F2900001465246FFF71AFC00283ED1129850F85A
:10F2A0002810013940F828100698029981420B462F
:10F2B0003FF65AAFBBF1000F0DD010A95846FFF72B
:10F2C00033FD044600287FF4B8AE2868396801FB96
:10F2D00000F0CBF80000B9F1000F1CD0059916A87A
:10F2E00001F01CFC044600287FF4A7AE286816A98C
:10F2F00016904846FFF718FD044600287FF49DAE9F
:10F30000484600210024FFF767FC00287FF495AEF3
:10F310000120C9F8000000248FE604468DE60000B5
:10F320002DE9F04FADF2546DD3F804A01C46AAF1BC
:10F33000010300BF5F1C0ED0A66856F82360013B96
:10F34000002EF7D0002F14BF23680023012B05DA0D
:10F350006FF00309D0E20023012BF9DBA3681D68DD
:10F36000EB0702D16FF00309C6E2D2F804C0ACF19A
:10F3700001094F467E1C0ED0936853F82730013F99
:10F38000002BF7D0002E14BF13680023002B05D5E7
:10F390006FF00309B0E20023002BF9D4059104219A
:10F3A00001EB4501674601F0080101EB050820214A
:10F3B0000692079008FB05F20F29C2F1020202FB38
:10F3C00008F84FEA5101F5D801204FF0000BCDF8B5
:10F3D0003806CDF82C06CDE9080B0BA84FF4C06118
:10F3E000CDF83CB6CDF840B6CDF830B6CDF834B651
:10F3F000CDF828B0F0F7FDFE3FB30699B9F1000F44
:10F4000009D0886850F82900A9F101090028F5D031
:10F4100009F1010000E00020896851F8201000295E
:10F420000ED400234FF000421E2B03F1010705D834
:10F4300001EA52035208002B3B46F5D0794200E026
:10F44000002101EB401000F1200B4FEA5B10142863
:10F4500002D94FF0060B12E0BBF1EF0F02D94FF0CB
:10F46000050B0CE0BBF14F0F02D94FF0040B06E087
:10F47000BBF1170F4FF0010B88BF4FF0030B0AF1E0
:10F48000010742F21070874204D96FF00F09002083
:10F49000A0BBE2E107984568BD4222D2384604216C
:10F4A000CDF810B0F0F73CFF00B3DDF81CA08346A8
:10F4B000DAF80890B9F1000F0DD0AD005846494672
:10F4C0002A46F0F76FFE4846294601F011FFDAF8A8
:10F4D00008000CF0EDF84FF000090120CAE9017BAB
:10F4E00007E04FF00009012040B9B6E16FF00F09C5
:10F4F0000020DDF810B0002800F0AF8142F210705B
:10F50000874203D96FF00F09002029E00F9DBD420B
:10F510001ED238460421DA46F0F702FFE0B1DDF8EA
:10F5200040908346B9F1000F0CD0AD0058464946D3
:10F530002A46F0F737FE4846294601F0D9FE1098D2
:10F540000CF0B6F84FF000090120CDE90F7B06E082
:10F550004FF00009012003E06FF00F090020D346AF
:10F56000002800F07A817D0042F21070854204D9B3
:10F570006FF00F09002088B96FE14DB128460421D2
:10F58000F0F7CEFE0028F3D0CDF83056CDF8340693
:10F590004FF000090120002800F05F8105990868FC
:10F5A0000130039043D0DDF87826D2B19068C0B125
:10F5B0009168D2E90002CDF84016CDF83806CDF8B2
:10F5C0003C26059D0BA800F10C0728462146FFF7B5
:10F5D00057FB002837D438462946224600F00CFF56
:10F5E00035E00DF5C760012100F0C0FE814600281E
:10F5F00040F03381606881010DF5C76001F0EEF9DC
:10F600008146002840F029810DF5C7600146224659
:10F6100000F0F2FE8146002840F01F81DDF87836C8
:10F62000002BCED00DF5C76207CA07C3C9E708A8EB
:10F63000FFF77AFB8146002840F00F8101200890F7
:10F6400008A80590AFE738462946FFF76DFB8146CD
:10F65000002840F00281C8F100080DF5C7650DF2E1
:10F660002C6A3846294622464346CDF800A006F0CB
:10F670002BFB07982946FFF757FB8146002840F0EF
:10F68000EC800DF5CA60CDF84C060798019701276C
:10F690000DF2446122464346CDF85076CDF84476CB
:10F6A000CDF84876CDF800A006F00EFBBBF1020FB6
:10F6B000C24630D3ABF1010507FA05F606EB46006A
:10F6C0000BAA616802EB800701313846D04600F092
:10F6D000E7FB0199814600280DF22C6A40F0BD80BD
:10F6E0003846FFF721FB8146002840F0B68065B11F
:10F6F000CBF100053846394622464346CDF800A0F6
:10F7000006F0E2FA0135681CF4D1701C30FA0BF0F7
:10F71000C24600F02A8106984FF00008D0F8049005
:10F7200000200290002700200DF22C6507E00798CA
:10F73000224601465346009506F0C6FA0120B8F16C
:10F74000000F014606D1B9F1000F43D0A9F101091C
:10F750004FF020080698A8F10108806850F82900A9
:10F7600020FA08F000F0010252EA01004FF0000018
:10F77000E5D0012908BF002AD9D00137BBEB07002B
:10F78000029902FA00F041EA00014FF002000291F2
:10F79000D5D1CDF810B05F46DDF81CB058465946BB
:10F7A00022465346009506F08FFA013FF6D10298A3
:10F7B0000BA900EB4000224601EB8001584653465E
:10F7C000009506F081FA0021DDF810B001200291C9
:10F7D0000027B4E7DDE90168CDF814A017B30120D4
:10F7E000079DDDF814A000FA0BF0049003E0013F40
:10F7F0004FEA480816D028462946224653460DF2BD
:10F800002C69CDF8009006F05FFA049810EA480FD2
:10F81000EDD02846314622465346CDF8009006F0FA
:10F8200053FAE4E70120079DCDF85006CDF84406D1
:10F83000CDF848060DF5CA60059BCDF84C060DF2D3
:10F840004461284622460DF22C67009706F03CFAE8
:10F850000398002875D04FF00009ABF10100012496
:10F8600004FA00F030FA0BF14BD0109830B10F9938
:10F87000890001F03DFD10980BF01AFFDDF83446C9
:10F88000DDF87876012600250E960F95109544B187
:10F89000DDF830068100204601F02AFD20460BF0FD
:10F8A00007FF0A98CDF82C66CDF83056CDF83456BF
:10F8B00030B10999890001F01BFD0A980BF0F8FEA0
:10F8C00001200890002009900A900FB1B86898B9FB
:10F8D000DDF8400640B1DDF83C16890001F008FD76
:10F8E000DDF840060BF0E4FE0120CDF838060020DC
:10F8F000CDF83C06CDF8400648460DF2546DBDE803
:10F90000F08F00EB40010BAA02EB8101461C01F1D4
:10F910000807002509E000BF47E9024547F80C5BEE
:10F9200036FA0BF006F101069FD138680028F3D0B3
:10F9300057F8041C890001F0DBFC38680BF0B8FEB6
:10F94000EAE70699486800283FF485AF88680078A0
:10F95000C0073FF480AF4FF0FF30286028462146B3
:10F960002A46FFF7B3F8814677E706F10208606898
:10F9700007F10C05411C284600F092FA0028F2D14C
:10F9800028463946FFF7D0F900280DF22C67EAD156
:10F990000199284622465346009706F095F938FA11
:10F9A0000BF008F101082F46E1D0B4E62DE9F04F45
:10F9B00081B00E4605468C0889074FF0010018BF3C
:10F9C00000EB960469689946A14293462DD065B133
:10F9D000A86828B1890001F08BFCA8680BF068FECC
:10F9E00001200021C5E90001A96001210020C5E92D
:10F9F000001042F210718C42A86004D96FF00F071A
:10FA0000002867D011E034B120460421F0F788FCCB
:10FA100030B1C5E901400027012000285AD004E098
:10FA20006FF00F070020002854D06F6827B100271F
:10FA3000012000284ED026E001200421F0F770FCC0
:10FA4000E8B1D5F808A08046BAF1000F11D0CDF882
:10FA500000B04FEA870B404651465A46F0F7A2FBEA
:10FA600050465946DDF800B001F042FCA8680BF0A2
:10FA70001FFE01200027C5E9010858B303E06FF01D
:10FA80000F07002030B3D5E90110C6EB84088900C8
:10FA9000F0F7AFFBA868002701210760296000EBA1
:10FAA000080148463246D8476FF000402044B0F184
:10FAB000FF3F0FDCA86800EB840108394B6802683F
:10FAC0001BBA40F8043B12BA4A608842A1F1040113
:10FAD000F4D90027384601B0BDE8F08F002808BFF0
:10FAE000704710B50446806830B16168890001F044
:10FAF000FFFBA0680BF0DCFD01200021C4E9000140
:10FB0000A160BDE8104070472DE9F04F87B0154661
:10FB10008046012000220490CDE9010204A8CDE92D
:10FB200005220392FFF700F90746002840F08C8178
:10FB300001A82946FFF7F8F80746002840F084811D
:10FB4000059890B106990022002351F8236002F134
:10FB50002007002526FA05F4E40709D10135202DF8
:10FB6000F8D1013383423A46EFD14FF0000B01E068
:10FB700002EB050B029890B103990022002351F883
:10FB8000236002F12007002526FA05F4E40708D1D6
:10FB90000135202DF8D1013383423A46EFD10020C0
:10FBA00000E05019584538BF834604A8594600F074
:10FBB000B5FF0746002840F0478101A8594600F0EC
:10FBC000ADFF0746002840F03F814FF0010A0DF1DC
:10FBD0001009CDF804A0CDF810A003E00027002FF5
:10FBE00040F03281DDE9050103460A1F5BB1194689
:10FBF00052F82330002BA1F10103F7D0049A002919
:10FC000008BF0A4600E00022002A00F0128190B1ED
:10FC100006990022002351F8236002F120070025F5
:10FC200026FA05F4E40708D10135202DF8D1013377
:10FC300083423A46EFD1002100E05119484600F0D6
:10FC40006DFF002840F0FF80029890B103990022D8
:10FC5000002351F8236002F12007002526FA05F45D
:10FC6000E40708D10135202DF8D1013383423A460B
:10FC7000EFD1002100E0511901A800F04FFF00284A
:10FC800040F0E180DDE90520043800BF11463AB1BB
:10FC900050F82120002AA1F10102F7D0501C00E009
:10FCA0000020DDE90272131F3A464FB153F822706B
:10FCB000002FA2F10107F7D07B1C114303D004E011
:10FCC0000023114301D1002128E0984201D9049971
:10FCD00024E0834202D9019841421FE0049901299E
:10FCE00004DB019A002A01D5012117E0019A012ABB
:10FCF00004DB002902D54FF0FF310FE0039A069B89
:10FD0000043A043B0028DED053F8207052F82060FB
:10FD1000B74203D8A0F10100F4D24942002918D417
:10FD20004846494601AA00F09FFF002840F08B801A
:10FD3000059D35B306980021043800BF50F82520F2
:10FD400041EA520140F82510013D4FEAC271F5D158
:10FD500044E701A801464A4600F086FF002872D118
:10FD6000029D55B303980021043800BF50F82520A8
:10FD700041EA520140F82510013D4FEAC271F5D128
:10FD80002CE701200421F0F7CBFA064688B3069F42
:10FD90007FB14FEA850A304639465246F0F702FAFB
:10FDA000384651464FF0010A01F0A2FA06980BF0CE
:10FDB0007FFC0027CDE905A61DE001200421F0F716
:10FDC000AFFA064628B3039F7FB14FEA850A304653
:10FDD00039465246F0F7E6F9384651464FF0010AE7
:10FDE00001F086FA03980BF063FC0027CDE902A628
:10FDF00011E06FF00F07002E3FF4F1AEDDE90510C2
:10FE00008900F0F7F6F9069800210160CDF810A0FE
:10FE1000E5E66FF00F07002E3FF4E1AEDDE90210DA
:10FE20008900F0F7E6F9039800210160CDF804A0FD
:10FE3000D5E601A8594600F0D1FD074620B901A931
:10FE40004046FEF771FF0746069830B105998900D4
:10FE500001F04EFA06980BF02BFC01200490039859
:10FE600000210591069130B10299890001F040FA14
:10FE700003980BF01DFC384607B0BDE8F08F00007A
:10FE80004268B1EB421F24BF0020704780684A09D6
:10FE900050F8220001F01F01C84000F00100704737
:10FEA0002DE9F04381B00C4642F210718C4204D926
:10FEB0006FF00F0001B0BDE8F08347680546A74228
:10FEC0001BD220460421F0F72BFA0028F0D0D5F8F9
:10FED00008900646B9F1000F0DD04FEA870830466A
:10FEE00049464246F0F75EF94846414601F000FABD
:10FEF000A8680BF0DDFBC5E90146002001B0BDE8B4
:10FF0000F083000001210022C0E9001282607047E6
:10FF10002DE9F04F9BB00F46516814460546481E28
:10FF2000411C1CD0A16851F8201001380029F7D0DD
:10FF3000811C022916D2C9B1206800281BD40139BE
:10FF40004A1C67D0A26852F82120012A15D8002A3D
:10FF5000A1F10101F4D14042012810DA5DE0002155
:10FF60000229E8D32068012809DA56E04FF0FF3073
:10FF7000012804DA51E04FF0FF3001284DDB012069
:10FF800000211590CDE91611CDE912011491CDE9AA
:10FF90001011CDE90C01CDE90E10CDE918011A912F
:10FFA000CDE90A11CDE90601CDE90810CDE904112A
:10FFB000CDE90001CDE9021018A839462246FFF725
:10FFC000A3FD0646002840F03781DDE9191004380A
:10FFD000D1B150F821304A1E002B1146F8D0511CE7
:10FFE000022914D2E1B1189800281DD41A9A043AB3
:10FFF00001B352F82130012B18D8002BA1F10101D7
:020000040001F9
:10000000F6D1404298B918E000210229EAD31898A5
:1000100068B912E000200128B1DA6FF0030681E12F
:100020004FF0FF3018B908E04FF0FF3028B16FF003
:100030000D0601E100200028F9D115A83946224615
:1000400000F0DAF90646002840F0F68012A815A95B
:10005000FEF76AFE0646002840F0EE8009A8214619
:10006000FEF762FE0646002840F0E68006A821461C
:10007000FEF75AFE0646002840F0DE800FA8012158
:1000800000F074F90646002840F0D6800CA8002144
:1000900000F06CF90646002840F0CE8003A800214D
:1000A00000F064F90646002840F0C6806846012149
:1000B00000F05CF90646002840F0BE8009AF0DF163
:1000C000540B0DF118080DF10C09EA46149800784C
:1000D000C0072DD112A8012100F020FD002840F01A
:1000E000AA8011980078C00703D10E980078C00745
:1000F0000FD00FA801463A46FEF7E8FC002840F072
:100100009A800CA801465A4600F050FE002840F0A4
:1001100092800FA8012100F001FD002840F08B80A3
:100120000CA8012100F0FAFC06460028CED083E09E
:1001300008980078C00729D14046012100F0EEFC64
:10014000002878D105980078C00703D1029800787C
:10015000C0070DD0484649463A46FEF7B7FC00288E
:1001600069D1504651465A4600F020FE002862D11F
:100170004846012100F0D2FC00285CD15046012104
:1001800000F0CCFC06460028D2D055E012A841462B
:10019000FEF776FD002811D412A80146424600F071
:1001A00005FE002847D10FA801464A4600F0FEFD93
:1001B000002840D10CA8014652460EE04046414678
:1001C00012AA00F0F3FDB0BB484649460FAA00F062
:1001D000EDFD80BB504651460CAA00F0E7FD50BB38
:1001E00012A80021FEF7F8FC00287FF46FAF03AFE0
:1001F00038460021FEF7F0FC002808D5384639467D
:100200002246FEF763FC06460028F1D014E003AF57
:1002100038462146FEF734FD002808D438463946D2
:10022000224600F0C3FD06460028F1D004E003A9F1
:100230002846FEF779FD0646179830B116998900D1
:1002400001F056F817980BF033FA149801250024A2
:1002500015951694179430B11399890001F048F858
:1002600014980BF025FA119812951394149430B148
:100270001099890001F03CF811980BF019FA0E98CA
:10028000012500240F951094119430B10D99890027
:1002900001F02EF80E980BF00BFA1A980C950D94AD
:1002A0000E9430B11999890001F022F81A980BF0D8
:1002B000FFF90B9801250024189519941A9430B170
:1002C0000A99890001F014F80B980BF0F1F90898DD
:1002D00009950A940B9430B10799890001F008F848
:1002E00008980BF0E5F90598012500240695079478
:1002F000089430B10499890000F0FAFF05980BF0DA
:10030000D7F9029803950494059430B101998900B6
:1003100000F0EEFF02980BF0CBF9012000900020D6
:10032000CDE9010030461BB0BDE8F08FB0B54168A3
:10033000002904BF0020B0BDD0F808C0002200236F
:100340005CF8230002F1200E002400BF20FA04F51F
:10035000ED071CBF1019B0BD0134202CF6D10133BC
:100360008B42724604BF0020B0BDE9E72DE9F0439F
:1003700081B0476804460D461FB10026012080B3B6
:100380001DE001200421EFF7CBFF70B3D4F80890F3
:100390000646B9F1000F0DD04FEA870830464946AE
:1003A0004246EFF7FFFE4846414600F0A1FFA06835
:1003B0000BF07EF90120C4E90106002688B1D4E9DA
:1003C00001108900EFF715FF2846002D48BF68424D
:1003D000A168B5F1FF3F08604FF0FF30C8BF0120B2
:1003E0002060304601B0BDE8F0836FF00F060020BA
:1003F0000028F6D0E3E70000B0B514460A4661686D
:100400000546481E411C0CD0A36853F82030013823
:10041000002BF7D029B12068002844BF6FF00900F5
:10042000B0BD002029462346FEF7E4FC002818BF93
:10043000B0BD6868013800BF411C0DD0AA6852F8F1
:1004400020200138002AF7D0002914BF2868002096
:10045000002804D416E000BF0020002812D528464A
:1004600029462246FEF732FBE0E700BF2968002953
:1004700044BF0020B0BD28462946224600F096FC25
:1004800000284CD168680138411C09D0AA6852F88C
:1004900020200138002AF7D000F1020C02E000BF52
:1004A0004FF0000C6268531E5A1C07D0A06850F829
:1004B0002300013B0028F7D0023300E0002300298D
:1004C00008BF002A06D09C45D0D8634504D92068CF
:1004D0004142CCE70021CAE72968012902DB2068F4
:1004E000002818D42068012804DB002902D54FF029
:1004F000FF31BCE7ACF10100421C0ED0AA68A36832
:1005000052F8202053F820309A42B0D8A0F10100D0
:10051000F2D24942ABE70121A9E70021A7E7B0BD2C
:100520002DE9F04F89B090468B460246012000210C
:100530005A450690CDE90711CDE9030105910292D4
:1005400010D042451BD0DBF804000138411C22D0FA
:10055000DBF8081051F8201001380029F6D000F11E
:1005600002091AE006AF38465946FEF7DDFB029A4B
:100570000546002840F07781BB464245E3D103AFF2
:1005800038464146FEF7D0FB029A0546002840F067
:100590006A81B846D7E74FF00009D8F8040001385F
:1005A000411C09D0D8F8081051F820100138002952
:1005B000F6D000F1020A01E04FF0000A0AEB090749
:1005C00042F21070874204D96FF00F05002010BB73
:1005D00049E15668BE4219D238460421EFF7A0FE21
:1005E000E8B3029A0546946874B1B60028462146DD
:1005F0003246EFF7D7FD2046314600F079FE0298EB
:1006000080680BF055F8029AC2E9017500250120B7
:10061000002800F0288154681CB10025012038BB57
:1006200021E101200421EFF77BFED0B1029A0746B9
:10063000956875B1A400384629462246EFF7B2FD09
:100640002846214600F054FE029880680BF030F8EE
:10065000029A01200025C2E9010748B903E1029A84
:10066000B2E7029A6FF00F050020002800F0FB802F
:10067000D2E9011001958900EFF7BBFDDDF808C054
:100680000022DCF80800BAF1000F02604FF0010010
:10069000CCF8000000F0DE80DCF80800D8F8081084
:1006A00000EB8A00AAF1010ADBF8084051F82A5051
:1006B000B9F1100FA0F104074FF000034E46C0F04F
:1006C000758000BF54F8040B3968E5FB601347F8E8
:1006D000041B54F8040B3968E5FB601347F8041B4E
:1006E00054F8040B3968E5FB601347F8041B54F811
:1006F000040B3968E5FB601347F8041B54F8040B3E
:100700003968E5FB601347F8041B54F8040B39689B
:10071000E5FB601347F8041B54F8040B3968E5FB4C
:10072000601347F8041B54F8040B3968E5FB6013A9
:1007300047F8041B54F8040B3968E5FB601347F8CD
:10074000041B54F8040B3968E5FB601347F8041BDD
:1007500054F8040B3968E5FB601347F8041B54F8A0
:10076000040B3968E5FB601347F8041B54F8040BCD
:100770003968E5FB601347F8041B54F8040B39682B
:10078000E5FB601347F8041B54F8040B3968E5FBDC
:10079000601347F8041B54F8040B3968E5FB601339
:1007A00047F8041B103E0F2E3FF68CAF082E3AD3AD
:1007B00054F8040B3968E5FB601347F8041B54F840
:1007C000040B3968E5FB601347F8041B54F8040B6D
:1007D0003968E5FB601347F8041B54F8040B3968CB
:1007E000E5FB601347F8041B54F8040B3968E5FB7C
:1007F000601347F8041B54F8040B3968E5FB6013D9
:1008000047F8041B54F8040B3968E5FB601347F8FC
:10081000041B54F8040B3968E5FB601347F8041B0C
:10082000083E072EC4D846B154F8040B3968E5FBDE
:10083000601347F8041B013EF6D1381F50F8041F1F
:10084000CF1842F100038F420760F7D3BAF1000FCF
:100850007FF422AFDBF80000D8F80010019D01FB07
:1008600000F0CCF80000059830B10499890000F040
:100870003FFD05980AF01CFF012003900898002412
:100880000494059430B10799890000F031FD08986F
:100890000AF00EFF2846079409B0BDE8F08F00006B
:1008A0002DE9F04F81B093460446950892074FF02A
:1008B000010018BF00EB9B0562688846AA422DD054
:1008C00064B1A06828B1910000F012FDA0680AF0A0
:1008D000EFFE01200021C4E90001A16001210020F8
:1008E000C4E9001042F210718D42A06004D96FF08B
:1008F0000F07002868D011E035B128460421EFF732
:100900000FFD30B1C4E901500027012000285BD061
:1009100004E06FF00F070020002855D066681EB174
:1009200000270126FEB928E001200421EFF7F8FC9A
:1009300000284DD0D4F808900746B9F1000F0DD02B
:100940004FEA860A384649465246EFF72BFC48469E
:10095000514600F0CDFCA0680AF0AAFE0126C4E9C9
:10096000016700274EB1D4E901108900EFF741FC7F
:10097000A0680021016001202060B8FA88F04009D9
:1009800086F0010108431FD1CBEB8500A1685A46D0
:1009900008444146EFF706FC6FF000402844B0F1F0
:1009A000FF3F01DD00270FE0A06800EB850108395B
:1009B0004B6802681BBA40F8043B12BA4A6088428E
:1009C000A1F10401F4D90027384601B0BDE8F08F49
:1009D0006FF00F070026002EC5D1CEE72DE9F047B6
:1009E000476804460D4657B1781E00BF48B1A1685C
:1009F00051F8201001380029F8D0013002E0002021
:100A000018E00020A16851F8201000290ED400231E
:100A10004FF000421E2B03F1010605D801EA5203F4
:100A20005208002B3346F5D0714200E0002101EB63
:100A3000401020302844B0EB471F31D9460901212E
:100A4000C20618BF01EB501642F21070864203D95D
:100A50006FF00F0000211FE0B7421BD23046042187
:100A6000EFF75EFC0028F3D0D4F808808246B8F196
:100A7000000F0DD04FEA8709504641464A46EFF72E
:100A800091FB4046494600F033FCA0680AF010FE96
:100A9000C4E9016A00200121002908BFBDE8F087F0
:100AA0006E09202D05F01F0515D36068B04231D9BD
:100AB000A268A2EB8601131F043900BF51F8207011
:100AC000421E43F82070B2421046F7D81AB1A0680F
:100AD0009100EFF78EFB002D04BF0020BDE8F087EA
:100AE0006068864224BF0020BDE8F087A068C5F199
:100AF0002001002250F8263003FA05F73A4340F867
:100B000026206268CB40013696421A46F2D3002076
:100B1000BDE8F0870246002AD9D1DCE7F0B581B004
:100B200047680446B7EB511F06D311F01F004FEA88
:100B3000511223D0BA4221D127B10025012000282B
:100B400062D026E001200421EFF7EAFBE8B1A668B5
:100B5000054666B1BF00284631463A46EFF722FB0C
:100B60003046394600F0C4FBA0680AF0A1FD012020
:100B7000C4E901050025002846D00AE020292BD32E
:100B80006168914210D100211BE06FF00F05002039
:100B9000D0B3D4E901108900EFF72BFBA068002146
:100BA0000160012020602FE0A368002103EB820791
:100BB00057F8216043F8216066680131B61AB142E6
:100BC000F6D36268914207D2A268002342F821302E
:100BD00067680131B942F9D398B1616899B1A368E6
:100BE000C0F12002043B002753F8216026FA00F5EB
:100BF0002F4343F82170013906FA02F7F4D100259A
:100C000002E0002500E00025284601B0F0BD00000C
:100C10004168002904BF00207047013941B1826852
:100C200052F821200139002AF8D001F1010C01E02D
:100C30004FF0000C806850F82C0000280ED40023E0
:100C40004FF000421E2B03F1010105D800EA5203C8
:100C50005208002B0B46F5D0484200E0002000EB84
:100C60004C102730C00870472DE9F04383B081460F
:100C7000012016460F4600900020914501900290F9
:100C800009D0B94512D048463946FEF74DF804461A
:100C9000002861D10AE0E84640463146FEF744F8B4
:100CA0000446002858D14646B945ECD17168012068
:100CB000C9F80000481E00BF411C07D0B26852F8B6
:100CC00020200138002AF7D0023000E0002000295F
:100CD0004FF0000440D0D9F80810B268002300BFDC
:100CE00051F823700025A742A7EB040741F82370B1
:100CF00052F8236038BF0125B74238BF0135BF1B0A
:100D000041F82370013398422C46E9D11DB3D9F83C
:100D10000420904202D251F8203023B1904215D1E4
:100D20006FF0090426E04FF0FF3300BF41F8203098
:100D3000D9F80420471C974205D201EB8000406897
:100D400000283846F2D038469042E9D051F82020A9
:100D5000013A41F820200024029830B1019989001D
:100D600000F0C6FA02980AF0A3FC012000900020CF
:100D7000CDE90100204603B0BDE8F0831346002A08
:100D800048BF534280B584B000934FF0FF33B2F1B7
:100D9000FF3FC8BF0123012202926A46039201AAC3
:100DA000019300F003F804B080BD0000F0B581B0FD
:100DB0000B460D681168074601FB05F101290DDBA3
:100DC0005868411E084601310FD0996851F820102B
:100DD0000029A0F10101F5D0023107E0384619469B
:100DE000FDF798FDB0B301B0F0BD00215668013E9B
:100DF0003446013608D0966856F82460002EA4F1D7
:100E00000106F5D0023600E00026204001301BD05C
:100E1000B14219D88E420ED8481E00BF411C13D0D3
:100E20009968966851F8201056F82060B1420BD8A6
:100E3000A0F10100F2D2384611461A46FFF714FF1E
:100E40000028D0D16D4205E038461946FFF70CFF67
:100E50000028C8D100203D6001B0F0BDF0B581B0E0
:100E600004464068B2EB800F4FEA800709D9881822
:100E7000D21BC61B08461146EFF7BBF93A4631466E
:100E800014E0974212D9D4F808C0D300104600BF2E
:100E900020F003065CF8066003F01805EE40360605
:100EA00018D10130874203F10803F1D17AB1481E0D
:100EB00000210023A76823F00306BF5901F018069C
:100EC000F74087540133013A01F10801F2D10020C3
:100ED00001B0F0BD6FF0070001B0F0BD10B5032800
:100EE00008D14EF24C444FF2350CC0F20104C0F26E
:100EF000010C12E04EF24C4EC0F2010E744600BFDF
:100F000054F814CFBCF1000F04BF6FF02D0010BDDA
:100F10009EF82430A6468342F2D16068C1F800C032
:100F20001060002010BD0000F0B581B00C46C0B1CB
:100F3000054646684EF2D8474EF6DD70C0F201070E
:100F4000C0F2010003E000BF57F8140F48B1796800
:100F5000B142F9D1A9683246EFF7A9F90028F3D1D7
:100F600000E00027002F0FBF6FF02D00387C2070AD
:100F7000002001B0F0BD00002DE9F04190460D4683
:100F8000B8B1064647684EF228544FF21700C0F237
:100F90000104C0F2010002E054F8140F48B1616886
:100FA000B942F9D1B1683A46EFF781F90028F3D197
:100FB00000E00024002C04BF6FF02D00BDE8F0819C
:100FC000207C2870607C88F800000020BDE8F0815B
:100FD000F0B581B00C46C0B1054646684EF2DC570C
:100FE0004FF27E00C0F20107C0F2010003E000BF33
:100FF00057F8140F48B17968B142F9D1A96832465F
:10100000EFF755F90028F3D100E00027002F0FBFBC
:101010006FF02D0038692060002001B0F0BD0000A5
:1010200020B1006810B1C268084610470020704720
:10103000F0B5D0F800E084464CF20010BEF1000F8D
:10104000CFF6FF7013D0DEF81C70002F08BFF0BD84
:101050003E46DDE9074EDDE90575DCF80400B446DF
:10106000CDE9074ECDE90575BDE8F0406047803019
:10107000F0BD0000002808BF704710B504460068A6
:1010800010B1816A6068884720460821BDE8104099
:1010900000F02EB920B1016811B140688968084795
:1010A0000020704720B1006800281CBF00787047FE
:1010B000002070474EF2D031C0F20101012818BF64
:1010C00000210846704700000021C0E90011704768
:1010D0002DE9F04389B01446002705AA30230546C0
:1010E0008DF80770F9F798F810B1A0F5745740E043
:1010F0002868059906AA461802AB28463146CDE96C
:1011000002770497F8F7C6FE10B1A0F56A571AE007
:101110004CF2803706A80DF10701CFF6FF77FFF7F5
:1011200003FF80B99DF8070001280BD1029807F54D
:101130000077052818BF002805D10398002808BFAC
:10114000002700E00027A7B905AA28463146F8F78E
:1011500043FF10B1A0F56C570BE0286805994CF2DD
:101160008038CFF6FF78084408F58D79B0424F46B5
:1011700003D0384609B0BDE8F0839DF80700FFF7BB
:1011800099FFF0B10146204600F01EF807460028FE
:10119000EFD19DF80700012805D162682846314645
:1011A00005F04AF98046B8F1000F474603D1286898
:1011B000871B18BF4F46002F1CBF2046FFF75AFF62
:1011C000D7E74746D5E7000070B54CF28014CFF65C
:1011D000FF7411B10646006808B1204670BD486A28
:1011E0000D4680470028706004BFA4F5807070BD74
:1011F00000243560204670BD2DE9F04F81B00646D1
:1012000000684CF28015CFF6FF7558B30DF1280B2E
:1012100089460D999BE8800C1C46904613B101202D
:1012200000B30CE048460091FDF7A0FA20B1FDF7AD
:10123000B5F90446012000E00020009990B1306823
:10124000D0F814C0BCF1000F0BD070680D91CDE93F
:101250000BAB4946424623460A9701B0BDE8F04F22
:101260006047803D284601B0BDE8F08F2DE9F0438E
:1012700083B0164612684CF28015CFF6FF757AB12E
:101280000F46D168984604468847A5F1800920B1E9
:10129000062C04D105F5A06502E04D4600E01FB123
:1012A000284603B0BDE8F08330680028F8D00B9FD3
:1012B00037B94046FDF75AFAB0B1FDF76FF9074666
:1012C00001200028ECD0306805695DB1DDE90C141F
:1012D0000A9A7068009141463B460194A84703B0C2
:1012E000BDE8F0834D46DBE700200028D8D0EAE7D0
:1012F000002908BF70470A464EF24841C0F201017A
:101300000B680021184700002DE9F04F83B04BF621
:1013100000640E460546CFF6FF7400F03FF8C8BBE8
:10132000304600F03BF8A8BB3046012105F0E0FB59
:1013300080BB06F1080906F12C0706F1380A06F110
:10134000200B002006F11408CDE90100484639467B
:1013500052465B46CDF8008001F062F8D0B906F144
:10136000500006F144035C360090384651465A4618
:10137000019600F0BBFF68B905F108004946FDF78A
:101380007FFC38B905F114004146FDF779FC0028CF
:1013900008BF0446204603B0BDE8F08FF0B581B029
:1013A00000F10805064647684BF600642846CFF66C
:1013B000FF74FFF72DFC87422BD17068B0F5806F6A
:1013C00027D828460021FDF707FC012821DB284605
:1013D0000021FEF755FDE0B1143630460021FDF73F
:1013E000FBFB012815DB2846FDF7CAFB802810D33C
:1013F00030460021FEF744FD58B13046FDF7C0FBF2
:10140000022806D330462946FDF73AFC002848BF9B
:101410000024204601B0F0BD2DE9F04F8FB0044606
:10142000083000210B90FDF7D7FB0A90B0FA80F04E
:1014300040090E9004F12C0000210D90FDF7CCFB2B
:1014400080460028834604F1380018BF4FF0010B96
:1014500000210C90FDF7C0FB82460028074604F1EE
:10146000200018BF012700210990FDF7B5FB0646B3
:10147000B0FA80F0450904F114000021002E18BFD5
:1014800001260890FDF7A8FB8146002818BF4FF001
:10149000010904F1440000210590FDF79DFB079030
:1014A00004F1500000210490FDF796FB069004F132
:1014B0005C0000210390FDF78FFB0BEA070202EAB4
:1014C000060101EA09030E992A4041EA0B0139435A
:1014D00026EA010707EA090702EA090543EA0702C3
:1014E0002A4303460BD141EA060029EA000030B93D
:1014F0004BF68070CFF6FF700FB0BDE8F08F0E9204
:101500000A980DF12C0B9BE8400A28B9B8F1000F9E
:1015100018BFBAF1000F0AD1BFB1DDE90812304699
:101520001D465B46CDF8009000F080F815E030468F
:1015300059464A469846FEF7F3FF58BB3046FFF738
:1015400067FB43466060002FE7D145B1089A1D460E
:10155000099B5846494600F073F92B46D0B9002B39
:1015600018BF0123069A002A18BF012207980028F5
:1015700018BF01200E9991B1104018400FD1049866
:1015800049460090099A059B039F5846019700F031
:101590000DF820B1A0F581400FB0BDE8F08F0E9995
:1015A00020460FB0BDE8F04F05F0A2BA2DE9F04398
:1015B00083B0044668461D4616468946FEF7A2FCDF
:1015C0006DB1684621460122FFF7D8FB074630BBC4
:1015D0006A4628463146FEF70FFF0746F8B9DDE9AF
:1015E0000A588DB1684649460122FFF7C7FB0746F6
:1015F000A8B96A4628463146FEF7FEFEB8F1000F4C
:1016000007460CD01FB10AE0B8F1000F06D04046E3
:1016100049462246FEF77CFC074600E00027684664
:10162000FEF75CFA384603B0BDE8F0832DE9F04FD1
:1016300087B06FF0030783B1DDF840B0BBF1000F56
:101640000BD0814698681C4610B16FF0030704E088
:10165000DBF8080028B16FF00307384607B0BDE893
:10166000F08F0E46484600211546FDF7B5FA0128D1
:101670000FDB28460121FDF7AFFA01280CDB2846D5
:101680004946FDF7FDFAB0F1FF3F08DD6FF00307B3
:10169000E3E76FF00307E0E76FF00307DDE73046AD
:1016A0000121FDF799FA012809DB30464946FDF78B
:1016B000E7FAB0F1FF3F05DD6FF00307CDE76FF00C
:1016C0000307CAE701A8FEF71DFC04AF3846FEF782
:1016D00019FC384629463246FEF722FF074630B944
:1016E00004A801460122FFF749FB074630B101A8D3
:1016F000FEF7F4F904A8FEF7F1F9AEE704A8FEF747
:1017000015FE1FFA80F8B8F1000F00F08E8004A8D3
:101710004146FFF703FA07460028E8D1D9F8080048
:1017200001AD006800F007064BF62800C0F201008A
:10173000012E08BF013001782846FEF717FE20462B
:1017400029464A46FEF7E0F907460028CFD1701E29
:10175000B0FA80F045090DF1040A20460121FDF799
:101760003BFAA8B10135A8B235285ED8A8B24BF62D
:101770002801C0F20101095C5046FEF7F7FD204642
:1017800051464A46FEF7C0F907460028E5D0AEE7C5
:101790005046514604AA4B46CDF800B0FDF7C0FDB7
:1017A00000284BD1012650460121FDF715FA70B3F0
:1017B000504651460122FDF771F900283ED12046DE
:1017C00051464A46FEF7A0F9C0BB20460121FDF76D
:1017D00003FA012805D120464946FDF751FA0130A8
:1017E00026D0504651460122FFF7C8FA30BB50467A
:1017F00051465246FEF794FE00BB504651464A46BB
:10180000FEF7FAFDD0B90136B0B24045CBD950460B
:101810000121FDF7E1F900286FF003077FF467AFBE
:101820000135A8B23628A1D361E76FF003075EE760
:10183000584600214A462346FDF7DCFA074656E79C
:101840002DE9F04186B05BB10E46074618460021EF
:101850001D461446FDF7C0F940B16FF0030701E0E3
:101860006FF00307384606B0BDE8F0813846012125
:10187000FDF7B2F9012844DB30460121FDF7ACF950
:10188000012841DB20460021FDF7A6F900283ED0C3
:101890000DF10C084046FEF735FB6846FEF732FBBB
:1018A000404639460122FFF769FA074610BB6846F1
:1018B00031460122FFF762FA0746D8B903A96A4602
:1018C0002846FEF721F90746A0B903A86A46014653
:1018D000FEF726FE074668B903A8002102462B46FC
:1018E000FDF788FA074628B903AA28462146FEF7DD
:1018F0000FFB074603A8FEF7F1F86846FEF7EEF87F
:10190000B0E76FF00307ADE76FF00307AAE76FF0EA
:101910000307A7E7002808BF704710B504468C30BE
:10192000FEF7DCF804F19800FEF7D8F804F168003F
:10193000FEF7D4F804F12000FEF7D0F804F13800E7
:10194000FEF7CCF804F12C00FEF7C8F804F11400FF
:10195000FEF7C4F804F10800FEF7C0F804F18000B7
:10196000FEF7BCF804F17400FEF7B8F804F15C006F
:10197000FEF7B4F804F15000FEF7B0F804F14400AB
:10198000BDE81040FEF7AAB84068704770B51D4624
:10199000044649B104F108063046FEF781FF38BB22
:1019A0003046FFF735F9606035B1049A04F12C0038
:1019B0002946FEF775FFD8B9059929B1069A04F1B1
:1019C0003800FEF76DFF98B90799099D39B1089A5B
:1019D00004F12000FEF764FF55B108B108E035B10D
:1019E0000A9A04F114002946FEF75AFF00E000208D
:1019F000002818BFA0F5814070BD000070B50D46ED
:101A0000AC2114460646EEF7F4FBC6E9295470BD36
:101A1000B0B5D0F8A4C0BCF1000F1EBF4BF60070EB
:101A2000CFF6FF70B0BDDDE906ECDDE90454CDE989
:101A300006ECCDE90454BDE8B04000F0FFB9000069
:101A400010B5D0F8A4C0BCF1000F1EBF4BF600705B
:101A5000CFF6FF7010BDDDE9024EDDF810C0CDF805
:101A600010C0CDE9024EBDE8104000F0CDBA000034
:101A7000B0B584B0D0F8A4C0BCF1000F05D04BF6CF
:101A80000070CFF6FF7004B0B0BDDDE90AECDDE90F
:101A90000854CDE902ECCDE9005400F03FFB04B05E
:101AA000B0BD0000B0B584B0D0F8A4C0BCF1000F48
:101AB00005D04BF60070CFF6FF7004B0B0BDDDE985
:101AC0000AECDDE90854CDE902ECCDE9005400F060
:101AD0009BFB04B0B0BD00002DE9F04F9FB00C4659
:101AE0004BF6804B01211E4617460546CFF6FF7B7D
:101AF00004F0FEFF10B10BF540765AE01CA8FEF78B
:101B000001FA19A8FEF7FEF916A8FEF7FBF913A8CB
:101B1000FEF7F8F92CB10AA8FEF7F4F907A8FEF7CA
:101B2000F1F910A8FEF7EEF90DA8FEF7EBF904A8FD
:101B3000FEF7E8F901A8FEF7E5F96A681CA8314646
:101B4000FEF7AEFE064688B905F108081CA8414616
:101B5000FDF796F8B0F1FF3F02DD6FF0030605E0F8
:101B600004A81CA9FDF7E0F8064630B319A8FDF754
:101B7000B5FF16A8FDF7B2FF13A8FDF7AFFF2CB114
:101B80000AA8FDF7ABFF07A8FDF7A8FF1CA8FDF703
:101B9000A5FF10A8FDF7A2FF0DA8FDF79FFF01A864
:101BA000FDF79CFF04A8FDF799FF002E18BFA6F5CE
:101BB000864630461FB0BDE8F08F05F1440A002C80
:101BC00005F1500963D0284621463A4605F05AF8F7
:101BD00006460028CAD11CA805F18C020146FEF772
:101BE0009FFC06460028C1D11CA801464246FEF7CC
:101BF00003FC06460028B9D105F12C0119A80122E1
:101C0000FFF7BCF806460028B0D105F1380116A848
:101C10000122FFF7B3F806460028A7D113A81C211C
:101C200022463B46FDF7C2FE064600289ED10AA882
:101C300019A913AAFEF774FC0646002896D10AA833
:101C400001465246FCF742FF064600288ED113A8F3
:101C50001C2122463B46FDF7A9FE064600287FF4DC
:101C600085AF07A816A913AAFEF75AFC0646002856
:101C70007FF47CAF07AF384639464A46FCF726FF6B
:101C8000064600287FF472AF0DF1280AB94605F127
:101C90002C0705F1740610A81CA952463B46009675
:101CA000FDF73EFB064600287FF460AF05F1380AD9
:101CB00005F180060DA81CA94A4653460096FDF77B
:101CC0002FFB064600287FF451AF1CA810A90DAACF
:101CD000FFF76CF8064600287FF448AF05F15C0278
:101CE00010A81CA9FEF71CFC064600287FF43EAF96
:101CF0001CA810A93A46FEF77FFB064600287FF491
:101D000035AF10A81CA95246FEF70AFC064600286B
:101D10007FF42CAF1CA80DA910AAFCF7D7FE06462D
:101D200000287FF423AF94B11CA805F19802014666
:101D3000FEF7F6FB064600287FF418AF1CA8014604
:101D40004246FEF759FB064600287FF40FAF05F127
:101D5000140205F1680701A81CA943460097FDF786
:101D6000DFFA064600287FF401AF01A804A9FCF7BA
:101D700087FF00285E467FF4F9AE28996A681CA8A0
:101D8000FFF76CF80646F1E62DE9F04784B000F164
:101D90000806074644684BF68075304690468A46EA
:101DA000CFF6FF75FEF734FF844243D17868B0F573
:101DB000806F3FD830460021FCF70EFF012839DB49
:101DC00030460021FEF75CF8A0B307F1140948463D
:101DD0000021FCF701FF01282CDB01AD2846FEF7AE
:101DE00091F87A6828465146FEF75AFD0546D0B963
:101DF00001A83146FCF744FFB0F1FF3F02DD6FF070
:101E0000030510E001A87C68683701464A4633465E
:101E10000097FDF785FA054628B901A841462246F4
:101E2000FFF71CF8054601A8FDF758FE002D18BF66
:101E3000A5F58545284604B0BDE8F0872DE9F04FAB
:101E4000ADF2044DD0F804A0DDF83484AAF10B05FE
:101E50004545C1464BF6807438BFA9461F46012B45
:101E6000CFF6FF7404D1D0F8A430002B40F0C78027
:101E7000AAF201436FF47C76B342C0F0C080DDF873
:101E80002C3427B101AE0096FFF726FE03E001AA2D
:101E90001946FFF779FF8346002840F0AA809DF895
:101EA00004009DF80510012F1DD181F00201BAF147
:101EB000030F40EA0100A446C64637D301A9AAF1A0
:101EC00002034F1C0022002117F8016F1446B6FAD6
:101ED00086F252092243561EA643F6B201EBD611F2
:101EE000013BF1D124E081F00101A446C64608433C
:101EF000BAF1030F4FF0000119D301AAAAF10203AE
:101F0000571C002217F8016FB6FA86F464092243C1
:101F1000D4B2002C08BF01314FF0000408BFF443D5
:101F2000E6B2013B40EA0600ECD101E000210022CC
:101F3000A1F1080340EAD373100608BF43F0010380
:101F4000AAEB0100C846002B08BFA0F10308A9EBCB
:101F50000800ACF5607BB0F1FF3FC8BF4FF0000B4D
:101F6000002B18BFACF1800BBAF10C0F0CD343EA75
:101F7000D07101AA0A3200BF12F8013F002918BF30
:101F80000023013D1370F7D1B0F1FF3FD8BFC84621
:101F900001A85044B9F1000FA0EB09011DD0C9F10F
:101FA000000CA9F10103002507E000BFCA5C013560
:101FB00002EAE6724D45CA540FD0002BA5EB080685
:101FC000F4D062468418875C6478002E48BF3C4693
:101FD00084540132571CF5D1E8E7DDF82854BEF1EE
:101FE000000F04D0DDF830044A46EEF7DBF8C5F800
:101FF000008001A84FF48061FFF77AF95C46204623
:102000000DF2044DBDE8F08F2DE9F04F85B0DDE90C
:102010000EB40E4610994BF680771546012BCFF67D
:10202000FF7703D1D0F8A420002A51D11BF10C0F67
:102030004ED8D0F804900BF10B02914548D3CDE96E
:102040000240A9EB0B00A0F10308002004930870E4
:102050009BB10F4601F1020A0120B8F1000F487050
:102060003AD050464146FF22EEF7BCF86FEA0B002B
:1020700048443C4607EB000A2FE04EB30C4604F1FF
:10208000020A022060700EE0B9FA89F149090028BD
:10209000024618BF0122114318BFA0F5894781F0FD
:1020A00001008244A1B9B8F1000F16D0A8F10108CF
:1020B0004FF06409284651460122B0479AF80010B3
:1020C0000029E1D1B9F10109DED00028F2D0DBE727
:1020D000384605B0BDE8F08F3C46039F0020BBF1B9
:1020E000000F8AF8000005D002990AF101005A4653
:1020F000EEF758F8049848B1384631462A46234648
:102100000094FFF7E9FC05B0BDE8F08F38462146A2
:10211000224605B0BDE8F04FFFF736BE2DE9F04F7F
:1021200081B092468B46DDE90C24DDE90A611D464B
:10213000012B074609D1D7F8A40030B14BF6005067
:10214000CFF6FF7000F5207606E07B6830460094FD
:1021500004F002FE064618B1304601B0BDE8F08F2B
:10216000A5B37D6801202946EEF7DAF8B0B38146C1
:1021700001202946EEF7D4F898B3804638465946F0
:1021800052462346CDF80090FFF7A6FC064698BBC2
:10219000384649464246FFF7F7FD064660BB7A6877
:1021A0002AB3601EA8F101030021174613F8016F3E
:1021B00010F8015F013F86EA050641EA0601F5D104
:1021C000A9B14BF60056CFF6FF7615E0384621460A
:1021D000224601B0BDE8F04FFFF7D6BD6FF00F0605
:1021E000BAE7484609F064FA6FF00F06B4E72046F4
:1021F0004946EDF7D7FF0026484609F059FA404610
:1022000009F056FAA8E700002DE9F04F81B0D0F8A8
:1022100004901D4690460446012B8A4609D1D4F805
:10222000A40030B14BF68040CFF6FF7000F5407748
:1022300029E001204946EEF773F8834670B101208A
:102240004946EEF76DF848B10AAA064607CA4B465A
:10225000009604F081FDD0B1074602E000266FF041
:102260000F07BBF1000F06D058464946FFF740F86C
:10227000584609F01DFA36B130464946FFF738F89E
:10228000304609F015FA384601B0BDE8F08F0D9BD5
:10229000204635B151464246CDF800B0FFF71CFC50
:1022A00003E019465A46FFF76FFD07460028D8D1CC
:1022B000B9F1000F17D0C9F1000000274FF0FF312E
:1022C0000BEB0102731852785B7801315A404318C6
:1022D000013347EA0207F3D1002F1CBF4BF68047BA
:1022E000CFF6FF77BDE70027BBE700002DE9F043FD
:1022F00087B0044604A81D4617468846FDF702FE2F
:1023000001A8FDF7FFFD25B34BF60069002CCFF6C1
:10231000FF796DD004A821460122FEF72FFD064665
:10232000002867D101A829463A46FEF73FFD064638
:1023300000285FD101A804AA0146FEF75DF8064611
:10234000002857D101A80021FCF746FC00284E4682
:1023500050D10E9D15B34BF60069B8F1000FCFF6C2
:10236000FF7945D004A841460122FEF707FD064645
:1023700000283FD101A829463A46FEF717FD064638
:10238000C0BB01A804AA0146FEF736F8064688BB82
:1023900001A80021FCF720FC4E4658BB0F99E9B379
:1023A0004BF60065CFF6FF75002C05F5C07618BF1B
:1023B000B8F1000F1ED004A84246FEF7B1F8064659
:1023C000C0B904A801460122FEF7D8FC064688B928
:1023D00004A801462246FEF70FF8064650B904A8A5
:1023E0000021FCF7F9FB002808BF05462E4601E056
:1023F00009F5C07616F5844F18BF16F5814F03D046
:10240000002E18BFA6F5844604A8FDF767FB01A8B7
:10241000FDF764FB304607B0BDE8F0830026E9E72E
:102420002DE9F04786B0054603A8994692460E4628
:10243000FDF768FD6846FDF765FD002E304618BFC4
:102440000120BAF1000F514618BF0121002D00EA0A
:10245000010418BF002C77D1DDF8388035B1B9F10F
:10246000000F18BFB8F1000F40F08580B9FA89F06D
:10247000400984F0010108434FF0000740F09A80C2
:10248000B8F1000F00F096804BF600653046012150
:10249000CFF6FF75FCF7A0FB012853DB5046012166
:1024A000FCF79AFB01284DDB03A849464246FEF79C
:1024B00037F8074600287DD103A801460122FEF720
:1024C0005DFC0746002875D1684631460122FEF7BB
:1024D00055FC074600286DD103A86A460146FDF762
:1024E0008BFF0746002865D103A80021FCF774FB89
:1024F00000282F465ED103A849464246FEF710F851
:102500000746002856D103A801460122FEF736FCF3
:10251000074600284ED1684651460122FEF72EFCA0
:102520000746002846D103A86A460146FDF764FF26
:10253000074600283ED103A80021FCF74DFB0028E8
:1025400008BF05462F4635E003A831465246FDF741
:10255000E7FF074670BB4BF6006728460121CFF620
:10256000FF77FCF739FB012824DB03A82946FCF799
:1025700087FBF8B970E74BF6006748460121CFF6B4
:10258000FF77FCF729FB012814DB40460121FCF70B
:1025900023FB01280EDB48462946FCF771FBB0F10E
:1025A000FF3F07DC40462946FCF76AFBB0F1FF3FDE
:1025B0007FF75CAF03A8FDF791FA6846FDF78EFA46
:1025C00017F5844F1CBF002FA7F58447384606B087
:1025D000BDE8F08770B50646044656F81C0B80230C
:1025E00000F03F02372A06EB020000F8013B0D46DF
:1025F00004D8C2F13701EDF7FCFD0BE082F03F019A
:10260000EDF7F7FD20463146F9F720FE3046382138
:10261000EDF7EFFDD4E900104FEAC10C84F85BC080
:10262000430DC20084F85430430B400984F856002F
:10263000480D84F85800480B42EA517284F859005A
:10264000480984F85A002046314684F8553084F809
:102650005720F9F7FBFDE07A287060896870A06860
:10266000000AA870A068E870E07B2871E0896871B2
:10267000E068000AA871E068E871E07C2872608A6E
:1026800068722069000AA8722069E872E07D2873E8
:10269000E08A68736069000AA8736069E873E07E85
:1026A0002874608B6874A069000AA874A16900206E
:1026B000E97470BD002814BF5C217047FEF718BE96
:1026C00080B55C21EDF795FD80BD00002DE9F0415E
:1026D00098B00DF104080D46064640465C211446AC
:1026E000EDF787FD42F20130C6F2457003904AF6DD
:1026F0008930CEF6CD7004904DF6FE40C9F6BA0092
:10270000059045F27640C1F2320006904EF2F0108C
:10271000CCF2D23007909DB1402D019509D301AF85
:1027200038463146F9F792FD403D3F2D06F140060F
:10273000F6D82DB108F11C0031462A46EDF732FDDE
:1027400001AD28462146FFF745FF28465C21FEF7EC
:10275000CFFD002018B0BDE8F08100000146002048
:10276000086042F2013248604AF68930C6F245728A
:10277000CEF6CD708A604DF6FE42C86045F27640D6
:10278000C9F6BA02C1F23200C1E904204EF2F012D9
:10279000CCF2D23200208A61704700002DE9F0436C
:1027A00081B0B2B30646006814460D4600F03F09FA
:1027B0008018306002D3706801307060B9F1000F8A
:1027C00011D0C9F14007A7420FD806F11C0808EB49
:1027D000090029463A46EDF7E5FC30464146F9F74F
:1027E00035FD3D44E41B4FF00009402C09D300BFE8
:1027F00030462946F9F72AFD403C3F2C05F14005BB
:10280000F6D834B106EB09001C3029462246EDF714
:10281000C9FC002001B0BDE8F083000080B56C2247
:10282000EDF7C0FC80BD000070B50646044656F8C2
:10283000280B802300F03F02372A06EB020000F845
:10284000013B0D4604D8C2F13701EDF7D2FC0BE095
:1028500082F03F01EDF7CDFC20463146FAF7F0FC5F
:1028600030463821EDF7C5FCD4E900104FEAC10C21
:1028700084F867C0430DC20084F86030430B400900
:1028800084F86200480D84F86400480B42EA5172F3
:1028900084F86500480984F866002046314684F8CB
:1028A000613084F86320FAF7CBFCE07A2870608905
:1028B0006870A068000AA870A068E870E07B2871C2
:1028C000E0896871E068000AA871E068E871E07C5E
:1028D0002872608A68722069000AA8722069E8720A
:1028E000E07D2873E08A68736069000AA8736069F4
:1028F000E873E07E2874608B6874A069000AA8748D
:10290000A069E874E07F2875E08B6875E069000ACB
:10291000A875E069E87594F823002876608C6876DD
:10292000206A000AA876206AE876A06E08B1002026
:1029300070BD94F827002877E08C6877606A000AF9
:10294000A877606AE877002070BD0000002814BFF7
:102950006C217047FEF7CCBC80B56C21EDF749FCCB
:1029600080BD00002DE9F0479CB00DF104080D4634
:10297000064640466C219A469146EDF73AFC49F6E8
:10298000D8604DF207514DF61752CCF20510C3F244
:102990007C61C3F2700245F6391340F6313441F2DE
:1029A0001157BAF1000F04BF4EF26760C6F6092056
:1029B00001BF4AF68561CBF667314FF27232C3F63A
:1029C0006E42CFF20E73CFF6C074C6F658070DF103
:1029D0000C0CBAF1000F04BF4FF23A53CAF24F5336
:1029E00004BF45F27F24C5F20E1404BF46F68C07DF
:1029F000C9F605378CE8070048F6A77044F6A471BD
:102A0000BAF1000FC6F2F940CBF6FA61069304BFA3
:102A10004DF6AB10C1F683700794089704BF4CF6CF
:102A20001951C5F6E031CDE90901CDF86CA09DB191
:102A3000402D019509D301AF38463146FAF700FC25
:102A4000403D3F2D06F14006F6D82DB108F1280093
:102A500031462A46EDF7A6FB01AD28464946FFF769
:102A6000E3FE28466C21FEF743FC00201CB0BDE8C5
:102A7000F087000070B5024649F6D86E4DF2075354
:102A80004DF61750CCF2051EC3F27C63C3F2700002
:102A900045F6391440F6313541F21156002904BF8C
:102AA0004EF2676EC6F6092E01BF4AF68563CBF675
:102AB00067334FF27230C3F66E40CFF20E74CFF62A
:102AC000C075C6F65806002904BF4FF23A54CAF240
:102AD0004F5404BF45F27F25C5F20E1504BF46F6DC
:102AE0008C06C9F60536106148F6A7704FF0000C49
:102AF000C2E902E3C6F2F94044F6A4730029C2E930
:102B000000CC546104BF4DF6AB10C1F68370CBF618
:102B1000FA639561D66104BF4CF61953C5F6E033EC
:102B2000C2E908030020916670BD00002DE9F04362
:102B300081B0B2B30646006814460D4600F03F0966
:102B40008018306002D3706801307060B9F1000FF6
:102B500011D0C9F14007A7420FD806F1280808EBA9
:102B6000090029463A46EDF71DFB30464146FAF783
:102B700067FB3D44E41B4FF00009402C09D300BF24
:102B800030462946FAF75CFB403C3F2C05F14005F6
:102B9000F6D834B106EB0900283029462246EDF775
:102BA00001FB002001B0BDE8F083000080B5D82211
:102BB000EDF7F8FA80BD00002DE9F04381B08146C1
:102BC000044659F8500B802300F07F026F2A09EB6E
:102BD000020000F8013B0D4604D8C2F16F01EDF789
:102BE00008FB0BE082F07F01EDF703FB204649462E
:102BF000FAF798FE48467021EDF7FBFAE16894E891
:102C00000D00DE004F0D46EA527ECE0084F8C07003
:102C10004F0B490984F8C210590D84F8C410590BA0
:102C200084F8C510590984F8C610510D84F8C810ED
:102C3000510B84F8C91051094FEA507884F8CA1032
:102C4000410D46EA53764FEAC00C48EAC20284F8C6
:102C5000CC10410B400984F8CD1084F8CE002046FA
:102C6000494684F8C17084F8C36084F8C7E084F8EA
:102C7000CB2084F8CFC0FAF755FEE07D2870A07D08
:102C80006870607DA870207DE870E07C2871A07C71
:102C90006871607CA871207CE871E07F2872A07F59
:102CA0006872607FA872207FE872E07E2873A07E41
:102CB0006873607EA873207EE87394F827002874F8
:102CC00094F82600687494F82500A87494F82400F9
:102CD000E87494F82300287594F82200687594F835
:102CE0002100A87594F82000E87594F82F00287644
:102CF00094F82E00687694F82D00A87694F82C00AD
:102D0000E87694F82B00287794F82A00687794F8EE
:102D10002900A87794F82800E87794F8370085F818
:102D2000200094F8360085F8210094F8350085F8E5
:102D3000220094F8340085F8230094F8330085F8D5
:102D4000240094F8320085F8250094F8310085F8C5
:102D5000260094F8300085F8270094F83F0085F8A5
:102D6000280094F83E0085F8290094F83D0085F885
:102D70002A0094F83C0085F82B0094F83B0085F875
:102D80002C0094F83A0085F82D0094F8390085F865
:102D90002E0094F8380085F82F00D4F8D0000028D1
:102DA0003FD194F8470085F8300094F8460085F844
:102DB000310094F8450085F8320094F8440085F815
:102DC000330094F8430085F8340094F8420085F805
:102DD000350094F8410085F8360094F8400085F8F5
:102DE000370094F84F0085F8380094F84E0085F8C5
:102DF000390094F84D0085F83A0094F84C0085F8B5
:102E00003B0094F84B0085F83C0094F84A0085F8A4
:102E10003D0094F8490085F83E0094F8480085F894
:102E20003F00002001B0BDE8F0830000002814BF7F
:102E3000D8217047FEF75CBA80B5D821EDF7D9F9F3
:102E400080BD00002DE9F047B6B0E8460D460646C5
:102E50004046D8211F469146EDF7CBF949F6D86098
:102E600049F65D52CCF20510CCF6BB324DF207515B
:102E7000002F04BF4CF60810CFF2BC3004BF4EF256
:102E80006762C6F60922C3F27C6104BF4AF23B7155
:102E9000C8F2CA41059242F62A1204904DF6175024
:102EA000C6F29A22C3F27000002F01BF4AF6856273
:102EB000CBF667324FF62B00CFF69460079240F2C4
:102EC0005A12C9F2591204BF4FF27232C3F66E425F
:102ED000069145F6391109924EF6D842CFF20E719D
:102EE000C1F22F52002F01BF43F2F161C5F61D71EF
:102EF0004FF23A52CAF24F52089040F63130CFF6B4
:102F0000C07004BF48F2D120CAF6E6500B9242F2DC
:102F100067620A9141F21151C6F23372C6F6580146
:102F2000002F01BF45F27F22C5F20E1246F61F4167
:102F3000C2F63E310D9244F68722C8F6B46204BF51
:102F400046F68C02C9F605320C9048F6A7700F922F
:102F500042F60D62C6F2F940CDF60C32002F01BFE9
:102F60004BF66B50CFF641304DF6AB12C1F6837283
:102F70000E9144F6A471CBF6FA6104BF42F27911C6
:102F8000C1F27E31119244F61D02C4F2B572002FD7
:102F9000109004BF4CF61952C5F6E032CDE912127A
:102FA0003497E5B3DDE90001002200F07F04401909
:102FB00051F1000142F10002012A0090019106D175
:102FC000DDE90201013041F10001CDE902018CB1DE
:102FD000C4F18007AF420ED808F1500A0AEB040092
:102FE00031463A46EDF7DEF840465146FAF79AFC8C
:102FF0003E44ED1B0024802D09D36F4638463146F0
:10300000FAF790FC803D7F2D06F18006F6D835B1A9
:1030100008EB0400503031462A46EDF7C3F86C4601
:1030200020464946FFF7C8FD2046D821FEF760F943
:10303000002036B0BDE8F08780B502460020D060A1
:10304000C2E9010049F6D86C106049F65D534DF2B3
:10305000075E42F62A10CCF2051C002904BF4CF68C
:10306000081CCFF2BC3CCCF6BB33C3F27C6EC6F27C
:103070009A2001BF4EF26763C6F609234AF23B7EEF
:10308000C8F2CA4E0029536104BF4AF68560CBF6E8
:1030900067304DF61753D06140F25A10C3F27003F7
:1030A000C9F25910C2F810C004BF4FF62B03CFF677
:1030B0009463C2F818E004BF4FF27230C3F66E405A
:1030C000136245F6391350624EF6D840CFF20E73B4
:1030D000C1F22F50002901BF43F2F163C5F61D7301
:1030E0004FF23A50CAF24F50936240F63133CFF666
:1030F000C07304BF48F2D123CAF6E653D06242F24D
:103100006760136341F21153C6F23370C6F6580379
:10311000002901BF45F27F20C5F20E1046F61F437D
:10312000C2F63E33506344F68720C8F6B46004BF4D
:1031300046F68C00C9F60530936348F6A773D06352
:1031400042F60D60C6F2F943CDF60C30002901BFFE
:103150004BF66B53CFF641334DF6AB10C1F683708F
:10316000136444F6A473CBF6FA6304BF42F27913F6
:10317000C1F27E33506444F61D00C4F2B5700029DC
:10318000936404BF4CF61950C5F6E030D0640020BB
:10319000C2F8D01080BD00002DE9F04381B0002AB4
:1031A00043D00D460646D0E90001144600F07F09E1
:1031B000801851F100014FF0000242F10002012A93
:1031C000C6E9000106D1D6E90201013041F1000152
:1031D000C6E90201B9F1000F11D0C9F18007A74279
:1031E0000FD806F1500808EB090029463A46ECF7DB
:1031F000D9FF30464146FAF795FB3D44E41B4FF0BA
:103200000009802C09D300BF30462946FAF78AFB13
:10321000803C7F2C05F18005F6D834B106EB09001F
:10322000503029462246ECF7BDFF002001B0BDE832
:10323000F083000001464DF6B070C0F201009D22FF
:103240008A4208BF704750F8202F002AF8D100208A
:1032500070470000B0B50446002848F60070CFF66D
:10326000FF701DD02168D9B1D4F8AC20CAB1A169D2
:10327000002908BFB0BD00F5A06509E0D4F8AC1086
:1032800081423CBF2846B0BD0A1AC4F8AC201FD00A
:10329000D4F89410A369606A891A98470128EDDA76
:1032A000B0BD6068102833D115200221C4E929017E
:1032B000D4F8A00001210170D4F8A00000214170D1
:1032C0002046012101F086FE002808BF0020B0BD85
:1032D000D4F88C20216C02F10D0004F1900C00292F
:1032E00002F1080302F10B058CE82C00C4F89C00E5
:1032F000C4F8A00004BF0020B0BDD1F8CC20022A41
:10330000A6BFD1E90121511A00210844C4F8A00048
:103310000020B0BD90F8502001F0030102F0F3024C
:1033200042EA810180F8501070470000C0E906129F
:103330007047000010B590F850C0044601F001003D
:103340002CF0030C62F34100604400F0F30200290A
:1033500008BF02F10800022B84F850004FF0033040
:103360000ED1E06440F29020C2F2000040F29C21B5
:103370004EF23842E060C2F20001C0F201020BE0FE
:10338000E06400F0F9FF40F27C214EF22842C2F2E4
:103390000001C0F20102E060C4E90000A06000206A
:1033A0006263616410BD0000B0B50446806B28B153
:1033B000856808F07DF9002D2846F9D12046542172
:1033C000BDE8B040FDF794BF80B55421ECF711FF84
:1033D00080BD00002DE9F04FC9B049F20049CFF699
:1033E000FF79002A4F4600F0D5819346D268002A23
:1033F00000F0D0818A46DBE904318B42C0F0CA81FB
:10340000DBF818505B1AAB42C0F0C481D4465CF8BC
:103410008C3F002B14BF5B780023023B082B00F28B
:10342000B98102EB0108DFE813F01400B501B50122
:10343000B5010900B5010900B5010900DAE9013655
:10344000B34201D15C4654E0082D4AD2A9F5B060E0
:10345000B7E0DAF8CC10A9F5B0600229ACBFDAF811
:1034600004200022DAF80440CDF83480A3189D42ED
:103470002ED3DAF80C301A440132954228D3B5FB2A
:10348000F4F202FB14521ABB02290EDB0AF12400EB
:10349000414622466546ECF785FEDBE90501AC4670
:1034A000A0442044091BCBE90501DBF8180047AA1A
:1034B0000AF1240100900292604622464346CDF86C
:1034C0000480F6F719FF0028CDF8348000F06681FB
:1034D00000244FF0010E4FF00008002C6ED00021A8
:1034E00079E0444608F108080831A5F10800CBE965
:1034F0000510DBF81810DAF81020A9F5B060914239
:103500005FD3CDE90C0809A880E80C100AF124006B
:103510000DF138088D1A0890C6F10C0108EB060071
:10352000CBF818500B2E88BF0021ECF762FE0899EB
:1035300040463246ECF736FE002000BF08EB0002A2
:10354000215C13790130594008281171F6D1DBF85C
:103550000400DDF834803B909BF80800DBF8001095
:103560008DF8F000BBF809000D22ADF8F100280A33
:10357000CDE90028DDE909623A918DF8F30008EB06
:10358000050047A9CDE904100B980EA93AAB8DF8B8
:10359000F450CDE902580696F6F758FE10F5C64FDE
:1035A0000ED070B94798DBF81810401AB0FA80F0C6
:1035B00042090121384642B90746EBE00746E9E0F7
:1035C0000C9800220021002AF6D0CDF834804FF06C
:1035D00000084FF0010E09B10124D0E0DBF804200F
:1035E000DAF80C503B929BF80820DBF81810DAF858
:1035F000CC408DF8F020BBF809204E1BDBF80030E2
:10360000ADF8F120320A012C4FF00004CBF818601D
:103610003A938DF8F3208DF8F460C0F2AF800C90EF
:1036200006EB08000B90B0F58070CDE9081538BFA7
:1036300020460A900EA880217546ECF7DAFD564622
:1036400056F8400FFAF7B0FFC11EAE46022903D369
:1036500007280AD006286DD1DBF81800153000EBDA
:1036600008018909A1EB901007E0DBF818001D3074
:1036700000EB0801C909A1EBD010CEEB0E210D2201
:1036800000EA01073AA93046FBF762F80D9CDBF827
:10369000182030462146FBF75BF8B8F1000F0CD03C
:1036A000DBF8180042462044411E002011F8013F7B
:1036B000013A80EA0300F9D100E000208DF8B8005B
:1036C0009DF8B8002EA93046FAF774FF3046FBF794
:1036D000D9F87C1C0EAF00BF30463946FBF762F8C4
:1036E000013CF9D10EA93046FAF708FF3046FAF747
:1036F000ADFFDDE90A21DAF80C00891A401811D073
:10370000089A099B4244D21A511A0D9A0C9F1144EF
:103710004A1E0021AE4612F8013F013881EA03013A
:10372000F9D102E00C9F0021AE468DF823119DF8DF
:10373000230101244FF00001FCB1DAF80C00DBF8A2
:1037400018208DF8381080B10D9B2EA91A4401392C
:10375000013A12F8013F11F8016F9DF8385073409B
:103760002B4301388DF83830F3D19DF8380001240F
:10377000002818BF4FF0000E00E0002454B1BEF145
:10378000000F05D0002C18BF4FF000094F4601E094
:10379000A9F5B067384649B0BDE8F08FDBF81810DE
:1037A0004798002481424ED101EB080C1CF8013CE3
:1037B000DAF80C20DAF8CC601A44501C81424FF041
:1037C000000E2CBF4FF0010E2346012E03F101081D
:1037D0003DDB0C90B1F580704FF0000E38BF7046A5
:1037E00088424FF0000616D20846B1F5807F28BF08
:1037F0004FF48070A1EB08054042002200260C180F
:10380000AC421CF8004028BF42F00102A34208BFAE
:1038100016440130F3D30C980124814228BF4FF0A5
:10382000010EA6EB0800B0FA80F040091EEA000E77
:10383000704618BF40F2FF1008EA0008A1EB08002C
:10384000CBF8180049E64FF0010E4FF0000838465B
:1038500043E600002DE9F04FC7B0C16849F2004AC5
:103860008346806BCFF6FF7A032957462BD1D0F8D9
:10387000682181F00303527A47F2A17782F00702B0
:103880001A4347F61D03C0F20103C0F2010708BF47
:103890001F4647F6CD0347F69906C0F20103C0F272
:1038A000010648F2F55508BF1E4648F21963C0F2FA
:1038B0000105C0F20103002A08BF1D46C0E9576791
:1038C0000027C0F86451032940F06C81D0F8E01162
:1038D00009B1002717E0DBF8341000F5B87301F1E7
:1038E0003002D0F86471D0F86C1100F5D875402022
:1038F0003026CDE90002AEA228460296B847074618
:10390000002800F00081002F40F04C81DBF83800E7
:1039100007AC00F5B8778ECFD0E960658EC4D0E9EA
:103920006978D0E962CE00F5C879D0F8AC41CDE92C
:103930000B6599E82E020FAE1694CDE914782EC6C9
:10394000159ECDE90DCE00F5B87C8CE82E02C0E9BD
:103950006176C0F88C41DBF8380007AC00F5C87020
:1039600021462022CDF84C90ECF71CFC204640214B
:10397000FDF7BEFCDBE90D85DBF80010DBF8482025
:10398000DBF80C30D8F8040091F85010D5F86491A9
:10399000069114460593C2F8CC30FFF74BFC002883
:1039A000AAF5A06700F0F5800646007AF6F77AFDE2
:1039B000002800F0EE800490707AFAF7D7FE002815
:1039C00000F0E7804FF480714022039008F130004E
:1039D00005F5B8730092029179A2302107AD0195E7
:1039E000C8470746002840F0D480049948780A2840
:1039F00000F2B4804B680121814011F4A86F00F0FF
:103A000087804FF00009C4F80C90317F0C228907A1
:103A10004FF0080158BF10216260042221610A287A
:103A200008BF0C22881AA046A2600C300699C8F87C
:103A3000000011F0010140F0A680284600EB490685
:103A4000D908D8F8085074186718002D08BFD8F89E
:103A5000045008F1140039462A46ECF7A3FB08F19C
:103A6000240079192A46ECF79DFB05985746012852
:103A700007A8C0F28980B9F1000F0DD000EB09054D
:103A800008F1340007A94A46FAF7FCFD08F14000A6
:103A900029464A46FAF7F6FD08F14C0504992846EE
:103AA000F6F786FD074600286ED108F18C080499C8
:103AB0004046F6F77DFD0746002865D1049831465B
:103AC000426828460123F6F747FD074600285BD1E8
:103AD00004982146426840460023F6F73DFD07461C
:103AE000002851D10498407802285FD1284604214B
:103AF000F6F71AFD0746002846D140460421F6F79E
:103B000013FD074640E028463021FDF7F1FBE0E6D3
:103B100011F0840F22D0039EA04608F134003146F4
:103B200001221C46FAF75CFE074668BB08F140001C
:103B300031460122FAF754FE074628BB3046FAF711
:103B40002DFD049AC8F80C008146D068C8F804001E
:103B50005178072904D14846234667E7574618E0BD
:103B60005169B9FBF1F202FB01F24944A2EB0902EF
:103B70001144059AC8F8001022F00102022A02D16D
:103B80002346084452E7574607A84FF48071FDF7D3
:103B9000AFFB3FB9DBF83800402100F5B870FDF706
:103BA000A7FB0027384647B0BDE8F08F0027EBE7BA
:103BB0006D617374657220736563726574000000D3
:103BC0006B657920657870616E73696F6E000000B7
:103BD0002DE9F04FA5B049F2004BCFF6FF7B00294D
:103BE0005C461CBF1546002A03D1204625B0BDE81F
:103BF000F08FEA68002AF8D099460E46D5E90413FA
:103C00009942F2D3A84658F8180FCF1A8742ECD33E
:103C1000B4465CF84C7F002F14BF97F801A04FF01A
:103C2000000AB0F5804F02D9ABF5A064DDE71A4475
:103C30000B921A18BAF1070FA1EB020718BFBAF1DD
:103C4000020F41D1F1688F4202D20BF50074CCE72C
:103C5000D6F8CC100129C8DB69682A681991297A3D
:103C600018928DF86810B5F809108DF86C00ADF851
:103C70006910010A8DF86B1006F1340018A90D22A5
:103C80000A90CDF824C0FAF763FDAA690A980B9947
:103C90000897FAF75DFD0A9F0CA93846FAF78AFCE7
:103CA0003846FAF7D3FCA8690B99F2680844089FD4
:103CB0000CA9ECF777FAF068A969DDF824C0014493
:103CC0003F1A0123A96100E00023AAF1020008289D
:103CD0008BD8DFE800F05805050506050605060047
:103CE00083E730690BF50074874201D200217BE045
:103CF00009907068D6F808A00A9006F114000CAF7D
:103D00000890CAF10C0107EB0A00E1460793BAF1EB
:103D10000B0F88BF0021ECF76CFA08993846524621
:103D2000ECF740FA00203A18295C13790130594029
:103D300008281171F7D1D5E900100B9B1891A969DA
:103D40001990287A0D228DF86800B5F80900CDE9A0
:103D50000023ADF8690008BA000CADF86B005818E4
:103D600005904846DDF8289002AA099F82E80A01DA
:103D70000CA918AB4A460697F6F792FAC8B1079B0A
:103D80000021044630E0D8F8000071680130B0FB33
:103D9000F1F2CDF824C002FB11020BF5007C002AE1
:103DA00018BF8A1A02F1010E774521D2002264461B
:103DB0006DE03069D8F80010079B0844D145C8F879
:103DC00000000FD06869082890D3686829680B9AAA
:103DD00042F8040C42F8081CD5E9050108380831FE
:103DE000C5E905010133012100293FF4FEAE51E090
:103DF0002E98DDF82CA00021D8F8007057447A5492
:103E000001319142F8D9D8F800107144C8F8001077
:103E1000D6F8CC10022918DBB9F1000F36D0696949
:103E200072689142C2D306F1140A51461F46C84730
:103E300018B1002204463B4629E072680B9B5146AC
:103E4000981A9A46ECF7AEF93B460CA87268D8F877
:103E50000070CDE901A00998994606F11401534676
:103E60000097F6F749FA18B1002204464B460EE0D7
:103E7000D8F800000C994B46884207D171686A69EE
:103E80000844521AC5E90520012200E00022002A58
:103E90003FF4ABAE5C1E18BF5C46A6E62DE9F047CA
:103EA0000446C0690D4648F60071CFF6FF71002840
:103EB000084602D1226A002A4AD0A26D236ED21A85
:103EC00044F24D131A44AA4242D3E66F0020AE4298
:103ED00028BFBDE8F08701F5106AA1F5C07801F5AB
:103EE000A06917E0216EE26FE369606A114432460F
:103EF000984700BF002804BF4046BDE8F08727D49C
:103F0000B04284BF4846BDE8F087E16F0E18AE426C
:103F1000E6671CD2616D49B1E06C884702284FF01A
:103F2000000008BF4FF0FF3001E000BF0020AE1BD3
:103F300000285046DED1276A002FD3D02368226E96
:103F4000E16F606A9B6C11443246B847D2E70020AB
:103F5000BDE8F087B0B504468069002848F60070D7
:103F6000CFF6FF703ED0D4F8AC10002904BF00207B
:103F7000B0BDD4F8AC20A2B100F5A065D4F894107F
:103F8000A369606A891A98470128B8BFB0BDD4F800
:103F9000AC1081423CBF2846B0BD0A1AC4F8AC2020
:103FA000ECD1D4F88C20216C02F10D0004F1900CBE
:103FB000002902F1080302F10B058CE82C00C4F87B
:103FC0009C00C4F8A00004BF0020B0BDD1F8CC20F4
:103FD000022AA6BFD1E90121511A00210844C4F8E0
:103FE000A0000020B0BD0000002808BF7047B0B599
:103FF0000446D0F88C0050B144F24D11FDF778F929
:10400000D4F88C0007F054FB0020C4F88C00A06D9D
:1040100040B144F24D11FDF76BF9A06D07F048FB7C
:104020000020A065606C20B100F0F4FD606C07F02A
:104030003FFBA56B5DB305F11000FEF787FC05F1B2
:104040008000FEF7F3FE05F10800FDF713F828469F
:104050004FF4F871FDF74CF9A06C00F0DBFD656BD7
:1040600065B1286E30B107F023FB002085F86800A9
:10407000C5E9180028467021FDF73AF9A06B07F052
:1040800017FBA06C07F014FB606B07F011FB256BAE
:104090007DB1286E30B107F00BFB002085F8680079
:1040A000C5E9180028467021FDF722F9206B07F0BA
:1040B000FFFAD4F8BC5055B12846ECF7D9F80146C0
:1040C0002846FDF715F9D4F8BC0007F0F1FA2046B0
:1040D000C421BDE8B040FDF70BB900004FF48040AB
:1040E0007047000010B5426F0146142A24D0152AEB
:1040F00030D0162A4ED1D1F878C048F60060BCF115
:10410000040FCFF6FF7011D3CB6E9C7893F801E0CB
:104110002402DB7844EA0E44234404330024C1F82B
:1041200080309C4538BF00F5C074204600B110BDFA
:10413000152A0FD0142A2DD1886F012848F6006067
:10414000CFF6FF70F3D1CB6E1B78012B18BF10BDDB
:10415000152A1FD1886F022848F60060CFF6FF703D
:10416000E5D1C96E0A78022A04BFA0F5B06010BD7F
:10417000012A0CD14B78002B04BFA0F5D06010BDF4
:10418000012A04D14978642904BF002010BD00F53C
:10419000386010BD002010BD70B548F60075CFF630
:1041A000FF75D0B104460068B8B105F1800602E0A1
:1041B000002818BF70BD6068102804BF002070BDC3
:1041C000216828460029F3D091F85000C0073046F6
:1041D00004BF204600F004F8EAE7284670BD00005E
:1041E000B0B50446406848F600751028CFF6FF7554
:1041F00006D0A06B20B12046FFF7ACFE10B1B0BDD9
:104200002846B0BD616828460F2988BFB0BDDFE8E9
:1042100001F0080A0F14191E23284F2D32373C4194
:10422000464A01203CE02046BDE8B04003F076BF9E
:104230002046BDE8B04003F07BBC2046BDE8B0405E
:1042400000F0B0B82046BDE8B04003F029BE2046DB
:10425000BDE8B04003F0ECBB2046BDE8B04003F041
:10426000F7BD2046BDE8B04000F080BD2046BDE867
:10427000B04003F0ADBE2046BDE8B04000F0EEBD5A
:104280002046BDE8B04000F02FBE2046BDE8B0405B
:1042900000F0BAB92046BDE8B04000F0F3B90F20F5
:1042A00060600020B0BD204600F008F80020B0BDDE
:1042B0002046BDE8B04004F021B8000070B50446C7
:1042C000806B256BD0F8E0617DB1286E30B107F0CE
:1042D000EFF9002085F86800C5E91800284670212C
:1042E000FDF706F8206B07F0E3F92068616B426A7E
:1042F00000232163636322B1CB6813B10EB9806AD6
:104300009047204600F004F860680130606070BD9E
:10431000B0B5856B044685B105F11000FEF716FBBC
:1043200005F18000FEF782FD05F10800FCF7A2FE12
:1043300028464FF4F871FCF7DBFFA06B07F0B8F9E3
:10434000606C0025A56320B100F064FC606C07F090
:10435000AFF9A06CC4E91105B0BD0000C11E002278
:10436000062938BF821ED0B27047000080B5C42134
:10437000EBF73FFF80BD00004EF29000C0F201005D
:1043800070470000497A806B47F6A17347F6A9721F
:10439000C0F20103C0F20102072908BF1346C0F8AA
:1043A000583170472DE9F04786B00446806B0025F0
:1043B000D0F86801807A0A2864D8012101FA00F057
:1043C00040F29E6108424FF0000609D020680121AA
:1043D00090F85070204600F081FA80B10646002522
:1043E00016B96068013060602DB1284600F0F0FE1B
:1043F000284607F05DF9304606B0BDE8F087656BEA
:10440000286E30B107F054F9002085F86800C5E93E
:10441000180048F2006801204FF4AA71CFF6FF7827
:10442000EBF77EFF10B3054600F048FF606F1628DB
:1044300024D1E16E08780B2852D1D4F880000A28E4
:104440004ED30A79002A4BD1B1F80510072209BAD8
:1044500002EB1141884243D10828C0F0C6804DF6D6
:10446000D2194FF0070ACFF6FF7915E02046022156
:10447000502200F067FBA8F5A066B0E708F540768B
:104480000A222FE00026ABE7002E40F0B780D4F8D8
:1044900080000026824529D20AF1030181421FD8FB
:1044A000E36E13F80A20DAB90AEB0302B2F801202E
:1044B00052BA802A14D302EB010A824510D819445B
:1044C000284601F0D5F8064610F5165F4FF02A028F
:1044D000DADA4E45DBD016F5225F08BF502201E044
:1044E000322246462046022100F02CFB002E7FF4AB
:1044F00077AFC7F381073FB1D4F810E0BEF1000FEA
:1045000004D004F1140105E000263EE02168D1F852
:104510002CE03031D1F800C02168666BD1E90F92F0
:10452000D4F8BC004B6B06F16C0100268DE803400B
:10453000284649460496CDF80CC001F0A7F808F5C6
:10454000A641B0EB080218BF0246461A18BF16462D
:10455000012F18BF064687F0020050EA090008BF85
:1045600008F560768EB1606BC06EC10506D4410758
:1045700006D410F4DC3F2FD02B2202E0312200E0E1
:104580002A222046022100F0DDFA002E7FF428AF17
:10459000D5E90267D5E93189284600F019FE284699
:1045A00007F086F820463946324603F0B7FC10B1D2
:1045B0000646062008E020464946424603F0D8FC5D
:1045C0000646002818BF062006284FF0000518BF31
:1045D00000283FF405AF0EE7C1070BD181070BD4CC
:1045E0003022000758BF2E22CBE70026002E7FF492
:1045F000F7AE7EE72D22C4E72C22C2E716F5165F40
:1046000008BF2B226EE70000B0B50121044600F080
:1046100065F9054608B12846B0BD606F142815D16C
:10462000606BA16CE26D0025E163A06255601560CE
:10463000206E6168A0F10802E265C21C0530C4E981
:104640001920E066481C60602846B0BD48F6001599
:10465000002CCFF6FF75DED020680028DBD01520B7
:10466000C4F8A400D4F8A0000221C4F8A810017076
:10467000D4F8A0000A2141702046012100F0AAFCD4
:104680002846B0BD70B584B00446806B2168D0F870
:10469000603191F8500001210DF1030621EA00027A
:1046A0002046314698472046012100F017F905467B
:1046B00000283FD1606F162827D1E16E08781428B2
:1046C0002FD1D4F8800010282BD100208DF80F00B6
:1046D000701E03310C2200BF11F8013F10F8016F6A
:1046E0009DF80F5073402B43013A8DF80F30F3D1F2
:1046F0009DF80F0008B348F28015204602213222AF
:10470000CFF6FF7500F01EFA14E0204602210A22BF
:1047100000F018FA48F28010CFF6FF7000F5F0654F
:1047200008E048F28015204602213222CFF6FF75BC
:1047300000F008FA284604B070BDA06BD0F8E00184
:1047400040B12068002590F85000C00704BF0A203F
:104750006060EFE76068002501306060EAE7000014
:104760002DE9F04F83B048F60017CFF6FF7707F535
:10477000C06A20B30546006818B3686814468846C6
:10478000102808D02846FFF707FD20B1064610F58F
:10479000D64F40F09E80296FA9B1A86FA04238BFC4
:1047A000044640462246EBF7FDFCA86F001BA867B5
:1047B00072D100202867C5F88800264689E0564651
:1047C00087E0564685E007F560603E46029007F5B3
:1047D000306015274FF002094FF0640B019013E091
:1047E000D5F8A0000121C5F8A470C5F8A890017003
:1047F000D5F8A000012180F801B0284600F0EAFBBE
:10480000002845D05AE000BF696D59B1E86C88476F
:10481000013007D12B6D2BB12868826CE86C9108B0
:10482000984700BF2846012100F058F8C8BBA86F80
:1048300040B9686F172805D12846012100F04EF8CD
:1048400000283DD1686F16280ED017282FD1686830
:10485000E96E102829671BD12B6DCBB1E86C0021C4
:104860000022984714E000BF286890F85010C9074C
:1048700006D1E96E097849BBD5F88010042927D103
:10488000E968012918DB0028AAD15046B0B900BF59
:10489000296F0029B8D080E7286F26462044286772
:1048A00017E0064610F5E54F08BF002611E0152871
:1048B000029808BF06460CE0019E0AE0064608E0A2
:1048C000064610F5E54F08BF002602E0304600E03E
:1048D0003046304603B0BDE8F08F00002DE9F04FC0
:1048E00087B00446D0F8880028B10020C4F88800BA
:1048F00007B0BDE8F08F48F600658B4604F18007ED
:1049000004F178064FF005094FF0000ACFF6FF7565
:10491000E84609E02046FFF7E5FB10F5CD4F18BF4C
:1049200010F5CB4F40F0C980396839B1206F58B1CC
:1049300005F5C0600021C9B9DAE700BF206F314634
:1049400078B100200FE000BFA06F884206D9421A5C
:10495000E06EA2670144EBF725FC01E0C4F878A003
:1049600039460020086001210029C1D0A06F00282D
:10497000D0D120460521FFF791FA002840F0808031
:10498000E06F052828462DD3216E08788DF80800A1
:1049900000F0FC001428284624D14878A3688DF83C
:1049A00009008A78834228468DF80A201AD12068A7
:1049B00090F84D008242284614D8E06D42680068A5
:1049C000CDF81490CDE90002B1F8030002BA40BA64
:1049D00009EB1242069000284FF00000CDE90312C7
:1049E00008BF284600284BD104992046FFF756FA05
:1049F000002845D1E16BC4F87CA0F1B14246FEF736
:104A0000E9FC08B1002117E00698002840D0C4F85E
:104A100084A007210846013108D0E16D0A5C01320B
:104A2000D3B20A549342A0F10101F3D1B0F1FF31A6
:104A300005F5D06018BF012131B1A06FB0F5804FEE
:104A40004FF0000088BF2846D0B9206EA0F10801C1
:104A5000E165C11C421DC4E919129DF80810E26607
:104A6000616701700398DDE905120844E066606E35
:104A7000110AA26701700698616E4870002000BF9D
:104A800010F5CB4F3FF449AF00283FF443AF2FE779
:104A9000E068032806D19DF80800172802D00021FD
:104AA0002846C9E7D4F88400411C0228C4F88410C1
:104AB000AFDD05F180000021BEE700287FF418AFCC
:104AC000BBF1010F4FF000007FF412AF616F1629A8
:104AD0007FF40EAF606810284FF000003FF408AF7D
:104AE000A16B00293FF404AFD1F85831E16ED4F83E
:104AF000802020469847002007B0BDE8F08F0000D6
:104B00001A780260587808607047000010B5D0F835
:104B10008C10826D01F1080E01F10B0301F10D04FF
:104B200002F1080CC0E9241EC0E9263402F10B0191
:104B300002F10D03C0F8A040C0E9172CC0E9191319
:104B4000C36610BD88B103687BB11523C0F8A430DB
:104B5000D0F8A0304FF0020CC0F8A8C01970D0F8FF
:104B6000A03001215A7000F035BA48F60070CFF637
:104B7000FF707047DDF800C08261C361C0F820C0DB
:104B8000416270472DE9F04104460026074648F28D
:104B900000180160012044F24D1147F88C6FCFF6E8
:104BA000FF78EBF7BDFB254645F8580F90B1012083
:104BB00044F24D11EBF7B4FB386058B12046FFF7D3
:104BC000A5FF204602F09CFE8046002804BF00207E
:104BD000BDE8F081A06D06F06BFDD4F88C0006F006
:104BE00067FD40462660C5E90066C5E90266C5E97D
:104BF0000466C7E90066C7E90266C7E90466BDE85E
:104C0000F081000080B50121FCF70AFA002818BFE6
:104C1000012080BD002808BF704710B504464C3005
:104C2000F5F72EFC04F18C00F5F72AFC04F13400B2
:104C3000F9F782FC04F14000F9F77EFC2046D02110
:104C4000BDE81040FCF754BBD0F894200029A2F135
:104C50000803C0F8903002F1030302F10502C0E935
:104C60002632C0F8A02008BF7047D1F8CC30022B04
:104C7000A6BFD1E90131591A00211144C0F8A01092
:104C800070470000F0B581B048F60076CFF6FF76A9
:104C900068B10546006850B1686814460F46102890
:104CA00008D02846FFF778FA20B101B0F0BD3046B1
:104CB00001B0F0BD2846FFF711FA0028F5D4D5F869
:104CC000AC20A04238BF0446A2B3A869002846D051
:104CD00006F5A067D5F89410AB69686A891A9847F9
:104CE000064601283BDBD5F8AC00B04236D3821B28
:104CF000C5F8AC20EED1D5F88C20296C02F10D005E
:104D000005F1900C02F1080302F10B078CE88C000E
:104D1000C5F89C00C5F8A00051B1D1F8CC20022AFA
:104D2000A6BFD1E90121511A00210844C5F8A0000D
:104D3000002614E01720C5F8A400D5F8A0003946D5
:104D40002246C5F8A840EBF72DFA2846012100F0CD
:104D500041F9002808BF204601B0F0BD3E46002EB4
:104D60003046A2D1204601B0F0BD00002DE9F0434D
:104D700081B00446806BD0F86811897A0A2964D81A
:104D8000012202FA01F140F29E6211425DD02168D7
:104D900091F85020D20703D1D4F8B820002A4ED081
:104DA00020B14068002808BF886B00E0886B0028AD
:104DB00014BF0768002707202FB348F6003843F6D2
:104DC000FD79CFF6FF7800BFBE68A9EB00018E42E7
:104DD00040D8D4F8A010320C0A54D4F8A010320AEB
:104DE00001444A70D4F8A010C51C01448E70D4F858
:104DF000A000F96828443246EBF7D4F9D7F850718F
:104E00007019002FE0D1C11FD4F8A0200B0C137132
:104E1000D4F8A0200B0A5371D4F8A0209171162168
:104E2000C4E92910D4F8A0000B2101706068411C6E
:104E30002046616001B0BDE8F04300F08FB86068C3
:104E40004FF000080130606004E060684FF0000837
:104E500001306060404601B0BDE8F08310B5044603
:104E60001420C4F8A400D4F8A0000121C4F8A810AC
:104E70000170D4E928026168013142F00203162B67
:104E8000D4F8A830616029D190F800C0162A08BF74
:104E9000BCF1000F01D0A16B01B3B3F5804F1DD859
:104EA000162A15D1191F0A0C4270D4F8A0000A0A5C
:104EB0008270D4F8A000BCF1000FC17008D0A06BC4
:104EC000D4F8A010D4F8A820D0F85831204698473C
:104ED00020460121BDE8104000F07CB849F20040B6
:104EE000CFF6FF7010BD000010B5816C0446FFF7CF
:104EF000ABFE2068A16BD4F8A02090F85000D1F848
:104F00006031111D00F0010220469847E068D4F896
:104F1000A0101022002808BF28221620C4E9290268
:104F200014200870A06BD0F8E00138B1206890F828
:104F30005000C00704BF0F20606002E060680130CD
:104F400060600020C4E92C00A06C616B20642046E6
:104F5000E162BDE8104000F001B8000010B5D0F8E3
:104F6000A420044642F0020016282DD1D4F8A01047
:104F7000D4F8A83091F800C0162A08BFBCF1000F81
:104F800001D0A06B00B3B3F5804F1DD8162A15D100
:104F9000181F020C4A70D4F8A010020A8A70D4F8C4
:104FA000A010BCF1000FC87008D0A06BD4F8A010FE
:104FB000D4F8A820D0F8583120469847204601213F
:104FC000BDE8104000F006B849F20040CFF6FF708F
:104FD00010BD00002DE9F0478AB004468068E26801
:104FE000D4F89430D4F8A8A058709A70D4E92C3230
:104FF000D4F8900049F2004903604260D4F8980068
:105000004FEA1A220270D4F89800884680F801A06E
:10501000206CCFF6FF7960B3D4F89C10D4F88C5094
:1050200044F24D176D1A2F440697D4F8A870D4F89F
:10503000A05005910897691AD4F8907007912268DA
:10504000D4E9023679683F688DF81130CDE90271F4
:10505000D2E90637D4F8A41002AA8DF81010014640
:105060008DF812600097FEF7B3FD18B1002141B929
:105070005EE006E00798002848D000214846002955
:1050800056D0D4F89410D4F8A430D4F89C200B70E7
:10509000521AD4F8AC10D4F8943002EB0A07226C00
:1050A00039443B44C4F8AC10A3F10807DE1C591D79
:1050B000C4E92473C4E92661C4F8A01052B1D2F83F
:1050C000CC30022BA6BFD2E901329A1A0022114439
:1050D000C4F8A01004F1B702002709F1800300BF53
:1050E0003946083708D0575C0137FEB25754BE42E4
:1050F000A1F10107F4D100E018466FF00702891A08
:1051000018BF0121B9B90AB0BDE8F0879DF81000B9
:10511000DDF820A0C4E9290AD4F898004FEA1A2142
:1051200001700898D4F89810487001210029A8D17E
:1051300000210029E7D0B8F1010F35D1A069B8B33B
:10514000D4F8AC206AB300BFD4F89410A369606AA5
:10515000891A984701282EDBD4F8AC1081422BD352
:105160000A1AC4F8AC20EFD1D4F88C20216C02F1DB
:105170000D0004F1900C02F1080302F10B078CE81A
:105180008C00C4F89C00C4F8A00051B1D1F8CC2028
:10519000022AA6BFD1E90121511A00210844C4F80E
:1051A000A0004FF0000907E000200AB0BDE8F0873A
:1051B000A9F5A06900E081464846B9F1000F08BF93
:1051C00000200AB0BDE8F0871870597070470000E1
:1051D000F0B581B000286ED00446064604E000BF5A
:1051E000D6F85061002E55D006F1CC00FBF742FFF7
:1051F000B56E55B1AF6928462021FCF779F82846ED
:1052000006F056FA002F3D46F4D1D6F8885055B135
:10521000AF6928462021FCF76BF8284606F048FACB
:10522000002F3D46F4D1D6F8345155B1EF682846E9
:105230001021FCF75DF8284606F03AFA002F3D46AB
:10524000F4D1D6F8045155B1EF6828461021FCF787
:105250004FF8284606F02CFA002F3D46F4D1D6F838
:10526000145155B1EF6828461021FCF741F8284643
:1052700006F01EFA002F3D46F4D1F0680028AFD0AA
:1052800031680029ACD0B168FCF732F8F06806F05C
:105290000FFAA5E7254600BFD5F8506128464FF420
:1052A000AA71FCF725F8A5421CBF284606F000FAB3
:1052B000002E3546F0D101B0F0BD000080B54FF4AE
:1052C000AA71EAF796FF80BD2DE9F04F8FB04DF23D
:1052D0008076CFF6FF76002806F180081CBF0F46C7
:1052E000002903D140460FB0BDE8F08F1D4614469B
:1052F00081464FF0000A0246D1695046924641B1BC
:10530000DAF85021002AF7D119B1DAF85011002942
:1053100056D0564682460020002FCDE90A00CDE93E
:105320000600CDE90800CDE90300059018BF002E66
:1053300011D1B8F1000F0BD0BAF1000F1CBF002043
:10534000CAF850014E451CBF304606F0B1F9C9E716
:105350004FF00008C6E739190CA80DAA3023CDE993
:105360000C74F4F759FF48B13046FFF731FF4DF6A2
:105370001A60CFF6FF7000F16608DAE7DDE90C0B82
:1053800000EB0B08A8EB0704B46045B301202146ED
:10539000EAF7C6FF4DF280780028CFF6FF780C9030
:1053A000F060C6D0394622460546EAF7FBFE0120EA
:1053B0003060A4EB0B0028440C9005EB040811E0CE
:1053C00001204FF4AA71EAF7ABFFCAF85001E8B127
:1053D0004FF4AA71EAF70DFFDAF850619BE700205D
:1053E000F76030600C980DAAB0610CA841463023DC
:1053F000F4F712FF4DF28077CFF6FF7740B1044605
:105400003046FFF7E5FEA4F5065892E7B04669E797
:10541000DDE90C01B269A02306F11C0B4418A01AA7
:1054200070610CA80EAA2146F4F7F6FECDF80880AC
:1054300038B110F1620111D14FF00008CBF80080B3
:105440001AE00C980E99354646180CA831465A4673
:10545000F4F718FE28B1A0F508580CE0A0F506589E
:105460000AE00C984DF61A61B0EB0608CFF6FF7112
:1054700018BFA1F180082E46B8F1000F11D106F136
:1054800020020CA8214600F0DBF9804648B906F15D
:105490002C050CA809AB21462A4600F007F98046E6
:1054A00018B13046FFF794FE43E7DBF8000003280D
:1054B00005D33046FFF78CFE07F5407839E7013019
:1054C000F06106F5A47206F24913374606F5A67692
:1054D00009A92846009600F001FA28B1804638460E
:1054E000FFF776FE3E4624E70C980DAA38640CA818
:1054F00021463023F4F790FE38B106463846FFF7D0
:1055000067FEA6F506583E4613E7DDE90C0107F1F4
:10551000500201440CA800F0F9F83E4608B180465C
:10552000BFE70C98316C06F19002401AF06306F167
:10553000A8030CA82146374605F068FA18B1804642
:105540003E463846AEE70C980DAAF8640CA82146F2
:105550003023F4F761FE0028CFD10D9840B10C99AB
:1055600007F1700201440CA800F0D0F80028E6D141
:105570000C98F96CC7F8C800411AB96407F1CC025D
:105580000CA82146FBF7A4FD0028D8D10C98D7F829
:10559000C810FA69401A22F0010102293B46C7F8F7
:1055A000C40008D107F1D4020CA82146012305F05C
:1055B0004BFB0028C3D1DBF8000020F001000228DB
:1055C00008D107F1E0020CA82146022305F03CFBBC
:1055D0000028B4D1DBF80000032809D1DDE9183632
:1055E0000CA821463A46009605F0CAF80028A6D134
:1055F0000C98A04204D04DF61A68CFF6FF789FE7CA
:1056000002990CA803AA06AB00F050F8002896D126
:105610003A6B049882420ED1786B0599EAF747FEFF
:1056200048B90A9A0798824205D17AB10B9808992D
:10563000EAF73DFE50B138463E46FFF7C9FD4DF250
:105640008070CFF6FF7000F5007872E6029907F5DA
:105650009E720CA800F01EF900287FF470AF0C9821
:1056600002998842C7D14FF000083E4661E600002B
:1056700080B582B04FF0000C0023CDF800C0CDF80B
:1056800004C0FFF721FE02B080BD000010B584B059
:105690000DF1180E1A469EE80850099CCDE900CE7F
:1056A000029404F0D1FC04B010BD000080B5F4F702
:1056B000F1FB002818BFA0F50C5080BD70B582B07A
:1056C00043F0A0061546043233460446F4F7A4FD21
:1056D00060B920686968A86020682E60451801AA32
:1056E000204629463023F4F797FD18B1A0F5145051
:1056F00002B070BD206801990844281A1CBF4DF6FD
:105700009A20CFF6FF7002B070BD00002DE9F04F77
:1057100083B04DF6204B164689460546CFF6FF7BF3
:1057200001AA0DF1080A4FF0010828464946312325
:10573000F4F772FD002879D128680199441800BF58
:105740002846214652463023F4F766FD90B1A0F575
:105750000E50002860D12868A0424DD001202021A1
:1057600086F81C80EAF7DCFDB06100280646E7D128
:1057700055E000BF029958460129EADB2868324605
:105780000378471842F8043B284639460623F4F7C5
:1057900043FD0028DBD12868B060706829680144A7
:1057A000781A012858462960D3DB0A78ABF1020049
:1057B0001E2ACED841F2080308FA02F2C5F25803B5
:1057C0001A42C6D0481C2860087806F11002F06022
:1057D00028463946F4F75AFC0028B8D12868706189
:1057E000306929680844B842286006BF0020B061CB
:1057F000ABF10600ADE700BF48451CD001202021D9
:10580000EAF78EFDB0610028064601AA7FF48DAF4D
:105810004DF28070CFF6FF7003B0BDE8F08F4DF20F
:105820008070CFF6FF7003B0BDE8F08FA0F50E508A
:1058300003B0BDE8F08F002003B0BDE8F08F00009A
:10584000B0B503680446C81A01284DF61E50CFF6BD
:10585000FF70BCBF0230B0BD15461A7842F080021E
:10586000822A18BFB0BD581C206018782A4642F81A
:10587000040B2046F4F70AFC00281CBFA0F50A50D0
:10588000B0BD2068A86068682168084420600020D6
:10589000B0BD000070B582B0044600680B1A012B41
:1058A00016DB1546067801AA2046F4F795FB00287A
:1058B0001EBFA0F5125002B070BD20680199A8600B
:1058C00020682E60084469602060002002B070BD2E
:1058D0004DF62030CFF6FF7002B070BDB0B5049D1C
:1058E0002C68002C4DF60054CFF6FF741CBFA4F5B5
:1058F000A060B0BD0D4611461A46FBF73DFB0028DF
:105900001CBFA0F51850B0BD2868052818BF002896
:1059100003D16868002808BF04462046B0BD0000D7
:105920002DE9F04182B0054600684DF600480B1A9B
:10593000012BCFF6FF7808DB14460278172A09D02E
:10594000182A1FD10426002706E0A8F1600002B043
:10595000BDE8F081022601270130286001AA28460F
:10596000F4F794FB00281EBFA0F5105002B0BDE86C
:10597000F081019806F10801884208D2404602B041
:10598000BDE8F081A8F1620002B0BDE8F081A0EBB3
:10599000010C0020206000BF286802783A3A12F11A
:1059A0000A0F17D32368013E03EB83034FEA430139
:1059B000216000F101012960007800EB4300A0F1B3
:1059C00030002060E8D1002012F10A0F06D202B0A8
:1059D000BDE8F081404612F10A0FF8D347B12068C4
:1059E0003128DCBF64302060206800F26C702060D9
:1059F000002060606FF001002B681978A1F13A0275
:105A000012F10A0F15D36168013001EB81014FEAF1
:105A10004107676003F101072F601B7803EB410129
:105A2000A1F130016160E7D3002012F10A0FCED35B
:105A300003E0404612F10A0FC9D30020A0606FF0C6
:105A4000010000BF2B681978A1F13A0212F10A0F88
:105A500012D3A168013001EB81014FEA4107A76031
:105A600003F101072F601B7803EB4101A1F1300125
:105A7000A160E7D3002000E0404612F10A0FA6D350
:105A80000020E0606FF001002B681978A1F13A0264
:105A900012F10A0F12D3E168013001EB81014FEAE4
:105AA0004107E76003F101072F601B7803EB410119
:105AB000A1F13001E160E7D3002000E0404612F19F
:105AC0000A0FFFF484AF002020616FF0010000BFD7
:105AD0002B681978A1F13A0212F10A0F12D3216949
:105AE000013001EB81014FEA4107276103F1010712
:105AF0002F601B7803EB4101A1F130012161E7D355
:105B0000002000E0404612F10A0FFFF460AFBCF144
:105B1000020FFFF433AF002060616FF001002B68CB
:105B20001978A1F13A0212F10A0F12D3616901301A
:105B300001EB81014FEA4107676103F101072F6023
:105B40001B7803EB4101A1F130016161E7D3002033
:105B500000E0404612F10A0FFFF439AFACF1020049
:105B6000012807D1286801785A2911BF0120013086
:105B7000286000200028404604BF204604F0AEFC08
:105B800002B0BDE8F08100002DE9F0418CB006467E
:105B900000680C4600F0DF00822815D04DF68075B5
:105BA0008028CFF6FF7534D1D6E9011280280A92F9
:105BB00016D156180AA80BAA31460623F4F72CFB77
:105BC00058B3A0F514550FE020462821EAF711FB41
:105BD0000220206096E80700231D002507C318E077
:105BE0004DF60005CFF6FF759DB920462821EAF74E
:105BF00000FB01AF8FCFDDE9066504F1040EDDF88F
:105C000020C08EE88F000998C4E90665C4E908C081
:105C1000002528460CB0BDE8F0810B9F082FE3D18A
:105C2000DDF828804FF2FC20C0F201004146082236
:105C3000EAF73DFB0028D7D108EB0700B04234D289
:105C40000A900AA80BAA3146A023F4F7E5FA002827
:105C5000B7D10AA80BAA31463023F4F7DDFA0028A1
:105C6000AFD10AA80BAA314606230625F4F7D4FAC9
:105C70000028A6D1DDE90A01049506900844B04247
:105C8000059112D20A900AA80BAA314604230425D2
:105C9000F4F7C2FA002894D1DDE90A010795CDE9AD
:105CA00008100844B0420A9008D04DF69A2501A881
:105CB0002421CFF6FF75FBF71BFB95E7002593E743
:105CC00000207047002070472DE9F04F87B0109CEE
:105CD0000E460690D4E90110049389001546EAF7B0
:105CE00088FAD5F804B07768D4F808A05F45059520
:105CF000039628BF5F46BBF1000F00F0C1810BF196
:105D0000010000264FF0000E019002970698DAF885
:105D100000808068002250F82E4003985546D0F845
:105D200008C0102FDCF80090C0F074805CF8040B01
:105D30002968E4FB601245F8041B5CF8040B296831
:105D4000E4FB601245F8041B5CF8040B2968E4FBD3
:105D5000601245F8041B5CF8040B2968E4FB601230
:105D600045F8041B5CF8040B2968E4FB601245F855
:105D7000041B5CF8040B2968E4FB601245F8041B63
:105D80005CF8040B2968E4FB601245F8041B5CF81E
:105D9000040B2968E4FB601245F8041B5CF8040B53
:105DA0002968E4FB601245F8041B5CF8040B2968C1
:105DB000E4FB601245F8041B5CF8040B2968E4FB63
:105DC000601245F8041B5CF8040B2968E4FB6012C0
:105DD00045F8041B5CF8040B2968E4FB601245F8E5
:105DE000041B5CF8040B2968E4FB601245F8041BF3
:105DF0005CF8040B2968E4FB601245F8041B5CF8AE
:105E0000040B2968E4FB601245F8041B103F0F2FB8
:105E10003FF68CAF082F3AD35CF8040B2968E4FBFB
:105E2000601245F8041B5CF8040B2968E4FB60125F
:105E300045F8041B5CF8040B2968E4FB601245F884
:105E4000041B5CF8040B2968E4FB601245F8041B92
:105E50005CF8040B2968E4FB601245F8041B5CF84D
:105E6000040B2968E4FB601245F8041B5CF8040B82
:105E70002968E4FB601245F8041B5CF8040B2968F0
:105E8000E4FB601245F8041B083F072FC4D847B154
:105E90005CF8040B2968E4FB601245F8041B013F21
:105EA000F6D109FB0480049900FB01F8281F00BF0C
:105EB00050F8041F8B1846F100028B420360F7D3A1
:105EC000059800228568BBF1100FC0F0D3805B46B7
:105ED000574600BF55F8040B3968E8FB601247F8D5
:105EE000041B55F8040B3968E8FB601247F8041BE3
:105EF00055F8040B3968E8FB601247F8041B55F8A5
:105F0000040B3968E8FB601247F8041B55F8040BD2
:105F10003968E8FB601247F8041B55F8040B396830
:105F2000E8FB601247F8041B55F8040B3968E8FBDE
:105F3000601247F8041B55F8040B3968E8FB60123F
:105F400047F8041B55F8040B3968E8FB601247F862
:105F5000041B55F8040B3968E8FB601247F8041B72
:105F600055F8040B3968E8FB601247F8041B55F834
:105F7000040B3968E8FB601247F8041B55F8040B62
:105F80003968E8FB601247F8041B55F8040B3968C0
:105F9000E8FB601247F8041B55F8040B3968E8FB6E
:105FA000601247F8041B55F8040B3968E8FB6012CF
:105FB00047F8041B103B0F2B3FF68CAF082B3AD34E
:105FC00055F8040B3968E8FB601247F8041B55F8D4
:105FD000040B3968E8FB601247F8041B55F8040B02
:105FE0003968E8FB601247F8041B55F8040B396860
:105FF000E8FB601247F8041B55F8040B3968E8FB0E
:10600000601247F8041B55F8040B3968E8FB60126E
:1060100047F8041B55F8040B3968E8FB601247F891
:10602000041B55F8040B3968E8FB601247F8041BA1
:10603000083B072BC4D843B155F8040B3968E8FB7B
:10604000601247F8041B013BF6D1381F50F8041FBB
:106050008B1846F100028B420360F7D34AF8044BD9
:106060000EF1010E0198029FDE454AF820607FF490
:106070004DAE05E057465B46082BBFF4A1AFDAE70B
:1060800006984FEA8B0280685146EAF78BF85AF877
:106090002B00BBF1000F00F101004FF000034AF8A4
:1060A0002B001AD005985A468168AAF104000439D9
:1060B000002700BF50F8046F0023BE42A6EB07077D
:1060C000076051F8046F38BF0123B74238BF01336E
:1060D000BF1B0760013A1F46ECD15AF82B00BBF1F9
:1060E000000FA0EB03004AF82B0013D00699C0B2B2
:1060F0008B68C0F10101AAF10402043B53F8047F4C
:1061000052F8046F07FB01F7BBF1010B06FB0077A8
:106110001F60F3D107B0BDE8F08F00002DE9F0411A
:1061200084B040F2C634C2F200042078F3F724FBB6
:10613000002850D00246207842F69054C2F2000463
:10614000216802AE0DF10A03009600F05FFBBDF876
:106150000810432940F0AD80216840F2BC32C2F201
:1061600000020B7F1678B34237D14B7F5678B3428B
:1061700035D18B7F9678B34233D1CB7FD678B3427B
:1061800031D191F820301679B34240F08D8091F8EA
:1061900021305279934240F0898082B2F12AC0F0D6
:1061A000878011FA80F040F2D83C40F2D03E40F2B5
:1061B000CC3340F26C2440F2C23801F1F0020021ED
:1061C000C2F2000CC2F2000EC2F20003C2F20004DE
:1061D000C2F200080CE000216BE0002169E0002120
:1061E00067E0002165E0002163E0824280F0618089
:1061F0001678362E23D8DFE806F020261C2C1C1C2F
:10620000371C1C1C1C1C1C1C1C1C1C1C1C1C1C1CB3
:106210001C1C1C1C1C1C1C1C1C1C1C1C1C1C1C1CBE
:106220001C1C1C1C1C1C1C1C1C1C1C1C1C401C4E58
:10623000510055782A440232D7E70132D5E7FF2EC4
:10624000F7D10246D1E7D2F802600632CCF80060FE
:10625000CBE732F8026F12F8017C5588AEF8006087
:10626000AEF802503A44C0E732F8025F12F8016C0F
:1062700057881D805F803244B7E79578177925608D
:10628000D67846EA052556792D0445EA07250632D3
:1062900035442560A9E791780332A6E7D2F8025089
:1062A0000632C8F80050A0E7002102E0002100E01B
:1062B000002148B204B0BDE8F08100002DE9F04FA4
:1062C00095B0054600202882E860A86068602860D4
:1062D00008888A4600BA000C28808B78C8780AF1B2
:1062E0000C0C40EA032100F00F000FB2B7F1FF3FA2
:1062F000DCBF0127AF70C3F3C3074B05EF7044BF8A
:1063000001232B718B0544BF01236B71CB0544BF67
:106310000123AB710092090644BF0121E971287283
:10632000BAF8040000BA000C6881BAF8060000BA96
:106330004FEA1040A881BAF8080000BA4FEA1040AE
:10634000E881BAF80A0000BA4FEA1040288257D014
:106350004FF02E094FF0000B019500BF00264B2790
:106360000DF1090261460025002400BF11F8018BE0
:10637000B5FA85F0400908F0C00EBEF1C00F064422
:1063800007D10978064468F30D21514411F8018BB7
:106390000125B8F1000F1BD06FEA0800384407B29E
:1063A000002F1FD401390132404600BF11F8013FD0
:1063B000013802F8013C030402F10102F6D1002D7C
:1063C00008BF464402F8019C01340131CEE700BF0A
:1063D0000020002C08BF02F8019B1070701C05D132
:1063E00022E000BF4FF0FF36701C1DD0019D0CEB6A
:1063F000060069890BF1010B8B4500F1040CADD34C
:10640000A889009E58B10024504661463246F2F7F2
:106410000FFE58B18446A88901348442F4D3287A07
:10642000B0FA80F0400902E0FF2000E0FF2040B217
:1064300015B0BDE8F08F00002DE9F04389B0164695
:1064400008AA30230C460546F3F7E6FE20B1A0F576
:106450006C5009B0BDE8F083286808994CF20058E8
:10646000CFF6FF780844A8F16609A042484602D05A
:1064700009B0BDE8F08308AA284621460223F3F7B5
:10648000CBFE0028E3D12968089A00273046002374
:10649000CDE90077CDE90277CDE904770697FBF7E0
:1064A00075FA18B1404609B0BDE8F083089829682C
:1064B00008AA08442860284621460223F3F7ACFEC8
:1064C0000028C4D12868089F0021CDE90011CDE93A
:1064D0000211CDE904103046002100220023069766
:1064E000FBF754FA0028DDD1089829680844286091
:1064F0003046FAF791FF0028D4D13046FAF74EFF24
:1065000000284046B4D12868001B18BF484609B08F
:10651000BDE8F083002804BF6FF01E007047D0E98B
:106520000112914204BF0020704731BF501A006829
:10653000511A08447047000000281CBFC0E9002120
:10654000C0E90211704700002DE9F04114460E46E3
:1065500005464FF00008BDB1E6B1D5E90110814212
:106560001ED3E8682A68401A0244A2421CD82A684E
:10657000171830463A46E9F715FEE8683E44686069
:10658000E41BB844002DE7D16FF0140408EB0400BD
:10659000BDE8F0816FF0150408EB0400BDE8F08160
:1065A000401AA04298BF044630462246E9F7FAFD59
:1065B00068682044686008EB0400BDE8F0810000D2
:1065C0002DE9F04114460E4605464FF0000815B37C
:1065D0003EB395E80700914204D026BF411A11440A
:1065E000511A00E00021401AA04220D9D5E901103B
:1065F000814222D8E9682A68091A8F18A74223D253
:1066000031463A46E9F7CEFDE8683E44A860E41B0F
:10661000B844002DDCD16FF00A0408EB0400BDE89B
:10662000F0816FF00B0408EB0400BDE8F0816FF01F
:106630000C0408EB0400BDE8F08131462246E9F77E
:10664000B1FDA86820440CE031462246E9F7AAFDD6
:10665000D5E9020229682044A8601144884208BF95
:106660001046A86008EB0400BDE8F0812DE9F04F6A
:1066700083B0082802D94FF0FF36C2E04501044636
:1066800005F1080016460F46F1F7D2FA00F00F00A8
:1066900001283BD1EEB341F6086028440197F1F799
:1066A000C7FA800280B245F2A85BB04238BF064606
:1066B00041F6087005EB0009012005F5427A00FA61
:1066C00004F8C2F2000B029501E000BF27BB204690
:1066D000F3F752F807465046F1F7AAFA17280CD0FC
:1066E0001C282FD1C7B92046F3F7C2F80546484603
:1066F000F1F79EFAB5EB802F54D0BBF8000018EAF2
:10670000000FE3D0002FE1D100267AE06FF00406FD
:1067100077E06FF00D0674E0B74238BF3E4601994E
:106720002046324603F05CF90298402100F584745B
:106730002046F1F7C3FA00BF2046F1F779FA0028A6
:10674000FAD15EE0029D102105F584763046F1F71E
:10675000B5FA00BF3046F1F76BFA0028FAD105F51B
:1067600002701F21F1F7AAFA45F2AA51C2F2000104
:1067700001200A88A04022EA0000088045F2B450B7
:10678000C2F20000002120F8141045F2AC50C2F211
:1067900000006FF0060601555046F1F749FA00284F
:1067A000FAD12EE0029D102105F584763046F1F7EE
:1067B00085FA00BF3046F1F73BFA0028FAD105F51B
:1067C00002701F21F1F77AFA45F2AA51C2F20001D4
:1067D00001200A88A04022EA0000088045F2B45057
:1067E000C2F20000002120F8141045F2AC50C2F2B1
:1067F00000006FF0060601555046F1F719FA00281F
:10680000FAD1304603B0BDE8F08F00002DE9F04F1B
:1068100085B0082802D94FF0FF35C1E04FEA401B90
:1068200004460BF10800994692460E46F1F700FA2D
:10683000074600F00F00042818BF02283ED1BAF125
:10684000000F38D045F2B458C2F2000838F81400EE
:1068500000214FF00005A0B307F0070045F2AC5748
:10686000C2F20007042839554CD002286CD138F800
:106870001400002871D103A92046082203F0B0F8C3
:106880000BF5847528464021F1F718FA2846F1F7F0
:10689000CFF90028FAD10398BDF81010C9F800000C
:1068A00008BABDF812100E9A000C108008BA000C3D
:1068B00028F814004FE06FF00D0571E06FF004054B
:1068C0006EE0CDE9016B0BF54276012045F2A85B45
:1068D00000FA04F8C2F2000B02E000BF002D63D101
:1068E0002046F2F749FF05463046F1F7A1F90028A6
:1068F00054D0BBF8000018EA000FEFD0002DEDD106
:1069000000254DE038F8140038BB03A920460222C8
:1069100003F066F80BF5847528464021F1F7CEF9AF
:106920002846F1F785F90028FAD1BDF80C0040F2AD
:10693000EB5140BA884228F814000CD32046F1F7F6
:106940009FFF6FF47A752BE02046294603F0E2F8AA
:1069500028F814500CE08020385538F814003146DF
:10696000504538BF82462046524603F039F8554616
:106970000BF5847630464021F1F7A0F93046F1F767
:1069800057F90028FAD138F81400401B28F81400F1
:1069900006D0385D40F00100385501E06FF0030586
:1069A000284605B0BDE8F08FDDE9016B45F2B4582B
:1069B000C2F2000800214FE710B540F2602448F60B
:1069C0004D63C2F20004C0F20003236040F2682E5F
:1069D00048F6B163C2F2000EC0F20003CEF80030F8
:1069E00040F2642C48F68963C2F2000CC0F2000346
:1069F0000028CCF8003018BF2060002918BFCEF85E
:106A00000010002A18BFCCF8002010BD0028024654
:106A100018BF012200290B4618BF01231A4049F66E
:106A20003D52C0F2010218BF024649F64150C0F281
:106A3000010018BF084640F2F011C2F20001C1E99E
:106A4000022070470028024618BF012200290B4689
:106A500018BF01231A4049F64952C0F2010218BF7B
:106A6000024649F64550C0F2010018BF084640F200
:106A7000F011C2F20001C1E90420704740F2F01C9D
:106A8000C2F2000CBCF800309B0500D4FEE70028E1
:106A900003460A4618BF0123002918BF01221A40E5
:106AA00049F64D52C0F2010218BF024649F6515054
:106AB000C0F2010018BF0846CCE90620704700006C
:106AC00010B50120AC21E9F72BFC044620B120468B
:106AD00000210022FAF792FF204610BD411E063821
:106AE000B1FA81F1B0FA80F04909400908437047D2
:106AF0002DE9F04100F10807054646684BF6807421
:106B000038468846CFF6FF74FAF782F886424ED1AF
:106B10006868B0F5806F4AD838460021F8F75CF80D
:106B2000012844DB38460021F9F7AAF900283ED0B5
:106B3000B8F1000F19D005F12C0738460021F8F7FD
:106B40004BF8012833DB38460021F9F799F970B387
:106B500005F1380738460021F8F73EF8012826DB12
:106B600038460021F9F78CF908B305F1140000212B
:106B7000F8F732F801281ADBB8F1000F16D005F14A
:106B800044000021F8F728F8012810DB05F1500037
:106B90000021F8F721F8012809DB05F15C0000214C
:106BA000F8F71AF80128A8BF002400E000242046C6
:106BB000BDE8F081FAF7A8BB01220A700FF2140CAD
:106BC00000F108030A7305A21430C1E901C3C1E949
:106BD000042070477273612E4E0000007273612EA4
:106BE00045000000F0B585B01D4617460E46044628
:106BF000FAF7CAFEB8420DD1DDE90C12DDE90A0749
:106C00000123CDE90006204602950397FAF700FF1D
:106C100005B0F0BD4BF68070CFF6FF7005B0F0BD4B
:106C20002DE9F04383B0DDE90A49984616460D4642
:106C30000746FAF7A9FE4845206006D94BF6004002
:106C4000CFF6FF7003B0BDE8F083DDE90C123846E3
:106C50000023CDE90065CDF80880FAF7F1FE03B016
:106C6000BDE8F08310B50446FAF754FE2046BDE8AF
:106C7000104004F01DBD000080B5FAF785FEC0008D
:106C800080BD00002DE9F04F81B00546D0F8A0008E
:106C900005F1980410B305F18C06304631463246B2
:106CA000F9F73EFC8046002851D108353046314680
:106CB0002A46F9F7A1FB8046002848D12046214604
:106CC0002246F9F72DFC8046002840D12046214677
:106CD0002A4601B0BDE8F04FF9F78EBB4BF680387D
:106CE00092468B4605F18C0705F108090C26CFF674
:106CF000FF7800BF013E2AD068685A46411E2046F0
:106D00005346F8F753FEF8B9384621464A46F8F795
:106D1000FBFED8B938460121F7F75EFF0028E9D11C
:106D2000384621464A46F9F7F3F8804678B905F126
:106D3000140205F16806384639464B460096F8F7C6
:106D4000EFFA01B0BDE8F08F804600E08046404693
:106D500001B0BDE8F08F00002DE9F04F83B006468A
:106D60004BF6807A9B4690460F460020CFF6FF7A7E
:106D70000290019096B13046F7F7F8FC38B104461E
:106D800001A902AA3046FAF7A9F8002847D0002145
:106D90005846002967D00B2865D305E0BB4562D370
:106DA000ABEB07000B285ED3DDF830904FF4807119
:106DB0004C4624F8021BC51E20462946FF22E9F74F
:106DC00011FA6019002100F8011B002E42D0029C2C
:106DD000302101703A198170211D0832C1700621DD
:106DE00042700171851D0199447128462246E9F7D8
:106DF000D9F92819052129530421041D8170C77070
:106E0000204641463A46E9F7CDF9E01909EB0B0176
:106E1000884226D048465946FAF76AFA23E02046C7
:106E2000F7F7BCFB029A0746104408307F284FF062
:106E30000001ADD807F10A00121841F10000934596
:106E400038BF01210143584681F0010108BF801A73
:106E500049B1A0E741463A46E9F7A4F94FF0000AE4
:106E600001E04FF0000A504603B0BDE8F08F00008B
:106E70002DE9F04F85B0DDE91098DDE90EAB1C4639
:106E800015460E460746FAF77FFDCBF80000384658
:106E9000494642460123CDE900640295CDF80CA095
:106EA000FAF7E6FD05B0BDE8F08F00002DE9F047E8
:106EB00084B0DDF834A04BF680491E4690460D465E
:106EC0000746CFF6FF79FAF75FFD0446504548467E
:106ED0000BD80C98002103903846002200238DE83F
:106EE00060010025FAF7DEFD10B104B0BDE8F087BF
:106EF000544538BF09F52865284604B0BDE8F08739
:106F00002DE9F04F81B0082802D94FF0FF348AE014
:106F10004FEA4019054609F1080014468846F0F783
:106F200087FE00F00F00012820D114B309F5427745
:106F30003846F0F77DFE1C2818BF17281CD145F2F3
:106F4000AA5AC2F2000ABAF80000012101FA05FBB0
:106F50001BEA000F1DD009F502763046F0F768FEF7
:106F6000C1060CD4000753D400245CE06FF0040485
:106F700059E06FF00D0456E06FF0060453E0304620
:106F80001021F0F79BFEBAF8000020EA0B00AAF8E7
:106F9000000041F608704844F0F74AFE800280B2D3
:106FA00045F2A85AC2F2000AA04238BF044600BF08
:106FB0002846F2F75DFC06463846F0F739FE1728FA
:106FC00018BF1C282AD1BAF800001BEA000F18BF0E
:106FD000B4421BD8B442EBD828464146224602F0C0
:106FE0000FFE09F5847528462021F0F767FE00BFE3
:106FF0002846F0F71DFE0028FAD145F2AA51C2F248
:107000000001088840EA0B0008800CE000240AE038
:107010002846F1F735FC6FF00C0404E02846F1F740
:107020002FFC6FF00604204601B0BDE8F08F000091
:1070300080B582B0F2F7C0FC42F69051C2F2000176
:107040000A6840F2351340F2BC3EC3F60453C2F264
:10705000000EC2F8F0309EF8003040F2071C82F8B3
:10706000F6309EF80530A2F8F4C082F8FB3040F20A
:10707000D433C2F200031B68DEF801C0C2F8FE3050
:1070800040F23643A2F8023140F2C233C2F8F7C0F0
:1070900040F2324CC2F20003A2F8FCC093F800C0E8
:1070A00093F801E082F804C193F802C0DB78002075
:1070B00082F80731FF23508182F805E182F806C18A
:1070C00082F8083140F209120B6898540132B2F587
:1070D000097FF9D140F2C630C2F200004FF0FF3212
:1070E0000078096801924FF0430C01AB4FF409722C
:1070F000CDF800C000F0EEF902B080BD70B582B0EE
:10710000F2F75AFC42F69051C2F20001086840F2D0
:107110003512C3F6015240F2BC3EC0F8F02040F2F6
:107120000712C2F2000EA0F8F420BEF80020DEF82C
:107130000230A0F8F62040F24012C2F20002C0F87D
:10714000F83013780C254FF0030CA0F8FC508BB1ED
:10715000002412200D68013415FA80F6A5B286F8D5
:10716000EC30535D0130002BF4D16FF00303E21CCF
:107170005B1B03E06FF00303122003220C689EF8F0
:10718000035014FA80F4461C84F8EC500C689EF806
:10719000045014FA86F4861C84F8EC500C689EF8AF
:1071A000055014FA86F6C41C86F8EC500E6813FAE3
:1071B00084F3334483F8EC200A68372312FA84F20C
:1071C000461D82F8EC300A68031D12FA83F206238A
:1071D00082F8EC300A6812FA86F2012682F8EC6036
:1071E0000A68861D12FA86F2C61D82F8ECC00A688B
:1071F00012FA86F200F1080682F8EC300A6800F113
:10720000090312FA86F20F2682F8EC600A6800F190
:107210000A0612FA83F23A2382F8EC300A6800F187
:107220000B0312FA86F23B2682F8EC600C300A68F7
:1072300086B212FA83F2F608FF23262E82F8EC308B
:107240000FD8EB2212FA80F0002200BFA0F1EA066C
:107250000B68B6B20344B6F59C7F00F101005A708A
:10726000F4D140F2C630C2F200004FF0FF32007895
:1072700009680192432601AB4FF40972009600F0B1
:1072800029F902B070BD0000B0B582B0F2F794FBEE
:1072900042F6FD20C2F20000007842F6905E03380C
:1072A0000128C2F2000E10D8DEF800000021418152
:1072B00040F2D43140F2C232C2F20001C2F2000206
:1072C00009681268C160019202E04FF0FF3001903E
:1072D000DEF8000040F2351140F2BC3CC3F6035129
:1072E000C2F2000CC0F8F01040F20711BCF8002008
:1072F000A0F8F4109DF80710A0F8F620DCF80220A2
:10730000FF29C0F8F82001D010241DE040F23241DE
:1073100040F2D432C2F20002A0F8FC1040F2364132
:107320001268A0F8021140F2C231C2F20001C0F8A6
:10733000FE200A78CB78B1F801101C2480F80421D3
:10734000A0F8051180F8073120440C2180F8EC10DA
:10735000DEF8000044F001010844002340F240122E
:1073600080F8EC30C2F20002117844F0020079B1EA
:1073700000240546DEF8000010FA85F3681C83F847
:10738000EC1011194978631C002905461C46F1D1FF
:10739000DEF800109CF8032011FA80F1441C81F8FB
:1073A000EC20DEF800109CF8042011FA84F1841C13
:1073B00081F8EC20DEF800109CF8052011FA84F129
:1073C000C51C81F8EC20AAB2DEF80040D21AD91C04
:1073D000224482F8E810DEF80010372311FA85F114
:1073E000021D81F8EC30DEF80010431D11FA82F125
:1073F000082281F8EC20DEF80010821D11FA83F1DA
:10740000012381F8EC30DEF80010C31D11FA82F17F
:10741000032281F8EC20DEF8001000F1080211FAD6
:1074200083F1062381F8EC30DEF8001000F1090347
:1074300011FA82F10F2281F8EC20DEF8001000F141
:107440000A0211FA83F13A2381F8EC30DEF80010D9
:1074500000F10B0311FA82F13B2281F8EC20DEF8F7
:10746000001000F10C0211FA83F11F2381F8EC30B7
:10747000DEF8001000F10D0311FA82F1212281F8EB
:10748000EC200E30DEF8001082B211FA83F1D2083F
:10749000FF23262A81F8EC300BD8EC2111FA80F07A
:1074A000002100BFDEF8002011540130B0F5097F43
:1074B000F8D140F2C630C2F200000078DEF80010C9
:1074C000432501AB4FF40972009500F003F802B0B8
:1074D000B0BD00002DE9F04F81B0082802D94FF06F
:1074E000FF348EE04FEA401B05460BF108001F46B3
:1074F00014468946F0F79CFB00F00F00042818BFE3
:10750000022869D1002C64D03868002867D0DDF8E3
:1075100028A0BAF1000F65D00BF542784046F0F78D
:1075200087FB422818BF222862D10BF60840394653
:107530000422F0F7E5FB41F2080058444FEA1A2113
:10754000F0F7BCFB41F2081058445FFA8AF1F0F7FB
:10755000B5FB41F608705844F0F76AFB800280B230
:1075600045F2A85AA04238BF0446012000FA05F6A9
:10757000C2F2000A2846F2F77BF907464046F0F7C8
:1075800057FB90B3BAF80000064218BFBC4232D88D
:10759000BC42EFD828464946224602F031FB0BF5A3
:1075A000847528462021F0F789FB00BF2846F0F7B4
:1075B0003FFB0028FAD10BF5027500BF2846F0F713
:1075C00037FBC10619D40007F8D56FF00C04082169
:1075D00014E06FF00D0414E06FF0040411E06FF09C
:1075E0000B040EE06FF00A040BE06FF0030408E0F8
:1075F0006FF0060405E0002403E010212846F0F7B0
:107600005DFB204601B0BDE8F08F00002DE9F04F92
:1076100081B0082801D9FF20AAE004460F460429BA
:107620004FF0FB0000F2A4800121B94011F0160FC9
:1076300000F09E801D4613F0060F01D0FA2097E05F
:10764000904645B1022F00F09780012F08BF15F03A
:10765000210F00F0A2804FF4847000EB441610213B
:1076600030464FEA441AF0F729FB00BF3046F0F7E6
:10767000DFFA0028FAD10AF502701F21F0F71EFB8D
:1076800045F2AA59C2F200090120B9F80010A04041
:1076900021EA000045F2B45145F2AC5BA9F80000C4
:1076A000C2F200010020C2F2000B0AF5427621F876
:1076B00014000BF8040000BF3046F0F7B9FA0028B8
:1076C000FAD105F0F0010AF108003943F0F7F6FAB3
:1076D000B8F1000F02D04FEA182113E040F27820F1
:1076E000C2F20000B0F800804FF6F07308F101021A
:1076F00091B2994204BF4CF20002CFF6FF724FEAFA
:10770000182102800AF58160F0F7D8FA0AF5A16025
:107710005FFA88F1F0F7D2FA0AF58477384601214A
:10772000F0F7CCFA3846F0F783FA0028FAD145F2A0
:10773000A851C2F2000105F001000A88A0401043E0
:1077400008800120B9F80010A04021EA000045F2AD
:10775000B451A9F800000020C2F2000121F8140081
:107760000BF804003046F0F763FA0028FAD0204600
:1077700040B201B0BDE8F08F68B2002804D415F023
:10778000200101D0FA20F3E700283FF564AF15F09F
:1077900010003FF460AFFA20EAE7FA20E8E70000C3
:1077A0002DE9F043A7B0446B06464EF60F704EF637
:1077B000FF65002C08BF346BC0F20100C0F2010568
:1077C00004AF002A08BF054638468846FBF7C4F8D0
:1077D000B06B00F110013846FBF720F80DF17C0981
:1077E00038464946FBF720F83846FBF7AFF8B06B50
:1077F0000C21D0F86471202204F130000092029133
:1078000030212A464B46CDF80480B847484620210F
:10781000F9F76EFD27B0BDE8F08300002DE9F043D5
:10782000C7B0446B05464EF60F704EF6FF66002C4F
:1078300008BF2C6BC0F20100C0F2010604AF002AA1
:1078400008BF064638468846FBF7F6FAA86B00F1F3
:1078500080013846FBF7AAF90DF1EC093846494694
:10786000FBF7AAF93846FBF7E1FAA86B0C21D0F830
:107870006471302204F130000092029130213246CE
:107880004B46CDF80480B84748463021F9F730FD23
:1078900047B0BDE8F0830000F0B59BB06F460646E8
:1078A000384614460D46FBF757F8B06B00F110014F
:1078B0003846FAF7B3FF38462946FAF7B5FF2020D5
:1078C00020603846FBF742F81BB0F0BDF0B5B7B00A
:1078D0006F460646384614460D46FBF7ADFAB06BC8
:1078E00000F180013846FBF761F938462946FBF77D
:1078F00063F9302020603846FBF798FA37B0F0BDC6
:1079000070B50446806C002818BFFDF783F9656BDD
:1079100065B1286E30B103F0CBFE002085F8680019
:10792000C5E9180028467021F9F7E2FCA56B85B17E
:1079300005F11000FBF70AF805F18000FBF776FA75
:1079400005F10800F9F796FB28464FF4F871F9F7AE
:10795000CFFCA06C20B90120D021E8F7E1FCA064A5
:10796000606B20B901207021E8F7DAFC6063A06B3E
:1079700028B901204FF4F871E8F7D2FCA063A06B9E
:10798000002844D0A16C002941D0616B00293ED071
:1079900008467021E8F72DFCA56CD0212846E8F7B1
:1079A00028FC05F14C00F2F7B9FD05F18C00F2F767
:1079B000B5FD05F13400F6F7EFFE05F14000F6F7EE
:1079C000EBFEA46B4FF4F8712046E8F712FC04F1CB
:1079D00010052846FAF7C0FF284600210025FBF7CE
:1079E00049F804F180063046FBF726FA30460121BB
:1079F000FBF722FB47F6B170C0F20100C4F8580152
:107A000004F108002580F9F75FFB284670BD03F0FC
:107A10004FFEA06C03F04CFE606B03F049FE0020AB
:107A2000A064C4E90D0048F20010CFF6FF7070BDED
:107A30002DE9F0410446806BD0F86801807A0A286D
:107A400043D8012101FA00F040F21E6108423CD007
:107A500020460121FCF742FF054610B12846BDE84B
:107A6000F081606F162823D16068E56E0130606098
:107A700028780D38B0FA80F04FEA5010C4F8B800FA
:107A800029D1D4F88070042F46D92E79B01D8742B1
:107A900042D9E168032931D171194979285C40EA5A
:107AA0000120304400F1070847451AD9861C1DE023
:107AB000204602210A22FDF745F848F28050CFF611
:107AC000FF7000F56070BDE8F081606801306060B3
:107AD0000020BDE8F0810120C4F888000020BDE846
:107AE000F081204602213222FDF72CF847459EBF47
:107AF00048F28050CFF6FF70BDE8F0817019B0F801
:107B00000500D4F8801000BA06EB1040073081421F
:107B100004BF0020BDE8F08148F2805520460221D4
:107B20003222CFF6FF75FDF70DF82846BDE8F0814B
:107B30002DE9F04F81B001210446FCF7CFFE064647
:107B400000284CD1606F162834D1D4F880002A2840
:107B50003CD3E76E3878022838D120683E1D90F873
:107B6000501004F10C05C1F3400204F1080029464D
:107B70003346FCF7C5FF2068A16890F84E2091427B
:107B80000CDB2A6890F84F309A4207DB90F84C30B3
:107B9000994203DC90F84D00824224DD2046022108
:107BA0004622FCF7CFFF48F28060CFF6FF7000F569
:107BB000306614E0204602210A22FCF7C3FF48F297
:107BC0008060CFF6FF7000F5207608E048F280660E
:107BD000204602213222CFF6FF76FCF7B3FF304673
:107BE00001B0BDE8F08FA06BB91D00F5C870202270
:107BF000E8F7D8FA97F82650212D09D348F2806685
:107C0000204602213222CFF6FF76FCF79BFFE6E703
:107C1000D4F8800005F12B01884219D9A919C98C23
:107C20004FF0FF330ABA03EB1242032A06D391FA4C
:107C300091F805EB08012C3188420FD048F280669C
:107C4000204602213222CFF6FF76FCF77BFFC6E703
:107C500005F12A01884211D14FF00008A81990F8C7
:107C60002510A9B1204602212F22FCF76BFF48F214
:107C70008060CFF6FF7000F51066B0E748F28066CE
:107C8000204602213222CFF6FF76FCF75BFFA6E703
:107C9000B0F8230046BA3046FBF7CCFA0146A06B99
:107CA0000029C0F868113FD02046FCF76BFBD4F8E0
:107CB0003890D9F8E001002818BF002D4AD160683B
:107CC0004FF0000A013060600020C9F8E0A100F028
:107CD000EDFB616B2A4681E84104CD6001F11000A3
:107CE00007F12701E8F75EFA2068E16850F82110F3
:107CF0000A682AB3606B043140688242F8D148F2C6
:107D00008069CFF6FF79FBF795FA30B1E168026937
:107D10008A4202DC806988423CDA204602212F2216
:107D2000FCF710FF4E465AE7204602215022FCF78E
:107D300009FF48F28060CFF6FF7000F508664EE755
:107D400048F28066204602212F22CFF6FF76FCF70C
:107D5000F9FE44E7606B4168B142B0D18168002907
:107D6000ADD1C168A942AAD1103007F127012A4636
:107D7000E8F79DFA0028A2D10C2060602046FBF7AE
:107D800069FD0028B0D00646204602215022FCF7AB
:107D9000D9FE24E7606B00218160781900F12C0581
:107DA0004FF0040B0AE0204602213222FCF7CAFE03
:107DB00000204E46002837463FF411AFB8F1000FBF
:107DC00030D0688801BA0BEB114AD045EBD3298833
:107DD0004FF6017209BAB2EB114F0CD140BA01282B
:107DE00001D12879B0B1204602212822FCF7AAFE51
:107DF00000204E46A0B1A8EB0A08A8F10101022913
:107E00004FF00000554488BF0120032938BF4F467A
:107E10003E46CFE701200026C4F8C0000028EAD182
:107E20000020C7E7D4F8C00008B10026D7E62068D4
:107E300090F8500000F03000202806D120460221A2
:107E40002822FCF77FFE4E46C9E60026C7E6000062
:107E5000B0B501210546FCF741FD044608B12046B6
:107E6000B0BD686F48F280441628CFF6FF741CBF7F
:107E700004F59060B0BDD5F88000042809D1E86E03
:107E800000780E2805D1686800240130686020461B
:107E9000B0BD284602213222FCF754FE2046B0BD78
:107EA00070B50446806BD0F86861B07A012804D1BF
:107EB000606801306060002070BD20460121FCF741
:107EC0000DFD054608B1284670BD606F162815D116
:107ED000E06E48F600150078CFF6FF750C2804BF59
:107EE00005F5306070BDB07A40F0020007280DD172
:107EF00061680120C4F88800481CDBE748F60015DB
:107F0000204602210A22CFF6FF7502E02046022118
:107F10000A22FCF717FE284670BD00002DE9F0414B
:107F20000E4604460120202115464FF02008E8F7B0
:107F3000F7F9616B086680B106200627F6F716FC94
:107F4000616B2A460B6E3146F6F796F9616B81F844
:107F50006870C1F86480BDE8F0812046022150229B
:107F6000FCF7F0FD48F20010CFF6FF70BDE8F0819D
:107F7000B0B582B00446806B019108308D18F9F7D6
:107F8000A3F8A06B294600F1080201A8F9F7A0F8B0
:107F900000281CBF49F20040CFF6FF7002B0B0BD10
:107FA000806B1030FAF7C2BD806B8030FBF7F4B8FD
:107FB00070B50546806B144610300E46FAF7B6FDD4
:107FC000A86B314680302246BDE87040FBF7E4B82C
:107FD00070B594B00446806BD0F8686100201390AF
:107FE0002046FBF737FC0546002840F08C80B07A2D
:107FF0000A2800F28B80012101FA00F040F21E6194
:10800000084200F08380D4F8B800002877D0A06B35
:1080100008B1416809B92168896B00296FD00968E6
:1080200000296CD008B1416809B92168896B48F60C
:1080300000250029CFF6FF7565D04968002962D078
:10804000D0F85C3107A906AA20469847E0680328C3
:1080500061D1A06BD4F8A010D0F86801457A042053
:10806000072D08BF05200871A06B18BF062508B1B1
:10807000406808B92068806B002814BF4068002061
:108080000026FCF7BFFDD4F8A01006964871A06B3F
:1080900008B1406808B92068806B002814BF4068A8
:1080A00000202168D4F8A020D1E90631083213AEAF
:1080B0004FF0000CCDE90026CDE9023107AA294690
:1080C0000023CDF810C0F9F797F80546D8B91398F2
:1080D000D4F8A010020A8A71D4F8A010C871083030
:1080E0001621C4E92910D4F8A0000F21017060689E
:1080F000013060602046FCF731FF054603E0606810
:10810000002501306060284614B070BD606800250D
:1081100001306060F7E705F52065F4E72DE9F04FE1
:1081200083B001680446886949F20069CFF6FF7997
:1081300030B391F84C0091F84E2091F84F30A26086
:10814000E36010B391F85020D4F8A0B091F84D102E
:10815000C2F340020BF10403FDF736F8A56B0020D3
:1081600000F0A4F900BAC5F87001206805F5BA71ED
:10817000D0E906301C22984760B103B0BDE8F08F0B
:10818000A9F5206003B0BDE8F08FA9F5E06003B069
:10819000BDE8F08FA16B0BF1060001F5B87120224C
:1081A000E8F700F8606BC168A1F1210010F1110F30
:1081B00001D2002105E0A06BD0F8E001002808BF43
:1081C00000218BF8261089B10BF126004A424FF0AE
:1081D000FF3100BF636B0B445B7C013100F8013F52
:1081E00053180133F6D12831421C02E00BF127026B
:1081F000272143F6FE7081427CD801922068E26814
:108200008D1C50F822200BEB050710684FF0000A78
:1082100060B3161D43F6FE7807E000BF0120C0B131
:1082200056F8040B0BEB050700B3FBF703F8002827
:10823000F4D02168036991F84D209342EEDC91F867
:108240004F10806988424FF00000B8BF012000281D
:10825000E6D145454EDC56F8040C0AF1010A000A45
:10826000387056F8040C02357870D9E743F6FE7082
:1082700085423FDC4FF47F4038800AF10100019ACB
:10828000C109117043F6FF71691A400011F1030F23
:1082900050702FD805EB0B060120B0700020F8704D
:1082A00043F6FA70854248463FF767AFBD1D0BF5B0
:1082B000804202AB2046294600F09AF800287FF45D
:1082C0005CAF0299301D19B10A0A02706818797101
:1082D000A0EB0B001621C4E92910D4F8A00001215D
:1082E00001706068411C2046616003B0BDE8F04F3A
:1082F000FCF734BE484603B0BDE8F08F2DE9F047E7
:1083000086B0856B0446D5F8680149F20039807A59
:10831000CFF6FF7901281EBF09F5807006B0BDE8D1
:10832000F087E66821683746002E18BF012791F8CC
:10833000502091F84C0091F84D10C2F3400205F521
:10834000D87A5346FCF740FF206805F5D971D0E98B
:1083500006302E22984718B1B0B306B0BDE8F087BA
:10836000A06B302100F10808C0F86C1140460121D3
:10837000F8F756FED0B32168D4F8A030780043F661
:10838000FC77A26B0344381AD1E90675D2F86C2148
:1083900005A90433CDE900104046514602970395E4
:1083A000F8F746FE0028D7D14EB10598D4F8A010B2
:1083B000020A0A71D4F8A0104871023005904046B4
:1083C000F8F758FE0020C7E7059816210430C4E9E5
:1083D0002910D4F8A000102101706068013060609D
:1083E0002046FCF7BBFD06B0BDE8F0874846B3E782
:1083F0002DE9F04381B0994603680D4693F84D107E
:1084000000200329C9F8000019D1D3F844C04AF26A
:108410008010BCF1000FCFF6FF7010D0DCF80030F8
:1084200083B10CF1040700234FF6FC74A34206D875
:1084300057F813109E1C00293346F7D12EB901B00E
:10844000BDE8F0830026002EF9D0AA42A0F53860DE
:10845000F5D3B11D521B8A42F1D3DCF8000098B16C
:10846000ACF104076FF001064FF00108FBF776FF4F
:10847000A919087281F80980B8680437002806F144
:108480000206F3D1B01C00E000204FF450612980B7
:10849000811C0A0AE970010A68710630AA70297104
:1084A000C9F80000002001B0BDE8F083002814BF27
:1084B00000680020704700002DE9F04F97B0044697
:1084C00048F2001704A8984691460E46CFF6FF776B
:1084D000F6F762F92046F6F749F9002873D0219C97
:1084E00005460396F6F75AF806464046E7F7C0FEFB
:1084F0008346204400EB060A029001205146E7F72C
:108500000FFF0446002862D0CDF8049004EB060962
:10851000209F484641465A46E7F744FE219A09EB18
:108520000B003946E7F73EFE04A829460122F6F77C
:1085300057F9074600284AD104AD0399019ADDF89E
:108540008C802846F6F79EF8029A28464946F6F7A8
:10855000FFF828462146F6F72DF8B8F1000F35D080
:10856000B8FBF6F04FF0000B00FB168004AF07AD30
:10857000039002E0C145CB4628D23846F6F766F8AC
:10858000384621465246F6F7E3F838462946F6F7CC
:1085900011F83846F6F75AF8384621463246F6F7CB
:1085A000D7F838462146F6F705F80BEB0609C14522
:1085B000324688BF039A002ADCD0229829465844C4
:1085C000E7F7F0FDD6E707F598570EE0002704A877
:1085D000F5F7B2FF20465146F8F78AFE07A840217A
:1085E000F8F786FE204603F063F8384617B0BDE87A
:1085F000F08F0000B0B584B0DDE908E494460A9D30
:108600000A460146CDE9003E0620634602940395E2
:10861000FFF752FF04B0B0BDB0B584B0DDE908E4A7
:1086200094460A9D0A460146CDE9003E072063466E
:1086300002940395FFF740FF04B0B0BD00F00F01B6
:1086400001F157000A2938BF01F1300070470000DE
:108650002DE9F04FBDB000281CBF1446002A6DD094
:108660009B46002B6AD0DDF818A1BAF1400F65DCFB
:10867000CAF1400716AE81468846BAF13F0F88BF5F
:10868000002706EB0A003946E7F7B3FD30465946A6
:108690005246E7F787FD06AD05EB0A003946E7F7D6
:1086A000A8FD284659465246E7F77CFD002000BF4A
:1086B000315C2A5C81F03601315482F05C0129542E
:1086C00001304028F4D126AF384600F017F938467B
:1086D00001F026F916A93846402201F03FF9384644
:1086E0004946424601F03AF901AD3846294600F0C4
:1086F00029F8384600F002F9384601F011F906A9C8
:108700003846402201F02AF938462946142201F061
:1087100025F93846294600F015F80026A85D00091D
:10872000FFF78CFFA95D04F81600084604EB460726
:10873000FFF784FF0136142E7870EFD13DB0BDE80D
:10874000F08F00002DE9F04782B0054640680C46E6
:108750002968C20042EA5172470D8DF803204A0D84
:108760008DF804204A0B8DF80070470B8DF805201A
:108770004A0901F03F0A8DF8017047098DF806207B
:108780007822BAF1380F4FEAC1038DF8027038BF72
:108790003822B2EB0A068DF8073034D089192960E7
:1087A00024BF01306860BAF1000F00F09C80CAF16C
:1087B00040084EF2B4274645C0F2010710D305F138
:1087C0001C0909EB0A0039464246E7F7EBFC28464C
:1087D000494600F099F84744A6EB08064FF0000A16
:1087E000402E08D32846394600F08EF8403E3F2EF2
:1087F00007F14007F6D836B105EB0A001C303946C0
:108800003246E7F7CFFC286800F03F0900F1080185
:1088100010F1080F296002D3686801306860B9F16F
:10882000000F19D0B9F1380F6E4618D3C9F14008BE
:1088300005F11C0707EB090031464246E7F7B2FC99
:108840002846394600F060F84644A9F138074FF051
:108850000009402F06D20EE04FF000096E460827AF
:10886000402F08D32846314600F04EF8403F3F2FB6
:1088700006F14006F6D837B105EB09001C30314649
:108880003A46E7F78FFCE87A207068896070A8683C
:10889000000AA070A868E070E87B2071E889607128
:1088A000E868000AA071E868E071E87C2072688AD4
:1088B00060722869000AA0722869E072E87D20735E
:1088C000E88A60736869000AA0736869E073E87EEB
:1088D0002074688B6074A869000AA074A869E074A9
:1088E00002B0BDE8F0874EF2B4274FF0000AC0F2A4
:1088F0000107402EBFF476AF7DE7000080B55C2114
:10890000E7F777FC80BD00002DE9F04FA2B04B687F
:108910000A6893FA83F8D0E90293046946698F687C
:1089200015BA86EA040297FA87FE119087691846FD
:108930001A4005EBF96372403B441A4484EAB003E1
:108940001C9510974FEAB00703EA090347F69915FB
:108950000F9663404644C5F6822587EAB90733443B
:10896000561906EA070282460D9082EAB00203EB2E
:10897000F6604FEAB603D1F80CC083EAB9030EEBF8
:1089800004072844CDF860E007EB020E9CFA8CF750
:1089900003400E94209783EAB90307EBBA040F69EA
:1089A00004EB030A3BBA0EEBF0674FEAB00484EA2B
:1089B000B6042F443C4084EAB60E03EBB9024C697E
:1089C0001493964423BA0AEBF7644FEAB70282EA9B
:1089D000B0022C442240139382EAB00203EBB606A5
:1089E0008B6906EB020A1ABA0EEBF4634FEAB4067F
:1089F00086EAB7062B441E401A9286EAB70602EBB7
:108A0000B000CA6900EB060C10BA0AEBF3624FEA39
:108A1000B30686EAB4062A44164086EAB40E0E6A05
:108A2000CDF86C80159000EBB70796FA86F80CEB42
:108A3000F2604FEAB20686EAB3062844064007EB26
:108A40000E0A86EAB30608EBB4044F6A04EB060E7E
:108A500097FA87FB0AEBF0664FEAB00787EAB2079E
:108A60002E44374087EAB20A8F6A0BEBB30397FABA
:108A700087FC0EEBF6644FEAB60787EAB0079A4424
:108A8000631903EA070484EAB0040CEBB202CF6A6C
:108A9000CDF874C002EB040C3ABA0AEBF3644FEA67
:108AA000B30787EAB6072C44274087EAB60A02EBE9
:108AB000B0000F6B1E92824438BA0CEBF4624FEA9E
:108AC000B40787EAB3072A44174087EAB30700EBE5
:108AD000B6062190486B06EB070C0AEBF26A4FEAE8
:108AE000B20607BA86EAB4000AEB0506304080EA0F
:108AF000B40A886B07EBB30390FA80FEC86B0CEBEB
:108B0000F6619A444B19CDF83090B94619970AEBA3
:108B1000F3674FEAB60107EB050C4FEAB30781EAAA
:108B2000B20187EAB60700BA194007EA0C071F909E
:108B300081EAB20187EAB60700EBB202DDF860A075
:108B40001C980EEBB4043A448AEA0007214487EAF1
:108B5000080701EBFC6189EA07094FEAF977CDF8CC
:108B6000208007EBB6084C1920981B9F02EBF4619C
:108B70004FEABC0282EAB3024FEAB406474086EAF3
:108B8000BC0687EA0B07CDF81CB02944224087EACF
:108B90000E0B82EAB3020E404FEAFB7786EABC0670
:108BA00007EBB3034244981902EBF1624FEAB103B9
:108BB000CDF85CE083EAB406DDF850E0129053197A
:108BC0001D9803EA06028EEA0A0646401F980B9794
:108BD000DDF84C80209F464018964FEAF67088EAF0
:108BE00007061E9F82EAB402099000EBBC007E409B
:108BF000CDF8709086EAF97900EB020C12984FEAF2
:108C0000F97202EBB40200EBF3674FEAB30484EAB3
:108C1000B1007C19204080EAB1000CEBF4670244FB
:108C2000781902EBF062DDF868C02A44219D8CEAD5
:108C30000E076F4087EAFB7A4FEAB40787EAB3076B
:108C40004FEAFA760A9606EBB101159E4740199D48
:108C500001EB070E86EA08076F40189DCDF858B063
:108C600087EAF5714FEAB00585EAB4054FEAF17776
:108C700007EBB303DDF820B004975540179F03EBD3
:108C800005088BEA0C037B4083EAF977CDF86C90FA
:108C90004FEAF77312910EEBF26103EBB4094EF653
:108CA000A133C6F6D963CC184FEAB20181EAB0010C
:108CB00008EBF4686140DDF81CE03D461A9709EBCB
:108CC000010708EB030198461F9B86EA0E065E40EB
:108CD00007EBF16C86EAFA774FEAB40686EAB20649
:108CE0004FEAF77303EBB000E044DDF874C005937E
:108CF0004E401C9BCDF850A0BA46139730444FEA23
:108D0000B1068CEA0B0786EAB40687EAF377129B72
:108D1000DDF8789086EA080B87EAF376169B89EAF5
:108D20000E0787EAF3774FEAF673029303EBB2027A
:108D300087EAF573B64608964FEAF3765A4406EB8F
:108D4000B40400EBF8604FEAB8064EF6A13B86EAA1
:108D5000B106C6F6D96B5844219D20934640189B16
:108D6000344485EA0C0686EAF37602EBF06286EA82
:108D7000FA7C5A444FEAB00604EBF26486EAB8067D
:108D80004FEAFC7303EBB101564004EB0B0ADDF82C
:108D900064B00E441B994FEAB2048BEA090784EAD7
:108DA000B00487EAF177DDF85C90069384EA0A0361
:108DB00087EAFE74149989EA050787EAF1774FEA92
:108DC000F471019101EBB80820994EF6A13587EABC
:108DD000F171C6F6D9654FEAF17707EBB00706EBFC
:108DE000FA604FEABA0686EAB206219128441F9932
:108DF0001E944640129C434407EB060881EA0B0789
:108E000003EBF06387EAF4762C465F1986EAFC757B
:108E10004FEAB00383EABA034FEAF57606EBB202F3
:108E20007B4002EB030B169BCDF854C081EAF37C28
:108E30001C99AE46189589EAF1731A9D08EBF76202
:108E400083EAF5731E9D079683EAF578139B4FEA34
:108E5000F87522444FEAB7048CEAF373179505EBD3
:108E6000BA06219D84EAB00483EAF573544006EB08
:108E7000040A4FEAF374994604EBB0040BEBF2607A
:108E80004FEAB2064EF6A13386EAB706C6F6D963B4
:108E90001844DDF824C0464026448CEAF174089D4D
:108EA0000AEBF06184EAF575194485EAFE7E4FEA23
:108EB000B0059B4685EAB2054FEAFE73089303EBC3
:108EC000B707149B4D4007EB050A06EBF1678CEAE8
:108ED000F3750B9B1B9EDC4683EAF6744FEAB103E5
:108EE0005F4483EAB00B209BCDF8489084EAF3748A
:108EF0008BEA070384EAF87B159CCDF87C8085EA31
:108F0000F4754FEAFB7404EBB20285EAF979134475
:108F10004FEAF972039402EBB0000AEBF7624FEAF2
:108F2000B70484EAB10462445440E24600EB040C06
:108F3000049C1E9D84EAF67003EBF26380EAF575EB
:108F400003EB0A00D04685EAFE7A4FEAB20383EAD1
:108F5000B7034FEAFA7505EBB1014340194409958F
:108F60001B910CEBF06313990A9DDDF868C084EA4D
:108F7000F17485EAFC752199CDF874E085EAF17504
:108F800018994344C64685EAFB7884EAF174CDF823
:108F900050B04FEAB0064FEAF87184EAF97B86EAEE
:108FA000B2060A9101EBB7051B994FEAFB745E40CC
:108FB00004EBB20201EBF3614FEAB304354484EAF7
:108FC000B00601EB0E04029F86EA0401CDF858902A
:108FD00002EB010987EAFC711F9A05EBF46581EA4F
:108FE000F27605EB0E0186EAFA724FEAB405CDF887
:108FF00078A01F9285EAB3054FEAF276059ADDF86C
:1090000080A006EBB0000B964D4082EAFA72129EE9
:10901000054409EBF16082EAF672704405EBF06CEE
:1090200082EAF8754FEAB1064FEAF57286EAB406AD
:10903000059202EBB303159AF146464087EAF277B0
:109040001D9AAE46009533440CEB090503EBF5631E
:1090500087EAF2774B4445EAB00687EAFB7906EAED
:10906000B10C05EAB0074FEAF972CDF870B002EB27
:10907000B402DDF804B047EA0C0702EB070C8BEAF8
:10908000FA77149A43EAB50687EAF2771F9ACDF881
:109090004C8087EAF27206EAB00803EAB5044FEAA8
:1090A000F27606EBB10148EA040790461B920CEBFE
:1090B000F36201EB070C4BF6DC41C8F61B7114960A
:1090C00057182199069E47EAB30286EAF174169E64
:1090D00002EAB50284EAF67407EAB30684EAFE7A85
:1090E00032434FEAFA7606EBB00006960CEBF766D1
:1090F00010444BF6DC42C8F61B7206EB020E189EBB
:109100001E9C8BEAF6764EEAB70286EAF47602EA0D
:10911000B3020EEAB70486EAF97622434FEAF67400
:1091200004EBB505DDF85CB005EB020C8BEAF175DC
:109130001399CDF86490B146189600EBFE604BF69B
:10914000DC46C8F61B7685EAF175304440EABE0479
:1091500085EAF87504EAB70400EABE024FEAF57141
:10916000A8461A9501EBB3030CEBF065224313916B
:1091700003EB020CAB190799129ECDF880A081EA8F
:10918000F6741C9943EAB00584EAF17405EABE0559
:1091900084EAFA7A03EAB0024FEAFA71079101EB26
:1091A000B7040CEBF3674BF6DC41C8F61B710F44B8
:1091B0001D992A4304EB020C8BEAF1741F9947EACC
:1091C000B30584EAF17405EAB00584EAF97107EAA7
:1091D000B3024FEAF1742A438946179104EBBE05A6
:1091E0000CEBF7644BF6DC41DDF80CB0C8F61B71F4
:1091F00005EB020C04EB010E8BEAF67500994EEAC2
:10920000B70485EAF17504EAB3040EEAB70285EA09
:10921000F87122434FEAF17404EBB0000CEBFE65E9
:1092200000EB020C4BF6DC40C8F61B702A18169EA9
:109230000898159480EAF674199842EABE0584EA03
:10924000F074219184EAFA7405EAB70802EABE00D4
:109250004FEAF47101EBB30340EA0800A046029420
:109260000CEBF26403EB000C1E98CDF810A04BF64B
:10927000DC4A0891C8F61B7A8BEAF0701B9904EB64
:109280000A0343EAB20480EAF17004EABE0B03EA7F
:10929000B20480EAF9754BEA04004FEAF57404EB76
:1092A000B7040CEBF3670A9904EB000C07EB0A0414
:1092B00081EAF67744EAB300209E00EAB20987EA21
:1092C000F6772198D34687EAF07004EAB30A209033
:1092D0004FEAF070129000EBBE070CEBF46049EA25
:1092E0000A0907EB090C00EB0B07DDF870900998F1
:1092F000189E80EAF97047EAB40E80EAF670DA4602
:1093000080EAF8760EEAB30E07EAB40B4FEAF6707D
:10931000099000EBB2020CEBF7604EEA0B0E02EB89
:109320000E0C00EB0A021F9842EAB70E81EAF070B9
:109330001A99B04680EAF170039680EAF5710EEA58
:10934000B40E02EAB70B4FEAF17606EBB3030CEB6F
:10935000F2661E914EEA0B00059903EB000C06EB3A
:109360000A031D9581EAF97643EAB200049D00EAFA
:10937000B70E86EAF5762098D34686EAF07A03EAB5
:10938000B2094FEAFA704EEA090E0A9000EBB406F1
:10939000DDF864900B980CEBF36480EAF970179D8C
:1093A0005C4406EB0E0C44EAB30680EAF57006EA6C
:1093B000B20E04EAB30680EAF87B4EEA06004FEAF2
:1093C000FB7606EBB70704960CEBF46607EB000E92
:1093D0004BF6DC451B98C8F61B7506EB050C81EABD
:1093E000F07621981E9986EAF0764CEAB40786EA70
:1093F000F17107EAB3080CEAB4004FEAF17606EB24
:10940000B2020EEBFC67DDF818E040EA08001F919D
:1094100002EB000878198EEAF977029940EABC0657
:1094200087EAF17706EAB40687EAFA7200EABC0531
:109430004FEAF27191461C920B9101EBB30308EBDA
:10944000F0624BF6DC41C8F61B7146EA05070A4498
:109450003B4442EAB0071899149E07EABC0586EA25
:10946000F1761D9FCDF804B086EAF77702EAB006E0
:1094700087EAFB7735434FEAF77606EBB40403EB54
:10948000F2634BF6DC4BC8F61B7BCDF858A004EB1F
:10949000050A03EB0B05059645EAB2031A9EB8468A
:1094A0008EEAF67603EAB00E209B029786EAF37600
:1094B0001F9B05EAB20786EAF3734EEA070E4FEAEE
:1094C000F37606EBBC070AEBF56607EB0E0ADDF850
:1094D0001CE006EB0B0C8EEAF1740399199384EAF5
:1094E000F1744CEAB50684EAF97306EAB2060CEAAE
:1094F000B5074FEAF3719946189301EBB0000AEBF8
:10950000FC6346EA0704204403EB0B0600EBF6601D
:10951000149100EB0B011398DDF85CA01E9F80EA0C
:10952000FA704FEABC0480EAF77084EAB50780EA73
:10953000F87B219B87EA06004FEAFB778EEAF373FC
:10954000139707EBB202169FDDF8648083EAF77386
:10955000104483EAF87E4FEAB60282EABC024FEA80
:10956000FE7303EBB5034A409F18089B019C83EAF6
:10957000FA7200EBF16082EAF4724CF2D614CCF687
:10958000622482EAF97905194FEAB10080EAB6004F
:109590004FEAF972179202EBBC0268401044069041
:1095A00020981D9A83EAF07A159B07EBF56083EA11
:1095B000F2771F9BCDF81CB087EAF3774CF2D61CEC
:1095C00087EAFB774FEAB5044FEAF773159303EB8D
:1095D000B6061C9BBB4608978AEAF377CCF6622C4A
:1095E00084EAB104604487EAFE734440DDF824A0B5
:1095F00034444FEAF3768AEAF27206EBB106029936
:10960000CDF86CE082EAF172069982EAF97E01EB0C
:10961000F0614FEAB007614404EBF1624FEAFE7477
:10962000CDF8849087EAB50704EBB50402EB0C058E
:10963000E146129ADDF878C04F4082EAFC723E445F
:109640004FEAB10782EAF87287EAB00782EAFB7252
:109650006F4004EB07084FEAF27493461292169A91
:1096600004EBB0008AEAF274189A06EBF5664FEA4A
:10967000B50784EAF27487EAB1074E4484EAF372CC
:10968000CA467740DDF8109038444FEAF27789EA0D
:10969000FC7407EBB1070799944684EAF17408EB70
:1096A000F6611D924FEAB6021A9382EAB50251445E
:1096B000534684EAFE7A00EBF1604A404FEAFA74BE
:1096C0003A4404EBB507C5180A98DDF87C80099286
:1096D00080EAF8701B9A4FEAB10484EAB60480EA83
:1096E000F27084EA050280EAFB7BCDF880E09E46BA
:1096F0003A441C9B09980A924FEAFB7202EBB602AD
:1097000089EAF37600EBF56721984FEAB50486EA1B
:10971000F07684EAB1047346774486EAFC7EDDF88D
:1097200014C07C4022448CEAF87408984FEAFE7614
:1097300006EBB10184EAF0760A984FEAB70400EB31
:10974000F76084EAB5041844444001EB040886EA53
:10975000FA7402EBF0624FEAF47606EBB506D51820
:109760000B9A199B1A9982EAF372CDF858A082EAF3
:10977000F172A2461F944FEAB00484EAB70482EA69
:10978000FB7918996C404FEAF972CDF878B006EB86
:10979000040B02EBB7028CEAF17708EBF5614CF2AF
:1097A000D6164FEAB504CCF6622684EAB0043144FA
:1097B000209E4C4087EAF6771444139A87EAFE7C91
:1097C00082EAF377129B4FEAFC76CDF870E006EB65
:1097D000B00087EAF3760BEBF1674FEAB1034CF286
:1097E000D61E83EAB503CCF6622E774486EAFA7871
:1097F0007B4000EB030A4FEAF87303EBB50604EB7A
:10980000F7644FEAB70585EAB10004EB0E05149C36
:109810001B9B684084EAF37430441D9E84EAF6760C
:10982000219C86EAF97982EAF474169A4FEAF9766D
:1098300084EAF2740AEBF56284EAFC7B4FEAB50431
:1098400084EAB70406EBB1067244544006EB040CFC
:109850004FEAFB7606EBB70600EBF2604FEAB20781
:10986000159987EAB507704481EAF3741E9B474057
:109870003E4484EAF374179F1A9B84EAF87487EADB
:10988000F3771C9B4FEAF47487EAF37704EBB50592
:1098900087EAF9734FEAB0044FEAF3730CEBF06711
:1098A00084EAB20403EBB202209B774481EAF373AB
:1098B0001F9906EBF7667C4083EAF17325447644F2
:1098C00083EAFB7105EBF6630C9D4FEAB70484EA6B
:1098D000B00405EBF171744001EBB0004FEAB60142
:1098E0002244734481EAB70102EBF3625940084411
:1098F00002EB0E010D9A00EBF16011440E9A7044D8
:1099000002EBB3020F9B03EBB603109E06EBB70707
:10991000119E06F1080C8CE88F0022B0BDE8F08F94
:1099200042F201320021C6F24572016041604AF6FE
:10993000893182604DF6FE42CEF6CD71C9F6BA028B
:10994000C16045F2764102614EF2F012C1F232017D
:10995000CCF2D232C0E90512704700002DE9F04385
:1099600081B0CAB30646006814460D4600F03F09B0
:109970008018306002D3706801307060B9F1000F58
:1099800011D0C9F14007A7420FD806F11C0808EB17
:10999000090029463A46E6F705FC30464146FEF7FF
:1099A000B3FF3D44E41B4FF00009402C09D300BF36
:1099B00030462946FEF7A8FF403C3F2C05F1400504
:1099C000F6D84CB106EB09001C302946224601B0FE
:1099D000BDE8F043E6F7E6BB01B0BDE8F083000068
:1099E000002A08BF70472DE9F04F83B040F2F0170E
:1099F000054642F60800C2F2000700EB4518B868B9
:109A000092460091804738698047F969002088476D
:109A1000F9694FEA182002908847F9695FFA88F0DF
:109A20008847B8698047796983468847F8688047DE
:109A300042F6081000EB4519B8688047386980473E
:109A4000F96900208847F9694FEA19200190884791
:109A5000F9695FFA89F08847B869804779690646ED
:109A60008847F868804746EA0B26300200EB451429
:109A7000B86804F11805804738698047F969C4F36C
:109A800007408847F969C4F307208847F969E8B2B5
:109A9000884700985446451EB869804705F8010F6D
:109AA000013CF9D178698047F868804706EB0A05E0
:109AB000A8B2B968040A884738698047F969002064
:109AC0008847F96902988847F96948F00400C0B2EC
:109AD0008847F9692046884778698047F868804751
:109AE000B868804738698047F96900208847F96974
:109AF00001988847F96949F00400C0B28847F969BC
:109B0000E8B2884778698047F86803B0BDE8F04F4D
:109B1000004700002DE9F04F81B040F2F0150446F7
:109B200042F60800C2F2000500EB4416A868884619
:109B3000804728698047E96900208847E9694FEA3A
:109B4000162A50468847E969F0B28847A8698047D5
:109B5000696981468847E868804742F6081000EB4B
:109B60004416A868804728698047E969002088472B
:109B7000E9694FEA162B58468847E969F0B28847E9
:109B8000A8698047696907468847E868804708EB05
:109B90000920A968C619B0B2070A88472869804712
:109BA000E96900208847E9695046884742F60C0079
:109BB00000EB4410E969C0B28847E9693846884734
:109BC00068698047E8688047A868804728698047B7
:109BD000E96900208847E9695846884742F60C1031
:109BE00000EB4410E969C0B28847E969F0B28847E0
:109BF00068698047E86801B0BDE8F04F00470000A1
:109C0000002A08BF70472DE9F04F83B040F2F017EB
:109C1000054642F20840C2F2000700EB4518B8685A
:109C200092460091804738698047F969002088474B
:109C3000F9694FEA182002908847F9695FFA88F0BD
:109C40008847B8698047796983468847F8688047BC
:109C500042F2085000EB4519B868804738698047E0
:109C6000F96900208847F9694FEA1920019088476F
:109C7000F9695FFA89F08847B869804779690646CB
:109C80008847F868804746EA0B26300200EB451407
:109C9000B868804738698047F969C4F30740884746
:109CA000F969C4F307208847F96904F11400C0B2C8
:109CB000884700985446451EF96915F8010F8847F2
:109CC000013CF9D178698047F868804706EB0A05BE
:109CD000A8B2B968040A884738698047F969002042
:109CE0008847F96902988847F96948F00400C0B2CA
:109CF0008847F9692046884778698047F86880472F
:109D0000B868804738698047F96900208847F96951
:109D100001988847F96949F00400C0B28847F96999
:109D2000E8B2884778698047F86803B0BDE8F04F2B
:109D300000470000007870470170704770470000CE
:109D40007047000070470000704700000020704717
:109D500070470000F0B585B00DF102044FF41060BB
:109D600021460622EDF782FF04AD4FF480702946AC
:109D70000422EDF77BFF03AE4FF4A06031460422CE
:109D8000EDF774FF02AF4FF4706039460422EDF72F
:109D90006DFF00208021EDF791FF0020EDF748FFD7
:109DA0004FF4106021460622EDF7AAFF4FF48070B1
:109DB00029460422EDF7A4FF4FF4A06031460422A7
:109DC000EDF79EFF4FF4706039460422EDF798FFDF
:109DD00005B0F0BD80B5017842780139B1FA81F162
:109DE0004909012A4FEA811102D141F038010EE000
:109DF000C2788078012A06D1012814BF41F00801F9
:109E000041F0180103E0012808BF41F010014FF4B0
:109E10003850EDF753FF4FF43850EDF709FF00F0DD
:109E20007F014FF43850EDF749FF4FF43850EDF70C
:109E3000FFFE40F080014FF43850BDE88040EDF760
:109E40003DBF000010B504464FF43850EDF7F0FE6A
:109E5000410602D4FF2040B210BD00F0C70240F01E
:109E600038014FF43850012C08BF02F13001EDF7F2
:109E700025FF4FF43850EDF7DBFE00F07F014FF483
:109E80003850EDF71BFF4FF43850EDF7D1FE40F09E
:109E900080014FF43850EDF711FF4FF43850EDF7D3
:109EA000C7FE012C03D110F0300F03D1D2E710F020
:109EB000380FCFD0002040B210BD000070B505466D
:109EC00008460C46E6F7D4F90646C01706EB1060C4
:109ED0002968000A087028683246411C29604670CB
:109EE0002868214601302860E6F75CF9286830448C
:109EF000286070BD0268117001680131016070470F
:109F0000CA1701EB12620368120A1A700268531C26
:109F100003605170016801310160704770B5012A1A
:109F2000044611DBD01702EB10602168000A0870AC
:109F300020681546411C2160427020681946013096
:109F40002060E6F72FF91FE00E46A9B13046E6F78C
:109F50008FF90546C01705EB10602168000A0870EC
:109F600020682A46411C2160457020683146013036
:109F70002060E6F717F907E02068002101702068EB
:109F80000125421C2260417020682844206070BD79
:109F9000F0B581B04668054696420F4617D1002AB3
:109FA0004FD0A868394605E0013A00F1010001F1FF
:109FB000010146D00B7804785C40E4B2002CF3D069
:109FC000202C04D103F0DF03413B192BECD9384698
:109FD000E6F74EF9032E30D3A9680A782A2A2CD145
:109FE00011F8012F2E2A28D130B10023FA5C2E2A35
:109FF00003D001339842F9D10023F3B1C01A721E85
:10A0000090421AD1EAB13B440AE000BF013A4FF056
:10A01000000003F1010301F1010104BF01B0F0BD33
:10A0200008781F784740FFB2002FEFD0202F04D1CF
:10A0300000F0DF0041381928E8D94FF0FF3001B0B7
:10A04000F0BD002001B0F0BD2DE9F04FB5B0069194
:10A05000DDE93E19824600201C460A92086010AFD6
:10A060004FF0FF31002200BF07EBC20347F8320078
:10A0700001320A2A5960F7D10A994DF200080020EE
:10A08000CFF6FF78249019B39CB32046E6F7F0F89A
:10A090009AF81811054689061DD40AF170070FF2C7
:10A0A000384601E0BF6937B378680328FAD1B96848
:10A0B00030460322E6F7FBF80028F3D107F10C0045
:10A0C00021462A46FFF764FF0028EBD1002013E069
:10A0D00008F50060E9E10AF1F80600BF30462146C4
:10A0E0002A46FFF755FF20B1F668002EF6D104206E
:10A0F00003E0002001E0042010AF05900AF1CC0439
:10A100002046F6F7CFFF38B10A990138496821FA9D
:10A1100000F000F0010000E000200028059808BFD2
:10A1200000F5004005902046F6F7BCFF06284FF0EA
:10A13000000518BF012807D12046F6F7ABFF0A99A2
:10A14000C968884228BF01250598002D08BF00F581
:10A1500080300590249D00200990002007EBC50663
:10A160000890002046F8040F0AF1A80047F835A02F
:10A17000FBF7A8FD00281CBF012030600AF1900009
:10A18000FBF79EFD18B1306840F40070306008980D
:10A1900005F1010B002840F044819AF8480100289D
:10A1A00000F002810A990138096821FA00F0C0071D
:10A1B0004FF0000008BF4FF0FF3018B1306840F496
:10A1C000804030609AF84901002800F0F3800A9935
:10A1D0000138496821FA00F0C0074FF0000008BFBD
:10A1E0004FF0FF3018B1306840F4004030600C95FB
:10A1F00045B90AF150000AF1700100F043FD002852
:10A2000000F0F1800998069FABEB00000AF15005C1
:10A210000F9001204FF000090796CDF82CB000BF39
:10A22000002F0D9070D04FF000084FF0000B09E0A8
:10A23000BBF1000F04BFBB46A04600BFD7F850716A
:10A24000002F65D007F17001284600F01BFD0028A3
:10A25000F4D15FEAC97002D1F869032803DBD7F8AB
:10A260001C010028EAD0D7F82001012802DB0F9951
:10A270008842E3D39AF84801F4F778FA0646F4F7EF
:10A280008DF9DAE905210446304625ABF3F7F4FFF2
:10A2900010B14FF0FF3021E0CDF838B0C3469AF846
:10A2A000491107F1CC084046F6F7BAFE88B1DAE961
:10A2B00050C29AF84901DAF84C119AF8483125AEA3
:10A2C00002924246CDE90064CDF80CC0F6F7CEFF0D
:10A2D00001E04FF0FF30D846DDF838B0B0FA80F03A
:10A2E000440949EA0400C007A8D007F1A800FBF719
:10A2F000E9FC00289CD107F19000FBF7E1FC002865
:10A3000096D1BB46A04603E04FF0000B4FF000088B
:10A310005846BBF1000F18BF012040EA0900C007F2
:10A3200006D1DAF8507100204FF0010978E700BF3C
:10A33000BBF1000F0D9E08BF5E4674D00C984446DA
:10A340004DF20008DDF8FC90CFF6FF7810AF48B171
:10A350000AF17001284600F095FC0028099808BF12
:10A36000013009900C9D304616B90B9808286FD81B
:10A3700024B90799086840F0080008600BF1CC0484
:10A380002046F6F78FFE062818BF012818D1204670
:10A39000F6F780FE0A99C96888424FF0000038BF7E
:10A3A0004FF0FF300EE000BF4FF0FF3000287FF489
:10A3B00005AF07E74FF0FF3000287FF414AF16E732
:10A3C0004FF0FF300B9900280D46DA4630463FF437
:10A3D000C5AE079A334610680D4640F480301060D1
:10A3E000DA463046BAE6069800283FF40BAFDAF8B2
:10A3F0000840069D05E000BFD5F85051002D3FF400
:10A4000001AFA8688442F7D1DAF80C00E968224667
:10A41000E5F74DFF0028EFD100200121CDF890B0E5
:10A4200013E0002017E00799DDF82CB008684DF222
:10A43000000840F00800DDF8FC90CDF890B008600E
:10A4400000200121CFF6FF7810AF0C9D51B92CE010
:10A45000DDF82CB040460899002918BF0121CDF83D
:10A4600090B011B311980599BBF1000F40EA0100BB
:10A47000119019D025AC07E03E9A25981168013D4E
:10A480000843691C10600FD007EBC500B9F1000F3D
:10A4900040682590F0D057F8351040982A4623465A
:10A4A000C8470028E8D000E0002008F51061884285
:10A4B00008BF404630B13E9A4FF0FF31116035B0D1
:10A4C000BDE8F08F3E980068002808BF01460846A6
:10A4D00035B0BDE8F08F00BF5504030080B50268B9
:10A4E000014642F20F7082424DF60040CFF6FF70F7
:10A4F00023D8CB68172B20D80B693B2B1DD84B6971
:10A500003B2B1AD8D1F804E0BEF10C0F15D801236B
:10A5100003FA0EFC41F2AA531CEA030F01D01F22DA
:10A5200003E01CF4256F09D01E228968914202467F
:10A53000D8BF00220129A8BF104680BDBEF1020F7E
:10A5400018BF80BD93070FD148F21F53C5F2EB131C
:10A5500052FB03FC4FEA6C1303EBDC7C64230CFB23
:10A5600013230BB11D22E0E74BF6500C45F62943AF
:10A57000C0F21E5CCCF28F2302FB03C24DF20B7CB7
:10A580004FEA3213C0F2A30C1C22634538BF1D22D0
:10A59000CBE70000F0B581B0064600201C46174608
:10A5A000106018606A46304630230D46EFF734FEDF
:10A5B00018B1A0F5145001B0F0BD3068A84232D0F7
:10A5C000304629463A46EFF72FFD70B110F162018F
:10A5D00004D1304629463A46EFF754FD0028E8D129
:10A5E000386800281CBF012038603068A8421AD0A3
:10A5F000304629462246EFF745FD0028D9D130687C
:10A60000A8424DF69A20CFF6FF700AD121686FF06C
:10A610000042914202BF023001B0F0BD481C2060F0
:10A62000002001B0F0BD002001B0F0BD2DE9F04FD9
:10A6300083B0164602AA30238B460546EFF7ECFDA1
:10A6400028B1A0F5145A504603B0BDE8F08F029827
:10A650004DF69A280028CFF6FF7800F0858029680B
:10A66000C24608445845EED1002002AC019006E0F5
:10A67000A0F5145A0020374600283E46E3D028684B
:10A68000584573D22846594622463023EFF7C4FD79
:10A690000028EDD128680299224600EB01092846DE
:10A6A00049460623EFF7B8FD0028E1D1DDF8088020
:10A6B0002C68B8F1040F08D1206841F65551C0F25A
:10A6C0002001401A18BF012000E00120B1680028D5
:10A6D00001981CBF4DF68070CFF6FF70019059B104
:10A6E000F06858B14DF69A28CFF6FF7808F1660A5F
:10A6F0000020374602ACBFE7374606E001201021B4
:10A70000E5F70EFE0746F060D0B106203860BC6069
:10A7100002982968C7F8048008444DF69A284845ED
:10A72000CFF6FF7802AC286015D22846494622466B
:10A730003023EFF771FD50B1A0F5145A00209BE7CC
:10A740004DF69A28CFF6FF78A8F1040AD0E70298D0
:10A750002968084428602868B0EB090018BFC24681
:10A76000B0FA80F0400987E7C2466CE70020F0604D
:10A7700028685845019808BF8046C24663E7000034
:10A780002DE9F04F93B005460068884200F02E8115
:10A790001C461646EC3228460323FAF78FFF814603
:10A7A000002840F02E81D6E93C1228680B945718F7
:10A7B000B84280F01E810FA804300C9006F584701A
:10A7C0000A9006F59C70099006F1F800089006F5CD
:10A7D0009470079006F59270069006F58E700590BD
:10A7E00006F590704FF0000A0DF14808049000BF84
:10A7F0002846394642463023CDF844A0CDE90FAA79
:10A80000CDE90DAAEFF708FD10BB286812990C9A44
:10A810004418284621460623EFF7FEFCC0B906205F
:10A820000F90286810991190084428602846214606
:10A830000EAAEFF7F9FB10F1620118BF002807D14B
:10A840002846214642460423EFF7E6FC68B100BFE4
:10A85000A0F51459012040F00200022840F0D180F8
:10A860002868CB46B842C3D3C3E02968129801EBED
:10A870000009A14505D04DF69A290120CFF6FF79B0
:10A88000E9E70C460FA80DA9F6F7A2FBA8B10B9CAF
:10A89000FCB128680E9B00901C9831460FAACDF899
:10A8A0000C90CDF80490A04718B181460E9800286E
:10A8B000D0D103982860022096E0D6F818110D98A0
:10A8C000084216D04DF69A20CFF6FF7000F16609C7
:10A8D000C0E70E98C5F8009000284DF69A20CFF6F4
:10A8E000FF7018BF00F1040B4FF0010008BF0220F9
:10A8F0007AE00143FF28C6F818110BDC042819D0B0
:10A9000008281DD0202856D1089A2846494600F02C
:10A91000F7F843E0B0F5803F3BD0B0F5006F40D092
:10A92000B0F5807F47D1DDE9043228464946FFF77C
:10A9300031FE33E0069A2846494600F091F82DE0B2
:10A940000A9A28464946CDF80C90FFF76FFE00287A
:10A9500049D081460B9878B14DF68070CFF6FF70E4
:10A96000814509D10094039C0E9B1C9801940B9C7B
:10A9700031460FAAA047B0B30E9800284FF001004F
:10A980007FF469AF4DF68071CFF6FF7189452AD00B
:10A9900061E7099A2846494600F092F818B38146C3
:10A9A00058E7079A284649460623EFF7C5FB38B112
:10A9B000A0F5145910E00E9898B14DF680795CE737
:10A9C000D6F830014FF0000900284DF69A20CFF656
:10A9D000FF7008BF00F10209B9F1000F7FF43AAF30
:10A9E00001E0C5F800900020D94634E74FF0000997
:10A9F00007E0B0EB07094DF69A20CFF6FF7018BFBD
:10AA00008146484613B0BDE8F08F0000F0B581B034
:10AA10001D4617466A4630230446EFF7FDFB002823
:10AA20001EBFA0F5105001B0F0BD206800993A4655
:10AA3000461820463146FAF773FF08B101B0F0BD61
:10AA4000204631462A46FAF76BFF0028F6D12068E7
:10AA5000801B1CBF4DF69A30CFF6FF7001B0F0BDE1
:10AA600010B584B0144600220392CDE9012201AA58
:10AA7000EFF77CFA00281EBFA0F5145004B010BDFB
:10AA80000199B9B10020039A0139082320600329F4
:10AA900028BF032103EBC10C013A00BF12F8013FAC
:10AAA000216883400830194384452160F6D1002095
:10AAB00004B010BD4DF69C20CFF6FF7004B010BD61
:10AAC00010B584B0144600220392CDE9012201AAF8
:10AAD000EFF74CFA00281EBFA0F5145004B010BDCB
:10AAE0000198012805D1039800782070002004B057
:10AAF00010BD4DF69C20CFF6FF7004B010BD0000D5
:10AB00002DE9F04F8FB016460EAA30230C460546AD
:10AB1000EFF782FB10B1A0F5145990E028680E9968
:10AB20004DF69A290844CFF6FF79A042019640F0ED
:10AB300086804DF69A20CFF6FF70DDF804A003AFB3
:10AB40000DF1340B0430009005E000BFA0F514595E
:10AB50000021002973D02E68A64264D238462821ED
:10AB6000E5F747FB16F8018B284621465A462E602A
:10AB7000EFF78CFA0028E9D108F0C00080281BD13B
:10AB800050463946CDF808A0FAF7FEFF10F5025FEF
:10AB900001D0824698B9DDF808A0DAF8080020B3A1
:10ABA000DAF80C0020B34DF69A20CFF6FF7000F1D2
:10ABB0006609002103AFCCE7DDF80090C8E70198F3
:10ABC000C76857B1FE6838461021F6F791FB384642
:10ABD00000F06EFD002E3746F4D101980021D146D9
:10ABE000DDF808A0C16003AFB3E7504603AF07E04C
:10ABF00001201021E5F794FB03AFCAF80C0058B10F
:10AC0000C0F8008029680D9A8246C0E901212968B0
:10AC10001144296001219CE74DF69A20CFF6FF7080
:10AC2000A0F1040994E70020CAF80C002868B0EBF2
:10AC300004094DF69A20CFF6FF7018BF81464846AA
:10AC40000FB0BDE8F08F0000B0B504460068884240
:10AC500016D00078154642F8040B43F0A0032046B6
:10AC6000EFF7DAFA10F162010AD000281CBFA0F554
:10AC70000650B0BD2068A86068682168084420605C
:10AC80000020B0BDF0B581B00546084302BF0020EA
:10AC900001B0F0BD0C46002D4FF0FF3018BF002C66
:10ACA00048D028682168884246D168686268904226
:10ACB00042D1A868A168E5F7FAFA00283CD1EF680C
:10ACC000E668B74208D128692269904204D16869D0
:10ACD0006169E5F7ECFA18B3132F18BF0C2F2BD1CD
:10ACE000132E18BF0C2E27D129692069814223D148
:10ACF000B0B16969626905E0013802F1010201F150
:10AD000001010DD00B7817785F40FFB2002FF3D010
:10AD1000202F11D103F0DF03413B192BECD90BE0BD
:10AD2000287F217F884207D1AD69A46955EA0400D4
:10AD3000B1D1002001B0F0BD4FF0FF3001B0F0BD47
:10AD40000FB4054B10B503A9044A029800F008F9A6
:10AD500010BC5DF814FB0000999500000400002071
:10AD60000FB4084B10B504A902AA039800F0F8F834
:10AD7000044602A9002000F095FC204610BC5DF8B6
:10AD800014FB0000A5B601007CB50C001D4616465C
:10AD9000014601D0601E00E00020CDE90010064B06
:10ADA0006A462946304600F0DBF8002C02D0009AB3
:10ADB000002111707CBD00008FB6010002E008C8C0
:10ADC000121F08C1002AFAD170477047002001E025
:10ADD00001C1121F002AFBD1704700002DE9FF5F5F
:10ADE00082B00021DDE90430020DDDF840B00343FC
:10ADF00018D044F61050A2F2FF32424315141198B5
:10AE000001281FD0A5EB0B00401C5FEA000A4FF0A1
:10AE100000064E4FDFF83891B046504615D5CAF1BE
:10AE2000000413E0119801244AA3012801D16FEA1C
:10AE30000B010298119AC0E90031C0E9024206B044
:10AE4000BDE8F09FCBF10000DFE704460021404A57
:10AE5000491842EB0450CDE9001012E0E00707D09A
:10AE600032463B4640464946E5F7B9FC80468946AE
:10AE700032463B4610461946E5F7B1FC06460F46FA
:10AE80006410002CEAD1DDE90401DDE90023BAF108
:10AE9000000F06DAE5F7A3FC42464B46E5F79FFCB8
:10AEA00005E0E5F70EFD42464B46E5F70AFD044690
:10AEB0000E460022284BE5F78BFD03D84FF0FF30FC
:10AEC000014607E00022254B20463146E5F7E0FB2E
:10AED000E5F766FD102409E0002C0ADB0A220023B6
:10AEE000E5F71CF9039B30321A55641E50EA010243
:10AEF000F2D1641C039AC4F111031444119A012A7B
:10AF000003D0012208430DD10AE0084304D00020F9
:10AF10004FF0110B119072E7A3EB0B056D1E0DE0C6
:10AF20005B4504DD4FF0000205F1010504E003DAA2
:10AF30004FF00002A5F10105002AECD0029811990A
:10AF4000C0E90231C0E9004579E700000000144083
:10AF50000000F03F300000000000F0430000E03F40
:10AF60002DE9FF4F95B09B468946064600250FE226
:10AF7000252877D100242746F84A0121059400E0CE
:10AF8000044316F8013F203B01FA03F01042F7D1C9
:10AF900030782A2811D06FF02F033078A0F13002DA
:10AFA000092A16D8059A44F0020402EB820203EB48
:10AFB00042021044761C0590EFE759F8042B0592E5
:10AFC000002A03DA504244F40054059044F002048D
:10AFD000761C30782E2816D116F8010F44F00404A0
:10AFE0002A280DD06FF02F023078A0F13003092B02
:10AFF00009D807EB870302EB4303C718761CF3E776
:10B0000059F8047B761C30786C280FD006DC4C286D
:10B0100017D068280DD06A2814D104E0742810D005
:10B020007A280FD10DE044F400140AE044F48014AF
:10B0300001E044F440147278824202D104F5801495
:10B04000761C761C307866280BD013DC582877D015
:10B0500009DC002875D04528F6D04628F4D04728CA
:10B060001AD19DE118E0632835D0642879D065288D
:10B0700012D195E1702873D008DC6728F1D06928D7
:10B080006FD06E280DD06F2806D1B5E073282CD074
:10B09000752875D0782874D05A46179990476D1C3A
:10B0A00075E1C4F30250022809D003280DD0D9F865
:10B0B000001004280DD00D6009F1040967E1D9F8EA
:10B0C0000010EA17C1E90052F6E7D9F800100D8028
:10B0D000F2E70D70F0E719F8041B8DF8001000205E
:10B0E0008DF80100EA46012003E059F804AB4FF067
:10B0F000FF3061074FF0000102D40DE008F10101BB
:10B100008846B9420FDA8045F8DB1AF808100029A2
:10B11000F4D108E008F1010188468142FADB1AF80F
:10B1200008100029F6D105985B46A0EB08072146D8
:10B130003846179A00F094FA284400EB080507E017
:10B140004DE029E10DE01AF8010B5A461799904796
:10B15000B8F10108F7D25B4621463846179A13E149
:10B1600042E00A220092C4F302524FF0000A022A7F
:10B1700008D059F804CB032A4FEAEC710AD00DE04D
:10B1800029E02AE009F1070121F00702F2E802C1F3
:10B19000914609E00FFA8CFC4FEAEC71042A03D1C6
:10B1A0004FFA8CFC4FEAEC71002907DA0A460021BD
:10B1B000DCF1000C61EB02012D2202E0220504D536
:10B1C0002B228DF80420012203E0E20701D0202287
:10B1D000F7E7904659E00A2102E010220DE0102125
:10B1E0004FF0000A00910BE010224FF0000A44F0EB
:10B1F00004040827009203E008224FF0000A00929E
:10B20000C4F30252022A05D059F804CB0021032AC4
:10B2100008D009E009F1070121F00702F2E802C1B4
:10B22000914605E01FFA8CFC042A01D10CF0FF0CBA
:10B230004FF00008220728D5702806D0009B83F025
:10B24000100353EA0A0305D00EE040228DF80420D3
:10B25000012208E05CEA010206D030228DF80420C9
:10B260008DF8050002229046009B83F0080353EA04
:10B270000A030AD15CEA010201D1620705D5302236
:10B280008DF804204FF001087F1E582804D034A008
:10B2900003900EA802900DE036A0F9E753466046F1
:10B2A000009AE4F73BFF84460398825C0298401EB4
:10B2B000029002705CEA0100F0D1029806A9081A17
:10B2C00000F1200A600702D524F4803400E0012751
:10B2D000574502DDA7EB0A0000E0002000EB0A0161
:10B2E000009005984144401A0590E00306D45B465F
:10B2F0002146179A059800F0B3F90544002706E0A7
:10B3000001A85A46C05D179990476D1C7F1C4745A0
:10B31000F6DBE0030CD55B462146179A059800F052
:10B320009FF9054404E030205A46179990476D1C58
:10B330000099481E00900029F5DC08E00298029967
:10B340005A460078491C0291179990476D1CBAF132
:10B350000001AAF1010AF1DC65E100000928010001
:10B36000303132333435363738396162636465667B
:10B37000000000003031323334353637383941423D
:10B38000434445460000000000F058F90544761C8F
:10B39000307800287FF4ECAD19B02846BDE8F08F76
:10B3A000620700D4062709F1070222F0070CFCE827
:10B3B0000223E14603F000485FEA080C02D00FF2D6
:10B3C000702C0DE05FEA045C02D50FF2682C07E0F8
:10B3D0005FEAC47C02D00FF2602C01E0AFF2700C87
:10B3E0004FF0FF3823F00043CDF850C065280CD053
:10B3F00006DC452809D046281DD047283DD13DE030
:10B40000662818D067287ED138E00021112F01DB93
:10B41000112000E0781CCDE9000106A90EA8FFF775
:10B42000DDFCDDE90F010E9A03910021009207F186
:10B43000010A04914DE04FF000400097CDE9011062
:10B4400006A90EA8FFF7CAFCDDE90F0203920E9BC6
:10B4500011990022DDF80CA00093049211B9791C17
:10B4600000EB010AB7EB0A0004D4C0F1FF3007F18A
:10B47000010A0490AAEB0700019044E0012F00DAD2
:10B4800001270021112F01DD112000E03846CDE910
:10B49000000106A90EA8FFF7A1FCDDE90F010E9A35
:10B4A0000391002104910092BA4621070CD403991C
:10B4B000514500DA8A46BAF1010F05DD009AAAF17A
:10B4C0000101515C302908D0B84202DA10F1040FB2
:10B4D00006DA0121CDE9011015E0AAF10101E9E741
:10B4E000002805DC049901440491AAEB000102E064
:10B4F000411C514500DD8A460499401A401C0190C8
:10B500004FF000400290200704D40198504501DB21
:10B51000CDF8048000208DF84F0002980DF14F0700
:10B52000B0F1004F25D02B200E9002984FF002086A
:10B5300000280CDA404202902D200E9007E00A21EC
:10B540000298E5F72DF83031029007F8011DB8F1A7
:10B550000001A8F10108F2DC02980028EFD1791E61
:10B560000E980870307800F0200040F0450007F891
:10B57000020D12A8C01B00F107081498007800B152
:10B58000012000EB0A01019801EBE07105984144AC
:10B59000401A401E0590E00306D45B462146179AE8
:10B5A000059800F05DF805441498007818B15A46E3
:10B5B000179990476D1CE00324D55B462146179AE6
:10B5C000059800F04DF805441CE00498002807DBBE
:10B5D000DDE90301884203DD0098405C179901E032
:10B5E000179930205A469047049805F10105401CF0
:10B5F00004900198401E019004D12E205A461799BC
:10B6000090476D1CBAF10001AAF1010ADDDC05E0EA
:10B6100017F8010B5A46179990476D1CB8F10001B5
:10B62000A8F10108F4DC5B462146179A0598ABE6C1
:10B630002D0000002B000000200000002DE9F0414B
:10B64000044600251E461746880404D405E0394602
:10B650002020B0476D1C641EF9D52846BDE8F08156
:10B660002DE9F041044600251E469046C80301D549
:10B67000302700E02027880404D505E041463846FD
:10B68000B0476D1C641EF9D52846BDE8F0814A68B4
:10B69000002A06D00A68531C0B6010704868401ED0
:10B6A000486070470A68531C0B60107070470000B8
:10B6B00010B5002821D0114B0022001F196803E0AB
:10B6C000814203D80A4649680029F9D152B113686A
:10B6D000841A9C4204D1006818441060104602E0AD
:10B6E000506000E0186039B102680B1A934203D130
:10B6F0000B681A4402604968416010BD08000020D0
:10B70000F0B50B30154D20F007010024144A0FE06E
:10B7100003688B420BD38B4205D95E1A43184768E6
:10B72000C3E9006700E04368136002C004E0021D43
:10B7300010680028ECD12046002802D1286808B102
:10B740000020F0BD064A07481060074A121A22F08E
:10B750000702C0E9002401202860D7E70C00002080
:10B76000080000208C56002088F8002010B5044600
:10B7700001E0EDF711FF14F8010B04490028F8D19E
:10B78000BDE810400A20EDF707BF000004000020CC
:10B79000DDDDDDDDDCBBBBDDDDDDDDDDDDDDDDDD1E
:10B7A000988888888888888877777777778888885E
:10B7B00085555556666666666666666666688888F6
:10B7C0008333333222222222222222222228888DEF
:10B7D0004D51544300000000040000000000000030
:10B7E00000000000000000003C0001004D515457D3
:10B7F0000000000000000000000000000000000049
:10B800000000000000000000000000000000000038
:10B810000000000000000000000000000000000028
:10B820000000000000000000020305070B0D1113CB
:10B83000171D1F25292B2F353B3D4347494F535992
:10B840006165676B6D717F83898B95979DA3A7ADAC
:10B85000B3B5BFC1C5C7D3DFE3E5E9EFF1FB2F2FD8
:10B860006232332E74762F746A7937567A42637C4B
:10B87000777BF26B6FC53001672BFED7AB76CA8240
:10B88000C97DFA5947F0ADD4A2AF9CA472C0B7FDF0
:10B890009326363FF7CC34A5E5F171D8311504C7AE
:10B8A00023C31896059A071280E2EB27B275098325
:10B8B0002C1A1B6E5AA0523BD6B329E32F8453D1C6
:10B8C00000ED20FCB15B6ACBBE394A4C58CFD0EFBB
:10B8D000AAFB434D338545F9027F503C9FA851A3F5
:10B8E000408F929D38F5BCB6DA2110FFF3D2CD0C13
:10B8F00013EC5F974417C4A77E3D645D19736081A4
:10B900004FDC222A908846EEB814DE5E0BDBE03274
:10B910003A0A4906245CC2D3AC629195E479E7C83F
:10B92000376D8DD54EA96C56F4EA657AAE08BA78B3
:10B93000252E1CA6B4C6E8DD741F4BBD8B8A703E55
:10B94000B5664803F60E613557B986C11D9EE1F80C
:10B95000981169D98E949B1E87E9CE5528DF8CA15A
:10B96000890DBFE6426841992D0FB054BB16000007
:10B97000C66363A5F87C7C84EE777799F67B7B8D34
:10B98000FFF2F20DD66B6BBDDE6F6FB191C5C55482
:10B990006030305002010103CE6767A9562B2B7D22
:10B9A000E7FEFE19B5D7D7624DABABE6EC76769ADB
:10B9B0008FCACA451F82829D89C9C940FA7D7D8789
:10B9C000EFFAFA15B25959EB8E4747C9FBF0F00B65
:10B9D00041ADADECB3D4D4675FA2A2FD45AFAFEAF1
:10B9E000239C9CBF53A4A4F7E47272969BC0C05BD7
:10B9F00075B7B7C2E1FDFD1C3D9393AE4C26266A98
:10BA00006C36365A7E3F3F41F5F7F70283CCCC4F78
:10BA10006834345C51A5A5F4D1E5E534F9F1F108B9
:10BA2000E2717193ABD8D873623131532A15153F47
:10BA30000804040C95C7C752462323659DC3C35E03
:10BA400030181828379696A10A05050F2F9A9AB52F
:10BA50000E070709241212361B80809BDFE2E23DAD
:10BA6000CDEBEB264E2727697FB2B2CDEA75759FE5
:10BA70001209091B1D83839E582C2C74341A1A2E0C
:10BA8000361B1B2DDC6E6EB2B45A5AEE5BA0A0FBC7
:10BA9000A45252F6763B3B4DB7D6D6617DB3B3CEBA
:10BAA0005229297BDDE3E33E5E2F2F7113848497B7
:10BAB000A65353F5B9D1D16800000000C1EDED2CBB
:10BAC00040202060E3FCFC1F79B1B1C8B65B5BEDA0
:10BAD000D46A6ABE8DCBCB4667BEBED97239394BAC
:10BAE000944A4ADE984C4CD4B05858E885CFCF4A97
:10BAF000BBD0D06BC5EFEF2A4FAAAAE5EDFBFB1632
:10BB0000864343C59A4D4DD7663333551185859489
:10BB10008A4545CFE9F9F91004020206FE7F7F81CC
:10BB2000A05050F0783C3C44259F9FBA4BA8A8E316
:10BB3000A25151F35DA3A3FE804040C0058F8F8AC0
:10BB40003F9292AD219D9DBC70383848F1F5F504C7
:10BB500063BCBCDF77B6B6C1AFDADA7542212163C8
:10BB600020101030E5FFFF1AFDF3F30EBFD2D26DA7
:10BB700081CDCD4C180C0C1426131335C3ECEC2FCF
:10BB8000BE5F5FE1359797A2884444CC2E171739E2
:10BB900093C4C45755A7A7F2FC7E7E827A3D3D47E9
:10BBA000C86464ACBA5D5DE73219192BE67373950E
:10BBB000C06060A0198181989E4F4FD1A3DCDC7FCB
:10BBC00044222266542A2A7E3B9090AB0B888883BD
:10BBD0008C4646CAC7EEEE296BB8B8D32814143C7D
:10BBE000A7DEDE79BC5E5EE2160B0B1DADDBDB76FD
:10BBF000DBE0E03B64323256743A3A4E140A0A1ED5
:10BC0000924949DB0C06060A4824246CB85C5CE4C3
:10BC10009FC2C25DBDD3D36E43ACACEFC46262A61B
:10BC2000399191A8319595A4D3E4E437F279798BD1
:10BC3000D5E7E7328BC8C8436E373759DA6D6DB731
:10BC4000018D8D8CB1D5D5649C4E4ED249A9A9E009
:10BC5000D86C6CB4AC5656FAF3F4F407CFEAEA2584
:10BC6000CA6565AFF47A7A8E47AEAEE91008081857
:10BC70006FBABAD5F07878884A25256F5C2E2E7277
:10BC8000381C1C2457A6A6F173B4B4C797C6C65176
:10BC9000CBE8E823A1DDDD7CE874749C3E1F1F2106
:10BCA000964B4BDD61BDBDDC0D8B8B860F8A8A8583
:10BCB000E07070907C3E3E4271B5B5C4CC6666AA19
:10BCC000904848D806030305F7F6F6011C0E0E123D
:10BCD000C26161A36A35355FAE5757F969B9B9D00A
:10BCE0001786869199C1C1583A1D1D27279E9EB976
:10BCF000D9E1E138EBF8F8132B9898B322111133FE
:10BD0000D26969BBA9D9D970078E8E89339494A75B
:10BD10002D9B9BB63C1E1E2215878792C9E9E92000
:10BD200087CECE49AA5555FF50282878A5DFDF7A5F
:10BD3000038C8C8F59A1A1F8098989801A0D0D17E0
:10BD400065BFBFDAD7E6E631844242C6D06868B83C
:10BD5000824141C3299999B05A2D2D771E0F0F1199
:10BD60007BB0B0CBA85454FC6DBBBBD62C16163A96
:10BD7000A5C6636384F87C7C99EE77778DF67B7B30
:10BD80000DFFF2F2BDD66B6BB1DE6F6F5491C5C57E
:10BD90005060303003020101A9CE67677D562B2B1E
:10BDA00019E7FEFE62B5D7D7E64DABAB9AEC7676D7
:10BDB000458FCACA9D1F82824089C9C987FA7D7D85
:10BDC00015EFFAFAEBB25959C98E47470BFBF0F061
:10BDD000EC41ADAD67B3D4D4FD5FA2A2EA45AFAFED
:10BDE000BF239C9CF753A4A496E472725B9BC0C0D3
:10BDF000C275B7B71CE1FDFDAE3D93936A4C262694
:10BE00005A6C3636417E3F3F02F5F7F74F83CCCC74
:10BE10005C683434F451A5A534D1E5E508F9F1F1B5
:10BE200093E2717173ABD8D8536231313F2A151543
:10BE30000C0804045295C7C7654623235E9DC3C3FF
:10BE400028301818A13796960F0A0505B52F9A9A2B
:10BE5000090E0707362412129B1B80803DDFE2E2A9
:10BE600026CDEBEB694E2727CD7FB2B29FEA7575E1
:10BE70001B1209099E1D838374582C2C2E341A1A08
:10BE80002D361B1BB2DC6E6EEEB45A5AFB5BA0A0C3
:10BE9000F6A452524D763B3B61B7D6D6CE7DB3B3B6
:10BEA0007B5229293EDDE3E3715E2F2F97138484B3
:10BEB000F5A6535368B9D1D1000000002CC1EDEDB7
:10BEC000604020201FE3FCFCC879B1B1EDB65B5B9C
:10BED000BED46A6A468DCBCBD967BEBE4B723939A8
:10BEE000DE944A4AD4984C4CE8B058584A85CFCF93
:10BEF0006BBBD0D02AC5EFEFE54FAAAA16EDFBFB2E
:10BF0000C5864343D79A4D4D556633339411858585
:10BF1000CF8A454510E9F9F90604020281FE7F7FC8
:10BF2000F0A0505044783C3CBA259F9FE34BA8A812
:10BF3000F3A25151FE5DA3A3C08040408A058F8FBC
:10BF4000AD3F9292BC219D9D4870383804F1F5F5C3
:10BF5000DF63BCBCC177B6B675AFDADA63422121C4
:10BF6000302010101AE5FFFF0EFDF3F36DBFD2D2A3
:10BF70004C81CDCD14180C0C352613132FC3ECECCB
:10BF8000E1BE5F5FA2359797CC884444392E1717DE
:10BF90005793C4C4F255A7A782FC7E7E477A3D3DE5
:10BFA000ACC86464E7BA5D5D2B32191995E673730A
:10BFB000A0C0606098198181D19E4F4F7FA3DCDCC7
:10BFC000664422227E542A2AAB3B9090830B8888B9
:10BFD000CA8C464629C7EEEED36BB8B83C28141479
:10BFE00079A7DEDEE2BC5E5E1D160B0B76ADDBDBF9
:10BFF0003BDBE0E0566432324E743A3A1E140A0AD1
:10C00000DB9249490A0C06066C482424E4B85C5CBF
:10C010005D9FC2C26EBDD3D3EF43ACACA6C4626217
:10C02000A8399191A431959537D3E4E48BF27979CD
:10C0300032D5E7E7438BC8C8596E3737B7DA6D6D2D
:10C040008C018D8D64B1D5D5D29C4E4EE049A9A905
:10C05000B4D86C6CFAAC565607F3F4F425CFEAEA80
:10C06000AFCA65658EF47A7AE947AEAE1810080853
:10C07000D56FBABA88F078786F4A2525725C2E2E73
:10C0800024381C1CF157A6A6C773B4B45197C6C672
:10C0900023CBE8E87CA1DDDD9CE87474213E1F1F02
:10C0A000DD964B4BDC61BDBD860D8B8B850F8A8A7F
:10C0B00090E07070427C3E3EC471B5B5AACC666615
:10C0C000D89048480506030301F7F6F6121C0E0E39
:10C0D000A3C261615F6A3535F9AE5757D069B9B906
:10C0E000911786865899C1C1273A1D1DB9279E9E72
:10C0F00038D9E1E113EBF8F8B32B989833221111FA
:10C10000BBD2696970A9D9D989078E8EA733949457
:10C11000B62D9B9B223C1E1E9215878720C9E9E9FC
:10C120004987CECEFFAA5555785028287AA5DFDF5B
:10C130008F038C8CF859A1A180098989171A0D0DDC
:10C14000DA65BFBF31D7E6E6C6844242B8D0686838
:10C15000C3824141B0299999775A2D2D111E0F0F95
:10C16000CB7BB0B0FCA85454D66DBBBB3A2C161692
:10C1700063A5C6637C84F87C7799EE777B8DF67B2C
:10C18000F20DFFF26BBDD66B6FB1DE6FC55491C57A
:10C19000305060300103020167A9CE672B7D562B1A
:10C1A000FE19E7FED762B5D7ABE64DAB769AEC76D3
:10C1B000CA458FCA829D1F82C94089C97D87FA7D81
:10C1C000FA15EFFA59EBB25947C98E47F00BFBF05D
:10C1D000ADEC41ADD467B3D4A2FD5FA2AFEA45AFE9
:10C1E0009CBF239CA4F753A47296E472C05B9BC0CF
:10C1F000B7C275B7FD1CE1FD93AE3D93266A4C2690
:10C20000365A6C363F417E3FF702F5F7CC4F83CC70
:10C21000345C6834A5F451A5E534D1E5F108F9F1B1
:10C220007193E271D873ABD831536231153F2A153F
:10C23000040C0804C75295C723654623C35E9DC3FB
:10C240001828301896A13796050F0A059AB52F9A27
:10C2500007090E0712362412809B1B80E23DDFE2A5
:10C26000EB26CDEB27694E27B2CD7FB2759FEA75DD
:10C27000091B1209839E1D832C74582C1A2E341A04
:10C280001B2D361B6EB2DC6E5AEEB45AA0FB5BA0BF
:10C2900052F6A4523B4D763BD661B7D6B3CE7DB3B2
:10C2A000297B5229E33EDDE32F715E2F84971384AF
:10C2B00053F5A653D168B9D100000000ED2CC1EDB3
:10C2C00020604020FC1FE3FCB1C879B15BEDB65B98
:10C2D0006ABED46ACB468DCBBED967BE394B7239A4
:10C2E0004ADE944A4CD4984C58E8B058CF4A85CF8F
:10C2F000D06BBBD0EF2AC5EFAAE54FAAFB16EDFB2A
:10C3000043C586434DD79A4D335566338594118581
:10C3100045CF8A45F910E9F9020604027F81FE7FC4
:10C3200050F0A0503C44783C9FBA259FA8E34BA80E
:10C3300051F3A251A3FE5DA340C080408F8A058FB8
:10C3400092AD3F929DBC219D38487038F504F1F5BF
:10C35000BCDF63BCB6C177B6DA75AFDA21634221C0
:10C3600010302010FF1AE5FFF30EFDF3D26DBFD29F
:10C37000CD4C81CD0C14180C13352613EC2FC3ECC7
:10C380005FE1BE5F97A2359744CC884417392E17DA
:10C39000C45793C4A7F255A77E82FC7E3D477A3DE1
:10C3A00064ACC8645DE7BA5D192B32197395E67306
:10C3B00060A0C060819819814FD19E4FDC7FA3DCC3
:10C3C000226644222A7E542A90AB3B9088830B88B5
:10C3D00046CA8C46EE29C7EEB8D36BB8143C281475
:10C3E000DE79A7DE5EE2BC5E0B1D160BDB76ADDBF5
:10C3F000E03BDBE0325664323A4E743A0A1E140ACD
:10C4000049DB9249060A0C06246C48245CE4B85CBB
:10C41000C25D9FC2D36EBDD3ACEF43AC62A6C46213
:10C4200091A8399195A43195E437D3E4798BF279C9
:10C43000E732D5E7C8438BC837596E376DB7DA6D29
:10C440008D8C018DD564B1D54ED29C4EA9E049A901
:10C450006CB4D86C56FAAC56F407F3F4EA25CFEA7C
:10C4600065AFCA657A8EF47AAEE947AE081810084F
:10C47000BAD56FBA7888F078256F4A252E725C2E6F
:10C480001C24381CA6F157A6B4C773B4C65197C66E
:10C49000E823CBE8DD7CA1DD749CE8741F213E1FFE
:10C4A0004BDD964BBDDC61BD8B860D8B8A850F8A7B
:10C4B0007090E0703E427C3EB5C471B566AACC6611
:10C4C00048D8904803050603F601F7F60E121C0E35
:10C4D00061A3C261355F6A3557F9AE57B9D069B902
:10C4E00086911786C15899C11D273A1D9EB9279E6E
:10C4F000E138D9E1F813EBF898B32B9811332211F6
:10C5000069BBD269D970A9D98E89078E94A7339453
:10C510009BB62D9B1E223C1E87921587E920C9E9F8
:10C52000CE4987CE55FFAA5528785028DF7AA5DF57
:10C530008C8F038CA1F859A1898009890D171A0DD8
:10C54000BFDA65BFE631D7E642C6844268B8D06834
:10C5500041C3824199B029992D775A2D0F111E0F91
:10C56000B0CB7BB054FCA854BBD66DBB163A2C168E
:10C570006363A5C67C7C84F8777799EE7B7B8DF628
:10C58000F2F20DFF6B6BBDD66F6FB1DEC5C5549176
:10C5900030305060010103026767A9CE2B2B7D5616
:10C5A000FEFE19E7D7D762B5ABABE64D76769AECCF
:10C5B000CACA458F82829D1FC9C940897D7D87FA7D
:10C5C000FAFA15EF5959EBB24747C98EF0F00BFB59
:10C5D000ADADEC41D4D467B3A2A2FD5FAFAFEA45E5
:10C5E0009C9CBF23A4A4F753727296E4C0C05B9BCB
:10C5F000B7B7C275FDFD1CE19393AE3D26266A4C8C
:10C6000036365A6C3F3F417EF7F702F5CCCC4F836C
:10C6100034345C68A5A5F451E5E534D1F1F108F9AD
:10C62000717193E2D8D873AB3131536215153F2A3B
:10C6300004040C08C7C7529523236546C3C35E9DF7
:10C64000181828309696A13705050F0A9A9AB52F23
:10C650000707090E1212362480809B1BE2E23DDFA1
:10C66000EBEB26CD2727694EB2B2CD7F75759FEAD9
:10C6700009091B1283839E1D2C2C74581A1A2E3400
:10C680001B1B2D366E6EB2DC5A5AEEB4A0A0FB5BBB
:10C690005252F6A43B3B4D76D6D661B7B3B3CE7DAE
:10C6A00029297B52E3E33EDD2F2F715E84849713AB
:10C6B0005353F5A6D1D168B900000000EDED2CC1AF
:10C6C00020206040FCFC1FE3B1B1C8795B5BEDB694
:10C6D0006A6ABED4CBCB468DBEBED96739394B72A0
:10C6E0004A4ADE944C4CD4985858E8B0CFCF4A858B
:10C6F000D0D06BBBEFEF2AC5AAAAE54FFBFB16ED26
:10C700004343C5864D4DD79A33335566858594117D
:10C710004545CF8AF9F910E9020206047F7F81FEC0
:10C720005050F0A03C3C44789F9FBA25A8A8E34B0A
:10C730005151F3A2A3A3FE5D4040C0808F8F8A05B4
:10C740009292AD3F9D9DBC2138384870F5F504F1BB
:10C75000BCBCDF63B6B6C177DADA75AF21216342BC
:10C7600010103020FFFF1AE5F3F30EFDD2D26DBF9B
:10C77000CDCD4C810C0C141813133526ECEC2FC3C3
:10C780005F5FE1BE9797A2354444CC881717392ED6
:10C79000C4C45793A7A7F2557E7E82FC3D3D477ADD
:10C7A0006464ACC85D5DE7BA19192B32737395E602
:10C7B0006060A0C0818198194F4FD19EDCDC7FA3BF
:10C7C000222266442A2A7E549090AB3B8888830BB1
:10C7D0004646CA8CEEEE29C7B8B8D36B14143C2871
:10C7E000DEDE79A75E5EE2BC0B0B1D16DBDB76ADF1
:10C7F000E0E03BDB323256643A3A4E740A0A1E14C9
:10C800004949DB9206060A0C24246C485C5CE4B8B7
:10C81000C2C25D9FD3D36EBDACACEF436262A6C40F
:10C820009191A8399595A431E4E437D379798BF2C5
:10C83000E7E732D5C8C8438B3737596E6D6DB7DA25
:10C840008D8D8C01D5D564B14E4ED29CA9A9E049FD
:10C850006C6CB4D85656FAACF4F407F3EAEA25CF78
:10C860006565AFCA7A7A8EF4AEAEE947080818104B
:10C87000BABAD56F787888F025256F4A2E2E725C6B
:10C880001C1C2438A6A6F157B4B4C773C6C651976A
:10C89000E8E823CBDDDD7CA174749CE81F1F213EFA
:10C8A0004B4BDD96BDBDDC618B8B860D8A8A850F77
:10C8B000707090E03E3E427CB5B5C4716666AACC0D
:10C8C0004848D89003030506F6F601F70E0E121C31
:10C8D0006161A3C235355F6A5757F9AEB9B9D069FE
:10C8E00086869117C1C158991D1D273A9E9EB9276A
:10C8F000E1E138D9F8F813EB9898B32B11113322F2
:10C900006969BBD2D9D970A98E8E89079494A7334F
:10C910009B9BB62D1E1E223C87879215E9E920C9F4
:10C92000CECE49875555FFAA28287850DFDF7AA553
:10C930008C8C8F03A1A1F859898980090D0D171AD4
:10C94000BFBFDA65E6E631D74242C6846868B8D030
:10C950004141C3829999B0292D2D775A0F0F111E8D
:10C96000B0B0CB7B5454FCA8BBBBD66D16163A2C8A
:10C97000982F8A4291443771CFFBC0B5A5DBB5E94A
:10C980005BC25639F111F159A4823F92D55E1CABBE
:10C9900098AA07D8015B8312BE853124C37D0C554C
:10C9A000745DBE72FEB1DE80A706DC9B74F19BC194
:10C9B000C1699BE48647BEEFC69DC10FCCA10C2484
:10C9C0006F2CE92DAA84744ADCA9B05CDA88F97668
:10C9D00052513E986DC631A8C82703B0C77F59BFD2
:10C9E000F30BE0C64791A7D55163CA0667292914FE
:10C9F000850AB72738211B2EFC6D2C4D130D38539B
:10CA000054730A65BB0A6A762EC9C281852C72925C
:10CA1000A1E8BFA24B661AA8708B4BC2A3516CC78A
:10CA200019E892D1240699D685350EF470A06A10C3
:10CA300016C1A419086C371E4C774827B5BCB03412
:10CA4000B30C1C394AAAD84E4FCA9C5BF36F2E68B0
:10CA5000EE828F746F63A5781478C8840802C78C3F
:10CA6000FAFFBE90EB6C50A4F7A3F9BEF27871C642
:10CA700022AE28D7982F8A42CD65EF239144377193
:10CA80002F3B4DECCFFBC0B5BCDB8981A5DBB5E905
:10CA900038B548F35BC2563919D005B6F111F159D2
:10CAA0009B4F19AFA4823F9218816DDAD55E1CAB03
:10CAB000420203A398AA07D8BE6F7045015B831298
:10CAC0008CB2E44EBE853124E2B4FFD5C37D0C5553
:10CAD0006F897BF2745DBE72B196163BFEB1DE804B
:10CAE0003512C725A706DC9B942669CF74F19BC13C
:10CAF000D24AF19EC1699BE4E3254F388647BEEFD9
:10CB0000B5D58C8BC69DC10F659CAC77CCA10C2490
:10CB100075022B596F2CE92D83E4A66EAA84744A02
:10CB2000D4FB41BDDCA9B05CB5531183DA88F9763A
:10CB3000ABDF66EE52513E981032B42D6DC631A86F
:10CB40003F21FB98C82703B0E40EEFBEC77F59BF53
:10CB5000C28FA83DF30BE0C625A70A934791A7D53E
:10CB60006F8203E05163CA06706E0E0A67292914AA
:10CB7000FC2FD246850AB72726C9265C38211B2EF2
:10CB8000ED2AC45AFC6D2C4DDFB3959D130D38531F
:10CB9000DE63AF8B54730A65A8B2773CBB0A6A7632
:10CBA000E6AEED472EC9C2813B358214852C7292C8
:10CBB0006403F14CA1E8BFA2013042BC4B661AA845
:10CBC0009197F8D0708B4BC230BE5406A3516CC7FE
:10CBD0001852EFD619E892D110A96555240699D6B6
:10CBE0002A20715785350EF4B8D1BB3270A06A1077
:10CBF000C8D0D2B816C1A41953AB4151086C371E26
:10CC000099EB8EDF4C774827A8489BE1B5BCB03440
:10CC1000635AC9C5B30C1C39CB8A41E34AAAD84E22
:10CC200073E363774FCA9C5BA3B8B2D6F36F2E68E9
:10CC3000FCB2EF5DEE828F74602F17436F63A578AF
:10CC400072ABF0A11478C884EC39641A0802C78C5E
:10CC5000281E6323FAFFBE90E9BD82DEEB6C50A470
:10CC60001579C6B2F7A3F9BE2B5372E3F27871C6F9
:10CC70009C6126EACE3E27CA07C2C021C7B886D12A
:10CC80001EEBE0CDD67DDAEA78D16EEE7F4F7DF5F2
:10CC9000BA6F1772AA67F006A698C8A2C57D630A84
:10CCA000AE0DF9BE04983F111B471C13350B711BC9
:10CCB000847D0423F577DB289324C7407BABCA32FD
:10CCC000BCBEC9150ABE9E3C4C0D109CC4671D43DA
:10CCD000B6423ECBBED4C54C2A7E65FC9C297F590A
:10CCE000ECFAD63AAB6FCB5F1758474A8C19446CB5
:10CCF0000100000002000000040000000800000025
:10CD00001000000020000000400000008000000033
:10CD10001B0000003600000052096AD53036A538E5
:10CD2000BF40A39E81F3D7FB7CE339829B2FFF8713
:10CD3000348E4344C4DEE9CB547B9432A6C2233DF7
:10CD4000EE4C950B42FAC34E082EA16628D924B2A8
:10CD5000765BA2496D8BD12572F8F66486689816C9
:10CD6000D4A45CCC5D65B6926C704850FDEDB9DA28
:10CD70005E154657A78D9D8490D8AB008CBCD30A16
:10CD8000F7E45805B8B34506D02C1E8FCA3F0F02F2
:10CD9000C1AFBD0301138A6B3A9111414F67DCEAC1
:10CDA00097F2CFCEF0B4E67396AC7422E7AD35853A
:10CDB000E2F937E81C75DF6E47F11A711D29C58944
:10CDC0006FB7620EAA18BE1BFC563E4BC6D2792026
:10CDD0009ADBC0FE78CD5AF41FDDA8338807C7312F
:10CDE000B11210592780EC5F60517FA919B54A0D27
:10CDF0002DE57A9F93C99CEFA0E03B4DAE2AF5B09C
:10CE0000C8EBBB3C83539961172B047EBA77D626B7
:10CE1000E169146355210C7D51F4A7507E4165539F
:10CE20001A17A4C33A275E963BAB6BCB1F9D45F107
:10CE3000ACFA58AB4BE303932030FA55AD766DF660
:10CE400088CC7691F5024C254FE5D7FCC52ACBD787
:10CE500026354480B562A38FDEB15A4925BA1B67D7
:10CE600045EA0E985DFEC0E1C32F7502814CF012B9
:10CE70008D4697A36BD3F9C6038F5FE715929C95F8
:10CE8000BF6D7AEB955259DAD4BE832D587421D3F5
:10CE900049E069298EC9C84475C2896AF48E7978D7
:10CEA00099583E6B27B971DDBEE14FB6F088AD17DA
:10CEB000C920AC667DCE3AB463DF4A18E51A3182E8
:10CEC0009751336062537F45B16477E0BB6BAE84AA
:10CED000FE81A01CF9082B94704868588F45FD19F5
:10CEE00094DE6C87527BF8B7AB73D323724B02E2AC
:10CEF000E31F8F576655AB2AB2EB28072FB5C20345
:10CF000086C57B9AD33708A5302887F223BFA5B200
:10CF100002036ABAED16825C8ACF1C2BA779B49201
:10CF2000F307F2F04E69E2A165DAF4CD0605BED54D
:10CF3000D134621FC4A6FE8A342E539DA2F355A09D
:10CF4000058AE132A4F6EB750B83EC394060EFAA59
:10CF50005E719F06BD6E10513E218AF996DD063D39
:10CF6000DD3E05AE4DE6BD4691548DB571C45D05FF
:10CF70000406D46F605015FF1998FB24D6BDE997BD
:10CF8000894043CC67D99E77B0E842BD07898B883A
:10CF9000E7195B3879C8EEDBA17C0A477C420FE9D0
:10CFA000F8841EC90000000009808683322BED48FA
:10CFB0001E1170AC6C5A724EFD0EFFFB0F85385679
:10CFC0003DAED51E362D39270A0FD964685CA621DF
:10CFD0009B5B54D124362E3A0C0A67B19357E70F66
:10CFE000B4EE96D21B9B919E80C0C54F61DC20A2FF
:10CFF0005A774B691C121A16E293BA0AC0A02AE5A6
:10D000003C22E043121B171D0E090D0BF28BC7AD1E
:10D010002DB6A8B9141EA9C857F11985AF75074CCC
:10D02000EE99DDBBA37F60FDF701269F5C72F5BC26
:10D0300044663BC55BFB7E348B432976CB23C6DC41
:10D04000B6EDFC68B8E4F163D731DCCA4263851001
:10D050001397224084C61120854A247DD2BB3DF817
:10D06000AEF93211C729A16D1D9E2F4BDCB230F3F2
:10D070000D8652EC77C1E3D02BB3166CA970B99929
:10D08000119448FA47E96422A8FC8CC4A0F03F1A26
:10D09000567D2CD8223390EF87494EC7D938D1C15D
:10D0A0008CCAA2FE98D40B36A6F581CFA57ADE28CD
:10D0B000DAB78E263FADBFA42C3A9DE45078920D8E
:10D0C0006A5FCC9B547E4662F68D13C290D8B8E856
:10D0D0002E39F75E82C3AFF59F5D80BE69D0937C29
:10D0E0006FD52DA9CF2512B3C8AC993B10187DA7D9
:10D0F000E89C636EDB3BBB7BCD2678096E5918F448
:10D10000EC9AB701834F9AA8E6956E65AAFFE67E72
:10D1100021BCCF08EF15E8E6BAE79BD94A6F36CEB7
:10D12000EA9F09D429B07CD631A4B2AF2A3F23317B
:10D13000C6A5943035A266C0744EBC37FC82CAA620
:10D14000E090D0B033A7D815F104984A41ECDAF753
:10D150007FCD500E1791F62F764DD68D43EFB04D03
:10D16000CCAA4D54E49604DF9ED1B5E34C6A881BEB
:10D17000C12C1FB84665517F9D5EEA04018C355D68
:10D18000FA877473FB0B412EB3671D5A92DBD252A0
:10D19000E91056336DD647139AD7618C37A10C7AB4
:10D1A00059F8148EEB133C89CEA927EEB761C93527
:10D1B000E11CE5ED7A47B13C9CD2DF5955F2733F53
:10D1C0001814CE7973C737BF53F7CDEA5FFDAA5B5A
:10D1D000DF3D6F147844DB86CAAFF381B968C43E83
:10D1E0003824342CC2A3405F161DC372BCE2250C48
:10D1F000283C498BFF0D954139A80171080CB3DE1D
:10D20000D8B4E49C6456C1907BCB8461D532B670AF
:10D21000486C5C74D0B857425051F4A7537E4165B6
:10D22000C31A17A4963A275ECB3BAB6BF11F9D4503
:10D23000ABACFA58934BE303552030FAF6AD766D5C
:10D240009188CC7625F5024CFC4FE5D7D7C52ACB83
:10D25000802635448FB562A349DEB15A6725BA1BD3
:10D260009845EA0EE15DFEC002C32F7512814CF0B5
:10D27000A38D4697C66BD3F9E7038F5F9515929CF4
:10D28000EBBF6D7ADA9552592DD4BE83D3587421F1
:10D290002949E069448EC9C86A75C28978F48E79D3
:10D2A0006B99583EDD27B971B6BEE14F17F088ADD6
:10D2B00066C920ACB47DCE3A1863DF4A82E51A31E4
:10D2C000609751334562537FE0B1647784BB6BAEA6
:10D2D0001CFE81A094F9082B58704868198F45FDF1
:10D2E0008794DE6CB7527BF823AB73D3E2724B02A8
:10D2F00057E31F8F2A6655AB07B2EB28032FB5C241
:10D300009A86C57BA5D33708F2302887B223BFA5FC
:10D31000BA02036A5CED16822B8ACF1C92A779B4FD
:10D32000F0F307F2A14E69E2CD65DAF4D50605BE49
:10D330001FD134628AC4A6FE9D342E53A0A2F35599
:10D3400032058AE175A4F6EB390B83ECAA4060EF55
:10D35000065E719F51BD6E10F93E218A3D96DD0635
:10D36000AEDD3E05464DE6BDB591548D0571C45DFB
:10D370006F0406D4FF605015241998FB97D6BDE9B9
:10D38000CC8940437767D99EBDB0E8428807898B36
:10D3900038E7195BDB79C8EE47A17C0AE97C420FCC
:10D3A000C9F8841E000000008309808648322BEDF6
:10D3B000AC1E11704E6C5A72FBFD0EFF560F853875
:10D3C0001E3DAED527362D39640A0FD921685CA6DB
:10D3D000D19B5B543A24362EB10C0A670F9357E762
:10D3E000D2B4EE969E1B9B914F80C0C5A261DC20FB
:10D3F000695A774B161C121A0AE293BAE5C0A02AA2
:10D40000433C22E01D121B170B0E090DADF28BC71A
:10D41000B92DB6A8C8141EA98557F1194CAF7507C8
:10D42000BBEE99DDFDA37F609FF70126BC5C72F522
:10D43000C544663B345BFB7E768B4329DCCB23C63D
:10D4400068B6EDFC63B8E4F1CAD731DC10426385FD
:10D45000401397222084C6117D854A24F8D2BB3D13
:10D4600011AEF9326DC729A14B1D9E2FF3DCB230EE
:10D47000EC0D8652D077C1E36C2BB31699A970B925
:10D48000FA1194482247E964C4A8FC8C1AA0F03F22
:10D49000D8567D2CEF223390C787494EC1D938D159
:10D4A000FE8CCAA23698D40BCFA6F58128A57ADEC9
:10D4B00026DAB78EA43FADBFE42C3A9D0D5078928A
:10D4C0009B6A5FCC62547E46C2F68D13E890D8B852
:10D4D0005E2E39F7F582C3AFBE9F5D807C69D09325
:10D4E000A96FD52DB3CF25123BC8AC99A710187DD5
:10D4F0006EE89C637BDB3BBB09CD2678F46E591844
:10D5000001EC9AB7A8834F9A65E6956E7EAAFFE66E
:10D510000821BCCFE6EF15E8D9BAE79BCE4A6F36B3
:10D52000D4EA9F09D629B07CAF31A4B2312A3F2377
:10D5300030C6A594C035A26637744EBCA6FC82CA1C
:10D54000B0E090D01533A7D84AF10498F741ECDA4F
:10D550000E7FCD502F1791F68D764DD64D43EFB0FF
:10D5600054CCAA4DDFE49604E39ED1B51B4C6A88E7
:10D57000B8C12C1F7F466551049D5EEA5D018C3564
:10D5800073FA87742EFB0B415AB3671D5292DBD29C
:10D5900033E91056136DD6478C9AD7617A37A10CB0
:10D5A0008E59F81489EB133CEECEA92735B761C923
:10D5B000EDE11CE53C7A47B1599CD2DF3F55F2734F
:10D5C000791814CEBF73C737EA53F7CD5B5FFDAA56
:10D5D00014DF3D6F867844DB81CAAFF33EB968C47F
:10D5E0002C3824345FC2A34072161DC30CBCE22544
:10D5F0008B283C4941FF0D957139A801DE080CB319
:10D600009CD8B4E4906456C1617BCB8470D532B6AB
:10D6100074486C5C42D0B857A75051F465537E41B2
:10D62000A4C31A175E963A276BCB3BAB45F11F9DFF
:10D6300058ABACFA03934BE3FA5520306DF6AD7658
:10D64000769188CC4C25F502D7FC4FE5CBD7C52A7F
:10D6500044802635A38FB5625A49DEB11B6725BACF
:10D660000E9845EAC0E15DFE7502C32FF012814CB1
:10D6700097A38D46F9C66BD35FE7038F9C951592F0
:10D680007AEBBF6D59DA9552832DD4BE21D35874ED
:10D69000692949E0C8448EC9896A75C27978F48ECF
:10D6A0003E6B995871DD27B94FB6BEE1AD17F088D2
:10D6B000AC66C9203AB47DCE4A1863DF3182E51AE0
:10D6C000336097517F45625377E0B164AE84BB6BA2
:10D6D000A01CFE812B94F90868587048FD198F45ED
:10D6E0006C8794DEF8B7527BD323AB7302E2724BA4
:10D6F0008F57E31FAB2A66552807B2EBC2032FB53D
:10D700007B9A86C508A5D33787F23028A5B223BFF8
:10D710006ABA0203825CED161C2B8ACFB492A779F9
:10D72000F2F0F307E2A14E69F4CD65DABED5060545
:10D73000621FD134FE8AC4A6539D342E55A0A2F395
:10D74000E132058AEB75A4F6EC390B83EFAA406051
:10D750009F065E711051BD6E8AF93E21063D96DD31
:10D7600005AEDD3EBD464DE68DB591545D0571C4F7
:10D77000D46F040615FF6050FB241998E997D6BDB5
:10D7800043CC89409E7767D942BDB0E88B88078932
:10D790005B38E719EEDB79C80A47A17C0FE97C42C8
:10D7A0001EC9F8840000000086830980ED48322BF2
:10D7B00070AC1E11724E6C5AFFFBFD0E38560F8571
:10D7C000D51E3DAE3927362DD9640A0FA621685CD7
:10D7D00054D19B5B2E3A243667B10C0AE70F93575E
:10D7E00096D2B4EE919E1B9BC54F80C020A261DCF7
:10D7F0004B695A771A161C12BA0AE2932AE5C0A09E
:10D80000E0433C22171D121B0D0B0E09C7ADF28B16
:10D81000A8B92DB6A9C8141E198557F1074CAF75C4
:10D82000DDBBEE9960FDA37F269FF701F5BC5C721E
:10D830003BC544667E345BFB29768B43C6DCCB2339
:10D84000FC68B6EDF163B8E4DCCAD73185104263F9
:10D8500022401397112084C6247D854A3DF8D2BB0F
:10D860003211AEF9A16DC7292F4B1D9E30F3DCB2EA
:10D8700052EC0D86E3D077C1166C2BB3B999A97021
:10D8800048FA1194642247E98CC4A8FC3F1AA0F01E
:10D890002CD8567D90EF22334EC78749D1C1D93855
:10D8A000A2FE8CCA0B3698D481CFA6F5DE28A57AC5
:10D8B0008E26DAB7BFA43FAD9DE42C3A920D507886
:10D8C000CC9B6A5F4662547E13C2F68DB8E890D84E
:10D8D000F75E2E39AFF582C380BE9F5D937C69D021
:10D8E0002DA96FD512B3CF25993BC8AC7DA71018D1
:10D8F000636EE89CBB7BDB3B7809CD2618F46E5940
:10D90000B701EC9A9AA8834F6E65E695E67EAAFF6A
:10D91000CF0821BCE8E6EF159BD9BAE736CE4A6FAF
:10D9200009D4EA9F7CD629B0B2AF31A423312A3F73
:10D930009430C6A566C035A2BC37744ECAA6FC8218
:10D94000D0B0E090D81533A7984AF104DAF741EC4B
:10D95000500E7FCDF62F1791D68D764DB04D43EFFB
:10D960004D54CCAA04DFE496B5E39ED1881B4C6AE3
:10D970001FB8C12C517F4665EA049D5E355D018C60
:10D980007473FA87412EFB0B1D5AB367D25292DB98
:10D990005633E91047136DD6618C9AD70C7A37A1AC
:10D9A000148E59F83C89EB1327EECEA9C935B7611F
:10D9B000E5EDE11CB13C7A47DF599CD2733F55F24B
:10D9C000CE79181437BF73C7CDEA53F7AA5B5FFD52
:10D9D0006F14DF3DDB867844F381CAAFC43EB9687B
:10D9E000342C3824405FC2A3C372161D250CBCE240
:10D9F000498B283C9541FF0D017139A8B3DE080C15
:10DA0000E49CD8B4C190645684617BCBB670D532A7
:10DA10005C74486C5742D0B8F4A750514165537EAE
:10DA200017A4C31A275E963AAB6BCB3B9D45F11FFB
:10DA3000FA58ABACE303934B30FA5520766DF6AD54
:10DA4000CC769188024C25F5E5D7FC4F2ACBD7C57B
:10DA50003544802662A38FB5B15A49DEBA1B6725CB
:10DA6000EA0E9845FEC0E15D2F7502C34CF01281AD
:10DA70004697A38DD3F9C66B8F5FE703929C9515EC
:10DA80006D7AEBBF5259DA95BE832DD47421D358E9
:10DA9000E0692949C9C8448EC2896A758E7978F4CB
:10DAA000583E6B99B971DD27E14FB6BE88AD17F0CE
:10DAB00020AC66C9CE3AB47DDF4A18631A3182E5DC
:10DAC00051336097537F45626477E0B16BAE84BB9E
:10DAD00081A01CFE082B94F94868587045FD198FE9
:10DAE000DE6C87947BF8B75273D323AB4B02E272A0
:10DAF0001F8F57E355AB2A66EB2807B2B5C2032F39
:10DB0000C57B9A863708A5D32887F230BFA5B223F4
:10DB1000036ABA0216825CEDCF1C2B8A79B492A7F5
:10DB200007F2F0F369E2A14EDAF4CD6505BED50641
:10DB300034621FD1A6FE8AC42E539D34F355A0A291
:10DB40008AE13205F6EB75A483EC390B60EFAA404D
:10DB5000719F065E6E1051BD218AF93EDD063D962D
:10DB60003E05AEDDE6BD464D548DB591C45D0571F3
:10DB700006D46F045015FF6098FB2419BDE997D6B1
:10DB80004043CC89D99E7767E842BDB0898B88072E
:10DB9000195B38E7C8EEDB797C0A47A1420FE97CC4
:10DBA000841EC9F800000000808683092BED4832EE
:10DBB0001170AC1E5A724E6C0EFFFBFD8538560F6D
:10DBC000AED51E3D2D3927360FD9640A5CA62168D3
:10DBD0005B54D19B362E3A240A67B10C57E70F935A
:10DBE000EE96D2B49B919E1BC0C54F80DC20A261F3
:10DBF000774B695A121A161C93BA0AE2A02AE5C09A
:10DC000022E0433C1B171D12090D0B0E8BC7ADF212
:10DC1000B6A8B92D1EA9C814F119855775074CAFC0
:10DC200099DDBBEE7F60FDA301269FF772F5BC5C1A
:10DC3000663BC544FB7E345B4329768B23C6DCCB35
:10DC4000EDFC68B6E4F163B831DCCAD763851042F5
:10DC500097224013C61120844A247D85BB3DF8D20B
:10DC6000F93211AE29A16DC79E2F4B1DB230F3DCE6
:10DC70008652EC0DC1E3D077B3166C2B70B999A91D
:10DC80009448FA11E9642247FC8CC4A8F03F1AA01A
:10DC90007D2CD8563390EF22494EC78738D1C1D951
:10DCA000CAA2FE8CD40B3698F581CFA67ADE28A5C1
:10DCB000B78E26DAADBFA43F3A9DE42C78920D5082
:10DCC0005FCC9B6A7E4662548D13C2F6D8B8E8904A
:10DCD00039F75E2EC3AFF5825D80BE9FD0937C691D
:10DCE000D52DA96F2512B3CFAC993BC8187DA710CD
:10DCF0009C636EE83BBB7BDB267809CD5918F46E3C
:10DD00009AB701EC4F9AA883956E65E6FFE67EAA66
:10DD1000BCCF082115E8E6EFE79BD9BA6F36CE4AAB
:10DD20009F09D4EAB07CD629A4B2AF313F23312A6F
:10DD3000A59430C6A266C0354EBC377482CAA6FC14
:10DD400090D0B0E0A7D8153304984AF1ECDAF74147
:10DD5000CD500E7F91F62F174DD68D76EFB04D43F7
:10DD6000AA4D54CC9604DFE4D1B5E39E6A881B4CDF
:10DD70002C1FB8C165517F465EEA049D8C355D015C
:10DD8000877473FA0B412EFB671D5AB3DBD2529294
:10DD9000105633E9D647136DD7618C9AA10C7A37A8
:10DDA000F8148E59133C89EBA927EECE61C935B71B
:10DDB0001CE5EDE147B13C7AD2DF599CF2733F5547
:10DDC00014CE7918C737BF73F7CDEA53FDAA5B5F4E
:10DDD0003D6F14DF44DB8678AFF381CA68C43EB977
:10DDE00024342C38A3405FC21DC37216E2250CBC3C
:10DDF0003C498B280D9541FFA80171390CB3DE0811
:10DE0000B4E49CD856C19064CB84617B32B670D5A3
:10DE10006C5C7448B85742D0246F74612F7570647D
:10DE20006174652F25732F2573000000000000002A
:10DE300000000000000000000000000000000000E2
:10DE400000000000000000000000000000000000D2
:10DE50000000000000000000247468696E672F64F1
:10DE60006F776E2F70726F70657274792F25732FB4
:10DE7000257300000000000000000000000000000A
:10DE80000000000000000000000000000000000092
:10DE900000000000000000000502000080000000FB
:10DEA00041F301001000000000000000100000001D
:10DEB00094DF010002010000800000001DF301005A
:10DEC00000000000000000001000000094DF0100CE
:10DED0000E0600008000000065F301000C00000049
:10DEE000010000001000000098E20100060200009E
:10DEF000C000000029F30100100000000000000035
:10DF00001000000094DF010003010000C0000000C9
:10DF100005F30100000000000000000010000000F8
:10DF200094DF01000F060000C00000004DF3010067
:10DF30000C000000010000001000000098E2010049
:10DF4000070200000001000035F30100100000008E
:10DF5000000000001000000094DF01000401000038
:10DF60000001000011F301000000000000000000AB
:10DF70001000000094DF0100100600000001000006
:10DF800059F301000C000000010000001000000027
:10DF900098E2010002000000D5830000C183000068
:10DFA000118400000D840000D9830000F983000073
:10DFB0009D0000001FEF010010070100030000009A
:10DFC0000300000003000000030000000000000048
:10DFD0009C0000007FEF01000E060100030000001E
:10DFE0000300000003000000030000000000000028
:10DFF0003C0000005FEF0100050601000300000087
:10E000000300000003000000030000000000000007
:10E010003D0000003FEF0100070601000300000083
:10E0200003000000030000000300000000000000E7
:10E030002F000000BCEF01000504010003000000F8
:10E0400000000000030000000300000000000000CA
:10E05000350000009FEF01000704010003000000ED
:10E0600000000000030000000300000000000000AA
:10E0700000000000BDEE01000000000000000000F4
:10E080000000000000000000000000000000000090
:10E090003D000000000000000000891112239B32A7
:10E0A0002446AD573665BF74488CC19D5AAFD3BE68
:10E0B0006CCAE5DB7EE9F7F88110080193331A2278
:10E0C000A5562C47B7753E64C99C408DDBBF52AE48
:10E0D000EDDA64CBFFF976E802218B301002991358
:10E0E0002667AF763444BD554AADC3BC588ED19F28
:10E0F0006EEBE7FA7CC8F5D983310A209112180338
:10E10000A7772E66B5543C45CBBD42ACD99E508F07
:10E11000EFFB66EAFDD874C904428D5316619F7007
:10E120002004A9153227BB364CCEC5DF5EEDD7FCE7
:10E130006888E1997AABF3BA85520C4397711E60F7
:10E14000A1142805B3373A26CDDE44CFDFFD56ECC7
:10E15000E9986089FBBB72AA06638F7214409D51D7
:10E160002225AB343006B9174EEFC7FE5CCCD5DDA7
:10E170006AA9E3B8788AF19B87730E6295501C41B7
:10E18000A3352A24B1163807CFFF46EEDDDC54CD87
:10E19000EBB962A8F99A708B088481951AA793B697
:10E1A0002CC2A5D33EE1B7F04008C919522BDB3A87
:10E1B000644EED5F766DFF7C899400859BB712A657
:10E1C000ADD224C3BFF136E0C1184809D33B5A2A67
:10E1D000E55E6C4FF77D7E6C0AA583B41886919737
:10E1E0002EE3A7F23CC0B5D14229CB38500AD91B47
:10E1F000666FEF7E744CFD5D8BB502A49996108717
:10E20000AFF326E2BDD034C1C3394A28D11A580B26
:10E21000E77F6E6EF55C7C4D0CC685D71EE597F4E6
:10E220002880A1913AA3B3B2444ACD5B5669DF7806
:10E23000600CE91D722FFB3E8DD604C79FF516E4D6
:10E24000A9902081BBB332A2C55A4C4BD7795E68E6
:10E25000E11C680DF33F7A2E0EE787F61CC495D5B6
:10E260002AA1A3B03882B193466BCF7A5448DD59C6
:10E27000622DEB3C700EF91F8FF706E69DD414C596
:10E28000ABB122A0B9923083C77B4E6AD5585C49A6
:10E29000E33D6A2CF11E780F020000000000000030
:10E2A00000000000B5950000B5950000C195000084
:10E2B000DD9500008000000000000000000000006C
:10E2C000000000000000000000000000000000004E
:10E2D000000000000000000000000000000000003E
:10E2E000000000000000000000000000000000002E
:10E2F000000000000000000000000000000000001E
:10E30000201C000000000000403800000000000059
:10E310006024000000000000807000000000000089
:10E32000A06C000000000000C048000000000000D9
:10E33000E05400000000000000E1000000000000C8
:10E3400020FD00000000000040D900000000000097
:10E3500060C5000000000000809100000000000087
:10E36000A08D000000000000C0A900000000000017
:10E37000E0B500000000000002000000B4DE010073
:10E380000300000008DF0100040000005CDF010062
:10E390000500000098DE010006000000ECDE010030
:10E3A0000700000040DF01000E000000D0DE010089
:10E3B0000F00000024DF01001000000078DF0100E2
:10E3C00000000000000000000CF1010003104000FC
:10E3D00001000000D9EF0100796C0100DD6A010045
:10E3E000AD6E0100716E0100E56B0100216C010052
:10E3F000B56B0100C16A0100656C0100B96B0100D9
:10E40000A5F0010004144000F5F20100051C4000D5
:10E4100098EF01000620400038EF0100073080002F
:10E42000EEF2010008408000F0000000FFFFFF0F47
:10E43000FFFFFF0F00080000600000000A0000005E
:10E440000000000000000000F701000035F00100AE
:10E450000800000010F101000CF1010003000000B1
:10E4600082F0010005000000AAF0010096F0010012
:10E470000400000021F0010009000000DEF00100AE
:10E48000D6F0010005000000F1EF010009000000D6
:10E4900028F1010020F101000600000003F0010056
:10E4A00009000000F9F00100F1F001000700000090
:10E4B0000DF0010009000000C3F00100BBF00100F5
:10E4C0000800000000000000000000000000000044
:10E4D0000000000000000000DDEF01000900000066
:10E4E0006AF20100D9EF010001000000FBEF01001A
:10E4F00007000000D0F20100DFF20100020000007E
:10E500005CF001000500000042F1010032F1010061
:10E5100003000000000000000000000000000000F8
:10E52000000000000000000017F0010009000000DA
:10E530003DF2010003F10100030100002BF0010096
:10E5400009000000DEF101009CF001000401000060
:10E550006CF00100090000000DF20100CDF0010097
:10E560000501000048F001000900000052F201001E
:10E5700017F101000601000052F00100090000003F
:10E5800025F20100E8F001000701000062F001003F
:10E5900009000000F5F10100B2F0010008010000DF
:10E5A00088F0010005000000DEF101009CF0010090
:10E5B000040100003EF00100090000004AF10100E2
:10E5C0004AF1010000060000000000000000000009
:10E5D0000000000000000000000000007EF00100CC
:10E5E00003000000B9F20100A7F2010000010000E1
:10E5F00076F00100030000007AF101005EF10100F5
:10E600000400000092F001000300000068F1010026
:10E6100055F10100000800007AF00100030000003D
:10E620009AF1010089F1010020000000E7EF0100EC
:10E6300009000000C9F10100AFF101000000010074
:10E640008EF00100030000008DF2010078F201005D
:10E6500008000000000000000000000000000000B2
:10E6600000000000000000002E2E2F4C6962726135
:10E67000726965732F5374645065726970685F4482
:10E6800072697665722F5372632F6678785F677050
:10E69000696F2E63002E2E2F4C696272617269655C
:10E6A000732F5374645065726970685F4472697641
:10E6B00065722F5372632F6678785F7370692E636B
:10E6C00000505433353000434C522830293B0D0A5A
:10E6D000004449522831293B0D0A00444331362871
:10E6E00032302C34302C27CCEDBCD3B5C4CFB5C1DF
:10E6F000D0CAFDCEAA30272C31293B0D0A00444355
:10E7000031362832362C34382C274661696C207417
:10E710006F20646F776E6C6F6164272C31293B0D1D
:10E720000A004443313628302C33392C27506C658D
:10E7300061736520636865636B206E6574776F72C3
:10E740006B272C31293B0D0A0044433136283138E0
:10E750002C35302C27476574204669726D776172BD
:10E760006520457272272C31293B0D0A0044433144
:10E77000362832302C35302C27C7EBBCECB2E953AD
:10E7800044BFA8272C31293B0D0A004443323428CA
:10E7900033342C34302C27CFC2D4D8CAA7B0DC27CE
:10E7A0002C31293B0D0A00444331362832302C34B9
:10E7B000302C27BBF1C8A1B9CCBCFEB0FCCAA7B0B5
:10E7C000DC272C31293B0D0A0044433136283330F5
:10E7D0002C31302C272DC7EBCAE4C8EBC3DCC2EBCD
:10E7E0002D272C32293B0D0A004443313628302C8A
:10E7F00032382C274669726D7761726520686173C3
:10E80000206265656E20646F776E6C6F616465640D
:10E81000272C32293B0D0A00444332342832362C4F
:10E8200031302C27486F6D652050616765272C3289
:10E83000293B0D0A004443313628302C34362C272E
:10E84000506C6561736520757064617465207468CF
:10E8500065206669726D77617265272C32293B0DE0
:10E860000A00444331362833342C33302C274E658C
:10E8700077206669726D7761726520657869737457
:10E88000272C32293B0D0A00444332342832362CDF
:10E8900034302C27B8FCD0C2B3C9B9A6272C3229F2
:10E8A0003B0D0A00444332342835362C31302C27B6
:10E8B000D6F7D2B3272C32293B0D0A004443313618
:10E8C00028352C3131302C27B0B4CFC2456E746559
:10E8D00072BDF8C8EBCFC2D2BBCEBB272C32293BCE
:10E8E0000D0A00444331362832302C35302C27B500
:10E8F000B1C7B0CEAAD7EED0C2B0E6B1BE272C3297
:10E90000293B0D0A00444331362833342C33302C54
:10E9100027C3BBD5D2B5BDB9CCBCFEB0FC272C32C9
:10E92000293B0D0A00444331362833342C33302C34
:10E9300027B4E6D4DAD0C2B9CCBCFEB0FC272C3266
:10E94000293B0D0A00444331362833342C34362C0D
:10E9500027C7EBB8FCD0C2B9CCBCFEB0FC272C3228
:10E96000293B0D0A004443313628382C3131302CF4
:10E97000272D202243616E63656C22526574757287
:10E980006E202D272C34293B0D0A004443313628B4
:10E9900031362C39302C272D2022456E7465722299
:10E9A0004E657874202D272C34293B0D0A004443F2
:10E9B00031362831362C3131302C272D202243613D
:10E9C0006E63656C22B7B5BBD8202D272C34293B4C
:10E9D0000D0A00444331362831322C3131302C2796
:10E9E0002D2022456E74657222BCCCD0F8202D27D4
:10E9F0002C34293B0D0A00444331362831362C395A
:10EA0000302C272D2022456E74657222BCCCD0F8A4
:10EA1000202D272C34293B0D0A0044433136283160
:10EA2000322C3131302C272D202243616E63656CEE
:10EA300022C8A1CFFB202D272C34293B0D0A0044EE
:10EA400043313628372C36362C27C9E8B1B8B0E622
:10EA5000B1BEA3BA272C34293B0D0A0044433136FA
:10EA600028372C34362C27C9E8B1B8C3FBA3BA2702
:10EA70002C34293B0D0A004443313628372C3836D4
:10EA80002C27B9CCBCFEA3BA272C34293B0D0A0095
:10EA9000444331362835302C35352C274C6F616492
:10EAA000696E672E2E2E272C35293B0D0A00444314
:10EAB00031362832382C35352C27446F776E6C6F01
:10EAC0006164696E672E2E2E272C35293B0D0A00B6
:10EAD000444331362834302C35352C275570646149
:10EAE00074696E672E2E2E272C35293B0D0A0044A3
:10EAF0004331362835302C35352C27CFC2D4D8D6E3
:10EB0000D02E2E2E272C35293B0D0A0044433136BA
:10EB10002835302C35352C27BCD3D4D8D6D02E2E42
:10EB20002E272C35293B0D0A004443313628313835
:10EB30002C35352C27B8FCD0C2B1BEB5D8B9CCBC69
:10EB4000FEB0FC2E2E2E272C35293B0D0A00444307
:10EB500032342832322C35372C2730272C35293BBC
:10EB60000D0A00444332342839322C35372C2730F3
:10EB7000272C35293B0D0A004443323428313237E3
:10EB80002C35372C2730272C35293B0D0A004443E0
:10EB900032342835372C35372C2730272C35293B74
:10EBA0000D0A00424F58283131352C35302C313583
:10EBB000302C39302C35293B0D0A00424F5828346F
:10EBC000352C35302C38302C39302C35293B0D0A7A
:10EBD00000424F582838302C35302C3131352C3903
:10EBE000302C35293B0D0A00424F582831302C3546
:10EBF000302C34352C39302C35293B0D0A0025308A
:10EC000032642E0056325F300041542B434950533A
:10EC1000544152543D22544350222C222573222C1D
:10EC200025640D0A0025730D0A0041542B434950F9
:10EC3000534E54504346473D312C382C226E74704D
:10EC4000312E616C6979756E2E636F6D22004154AF
:10EC50002B4349504D55583D300041542B434950AA
:10EC60004D4F44453D3100206661696C65640A2062
:10EC70002021206D626564746C735F73736C5F73C5
:10EC8000657475702072657475726E656420307875
:10EC900025780D0A0073736C5F636C69656E74315F
:10ECA00000446F776E6C6F616420436F756E743AC9
:10ECB00025640D0A5265616C69747920446F776E22
:10ECC0006C6F616420436F756E743A2025640D0A81
:10ECD00000C1ACBDD3B7FECEF1C6F7CAA7B0DC2CDD
:10ECE00020B4EDCEF3B1E0BAC53A2025640D0A0098
:10ECF00043524320D0A3D1E9B3F6B4ED0D0044450F
:10ED00004C4554455F555044415445004144445F8F
:10ED1000534552494553005550444154455F53456E
:10ED20005249455300436F6E74656E742D52616E87
:10ED300067653A2062797465732025642D25642FF8
:10ED4000252A6400696F74636C6F75642D6D71742E
:10ED5000742E677A2E74656E63656E746465766969
:10ED60006365732E636F6D00246F74612F7265701D
:10ED70006F72742F25732F257300252A5B5E7B5DD0
:10ED80007B2266696C655F73697A65223A25642C1B
:10ED90002266775F74797065223A226D6375222C42
:10EDA000226D643573756D223A22255B5E225D22E9
:10EDB0002C2274797065223A227570646174655FE3
:10EDC0006669726D77617265222C2275726C223AC7
:10EDD00022252A5B5E3A5D3A2F2F255B5E2F5D254B
:10EDE0005B5E225D222C22757365725F64656669C5
:10EDF0006E6564223A227B5C22255B5E5C5D5C2250
:10EE00003A5C22255B5E5C5D5C227D222C2276656D
:10EE10007273696F6E223A22255B5E225D227D004D
:10EE20007B2274797065223A20227265706F727449
:10EE30005F76657273696F6E222C227265706F72D5
:10EE400074223A7B2276657273696F6E223A2022B1
:10EE50002573227D7D007B226D6574686F64223A84
:10EE6000227265706F7274222C22636C69656E74F5
:10EE7000546F6B656E223A22313233222C22746930
:10EE80006D657374616D70223A31363238363436BE
:10EE90003738332C22706172616D73223A7B2246BF
:10EEA00056223A222573222C224456223A222573D6
:10EEB000222C224453223A222573227D7D00414296
:10EEC000434445464748494A4B4C4D4E4F5051529A
:10EED000535455565758595A61626364656667685A
:10EEE000696A6B6C6D6E6F7071727374757677781A
:10EEF000797A303132333435363738392B2F007345
:10EF000065727665722066696E6973686564006310
:10EF10006C69656E742066696E6973686564005417
:10EF20004C532D5253412D574954482D4145532D93
:10EF30003235362D47434D2D534841333834005434
:10EF40004C532D5253412D574954482D4145532D73
:10EF50003235362D4342432D534841323536005425
:10EF60004C532D5253412D574954482D4145532D53
:10EF70003132382D4342432D534841323536005407
:10EF80004C532D5253412D574954482D4145532D33
:10EF90003132382D47434D2D5348413235360054D8
:10EFA0004C532D5253412D574954482D4145532D13
:10EFB0003235362D4342432D53484100544C532D96
:10EFC0005253412D574954482D4145532D31323824
:10EFD0002D4342432D53484100525341002A864855
:10EFE00086F70D010101006086480186F8420101A3
:10EFF00000608648016503040201002A8648CE3D70
:10F000000201006086480165030402020060864830
:10F01000016503040203002A864886F70D010104F6
:10F0200000608648016503040204002A864886F7CA
:10F030000D010105002A864886F70D0205002A8683
:10F040004886F70D01010A002A864886F70D01015E
:10F050000B002A864886F70D01010C002B81040164
:10F060000C002A864886F70D01010D002A86488685
:10F07000F70D01010E00551D0F00551D1100551D06
:10F0800013002B0E03021A002B0E03021D00551D48
:10F090002000551D25005348412D31005253412079
:10F0A0007769746820534841310069642D73686141
:10F0B00031005253412077697468205348412D35FF
:10F0C00031320069642D7368613531320052534129
:10F0D0002077697468205348412D323234006964C6
:10F0E0002D7368613232340052534120776974685D
:10F0F000205348412D3338340069642D73686133DF
:10F100003834005253412077697468204D443500EB
:10F1100069642D6D6435005253412077697468200D
:10F120005348412D3235360069642D73686132359C
:10F1300036004543206B657920666F722045434455
:10F14000480069642D65634448005253415353415C
:10F150002D50535300457874656E646564204B658B
:10F16000792055736167650069642D63652D657845
:10F17000744B657955736167650069642D63652D0E
:10F180006B65795573616765005375626A65637471
:10F1900020416C74204E616D650069642D63652D9E
:10F1A0007375626A656374416C744E616D65004E7F
:10F1B0006574736361706520436572746966696321
:10F1C00061746520547970650069642D6E6574738F
:10F1D000636170652D63657274747970650073681E
:10F1E000612D3157697468525341456E637279706D
:10F1F00074696F6E00736861353132576974685293
:10F200005341456E6372797074696F6E0073686103
:10F2100032323457697468525341456E6372797063
:10F2200074696F6E0073686133383457697468525B
:10F230005341456E6372797074696F6E006D643509
:10F2400057697468525341456E6372797074696F7F
:10F250006E007368613235365769746852534145A0
:10F260006E6372797074696F6E00727361456E635C
:10F2700072797074696F6E00436572746966696350
:10F2800061746520506F6C69636965730069642DF2
:10F2900063652D6365727469666963617465506F37
:10F2A0006C696369657300426173696320436F6EC3
:10F2B00073747261696E74730069642D63652D6285
:10F2C00061736963436F6E73747261696E74730006
:10F2D00069642D65635075626C69634B657900479D
:10F2E000656E65726963204543206B6579005348FC
:10F2F0004135313200534841323234002B0601058A
:10F3000005070804004145532D3139322D4543424C
:10F31000004145532D3235362D454342004145537A
:10F320002D3132382D454342004145532D3139327C
:10F330002D434243004145532D3235362D43424340
:10F34000004145532D3132382D434243004145534E
:10F350002D3139322D47434D004145532D3235363D
:10F360002D47434D004145532D3132382D47434DF4
:10F3700000000000324C33333534314C334F000041
:10F38000A0F3010000000020A8020000640E0000AD
:10F39000A8F40100A8020020E06B0100CCAD010040
:10F3A0000110000C14045365726965734D656E7528
:10F3B000000919CFB5C1D0B2CBB5A513C4212A20FD
:10F3C00004394C000F105570646174654669726DA4
:10F3D0007761726508091FB8FCD0C2B9CCBCFE4C7D
:10F3E0002A014CF8084C616E677561674661000937
:10F3F00019D3EFD1D4D1A1D4F14B50014C2AFF4CF9
:10F40000000D12466163746F7279526573657408FA
:10F410000D1BBBD6B8B4B3F6B3A7C9E8D6C39832B0
:10F42000033D57495A6E451A80A61330020009174A
:10F4300002456E676C697368091C1E595C221033A3
:10F440002002061A02D6D0CEC4091C1ED94C1F01B8
:10F4500005010203040817025735353030143D9D6D
:10F46000011A41041A49041A45041A35041A3904C8
:10F470000322777703226565320114BEEE01234D26
:10F480008E1A89041AB1041AFF01320A1B95EC1E68
:10F4900022C032083207320672051A2B181A2C04C1
:08F4A000412918292041000058
:04000005000000E512
:00000001FF
