:020000040800F2
:1000000058D300201102000881140008610C000878
:10001000CD0F0008050400085D2E00080000000058
:100020000000000000000000000000002D1F00087C
:10003000390600080000000019180008B52700085C
:100040002B0200082B0200082B0200080D1D0008DF
:100050002B0200082B0200082B0200082B020008CC
:100060002B0200082B0200082B0200082B020008BC
:100070002B0200082B0200082B0200082B020008AC
:100080002B0200082B0200082B0200082B0200089C
:100090002B0200082B0200082B0200082B0200088C
:1000A0002B0200082B0200082B0200082B0200087C
:1000B0002B0200082B0200082B0200082B0200086C
:1000C0002B0200082B0200082B0200082B0200085C
:1000D0002B020008ED2B00082B0200082B02000861
:1000E0002B0200082B0200082B0200082B0200083C
:1000F0002B0200082B0200082B0200082B0200082C
:100100002B0200082B0200082B0200082B0200081B
:100110002B0200082B0200082B0200082B0200080B
:100120002B0200082B0200082B0200082B020008FB
:1001300000F002F800F05CF80AA090E8000C82449D
:100140008344AAF10107DA4501D100F051F8AFF27A
:10015000090EBAE80F0013F0010F18BFFB1A43F0A5
:10016000010318475CA300007CA300000A444FF081
:10017000000C10F8013B13F0070408BF10F8014B06
:100180001D1108BF10F8015B641E05D010F8016B4B
:10019000641E01F8016BF9D113F0080F1EBF10F8AF
:1001A000014BAD1C0C1B09D16D1E58BF01F801CBD2
:1001B000FAD505E014F8016B01F8016B6D1EF9D555
:1001C0009142D6D37047000000230024002500266A
:1001D000103A28BF78C1FBD8520728BF30C148BFAA
:1001E0000B6070471FB509F0B1F81FBD10B510BD09
:1001F00000F08EF81146FFF7F5FF09F077F800F0F0
:10020000ACF803B4FFF7F2FF03BC00F0B1F8000054
:100210000948804709480047FEE7FEE7FEE7FEE79A
:10022000FEE7FEE7FEE7FEE7FEE7FEE704480549D6
:10023000054A064B704700007D2800083101000880
:100240005883002058D30020589300205893002052
:1002500010B5203AC0F00B80B1E81850203AA0E861
:100260001850B1E81850A0E81850BFF4F5AF5FEA95
:10027000027C24BFB1E81850A0E8185044BF18C948
:1002800018C0BDE810405FEA827C24BF51F8043BEF
:1002900040F8043B08BF7047D20728BF31F8023B43
:1002A00048BF11F8012B28BF20F8023B48BF00F8D7
:1002B000012B70474FF0000200B513469446964656
:1002C000203922BFA0E80C50A0E80C50B1F1200169
:1002D000BFF4F7AF090728BFA0E80C5048BF0CC017
:1002E0005DF804EB890028BF40F8042B08BF704775
:1002F00048BF20F8022B11F0804F18BF00F8012BE7
:10030000704770477047704700487047F882002078
:100310007546FFF7F9FFAE4605006946534620F0E3
:100320000700854618B020B5FFF780FFBDE82040E4
:100330004FF000064FF000074FF000084FF0000BA1
:1003400021F00701AC46ACE8C009ACE8C009ACE854
:10035000C009ACE8C0098D4670470446AFF3008081
:100360002046FFF74EFF000000487047FC82002047
:1003700001491820ABBEFEE72600020070470000CE
:1003800010B51D48007802280ED11C480068D8B965
:10039000052008F085FF19480068A8B90120164912
:1003A00008704FF4D05010BD1348007801280BD1CD
:1003B0001248006840B1052008F072FF0F4800683D
:1003C00010B102200C4908700D4800F07DFA00F4CD
:1003D000D850B0F5D85F0CD0052008F061FF084870
:1003E00000F072FA00F4D854B4F5D85F01D020467A
:1003F000D9E70020D7E700008C3F0020348122425B
:100400000014014000BFFEE7002000BF104909783A
:10041000C02910D10F4909784F290CD10D494978CD
:100420004B2908D100210B4A11705170084A1170F4
:10043000094A11700AE00146401C084A9142E5D37E
:100440000021034A1170044A117000BF00BF7047B9
:10045000503F0020523F0020513F002000350C004B
:10046000FFB583B01D46DDE90C6701F0B7FD18E06C
:100470000024FFF785FF0446B4F5D05F0DD101F0ED
:100480007DFCC82008F00CFF00202B46CDE9006061
:1004900003A807C800F0E0FE03E0B4F5C85F00D190
:1004A00000E0E5E700BF07B0F0BD000008B54FF47D
:1004B0009070ADF8000010208DF8030069460648E2
:1004C00000F079F92021044800F002FA4FF480711D
:1004D000014800F0FFF908BD000C014070B504466A
:1004E00025A002F0A5FCFFF78FFF0F2325A22821EE
:1004F000232002F08BFA054602F09AFCFFF784FFF6
:100500000B2322466421084602F080FA054602F0D9
:100510008FFCFFF779FF21A002F08AFCFFF774FF40
:1005200025A002F085FCFFF76FFF042329A2AE216E
:10053000642002F06BFA054602F07AFCFFF764FFD4
:1005400026A002F075FCFFF75FFF04232AA24FF4F8
:100550008471642002F05AFA054602F069FCFFF744
:1005600053FF27A002F064FCFFF74EFF2BA002F020
:100570005FFCFFF749FF70BD434C522830293B0D0B
:100580000A000000C7EBC8B7C8CFC4E3D1A1D4F1BB
:10059000B5C4B2D9D7F7D6B8C1EE0000424F58461D
:1005A000283232302C3231352C3236302C3235353F
:1005B0002C34293B0D0A0000424F58462831373071
:1005C0002C3137302C3231302C3231302C34293B25
:1005D0000D0A0000B7B5BBD800000000424F5846D6
:1005E000283237302C3137302C3331302C32313007
:1005F0002C34293B0D0A0000C8B7C8CF000000000A
:10060000424F5846283137302C3236302C32313078
:100610002C3330302C34293B0D0A0000424F584611
:10062000283237302C3236302C3331302C333030C6
:100630002C34293B0D0A0000704700000149C860B6
:10064000704700000020024030B5044604254FF4F6
:10065000302000F09DF80546042D17D10C480069A4
:1006600040F002000A49086108464461006940F010
:10067000400008614FF4302000F08AF80546044835
:10068000006941F6FD71084001490861284630BD06
:100690000020024004200C49C96801F00101012931
:1006A00001D101200EE00849C96811F0040F01D002
:1006B000022007E00449C96811F0100F01D003209F
:1006C00000E0042070470000002002400348006959
:1006D00040F080000149086170470000002002409E
:1006E0000549096821F01001034A116011460968A3
:1006F000014311607047000000200240F0B504463D
:100700000D4604260027F00200F042F80646042EAB
:1007100022D11248006940F001001049086125808B
:10072000F00200F035F80646042E0ED1A71C280C66
:100730003880F00200F02CF806460848006941F6BF
:10074000FE7108400549086106E00448006941F669
:10075000FE710840014908613046F0BD00200240AA
:1007600001460020034A106800F03800084310607A
:1007700070470000002002400248034948600348D7
:10078000486070472301674500200240AB89EFCDE8
:1007900000B502460423FFF77DFF034603E0FFF7A1
:1007A00079FF0346521E012B01D1002AF7D102B96D
:1007B0000523184600BD2DE9F0410246002500261C
:1007C000002000230024002791F803C00CF00F053F
:1007D00091F803C01CF0100F03D091F802C04CEA4E
:1007E0000505B1F800C01CF0FF0F31D014680020DF
:1007F0002BE04FF0010C0CFA00F3B1F800C00CEA4A
:1008000003069E4220D183004FF00F0C0CFA03F731
:10081000BC4305FA03FC4CEA040491F803C0BCF1A4
:10082000280F06D14FF0010C0CFA00FCC2F814C0DE
:100830000AE091F803C0BCF1480F05D14FF0010C5C
:100840000CFA00FCC2F810C0401C0828D1D3146078
:10085000B1F800C0BCF1FF0F34DD546800202EE079
:1008600000F1080C4FF0010808FA0CF3B1F800C0D1
:100870000CEA03069E4221D183004FF00F0C0CFAC4
:1008800003F7BC4305FA03FC4CEA040491F803C0E7
:10089000BCF1280F05D100F1080C08FA0CF8C2F8D9
:1008A000148091F803C0BCF1480F07D100F1080C87
:1008B0004FF0010808FA0CF8C2F81080401C082814
:1008C000CED35460BDE8F0810146886880B270479D
:1008D000416170470161704710B502460B464FF603
:1008E000FF7109E010784840C0B2064C34F810009F
:1008F00080EA21215B1E521C002BF3D1C84380B239
:1009000010BD00006C93000870B586B004460D461B
:10091000142101A8FFF7CEFC122240F2167101A8A3
:1009200008F04CFB042301AA2946204602F06EF889
:10093000064602F07DFAFFF767FD06B070BD0000C5
:1009400070B598B00546002408E00026334615AA85
:100950001349204601F0EBFA601CC4B2322CF4DBE0
:10096000002418E01E2200210DA808F0DEFC0DA9CD
:10097000204600F075FA0DF804001DF8040030B9A7
:100980009DF835001A2802D10020285501E00120E9
:100990002855601CC4B2322CE4DB18B070BD0000D6
:1009A000020D5FA02DE9F043ADF29C4D81460F464C
:1009B000142264490DF59160FFF74AFC34210DF2D1
:1009C0005440FFF777FCFF2640F23E3105A8FFF7C1
:1009D00071FC14225B4914316846FFF739FC002092
:1009E0008DF8540300251BE04FF000084346D5AABC
:1009F0005549284601F09BFA052002F08FF805EBD7
:100A000005116A4688181022002108F08EFC05EBBB
:100A100005106A468118284600F022FA681CC5B203
:100A2000322DE1DB002547E0002440E005EB051016
:100A300069460144601C085C302837DB05EB051073
:100A400069460144601C085C39282FDC0DF5916073
:100A5000015D05EB05106A460244601C105C814292
:100A600000DD26E00DF59160015D05EB05106A469D
:100A70000244601C105C814218DA05EB05106946DF
:100A80000144601C085C0DF5916108552E46002458
:100A900009E006EB061069460144601C085C0DF590
:100AA00091610855641C102CF3DB02E0641C082CD7
:100AB000BCDB00BF681CC5B2322DB5DBFF2E0DD0EC
:100AC000002409E006EB061069460144601C085C3E
:100AD0000DF591610855641C102CF3DB002519E01D
:100AE00000200DF25441485500240FE00DF59160AF
:100AF000015D05EB05106A460244601C105C8142F2
:100B000003D001200DF254414855641C102CEDDB3C
:100B1000681CC5B2322DE3DB10220DF59161484609
:100B200008F0EEFB10220DF59161084808F0E8FB93
:100B300032220DF25441384608F0E2FB0DF29C4D92
:100B4000BDE8F08388950008030D5FA0F04D0020FC
:100B500010B508A002F06CF9FFF756FC0F2308A2AD
:100B60008C21602001F052FF044602F061F9FFF78A
:100B70004BFC10BD434C522830293B0D0A000000AD
:100B8000D5FDD4DABBF1C8A1B0E6B1BED0C5CFA2C5
:100B90002E2E2E002DE9FF471E46DDF8308000F096
:100BA0003BF89DF807009DF8061000EB01259DF825
:100BB000020001069DF8030001EB00419DF80400CE
:100BC00001EB00219DF8050001EB0009B6FBF5F0F3
:100BD00005FB1067CDB1002415E0C7EB071202EB4F
:100BE000072202EB0901C4EB041202EB0422094BB9
:100BF000D01840F20F1208F0E1F9781C0746A8421D
:100C000000D30027641C4445E7DB002004B0BDE8A6
:100C1000F08700000A4E002030B5ADF5717D4FF42D
:100C20007072002101A808F0C9F9002411E0002524
:100C30000CE004EB440005EB800001A9085C0749C7
:100C4000294404EB440201F822006D1C0C2DF0DB5A
:100C5000641C502CEBDB0DF5717D30BD6040002035
:100C600000BFFEE70EB54720ADF800001020ADF83C
:100C700002000120ADF804000020ADF8060069462E
:100C80004FF0804001F070FE0121880701F05AFE0C
:100C90006FF0040001F07AFD074800680749B0FBD7
:100CA000F1F007490870084600784FF47A7148431C
:100CB000044908800EBD00001400002000127A00D4
:100CC000883F00208A3F00200146CA1701EB92723C
:100CD0009210B1EB820212D1642091FBF0F200FB82
:100CE000121050B94FF4C87091FBF0F200FB1210D3
:100CF00008B9012070470020FCE70120FAE7002036
:100D0000F8E7000000B587B0012144F2050000F0CB
:100D1000CDFD4FF40070ADF8180003208DF81A00D7
:100D200018208DF81B0006A92348FFF744FD4FF457
:100D30008060ADF8180004208DF81B0006A91E483D
:100D4000FFF739FD25208DF8040003208DF80500FC
:100D50008DF8060001208DF8070001A800F098FB2F
:100D60004FF4E13002900020ADF80C00ADF80E0019
:100D7000ADF81000ADF814000C20ADF8120002A977
:100D80000E4801F0DFFF012240F225510B4801F02F
:100D9000B4FF0121094801F06DFF4FF47A7001F0B2
:100DA000BDFE07A002F044F8FFF72EFB4FF4FA70E7
:100DB00001F0B4FE07B000BD00080140003801405A
:100DC0004449522831293B0D0A00000008B54FF470
:100DD0007F40ADF8000004208DF8030003208DF85B
:100DE000020069460348FFF7E6FC4FF47A7001F011
:100DF000A1FE08BD0018014008B54FF47F40ADF8D2
:100E0000000010208DF8030003208DF802006946D1
:100E10000348FFF7D0FC4FF47A7001F08BFE08BD59
:100E20000018014070B5044602200B4908600720F5
:100E300001F080FE0948006885B2280A207002206F
:100E40000549091D0860072001F074FE0348006889
:100E500085B2280A607070BD100C0140081801406E
:100E60002DE9F047C0B080460F464FF0FF0900243F
:100E70004FF480716846FFF71DFAA246FFF7A6FF00
:100E8000404601F021F9002500BF0DEB0500FFF7FA
:100E9000C9FFAD1C9DF80000801CA84203DD9DF831
:100EA0000000FF28F1D19DF8004021466846FFF779
:100EB00013FD0646601C1DF800001DF8041000EB31
:100EC00001201FFA80FA564508D13CB1A21C6946A0
:100ED000384608F015FA4FF0000903E040F6B83044
:100EE00001F028FE01F00AFCFFF786FF484640B0FB
:100EF000BDE8F08770B5044625786678104800682C
:100F0000C0B20F4908600846006840EA0520086042
:100F100002200C490860052001F00CFE084800681A
:100F2000C0B2074908600846006840EA0620086029
:100F300002200449091D0860052001F0FBFD70BD79
:100F40000C180140100C014008B50121542000F09C
:100F5000ADFC4FF47F40ADF8000010208DF8030089
:100F600003208DF8020069461448FFF724FC4FF473
:100F70007F401249143108600320ADF80000694633
:100F80000F48FFF718FC03200D49143108603F207B
:100F9000ADF8000069460B48FFF70DFC3F200949FA
:100FA000103108604020ADF8000069460648FFF7A0
:100FB00002FC40200449086108BD000000180140FF
:100FC000000C0140000801400010014000BFFEE796
:100FD0002DE9FF47C2B01D464EAF97E880030024BD
:100FE000A2467C4800687C4908603220009079481D
:100FF000036842A807C8FFF7CDFD00262BE00024B8
:101000004FF48072002102A808F08FF973497148EB
:10101000006808F093F902A9081904226F4908F042
:101020006FF9241D28128DF80C00E8B28DF80D0020
:1010300002A908190422694908F062F9A41C234690
:1010400002AA3946F0B200F072FF62480068401C04
:1010500060490860761C322ED1DB322200216048C4
:1010600008F063F95C4800685A4908605D49781ADD
:101070008F4273D030DC10F10E0F67D020DC10F1FE
:10108000150F4BD014DC10F1220F40D009DC10F109
:10109000B80F35D010F14D0F33D010F1230F76D1AA
:1010A00034E010F1170F37D010F1160FF7D134E0FC
:1010B000143006287CD2DFE800F0323B3C3D3E3F56
:1010C0000D300D2874D2DFE800F0424A50515253DF
:1010D00054555663646566004248C04338441A2834
:1010E00066D2DFE800F05A1D1E1F202A2B2C2D2E61
:1010F00035363D494A4B4C4D4E4F5B5C5D5E5F6003
:1011000000BF0321092007F081FF56E000BF012145
:10111000042007F07BFF50E000BF00BF00BF00BF0E
:1011200000BF00BF00BF0321092007F06FFF44E0AC
:1011300000BF00BF00BF00BF00BF00BF00BF00BFB7
:1011400000BF04210C2007F061FF36E000BF00BFA4
:1011500000BF03210A2007F059FF2EE01CE000BF6A
:1011600004210D2007F052FF27E000BF00BF00BFA1
:1011700000BF00BF00BF00BF00BF00BF00BF00BF77
:1011800000BF00BF0521102007F040FF15E00FE071
:1011900000BF00BF00BF00BF00BF00BF00BF00BF57
:1011A00000BF00BF00BF0221052007F02FFF04E0B1
:1011B0000121032007F02AFF00BF00BF0548006897
:1011C0003230044908600122500408F043F846B068
:1011D000BDE8F087803F002030000020280000207C
:1011E000903F0020FE000DA22DE9FF4383B01F4673
:1011F0000EAC94E8300300F0E3FE28E00026FFF791
:10120000BFF80646B6F5D05F1DD100F0D9FE00F05C
:10121000B5FDC82008F044F83B468DE8300103A82E
:1012200007C8FFF7D5FE00F0D9FE00F0A7FD0520A6
:1012300008F036F804F57F03CDE9005903A807C884
:1012400000F00AF803E0B6F5C85F00D100E0D5E78A
:1012500000BF07B0BDE8F0832DE9F043ADF2346D77
:101260001D46DDF85086DDF854464FF001098DF833
:1012700034808DF83590002607E002273B460DAA02
:101280002946F0B200F053FE761C322EF5DB7B4986
:10129000681A8D4272D030DC10F10E0F6FD020DC56
:1012A00010F1150F59D014DC10F1220F47D009DCD2
:1012B00010F1B80F35D010F14D0F33D010F1230FCE
:1012C00073D13BE010F1170F45D010F1160FF7D195
:1012D00042E01430062868D2DFE800F04052535450
:1012E00055560D300D28F6D2DFE800F0616F7C7D99
:1012F0007E7F80818295969798006048C0432844FD
:101300001A28E8D2DFE800F08C2B2C2D2E41424326
:10131000444554556275767778797A7B8D8E8F90B7
:10132000919200BF012C04D10021032007F06EFE32
:1013300003E00021032007F0FDFE8FE000BF012C39
:1013400004D10021012007F061FE03E0002101200B
:1013500007F0F0FE82E000BF00BF00BF00BF00BF8B
:1013600000BF00BF012C04D10021032007F04EFE76
:1013700003E00021032007F0DDFE6FE04FE015E001
:1013800000BF00BF00BF00BF00BF00BF00BF00BF65
:1013900000BF012C04D10021042007F037FE03E038
:1013A0000021042007F0C6FE58E04BE000BF00BF5C
:1013B00000BF012C04D10021032007F027FE03E029
:1013C0000021032007F0B6FE48E000BF012C04D145
:1013D0000021042007F01AFE03E00021042007F09A
:1013E000A9FE3BE000BF00BF00BF00BF00BF00BFC1
:1013F00000BF00BF00BF00BF00BF00BF00BF012C87
:1014000004D10021052007F001FE03E000210520A2
:1014100007F090FE22E000BF00BF00BF00BF00BF8A
:1014200000BF00BF00BF00BF00BF00BF012C04D140
:101430000021022007F0EAFD03E00021022007F06E
:1014400079FE0BE0012C04D10021012007F0DEFD24
:1014500003E00021012007F06DFE00BF00BF322233
:101460000021684607F061FF6846FFF769FA6846A1
:1014700000F06AFF0DF2346DBDE8F083FE000DA3AD
:10148000704710B500214FF0006000F03BF810BD30
:1014900070B5002100230F22C4780CB3164C2468C9
:1014A00004F4E064C4F5E064210AC1F10403CA4015
:1014B000447804FA03F184781440214309010F4C65
:1014C0000678A155047804F01F050124AC40057886
:1014D0006D114FF0E02606EB8505C5F8004109E0E7
:1014E000047804F01F050124AC40054D0678761100
:1014F00045F8264070BD00000CED00E000E400E07F
:1015000080E100E0024A0A400243024B1A60704741
:1015100080FFFF1F08ED00E010B5002400F098F9EF
:101520000446B4F5306F7BD0B4F5985F7BD0B4F54A
:10153000C85F3DD0B4F5D05F74D10120A6490870D2
:10154000A6480078C0EBC000A549096801EB8000FF
:101550008068A449884202D101F082FC27E09F48BC
:101560000078C0EBC0009E49096801EB80008068EC
:101570009C4988421BD0994800789B4908709B4839
:1015800000789B4908709B4800789B4908709348F5
:101590000078C0EBC0009249096801EB80008068C8
:1015A0008F49086000208D4908709049087058E004
:1015B0000120894908708A480068C06889498842C2
:1015C0002DD087480068C0688C4988420AD1844879
:1015D0000068C0688249086000208049087083491B
:1015E00008701CE07E480068C0688549884205D0C4
:1015F0007B480068C0688349884210D178480068F9
:10160000C06877490860784800787449087078485D
:10161000007876490870784800787649087020E0AC
:101620000FE000E01CE06D480078401E6B49087038
:1016300008460078FF2803D173480078401E0870E0
:101640000FE066480078401C64490870084600783E
:101650006D490978884202D100206049087000E095
:1016600000BF00BF5D48007850BB6048007838BBC1
:1016700066480078022806D15748007818B900203B
:101680006349087002E00120614908700020574951
:1016900008705348006800785B4908700846007875
:1016A000062190FBF1F018B106205249087003E0C2
:1016B000554800784F4908700120564908707EE06F
:1016C0004648007849490978884211DB4348007848
:1016D0004849097888420BDA00204D4908703F4894
:1016E000007842490978401A401C4A49087066E06F
:1016F0003A4800783D490978884231DA0120444966
:1017000008703648007806281CDC3448007818B980
:1017100001204049087003E0344800783D490870D2
:1017200000203249087038480078062190FBF1F01B
:1017300018B106202F49087041E0334800782D4940
:1017400008703CE029480078801F28490870084646
:101750000078801D2749087006202E4908702EE069
:101760001E48007823490978884228DB012028494F
:1017700008702548007819490978401A062811DAB6
:1017800016480078C01D20490978401A2149087080
:101790001D480078801F154908701B4800781549BE
:1017A00008700CE011480078801D10490870084648
:1017B0000078801D0F4908700120164908700648FE
:1017C0000078012801D11249087000F08FFC6420D4
:1017D00007F066FD10BD00007A3F0020663F002044
:1017E000603F0020444000207C3F0020643F0020F8
:1017F0007D3F0020653F00207E3F00203400002018
:10180000C00000204C010020783F00207B3F0020DA
:101810007F3F0020793F00207047000008B54FF45B
:10182000D850ADF8000004208DF803006946074841
:10183000FEF7C1FF4FF40050ADF8000048208DF8CE
:10184000030069460148FEF7B6FF08BD00140140D9
:1018500070B500BF0C48FFF737F800F4D8540F20DC
:1018600007F01EFD0848FFF72FF800F4D855B4F52F
:10187000D85FEFD0B5F5D85FECD0AC42EAD10F20FD
:1018800007F00EFD204670BD0014014029B1064A44
:10189000D2690243044BDA6104E0034AD26982430D
:1018A000014BDA61704700000010024029B1064A7E
:1018B00092690243044B9A6104E0034A92698243AD
:1018C000014B9A6170470000001002400F48006809
:1018D00040F001000D490860084640680C49084086
:1018E0000A494860084600680A49084007490860F4
:1018F0000846006820F4802008600846406820F40C
:10190000FE0048604FF41F008860704700100240DE
:101910000000FFF8FFFFF6FE30B500210022002492
:1019200000232D4D6D6805F00C0121B1042905D06F
:10193000082923D105E0294D056022E0274D0560E7
:101940001FE0254D6D6805F47012234D6D6805F498
:101950008034022505EB92421CB9214D55430560A8
:101960000BE01D4D6D6815F4003F03D01C4D554331
:10197000056002E0194D5543056002E0174D056012
:1019800000BF00BF144D6D6805F0F0010909154D49
:101990006B5C0568DD4045600F4D6D6805F4E061E6
:1019A000090A104D6B5C4568DD4085600A4D6D6825
:1019B00005F46051C90A0B4D6B5C4568DD40C5609C
:1019C000054D6D6805F44041890B074D6B5CC5689A
:1019D000B5FBF3F5056130BD0010024000127A003E
:1019E00000093D00000000201000002010B5014655
:1019F0000022002300204A11012A02D1094C236849
:101A000006E0022A02D1074C236A01E0054C636A12
:101A100001F01F02012494401C4201D0012000E08B
:101A2000002010BD001002400248406800F00C0089
:101A3000704700000010024001460020034A506831
:101A400020F0F00008435060704700000010024092
:101A50001149096821F480310F4A11601146096863
:101A600021F480211160B0F5803F03D0B0F5802FC4
:101A70000ED106E00849096841F48031064A116038
:101A800007E00549096841F4A021034A116000E01C
:101A900000BF00BF70470000001002400149C8713C
:101AA000704700000010024001460020034A5068C1
:101AB00020F4E060084350607047000000100240CE
:101AC00001460020034A506820F4605040EAC100FB
:101AD00050607047001002400149086670470000DE
:101AE0000000424202460020044B586820F47C105B
:101AF00042EA01031843014B58607047001002404E
:101B000001460020034A506820F00300084350605B
:101B1000704700000010024070B500240025002628
:101B200000BF3120FFF762FF0646641CB4F5A06FCA
:101B300001D0002EF5D03120FFF758FF08B1012564
:101B400000E00025284670BD03490988C24392B2CF
:101B50001140014A11807047042800402DE9F047E8
:101B60004FF000090024A046002500F077F88146D8
:101B70003648B9FBF0F436480088A04237D03449E3
:101B80000C8040F2B27810E04046FFF79DF830B18B
:101B9000B4F5B77F02D3A4F5B77402E008E0A4F26D
:101BA0006D1408F101001FFA80F8B4F5B67FEBD888
:101BB00000BF2848A0F80480012527480678A7B26E
:101BC0000FE0B81B87B2681C85B2681E22490E5C04
:101BD000022D06D11F498888FFF776F808B1701CDE
:101BE00086B2B742EDDA1B498D71781CC87117486F
:101BF000B9FBF0F100FB11944FF46160B4FBF0F01D
:101C0000144908704FF46160B4FBF0F100FB11401F
:101C10003C21B0FBF1F00F4948704FF46160B4FB18
:101C2000F0F100FB11403C21B0FBF1F201FB12008E
:101C3000084988700B46DA799979988800F02AF873
:101C4000044908720020BDE8F087000080510100BF
:101C5000863F0020004E0020BC950008002103486C
:101C60000188001F008841EA004070471C2800409E
:101C700001460020064A12880A40D0B2044A121FC8
:101C800012880A4202D008B1012000E0002070470B
:101C900004280040F0B503460C461546642093FB2B
:101CA000F0F0C6B2642093FBF0F700FB1730C1B22E
:101CB000132E02DD01F16400C1B20846CF1701EB1B
:101CC000977701EBA702072092FBF0F700FB1720A4
:101CD00082B25719601EDFF830C01CF8000038448B
:101CE00082B2CF1701EB9777BF10B1EB870703D113
:101CF000032C01DA501E82B2072092FBF0F700FBA2
:101D00001720C0B2F0BD0000B095000810B501204A
:101D1000FFF7AEFF08B1FFF721FF0220FFF7A8FF92
:101D200020B10220FFF710FFFFF718FF0520FFF793
:101D30000BFF00F001F810BD00BF0348008810F051
:101D4000200FFAD0704700000428004008B5094869
:101D5000006800904FF400300068401C04D101225C
:101D60006946500407F076FA4FF4003000680249E3
:101D7000086008BD70950008803F002010B5012064
:101D80000A490860142000F0D5FE01200749091F08
:101D9000086000F0B3FC502000F0C0FE01200349B1
:101DA0000860C82000F0BAFE10BD0000140C01400D
:101DB00000B587B001210820FFF778FD01218803D5
:101DC000FFF764FD4FF46040ADF8180018208DF85F
:101DD0001B0003208DF81A0006A91748FEF7EBFC3C
:101DE0004FF460411448FEF775FD0020ADF8040083
:101DF0004FF48270ADF806000020ADF80800022014
:101E0000ADF80A000120ADF80C004002ADF80E005C
:101E10003820ADF810000020ADF812000720ADF812
:101E2000140001A9054800F063F80121034800F0FF
:101E300045F807B000BD0000000C0140003800402C
:101E400070B50546002405E0601CC4B2C82C01DD55
:101E5000002070BD02210E4800F03CF80028F3D0AD
:101E600029460B4800F042F8002405E0601CC4B28B
:101E7000C82C01DD0020ECE70121054800F02AF81C
:101E80000028F3D0024800F02EF8C0B2E1E70000CD
:101E90000038004010B50446074800884FF6C77167
:101EA0000840054908800846008820430880012131
:101EB000014800F003F810BD0038004021B102884D
:101EC00042F04002028004E002884FF6BF731A40DD
:101ED000028070470246002013890B4201D0012086
:101EE00000E0002070470146888970478181704773
:101EF00010B50022028802F441520B884C8823431B
:101F00008C882343CC8823430C8923434C89234367
:101F10008C892343CC8923431A430280838B4FF25D
:101F2000FF74234083830B8A038210BD70472DE921
:101F3000F043C5B081460E4690461C464FF4887269
:101F4000002101A807F0F1F9300E8DF80400300CE3
:101F50008DF80500300A8DF80600F0B28DF8070004
:101F6000A01D84B2200A8DF80800E0B28DF80900A7
:101F7000002505E018F8051001AAA81D11546D1CD4
:101F8000A542F7DB214601A8FEF7A6FC0746380A62
:101F900001A9085501AA601C1754A01C84B2484628
:101FA00000F092F8002504E001A94819FEF7A2FF0D
:101FB000AD1CA542F8DB00F0A1FB45B0BDE8F08305
:101FC00010B520210448FEF783FC4FF480710248CD
:101FD000FEF780FC10BD0000000C014010B54FF46E
:101FE00080710448FEF774FC20210248FEF772FC61
:101FF00010BD0000000C014010B500F001F810BD4C
:10200000002100202E4A126842F480322C4B1A60C4
:1020100000BF2B4A126802F40030491C10B9B1F518
:10202000A06FF6D1264A126812F4003F01D00120B9
:1020300000E00020012842D1224A126842F010023A
:10204000204B1A601A46126822F003021A601A46E0
:10205000126842F002021A60194A5268184B5A601C
:102060001A4652685A601A46526842F480625A60B0
:102070001A46526822F47C125A601A46526842F498
:10208000E8125A601A46126842F080721A6000BF65
:102090000B4A126812F0007FFAD0094A526822F007
:1020A0000302074B5A601A46526842F002025A6015
:1020B00000BF034A526802F00C02082AF9D17047A7
:1020C000001002400020024070B504460648006837
:1020D0004FF6C071214300EA0105034805604FF443
:1020E000FA6000F027FD70BD0C0801402DE9F047B3
:1020F00000276648006800786549087065480078E0
:10210000654908706548007800284DD064A000F04B
:102110008FFEFEF779F95D480068C0686349884220
:1021200005D163A000F084FEFEF76EF910E0574879
:102130000068C0686949884205D169A000F078FE4E
:10214000FEF762F904E071A000F072FEFEF75CF9A0
:1021500000275048067822E0781C774909788842A1
:1021600002D14FF0060801E04FF00408C6EBC600AC
:10217000464B1B6803EB8000426807EBC700552302
:1021800003EB80014346412000F040FC814600F013
:102190004FFEFEF739F9781CC7B2701CC6B267480B
:1021A00000788642D8DB67E065480078401EC4B2FC
:1021B000384800782044C0EBC000344B1B6803EB68
:1021C0008000426804EBC400552303EB8001002328
:1021D000412000F01BFC814600F02AFEFEF714F9B6
:1021E0002C4800782044C0EBC000284B1B6803EB50
:1021F0008000426804EBC400552303EB80010423F4
:10220000412000F003FC814600F012FEFEF7FCF8CE
:1022100049480078401EC5B21E4800782844C0EBEB
:10222000C0001A4B1B6803EB8000426805EBC50039
:10223000552303EB80010023412000F0E7FB81469A
:1022400000F0F6FDFEF7E0F8124800782844C0EBF5
:10225000C0000E4B1B6803EB8000426805EBC50015
:10226000552303EB80010623412000F0CFFB81467C
:1022700000F0DEFDFEF7C8F80020324908702E4855
:1022800000782F490870BDE8F0870000603F00200B
:10229000783F0020643F0020673F00207F3F002000
:1022A000434C522830293B0D0A000000C00000209A
:1022B000444333322833352C34302C27C7EBD1A19B
:1022C000D4F1D0E8D2AAC9D5C2BCB5C4D0CDBAC564
:1022D000272C3135293B0D0A000000004C0100205D
:1022E000444333322833352C34302C27C7EBD1A16B
:1022F000D4F1D0E8D2AABCECB2E2B5C4D0CDBAC514
:10230000272C3135293B0D0A0000000044433332AD
:102310002833352C34302C27C7EBD1A1D4F1D0E8A9
:10232000D2AAD6B4D0D0B5C4C3FCC1EE272C313567
:10233000293B0D0A00000000793F0020653F002086
:102340007B3F00207A3F00202DE9F04F93B00646F6
:1023500000244FF06E094FF0230AA0464FF00A0BFD
:1023600000251E2012902D20119001200E90022099
:102370000D900F200C900027242256A102A8FDF7F3
:1023800067FF5DA000F054FDFEF73EF85D48007861
:10239000C0EBC0005C49096801EB800005231421F3
:1023A00042685A2000F032FB019000F041FDFEF738
:1023B0002BF800BF20E000208DF8410004F131002F
:1023C000C0B28DF84000092C05D131208DF84000B5
:1023D00030208DF84100C4EB041101EB41011E31A6
:1023E00088B210AA46210C9B00F010FB019000F06F
:1023F0001FFDFEF709F8641C0A2CDCDB0024A04654
:1024000040E03AE000208DF82D0005F13100C0B227
:102410008DF82C00092D05D131208DF82C003020AD
:102420008DF82D00305D012804D10E980F90781C96
:10243000C7B201E00D980F9005FB0A9291B2DDE959
:10244000113208FB032290B20BAA0F9B00F0DEFAB8
:10245000019000F0EDFCFDF7D7FF305D40103055E6
:10246000641C322C00DD0AE0042D01D1002506E0B9
:10247000092D01D1002502E06D1C052DC2DB00BF36
:1024800008F10108D845BCDB67B917231FA24FF438
:102490008C71B02000F0BAFA019000F0C9FCFDF791
:1024A000B3FF14E00A2097FBF0F03030C0B28DF893
:1024B0001A000A2097FBF0F100FB11703030C0B217
:1024C0008DF81B0002A800F0B3FCFDF79DFF13B0D0
:1024D000BDE8F08F44433332283134342C32383065
:1024E0002C27B4E6D4DA2020B8F6B4EDCEF3272CAE
:1024F00031293B0D0A000000434C522830293B0D86
:102500000A000000663F0020603F0020C8ABB2BF59
:10251000CDA8B9FD0000000010B500F081F805E07D
:102520000024FFF795F9044604B100E0F8E700BF86
:1025300005E00024FFF78CF9044604B100E0F8E759
:1025400000BF00F0CBF910BD2DE9FF4F87B01E464C
:1025500000274FF487784FF01E0900254FF0050A39
:1025600000244FF03C0B282006900120049002200C
:102570000390002002900190042307A807C800F0F0
:1025800045FA009000F054FCFDF73EFF42E005F1F3
:102590004100C0B2029009FB158081B20F2302AA4C
:1025A000142000F033FA009000F042FCFDF72CFFFD
:1025B0002CE000208DF8050004F13100C0B28DF848
:1025C0000400092C05D131208DF8040030208DF84D
:1025D0000500F05D10B10498059001E003980590A6
:1025E0007F1C09FB158291B2069A04FB02B290B2DD
:1025F00001AA059B00F00AFA009000F019FCFDF713
:1026000003FF092C01D1002402E0641C0A2CD0DB5A
:1026100000BF6D1C5545BADB0BB0BDE8F08F000064
:1026200010B592B0FFF7AAFB01A90EA8FEF7BAF900
:1026300023A000F0FDFBFDF7E7FE0F2323A20A21F4
:10264000642000F0E3F9044600F0F2FBFDF7DCFE45
:102650000F2323A23221192000F0D8F9044600F0FC
:10266000E7FBFDF7D1FE3221AA20FEF74DF90F233B
:102670001DA25021162000F0C9F9044600F0D8FB35
:10268000FDF7C2FE04231A4A5021AA2000F0BEF929
:10269000044600F0CDFBFDF7B7FE0F2315A26E2117
:1026A000162000F0B3F9044600F0C2FBFDF7ACFEC3
:1026B00001AB0EAA6E21AA20FFF746FF12B010BD93
:1026C000434C522830293B0D0A000000B8F7C4A340
:1026D000BFE9C8EDBCFEB0E6B1BED0C5CFA20000D8
:1026E000466C617368203A00D6F7B0E520203A00C6
:1026F0005A930008B9A6C4DCB0E53A0010B5074803
:10270000006880B240F03F04044800682043034959
:1027100008604FF47A7000F00DFA10BD0C0801400B
:1027200008B501212020FFF7C1F82020ADF80000F6
:1027300010208DF8030003208DF80200694602483E
:10274000FEF739F808BD00000014014010B508A0DC
:1027500000F06EFBFDF758FE0F2308A28C217020BD
:1027600000F054F9044600F063FBFDF74DFE10BD88
:10277000434C522830293B0D0A000000CFB5CDB3A1
:10278000D5FDD4DAC6F4B6AF2E2E2E00042808D11B
:102790004FF0E021096941F004014FF0E02211619E
:1027A00007E04FF0E021096921F004014FF0E02239
:1027B000116170477047000010B5FFF787F84FF4BC
:1027C0008030FFF745F9FFF7A7F91C490870084664
:1027D0000078012829D11020FDF782FF0220FDF7A3
:1027E000BFFF0020FFF728F90020FFF769F94FF439
:1027F0008060FFF759F94FF4E0114FF48030FFF794
:1028000071F90120FFF768F90420FFF747F900BFCD
:102810003920FFF7EBF80028FAD00220FFF770F913
:1028200000BFFFF701F90828FBD101217C20FFF749
:102830003DF801210248FFF729F810BD8D3F002027
:102840000100600010B5FFF7B7FFFEF70BFAFEF7C7
:1028500018FEFEF7E3FFFEF777FB06F089FBFEF7B5
:1028600051FAFFF75DFFFDF721FE10BD10B5FFF730
:102870006DFAFEF7D1F9FFF769FF10BD10B51348E7
:10288000006840F00100114908600846406810499E
:1028900008400E494860084600680E4908400B4948
:1028A00008600846006820F48020086008464068F8
:1028B00020F4FE0048604FF41F008860FFF79CFB87
:1028C0004FF000600449086010BD00000010024095
:1028D0000000FFF8FFFFF6FE08ED00E010B511481C
:1028E00011490860002011490870114908700E480C
:1028F000006800780F49087008460078062190FBB0
:10290000F1F018B106200C49087003E0094800787E
:102910000949087001200949087009490870FFF742
:10292000E5FB10BD34000020603F0020663F002022
:10293000643F0020783F0020653F00207F3F00205B
:10294000793F002021B1028842F00102028004E0B8
:1029500002884FF6FE731A40028070470146888C49
:102960007047818470470000002202881D4B984206
:102970000ED01D4B98420BD0B0F1804F08D01B4BAE
:10298000984205D01A4B984202D01A4B984204D173
:102990004FF68F731A404B881A43174B984207D053
:1029A000164B984204D04FF6FF431A40CB881A4387
:1029B00002808B8883850B8803850A4B98420BD055
:1029C000094B984208D00E4B984205D00D4B9842C7
:1029D00002D00D4B984201D10B7A038601238382EA
:1029E00070470000002C014000340140000400400A
:1029F00000080040000C004000100040001400409F
:102A00000040014000440140004801402DE9FE4FD4
:102A100005460E461746984600243CA103C9CDE959
:102A200001013CA0006800900023052201A93A485A
:102A300006F070FCA946642099FBF0F0303036496E
:102A40004871642099FBF0F100FB11900A2190FB82
:102A5000F1F03030304988710A2099FBF0F100FB29
:102A6000119030302C49C8712C200872B246642075
:102A70009AFBF0F03030487264209AFBF0F100FBD2
:102A800011A00A2190FBF1F03030234988720A200E
:102A90009AFBF0F100FB11A030301F49C8722C20C6
:102AA00008732720487305E0395D1B4A04F10E00C6
:102AB0001154641C385D0028F6D12721164A04F110
:102AC0000E0011542C21401C11540A2098FBF0F0E8
:102AD0003030C1B204F1100011540A2098FBF0F11B
:102AE00000FB11803030C1B204F111001154431CBD
:102AF00004226946084806F00DFC0021064A04F14C
:102B0000160011541046BDE8FE8F000044433332D6
:102B100028000000293B0D0A8C4D002070B50446AA
:102B2000002504E04FF47A7000F004F86D1CA54213
:102B3000F8D370BD10B5044621464FF08040FFF732
:102B400010FF00BF4FF08040FFF708FF0028F9D1C9
:102B500010BD000010B5234A1168234AB1FBF2F200
:102B6000303202701F4A12681F4BB2FBF3F403FBB2
:102B7000142142F21072B1FBF2F230324270194A63
:102B8000126842F21073B2FBF3F403FB14214FF40A
:102B90007A72B1FBF2F230328270124A12684FF44C
:102BA0007A73B2FBF3F403FB14216422B1FBF2F25B
:102BB0003032C2700B4A12686423B2FBF3F403FB99
:102BC00014210A22B1FBF2F230320271054A126876
:102BD0000A23B2FBF3F403FB142101F1300242712A
:102BE00010BD0000803F0020A086010010B5012428
:102BF00040F225511B4800F056F8F8B1194800F092
:102C00000DF9C4B218480078C02829D016480078B9
:102C100010F0400F13D00A2C0BD11348007840F06D
:102C200080001149087000201049114A1278885418
:102C300016E000200C4908700D49087010E00D2CBA
:102C400008D00B4801780078401C094A10700748EA
:102C5000445405E00448007840F040000249087000
:102C600010BD000000380140503F0020523F0020BE
:102C7000513F002021B1828942F40052828104E058
:102C800082894DF6FF731A40828170470246002008
:102C9000B1F5007F00D100BF13880B4201D00120A5
:102CA00000E00020704770B5024600240023002594
:102CB0000020A1F510666A3E00D100BFC1F34215A5
:102CC00001F01F03012606FA03F3012D02D19689B4
:102CD000334006E0022D02D1168A334001E0968A85
:102CE00033400C12012606FA04F41688344013B15E
:102CF0000CB1012000E0002070BDF0B503460024B7
:102D0000002600250020A1F510676A3F00D100BF12
:102D10001846C1F3421401F01F06012707FA06F511
:102D2000012C01D10C3004E0022C01D1103000E064
:102D300014301AB107682F43076002E00768AF43F9
:102D40000760F0BD2DE9F04786B005460E46002429
:102D5000A24600BFA1460027B08900B100BF2F46A0
:102D60002C8A4CF6FF700440F08804432C82AC8916
:102D70004EF6F3100440B088318908437189084346
:102D80000443AC81AC8A4FF6FF400440B089044351
:102D9000AC8201A8FEF7C0FD1F48874202D1DDF8D2
:102DA00010A001E0DDF80CA0A88910F4004F08D0B5
:102DB0000AEBCA0000EB0A1031684900B0FBF1F8D9
:102DC00007E00AEBCA0000EB0A1031688900B0FB8B
:102DD000F1F86420B8FBF0F004012009642101FB44
:102DE0001089A88910F4004F08D0322000EBC900E8
:102DF000B0FBF1F000F00700044308E0322000EBE4
:102E000009106421B0FBF1F000F00F0004432C81A5
:102E100006B0BDE8F0870000003801400146888810
:102E2000C0F308007047C1F30802828070470000B9
:102E300010B504460FE0207860B121780648FFF70E
:102E4000F2FF00BF80210448FFF720FF0028F9D0DF
:102E5000641C00E010BDEEE70038014000BFFEE753
:102E600000B589B0B3480078C0EBC000B24909682A
:102E700001EB800040680790FDF730FB06F064B876
:102E800000200890FDF77CFA08900898B0F5D05F14
:102E900046F03580A7480078C0EBC000A649096815
:102EA00001EB8000008BA0F50070323804D1FDF7F3
:102EB0004FFEFFF7B5FB00BF00BF9E480078C0EB98
:102EC000C0009D49096801EB8000008B40F2191297
:102ED000811A904203F09D8407DC8C2802F07D80EB
:102EE00004DC8C2886F00A8001E045E21CE18100C8
:102EF000794449688F440000100900003A09000035
:102F0000640900008E090000B8090000E209000011
:102F10000C0A0000360A0000600A00008A0A00005D
:102F2000B40A0000E00A00000C0B0000380B00009F
:102F3000640B0000900B0000BC0B0000E80B0000CD
:102F4000140C0000400C00006C0C0000980C0000F9
:102F5000C80C0000000D0000280D0000520D0000FC
:102F60007C0D0000A60D0000D00D0000FA0D000041
:102F7000240E00004E0E0000780E0000A40E00008B
:102F8000D00E0000FC0E0000280F0000540F0000BF
:102F9000800F0000AC0F0000D80F000004100000EC
:102FA000301000005E10000088100000B210000019
:102FB000DC100000141100003C110000661100003C
:102FC00090110000BA110000E41100000E12000080
:102FD0003C1200006812000094120000C0120000B1
:102FE000EC120000181300004413000070130000DE
:102FF0009C130000C8130000F41300001E1400000E
:1030000048140000721400009C140000C614000054
:10301000F014000028150000501500007A1500007B
:10302000A4150000D0150000FC15000028160000B3
:103030005416000080160000AC160000D8160000E0
:1030400004170000301700005C170000881700000C
:10305000B8170000E21700000C1800003618000036
:10306000601800008A180000B4180000DE18000084
:1030700008190000401900006819000094190000A8
:10308000C0190000EC190000181A0000441A0000D2
:10309000701A00009C1A0000C81A0000F41A000000
:1030A000201B00004E1B0000781B0000A21B00002C
:1030B000CC1B0000F61B0000201C00004A1C000076
:1030C000741C00009E1C0000C81C0000F21C0000C4
:1030D000201D00005A1D0000821D0000AC1D0000D4
:1030E000D61D0000001E00002A1E0000541E000015
:1030F0007E1E0000A81E0000D21E0000FE1E000062
:103100002A1F0000561F0000821F0000AE1F000093
:10311000DA1F000006200000322000005E200000C0
:103120008A200000B82000008D388C2885F0E686C3
:1031300004E00000663F0020603F0020810000BFE7
:10314000794449688F440000BC1E0000E61E000060
:103150001E1F0000461F0000701F00009A1F000085
:10316000C41F0000EE1F00001820000046200000D1
:10317000722000009E200000CA200000F6200000FF
:10318000222100004E2100007A210000A62100002B
:10319000D2210000FE21000028220000522200005F
:1031A0007C220000A6220000D0220000FA220000AB
:1031B000322300005A23000084230000AE230000C5
:1031C000DA23000006240000322400005E24000000
:1031D0008A240000B6240000E22400000E2500002E
:1031E0003A2500006625000092250000C225000057
:1031F000EC25000016260000402600006A2600008C
:1032000094260000BE260000E826000020270000CB
:1032100048270000722700009E270000CA270000F0
:10322000F6270000222800004E2800007A2800001F
:10323000A6280000D2280000FE2800002A2900004D
:103240005829000082290000AC290000D62900007E
:10325000002A00002A2A0000542A00007E2A0000CA
:10326000A82A0000D22A0000FC2A0000382B000007
:10327000602B00008A2B0000B42B0000DE2B000026
:10328000082C0000322C00005C2C0000862C000072
:10329000B02C0000DA2C0000062D0000322D0000BA
:1032A0005E2D00008A2D0000B62D0000E22D0000EA
:1032B0000E2E00003A2E0000662E0000922E000016
:1032C000C02E0000EA2E0000142F00004C2F00003A
:1032D000742F00009E2F0000C82F0000F22F000066
:1032E0001C30000046300000703000009E300000AE
:1032F000CA300000F6300000223100004E310000DC
:103300007A310000A6310000D2310000FE31000009
:103310002A3200005632000082320000AE32000035
:10332000DA32000006330000403300006A33000048
:1033300096330000C2330000EE3300001A34000060
:103340004834000076340000A4340000D234000079
:10335000003500002E3500005C3500008A35000085
:10336000B8350000E635000014360000463600008F
:10337000723600009E3600008D2904F00E8403DCB6
:103380008D2985F0BB8500E01EE188007844406807
:1033900087440000685B00009E340000C0340000D9
:1033A000F8340000183500003A3500005C350000A4
:1033B0007E350000A0350000C2350000E435000075
:1033C000083600002C36000050360000743600002D
:1033D00098360000BC360000E036000004370000DC
:1033E000283700004C370000703700009837000085
:1033F000BA370000DC370000FE370000203800003C
:10340000423800006438000086380000A838000008
:10341000CA380000F8380000183900003A390000B6
:103420005C3900007E390000A0390000C23900007C
:10343000E4390000063A0000283A00004A3A000049
:103440006E3A0000923A0000B63A0000DA3A000004
:10345000FE3A0000223B0000463B00006A3B0000B1
:103460008E3B0000B23B0000D63B0000FE3B00005C
:10347000203C0000423C0000643C0000863C000010
:10348000A83C0000CA3C0000F83C0000183D0000C9
:103490003A3D00005C3D0000803D0000A43D00007E
:1034A000C83D0000EC3D0000103E0000343E00002E
:1034B000583E00007C3E0000A03E0000C43E0000DC
:1034C000EA3E00000C3F00002E3F0000503F00008D
:1034D000723F0000943F0000B63F0000D83F00005C
:1034E000FA3F00001C4000003E4000006440000025
:1034F00088400000AC400000D040000000410000C7
:10350000204100004241000064410000864100006B
:10351000A8410000CA410000EE4100001242000034
:10352000364200005A4200007E420000A2420000E3
:10353000C6420000EA4200000E4300003243000091
:10354000584300007A4300009C430000BE43000043
:10355000E043000002440000244400004644000010
:10356000684400008A440000AC440000D2440000DB
:103570000445000024450000464500006845000061
:103580008A450000AC450000CE450000F045000033
:103590001246000034460000584600007C460000F9
:1035A000A0460000C4460000E84600000C470000AA
:1035B0003047000054470000784700009C47000057
:1035C000C2470000E44700008E398B2985F09684BD
:1035D000880000BF7844406887440000E045000050
:1035E00002460000244600004646000068460000EF
:1035F0008A460000B8460000D8460000FE4600009B
:1036000022470000464700006A4700008E4700003E
:10361000B2470000D6470000FA4700001E480000ED
:10362000424800006648000088480000AA480000A0
:10363000CC480000EE48000010490000324900006C
:10364000544900007649000098490000BA4900003A
:10365000DE490000024A0000264A00004A4A0000F3
:103660006E4A0000924A0000C44A0000E44A00008A
:10367000064B0000284B00004A4B0000704B000036
:10368000944B0000B84B0000DC4B0000004C0000E5
:10369000244C0000484C00006C4C0000904C000092
:1036A000B44C0000D84C0000FA4C00001C4D000047
:1036B0003E4D0000604D0000824D0000A44D000012
:1036C000C64D0000E84D00000A4E00002C4E0000E0
:1036D000504E0000744E0000984E0000C84E00008E
:1036E000E84E00000A4F00002C4F00004E4F000033
:1036F000704F0000924F0000B44F0000DA4F0000FE
:10370000FE4F000022500000465000006A500000AA
:103710008E500000B2500000D6500000FA50000059
:103720001E5100004251000064510000865100000B
:10373000A8510000CA510000EC5100000E520000D8
:1037400030520000525200007452000096520000A5
:10375000C8520000E85200000A5300002C53000039
:103760004E5300007053000092530000B453000009
:10377000D6530000F85300001A54000040540000D3
:103780006454000088540000AC540000D054000081
:10379000F4540000185500003C550000605500002E
:1037A00084550000A8550000CA550000EC550000E3
:1037B0000E560000305600005256000074560000AD
:1037C00096560000C4560000E4560000065700005C
:1037D0002A5700004E57000072570000965700000D
:1037E000BA570000DE5700000258000026580000BB
:1037F0004A5800006E58000092580000BA58000065
:10380000DC580000FE58000001200021F74BCDE9F4
:103810000031CDE90210F648016805914168069132
:1038200080680023024607900598FDF7DDFC05F04F
:1038300065BB01200021ED4B5B1CCDE90031CDE9DA
:103840000210EB48C16805910169069140690123A6
:10385000024607900598FDF7C7FCE8E70120002124
:10386000E24B9B1CCDE90031CDE90210E0488169B3
:103870000591C1690691006A0223024607900598E6
:10388000FDF7B2FCD3E701200021D84BDB1CCDE9CA
:103890000031CDE90210D648416A0591816A06914E
:1038A000C06A0323024607900598FDF79DFCBEE71A
:1038B00001200021CD4B1B1DCDE90031CDE90210C7
:1038C000CB48016B0591416B0691806B0423024646
:1038D00007900598FDF788FCA9E701200021C34B5C
:1038E0005B1DCDE90031CDE90210C148C16B0591E6
:1038F000016C0691406C0523024607900598FDF780
:1039000073FC94E701200021B84B9B1DCDE90031E9
:10391000CDE90210B648816C0591C16C0691006D2D
:103920000623024607900598FDF75EFC7FE701201D
:103930000021AE4BDB1DCDE90031CDE90210AC48D2
:10394000416D0591816D0691C06D07230246079078
:103950000598FDF749FC6AE701200021A34B0833D5
:10396000CDE90031CDE90210A148016E0591416E0B
:103970000691806E0823024607900598FDF734FCF7
:1039800055E701200021994B0933CDE90031CDE9FC
:1039900002109748C16E0591016F0691406F09238F
:1039A000024607900598FDF71FFC40E70120002123
:1039B0008E4B0A33CDE90031CDE902108C48816F7E
:1039C0000591C16F0691D0F880000A230246079046
:1039D0000598FDF709FC2AE701200021834B0B33F2
:1039E000CDE90031CDE90210814880304168059170
:1039F00081680691C0680B23024607900598FDF781
:103A0000F3FB14E701200021784B0C33CDE90031A2
:103A1000CDE902107648803001690591416906912F
:103A200080690C23024607900598FDF7DDFBFEE652
:103A3000012000216D4B0D33CDE90031CDE902109D
:103A40006B488030C1690591016A0691406A0D2377
:103A5000024607900598FDF7C7FBE8E60120002124
:103A6000624B0E33CDE90031CDE902106048803061
:103A7000816A0591C16A0691006B0E230246079088
:103A80000598FDF7B1FBD2E601200021574B0F331B
:103A9000CDE90031CDE9021055488030416B0591E8
:103AA000816B0691C06B0F23024607900598FDF7C6
:103AB0009BFBBCE6012000214C4B1033CDE90031CB
:103AC000CDE902104A488030016C0591416C0691A5
:103AD000806C1023024607900598FDF785FBA6E64B
:103AE00001200021414B1133CDE90031CDE9021015
:103AF0003F488030C16C0591016D0691406D1123E6
:103B0000024607900598FDF76FFB90E60120002123
:103B1000364B1233CDE90031CDE902103448803004
:103B2000816D0591C16D0691006E122302460790CA
:103B30000598FDF759FB7AE6012000212B4B133342
:103B4000CDE90031CDE9021029488030416E059160
:103B5000816E0691C06E1323024607900598FDF70B
:103B600043FB64E601200021204B1433CDE90031F2
:103B7000CDE902101E488030016F0591416F06911A
:103B8000806F1423024607900598FDF72DFB4EE643
:103B900001200021154B1533CDE90031CDE902108C
:103BA00013488030C16F0591D0F880100691D0F88D
:103BB00084001523024607900598FDF715FB36E6AD
:103BC00001200021094B1633CDE90031CDE9021067
:103BD000084881680591C16806910069162302466C
:103BE00007900598FDF700FB21E6000000000DA2FC
:103BF000604000206041002001200021FE4BCDE903
:103C00000031CDE90210FD484169059181690691B5
:103C1000C0691723024607900598FDF7E5FA06E606
:103C200001200021F44B5B1CCDE90031CDE90210ED
:103C3000F248016A0591416A0691806A182302469A
:103C400007900598FDF7D0FAF1E501200021EA4B35
:103C50009B1CCDE90031CDE90210E848C16A05910D
:103C6000016B0691406B1923024607900598FDF7FA
:103C7000BBFADCE501200021DF4BDB1CCDE9003184
:103C8000CDE90210DD48816B0591C16B0691006C96
:103C90001A23024607900598FDF7A6FAC7E501200A
:103CA0000021D54B1B1DCDE90031CDE90210D348D1
:103CB000416C0591816C0691C06C1B2302460790F4
:103CC0000598FDF791FAB2E501200021CA4B5B1D72
:103CD000CDE90031CDE90210C848016D0591416D73
:103CE0000691806D1C23024607900598FDF77CFA2B
:103CF0009DE501200021C04B9B1DCDE90031CDE9A0
:103D00000210BE48C16D0591016E0691406E1D23E3
:103D1000024607900598FDF767FA88E50120002123
:103D2000B54BDB1DCDE90031CDE90210B348816E02
:103D30000591C16E0691006F1E23024607900598FB
:103D4000FDF752FA73E501200021AB4B0833CDE9B2
:103D50000031CDE90210A948416F0591816F0691AC
:103D6000C06F1F23024607900598FDF73DFA5EE5F8
:103D700001200021A04B0933CDE90031CDE902102B
:103D80009E48803001680591416806918068202333
:103D9000024607900598FDF727FA48E50120002123
:103DA000954B0A33CDE90031CDE9021093488030BC
:103DB000C168059101690691406921230246079077
:103DC0000598FDF711FA32E5012000218A4B0B33EB
:103DD000CDE90031CDE90210884880308169059134
:103DE000C1690691006A2223024607900598FDF7F3
:103DF000FBF91CE5012000217F4B0C33CDE900319C
:103E0000CDE902107D488030416A0591816A0691B2
:103E1000C06A2323024607900598FDF7E5F906E5F9
:103E200001200021744B0D33CDE90031CDE90210A2
:103E300072488030016B0591416B0691806B2423A1
:103E4000024607900598FDF7CFF9F0E40120002124
:103E5000694B0E33CDE90031CDE90210674880305F
:103E6000C16B0591016C0691406C252302460790B9
:103E70000598FDF7B9F9DAE4012000215E4B0F3314
:103E8000CDE90031CDE902105C488030816C0591AC
:103E9000C16C0691006D2623024607900598FDF738
:103EA000A3F9C4E401200021534B1033CDE90031C4
:103EB000CDE9021051488030416D0591816D069128
:103EC000C06D2723024607900598FDF78DF9AEE4F3
:103ED00001200021484B1133CDE90031CDE902101A
:103EE00046488030016E0591416E0691806E282310
:103EF000024607900598FDF777F998E40120002124
:103F00003D4B1233CDE90031CDE902103B48803002
:103F1000C16E0591016F0691406F292302460790FB
:103F20000598FDF761F982E401200021324B13333B
:103F3000CDE90031CDE9021030488030816F059124
:103F4000C16F0691D0F880002A2302460790059899
:103F5000FDF74AF96BE401200021274B1433CDE92A
:103F60000031CDE90210264841680591816806912B
:103F7000C0682B23024607900598FDF735F956E4F3
:103F8000012000211C4B1533CDE90031CDE9021091
:103F90001B48016905914169069180692C230246FD
:103FA00007900598FDF720F941E401200021124B0C
:103FB0001633CDE90031CDE902101148C1690591F0
:103FC000016A0691406A2D23024607900598FDF785
:103FD0000BF92CE401200021074B1733CDE9003108
:103FE000CDE902100648816A0591C16A0691006B0D
:103FF0002E230246079005E017000DA26041002025
:10400000604200200598FDF7EFF810E40120002140
:10401000FE4BCDE90031CDE90210FD48416B059121
:10402000816B0691C06B2F23024607900598FDF720
:10403000DBF812E401200021F44B5B1CCDE90031D8
:10404000CDE90210F248016C0591416C0691806C3B
:104050003023024607900598FDF7C6F812E40120C8
:104060000021EA4B9B1CCDE90031CDE90210E84864
:10407000C16C0591016D0691406D31230246079098
:104080000598FDF7B1F812E401200021DF4BDB1C9D
:10409000CDE90031CDE90210DD48816D0591C16D9A
:1040A0000691006E3223024607900598FDF79CF8B2
:1040B00012E401200021D54B1B1DCDE90031CDE9D3
:1040C0000210D348416E0591816E0691C06E332374
:1040D000024607900598FDF787F812E401200021B9
:1040E000CA4B5B1DCDE90031CDE90210C848016F14
:1040F0000591416F0691806F342302460790059821
:10410000FDF772F812E401200021C04B9B1DCDE9A0
:104110000031CDE90210BE48C16F0591D0F8801082
:104120000691D0F884003523024607900598FDF7E4
:104130005BF810E401200021B44BDB1DCDE9003118
:10414000CDE90210B248803081680591C1680691BE
:1041500000693623024607900598FDF745F80FE4FD
:1041600001200021A94B0833CDE90031CDE902102F
:10417000A74880304169059181690691C06937235C
:10418000024607900598FDF72FF80EE40120002164
:104190009E4B0933CDE90031CDE902109C488030B7
:1041A000016A0591416A0691806A382302460790A8
:1041B0000598FDF719F80EE401200021934B0A330E
:1041C000CDE90031CDE9021091488030C16A0591F6
:1041D000016B0691406B3923024607900598FDF765
:1041E00003F80EE401200021884B0B33CDE90031A8
:1041F000CDE9021086488030816B0591C16B069134
:10420000006C3A23024607900598FCF7EDFF0EE498
:10421000012000217D4B0C33CDE90031CDE90210A6
:104220007B488030416C0591816C0691C06C3B23CA
:10423000024607900598FCF7D7FF0EE40120002105
:10424000724B0D33CDE90031CDE90210704880305A
:10425000016D0591416D0691806D3C2302460790EA
:104260000598FCF7C1FF0EE401200021674B0E33D7
:10427000CDE90031CDE9021065488030C16D05916E
:10428000016E0691406E3D23024607900598FCF7AB
:10429000ABFF0EE4012000215C4B0F33CDE9003170
:1042A000CDE902105A488030816E0591C16E0691A9
:1042B000006F3E23024607900598FCF795FF0EE439
:1042C00001200021514B1033CDE90031CDE902101E
:1042D0004F488030416F0591816F0691C06F3F2339
:1042E000024607900598FCF77FFF0EE401200021AD
:1042F000464B1133CDE90031CDE902104548016844
:104300000591416806918068402302460790059810
:10431000FCF76AFF0FE4012000213C4B1233CDE98A
:104320000031CDE902103B48C16805910169069151
:1043300040694123024607900598FCF755FF10E4B9
:1043400001200021314B1333CDE90031CDE90210BA
:10435000304881690591C1690691006A422302468D
:1043600007900598FCF740FF11E401200021274B3E
:104370001433CDE90031CDE902102648416A059198
:10438000816A0691C06A4323024607900598FCF7AC
:104390002BFF14E4012000211C4B1533CDE9003123
:1043A000CDE902101B48016B0591416B0691806BB2
:1043B0004423024607900598FCF716FF14E40120F9
:1043C0000021124B1633CDE90031CDE9021011481E
:1043D000C16B0591016C0691406C45230246079024
:1043E0000598FCF701FF1AE401200021074B173361
:1043F000CDE90031CDE902100648816C0591C16C10
:104400000691006D46230246079005E02F000DA29D
:1044100060420020604300200598FCF7E5FE13E4AD
:1044200001200021FE4BCDE90031CDE90210FD480D
:10443000416D0591816D0691C06D4723024607903D
:104440000598FCF7D1FE14E401200021F44B5B1C1D
:10445000CDE90031CDE90210F248016E0591416EBF
:104460000691806E4823024607900598FCF7BCFE33
:1044700014E401200021EA4B9B1CCDE90031CDE979
:104480000210E848C16E0591016F0691406F492303
:10449000024607900598FCF7A7FE14E401200021CE
:1044A000DF4BDB1CCDE90031CDE90210DD48816F27
:1044B0000591C16F0691D0F880004A23024607900B
:1044C0000598FCF791FE13E401200021D44B1B1D3D
:1044D000CDE90031CDE90210D24880304168059124
:1044E00081680691C0684B23024607900598FCF747
:1044F0007BFE12E401200021C94B5B1DCDE9003198
:10450000CDE90210C74880300169059141690691E3
:1045100080694C23024607900598FCF765FE11E47C
:1045200001200021BE4B9B1DCDE90031CDE90210D9
:10453000BC488030C1690591016A0691406A4D23EB
:10454000024607900598FCF74FFE10E40120002179
:10455000B34BDB1DCDE90031CDE90210B14880300D
:10456000816A0591C16A0691006B4E23024607904D
:104570000598FCF739FE10E401200021A84B083310
:10458000CDE90031CDE90210A6488030416B05919C
:10459000816B0691C06B4F23024607900598FCF78C
:1045A00023FE10E4012000219D4B0933CDE90031A9
:1045B000CDE902109B488030016C0591416C069159
:1045C000806C5023024607900598FCF70DFE10E41E
:1045D00001200021924B0A33CDE90031CDE90210D0
:1045E00090488030C16C0591016D0691406D51235A
:1045F000024607900598FCF7F7FD10E40120002122
:10460000874B0B33CDE90031CDE90210854880306E
:10461000816D0591C16D0691006E5223024607908F
:104620000598FCF7E1FD10E4012000217C4B0C33E0
:10463000CDE90031CDE902107A488030416E059114
:10464000816E0691C06E5323024607900598FCF7D1
:10465000CBFD10E401200021714B0D33CDE9003179
:10466000CDE902106F488030016F0591416F0691CE
:10467000806F5423024607900598FCF7B5FD10E4BF
:1046800001200021664B0E33CDE90031CDE9021047
:1046900064488030C16F0591D0F880100691D0F841
:1046A00084005523024607900598FCF79DFD0EE413
:1046B000012000215A4B0F33CDE90031CDE9021022
:1046C000594881680591C1680691006956230246E0
:1046D00007900598FCF788FD0FE401200021504B5E
:1046E0001033CDE90031CDE902104F484169059101
:1046F00081690691C0695723024607900598FCF727
:1047000073FD10E401200021454B1133CDE9003148
:10471000CDE902104448016A0591416A0691806A18
:104720005823024607900598FCF75EFD12E401202D
:1047300000213B4B1233CDE90031CDE902103A485C
:10474000C16A0591016B0691406B5923024607909F
:104750000598FCF749FD12E401200021304B13338A
:10476000CDE90031CDE902102F48816B0591C16B75
:104770000691006C5A23024607900598FCF734FD19
:1047800012E401200021264B1433CDE90031CDE99C
:1047900002102548416C0591816C0691C06C5B2329
:1047A000024607900598FCF71FFD12E40120002146
:1047B0001B4B1533CDE90031CDE902101A48016DCC
:1047C0000591416D0691806D5C2302460790059826
:1047D000FCF70AFD19E401200021114B1633CDE945
:1047E0000031CDE902101048C16D0591016E0691AE
:1047F000406E5D23024607900598FCF7F5FC04E443
:1048000001200021064B1733CDE90031CDE902101C
:104810000548816E0591C16E0691006F5E2305E02B
:1048200047000DA26043002060440020024607902C
:104830000598FCF7D9FC11E401200021FE4BCDE9DD
:104840000031CDE90210FD48416F0591816F06915D
:10485000C06F5F23024607900598FCF7C5FC12E481
:1048600001200021F44B5B1CCDE90031CDE90210A1
:10487000F2488030016805914168069180686023A4
:10488000024607900598FCF7AFFC11E401200021D7
:10489000E94B9B1CCDE90031CDE90210E74880309F
:1048A000C16805910169069140696123024607903C
:1048B0000598FCF799FC10E401200021DE4BDB1C7D
:1048C000CDE90031CDE90210DC48803081690591E5
:1048D000C1690691006A6223024607900598FCF7B9
:1048E00083FC0FE401200021D34B1B1DCDE90031D7
:1048F000CDE90210D1488030416A0591816A069164
:10490000C06A6323024607900598FCF76DFC10E42B
:1049100001200021C84B5B1DCDE90031CDE902101B
:10492000C6488030016B0591416B0691806B642312
:10493000024607900598FCF757FC10E4012000217F
:10494000BD4B9B1DCDE90031CDE90210BB48803045
:10495000C16B0591016C0691406C6523024607907E
:104960000598FCF741FC10E401200021B24BDB1D4F
:10497000CDE90031CDE90210B0488030816C05915D
:10498000C16C0691006D6623024607900598FCF7FE
:104990002BFC10E401200021A74B0833CDE90031A6
:1049A000CDE90210A5488030416D0591816D0691D9
:1049B000C06D6723024607900598FCF715FC10E4CC
:1049C000012000219C4B0933CDE90031CDE90210D3
:1049D0009A488030016E0591416E0691806E682381
:1049E000024607900598FCF7FFFB10E40120002128
:1049F000914B0A33CDE90031CDE902108F48803068
:104A0000C16E0591016F0691406F692302460790C0
:104A10000598FCF7E9FB10E401200021864B0B33DD
:104A2000CDE90031CDE9021084488030816F0591D5
:104A3000C16F0691D0F880006A230246079005985E
:104A4000FCF7D2FB0FE4012000217B4B0C33CDE9B6
:104A50000031CDE902107A484168059181680691DC
:104A6000C0686B23024607900598FCF7BDFB10E475
:104A700001200021704B0D33CDE90031CDE902104A
:104A80006F48016905914169069180696C2302466E
:104A900007900598FCF7A8FB11E401200021664B64
:104AA0000E33CDE90031CDE902106548C1690591A9
:104AB000016A0691406A6D23024607900598FCF74B
:104AC00093FB12E4012000215B4B0F33CDE9003151
:104AD000CDE902105A48816A0591C16A0691006BBE
:104AE0006E23024607900598FCF77EFB12E4012036
:104AF0000021514B1033CDE90031CDE9021050486F
:104B0000416B0591816B0691C06B6F230246079044
:104B10000598FCF769FB12E401200021464B113394
:104B2000CDE90031CDE902104548016C0591416C99
:104B30000691806C7023024607900598FCF754FBA1
:104B400012E4012000213C4B1233CDE90031CDE9C4
:104B500002103B48C16C0591016D0691406D7123B7
:104B6000024607900598FCF73FFB12E40120002164
:104B7000314B1333CDE90031CDE902103048816D5E
:104B80000591C16D0691006E72230246079005984B
:104B9000FCF72AFB12E401200021274B1433CDE956
:104BA0000031CDE902102648416E0591816E0691D3
:104BB000C06E7323024607900598FCF715FB12E4BC
:104BC000012000211C4B1533CDE90031CDE9021045
:104BD0001B48016F0591416F0691806F7423024657
:104BE00007900598FCF700FB19E401200021124B07
:104BF0001633CDE90031CDE902101148C16F05919E
:104C0000D0F880100691D0F88400752302460790F2
:104C10000598FCF7E9FA16E401200021064B17334A
:104C2000CDE90031CDE90210054880308168059159
:104C3000C1680691006905E05F000DA26044002094
:104C4000604500207623024607900598FCF7CCFAD1
:104C50000EE401200021FE4BCDE90031CDE9021028
:104C6000FC484169059181690691C0697723024634
:104C700007900598FCF7B8FA0FE401200021F44BE7
:104C80005B1CCDE90031CDE90210F248016A0591C3
:104C9000416A0691806A7823024607900598FCF7DE
:104CA000A3FA10E401200021E94B9B1CCDE900315F
:104CB000CDE90210E748C16A0591016B0691406B8E
:104CC0007923024607900598FCF78EFA11E401203B
:104CD0000021DF4BDB1CCDE90031CDE90210DD48BE
:104CE000816B0591C16B0691006C7A230246079097
:104CF0000598FCF779FA12E401200021D44B1B1D22
:104D0000CDE90031CDE90210D248416C0591816CAA
:104D10000691C06C7B23024607900598FCF764FA65
:104D200013E401200021CA4B5B1DCDE90031CDE920
:104D30000210C848016D0591416D0691806D7C237C
:104D4000024607900598FCF74FFA14E40120002171
:104D5000BF4B9B1DCDE90031CDE90210BD48C16DAF
:104D60000591016E0691406E7D23024607900598DD
:104D7000FCF73AFA15E401200021B54BDB1DCDE923
:104D80000031CDE90210B348816E0591C16E0691E4
:104D9000006F7E23024607900598FCF725FA16E47B
:104DA00001200021AA4B0833CDE90031CDE90210E2
:104DB000A848416F0591816F0691C06F7F2302461D
:104DC00007900598FCF710FA17E401200021A04B8A
:104DD0000933CDE90031CDE902109E4880300168E9
:104DE00005914168069180688023024607900598E6
:104DF000FCF7FAF917E401200021954B0A33CDE9BD
:104E00000031CDE9021093488030C16805910169F5
:104E1000069140698123024607900598FCF7E4F962
:104E200017E4012000218A4B0B33CDE90031CDE995
:104E300002108848803081690591C1690691006A35
:104E40008223024607900598FCF7CEF917E401206B
:104E500000217F4B0C33CDE90031CDE902107D48B4
:104E60008030416A0591816A0691C06A83230246B7
:104E700007900598FCF7B8F919E401200021744B5C
:104E80000D33CDE90031CDE9021072488030016B5D
:104E90000591416B0691806B84230246079005982B
:104EA000FCF7A2F918E401200021694B0E33CDE98B
:104EB0000031CDE9021067488030C16B0591016C6B
:104EC0000691406C8523024607900598FCF78CF903
:104ED00017E4012000215E4B0F33CDE90031CDE90D
:104EE00002105C488030816C0591C16C0691006DA8
:104EF0008623024607900598FCF776F916E4012010
:104F00000021534B1033CDE90031CDE90210514857
:104F10008030416D0591816D0691C06D87230246F9
:104F200007900598FCF760F915E401200021484B33
:104F30001133CDE90031CDE9021046488030016ED1
:104F40000591416E0691806E882302460790059870
:104F5000FCF74AF914E4012000213D4B1233CDE95E
:104F60000031CDE902103B488030C16E0591016FE0
:104F70000691406F8923024607900598FCF734F9A3
:104F800013E401200021324B1333CDE90031CDE988
:104F9000021030488030816F0591C16F0691D0F8C2
:104FA00080008A23024607900598FCF71DF911E45A
:104FB00001200021264B1433CDE90031CDE9021048
:104FC00025484168059181680691C0688B23024697
:104FD00007900598FCF708F911E4012000211C4B0B
:104FE0001533CDE90031CDE902101B480169059167
:104FF0004169069180698C23024607900598FCF769
:10500000F3F818E401200021114B1633CDE90031EB
:10501000CDE902101048C1690591016A0691406A04
:105020008D23024607900598FCF7DEF817E401206F
:105030000021074B1733CDE90031CDE902100648B6
:10504000816A0591C16A0691006B8E23024605E0D4
:1050500077000DA2E0450020E0460020079005986B
:10506000FCF7C2F811E401200021FE4BCDE900312C
:10507000CDE90210FC48416B0591816B0691C06B34
:105080008F23024607900598FCF7AEF813E4012041
:105090000021F44B5B1CCDE90031CDE90210F24850
:1050A000016C0591416C0691806C9023024607903B
:1050B0000598FCF799F814E401200021E94B9B1CAA
:1050C000CDE90031CDE90210E748C16C0591016DD1
:1050D0000691406D9123024607900598FCF784F8ED
:1050E00015E401200021DF4BDB1CCDE90031CDE9C7
:1050F0000210DD48816D0591C16D0691006E92230D
:10510000024607900598FCF76FF816E4012000218D
:10511000D44B1B1DCDE90031CDE90210D248416EC0
:105120000591816E0691C06E932302460790059803
:10513000FCF75AF817E401200021CA4B5B1DCDE9AA
:105140000031CDE90210C848016F0591416F069109
:10515000806F9423024607900598FCF745F818E401
:1051600001200021BF4B9B1DCDE90031CDE902108C
:10517000BD48C16F0591D0F880100691D0F8840029
:105180009523024607900598FCF72EF817E40120B6
:105190000021B44BDB1DCDE90031CDE90210B2484E
:1051A000803081680591C1680691006996230246A6
:1051B00007900598FCF718F817E401200021A94B87
:1051C0000833CDE90031CDE90210A74880304169AC
:1051D000059181690691C069972302460790059859
:1051E000FCF702F817E4012000219E4B0933CDE9BA
:1051F0000031CDE902109C488030016A0591416A76
:105200000691806A9823024607900598FBF7ECFF09
:1052100018E401200021934B0A33CDE90031CDE998
:10522000021091488030C16A0591016B0691406B74
:105230009923024607900598FBF7D6FF17E4012053
:105240000021884B0B33CDE90031CDE902108648AF
:105250008030816B0591C16B0691006C9A230246E8
:1052600007900598FBF7C0FF16E4012000217D4B55
:105270000C33CDE90031CDE902107B488030416C20
:105280000591816C0691C06C9B230246079005989E
:10529000FBF7AAFF15E401200021724B0D33CDE985
:1052A0000031CDE9021070488030016D0591416DEB
:1052B0000691806D9C23024607900598FBF794FFAA
:1052C00014E401200021674B0E33CDE90031CDE914
:1052D000021065488030C16D0591016E0691406EE7
:1052E0009D23024607900598FBF77EFF13E40120FB
:1052F00000215C4B0F33CDE90031CDE902105A4853
:105300008030816E0591C16E0691006F9E2302462A
:1053100007900598FBF768FF12E401200021514B2C
:105320001033CDE90031CDE902104F488030416F94
:105330000591816F0691C06F9F23024607900598E3
:10534000FBF752FF11E401200021464B1133CDE958
:105350000031CDE902104548016805914168069188
:105360008068A023024607900598FBF73DFF11E4F3
:10537000012000213B4B1233CDE90031CDE9021071
:105380003A48C1680591016906914069A123024626
:1053900007900598FBF728FF11E401200021314B0D
:1053A0001333CDE90031CDE9021030488169059110
:1053B000C1690691006AA223024607900598FBF78F
:1053C00013FF11E401200021264B1433CDE90031F5
:1053D000CDE902102548416A0591816A0691C06AAB
:1053E000A323024607900598FBF7FEFE13E4012075
:1053F00000211C4B1533CDE90031CDE902101B48CB
:10540000016B0591416B0691806BA42302460790C6
:105410000598FBF7E9FE1BE401200021114B163330
:10542000CDE90031CDE902101048C16B0591016C46
:105430000691406CA523024607900598FBF7D4FE21
:1054400006E401200021074B1733CDE90031CDE9F7
:1054500002100648816C0591C16C0691006DA6236F
:10546000024605E08F000DA2E0460020E047002044
:1054700007900598FBF7B8FE13E401200021F74BD5
:10548000CDE90031CDE90210F548416D0591816DFE
:105490000691C06DA723024607900598FBF7A4FE6E
:1054A00014E401200021ED4B5B1CCDE90031CDE976
:1054B0000210EB48016E0591416E0691806EA823A3
:1054C000024607900598FBF78FFE14E401200021A7
:1054D000E24B9B1CCDE90031CDE90210E048C16EE2
:1054E0000591016F0691406FA92302460790059828
:1054F000FBF77AFE14E401200021D84BDB1CCDE938
:105500000031CDE90210D648816F0591C16F069137
:10551000D0F88000AA23024607900598FBF764FEA6
:1055200013E401200021CD4B1B1DCDE90031CDE955
:105530000210CB4880304168059181680691C068AF
:10554000AB23024607900598FBF74EFE12E40120BC
:105550000021C24B5B1DCDE90031CDE90210C048EE
:10556000803001690591416906918069AC2302464A
:1055700007900598FBF738FE11E401200021B74B96
:105580009B1DCDE90031CDE90210B5488030C169DD
:105590000591016A0691406AAD230246079005987D
:1055A000FBF722FE10E401200021AC4BDB1DCDE90E
:1055B0000031CDE90210AA488030816A0591C16AA4
:1055C0000691006BAE23024607900598FBF70CFE90
:1055D00010E401200021A14B0833CDE90031CDE9D1
:1055E00002109F488030416B0591816B0691C06B22
:1055F000AF23024607900598FBF7F6FD10E4012063
:105600000021964B0933CDE90031CDE902109448D1
:105610008030016C0591416C0691806CB02302468C
:1056200007900598FBF7E0FD10E4012000218B4B6B
:105630000A33CDE90031CDE9021089488030C16CD0
:105640000591016D0691406DB123024607900598C2
:10565000FBF7CAFD10E401200021804B0B33CDE99C
:105660000031CDE902107E488030816D0591C16D19
:105670000691006EB223024607900598FBF7B4FD31
:1056800010E401200021754B0C33CDE90031CDE948
:10569000021073488030416E0591816E0691C06E94
:1056A000B323024607900598FBF79EFD10E4012006
:1056B00000216A4B0D33CDE90031CDE90210684875
:1056C0008030016F0591416F0691806FB4230246CF
:1056D00007900598FBF788FD10E4012000215F4B3F
:1056E0000E33CDE90031CDE902105D488030C16F45
:1056F0000591D0F880100691D0F88400B5230246B9
:1057000007900598FBF770FD0EE401200021534B34
:105710000F33CDE90031CDE902105248816805917F
:10572000C16806910069B623024607900598FBF709
:105730005BFD0FE401200021484B1033CDE900311F
:10574000CDE9021047484169059181690691C06918
:10575000B723024607900598FBF746FD10E40120A9
:1057600000213E4B1133CDE90031CDE902103D4817
:10577000016A0591416A0691806AB8230246079042
:105780000598FBF731FD12E401200021334B123361
:10579000CDE90031CDE902103248C16A0591016BB3
:1057A0000691406BB923024607900598FBF71CFD54
:1057B00012E401200021294B1333CDE90031CDE95A
:1057C00002102848816B0591C16B0691006CBA23C9
:1057D000024607900598FBF707FD12E4012000211F
:1057E0001E4B1433CDE90031CDE902101D48416C48
:1057F0000591816C0691C06CBB2302460790059809
:10580000FBF7F2FC12E401200021144B1533CDE923
:105810000031CDE902101348016D0591416D0691EB
:10582000806DBC23024607900598FBF7DDFC19E468
:1058300001200021094B1633CDE90031CDE90210DA
:105840000848C16D0591016E0691406EBD23024668
:1058500007900598FBF7C8FC04E40000A7000DA220
:10586000E0470020E048002001200021FE4BCDE968
:105870000031CDE90210FD48816E0591C16E06919F
:10588000006FBE23024607900598FBF7ADFC12E4BB
:1058900001200021F44B5B1CCDE90031CDE9021061
:1058A000F248416F0591816F0691C06FBF23024698
:1058B00007900598FBF798FC12E401200021EA4BC1
:1058C0009B1CCDE90031CDE90210E8488030016829
:1058D0000591416806918068C023024607900598AB
:1058E000FBF782FC11E401200021DF4BDB1CCDE93A
:1058F0000031CDE90210DD488030C16805910169B1
:1059000006914069C123024607900598FBF76CFC9D
:1059100010E401200021D44B1B1DCDE90031CDE95D
:105920000210D248803081690591C1690691006AF0
:10593000C223024607900598FBF756FC0FE40120AE
:105940000021C94B5B1DCDE90031CDE90210C748EC
:105950008030416A0591816A0691C06AC32302467C
:1059600007900598FBF740FC10E401200021BE4B96
:105970009B1DCDE90031CDE90210BC488030016BA0
:105980000591416B0691806BC423024607900598F0
:10599000FBF72AFC10E401200021B34BDB1DCDE90D
:1059A0000031CDE90210B1488030C16B0591016C26
:1059B0000691406CC523024607900598FBF714FC3E
:1059C00010E401200021A84B0833CDE90031CDE9D6
:1059D0000210A6488030816C0591C16C0691006D63
:1059E000C623024607900598FBF7FEFB10E4012052
:1059F00000219D4B0933CDE90031CDE902109B48D0
:105A00008030416D0591816D0691C06DC7230246BE
:105A100007900598FBF7E8FB10E401200021924B6A
:105A20000A33CDE90031CDE9021090488030016E93
:105A30000591416E0691806EC82302460790059835
:105A4000FBF7D2FB10E401200021874B0B33CDE99B
:105A50000031CDE9021085488030C16E0591016F9B
:105A60000691406FC923024607900598FBF7BCFBDF
:105A700010E4012000217C4B0C33CDE90031CDE94D
:105A800002107A488030816F0591C16F0691D0F87D
:105A90008000CA23024607900598FBF7A5FB0FE498
:105AA00001200021704B0D33CDE90031CDE902100A
:105AB0006F484168059181680691C068CB23024612
:105AC00007900598FBF790FB10E401200021664B3E
:105AD0000E33CDE90031CDE9021065480169059129
:105AE000416906918069CC23024607900598FBF72F
:105AF0007BFB11E4012000215B4B0F33CDE900312A
:105B0000CDE902105A48C1690591016A0691406ABF
:105B1000CD23024607900598FBF766FB12E40120AF
:105B20000021514B1033CDE90031CDE9021050482E
:105B3000816A0591C16A0691006BCE2302460790E7
:105B40000598FBF751FB12E401200021464B11336D
:105B5000CDE90031CDE902104548416B0591816BDB
:105B60000691C06BCF23024607900598FBF73CFBDC
:105B700012E4012000213C4B1233CDE90031CDE984
:105B800002103B48016C0591416C0691806CD0235A
:105B9000024607900598FBF727FB12E4012000213D
:105BA000314B1333CDE90031CDE902103048C16CDF
:105BB0000591016D0691406DD1230246079005982D
:105BC000FBF712FB12E401200021274B1433CDE92F
:105BD0000031CDE902102648816D0591C16D069115
:105BE000006ED223024607900598FBF7FDFA12E4F7
:105BF000012000211C4B1533CDE90031CDE9021005
:105C00001B48416E0591816E0691C06ED3230246FA
:105C100007900598FBF7E8FA12E401200021124BE7
:105C20001633CDE90031CDE902101148016F05911D
:105C3000416F0691806FD423024607900598FBF7C9
:105C4000D3FA19E401200021074B1733CDE90031C5
:105C5000CDE902100648C16F0591D0F88010069179
:105C6000D0F88400D52305E0BE000DA2E048002056
:105C7000E0490020024607900598FBF7B5FA0FE4CB
:105C800001200021FE4BCDE90031CDE90210FD4895
:105C900081680591C16806910069D6230246079084
:105CA0000598FBF7A1FA10E401200021F44B5B1CDE
:105CB000CDE90031CDE90210F248416905918169D1
:105CC0000691C069D723024607900598FBF78CFA26
:105CD00010E401200021EA4B9B1CCDE90031CDE905
:105CE0000210E848016A0591416A0691806AD8234A
:105CF000024607900598FBF777FA11E4012000218E
:105D0000DF4BDB1CCDE90031CDE90210DD48C16A73
:105D10000591016B0691406BD923024607900598C7
:105D2000FBF762FA12E401200021D54B1B1DCDE9DF
:105D30000031CDE90210D348816B0591C16B06910A
:105D4000006CDA23024607900598FBF74DFA13E43E
:105D500001200021CA4B5B1DCDE90031CDE90210C5
:105D6000C848416C0591816C0691C06CDB230246EA
:105D700007900598FBF738FA14E401200021C04B86
:105D80009B1DCDE90031CDE90210BE48016D0591A2
:105D9000416D0691806DDC23024607900598FBF764
:105DA00023FA15E401200021B54BDB1DCDE90031BC
:105DB000CDE90210B348C16D0591016E0691406EA8
:105DC000DD23024607900598FBF70EFA16E4012042
:105DD0000021AB4B0833CDE90031CDE90210A948D1
:105DE000816E0591C16E0691006FDE230246079019
:105DF0000598FBF7F9F917E401200021A04B0933BE
:105E0000CDE90031CDE902109E48416F0591816FC7
:105E10000691C06FDF23024607900598FBF7E4F96F
:105E200018E401200021964B0A33CDE90031CDE979
:105E3000021094488030016805914168069180689D
:105E4000E023024607900598FBF7CEF918E40120FD
:105E500000218B4B0B33CDE90031CDE9021089488D
:105E60008030C1680591016906914069E1230246CD
:105E700007900598FBF7B8F918E401200021804B42
:105E80000C33CDE90031CDE902107E4880308169C4
:105E90000591C1690691006AE223024607900598C0
:105EA000FBF7A2F918E401200021754B0D33CDE971
:105EB0000031CDE9021073488030416A0591816A52
:105EC0000691C06AE323024607900598FBF78CF918
:105ED0001AE4012000216A4B0E33CDE90031CDE9EF
:105EE000021068488030016B0591416B0691806B10
:105EF000E423024607900598FBF776F904E40120B5
:105F000000215F4B0F33CDE90031CDE902105D4830
:105F10008030C16B0591016C0691406CE52302460F
:105F200007900598FBF760F918E401200021544B15
:105F30001033CDE90031CDE9021052488030816C38
:105F40000591C16C0691006DE62302460790059805
:105F5000FBF74AF917E401200021494B1133CDE941
:105F60000031CDE9021047488030416D0591816DC7
:105F70000691C06DE723024607900598FBF734F9B8
:105F800016E4012000213E4B1233CDE90031CDE96A
:105F900002103C488030016E0591416E0691806E82
:105FA000E823024607900598FBF71EF915E4012047
:105FB0000021334B1333CDE90031CDE902103148D4
:105FC0008030C16E0591016F0691406FE923024652
:105FD00007900598FBF708F914E401200021284BED
:105FE0001433CDE90031CDE9021026488030816FAD
:105FF0000591C16F0691D0F88000EA230246079010
:106000000598FBF7F1F812E4012000211C4B153331
:10601000CDE90031CDE902101B4841680591816846
:106020000691C068EB23024607900598FBF7DCF861
:1060300012E401200021124B1633CDE90031CDE9E5
:106040000210114801690591416906918069EC23AC
:10605000024607900598FBF7C7F818E401200021D5
:10606000074B1733CDE90031CDE902100648C1696D
:106070000591016A0691406AED230246079005E00A
:10608000D6000DA2604A0020604B00200598FBF767
:10609000ABF811E401200021F84BCDE90031CDE946
:1060A0000210F748816A0591C16A0691006BEE23E0
:1060B000024607900598FBF797F813E401200021AA
:1060C000EE4B5B1CCDE90031CDE90210EC48416B91
:1060D0000591816B0691C06BEF23024607900598EE
:1060E000FBF782F814E401200021E44B9B1CCDE96E
:1060F0000031CDE90210E248016C0591416C069136
:10610000806CF023024607900598FBF76DF815E4C4
:1061100001200021D94BDB1CCDE90031CDE9021073
:10612000D748C16C0591016D0691406DF12302467F
:1061300007900598FBF758F816E401200021CF4B93
:106140001B1DCDE90031CDE90210CD48816D0591CF
:10615000C16D0691006EF223024607900598FBF789
:1061600043F817E401200021C44B5B1DCDE9003149
:10617000CDE90210C248416E0591816E0691C06E54
:10618000F323024607900598FBF72EF818E4012048
:106190000021BA4B9B1DCDE90031CDE90210B84872
:1061A000016F0591416F0691806FF42302460790BD
:1061B0000598FBF719F819E401200021AF4BDB1D0E
:1061C000CDE90031CDE90210AD48C16F0591D0F89D
:1061D00080100691D0F88400F523024607900598B8
:1061E000FBF702F818E401200021A44B0833CDE9A5
:1061F0000031CDE90210A248803081680591C16864
:1062000006910069F623024607900598FAF7ECFF1D
:1062100018E401200021994B0933CDE90031CDE983
:106220000210974880304169059181690691C069E3
:10623000F723024607900598FAF7D6FF18E40120E5
:1062400000218E4B0A33CDE90031CDE902108C4894
:106250008030016A0591416A0691806AF8230246FE
:1062600007900598FAF7C0FF19E401200021834B3D
:106270000B33CDE90031CDE9021081488030C16A8D
:106280000591016B0691406BF92302460790059832
:10629000FAF7AAFF18E401200021784B0C33CDE96E
:1062A0000031CDE9021076488030816B0591C16BD9
:1062B0000691006CFA23024607900598FAF794FFBE
:1062C00017E4012000216D4B0D33CDE90031CDE9FC
:1062D00002106B488030416C0591816C0691C06C56
:1062E000FB23024607900598FAF77EFF16E401208B
:1062F0000021624B0E33CDE90031CDE90210604838
:106300008030016D0591416D0691806DFC23024640
:1063100007900598FAF768FF15E401200021574B14
:106320000F33CDE90031CDE9021055488030C16D01
:106330000591016E0691406EFD2302460790059877
:10634000FAF752FF14E4012000214C4B1033CDE941
:106350000031CDE902104A488030816E0591C16E4E
:106360000691006FFE23024607900598FAF73CFF5E
:1063700013E401200021414B1133CDE90031CDE977
:1063800002103F488030416F0591816F0691C06FC8
:10639000FF23024607900598FAF726FF12E4012032
:1063A0000021364B1233CDE90031CDE902103548DA
:1063B000016805914168069180684FF48073024638
:1063C00007900598FAF710FF11E4012000212B4BEC
:1063D0001333CDE90031CDE902102A48C168059197
:1063E00001690691406940F2011302460790059841
:1063F000FAF7FAFE10E401200021204B1433CDE916
:106400000031CDE902101F4881690591C1690691EB
:10641000006A4FF48173024607900598FAF7E4FE8C
:106420000FE401200021154B1533CDE90031CDE9F2
:1064300002101448416A0591816A0691C06A40F2CF
:106440000313024607900598FAF7CEFE17E40120E1
:1064500000210A4B1633CDE90031CDE9021009487D
:10646000016B0591416B0691806B4FF4827302467C
:1064700007900598FAF7B8FE15E40000EE000DA2AB
:10648000604B0020604C002001200021FA4BCDE938
:106490000031CDE90210F948C16B0591016C0691FC
:1064A000406C40F20513024607900598FAF79CFEEF
:1064B0000EE401200021F04B5B1CCDE90031CDE959
:1064C0000210EE48816C0591C16C0691006D4FF48D
:1064D0008373024607900598FAF786FE0DE40120C3
:1064E0000021E54B9B1CCDE90031CDE90210E348CA
:1064F000416D0591816D0691C06D40F20713024612
:1065000007900598FAF770FE0CE401200021DA4BA1
:10651000DB1CCDE90031CDE90210D848016E0591B0
:10652000416E0691806E4FF4847302460790059881
:10653000FAF75AFE0BE401200021CF4B1B1DCDE9D9
:106540000031CDE90210CD48C16E0591016F069171
:10655000406F40F20913024607900598FAF744FE8F
:106560000AE401200021C44B5B1DCDE90031CDE9D7
:106570000210C248816F0591C16F0691D0F880006A
:106580004FF48573024607900598FAF72DFE08E44C
:1065900001200021B84B9B1DCDE90031CDE902104F
:1065A000B64880304168059181680691C06840F224
:1065B0000B13024607900598FAF716FE06E4012031
:1065C0000021AD4BDB1DCDE90031CDE90210AB4818
:1065D0008030016905914169069180694FF48673A5
:1065E000024607900598FAF7FFFD04E40120002118
:1065F000A14B0833CDE90031CDE902109F4880302E
:10660000C1690591016A0691406A40F20D13024684
:1066100007900598FAF7E8FD18E401200021964B51
:106620000933CDE90031CDE9021094488030816A08
:106630000591C16A0691006B4FF48773024607907B
:106640000598FAF7D1FD17E4012000218A4B0A339F
:10665000CDE90031CDE9021088488030416B0591C9
:10666000816B0691C06B40F20F13024607900598AC
:10667000FAF7BAFD16E4012000217F4B0B33CDE978
:106680000031CDE902107D488030016C0591416CEC
:106690000691806C4FF48873024607900598FAF7CC
:1066A000A3FD15E401200021734B0C33CDE900312B
:1066B000CDE9021071488030C16C0591016D0691E1
:1066C000406D40F21113024607900598FAF78CFDD1
:1066D00014E401200021684B0D33CDE90031CDE9F0
:1066E000021066488030816D0591C16D0691006E83
:1066F0004FF48973024607900598FAF775FD13E485
:10670000012000215C4B0E33CDE90031CDE90210B0
:106710005A488030416E0591816E0691C06E40F2FC
:106720001313024607900598FAF75EFD12E4012064
:106730000021514B0F33CDE90031CDE902104F4814
:106740008030016F0591416F0691806F4FF48A731D
:10675000024607900598FAF747FD11E40120002151
:10676000454B1033CDE90031CDE90210434880306C
:10677000C16F0591D0F880100691D0F8840040F2E6
:106780001513024607900598FAF72EFD0EE4012036
:106790000021394B1133CDE90031CDE902103848E1
:1067A00081680591C168069100694FF48B730246B8
:1067B00007900598FAF718FD0EE4012000212E4BF2
:1067C0001233CDE90031CDE902102D484169059120
:1067D00081690691C06940F2171302460790059837
:1067E000FAF702FD0FE401200021234B1333CDE91A
:1067F0000031CDE902102248016A0591416A0691F3
:10680000806A4FF48C73024607900598FAF7ECFC07
:106810000EE40020009001901A480168059141683B
:1068200006918068184B024607900598F9F718FE04
:1068300013E40020009001901248C168059101699D
:1068400006914069104B5B1C024607900598F9F7CA
:1068500007FE1EE40020009001900A48816905911E
:10686000C1690691006A084B9B1C02460790059877
:10687000F9F7F6FD0DE4000005010DA2604C0020C3
:10688000604D00206040002000000DA3002000901B
:106890000190FB48416A0591816A0691C06AF94BF3
:1068A000024607900598F9F7DBFD06E4002000900A
:1068B0000190F348016B0591416B0691806BF14BA0
:1068C0005B1C024607900598F9F7CAFD0AE4002010
:1068D00000900190EA48C16B0591016C0691406CF3
:1068E000E84B9B1C024607900598F9F7B9FD0EE4AA
:1068F000002000900190E248816C0591C16C0691E6
:10690000006DE04BDB1C024607900598F9F7A8FDE7
:1069100012E4002000900190D948416D0591816DED
:106920000691C06DD74B1B1D024607900598F9F7DD
:1069300097FD16E4002000900190D148016E05916A
:10694000416E0691806ECF4B5B1D02460790059805
:10695000F9F786FD05E4002000900190C848C16E5B
:106960000591016F0691406FC64B9B1D0246079033
:106970000598F9F775FD09E4002000900190C048E2
:10698000816F0591C16F0691D0F88000BD4BDB1D72
:10699000024607900598F9F763FD0CE4002000908B
:1069A0000190B74880304168059181680691C068C0
:1069B000B44B0833024607900598F9F751FD11E4EE
:1069C000002000900190AE48803001690591416936
:1069D00006918069AB4B0933024607900598F9F799
:1069E0003FFD15E4002000900190A5488030C1696A
:1069F0000591016A0691406AA24B0A33024607904C
:106A00000598F9F72DFD19E40020009001909C48AD
:106A10008030816A0591C16A0691006B994B0B33F6
:106A2000024607900598F9F71BFD07E40020009047
:106A3000019093488030416B0591816B0691C06B4A
:106A4000904B0C33024607900598F9F709FD0BE4CB
:106A50000020009001908A488030016C0591416CC3
:106A60000691806C874B0D33024607900598F9F725
:106A7000F7FC0FE400200090019081488030C16C49
:106A80000591016D0691406D7E4B0E3302460790D5
:106A90000598F9F7E5FC13E4002000900190784890
:106AA0008030816D0591C16D0691006E754B0F337D
:106AB000024607900598F9F7D3FC17E400200090F0
:106AC00001906F488030416E0591816E0691C06ED5
:106AD0006C4B1033024607900598F9F7C1FC05E4AA
:106AE00000200090019066488030016F0591416F51
:106AF0000691806F634B1133024607900598F9F7B2
:106B0000AFFC09E40020009001905D488030C16F27
:106B10000591D0F880100691D0F88400594B1233BB
:106B2000024607900598F9F79BFC0BE400200090C3
:106B30000190554881680591C16806910069514BE3
:106B40001333024607900598F9F78AFC10E40020F9
:106B5000009001904C484169059181690691C06996
:106B6000484B1433024607900598F9F779FC15E471
:106B70000020009001904448016A0591416A069105
:106B8000806A404B1533024607900598F9F768FC78
:106B900004E40020009001903B48C16A0591016B1C
:106BA0000691406B374B1633024607900598F9F76C
:106BB00057FC09E40020009001903348816B059157
:106BC000C16B0691006C2F4B173302460790059856
:106BD000F9F746FC0EE40020009001902A48416C31
:106BE0000591816C0691C06C264B183302460790C4
:106BF0000598F9F735FC13E4002000900190224835
:106C0000016D0591416D0691806D1E4B1933024651
:106C100007900598F9F724FC18E4002000900190F3
:106C20001948C16D0591016E0691406E154B1A33DE
:106C3000024607900598F9F713FC07E4002000903E
:106C400001901148816E0591C16E0691006F0D4B48
:106C50001B33024607900598F9F702FC0CE400206C
:106C6000009001900848416F0591816F0691C06FB7
:106C7000044B1C33024607900598F9F7F1FB17E423
:106C80006040002003000DA3604100200020009020
:106C90000190FB4801680591416806918068F94BB5
:106CA000024607900598F9F7DBFB17E400200090F7
:106CB0000190F348C1680591016906914069F14B63
:106CC0005B1C024607900598F9F7CAFB06E4002012
:106CD00000900190EA4881690591C1690691006AB6
:106CE000E84B9B1C024607900598F9F7B9FB0BE4AB
:106CF000002000900190E248416A0591816A069166
:106D0000C06AE04BDB1C024607900598F9F7A8FB28
:106D100010E4002000900190D948016B0591416B6F
:106D20000691806BD74B1B1D024607900598F9F71B
:106D300097FB15E4002000900190D148C16B0591AC
:106D4000016C0691406CCF4B5B1D02460790059885
:106D5000F9F786FB04E4002000900190C848816C9C
:106D60000591C16C0691006DC64B9B1D02460790B4
:106D70000598F9F775FB0AE4002000900190C048DF
:106D8000416D0591816D0691C06DBE4BDB1D0246C4
:106D900007900598F9F764FB10E40020009001903B
:106DA000B748016E0591416E0691806EB54B083370
:106DB000024607900598F9F753FB16E4002000906F
:106DC0000190AF48C16E0591016F0691406FAD4BC8
:106DD0000933024607900598F9F742FB05E40020C5
:106DE00000900190A648816F0591C16F0691D0F87F
:106DF0008000A44B0A33024607900598F9F730FB50
:106E00000AE40020009001909D488030416805917F
:106E100081680691C0689B4B0B330246079005982A
:106E2000F9F71EFB0FE40020009001909448803099
:106E300001690591416906918069924B0C330246C4
:106E400007900598F9F70CFB14E4002000900190DE
:106E50008B488030C1690591016A0691406A894B6F
:106E60000D33024607900598F9F7FAFA19E4002065
:106E70000090019082488030816A0591C16A069134
:106E8000006B804B0E33024607900598F9F7E8FA3D
:106E900007E400200090019079488030416B059113
:106EA000816B0691C06B774B0F33024607900598B4
:106EB000F9F7D6FA0CE40020009001907048803079
:106EC000016C0591416C0691806C6E4B103302464B
:106ED00007900598F9F7C4FA11E40020009001909A
:106EE00067488030C16C0591016D0691406D654B1E
:106EF0001133024607900598F9F7B2FA16E400201C
:106F0000009001905E488030816D0591C16D0691C1
:106F1000006E5C4B1233024607900598F9F7A0FA11
:106F200004E400200090019055488030416E0591A6
:106F3000816E0691C06E534B13330246079005983D
:106F4000F9F78EFA09E40020009001904C48803057
:106F5000016F0591416F0691806F4A4B14330246D1
:106F600007900598F9F77CFA10E400200090019052
:106F700043488030C16F0591D0F880100691D0F859
:106F80008400404B1533024607900598F9F768FADC
:106F900012E40020009001903B4881680591C1688F
:106FA00006910069374B1633024607900598F9F7AA
:106FB00057FA17E400200090019033484169059189
:106FC00081690691C0692F4B1733024607900598D7
:106FD000F9F746FA06E40020009001902A48016A79
:106FE0000591416A0691806A264B18330246079044
:106FF0000598F9F735FA0BE400200090019022483B
:10700000C16A0591016B0691406B1E4B1933024614
:1070100007900598F9F724FA0AE4002000900190FF
:107020001948816B0591C16B0691006C154B1A33A1
:10703000024607900598F9F713FA0AE40020009039
:1070400001901148416C0591816C0691C06C0D4B0B
:107050001B33024607900598F9F702FA0AE400206C
:10706000009001900848016D0591416D0691806D79
:10707000044B1C33024607900598F9F7F1F914E424
:10708000E041002020000DA3E042002000200090FD
:107090000190FD48C16D0591016E0691406EFB4B5C
:1070A000024607900598F9F7DBF90FE400200090FD
:1070B0000190F548816E0591C16E0691006FF34B0A
:1070C0005B1C024607900598F9F7CAF90FE4002007
:1070D00000900190EC48416F0591816F0691C06F5F
:1070E000EA4B9B1C024607900598F9F7B9F90FE4A3
:1070F000002000900190E4488030016805914168CB
:1071000006918068E14BDB1C024607900598F9F771
:10711000A7F90EE4002000900190DB488030C168A0
:107120000591016906914069D84B1B1D02460790E5
:107130000598F9F795F90DE4002000900190D248E8
:10714000803081690591C1690691006ACF4B5B1D52
:10715000024607900598F9F783F90CE400200090A7
:107160000190C9488030416A0591816A0691C06AE0
:10717000C64B9B1D024607900598F9F771F90CE480
:10718000002000900190C0488030016B0591416B58
:107190000691806BBD4BDB1D024607900598F9F701
:1071A0005FF90CE4002000900190B7488030C16B7B
:1071B0000591016C0691406CB44B08330246079070
:1071C0000598F9F74DF90CE4002000900190AE48C5
:1071D0008030816C0591C16C0691006DAB4B093319
:1071E000024607900598F9F73BF90CE4002000905F
:1071F0000190A5488030416D0591816D0691C06D6B
:10720000A24B0A33024607900598F9F729F90CE4D6
:107210000020009001909C488030016E0591416EE5
:107220000691806E994B0B33024607900598F9F74B
:1072300017F90CE400200090019093488030C16E53
:107240000591016F0691406F904B0C3302460790F9
:107250000598F9F705F90CE40020009001908A48A0
:107260008030816F0591C16F0691D0F88000874B07
:107270000D33024607900598F9F7F2F80BE4002069
:107280000090019082484168059181680691C0682C
:107290007E4B0E33024607900598F9F7E1F80CE4AF
:1072A0000020009001907A4801690591416906919A
:1072B0008069764B0F33024607900598F9F7D0F8AE
:1072C0000DE40020009001907148C1690591016AA8
:1072D0000691406A6D4B1033024607900598F9F706
:1072E000BFF80EE40020009001906948816A059182
:1072F000C16A0691006B654B1133024607900598F1
:10730000F9F7AEF811E40020009001906048416B5D
:107310000591816B0691C06B5C4B1233024607905E
:107320000598F9F79DF811E4002000900190584865
:10733000016C0591416C0691806C544B13330246ED
:1073400007900598F9F78CF811E40020009001905F
:107350004F48C16C0591016D0691406D4B4B143344
:10736000024607900598F9F77BF811E40020009099
:1073700001904748816D0591C16D0691006E434BA8
:107380001533024607900598F9F76AF811E40020D2
:10739000009001903E48416E0591816E0691C06E4D
:1073A0003A4B1633024607900598F9F759F811E45D
:1073B0000020009001903648016F0591416F0691C1
:1073C000806F324B1733024607900598F9F748F85B
:1073D00011E40020009001902D48C16F0591D0F874
:1073E00080100691D0F88400284B1833024607908D
:1073F0000598F9F735F80FE4002000900190244833
:10740000803081680591C168069100691F4B19336E
:10741000024607900598F9F723F80EE40020009043
:1074200001901B4880304169059181690691C069CE
:10743000164B1A33024607900598F9F711F80DE438
:1074400000200090019012488030016A0591416A45
:107450000691806A0D4B1B33024607900598F8F79A
:10746000FFFF0CE400200090019009488030C16AC1
:107470000591016B0691406B044B1C33024607904B
:107480000598F8F7EDFF10E4E04200203D000DA361
:10749000E0430020002000900190FC48816B0591A2
:1074A000C16B0691006CFA4B024607900598F8F7FD
:1074B000D7FF0BE4002000900190F448416C059147
:1074C000816C0691C06CF24B5B1C024607900598DC
:1074D000F8F7C6FF0BE4002000900190EB48016D27
:1074E0000591416D0691806DE94B9B1C024607900A
:1074F0000598F8F7B5FF0BE4002000900190E348F1
:10750000C16D0591016E0691406EE14BDB1C024698
:1075100007900598F8F7A4FF0BE400200090019075
:10752000DA48816E0591C16E0691006FD84B1B1D24
:10753000024607900598F8F793FF0BE400200090AF
:107540000190D248416F0591816F0691C06FD04B79
:107550005B1D024607900598F8F782FF0BE40020B8
:1075600000900190C94880300168059141680691FA
:107570008068C74B9B1D024607900598F8F770FF7F
:107580000AE4002000900190C0488030C168059155
:10759000016906914069BE4BDB1D024607900598C4
:1075A000F8F75EFF09E4002000900190B7488030B2
:1075B00081690591C1690691006AB54B083302469D
:1075C00007900598F8F74CFF08E400200090019020
:1075D000AE488030416A0591816A0691C06AAC4B21
:1075E0000933024607900598F8F73AFF08E40020AF
:1075F00000900190A5488030016B0591416B069188
:10760000806BA34B0A33024607900598F8F728FFD2
:1076100008E40020009001909C488030C16B0591E7
:10762000016C0691406C9A4B0B330246079005980B
:10763000F8F716FF08E4002000900190934880308E
:10764000816C0591C16C0691006D914B0C33024623
:1076500007900598F8F704FF08E4002000900190D7
:107660008A488030416D0591816D0691C06D884BCF
:107670000D33024607900598F8F7F2FE08E4002063
:107680000090019081488030016E0591416E069115
:10769000806E7F4B0E33024607900598F8F7E0FEA8
:1076A00008E400200090019078488030C16E059178
:1076B000016F0691406F764B0F3302460790059895
:1076C000F8F7CEFE08E40020009001906F4880306B
:1076D000816F0591C16F0691D0F880006C4B10331B
:1076E000024607900598F8F7BBFE07E400200090DB
:1076F000019068484168059181680691C068644BB3
:107700001133024607900598F8F7AAFE08E4002016
:10771000009001905F480169059141690691806977
:107720005B4B1233024607900598F8F799FE09E47F
:107730000020009001905748C1690591016A0691A7
:10774000406A534B1333024607900598F8F788FEBA
:107750000AE40020009001904E48816A0591C16AB8
:107760000691006B4A4B1433024607900598F8F7D0
:1077700077FE0DE40020009001904648416B059192
:10778000816B0691C06B424B1533024607900598FA
:10779000F8F766FE0DE40020009001903D48016C72
:1077A0000591416C0691806C394B16330246079067
:1077B0000598F8F755FE0DE400200090019035483B
:1077C000C16C0591016D0691406D314B1733024636
:1077D00007900598F8F744FE0DE400200090019012
:1077E0002C48816D0591C16D0691006E284B1833B0
:1077F000024607900598F8F733FE0DE4002000904C
:1078000001902448416E0591816E0691C06E204B17
:107810001933024607900598F8F722FE0DE4002080
:10782000009001901B48016F0591416F0691806F98
:10783000174B1A33024607900598F8F711FE0DE42E
:107840000020009001901348C16F0591D0F880107E
:107850000691D0F884000E4B1B3302460790059822
:10786000F8F7FEFD0BE400200090019009488030FD
:1078700081680591C16806910069054B1C33024679
:1078800007900598F8F7ECFD0FE400006044002035
:107890005A000DA360450020002000900190FA4896
:1078A0004169059181690691C069F84B02460790CC
:1078B0000598F8F7D5FD09E4002000900190F24802
:1078C000016A0591416A0691806AF04B5B1C024691
:1078D00007900598F8F7C4FD09E400200090019096
:1078E000E948C16A0591016B0691406BE74B9B1C0F
:1078F000024607900598F8F7B3FD0AE400200090CF
:107900000190E148816B0591C16B0691006CDF4BE2
:10791000DB1C024607900598F8F7A2FD0BE4002057
:1079200000900190D848416C0591816C0691C06C23
:10793000D64B1B1D024607900598F8F791FD0CE405
:10794000002000900190D048016D0591416D069195
:10795000806DCE4B5B1D024607900598F8F780FDC1
:107960000DE4002000900190C748C16D0591016EA3
:107970000691406EC54B9B1D024607900598F8F78F
:107980006FFD0EE4002000900190BF48816E0591CC
:10799000C16E0691006FBD4BDB1D02460790059836
:1079A000F8F75EFD0FE4002000900190B648416FAB
:1079B0000591816F0691C06FB44B08330246079062
:1079C0000598F8F74DFD10E4002000900190AE48B6
:1079D000803001680591416806918068AB4B09339E
:1079E000024607900598F8F73BFD10E40020009050
:1079F0000190A5488030C1680591016906914069F0
:107A0000A24B0A33024607900598F8F729FD10E4C7
:107A10000020009001909C48803081690591C169E7
:107A20000691006A994B0B33024607900598F8F7C8
:107A300017FD10E400200090019093488030416AC7
:107A40000591816A0691C06A904B0C3302460790FB
:107A50000598F8F705FD11E40020009001908A4890
:107A60008030016B0591416B0691806B874B0D3324
:107A7000024607900598F8F7F3FC10E40020009008
:107A8000019081488030C16B0591016C0691406C7A
:107A90007E4B0E33024607900598F8F7E1FC0FE4A1
:107AA00000200090019078488030816C0591C16C75
:107AB0000691006D754B0F33024607900598F8F755
:107AC000CFFC0EE40020009001906F488030416DA3
:107AD0000591816D0691C06D6C4B10330246079085
:107AE0000598F8F7BDFC0DE4002000900190664871
:107AF0008030016E0591416E0691806E634B1133AB
:107B0000024607900598F8F7ABFC0CE400200090C3
:107B100001905D488030C16E0591016F0691406F04
:107B20005A4B1233024607900598F8F799FC0BE47C
:107B300000200090019054488030816F0591C16F02
:107B40000691D0F88000514B1333024607900598F8
:107B5000F8F786FC09E40020009001904C48416849
:107B6000059181680691C068484B1433024607901E
:107B70000598F8F775FC09E400200090019044484E
:107B800001690591416906918069404B15330246B0
:107B900007900598F8F764FC09E400200090019034
:107BA0003B48C1690591016A0691406A374B16331B
:107BB000024607900598F8F753FC09E4002000906E
:107BC00001903348816A0591C16A0691006B2F4B81
:107BD0001733024607900598F8F742FC0BE40020A3
:107BE000009001902A48416B0591816B0691C06B12
:107BF000264B1833024607900598F8F731FC0CE441
:107C00000020009001902248016C0591416C069182
:107C1000806C1E4B1933024607900598F8F720FC3C
:107C20000DE40020009001901948C16C0591016D90
:107C30000691406D154B1A33024607900598F8F7E8
:107C40000FFC0EE40020009001901148816D059119
:107C5000C16D0691006E0D4B1B33024607900598CF
:107C6000F8F7FEFB0FE40020009001900848416EF9
:107C70000591816E0691C06E044B1C33024607903D
:107C80000598F8F7EDFB14E4E045002077000DA31C
:107C9000E0460020002000900190FE48016F059111
:107CA000416F0691806FFC4B024607900598F8F7EC
:107CB000D7FB0FE4002000900190F648C16F0591BA
:107CC000D0F880100691D0F88400F34B5B1C02467C
:107CD00007900598F8F7C4FB0DE400200090019090
:107CE000EC48803081680591C16806910069EA4BD3
:107CF0009B1C024607900598F8F7B2FB0CE40020A5
:107D000000900190E34880304169059181690691B6
:107D1000C069E14BDB1C024607900598F8F7A0FB11
:107D20000BE4002000900190DA488030016A059150
:107D3000416A0691806AD84B1B1D02460790059840
:107D4000F8F78EFB0AE4002000900190D1488030C3
:107D5000C16A0591016B0691406BCF4B5B1D0246DA
:107D600007900598F8F77CFB0AE40020009001904A
:107D7000C8488030816B0591C16B0691006CC64B81
:107D80009B1D024607900598F8F76AFB0AE400205D
:107D900000900190BF488030416C0591816C069144
:107DA000C06CBD4BDB1D024607900598F8F758FBE9
:107DB0000AE4002000900190B6488030016D0591E2
:107DC000416D0691806DB44B0833024607900598CB
:107DD000F8F746FB0AE4002000900190AD4880309F
:107DE000C16D0591016E0691406EAB4B09330246A1
:107DF00007900598F8F734FB0AE400200090019002
:107E0000A4488030816E0591C16E0691006FA24B2F
:107E10000A33024607900598F8F722FB0AE400208F
:107E2000009001909B488030416F0591816F0691D1
:107E3000C06F994B0B33024607900598F8F710FB7B
:107E40000AE400200090019094480168059141687F
:107E500006918068904B0C33024607900598F8F71E
:107E6000FFFA0BE40020009001908C48C168059156
:107E7000016906914069884B0D33024607900598C9
:107E8000F8F7EEFA0CE40020009001908348816935
:107E90000591C1690691006A7F4B0E330246079037
:107EA0000598F8F7DDFA0DE40020009001907B487A
:107EB000416A0591816A0691C06A774B0F33024689
:107EC00007900598F8F7CCFA0FE400200090019095
:107ED0007248016B0591416B0691806B6E4B1033BC
:107EE000024607900598F8F7BBFA0FE400200090CF
:107EF00001906A48C16B0591016C0691406C664B1C
:107F00001133024607900598F8F7AAFA0FE400200B
:107F1000009001906148816C0591C16C0691006DE3
:107F20005D4B1233024607900598F8F799FA0FE473
:107F30000020009001905948416D0591816D069196
:107F4000C06D554B1333024607900598F8F788FA31
:107F50000FE40020009001905048016E0591416EA1
:107F60000691806E4C4B1433024607900598F8F743
:107F700077FA0FE40020009001904848C16E059107
:107F8000016F0691406F444B1533024607900598E8
:107F9000F8F766FA0FE40020009001903F48816FE7
:107FA0000591C16F0691D0F880003B4B1633024615
:107FB00007900598F8F754FA0EE40020009001901D
:107FC000364880304168059181680691C068324B1F
:107FD0001733024607900598F8F742FA0DE400209F
:107FE000009001902D48803001690591416906910A
:107FF0008069294B1833024607900598F8F730FA44
:108000000CE400200090019024488030C169059163
:10801000016A0691406A204B193302460790059881
:10802000F8F71EFA0BE40020009001901B48803006
:10803000816A0591C16A0691006B174B1A3302469B
:1080400007900598F8F70CFA0CE4002000900190D6
:1080500012488030416B0591816B0691C06B0E4BCD
:108060001B33024607900598F8F7FAF90CE4002054
:108070000090019009488030016C0591416C069197
:10808000806C054B1C33024607900598F8F7E8F919
:1080900011E40000E046002094000DA3E04700201A
:1080A000002000900190FC48C16C0591016D069183
:1080B000406DFA4B024607900598F8F7D1F90BE4AA
:1080C000002000900190F448816D0591C16D0691EA
:1080D000006EF24B5B1C024607900598F8F7C0F95A
:1080E0000BE4002000900190EB48416E0591816EF9
:1080F0000691C06EE94B9B1C024607900598F8F765
:10810000AFF90BE4002000900190E348016F059166
:10811000416F0691806FE14BDB1C0246079005988A
:10812000F8F79EF90BE4002000900190DA48C16F47
:108130000591D0F880100691D0F88400D74B1B1D14
:10814000024607900598F8F78BF909E400200090A3
:108150000190D148803081680591C168069100691D
:10816000CE4B5B1D024607900598F8F779F908E4B5
:10817000002000900190C8488030416905918169D4
:108180000691C069C54B9B1D024607900598F8F7FC
:1081900067F907E4002000900190BF488030016A31
:1081A0000591416A0691806ABC4BDB1D024607902F
:1081B0000598F8F755F906E4002000900190B648BC
:1081C0008030C16A0591016B0691406BB34B083357
:1081D000024607900598F8F743F906E4002000905E
:1081E0000190AD488030816B0591C16B0691006CA8
:1081F000AA4B0933024607900598F8F731F906E4CF
:10820000002000900190A4488030416C0591816C61
:108210000691C06CA14B0A33024607900598F8F707
:108220001FF906E40020009001909B488030016D0A
:108230000591416D0691806D984B0B330246079076
:108240000598F8F70DF906E4002000900190924897
:108250008030C16D0591016E0691406E8F4B0C33DD
:10826000024607900598F8F7FBF806E40020009016
:10827000019089488030816E0591C16E0691006F32
:10828000864B0D33024607900598F8F7E9F806E4A7
:1082900000200090019080488030416F0591816FEF
:1082A0000691C06F7D4B0E33024607900598F8F794
:1082B000D7F806E400200090019079480168059104
:1082C000416806918068754B0F3302460790059808
:1082D000F8F7C6F807E40020009001907048C168E4
:1082E00005910169069140696C4B10330246079075
:1082F0000598F8F7B5F808E4002000900190684868
:1083000081690591C1690691006A644B1133024687
:1083100007900598F8F7A4F809E400200090019070
:108320005F48416A0591816A0691C06A5B4B1233CE
:10833000024607900598F8F793F80BE400200090A8
:1083400001905748016B0591416B0691806B534B2F
:108350001333024607900598F8F782F80BE40020E3
:10836000009001904E48C16B0591016C0691406CE4
:108370004A4B1433024607900598F8F771F80BE45E
:108380000020009001904648816C0591C16C0691D7
:10839000006D424B1533024607900598F8F760F8D8
:1083A0000BE40020009001903D48416D0591816DE6
:1083B0000691C06D394B1633024607900598F8F7C1
:1083C0004FF80BE40020009001903548016E0591B4
:1083D000416E0691806E314B173302460790059827
:1083E000F8F73EF80BE40020009001902C48C16E95
:1083F0000591016F0691406F284B18330246079094
:108400000598F8F72DF80BE400200090019024481F
:10841000816F0591C16F0691D0F880001F4B193311
:10842000024607900598F8F71BF80AE40020009030
:1084300001901B4880304168059181680691C068B1
:10844000164B1A33024607900598F8F709F809E425
:108450000020009001901248803001690591416927
:10846000069180690D4B1B33024607900598F7F77C
:10847000F7FF08E400200090019009488030C169AE
:108480000591016A0691406A044B1C33024607902D
:108490000598F7F7E5FF0CE460480020B1000DA354
:1084A00060490020002000900190FB48816A0591FE
:1084B000C16A0691006BF94B024607900598F7F7E1
:1084C000CFFF09E4002000900190F348416B059133
:1084D000816B0691C06BF14B5B1C024607900598BF
:1084E000F7F7BEFF0AE4002000900190EA48016C13
:1084F0000591416C0691806CE84B9B1C02460790ED
:108500000598F7F7ADFF0FE2002000900190E248D8
:10851000C16C0591016D0691406DE04BDB1C02467C
:1085200007900598F7F79CFFFEE10020009001906E
:10853000D948816D0591C16D0691006ED74B1B1D09
:10854000024607900598F7F78BFFEDE100200090B9
:108550000190D148416E0591816E0691C06ECF4B5E
:108560005B1D024607900598F7F77AFFDCE10020D3
:1085700000900190C848016F0591416F0691806F8E
:10858000C64B9B1D024607900598F7F769FFCBE1A4
:10859000002000900190C048C16F0591D0F8801074
:1085A0000691D0F88400BD4BDB1D0246079005986C
:1085B000F7F756FFB8E1002000900190B6488030F0
:1085C00081680591C16806910069B44B0833024681
:1085D00007900598F7F744FFA6E10020009001906E
:1085E000AD4880304169059181690691C069AB4B06
:1085F0000933024607900598F7F732FF94E100200F
:1086000000900190A4488030016A0591416A06916A
:10861000806AA24B0A33024607900598F7F720FFBD
:1086200082E10020009001909B488030C16A059152
:10863000016B0691406B994B0B33024607900598EE
:10864000F7F70EFF70E10020009001909248803013
:10865000816B0591C16B0691006C904B0C33024607
:1086600007900598F7F7FCFE5EE10020009001906E
:1086700089488030416C0591816C0691C06C874BB4
:108680000D33024607900598F7F7EAFE4CE100200B
:108690000090019080488030016D0591416D0691F8
:1086A000806D7E4B0E33024607900598F7F7D8FE93
:1086B0003AE100200090019077488030C16D05912B
:1086C000016E0691406E754B0F3302460790059878
:1086D000F7F7C6FE28E10020009001906E48803038
:1086E000816E0591C16E0691006F6C4B103302468E
:1086F00007900598F7F7B4FE16E10020009001906E
:1087000065488030416F0591816F0691C06F634B62
:108710001133024607900598F7F7A2FEEEE300201A
:10872000009001905E48016805914168069180685B
:108730005A4B1233024607900598F7F791FEDDE396
:108740000020009001905648C1680591016906918A
:108750004069524B1333024607900598F7F780FEA5
:10876000CCE30020009001904D4881690591C169DA
:108770000691006A494B1433024607900598F7F7B3
:108780006FFEBBE30020009001904548416A0591CF
:10879000816A0691C06A414B1533024607900598DD
:1087A000F7F75EFEAAE30020009001903C48016BC1
:1087B0000591416B0691806B384B1633024607904A
:1087C0000598F7F74DFE99E300200090019034489A
:1087D000C16B0591016C0691406C304B173302461A
:1087E00007900598F7F73CFE88E300200090019081
:1087F0002B48816C0591C16C0691006D274B183395
:10880000024607900598F7F72BFE77E300200090CB
:1088100001902348416D0591816D0691C06D1F4BFC
:108820001933024607900598F7F71AFE66E3002011
:10883000009001901A48016E0591416E0691806E7C
:10884000164B1A33024607900598F7F709FE55E3D1
:108850000020009001901248C16E0591016F0691B1
:10886000406F0E4B1B33024607900598F7F7F8FD53
:1088700044E30020009001900948816F0591C16F89
:108880000691D0F88000054B1C33024607900598EE
:10889000F7F7E6FD32E30000E0490020CE000DA32B
:1088A000E04A0020002000900190FA4841680591BC
:1088B00081680691C068F84B024607900598F7F763
:1088C000CFFD1BE3002000900190F2480169059163
:1088D000416906918069F04B5B1C02460790059840
:1088E000F7F7BEFD0AE3002000900190E948C16956
:1088F0000591016A0691406AE74B9B1C024607906E
:108900000598F7F7ADFDF9E2002000900190E148ED
:10891000816A0591C16A0691006BDF4BDB1C024640
:1089200007900598F7F79CFDE8E200200090019081
:10893000D848416B0591816B0691C06BD64B1B1DCE
:10894000024607900598F7F78BFDD7E200200090CC
:108950000190D048016C0591416C0691806CCE4B22
:108960005B1D024607900598F7F77AFDC6E20020E6
:1089700000900190C748C16C0591016D0691406D52
:10898000C54B9B1D024607900598F7F769FDB5E2B8
:10899000002000900190BF48816D0591C16D069146
:1089A000006EBD4BDB1D024607900598F7F758FD9A
:1089B000A4E2002000900190B648416E0591816EBE
:1089C0000691C06EB44B0833024607900598F7F73E
:1089D00047FD93E2002000900190AE48016F0591A1
:1089E000416F0691806FAC4B0933024607900598A2
:1089F000F7F736FD82E2002000900190A548C16F94
:108A00000591D0F880100691D0F88400A24B0A336B
:108A1000024607900598F7F723FD6FE200200090CB
:108A200001909C48803081680591C1680691006979
:108A3000994B0B33024607900598F7F711FD5DE25D
:108A40000020009001909348803041690591816930
:108A50000691C069904B0C33024607900598F7F7D2
:108A6000FFFC4BE20020009001908A488030016AB0
:108A70000591416A0691806A874B0D330246079043
:108A80000598F7F7EDFC39E200200090019081484D
:108A90008030C16A0591016B0691406B7E4B0E33AD
:108AA000024607900598F7F7DBFC27E200200090CC
:108AB000019078488030816B0591C16B0691006C04
:108AC000754B0F33024607900598F7F7C9FC15E27E
:108AD0000020009001906F488030416C0591816CBE
:108AE0000691C06C6C4B1033024607900598F7F75F
:108AF000B7FC03E200200090019066488030016DD1
:108B00000591416D0691806D634B113302460790CC
:108B10000598F7F7A5FCF1E10020009001905D4871
:108B20008030C16D0591016E0691406E5A4B123333
:108B3000024607900598F7F793FCDFE100200090CC
:108B4000019054488030816E0591C16E0691006F8E
:108B5000514B1333024607900598F7F781FCCDE19E
:108B60000020009001904B488030416F0591816F4B
:108B70000691C06F484B1433024607900598F7F7EB
:108B80006FFCBBE100200090019044480168059112
:108B9000416806918068404B15330246079005985E
:108BA000F7F75EFCAAE10020009001903B48C16805
:108BB0000591016906914069374B163302460790CB
:108BC0000598F7F74DFC99E100200090019033489B
:108BD00081690591C1690691006A2F4B17330246DE
:108BE00007900598F7F73CFC88E100200090019081
:108BF0002A48416A0591816A0691C06A264B18335A
:108C0000024607900598F7F72BFC77E100200090CB
:108C100001902248016B0591416B0691806B1E4BC0
:108C20001933024607900598F7F71AFC66E1002011
:108C3000009001901948C16B0591016C0691406C40
:108C4000154B1A33024607900598F7F709FC55E1D2
:108C50000020009001901148816C0591C16C069133
:108C6000006D0D4B1B33024607900598F7F7F8FB94
:108C700044E10020009001900848416D0591816D0C
:108C80000691C06D044B1C33024607900598F7F718
:108C9000E7FB33E1604B0020EB000DA3604C0020AC
:108CA000002000900190AB48016E0591416E069145
:108CB000806EA94B024607900598F7F7D1FB1DE19E
:108CC000002000900190A348C16E0591016F0691AC
:108CD000406FA14B5B1C024607900598F7F7C0FB5D
:108CE0000CE10020009001909A48816F0591C16FBE
:108CF0000691D0F88000984B9B1C0246079005987F
:108D0000F7F7AEFBFAE00020009001909148803028
:108D10004168059181680691C0688F4BDB1C024653
:108D200007900598F7F79CFBE8E000200090019081
:108D30008848803001690591416906918069864BB8
:108D40001B1D024607900598F7F78AFBD6E0002026
:108D5000009001907F488030C1690591016A0691B9
:108D6000406A7D4B5B1D024607900598F7F778FB3C
:108D7000C4E000200090019076488030816A05911F
:108D8000C16A0691006B744B9B1D024607900598C3
:108D9000F7F766FBB2E00020009001906D4880304C
:108DA000416B0591816B0691C06B6B4BDB1D0246DD
:108DB00007900598F7F754FBA0E000200090019081
:108DC00064488030016C0591416C0691806C624B67
:108DD0000833024607900598F7F742FB8EE0002023
:108DE000009001905B488030C16C0591016D069147
:108DF000406D594B0933024607900598F7F730FB51
:108E00007CE000200090019052488030816D0591F7
:108E1000C16D0691006E504B0A33024607900598CB
:108E2000F7F71EFB6AE0002000900190494880306F
:108E3000416E0591816E0691C06E474B0B33024621
:108E400007900598F7F70CFB58E000200090019080
:108E500040488030016F0591416F0691806F3E4B15
:108E60000C33024607900598F7F7FAFA46E000201F
:108E70000090019037488030C16F0591D0F8801084
:108E80000691D0F88400344B0D33024607900598C4
:108E9000F7F7E6FA32E00020009001902F48816851
:108EA0000591C168069100692B4B0E33024607906D
:108EB0000598F7F7D5FA21E00020009001902748A7
:108EC0004169059181690691C069234B0F330246C0
:108ED00007900598F7F7C4FA10E000200090019081
:108EE0001E48016A0591416A0691806A1A4B103347
:108EF000024607900598F7F7B3FA00BF24E00898F8
:108F0000B0F5C85F20D1164800781649087014489B
:108F10000078801D144908700846007813490978C4
:108F2000884210DD114800780F4908700F4800781A
:108F3000062805DB0D480078801F0A49087002E00A
:108F400000200849087001E0F9F79ABF00BF09B096
:108F500000BD0000604C002008010DA3604D002002
:108F6000663F0020643F0020653F0020783F0020DE
:108F700008B501210820F8F799FC4FF48050ADF8AE
:108F8000000010208DF8030003208DF802006946D0
:108F90000848F7F710FC4FF480510648F7F79AFCA1
:108FA000012005490860F8F703FF0020F8F772FF79
:108FB00008BD0000000C0140B08121422DE9F041C4
:108FC00006460C46174600200F4908604FF0030084
:108FD000F8F736FFC4F30740F8F732FFC4F3072071
:108FE000F8F72EFFE0B2F8F72BFF002505E0FF2091
:108FF000F8F726FF7055681C85B2BD42F7DB0120EB
:1090000001490860BDE8F081B0812142FEB5054606
:109010000E4638A0F9F70CFFF7F7F6F90F2338A240
:1090200028217020F9F7F2FC0746F9F701FFF7F75E
:10903000EBF96846F9F78EFD042336A264215A2025
:10904000F9F7E4FC0746F9F7F3FEF7F7DDF93448E2
:109050000078C0EBC0003349096801EB80000423AD
:109060008C2142685A20F9F7D1FC0746F9F7E0FE57
:10907000F7F7CAF904232CA2F0215A20F9F7C6FC0D
:109080000746F9F7D5FEF7F7BFF92C462EE00A2080
:1090900094FBF0F03030C0B28DF808000A2094FB49
:1090A000F0F100FB11403030C0B28DF8090004230C
:1090B00002AA4FF487714FF48C70F9F7A7FC0746AA
:1090C000F9F7B6FEF7F7A0F940F21A4000F0E8F819
:1090D000002302AA4FF487714FF48C70F9F796FCC5
:1090E0000746F9F7A5FEF7F78FF9641EB442CEDC08
:1090F000FEBD0000434C522830293B0D0A00000001
:10910000D5FDD4DAD6B4D0D0C9D5C2BCC3FCC1EE2B
:1091100000000000C9D5C2BCD0CDBAC53A200000BD
:10912000663F0020603F0020CAA3D3E0CAB1BCE480
:109130003A200000F8B505460E4636A0F9F778FE4D
:10914000F7F762F90F2336A228217020F9F75EFCA9
:109150000746F9F76DFEF7F757F9042335A26421A6
:109160005A20F9F753FC0746F9F762FEF7F74CF976
:1091700033480078C0EBC0003249096801EB800039
:1091800004238C2142685A20F9F740FC0746F9F77E
:109190004FFEF7F739F92C4639E00A2094FBF0F03E
:1091A0003030C0B28DF800000A2094FBF0F100FBD3
:1091B00011403030C0B28DF80100042322A2F0210A
:1091C0005A20F9F723FC0746F9F732FEF7F71CF9A6
:1091D00004236A464FF487714FF48C70F9F716FC3C
:1091E0000746F9F725FEF7F70FF940F21A4000F0AD
:1091F00057F800236A464FF487714FF48C70F9F7E3
:1092000005FC0746F9F714FEF7F7FEF8641EB442B2
:10921000C3DCF8BD434C522830293B0D0A00000046
:10922000D5FDD4DAD6B4D0D0BCECB2E2C3FCC1EEEA
:1092300000000000BCECB2E2D0CDBAC53A2000007C
:10924000663F0020603F0020CAA3D3E0CAB1BCE45F
:109250003A2000002DE9F04105460E461746F7F783
:109260008BFA3520F7F7EAF92846F7F7EDF90B49BD
:10927000087000240CE009480078042807D156F84B
:10928000241005EB8400F7F739FA04490870641CD0
:10929000BC42F0D3F7F71AFABDE8F081843F002012
:1092A0000146114A12884A434FF0E0235A610022D6
:1092B0009A611A46126942F001021A6100BF4FF02A
:1092C000E022106910F0010F02D010F4803FF6D0B8
:1092D0004FF0E022126922F001024FF0E0231A6100
:1092E00000229A61704700008A3F0020F9F7AAFA2D
:1092F000F9F7BCFAF9F710F901E0F8F70DF9FCE716
:1093000010B50346002002E00C5C1C54401C904247
:10931000FAD310BD70B50446002003E00D5CC618FA
:10932000A555401C9042F9DB70BD10B503460020E6
:1093300001E01954401C9042FBD310BD020E0A708C
:10934000020C4A70020A8A70C870704710B5F7F7AD
:109350000BF84FF00001016010BD32343131323072
:109360003137303348503338384D00000000891110
:1093700012239B322446AD573665BF74488CC19D7D
:109380005AAFD3BE6CCAE5DB7EE9F7F8811008015D
:1093900093331A22A5562C47B7753E64C99C408D5D
:1093A000DBBF52AEEDDA64CBFFF976E802218B30F9
:1093B000100299132667AF763444BD554AADC3BC3D
:1093C000588ED19F6EEBE7FA7CC8F5D983310A201D
:1093D00091121803A7772E66B5543C45CBBD42AC1D
:1093E000D99E508FEFFB66EAFDD874C904428D53B5
:1093F00016619F702004A9153227BB364CCEC5DFFD
:109400005EEDD7FC6888E1997AABF3BA85520C43DC
:1094100097711E60A1142805B3373A26CDDE44CFDC
:10942000DFFD56ECE9986089FBBB72AA06638F7278
:1094300014409D512225AB343006B9174EEFC7FEBC
:109440005CCCD5DD6AA9E3B8788AF19B87730E629C
:1094500095501C41A3352A24B1163807CFFF46EE9C
:10946000DDDC54CDEBB962A8F99A708B0884819544
:109470001AA793B62CC2A5D33EE1B7F04008C9198C
:10948000522BDB3A644EED5F766DFF7C899400854C
:109490009BB712A6ADD224C3BFF136E0C11848096C
:1094A000D33B5A2AE55E6C4FF77D7E6C0AA583B4E8
:1094B000188691972EE3A7F23CC0B5D14229CB384C
:1094C000500AD91B666FEF7E744CFD5D8BB502A40C
:1094D00099961087AFF326E2BDD034C1C3394A282C
:1094E000D11A580BE77F6E6EF55C7C4D0CC685D7A4
:1094F0001EE597F42880A1913AA3B3B2444ACD5B0C
:109500005669DF78600CE91D722FFB3E8DD604C7CB
:109510009FF516E4A9902081BBB332A2C55A4C4BEB
:10952000D7795E68E11C680DF33F7A2E0EE787F667
:109530001CC495D52AA1A3B03882B193466BCF7ACB
:109540005448DD59622DEB3C700EF91F8FF706E68B
:109550009DD414C5ABB122A0B9923083C77B4E6AAB
:10956000D5585C49E33D6A2CF11E780F06000000D7
:109570006400000030303030303030303030303047
:10958000303030300000000030303030303030309B
:109590003030303030303030000000003230313781
:1095A000313232394850323532423030000000001A
:1095B0000003030601040602050003051F1C1F1E0D
:1095C0001F1E1F1F1E1F1E1F31372E433033333700
:1095D0000037312E48303338380034302E4830329E
:1095E000373900382E4330313230410034312E4883
:1095F00030323830410037322E4830333930410074
:1096000034332E4830323831410031332E43303339
:109610003234410036342E4830333634410039304C
:109620002E4830353035410031352E433033323518
:10963000410038382E4830343335410032372E4817
:1096400030323535410034352E483032383541001E
:1096500038392E4830343336410031362E433033DA
:109660003238410033392E483032373841003736EE
:109670002E483034303143410031362E48303231BB
:109680003143410034372E483033313143410038C3
:10969000322E4830343131434100322E4830453388
:1096A0003231434100372E48304633323143410096
:1096B00031302E483030333143410035332E48307D
:1096C00033333143410039342E483035333143414F
:1096D0000035372E48303334314341003130312E9C
:1096E00048303534314341003130352E483037343D
:1096F0003143410032342E48303235314341003657
:10970000312E483033353143410033312E48303229
:10971000363143410033362E483032373143410031
:1097200036382E483033383143410037342E4830F4
:109730003430304B410031332E48303231304B41E0
:109740000034362E48303331304B410037392E4803
:10975000303431304B4100312E4830453332304BBC
:109760004100352E4830463332304B410039322EDD
:1097700048303533304B410035362E4830333430A5
:109780004B41003130302E48303534304B410031C0
:1097900030342E48303734304B410032322E48308E
:1097A0003235304B410036302E48303335304B4166
:1097B0000032392E48303236304B410033352E4896
:1097C000303237304B410036362E48303338304B4C
:1097D000410031332E4830343030555F4B41003535
:1097E0002E4830323530555F4B4100312E433031F9
:1097F0003331555F4B410037382E48303430334DCC
:10980000410032302E48303231334D410034392E50
:1098100048303331334D410038362E4830343133FF
:109820004D4100342E4830453332334D4100392EFE
:109830004830463332334D410031322E48303033D8
:10984000334D410035352E48303333334D410039E7
:10985000382E48303533334D410035392E483033BA
:1098600034334D41003130332E48303534334D419F
:10987000003130372E48303734334D410032362EE8
:1098800048303235334D410036332E48303335338E
:109890004D410033332E48303236334D410033389A
:1098A0002E48303237334D410037302E4830333870
:1098B000334D410032302E4830353035554100317E
:1098C000382E483034333655410037372E4830343F
:1098D000303259410031382E48303231325941004E
:1098E00034382E483033313259410038342E483024
:1098F000343132594100332E4830453332325941E8
:1099000000382E48304633323259410031312E482A
:109910003030333259410035342E483033333259E8
:10992000410039362E483035333259410035382E12
:1099300048303334325941003130322E48303534DA
:10994000325941003130362E4830373432594100D7
:1099500032352E483032353259410036322E4830B9
:1099600033353259410033322E4830323632594184
:109970000033372E483032373259410036392E48BD
:109980003033383259410031352E4830343031557A
:109990005F4300392E4330313331555F430032335A
:1099A0002E4830353431555F4300372E483032353C
:1099B00031555F4300322E4330313138555F43001B
:1099C00035302E4830333134440032322E48303571
:1099D0003430555F4B00332E4330313138555F4BB7
:1099E0000031372E483032313143584C0038332E55
:1099F000483034313143584C0039352E48303533F6
:109A00003143584C0031352E48303231304B584CB0
:109A10000038312E48303431304B584C0039332E19
:109A200048303533304B584C0032312E48303231CB
:109A3000334D584C0038372E48303431334D584C64
:109A40000039392E48303533334D584C0031392EDA
:109A5000483032313259584C0038352E4830343184
:109A60003259584C0039372E483035333259584C1A
:109A70000031312E4330313331555F4D0031372EB7
:109A80004830343033555F4D0032352E4830353450
:109A900033555F4D00392E4830323533555F4D0018
:109AA000342E4330313138555F4D00312E4830541B
:109AB00052432D33354E00322E483054524B2D3305
:109AC000354E00332E483054524D2D33354E003430
:109AD0002E48305452592D33354E0037312E4830F0
:109AE0003338385F4E4F4E0034302E4830323739DD
:109AF0005F4E4F4E0034312E4830323830415F4E89
:109B00004F4E0037322E4830333930415F4E4F4E82
:109B10000034332E4830323831415F4E4F4E0036DC
:109B2000342E4830333634415F4E4F4E0039302E9C
:109B30004830353035415F4E4F4E0038382E483072
:109B4000343335415F4E4F4E0032372E4830323578
:109B500035415F4E4F4E0034352E48303238354156
:109B60005F4E4F4E0038392E4830343336415F4E09
:109B70004F4E0033392E4830323738415F4E4F4E0A
:109B80000037362E483034303143415F4E4F4E005F
:109B900031362E483032313143415F4E4F4E003422
:109BA000372E483033313143415F4E4F4E0038320B
:109BB0002E483034313143415F4E4F4E00322E48F3
:109BC000304533323143415F4E4F4E00372E4830DF
:109BD0004633323143415F4E4F4E0031302E4830D4
:109BE00030333143415F4E4F4E0035332E483033D2
:109BF000333143415F4E4F4E0039342E48303533B8
:109C00003143415F4E4F4E0035372E4830333431AB
:109C100043415F4E4F4E003130312E4830353431A4
:109C200043415F4E4F4E003130352E48303734318E
:109C300043415F4E4F4E0032342E4830323531436F
:109C4000415F4E4F4E0036312E483033353143415F
:109C50005F4E4F4E0033312E483032363143415F34
:109C60004E4F4E0033362E483032373143415F4E2F
:109C70004F4E0036382E483033383143415F4E4F17
:109C80004E0037342E48303430304B415F4E4F4E0B
:109C90000031332E48303231304B415F4E4F4E0051
:109CA00034362E48303331304B415F4E4F4E003703
:109CB000392E48303431304B415F4E4F4E00312EFB
:109CC0004830453332304B415F4E4F4E00352E48C1
:109CD00030463332304B415F4E4F4E0039322E48C2
:109CE000303533304B415F4E4F4E0035362E4830C5
:109CF0003334304B415F4E4F4E003130302E4830C0
:109D00003534304B415F4E4F4E003130342E4830A9
:109D10003734304B415F4E4F4E0032322E48303296
:109D200035304B415F4E4F4E0036302E4830333584
:109D3000304B415F4E4F4E0032392E483032363074
:109D40004B415F4E4F4E0033352E48303237304B4B
:109D5000415F4E4F4E0036362E48303338304B413F
:109D60005F4E4F4E0031332E4830343030555F4B0C
:109D7000415F4E4F4E00352E4830323530555F4BE7
:109D8000415F4E4F4E0037382E48303430334D410E
:109D90005F4E4F4E0032302E48303231334D415FEE
:109DA0004E4F4E0034392E48303331334D415F4EE3
:109DB0004F4E0038362E48303431334D415F4E4FD0
:109DC0004E00342E4830453332334D415F4E4F4EB6
:109DD00000392E4830463332334D415F4E4F4E00EE
:109DE00031322E48303033334D415F4E4F4E0035C7
:109DF000352E48303333334D415F4E4F4E003938A6
:109E00002E48303533334D415F4E4F4E0035392E9D
:109E100048303334334D415F4E4F4E003130332E96
:109E200048303534334D415F4E4F4E003130372E80
:109E300048303734334D415F4E4F4E0032362E4856
:109E4000303235334D415F4E4F4E0036332E483061
:109E50003335334D415F4E4F4E0033332E48303251
:109E600036334D415F4E4F4E0033382E4830323737
:109E7000334D415F4E4F4E0037302E48303338332C
:109E80004D415F4E4F4E0032302E48303530355503
:109E9000415F4E4F4E0031382E48303433365541F5
:109EA0005F4E4F4E0037372E483034303259415FC5
:109EB0004E4F4E0031382E483032313259415F4ECC
:109EC0004F4E0034382E483033313259415F4E4FB7
:109ED0004E0038342E483034313259415F4E4F4EA7
:109EE00000332E48304533323259415F4E4F4E00D9
:109EF000382E48304633323259415F4E4F4E003192
:109F0000312E483030333259415F4E4F4E00353498
:109F10002E483033333259415F4E4F4E0039362E82
:109F2000483035333259415F4E4F4E0035382E4858
:109F30003033343259415F4E4F4E003130322E486B
:109F40003035343259415F4E4F4E003130362E4855
:109F50003037343259415F4E4F4E0032352E483043
:109F600032353259415F4E4F4E0036322E48303333
:109F7000353259415F4E4F4E0033322E4830323623
:109F80003259415F4E4F4E0033372E483032373210
:109F900059415F4E4F4E0036392E483033383259D2
:109FA000415F4E4F4E0031352E4830343031555FD1
:109FB000435F4E4F4E0032332E4830353431555FBB
:109FC000435F4E4F4E00372E4830323531555F4398
:109FD0005F4E4F4E0035302E4830333134445F4EA3
:109FE0004F4E0032322E4830353430555F4B5F4E85
:109FF0004F4E0031372E483032313143584C5F4E8E
:10A000004F4E0038332E483034313143584C5F4E78
:10A010004F4E0039352E483035333143584C5F4E62
:10A020004F4E0031352E48303231304B584C5F4E58
:10A030004F4E0038312E48303431304B584C5F4E43
:10A040004F4E0039332E48303533304B584C5F4E2D
:10A050004F4E0032312E48303231334D584C5F4E26
:10A060004F4E0038372E48303431334D584C5F4E08
:10A070004F4E0039392E48303533334D584C5F4EF2
:10A080004F4E0031392E483032313259584C5F4EE4
:10A090004F4E0038352E483034313259584C5F4ECF
:10A0A0004F4E0039372E483035333259584C5F4EB9
:10A0B0004F4E0031372E4830343033555F4D5F4EB0
:10A0C0004F4E0032352E4830353433555F4D5F4E9C
:10A0D0004F4E00392E4830323533555F4D5F4E4F6D
:10A0E0004E00312E48305452432D33354E5F4E4F83
:10A0F0004E00322E483054524B2D33354E5F4E4F6A
:10A100004E00332E483054524D2D33354E5F4E4F56
:10A110004E00342E48305452592D33354E5F4E4F39
:10A120004E0031322E4830333838555F4E4F4E0096
:10A1300031302E483032383341555F4E4F4E00316A
:10A14000312E483032383358555F4E4F4E0034323E
:10A150002E4830323830585F4E4F4E0037332E483D
:10A1600030333930585F4E4F4E0034342E48303241
:10A170003831585F4E4F4E0036352E483033363426
:10A18000585F4E4F4E0039312E4830353035585FCC
:10A190004E4F4E0035312E4830333235585F4E4FDA
:10A1A0004E0032382E4830323535585F4E4F4E0013
:10A1B00037352E48303430304B585F4E4F4E0031DB
:10A1C000342E48303231304B585F4E4F4E003830CD
:10A1D0002E48303431304B585F4E4F4E00362E48AB
:10A1E00030463332304B585F4E4F4E0035322E489A
:10A1F000303333304B585F4E4F4E0032332E4830A1
:10A200003235304B585F4E4F4E0033302E4830328F
:10A2100036304B585F4E4F4E0036372E483033386D
:10A22000304B585F4E4F4E0033342E483032363468
:10A230004B585F4E4F4E0031342E4830343030553D
:10A240005F4B585F4E4F4E00362E483032353055FA
:10A250005F4B585F4E4F4E0032312E48303530350F
:10A2600055585F4E4F4E0031392E483034333655F5
:10A27000585F4E4F4E0031362E4830343032555FE5
:10A28000595F4E4F4E0032342E4830353432555FD0
:10A29000595F4E4F4E00382E4830323532555F5997
:10A2A0005F4E4F4E0031322E483033383855003132
:10A2B000302E4830323833415500362E433031315C
:10A2C0003941550031312E48303238335855003736
:10A2D0002E433031313958550034322E483032381F
:10A2E00030580037332E4830333930580034342E4C
:10A2F0004830323831580031342E433033323458FC
:10A300000036352E4830333634580039312E483037
:10A31000353035580035312E48303332355800321B
:10A32000382E4830323535580037352E48303430E5
:10A33000304B580031342E48303231304B580038D1
:10A34000302E48303431304B5800362E48304633AA
:10A3500032304B580035322E48303333304B5800B2
:10A3600032332E48303235304B580033302E48309F
:10A370003236304B580036372E48303338304B5851
:10A380000033342E48303236344B580031342E48A6
:10A3900030343030555F4B5800362E48303235302F
:10A3A000555F4B580031302E4330313331555F4BC0
:10A3B000580032312E483035303555580031392E5D
:10A3C000483034333655580031322E433031333132
:10A3D000555F590031362E4830343032555F5900C0
:10A3E00032342E4830353432555F5900382E4830DB
:10A3F000323532555F5900352E4330313138555F93
:10A40000590030312E485033383820C9D5C2BC00ED
:10A41000332E43414E4F4E20C9D5C2BC00342E5579
:10A42000204F454D20485020C9D5C2BC00312E4F89
:10A43000454D20485020C9D5C2BC00352E55204E70
:10A440004F4E20485020C9D5C2BC00322E4E6F6EF0
:10A4500020485020C9D5C2BC0030332ECFD4CABE4C
:10A46000C9E8B1B8B0E6B1BE0030322E485033383A
:10A470003820BCECB2E200332E43414E4F4E20BC9C
:10A48000ECB2E200342E55204F454D20485020BC00
:10A49000ECB2E200312E4F454D20485020BCECB2CA
:10A4A000E200352E55204E4F4E20485020BCECB2D5
:10A4B000E200322E4E6F6E20485020BCECB2E2001B
:10A4C000E0A4000800000020903F00006C0100089C
:10A4D00090B50008903F0020C8930000C801000814
:10A4E000412D0102030404100906070809020406AD
:10A4F0000884A24A046918673030303130303203A2
:10A500001302A42308C0142044403320FF1AFF0183
:10A510004B33021C1A691C0B144C011C1A591C29C0
:10A5200018A91C1A321C013832051A2D541AD87079
:10A530001A3490A970291C1A4B1C0B148C0D1C1A70
:10A54000101C0B1440191C1A1D1C0B141C1B1C2A5C
:10A550003B700A141D1C1A941C0B1494201C1AB274
:10A560001C0B14482C1C1A771C0B14FC371C2A8457
:10A57000700A14391C2AA2700A103C1C326B135743
:10A5800097140844409B20C01C41291C0B109A962C
:10A590001C5A011C0B10F6981C1953391C0A112364
:10A5A0001C5A031C0A1162705A041C0B104AA31C8B
:10A5B00029C0291C0A11A58C5A061C0B1001991CD4
:10A5C0005A071C0A112E8C5A081C0A11B0545A0939
:10A5D0001C0A110C545A0A1C0A1139545A0B1C0A31
:10A5E0001136E05A0C1C0A1134E05A0D1C0B1005F0
:10A5F0009A1C5A0E1C0A1179A85A0F1C0A11E1A8BC
:10A600005A101C0A11D5A85A111C0A114D705A1261
:10A610001C0A1102385A131C0A1129385A141C0A30
:10A62000119BFC5A151C0A1160FC5A161C0A11F4E5
:10A63000E05A171C0A1150E05A181C0A117DA85A3A
:10A64000191C0A113C545A1A1C0A111F8C5A1B1C43
:10A650000A11B1C45A1C1C0A116B385A1D1C0A116C
:10A660000A385A1E1C0A1166C45A1F1C0A1193C4C8
:10A670005A201C0A1181705A211C0A11BC705A22DE
:10A680001C0A11151C5A231C0A11718C5A241C0A0D
:10A69000119E8C5A251C0B1064961C5A261C0B10FC
:10A6A000DA951C5A271C0A11EC1C5A281C0B10D9CD
:10A6B000A21C5A291C110911705A2A1C0A11ED38C2
:10A6C0005A2B1C0A1146385A2C1C0B1041971C5A45
:10A6D0002D1C0A1184385A2E1C0B10E0981C5A2F7E
:10A6E0001C0A110D1C5A301C0B10C0991C5A311C2D
:10A6F0000B1015A31C5A321C0A11551C5A331C0A84
:10A7000011BBA85A341C0A1117705A351C0A11447F
:10A71000A85A361C0B1078971C5A371C0A11D17096
:10A720005A381C0A112D705A391C0A115A705A3A9B
:10A730001C0A11A6705A3B1C0A11FF705A3C1C0AD5
:10A74000115B705A3D1C0A1188705A3E1C0A111484
:10A75000545A3F1C0B1001A31C5A401C0A11C7A8D5
:10A760005A411C0A1176385A421C0A1120385A43A1
:10A770001C0A117CC45A441C0A11A9C45A451C0B5A
:10A7800010D1951C5A461C0A11F61C5A471C0B1076
:10A79000E3A21C5A481C0A112BA85A491C0A112969
:10A7A000E05A4A1C0B106E961C5A4B1C0A11CAC464
:10A7B0005A4C1C0A11F7705A4D1C0A114C1C5A4E67
:10A7C0001C0A113F8C5A4F1C0B10119A1C5A501C1A
:10A7D0000A118FA85A511C0B10ED991C5A521C0AD1
:10A7E00011EBC45A531C0A1159705A541C0A1118FF
:10A7F000385A551C0A1135385A561C0A1132A85AB3
:10A80000571C0A11501C5A581C0A111E1C5A591C5C
:10A810000B100BA31C5A5A1C0B106D971C5A5B1C77
:10A820000A111DA85A5C1C0A11C6705A5D1C0B1037
:10A83000F9991C5A5E1C0A11221C5A5F1C0A1165E8
:10A84000705A601C0B104F981C5A611C0A11413839
:10A850005A621C0A1183E05A631C0A11DCC45A6450
:10A860001C0A1138A86A65A809118C5A661C0A11BD
:10A870008F705A671C0A11E8705A681C0A114470DC
:10A880005A691C0A1171705A6A1C0B10BE9C1C2953
:10A890001829040B10BD9B1C5A6C1C0B10E19E1C4C
:10A8A0005A6D1C0B10C29D1C5A6E1C0A11CD705A99
:10A8B0006F1C0B10DDA11C5A701C0A11CC8C5A7134
:10A8C0001C0A11F08C5A721C0A11D18C5A731C0A82
:10A8D00011DB545A741C0A11FF545A751C0A11E0FA
:10A8E000545A761C0A1191E05A771C0A11BFE05A9B
:10A8F000781C0B1023A01C5A791C0A1190A85A7AB4
:10A900001C0B10F39F1C5A7B1C0A11B4C45A7C1CEC
:10A910000A1183705A7D1C0A1195E05A7E1C0A1197
:10A9200053385A7F1C0A111A385A801C0A11FBFC32
:10A930005A811C0B10379C1C5A821C0A115BE05A6E
:10A94000831C0A113CE05A841C0B10499B1C5A853D
:10A950001C0A11A28C5A861C0A1138C45A871C0B77
:10A96000100AA21C5A881C0A1155C45A891C0A11C3
:10A9700079C45A8A1C0A115AC45A8B1C0A112870AD
:10A980005A8C1C0A1147A85A8D1C0A11648C5A8EC5
:10A990001C0A11888C5A8F1C0A11698C5A901C0B46
:10A9A00010739B1C5A911C0B10E89A1C5A921C0A9B
:10A9B00011F51C5A931C0B104EA11C5A941C0A1121
:10A9C00011705A951C0A116A385A961C0A11573888
:10A9D0005A971C0B10A09C1C5A981C0A119F385A9D
:10A9E000991C0B10C39E1C5A9A1C0B10A49D1C5A38
:10A9F0009B1C0B10D59F1C5A9C1C0A1194C45A9D79
:10AA00001C0A11EC1C5A9E1C0A11EAA85A9F1C0A27
:10AA1000110E705AA01C0A11EFA85AA11C0B10EBC2
:10AA20009C1C5AA21C0A11081C5AA31C0A112C7047
:10AA30005AA41C0B100D9E1C5AA51C0A11298C5AD5
:10AA4000A61C0A1146705AA71C0A116A705AA81C43
:10AA50000A114B705AA91C0B101F9B1C5AAA1C0BE5
:10AA60001078A11C5AAB1C0A1156A85AAC1C0B102A
:10AA700019A21C5AAD1C0A1173C45AAE1C0A1197B4
:10AA8000C46AAF8C0911C45AB01C0B10DB9A1C5A53
:10AA9000B11C0A1103E05AB21C0A115CE05AB31C43
:10AAA0000A1182A85AB41C0A11B0385AB51C0A11EE
:10AAB00081705AB61C0A11A5C45AB71C0B10869D8A
:10AAC0001C5AB81C0A11AF8C5AB91C0A11CE8C5AE8
:10AAD000BA1C0B1033A01C5ABB1C0A11AEA85ABCDE
:10AAE0001C0A1103385ABD1C0A11D2C45ABE1C0AD2
:10AAF0001193385ABF1C0A11B3E0190C391C0A1102
:10AB000063385AC11C0A113BA85AC21C0A11651CA1
:10AB10005AC31C0A112D1C5AC41C0B1086A11C5AA6
:10AB2000C51C0B10DC9C1C5AC61C0A1143A85AC732
:10AB30001C0A11F9705AC81C0A1113385AC91C0B87
:10AB4000101D9F1C5ACA1C0A11A3385ACB1C0B108B
:10AB5000FE9D1C5ACC1C0A1173385ACD1C0A11FADE
:10AB6000E05ACE1C0A11171C5ACF1C0A113BA85AD6
:10AB7000D01C0B101C9E1C5AD11C0A110AA85AD2B8
:10AB80001C0A1127705AD31C0A114B705AD41C0A84
:10AB9000112C7032D532110B10EB971C5AD61C0BAE
:10ABA00010B5991C5AD71C0A11D61C5AD81C0B1068
:10ABB000A09A1C5AD91C0B10F7A31C5ADA1C0B10B4
:10ABC000BAA21C5ADB1C0A11CF1C5ADC1C0B10E366
:10ABD000951C5ADD1C0A1193A85ADE1C0A11A58C7B
:10ABE0005ADF1C0A1171C45AE01C0A11C8385AE114
:10ABF0001C0B100A961C6AE2FC0911C45AE31C0AD9
:10AC00001128385AE41C0A115A1C6AE58C0911FCF7
:10AC100032E632190A11ABC45AE71C0A11B71C5AA2
:10AC2000E81C0A11C31C5AE91C0A11CF1C5AEA1C61
:10AC30000B10DF971C5AEB1C0B1099A31C5AEC1C31
:10AC40000B10AA991C5AED1C0A11EC385AEE1C0A7A
:10AC500011958C5AEF1C0B10AFA21C5AF01C0A1154
:10AC6000C41C5AF11C0A11A51C5AF21C0A11D2E08C
:10AC70005AF31C0A118CA85AF41C0A1187E05AF5E1
:10AC80001C0A11D4385AF61C0A117DE05AF71C0B25
:10AC900010BF981C5AF81C0A11BD545AF91C0A110D
:10ACA000B4385AFA1C0A11B2385AFB1C0A11CAC429
:10ACB0005AFC1C0A119E1C5AFD1C0A11E0545AFE33
:10ACC0001C0A1189E02908291C0B10E2A01C114A5A
:10ACD000011C0A11F21C5A011C0B1002A11C5A0281
:10ACE0001C0A11121C5A031C0B10769D1C5A041CC2
:10ACF0000B1048A21C5A051C0B10C69F1C5A061CA0
:10AD00000A1196385A071C0A11D3C45A081C0A1192
:10AD100030A85A091C0A113F1C5A0A1C0A11221C8D
:10AD20005A0B1C0A1165E05A0C1C0A1137A85A0D5F
:10AD30001C0A11A6E05A0E1C0A1176385A0F1C0A7A
:10AD400011B3E05A101C0B10969E1C5A111C0A11CC
:10AD500067545A121C0A1187385A131C0A115838A2
:10AD60005A141C0A11E3C45A151C0A11B61C5A16AF
:10AD70001C0A1186545A171C0A11C3E01A181C32F7
:10AD80006B4B57971C8B4C011C5A191C0B109A9635
:10AD90001C5A1A1C0B10F6981C5A1B1C0A11231C57
:10ADA0005A1C1C0A1162705A1D1C0B104AA31C5A13
:10ADB0001E1C0A11A58C5A1F1C0B1001991C5A202D
:10ADC0001C0A112E8C5A211C0A11B0545A221C0A3A
:10ADD000110C545A231C0A1139545A241C0A1136D6
:10ADE000E05A251C0A1134E05A261C0B10059A1C47
:10ADF0005A271C0A1179A85A281C0A11E1A85A29B5
:10AE00001C0A11D5A85A2A1C0A114D705A2B1C0A6B
:10AE10001102385A2C1C0A1129385A2D1C0A119B70
:10AE2000FC5A2E1C0A1160FC5A2F1C0A11F4E05A1D
:10AE3000301C0A1150E05A311C0A117DA85A321CEC
:10AE40000A113C545A331C0A111F8C5A341C0A1123
:10AE5000B1C45A351C0A116B385A361C0A110A380B
:10AE60005A371C0A1166C45A381C0A1193C45A393D
:10AE70001C0A1181705A3A1C0A11BC705A3B1C0AF8
:10AE800011151C5A3C1C0A11718C5A3D1C0A119E4A
:10AE90008C5A3E1C0B1064961C5A3F1C0B10DA9502
:10AEA0001C5A401C0A11EC1C5A411C0B10D9A21C44
:10AEB0005A421C110911705A431C0A11ED385A44A8
:10AEC0001C0A1146385A451C0B1041971C5A461C47
:10AED0000A1184385A471C0B10E0981C5A481C0A67
:10AEE000110D1C5A491C0B10C0991C5A4A1C0B10FE
:10AEF00015A31C5A4B1C0A11551C190C391C0A119C
:10AF0000BBA85A4D1C0A1117705A4E1C0A1144A8AE
:10AF10005A4F1C0B1078971C5A501C0A11D1705AAA
:10AF2000511C0A112D705A521C0A115A705A531C86
:10AF30000A11A6705A541C0A11FF705A551C0A11A6
:10AF40005B705A561C0A1188705A571C0A11145407
:10AF50005A581C0B1001A31C5A591C0A11C7A85A95
:10AF60005A1C0A1176385A5B1C0A1120385A5C1C8C
:10AF70000A117CC45A5D1C0A11A9C45A5E1C0B102C
:10AF8000D1951C5A5F1C0A11F61C5A601C0B10E369
:10AF9000A21C5A611C0A112BA85A621C0A1129E032
:10AFA0005A631C0B106E961C5A641C0A11CAC45AB0
:10AFB000651C0A11F7705A661C0A114C1C5A671C52
:10AFC0000A113F8C5A681C0B10119A1C5A691C0AF2
:10AFD000118FA85A6A1C0B10ED991C5A6B1C0A1190
:10AFE000EBC45A6C1C0A1159705A6D1C0A1118389E
:10AFF0005A6E1C0A1135385A6F1C0A1132A85A7041
:10B000001C0A11501C5A711C0A111E1C5A721C0B6E
:10B01000100BA31C5A731C0B106D971C5A741C0A3E
:10B02000111DA85A751C0A11C6705A761C0B10F90E
:10B03000991C5A771C0A11221C5A781C0A11657037
:10B040005A791C0B104F981C5A7A1C0A1141385A15
:10B050007B1C0A1183E05A7C1C0A11DCC45A7D1C3B
:10B060000A1138A86A7EA809118C5A7F1C0A118F10
:10B07000705A801C0A11E8705A811C0A1144705AD7
:10B08000821C0A1171705A831C0B10BE9C1C5A84BE
:10B090001C0B10BD9B1C5A851C0B10E19E1C5A8674
:10B0A0001C0B10C29D1C5A871C0A11CD705A881C9B
:10B0B0000B10DDA11C5A891C0A11CC8C5A8A1C0A5F
:10B0C00011F08C5A8B1C0A11D18C5A8C1C0A11DB82
:10B0D000545A8D1C0A11FF545A8E1C0A11E0545AFE
:10B0E0008F1C0A1191E05A901C0A11BFE05A911C62
:10B0F0000B1023A01C5A921C0A1190A85A931C0BE7
:10B1000010F39F1C5A941C0A11B4C45A951C0A11BE
:10B1100083705A961C0A1195E05A971C0A115338ED
:10B120005A981C0A111A385A991C0A11FBFC5A9A8F
:10B130001C0B10379C1C5A9B1C0A115BE05A9C1C70
:10B140000A113CE05A9D1C0B10499B1C5A9E1C0A7C
:10B1500011A28C5A9F1C0A1138C45AA01C0B100A49
:10B16000A21C5AA11C0A1155C45AA21C0A1179C466
:10B170005AA31C0A115AC45AA41C0A1128705AA5B1
:10B180001C0A1147A85AA61C0A11648C5AA71C0A4B
:10B1900011888C5AA81C0A11698C5AA91C0B1073AF
:10B1A0009B1C5AAA1C0B10E89A1C5AAB1C0A11F5DE
:10B1B0001C5AAC1C0B104EA11C5AAD1C0A1111706C
:10B1C0005AAE1C0A116A385AAF1C0A1157385AB0C5
:10B1D0001C0B10A09C1C5AB11C0A119F385AB21C9F
:10B1E0000B10C39E1C5AB31C0B10A49D1C5AB41CFC
:10B1F0000B10D59F1C5AB51C0A1194C45AB61C0AD0
:10B2000011EC1C5AB71C0A11EAA85AB81C0A110EF4
:10B21000705AB91C0A11EFA85ABA1C0B10EB9C1CEF
:10B220005ABB1C0A11081C5ABC1C0A112C705ABDAE
:10B230001C0B100D9E1C5ABE1C0A11298C5ABF1CD7
:10B240000A1146705AC01C0A116A705AC11C0A11B0
:10B250004B705AC21C0B101F9B1C5AC31C0B10783E
:10B26000A11C5AC41C0A1156A85AC51C0B1019A2BD
:10B270001C5AC61C0A1173C45AC71C0A1197C46A07
:10B28000C88C0911C45AC91C0B10DB9A1C5ACA1C61
:10B290000A1103E05ACB1C0A115CE05ACC1C0A11BB
:10B2A00082A85ACD1C0A11B0385ACE1C0A118170DE
:10B2B0005ACF1C0A11A5C45AD01C0B10869D1C5ACB
:10B2C000D11C0A11AF8C5AD21C0A11CE8C5AD31C35
:10B2D0000B1033A01C5AD41C0A11AEA85AD51C0A54
:10B2E0001103385AD61C0A11D2C45AD71C0A11931A
:10B2F000385AD81C0A11B3E05AD91C0A1163385ABB
:10B30000DA1C0A113BA85ADB1C0A11651C5ADC1C0A
:10B310000A112D1C5ADD1C0B1086A11C5ADE1C0BB9
:10B3200010DC9C1C5ADF1C0A1143A85AE01C0A11AD
:10B33000F9705AE11C0A1113385AE21C0B101D9FB8
:10B340001C5AE31C0A11A3385AE41C0B10FE9D1C66
:10B350005AE51C0A1173385AE61C0A11FAE05AE73A
:10B360001C0A11171C5AE81C0A113BA85AE91C0BAD
:10B37000101C9E1C5AEA1C0A110AA85AEB1C0A113E
:10B3800027705AEC1C0A114B705AED1C0A112C70D4
:10B390001AEE1C32110B10EB971C5AEF1C0B10B558
:10B3A000991C5AF01C0A11D61C5AF11C0B10A09AB9
:10B3B0001C5AF21C0B10F7A31C5AF31C0B10BAA258
:10B3C0001C5AF41C0A11CF1C5AF51C0B10E3951CD7
:10B3D0005AF61C0A1193A85AF71C0A11A58C5AF8A0
:10B3E0001C0A1171C45AF91C0A11C8385AFA1C0BEC
:10B3F000100A961C6AFBFC0911C45AFC1C0A11288D
:10B40000385AFD1C0A115A1C6AFE8C0911FC1AFFDD
:10B410001C32190A11ABC4114A021C0A11B71C5A7A
:10B42000011C0A11C31C5A021C0A11CF1C5A031C0E
:10B430000B10DF971C5A041C0B1099A31C5A051CF7
:10B440000B10AA991C5A061C0A11EC385A071C0A40
:10B4500011958C5A081C0B10AFA21C5A091C0A111A
:10B46000C41C5A0A1C0A11A51C5A0B1C0A11D2E052
:10B470005A0C1C0A118CA85A0D1C0A1187E05A0E8E
:10B480001C0A11D4385A0F1C0A117DE05A101C0BEB
:10B4900010BF981C5A111C0A11BD545A121C0A11D3
:10B4A000B4385A131C0A11B2385A141C0A11CAC4EF
:10B4B0005A151C0A119E1C5A161C0A11E0545A17E0
:10B4C0001C0A1189E05A181C0B10E2A01C5A191C06
:10B4D0000A11F21C5A1A1C0B1002A11C5A1B1C0A3E
:10B4E00011121C5A1C1C0B10769D1C5A1D1C0B1093
:10B4F00048A21C5A1E1C0B10C69F1C5A1F1C0A1166
:10B5000096385A201C0A11D3C45A211C0A1130A89B
:10B510005A221C0A113F1C5A231C0A11221C5A24AD
:10B520001C0A1165E05A251C0A1137A85A261C0A64
:10B5300011A6E05A271C0A1176385A281C0A11B3A2
:10B54000E05A291C0B10969E1C5A2A1C0A1167549B
:10B550005A2B1C0A1187385A2C1C0A1158385A2D9C
:10B560001C0A11E3C45A2E1C0A11B61C5A2F1C0ABD
:10B570001186545A301C0A11C3E01A311C811AFF7B
:10B5800015290422344220DA3001C17204293F0017
:0400000508000131BD
:00000001FF
