:020000040000FA
:10000000E8460120F900000001010000593F00000E
:1000100005010000070100000901000000000000C8
:100020000000000000000000000000000B010000C4
:100030000D010000000000000F010000E16F000052
:100040001301000013010000130100001301000060
:100050001301000013010000130100001301000050
:100060001301000013010000130100001301000040
:100070001301000013010000130100001301000030
:100080001301000013010000CD73000013010000F4
:100090001301000013010000130100001301000010
:1000A0001301000013010000130100001301000000
:1000B0008978000013010000130100001301000003
:1000C00013010000130100001301000013010000E0
:1000D00013010000130100001301000013010000D0
:1000E00013010000DFF80CD000F046FD0048004787
:1000F0004D980000E8460120064880470648004722
:10010000FEE7FEE7FEE7FEE7FEE7FEE7FEE7FEE7C7
:10011000FEE7FEE75D720000E50000002DE9F05FFC
:100120000546002092469B46884606468146402466
:100130001BE0284641464746224600F0A5FB5346B1
:100140005A46C01A914110D311461846224600F073
:100150008CFB2D1A67EB01084F4622460120002137
:1001600000F083FB17EB00094E41201EA4F10104AF
:10017000DFDC484631462A464346BDE8F09FA0F101
:100180004101192900D82030704700000649074A6C
:100190000868504343F23902104408604008704731
:1001A0000149086070470000000000206D4EC64104
:1001B00010B5431A934209D28318881803E010F847
:1001C000011D03F8011D521EF9D210BD40EA0103C2
:1001D0009B0703D009E008C9121F08C0042AFAD2FD
:1001E00003E011F8013B00F8013B521EF9D210BDAB
:1001F000D2B201E000F8012B491EFBD27047002269
:10020000F6E710B513460A4604461946FFF7F0FF15
:10021000204610BD421E12F8013F002BFBD111F801
:10022000013B02F8013B002BF9D1704730B5054680
:100230002A460B4612F8010B13F8014B08B1A042F5
:10024000F8D01CB1002802D06D1CF1E7284630BD63
:1002500010B5044604E00B7800F8013B03B1491CDB
:10026000521EF8D2204610BDCAB2401E10F8011F1F
:100270008A4202D00029F9D100207047421C10F8B0
:10028000011B0029FBD1801A704710B5002200E045
:10029000521C835C8C5CA34201D1002BF8D1D8B2F4
:1002A000E1B2401A10BDCBB203E00178994203D00D
:1002B000401C521EF9D20020704730B50446002081
:1002C000034600E05B1C934203D2E05CCD5C401B24
:1002D000F8D030BD10B5044600E0401C0378002B78
:1002E000FBD100E0401C521E04D311F8013B037007
:1002F000002BF7D100210170204610BD034611F8F4
:10030000012B00F8012B002AF9D11846704730B5AF
:1003100005460020034600E05B1C934205D2EC5CDE
:10032000C85C201A01D1002CF6D130BD10B548436D
:1003300004461CF059FB002805D00021002C02D0F7
:10034000641E0155FAE710BD0FB400B58DB010A9B9
:1003500009900B9000914FF0FF300A9000200C9014
:1003600005480690054807906A4609A80F9900F0CD
:10037000C1FA0DB05DF814FB110900002F0900004F
:100380002DE9FF5F1D464FF0FF3BD5E90146914641
:100390005F464FF00008A9697F1C01988847296AC9
:1003A000824688470028F6D1BAF1FF3F0CD024F4EA
:1003B000C064002E19DD600614D5BAF12B0F09D0E8
:1003C000BAF12D0F0ED103E0584604B0BDE8F09FFE
:1003D00044F48064A9697F1C01988847761E824690
:1003E000002E02DDBAF1300F03D0B9F1000F26D094
:1003F00032E0A969761E44F400747F1C0198884796
:100400008246002E05DDBAF1780F06D0BAF1580FFA
:1004100003D0B9F1000F10D01EE0B9F1000F02D0E7
:10042000B9F1100F18D1A969761E24F400747F1C4D
:10043000019888478246102002E0082000E00A2048
:10044000814609E008FB0908A969761E44F4007496
:100450007F1C019888478246002E05DD494650469C
:1004600000F034FA0028EDDAE96901988847A00520
:1004700002D46FF00100A8E7E00725D1600613D58C
:10048000600502D5C8F1000000E0404629680A1D59
:100490002A600968220501D5087015E0220701D5F8
:1004A000088011E008600FE02868011D29600068DD
:1004B000210502D580F8008006E0210702D5A0F8CA
:1004C000008001E0C0F8008038467EE72DE9FF5F3C
:1004D000D2E901A74FF00008916999461446DDF86A
:1004E00038B0464601988847054659EA0B0005D0C2
:1004F00009E0A169761C019888470546216A2846CB
:1005000088470028F5D1681C03D05FEACA7005D07F
:1005100015E04FF0FF3004B0BDE8F09F2068011DEA
:100520002160D0F800800AE05FEACA7001D108F8C3
:10053000015BA169761C7F1E019888470546002F44
:100540001ADD681C18D0B9F1000F0DD0E81705EBC3
:10055000D060421120F01F0059F822102A1A012001
:1005600090400142E0D107E0BBF1000FDCD1216AED
:10057000284688470028D7D0E16901988847BBF111
:10058000000F07D1002E05DD5FEACA7002D10021FD
:1005900088F80010A068B84203DDBBF1000F03D05B
:1005A00017B16FF00100B6E73046B4E72DE9FE4F12
:1005B000804681EA0300C00F0C46009021F0004104
:1005C00023F00045B8EB0200A94105D24046214680
:1005D00090461C460B46024623F00040104347D08D
:1005E000270DC7F30A00C3F30A510290401A019085
:1005F00040286BDAC3F3130040F4801B0098924646
:1006000020B10023D2EB030A63EB0B0B0198594690
:10061000C0F14002504600F028F906460D4650460B
:100620005946019A00F040F910EB0800614100249E
:1006300087EA115284EAE7731A4340D0009A62B302
:10064000019A012A4FEA075215DC001B61EB0201F7
:100650004FF0004202EA0752CDE90042001C41F58A
:10066000801132462B4600F082F903B0BDE8F08FCE
:1006700040462146F9E7001B61EB0201001C41F5F1
:10068000801300185B412018A2F5001747EB030107
:1006900040EAD570B6196D4111E06D084FEA360693
:1006A00045EAC0754FEA0752001B61EB0201001CCE
:1006B00041F5801149084FEA300000195141324696
:1006C0002B4603B0BDE8F04F00F042B9009801227C
:1006D00040000023D0EB020263EBE0730098214658
:1006E0004FEAE074B8EB000061EB0401E9E783F046
:1006F00000435BE781F0004158E72DE9FE4F81EAB6
:10070000030404F0004421F0004100944FF0000B7A
:1007100023F0004350EA01045ED052EA03045BD0A8
:10072000C3F30A54C1F30A552C44A4F2F3340194E0
:10073000A0FB0254C1F3130141F48011C3F313036E
:1007400043F4801301FB024400FB034E840A970A22
:1007500044EA815447EA8357A4FB076802958D0A4F
:1007600005FB07854FEA932C04FB0C542705029DDB
:100770004FEA065847EA1637B5EB08056EEB070C4B
:10078000870E920E47EA811742EA8312A7FB020105
:10079000B6EB0B0164EB00042B0D43EA0C335E183F
:1007A00044EB1C50DA465146E7FB0201C5F3130443
:1007B0004FEA0B3343EA14534FEA0432019C43EAF5
:1007C0000603A4F10C040294009CCDE900B400F0EF
:1007D000CEF803B0BDE8F08F00200146F9E70EB572
:1007E000C10F80EAE0700844CA07002140F2334399
:1007F0008DE80E000A460B4600F0B9F803B000BDC4
:1008000070B5C1F30A5201F000450024C1F3130191
:1008100040F2FF3341F480119A4201DA002070BDAA
:1008200040F233439A42A2F2334203DC524200F0D8
:100830002BF800E090402C43F1D0404270BD30B521
:100840000B46014600202022012409E021FA02F58E
:100850009D4205D303FA02F5491B04FA02F5284428
:10086000151EA2F10102F1DC30BD202A04DB203A82
:1008700000FA02F1002070479140C2F1200320FAF3
:1008800003F3194390407047202A04DB203A21FAF1
:1008900002F00021704721FA02F3D040C2F1200299
:1008A0009140084319467047202A06DBCB17203AAF
:1008B00041FA02F043EAE07306E041FA02F3D04065
:1008C000C2F1200291400843194670473A2800D2ED
:1008D000303820F02002412A01D3A2F137008842AB
:1008E00001D34FF0FF307047026811441378016064
:1008F00018467047D16004495161044911620021D2
:100900001161114600F050B9E90800009D0B00008C
:10091000426842B1016811F8013B23B1521EC0E99F
:100920000012184670470121C160881E7047426856
:100930005AB1C368016843B983688B4205D0491E28
:10094000521CC0E90012002070474FF0FF30704782
:1009500010B5141E73F1000408DA401C41F10001C7
:1009600092185B411A4301D120F0010010BD2DE91E
:10097000F04D92469B4611B1B1FA81F202E0B0FA15
:1009800080F220329046FFF770FF04460F4640EA9F
:100990000A0041EA0B0153465A46084313D0114658
:1009A00053EA010019D0C8F140025046FFF76CFF2E
:1009B00005460E46504659464246FFF756FF084345
:1009C00005D0012004E020463946BDE8F08D002026
:1009D000054346EAE0762C4337430A986305E40A68
:1009E000A0EB08000022FD0A44EA47540A3002D571
:1009F00000200146E9E7010510196941DDE90845D4
:100A000000196941BDE8F04DA2E72DE9F04D81EAFA
:100A1000030404F0004B21F0004514464FF0000A97
:100A200023F0004150EA050220D054EA01021DD013
:100A3000C5F30A570246C5F31303C1F31300C1F30C
:100A40000A5640F4801543F48013A7EB0608101BE8
:100A5000D64608F2FD3873EB050002D308F1010811
:100A600001E092185B41B8F1000F03DA0020014663
:100A7000BDE8F08D00204FF48011064684460EE05C
:100A8000171B73EB050705D3121B63EB0503064326
:100A90004CEA010C49084FEA300092185B4150EAD9
:100AA0000107EDD152EA030012D082EA040083EA82
:100AB0000501084305D0101BAB4106D201220023DB
:100AC00006E000224FF0004302E06FF001025310F5
:100AD0001AEB06004CEB085110EB0A0041EB0B013E
:100AE000BDE8F04DFFF734BF70B521F0004303437C
:100AF0000CD0C1F30A550024D5EB040564EB0403C4
:100B0000D617AD1AB34102DB0020014670BD201894
:100B100041EB025170BDC1F30A52C1F3130140F21F
:100B2000FF3341F480119A4202DA002001467047F7
:100B300040F233439A42A2F2334202DC5242FFF7C0
:100B4000A3BEFFF792BE000030B5041E71F1000491
:100B500004DB4FF00044404264EB0101141E73F1CA
:100B6000000405DB1C464FF00043524263EB0403D4
:100B7000994208BF904230BD064C074D06E0E06840
:100B800040F0010394E8070098471034AC42F6D3D4
:100B9000FFF7ACFA480A0200680A0200C0B24FF43C
:100BA000F05100F0E9B900002DE9F34F8BB04FF0A0
:100BB000000801F10C000C464FF0010B46460DF108
:100BC000080A01906269012101989047051E2DD005
:100BD000252D2CD0216A8847C0B162690121019876
:100BE0009047216A88470028F7D1411E6269019821
:100BF000904700E0761CA1690B988847216A8847D6
:100C00000028F7D1E1690B988847DBE7A1690B98C9
:100C100088470746A84201D1761CD3E7E1690B98C3
:100C200088477F1C02D1B8F1000F6FD046E1002742
:100C300062693D463946019890472A2804D1626985
:100C40000121019890470125DFF884926269012112
:100C500001989047A0F130010A290AD24F45E5DCFE
:100C600007EB870100EB4107303FDFD445F010056B
:100C7000ECE7E90601D46FF000476C280AD04C2855
:100C800014D0682815D06A280DD074281CD07A2872
:100C90001AD01DE062690121019890476C2802D0AA
:100CA00045F0040514E045F002050DE045F020058F
:100CB0000AE06269012101989047682802D045F056
:100CC000080505E045F40065626901210198904737
:100CD000C4E9015765283DD019DC58287AD00CDCCE
:100CE000452837D004DC252826D0412831D131E0F1
:100CF00046282FD047282CD12CE05B2877D06128BC
:100D000028D063287CD0642823D15AE0D0E06F2813
:100D100048D008DC66281DD067281BD0692821D060
:100D20006E2816D127E0702845D0732868D0752822
:100D300047D078280DD14DE0A1690B98884705462A
:100D400025283FF469AFE1690B9888476D1C3FF493
:100D50006AAFB3E023466A466FF001000B99AFF328
:100D600000809EE045F040006060A80723464FF0F9
:100D7000000236D43EE0E8077FF447AF2068011D4B
:100D800021600068290501D506701BE7290701D5F8
:100D9000068017E7A90703D5F117C0E9006111E73D
:100DA00006600FE745F040006060A80723464FF05B
:100DB000080216D41EE040F60E0125EA010060602C
:100DC00016E045F040006060A80723464FF00A0295
:100DD00007D40FE045F040006060A80708D523461F
:100DE00010226FF001000B99AFF3008059E007E08B
:100DF000234610226FF001000B99FFF7C1FA50E073
:100E00004FF000094F464B46632802D05B2806D0BE
:100E100040E0E80601D40120A06001273AE06269C1
:100E20000121019890475E2805D14FF001096269C0
:100E3000494601989047216939B900210A4653462D
:100E400043F82120491C0829FADBB0B3216969B9AC
:100E5000C11700EBD16253110AEB830122F01F028C
:100E6000821A01200B68904003430B6062690121E4
:100E7000019890475D28E8D1B9F1000F09D0002012
:100E8000514651F82020D24341F82020401C082828
:100E9000F7DB02AB224600976FF001000B99FFF7DA
:100EA00015FB00280CDA401C08D1BBF1000F05D05F
:100EB0004FF0FF300DB0BDE8F08FFFE74046F9E797
:100EC000E90701D108F1010806444FF0000B79E66B
:100ED000CCCCCC0C2DE9F04D00231A461B1A8A41CC
:100EE00003DB00200146BDE8F08DC1F30A52C1F3D7
:100EF000130141F480154FF0000BD10702D1001807
:100F00006D41521E0027044640F2FF11384601EBA6
:100F1000620A3E468046024600204FF48011FFF7E9
:100F2000B3FCC2197141BB1846EB0100B4EB030CD2
:100F300075EB000C04D3E41A65EB000517460E466A
:100F4000241908F101006D4180463428E3DDF919C8
:100F500046EB0600091BA84103D24FF0FF321346AF
:100F600001E0002213461BEB070046EB0A51BDE8E7
:100F7000F04DFFF7EDBC00007F2801D9002208E00A
:100F8000064A02EB5002C007127800D1120902F0A3
:100F90000F020120904008407047000058CB01002C
:100FA00070B58C1810F8015B15F0070301D110F82B
:100FB000013B2A1106D110F8012B03E010F8016B58
:100FC00001F8016B5B1EF9D12B0705D40023521EDB
:100FD0000DD401F8013BFAE710F8013BCB1A921C43
:100FE00003E013F8015B01F8015B521EF9D5A14241
:100FF000D8D3002070BD00002DE9F04FADF2DC4DDC
:101000000C268DF8136002F033F806F04DFD37AC76
:1010100020464FF48061FFF7F2F805AD2846C8215D
:10102000FFF7EDF840F2FC58C2F2000840F2EA4146
:1010300008F11902C0F2020128461AF001F940F243
:10104000D840C0F2020000212A462346002502F0C3
:10105000B5F8052858D12046FFF710F90028C8BF79
:10106000012501284FDB01469DF8DC007B2837A8CD
:101070000DD02144013000BF88424FF0000538BF39
:10108000012540D210F8012B7B2AF5D10138D5B3C8
:1010900007F0A8FAB8B3B5A1044607F067FA064608
:1010A000B5A1204607F062FAB5A1204607F05EFA26
:1010B0000546B5A1204607F059FAB5A1204607F02C
:1010C00055FAB5A1204607F051FA8146B3A1204652
:1010D00007F04CFA8346B3A1204607F047FA78B1EF
:1010E000006907F07FFA03902EB1B9F1000F18BF25
:1010F000BBF1000F6DD1204607F00EFA039800E017
:10110000204607F009FA05268DF813609DF81300B4
:1011100028B19DF813000DF2DC4DBDE8F08F42F2CE
:101120005C25C2F2000505F296642046FFF7A6F89A
:101130000246000448D090B2002100BF55FA81F366
:1011400058FA81F793F896367F7EBB4205D83BD399
:101150000131CBB28342F1D336E008F10C002146D5
:10116000FFF776F805F5217440F2CA41C0F202019A
:1011700020460D22FFF7A1F8E8B140F2BF41C0F2CE
:10118000020120460A22FFF798F8002800F0E080CC
:1011900040F2B141C0F2020120460D22FFF78DF866
:1011A00090B901F03FF80B2802BF13200DF2DC4D7F
:1011B000BDE8F08F08E001F035F80B2802BF0E20E3
:1011C0000DF2DC4DBDE8F08F0C200DF2DC4DBDE8DA
:1011D000F08F039800288ED0029540F2CA45C0F2E5
:1011E00002050398294607F0C1F9B0B901964E46A9
:1011F0004FF0000A0FF2BC19BAF1020F00F0AD80F7
:1012000009EB8A0103984D680AF1010A294607F0A3
:10121000ADF90028F0D0B146019E074642F25C2AA3
:101220007169C2F2000A504640F8041B029940223C
:101230000969FFF70DF80AF521702946102202907E
:10124000FFF706F839690AF525704FF480620190BE
:10125000FEF7FEFFDBF810100AF296600D22FEF793
:10126000F7FFD9F810603046FFF708F800284FF074
:101270000001C8BF012101284FF000096DDBAAEB76
:101280000602304402F142050CE009F1010906EBC7
:10129000090282424FF0000138BF01218242A5F1CC
:1012A00001055AD216F809202F2AEED106EB0907BC
:1012B0007A782F2AE9D1C8074FD007F1020B584698
:1012C000FEF7DCFF00210028C8BF0121012844DB14
:1012D0009BF800202F2A5A460CD0FA1C5844824210
:1012E0004FF0000138BF012137D212F8013B2F2BFC
:1012F000F5D1013A89B3901BA0EB09001646821E76
:101300000AF144005946FEF7A3FF0020A8550AF150
:1013100084003146FEF7F2FF40F2BF410298C0F26E
:1013200002010A22FEF7C9FF019D20B928463B2190
:10133000FEF79AFF88B12846FEF7A0FFAAF89406A8
:10134000204607F0E9F8039807F0E6F80026DBE608
:101350000D200DF2DC4DBDE8F08F204607F0DCF8E3
:10136000039807F0D9F80426CEE600BF66696C65DD
:101370005F73697A6500000066775F747970650055
:101380006D643573756D00007461736B5F69640023
:10139000747970650000000075726C007665727378
:1013A000696F6E00757365725F646566696E65640A
:1013B00000000000CA040200BF040200B1040200E1
:1013C00070B504464FF6D120C0F2010003F082F957
:1013D0004FF6DB20C0F2010003F07CF9012C10D0A5
:1013E000002C18BF70BD4FF6EF544FF615654FF641
:1013F0003040C0F20104C0F2010520A6C0F2010095
:1014000009E04FF6A4644FF68165C0F2010408A616
:10141000C0F2010510A003F05DF9304603F05AF95F
:10142000284603F057F92046BDE8704003F052B952
:101430004443313628382C34342C27CAC7B7F1B886
:10144000FCD0C2B1BEB5D8B9CCBCFEB0FC272C32A2
:10145000293B0D0A00000000444331362832342C69
:1014600032382C27D0C2B9CCBCFEB0FCD2D1CFC20E
:10147000D4D8272C32293B0D0A00000044433136D2
:101480002832342C32382C27557064617465206FF3
:1014900072206E6F74272C32293B0D0A0000000069
:1014A0002DE9F04381B040F2B424C2F200040F46AB
:1014B000DDF820900546201D3C2198461646FEF793
:1014C0009EFEA80841F27B4C44F6427100FB0CF2F0
:1014D000C2F658012160510C30204FF0640E00EB31
:1014E000524301FB1E5123718BB24CF6CD4105FBDB
:1014F00001F203FB01F3D20C02EB820240EAD34378
:10150000A5EB4202637142F03002A271BA0802FBFD
:101510000CF22C23550C00EB524205FB1E75227277
:10152000AAB207FB01F502FB01F2ED0C05EB850504
:1015300040EAD242A7EB4505627245F03002A27242
:10154000B20802FB0CF2E371550C00EB524205FBB2
:101550001E652273AAB206FB01F502FB01F2ED0C37
:1015600005EB850540EAD242A6EB4505627345F0DE
:101570003002A2734FEA980202FB0CF2E372570C9E
:1015800000EB524207FB1E872274BAB208FB01F738
:1015900002FB01F1FA0C02EB820240EAD141A8EB16
:1015A0004202617442F03001A174CD2109FB01F1C6
:1015B000E373CA0A02EB820200EBD120A9EB4201DD
:1015C000207541F0300043F62931C0F60D21E37457
:1015D00060752046C4F8161001B0BDE8F083000025
:1015E0002DE9F04140F2B424C2F200040F46054652
:1015F000601D3B2198461646FEF701FE282020710B
:10160000A80841F27B4E44F2443100FB0EF3C3F2D2
:1016100031614FF0300C2160590C0CEB53436420C6
:1016200001FB105163714CF6CD4305FB03F289B207
:10163000D20C01FB03F102EB82024CEAD141A5EB93
:101640004202A17142F03001BA0802FB0EF2E171D0
:10165000550C0CEB524205FB1070627207FB03F253
:1016600080B2D20C00FB03F002EB82024CEAD040C5
:10167000A7EB4202A07242F030002C21E07242F24D
:101680002C702172A08132786AB10023002700BF3C
:101690003D46181901378273FBB2F25C002AF7D17C
:1016A00005F10F0200E00E22D3B22727E754CD2721
:1016B000501C08FB07F7C0B22154F80A00EB800069
:1016C000931C0CEBD721A8EB4000D71CDBB2E154F4
:1016D00040F03000111DFAB2A05443F62932C9B2CD
:1016E000C0F60D2220466250BDE8F0812DE9F041A0
:1016F00040F2B424C2F200040F460546A01D3A2170
:1017000098461646FEF77BFD42F63400A080A808F6
:1017100041F27B4E44F2443100FB0EF3C3F25621FA
:101720004FF0300C2160590C0CEB5343642001FB4B
:101730001051A3714CF6CD4305FB03F289B2D20CD4
:1017400001FB03F102EB82024CEAD141A5EB42021C
:10175000E17142F03001BA0802FB0EF22172550C21
:101760000CEB524205FB1070A27207FB03F280B231
:10177000D20C00FB03F002EB82024CEAD040A7EB54
:101780004202E07242F030002C21207342F22C70B1
:101790006172A4F80D0032786AB10023002700BFFF
:1017A0003D4618190137C273FBB2F25C002AF7D12B
:1017B00005F1100200E00F22D3B22727E754CD270E
:1017C000501C08FB07F7C0B22154F80A00EB800058
:1017D000931C0CEBD721A8EB4000D71CDBB2E154E3
:1017E00040F03000111DFAB2A05443F62932C9B2BC
:1017F000C0F60D2220466250BDE8F08140F2FC5058
:10180000C2F2000090F8FD130122012908BF022254
:1018100080F8FD2370470000F0B581B004F016FB9E
:1018200000B34FF6D1244FF6DB254FF69836C0F2C1
:101830000104C0F20105C0F201060BA7204602F028
:1018400049FF284602F046FF304602F043FF384683
:1018500002F040FF4FF4FA6005F016FD04F0F6FACE
:101860000028EBD101B0F0BD4443313628302C378D
:10187000302C27506C6561736520436865636B206D
:1018800053442043617264272C31293B0D0A000028
:10189000B0B504464FF6D120C0F2010002F01AFFA5
:1018A0004FF6DB20C0F2010002F014FF012C0CD037
:1018B000002C18BFB0BD4FF6EF544FF61565C0F2BF
:1018C0000104C0F2010514A008E04FF6A4644FF62D
:1018D0008165C0F20104C0F2010505A002F0FAFE24
:1018E000284602F0F7FE2046BDE8B04002F0F2BE06
:1018F0004443313628382C32382C27D0C2B9CCBCDE
:10190000FEB0FCA3ACCAC7B7F1CFC2D4D8272C32E3
:10191000293B0D0A00000000444331362831312CA8
:1019200034302C27446F776E6C6F61642046697287
:101930006D77617265272C32293B0D0A000000008B
:10194000034645F23820C0F23700C3F8070044F2DE
:101950003660C3F65900586045F24600C4F64D6043
:10196000186043F23040C0F2380044F24A3CC3F8F9
:10197000130003F1230004A1C5F6597C1922C3F812
:101980000FC0FEF715BC00BF4B424742566E66754E
:10199000785448665A4F6E52544759422B773D3D12
:1019A0000000000080B54FF6D120C0F2010002F027
:1019B00091FE4FF6DB20C0F2010002F08BFE07A083
:1019C00002F088FE0DA002F085FE16A002F082FE55
:1019D0004FF47A60BDE8804005F056BC4443313690
:1019E0002833302C33302C27CEDEB7A8C1ACBDD382
:1019F000CDF8C2E7272C31293B0D0A00444331368C
:101A000028352C37302C27C7EBC8B7C8CFCAC7B783
:101A1000F1C1ACBDD3CDF8CFDF272C34293B0D0A63
:101A200000000000444331362832302C3130302C55
:101A300027BCB4BDABB7B5BBD8B2CBB5A52E2E2E47
:101A4000272C34293B0D0A002DE9F041B0B00DF1EF
:101A5000400840468021FEF7D2FB01AE3046FFF73A
:101A60006FFF40F2F424C2F20004204603F0B6FCFB
:101A700006F10F053DA1204632462B4619F0E0FB4A
:101A800004F140073BA1384632462B4619F0D8FBFB
:101A900040468021FEF7B3FB06F12300414606F0E5
:101AA000EDFB05463846FEF7E9FBEEB204F1800592
:101AB000014638462A464346009617F049F828461C
:101AC000FEF7DCFB46F63B02C6F26D1229182A50DF
:101AD00047F26330C6F2681041F286054860312053
:101AE000C2F200050881284603F024FC284621465E
:101AF00000F050F8A8B141F2860440F2F425052622
:101B0000C2F20004C2F20005013E300626D04FF4B6
:101B10007A7005F0B9FB2046294600F03BF8002812
:101B2000F2D141F28600C2F2000005F0F1F988B16D
:101B300041F286040525C2F2000400BF013D2806DB
:101B400010D04FF47A7005F09FFB204605F0E0F9C5
:101B50000028F3D1002030B0BDE8F081012030B082
:101B6000BDE8F081042030B0BDE8F0812573257315
:101B700000000000257325733B31323031303132A3
:101B8000363B31316664353B32373739353435369B
:101B9000303000002DE9F04196B0044601200E4699
:101BA00007F052FD000605D0B4F8041104F6061043
:101BB00005F01AF8B4F8047104F6061528463946FB
:101BC000FEF71DFBE8464CF69831C0F20101404695
:101BD0005822FEF7EDFAB4F802013946ADF81800C4
:101BE00094F8010142468DF81A0006F14000109069
:101BF00006F1800013902846039602F063FE01462A
:101C0000284604F0F9FF322007F0F6F8012007F02B
:101C10001BFD00060BD105263220013E07F0ECF833
:101C2000300413D0012007F00FFD0006F4D0B4F803
:101C30000411284604F0D8FF94F8060900F0F000DB
:101C4000203818BF012016B0BDE8F081012016B081
:101C5000BDE8F081B0B5FEF799FA054601200124F0
:101C600007F0EAF8142005F00FFB012006F07EFDD6
:101C700006F052F920B344F6D350C1F2620055FB8E
:101C800000F0810901EBD0704FF47A7100FB115024
:101C900041F28831441804F037FF42F64C10C2F28A
:101CA0000000B0F84400A1B206F078F800281CBF8C
:101CB0000520B0BD04F010FF0446002818BF05241D
:101CC0002046B0BD10B5044602F048F900F034FEDD
:101CD000012C07D0002C18BF10BD0EA0BDE810408D
:101CE00002F0F8BC02A0BDE8104002F0F3BC00BF57
:101CF000444331362833302C3131302C27CDF8C2D3
:101D0000E7C1ACBDD3D6D02E2E2E272C34293B0DC7
:101D10000A000000444331362833302C3131302C56
:101D200027436F6E6E656374696E672E2E2E272CA7
:101D300034293B0D0A00000080B504F0E5FE0020C8
:101D4000002100F045FD00281CBF012080BD04F0EB
:101D5000C3FE00281CBF022080BDFFF775FE0028CF
:101D600004BF002080BD012007F066F8032080BD7D
:101D7000012080F310887047002080F3108870479E
:101D800000204FF4004101F015B9000000204FF48D
:101D9000004101F0D7B8000080B50846114606F0B2
:101DA000DDF880BD10B508461146144606F0FAF875
:101DB000204610BDF0B581B040F2C436C2F2000634
:101DC0000C46054600274FF4106031460622009766
:101DD00006F00CF930787178B278F3780843104344
:101DE000317918437279084310430BD140F6000053
:101DF000C0F2DC0030604FF4106031460622B7803C
:101E000006F03EF940F2CE30C2F20000057042F614
:101E1000FC50C2F20000046040F2D03045F278611C
:101E2000C2F20000C1F234216C4601604FF47060D0
:101E30002146042206F024F94FF470602146042262
:101E400006F01EF94FF480702146042206F018F9BE
:101E500042F66430C2F20000076040F27820C2F21D
:101E600000000A21016042F66030C2F200000770F3
:101E700042F66130C2F20000077001B0F0BD000010
:101E800070B542F66135C2F200052878062804BF15
:101E9000052070BD40F2CE34C2F2000420784FF429
:101EA000427101EB401006F083F8222805D020781B
:101EB00002214422002315F029FE14F093F895F92D
:101EC0000010042984BF012070BDDFE801F0030E7B
:101ED00020467B0040F2DC30C2F2000000210160AD
:101EE00015F08CFB01242C706AE0022840F09080F1
:101EF00042F6FC50C2F20000006840F2DC3100699A
:101F0000C2F20001086015F03FFC022022E0062822
:101F100000F08280C0B205287AD106F093FB002839
:101F200000F0BC8040F26820C2F2000000688047E8
:101F300042F66430C2F200000021016040F27820D5
:101F4000C2F200000A22026042F66030C2F20000D3
:101F5000017003202870012070BD40F27420C2F28D
:101F600000000068411C04BF042070BD42F66436C6
:101F7000C2F2000631680424B1EB500F20D940F2C0
:101F8000DC3040F2D031C2F20000C2F20001006841
:101F900042F258220B68C2F200021060581C08601E
:101FA00015F0F2FB40F278210020C2F200010A2273
:101FB00030600A6042F66031C2F2000108703DE014
:101FC000204670BD06283CD0C0B2052820D142F280
:101FD000582040F2DC31C2F20000C2F20001027867
:101FE0000B7842F660369A42C2F200064FF00002C9
:101FF00032703BD142784B789A4237D182788B78D5
:102000009A4233D1C078C97888422FD1042434E071
:10201000BDE8704006F056BB42F66430C2F20000E4
:102020000021016040F27820C2F200000A22026022
:1020300042F66030C2F200000124017020462C708C
:1020400070BD42F66430C2F200000021016040F22F
:102050007820C2F200000A22026042F66030C2F22A
:102060000000017001202870042070BD40F2702033
:10207000C2F2000000688047032442F66430C2F2D6
:1020800000000021016040F27820C2F200000A2224
:102090000260032028702046317070BD42F6643023
:1020A000C2F200000024046040F27820C2F2000076
:1020B0000A21016040F26C20C2F2000042F6603159
:1020C0000068C2F200010C70804701202C7070BDC6
:1020D00080B540F2CE30C2F20000007806F046FB38
:1020E00042F66130C2F200000621017080BD00009E
:1020F00040F2E632C2F20002107042F60060C2F214
:102100000000016040F2E430C2F2000041F222110E
:10211000018070472DE9F04F89B040F2E637C2F2F6
:1021200000070E463978144605460846022100226B
:1021300000234FF0000915F0E9FC42F6006BC2F2F3
:10214000000BDBF8002000203146002307F0A6F842
:102150003B78DBF8001082B24FF0350A18462B4668
:10216000CDF800A015F036FC387807F06DFA02467D
:102170000194C8B13878DBF800100DF10A0603AB02
:10218000B2F5807F28BF4FF48072009614F0BEFD38
:10219000DBF80010019A04A813F0F4FF3978044624
:1021A000084606F0E3FA39E042F6683642F6C91806
:1021B000C2F20006C2F2000806E000BF387807F05D
:1021C00043FA02460028D5D13068032816D398F880
:1021D00000300020012BC6F8009088BF0120022BA0
:1021E0004FF0000103F1010438BF0121012B88BF2A
:1021F000002488F8004020B10FE000BF002000213B
:1022000058B90029DAD03878DBF8001092B22B46A2
:10221000CDF800A015F0DEFBD0E70024204609B081
:10222000BDE8F08F2DE9F04F81B040F2FC50C2F2D2
:102230000000D0F826A0BAF1000F59D042F25C217C
:10224000C2F20001002001F525794FF0000B05E0F6
:102250000BF1010B5FFA8BF0824549D900EB40008E
:1022600040F2FC51C2F2000101EB80075FFA8BF4EF
:1022700007F12C052946484607F12A08272C38BFC4
:102280004146FDF7D3FF0028E2D00646272C38BF91
:1022900045462846FDF7F2FF262C064414D807F1E0
:1022A00032052846FDF7EAFF0104D1D0002100BF26
:1022B000CAB2B35CAA5C93421ED8C9D382B20131C0
:1022C000CBB29342F4D3C3E707F134052846FDF7B8
:1022D000D5FF0104BCD00021CAB2B35CAA5C934212
:1022E0000AD8B5D382B20131CBB29342F4D3AFE76F
:1022F0000C2001B0BDE8F08F0B2001B0BDE8F08FDD
:102300002DE9F041C8B00C46090701D0012430E0A6
:102310000746DDF8388102A81D46164607F096FBF1
:10232000B8F1000F07D0B8F1010F12D140F2082127
:10233000C0F2080103E04CF62641C0F2010102A8F8
:10234000802207F089FB20B102A807F077FB022466
:102350000FE0009702AF3846002122462B46019637
:1023600007F0F6FA0546384607F068FB002D18BF5F
:102370000424E0B248B0BDE8F081000080B54FF61B
:10238000D120C0F2010002F0A5F94FF6DB20C0F227
:10239000010002F09FF904A002F09CF90BA0BDE837
:1023A000804002F097B900BF444331362832342CC4
:1023B00035302C27C9E8B1B8B3F5CABCBBAFD6D00D
:1023C0002E2E2E272C32293B0D0A00004443313695
:1023D0002833322C37302C27646576696365206991
:1023E0006E69742E2E2E272C32293B0D0A00000018
:1023F0007047000080B540F2E731C2F200010020D2
:10240000FFF7D8FC42F22140C0F2000042F2F13264
:10241000C0F200020146BDE8804014F04DBD00004E
:1024200010B542F6AD14C2F20004A01D07F0F0F89A
:1024300004F10E0007F0DEF804F10A0007F0F6F8E8
:1024400004F1120007F0C8F80220A07510BD0000CA
:1024500080B500F007F800210128B8BF012148002D
:1024600080BD0000B0B5B2B06C462046C821FDF773
:10247000C6FE2046C8210E2202F0A2FB81B22046F1
:1024800004F0BAFB05462046C821FDF7B8FEA8B205
:1024900032B0B0BD80B5FFF7DBFF012006F0CCFC09
:1024A0000120BDE8804006F061B9000040B101287C
:1024B0000CD161B1012918BF704723A002F00AB9FD
:1024C00041B1012902D10EA002F004B9704716A053
:1024D00002F000B901A002F0FDB800BF444331365C
:1024E0002831342C382C272D414444204E65772048
:1024F0005365726965732D272C32293B0D0A000044
:102500004443313628382C382C272D446F776E6C95
:102510006F6164204669726D776172652D272C3278
:10252000293B0D0A00000000444331362833342C87
:10253000382C272DCCEDBCD3D0C2CFB5C1D02D27A0
:102540002C32293B0D0A0000444331362833342C09
:10255000382C272DCFC2D4D8B9CCBCFEB0FC2D2747
:102560002C32293B0D0A00004FF48012136804211D
:1025700043F0020313604AF65522C0F21001C5F27F
:10258000AA520A60002202600869C007FCD04FF41A
:102590008011086820F0020201200A6070470000E4
:1025A000AFF30080B0B541F25971CDF2B711A0FB85
:1025B0000112510B232201FB02F14CF6CD4301F134
:1025C000010C4DF68361C4F21B31A0FB0112910C8A
:1025D000332201FB02F2CCF6CC43A2FB03230522FB
:1025E00001EBC10102EBD30349F2FF42C0F6BA226C
:1025F000904201F1010502D94FF480613EE045F6B9
:102600000071C0F64C11884202D94FF4607135E078
:1026100043F20021C0F61B01884202D94FF44071F9
:102620002CE040F20051C0F2EA61884202D94FF436
:10263000207123E04CF60071C0F27B51884202D930
:102640004FF400711AE042F28061C0F269418842A1
:1026500002D94FF4C07111E047F20051C0F21931B4
:10266000884202D94FF4807108E044F6000EC0F2AF
:10267000E81E0021704588BF0121C9010C22C0F26B
:102680001002D3624FF480131C6824F47864214351
:102690001960C2F800C04AF24172C0F282724FF073
:1026A000101190420D6038BFB0BD00F017FE40F62B
:1026B0004400C4F20100016841F480710160B0BDC2
:1026C00010B510F003041AD14FF4801CDCF800E0C0
:1026D00004234EF00102CCF800204AF65522C0F245
:1026E0001003C5F2AA521A60016000BF1869C00742
:1026F000FCD04FF48010016821F001010160B4FAB0
:1027000084F0400910BD0000B0B589B10C4640F21C
:10271000FF1120EA010500BF2846FFF725FFB4F5A9
:10272000007F38BFB0BDB4F5007405F50075F3D176
:10273000B0BD000070B540F2FF1320EA0304084664
:10274000042998BF04208508D01EB1F5007F88BFFA
:10275000802500BFD0F80310061D2046FFF7B0FF0C
:10276000013D04F104043046F4D170BD2DE9F0417F
:10277000C8B00C46090701D0012425E00DF1080876
:10278000074640461D46164607F060F940F208210C
:10279000C0F208014046802207F0E0F920B102A80B
:1027A00007F04CF902240FE0009702AF38460121F0
:1027B00022462B46019607F0CBF80546384607F02F
:1027C0003DF9002D18BF0324E0B248B0BDE8F08108
:1027D0002DE9F043C1B0814641F2BA308846ADF8E8
:1027E000020005F0A9FB05F0C3FB05F095FB68B3FB
:1027F00042F2F010C2F20000817969BBC17959BB85
:10280000017A49BB407A38BB05250426002704E03D
:102810002546FFF75DFC30061CD0013EFFF7EAFDC0
:102820002806A5F10104F3D0FFF72AFB011F04BF1E
:102830000C460E46042808BF01274FF4FA7004F036
:1028400023FD651E20062C46EED1E2E7012041B0B3
:10285000BDE8F083002F6BD042F2F017C2F2000700
:10286000384602F0EBFD80B142F64C16B9F1000F8C
:10287000C2F2000618BFB8F1000F0AD142F64C10A0
:10288000C2F2000004F0FAF916E0032041B0BDE8FE
:10289000F0834846FDF7F2FC01463046FDF7AFFCF9
:1028A0004846FDF7EBFC024630464946FDF780FC02
:1028B00000203064A6F8448001A90220FFF718FC2C
:1028C00007F1120006F140023146FFF723FC0446EF
:1028D000022005F04BFF012C1EBF042041B0BDE8D3
:1028E000F08342F69410C2F200000068FDF758FC35
:1028F000FDF74CFC44F6D351C1F2620150FB01F1EB
:102900008A0902EBD1714FF47A7201FB120041F295
:1029100088310844ADF80200B6F84400BDF8021052
:1029200005F03CFA002818BF052041B0BDE8F0834F
:10293000022041B0BDE8F0832DE9F04F89B001A835
:1029400042F6101642F60C1544F20047A0F10108B9
:102950000522C2F20006C2F200050024C4F20007FC
:1029600008E000BF0A2004F08FFC0098142800F152
:10297000050249D201A827A1009218F061FC9DF838
:1029800004904FF0000A00BFB9F1000F0CD0C3460D
:10299000484600BFC1B2384605F046F89BF8020031
:1029A0000BF1010B0028F5D1306800BF297803290D
:1029B00014D02978002918BF0028F7D001383060DA
:1029C000F4D10AF1010A5FFA8AF00A2842F60B10E4
:1029D000C2F200002C700470D6D3C3E742F6011097
:1029E0002C70C2F20000008844F64F31884242F653
:1029F0000B10C2F200000470B4D00AF1010A5FFAB1
:102A00008AF00A28C0D3ADE70AA009B0BDE8F04FAC
:102A100001F060BE5342432830293B4443563136CF
:102A20002838352C25642C27A1FD272C32293B0D75
:102A30000A0000005342432830293B4443563136B4
:102A40002838352C352C27CDF8BFDA272C32293BF6
:102A50000D0A000010B5B4B002A8C821FDF7CFFBE5
:102A600040F2FC540120C2F200048DF8070004F18A
:102A70000A0040F2F631FDF7C2FB44F24A3143F25C
:102A800030420020C5F65971C0F238022081C4E9F5
:102A900000124FF03031C4F8260084F8FD0343F2F1
:102AA0003540C4F81910C4F81D10C4F82110A4F85A
:102AB000F00301F01DFA4FF40C304FF40071FFF7F2
:102AC00023FE0DF107024FF40C300121FFF732FE17
:102AD00004F01AF800200021FFF77AFE40B903F055
:102AE000FBFF28B9FEF7B0FF28B1012006F0A4F9DA
:102AF000072034B010BD04F1190202AC40F2EA41E3
:102B0000C0F20201204618F09BFB40F2D840C0F210
:102B10000200214604F0B0F8FFF79AFC012006F00D
:102B20008BF9012005F022FE002034B010BD00001A
:102B30002DE9F04F85B0054606280C4606D34FF622
:102B40007020C0F201001C2105F096FB20680021D6
:102B5000B1EB104F01D180B230B94FF67020C0F206
:102B600001001D2105F088FB606841F20101C0F2FF
:102B7000010100238842CEF6FF730BDCB0F5803FE5
:102B80001CDA032818BF05281CD041F20401884232
:102B900018D008E0C118052914D341F20201C0F28F
:102BA000010188420ED04FF67020C0F201001E21B4
:102BB00005F062FB0023CEF6FF7303E0A0F5803042
:102BC0000228F0D2052D0ED8DFE805F003182F39C2
:102BD000567040F67001C4F20101A1F1100002909C
:102BE000A1F10C0015E000200290002001900020CF
:102BF000039000254FF0000C002672E0206840F69C
:102C000070010004C4F201012060A1F108000290EB
:102C1000081F4FF2000701900D1D01F1140C0391E4
:102C200001F11806C4F201075BE040F67000C4F23F
:102C3000010000F12001029100F124010BE0206865
:102C40000004206040F67000C4F2010000F1280189
:102C5000029100F12C01019100F1300100F13405E5
:102C600000F1440C00F148064FF20000C4F20100EC
:102C7000039100F5806734E040F67000C4F2010073
:102C800000F15001029100F15401019100F1600145
:102C900000F1640500F1740C00F178064FF20000B9
:102CA000C4F2010000F5006703911AE020680004F7
:102CB000206040F67000C4F2010000F1580102915A
:102CC00000F1600100F1640500F1740C00F1780678
:102CD0004FF20000C4F2010000F5006700200391EC
:102CE00001902268002A00F0F0804FF0010804955E
:102CF00019E0019DA2F1200128680F2202FA01F1DA
:102D000088432860049D60680528306814BF20EA65
:102D10000B0240EA0B023260226832FA08F008F136
:102D2000010800F0D280A8F1010A012000FA0AF09F
:102D300012EA000BF0D0D4F80490B9F5803F0FDC14
:102D4000B9F1030F54D041F20400814550D0B9F5D8
:102D5000803F7ED1386820EA0B00386079E000BF00
:102D600009EB030000220528C1F2010253D23868A2
:102D700029F0010120EA0B003860B86991426FEA3E
:102D80000B0E40EA0B00B8610FD1F869914500EADB
:102D90000E00F861386A00EA0E003862786A14BFE3
:102DA00000EA0E0040EA0B007862901C814507D1D2
:102DB000F86900EA0E00F861386A40EA0B003862F0
:102DC0004FF6FD70CEF6FE704844012841D8F869F0
:102DD000002140EA0B00C1F20101F8610331786A79
:102DE000894514BF00EA0E0040EA0B00786230E02B
:102DF000BAF1100F504628BFA8F1110007284FEA7A
:102E0000800216D8029D0F21286801FA02F3E168BA
:102E10009843914017E0B9F1011F05D041F202003B
:102E2000C0F20100814514D1386840EA0B003860D7
:102E30000FE0019DA2F1200128680F22E3688A407B
:102E4000904303FA01F1084328600023049DCEF665
:102E5000FF73A268022A07D0012A0ED0B2B90399E3
:102E6000086820EA0B000CE00399086820EA0B00D0
:102E70000860286840EA0B0207E00399086840EA06
:102E80000B000860286820EA0B022A606079C006FF
:102E9000DCF8000054BF20EA0B0240EA0B02CCF839
:102EA0000020A079C0073FF42EAFBAF1100F28BF61
:102EB000A8F1110ABAF1070F4FEA8A023FF619AFDB
:102EC000029D0F21286891401AE705B0BDE8F08FF8
:102ED000B0B5054606280C4607D34FF67020C0F261
:102EE00001004FF4B37105F0C7F90020B0EB144FA7
:102EF00001D1A0B238B94FF67020C0F2010040F203
:102F0000671105F0B9F9281F02284FF20000C4F23A
:102F1000010011D3A91E012998BF00F58060052D7D
:102F200005D80121A94011F02A0F18BF24044069D7
:102F3000204018BF0120B0BD00F50060052DF0D97C
:102F4000F5E70000B0B5054606280C4607D34FF656
:102F50007020C0F201004FF41A7105F08DF90020C5
:102F6000B0EB144F01D1A0B238B94FF67020C0F2C7
:102F7000010040F2692105F07FF9281F02284FF275
:102F80000000C4F2010010D3A91E012998BF00F56A
:102F90008060052D05D80121A94011F02A0F18BF26
:102FA00024040169A1430161B0BD00F50060052D55
:102FB000F1D9F6E7B0B5054606280C4607D34FF61B
:102FC0007020C0F2010040F2392105F055F90020CF
:102FD000B0EB144F01D1A0B238B94FF67020C0F257
:102FE000010040F23A2105F047F9281F02284FF26C
:102FF0000000C4F2010010D3A91E012998BF00F5FA
:103000008060052D05D80121A94011F02A0F18BFB5
:103010002404016921430161B0BD00F50060052D64
:10302000F1D9F6E7C9B180B54FF2A04C01384FF69F
:10303000FF72C0F2010C00BF10F8013F1FFA82FEC0
:103040005A40D2B23CF81220013982EA1E22F3D152
:10305000D043BDE8804080B27047002080B2704706
:1030600040F2FC50C2F2000090F8FC0370470000F0
:1030700070B586B040F2FC55C2F200050024284627
:103080004FF48061CDE90444CDE90244FDF7B7F87F
:1030900028460021022202F021FF052816D1B5F8AA
:1030A000F00343F23546B0424FF001040ED002ABBC
:1030B00028464FF480612A460094FFF721F9B5F8BD
:1030C000F003B04202D0FFF7C5FC0124204606B051
:1030D00070BD0000B0B5EAB006AC20464FF4C87130
:1030E000FDF78DF80020CDE90400CDE9020025A010
:1030F0002AA20221234600F061F805281EBF012004
:103100006AB0B0BD03A840F2ED3102AD009006A850
:1031100005AA04ABC0F202010195FDF715F9C0B292
:1031200004284FF001002AD1029941BB42F69C14B9
:10313000C2F2000403986168814202BF02206AB0B3
:10314000B0BD013181421EBF03206AB0B0BDDDE9D0
:1031500004216060D4E902034FF600650844A060D2
:103160009818C0F20705E06028464FF40071FFF799
:10317000CBFA284610212246FFF7DCFA00206AB07D
:10318000B0BD00BF24736861646F772F6F70657284
:103190006174696F6E2F25732F2573007B227479FC
:1031A0007065223A22676574222C22636C69656E11
:1031B00074546F6B656E223A317D00002DE9F04743
:1031C0000C461146984603F01FFD032804BF032058
:1031D000BDE8F08741F28605C2F2000505EB8410D8
:1031E000002400F1400A0A2609270FF294090FE093
:1031F000002406E00026300620D100BF01F026F9A9
:103200000A263806A7F1010704BF0620BDE8F087AB
:10321000092C11D8013E3006ECD000BF4FF4FA70F3
:1032200004F032F8284604F055FF04460A2803D279
:10323000013E3006F2D100263006DFD005F606103A
:103240005146FCF7F3FF30B905F60B105146FCF779
:10325000EDFF0028CCD005F60E104946FCF7E6FF3E
:103260000028C5D105F60B142046FDF707F80246E5
:1032700040462146FCF79CFF0520BDE8F08700BFD3
:1032800022726573756C745F6D7367223A22737571
:10329000636365737322000080B58AB14FF2A04C5E
:1032A0000139C0F2010C00BF11F8013F1FFA80FE86
:1032B0005840C0B23CF81000013A80EA1E20F3D119
:1032C000C04380B280BD000042F69C12C2F20002F0
:1032D00093680360D06808607047000007B45FF42B
:1032E00080305FF0005109180A6807BC7047000081
:1032F0002DE9F04FADF6FC3D13284FF00C0700F21E
:10330000858204460120A04010F4062F00F07E8242
:1033100001200D4604F08EFB42F25C2640F298102C
:10332000132CC2F20006C2F2000027D00D2C40F090
:1033300082800068002100780024FFF7B7F8B6F813
:1033400094A67D94BAF1020F7C9411D34FF000083B
:103350004FF00004039574D1A0B240F2FC5142F248
:103360005C26039DC2F20001C2F20006C1F82600ED
:1033700020062C7040F00581102747E200680121EB
:103380000078FFF793F8B6F894060228C0F0F980A9
:1033900040F2FC50C2F20000D0F826B0BBF1000FA2
:1033A00000F0D580002006F525780026002516E0DF
:1033B00000EB40007CA901EB800009F12C041CCC3F
:1033C0004FF62C67A0F5EA71CFF6FF77C251C1E93D
:1033D000013401360135E8B2834540F2B98000EB93
:1033E000400040F2FC51C2F2000101EB80095FFA9B
:1033F00085FA09F12C014046BAF1270F38BF09F1CF
:103400002A01FCF713FF0028E4D0B0B2BAF1260F6E
:1034100088BF2628CCD800EB400007AF07EB80011F
:10342000D9F82A20D9F82E30D9F8324047F8202090
:103430008C604B60CDE7006801210078FFF736F81B
:103440009FE042F25C20C2F2000000F525767CADE0
:10345000002422E0069F09F12C00FAB23146FCF765
:10346000F7FE09F1340443F23010C3F22E0020605D
:10347000049C42F25C210134C2F200016FF0FF00B3
:1034800060EA070082441FFA8AF0A1F894A6022895
:10349000059800F101067FF65FAF30462C21FCF75E
:1034A000E3FE18B930463B21FCF7DEFE1FFA84FB31
:1034B0000590BBF1000FA0EB06000494069028D005
:1034C00006984FF00009C4B2002000BF00EB400096
:1034D00040F2FC51C2F2000101EB80005FFA89F278
:1034E00000F12C01CDF8F481CDF8F081272A38BF06
:1034F00000F12A0128460822FCF7AAFE314622469E
:10350000FCF705FFF0B109F101095FFA89F05845B0
:10351000DCD30BEB4B0040F2FC51C2F2000101EB9B
:103520008009BBF1260F484640F82A8F044644F82C
:10353000088FC0F804808DD8069F3146FAB2FCF798
:1035400087FE90E742F25C21069F049C94E70026E8
:1035500040F2FC5BC2F2000B0BF12A0007A94FF40A
:10356000EA72FCF725FE0BF500707CA94FF4F672A9
:10357000FCF71EFEB0B242F25C26CBF82600C2F287
:10358000000600200790CDF8F80B03F0BDFA06F115
:103590004404204640F2BB11FFF71AF908B1012795
:1035A00034E1074603F098FA08B102272EE13068AB
:1035B00040F6FD71CFF6C071A0FB0112D10A01EBFC
:1035C000812340F2F05BA0EB43000123002818BFE9
:1035D00003EBD22140F2EC50C2F20000026888B244
:1035E00000218242C2F2000B4FF00505069110D077
:1035F000DBF8001069B940F2EC51C2F20001002280
:10360000086000200525069200224FF0000905926F
:1036100008E0002040F2EC5105904FF00009C2F2A2
:10362000000101E0CBF80000DBF8000009688842E7
:1036300080F0BD8000EB802240F601034FEA420893
:10364000013903EB420A05253268884208BFA2F11E
:10365000010A7CAF384640F60221FCF7D0FD06F1A6
:1036600084026DA138462346CDF80080CDF804A031
:1036700017F0E6FD3846FCF701FE0146384603F038
:10368000BBFA142003F000FE012005F0DDFF002846
:103690006DD07CAF384640F60221FCF7B0FD3846CD
:1036A00040F6022103F0A0FA68A13846FCF7BEFDFF
:1036B00000284FF0060776D06CA17CA8FCF7B6FD79
:1036C0006EA107AA0DF6F833FCF73EFE02285CD186
:1036D00007980627404566D1DDF8F80B504562D1C2
:1036E0006EA17CA8FCF7A2FD00F1040948464FF446
:1036F0000061FFF797FC6FEA080101EB0A0639F851
:103700000610072709BAB0EB114F4CD1DBF80000C7
:1037100043F60001C0F6580101EBC020730A0121F5
:10372000F20518BF01EB5623410ADAB24846059369
:10373000069102F011FD05284FF0080733D140F241
:10374000EC57C2F200073868DBF8001002F0D2F83C
:1037500040F2FC50C2F20000D0F8EC13314442F2C7
:103760005C26C0F8EC133946C2F2000615E01426B8
:10377000012005F069FF013E310613D007460A20FB
:1037800003F082FD002FF3D083E742F25C2640F283
:10379000EC51C2F20006C2F20001DBF800000E2775
:1037A00001303FE7062742F25C26C2F20006082FEE
:1037B0000DD0072F15D0062F1AD1FEF74BFA00288F
:1037C0003FF447AF074605280FD1062710E00598BC
:1037D0000699C2B2484602F0BFFC05283FF439AF53
:1037E00006E0280604D0013D33E7012F08BF0A2771
:1037F000012005F021FB0E2F08D140F2EC510020F2
:10380000C2F200010F270860CBF80000F8B20DF6F5
:10381000FC3DBDE8F08F00BF47455420257320488C
:103820005454502F312E310D0A484F53543A20250D
:10383000730D0A52616E67653A2062797465733D53
:1038400025642D25640D0A0D0A00000048545450CB
:103850002F312E3120323036205061727469616C04
:1038600020436F6E74656E740D0A0000436F6E74B2
:10387000656E742D52616E6765000000436F6E7453
:10388000656E742D52616E67653A20627974657356
:103890002025642D25642F252A6400000D0A0D0AB9
:1038A00000000000B0B5B2B004466846C821FCF77D
:1038B000A6FC0C2C0CD00F2C0FD1022004F0BAF86F
:1038C00000F0E8FA0446002818BF0120B8BB06E063
:1038D00000F00EFB002090BB01E0012078BB03F05C
:1038E00013F900200021FEF773FF40BB03F0F4F84A
:1038F00028BBFEF7A9F818B1012005F09DFA1EE0DB
:1039000004F0D2F840F2FC50C2F200006D4640F2E2
:10391000EA4100F11902C0F20201284617F090FCBA
:1039200040F2D840C0F20200294603F0A5F9FEF7A4
:103930008FFD012005F080FA012004F017FF40F20E
:103940009810C2F2000000682146007801F08CFD5A
:10395000204632B0B0BD00002DE9F04FADF2646DED
:1039600099A84FF40071FCF74AFC19AC20464FF4BB
:103970000071FCF744FC002140F2FC531891C2F2A4
:10398000000393F8FD234FF48060012A4FF00102F9
:103990008DF85F201691CDE91411CDE91211CDE912
:1039A0001011CDE90E110D918DF8331004BF41F6C1
:1039B0000040C0F22C40D3F8EC13420A0B924A0AA2
:1039C000C905169202D0169901311691169900294F
:1039D00000F04C8240F4404100F5D050400A40F6DF
:1039E0000429029004F12000C2F20009039009F1B9
:1039F000010043F6000A002599AE0DF14808049035
:103A0000C0F6580A002000270191089022E000BF6C
:103A100019AC99AE20464FF4007132460EABFEF75A
:103A2000A5FE9DF85F200B99304602F095FB40F60D
:103A3000042943F6000A0A9F059A00250DF148085B
:103A4000C2F20009C0F6580A1698013787420B9255
:103A500080F00D821698394601F04CFF0AEB4720A2
:103A60007902400A18900D9118999DF85F20304610
:103A700002F034FA052840F0038230464FF400711A
:103A8000224643460095FEF73BFC16980A970138FC
:103A9000874208986FEA00001ED199F80010049F31
:103AA00080B207EBC10151F8041C0D9A8A1A214615
:103AB000FFF7F2FB99F8001007EBC10151F8041C65
:103AC0000D9A8A1AA25C0D9BC91A2144497841EAD1
:103AD0000221814206D0C4E180B221464FF4007237
:103AE000FFF7DAFB08900D98400A0C280B9800F1BC
:103AF00001020DD80DF264404FF4007105924FF4AD
:103B0000007AFCF77CFB0A98000679D0099482E0E1
:103B100040F2B020C2F20000057042F60010C2F27E
:103B20000000057040F6FD10C2F2000005700D980F
:103B3000D9F80110884227D20D98D9F87916884211
:103B400011D199F8000009EBC00050F8030C410AAC
:103B5000C005169102D0169801301690029ACDE950
:103B60001055CDE90E5520464FF4007117463246E8
:103B70000EABFEF7FBFD9DF85F203046394602F0A4
:103B8000EBFA3A463AE000BF9DF8330099F800108E
:103B9000884233D80D989DF8331009EBC101D1F854
:103BA000011088420BD19DF8330001994FF4A522F2
:103BB00000FB0210CDE90E55420ACDE910550D98D3
:103BC0009DF8331009EBC101D1F80510884215D2D8
:103BD0000D989DF83310174609EBC101D1F8051077
:103BE000A1F50071884204D39DF8330001308DF8AF
:103BF000330020464FF40071B9E700BF0A9F23E766
:103C00009DF864004FF4F07A8DF83300013889F89C
:103C10000000039809909DF8330000283FF4F8AEA7
:103C20000DF26449099948465246FCF7C1FA40F63C
:103C300004262AF01F040025C2F2000633E000BF6C
:103C400040F2B028C2F2000898F80000DBF8183003
:103C500006EBC001DBF814209F1CC1F80120C1F85D
:103C600005704FF4A52100FB01F0991A00F54440BE
:103C7000CBF814000844CBF8180058461C21FFF775
:103C8000D1F9010A8BF81E1098F800108BF81F006C
:103C9000481C88F800009DF8330020350138AC42FC
:103CA0008DF833004FD09DF83300002845D009EB44
:103CB000050B58461C21FFF7B5F9BBF81E1009BAD1
:103CC000B0EB114F40F0CD8040F6FD10C2F2000085
:103CD00000780028B4D10BF104006CA10422FCF799
:103CE00016FB0028D7D140F6FD110120C2F20001D9
:103CF000087040F2FC50C2F20000323059460422F3
:103D0000FCF7A6FADBF81400DBF81810C6F8790601
:103D100000F58060CBF8140001F580608A1CCBF8B8
:103D2000180058461C21C6F87D26FFF77BF9010ACA
:103D30008BF81E108BF81F00ADE740F6FD10C2F2A5
:103D4000000000210170099849465246FCF730FAFC
:103D500040F2FC50C2F20000D0F8261000293FF4D7
:103D600057AE40F2B020C2F2000000784FF00009D8
:103D700007900020069100BF42F60011C2F2000138
:103D800091F80080079AA8F1010191423FF440AEFA
:103D90005FFA89F1272921D200EB400040F2FC5163
:103DA000C2F2000101EB80060998354615F82A4F4A
:103DB00052462146FCF777FA002841D0074600BF5B
:103DC00028463946FCF761FA50B3781C2146524622
:103DD000FCF769FA07460028F2D131E0273800EBFA
:103DE000400040F2FC51C2F2000101EB800B099847
:103DF0009BF8005252462946FCF755FA00B3074695
:103E00000BF5007420463946FCF73FFA58B1781C90
:103E100029465246FCF747FA07460028F2D10FE040
:103E200006F1320001E00BF50270391F0422FCF7A5
:103E30000FFA42F6001108F10100C2F20001087009
:103E400042F60010C2F200000078069981423FF469
:103E5000DFAD09F101095FFA89F081423FF68CAFCD
:103E6000D6E509200DF2646DBDE8F08F0B9A4EF691
:103E7000F310CFF6FD7010440DF2646DBDE8F08FC5
:103E800008200DF2646DBDE8F08F00BF4D454E5522
:103E900000000000B0B501F0D9FF40F29810C2F266
:103EA000000000680221007801F0D6FDFFF754FD04
:103EB000044620F00100082806D1002003F0BAFDD6
:103EC000FFF7D6F8E0B2B0BD40F2FC55C2F20005F3
:103ED00005F1190005F10C010D22FCF7B9F90024D8
:103EE00085F8FC43FDF78AFC00F002F8E0B2B0BDB3
:103EF000F0B5ADF5057D40F2FC55C2F20005002499
:103F000028464FF4FF71CDE98344CDE98144FFF7A2
:103F100089F840BAA5F8FE0105F500704FF4FF716D
:103F2000FFF780F840BA01AE81AFA5F8FE0300BFED
:103F300028464FF4007132463B46FEF717FC3046E8
:103F40002146012202F008F90134022C05F5007522
:103F5000EED10DF5057DF0BDFEE700002DE9F04F37
:103F60008BB04FF6D12044F20044C0F20100C4F2FD
:103F7000000400F0AFFB4FF6DB20C0F2010000F0C0
:103F8000A9FB40F28010C0F2020000F0A3FB40F257
:103F90009610C0F2020000F09DFB40F2AC10C0F29F
:103FA000020000F097FBAAA000F094FBAEA000F086
:103FB00091FBB3A000F08EFBB7A000F08BFBBCA080
:103FC00000F088FBC0A000F085FB03A842F6101BA0
:103FD00042F60C1642F60B1501381E22C2F2000BF7
:103FE000C2F200064FF00009C2F20005029004E0A0
:103FF0000198572800F1030248D240F20C2103A88F
:10400000C0F20201019217F01BF99DF80C704FF0FD
:10401000000800BF67B1DDF808A03846C1B22046ED
:1040200003F002FD9AF802000AF1010A0028F5D116
:10403000DBF800003178032914D03178002918BF4B
:104040000028F7D00138CBF80000F3D108F10108BF
:104050005FFA88F00A2886F8009085F80090D9D396
:10406000C6E700BF42F6011086F80090C2F20000D9
:10407000008844F64F31884285F80090B8D008F1A6
:1040800001085FFA88F00A28C4D3B1E723224FF071
:10409000000804E001986B2800F1030245D240F2C9
:1040A000C11103A8C0F20201019217F0C9F89DF8EE
:1040B0000C900027AA46B9F1000F09D0029D48468E
:1040C000C1B2204603F0B0FCA87801350028F7D132
:1040D000DBF8000031785546032914D142F601106F
:1040E00086F80080C2F20000008844F64F31884212
:1040F00085F80080CED00137F8B20A28DAD3C9E7B4
:1041000031780329EAD03178002918BF0028F7D088
:104110000138CBF80000F3D10137F8B20A2886F84D
:10412000008085F80080C5D3B4E740F2FD10C0F2EE
:10413000020000F0CFFA40F2EE10C0F2020000F0F0
:10414000C9FA40F2DF10C0F2020000F0C3FA40F2F8
:10415000D010C0F2020000F0BDFA40F21930C0F2F7
:10416000020000F0B7FA40F25E30C0F2020000F048
:10417000B1FA40F23030C0F2020000F0ABFA40F287
:104180004730C0F2020000F0A5FA40F27530C0F2EC
:10419000020000F09FFA40F2BA30C0F2020000F0D4
:1041A00099FA40F28C30C0F2020000F093FA40F22B
:1041B000A330C0F2020000F08DFA40F20330C0F2EA
:1041C000020000F087FA40F2EE20C0F2020000F098
:1041D00081FA40F26F20C0F2020000F07BFA40F258
:1041E0008520C0F2020000F075FA40F2AF20C0F264
:1041F000020000F06FFA40F29A20C0F2020000F0D4
:1042000069FA40F21B20C0F2020000F063FA40F2AB
:104210003020C0F2020000F05DFA40F2D920C0F276
:10422000020000F057FA40F2C420C0F2020000F091
:1042300051FA40F24520C0F2020000F04BFA40F281
:104240005A20C0F202000BB0BDE8F04F00F042BAB5
:10425000504C283131302C33302C3130302C34302C
:104260002C32293B0D0A0000504C2832352C3430BA
:104270002C32352C3130302C32293B0D0A00000015
:10428000504C283130302C34302C3130302C3130FF
:10429000302C32293B0D0A00504C2832352C31305D
:1042A000302C3130302C3130302C32293B0D0A008B
:1042B000504C283131302C33302C3131302C3930C6
:1042C0002C32293B0D0A0000504C283130302C3163
:1042D00030302C3131302C39302C32293B0D0A0052
:1042E00043F20020012181F31088C0F2020001682E
:1042F0000022C2F6FE721140B1F1005F18BF704794
:10430000416840F2F452C2F200021160006880F38A
:104310000888106800470000B0B505464FF6D12068
:10432000C0F201000C4600F0D5F94FF6DB20C0F2D8
:10433000010000F0CFF96DB1012D18BFB0BD012C07
:104340001CD0032C15D0022C24D14FF6AF50C0F254
:10435000010017E0012C24D0032C27D0022C29D1F6
:104360004FF67C444FF6A940C0F20104C0F20100B0
:1043700019E04FF69830C0F2010009E04FF68F5077
:10438000C0F2010000F0A6F94FF6CF50C0F20100D4
:1043900000F0A0F928A06A210422BDE8B04002F094
:1043A0009FBD12A41AA000F095F900E005A42046D4
:1043B00000F090F94FF6EF50C0F20100BDE8B040B8
:1043C00000F088B94443313628382C37302C275038
:1043D0006C6561736520436865636B2053442043BB
:1043E000617264272C31293B0D0A000044433136A9
:1043F0002833322C34362C27506C65617365207558
:104400007064617465272C32293B0D0A000000009E
:104410004443313628382C33302C274669726D7767
:10442000617265206E6F7420666F756E64272C3222
:10443000293B0D0A000000002D202243616E6365B8
:104440006C22C8A1CFFB202D0000000010B5B2B037
:104450006C462046C821FBF7D2FE2046C8210C221C
:1044600000F0AEFB0146204602F0C6FB012005F03D
:10447000EBF860B9052400BF3220013C02F004FFD4
:10448000200412D0012005F0DFF80028F4D068469F
:10449000C82102F0A9FB9DF8000000F0F000D03820
:1044A00018BF0120800032B010BD042032B010BD12
:1044B00080B584B04FF4F05000904FF480300190FC
:1044C000012002900020039069460320FEF730FB94
:1044D0004FF21440C4F20100016841F0F051016054
:1044E00004B080BD70B503204FF40071FEF7F0FCFE
:1044F00040F2F85540F29416C2F20005C2F20006EE
:10450000B0B103204FF48061FEF7E2FC80B10320DC
:104510004FF40061FEF7DCFC50B103204FF48051F2
:10452000FEF7D6FC4FF0FF0490BB287820B12FE0B7
:10453000287808B1FF242BE01E2002F0A5FE0320FE
:104540004FF40071FEF7C4FC98B103204FF4806172
:10455000FEF7BEFC78B103204FF40061FEF7B8FC13
:1045600058B103204FF48051FEF7B2FC38B1FF245C
:1045700008E0082404E0042402E0022400E001240E
:10458000012028703068002804BF4FF4C03030602C
:104590002878012802D130680138306003204FF4B8
:1045A0000071FEF795FC88B103204FF48061FEF79F
:1045B0008FFC58B103204FF40061FEF789FC28B14D
:1045C00003204FF48051FEF783FC18B9306808B11E
:1045D000204670BD0A2002F057FE03204FF4007100
:1045E000FEF776FCA0B103204FF48061FEF770FC6B
:1045F00070B103204FF40061FEF76AFC40B1032064
:104600004FF48051FEF764FC10B14FF4C03004E069
:1046100030680028DCD14FF4E04000212970306080
:10462000204670BDB0B58AB0044600251120CDE902
:104630000855CDE90655CDE90455CDE90255CDE93A
:10464000005502F0A3FE002002F0A0FE0C20069010
:1046500003200790012008900220099006A900205D
:10466000FEF766FA0094602044F20044CDE90105AB
:104670004FF44070C4F20004CDE9040569462046B9
:10468000039503F035F94EF20010CEF200004FF022
:104690008051A022C0F8801180F81C2301602046C0
:1046A0000421012203F012F92046012103F0F4F85D
:1046B0004FF47A7002F0E8FD4FF6D120C0F201000D
:1046C00000F008F84FF6DB20C0F2010000F002F81D
:1046D0000AB0B0BD2DE9F04F81B042F6101642F697
:1046E0000C1744F200450446A0F1010A4FF00009FE
:1046F000C2F20006C2F20007C4F200054FF0000B40
:10470000207858B1D04600BFC1B2284603F08CF9DA
:1047100098F8020008F101080028F5D1306800BFC0
:104720003978032916D03978002918BF0028F7D026
:1047300001383060F4D10BF1010B5FFA8BF00A28DD
:1047400042F60B10C2F2000087F8009080F800904B
:10475000D6D316E042F6011087F80090C2F20000AE
:10476000008844F64F31884242F60B10C2F2000036
:1047700080F8009005D00BF1010B5FFA8BF00A284E
:10478000BED301B0BDE8F08F2DE9F047ADF5836DE4
:1047900086A84FF40071FBF732FD06A84FF40071B4
:1047A000FBF72DFD40F2FC5AC2F2000A9AF8FD0315
:1047B00041F21B61C0F20201012808BF0F21002055
:1047C0000591CDE90300CDE9010001F03FFB9AF826
:1047D000FD030124033810F1020F3BD343F20026FE
:1047E00000250DF5067806AFC0F202060DF10409AA
:1047F0003920294601F07EF805994046012201F052
:104800006DFB052825D140464FF400713A464B46D2
:104810000094FDF775FD30464FF40071FDF774FF0D
:1048200030464FF400713A46FDF784FF0598013594
:104830000130392D06F500760590D9D1392039217E
:1048400001F058F89AF8FC03002818BF0120440032
:1048500000E0032420460DF5836DBDE8F0870000DD
:1048600080B54FF0FF3200BFCB1701EB536C7F29AF
:104870002CF07F03A1EB030EC8BF4EF0800E7F2902
:104880004FEAEC1100EB020302F1010283F801E0B0
:10489000EADC501C80BD00007F28BEBF0221084416
:1048A000704743F6FF718842BEBF0321084470473A
:1048B0004FF6FE72C0F21F0205219042B8BF0421DC
:1048C00008447047F0B581B0044600901046154684
:1048D0000E4600F08DF80746FFF7DEFFB042C2BF7C
:1048E0006FF0010001B0F0BD6E463046102115F0AA
:1048F00081FD00983946FFF7B3FF00992F7A0844ED
:10490000009037A038A1042F08BF0146304615F0AB
:1049100055FD042F18BF03273046394615F06AFDB0
:10492000A87E0222E97E02EA4000002918BF012188
:1049300040EA810709D095F83C00202295F83D1007
:1049400002EA401061F3C4000744286C10B167F01C
:104950007F0704E0A86C002818BF67F07F07E86CA9
:1049600010B147F0400704E0686D002818BF47F019
:1049700040076E46F9B2304615F03CFD298B3046B3
:1049800015F03EFD05F10C030ECB304615F046FD4B
:10499000E87E60B105F124030ECB6E46304615F07B
:1049A0003DFD05F130030ECB304615F037FDB7F174
:1049B000FF3F0BDD780605D505F14C030ECB6846AD
:1049C00015F02CFD0098001B01B0F0BD05F140036F
:1049D0000ECB684615F022FD7806F3D5ECE700BF54
:1049E0004D515454000000004D5149736470000053
:1049F00070B50446D4E90412057AC06800F0FAF8EC
:104A00000221042D08BF0C21E27E032D08BF0E21D8
:104A100001EB000572B104F1240207CA00F0EAF8C4
:104A2000D4E90C31A26B0646184600F0E3F8A91948
:104A30000844051D206C08B9A06C30B104F1400297
:104A400007CA00F0D7F82844851CE06C08B9606DEF
:104A500030B104F14C0207CA00F0CCF82844851CA0
:104A6000284670BD2DE9F04F81B0DDE90C9B15465D
:104A70000E9A88460446109F0090484659461E46A6
:104A800000F0B8F8384400F1020A002EC8BF00F167
:104A9000040A5046FFF700FF4045C2BF6FF0010017
:104AA00001B0BDE8F08F0A9806F0030100F00100A4
:104AB00065F3C30040EA41006D46DDF83C8000F13B
:104AC0003001284615F096FC00985146FFF7C8FEC5
:104AD00000990E9B08440090284649465A4615F016
:104AE0009DFC012E03DB0B99684615F089FC109D97
:104AF000009841462A46FBF75BFB0098284400904B
:104B0000001B01B0BDE8F08F2DE9F04F81B0814668
:104B1000DDE90AA0984693460D46BAF1010FCDF89B
:104B200000900FDBA0F10C060227544656F80C0F3C
:104B3000D6E9011200F05EF83844013C00F10307A9
:104B4000F4D100E002273846FFF7A6FEA842C2BF14
:104B50006FF0010001B0BDE8F08F822040EACB0089
:104B60006D4600F08A01284615F044FC009839464D
:104B7000FFF776FE0099084400902846414615F05C
:104B80003FFCBAF1010F14DB0C986D46061F0B9821
:104B9000A0F10C0757F80C1F2846D7E9012315F0A0
:104BA0003DFC16F8041F284615F024FCBAF1010A52
:104BB000F0D10098A0EB090001B0BDE8F08F000033
:104BC00010B582B002290190BEBF6FF0010002B0A3
:104BD00010BD04461001C1B201A815F00BFC0198EC
:104BE0000021FFF73DFE019908440190001B02B02F
:104BF00010BD0000002804BF08467047FBF73EBB0D
:104C0000F0B581B005464FF6D120C0F201000C4648
:104C1000FFF760FD4FF6DB20C0F20100FFF75AFD01
:104C20009DB3012D1CBF01B0F0BD4FF62E50C0F258
:104C30000100FFF74FFD4FF6E660C0F20100FFF7FD
:104C400049FD4FF6C9224C20C0F201022E21042357
:104C5000FCF7C6FCFFF73EFD4FF6C960C0F201004D
:104C6000FFF738FD40F27B125820C0F202024221C9
:104C70000423FCF7B5FC4FF65D654FF60177C0F2F3
:104C800001053C26C0F2010722E04FF65F40C0F26A
:104C90000100FFF71FFD18A0FFF71CFD4FF6C9220A
:104CA0004420C0F2010226210423FCF799FCFFF7FF
:104CB00011FD18A0FFF70EFD40F27B126020C0F23C
:104CC000020236210423FCF78BFC1AA5322622A708
:104CD000FFF700FD3846FFF7FDFC3046562122461F
:104CE0000423FCF77DFCFFF7F5FC284601B0BDE886
:104CF000F040FFF7EFBC00BF4443313628372C3378
:104D0000382C274465766963653A272C34293B0D96
:104D10000A0000004443313628372C35342C274410
:104D200065766963655665723A272C34293B0D0A0E
:104D300000000000444331362831302C3131302C12
:104D4000272D2022456E746572224E657874202DC1
:104D5000272C34293B0D0A004443313628372C37A1
:104D6000302C274669726D776172653A272C342999
:104D70003B0D0A0080B54FF4E130FFF753FCBDE86E
:104D80008040FFF795BB000082B040F6002140F262
:104D90001000C2F20001C2F200000860007840F684
:104DA000FC11C2F2000142F2082740F2E8540870F8
:104DB000C2F200070020C2F2000442F6FF01387080
:104DC0002070C2F20001012008708DF80700FDF785
:104DD000D5FAFCF721FDFEF74BF940F29810C2F22C
:104DE00000000068007802280CD34FF40C304FF418
:104DF0000071FDF789FC0DF107024FF40C30012121
:104E0000FDF798FC4FF4FA7002F03EFA40F2981069
:104E1000C2F20000006840F2FC510078C2F20001CA
:104E200019310091FFF7ECFE40F2F955C2F200058E
:104E3000FFF758FB08282870FAD1C82002F024FA9E
:104E400040F2342840F2E759C2F20008C2F20009E9
:104E50004FF0010A4FF0000B4C2610E03878217813
:104E6000401A013042F64811C2F20001087040F2C7
:104E70009810C2F200000068007800F01DF9FFF7FA
:104E800031FB411E0729287000F28780DFE801F01E
:104E9000041285288585853E387840F6FC1101305E
:104EA0003870C2F2000138780978884208BF87F864
:104EB00000B00DE03878013838703878FF2807D115
:104EC00040F6FC10C2F2000000780138387000BFD4
:104ED00042F20720C2F2000080F800A05DE000BFAF
:104EE00042F6FF00C2F2000040F6002280F800A067
:104EF000C2F20002106842F20C23416C406CC2F214
:104F00000003994228D0106042E000BF42F6FF0043
:104F1000C2F2000080F800A040F60020C2F20000BB
:104F20000068397842F20C2311FB0601C2F200033B
:104F30000A6C39789A4224D011FB06011A46096C92
:104F400099422AD0397811FB060040F60021006C06
:104F5000C2F2000108601BE098421ED140F2981096
:104F6000C2F20000006800990078FFF749FE00BF18
:104F7000FFF7B8FA08282870FAD1C82002F084F99F
:104F80000BE011FB0600806C3978C0B202F0F6FD30
:104F9000002038704FF0000B2070387810B920785E
:104FA000002863D038782178884205D3387899F87A
:104FB00000108842FFF452AF38782178884223D21B
:104FC00042F6FF00C2F2000080F800A03878042802
:104FD0003ED8387842F64811C2F2000140F6FC1281
:104FE000002814BF20780120087084F800B0C2F2B5
:104FF0000002107898F8001081428CBF107898F861
:10500000000089F8000032E7387899F800108842EB
:10501000FFF42DAF42F6FF00C2F2000040F6FC1391
:1050200080F800A0C2F200031878397898F80020C0
:10503000401A90422EDA187898F80010401A207022
:10504000187889F8000038781978401A063009E78E
:1050500098F800002178081A2070207898F800103D
:10506000084489F8000098F80000FBE640F60020AC
:10507000C2F20000006840F6FC120078C2F20002A2
:105080001070107898F800108142404688BF104692
:10509000007808E098F80000217808442070207813
:1050A00098F80010084489F8000042F64810C2F24F
:1050B000000080F800A0DAE62DE9F04F83B042F658
:1050C0004811C2F20001097840F60027009143F22E
:1050D0003001C0F22E0142F208220291C2F2000712
:1050E000C2F20002396812784C2302FB03F242F646
:1050F000FF05895C40F6FC12C2F200021170C2F298
:10510000000529780446A9B14FF6D120C0F201006C
:10511000FFF7E0FA4FF6DB20C0F20100FFF7DAFA02
:105120000020012C287000F08580002C40F0858044
:1051300079A080E042F20720C2F200000178002945
:1051400000F0D1800021017042F6AC10C2F20000E4
:1051500000780099814200F0C680451E009840F218
:10516000E858C2F20008461E98F800000DF1080B3E
:1051700050FA85F040F27511421CC0F20201584607
:10518000BA46EFB25FFA86F916F05AF8B80050FA4C
:1051900085F0192101EB80070A2039465A4604237D
:1051A000FCF71EFAFFF796FADAF8000098F80010FC
:1051B000C4EB041A51FA85F14C2511FB0500394660
:1051C00000EB4A000423421C2220FCF709FAFFF7F7
:1051D00081FA98F8000040F2751150FA86F0C0F29A
:1051E0000201421C584616F02BF84FEA890050FA8B
:1051F00086F0192101EB80040A2021465A46062335
:10520000FCF7EEF9FFF766FA40F60020C2F2000064
:10521000006898F80010062351FA86F111FB05008A
:10522000214600EB4A00421C2220FCF7D9F9FFF787
:1052300051FA58E030A0FFF74DFA40F2E85040F242
:10524000E75AC2F20000C2F2000A03789AF800009E
:1052500019468342019346D201994C2001FB00F08C
:10526000C4EB0411002500EB4100009900F1010995
:10527000C1F1000B02AC00BF019805F1010800EB81
:10528000080640F275112046C0F2020132460BEBCF
:10529000050715F0D5FF05EB8500192101EB80000E
:1052A000791C85B24FF0040708BF06270A2029465B
:1052B00022463B46FCF794F9FFF70CFA40F6002033
:1052C000C2F200000068294600EB090222203B469A
:1052D000FCF786F9FFF7FEF99AF8000009F14C098E
:1052E00086424546C8D3009842F6AC11C2F200018E
:1052F000087003B0BDE8F08F444331362833352CB5
:10530000302C27C7EBD6B4D0D0B2D9D7F7272C3161
:1053100035293B0D0A000000444331362835312C35
:10532000302C2746554E4354494F4E272C313529B2
:105330003B0D0A002DE9F04790B06D4680462846A7
:105340004021FAF75CFF20A140461222FAF730FF15
:105350004FF2E01A40F63C294FF6C92708F1400405
:105360000026C0F2010AC0F20209C0F2010700BF24
:1053700028464021FAF743FF0AEB060128464A4631
:105380003B4615F05DFFA01929464022FAF710FFB1
:105390004036C02EECD140F20010C0F2E830C8F820
:1053A000000108F6061040F6640140F66404FAF7BE
:1053B00026FF08F583704FF40061A8F80441FAF75E
:1053C0001EFF10B0BDE8F087246F74612F72657006
:1053D0006F72742F25732F257300000080B5D021C4
:1053E000FAF70DFF80BD000070B590B00D46044681
:1053F00068464021FAF703FFEDB16E4640F63C22C5
:105400004FF6C9233046C0F202022946C0F201031A
:1054100015F016FF3046FAF731FF0546C0F140019E
:105420003F2888BF00212044FAF7E9FE2046314694
:105430002A46FAF7BDFE10B070BD0000B0B542F6C6
:10544000AD15C2F2000504460020294603F046FAD5
:105450000120214603F042FA20682968081AB0FAB0
:1054600080F04009B0BD0000B0B584B00546002012
:10547000CDF80B000290CDE900004FF6D120C0F22C
:1054800001000C46FFF726F94FF6DB20C0F20100C1
:10549000FFF720F935A16846224615F0D1FEA5B1E7
:1054A000012D40F06080102C26D8DFE804F0202584
:1054B00025250909252525252525322525253700DA
:1054C0004FF6EE30C0F201001AE0102C33D8DFE8BE
:1054D00004F03032323209093232323232323F3263
:1054E000323241004FF67430C0F2010027E04FF62F
:1054F000F640C0F2010015E04FF6D230C0F20100D4
:10550000FFF7E8F86A461E2042210123FCF768F8FD
:1055100008E04FF66D50C0F2010003E04FF6E520C1
:10552000C0F20100FFF7D6F84FF63860C0F2010074
:1055300017E012A00FE04FF60830C0F20100FFF7AD
:10554000C9F86A461E2044210123FCF749F802E00D
:1055500014A000E01CA0FFF7BDF84FF6EF50C0F21A
:105560000100FFF7B7F804B0B0BD00BF4572726F1D
:105570007220436F64652025640000004443313687
:105580002831302C34382C275570646174612053D5
:1055900075636365737366756C6C79272C32293B70
:1055A0000D0A0000444331362832342C35352C277F
:1055B0004E6577657374204669726D7761726527F1
:1055C0002C32293B0D0A0000444331362831382C57
:1055D00035302C2741646465642073657269657396
:1055E0002069732030272C31293B0D0A0000000070
:1055F0002DE9F04F85B0029000200490ADF80E0028
:105600004FF6D120C0F20100FFF764F84FF6DB201F
:10561000C0F20100FFF75EF84FF61040C0F2010043
:10562000FFF758F84FF64650C0F20100FFF752F866
:1056300040F27207C0F202073846FFF74BF840F21B
:105640004506C0F202063046FFF744F840F25B051B
:10565000C0F202052846FFF73DF840F22D04C0F2E3
:1056600002042046FFF736F84FF6D870C0F201006A
:10567000FFF730F840F21800C0F20200FFF72AF8F6
:105680004FF6ED70C0F20100FFF724F840F202007F
:10569000C0F20200FFF71EF850A0FFF71BF84FF012
:1056A000230A0DF1100B4FF000084FF000093846A7
:1056B000FFF710F83046FFF70DF82846FFF70AF815
:1056C0002046FFF707F808FB0AF75A2307F10A00FC
:1056D00007F12D0180B28AB2322104260096FBF731
:1056E000DFFEFEF7F7FF002007F1160A0DF10E04AA
:1056F0000BF80800FEF7F6FE411E07294FF00100E7
:1057000026D8DFE801F0040925212525252D1BF8E1
:10571000080040B1013804E01BF80800082802D84E
:1057200001300BF808001BF80800392130308DF8E3
:105730000E001FFA8AF022460523FBF7D7FFFEF77B
:10574000C9FF012028B90FE001204FF0010900BF77
:1057500050B1B9F1000F4FF00009CBD039E000BFD4
:1057600000200028F5D100BF40F2720740F2450644
:1057700040F25B0540F22D04B8F1030F08F1010877
:10578000C0F20207C0F20206C0F202054FF0230A7F
:10579000C0F202047FF48BAF029A9DF810001178DA
:1057A000884212D19DF81100517888420DD19DF8A0
:1057B00012009178884208D19DF81300D178884270
:1057C00002BF002005B0BDE8F08F012005B0BDE8A4
:1057D000F08F032005B0BDE8F08F00BF534243288F
:1057E00030293B0D0A00000080B54FF6D120C0F2F1
:1057F0000100FEF76FFF4FF6DB20C0F20100FEF75D
:1058000069FF06A0FEF766FF0BA0FEF763FF4FF4EB
:10581000FA60BDE8804001F037BD00BF4443313637
:105820002834302C33302C27C3DCC2EBB4EDCEF35C
:10583000272C31293B0D0A00444331362832352CC0
:1058400038302C27BCB4BDABB7B5BBD8B2CBB5A5EF
:105850002E2E2E272C34293B0D0A000080B54FF642
:10586000D120C0F20100FEF735FF4FF6DB20C0F279
:105870000100FEF72FFF05A0FEF72CFF0AA0FEF7A0
:1058800029FF12A0BDE88040FEF724BF4443313613
:105890002834302C33302C27C3DCC2EBD5FDC8B7FD
:1058A000272C32293B0D0A00444331362832302C54
:1058B00037302C27C7EBC8B7C8CFC1ACBDD3CDF8A4
:1058C000CFDF272C34293B0D0A000000444331363A
:1058D0002831302C3130302C272DB0B4CFC22D459B
:1058E0006E7465722DC8B7C8CF2D272C34293B0D97
:1058F0000A00000010B588B08C2201FB02F10022E2
:10590000B1FBF0F06C460792CDE90522CDE9032208
:10591000CDE90122009200F10A0204A1204615F00F
:105920008FFC2046FEF7D6FE08B010BD424F584609
:105930002831302C37352C253032642C39302C3539
:10594000293B0D0A000000002DE9F04FA3B00446EA
:105950004FF0000B4FF4FA70ADF826B0CDF820B040
:1059600001F092FC012003F06FFEADF82600BDF8B7
:10597000260028B1B4F8041104F6061001F034F939
:10598000B4F804A104F6061840465146FAF737FC6D
:105990002046FAF773FC0DF128090746C0F16401AF
:1059A000632888BF00214844FAF729FC484621466D
:1059B0003A46FAF7FDFB04F5837594F80071284622
:1059C000FAF75CFC06464046514600223B46CDE9CC
:1059D00000BBCDE9029BCDE904B50696FFF742F87E
:1059E00008900899404601F007F994F80001012851
:1059F0002AD14FF4FA7001F047FC012003F024FE95
:105A0000ADF82600BDF8260078B90525C820013D6F
:105A100001F03AFC28041BD0012003F015FEADF87C
:105A20002600BDF826000028F0D0B4F80411404646
:105A300001F0DAF8089094F806090009ADF826009C
:105A4000BDF82600042803D1002023B0BDE8F08F64
:105A5000032023B0BDE8F08FB0B505464FF6D12046
:105A6000C0F201000C46FEF735FE4FF6DB20C0F217
:105A70000100FEF72FFE2DB1012D0BD1032C09D211
:105A80000AA002E0022C05D805A061B250F821005E
:105A9000FEF720FE08A0BDE8B040FEF71BBE00BF29
:105AA0001AFF010038FF01005AFF010096FF0100B4
:105AB00079FF0100B3FF0100424F582831302C37E5
:105AC000352C3135302C39302C3136293B0D0A003C
:105AD00070B582B000208DF8030001204FF4805192
:105AE000FDF768FAFF2000F0C1FD01204FF480515E
:105AF000FDF728FA6FF07E44FF2000F0B7FDFF2885
:105B000009D00A2001F0B6FB013CF5D101204FF489
:105B10008051FDF74FFA482000F0A8FD002000F06A
:105B2000A5FD002000F0A2FD012000F09FFDAA20AD
:105B300000F09CFD872000F099FD40F6FF7400BF47
:105B4000FF2000F093FD8DF803009DF90300B0F1F4
:105B5000FF3F04DC013C601CF2D14FF0FF34002C0D
:105B600000F009819DF8030005283CD09DF8030052
:105B7000012840F00881002401AD00BFFF2000F0A3
:105B800075FD28550134042CF8D101204FF48051C3
:105B9000FDF710FAFF2000F069FD01204FF480515D
:105BA000FDF7D0F96FF07E44FF2000F05FFDFF2885
:105BB00009D00A2001F05EFB013CF5D101204FF431
:105BC0008051FDF7F7F99DF80600012840F0DB80D1
:105BD0009DF80700AA2840F0D680C82646E000BFFE
:105BE000002840F0CA8001204FF48051FDF7E2F90F
:105BF000FF2000F03BFD01204FF48051FDF7A2F99A
:105C00006FF07E44FF2000F031FDFF2809D00A200C
:105C100001F030FB013CF5D101204FF48051FDF73C
:105C2000C9F9412000F022FD002000F01FFD0020F6
:105C300000F01CFD002000F019FD002000F016FD12
:105C4000FF2000F013FD4FF4805400BFFF2000F050
:105C50000DFD0028A4F10100C2D0012C0446F5D1AD
:105C6000BEE700BF0028A6F1010645D1772000F06D
:105C7000FDFC002000F0FAFC002000F0F7FC002002
:105C800000F0F4FC002000F0F1FCFF2000F0EEFC3E
:105C90004FF48054FF2000F0E9FC0028A4F101003B
:105CA00002D0012C0446F5D1002878D1692000F0FB
:105CB000DDFC402000F0DAFC002000F0D7FC0020E2
:105CC00000F0D4FC002000F0D1FCFF20FF2400F005
:105CD000CDFC002E60D04FF4805400BFFF2000F0B8
:105CE000C5FC0028A4F10100BCD0012C0446F5D16C
:105CF000B8E700BF002854D101204FF48051FDF7D0
:105D000059F9FF2000F0B2FC01204FF48051FDF75B
:105D100019F96FF07E4400BFFF2000F0A7FCFF28B8
:105D200009D00A2001F0A6FA013CF5D101204FF478
:105D30008051FDF73FF97A2000F098FC002000F038
:105D400095FC002000F092FC002000F08FFC002069
:105D500000F08CFCFF2000F089FC4FF4805400BF61
:105D6000FF2000F083FC0028A4F10100C2D0012C28
:105D70000446F5D1BEE7FF240EE0012042F61411DF
:105D8000C2F20001087001204FF48051FDF712F9B2
:105D9000FF2000F06BFC0024204602B070BDFF2401
:105DA000FAE70024FF2000F061FC28550134042CA0
:105DB000F8D19DF8040040064FF0040058BF0220BF
:105DC000DCE70000B0B501204FF48051FDF7BAF8D0
:105DD0006FF07E44FF2000F049FCFF2809D00A2024
:105DE00001F048FA013CF5D101204FF48051FDF754
:105DF000E1F8402000F03AFC002000F037FC0020E1
:105E000000F034FC002000F031FC002000F02EFCFB
:105E1000952000F02BFC032409E000BF00281CBFE4
:105E20000020B0BD013C200604BFFF20B0BD4FF4F0
:105E3000805500BFFF2000F019FC0128A5F10100EA
:105E4000ECD0012D0546F5D1E8E7000010B582B091
:105E5000002401948DF8034000F0E2FA01204FF491
:105E60008051FDF7A7F801940198092809D800BFCF
:105E7000FF2000F0FBFB01980130019001980A28F7
:105E8000F6D30A20019000BFFFF79CFF8DF80300B6
:105E90000198F8B19DF80300FF2804D10198411E34
:105EA00000280191F0D142F614140A20C2F2000435
:105EB000019000BFFFF70CFE207820B90198411E29
:105EC00000280191F6D121780020002908BF4FF069
:105ED000FF3000E0FF20C0B202B010BD2DE9F04F4E
:105EE00083B08B46FF218DF80B1042F61411C2F2DD
:105EF000000109780646042918BF4FEA4B2B4FEAE8
:105F00001B404FEA1B2115464FEA1B6805275FFA25
:105F100080F95FFA81FACDF804B000BF380600F0CE
:105F2000E08001204FF48051013FFDF70BF86FF046
:105F30007E4400BFFF2000F099FBFF2809D00A2013
:105F400001F098F9013CF5D101204FF48051FDF7A3
:105F500031F8E8B201284FD1512000F087FB4046CC
:105F600000F084FB484600F081FB504600F07EFBC9
:105F70005FFA8BF000F07AFB012000F077FB4FF422
:105F8000805400BFFF2000F071FB0028A4F1010045
:105F900002D0012C0446F5D1002800F091804FF486
:105FA000805400BFFF2000F061FBFE28A4F1010037
:105FB00002D0012C0446F5D1002800F07E80D346A3
:105FC000CA46C146741E4FF4007800BFFF2000F09F
:105FD0004DFB04F8010FB8F10108F7D1FF2000F0E4
:105FE00045FBFF2000F042FB0520C846D146DA46BB
:105FF000DDF804B062E000BF522000F037FB4046FD
:1060000000F034FB484600F031FB504600F02EFB18
:106010005FFA8BF000F02AFB012000F027FB4FF421
:10602000805400BFFF2000F021FB0028A4F10100F4
:1060300002D0012C0446F5D1002841D04FF4805401
:10604000FF2000F013FBFE28A4F1010002D0012C78
:106050000446F5D180B10024FF2000F007FB305545
:106060000134B4F5007FF7D1FF2000F0FFFAFF20E4
:1060700000F0FCFA052000E0FF20013D8DF80B0048
:10608000280606F5007604D09DF80B000528D5D02B
:1060900000E000254C2000F0E9FA002000F0E6FACC
:1060A000002000F0E3FA002000F0E0FA002000F009
:1060B000DDFA012000F0DAFA02E0FF208DF80B0093
:1060C00001204FF48051FCF775FFFF2000F0CEFA5D
:1060D0009DF80B00052804D0FFF7B8FE00283FF418
:1060E0001DAF9DF80B0003B0BDE8F08FB0B50446BE
:1060F000FF200D4600F0BAFA284600F0B7FA34B394
:10610000013C002514F8010F00F0B0FAB5F5FF7F4F
:1061100005F10105F6D9FF2000F0A8FAFF2000F0F4
:10612000A5FA4125FF2000F0A1FA00F01F04052C7C
:1061300006D00B2C18BF0D2C0BD0013DF2D100BFA7
:10614000FF2000F093FA0028FAD0052C01D1052099
:10615000B0BDFF20B0BD00002DE9F04F83B08846F0
:10616000FF218DF80B1042F61411C2F200010978DC
:106170000646042918BF4FEA48284FEA18600190E4
:106180004FEA18404FEA1821154603275FFA80F9B5
:106190005FFA81FA380600F0908001204FF48051B8
:1061A000013FFCF7CFFE6FF07E4B00BFFF2000F0F9
:1061B0005DFAFF280AD00A2001F05CF8BBF1010B60
:1061C000F4D101204FF48051FCF7F4FEE8B201282D
:1061D00026D1582000F04AFA019800F047FA4846C4
:1061E00000F044FA504600F041FA5FFA88F000F0FF
:1061F0003DFA012000F03AFA4FF48054FF2000F0FD
:1062000035FA0028A4F1010002D0012C0446F5D192
:10621000002841D03046FE21FFF768FF3AE000BF7A
:10622000592000F023FA019800F020FA484600F0C7
:106230001DFA504600F01AFA5FFA88F000F016FADC
:10624000012000F013FA4FF4805400BFFF2000F04B
:106250000DFA0028A4F1010002D0012C0446F5D16A
:10626000D0B100BF3046FC21FFF740FF013D8DF863
:106270000B00280606F5007604D09DF80B000528D3
:10628000F0D000E00025FF2000F0F0F9FD2000F044
:10629000EDF905208DF80B0001204FF48051FCF73B
:1062A00089FEFF2000F0E2F99DF80B00052804D0DC
:1062B000FFF7CCFD00283FF46DAF9DF80B0003B055
:1062C000BDE8F08FB0B5044600F13E4000F1FF702C
:1062D0004FEAB02004280D4607D34FF69D20C0F2A8
:1062E00001004FF4F27101F0C7FF022D18BFB5F5A0
:1062F000806F01D1A561B0BD4FF69D20C0F20100B5
:1063000040F2E51101F0B8FFA561B0BD10B504463B
:1063100000F13E4000F1FF704FEAB020042807D39F
:106320004FF69D20C0F2010040F2A31101F0A4FF3E
:10633000E06840F00200E060E06820F00200E06009
:1063400010BD00002DE9F04184B040F60007C4F212
:106350000207002640F200480446B842C4F2020692
:10636000C4F202080CD0444520D0B44238D1F02009
:106370000090032001900120CDE9020000252BE0D0
:106380004FF4E0500090032001250190CDE9025028
:1063900069460220FCF7CCFB4FF4004000904FF020
:1063A0000110CDE901050025039515E04FF460408B
:1063B00000900320019004200125039069460120EC
:1063C0000295FCF7B5FB4FF4805000904FF00110A0
:1063D000CDE901050020039069462846FCF7A8FB9B
:1063E000B44205D0BC4205D0444506D1132002E09A
:1063F000122000E00B2000F0C9FF42F6301101200E
:10640000C2F20001082204230027402681E88D0003
:106410002046C1E9047600F05FF804B0BDE8F081E1
:1064200070B584B04FF48050009000206C464FF05F
:106430000115012603900120214601950296FCF7E3
:1064400077FB4FF40050009001202146FCF770FBD1
:106450004FF4804000904FF48030CDE901060120D8
:106460002146FCF765FB4FF40040CDE90005012013
:106470002146FCF75DFB01204FF48051FCF79AFDAB
:1064800001204FF40051FCF795FD04B070BD0000F1
:10649000B0B5044600F13E4000F1FF704FEAB02075
:1064A00004280D4607D34FF69D20C0F2010040F2AC
:1064B000C71101F0E1FEB5F1011F07D34FF69D2092
:1064C000C0F201004FF4E47101F0D6FEA06928404B
:1064D00018BF0120B0BD0000B0B5044600F13E4039
:1064E00000F1FF704FEAB02004280D4606D34FF6A6
:1064F0009D20C0F201003C2101F0BEFE2868022868
:1065000006D34FF69D20C0F201003D2101F0B4FEFC
:10651000686840F00800082806D04FF69D20C0F2B9
:1065200001003E2101F0A8FEA86840F00400042804
:1065300006D04FF69D20C0F201003F2101F09CFEE5
:10654000E86850B1202818BF402806D04FF69D209B
:10655000C0F20100402101F08FFE286940F01000D8
:10656000102806D04FF69D20C0F20100412101F015
:1065700083FE68693F280CDC02381E280FD80121F1
:1065800001FA00F044F24501C4F2000108420DD1C5
:1065900005E040280AD0802818BFFE2806D04FF614
:1065A0009D20C0F20100422101F066FE204650F815
:1065B000081F41F0800101602A680168012A01D1A9
:1065C000024619E021F00101A160216A012262F373
:1065D00013012162E16848F604021143E160E968B1
:1065E00019B1016841F002010160A168224641F43D
:1065F0008071A16052F8101F41F0010111602969FA
:1066000029B1102907D1016841F0100102E00168A9
:1066100021F010010160A0682B1D0ECB20F00C00B2
:10662000084310436D69A060A0684FF6FF7120F029
:1066300060001843A06060688843284360600020C1
:106640006061B0BD80B582B000208DF8070040F6D3
:106650000000C4F202000DF107010122002300F046
:1066600053F89DF8070002B080BD0000F0B583B07C
:10667000044600250526002707E000BF40EA45053F
:106680006400072F07F101073BD201204FF40051AE
:10669000FCF758FC0096009820B1002000990130CA
:1066A0008842FBD360B2B0F1FF3F05DD01204FF41B
:1066B0000041FCF747FC04E001204FF40041FCF7E7
:1066C00079FC0196019828B1002000BF01990130A2
:1066D0008842FBD301204FF40051FCF76BFC0120F2
:1066E0004FF48041FCF7F4FB02960299002818BF92
:1066F00001200029C2D00021029A01319142FBD32E
:10670000BCE7E8B203B0F0BD2DE9F04182B000294A
:1067100051D042F6281642F618180446C2F2000676
:10672000002042F62017C2F200083060C2F20007D3
:10673000C8F800102046022115463A600193FFF781
:10674000C1FD2046294600F07BF92046012100F0DA
:106750005BF82046012100F07BF8386810B30198FF
:1067600060B100BF20461021FFF792FE01280BD137
:106770000198411E00280191F4D11EE0204610210D
:10678000FFF786FE0128F9D0204600F027F831688F
:10679000D8F800204B1C33605054386801383860FA
:1067A000DDD100BF20464FF40041FFF771FE002805
:1067B000F8D0002502E001250CE003252046022147
:1067C000FFF780FD2046002100F01EF82046002142
:1067D00000F03EF8284602B0BDE8F08110B504464E
:1067E00000F13E4000F1FF704FEAB020042807D3CB
:1067F0004FF69D20C0F2010040F24D1101F03CFD2A
:106800002068C0B210BD0000B0B5044600F13E40A3
:1068100000F1FF704FEAB02004280D4606D34FF672
:106820009D20C0F20100AC2101F026FD022D06D30F
:106830004FF69D20C0F20100AD2101F01DFD206941
:10684000002D20F0010018BF01302061B0BD000014
:10685000B0B5044600F13E4000F1FF704FEAB020B1
:1068600004280D4607D34FF69D20C0F2010040F2E8
:106870005D1101F001FD022D07D34FF69D20C0F2FE
:1068800001004FF4AF7101F0F7FC606A002D20F0B9
:10689000010018BF01306062B0BD0000B0B5044611
:1068A00000F13E4000F1FF704FEAB02004280D4691
:1068B00007D34FF69D20C0F2010040F23F1101F0D6
:1068C000DBFC2560B0BD00002DE9F04381B000295C
:1068D0004FF001061CBF1746002A03D1304601B015
:1068E000BDE8F08342F62C1842F61C190446C2F2A9
:1068F0000008002042F62416C2F20009C8F8000081
:10690000C2F20006C9F80010204602211D46376079
:106910000093FFF7D7FC2046FFF7F8FC20463946E6
:1069200000F08EF82046012100F066F842F630179C
:10693000C2F200073868012804D120460121FFF780
:1069400087FF03E020460021FFF75EFF306808BBA9
:10695000386838B120464FF48041FFF799FD002890
:10696000F8D037E020460121FFF792FD0028F9D04A
:106970002AE0D8F80000D9F80010421CC8F800201E
:10698000095C2046FFF78AFF3068013830600095C7
:10699000DED000BF20460821FFF77AFD0128E8D1AC
:1069A00000980028F6D00098013800900098002840
:1069B000F0D103260FE000BF009828B100980138FD
:1069C000009000980028F4D020460121FFF760FDD8
:1069D0000128F1D0002620460221FFF773FC204653
:1069E000002100F009F8386801287FF477AF2046CD
:1069F0000021FFF72DFF71E7B0B5044600F13E40DE
:106A000000F1FF704FEAB02004280D4606D34FF680
:106A10009D20C0F20100932101F02EFC022D06D32F
:106A20004FF69D20C0F20100942101F025FCE068A2
:106A3000002D20F0010018BF0130E060B0BD000063
:106A4000B0B5044600F13E4000F1FF704FEAB020BF
:106A500004280D4607D34FF69D20C0F2010040F2F6
:106A6000871101F009FC2562B0BD000080B582B03D
:106A70008DF8070040F60000C4F202000DF1070196
:106A800001220023FFF720FF02B080BDB0B504460D
:106A90000020C4F2020084420D460DD040F60000F2
:106AA000C4F20200844209D040F20040C4F2020065
:106AB000844206D1132002E0122000E00B2000F0F7
:106AC00065FC42F63011C2F2000120464D61BDE87E
:106AD000B040FFF701BD0000B0B542F620640925C3
:106AE000C2F2000420460DF0BBFA002804BF0020CB
:106AF000B0BD4FF4FA7000F0C7FB2804A5F1010502
:106B000004BF0120B0BDEDE72DE9F04381B042F6AE
:106B10002068C2F2000840460CF000FB40460DF031
:106B2000C7F942F6CC15C2F2000528460CF0A0FBCE
:106B300042F62029C2F20009484603F091FD42F6D0
:106B40007037C2F20007384603F0BCFE40460DF035
:106B500071FB28460CF09CFB484603F091FD38463B
:106B600003F038FF40F27C20C2F2000004682046A7
:106B7000F9F784FB4AF6E5010646C0F200014846F3
:106B80003A462346009603F05FFE42F6F856C2F2FC
:106B900000063060284600210022002300240CF06B
:106BA0002DFB3060284600210CF018FB4AF295615D
:106BB000C0F2000128464A460CF01CFB404629461C
:106BC0000DF044FF41F6A55241F69953306040461E
:106BD000C0F200020021C0F2000300940DF02EFF6D
:106BE00001B0BDE8F08300000A46014642F620608D
:106BF000C2F200000DF018BD0A46014642F62060C0
:106C0000C2F200000DF0A2BF70B541F28604C2F2DC
:106C100000040D4601462046FEF7E6FB04F58376A8
:106C20003046F9F72BFB01463046F9F7E8FA2846DB
:106C3000F9F724FB024630462946F9F709FB012003
:106C400084F800012046FEF77FFE98B141F28604E9
:106C50000525C2F2000400BF013D280604BF032041
:106C600070BD4FF4FA6000F00FFB2046FEF76CFE9B
:106C70000028F1D1002070BDFFF7C6BF10B506A1F6
:106C800027220446F9F794FA0020206442F2B32048
:106C9000A4F8440010BD00BF324C33333534314CBE
:106CA000334F2E696F74636C6F75642E74656E63F9
:106CB000656E74646576696365732E636F6D00003D
:106CC000B0B505464FF6D120C0F201000C46FDF7E5
:106CD00001FD4FF6DB20C0F20100FDF7FBFC65B1C2
:106CE000012D18BFB0BD04F0FE004FF63864F02847
:106CF000C0F201040CD112A008E004F0FE004FF62F
:106D0000EF54F028C0F2010402D104A0FDF7E2FC28
:106D10002046BDE8B040FDF7DDBC00BF444331363E
:106D20002832342C35362C27536574205375636311
:106D300065737366756C6C79272C32293B0D0A00DC
:106D4000444332342833382C35302C27C9E8D6C395
:106D5000B3C9B9A6272C32293B0D0A002DE9F0470B
:106D600084B005464FF6D120C0F201001E461746FA
:106D70008A46FDF7AFFC4FF6DB20C0F20100FDF7BD
:106D8000A9FC40F24344C0F202040DF10A0021467E
:106D9000324614F055FA01A821463A4614F050FA4A
:106DA000BDB1012D50D14FF6386840F2241940F2A0
:106DB000E80740F2AC05C0F201083826C0F202092B
:106DC000BAF1040FC0F20207C0F202051CD224A0DF
:106DD00014E04FF6EF5840F2021940F2CE0740F2AD
:106DE0008805C0F201083426C0F20209BAF1030F87
:106DF000C0F20207C0F2020506D815A04FFA8AF1C8
:106E000050F82100FDF766FC2846FDF763FC18A04A
:106E1000FDF760FC01AA502020210223FAF7E0FBD5
:106E2000FDF758FC3846FDF755FC0DF10A025020DD
:106E300031460223FAF7D4FBFDF74CFC4846FDF738
:106E400049FC4046FDF746FC04B0BDE8F08700BFB2
:106E5000CFFC01002CFB0100410102002CFB0100D2
:106E600012FD0100B6FB01005C010200B6FB01004F
:106E70004443313628382C33322C27485039355F7B
:106E800039303A272C3135293B0D0A0080B54FF6B1
:106E9000D120C0F20100FDF71DFC4FF6DB20C0F24F
:106EA0000100FDF717FC04A0FDF714FC4FF47A7005
:106EB000BDE8804000F0E8B9444331362831302C39
:106EC00035302C27BBD6B8B4B3F6B3A7C9E8D6C3C0
:106ED000D6D02E2E2E272C32293B0D0A0000000082
:106EE00070B514460D460646F9F7C8F9A021A1EB86
:106EF000C0002946C0F3470032462346FAF770FB2C
:106F000040F2B420C2F20000BDE87040FDF7E2BBE1
:106F10002DE9F04FA1B0834600F6061900F5807008
:106F200005240DF120084FF0000A0490BBF804710D
:106F300048463946F9F763F90BEB8A10002100F156
:106F400040063046CDE906110591F9F797F9054657
:106F5000C0F16401632888BF00214044F9F74FF96C
:106F6000404631462A46F9F723F90120009005A84A
:106F70003946049F0190484600220123CDF8148031
:106F80000297FDF7C1FD81B24846FFF735FE0120AB
:106F900002F05AFB00060BD1200406D03220013C3F
:106FA00001F02AFF2004F2D116E04FF6FF7400BF73
:106FB000BBF804114846FFF717FE9BF8060900F0DE
:106FC000F000902808D10AF1010ABAF1030FADD1FF
:106FD000002021B0BDE8F08F022021B0BDE8F08F85
:106FE00042F6F450C2F200000168013101607047BE
:106FF00080B586B04FF480110A68082363F3CB1282
:107000000A60002240F62C010092C4F201010292B3
:1070100051F8083C9B0509D451F8083C43F00103A2
:1070200041F8083C51F8083C9B05FBD549F2000E9D
:10703000C0F2D03E0EF1010342F6F05C9842C2F27B
:10704000000C41F81C2C19D251F8082CD20509D596
:1070500051F8082C22F4807241F8082C51F8082CC1
:107060009205FBD544F60002C0F2E812904222D10C
:107070000220CCF800200590012020E0029A52B3B3
:10708000029A012A56D1002203920D2241F8042CC3
:1070900051F8042CD2065FD444F24023C0F20F030F
:1070A000039A9A4256D0039A0132039251F8042C63
:1070B000D206F5D550E00120CCF800E00590049010
:1070C000DCF80000049AB0FBF2F042F6EC52C2F297
:1070D0000002106094E051F8082C42F4807241F8EC
:1070E000082C00BF51F8082C9205FBD50A6842F025
:1070F00001020A600A6822F400120A600A6852005B
:10710000FCD540F60062C0F22772904215D049F2D9
:107110000052C0F6BA2290424CD10A68212363F390
:10712000D3020A600A6842F480020A600A685200C8
:10713000FCD554E00320009062E00A68122363F358
:10714000D3020A600A6842F480020A600A685200A8
:10715000FCD544E002220092009A002A43D10A683A
:1071600042F001020A600A6822F400120A6000BFBD
:107170000A685200FCD540F60062C0F227729042C5
:107180001BD049F20052C0F6BA22904212D10A68CE
:1071900040F2122363F3D3020A600A6842F0060247
:1071A0000A600A6842F480020A6000BF0A6852005E
:1071B000FCD514E00122009215E00A6840F2124367
:1071C00063F3D3020A600A6842F006020A600A68A2
:1071D00042F480020A6000BF0A685200FCD5012216
:1071E000059202220492CCF80000049AB0FBF2F05F
:1071F00042F6EC52C2F200021060042041F81C0C6E
:10720000009810B10120059002E0049801281ED1D9
:107210000020019051F8180C059B40F2FF7290433A
:107220005A1E019B104340EA032041F8180C00BF8E
:1072300051F8180CB0F1FF3FFADCDCF80000FBF766
:10724000AFF90098B0FA80F0400906B080BD04980C
:10725000022814BF05200420DBE700004EF688500A
:10726000CEF20000016841F470010160002140F895
:10727000801C704781B000900098411E002800914A
:10728000FAD101B07047000081B0009042F6F4508E
:10729000C2F20000016800BF0268009B521A9A42C5
:1072A000FAD301B070470000BFF34F8FBFF36F8F69
:1072B0004EF65070CEF2000000210160BFF34F8FF8
:1072C000BFF36F8F4EF61450CEF20000016841F408
:1072D00000310160BFF34F8FBFF36F8F7047000025
:1072E00042F6EC50C2F200000068704742F6F050DF
:1072F000C2F200000068704710B540F60000C4F20A
:10730000010001684EF60C5441F480310160C16BFC
:10731000CEF2000421F40001C16320684FF6FF01A2
:10732000084040F0BF6040F40130206049F2005056
:10733000C0F6BA20FFF75CFE30B3FFF7B5FF42F6A8
:10734000F451C2F200010020086042F6F051C2F28E
:107350000001096844F6D352C1F26202A1FB021295
:107360004FF0FF3101EB9211B0EB116F18BF10BD60
:107370004EF21002CEF200025160E021E175906001
:107380000720106010BD00BFFEE7000081B040F68E
:107390001C010E28C4F2010107D30E3801220B682C
:1073A00002FA00F01843086005E001224B6802FA77
:1073B00000F0184348600220009000BF0098411E72
:1073C00000280091FAD101B07047000041F210404E
:1073D000C4F200000168C90708BF7047016821F0C6
:1073E0000101016042F69410C2F20000016801310F
:1073F000016070474FF6FF72514001617047000015
:10740000C1B140F2FF71C4F20001884218DD40F6BC
:107410000001C4F2000188421BD042F60041C4F2D0
:107420000101884215D044F20001C4F201018842F2
:107430000FD014E001684FF6FE72114001607047F2
:10744000B0F1804F05D040F20041C4F20001884203
:1074500005D1816801F00701062908BF704701685E
:1074600041F00101016070471AB1C2681143C16067
:1074700070474FF6FF72C36851401940C1607047B2
:1074800004220260D1E90032C262A0F18042A2F57A
:1074900096324FEAB222072A836207D8012303FA01
:1074A00002F212F0E10F1CBF8A68026342F6FF325B
:1074B000C4F2010290420DDC40F2FF72C4F20002FD
:1074C000904216DCB0F1804F2AD040F20042C4F264
:1074D000000223E044F2FF32C4F20102904213DCC6
:1074E00042F60042C4F20102904219D044F2000276
:1074F00012E040F60002C4F20002904210D042F2C4
:107500000002C4F2000209E044F60002C4F20102E3
:10751000904205D044F20042C4F20102904205D1EB
:1075200002680B691B0A63F3092202600268C968DA
:10753000090961F30612012102604161016821F02D
:10754000040101607047000010B5E4B042F69C10E1
:10755000C2F20000D0E902236C4640F24641C0F27C
:107560000201204613F06CFE02A02146FFF784FBC7
:1075700064B010BD247468696E672F75702F7072C7
:107580006F70657274792F25732F257300000000CA
:10759000B0B504464FF6D120C0F20100FDF79AF8CD
:1075A0004FF6DB20C0F20100FDF794F8012C0CD05F
:1075B000002C18BFB0BD4FF6EF544FF64D30C0F25F
:1075C00001041DA5C0F2010005E04FF6386407A5CF
:1075D000C0F201040EA0FDF77DF82846FDF77AF809
:1075E0002046BDE8B040FDF775B800BF44433136D2
:1075F0002832322C35352C27B2A2BCECB2E9CDF8BA
:10760000C2E7D7B4CCAC272C31293B0D0A000000CF
:107610004443313628382C33392C27C7EBBCECB225
:10762000E9CDF8CFDFCAC7B7F1C1ACBDD3272C3144
:10763000293B0D0A000000004443313628382C3520
:10764000352C27616E64206E6574776F726B2063D2
:1076500061626C65272C31293B0D0A00B0B586B0FC
:107660002520FFF793FEFFF73BFE0446FFF73EFEA3
:107670000546FFF735FE854202D0FFF731FE440094
:1076800045F6C5216009C0F67C21A0FB01014FF041
:10769000FF3000EBD11041F200440921C4F2000494
:1076A0000025CDE9010101A92046CDE90455FFF7E8
:1076B000E7FE204601210122FFF7D6FE4EF2001020
:1076C000CEF200004FF48021C0F880110160204606
:1076D0000021FFF795FE204601216562FFF78AFE33
:1076E00020460121FFF78CFE06B0B0BDB0B541F2D7
:1076F0000044C4F20004204600210025FFF780FE6C
:10770000204601216562BDE8B040FFF773BE00006E
:10771000B0B58AB004461020FFF738FE4FF4C060C1
:10772000069003200790012008900220099006A9E6
:1077300000200025FBF7FCF960200094CDE901054D
:1077400040F2003043F60004C1F20000C4F201042C
:10775000CDE9040569462046039500F0C9F82046A6
:10776000012100F099F84EF200104EF21B42CEF2C9
:1077700000004FF00061CEF20002A023C0F880119B
:107780001370016020460421012200F09FF80AB026
:10779000B0BD000010B544F20044C4F2000420461D
:1077A000042100F083F8002808BF10BD204600F037
:1077B000F7F842F60C11C2F200010A78022A1ED034
:1077C000012A2BD072BB0A2818BF0D2856D042F6CA
:1077D0000B1CC2F2000C9CF800305A1C8CF80020E4
:1077E00042F60112C2F20002D0540120087042F6A3
:1077F0001010C2F2000042F2107101603EE00A284F
:1078000018D142F60B10C2F20000007842F60112C5
:10781000C2F200020023135403200CE00D2813D100
:10782000022023E00020087042F60B11C2F2000192
:10783000087023E00120087042F61010C2F2000028
:1078400042F21071016019E042F60B12C2F200021E
:107850001378082B07D8591C117042F60111C2F297
:107860000001C85403E0002010700120087042F6A7
:107870001010C2F2000042F2107101602046042193
:10788000BDE8104000F002B8FFF784BF012202FA01
:1078900001F1416470470000026B002942F00103CE
:1078A00008BF02F00103036370470000C9B2012260
:1078B00002FA01F1826BC06B0A4000EA010018BFB6
:1078C0000122002818BF012010407047836BC36A53
:1078D000C9B223F01003C362012303FA01F1002AA5
:1078E000826B0CBF22EA01011143816370470000E3
:1078F0002DE9F0470D460446FFF7F2FCD5E90018E4
:1079000044F240290A01B0FBF2F6C0F20F0906FB6F
:107910001200AF68A0FB0901D5F80CA00023F8F70E
:10792000FDFB89014AF2201241EA9061C0F2070290
:1079300012EB801041F100014A460023F8F7EEFBFC
:107940003F2884BF013600206662A06248EA070033
:1079500040EA0A0040F01000E062D5E9040140F27C
:107960000032C2F20002904241EA00012163E16A62
:1079700021F01001E1620ED040F20031C1F20001AD
:10798000884218BFBDE8F08742F69810C2F20000A6
:107990000460BDE8F08702206065BDE8F087000064
:1079A00010B5044644F6FF30C4F2000084420CDCFB
:1079B00044F20040C4F20000844217D044F60000B4
:1079C000C4F20000844211D00BE044F60040C4F23F
:1079D000000084420AD043F60000C4F20100844251
:1079E00004D005A0EF2100F047FC00BFA069C0064D
:1079F000FCD42068C0B210BD2E2E2F4C696272617B
:107A0000726965732F5374645065726970685F445E
:107A100072697665722F5372632F6678785F75612D
:107A200072742E6300000000016000BF81690907C5
:107A3000FCD47047F0B5ADF5057D40F2FC54C2F2C0
:107A4000000494F8FC1381422BD084F8FC03002539
:107A500020464FF4FF71CDE98355CDE98155FBF701
:107A6000E1FA40BAA4F8FE0104F500704FF4FF718A
:107A7000FBF7D8FA40BA01AE81AFA4F8FE0300BF0D
:107A800020464FF4007132463B46FAF76FFE30460F
:107A900029460122FEF760FB0135022D04F5007432
:107AA000EED10DF5057DF0BD2DE9F047ADF50A6D80
:107AB000FCA84FF49661F8F7A2FB02AC20464FF405
:107AC0007A71F8F79CFB40F2FC58C2F20008D8F833
:107AD00026A0BAF1020F26D3012608F12A074FF09B
:107AE0003B09012506EB4600EAB208EB8001272A94
:107AF00001F12C0134BF07EB8001273E2046F8F747
:107B000089FB06EB4600042207EB800000F1080128
:107B10002046F8F7DFFBF8F7B1FB0135EEB2B245CE
:107B200024F80090DED8FCAD40F2205108F1190293
:107B300009A3C0F202012846009413F081FB08A0BB
:107B40002946FFF799F84FF4FA70FFF79DFB0DF502
:107B50000A6DBDE8F08700BF56325F3100000000BB
:107B6000247468696E672F75702F70726F706572FC
:107B700074792F25732F257300000000B0B584B0F1
:107B8000042800F28780DFE800F00321304A670014
:107B900040F29815C2F20005286800210078FDF730
:107BA0005BFFFFF7A3FDFCF7EFFD04460138C0B211
:107BB000032828BFFCF794FB286821460078FCF7CF
:107BC000ABFB0024002C40F0E380DDE0FBF748FA3B
:107BD00040F29815C2F200052A6801461078022981
:107BE00072D1F9F7EDFB0F24ABE040F29815C2F229
:107BF000000528680078FAF765F80324FAF79CF87E
:107C000000284BD02006A4F10104F7D128680078A1
:107C1000FFF7BEFC0024002C40F0BA80B4E08DF8E1
:107C20000F104FF40C304FF40071FAF76DFD0DF1A9
:107C30000F024FF40C300121FAF77CFD40F298104E
:107C4000C2F200000068F0210078FFF739F8002444
:107C5000002C40F09D8097E0C820FFF715FB40F214
:107C60003520C2F20000FDF7C3FC032857D00128DD
:107C700053D0C8BBFDF7F2FDFCF734FC04284ED00E
:107C80000828F9D1FFF702F9FAF7E4FE60B3F9F733
:107C900089FE44E00024002C7AD175E0FBF71AFA43
:107CA0000446FFF751FC02A801A9FBF70DFB286869
:107CB000DDE9013200782146FFF750F8FAF7EAFBD8
:107CC0000024002C64D15FE0F9F7FCFF032400BF1F
:107CD000FAF732F860B12006A4F10104F8D128685F
:107CE0000078FFF755FC2BE000240120D0B949E0D3
:107CF0002868007800F002FAF9F77EF90446FAF7EE
:107D0000C9FB132C19D80120A04010F4062F14D061
:107D100028680078F9F7BCFD13E0FDF765FDFF2446
:107D2000002078B340F29810C2F200000068F12100
:107D30000078FEF7C5FF5CBB26E02046FBF7B2FDEE
:107D40000024FCB1FF208DF8030000BFFCF7CAFB44
:107D500004281FD00828F9D1132C0FD80120A040E7
:107D600010F4062F0AD0286801210078FDF774FE70
:107D70000DF103012046FBF7BBFA04462046FBF752
:107D800091FD002424B900BFFCF7ACFB0428FBD113
:107D900004B0B0BDFF24002CFAD1F5E7F0B581B0F6
:107DA000054642F64C10C2F200000C46032700F1D3
:107DB000400606E04FF4FA60013FFFF765FA380429
:107DC00030D04FF44A7000F0F3F81C28F2D8014686
:107DD0000020DFE801F0141313131313131313130C
:107DE0001313131313131313131D13131328131344
:107DF00013130F00012000F0B9FCDBE7DAE70120E4
:107E00000121224620230FF081FE0028D2D10CE070
:107E1000012031462A4600F0E5FC0028CAD10520A1
:107E200001B0F0BD062001B0F0BD062001B0F0BDEC
:107E3000F0B585B040F60004C4F2020400252046E7
:107E4000CDE90355CDE90155FEF77CFA00204FF44A
:107E50000041FBF7AFF82046FE21FEF717FE042095
:107E600001AC01904FF00116012703202146029634
:107E7000CDE90375FAF75CFE03200421FBF79AF8BD
:107E8000202001A9C1C1012021460495FAF750FE26
:107E900041F6715041F67951C0F20000C0F2000184
:107EA0000FF034F841F68D5041F68151C0F20000D8
:107EB000C0F200010FF046F846F2456046F66D212B
:107EC000C0F20000C0F200010FF058F840F20821A3
:107ED000C0F20801D1E900238F68160C02EB1220D2
:107EE00042F6AD1106EB1262C2F200014A701A0CA2
:107EF00002EB136203EB1326CA703A0C07EB17234D
:107F000002EB176208708E700B71C3074A711CBFB9
:107F10000130087005B0F0BD80B582B00DF10701E9
:107F20000F2000F095FDB0F1FF309DF8071018BF4D
:107F30000846C0B202B080BD80B503200421FBF723
:107F400001F80120FFF7A0F903200421FBF732F824
:107F50004FF4E160BDE88040FFF796B980B5034675
:107F60008AB2012019460EF001FE80B280BD0000E9
:107F700080B584B040F20220C0F20110039040F2BC
:107F80000240C0F2022002904FF00230CDE9000022
:107F90006946012000F05CFDB0F1FF3018BF012000
:107FA00004B080BD03468AB2012019460FF028BAFA
:107FB000B0B540F23C25C2F20005A96804468847E6
:107FC00028698047E969C4F307408847E969C4F331
:107FD00007208847E969E0B28847A869804769694E
:107FE00004468847E86880472046B0BDF0B581B0B8
:107FF00040F23C27C2F200070D46B9681446064617
:10800000884738698047F969C6F307408847F969A6
:10801000C6F307208847F969F0B2884734B1013DBB
:10802000B869804705F8010F013CF9D178698047AC
:10803000F86801B0BDE8F0400047000070B540F2BC
:108040003C26C2F200060C46B168054688473069F6
:108050008047F169C5F307408847F169C5F30720F8
:108060008847F16945F00400C0B28847F1692046AD
:10807000884770698047F068BDE87040004700009D
:10808000F0B581B040F23C27C2F200070D46B96856
:1080900014460646884738698047F969C6F30740A1
:1080A0008847F969C6F307208847F96946F0040054
:1080B000C0B2884734B1013DF96915F8010F88470E
:1080C000013CF9D178698047F86801B0BDE8F0401B
:1080D00000470000B0B50446012001F0B5FA58B1E0
:1080E000B4F8045104F6061420462946F8F787F838
:1080F00020462946FEF778FD80B2B0BD10B5044693
:108100004FF6D120C0F20100FCF7E4FA4FF6DB2075
:10811000C0F20100FCF7DEFA012C07D0002C18BFDA
:1081200010BD0EA0BDE81040FCF7D4BA02A0BDE817
:108130001040FCF7CFBA00BF444331362832322C0E
:1081400035352C27B5C8B4FDBDD3CAD5B9CCBCFED6
:10815000B0FC2E2E272C35293B0D0A004443313626
:108160002831362C35352C2757616974696E6720A4
:108170004669726D77617265272C35293B0D0A00BF
:1081800080B5DDE902CECDE902CEBDE8804001F048
:10819000DFBB000001F042BC10B501204FF48C7130
:1081A000F8F7C4F8002804BF002010BD044601F011
:1081B0004DFC204610BD000010B5044601F03EFC09
:1081C0002046BDE8104014F0E7BB000001F044BCBD
:1081D00001F0C4BCB0B582B0054600681C460B1A5D
:1081E000012B0ADB037893420CD10130286001AAED
:1081F000284601F0AFFE18B908E06FF05F0028B123
:1082000002B0B0BD6FF061000028F9D1019890B1C3
:10821000286890F9000000280DD4019840B100BFF3
:1082200029680A7822B9013101382960F8D1002083
:108230000428019003D96FF0630002B0B0BD04D1EF
:10824000286890F900000028F5D4019800212160E9
:1082500068B100BF2968226811F8013B013843EA80
:10826000022222602960F5D14FF0FF3000E0013892
:108270000190002002B0B0BDFEE700002DE9F04FF4
:1082800081B00478002C00F0818040F25C2E84469E
:108290000020C2F2000E4FF0000A00BFDEF80050CE
:1082A000FF224FF0FF3300BFEE1876780133A6426D
:1082B00008BF1A463F2BF7D14AF00103DEF8005001
:1082C0001CF80360FF244FF0FF3300BFEF187F78E6
:1082D0000133B74208BF1C463F2BF7D14AF00203D7
:1082E000DEF800901CF803700093FF254FF0FF3379
:1082F00009EB030676780133BE4208BF1D463F2BCB
:10830000F6D14AF00309DEF800B01CF809E0E046B7
:10831000FF274FF0FF3600BF0BEB060C9CF8013037
:108320000136734508BF37463F2EF5D1C4F301131C
:1083300043EA82020A54009A18F802203D2A00F10A
:1083400001021FD0C5F38303C44643EA04138B54D0
:1083500018F809203D2A00F1020213D007F03F036C
:1083600043EA85130AF1040A8B541CF80A400330CF
:10837000002C40F25C2EC2F2000E04BF01B0BDE83A
:10838000F08F8BE7104601B0BDE8F08F002001B000
:10839000BDE8F08F2DE9F04FADF5477DB2F5C07F18
:1083A00002D96FF03705B1E05FAF0D468046384621
:1083B0004FF4D0711646F7F722FF01A801F046FBF3
:1083C000300A8DF88E011837302000248DF8930183
:1083D000384629463246ADF88C418DF88F61F7F763
:1083E000E7FE8020B8554BA804550134202CFBD162
:1083F00001A84BA94FF4807201F0B0FB054600289C
:108400006BD106F1190900240DF5BE7B47AE01AF13
:108410004FF0000ACDF80080C846CDE94944CDE9C7
:10842000474400BFB9F1000F17D000201BF800101F
:10843000325C5140315401301028F7D1B9F11009A4
:10844000384638BFA1460121324633460BF1100BA6
:1084500001F0E4FA0028E5D03CE00DF5A67C0CEB39
:108460000A0047AD04302ECD2CC09DF87F014CF89A
:108470000A100130BAF1200F0AF1100A0DF5BE7B87
:10848000C1468DF87F01C7D353AE01A831464FF4E2
:10849000807201F063FBDDF800800546E8B9203604
:1084A000002401AF384601213246334601F0B6FAC6
:1084B00090B9B56808EB040031687268F3688560AC
:1084C000202C04F110044FF00005C36042600160ED
:1084D000E8D302E0DDF80080054601A801F0AEFA1D
:1084E0005FA84FF4D07108F067FE53A8302108F060
:1084F00063FE4BA8202108F05FFE47A8102108F07A
:108500005BFE1DB14046302108F056FE28460DF5B1
:10851000477DBDE8F08F000070B5002808BF70BD32
:1085200040F260260446C2F2000603E031682846A5
:108530008847CCB1607B25462468C00704D1A86871
:10854000002818BFFFF7E8FF687BC00703D1286940
:1085500008B131688847687B8007E7D4286A00281B
:10856000E4D031688847E1E770BD00002DE9F047AD
:10857000894600F1080A01F1010801E0381A70B3D8
:10858000DAF800A0BAF1000F29D0DAF8204059EA51
:10859000040018BF0120002C18BFB9F1000FEED065
:1085A00026783046F7F7EBFD99F8001007460846A5
:1085B000F7F7E5FD8742E1D1013445466EB114F885
:1085C000016B3046F7F7DBFD15F8011B074608463F
:1085D000F7F7D5FD8742F1D0D0E70020CFE750462E
:1085E000BDE8F087B0B540F26421C2F2000109682D
:1085F000054628208847B8B128210446F7F7FFFD33
:1086000042F6E8510020C2F2000108602DB1013DA0
:1086100015F8010F01382028FAD3204629460EF01C
:10862000E3F848B12046B0BD42F6E850C2F200007F
:10863000002404602046B0BD2046FFF76DFF0020F7
:10864000B0BD0000B0B582B04FF4D850FFF7B0FC19
:1086500004464FF4D8500321FFF7F0FC40F2CE302F
:10866000C2F20000007840F2DC3341F2883510A1FC
:10867000C2F20003112200950FF0ACF905464FF449
:10868000D8502146FFF7DAFC15F10D0002BF01209A
:1086900002B0B0BD0EF04CFF42F66430C2F20000F2
:1086A000006840F24C4000F0A7FB002002B0B0BDD3
:1086B000434845434B5F49505F434F4E464C494307
:1086C0005400000070B542F66034C2F2000494F920
:1086D000000001281ADC40F2782542F66436C2F226
:1086E0000005C2F2000628683168884224BF0120D4
:1086F00070BD42F66130C2F2000090F9000004281B
:1087000018BF022812D10FF03FF813E042F661358E
:10871000C2F2000595F90000012815D0042818BF01
:10872000022821D10EF06AFF01200EE0012801D1BC
:108730000EF064FF00203060306821780A30286035
:1087400001310120217070BD0020287042F6643292
:10875000C2F200020021116040F27822C2F200024F
:108760000A231360217070BD0120EFE7082882BF43
:10877000FF2040B2704770B504464FF4847000EBA0
:108780004415102128466601FFF758FC2846FFF7DC
:108790000FFC0028FAD106F502701F21FFF74EFCEE
:1087A00042F60661C2F2000101200A88A04022EAD6
:1087B0000000088042F61060C2F20000002120F89C
:1087C000141042F60860C2F20000015506F542742A
:1087D0002046FFF7EDFB0028FAD10120BDE87040EC
:1087E00040B270472DE9F041082803D9FF2040B27C
:1087F000BDE8F0814401054604F1080016460F4625
:10880000FFF7D6FB00F00F0001283ED104F54278B7
:108810004046FFF7CDFB13283BD179783878090221
:10882000BA7841EA0041114440EA0120013810F1D0
:10883000030F32D8AEB304F6084039460422FFF7DE
:108840001FFC41F208002044310AFFF7F7FB41F218
:1088500008102044F1B2FFF7F1FB04F584763046AE
:108860000421FFF7EBFB00BF3046FFF7A1FB002818
:10887000FAD142F60460C2F200000088E840C00766
:1088800013D0002040B2BDE8F081FB2040B2BDE82B
:10889000F081FD2040B2BDE8F081F42040B2BDE897
:1088A000F081F52040B2BDE8F08104F5027500BF0B
:1088B0004046FFF77DFB17280CD02846FFF778FBD2
:1088C0000007F5D528460821FFF7B8FBF32040B292
:1088D000BDE8F081012040B2BDE8F081B0B50528C7
:1088E00000F27C800C46DFE800F0033C757C83934B
:1088F0004FF4106021460622FFF7C2FB04F10E017F
:108900004FF480700422FFF7BBFB04F10A014FF41F
:10891000A0600422FFF7B4FBA11D4FF47060042295
:10892000FFF7AEFBA07C42F6C513C2F20003E17C68
:10893000187042F6C610C2F20000227D017042F6A5
:10894000C710C2F20000657D027042F6C810C2F284
:108950000000A17D057042F6C410C2F20000017053
:1089600067E04FF4106021460622FFF73FFB04F159
:108970000E014FF480700422FFF738FB04F10A0166
:108980004FF4A0600422FFF731FBA11D4FF470608B
:108990000422FFF72BFB42F6C510C2F2000000785C
:1089A00042F6C711A07442F6C610C2F20000C2F22D
:1089B000000100780978E074217542F6C81042F68B
:1089C000C411C2F20000C2F200010078097860759B
:1089D000A1752EE0247814F0C50F2DD0FF2568B2C4
:1089E000B0BD00200025FFF7E3FA207068B2B0BDEB
:1089F00021784FF4D850FFF721FBE1784FF4C850AD
:108A0000FFF71CFBA1784FF4D050FFF717FB10E0E5
:108A10004FF4D850FFF7CCFA20704FF4C850FFF74E
:108A2000C7FA05464FF4D050FFF7C2FA40EA0520D6
:108A30006080002568B2B0BD00200025FFF7B8FABD
:108A400040EA04010020FFF7F9FA68B2B0BD000067
:108A50002DE9F0410F284AD80C46DFE810F010004D
:108A600013004C005B006600730080008B009800D0
:108A7000A900BE00C2000901F400F900020111F0D2
:108A8000E9FBF5E0A046002C18BF08F1080811F03A
:108A9000E1FB002C00F0F080661E00200821324629
:108AA00012F8013F0139184440B2F9D110281EDCF8
:108AB000002741F6087500BF16F8011F7819FFF767
:108AC000BDFA2037B7F5807FF6D1002C00F0D480B6
:108AD000A8F1010400200821224600BF12F8013F3E
:108AE0000139184440B2F9D1102840F3CE80FF205C
:108AF00040B2BDE8F0814FF4A850FFF759FA05469F
:108B00004FF4B850FFF754FA05F0F00141EA0020A5
:108B10002080ADE02088040A00F0F0014FF4A85056
:108B2000FFF78CFA4FF4B85008E02088040AC1B26D
:108B30004FF4B050FFF782FA4FF4C0502146FFF7D0
:108B40007DFA95E04FF4B050FFF732FA05464FF446
:108B5000C050FFF72DFA45EA0020208088E06178B8
:108B60004FF49850FFF76AFA21784FF4A050FFF7BE
:108B700065FA7DE04FF49850FFF71AFA05464FF476
:108B8000A050FFF715FA40EA0520208070E040F27F
:108B90003C20C2F2000081782170C17861700179B7
:108BA000A1704179E17080792071002060715FE0EF
:108BB0004FF43850FFF7FCF900F07F014FF43850C4
:108BC000FFF73CFA4FF43850FFF7F2F940F080011C
:108BD0004FF43850FFF732FA4AE0204611F07AFBA2
:108BE00046E04FF43850FFF7E3F9C0F3801100F08E
:108BF00038002170A0F13801A0F12002B1FA81F112
:108C0000B2FA82F2490952091143A0F11002102A66
:108C1000617038D8012140F2011301FA02F2C0F26A
:108C200001031A4208BF0021A0F10802182AA1700E
:108C300026D8012000FA02F10122C0F201121142ED
:108C40001ED0E07014E02078BDE8F04111F07ABB4E
:108C50004FF43850FFF7ACF910F0300018BF012086
:108C600005E04FF43850FFF7A3F900F00100207041
:108C7000002040B2BDE8F081002040B2BDE8F081A4
:108C80000020E070F4E70021CEE7002541F60866F9
:108C900014F8011FA819FFF7D1F92035B5F5807F29
:108CA0004FF00000F4D1E4E72DE9F0478CB0E9463D
:108CB0008846044648463021F7F7A1FA04F1200A15
:108CC00000274E460F2000BF411C07D0215C013118
:108CD000CAB221548A42A0F10100F5D150460121C7
:108CE0002246334600F09AFEE8B91036202F07F1ED
:108CF0001007E7D3002000BF18F8001019F8002073
:108D0000514009F8001001303028F5D1694650462D
:108D10004FF4807200F022FF054628B908AB0FCB54
:108D200000250FC400E005466846302108F044FAEB
:108D300028460CB0BDE8F08780B540F2DC31C2F2C5
:108D400000014FF470600422FFF79AF940F2E0311D
:108D5000C2F200014FF4A0600422FFF791F940F243
:108D6000D831C2F200014FF480700422BDE8804087
:108D7000FFF786B980B500208021FFF75FF900205A
:108D8000FFF716F940F2C431C2F200014FF410604F
:108D90000622BDE88040FFF773B9000080B50020CF
:108DA0008021FFF74BF90020FFF702F940F2DC3198
:108DB000C2F200014FF470600422FFF761F940F243
:108DC000E031C2F200014FF4A0600422FFF758F92D
:108DD00040F2D831C2F200014FF480700422FFF754
:108DE0004FF940F2C431C2F200014FF41060062284
:108DF000BDE88040FFF744B900EBC00041F200013C
:108E000044F61F62C4F2000101388A62C8624869F0
:108E100040F001004861086920F00100086108681D
:108E200040F00100086000BF0869C007FCD0086876
:108E300020F00100086070472DE9F04381B0082858
:108E400001D9FF202BE04701044607F10800FFF796
:108E5000AFF800F00F00012820D107F584752846EF
:108E60000821FFF7EBF800BF2846FFF7A1F800281C
:108E7000FAD142F6046142F60668C2F20001C2F27B
:108E8000000801200988B8F80020A040084222EA22
:108E90000001A8F8001006D0002000E0FB2040B23E
:108EA00001B0BDE8F0836FEA000907F5427607F5E7
:108EB000027700BF3046FFF77BF860B33846FFF714
:108EC00077F80007F6D528461021FFF7B7F800BF5E
:108ED0002846FFF76DF80028FAD138461F21FFF722
:108EE000ADF8B8F80000002100EA0900A8F8000079
:108EF00042F61060C2F2000020F8141042F608603A
:108F0000C2F20000015500BF3046FFF751F80028BB
:108F1000FAD1F320C3E70120C1E700002DE9F047B3
:108F200093B04FF0000C4FF04B0E0DF101034FF0DA
:108F30002E080C464FF0000A4FF0000914F8015BB0
:108F4000BAFA8AF77F0905F0C006C02EBC4408D1E2
:108F50002478BC4465F30D24044414F8015B4FF0FD
:108F6000010AF5B1EE430EEB06070FFA87FEBEF1DC
:108F7000000F00F17080013C01332F4614F8016F9F
:108F8000013F03F8016C3E0403F10103F6D1BAF18D
:108F9000000F08BFAC4403F8018C09F1010901344A
:108FA000CCE7B9F1000F04BF2E2703F8017B00279F
:108FB0001F701CF1010353D08C443CF80A1B4FF086
:108FC000FF3309BA03EB11410E295DD8DFE801F048
:108FD00060085C5C086F0808085C5C08AB5CB40067
:108FE00000224B210DF101034FF02E0E67464FF08A
:108FF00000094FF0000800BF17F8014BB9FA89F6D5
:10900000760904F0C005C02D324408D13D783244C1
:1090100064F30D25471917F8014B4FF0010914B3FC
:10902000E543294409B2002926D4013F01332646ED
:1090300017F8015F013E03F8015C350403F10103F9
:10904000F6D1B9F1000F08BF224403F801EC08F192
:1090500001080137D0E74FF0FF3C1CF10103ABD111
:109060004FF0000C10E0B8F1000F04BF2E2003F801
:10907000010B0020187001E04FF0FF32B2F1FF3019
:1090800018BF0CEB02008446604613B0BDE8F087C1
:109090009CF8000010709CF8010050709CF80200D1
:1090A00090709CF803000CF1040CD070ECE70022E7
:1090B0004B210DF101034FF02E0E67464FF00009D2
:1090C0004FF0000817F8014BB9FA89F6760904F059
:1090D000C005C02D324408D13D78324464F30D25DB
:1090E000471917F8014B4FF00109002C63D0E543F5
:1090F000294409B2002900F1AD80013F0133264621
:1091000017F8015F013E03F8015C350403F1010328
:10911000F6D1B9F1000F08BF224403F801EC08F1C1
:1091200001080137CEE79CF80000604410F8011FE9
:10913000084400F1010CA7E70CF1020E00234B22BA
:109140000DF101014FF02E0C74464FF000094FF065
:10915000000800BF14F8015BB9FA89F77F0905F030
:10916000C006C02E3B4408D124783B4465F30D244F
:10917000044414F8015B4FF00109002D61D0EE4367
:10918000324412B2002A6CD4013C01312F4600BF98
:1091900014F8016F013F01F8016C3E0401F1010177
:1091A000F6D1B9F1000F08BF2B4401F801CC08F14A
:1091B00001080134CEE7B8F1000F04BF2E2103F8F7
:1091C000011B00211970511C48D0944400224B21EE
:1091D0000DF101034FF02E0E64464FF000094FF0E1
:1091E000000800BF14F8015BB9FA89F77F0905F0A0
:1091F000C006C02E3A4408D124783A4465F30D24C1
:10920000044414F8015B4FF0010995B3EE43314477
:1092100009B2002936D4013C01332F4614F8016FFE
:10922000013F03F8016C3E0403F10103F6D1B9F1EB
:10923000000F08BF2A4403F801EC08F101080134CB
:10924000D0E7B8F1000F04BF2E2001F8010B002079
:10925000087008E04FF0FF32511CB6D14FF0000CFF
:1092600012E74FF0FF33B3F1FF3C18BF0EEB030CD6
:109270000AE7B8F1000F04BF2E2003F8010B00200D
:10928000187001E04FF0FF32501C1ABF0CEB0200C7
:1092900000F1140C4FF0000CF6E600002DE9F0434D
:1092A00093B0904640F2E432C2F200021388C0004C
:1092B0000133013013801A0A88F8020000200DF1F2
:1092C000010488F80020A8F803000122C8F806006D
:1092D000A8F80A00204688F8013088F80520F7F73A
:1092E0000DF8F6F7CBFF814620462E21F6F7BCFF9E
:1092F0004946002818BF011B8CB208F10D0588F8FB
:109300000C1044B3B0FA80F046090DF1010700BF1C
:10931000284639462246F6F79BFFF007254417D129
:10932000601C1FFA89F10744A1EB000938462E2181
:10933000F6F79AFF4A46002818BFC21B94B2B0FA4B
:1093400080F105F8012B002C4FEA5116E0D102E024
:10935000002005F8010BA5EB080004304FF00121B7
:1093600000B2296013B0BDE8F08300002DE9F04F92
:10937000A1B08346D0F8E00080B3DBF8E00001281C
:109380002FDB0BF1E4064FF000090DF1040AE8466B
:109390000025002407E000BFDBF8E0000134844230
:1093A00006F1140622DAD6E900703169802201291B
:1093B00008BF0D4651464346CDF80090B84798B9CE
:1093C000009B002BE8D0E1B25846524600F01EF850
:1093D000C8B90098B1680844B060DDE76FF03F0796
:1093E0000DE06FF03C0706E0074604E00027002D83
:1093F00008BF6FF03C0701A8802107F0DDFE38466A
:1094000021B0BDE8F08F0746F9E700002DE9F043F1
:1094100091B01D4690460F46412B04460BD30DF1EB
:109420000209404629464A46002309F06FFC0646D9
:10943000F8B94025C84620688DF842708DF8435031
:1094400030B904F10800002109F05AFD064680B940
:10945000012044F8080B0DF142012046022209F0D8
:10946000FFFD064628B9204641462A4609F0F8FD88
:1094700006460DF10200402107F09EFE304611B075
:10948000BDE8F08313460A46022101F0CFBB00007D
:1094900010B501204FF4C471F6F748FF04460028C8
:1094A0001CBF204601F0BCFB204610BD10B5044691
:1094B00001F0A8FB2046BDE8104013F06DBA000093
:1094C0002DE9F04F82B011F80F3F4FF2007B03F00F
:1094D0000F0300EBC303C0F2010BD3E91065D3E91E
:1094E00030EC00230191009226E000BF4FEA1812F1
:1094F00006F00F042F0700EBC20247EA16184FEAE6
:109500000E775BF8344047EA1519D2E93065D2E9A5
:1095100010A24FEA1E17240447EA0C7784EA1C14B1
:10952000013B87EA060E84EA050C82EA090513F17D
:1095300010028AEA080626D00199002B11F8038050
:10954000D4D02C0706F00F0944EA161A4FEA0E761B
:1095500046EA151108F00F0500EBC5054FEA1E1687
:109560005BF8394046EA0C7ED5E93067D5E910252D
:10957000240484EA1C148EEA060E84EA070C4D408B
:1095800082EA0A06B2E700994FEA1C6008704FEAC7
:109590001C4048704FEA1C2088704FEA1E6008711A
:1095A0004FEA1E4048714FEA1E208871280E08724B
:1095B000280C4872280A8872300E0873300C4873E1
:1095C000300A81F803C081F807E0CD728873CE734A
:1095D00002B0BDE8F08F000040F2D431C2F20001C9
:1095E0000A7802704A7842708A788270C978C170AD
:1095F0007047000040F2D831C2F200010A780270D0
:109600004A7842708A788270C978C17070470000C9
:1096100040F2DC31C2F200010A7802704A784270EE
:109620008A788270C978C1707047000040F2E031DA
:10963000C2F200010A7802704A7842708A78827019
:10964000C978C170704700002DE9F04F81B042F237
:10965000086142F2087201EB401102EB401040F247
:109660003C264FEA11294FEA102A00225FFA81FBBB
:10967000C2F20006C7B2009203E000BF0098804526
:1096800058D0B068804730698047F169002088472A
:10969000F16948468847F16958468847B06980476C
:1096A000716904468847F0688047B0688047306930
:1096B0008047F16900208847F16950468847F16981
:1096C00038468847B0698047716905468847F06821
:1096D000804745EA0428B8F1000FCFD0B068804732
:1096E00030698047F16900208847F169484688471A
:1096F000F16958468847B0698047716904468847D0
:10970000F0688047B068804730698047F169002081
:109710008847F16950468847F16938468847B069FB
:109720008047716905468847F068804745EA04200C
:109730000090A3E7009880B201B0BDE8F08F000070
:109740002DE9F04F81B042F2080142F2081241EADD
:10975000401102EB401040F23C264FEA11294FEA3B
:10976000102A00225FFA81FBC2F20006C7B2009203
:1097700003E000BF0098804558D0B068804730694A
:109780008047F16900208847F16948468847F169B8
:1097900058468847B0698047716904468847F06831
:1097A0008047B068804730698047F169002088476A
:1097B000F16950468847F16938468847B069804763
:1097C000716905468847F068804745EA0428B8F182
:1097D000000FCFD0B068804730698047F169002022
:1097E0008847F16948468847F16958468847B06913
:1097F0008047716904468847F0688047B0688047B1
:1098000030698047F16900208847F16950468847F0
:10981000F16938468847B0698047716905468847CD
:10982000F068804745EA04200090A3E7009880B2E2
:1098300001B0BDE8F08F0000002849F60070CFF6B7
:10984000FF701EBF002A116000207047002080F3C7
:109850001088FDF751FD0020FDF798FD0120FDF770
:1098600095FD4FF4E130FDF753FFFBF783FAFDF769
:10987000F5FEFEF7DDFA00BFFBF786FAFCE7000015
:1098800080B582B00DF102014FF410600622FEF7A0
:10989000ADFB42F6FC50C2F20000026840F201113A
:1098A000C0F20601116040F2D031C2F20001096835
:1098B0000B0E13710B0C53710B0A9371802393726F
:1098C00040F2C433C2F20003B3F800C093F803E0DF
:1098D000A2F81CC093F802C0D17182F81EC093F8A0
:1098E00004C05B7900211181C2F80B10C2F80F107F
:1098F000C2F81310C2F81710D17682F81FE082F870
:1099000020C082F8213021220368134401322B2A1F
:109910005970F9D14FF0FF31002200BF03680B44AA
:1099200001313F2983F82D20F8D14FF0FF3100227B
:1099300003680B4401317F2983F86D20F8D100685A
:1099400048F26321C6F25331C0F8EC1002B080BD7A
:109950002DE9F04385B0894611071EBF6FF0210045
:1099600005B0BDE8F083DDE90C671C46154680466E
:10997000B9F1000F22D085B94BE000BF01F096FB92
:1099800038687968FA68BB681036103D07F110072F
:10999000E260A360616020603BD00020315C225C0B
:1099A0005140395401301028F8D1404639463A46E2
:1099B000B9F1010FE2D101F0C3FDE1E74DB300BF02
:1099C00030687168F268B3680492CDE90213B9F1A6
:1099D000010F0190404631463A4603D101F0B0FDF7
:1099E00002E000BF01F062FB002000BF395C225C96
:1099F0005140395401301028F8D101AB049A0BCBF7
:109A00001036103D07F11007E260A360616020602E
:109A1000D6D1002005B0BDE8F083000080B5012953
:109A200005D111461A4601F08BFD002080BD11467C
:109A30001A4601F03BFB002080BD0000002814BF47
:109A40004FF48C71704707F0B7BB000080B54FF43E
:109A50008C71F6F7D4FB80BD2DE9F04FC7B001AF94
:109A60000E46054638464FF48C711446F6F7C7FB90
:109A700005F10800686038463146224600F06EF86D
:109A80000446002861D1DDE901C0C5F800C04FEAF5
:109A90000C11415800EB0C12A9605068BCF1020F88
:109AA000E86090682861D16805F118006961A2F149
:109AB00010013DDB4CF636434EF2E0194EF2E05A0F
:109AC0004EF6E01B4EF6E0580094C0F20103C0F2DF
:109AD0000109C0F2010AC0F2010BC0F2010800BF87
:109AE000002200BF8F58C7F30725FEB29E5D5D5D63
:109AF00059F826605AF82550C7F307446E401D5D9B
:109B00003F0EDF5D5BF8255058F827706E407740B8
:109B100087500432102AE5D101EB020EBCF1030F8D
:109B2000ACF1010CAEF120011044D9DA009C01E047
:109B300002F1100E096801605EF81C1C41605EF8BD
:109B4000181C81605EF8141CC16001A84FF48C7170
:109B500007F032FB204647B0BDE8F08F2DE9F04713
:109B6000802A0AD0B2F5807F09D0C02A1CBF6FF0CE
:109B70001F00BDE8F0870C2302E00A2300E00E235B
:109B800000F1080C52090360C0F804C00BD0031D9B
:109B90000239012A98BF0122D1F802E0043143F8CA
:109BA00004EF013AF8D100680A285ED00C2800F0D2
:109BB00092800E281CBF0020BDE8F0874EF2B8004E
:109BC000C0F201004CF6364EA0F104086FF01F0100
:109BD000C0F2010E0CEB010358F8044F1D6ADA6B5A
:109BE0006C40C2F30725C2F307461EF805501EF865
:109BF00006606C40150E84EA06241EF805505E6A65
:109C000084EA0544D5B21EF805509F6A84EA0564CB
:109C1000DD6A1C6474405C647C406540EFB21E6B7E
:109C20001EF80770C5F307207E401EF80000C5F33C
:109C3000074786EA00201EF807609C642C0E80EA25
:109C400006401EF80440203180EA04605C6B186511
:109C500060409C6B5865604098655040C029DD6449
:109C6000D865B7D10020BDE8F0874EF2B800C0F249
:109C700001004CF6364E04386FF00F01C0F2010EB1
:109C80000CEB010350F8042F1C69DD696240C5F339
:109C90000724C5F307461EF804401EF8066062401C
:109CA0002C0E82EA06221EF804405E6982EA044213
:109CB000ECB21EF80440103182EA04629C695640FE
:109CC000744065409029C3E908269C62DD62D7D1C3
:109CD0000020BDE8F0874EF2B800C0F201004CF65B
:109CE000364EA0F1040A6FF01701C0F2010E00BF5A
:109CF0000CEB01035AF8046F9D69DC6A6E40C4F3F3
:109D00000725C4F307421EF805501EF802207540CF
:109D100085EA0222250E1EF80550DE6982EA054218
:109D2000E5B21EF805501F6A82EA0562D3F8248066
:109D300056407740D3F8289088EA070589EA05005D
:109D40001831444003F13008A82988E8C400C3E969
:109D50000F505C64CCD10020BDE8F087F0B581B035
:109D6000054600680F46091A1C46012916460BDBFA
:109D7000017830290DD1013028606A4628463946DD
:109D800000F0E8F818B908E06FF05F0028B101B002
:109D9000F0BD6FF061000028F9D12868391A012957
:109DA00014DB01783246009B42F8041B012B00EBC8
:109DB00003070FDB0178062911D1013028602846FE
:109DC000394600F0C7F80028E1D10CE06FF05F00E1
:109DD00001B0F0BD6FF05F000028D8D103E06FF054
:109DE00061000028D3D12868B060706829680844F1
:109DF000B842286017D010F8011B224642F8041B15
:109E000039462860284600F0A5F80028BFD1286808
:109E1000A0606068296808442860C01B18BF6FF004
:109E2000650001B0F0BD20460C2107F0C5F9002007
:109E300001B0F0BD70B5044600680D46091A01294D
:109E400016460ADB017803290AD10130206020463A
:109E50002946324600F07EF804E06FF05F0001E032
:109E60006FF06100002818BF70BD3068002804BF83
:109E70006FF05F0070BD0138216830600A78072AF2
:109E8000327184BF6FF0630070BD01312160B16039
:109E9000216808442060401B18BF6FF0650070BD4A
:109EA000B0B50446006815460B1A012B09DB027891
:109EB000032A09D10130206020462A4600F04AF8E2
:109EC00004E06FF05F0001E06FF06100002818BF50
:109ED000B0BD286820B1411E20682960017811B109
:109EE0006FF06700B0BD013020600020B0BD000001
:109EF000B0B582B00446006815460B1A012B0ADB88
:109F00000278012A0CD10130206001AA204600F01D
:109F100021F818B908E06FF05F0028B102B0B0BDB9
:109F20006FF061000028F9D1019801281EBF6FF081
:109F3000630002B0B0BD206810F8011B002918BFF3
:109F4000012129602060002002B0B0BD134602222A
:109F5000FEF740B910B50468A1EB040CBCF1010F89
:109F6000BCBF6FF05F0010BD94F90030002B04D42B
:109F7000631C03602378136038E003F07F03A3F1D0
:109F8000010EBEF1030F84BF6FF0630010BDDFE868
:109F90000EF002210918BCF1020F1EDB637813607A
:109FA000A31C22E0BCF1040F17DBA37894F801C0D6
:109FB0001B0294F803E043EA0C4373441360231D2F
:109FC00013E0BCF1050F08DBD4F801301BBA1360B5
:109FD000631D0AE0BCF1030F02DA6FF05F0010BDF1
:109FE000B4F801305BBA1360E31C036000681268C8
:109FF000091A00208A4288BF6FF05F0010BD000080
:10A000002DE9F04F81B004460020C2E90000C2E90A
:10A01000020020688A46091A164601291F460BDBF2
:10A02000017830290CD1013020606A462046514623
:10A03000FFF790FF38B909E06FF05F0018B905E04D
:10A040006FF0610010B101B0BDE8F08F2068009999
:10A05000084450451EBF6FF0650001B0BDE8F08FA9
:10A060005FFA87F9E84600BF2068504533D2411CAB
:10A07000216005784D4517D1204651464246FFF7ED
:10A0800069FF98B9B068D4F800B0DDF8008090B1ED
:10A0900001201021F6F74AF90146F06060B96FF02F
:10A0A000690000220DE000BF6FF06100002100296F
:10A0B0000746D9D1C7E7314681E8200900200122AF
:10A0C0000E46E846002AF1D0009821680844206036
:10A0D00001213846EBE7002001B0BDE8F08F000019
:10A0E00080B5D0F800C0A1EB0C0EBEF1010FBCBFD3
:10A0F0006FF05F0080BD9CF800E09E451CBF6FF0D4
:10A10000610080BD0CF101030360BDE88040FFF7F2
:10A1100021BF00002DE9F04387B004686478062C65
:10A1200049F60054CFF6FF7418D194460A460DF153
:10A13000480EDDE91018DDE90E579EE84042C06B7D
:10A1400031608DE8284263460497CDF8148000F012
:10A1500067FC10F1120118BF044601E004F52074F9
:10A16000204607B0BDE8F0832DE9F04188B0D0F873
:10A1700000C09CF801C0BCF1060F19D18C46DDE986
:10A180001381DDE911650DF1380EC06B9EE890403A
:10A19000C5F800E08DE89C00CDE90461012172461C
:10A1A0006346CDF8188000F07BFC08B0BDE8F08174
:10A1B00049F68070CFF6FF7008B0BDE8F08100006E
:10A1C0002DE9F04182B0076849F6007598460446CB
:10A1D000CFF6FF7577B11646102A04D905F1800035
:10A1E000002151B117E0387CC00709D1F868B042AE
:10A1F000064605D90021284669B902B0BDE8F081BC
:10A200002EB104F128003246F5F7D2FFA6630020F4
:10A2100001210029F1D0002F1CBF00256562002F0D
:10A220002846EAD0DDE908260A9D20464146334605
:10A23000009500F043F90028DFD1286801AA311801
:10A24000204600F00BF80028D7D10198296808446F
:10A250002860002002B0BDE8F0810000F0B583B0B6
:10A260000368064649F68050CFF6FF70ABB10F4643
:10A2700059781446CA1ED2B20025072A256004D296
:10A280005F2525FA02F2D20715D11A7802F0FE02F4
:10A29000482A06D1002003B0F0BD00F5C07003B01D
:10A2A000F0BD02290AD0012919D1716A002908BF1D
:10A2B000084603B0F0BD002003B0F0BD317A01299B
:10A2C00011D1D6F80CC0BCF1000FEED0B16B06F185
:10A2D0001400002908BFD968726AE04707E000F55A
:10A2E000007003B0F0BD5A69716A8A421CD13268AD
:10A2F000317A906949B2D0F808C0F06B002A14BFD7
:10A300005269002206F1280306F114050095019711
:10A31000E0470028D0D1307A48B13068002814BF17
:10A32000406900202060B5E7F2681143BFE730685C
:10A330003369002814BF416900213846224603B022
:10A34000BDE8F04018470000002808BF704710B56E
:10A350000446C06B18B1216889698969884720461D
:10A360004021BDE8104006F027BF00004FF2807288
:10A37000C0F20102516859B11378834206D0083205
:10A38000516829B112F8083B8342F9D10846704759
:10A390000020704780B54FF28073C0F20103D3F8FC
:10A3A00004C0BCF1000F04BF002080BD03F10C0EFF
:10A3B00005E000BF5EF808CBBCF1000F0ED0DCF862
:10A3C00018301B788342F5D1DCF804308B42F1D190
:10A3D0009CF801309342EDD1604680BD4FF0000CF7
:10A3E000604680BD80B54021F5F709FF80BD0000C3
:10A3F0000368024649F60070002BCFF6FF7008BFD5
:10A4000070475B78022B0AD104291CBF803070474B
:10A4100049F639010020C0F20001C2E9030170478A
:10A4200080B5D0F800C0BCF1000F1CD09CF810E043
:10A430005FEA8E7E03D4DCF804E0964513D1012B4D
:10A440004260037206D09CF801E0AEF1030EBEF14B
:10A45000020F07D8DCF818300C33C06B1B68BDE85E
:10A460008040184723B149F60070CFF6FF7080BDD9
:10A47000DCF818301033F0E770B549F68064002935
:10A48000CFF6FF7404BF04F1800070BD0E4640217A
:10A490000546F5F7B4FEB06940698047E86350B1FE
:10A4A000707800242E60022802BF49F63900C0F2FD
:10A4B0000000C5E90340204670BD00002DE9F04FC3
:10A4C00083B098460368054649F60070002BCFF626
:10A4D000FF7000F0BE80DDF830A00E460021CAF803
:10A4E00000105C69D4B15978174606291BD00129A0
:10A4F00024D1BC421EBFA0F5C07003B0BDE8F08FF0
:10A50000986995F90810D0F804C0E86B32464346C4
:10A51000CAF8007003B0BDE8F04F6047A0F52070A6
:10A5200003B0BDE8F08FE86B394632464346CAF8BF
:10A53000007003B0BDE8F04F00F0B8BC464559D0FC
:10A5400002291EBF803003B0BDE8F08F287A60B9C1
:10A55000E96819B1696A611AB9420CD228B9E96887
:10A5600019B9696A611AB94205D801280ED1686A19
:10A57000201AB8420AD9686A3146284414303A464B
:10A58000F5F716FE686A3844686265E0686A20B3C9
:10A59000A4EB000905F1140B584431464A46F5F77F
:10A5A00007FE286805F128038169E86BD1F808C027
:10A5B00095F908102246CDF800B0CDF80480E047A8
:10A5C000002846D1DAF80000A0442044CAF8000070
:10A5D00000204E44A7EB090768629FB1B7FBF4F077
:10A5E00000FB1479B9F1000F13D1287A60B14FF054
:10A5F00000090EE06A6A62BBB7FBF4F202FB147258
:10A600003ABB9DE700240FE0E868002808BF044635
:10A61000A146A7EB090405F1140031194A46F5F7E4
:10A62000C7FD686A48446862B4B1286805F1280328
:10A630008169E86B8F6895F9081022460096CDF87D
:10A640000480B84728B9DAF800002044CAF80000AE
:10A65000002003B0BDE8F08F002003B0BDE8F08F0C
:10A66000002808BF704710B504462030FFF7E6F910
:10A6700020464FF4A071BDE8104006F09DBD0000DB
:10A6800010B54FF4A0710446F5F7B9FD4FF0FF3057
:10A69000206110BD80B582B04FF0000C0023CDF8D2
:10A6A00000C000F003F802B080BD00002DE9F043C7
:10A6B00091B0B2F5806F02D96FF0350765E0189F51
:10A6C000B7F5807F02D96FF037075EE00E4604468B
:10A6D00005A8302198461546F5F791FD2069E169F6
:10A6E000884201DC606948B1204641463A46002371
:10A6F00000F050F80746002847D1002767B105A8A9
:10A7000041463A46FDF746FE0746B0BB05A920463E
:10A71000FEF7CAFA074680BB1DB304F120080DF10D
:10A72000040900BF0F2000BF411C07D0215C01318C
:10A73000CAB221548A42A0F10100F5D1404601215C
:10A7400022464B46FFF76AF9B0B92F46102D28BFB5
:10A750001027304649463A46F5F72AFDED1B3E44A0
:10A76000E0D105A92046FEF79FFA074628B92069DF
:10A7700000270130206100E0074605A8302106F0DF
:10A780001BFD01A8102106F017FD384611B0BDE8E9
:10A79000F08300002DE9F04FE1B08569B5F5C07F89
:10A7A00002D96FF037064BE00446C5F5C0701F466E
:10A7B00098426FF0370643D3C01B934690423FD375
:10A7C0000DF104098A4648464FF4C071F5F717FDAC
:10A7D000D4E94E3049462A46984710B16FF0330607
:10A7E0002EE0D4F818804FB1D4E94E3001A93A4692
:10A7F000984710B16FF0330622E0B844BAF1000F69
:10A8000018BFBBF1000F06D009EB080051465A46AD
:10A81000F5F7CEFCD84401A801464246FDF7BAFD43
:10A82000064640B901A92046FEF73EFA064610B991
:10A8300001200026206101A84FF4C07106F0BCFC85
:10A84000304661B0BDE8F08F2DE9F04188B0054693
:10A85000002005F12006CDE90600CDE90400CDE990
:10A860000200CDE900003046984617460C46FFF737
:10A87000EDF8A869C5F838410028C5F83C7104BF57
:10A880003020A8612F69B7F1FF3F05DCA869411CA2
:10A890004F082F2888BF002742F21070E8616946F0
:10A8A00030464FF48072FFF759F910B108B0BDE897
:10A8B000F0810E9A284641463B46FFF76BFF08B0F1
:10A8C000BDE8F081B0B50446083008F013FA002561
:10A8D00004F1E4004FF4C871C4F8E05006F06CFCD9
:10A8E0002560B0BD2DE9F04F91B0402A02D96FF03C
:10A8F0003B076BE09246804600F1D80B002440F203
:10A90000011900914C4559D04046FEF72FFD002813
:10A9100057D1D8F8E020012A10DB012100205B4646
:10A9200053F8147FD3E90156AF4238BF0021012EFE
:10A9300008BF3844013AF3D102E000BF00200121F2
:10A94000002904F10104DDD04028DBD301AF3846F3
:10A950004021F5F754FC08F108094846394608F04B
:10A960008FF8074670BB484608F0C4F9484608F01F
:10A97000C7F94846002108F0C3FA074610BB01A9F1
:10A980004846402208F06CFB0746D8B901A8402190
:10A990000246002308F0BAF9074698B9D8F8E00053
:10A9A000012804DB00214BF8141F0138FBD100986B
:10A9B00001A95246F5F7FCFB002703E06FF03B07C7
:10A9C00000E0074601A8402106F0F6FB384611B02A
:10A9D000BDE8F08F70B50446E03000264FF4CA7130
:10A9E000266004F10805F5F70AFC284608F088F906
:10A9F000D4F8E0001328C8BF70BD00EB80014AF610
:10AA0000BD7204EB8101C0F20002C1E939262022A7
:10AA100001230130C1E93C23C4F8E00070BD00000F
:10AA20002DE9F04186B00C46DDE90C15DDF84480D7
:10AA30000F9E009100210746019500F093F930B96F
:10AA4000109A38462146434600F030FA18B148B112
:10AA500006B0BDE8F08102A93846324600F046F85B
:10AA60000028F5D1C6B10E9902A801384A1E00216E
:10AA700012F8013F10F8017F013E83EA070341EA23
:10AA80000301F5D141B14046214606F095FB6FF038
:10AA9000110006B0BDE8F081002006B0BDE8F081ED
:10AAA0002DE9F04F83B01F469246DDE90C320DF1DF
:10AAB000380B9BE83008DDE9118900923A460646DA
:10AAC000019400F04FF930B9304651462A465B46B2
:10AAD00000F0ECF910B103B0BDE8F08F3046494604
:10AAE000424603B0BDE8F04FAFF300802DE9F047D8
:10AAF00084B08846A2F1110111F10D0F3EBF6FF035
:10AB0000130004B0BDE8F087064606F5A2731446AC
:10AB10000ECBD0F84001C90041EA507A4FEAC00993
:10AB2000D80040EA5275D70006F5A8714046224683
:10AB3000F5F73EFB49EA07004AEA050108434FF0F2
:10AB4000000057D0CDE90000CDE90200280E8DF8B5
:10AB50000000280C8DF80100280A8DF80200380E3C
:10AB60008DF80400380C8DF80500380A8DF80600C1
:10AB70004FEA1A608DF808004FEA1A408DF8090074
:10AB80004FEA1A208DF80A004FEA19608DF80C0080
:10AB90004FEA19408DF80D004FEA19208DF80E008C
:10ABA000684601384FF4B8718DF803508DF807707E
:10ABB0008DF80BA08DF80F9010F8012F735C5A40A0
:10ABC00072540131B1F5C07FF6D106F5B871304647
:10ABD0000A46FEF775FC84B1A8F1010006F26F1178
:10ABE00011F8012F10F8013F013C82EA03020270C4
:10ABF000F6D1002004B0BDE8F087002004B0BDE825
:10AC0000F0870000002808BF704710B50446FFF722
:10AC10009BFB20464FF4C471BDE8104006F0CCBA4F
:10AC200080B54FF4C471F5F7EAFA80BD2DE9F0471D
:10AC300086B0164680460846194601221D46FFF793
:10AC4000A9FB70B10746406910280AD14046FFF7BA
:10AC50007BFB40463946FFF70FFC38B106B0BDE834
:10AC6000F0876FF0130006B0BDE8F087404631462C
:10AC70002A460123FFF7D4FB0028EFD102A90025C3
:10AC800001AF404610220B46CDE90155CDE90355F1
:10AC900005950097FFF712FC0028DFD1C6464EF855
:10ACA000405F02AE4BCEF4464CF8805F07BA0ABA5A
:10ACB0001BBA36BACEF88450CEF804500425CEE93B
:10ACC0001063CEE9302700BF06F00100D9074042EB
:10ACD00041EA5606D10741EA53035FEA570100F003
:10ACE000614008EBC5044FEA320280EA01076D08B3
:10ACF000C4E91063C4E93027E6D1A8F108084FF091
:10AD0000020900BF0EEBC9000CEBC9014468022028
:10AD10005CF839A04E685EF83950B9F1020F88BF6F
:10AD20004846414208EBC900424600BFD2E93437E9
:10AD3000013183EA0A037740C0E93437D2E9143796
:10AD400008326B406740C0E9143708304B1CEDD126
:10AD50004FEA4909B9F1090FD4D3002006B0BDE884
:10AD6000F08700002DE9F04786B082460020019070
:10AD700013B31D4616460AF5B0790C2BCAE95800E4
:10AD8000CAE95A00CAE95C00CAE95E00CAF8801143
:10AD9000CAE95000CAF84801CAF84C0111D130681C
:10ADA000B1687268C9F800000120C9F80810C9F834
:10ADB00004208AF86F013FE06FF0130006B0BDE891
:10ADC000F08700200490CDE90200E80000BA0AF202
:10ADD0005F18059008E000BF504649464A46FEF716
:10ADE0006FFBED1B3E4413D0102D2F4628BF1027BC
:10ADF000002FF1D0701E41463A4600BF10F8013FC7
:10AE000011F8014F013A83EA04030B70F6D1E3E72E
:10AE100002A801384FF4B07110F8012F1AF8013070
:10AE20005A400AF801200131B1F5B87FF4D15046FB
:10AE300049464A46FEF744FB0AF5A87301AF50465F
:10AE4000494610220097FFF739FB10B106B0BDE864
:10AE5000F0870F9D0020002DCAE95250F6D00E9FBA
:10AE60000AF5B8790AF26F1808E000BF5046494663
:10AE70004A46FEF725FBAD1B374413D0102D2E4656
:10AE800028BF1026002EF1D0781E4146324600BF62
:10AE900010F8013F11F8014F013A83EA04030B70E7
:10AEA000F6D1E3E7002006B0BDE8F0872DE9F04FCA
:10AEB00089B09A469046894607460020991A049020
:10AEC00006D949453EBF6FF0130009B0BDE8F08FC9
:10AED000D7E9501211EB090152F1000250F10000C4
:10AEE0006FF0130066D16FF01F035B1A4FF00F0372
:10AEF00093415FD3B9F1000FC7E9501255D007F560
:10AF0000B070029007F5B870039009E003993846D5
:10AF10000A46FEF7D5FAB9EB0B09D844DA4448D013
:10AF20004FF0100B0020B9F1100F38BFCB4600BF17
:10AF300000F110010D2909D3391891F86F2101385A
:10AF40000132D3B2934281F86F21F1D10299384690
:10AF5000102205AB04AE0096FFF7B0FA50BBBBF170
:10AF6000000FD3D0039805A9424653465C4609E03A
:10AF7000013C03F1010302F1010201F1010100F1C1
:10AF80000100C3D0D7F880511DB9157806786E40FE
:10AF900006700E78157875401D70D7F88061012E07
:10AFA000E6D106786E400670E2E7002009B0BDE801
:10AFB000F08F002009B0BDE8F08F000070B51C468E
:10AFC00016460D46F5F7E2F80021042E216008D35D
:10AFD00000EB80004FF47A7101EB800028600420C0
:10AFE0002060002070BD00002DE9F043904224BF96
:10AFF0004FF0FF30BDE8F083002A4FF0000C4FF017
:10B0000000030AD44FF000461E2B03F1010304D8BD
:10B0100002EA56057608002DF6D002FA03FE00FA81
:10B0200003F8C3F1200021FA00F001FA03F54FEA1A
:10B030001E41002BC8BF48EA0008B8FBF1F01FFA18
:10B040008EF21FFA85F901FB10862D0C06E000BF79
:10B050000E44B6F5803FA0F1010008D2BCEB104FC2
:10B06000F6D100FB02F745EA0644A742F0D800FB00
:10B070001E57002607EB0847B7FBF1F404FB1175D8
:10B0800006E000BF0D44B5F5803FA4F1010408D2ED
:10B09000B6EB144FF6D104FB02F749EA05439F4291
:10B0A000F0D804EB0040BDE8F08300002DE9F04F3C
:10B0B00097B00B68476815933E684D6873407E688B
:10B0C000CDE9145307F10803169385EA06038E6849
:10B0D000BD68CDE9136307F10C03C968169386EACE
:10B0E0000503CDE91213FB6800684EF2E0154EF23D
:10B0F000E0594EF6E0164EF6E05807F1100A5940B6
:10B100000428C0F20105C0F20109C0F20106C0F234
:10B1100001080C92CDF858A01291C0F2EF800121E5
:10B1200001EB600B1598129B4EF2E01EC4B2C0F208
:10B13000010EDAF800105EF82440C3F307254EF242
:10B14000E059C0F201094C4059F825501399654067
:10B15000C1F30746149C4EF6E0187246C0F201088F
:10B160004EF6E05E58F82660270EC0F2010E5EF83B
:10B17000277075407D401195E7B2DAF8046052F807
:10B180002770C0F3072C4EF2E05E9146C0F2010E2C
:10B19000C3F307427E405EF82C7058F822204EF62A
:10B1A000E05877400E0EC0F2010858F826607A4049
:10B1B00082EA060CCDF840C0CFB2DAF8082059F880
:10B1C0002770C4F307267A405EF82660C0F307476D
:10B1D0004EF6E019C0F20109724059F827601F0EBF
:10B1E00058F82770724057404EF2E0160F97DBB2C6
:10B1F000C0F20106DAF80C2056F82330C1F307211B
:10B200005A405EF82110C4F30743514059F82320F7
:10B21000000E58F82000514048400E90EAB2DAF88B
:10B22000101056F82220C0F3072351405EF8232067
:10B23000C7F30743514059F823204FEA1C6358F8DD
:10B2400023305140594015915FFA8CF2DAF814100E
:10B2500056F82220C5F3072351405EF82320C0F39F
:10B260000743514059F823203B0E58F823305140F2
:10B2700059401491FAB2DAF8181056F82220CCF39B
:10B28000072351405EF82320C5F30743514059F886
:10B290002320030E58F82330514059401391C0B277
:10B2A000DAF81C2056F82000C7F3072350405EF858
:10B2B0002320CCF30743504059F823202B0E58F895
:10B2C00023300AF120015040ABF1010B5840BBF193
:10B2D000020F8A4612903FF725AF4EF6E0584EF225
:10B2E000E0594EF6E0164EF2E0158A46C0F201082B
:10B2F000C0F20109C0F20106C0F20105DDF854E018
:10B30000DAE9002B5FFA8EF055F8201012984A40C7
:10B31000C0F30727139959F82770C1F307447A40FF
:10B32000149F56F824403B0E58F8233062405A4090
:10B330000D92FAB2CEF3072355F8222059F82330A4
:10B34000C0F3074482EA0B025A4056F824300C0E30
:10B3500058F824405A4082EA040BCAB2C7F30723C4
:10B36000DAF808C055F8222059F82330CEF3074404
:10B3700082EA0C025A4056F82430C1F307215A40A1
:10B38000030E58F82330C0B2DAF80C4055F820000C
:10B3900082EA0305C7F3074259F82110604056F8C6
:10B3A000222048404FEA1E610D9B58F821104EF2B2
:10B3B000E0075040DEB2C0F20107DAF81020BE5DAF
:10B3C00080EA010CCCF3072182EA06000B90C5F35A
:10B3D0000742785CEEB20990B85CDAF81840BE5DBE
:10B3E0000A9084EA06000890CCF307405FFA8BF2DB
:10B3F000385C4FEA1B68DAF81410BA5C01905846C2
:10B40000CDF81CB0CBF3072BA94681EA0205C3F3A4
:10B41000074117F80B20795C0292C9F307220391C8
:10B42000C0F30741B85C5FFA8CF60490785CDAF8F8
:10B430001C400590180EBE5D385C7440C3F30726AF
:10B4400006900B9809990C9B4FEA196E4FEA1C6BFA
:10B4500017F80880BE5D17F80EE017F80BB080EA09
:10B46000012718700A98019987EA00403F0A5F7027
:10B4700080EA0867000C9870380ED87085EA0620BC
:10B480001D7180EA0142000A587182EA0E60120CB6
:10B490009A71020EDA710899029A197281EA0222EF
:10B4A00003991C7382EA0146120A5A7286EA0B62F9
:10B4B000360C04999E72160EDE7284EA0121059EF6
:10B4C000CDE9132081EA0646090A597306990AF163
:10B4D000200086EA0161360C9E730E0EDE730D9B12
:10B4E00016901193079B129115A804211093CDE992
:10B4F0000EC9159705F060FE14A8042105F05CFE46
:10B5000013A8042105F058FE12A8042105F054FEEA
:10B5100011A8042105F050FE10A8042105F04CFEEE
:10B520000FA8042105F048FE0EA8042105F044FEF2
:10B5300016A8042105F040FE002017B0BDE8F08FEA
:10B540002DE9F04F95B00B68476813933E684D683E
:10B5500073407E68CDE9125307F10803149385EA1E
:10B5600006038E68BD68CDE9116307F10C03C96855
:10B57000149386EA0503CDE91013FB6800684CF6C6
:10B5800038564DF238184DF238594DF6381E07F13D
:10B59000100A59400428C0F20106C0F20108C0F2A6
:10B5A0000109C0F2010E0992CDF850A01091C0F22D
:10B5B000F880012101EB600B1398129B4CF6385E6A
:10B5C000C4B2C0F2010EDAF800105EF82440C3F3F2
:10B5D00007254DF23819C0F201094C4059F82550A1
:10B5E00011996540C1F30746109C4DF238587246D8
:10B5F000C0F201084DF6381E58F82660270EC0F23A
:10B60000010E5EF8277075407D400F95DFB2DAF8C5
:10B61000046052F82770C1F3072C4DF2381E914692
:10B62000C0F2010EC4F307427E405EF82C7058F859
:10B6300022204DF638187740060EC0F2010858F85F
:10B6400026607A4082EA060CCDF838C0CFB2C4F347
:10B650000726DAF8082059F827705EF826607A4045
:10B66000C0F3074772404DF23856C0F2010656F853
:10B6700027601F0E58F827707240C14657404CF69D
:10B6800038580D97E4B2C0F20108DAF80C2058F8E7
:10B690002440C0F3072062405EF82000C3F3074354
:10B6A0004DF23854C0F20104504054F82320090EE2
:10B6B00059F82110504048400C90EAB2DAF81010C6
:10B6C00058F82220CCF3072351405EF82320C7F31B
:10B6D00007434E46514054F82320030E56F82330BA
:10B6E00051405940C14613915FFA8CF2DAF81410B8
:10B6F00059F82220C7F3072351405EF82320C0F3F6
:10B700000743A046514058F823202B0E56F823300B
:10B71000514059401291FAB2DAF8181059F8222023
:10B72000C0F3072351405EF82320C5F3074351407F
:10B7300058F823204FEA1C6356F8233051405940F3
:10B740001191C0B2DAF81C2059F82000C5F3072384
:10B7500050405EF82320CCF30743504058F8232094
:10B760003B0E56F823300AF120015040ABF1010B9B
:10B770005840BBF1020F8A464C4610903FF71CAF71
:10B780004DF6381E4DF238184DF238594CF63856F1
:10B790008A46C0F2010EC0F20108C0F20109C0F2EF
:10B7A0000106DDF84CB0DAE900275FFA8BF056F8B5
:10B7B000201012984A40C0F30723119958F82330FB
:10B7C000C1F307455A40109B59F825501C0E5EF8EE
:10B7D00024406A4062400B92C2B2C1F3072456F87B
:10B7E000222058F82440C3F307457A40624059F8B4
:10B7F00025404FEA1B655EF8255062406A400A9278
:10B80000CAB2C3F30724DAF808C056F8222058F861
:10B810002470CBF3074482EA0C027A4059F8247072
:10B82000DBB27A40070E5EF82770DAF80C4082EA45
:10B830000705CBF3072756F82330C0F3074058F825
:10B84000277063400B9A59F820007B404CF636472E
:10B85000090ED6B2C0F2010758405EF82110DAF89E
:10B860001030BE5D80EA010C83EA060008900A9859
:10B87000EEB2C0F30721C5F30743795CDAF818404C
:10B88000BE5D0691F95CC3B2834684EA060005906A
:10B89000CCF307400791DAF81410FB5C17F800901E
:10B8A000CCF307204B40C2F30741385C4FEA126EDD
:10B8B0000190785CC2F3072102905846C0F307421A
:10B8C0005FFA8CF6B85CDAF81C400390280EBE5D77
:10B8D000385C7440C5F3072604900898069A4FEA2E
:10B8E0001C684FEA1B6B17F80880BE5D17F80EE066
:10B8F00017F80BB0795C80EA0227099A84EA0121E3
:10B9000010700798137187EA00403F0A577080EA69
:10B910000867000C9070380ED07083EA0620059EF0
:10B9200080EA0943000A507183EA0E601B0C937190
:10B93000030ED371019B167286EA0323029E1473D1
:10B9400083EA06461B0A537286EA0B63360C96722C
:10B950001E0ED672039ECDE9113081EA0646090A11
:10B96000517304990AF1200086EA0161360C96733E
:10B970000E0ED6730B9A14900F920A9A109113A878
:10B9800004210E92CDE90CC5139705F015FC12A801
:10B99000042105F011FC11A8042105F00DFC10A8EC
:10B9A000042105F009FC0FA8042105F005FC0EA8F0
:10B9B000042105F001FC0DA8042105F0FDFB0CA8F5
:10B9C000042105F0F9FB14A8042105F0F5FB002083
:10B9D00015B0BDE8F08F00002DE9F04F94B000F1F4
:10B9E0000C038C460C684D68D1F80880D1F80CE047
:10B9F0000ECB0790876883EA0200084058401E4635
:10BA00000A93E31918444AF27843CDF26A73184452
:10BA100001EB706082EA010303400B975340AF19BA
:10BA20003B444BF25677CEF6C7073B4400EB33530B
:10BA300080EA01071F404F4008EB0206374447F2F7
:10BA4000DB06C2F22046374403EBF73783EA0006F1
:10BA50003E40AA460E9546400EEB01052E444CF69C
:10BA6000EE65CCF2BD152E4407EBB625089187EAAA
:10BA70000306DCF810102E405E400844304440F6C7
:10BA8000AF76CFF27C56304405EB7060099285EAC0
:10BA90000706DCF81420109100EA060179401344EF
:10BAA0004CF22A660B44C4F28776334400EB3353DE
:10BAB0000D9280EA0506DCF8182003EA06016940C9
:10BAC000174444F213660F44CAF63006374403EBBA
:10BAD000F73683EA0007DCF81C10374047400D4476
:10BAE0002F4449F20155CFF646552F4406EBB725B2
:10BAF000049186EA0307DCF82010CDF844E005EA5B
:10BB0000070E8EEA030E084449F6D8077044C6F6BD
:10BB10008017384405EB70600F9185EA0607DCF862
:10BB20002410074077400B443B444FF2AF77C8F6F0
:10BB300044373B4400EB3357139180EA0503DCF8AC
:10BB400028103B406B400E4433444AF24F469B1B47
:10BB5000CDF818808846009107EBF331A146029496
:10BB60001446059287EA0003DCF82C200B40434082
:10BB700015442B444DF2BE75C8F65C152B44164691
:10BB8000129201EBB32281EA070302EA0305DCF813
:10BB900030307D401844284441F22215C6F69035D5
:10BBA000284402EB706082EA0105019300EA050374
:10BBB000DCF834504B402F443B4447F29317CFF608
:10BBC00098573B4400EB335380EA0207DCF838B067
:10BBD00003EA070E0C958EEA020E594444F28E35A4
:10BBE0007144CAF27965294403EBF13583EA000117
:10BBF000DCF83C70294041403A44114440F62102AF
:10BC0000C4F6B412114405EBB121504481EA050297
:10BC10001A406A40104442F26252CFF21E6210444F
:10BC200001EBF060234480EA01022A404A401A44B2
:10BC30004BF24033CCF240031A4400EBF25235444D
:10BC400082EA00030B4043402B4445F65125C2F2E3
:10BC50005E652B4402EBB343494483EA0205054089
:10BC6000554029444CF2AA75CEF6B615294403EB8B
:10BC70003131DDF834E081EA030515405D40704460
:10BC8000284441F25D05CDF22F65284401EBF060B8
:10BC9000424480EA01051D404D402A4441F253458B
:10BCA000C0F244252A4400EBF2523B4482EA0005EC
:10BCB0000D4045402B444EF28165CDF6A1052B4445
:10BCC00002EBB343DDF8408083EA020505405540AE
:10BCD000414429444FF6C835CEF2D375294403EBCD
:10BCE0003131039781EA0305139F15405D403844C5
:10BCF00028444CF6E655C2F2E115284401EBF06009
:10BD00005A4480EA01051D404D402A4440F2D67550
:10BD1000CCF237352A4400EBF252119F82EA00053B
:10BD20000D4045403B442B4440F68755CFF2D54566
:10BD30002B4402EBB3430F9C83EA020505405540B8
:10BD40002144294441F2ED45C4F25A55294403EBFC
:10BD50003131DDF830C081EA030515405D406044B3
:10BD600028444EF60515CAF6E315284401EBF060A9
:10BD7000DDF8189080EA01051D404D404A442A44F0
:10BD80004AF2F835CFF6EF452A4400EBF252049F11
:10BD900082EA00050D4045403B442B4440F2D92542
:10BDA000C6F26F752B4402EBB343DDF804A083EABF
:10BDB000020505EA000656405144314444F68A46DD
:10BDC000C8F62A56314403EB3131704485EA010646
:10BDD000304443F64216CFF6FA76304401EB307029
:10BDE00081EA03064640224432444FF28166C8F29B
:10BDF0007176324400EB7252129D80EA0106564081
:10BE00002B44334446F22216C6F69D56334402EBC9
:10BE1000334382EA00065E405944314443F60C063F
:10BE2000CFF6E556314403EB71210E9D83EA0206FD
:10BE30004E40284430444EF64426CAF2BE463044B2
:10BE400001EB307081EA03064640424432444CF62E
:10BE5000A976C4F6DE36324400EB725280EA01065F
:10BE600056403B44334444F66036CFF2BB6633441D
:10BE700002EB3343009D82EA00065E4029443144D0
:10BE80004BF67046CBF6BF66314403EB712183EA73
:10BE900002064E406044304447F6C666C2F69B0632
:10BEA000304401EB3070DDF808C081EA03064640FB
:10BEB0006244324442F2FA76CEF6A126324400EBD6
:10BEC0007252DDF844E080EA010656407344334480
:10BED00043F28506CDF2EF46334402EB3343DDF8FF
:10BEE000148082EA00065E404144314441F6055622
:10BEF000C0F28846314403EB7121139C83EA0206A9
:10BF00004E40204430444DF23906CDF6D41630442C
:10BF100001EB307081EA030646405244324449F650
:10BF2000E516CEF2DB663244544600EB7252DDF881
:10BF30000CA080EA010656405344334447F6F846C5
:10BF4000C1F6A276334402EB334382EA00065E4038
:10BF50004944314445F26566CCF2AC46314403EBCA
:10BF60007121604461EA02065E40304442F2442698
:10BF7000CFF22946304401EBB0603A4460EA030650
:10BF80004E4032444FF69776C4F22A36324400EBE4
:10BF9000B2525B4462EA010747403B4442F2A73792
:10BFA000CAF694373B4402EB73430D9F394463EA6E
:10BFB0000007574039444AF23907CFF693473944CE
:10BFC00003EBF121204461EA02075F40384445F663
:10BFD000C317C6F25B57384401EBB060724460EAA5
:10BFE00003074F403A444CF69247C8F60C773A4460
:10BFF00000EBB2522B4462EA010747403B444FF248
:10C000007D47CFF6EF773B4402EB73430E9F3944F5
:10C0100063EA00075740394445F6D157C8F28457C0
:10C02000394403EBF1210F9F384461EA02075F4076
:10C03000384447F64F67C6F6A877384401EBB0603E
:10C04000524460EA03074F403A444EF2E067CFF6AD
:10C050002C673A4400EBB252434462EA010747407E
:10C060003B4444F21437CAF201373B4402EB7343BA
:10C070000C9F394463EA00075740394441F2A11745
:10C08000C4F60867394403EBF121109F384461EA94
:10C0900002075F40384447F68267CFF2537738444F
:10C0A00001EBB060129F3A4460EA03074F403A4404
:10C0B0004FF23527CBF63A573A4400EBB2524B4495
:10C0C00062EA010747403B444DF2BB27C2F6D7273F
:10C0D0003B4402EB7343139F394463EA0007574024
:10C0E00039444DF29137CEF6863739440B9F3844A8
:10C0F000089F1F4407EBF121099F3B440A9F3A44E4
:10C10000079F07F1080C8CE80B0000207A6114B03F
:10C11000BDE8F08F2DE9F04FA3B04B680A6893FAA1
:10C1200083F8D0E902B3046946698F6815BA86EAD4
:10C13000040297FA87FC1390876918461A4005EBAA
:10C14000FB63129772403B444FEAB00747F6991AD7
:10C15000134484EAB002C5F6822A87EABB07534437
:10C1600002EA0B021F4011966240464487EAB0077C
:10C170002195B5180CEB0406109402460F90F419A3
:10C1800005EBF3604FEAB307D1F80CE087EABB0791
:10C1900050449EFA8EF607400C9687EABB0706EBE2
:10C1A000B2050E6905EB070E37BA04EBF0664FEAED
:10C1B000B00484EAB3045644344084EAB30207EB83
:10C1C000BB054C69CDF838B0159705EB020B22BAC8
:10C1D0000EEBF6644FEAB60787EAB00754442740EF
:10C1E00087EAB00702EBB3038D69149203EB070EE5
:10C1F0002ABA0BEBF4674FEAB40585EAB605574453
:10C200003D4085EAB60502EBB000CB6900EB050BBB
:10C2100018BA0EEBF7634FEAB70585EAB405534445
:10C220001D4085EAB40500EBB6061D90086A35444A
:10C230000BEBF36B4FEAB3061A9202BA86EAB70029
:10C240000BEB0A06304080EAB70B486A02EBB404F5
:10C2500096460A9202BA05EBF6604FEAB60585EA01
:10C26000B305A34400EB0A0404EA050080EAB30026
:10C2700002EBB7058F6A1F9228443ABA0BEBF465BC
:10C280004FEAB40787EAB60755442F4087EAB60B52
:10C29000CF6A229202EBB3033ABA00EBF5604FEAA1
:10C2A000B50787EAB4075044074087EAB40702EBB2
:10C2B000B6069B440B6B3E440BEBF06B4FEAB007AA
:10C2C0001B921ABA87EAB5030BEB0A073B4083EAD5
:10C2D000B50B4B6BCDF88080E04693FA83FC06EB00
:10C2E000F7634FEAB70602EBB40486EAB0061C9285
:10C2F00053448A6BA3441E4086EAB0060CEBB50596
:10C3000014BA0BEBF362C96B2E4402EB0A0591FAE7
:10C3100081FB06EBF5614FEAB3024FEAB50682EA0C
:10C32000B70286EAB30651442A400E4082EAB702B9
:10C3300004EBB000A146189486EAB3060BEBB707EE
:10C34000219C1044BA1988EA040686EA0E0600EB1E
:10C35000F16086EA0C074FEAF776CDF864C006EB89
:10C36000B30C50444FEAB103219702EBF06283EA29
:10C37000B507DDF830E0209C1F9E02EB0A0300EABF
:10C3800007024FEAB00784EA0E0487EAB10782EA9F
:10C39000B502744084EA09041F401E944FEAF47405
:10C3A000624487EAB1070D9404EBB50402EBF36233
:10C3B0004FEAB30585EAB006DDF854C03C4402EB11
:10C3C0000A05229F05EA06028CEA08067E4086EAF4
:10C3D0000B064FEAF677DDF850900B9707EBB101AB
:10C3E0001B9F169689EA0E067E40219F82EAB002C4
:10C3F00086EAF77711444FEAF77202EBB00204EBDA
:10C40000F5604FEAB50484EAB3045044044084EA7A
:10C41000B30401EBF061224401EB0A0802EBF8617E
:10C42000DDF868E020971C9F01EB0A028EEA0C0100
:10C4300079401E9FCDF85CB081EAF77B4FEAB001EE
:10C4400081EAB5014FEAFB7707EBB303DDF874C06F
:10C4500081EA0801199C19448CEA09036340169C7F
:10C460000C9783EAF4794FEAB80383EAB0034FEA02
:10C47000F97707EBB5040A9E05975340189F1C44B3
:10C4800086EA0E037B40209F01EBF26183EAF77599
:10C49000CDF854B04FEAF5732F461A9503EBB0056B
:10C4A0004EF6A133C6F6D963C8184FEAB20181EA45
:10C4B000B80104EBF06441400D44E1181F9B179C48
:10C4C00005EBF16A83EA0C05654085EAFB744FEAE7
:10C4D000B0051D9485EAB2054FEAF474069404EBA6
:10C4E000B8044D40DDF888C004EB050E4EF6A135CA
:10C4F000219CC6F6D96586EA0C060AEB050886EA91
:10C50000F476DDF86CA086EAF97B8AEA03061E9BC6
:10C510004FEAB10586EAF37685EAB0054FEAFB7388
:10C52000029303EBB20286EAF77385EA08052A4410
:10C530004FEAF37505EBB0050EEBF8604FEAB8046F
:10C540004EF6A13E84EAB104C6F6D96E70441C9F33
:10C550001F934440169B2C4487EA0C0585EAF3752B
:10C560001D9B02EBF06285EAF3734FEAB00585EAA2
:10C57000B8054FEAF3767244229306EBB101199B9A
:10C5800007965540209E294483EA0A0585EAF675F8
:10C59000DDF860A085EAFB758AEA0706159FCDF8ED
:10C5A00028B086EAF7764FEAF577019707EBB808E7
:10C5B0001F9F04EBF26486EAF77BCDF8249004EB2E
:10C5C0000E094FEAB2044FEAFB7684EAB00406EBA8
:10C5D000B00001EBF9614FEAB90686EAB206714490
:10C5E000179F4E4084EA0904304487EA0306099BFA
:10C5F000444404EBF16486EAF376229B04EB0E0CD0
:10C6000086EAF3734FEAB10400EBFC6084EAB904F4
:10C610004FEAF37614951D46199306EBB2021E9B62
:10C620007044DDF884E084EA0C040896224487EA2A
:10C63000F3768AEAFE741A9B4FEABC0784EAF37425
:10C64000149B87EAB10784EAF3741D9BCDF858B0B8
:10C6500086EAF3784FEAF47303EBB90688EAFB7BCA
:10C6600047403E444FEAFB77009307EBB10102EBF2
:10C67000F0624FEAB0074EF6A13387EABC07C6F670
:10C68000D96317941A440B9C574001EB070984EABD
:10C69000FE710A9F06EBF26681EAF777F1189E4673
:10C6A00087EAF5734FEAB20787EAB0074FEAF376F5
:10C6B000099606EBBC064F409A461C933E44159BD8
:10C6C0000D9FDDF8808009EBF16C84EAF37987EA4D
:10C6D000F8771F9B4FEAB10587EAF377179B85EA46
:10C6E000B20587EAF374229BE64489EAF3774FEABE
:10C6F000F473159403EBB00087EAFB7485EA0E052A
:10C7000005444FEAF470CDF860B000EBB20206EBDE
:10C71000FE604FEABE064EF6A13B86EAB106C6F6BB
:10C72000D96B5844464004939319059AA4461B9428
:10C7300082EAF876149C05EBF06586EAF47705EB5F
:10C740000B0687EAFA794FEAB00585EABE054FEA9B
:10C75000F97404EBB101754001EB050A03EBF661D6
:10C760001D9B01EB0B0782EAF3750C991A9A169B35
:10C7700081EAF2710A9481EAF371159B4FEAB604DB
:10C7800081EAF373199984EAB00485EAF1754FEAF6
:10C79000F37185EAFC7C84EA070801EBBE044FEAEA
:10C7A000FC75039105EBB0000AEBF7614FEAB705A2
:10C7B0004EF6A13A04EB080E85EAB604C6F6D96A2D
:10C7C00001EB0A05DDF8088084EA05019B460C931D
:10C7D000014488EAF270179B0EEBF56280EAF3746D
:10C7E00002EB0A0084EAF9734FEAB50282EAB70263
:10C7F0004FEAF37404EBB6064240CDF88090324421
:10C8000001EBF061DDF87C90069ED6460B9486EA3B
:10C81000F97601EB0E04189902EBF46286EAF171E5
:10C820009A4681EAFB7B4FEAB001219381EAB50188
:10C830004FEAFB7303EBB70702EB0E06229A614047
:10C84000394488EAF2721C9F069301EBF66146EACE
:10C85000B40382EAF772714403EAB00E82EAFC7311
:10C8600006EAB4024FEAF37707EBB507DDF8048078
:10C8700042EA0E02229307EB020E88EAF973159A38
:10C8800041EAB60783EAF27307EAB40701EAB6059C
:10C8900083EAFA7A47EA05034FEAFA770D9707EB3E
:10C8A000B0000EEBF1624BF6DC47C8F61B77CDF813
:10C8B00078C000EB030ED319B946DDF858C0079FC6
:10C8C0001B9D87EAFC7743EAB10287EAF57702EA23
:10C8D000B60287EAFB7003EAB1054FEAF0771A90D7
:10C8E00007EBB4040EEBF3602A4304EB020E00EBFB
:10C8F0000902199842EAB30488EAF0752098CDF845
:10C9000050B085EAF0752298CB4685EAF079079712
:10C9100004EAB10402EAB3070EEBF260DDF800802E
:10C920004FEAF9753C4305EBB60500EB0B0688EAC8
:10C93000FC700C9F05EB040E46EAB20580EAF77026
:10C9400005EAB30506EAB20780EAFA7445EA070089
:10C950004FEAF477CDF85CA0A2461F9407EBB10133
:10C960000EEBF66401EB000C04EB0B010C9741EAB3
:10C97000B600089FDDF860E01A9D87EAFE7400EAC1
:10C98000B2071E98CDF8749084EAF07001EAB604FC
:10C9900080EAF57B0CEBF1654FEAFB70089000EB49
:10C9A000B3034BF6DC403C43C8F61B7003EB040CAE
:10C9B0002B181C9843EAB10588EAF077219805EA1C
:10C9C000B60587EAF07703EAB10087EAF97945EA24
:10C9D00000074FEAF97505EBB2000CEBF36400EBCE
:10C9E000070C4BF6DC40DDF81080C8F61B702044C5
:10C9F00088EAFE74149A40EAB30584EAF27405EA00
:10CA0000B10500EAB30784EAFA7245EA07044FEA7F
:10CA1000F275149505EBB60592461C920CEBF0628C
:10CA20002C444BF6DC47DDF86CC0099DC8F61B773B
:10CA3000D61985EAFC75229F46EAB00285EAF775A9
:10CA4000CDF864B002EAB30206EAB00785EAFB7BE0
:10CA50003A434FEAFB7707EBB10104EBF66401EBD5
:10CA6000020E209A4BF6DC450597C8F61B7588EA3E
:10CA7000F277179A611941EAB60487EAF277CDF89E
:10CA8000589004EAB00401EAB60287EAF979224331
:10CA90004FEAF97404EBB3030EEBF164DDF80CE03C
:10CAA00003EB020863198EEAFC741A9A43EAB10791
:10CAB00084EAF27407EAB60703EAB10284EAFA7577
:10CAC0003A434FEAF57707EBB000099708EBF367B5
:10CAD00000EB020CDDF878800A9A4BF6DC40C8F6D1
:10CAE0001B7082EAF8741D9A384440EAB30784EA5E
:10CAF000F27407EAB10A84EAFB7700EAB3024FEA6C
:10CB0000F774049404EBB60442EA0A02CDF860B06C
:10CB1000BB4602970CEBF06704EB020A4BF6DC42D3
:10CB2000C8F61B72BE18219A46EAB0078EEAF27464
:10CB30001F9A07EAB30C84EAF27406EAB00284EAA8
:10CB4000F97742EA0C024FEAF77404EBB10121973E
:10CB50000AEBF66701EB020E4BF6DC41DDF818C07C
:10CB6000C8F61B7139448CEAF877199A41EAB60481
:10CB700087EAF2771B9504EAB00401EAB60287EA75
:10CB8000F57522434FEAF57404EBB303DDF88880B2
:10CB900003EB020A0B9BCDF88090A9461E950EEB85
:10CBA000F1674BF6DC450A94C8F61B7583EAF87406
:10CBB000169B7A1942EAB10784EAF37407EAB607CA
:10CBC00002EAB10384EAFB743B434FEAF47707EBD4
:10CBD000B000159400EB030B179B0AEBF2640B9764
:10CBE0008CEAF3771C9B6019AE4640EAB20487EAF0
:10CBF000F377219D04EAB10400EAB20387EAF577EE
:10CC000023434FEAF77404EBB6040BEBF06604EB36
:10CC1000030C06EB0E04F346DDF81CE0189B8EEACD
:10CC2000F876BA461A9744EAB00786EAF37507EA37
:10CC3000B20604EAB00785EAF97346EA07054FEA47
:10CC4000F37707EBB101984619930CEBF46301EB12
:10CC50000509DDF874C00D9D179785EAFC75209FC6
:10CC6000159985EAF77503EB0B0646EAB40385EAE6
:10CC7000F17103EAB00306EAB4074FEAF17505EB78
:10CC8000B2023B4302EB030B1F9B2291069509EB7B
:10CC9000F6614BF6DC45C8F61B758EEAF3771B9BF5
:10CCA0004A1942EAB60187EAF37701EAB40102EAD7
:10CCB000B60387EAFA7719434FEAF77303EBB0003C
:10CCC0000BEBF26300EB010B5819AE46089DBA4618
:10CCD000189785EAFC73029F40EAB20183EAF77372
:10CCE00001EAB60983EAF87800EAB2014FEAF8737C
:10CCF0000D9303EBB4030BEBF06441EA09010B4421
:10CD000004EB0E0103EBF1630C9F7344DDF858E074
:10CD10001C9C87EAFE7C85EAF47B219C229D8CEAA0
:10CD2000F4744FEAB00784EAF57987EAB2074FEA6C
:10CD3000F9750C9505EBB6061E9D4F408BEAF57410
:10CD4000374484EAFA754FEAB10686EAB0064FEA3C
:10CD5000F574AC461C9504EBB202059D5E40941937
:10CD600085EAFE7207EBF366159F4CF2D61A82EA4B
:10CD7000F772CCF6622A82EAF8774FEAB30206EB42
:10CD80000A0E82EAB1024FEAF77606EBB00082EAB9
:10CD90000E0202441B98CDF87C8085EAF07B04EB00
:10CDA000FE60149C209DB8461D9784EAF57400EB44
:10CDB0000A071A98CDF81C9084EAF0704FEABE0476
:10CDC00080EAF97984EAB3044FEAF970159000EB30
:10CDD000B101199816968BEAF076DDF810B07C4018
:10CDE0000C448BEAF571229886EAFC7C81EAF075A6
:10CDF00002EBF7614FEAB7024FEAFC7682EABE0225
:10CE000006EBB303514485EAF8704A401A4404EB38
:10CE1000F1634FEAF07404EBBE0E099CDDF88480E8
:10CE2000229084EAF87518984FEAB10485EAF07503
:10CE300084EAB704534485EAF97084EA0306CDF81E
:10CE400020900EEB06094FEAF076864614901E9865
:10CE500006EBB7078BEAF0761F9802EBF36286EADF
:10CE6000F0764FEAB304CDF86CC084EAB10486EAE8
:10CE7000FC7C52440B9854404FEAFC76274480EAED
:10CE8000F87406EBB10607994FEAB20584EAF1742B
:10CE900009EBF26185EAB30551444D4006EB050B01
:10CEA000229DCDF878C084EAF57807EBF1644FEA6B
:10CEB000F87606EBB30904EB0A030A9C1A9D1C9F43
:10CEC00084EAF5744FEAB10684EAF77486EAB2069A
:10CED00084EAFE7A86EA030709EB070E4FEAFA773F
:10CEE00007EBB209199A069C80EAF2771D980BEBC2
:10CEF000F36287EAF0774CF2D61B4FEAB306CCF622
:10CF0000622B87EAFC7C84EAF577089886EAB1060A
:10CF10005A444FEAFC7587EAF0770EEBF260564010
:10CF200005EBB1014FEAB205CDF824804E4485EA05
:10CF3000B305584487EAF87806EBF06745404FEAB6
:10CF4000F87601EB050906EBB30107EB0B03DDE90E
:10CF5000177E4FEAB0061B9D86EAB20687EAFE7787
:10CF6000CDF884A087EAF57786EA030587EAFA76A2
:10CF7000294417911F994FEAF67505EBB20284EA2E
:10CF8000F175229F1A9609EBF3614FEAB30686EA20
:10CF9000B00685EAF77559444E4085EAFC7A164496
:10CFA0000C9A4FEAFA7782EAFE7507EBB000149FFD
:10CFB000CDF8808085EAF775179F85EAF87E07EB44
:10CFC000F1644FEAB10787EAB3075C44674000EBBE
:10CFD00007084FEAFE70CDF864C000EBB30C06EB17
:10CFE000F4634FEAB40686EAB1060D9D1C9803EB84
:10CFF0000B0786EA070385EAF0761E9D634486EAFE
:10D00000F5751D9E82EAF6761A9A85EAF279099AF2
:10D010004FEAF97586EAF27605EBB10186EAFA7C09
:10D0200008EBF7654FEAB70686EAB4065D446E4042
:10D0300001EB06084FEAFC7101EBB40403EBF56168
:10D040004FEAB503159A83EAB703594482EAF076AA
:10D0500021984B40234486EAF074169E1B9884EA7C
:10D06000FE7486EAF07619984FEAF47486EAF07650
:10D0700004EBB70786EAF9704FEAB1044FEAF070A3
:10D0800084EAB50400EBB500229D08EBF16682EA64
:10D09000F575209A5E4485EAF275744085EAFC7263
:10D0A0000E9D03EBF66327444FEAB60405EBF272DC
:10D0B00084EAB1045B4407EBF36702EBB1014FEA8A
:10D0C000B3025C4082EAB60220445F4400EBF760A2
:10D0D0007A4011440F9A584401EBF0611044109AC1
:10D0E000594402EBB702119F07EBB303129F07EB02
:10D0F000B607139EC6E90210C6E904230020B761F3
:10D1000023B0BDE8F08F00002DE9F04FD4B0D0E996
:10D1100002E8D0E90437D0E90665046AD0F824C0F3
:10D120000246009003390020CDE90CE8CDE90E3726
:10D13000CDE91065CDE9124CD1F8032014AB12BA39
:10D1400043F82020013004311028F5D1DDE9125ACE
:10D15000DDE9103EDDE90C8CDDE90EB94DF6385203
:10D160000024C0F2010200BF4FEAB31080EAF320AE
:10D170008EEA050180EA7360161919400A961E4668
:10D180000B931359504414AA6940DA46AB4615591B
:10D1900018444FEAB80383EA783328444CEA080578
:10D1A000084483EAB8510CEA080305EA0A052B4350
:10D1B00009EB0005171908444FEAB511099781EAF0
:10D1C000F527C1188EEA06030A9A2B4087EA756094
:10D1D00083EA0E03576808945B44099C3B444FEA7A
:10D1E000B1071844636887EA713741EA08060344C7
:10D1F00087EAB15001EA080706EA0C063743C61968
:10D2000003EB0A00D2F808901E444FEAB0130B9AC1
:10D2100083EAF023D4F808B085EA020783EA706A4B
:10D2200009EB0E03074057405B443B444FEAB60707
:10D2300087EA763746EA010403EB0A0287EAB65327
:10D2400006EA010704EA080427431F4402EB0C0323
:10D250003A444FEAB317DDF8289087EAF327D9F864
:10D260000C40DDF824B087EA736E0B9FDBF80CA04E
:10D27000274480EA05041C406C40574407EB040C2B
:10D280004FEAB20484EA72370CEB0E0487EAB25C10
:10D2900042EA060702EA060E0F4047EA0E07A044DC
:10D2A000BC444FEAB81787EAF827D9F810E064447D
:10D2B000DBF810C087EA786983EA0007754407EA5B
:10D2C0000807474065442F444FEAB40585EA7435A2
:10D2D0004F4485EAB45C44EA020504EA020E354094
:10D2E00007EB010A45EA0E054FEABA11AC4481EAA0
:10D2F000FA210A9D81EA7A6E69690CEB07090844F4
:10D30000DBF8141088EA030707EA0A0708444FEA23
:10D31000B9015F4081EA79313844704481EAB95EED
:10D3200049EA040109EA04071140064439434FEA77
:10D33000B61787EAF6277144DC4601EB000B87EA53
:10D340007660AF698AEA08013B44DCF81870314026
:10D3500081EA08013B4419444FEABB0383EA7B336B
:10D360004BEA0907084483EABB510BEA090327404B
:10D370003B43194401EB000CE969354686EA0A0390
:10D38000099E00EB020EF6694FEABE10414403EA23
:10D390000E0380EAFE2083EA0A03314419444FEA6F
:10D3A000BC0380EA7E6083EA7C334CEA0B060844C7
:10D3B00083EABC510CEA0B0306EA0906334319441D
:10D3C0000319089C4DF638522034C0F20102202C7B
:10D3D00001EB00083FF4C8AE08200021CDE9125A45
:10D3E000CDE9103ECDE90C8CCDE90EB905904FEAA0
:10D3F000B31080EAF32014AF80EA73600B935044BB
:10D40000AA461D467B189C6B0A914FEA744181EA3B
:10D41000F44109908EEA0A000494054081EA9420C0
:10D420005E6A59680A9C30444FEAF1163F5986EA11
:10D43000B14607440A9886EAD10610440790BA1903
:10D44000066C099885EA0A0584194CEA08062C44FA
:10D450000CEA080506EA0B0635434FEAB80686EAE9
:10D460007836144486EAB85609EB04003444069230
:10D4700004EB05099C6ADA6B21444FEA724484EAA2
:10D48000F24403929E6884EA92240B9A4FEAF617BC
:10D4900021448EEA020487EAB647044084EA0E0477
:10D4A00087EAD6075444DDF81CA0394402460890A8
:10D4B000DAF844704FEAB01080EAF2203C444FEAB8
:10D4C000B90780EA726087EA7937204487EAB9545D
:10D4D00049EA080707EA0C0709EA08023A43069FE7
:10D4E00022444FEA774484EAF744084484EA9724C4
:10D4F00000EB0B0502EB000B3019DE68DA6A4FEA2D
:10D50000F61484EAB644104484EAD602DAF84840B5
:10D510008718A6440B98089C4FEAB51244402C404B
:10D5200082EAF52244400EEB04004FEABB0482EA93
:10D53000756284EA7B34AA46851884EABB524BEABA
:10D54000090404EA08040BEA0900204310444FEAE6
:10D55000714282EAF142596482EA9121EA1902EBAE
:10D560000C0500EB020C88191E69196B4FEAF614C2
:10D5700084EAB644084484EAD601DDF81CE001449C
:10D58000DEF84C400B98CDF80480DDF82080204474
:10D590004FEAB5142A46099584EAF5248AEA080573
:10D5A000154085EA080528444FEABC0584EA726400
:10D5B00085EA7C350844204485EABC544CEA0B05D6
:10D5C00005EA09050CEA0B022A4322444FEA774494
:10D5D00084EAF7449F6484EA9725019CCDF808A06B
:10D5E00007191418A8195E695A6B4FEAF61585EAEF
:10D5F000B645104485EAD602DEF8505000EB02082A
:10D6000008984FEAB7122844099D82EAF72285EA72
:10D610000A053D4085EA0A05404428444FEAB4051E
:10D6200082EA776285EA7435104485EAB45244EAA6
:10D630000C050B9705EA0B0504EA0C073D432A4449
:10D6400000EB090A02EB00094FEA714080EAF14061
:10D65000D96480EA91209969049A099F32444FEA7B
:10D66000F11686EAB146104486EAD102DEF854602B
:10D6700000EB020E02980B9D304485EA07064FEA44
:10D68000BA1206EA0A0682EAFA227E407044304460
:10D690004FEAB90682EA7A6286EA7936104486EA67
:10D6A000B95249EA040606EA0C0609EA04073E43B1
:10D6B0003244DE6900EB0B0502EB000B4FEA7840C9
:10D6C00080EAF8404FEAF61282EAB642039F80EA07
:10D6D0009820C3F85080394482EAD602DDF81C80D5
:10D6E00008441044D8F85820099F98653A440B9F85
:10D6F00010448AEA07024FEAB5112A4081EAF5216F
:10D700007A4010444FEABB0281EA756182EA7B32BB
:10D71000084482EABB514BEA090222400BEA09079E
:10D720003A4311441A6A00EB0C0701EB000C4FEA74
:10D73000F2114FEA7E4081EAB24180EAFE4081EA7E
:10D74000D201069A80EA9E201A64324410440844AA
:10D75000C3F854E0D865D8F85C200B9B4FEAB711AA
:10D7600081EAF7211A4485EA0A033B4010444FEA54
:10D77000BC0281EA776183EA0A0382EA7C321844B8
:10D780004CEA0B03084482EABC510CEA0B0203EAA0
:10D7900009031A431144031901EB000805980A997B
:10D7A0004DF638520830BE46C0F20102382801F169
:10D7B0002001FFF41BAE0098002108300CAACDE92F
:10D7C000125ACDE9103ECDE90C8CCDE90EB900BF5F
:10D7D00052F8213050F821703B4440F8213001319B
:10D7E0000829F5D1002054B0BDE8F08F2DE9F04FA5
:10D7F000ADF5457DD0E90442D0E90865D0E90637AA
:10D80000D0E90ACECDE91442D0E90C92CDE91865F1
:10D8100000F13808D0E91154CDE9163798E88801AD
:10D8200006460090C66C1EA8CDE91C9280E88801CF
:10D83000C81C0022CDE91ACE2396CDE9215400BFA1
:10D840008B185E788F5C36049D7846EA07678618E9
:10D8500047EA05277578B6782D069C7945EA06468D
:10D86000DB79855C46EA04262F44334424ADAE18A8
:10D87000AB500832802A7760E2D100200DF1900988
:10D8800009EB0001D1E91C325F03DC005603D5002F
:10D8900047EAD24746EAD34644EA527445EA53750A
:10D8A0009B0943EA826366406F4087EA92127340A5
:10D8B000D1E91267D1E901C4CD6813EB060842EB48
:10D8C000070EE707220647EA550742EA1522EE0748
:10D8D0002B0646EA540643EA14237A40E40944EA54
:10D8E000456482EAD51259F800507340634018EB42
:10D8F00005044EEB0C071B1900F108007A41B0F546
:10D90000007FC1E92032B9D12398DDE91C870B9053
:10D91000DDE9210CDDE914E60D90209800240F903C
:10D920001F980A901E980C901698119017981090B6
:10D9300019980690189809901B9807901A980E90BD
:10D940006FF00700CDE901044FEA8840B904BA033B
:10D950004FEA883340EA973041EA983142EA9842E8
:10D9600043EA974351405840FA054FEAC85342EA08
:10D97000582243EA5723504059400B9A11EB0C01AF
:10D9800050414DF63862C0F2010213191259129338
:10D990005B68891824AA58411319125913935B68BC
:10D9A000891858410F9B0C9A08975A4002EA0802BE
:10D9B0005A4011EB02090D9B0A9A344682EA030190
:10D9C00001EA070181EA030148414FEA0E114FEADB
:10D9D0008E7741EA1671330147EA96070496B60737
:10D9E00046EA9E0643EA1E7371404FEA4E6646EAD7
:10D9F000D4167B40670647EADE1783EA060C109EC2
:10DA0000069B81EA070A46EA040106EA0407119C1C
:10DA10001940099D41EA070344EA0E01294004EA3E
:10DA20000E060E430E99154611EB090B07994FEAA6
:10DA30008B34414119EB0C0240EB0A00B61840EB65
:10DA4000030A8A048B0342EA9B3243EA9B434FEA70
:10DA50008B4040EA913044EA91445A40CB0543EA76
:10DA60005B2360404746CDF80C8080EA03080C98A1
:10DA70004FEACB5480EA070303EA0B0343400F98B5
:10DA800044EA51241B180898894682EA040285EA70
:10DA9000000404EA09040D9884EA0504444112983C
:10DAA00029460A95D0E9025013995B190E966041F8
:10DAB000D218D1E9023540EB08009B18314640EB03
:10DAC00005024FEA0A15300145EA1675B4074FEA18
:10DAD0008A7640EA1A7046EA910644EA9A0470404F
:10DAE0004E066C404FEA4A6546EADA1645EAD11519
:10DAF000DDF810807440109E68404AEA0805354001
:10DB00000AEA0806119F354341EA0E063E4001EA43
:10DB10000E073E430999A41968415D180699CDF88E
:10DB200014E042EB010EE11840EB02064FEA8E4290
:10DB30004FEA8E3342EA953243EA9543A804AC0398
:10DB400040EA9E3044EA9E4482EA03074FEACE53FD
:10DB500043EA55236040EC0544EA5E2480EA030C66
:10DB600012980F9187EA0401D0E904340C982A46F0
:10DB70001B180A980995444113980D96D0E904574B
:10DB800003985B198BEA000505EA020585EA0005A2
:10DB900008987C415B1989EA000505EA0E0585EACB
:10DBA00000056C415D180F994FEA06124FEA01100B
:10DBB0004FEA81734FEA867740EA167042EA1172A3
:10DBC00043EA960347EA910782EA030280EA0700E4
:10DBD0004FEA46634FEA416743EAD11347EAD61753
:10DBE00044EB0C0480EA030C7A4046EA0A0306EA96
:10DBF0000A070E9E03EA080305983B4341EA06071D
:10DC000007400E403E431199B6184CEB03006A18CA
:10DC10001099099B614116EB050C40EB04088C043C
:10DC20008D0344EA923445EA92459004960340EA13
:10DC3000913046EA91466C40CD0545EA5225704048
:10DC4000D605684046EA5126109012987440D0E9F3
:10DC5000065603980F4606912D18089813994641C9
:10DC6000D1E906010C92401983EA0B0505EA020589
:10DC700085EA0B05714140198EEA090505EA070599
:10DC800085EA09056941061910984FEA081441EB25
:10DC900000034FEA0C114FEA8C754FEA887741EA8E
:10DCA000187144EA1C7445EA980547EA9C076C40E1
:10DCB00079404FEA48654FEA4C6745EADC1547EA88
:10DCC000D8170D986246CDF828C081EA050C7C4033
:10DCD00048EA000508EA00070F9805EA0A050E99C8
:10DCE0003D4342EA0007CDF844800F4002EA0008B5
:10DCF00047EA080705983F194CEB050116EB0008A9
:10DD00000498CDF8408043EB0004B81941EB0305BB
:10DD1000A104A60341EA983146EA984608904FEAE2
:10DD200088404FEA883740EA943047EA944781EACE
:10DD30000602E60546EA582678404FEAC8574146AB
:10DD400047EA542780EA060812987A40D0E9086723
:10DD5000234616EB0B0C139E47EB0907D6E9080682
:10DD6000099C10EB0C00049577410C9E9946664087
:10DD70000E4006996640801981EA0E0606EA0306FF
:10DD800086EA0E067741811808984FEA05164FEA91
:10DD9000807447EB080C070146EA107644EA9504C4
:10DDA0002A4647EA1577AD0745EA900566404406DE
:10DDB00044EAD2146F40550645EAD0156640119CDE
:10DDC00003930D9B6F4042EA04051D400A9B1440DB
:10DDD0000F9A254340EA0304144000EA0302224359
:10DDE0000E98921947EB05040B184CEB0A0512EB41
:10DDF000010B44EB0C089804A904AA039C0340EA15
:10DE0000953041EA933142EA934244EA95445140C5
:10DE100080EA0406EA05DC0542EA53229C460593A3
:10DE200044EA5524129B86EA02076140D3E90A249A
:10DE3000099B2846D218139B0B95D3E90A5644EB4D
:10DE40000E0452190C9B7441109ECDF838B086EA2E
:10DE5000030505EA0C055D40069B521989EA030596
:10DE600005EA000585EA03056C4189184FEA0B12A3
:10DE70004FEA887644EB070E42EA18724FEA08141C
:10DE80004FEA8B7546EA9B0644EA1B7445EA9805FF
:10DE900072404FEA4B666C404FEA486546EAD81636
:10DEA000584645EADB15DDF810B07440119E6A4013
:10DEB00048EA0B05DDF82090354008EA0B060A9F7A
:10DEC000354340EA09063E4000EA09073E430F9801
:10DED000A4196A410D180D98CDF81C804EEB000A6C
:10DEE00014EB01084EEB020EA8044FEA8A414FEAF8
:10DEF0008A32AC0340EA9A3041EA953142EA9542CF
:10DF000044EA9A44514080EA04064FEACA52EC05BA
:10DF100042EA552244EA5A24129F28460F9586EA7F
:10DF2000020C6140D7E90C240C9D079E5219139DE9
:10DF30006341D5E90C45CDF818E01219059C6B41F9
:10DF4000109D6C4004406C40121903980B9C4FEAE2
:10DF50008E7584EA000404EA0A0484EA000463413A
:10DF6000891843EB0C004FEA0E134FEA88744FEA0E
:10DF7000081243EA187344EA9E0442EA1E7245EA14
:10DF8000980563404FEA4E646A4044EAD8144FEA69
:10DF9000486545EADE1562404EEA06046B4004EA35
:10DFA0000B040EEA060544EA050B0E9CB44648EA4B
:10DFB000040505EA090508EA040635430A9E5B19CB
:10DFC00042EB0B028D19119E0C9540EB0609C91806
:10DFD000119142EB000BA8044FEA89414FEA8932C4
:10DFE000AB0340EA993041EA953142EA954243EA6F
:10DFF0009943514058404FEAC952EB0542EA552235
:10E0000043EA592350405940D7E90E23109F039EFD
:10E01000D219674643EB060C139B0990D3E90E43D4
:10E02000504612190F9C43EB0C03DDF814C0DDF8C9
:10E0300044A084EA0C042C400B9D84EA0C041219C1
:10E0400080EA050404EA09040D9084EA05040998AD
:10E050006341891858414FEA0B134FEA8A744FEA1B
:10E060000A1243EA1A7344EA9B044FEA8B7542EAA8
:10E070001B7245EA9A0563404FEA4B646A4044EAE2
:10E08000DA144FEA4A6545EADB1562404BEA0E04B2
:10E090006B403C400BEA0E050E9F2C434AEA0805F4
:10E0A0003D400AEA08063543089F5B19CDF82480F5
:10E0B000624111EB0708049F029C474113EB010EDC
:10E0C00042EB00060198403408304828CDF82890EB
:10E0D000CDF840B0FFF436AC0B98002123900F9898
:10E0E00014AA20900D98CDF888C021900C98CDE905
:10E0F0001C871E900A98CDE914E61F90119816907F
:10E100001098179009981890069819900E981A90E0
:10E1100007981B90009810305758455853184618C8
:10E120005B6874687F19475001F108016341402919
:10E130007360F1D100200DF5457DBDE8F08F000042
:10E1400078B10079A0F1030CBCF1050F09D8DFE824
:10E150000CF0030D12181E24084611461A4600F052
:10E1600095B84AF60070CFF6FF7070470846114622
:10E170001A4604F00FBA084611461A46012304F065
:10E1800055BB084611461A46002304F04FBB08460B
:10E1900011461A46012304F0B9BD084611461A4635
:10E1A000002304F0B3BD000070B50646044656F8DF
:10E1B000180B802300F03F02372A06EB020000F81C
:10E1C000013B0D4604D8C2F13701F2F718F80BE015
:10E1D00082F03F01F2F713F820463146FDF7FCFBD1
:10E1E00030463821F2F70BF8D4E90010CB0084F860
:10E1F0005030C2004B0942EA517284F851304B0B47
:10E20000490D84F85310410984F85510410B400D15
:10E2100084F8561084F857002046314684F852306E
:10E2200084F85420FDF7D8FBA0682870A068000A85
:10E2300068706089A870E07AE870E0682871E0682A
:10E24000000A6871E089A871E07BE8712069287292
:10E250002069000A6872608AA872E07CE8726069CE
:10E2600028736069000A6873E08AA873E17D002062
:10E27000E97370BD002814BF5821704702F09CBF9D
:10E2800080B55821F1F7BBFF80BD00002DE9F041BA
:10E2900096B0E8460D460646404658211446F1F72A
:10E2A000AEFF42F20130C6F2457002904AF6893064
:10E2B000CEF6CD7003904DF6FE40C9F6BA0004903C
:10E2C00045F27640C1F2320005909DB1402D009597
:10E2D00009D36F4638463146FDF77EFB403D3F2D62
:10E2E00006F14006F6D82DB108F1180031462A464D
:10E2F000F1F75EFF6D4628462146FFF755FF284699
:10E30000582102F059FF002016B0BDE8F08100004E
:10E3100042F2013201460020C6F2457208604860B0
:10E320004AF689308A604DF6FE42CEF6CD70C9F6C7
:10E33000BA02C1E9030245F27642C1F2320200207C
:10E340004A6170472DE9F04381B0B2B306460068D8
:10E3500014460D4600F03F098018306002D3706803
:10E3600001307060B9F1000F11D0C9F14007A74228
:10E370000FD806F1180808EB090029463A46F1F7CC
:10E3800017FF30464146FDF727FB3D44E41B4FF0A5
:10E390000009402C09D300BF30462946FDF71CFB7D
:10E3A000403C3F2C05F14005F6D834B106EB09009E
:10E3B000183029462246F1F7FBFE002001B0BDE8E7
:10E3C000F083000068B102685AB11279033A052A55
:10E3D00007D8DFE802F00E1103030B0B406804F0CE
:10E3E00087B94AF60070CFF6FF707047406804F0B6
:10E3F00047BB4068FFF7D8BE406804F04FB8000044
:10E4000010B590B101680446002908BF10BD6068CE
:10E41000B8B109790339052910D8DFE801F00A0DF0
:10E420000303070704F0F6F908E010BD04F062FCEE
:10E4300004E0FFF71FFF01E004F0A0F860680EF0B1
:10E44000ABFAA06838B121688979490002F0B4FEBE
:10E45000A0680EF0A1FA20460C21BDE8104002F0A1
:10E46000ABBE0000002814BF4079002070470000B8
:10E47000002814BF0079002070470000F0B591B06B
:10E48000044600284AF60070CFF6FF701FD00D46F4
:10E490002168E1B1A668D6B10A798F79D11E052924
:10E4A00014D8DFE801F00F1603030909606801A919
:10E4B00004F01EF958B912E0606801A904F0E0FA0E
:10E4C00028B90CE0606801A9FFF76EFE38B111B001
:10E4D000F0BD606801A903F0E1FF0028F7D12046F4
:10E4E00000F034F90028F2D12068F1198279204631
:10E4F00000F054F90028EAD1206801A942792046A9
:10E5000000F04CF90028E2D120462946FFF75AFFD7
:10E5100011B0F0BDB0B5044600284AF60070CFF641
:10E52000FF7009D0216839B1A568002D08BFB0BDC2
:10E53000204600F00BF900B1B0BD20682946827971
:10E540002046BDE8B04000F029B900002DE9F043B5
:10E5500091B04AF600760028CFF6FF7657D00446F1
:10E560000068002853D00F46A16800294FD0807959
:10E570001546904215D2204600F0E8F806460028DD
:10E5800041D1204639462A4600F008F90646D0BB5C
:10E5900001A92046FFF716FF0646A0BB206801AF81
:10E5A00045792068D4F8088086794046314636227D
:10E5B00008EB0609F1F71CFE20685C2281794846C9
:10E5C000F1F716FE9DB1A8F1010081197A1E00BF76
:10E5D00010F8013F12F8017F013D83EA0703037041
:10E5E00011F8013F177883EA07030B70F0D120463A
:10E5F00000F0ACF8064630B92068414682792046E2
:10E6000000F0CCF8064601A8402102F0D5FD3046C6
:10E6100011B0BDE8F083000030B1036823B1836816
:10E62000002B18BF00F0BAB84AF60070CFF6FF70A2
:10E63000704700000338C1B205298FBF002040B2E7
:10E6400001A151F820007047D0F7010008F801003F
:10E6500010F8010018F8010020F8010028F8010066
:10E660000021C0E9001181607047000068B10268B4
:10E670005AB11279033A052A07D8DFE802F00E11E1
:10E6800003030B0B4068FEF73FBD4AF60070CFF660
:10E69000FF7070474068FFF7A9B84068FDF79CB964
:10E6A0004068FDF737BD0000F0B581B04AF68067DD
:10E6B000CFF6FF770446002807F180001CBF0D4607
:10E6C000002901D101B0F0BD297903390529F9D814
:10E6D0001646DFE801F0172103030D0D01206C2120
:10E6E000F1F724FE606068B304F09AF8EEB922E016
:10E6F0000120D821F1F71AFE606018B304F000FB86
:10E700009EB918E001205821F1F710FE6060C8B1F1
:10E71000FFF7B6FD4EB90EE001205C21F1F706FED1
:10E72000606078B103F030FF2EB1A9790220F1F7D3
:10E73000FDFDA06018B10020256001B0F0BD2046AD
:10E74000FFF75EFE384601B0F0BD000068B1016819
:10E7500059B109790339052907D8DFE801F0030B1E
:10E760000E12161A4068FFF7D3BD4AF60070CFF6B6
:10E77000FF707047406803F055BF4068012104F006
:10E78000DDB84068002104F0D9B84068012104F0E8
:10E79000B7BB4068002104F0B3BB000078B1036848
:10E7A0006BB11B79A3F1030CBCF1050F07D8DFE8AF
:10E7B0000CF00E1103030B0B406804F01BB94AF672
:10E7C0000070CFF6FF707047406804F049BC4068A5
:10E7D000FFF7B8BD406803F045BF00002DE9F04FDA
:10E7E00081B090421746834608BF0F46814218BF4A
:10E7F000934540F0A58079680120CBF80000481EC1
:10E80000411C07D0B96851F8201001380029F7D011
:10E81000851C00E0002542F21070854206D96FF099
:10E820000F000021002900F0918024E0DBF8044073
:10E83000AC421CD228460421F1F778FD0028EED026
:10E84000DBF808900646B9F1000F0ED04FEA8408B5
:10E85000304649464246F1F7ABFC4846414602F095
:10E86000ABFCDBF808000EF097F8CBE9015600206E
:10E87000012100296AD0DBF80810002D4FF0000CB0
:10E8800067D0BA6804390027002300BF51F8046F2D
:10E8900052F82340F01900194CF10004BF1903F19C
:10E8A000010344F100079D420860EFD10431002FBD
:10E8B00053D0AC0042F2107814E000BF6FF00F00AC
:10E8C0000021002942D0DBF8080001190A68002065
:10E8D000D31941F8043B40F100070135934204F19C
:10E8E000040433D2DBF80460B542EFD305F101092B
:10E8F000C145E3D84E4520D248460421F1F716FD24
:10E900000028DBD0DBF808808246B8F1000F0DD07C
:10E91000B600504641463246F1F74AFC4046314681
:10E9200002F04AFCDBF808000EF036F80020012166
:10E9300042F21078CBE9019AC3E700200121C0E739
:10E94000584600F055F900283FF455AF01B0BDE836
:10E95000F08F00250027002FABD1002001B0BDE8CB
:10E96000F08F00001346002A48BF534280B584B0A0
:10E9700000934FF0FF33B2F1FF3FC8BF01230122E4
:10E9800002926A46039201AA019300F003F804B0D0
:10E9900080BD000070B50B460D681168064601FB8E
:10E9A00005F1B1F1FF3F04DD30461946FFF716FFD0
:10E9B00042E05868411E00BF0846013109D09968FD
:10E9C00051F820100029A0F10101F5D001F1020C4D
:10E9D00001E04FF0000C51684C1E00BF214601348D
:10E9E00008D0946854F82140002CA1F10104F5D01E
:10E9F000023400E000240840013019D0A44517D8A3
:10EA000064450ED8ACF10100411C11D0996894689E
:10EA100051F8201054F82040A14209D8A0F101007B
:10EA2000F2D2304611461A4602F082F850B170BD5B
:10EA30003046194602F07CF8002818BF70BD00204F
:10EA4000356070BD6D42FAE74168002904BF0020BF
:10EA50007047013941B1826852F821200139002AFA
:10EA6000F8D001F1010C01E04FF0000C806850F883
:10EA70002C0000280ED400234FF000421E2B03F17F
:10EA8000010105D800EA52035208002B0B46F5D0CD
:10EA9000484200E0002000EB4C102030704700009E
:10EAA000B0B502468C46002948BFC1F1000C53683E
:10EAB00001205D1EB1F1FF3FC8BF4FF0FF3000BF26
:10EAC0006B1C08D0946854F82540013D002CF7D009
:10EAD00005F1020E01E04FF0000E6FF0010400BFDF
:10EAE000013403D20029FBD0012500E00025002BD2
:10EAF00002BF002C0020B0BDAE4584BF1068B0BD81
:10EB000075451FD81068B1F1FF3F03DC0028C4BF72
:10EB10000120B0BD002904D4002844BF4FF0FF30CD
:10EB2000B0BDAEF1010100BF4B1C04BF0020B0BD61
:10EB3000936853F82130634588BFB0BDA1F101014E
:10EB4000F2D24042B0BD0000B0B54268531E00BFD3
:10EB50005D1C08D0826852F82320013B002AF7D0C0
:10EB600003F1020C01E04FF0000C4A68013A00BFCB
:10EB7000531C08D08C6854F82240013A002CF7D07E
:10EB800002F1020E01E04FF0000E002D02BF002B3B
:10EB90000020B0BDF44584BF0068B0BDE64502D991
:10EBA00008684042B0BD0268012A04DB0B68002BF4
:10EBB00044BF0120B0BD0B68012B04DB002A44BF19
:10EBC0004FF0FF30B0BDACF1010300BF5D1C04BFCE
:10EBD0000020B0BD85688C6855F8235054F8234058
:10EBE000A54203D8A3F10103F0D252421046B0BDB2
:10EBF0002DE9F04788421FD0044648680D4650B1C1
:10EC0000013800BFD8B1A96851F820100138002997
:10EC1000F8D0861C14E07CB1A06830B1616889002E
:10EC200002F0CAFAA0680DF0B7FE01210020C4E985
:10EC30000010A060BDE8F0870020BDE8F087012645
:10EC400067682868B742206021D242F2107086427D
:10EC500025D830460421F1F769FB00B3D4F80880C9
:10EC60008246B8F1000F0DD04FEA87095046414661
:10EC70004A46F1F79DFA4046494602F09DFAA068DF
:10EC80000DF08AFE00200121C4E9016A0AE0A068B3
:10EC9000B91B00EB86008900F1F7B1FA06E06FF0CE
:10ECA0000F000021002908BFBDE8F087A068A9680F
:10ECB000B200F1F77DFA0020BDE8F0872DE9F04FB2
:10ECC0009DB0894659688346481E1F461546014631
:10ECD0004A1C0DD0BB6853F821300139002BF7D006
:10ECE000002A14BF3968002129B96FF00B0440E1F4
:10ECF00000210029F9D001210022CDE91722CDE918
:10ED000013121592CDE91122CDE90D12CDE90F2193
:10ED10006A6816910A9103210B9107A9013A0C9197
:10ED20001146013208D0AA6852F82120002AA1F128
:10ED30000102F5D0023201E0002200BF034601309B
:10ED400008D0B86850F823000028A3F10100F5D0DE
:10ED5000023000E00020194001311DD082421BD852
:10ED600090420ED8501E00BF411C15D0A968BA6849
:10ED700051F8201052F8202091420DD8A0F1010046
:10ED8000F2D2BBF1000F7DD0DBF804601EB300248B
:10ED9000012000286AD1B4E016A82946FFF728FF11
:10EDA0000446002840F0AD8013A83946FFF720FF45
:10EDB0000446002840F0A580696801208C1C42F2BE
:10EDC00010718C421390169024D96FF00F0400201C
:10EDD000002841D195E001200421F1F7A7FA00288D
:10EDE0003FD0DBF80870044677B14FEA860820462A
:10EDF00039464246F1F7DCF93846414602F0DCF983
:10EE0000DBF808000DF0C8FD0120CBE90104002467
:10EE100060BB76E0119EA6421AD220460421F1F78B
:10EE200085FA0028D1D0DDF848A08046BAF1000F5D
:10EE30000CD0B600404651463246F1F7B9F950467B
:10EE4000314602F0B9F912980DF0A6FDCDE911484E
:10EE500000240120002854D0119E06B30024012074
:10EE60003EE06FF00F04002000284AD0DBE90110DB
:10EE70008900F1F7C4F9DBF80800002101600120E6
:10EE8000CBF80000B9F1000F07D048462946FFF73C
:10EE9000AFFE0446A8BB00246BE0002469E001201B
:10EEA0000421F1F743FAC0B1DDF848800446B8F117
:10EEB000000F0DD04FEA860A204641465246F1F730
:10EEC00077F94046514602F077F912980DF064FD4B
:10EED0000120CDE91104002402E06FF00F040020AE
:10EEE00078B1DDE911108900F1F789F91298002154
:10EEF0000160012010900DA8022100F035FF0446AA
:10EF0000D8B3189830B11799890002F055F91898BC
:10EF10000DF042FD159801260025169617951895B7
:10EF200030B11499890002F047F915980DF034FDBD
:10EF3000129813961495159530B11199890002F025
:10EF40003BF912980DF028FD0F9801250026109529
:10EF50001196129630B10E99890002F02DF90F9892
:10EF60000DF01AFD07A80C21CDE90D560F9602F001
:10EF700023F920461DB0BDE8F08F13A8FFF764FD0C
:10EF800000F01F001F282BD100200590179814991E
:10EF9000421E481EA2EB000A039106904FEA4A1156
:10EFA00013A80292049101F07DFC04460028A8D128
:10EFB00016AE0DF14C0830464146FFF7C5FD00285E
:10EFC00021D41298424650F82A10013140F82A10F4
:10EFD0003046314601F04EFE04460028EBD090E763
:10EFE00080F01F0116A8059101F05CFC0446002882
:10EFF0007FF487AF059913A801F054FC044600285C
:10F000007FF47FAFC2E7049913A801F0EBFC04463C
:10F0100000287FF476AF0698029B834240F2AE80D0
:10F020000C980DF1340A01900398012602380490DF
:10F03000189C1599069A54F8230051F82220904202
:10F0400008D204EB8301984651F8041CFBF7CCFF6F
:10F05000434601E04FF0FF30039A1299A3EB0208F8
:10F0600041F82800022B26BF04EB830050F8080C5F
:10F07000002001990860581E029054F82000486052
:10F0800054F823008860129850F82810013140F895
:10F090002810129850F82810013940F828105046CE
:10F0A000002101F0C7F8002840F09B80069820B1AD
:10F0B0001598049950F8210000E000200F99069A55
:10F0C0000860159850F822001AAA4860129819A9E9
:10F0D00050F828001C91199050465146CDE91A6607
:10F0E00001F082F900287CD150460AA9FFF72CFDD7
:10F0F0000028CEDC129819A950F828001C9119900C
:10F10000504613A91AAACDE91A6601F06DF9002834
:10F1100067D14FEA48115046009101F0C3FB002827
:10F120005FD116A80146524601F0A4FD002858D12F
:10F1300016A80021FFF7B4FCB0F1FF3F18DC5046E1
:10F1400013A9FFF755FD00284BD10099504601F057
:10F15000A9FB002845D116A801465246FFF71AFC24
:10F1600000283ED1129850F82810013940F8281094
:10F170000698029981420B463FF65AAFBBF1000F49
:10F180000DD010A95846FFF733FD044600287FF440
:10F19000B8AE2868396801FB00F0CBF80000B9F17F
:10F1A000000F1CD0059916A801F01CFC044600288D
:10F1B0007FF4A7AE286816A916904846FFF718FDF9
:10F1C000044600287FF49DAE484600210024FFF746
:10F1D00067FC00287FF495AE0120C9F800000024E8
:10F1E0008FE604468DE600002DE9F04FADF2546D38
:10F1F000D3F804A01C46AAF1010300BF5F1C0ED087
:10F20000A66856F82360013B002EF7D0002F14BFEC
:10F2100023680023012B05DA6FF00309D0E20023F5
:10F22000012BF9DBA3681D68EB0702D16FF003091E
:10F23000C6E2D2F804C0ACF101094F467E1C0ED0E4
:10F24000936853F82730013F002BF7D0002E14BFEE
:10F2500013680023002B05D56FF00309B0E20023EB
:10F26000002BF9D40591042101EB4501674601F01B
:10F27000080101EB050820210692079008FB05F222
:10F280000F29C2F1020202FB08F84FEA5101F5D83A
:10F2900001204FF0000BCDF83806CDF82C06CDE953
:10F2A000080B0BA84FF4C061CDF83CB6CDF840B6C2
:10F2B000CDF830B6CDF834B6CDF828B0F0F79FFFD2
:10F2C0003FB30699B9F1000F09D0886850F82900BA
:10F2D000A9F101090028F5D009F1010000E00020A2
:10F2E000896851F8201000290ED400234FF0004205
:10F2F0001E2B03F1010705D801EA52035208002B27
:10F300003B46F5D0794200E0002101EB401000F1CE
:10F31000200B4FEA5B10142802D94FF0060B12E0C5
:10F32000BBF1EF0F02D94FF0050B0CE0BBF14F0F13
:10F3300002D94FF0040B06E0BBF1170F4FF0010BA1
:10F3400088BF4FF0030B0AF1010742F210708742A9
:10F3500004D96FF00F090020A0BBE2E107984568CF
:10F36000BD4222D238460421CDF810B0F0F7DEFFBE
:10F3700000B3DDF81CA08346DAF80890B9F1000F5D
:10F380000DD0AD00584649462A46F0F711FF4846D1
:10F39000294601F011FFDAF808000DF0FDFA4FF0F0
:10F3A00000090120CAE9017B07E04FF000090120B4
:10F3B00040B9B6E16FF00F090020DDF810B0002869
:10F3C00000F0AF8142F21070874203D96FF00F094D
:10F3D000002029E00F9DBD421ED238460421DA46A6
:10F3E000F0F7A4FFE0B1DDF840908346B9F1000FDB
:10F3F0000CD0AD00584649462A46F0F7D9FE48469B
:10F40000294601F0D9FE10980DF0C6FA4FF0000918
:10F410000120CDE90F7B06E04FF00009012003E059
:10F420006FF00F090020D346002800F07A817D009C
:10F4300042F21070854204D96FF00F09002088B99C
:10F440006FE14DB128460421F0F770FF0028F3D09A
:10F45000CDF83056CDF834064FF0000901200028D1
:10F4600000F05F81059908680130039043D0DDF812
:10F470007826D2B19068C0B19168D2E90002CDF887
:10F480004016CDF83806CDF83C26059D0BA800F1B6
:10F490000C0728462146FFF757FB002837D438468B
:10F4A0002946224600F00CFF35E00DF5C76001212A
:10F4B00000F0C0FE8146002840F033816068810181
:10F4C0000DF5C76001F0EEF98146002840F0298172
:10F4D0000DF5C7600146224600F0F2FE8146002885
:10F4E00040F01F81DDF87836002BCED00DF5C762D5
:10F4F00007CA07C3C9E708A8FFF77AFB81460028B7
:10F5000040F00F810120089008A80590AFE7384629
:10F510002946FFF76DFB8146002840F00281C8F1C3
:10F5200000080DF5C7650DF22C6A384629462246BB
:10F530004346CDF800A006F02BFB07982946FFF7BD
:10F5400057FB8146002840F0EC800DF5CA60CDF8ED
:10F550004C060798019701270DF244612246434665
:10F56000CDF85076CDF84476CDF84876CDF800A0A9
:10F5700006F00EFBBBF1020FC24630D3ABF1010522
:10F5800007FA05F606EB46000BAA616802EB800756
:10F5900001313846D04600F0E7FB0199814600284A
:10F5A0000DF22C6A40F0BD803846FFF721FB814602
:10F5B000002840F0B68065B1CBF1000538463946E9
:10F5C00022464346CDF800A006F0E2FA0135681C59
:10F5D000F4D1701C30FA0BF0C24600F02A81069874
:10F5E0004FF00008D0F8049000200290002700207F
:10F5F0000DF22C6507E00798224601465346009518
:10F6000006F0C6FA0120B8F1000F014606D1B9F1A3
:10F61000000F43D0A9F101094FF020080698A8F186
:10F620000108806850F8290020FA08F000F0010273
:10F6300052EA01004FF00000E5D0012908BF002A7E
:10F64000D9D00137BBEB0700029902FA00F041EA7A
:10F6500000014FF002000291D5D1CDF810B05F4605
:10F66000DDF81CB05846594622465346009506F030
:10F670008FFA013FF6D102980BA900EB4000224619
:10F6800001EB800158465346009506F081FA0021AF
:10F69000DDF810B0012002910027B4E7DDE9016830
:10F6A000CDF814A017B30120079DDDF814A000FACF
:10F6B0000BF0049003E0013F4FEA480816D02846BB
:10F6C0002946224653460DF22C69CDF8009006F0EB
:10F6D0005FFA049810EA480FEDD0284631462246DA
:10F6E0005346CDF8009006F053FAE4E70120079D59
:10F6F000CDF85006CDF84406CDF848060DF5CA60A1
:10F70000059BCDF84C060DF24461284622460DF2C9
:10F710002C67009706F03CFA0398002875D04FF04C
:10F720000009ABF10100012404FA00F030FA0BF1FA
:10F730004BD0109830B10F99890001F03DFD109821
:10F740000DF02AF9DDF83446DDF87876012600253B
:10F750000E960F95109544B1DDF8300681002046D5
:10F7600001F02AFD20460DF017F90A98CDF82C6615
:10F77000CDF83056CDF8345630B10999890001F0F2
:10F780001BFD0A980DF008F901200890002009904F
:10F790000A900FB1B86898B9DDF8400640B1DDF8BD
:10F7A0003C16890001F008FDDDF840060DF0F4F884
:10F7B0000120CDF838060020CDF83C06CDF84006F3
:10F7C00048460DF2546DBDE8F08F00EB40010BAAE6
:10F7D00002EB8101461C01F10807002509E000BF8A
:10F7E00047E9024547F80C5B36FA0BF006F10106D3
:10F7F0009FD138680028F3D057F8041C890001F025
:10F80000DBFC38680DF0C8F8EAE70699486800287C
:10F810003FF485AF88680078C0073FF480AF4FF0B1
:10F82000FF302860284621462A46FFF7B3F8814674
:10F8300077E706F10208606807F10C05411C2846CD
:10F8400000F092FA0028F2D128463946FFF7D0F9A5
:10F8500000280DF22C67EAD101992846224653462A
:10F86000009706F095F938FA0BF008F101082F46D9
:10F87000E1D0B4E62DE9F04F81B00E4605468C0884
:10F8800089074FF0010018BF00EB9604696899469C
:10F89000A14293462DD065B1A86828B1890001F036
:10F8A0008BFCA8680DF078F801200021C5E9000163
:10F8B000A96001210020C5E9001042F210718C42BC
:10F8C000A86004D96FF00F07002867D011E034B1A9
:10F8D00020460421F0F72AFD30B1C5E90140002798
:10F8E000012000285AD004E06FF00F070020002804
:10F8F00054D06F6827B10027012000284ED026E0A1
:10F9000001200421F0F712FDE8B1D5F808A08046E7
:10F91000BAF1000F11D0CDF800B04FEA870B404686
:10F9200051465A46F0F744FC50465946DDF800B0BF
:10F9300001F042FCA8680DF02FF801200027C5E96E
:10F94000010858B303E06FF00F07002030B3D5E98A
:10F950000110C6EB84088900F0F751FCA868002765
:10F9600001210760296000EB080148463246D8476C
:10F970006FF000402044B0F1FF3F0FDCA86800EBBF
:10F98000840108394B6802681BBA40F8043B12BA7C
:10F990004A608842A1F10401F4D90027384601B039
:10F9A000BDE8F08F002808BF704710B50446806896
:10F9B00030B16168890001F0FFFBA0680CF0ECFF3A
:10F9C00001200021C4E90001A160BDE8104070479A
:10F9D0002DE9F04F87B015468046012000220490A3
:10F9E000CDE9010204A8CDE905220392FFF700F951
:10F9F0000746002840F08C8101A82946FFF7F8F857
:10FA00000746002840F08481059890B106990022AD
:10FA1000002351F8236002F12007002526FA05F49F
:10FA2000E40709D10135202DF8D1013383423A464C
:10FA3000EFD14FF0000B01E002EB050B029890B103
:10FA400003990022002351F8236002F120070025CA
:10FA500026FA05F4E40708D10135202DF8D1013349
:10FA600083423A46EFD1002000E05019584538BF94
:10FA7000834604A8594600F0B5FF0746002840F029
:10FA8000478101A8594600F0ADFF0746002840F025
:10FA90003F814FF0010A0DF11009CDF804A0CDF817
:10FAA00010A003E00027002F40F03281DDE90501BE
:10FAB00003460A1F5BB1194652F82330002BA1F10F
:10FAC0000103F7D0049A002908BF0A4600E000228B
:10FAD000002A00F0128190B106990022002351F80B
:10FAE000236002F12007002526FA05F4E40708D177
:10FAF0000135202DF8D1013383423A46EFD1002160
:10FB000000E05119484600F06DFF002840F0FF80EA
:10FB1000029890B103990022002351F8236002F16A
:10FB20002007002526FA05F4E40708D10135202D29
:10FB3000F8D1013383423A46EFD1002100E0511958
:10FB400001A800F04FFF002840F0E180DDE905202A
:10FB5000043800BF11463AB150F82120002AA1F123
:10FB60000102F7D0501C00E00020DDE90272131FF3
:10FB70003A464FB153F82270002FA2F10107F7D097
:10FB80007B1C114303D004E00023114301D1002169
:10FB900028E0984201D9049924E0834202D90198CF
:10FBA00041421FE00499012904DB019A002A01D592
:10FBB000012117E0019A012A04DB002902D54FF048
:10FBC000FF310FE0039A069B043A043B0028DED085
:10FBD00053F8207052F82060B74203D8A0F101001A
:10FBE000F4D24942002918D44846494601AA00F0F7
:10FBF0009FFF002840F08B80059D35B306980021BB
:10FC0000043800BF50F8252041EA520140F8251081
:10FC1000013D4FEAC271F5D144E701A801464A46C9
:10FC200000F086FF002872D1029D55B30398002191
:10FC3000043800BF50F8252041EA520140F8251051
:10FC4000013D4FEAC271F5D12CE701200421F0F704
:10FC50006DFB064688B3069F7FB14FEA850A3046A2
:10FC600039465246F0F7A4FA384651464FF0010A99
:10FC700001F0A2FA06980CF08FFE0027CDE905A648
:10FC80001DE001200421F0F751FB064628B3039F35
:10FC90007FB14FEA850A304639465246F0F788FA76
:10FCA000384651464FF0010A01F086FA03980CF0ED
:10FCB00073FE0027CDE902A611E06FF00F07002EBA
:10FCC0003FF4F1AEDDE905108900F0F798FA0698E7
:10FCD00000210160CDF810A0E5E66FF00F07002EBF
:10FCE0003FF4E1AEDDE902108900F0F788FA0398ED
:10FCF00000210160CDF804A0D5E601A8594600F026
:10FD0000D1FD074620B901A94046FEF771FF07461D
:10FD1000069830B10599890001F04EFA06980CF06A
:10FD20003BFE01200490039800210591069130B11B
:10FD30000299890001F040FA03980CF02DFE384634
:10FD400007B0BDE8F08F00004268B1EB421F24BF4E
:10FD50000020704780684A0950F8220001F01F0116
:10FD6000C84000F0010070472DE9F04381B00C4617
:10FD700042F210718C4204D96FF00F0001B0BDE85F
:10FD8000F08347680546A7421BD220460421F0F7BE
:10FD9000CDFA0028F0D0D5F808900646B9F1000F4A
:10FDA0000DD04FEA8708304649464246F0F700FA40
:10FDB0004846414601F000FAA8680CF0EDFDC5E99F
:10FDC0000146002001B0BDE8F083000001210022BF
:10FDD000C0E90012826070472DE9F04F9BB00F46DA
:10FDE000516814460546481E411C1CD0A16851F8B4
:10FDF000201001380029F7D0811C022916D2C9B180
:10FE0000206800281BD401394A1C67D0A26852F828
:10FE10002120012A15D8002AA1F10101F4D1404284
:10FE2000012810DA5DE000210229E8D320680128CA
:10FE300009DA56E04FF0FF30012804DA51E04FF0C4
:10FE4000FF3001284DDB012000211590CDE916116E
:10FE5000CDE912011491CDE91011CDE90C01CDE9E4
:10FE60000E10CDE918011A91CDE90A11CDE906016C
:10FE7000CDE90810CDE90411CDE90001CDE902106A
:10FE800018A839462246FFF7A3FD0646002840F091
:10FE90003781DDE919100438D1B150F821304A1EFC
:10FEA000002B1146F8D0511C022914D2E1B1189848
:10FEB00000281DD41A9A043A01B352F82130012BBC
:10FEC00018D8002BA1F10101F6D1404298B918E0F1
:10FED00000210229EAD3189868B912E0002001280D
:10FEE000B1DA6FF0030681E14FF0FF3018B908E096
:10FEF0004FF0FF3028B16FF00D0601E1002000281F
:10FF0000F9D115A83946224600F0DAF9064600284C
:10FF100040F0F68012A815A9FEF76AFE06460028F2
:10FF200040F0EE8009A82146FEF762FE0646002852
:10FF300040F0E68006A82146FEF75AFE0646002855
:10FF400040F0DE800FA8012100F074F90646002879
:10FF500040F0D6800CA8002100F06CF9064600287D
:10FF600040F0CE8003A8002100F064F90646002886
:10FF700040F0C6806846012100F05CF90646002882
:10FF800040F0BE8009AF0DF1540B0DF118080DF1D2
:10FF90000C09EA4614980078C0072DD112A8012157
:10FFA00000F020FD002840F0AA8011980078C007DA
:10FFB00003D10E980078C0070FD00FA801463A462B
:10FFC000FEF7E8FC002840F09A800CA801465A464B
:10FFD00000F050FE002840F092800FA8012100F0B0
:10FFE00001FD002840F08B800CA8012100F0FAFCF4
:10FFF00006460028CED083E008980078C00729D1B3
:020000040001F9
:100000004046012100F0EEFC002878D105980078E8
:10001000C00703D102980078C0070DD04846494672
:100020003A46FEF7B7FC002869D1504651465A4679
:1000300000F020FE002862D14846012100F0D2FCE9
:1000400000285CD15046012100F0CCFC0646002877
:10005000D2D055E012A84146FEF776FD002811D413
:1000600012A80146424600F005FE002847D10FA81D
:1000700001464A4600F0FEFD002840D10CA801468A
:1000800052460EE04046414612AA00F0F3FDB0BBD6
:10009000484649460FAA00F0EDFD80BB5046514648
:1000A0000CAA00F0E7FD50BB12A80021FEF7F8FCF7
:1000B00000287FF46FAF03AF38460021FEF7F0FC55
:1000C000002808D5384639462246FEF763FC064626
:1000D0000028F1D014E003AF38462146FEF734FD86
:1000E000002808D438463946224600F0C3FD0646AB
:1000F0000028F1D004E003A92846FEF779FD064662
:10010000179830B11699890001F056F817980CF03D
:1001100043FC14980125002415951694179430B1CA
:100120001399890001F048F814980CF035FC1198E7
:1001300012951394149430B11099890001F03CF891
:1001400011980CF029FC0E98012500240F951094AD
:10015000119430B10D99890001F02EF80E980CF031
:100160001BFC1A980C950D940E9430B119998900C6
:1001700001F022F81A980CF00FFC0B9801250024CE
:10018000189519941A9430B10A99890001F014F85D
:100190000B980CF001FC089809950A940B9430B167
:1001A0000799890001F008F808980CF0F5FB05980C
:1001B0000125002406950794089430B1049989001C
:1001C00000F0FAFF05980CF0E7FB02980395049401
:1001D000059430B10199890000F0EEFF02980CF00F
:1001E000DBFB012000900020CDE9010030461BB070
:1001F000BDE8F08FB0B54168002904BF0020B0BD54
:10020000D0F808C0002200235CF8230002F1200E81
:10021000002400BF20FA04F5ED071CBF1019B0BD83
:100220000134202CF6D101338B42724604BF0020EA
:10023000B0BDE9E72DE9F04381B0476804460D46BB
:100240001FB10026012080B31DE001200421F0F73A
:100250006DF870B3D4F808900646B9F1000F0DD0D0
:100260004FEA8708304649464246EFF7A1FF484625
:10027000414600F0A1FFA0680CF08EFB0120C4E90C
:100280000106002688B1D4E901108900EFF7B7FF15
:100290002846002D48BF6842A168B5F1FF3F0860BD
:1002A0004FF0FF30C8BF01202060304601B0BDE8EC
:1002B000F0836FF00F0600200028F6D0E3E700007F
:1002C000B0B514460A4661680546481E411C0CD06C
:1002D000A36853F820300138002BF7D029B12068EB
:1002E000002844BF6FF00900B0BD00202946234616
:1002F000FEF7E4FC002818BFB0BD6868013800BFF5
:10030000411C0DD0AA6852F820200138002AF7D0ED
:10031000002914BF28680020002804D416E000BF7C
:100320000020002812D5284629462246FEF732FB37
:10033000E0E700BF2968002944BF0020B0BD28467F
:100340002946224600F096FC00284CD16868013806
:10035000411C09D0AA6852F820200138002AF7D0A1
:1003600000F1020C02E000BF4FF0000C6268531E67
:100370005A1C07D0A06850F82300013B0028F7D092
:10038000023300E00023002908BF002A06D09C4564
:10039000D0D8634504D920684142CCE70021CAE7A0
:1003A0002968012902DB2068002818D42068012868
:1003B00004DB002902D54FF0FF31BCE7ACF10100AE
:1003C000421C0ED0AA68A36852F8202053F82030AF
:1003D0009A42B0D8A0F10100F2D24942ABE7012124
:1003E000A9E70021A7E7B0BD2DE9F04F89B09046FD
:1003F0008B460246012000215A450690CDE907119F
:10040000CDE903010591029210D042451BD0DBF8E3
:1004100004000138411C22D0DBF8081051F82010EC
:1004200001380029F6D000F102091AE006AF38467B
:100430005946FEF7DDFB029A0546002840F0778119
:10044000BB464245E3D103AF38464146FEF7D0FBF9
:10045000029A0546002840F06A81B846D7E74FF077
:100460000009D8F804000138411C09D0D8F8081058
:1004700051F8201001380029F6D000F1020A01E0FD
:100480004FF0000A0AEB090742F21070874204D9C4
:100490006FF00F05002010BB49E15668BE4219D22B
:1004A00038460421EFF742FFE8B3029A0546946804
:1004B00074B1B600284621463246EFF779FE204651
:1004C000314600F079FE029880680CF065FA029AD5
:1004D000C2E9017500250120002800F02881546838
:1004E0001CB10025012038BB21E101200421EFF7D8
:1004F0001DFFD0B1029A0746956875B1A400384631
:1005000029462246EFF754FE2846214600F054FEC5
:10051000029880680CF040FA029A01200025C2E996
:10052000010748B903E1029AB2E7029A6FF00F059A
:100530000020002800F0FB80D2E90110019589001D
:10054000EFF75DFEDDF808C00022DCF80800BAF124
:10055000000F02604FF00100CCF8000000F0DE80D8
:10056000DCF80800D8F8081000EB8A00AAF1010AAC
:10057000DBF8084051F82A50B9F1100FA0F1040738
:100580004FF000034E46C0F0758000BF54F8040BD6
:100590003968E5FB601347F8041B54F8040B39680D
:1005A000E5FB601347F8041B54F8040B3968E5FBBE
:1005B000601347F8041B54F8040B3968E5FB60131B
:1005C00047F8041B54F8040B3968E5FB601347F83F
:1005D000041B54F8040B3968E5FB601347F8041B4F
:1005E00054F8040B3968E5FB601347F8041B54F812
:1005F000040B3968E5FB601347F8041B54F8040B3F
:100600003968E5FB601347F8041B54F8040B39689C
:10061000E5FB601347F8041B54F8040B3968E5FB4D
:10062000601347F8041B54F8040B3968E5FB6013AA
:1006300047F8041B54F8040B3968E5FB601347F8CE
:10064000041B54F8040B3968E5FB601347F8041BDE
:1006500054F8040B3968E5FB601347F8041B54F8A1
:10066000040B3968E5FB601347F8041B103E0F2E9E
:100670003FF68CAF082E3AD354F8040B3968E5FBEB
:10068000601347F8041B54F8040B3968E5FB60134A
:1006900047F8041B54F8040B3968E5FB601347F86E
:1006A000041B54F8040B3968E5FB601347F8041B7E
:1006B00054F8040B3968E5FB601347F8041B54F841
:1006C000040B3968E5FB601347F8041B54F8040B6E
:1006D0003968E5FB601347F8041B54F8040B3968CC
:1006E000E5FB601347F8041B083E072EC4D846B14B
:1006F00054F8040B3968E5FB601347F8041B013E0E
:10070000F6D1381F50F8041FCF1842F100038F4272
:100710000760F7D3BAF1000F7FF422AFDBF80000D7
:10072000D8F80010019D01FB00F0CCF800000598FE
:1007300030B10499890000F03FFD05980CF02CF9C8
:1007400001200390089800240494059430B107997F
:10075000890000F031FD08980CF01EF92846079436
:1007600009B0BDE8F08F00002DE9F04F81B093464D
:100770000446950892074FF0010018BF00EB9B0557
:1007800062688846AA422DD064B1A06828B1910061
:1007900000F012FDA0680CF0FFF801200021C4E970
:1007A0000001A16001210020C4E9001042F2107193
:1007B0008D42A06004D96FF00F07002868D011E0C7
:1007C00035B128460421EFF7B1FD30B1C4E901503D
:1007D0000027012000285BD004E06FF00F07002005
:1007E000002855D066681EB100270126FEB928E012
:1007F00001200421EFF79AFD00284DD0D4F808908D
:100800000746B9F1000F0DD04FEA860A384649462F
:100810005246EFF7CDFC4846514600F0CDFCA068AB
:100820000CF0BAF80126C4E9016700274EB1D4E9FB
:1008300001108900EFF7E3FCA068002101600120AE
:100840002060B8FA88F0400986F0010108431FD102
:10085000CBEB8500A1685A4608444146EFF7A8FC57
:100860006FF000402844B0F1FF3F01DD00270FE0AA
:10087000A06800EB850108394B6802681BBA40F894
:10088000043B12BA4A608842A1F10401F4D900275E
:10089000384601B0BDE8F08F6FF00F070026002E3C
:1008A000C5D1CEE72DE9F047476804460D4657B15C
:1008B000781E00BF48B1A16851F820100138002906
:1008C000F8D0013002E0002018E00020A16851F8C3
:1008D000201000290ED400234FF000421E2B03F1FC
:1008E000010605D801EA52035208002B3346F5D021
:1008F000714200E0002101EB401020302844B0EBB1
:10090000471F31D946090121C20618BF01EB501615
:1009100042F21070864203D96FF00F0000211FE0F1
:10092000B7421BD230460421EFF700FD0028F3D078
:10093000D4F808808246B8F1000F0DD04FEA87093D
:10094000504641464A46EFF733FC4046494600F0E0
:1009500033FCA0680CF020F8C4E9016A00200121F2
:10096000002908BFBDE8F0876E09202D05F01F059E
:1009700015D36068B04231D9A268A2EB8601131F7B
:10098000043900BF51F82070421E43F82070B24273
:100990001046F7D81AB1A0689100EFF730FC002D8F
:1009A00004BF0020BDE8F0876068864224BF0020B5
:1009B000BDE8F087A068C5F12001002250F826307C
:1009C00003FA05F73A4340F826206268CB40013627
:1009D00096421A46F2D30020BDE8F0870246002A6C
:1009E000D9D1DCE7F0B581B047680446B7EB511FB9
:1009F00006D311F01F004FEA511223D0BA4221D181
:100A000027B100250120002862D026E00120042122
:100A1000EFF78CFCE8B1A668054666B1BF00284632
:100A200031463A46EFF7C4FB3046394600F0C4FB86
:100A3000A0680BF0B1FF0120C4E9010500250028E2
:100A400046D00AE020292BD36168914210D10021C1
:100A50001BE06FF00F050020D0B3D4E9011089002E
:100A6000EFF7CDFBA06800210160012020602FE09E
:100A7000A368002103EB820757F8216043F8216047
:100A800066680131B61AB142F6D36268914207D264
:100A9000A268002342F8213067680131B942F9D3D6
:100AA00098B1616899B1A368C0F12002043B0027A6
:100AB00053F8216026FA00F52F4343F821700139DD
:100AC00006FA02F7F4D1002502E0002500E0002537
:100AD000284601B0F0BD00004168002904BF002095
:100AE0007047013941B1826852F821200139002A4A
:100AF000F8D001F1010C01E04FF0000C806850F8D3
:100B00002C0000280ED400234FF000421E2B03F1CE
:100B1000010105D800EA52035208002B0B46F5D01C
:100B2000484200E0002000EB4C102730C00870471E
:100B30002DE9F04383B08146012016460F46009010
:100B4000002091450190029009D0B94512D0484645
:100B50003946FEF74DF80446002861D10AE0E84620
:100B600040463146FEF744F80446002858D1464630
:100B7000B945ECD171680120C9F80000481E00BFDA
:100B8000411C07D0B26852F820200138002AF7D063
:100B9000023000E0002000294FF0000440D0D9F8D6
:100BA0000810B268002300BF51F823700025A74247
:100BB000A7EB040741F8237052F8236038BF0125E2
:100BC000B74238BF0135BF1B41F82370013398424B
:100BD0002C46E9D11DB3D9F80420904202D251F835
:100BE000203023B1904215D16FF0090426E04FF078
:100BF000FF3300BF41F82030D9F80420471C97424A
:100C000005D201EB8000406800283846F2D0384613
:100C10009042E9D051F82020013A41F820200024E8
:100C2000029830B10199890000F0C6FA02980BF0E1
:100C3000B3FE012000900020CDE90100204603B062
:100C4000BDE8F0831346002A48BF534280B584B004
:100C500000934FF0FF33B2F1FF3FC8BF01230122E1
:100C600002926A46039201AA019300F003F804B0CD
:100C700080BD0000F0B581B00B460D6811680746D5
:100C800001FB05F101290DDB5868411E08460131C1
:100C90000FD0996851F820100029A0F10101F5D07A
:100CA000023107E038461946FDF798FDB0B301B0B0
:100CB000F0BD00215668013E3446013608D09668E2
:100CC00056F82460002EA4F10106F5D0023600E0AB
:100CD0000026204001301BD0B14219D88E420ED8D8
:100CE000481E00BF411C13D09968966851F8201027
:100CF00056F82060B1420BD8A0F10100F2D238467C
:100D000011461A46FFF714FF0028D0D16D4205E0C6
:100D100038461946FFF70CFF0028C8D100203D6077
:100D200001B0F0BDF0B581B004464068B2EB800F71
:100D30004FEA800709D98818D21BC61B08461146FE
:100D4000EFF75DFA3A46314614E0974212D9D4F8EB
:100D500008C0D300104600BF20F003065CF8066010
:100D600003F01805EE40360618D10130874203F132
:100D70000803F1D17AB1481E00210023A76823F0AF
:100D80000306BF5901F01806F74087540133013AB2
:100D900001F10801F2D1002001B0F0BD6FF00700B1
:100DA00001B0F0BD10B5032808D14FF6540440F24D
:100DB000FF6CC0F20104C0F2020C12E04FF6540EB8
:100DC000C0F2010E744600BF54F814CFBCF1000FFE
:100DD00004BF6FF02D0010BD9EF82430A64683425C
:100DE000F2D16068C1F800C01060002010BD0000A2
:100DF000F0B581B00C46C0B1054646684FF6E00735
:100E000040F2A760C0F20107C0F2020003E000BF99
:100E100057F8140F48B17968B142F9D1A968324640
:100E2000EFF74BFA0028F3D100E00027002F0FBFA7
:100E30006FF02D00387C2070002001B0F0BD000064
:100E40002DE9F04190460D46B8B1064647684FF689
:100E5000301440F2E160C0F20104C0F2020002E08E
:100E600054F8140F48B16168B942F9D1B1683A46F3
:100E7000EFF723FA0028F3D100E00024002C04BF90
:100E80006FF02D00BDE8F081207C2870607C88F830
:100E900000000020BDE8F081F0B581B00C46C0B183
:100EA000054646684FF6E41740F24870C0F2010765
:100EB000C0F2020003E000BF57F8140F48B1796890
:100EC000B142F9D1A9683246EFF7F7F90028F3D11A
:100ED00000E00027002F0FBF6FF02D003869206061
:100EE000002001B0F0BD000020B1006810B1C26860
:100EF0000846104700207047F0B5D0F800E084465F
:100F00004CF20010BEF1000FCFF6FF7013D0DEF8E8
:100F10001C70002F08BFF0BD3E46DDE9074EDDE93D
:100F20000575DCF80400B446CDE9074ECDE905753A
:100F3000BDE8F04060478030F0BD0000002808BFE9
:100F4000704710B50446006810B1816A6068884730
:100F500020460821BDE8104000F02EB920B10168FC
:100F600011B14068896808470020704720B10068C7
:100F700000281CBF00787047002070474FF2D871DE
:100F8000C0F20101012818BF002108467047000087
:100F90000021C0E9001170472DE9F04389B01446E3
:100FA000002705AA302305468DF80770F9F798F851
:100FB00010B1A0F5745740E02868059906AA4618B4
:100FC00002AB28463146CDE902770497F8F7C6FE12
:100FD00010B1A0F56A571AE04CF2803706A80DF15F
:100FE0000701CFF6FF77FFF703FF80B99DF80700F1
:100FF00001280BD1029807F50077052818BF0028B3
:1010000005D10398002808BF002700E00027A7B9F2
:1010100005AA28463146F8F743FF10B1A0F56C57F2
:101020000BE0286805994CF28038CFF6FF78084429
:1010300008F58D79B0424F4603D0384609B0BDE877
:10104000F0839DF80700FFF799FFF0B101462046B5
:1010500000F01EF807460028EFD19DF80700012890
:1010600005D162682846314605F012FD8046B8F188
:10107000000F474603D12868871B18BF4F46002F33
:101080001CBF2046FFF75AFFD7E74746D5E70000C9
:1010900070B54CF28014CFF6FF7411B106460068AB
:1010A00008B1204670BD486A0D4680470028706030
:1010B00004BFA4F5807070BD00243560204670BD6B
:1010C0002DE9F04F81B0064600684CF28015CFF64E
:1010D000FF7558B30DF1280B89460D999BE8800CDC
:1010E0001C46904613B1012000B30CE04846009125
:1010F000FDF7A0FA20B1FDF7B5F90446012000E0A4
:101100000020009990B13068D0F814C0BCF1000FF5
:101110000BD070680D91CDE90BAB49464246234692
:101120000A9701B0BDE8F04F6047803D284601B006
:10113000BDE8F08F2DE9F04383B0164612684CF2FB
:101140008015CFF6FF757AB10F46D16898460446F0
:101150008847A5F1800920B1062C04D105F5A065CA
:1011600002E04D4600E01FB1284603B0BDE8F08321
:1011700030680028F8D00B9F37B94046FDF75AFA7F
:10118000B0B1FDF76FF9074601200028ECD03068B8
:1011900005695DB1DDE90C140A9A70680091414659
:1011A0003B460194A84703B0BDE8F0834D46DBE71A
:1011B00000200028D8D0EAE7002908BF70470A4677
:1011C0004FF65001C0F201010B68002118470000E2
:1011D0002DE9F04F83B04BF600640E460546CFF67E
:1011E000FF7400F03FF8C8BB304600F03BF8A8BBE6
:1011F0003046012105F0FCFE80BB06F1080906F12E
:101200002C0706F1380A06F1200B002006F114081D
:10121000CDE901004846394652465B46CDF800808C
:1012200001F062F8D0B906F1500006F144035C36D3
:101230000090384651465A46019600F0BBFF68B907
:1012400005F108004946FDF77FFC38B905F11400A7
:101250004146FDF779FC002808BF0446204603B04C
:10126000BDE8F08FF0B581B000F10805064647688B
:101270004BF600642846CFF6FF74FFF72DFC87423B
:101280002BD17068B0F5806F27D828460021FDF774
:1012900007FC012821DB28460021FEF755FDE0B1BF
:1012A000143630460021FDF7FBFB012815DB2846EC
:1012B000FDF7CAFB802810D330460021FEF744FD1D
:1012C00058B13046FDF7C0FB022806D33046294608
:1012D000FDF73AFC002848BF0024204601B0F0BDCD
:1012E0002DE9F04F8FB00446083000210B90FDF738
:1012F000D7FB0A90B0FA80F040090E9004F12C0060
:1013000000210D90FDF7CCFB80460028834604F1B8
:10131000380018BF4FF0010B00210C90FDF7C0FB07
:1013200082460028074604F1200018BF012700214B
:101330000990FDF7B5FB0646B0FA80F0450904F1C7
:1013400014000021002E18BF01260890FDF7A8FB0D
:101350008146002818BF4FF0010904F14400002124
:101360000590FDF79DFB079004F1500000210490CB
:10137000FDF796FB069004F15C0000210390FDF759
:101380008FFB0BEA070202EA060101EA09030E9944
:101390002A4041EA0B01394326EA010707EA090717
:1013A00002EA090543EA07022A4303460BD141EA50
:1013B000060029EA000030B94BF68070CFF6FF70C6
:1013C0000FB0BDE8F08F0E920A980DF12C0B9BE840
:1013D000400A28B9B8F1000F18BFBAF1000F0AD1BE
:1013E000BFB1DDE9081230461D465B46CDF80090DE
:1013F00000F080F815E0304659464A469846FEF718
:10140000F3FF58BB3046FFF767FB43466060002F91
:10141000E7D145B1089A1D46099B5846494600F058
:1014200073F92B46D0B9002B18BF0123069A002A66
:1014300018BF01220798002818BF01200E9991B10A
:10144000104018400FD1049849460090099A059B16
:10145000039F5846019700F00DF820B1A0F5814098
:101460000FB0BDE8F08F0E9920460FB0BDE8F04FE9
:1014700005F0BEBD2DE9F04383B0044668461D4625
:1014800016468946FEF7A2FC6DB168462146012248
:10149000FFF7D8FB074630BB6A4628463146FEF7C1
:1014A0000FFF0746F8B9DDE90A588DB1684649468D
:1014B0000122FFF7C7FB0746A8B96A46284631460E
:1014C000FEF7FEFEB8F1000F07460CD01FB10AE090
:1014D000B8F1000F06D0404649462246FEF77CFC94
:1014E000074600E000276846FEF75CFA384603B07E
:1014F000BDE8F0832DE9F04F87B06FF0030783B1AB
:10150000DDF840B0BBF1000F0BD0814698681C4657
:1015100010B16FF0030704E0DBF8080028B16FF0AA
:101520000307384607B0BDE8F08F0E464846002155
:101530001546FDF7B5FA01280FDB28460121FDF716
:10154000AFFA01280CDB28464946FDF7FDFAB0F159
:10155000FF3F08DD6FF00307E3E76FF00307E0E705
:101560006FF00307DDE730460121FDF799FA012806
:1015700009DB30464946FDF7E7FAB0F1FF3F05DDEC
:101580006FF00307CDE76FF00307CAE701A8FEF786
:101590001DFC04AF3846FEF719FC38462946324692
:1015A000FEF722FF074630B904A801460122FFF7E3
:1015B00049FB074630B101A8FEF7F4F904A8FEF78D
:1015C000F1F9AEE704A8FEF715FE1FFA80F8B8F1AE
:1015D000000F00F08E8004A84146FFF703FA07468B
:1015E0000028E8D1D9F8080001AD006800F007062E
:1015F0004CF6F030C0F20100012E08BF0130017836
:101600002846FEF717FE204629464A46FEF7E0F92F
:1016100007460028CFD1701EB0FA80F045090DF1C1
:10162000040A20460121FDF73BFAA8B10135A8B212
:1016300035285ED8A8B24CF6F031C0F20101095C41
:101640005046FEF7F7FD204651464A46FEF7C0F9E0
:1016500007460028E5D0AEE75046514604AA4B465F
:10166000CDF800B0FDF7C0FD00284BD10126504653
:101670000121FDF715FA70B3504651460122FDF7DE
:1016800071F900283ED1204651464A46FEF7A0F99E
:10169000C0BB20460121FDF703FA012805D12046F1
:1016A0004946FDF751FA013026D0504651460122F5
:1016B000FFF7C8FA30BB504651465246FEF794FE3B
:1016C00000BB504651464A46FEF7FAFDD0B90136F6
:1016D000B0B24045CBD950460121FDF7E1F90028D1
:1016E0006FF003077FF467AF0135A8B23628A1D3A6
:1016F00061E76FF003075EE7584600214A4623463C
:10170000FDF7DCFA074656E72DE9F04186B05BB1FC
:101710000E460746184600211D461446FDF7C0F93F
:1017200040B16FF0030701E06FF00307384606B0E1
:10173000BDE8F08138460121FDF7B2F9012844DB0C
:1017400030460121FDF7ACF9012841DB204600219C
:10175000FDF7A6F900283ED00DF10C084046FEF733
:1017600035FB6846FEF732FB404639460122FFF75B
:1017700069FA074610BB684631460122FFF762FA54
:101780000746D8B903A96A462846FEF721F9074655
:10179000A0B903A86A460146FEF726FE074668B9C7
:1017A00003A8002102462B46FDF788FA074628B910
:1017B00003AA28462146FEF70FFB074603A8FEF7BB
:1017C000F1F86846FEF7EEF8B0E76FF00307ADE713
:1017D0006FF00307AAE76FF00307A7E7002808BF29
:1017E000704710B504468C30FEF7DCF804F1980021
:1017F000FEF7D8F804F16800FEF7D4F804F12000F1
:10180000FEF7D0F804F13800FEF7CCF804F12C0014
:10181000FEF7C8F804F11400FEF7C4F804F108005C
:10182000FEF7C0F804F18000FEF7BCF804F1740084
:10183000FEF7B8F804F15C00FEF7B4F804F15000CC
:10184000FEF7B0F804F14400BDE81040FEF7AAB876
:101850004068704770B51D46044649B104F108065A
:101860003046FEF781FF38BB3046FFF735F9606040
:1018700035B1049A04F12C002946FEF775FFD8B95A
:10188000059929B1069A04F13800FEF76DFF98B961
:101890000799099D39B1089A04F12000FEF764FF09
:1018A00055B108B108E035B10A9A04F1140029468F
:1018B000FEF75AFF00E00020002818BFA0F5814085
:1018C00070BD000070B50D46AC2114460646EEF71B
:1018D00096FCC6E9295470BDB0B5D0F8A4C0BCF1DF
:1018E000000F1EBF4BF60070CFF6FF70B0BDDDE9F4
:1018F00006ECDDE90454CDE906ECCDE90454BDE87D
:10190000B04000F0FFB9000010B5D0F8A4C0BCF1A1
:10191000000F1EBF4BF60070CFF6FF7010BDDDE963
:10192000024EDDF810C0CDF810C0CDE9024EBDE882
:10193000104000F0CDBA0000B0B584B0D0F8A4C01B
:10194000BCF1000F05D04BF60070CFF6FF7004B06D
:10195000B0BDDDE90AECDDE90854CDE902ECCDE9E2
:10196000005400F03FFB04B0B0BD0000B0B584B03F
:10197000D0F8A4C0BCF1000F05D04BF60070CFF634
:10198000FF7004B0B0BDDDE90AECDDE90854CDE933
:1019900002ECCDE9005400F09BFB04B0B0BD0000A8
:1019A0002DE9F04F9FB00C464BF6804B01211E46AF
:1019B00017460546CFF6FF7B05F01AFB10B10BF575
:1019C00040765AE01CA8FEF701FA19A8FEF7FEF9C6
:1019D00016A8FEF7FBF913A8FEF7F8F92CB10AA830
:1019E000FEF7F4F907A8FEF7F1F910A8FEF7EEF9F3
:1019F0000DA8FEF7EBF904A8FEF7E8F901A8FEF739
:101A0000E5F96A681CA83146FEF7AEFE064688B9BD
:101A100005F108081CA84146FDF796F8B0F1FF3F14
:101A200002DD6FF0030605E004A81CA9FDF7E0F84D
:101A3000064630B319A8FDF7B5FF16A8FDF7B2FFAB
:101A400013A8FDF7AFFF2CB10AA8FDF7ABFF07A85D
:101A5000FDF7A8FF1CA8FDF7A5FF10A8FDF7A2FF42
:101A60000DA8FDF79FFF01A8FDF79CFF04A8FDF757
:101A700099FF002E18BFA6F5864630461FB0BDE878
:101A8000F08F05F1440A002C05F1500963D0284677
:101A900021463A4605F076FB06460028CAD11CA826
:101AA00005F18C020146FEF79FFC06460028C1D1D5
:101AB0001CA801464246FEF703FC06460028B9D1A1
:101AC00005F12C0119A80122FFF7BCF806460028F1
:101AD000B0D105F1380116A80122FFF7B3F8064688
:101AE0000028A7D113A81C2122463B46FDF7C2FEC1
:101AF000064600289ED10AA819A913AAFEF774FC6D
:101B00000646002896D10AA801465246FCF742FF35
:101B1000064600288ED113A81C2122463B46FDF71D
:101B2000A9FE064600287FF485AF07A816A913AAC8
:101B3000FEF75AFC064600287FF47CAF07AF384614
:101B400039464A46FCF726FF064600287FF472AF66
:101B50000DF1280AB94605F12C0705F1740610A805
:101B60001CA952463B460096FDF73EFB0646002860
:101B70007FF460AF05F1380A05F180060DA81CA9B5
:101B80004A4653460096FDF72FFB064600287FF491
:101B900051AF1CA810A90DAAFFF76CF80646002843
:101BA0007FF448AF05F15C0210A81CA9FEF71CFCED
:101BB000064600287FF43EAF1CA810A93A46FEF75F
:101BC0007FFB064600287FF435AF10A81CA95246BB
:101BD000FEF70AFC064600287FF42CAF1CA80DA9CE
:101BE00010AAFCF7D7FE064600287FF423AF94B175
:101BF0001CA805F198020146FEF7F6FB06460028F0
:101C00007FF418AF1CA801464246FEF759FB064672
:101C100000287FF40FAF05F1140205F1680701A851
:101C20001CA943460097FDF7DFFA064600287FF41B
:101C300001AF01A804A9FCF787FF00285E467FF4E6
:101C4000F9AE28996A681CA8FFF76CF80646F1E619
:101C50002DE9F04784B000F10806074644684BF6CA
:101C60008075304690468A46CFF6FF75FEF734FF02
:101C7000844243D17868B0F5806F3FD83046002168
:101C8000FCF70EFF012839DB30460021FEF75CF837
:101C9000A0B307F1140948460021FCF701FF012811
:101CA0002CDB01AD2846FEF791F87A6828465146AC
:101CB000FEF75AFD0546D0B901A83146FCF744FFAE
:101CC000B0F1FF3F02DD6FF0030510E001A87C6872
:101CD000683701464A4633460097FDF785FA0546C0
:101CE00028B901A841462246FFF71CF8054601A87D
:101CF000FDF758FE002D18BFA5F58545284604B010
:101D0000BDE8F0872DE9F04FADF2044DD0F804A006
:101D1000DDF83484AAF10B054545C1464BF68074C5
:101D200038BFA9461F46012BCFF6FF7404D1D0F867
:101D3000A430002B40F0C780AAF201436FF47C76F8
:101D4000B342C0F0C080DDF82C3427B101AE00965C
:101D5000FFF726FE03E001AA1946FFF779FF834645
:101D6000002840F0AA809DF804009DF80510012F7E
:101D70001DD181F00201BAF1030F40EA0100A4462F
:101D8000C64637D301A9AAF102034F1C0022002145
:101D900017F8016F1446B6FA86F252092243561E0E
:101DA000A643F6B201EBD611013BF1D124E081F05C
:101DB0000101A446C6460843BAF1030F4FF00001E3
:101DC00019D301AAAAF10203571C002217F8016FC8
:101DD000B6FA86F464092243D4B2002C08BF01315C
:101DE0004FF0000408BFF443E6B2013B40EA0600AE
:101DF000ECD101E000210022A1F1080340EAD373F5
:101E0000100608BF43F00103AAEB0100C846002BEF
:101E100008BFA0F10308A9EB0800ACF5607BB0F1A6
:101E2000FF3FC8BF4FF0000B002B18BFACF1800B79
:101E3000BAF10C0F0CD343EAD07101AA0A3200BFE9
:101E400012F8013F002918BF0023013D1370F7D19C
:101E5000B0F1FF3FD8BFC84601A85044B9F1000F08
:101E6000A0EB09011DD0C9F1000CA9F10103002567
:101E700007E000BFCA5C013502EAE6724D45CA546C
:101E80000FD0002BA5EB0806F4D062468418875CBF
:101E90006478002E48BF3C4684540132571CF5D16B
:101EA000E8E7DDF82854BEF1000F04D0DDF8300477
:101EB0004A46EEF77DF9C5F8008001A84FF480612D
:101EC000FFF77AF95C4620460DF2044DBDE8F08F2D
:101ED0002DE9F04F85B0DDE90EB40E4610994BF6B2
:101EE00080771546012BCFF6FF7703D1D0F8A420D9
:101EF000002A51D11BF10C0F4ED8D0F804900BF1F1
:101F00000B02914548D3CDE90240A9EB0B00A0F1AB
:101F100003080020049308709BB10F4601F1020AE8
:101F20000120B8F1000F48703AD050464146FF22D8
:101F3000EEF75EF96FEA0B0048443C4607EB000AF7
:101F40002FE04EB30C4604F1020A022060700EE04E
:101F5000B9FA89F149090028024618BF0122114344
:101F600018BFA0F5894781F001008244A1B9B8F1FA
:101F7000000F16D0A8F101084FF064092846514619
:101F80000122B0479AF800100029E1D1B9F1010906
:101F9000DED00028F2D0DBE7384605B0BDE8F08F90
:101FA0003C46039F0020BBF1000F8AF8000005D0DB
:101FB00002990AF101005A46EEF7FAF8049848B17E
:101FC000384631462A4623460094FFF7E9FC05B01F
:101FD000BDE8F08F38462146224605B0BDE8F04FF7
:101FE000FFF736BE2DE9F04F81B092468B46DDE912
:101FF0000C24DDE90A611D46012B074609D1D7F8FB
:10200000A40030B14BF60050CFF6FF7000F52076FB
:1020100006E07B683046009405F01EF9064618B1CC
:10202000304601B0BDE8F08FA5B37D680120294698
:10203000EEF77CF9B0B3814601202946EEF776F938
:1020400098B380463846594652462346CDF800900C
:10205000FFF7A6FC064698BB384649464246FFF7BE
:10206000F7FD064660BB7A682AB3601EA8F101033B
:102070000021174613F8016F10F8015F013F86EA4F
:10208000050641EA0601F5D1A9B14BF60056CFF697
:10209000FF7615E038462146224601B0BDE8F04FF4
:1020A000FFF7D6BD6FF00F06BAE748460AF074FC9A
:1020B0006FF00F06B4E720464946EEF779F80026A0
:1020C00048460AF069FC40460AF066FCA8E70000B2
:1020D0002DE9F04F81B0D0F804901D46904604469B
:1020E000012B8A4609D1D4F8A40030B14BF68040C8
:1020F000CFF6FF7000F5407729E001204946EEF762
:1021000015F9834670B101204946EEF70FF948B141
:102110000AAA064607CA4B46009605F09DF8D0B1BC
:10212000074602E000266FF00F07BBF1000F06D054
:1021300058464946FFF740F858460AF02DFC36B19C
:1021400030464946FFF738F830460AF025FC384655
:1021500001B0BDE8F08F0D9B204635B15146424697
:10216000CDF800B0FFF71CFC03E019465A46FFF714
:102170006FFD07460028D8D1B9F1000F17D0C9F17B
:10218000000000274FF0FF310BEB0102731852786B
:102190005B7801315A404318013347EA0207F3D113
:1021A000002F1CBF4BF68047CFF6FF77BDE7002717
:1021B000BBE700002DE9F04387B0044604A81D46A4
:1021C00017468846FDF702FE01A8FDF7FFFD25B37F
:1021D0004BF60069002CCFF6FF796DD004A821469C
:1021E0000122FEF72FFD0646002867D101A82946E7
:1021F0003A46FEF73FFD064600285FD101A804AA33
:102200000146FEF75DF80646002857D101A80021D7
:10221000FCF746FC00284E4650D10E9D15B34BF6F8
:102220000069B8F1000FCFF6FF7945D004A8414608
:102230000122FEF707FD064600283FD101A82946E6
:102240003A46FEF717FD0646C0BB01A804AA0146A0
:10225000FEF736F8064688BB01A80021FCF720FCF3
:102260004E4658BB0F99E9B34BF60065CFF6FF75A4
:10227000002C05F5C07618BFB8F1000F1ED004A8D9
:102280004246FEF7B1F80646C0B904A8014601224D
:10229000FEF7D8FC064688B904A801462246FEF798
:1022A0000FF8064650B904A80021FCF7F9FB0028F6
:1022B00008BF05462E4601E009F5C07616F5844FA5
:1022C00018BF16F5814F03D0002E18BFA6F584461F
:1022D00004A8FDF767FB01A8FDF764FB304607B0D3
:1022E000BDE8F0830026E9E72DE9F04786B0054612
:1022F00003A8994692460E46FDF768FD6846FDF72D
:1023000065FD002E304618BF0120BAF1000F51467E
:1023100018BF0121002D00EA010418BF002C77D15D
:10232000DDF8388035B1B9F1000F18BFB8F1000FF2
:1023300040F08580B9FA89F0400984F00101084332
:102340004FF0000740F09A80B8F1000F00F096803F
:102350004BF6006530460121CFF6FF75FCF7A0FB78
:10236000012853DB50460121FCF79AFB01284DDB85
:1023700003A849464246FEF737F8074600287DD1B4
:1023800003A801460122FEF75DFC0746002875D12F
:10239000684631460122FEF755FC074600286DD1FC
:1023A00003A86A460146FDF78BFF0746002865D162
:1023B00003A80021FCF774FB00282F465ED103A878
:1023C00049464246FEF710F80746002856D103A8B2
:1023D00001460122FEF736FC074600284ED168462A
:1023E00051460122FEF72EFC0746002846D103A8DD
:1023F0006A460146FDF764FF074600283ED103A860
:102400000021FCF74DFB002808BF05462F4635E0AC
:1024100003A831465246FDF7E7FF074670BB4BF66F
:10242000006728460121CFF6FF77FCF739FB01282A
:1024300024DB03A82946FCF787FBF8B970E74BF6C5
:10244000006748460121CFF6FF77FCF729FB0128FA
:1024500014DB40460121FCF723FB01280EDB484634
:102460002946FCF771FBB0F1FF3F07DC40462946E7
:10247000FCF76AFBB0F1FF3F7FF75CAF03A8FDF705
:1024800091FA6846FDF78EFA17F5844F1CBF002FAE
:10249000A7F58447384606B0BDE8F08770B5064614
:1024A000044656F81C0B802300F03F02372A06EB47
:1024B000020000F8013B0D4604D8C2F13701EDF7E8
:1024C0009EFE0BE082F03F01EDF799FE204631467B
:1024D000F9F720FE30463821EDF791FED4E90010DF
:1024E0004FEAC10C84F85BC0430DC20084F854303D
:1024F000430B400984F85600480D84F85800480BF7
:1025000042EA517284F85900480984F85A0020467A
:10251000314684F8553084F85720F9F7FBFDE07A0E
:10252000287060896870A068000AA870A068E870C8
:10253000E07B2871E0896871E068000AA871E068B2
:10254000E871E07C2872608A68722069000AA872CB
:102550002069E872E07D2873E08A68736069000A88
:10256000A8736069E873E07E2874608B6874A06962
:10257000000AA874A1690020E97470BD002814BF86
:102580005C217047FEF718BE80B55C21EDF737FE81
:1025900080BD00002DE9F04198B00DF104080D4612
:1025A000064640465C211446EDF729FE42F2013012
:1025B000C6F2457003904AF68930CEF6CD7004908D
:1025C0004DF6FE40C9F6BA00059045F27640C1F2DC
:1025D000320006904EF2F010CCF2D23007909DB14E
:1025E000402D019509D301AF38463146F9F792FDE8
:1025F000403D3F2D06F14006F6D82DB108F11C00F4
:1026000031462A46EDF7D4FD01AD28462146FFF7B5
:1026100045FF28465C21FEF7CFFD002018B0BDE83D
:10262000F081000001460020086042F2013248605B
:102630004AF68930C6F24572CEF6CD708A604DF604
:10264000FE42C86045F27640C9F6BA02C1F23200D5
:10265000C1E904204EF2F012CCF2D23200208A619D
:10266000704700002DE9F04381B0B2B30646006820
:1026700014460D4600F03F098018306002D37068A0
:1026800001307060B9F1000F11D0C9F14007A742C5
:102690000FD806F11C0808EB090029463A46EDF769
:1026A00087FD30464146F9F735FD3D44E41B4FF0C8
:1026B0000009402C09D300BF30462946F9F72AFD0E
:1026C000403C3F2C05F14005F6D834B106EB09003B
:1026D0001C3029462246EDF76BFD002001B0BDE815
:1026E000F083000080B56C22EDF762FD80BD000034
:1026F00070B50646044656F8280B802300F03F02CA
:10270000372A06EB020000F8013B0D4604D8C2F15F
:102710003701EDF774FD0BE082F03F01EDF76FFD3F
:1027200020463146FAF7F0FC30463821EDF767FDD8
:10273000D4E900104FEAC10C84F867C0430DC20011
:1027400084F86030430B400984F86200480D84F837
:102750006400480B42EA517284F86500480984F825
:1027600066002046314684F8613084F86320FAF729
:10277000CBFCE07A287060896870A068000AA870B5
:10278000A068E870E07B2871E0896871E068000A61
:10279000A871E068E871E07C2872608A687220693C
:1027A000000AA8722069E872E07D2873E08A6873E5
:1027B0006069000AA8736069E873E07E2874608B22
:1027C0006874A069000AA874A069E874E07F28759D
:1027D000E08B6875E069000AA875E069E87594F80F
:1027E00023002876608C6876206A000AA876206A22
:1027F000E876A06E08B1002070BD94F82700287715
:10280000E08C6877606A000AA877606AE877002041
:1028100070BD0000002814BF6C217047FEF7CCBCCF
:1028200080B56C21EDF7EBFC80BD00002DE9F04791
:102830009CB00DF104080D46064640466C219A46B0
:102840009146EDF7DCFC49F6D8604DF207514DF6A4
:102850001752CCF20510C3F27C61C3F2700245F648
:10286000391340F6313441F21157BAF1000F04BF69
:102870004EF26760C6F6092001BF4AF68561CBF6C5
:1028800067314FF27232C3F66E42CFF20E73CFF65B
:10289000C074C6F658070DF10C0CBAF1000F04BF56
:1028A0004FF23A53CAF24F5304BF45F27F24C5F2A8
:1028B0000E1404BF46F68C07C9F605378CE80700EE
:1028C00048F6A77044F6A471BAF1000FC6F2F940B9
:1028D000CBF6FA61069304BF4DF6AB10C1F68370D8
:1028E0000794089704BF4CF61951C5F6E031CDE9BD
:1028F0000901CDF86CA09DB1402D019509D301AF20
:1029000038463146FAF700FC403D3F2D06F14006BF
:10291000F6D82DB108F1280031462A46EDF748FCDB
:1029200001AD28464946FFF7E3FE28466C21FEF735
:1029300043FC00201CB0BDE8F087000070B50246E3
:1029400049F6D86E4DF207534DF61750CCF2051EDE
:10295000C3F27C63C3F2700045F6391440F631359A
:1029600041F21156002904BF4EF2676EC6F6092ED9
:1029700001BF4AF68563CBF667334FF27230C3F678
:102980006E40CFF20E74CFF6C075C6F65806002919
:1029900004BF4FF23A54CAF24F5404BF45F27F25A8
:1029A000C5F20E1504BF46F68C06C9F60536106151
:1029B00048F6A7704FF0000CC2E902E3C6F2F940F6
:1029C00044F6A4730029C2E900CC546104BF4DF65B
:1029D000AB10C1F68370CBF6FA639561D66104BF84
:1029E0004CF61953C5F6E033C2E90803002091669E
:1029F00070BD00002DE9F04381B0B2B30646006817
:102A000014460D4600F03F098018306002D370680C
:102A100001307060B9F1000F11D0C9F14007A74231
:102A20000FD806F1280808EB090029463A46EDF7C9
:102A3000BFFB30464146FAF767FB3D44E41B4FF0CD
:102A40000009402C09D300BF30462946FAF75CFB49
:102A5000403C3F2C05F14005F6D834B106EB0900A7
:102A6000283029462246EDF7A3FB002001B0BDE83F
:102A7000F083000080B5D822EDF79AFB80BD0000FE
:102A80002DE9F04381B08146044659F8500B80236C
:102A900000F07F026F2A09EB020000F8013B0D46AF
:102AA00004D8C2F16F01EDF7AAFB0BE082F07F01C1
:102AB000EDF7A5FB20464946FAF798FE48467021F7
:102AC000EDF79DFBE16894E80D00DE004F0D46EA4E
:102AD000527ECE0084F8C0704F0B490984F8C210B2
:102AE000590D84F8C410590B84F8C510590984F89D
:102AF000C610510D84F8C810510B84F8C910510943
:102B00004FEA507884F8CA10410D46EA53764FEAEE
:102B1000C00C48EAC20284F8CC10410B400984F88A
:102B2000CD1084F8CE002046494684F8C17084F860
:102B3000C36084F8C7E084F8CB2084F8CFC0FAF7EC
:102B400055FEE07D2870A07D6870607DA870207DB6
:102B5000E870E07C2871A07C6871607CA871207CA2
:102B6000E871E07F2872A07F6872607FA872207F82
:102B7000E872E07E2873A07E6873607EA873207E72
:102B8000E87394F82700287494F82600687494F881
:102B90002500A87494F82400E87494F8230028759C
:102BA00094F82200687594F82100A87594F8200024
:102BB000E87594F82F00287694F82E00687694F83B
:102BC0002D00A87694F82C00E87694F82B0028774E
:102BD00094F82A00687794F82900A87794F82800D8
:102BE000E87794F8370085F8200094F8360085F8E7
:102BF000210094F8350085F8220094F8340085F817
:102C0000230094F8330085F8240094F8320085F806
:102C1000250094F8310085F8260094F8300085F8F6
:102C2000270094F83F0085F8280094F83E0085F8C6
:102C3000290094F83D0085F82A0094F83C0085F8B6
:102C40002B0094F83B0085F82C0094F83A0085F8A6
:102C50002D0094F8390085F82E0094F8380085F896
:102C60002F00D4F8D00000283FD194F8470085F811
:102C7000300094F8460085F8310094F8450085F856
:102C8000320094F8440085F8330094F8430085F846
:102C9000340094F8420085F8350094F8410085F836
:102CA000360094F8400085F8370094F84F0085F816
:102CB000380094F84E0085F8390094F84D0085F8F6
:102CC0003A0094F84C0085F83B0094F84B0085F8E6
:102CD0003C0094F84A0085F83D0094F8490085F8D6
:102CE0003E0094F8480085F83F00002001B0BDE8A0
:102CF000F0830000002814BFD8217047FEF75CBAAB
:102D000080B5D821EDF77BFA80BD00002DE9F047B2
:102D1000B6B0E8460D4606464046D8211F469146C5
:102D2000EDF76DFA49F6D86049F65D52CCF2051020
:102D3000CCF6BB324DF20751002F04BF4CF6081001
:102D4000CFF2BC3004BF4EF26762C6F60922C3F26E
:102D50007C6104BF4AF23B71C8F2CA41059242F657
:102D60002A1204904DF61750C6F29A22C3F2700050
:102D7000002F01BF4AF68562CBF667324FF62B0073
:102D8000CFF69460079240F25A12C9F2591204BF6A
:102D90004FF27232C3F66E42069145F6391109922E
:102DA0004EF6D842CFF20E71C1F22F52002F01BF62
:102DB00043F2F161C5F61D714FF23A52CAF24F5219
:102DC000089040F63130CFF6C07004BF48F2D120F1
:102DD000CAF6E6500B9242F267620A9141F2115133
:102DE000C6F23372C6F65801002F01BF45F27F22AA
:102DF000C5F20E1246F61F41C2F63E310D9244F660
:102E00008722C8F6B46204BF46F68C02C9F60532C2
:102E10000C9048F6A7700F9242F60D62C6F2F94088
:102E2000CDF60C32002F01BF4BF66B50CFF6413080
:102E30004DF6AB12C1F683720E9144F6A471CBF637
:102E4000FA6104BF42F27911C1F27E31119244F667
:102E50001D02C4F2B572002F109004BF4CF6195237
:102E6000C5F6E032CDE912123497E5B3DDE9000191
:102E7000002200F07F04401951F1000142F10002EC
:102E8000012A0090019106D1DDE90201013041F1F2
:102E90000001CDE902018CB1C4F18007AF420ED828
:102EA00008F1500A0AEB040031463A46EDF780F982
:102EB00040465146FAF79AFC3E44ED1B0024802D13
:102EC00009D36F4638463146FAF790FC803D7F2D96
:102ED00006F18006F6D835B108EB040050303146D3
:102EE0002A46EDF765F96C4620464946FFF7C8FDCE
:102EF0002046D821FEF760F9002036B0BDE8F08703
:102F000080B502460020D060C2E9010049F6D86CC5
:102F1000106049F65D534DF2075E42F62A10CCF27E
:102F2000051C002904BF4CF6081CCFF2BC3CCCF6B3
:102F3000BB33C3F27C6EC6F29A2001BF4EF26763C8
:102F4000C6F609234AF23B7EC8F2CA4E00295361F5
:102F500004BF4AF68560CBF667304DF61753D06153
:102F600040F25A10C3F27003C9F25910C2F810C0EF
:102F700004BF4FF62B03CFF69463C2F818E004BFEA
:102F80004FF27230C3F66E40136245F63913506249
:102F90004EF6D840CFF20E73C1F22F50002901BF78
:102FA00043F2F163C5F61D734FF23A50CAF24F5027
:102FB000936240F63133CFF6C07304BF48F2D12399
:102FC000CAF6E653D06242F26760136341F21153CE
:102FD000C6F23370C6F65803002901BF45F27F20C0
:102FE000C5F20E1046F61F43C2F63E33506344F658
:102FF0008720C8F6B46004BF46F68C00C9F60530D9
:10300000936348F6A773D06342F60D60C6F2F943A6
:10301000CDF60C30002901BF4BF66B53CFF6413390
:103020004DF6AB10C1F68370136444F6A473CBF66F
:10303000FA6304BF42F27913C1F27E33506444F65E
:103040001D00C4F2B5700029936404BF4CF61950FA
:10305000C5F6E030D0640020C2F8D01080BD00007A
:103060002DE9F04381B0002A43D00D460646D0E951
:103070000001144600F07F09801851F100014FF063
:10308000000242F10002012AC6E9000106D1D6E998
:103090000201013041F10001C6E90201B9F1000F5E
:1030A00011D0C9F18007A7420FD806F1500808EBEC
:1030B000090029463A46EDF77BF830464146FAF7D3
:1030C00095FB3D44E41B4FF00009802C09D300BF61
:1030D00030462946FAF78AFB803C7F2C05F18005B3
:1030E000F6D834B106EB0900503029462246EDF7F8
:1030F0005FF8002001B0BDE8F083000001464FF208
:10310000B830C0F201009D228A4208BF704750F8D3
:10311000202F002AF8D1002070470000B0B50446E7
:10312000002848F60070CFF6FF701DD02168D9B195
:10313000D4F8AC20CAB1A169002908BFB0BD00F520
:10314000A06509E0D4F8AC1081423CBF2846B0BD70
:103150000A1AC4F8AC201FD0D4F89410A369606A8E
:10316000891A98470128EDDAB0BD6068102833D17C
:1031700015200221C4E92901D4F8A0000121017021
:10318000D4F8A000002141702046012101F086FE04
:10319000002808BF0020B0BDD4F88C20216C02F1BB
:1031A0000D0004F1900C002902F1080302F10B0557
:1031B0008CE82C00C4F89C00C4F8A00004BF0020D8
:1031C000B0BDD1F8CC20022AA6BFD1E90121511A05
:1031D00000210844C4F8A0000020B0BD90F85020A1
:1031E00001F0030102F0F30242EA810180F850107D
:1031F00070470000C0E906127047000010B590F853
:1032000050C0044601F001002CF0030C62F34100B1
:10321000604400F0F302002908BF02F10800022B0D
:1032200084F850004FF003300ED1E06440F2982053
:10323000C2F2000040F2A4214FF64002E060C2F268
:103240000001C0F201020BE0E06400F0F9FF40F27F
:1032500084214FF63002C2F20001C0F20102E060A8
:10326000C4E90000A06000206263616410BD00003A
:10327000B0B50446806B28B1856809F08DFB002D40
:103280002846F9D120465421BDE8B040FDF794BF4F
:1032900080B55421ECF7B3FF80BD00002DE9F04F5D
:1032A000C9B049F20049CFF6FF79002A4F4600F035
:1032B000D5819346D268002A00F0D0818A46DBE9A6
:1032C00004318B42C0F0CA81DBF818505B1AAB4264
:1032D000C0F0C481D4465CF88C3F002B14BF5B78EF
:1032E0000023023B082B00F2B98102EB0108DFE862
:1032F00013F01400B501B501B5010900B5010900CD
:10330000B5010900DAE90136B34201D15C4654E067
:10331000082D4AD2A9F5B060B7E0DAF8CC10A9F5CB
:10332000B0600229ACBFDAF804200022DAF80440C9
:10333000CDF83480A3189D422ED3DAF80C301A440D
:103340000132954228D3B5FBF4F202FB14521ABBAA
:1033500002290EDB0AF12400414622466546ECF7BD
:1033600027FFDBE90501AC46A0442044091BCBE95B
:103370000501DBF8180047AA0AF124010090029227
:10338000604622464346CDF80480F6F719FF002830
:10339000CDF8348000F0668100244FF0010E4FF02C
:1033A0000008002C6ED0002179E0444608F108089E
:1033B0000831A5F10800CBE90510DBF81810DAF8A0
:1033C0001020A9F5B06091425FD3CDE90C0809A89F
:1033D00080E80C100AF124000DF138088D1A0890CD
:1033E000C6F10C0108EB0600CBF818500B2E88BF75
:1033F0000021ECF704FF089940463246ECF7D8FE6E
:10340000002000BF08EB0002215C13790130594015
:1034100008281171F6D1DBF80400DDF834803B9008
:103420009BF80800DBF800108DF8F000BBF80900ED
:103430000D22ADF8F100280ACDE90028DDE9096286
:103440003A918DF8F30008EB050047A9CDE9041087
:103450000B980EA93AAB8DF8F450CDE902580696B8
:10346000F6F758FE10F5C64F0ED070B94798DBF846
:103470001810401AB0FA80F042090121384642B9CA
:103480000746EBE00746E9E00C9800220021002AFD
:10349000F6D0CDF834804FF000084FF0010E09B19E
:1034A0000124D0E0DBF80420DAF80C503B929BF8C2
:1034B0000820DBF81810DAF8CC408DF8F020BBF8C3
:1034C00009204E1BDBF80030ADF8F120320A012C48
:1034D0004FF00004CBF818603A938DF8F3208DF884
:1034E000F460C0F2AF800C9006EB08000B90B0F5D2
:1034F0008070CDE9081538BF20460A900EA88021BB
:103500007546ECF77CFE564656F8400FFAF7B0FFCA
:10351000C11EAE46022903D307280AD006286DD162
:10352000DBF81800153000EB08018909A1EB9010B9
:1035300007E0DBF818001D3000EB0801C909A1EB1A
:10354000D010CEEB0E210D2200EA01073AA9304639
:10355000FBF762F80D9CDBF8182030462146FBF79C
:103560005BF8B8F1000F0CD0DBF81800424620449D
:10357000411E002011F8013F013A80EA0300F9D111
:1035800000E000208DF8B8009DF8B8002EA9304664
:10359000FAF774FF3046FBF7D9F87C1C0EAF00BF7A
:1035A00030463946FBF762F8013CF9D10EA93046A6
:1035B000FAF708FF3046FAF7ADFFDDE90A21DAF83D
:1035C0000C00891A401811D0089A099B4244D21A5B
:1035D000511A0D9A0C9F11444A1E0021AE4612F852
:1035E000013F013881EA0301F9D102E00C9F00217B
:1035F000AE468DF823119DF8230101244FF0000100
:10360000FCB1DAF80C00DBF818208DF8381080B126
:103610000D9B2EA91A440139013A12F8013F11F805
:10362000016F9DF8385073402B4301388DF83830C6
:10363000F3D19DF838000124002818BF4FF0000E88
:1036400000E0002454B1BEF1000F05D0002C18BFDB
:103650004FF000094F4601E0A9F5B067384649B080
:10366000BDE8F08FDBF818104798002481424ED156
:1036700001EB080C1CF8013CDAF80C20DAF8CC60FD
:103680001A44501C81424FF0000E2CBF4FF0010E27
:103690002346012E03F101083DDB0C90B1F580704B
:1036A0004FF0000E38BF704688424FF0000616D229
:1036B0000846B1F5807F28BF4FF48070A1EB080564
:1036C0004042002200260C18AC421CF8004028BFE3
:1036D00042F00102A34208BF16440130F3D30C9814
:1036E0000124814228BF4FF0010EA6EB0800B0FA7A
:1036F00080F040091EEA000E704618BF40F2FF102D
:1037000008EA0008A1EB0800CBF8180049E64FF0E2
:10371000010E4FF00008384643E600002DE9F04F57
:10372000C7B0C16849F2004A8346806BCFF6FF7A82
:10373000032957462BD1D0F8682181F00303527A30
:1037400047F6A14782F007021A4347F61D53C0F21D
:103750000103C0F2010708BF1F4647F6CD5347F6E5
:103760009956C0F20103C0F2010648F6F52508BFDC
:103770001E4648F61933C0F20105C0F20103002AC3
:1037800008BF1D46C0E957670027C0F864510329E8
:1037900040F06C81D0F8E01109B1002717E0DBF8A8
:1037A000341000F5B87301F13002D0F86471D0F82C
:1037B0006C1100F5D87540203026CDE90002AEA28C
:1037C00028460296B8470746002800F00081002FDF
:1037D00040F04C81DBF8380007AC00F5B8778ECFAD
:1037E000D0E960658EC4D0E96978D0E962CE00F591
:1037F000C879D0F8AC41CDE90B6599E82E020FAE3F
:103800001694CDE914782EC6159ECDE90DCE00F59F
:10381000B87C8CE82E02C0E96176C0F88C41DBF8F8
:10382000380007AC00F5C87021462022CDF84C9036
:10383000ECF7BEFC20464021FDF7BEFCDBE90D8520
:10384000DBF80010DBF84820DBF80C30D8F8040077
:1038500091F85010D5F86491069114460593C2F87A
:10386000CC30FFF74BFC0028AAF5A06700F0F580EC
:103870000646007AF6F77AFD002800F0EE80049004
:10388000707AFAF7D7FE002800F0E7804FF48071D5
:103890004022039008F1300005F5B87300920291C0
:1038A00079A2302107AD0195C8470746002840F0AE
:1038B000D480049948780A2800F2B4804B6801212A
:1038C000814011F4A86F00F087804FF00009C4F820
:1038D0000C90317F0C2289074FF0080158BF10214E
:1038E0006260042221610A2808BF0C22881AA046BF
:1038F000A2600C300699C8F8000011F0010140F0F8
:10390000A680284600EB4906D908D8F80850741854
:103910006718002D08BFD8F8045008F11400394684
:103920002A46ECF745FC08F1240079192A46ECF701
:103930003FFC05985746012807A8C0F28980B9F1D5
:10394000000F0DD000EB090508F1340007A94A4625
:10395000FAF7FCFD08F1400029464A46FAF7F6FD61
:1039600008F14C0504992846F6F786FD074600281D
:103970006ED108F18C0804994046F6F77DFD0746A4
:10398000002865D104983146426828460123F6F79D
:1039900047FD074600285BD104982146426840460F
:1039A0000023F6F73DFD0746002851D104984078E2
:1039B00002285FD128460421F6F71AFD07460028A1
:1039C00046D140460421F6F713FD074640E028465D
:1039D0003021FDF7F1FBE0E611F0840F22D0039EC9
:1039E000A04608F13400314601221C46FAF75CFE7D
:1039F000074668BB08F1400031460122FAF754FE41
:103A0000074628BB3046FAF72DFD049AC8F80C008B
:103A10008146D068C8F804005178072904D1484687
:103A2000234667E7574618E05169B9FBF1F202FBFC
:103A300001F24944A2EB09021144059AC8F80010AA
:103A400022F00102022A02D12346084452E75746D7
:103A500007A84FF48071FDF7AFFB3FB9DBF83800E2
:103A6000402100F5B870FDF7A7FB0027384647B0A6
:103A7000BDE8F08F0027EBE76D617374657220730A
:103A800065637265740000006B657920657870610C
:103A90006E73696F6E0000002DE9F04FA5B049F21A
:103AA000004BCFF6FF7B00295C461CBF1546002A61
:103AB00003D1204625B0BDE8F08FEA68002AF8D08F
:103AC00099460E46D5E904139942F2D3A84658F810
:103AD000180FCF1A8742ECD3B4465CF84C7F002F06
:103AE00014BF97F801A04FF0000AB0F5804F02D93B
:103AF000ABF5A064DDE71A440B921A18BAF1070F70
:103B0000A1EB020718BFBAF1020F41D1F1688F4251
:103B100002D20BF50074CCE7D6F8CC100129C8DB33
:103B200069682A681991297A18928DF86810B5F891
:103B300009108DF86C00ADF86910010A8DF86B1052
:103B400006F1340018A90D220A90CDF824C0FAF726
:103B500063FDAA690A980B990897FAF75DFD0A9F19
:103B60000CA93846FAF78AFC3846FAF7D3FCA8695C
:103B70000B99F2680844089F0CA9ECF719FBF06850
:103B8000A969DDF824C001443F1A0123A96100E0BE
:103B90000023AAF1020008288BD8DFE800F05805BE
:103BA000050506050605060083E730690BF5007478
:103BB000874201D200217BE009907068D6F808A006
:103BC0000A9006F114000CAF0890CAF10C0107EB43
:103BD0000A00E1460793BAF10B0F88BF0021ECF70A
:103BE0000EFB089938465246ECF7E2FA00203A18E4
:103BF000295C13790130594008281171F7D1D5E9B2
:103C000000100B9B1891A9691990287A0D228DF844
:103C10006800B5F80900CDE90023ADF8690008BADD
:103C2000000CADF86B00581805904846DDF8289058
:103C300002AA099F82E80A010CA918AB4A46069716
:103C4000F6F792FAC8B1079B0021044630E0D8F895
:103C5000000071680130B0FBF1F2CDF824C002FB26
:103C600011020BF5007C002A18BF8A1A02F1010E1E
:103C7000774521D2002264466DE03069D8F8001003
:103C8000079B0844D145C8F800000FD06869082890
:103C900090D3686829680B9A42F8040C42F8081C13
:103CA000D5E9050108380831C5E9050101330121CD
:103CB00000293FF4FEAE51E02E98DDF82CA0002143
:103CC000D8F8007057447A5401319142F8D9D8F8A5
:103CD00000107144C8F80010D6F8CC10022918DB87
:103CE000B9F1000F36D0696972689142C2D306F10A
:103CF000140A51461F46C84718B1002204463B46E5
:103D000029E072680B9B5146981A9A46ECF750FAD4
:103D10003B460CA87268D8F80070CDE901A009985C
:103D2000994606F1140153460097F6F749FA18B17F
:103D3000002204464B460EE0D8F800000C994B4692
:103D4000884207D171686A690844521AC5E905209A
:103D5000012200E00022002A3FF4ABAE5C1E18BF37
:103D60005C46A6E62DE9F0470446C0690D4648F6D4
:103D70000071CFF6FF710028084602D1226A002A9E
:103D80004AD0A26D236ED21A44F24D131A44AA42AD
:103D900042D3E66F0020AE4228BFBDE8F08701F5B0
:103DA000106AA1F5C07801F5A06917E0216EE26FF5
:103DB000E369606A11443246984700BF002804BF97
:103DC0004046BDE8F08727D4B04284BF4846BDE8EE
:103DD000F087E16F0E18AE42E6671CD2616D49B103
:103DE000E06C884702284FF0000008BF4FF0FF301A
:103DF00001E000BF0020AE1B00285046DED1276A3C
:103E0000002FD3D02368226EE16F606A9B6C11444F
:103E10003246B847D2E70020BDE8F087B0B5044687
:103E20008069002848F60070CFF6FF703ED0D4F8C5
:103E3000AC10002904BF0020B0BDD4F8AC20A2B162
:103E400000F5A065D4F89410A369606A891A9847B0
:103E50000128B8BFB0BDD4F8AC1081423CBF2846A1
:103E6000B0BD0A1AC4F8AC20ECD1D4F88C20216C77
:103E700002F10D0004F1900C002902F1080302F197
:103E80000B058CE82C00C4F89C00C4F8A00004BF0B
:103E90000020B0BDD1F8CC20022AA6BFD1E9012173
:103EA000511A00210844C4F8A0000020B0BD000051
:103EB000002808BF7047B0B50446D0F88C0050B158
:103EC00044F24D11FDF778F9D4F88C0008F064FD48
:103ED0000020C4F88C00A06D40B144F24D11FDF7F4
:103EE0006BF9A06D08F058FD0020A065606C20B152
:103EF00000F0F4FD606C08F04FFDA56B5DB305F1BB
:103F00001000FEF787FC05F18000FEF7F3FE05F1D7
:103F10000800FDF713F828464FF4F871FDF74CF947
:103F2000A06C00F0DBFD656B65B1286E30B108F068
:103F300033FD002085F86800C5E918002846702187
:103F4000FDF73AF9A06B08F027FDA06C08F024FDFE
:103F5000606B08F021FD256B7DB1286E30B108F053
:103F60001BFD002085F86800C5E91800284670216F
:103F7000FDF722F9206B08F00FFDD4F8BC5055B1C5
:103F80002846ECF77BF901462846FDF715F9D4F8E9
:103F9000BC0008F001FD2046C421BDE8B040FDF79B
:103FA0000BB900004FF480407047000010B5426F1D
:103FB0000146142A24D0152A30D0162A4ED1D1F821
:103FC00078C048F60060BCF1040FCFF6FF7011D343
:103FD000CB6E9C7893F801E02402DB7844EA0E442F
:103FE000234404330024C1F880309C4538BF00F5D9
:103FF000C074204600B110BD152A0FD0142A2DD14F
:10400000886F012848F60060CFF6FF70F3D1CB6EC1
:104010001B78012B18BF10BD152A1FD1886F0228ED
:1040200048F60060CFF6FF70E5D1C96E0A78022A23
:1040300004BFA0F5B06010BD012A0CD14B78002B55
:1040400004BFA0F5D06010BD012A04D149786429CD
:1040500004BF002010BD00F5386010BD002010BD69
:1040600070B548F60075CFF6FF75D0B1044600680C
:10407000B8B105F1800602E0002818BF70BD606885
:10408000102804BF002070BD216828460029F3D005
:1040900091F85000C007304604BF204600F004F8F5
:1040A000EAE7284670BD0000B0B50446406848F60F
:1040B00000751028CFF6FF7506D0A06B20B1204602
:1040C000FFF7ACFE10B1B0BD2846B0BD6168284610
:1040D0000F2988BFB0BDDFE801F0080A0F14191ED0
:1040E00023284F2D32373C41464A01203CE02046F0
:1040F000BDE8B04004F092BA2046BDE8B04003F0FD
:1041000097BF2046BDE8B04000F0B0B82046BDE8FB
:10411000B04004F045B92046BDE8B04003F008BF08
:104120002046BDE8B04004F013B92046BDE8B040D9
:1041300000F080BD2046BDE8B04004F0C9B920467B
:10414000BDE8B04000F0EEBD2046BDE8B04000F054
:104150002FBE2046BDE8B04000F0BAB92046BDE809
:10416000B04000F0F3B90F2060600020B0BD2046E1
:1041700000F008F80020B0BD2046BDE8B04004F0D3
:104180003DBB000070B50446806B256BD0F8E06144
:104190007DB1286E30B108F0FFFB002085F8680083
:1041A000C5E9180028467021FDF706F8206B08F0D5
:1041B000F3FB2068616B426A00232163636322B1D1
:1041C000CB6813B10EB9806A9047204600F004F81E
:1041D00060680130606070BDB0B5856B044685B124
:1041E00005F11000FEF716FB05F18000FEF782FDD9
:1041F00005F10800FCF7A2FE28464FF4F871FCF721
:10420000DBFFA06B08F0C8FB606C0025A56320B144
:1042100000F064FC606C08F0BFFBA06CC4E9110501
:10422000B0BD0000C11E0022062938BF821ED0B2D8
:104230007047000080B5C421EBF7E1FF80BD0000AE
:104240004FF29840C0F2010070470000497A806B3D
:1042500048F2A14348F2A942C0F20103C0F20102B0
:10426000072908BF1346C0F8583170472DE9F047B9
:1042700086B00446806B0025D0F86801807A0A2851
:1042800064D8012101FA00F040F29E6108424FF02B
:10429000000609D02068012190F85070204600F0F7
:1042A00081FA80B10646002516B960680130606069
:1042B0002DB1284600F0F0FE284608F06DFB304690
:1042C00006B0BDE8F087656B286E30B108F064FB7E
:1042D000002085F86800C5E9180048F20068012050
:1042E0004FF4AA71CFF6FF78ECF720F810B305462B
:1042F00000F048FF606F162824D1E16E08780B2883
:1043000052D1D4F880000A284ED30A79002A4BD122
:10431000B1F80510072209BA02EB1141884243D1D6
:104320000828C0F0C6804DF6D2194FF0070ACFF624
:10433000FF7915E020460221502200F067FBA8F526
:10434000A066B0E708F540760A222FE00026ABE72A
:10435000002E40F0B780D4F880000026824529D294
:104360000AF1030181421FD8E36E13F80A20DAB97B
:104370000AEB0302B2F8012052BA802A14D302EBEE
:10438000010A824510D81944284601F0D5F806469E
:1043900010F5165F4FF02A02DADA4E45DBD016F53B
:1043A000225F08BF502201E0322246462046022109
:1043B00000F02CFB002E7FF477AFC7F381073FB1ED
:1043C000D4F810E0BEF1000F04D004F1140105E0B0
:1043D00000263EE02168D1F82CE03031D1F800C051
:1043E0002168666BD1E90F92D4F8BC004B6B06F1E3
:1043F0006C0100268DE80340284649460496CDF816
:104400000CC001F0A7F808F5A641B0EB080218BFF0
:104410000246461A18BF1646012F18BF064687F0F7
:10442000020050EA090008BF08F560768EB1606BA3
:10443000C06EC10506D4410706D410F4DC3F2FD06E
:104440002B2202E0312200E02A222046022100F045
:10445000DDFA002E7FF428AFD5E90267D5E931896E
:10446000284600F019FE284608F096FA20463946FC
:10447000324603F0D3FF10B10646062008E020467E
:104480004946424603F0F4FF0646002818BF0620BE
:1044900006284FF0000518BF00283FF405AF0EE7CF
:1044A000C1070BD181070BD43022000758BF2E2241
:1044B000CBE70026002E7FF4F7AE7EE72D22C4E77F
:1044C0002C22C2E716F5165F08BF2B226EE700000C
:1044D000B0B50121044600F065F9054608B128464B
:1044E000B0BD606F142815D1606BA16CE26D002522
:1044F000E163A06255601560206E6168A0F108025A
:10450000E265C21C0530C4E91920E066481C606001
:104510002846B0BD48F60015002CCFF6FF75DED05A
:1045200020680028DBD01520C4F8A400D4F8A0002F
:104530000221C4F8A8100170D4F8A0000A2141702B
:104540002046012100F0AAFC2846B0BD70B584B019
:104550000446806B2168D0F8603191F85000012149
:104560000DF1030621EA0002204631469847204615
:10457000012100F017F9054600283FD1606F162889
:1045800027D1E16E087814282FD1D4F880001028A4
:104590002BD100208DF80F00701E03310C2200BFBC
:1045A00011F8013F10F8016F9DF80F5073402B4335
:1045B000013A8DF80F30F3D19DF80F0008B348F29F
:1045C0008015204602213222CFF6FF7500F01EFA38
:1045D00014E0204602210A2200F018FA48F2801066
:1045E000CFF6FF7000F5F06508E048F28015204630
:1045F00002213222CFF6FF7500F008FA284604B0F7
:1046000070BDA06BD0F8E00140B12068002590F8A3
:104610005000C00704BF0A206060EFE76068002513
:1046200001306060EAE700002DE9F04F83B048F602
:104630000017CFF6FF7707F5C06A20B3054600687C
:1046400018B3686814468846102808D02846FFF733
:1046500007FD20B1064610F5D64F40F09E80296F29
:10466000A9B1A86FA04238BF044640462246EBF7E6
:104670009FFDA86F001BA86772D100202867C5F8AE
:104680008800264689E0564687E0564685E007F5CD
:1046900060603E46029007F5306015274FF0020932
:1046A0004FF0640B019013E0D5F8A0000121C5F88C
:1046B000A470C5F8A8900170D5F8A000012180F879
:1046C00001B0284600F0EAFB002845D05AE000BFC0
:1046D000696D59B1E86C8847013007D12B6D2BB15A
:1046E0002868826CE86C9108984700BF2846012131
:1046F00000F058F8C8BBA86F40B9686F172805D1FB
:104700002846012100F04EF800283DD1686F162898
:104710000ED017282FD16868E96E102829671BD1A1
:104720002B6DCBB1E86C00210022984714E000BF4C
:10473000286890F85010C90706D1E96E097849BB7E
:10474000D5F88010042927D1E968012918DB002851
:10475000AAD15046B0B900BF296F0029B8D080E770
:10476000286F26462044286717E0064610F5E54FD7
:1047700008BF002611E01528029808BF06460CE085
:10478000019E0AE0064608E0064610F5E54F08BF20
:10479000002602E0304600E03046304603B0BDE877
:1047A000F08F00002DE9F04F87B00446D0F8880064
:1047B00028B10020C4F8880007B0BDE8F08F48F6A3
:1047C00000658B4604F1800704F178064FF0050977
:1047D0004FF0000ACFF6FF75E84609E02046FFF7E4
:1047E000E5FB10F5CD4F18BF10F5CB4F40F0C98059
:1047F000396839B1206F58B105F5C0600021C9B9D9
:10480000DAE700BF206F314678B100200FE000BF2B
:10481000A06F884206D9421AE06EA2670144EBF706
:10482000C7FC01E0C4F878A03946002008600121E7
:104830000029C1D0A06F0028D0D120460521FFF764
:1048400091FA002840F08080E06F052828462DD39B
:10485000216E08788DF8080000F0FC001428284626
:1048600024D14878A3688DF809008A7883422846C5
:104870008DF80A201AD1206890F84D00824228460F
:1048800014D8E06D42680068CDF81490CDE90002BC
:10489000B1F8030002BA40BA09EB124206900028B0
:1048A0004FF00000CDE9031208BF284600284BD185
:1048B00004992046FFF756FA002845D1E16BC4F869
:1048C0007CA0F1B14246FEF7E9FC08B1002117E0F7
:1048D0000698002840D0C4F884A00721084601317A
:1048E00008D0E16D0A5C0132D3B20A549342A0F1C0
:1048F0000101F3D1B0F1FF3105F5D06018BF0121FE
:1049000031B1A06FB0F5804F4FF0000088BF28464E
:10491000D0B9206EA0F10801E165C11C421DC4E9B7
:1049200019129DF80810E266616701700398DDE9CD
:1049300005120844E066606E110AA26701700698CD
:10494000616E4870002000BF10F5CB4F3FF449AFB7
:1049500000283FF443AF2FE7E068032806D19DF815
:104960000800172802D000212846C9E7D4F884009F
:10497000411C0228C4F88410AFDD05F1800000213D
:10498000BEE700287FF418AFBBF1010F4FF0000025
:104990007FF412AF616F16297FF40EAF60681028A4
:1049A0004FF000003FF408AFA16B00293FF404AFC3
:1049B000D1F85831E16ED4F8802020469847002085
:1049C00007B0BDE8F08F00001A78026058780860E0
:1049D0007047000010B5D0F88C10826D01F1080E00
:1049E00001F10B0301F10D0402F1080CC0E9241ED2
:1049F000C0E9263402F10B0102F10D03C0F8A0401A
:104A0000C0E9172CC0E91913C36610BD88B103684B
:104A10007BB11523C0F8A430D0F8A0304FF0020CC1
:104A2000C0F8A8C01970D0F8A03001215A7000F069
:104A300035BA48F60070CFF6FF707047DDF800C059
:104A40008261C361C0F820C0416270472DE9F04126
:104A500004460026074648F200180160012044F28F
:104A60004D1147F88C6FCFF6FF78EBF75FFC2546CA
:104A700045F8580F90B1012044F24D11EBF756FC68
:104A8000386058B12046FFF7A5FF204603F0B8F97B
:104A90008046002804BF0020BDE8F081A06D07F02B
:104AA0007BFFD4F88C0007F077FF40462660C5E90D
:104AB0000066C5E90266C5E90466C7E90066C7E99C
:104AC0000266C7E90466BDE8F081000080B50121F7
:104AD000FCF70AFA002818BF012080BD002808BF93
:104AE000704710B504464C30F5F72EFC04F18C00ED
:104AF000F5F72AFC04F13400F9F782FC04F14000D8
:104B0000F9F77EFC2046D021BDE81040FCF754BBED
:104B1000D0F894200029A2F10803C0F8903002F1E7
:104B2000030302F10502C0E92632C0F8A02008BF45
:104B30007047D1F8CC30022BA6BFD1E90131591A08
:104B400000211144C0F8A01070470000F0B581B0FA
:104B500048F60076CFF6FF7668B10546006850B19A
:104B6000686814460F46102808D02846FFF778FAE0
:104B700020B101B0F0BD304601B0F0BD2846FFF7CE
:104B800011FA0028F5D4D5F8AC20A04238BF04466D
:104B9000A2B3A869002846D006F5A067D5F89410FE
:104BA000AB69686A891A9847064601283BDBD5F845
:104BB000AC00B04236D3821BC5F8AC20EED1D5F89C
:104BC0008C20296C02F10D0005F1900C02F1080314
:104BD00002F10B078CE88C00C5F89C00C5F8A0001A
:104BE00051B1D1F8CC20022AA6BFD1E90121511A36
:104BF00000210844C5F8A000002614E01720C5F8DD
:104C0000A400D5F8A00039462246C5F8A840EBF725
:104C1000CFFA2846012100F041F9002808BF2046BC
:104C200001B0F0BD3E46002E3046A2D1204601B074
:104C3000F0BD00002DE9F04381B00446806BD0F850
:104C40006811897A0A2964D8012202FA01F140F236
:104C50009E6211425DD0216891F85020D20703D1A5
:104C6000D4F8B820002A4ED020B14068002808BFF0
:104C7000886B00E0886B002814BF076800270720B6
:104C80002FB348F6003843F6FD79CFF6FF7800BF22
:104C9000BE68A9EB00018E4240D8D4F8A010320CB7
:104CA0000A54D4F8A010320A01444A70D4F8A01073
:104CB000C51C01448E70D4F8A000F968284432461F
:104CC000EBF776FAD7F850717019002FE0D1C11FB9
:104CD000D4F8A0200B0C1371D4F8A0200B0A537148
:104CE000D4F8A02091711621C4E92910D4F8A000AD
:104CF0000B2101706068411C2046616001B0BDE875
:104D0000F04300F08FB860684FF000080130606039
:104D100004E060684FF0000801306060404601B078
:104D2000BDE8F08310B504461420C4F8A400D4F8FC
:104D3000A0000121C4F8A8100170D4E9280261681C
:104D4000013142F00203162BD4F8A830616029D15A
:104D500090F800C0162A08BFBCF1000F01D0A16B6B
:104D600001B3B3F5804F1DD8162A15D1191F0A0CAF
:104D70004270D4F8A0000A0A8270D4F8A000BCF1F6
:104D8000000FC17008D0A06BD4F8A010D4F8A820F0
:104D9000D0F858312046984720460121BDE8104000
:104DA00000F07CB849F20040CFF6FF7010BD000063
:104DB00010B5816C0446FFF7ABFE2068A16BD4F8F8
:104DC000A02090F85000D1F86031111D00F00102D0
:104DD00020469847E068D4F8A0101022002808BFA9
:104DE00028221620C4E9290214200870A06BD0F8EC
:104DF000E00138B1206890F85000C00704BF0F20D0
:104E0000606002E06068013060600020C4E92C004E
:104E1000A06C616B20642046E162BDE8104000F0A8
:104E200001B8000010B5D0F8A420044642F00200FA
:104E300016282DD1D4F8A010D4F8A83091F800C0CD
:104E4000162A08BFBCF1000F01D0A06B00B3B3F568
:104E5000804F1DD8162A15D1181F020C4A70D4F89D
:104E6000A010020A8A70D4F8A010BCF1000FC8701C
:104E700008D0A06BD4F8A010D4F8A820D0F85831EE
:104E80002046984720460121BDE8104000F006B8B2
:104E900049F20040CFF6FF7010BD00002DE9F04749
:104EA0008AB004468068E268D4F89430D4F8A8A0A8
:104EB00058709A70D4E92C32D4F8900049F2004925
:104EC00003604260D4F898004FEA1A220270D4F8C6
:104ED0009800884680F801A0206CCFF6FF7960B377
:104EE000D4F89C10D4F88C5044F24D176D1A2F440E
:104EF0000697D4F8A870D4F8A05005910897691ABD
:104F0000D4F8907007912268D4E9023679683F6836
:104F10008DF81130CDE90271D2E90637D4F8A4102A
:104F200002AA8DF8101001468DF812600097FEF766
:104F3000B3FD18B1002141B95EE006E007980028F2
:104F400048D000214846002956D0D4F89410D4F80F
:104F5000A430D4F89C200B70521AD4F8AC10D4F8BA
:104F6000943002EB0A07226C39443B44C4F8AC107D
:104F7000A3F10807DE1C591DC4E92473C4E92661A6
:104F8000C4F8A01052B1D2F8CC30022BA6BFD2E99F
:104F900001329A1A00221144C4F8A01004F1B70299
:104FA000002709F1800300BF3946083708D0575C55
:104FB0000137FEB25754BE42A1F10107F4D100E01F
:104FC00018466FF00702891A18BF0121B9B90AB053
:104FD000BDE8F0879DF81000DDF820A0C4E9290A9B
:104FE000D4F898004FEA1A2101700898D4F8981064
:104FF000487001210029A8D100210029E7D0B8F18B
:10500000010F35D1A069B8B3D4F8AC206AB300BFA2
:10501000D4F89410A369606A891A984701282EDB96
:10502000D4F8AC1081422BD30A1AC4F8AC20EFD1CB
:10503000D4F88C20216C02F10D0004F1900C02F1E7
:10504000080302F10B078CE88C00C4F89C00C4F83C
:10505000A00051B1D1F8CC20022AA6BFD1E901218C
:10506000511A00210844C4F8A0004FF0000907E0DD
:1050700000200AB0BDE8F087A9F5A06900E08146EC
:105080004846B9F1000F08BF00200AB0BDE8F0871C
:105090001870597070470000F0B581B000286ED0CC
:1050A0000446064604E000BFD6F85061002E55D0F5
:1050B00006F1CC00FBF742FFB56E55B1AF6928464B
:1050C0002021FCF779F8284607F066FC002F3D46C2
:1050D000F4D1D6F8885055B1AF6928462021FCF7A5
:1050E0006BF8284607F058FC002F3D46F4D1D6F85F
:1050F000345155B1EF6828461021FCF75DF8284679
:1051000007F04AFC002F3D46F4D1D6F8045155B1C2
:10511000EF6828461021FCF74FF8284607F03CFCC2
:10512000002F3D46F4D1D6F8145155B1EF6828460A
:105130001021FCF741F8284607F02EFC002F3D46D1
:10514000F4D1F0680028AFD031680029ACD0B16844
:10515000FCF732F8F06807F01FFCA5E7254600BF12
:10516000D5F8506128464FF4AA71FCF725F8A542FE
:105170001CBF284607F010FC002E3546F0D101B0C8
:10518000F0BD000080B54FF4AA71EBF738F880BD90
:105190002DE9F04F8FB04DF28076CFF6FF760028E4
:1051A00006F180081CBF0F46002903D140460FB00E
:1051B000BDE8F08F1D46144681464FF0000A0246B6
:1051C000D1695046924641B1DAF85021002AF7D110
:1051D00019B1DAF85011002956D0564682460020FF
:1051E000002FCDE90A00CDE90600CDE90800CDE9A0
:1051F0000300059018BF002E11D1B8F1000F0BD09D
:10520000BAF1000F1CBF0020CAF850014E451CBF68
:10521000304607F0C1FBC9E74FF00008C6E739196F
:105220000CA80DAA3023CDE90C74F4F759FF48B14E
:105230003046FFF731FF4DF61A60CFF6FF7000F1F0
:105240006608DAE7DDE90C0B00EB0B08A8EB0704B6
:10525000B46045B301202146EBF768F84DF2807841
:105260000028CFF6FF780C90F060C6D03946224671
:105270000546EAF79DFF01203060A4EB0B002844AF
:105280000C9005EB040811E001204FF4AA71EBF734
:105290004DF8CAF85001E8B14FF4AA71EAF7AFFF30
:1052A000DAF850619BE70020F76030600C980DAA97
:1052B000B0610CA841463023F4F712FF4DF280771D
:1052C000CFF6FF7740B104463046FFF7E5FEA4F580
:1052D000065892E7B04669E7DDE90C01B269A02300
:1052E00006F11C0B4418A01A70610CA80EAA2146E6
:1052F000F4F7F6FECDF8088038B110F1620111D153
:105300004FF00008CBF800801AE00C980E99354653
:1053100046180CA831465A46F4F718FE28B1A0F5F5
:1053200008580CE0A0F506580AE00C984DF61A61F2
:10533000B0EB0608CFF6FF7118BFA1F180082E462A
:10534000B8F1000F11D106F120020CA8214600F09F
:10535000DBF9804648B906F12C050CA809AB2146BB
:105360002A4600F007F9804618B13046FFF794FE50
:1053700043E7DBF80000032805D33046FFF78CFE37
:1053800007F5407839E70130F06106F5A47206F2BE
:105390004913374606F5A67609A92846009600F077
:1053A00001FA28B180463846FFF776FE3E4624E7EC
:1053B0000C980DAA38640CA821463023F4F790FE0F
:1053C00038B106463846FFF767FEA6F506583E4652
:1053D00013E7DDE90C0107F1500201440CA800F0CD
:1053E000F9F83E4608B18046BFE70C98316C06F1EB
:1053F0009002401AF06306F1A8030CA82146374634
:1054000005F084FD18B180463E463846AEE70C985C
:105410000DAAF8640CA821463023F4F761FE002899
:10542000CFD10D9840B10C9907F1700201440CA83E
:1054300000F0D0F80028E6D10C98F96CC7F8C80045
:10544000411AB96407F1CC020CA82146FBF7A4FD70
:105450000028D8D10C98D7F8C810FA69401A22F061
:10546000010102293B46C7F8C40008D107F1D40264
:105470000CA82146012305F067FE0028C3D1DBF804
:10548000000020F00100022808D107F1E0020CA87A
:105490002146022305F058FE0028B4D1DBF80000B5
:1054A000032809D1DDE918360CA821463A460096B2
:1054B00005F0E6FB0028A6D10C98A04204D04DF6DA
:1054C0001A68CFF6FF789FE702990CA803AA06ABEB
:1054D00000F050F8002896D13A6B049882420ED121
:1054E000786B0599EAF7E9FE48B90A9A079882426B
:1054F00005D17AB10B980899EAF7DFFE50B138462A
:105500003E46FFF7C9FD4DF28070CFF6FF7000F503
:10551000007872E6029907F59E720CA800F01EF959
:1055200000287FF470AF0C9802998842C7D14FF0E1
:1055300000083E4661E6000080B582B04FF0000CE6
:105540000023CDF800C0CDF804C0FFF721FE02B063
:1055500080BD000010B584B00DF1180E1A469EE80B
:105560000850099CCDE900CE029404F0EDFF04B090
:1055700010BD000080B5F4F7F1FB002818BFA0F5BE
:105580000C5080BD70B582B043F0A00615460432C1
:1055900033460446F4F7A4FD60B920686968A86042
:1055A00020682E60451801AA204629463023F4F7CA
:1055B00097FD18B1A0F5145002B070BD2068019994
:1055C0000844281A1CBF4DF69A20CFF6FF7002B08F
:1055D00070BD00002DE9F04F83B04DF6204B16460C
:1055E00089460546CFF6FF7B01AA0DF1080A4FF068
:1055F0000108284649463123F4F772FD002879D185
:1056000028680199441800BF284621465246302395
:10561000F4F766FD90B1A0F50E50002860D128681F
:10562000A0424DD00120202186F81C80EAF77EFEA2
:10563000B06100280646E7D155E000BF0299584600
:105640000129EADB286832460378471842F8043B10
:10565000284639460623F4F743FD0028DBD12868A5
:10566000B060706829680144781A0128584629609A
:10567000D3DB0A78ABF102001E2ACED841F2080330
:1056800008FA02F2C5F258031A42C6D0481C286034
:10569000087806F11002F06028463946F4F75AFC03
:1056A0000028B8D128687061306929680844B84278
:1056B000286006BF0020B061ABF10600ADE700BF77
:1056C00048451CD001202021EAF730FEB0610028B7
:1056D000064601AA7FF48DAF4DF28070CFF6FF70C1
:1056E00003B0BDE8F08F4DF28070CFF6FF7003B0CD
:1056F000BDE8F08FA0F50E5003B0BDE8F08F00209C
:1057000003B0BDE8F08F0000B0B503680446C81AC6
:1057100001284DF61E50CFF6FF70BCBF0230B0BD61
:1057200015461A7842F08002822A18BFB0BD581C74
:10573000206018782A4642F8040B2046F4F70AFC49
:1057400000281CBFA0F50A50B0BD2068A86068689A
:105750002168084420600020B0BD000070B582B010
:10576000044600680B1A012B16DB1546067801AAC1
:105770002046F4F795FB00281EBFA0F5125002B09A
:1057800070BD20680199A86020682E600844696097
:105790002060002002B070BD4DF62030CFF6FF70C3
:1057A00002B070BDB0B5049D2C68002C4DF60054BD
:1057B000CFF6FF741CBFA4F5A060B0BD0D46114626
:1057C0001A46FBF73DFB00281CBFA0F51850B0BDE2
:1057D0002868052818BF002803D16868002808BF7A
:1057E00004462046B0BD00002DE9F04182B00546D8
:1057F00000684DF600480B1A012BCFF6FF7808DB46
:1058000014460278172A09D0182A1FD10426002727
:1058100006E0A8F1600002B0BDE8F0810226012791
:105820000130286001AA2846F4F794FB00281EBF27
:10583000A0F5105002B0BDE8F081019806F1080112
:10584000884208D2404602B0BDE8F081A8F162006B
:1058500002B0BDE8F081A0EB010C0020206000BF89
:10586000286802783A3A12F10A0F17D32368013EEA
:1058700003EB83034FEA4301216000F1010129603A
:10588000007800EB4300A0F130002060E8D1002058
:1058900012F10A0F06D202B0BDE8F081404612F1C3
:1058A0000A0FF8D347B120683128DCBF643020608C
:1058B000206800F26C702060002060606FF00100D2
:1058C0002B681978A1F13A0212F10A0F15D3616819
:1058D000013001EB81014FEA4107676003F10107E5
:1058E0002F601B7803EB4101A1F130016160E7D328
:1058F000002012F10A0FCED303E0404612F10A0F46
:10590000C9D30020A0606FF0010000BF2B68197898
:10591000A1F13A0212F10A0F12D3A168013001EB92
:1059200081014FEA4107A76003F101072F601B784F
:1059300003EB4101A1F13001A160E7D3002000E0B9
:10594000404612F10A0FA6D30020E0606FF001007C
:105950002B681978A1F13A0212F10A0F12D3E1680B
:10596000013001EB81014FEA4107E76003F10107D4
:105970002F601B7803EB4101A1F13001E160E7D317
:10598000002000E0404612F10A0FFFF484AF00202F
:1059900020616FF0010000BF2B681978A1F13A0275
:1059A00012F10A0F12D32169013001EB81014FEA94
:1059B0004107276103F101072F601B7803EB4101C9
:1059C000A1F130012161E7D3002000E0404612F14F
:1059D0000A0FFFF460AFBCF1020FFFF433AF0020F9
:1059E00060616FF001002B681978A1F13A0212F1A1
:1059F0000A0F12D36169013001EB81014FEA4107BF
:105A0000676103F101072F601B7803EB4101A1F1EE
:105A100030016161E7D3002000E0404612F10A0F37
:105A2000FFF439AFACF10200012807D128680178F2
:105A30005A2911BF0120013028600020002840466B
:105A400004BF204604F0CAFF02B0BDE8F0810000A8
:105A50002DE9F0418CB0064600680C4600F0DF00EE
:105A6000822815D04DF680758028CFF6FF7534D189
:105A7000D6E9011280280A9216D156180AA80BAA54
:105A800031460623F4F72CFB58B3A0F514550FE06C
:105A900020462821EAF7B3FB0220206096E80700A1
:105AA000231D002507C318E04DF60005CFF6FF754E
:105AB0009DB920462821EAF7A2FB01AF8FCFDDE98F
:105AC000066504F1040EDDF820C08EE88F00099809
:105AD000C4E90665C4E908C0002528460CB0BDE845
:105AE000F0810B9F082FE3D1DDF8288040F6C61027
:105AF000C0F2020041460822EAF7DFFB0028D7D1B6
:105B000008EB0700B04234D20A900AA80BAA31462B
:105B1000A023F4F7E5FA0028B7D10AA80BAA31466A
:105B20003023F4F7DDFA0028AFD10AA80BAA3146DA
:105B300006230625F4F7D4FA0028A6D1DDE90A01E8
:105B4000049506900844B042059112D20A900AA822
:105B50000BAA314604230425F4F7C2FA002894D195
:105B6000DDE90A010795CDE908100844B0420A9022
:105B700008D04DF69A2501A82421CFF6FF75FBF732
:105B80001BFB95E7002593E7002070470020704736
:105B90002DE9F04F87B0109C0E460690D4E9011015
:105BA000049389001546EAF72AFBD5F804B0776814
:105BB000D4F808A05F450595039628BF5F46BBF162
:105BC000000F00F0C1810BF1010000264FF0000E24
:105BD000019002970698DAF800808068002250F859
:105BE0002E4003985546D0F808C0102FDCF80090DE
:105BF000C0F074805CF8040B2968E4FB601245F87F
:105C0000041B5CF8040B2968E4FB601245F8041BD4
:105C10005CF8040B2968E4FB601245F8041B5CF88F
:105C2000040B2968E4FB601245F8041B5CF8040BC4
:105C30002968E4FB601245F8041B5CF8040B296832
:105C4000E4FB601245F8041B5CF8040B2968E4FBD4
:105C5000601245F8041B5CF8040B2968E4FB601231
:105C600045F8041B5CF8040B2968E4FB601245F856
:105C7000041B5CF8040B2968E4FB601245F8041B64
:105C80005CF8040B2968E4FB601245F8041B5CF81F
:105C9000040B2968E4FB601245F8041B5CF8040B54
:105CA0002968E4FB601245F8041B5CF8040B2968C2
:105CB000E4FB601245F8041B5CF8040B2968E4FB64
:105CC000601245F8041B5CF8040B2968E4FB6012C1
:105CD00045F8041B103F0F2F3FF68CAF082F3AD327
:105CE0005CF8040B2968E4FB601245F8041B5CF8BF
:105CF000040B2968E4FB601245F8041B5CF8040BF4
:105D00002968E4FB601245F8041B5CF8040B296861
:105D1000E4FB601245F8041B5CF8040B2968E4FB03
:105D2000601245F8041B5CF8040B2968E4FB601260
:105D300045F8041B5CF8040B2968E4FB601245F885
:105D4000041B5CF8040B2968E4FB601245F8041B93
:105D5000083F072FC4D847B15CF8040B2968E4FB5F
:105D6000601245F8041B013FF6D109FB0480049939
:105D700000FB01F8281F00BF50F8041F8B1846F1E4
:105D800000028B420360F7D3059800228568BBF1BF
:105D9000100FC0F0D3805B46574600BF55F8040B88
:105DA0003968E8FB601247F8041B55F8040B3968A2
:105DB000E8FB601247F8041B55F8040B3968E8FB50
:105DC000601247F8041B55F8040B3968E8FB6012B1
:105DD00047F8041B55F8040B3968E8FB601247F8D4
:105DE000041B55F8040B3968E8FB601247F8041BE4
:105DF00055F8040B3968E8FB601247F8041B55F8A6
:105E0000040B3968E8FB601247F8041B55F8040BD3
:105E10003968E8FB601247F8041B55F8040B396831
:105E2000E8FB601247F8041B55F8040B3968E8FBDF
:105E3000601247F8041B55F8040B3968E8FB601240
:105E400047F8041B55F8040B3968E8FB601247F863
:105E5000041B55F8040B3968E8FB601247F8041B73
:105E600055F8040B3968E8FB601247F8041B55F835
:105E7000040B3968E8FB601247F8041B103B0F2B3A
:105E80003FF68CAF082B3AD355F8040B3968E8FB82
:105E9000601247F8041B55F8040B3968E8FB6012E0
:105EA00047F8041B55F8040B3968E8FB601247F803
:105EB000041B55F8040B3968E8FB601247F8041B13
:105EC00055F8040B3968E8FB601247F8041B55F8D5
:105ED000040B3968E8FB601247F8041B55F8040B03
:105EE0003968E8FB601247F8041B55F8040B396861
:105EF000E8FB601247F8041B083B072BC4D843B1EA
:105F000055F8040B3968E8FB601247F8041B013BA5
:105F1000F6D1381F50F8041F8B1846F100028B424F
:105F20000360F7D34AF8044B0EF1010E0198029F6B
:105F3000DE454AF820607FF44DAE05E057465B46EB
:105F4000082BBFF4A1AFDAE706984FEA8B0280680E
:105F50005146EAF72DF95AF82B00BBF1000F00F17A
:105F600001004FF000034AF82B001AD005985A465A
:105F70008168AAF104000439002700BF50F8046FBB
:105F80000023BE42A6EB0707076051F8046F38BF35
:105F90000123B74238BF0133BF1B0760013A1F46D8
:105FA000ECD15AF82B00BBF1000FA0EB03004AF82C
:105FB0002B0013D00699C0B28B68C0F10101AAF181
:105FC0000402043B53F8047F52F8046F07FB01F707
:105FD000BBF1010B06FB00771F60F3D107B0BDE8F2
:105FE000F08F00002DE9F04184B040F2CE34C2F2CF
:105FF00000042078F3F728FB002850D002462078D0
:1060000042F6FC54C2F20004216802AE0DF10A030C
:10601000009600F07BFEBDF80810432940F0AD80EB
:10602000216840F2C432C2F200020B7F1678B342FC
:1060300037D14B7F5678B34235D18B7F9678B342B8
:1060400033D1CB7FD678B34231D191F82030167955
:10605000B34240F08D8091F821305279934240F064
:10606000898082B2F12AC0F0878011FA80F040F274
:10607000E03C40F2D83E40F2D43340F2742440F287
:10608000CA3801F1F0020021C2F2000CC2F2000E87
:10609000C2F20003C2F20004C2F200080CE00021C8
:1060A0006BE0002169E0002167E0002165E000214C
:1060B00063E0824280F061801678362E23D8DFE8D4
:1060C00006F020261C2C1C1C371C1C1C1C1C1C1C19
:1060D0001C1C1C1C1C1C1C1C1C1C1C1C1C1C1C1C00
:1060E0001C1C1C1C1C1C1C1C1C1C1C1C1C1C1C1CF0
:1060F0001C1C1C1C1C401C4E510055782A440232AA
:10610000D7E70132D5E7FF2EF7D10246D1E7D2F823
:1061100002600632CCF80060CBE732F8026F12F86A
:10612000017C5588AEF80060AEF802503A44C0E7F2
:1061300032F8025F12F8016C57881D805F8032448C
:10614000B7E7957817792560D67846EA0525567918
:106150002D0445EA0725063235442560A9E79178E4
:106160000332A6E7D2F802500632C8F80050A0E782
:10617000002102E0002100E0002148B204B0BDE8A7
:10618000F08100002DE9F04F95B0054600202882EF
:10619000E860A8606860286008888A4600BA000C39
:1061A00028808B78C8780AF10C0C40EA032100F0B3
:1061B0000F000FB2B7F1FF3FDCBF0127AF70C3F391
:1061C000C3074B05EF7044BF01232B718B0544BF00
:1061D00001236B71CB0544BF0123AB71009209060B
:1061E00044BF0121E9712872BAF8040000BA000C1A
:1061F0006881BAF8060000BA4FEA1040A881BAF8E0
:10620000080000BA4FEA1040E881BAF80A0000BA64
:106210004FEA1040288257D04FF02E094FF0000B64
:10622000019500BF00264B270DF1090261460025AC
:10623000002400BF11F8018BB5FA85F0400908F081
:10624000C00EBEF1C00F064407D10978064468F3BA
:106250000D21514411F8018B0125B8F1000F1BD01D
:106260006FEA0800384407B2002F1FD40139013209
:10627000404600BF11F8013F013802F8013C030419
:1062800002F10102F6D1002D08BF464402F8019C3C
:1062900001340131CEE700BF0020002C08BF02F816
:1062A000019B1070701C05D122E000BF4FF0FF363B
:1062B000701C1DD0019D0CEB060069890BF1010BD0
:1062C0008B4500F1040CADD3A889009E58B1002481
:1062D000504661463246F2F721FE58B18446A889FD
:1062E00001348442F4D3287AB0FA80F0400902E005
:1062F000FF2000E0FF2040B215B0BDE8F08F0000A5
:10630000F0B581B00A785B2A30D1064605204C1CD6
:10631000F06000BF14F8010B411E2029FAD35D285C
:106320002AD040F26427C2F2000739682820884743
:10633000054600284ED028462821023CE9F75FFF99
:10634000B56000BF14F8010F01382028FAD32846A1
:10635000214600F049FA044628B1013C14F8010F27
:1063600001382028FAD36CB9002405E042F6E85041
:10637000C2F2000001600024204601B0F0BD00BF61
:10638000002028B320782C2827D139682820884776
:106390000028F5D028210646E9F731FF2E60756008
:1063A00014F8010F01382028FAD33046214600F0B6
:1063B0001BFA044628B1013C14F8010F01382028CB
:1063C000FAD320463546002C18BF01200028D9D129
:1063D0000024D1E70024B560CEE75D2801D1013467
:1063E000CAE742F6E850C2F2000004600024C3E7A6
:1063F000B0B50178A1F130020A2A02D26FF02F0C59
:106400000CE0A1F14102062A02D26FF0360C05E041
:10641000A1F16102052A4BD86FF0560C4378A3F125
:1064200030020A2A02D26FF02F0E0CE0A3F14102D3
:10643000062A02D26FF0360E05E0A3F16102052AAA
:1064400036D86FF0560E8278A2F130040A2C02D2B0
:106450006FF02F040CE0A2F14104062C02D26FF081
:10646000360405E0A2F16104052C21D86FF0560432
:10647000C078A0F130050A2D02D26FF02F050CE094
:10648000A0F14105062D02D26FF0360505E0A0F11E
:106490006105052D0CD86FF0560561440901734460
:1064A0001944090122441144090128440844B0BD9B
:1064B0000020B0BD2DE9F0470A787B2A54D104466C
:1064C00006204F1CE06000BF17F8010B411E202979
:1064D000FAD37D2800F09D8040F26428C2F20008C3
:1064E000D8F80010282088470546002800F08F8043
:1064F00028462821BE1EE9F782FEA56016F8010F86
:1065000001382028FAD32846314600F08DF801469C
:1065100028B1013911F8010F01382028FAD30029D8
:106520004FF0000775D028692F61286208783A2853
:106530001AD100BF11F8010F01382028FAD32846DC
:1065400000F052F9044630B1013C00BF14F8010FCD
:1065500001382028FAD34FF0000A54B142F6E85926
:10656000C2F2000900270CE042F6E850C2F2000037
:1065700001600020BDE8F08700202E460028354647
:1065800047D020782C2847D1D8F8001028208847F9
:106590000028F1D028210646E9F731FE2E6075600B
:1065A00014F8010F01382028FAD33046214600F0B4
:1065B0003BF8044628B1013C14F8010F01382028AB
:1065C000FAD3ECB13069C6F810A0306220783A28CE
:1065D00019D100BF14F8010F01382028FAD3304632
:1065E000214600F001F9044628B1013C14F8010FDE
:1065F00001382028FAD32046002C18BF0120BDE71F
:1066000000240020BAE7C9F800400020B6E70027C0
:10661000A5603846BDE8F0877D280EBF601CC9F82C
:1066200000400020BDE8F0872DE9F04F81B0894699
:1066300019F8012B222A03D10446012049460CE017
:1066400042F6E850C2F2000001601AE05C2A4FF006
:10665000010208BF0222114401300A78002A18BF43
:10666000222AF3D140F26421C2F20001096888476E
:1066700038B180464FF00A0A4FF00D0B0927054646
:1066800094E0002001B0BDE8F08F00BF05F8010BD9
:10669000494609F1010989E0494611F8010FA0F1C5
:1066A0006202132A42D8DFE802F00A414141404128
:1066B0004141414141410C41414146414B1108207A
:1066C00034E005F801AB01F101096FE009F10200C6
:1066D000FFF78EFE09F1050150B3064640F2FF3088
:1066E00026EA0000B0F55C4F22D0B0F5584F18D123
:1066F00099F806005C281BD199F80700752817D176
:1067000009F10800FFF774FEA0F5604111F5806FF4
:1067100009F10B010CD36FF39F2066F3932000F572
:106720008036802E11D2012019E00C2005F8010BD3
:1067300001F101093AE005F801BB01F1010935E079
:1067400005F8017B01F1010930E0B6F5006F01D2D7
:10675000022004E00420B6F5803F38BF0320431E2A
:10676000032B05EB00021DD8DFE803F01710090228
:106770000225B30965F39F1602F8016D1E46022536
:10678000B30965F39F1602F8016D1E460225B30991
:1067900065F39F1602F8016D1E4610A31B5C334380
:1067A00002F8013D151801F1010900BF99F8000038
:1067B0005C283FF471AF002818BF22287FF466AF31
:1067C00000202870484610F8011B222918BF4846AF
:1067D0000421C4E9031801B0BDE8F08F0000C0E057
:1067E000F0F8FC00000000002DE9F04F81B02DED25
:1067F000048B84B071B30D4640F2E8318046C0F29C
:10680000020128460422E9F782FD28B340F2DD3177
:10681000C0F2020128460522E9F779FD08B340F2EB
:10682000E331C0F2020128460422E9F770FDE8B125
:1068300095F800A0BAF12D0F24D0BAF1220F1CD187
:106840004046294604B0BDEC048B01B0BDE8F04FD2
:10685000FFF7EABE0025F6E00220C8F80C00043578
:10686000F1E00020C8F80C000535ECE00120C8F884
:106870000C00C8F814000435E5E0AAF1300009283E
:1068800000F28480AAF12D00B0FA80F040092A5C61
:106890002918303AB2FA82F252098B5C9FED768B5E
:1068A000313B082B22D89FED760B104428449FEDF6
:1068B000729B55EC109B441E14F8010F3038E9F719
:1068C0008EFF06460F4651EC190B4A462B46E9F758
:1068D00014FF32463B46E9F769FE627841EC190B3A
:1068E000A2F130000A28E7D3651C04E0B0EE489A14
:1068F0008D18F0EE689A28782E2838D168783038CC
:10690000092834D89FED5E0B9FED5F1BCDE900A8F1
:106910009FED598B5AEC109B56EC114BA5F1010BD6
:106920009BF802009BF803803038E9F758FF0546D2
:106930000F4651EC190B4A465346E9F7DEFE2A464C
:106940003B46E9F733FE41EC190B51EC180B22469C
:106950003346E9F72BFE41EC180BA8F130000A286A
:106960000BF1010BDCD3DDE900A80BF1020528785F
:1069700040F02000652819D1294611F8010F2D2873
:1069800017D02B2808BFA91C012015E0BAF17B0FF6
:1069900060D0BAF15B0F67D14046294604B0BDEC28
:1069A000048B01B0BDE8F04FFFF7AABC0120002224
:1069B00016E0A91C4FF0FF300B78A3F13002092A32
:1069C0000CD8002202EB820203EB420211F8013FD5
:1069D000303AA3F130070A2FF4D300E000220D462D
:1069E0008DED029B00FB02F09DF80F1054EC196B2B
:1069F00081F080018DF80F10DDE90231BAF12D0F21
:106A000008BF1E4608BF0C46E9F7E9FE02460B46E2
:106A100051EC180BE9F7CAFD41EC110B9FED180B77
:106A200004F03AFC53EC102B30462146E9F765FEA2
:106A300041EC100B88ED060BE9F7E2FEC8F81400F4
:106A40000320C8F80C00284604B0BDEC048B01B04C
:106A5000BDE8F08F4046294604B0BDEC048B01B080
:106A6000BDE8F04FFFF726BD42F6E850C2F2000045
:106A700005600025E7E700BF0000000000000000FF
:106A80000000000000002440000000000000F0BFF3
:106A90002DE9F04389B0164608AA30230C46054676
:106AA000F3F71EFB20B1A0F56C5009B0BDE8F083F0
:106AB000286808994CF20058CFF6FF780844A8F1EE
:106AC0006609A042484602D009B0BDE8F08308AA92
:106AD000284621460223F3F703FB0028E3D1296867
:106AE000089A002730460023CDE90077CDE90277E8
:106AF000CDE904770697FAF7ADFE18B1404609B024
:106B0000BDE8F0830898296808AA08442860284648
:106B100021460223F3F7E4FA0028C4D12868089F2D
:106B20000021CDE90011CDE90211CDE90410304674
:106B30000021002200230697FAF78CFE0028DDD101
:106B400008982968084428603046FAF7C9FB0028ED
:106B5000D4D13046FAF786FB00284046B4D12868E5
:106B6000001B18BF484609B0BDE8F0832DE9F04F7F
:106B700083B0082802D94FF0FF36C2E04501044631
:106B800005F1080016460F46F1F712FA00F00F0063
:106B900001283BD1EEB341F6086028440197F1F794
:106BA00007FA800280B242F6046BB04238BF064654
:106BB00041F6087005EB0009012005F5427A00FA5C
:106BC00004F8C2F2000B029501E000BF27BB20468B
:106BD000F2F73AFD07465046F1F7EAF917280CD0CC
:106BE0001C282FD1C7B92046F2F7AAFD0546484612
:106BF000F1F7DEF9B5EB802F54D0BBF8000018EAAE
:106C0000000FE3D0002FE1D100267AE06FF00406F8
:106C100077E06FF00D0674E0B74238BF3E46019949
:106C20002046324603F05CF90298402100F5847456
:106C30002046F1F703FA00BF2046F1F7B9F9002822
:106C4000FAD15EE0029D102105F584763046F1F719
:106C5000F5F900BF3046F1F7ABF90028FAD105F598
:106C600002701F21F1F7EAF942F60661C2F2000153
:106C700001200A88A04022EA0000088042F6106045
:106C8000C2F20000002120F8141042F60860C2F29F
:106C900000006FF0060601555046F1F789F900280B
:106CA000FAD12EE0029D102105F584763046F1F7E9
:106CB000C5F900BF3046F1F77BF90028FAD105F598
:106CC00002701F21F1F7BAF942F60661C2F2000123
:106CD00001200A88A04022EA0000088042F61060E5
:106CE000C2F20000002120F8141042F60860C2F23F
:106CF00000006FF0060601555046F1F759F90028DB
:106D0000FAD1304603B0BDE8F08F00002DE9F04F16
:106D100085B0082802D94FF0FF35C1E04FEA401B8B
:106D200004460BF10800994692460E46F1F740F9E9
:106D3000074600F00F00042818BF02283ED1BAF120
:106D4000000F38D042F61068C2F2000838F814007C
:106D500000214FF00005A0B307F0070042F60867D6
:106D6000C2F20007042839554CD002286CD138F8FB
:106D70001400002871D103A92046082203F0B0F8BE
:106D80000BF5847528464021F1F758F92846F1F7AC
:106D90000FF90028FAD10398BDF81010C9F80000C7
:106DA00008BABDF812100E9A000C108008BA000C38
:106DB00028F814004FE06FF00D0571E06FF0040546
:106DC0006EE0CDE9016B0BF54276012042F6046BD3
:106DD00000FA04F8C2F2000B02E000BF002D63D1FC
:106DE0002046F2F731FC05463046F1F7E1F800287D
:106DF00054D0BBF8000018EA000FEFD0002DEDD101
:106E000000254DE038F8140038BB03A920460222C3
:106E100003F066F80BF5847528464021F1F70EF96A
:106E20002846F1F7C5F80028FAD1BDF80C0040F269
:106E3000EB5140BA884228F814000CD32046F1F7F1
:106E400095FC6FF47A752BE02046294603F0E2F8B2
:106E500028F814500CE08020385538F814003146DA
:106E6000504538BF82462046524603F039F8554611
:106E70000BF5847630464021F1F7E0F83046F1F723
:106E800097F80028FAD138F81400401B28F81400AD
:106E900006D0385D40F00100385501E06FF0030581
:106EA000284605B0BDE8F08FDDE9016B42F61068B9
:106EB000C2F2000800214FE710B540F2682448F6FE
:106EC0003953C2F20004C0F20003236040F2702E76
:106ED00048F69D53C2F2000EC0F20003CEF8003017
:106EE00040F26C2C48F67553C2F2000CC0F200035D
:106EF0000028CCF8003018BF2060002918BFCEF859
:106F00000010002A18BFCCF8002010BD002802464F
:106F100018BF012200290B4618BF01231A404AF26C
:106F20003D22C0F2010218BF02464AF24120C0F2DF
:106F3000010018BF084640F23C21C2F20001C1E93D
:106F4000022070470028024618BF012200290B4684
:106F500018BF01231A404AF24922C0F2010218BFA9
:106F600002464AF24520C0F2010018BF084640F22E
:106F70003C21C2F20001C1E90420704740F23C2CE0
:106F8000C2F2000CBCF800309B0500D4FEE70028DC
:106F900003460A4618BF0123002918BF01221A40E0
:106FA0004AF24D22C0F2010218BF02464AF25120B5
:106FB000C0F2010018BF0846CCE906207047000067
:106FC00010B50120AC21E9F7B1F9044620B1204603
:106FD00000210022FAF776FC204610BD411E06383B
:106FE000B1FA81F1B0FA80F04909400908437047CD
:106FF0002DE9F04100F10807054646684BF680741C
:1070000038468846CFF6FF74F9F766FD86424ED1C2
:107010006868B0F5806F4AD838460021F7F740FD20
:10702000012844DB38460021F8F78EFE00283ED0C8
:10703000B8F1000F19D005F12C0738460021F7F7F9
:107040002FFD012833DB38460021F8F77DFE70B3B1
:1070500005F1380738460021F7F722FD012826DB25
:1070600038460021F8F770FE08B305F1140000213E
:10707000F7F716FD01281ADBB8F1000F16D005F15D
:1070800044000021F7F70CFD012810DB05F150004A
:107090000021F7F705FD012809DB05F15C0000215F
:1070A000F7F7FEFC0128A8BF002400E000242046DA
:1070B000BDE8F081FAF78CB801220A700FF2140CC7
:1070C00000F108030A7305A21430C1E901C3C1E944
:1070D000042070477273612E4E0000007273612E9F
:1070E00045000000F0B585B01D4617460E46044623
:1070F000FAF7AEFBB8420DD1DDE90C12DDE90A0763
:107100000123CDE90006204602950397FAF7E4FB38
:1071100005B0F0BD4BF68070CFF6FF7005B0F0BD46
:107120002DE9F04383B0DDE90A49984616460D463D
:107130000746FAF78DFB4845206006D94BF600401C
:10714000CFF6FF7003B0BDE8F083DDE90C123846DE
:107150000023CDE90065CDF80880FAF7D5FB03B030
:10716000BDE8F08310B50446FAF738FB2046BDE8C9
:10717000104005F011BC000080B5FAF769FBC000B3
:1071800080BD00002DE9F04F81B00546D0F8A00089
:1071900005F1980410B305F18C06304631463246AD
:1071A000F9F722F98046002851D10835304631469A
:1071B0002A46F9F785F88046002848D1204621461E
:1071C0002246F9F711F98046002840D12046214691
:1071D0002A4601B0BDE8F04FF9F772B84BF6803897
:1071E00092468B4605F18C0705F108090C26CFF66F
:1071F000FF7800BF013E2AD068685A46411E2046EB
:107200005346F8F737FBF8B9384621464A46F8F7AF
:10721000DFFBD8B938460121F7F742FC0028E9D155
:10722000384621464A46F8F7D7FD804678B905F139
:10723000140205F16806384639464B460096F7F7C2
:10724000D3FF01B0BDE8F08F804600E080464046A5
:1072500001B0BDE8F08F00002DE9F04F83B0064685
:107260004BF6807A9B4690460F460020CFF6FF7A79
:107270000290019096B13046F7F7DCF938B1044638
:1072800001A902AA3046F9F78DFD002847D0002158
:107290005846002967D00B2865D305E0BB4562D36B
:1072A000ABEB07000B285ED3DDF830904FF4807114
:1072B0004C4624F8021BC51E20462946FF22E8F74B
:1072C00097FF6019002100F8011B002E42D0029C9C
:1072D000302101703A198170211D0832C1700621D8
:1072E00042700171851D0199447128462246E8F7D4
:1072F0005FFF2819052129530421041D8170C770DF
:10730000204641463A46E8F753FFE01909EB0B01E6
:10731000884226D048465946F9F74EFF23E02046DA
:10732000F7F7A0F8029A0746104408307F284FF07C
:107330000001ADD807F10A00121841F10000934591
:1073400038BF01210143584681F0010108BF801A6E
:1073500049B1A0E741463A46E8F72AFF4FF0000A54
:1073600001E04FF0000A504603B0BDE8F08F000086
:107370002DE9F04F85B0DDE91098DDE90EAB1C4634
:1073800015460E460746FAF763FACBF80000384672
:10739000494642460123CDE900640295CDF80CA090
:1073A000FAF7CAFA05B0BDE8F08F00002DE9F04702
:1073B00084B0DDF834A04BF680491E4690460D4659
:1073C0000746CFF6FF79FAF743FA04465045484698
:1073D0000BD80C98002103903846002200238DE83A
:1073E00060010025FAF7C2FA10B104B0BDE8F087D9
:1073F000544538BF09F52865284604B0BDE8F08734
:107400002DE9F04F81B0082802D94FF0FF348AE00F
:107410004FEA4019054609F1080014468846F0F77E
:10742000C7FD00F00F00012820D114B309F5427701
:107430003846F0F7BDFD1C2818BF17281CD142F6AE
:10744000066AC2F2000ABAF80000012101FA05FB3F
:107450001BEA000F1DD009F502763046F0F7A8FDB3
:10746000C1060CD4000753D400245CE06FF0040480
:1074700059E06FF00D0456E06FF0060453E030461B
:107480001021F0F7DBFDBAF8000020EA0B00AAF8A3
:10749000000041F608704844F0F78AFD800280B28F
:1074A00042F6046AC2F2000AA04238BF044600BF96
:1074B0002846F2F745F906463846F0F779FD1728D1
:1074C00018BF1C282AD1BAF800001BEA000F18BF09
:1074D000B4421BD8B442EBD828464146224602F0BB
:1074E0000FFE09F5847528462021F0F7A7FD00BF9F
:1074F0002846F0F75DFD0028FAD142F60661C2F297
:107500000001088840EA0B0008800CE000240AE033
:107510002846F1F72BF96FF00C0404E02846F1F748
:1075200025F96FF00604204601B0BDE8F08F000099
:1075300080B582B0F2F7A4F942F6FC51C2F2000124
:107540000A6840F2351340F2C43EC3F60453C2F257
:10755000000EC2F8F0309EF8003040F2071C82F8AE
:10756000F6309EF80530A2F8F4C082F8FB3040F205
:10757000DC33C2F200031B68DEF801C0C2F8FE3043
:1075800040F23643A2F8023140F2CA33C2F8F7C0E3
:1075900040F2324CC2F20003A2F8FCC093F800C0E3
:1075A00093F801E082F804C193F802C0DB78002070
:1075B00082F80731FF23508182F805E182F806C185
:1075C00082F8083140F209120B6898540132B2F582
:1075D000097FF9D140F2CE30C2F200004FF0FF3205
:1075E0000078096801924FF0430C01AB4FF4097227
:1075F000CDF800C000F0EEF902B080BD70B582B0E9
:10760000F2F73EF942F6FC51C2F20001086840F27E
:107610003512C3F6015240F2C43EC0F8F02040F2E9
:107620000712C2F2000EA0F8F420BEF80020DEF827
:107630000230A0F8F62040F28C12C2F20002C0F82C
:10764000F83013780C254FF0030CA0F8FC508BB1E8
:10765000002412200D68013415FA80F6A5B286F8D0
:10766000EC30535D0130002BF4D16FF00303E21CCA
:107670005B1B03E06FF00303122003220C689EF8EB
:10768000035014FA80F4461C84F8EC500C689EF801
:10769000045014FA86F4861C84F8EC500C689EF8AA
:1076A000055014FA86F6C41C86F8EC500E6813FADE
:1076B00084F3334483F8EC200A68372312FA84F207
:1076C000461D82F8EC300A68031D12FA83F2062385
:1076D00082F8EC300A6812FA86F2012682F8EC6031
:1076E0000A68861D12FA86F2C61D82F8ECC00A6886
:1076F00012FA86F200F1080682F8EC300A6800F10E
:10770000090312FA86F20F2682F8EC600A6800F18B
:107710000A0612FA83F23A2382F8EC300A6800F182
:107720000B0312FA86F23B2682F8EC600C300A68F2
:1077300086B212FA83F2F608FF23262E82F8EC3086
:107740000FD8EB2212FA80F0002200BFA0F1EA0667
:107750000B68B6B20344B6F59C7F00F101005A7085
:10776000F4D140F2CE30C2F200004FF0FF32007888
:1077700009680192432601AB4FF40972009600F0AC
:1077800029F902B070BD0000B0B582B0F2F778F808
:1077900042F66130C2F20000007842F6FC5E033827
:1077A0000128C2F2000E10D8DEF80000002141814D
:1077B00040F2DC3140F2CA32C2F20001C2F20002F1
:1077C00009681268C160019202E04FF0FF30019039
:1077D000DEF8000040F2351140F2C43CC3F603511C
:1077E000C2F2000CC0F8F01040F20711BCF8002003
:1077F000A0F8F4109DF80710A0F8F620DCF802209D
:10780000FF29C0F8F82001D010241DE040F23241D9
:1078100040F2DC32C2F20002A0F8FC1040F2364125
:107820001268A0F8021140F2CA31C2F20001C0F899
:10783000FE200A78CB78B1F801101C2480F80421CE
:10784000A0F8051180F8073120440C2180F8EC10D5
:10785000DEF8000044F001010844002340F28C12DD
:1078600080F8EC30C2F20002117844F0020079B1E5
:1078700000240546DEF8000010FA85F3681C83F842
:10788000EC1011194978631C002905461C46F1D1FA
:10789000DEF800109CF8032011FA80F1441C81F8F6
:1078A000EC20DEF800109CF8042011FA84F1841C0E
:1078B00081F8EC20DEF800109CF8052011FA84F124
:1078C000C51C81F8EC20AAB2DEF80040D21AD91CFF
:1078D000224482F8E810DEF80010372311FA85F10F
:1078E000021D81F8EC30DEF80010431D11FA82F120
:1078F000082281F8EC20DEF80010821D11FA83F1D5
:10790000012381F8EC30DEF80010C31D11FA82F17A
:10791000032281F8EC20DEF8001000F1080211FAD1
:1079200083F1062381F8EC30DEF8001000F1090342
:1079300011FA82F10F2281F8EC20DEF8001000F13C
:107940000A0211FA83F13A2381F8EC30DEF80010D4
:1079500000F10B0311FA82F13B2281F8EC20DEF8F2
:10796000001000F10C0211FA83F11F2381F8EC30B2
:10797000DEF8001000F10D0311FA82F1212281F8E6
:10798000EC200E30DEF8001082B211FA83F1D2083A
:10799000FF23262A81F8EC300BD8EC2111FA80F075
:1079A000002100BFDEF8002011540130B0F5097F3E
:1079B000F8D140F2CE30C2F200000078DEF80010BC
:1079C000432501AB4FF40972009500F003F802B0B3
:1079D000B0BD00002DE9F04F81B0082802D94FF06A
:1079E000FF348EE04FEA401B05460BF108001F46AE
:1079F00014468946F0F7DCFA00F00F00042818BF9F
:107A0000022869D1002C64D03868002867D0DDF8DE
:107A100028A0BAF1000F65D00BF542784046F0F788
:107A2000C7FA422818BF222862D10BF6084039460F
:107A30000422F0F725FB41F2080058444FEA1A21CE
:107A4000F0F7FCFA41F2081058445FFA8AF1F0F7B7
:107A5000F5FA41F608705844F0F7AAFA800280B2AD
:107A600042F6046AA04238BF0446012000FA05F637
:107A7000C2F2000A2846F1F763FE07464046F0F7D7
:107A800097FA90B3BAF80000064218BFBC4232D849
:107A9000BC42EFD828464946224602F031FB0BF59E
:107AA000847528462021F0F7C9FA00BF2846F0F770
:107AB0007FFA0028FAD10BF5027500BF2846F0F7CF
:107AC00077FAC10619D40007F8D56FF00C04082125
:107AD00014E06FF00D0414E06FF0040411E06FF097
:107AE0000B040EE06FF00A040BE06FF0030408E0F3
:107AF0006FF0060405E0002403E010212846F0F7AB
:107B00009DFA204601B0BDE8F08F00002DE9F04F4E
:107B100081B0082801D9FF20AAE004460F460429B5
:107B20004FF0FB0000F2A4800121B94011F0160FC4
:107B300000F09E801D4613F0060F01D0FA2097E05A
:107B4000904645B1022F00F09780012F08BF15F035
:107B5000210F00F0A2804FF4847000EB4416102136
:107B600030464FEA441AF0F769FA00BF3046F0F7A2
:107B70001FFA0028FAD10AF502701F21F0F75EFA09
:107B800042F60669C2F200090120B9F80010A040CF
:107B900021EA000042F6106142F6086BA9F80000E5
:107BA000C2F200010020C2F2000B0AF5427621F871
:107BB00014000BF8040000BF3046F0F7F9F9002874
:107BC000FAD105F0F0010AF108003943F0F736FA6E
:107BD000B8F1000F02D04FEA182113E040F28020E4
:107BE000C2F20000B0F800804FF6F07308F1010215
:107BF00091B2994204BF4CF20002CFF6FF724FEAF5
:107C0000182102800AF58160F0F718FA0AF5A160E0
:107C10005FFA88F1F0F712FA0AF584773846012105
:107C2000F0F70CFA3846F0F7C3F90028FAD142F61B
:107C30000461C2F2000105F001000A88A04010436F
:107C400008800120B9F80010A04021EA000042F6A7
:107C50001061A9F800000020C2F2000121F8140010
:107C60000BF804003046F0F7A3F90028FAD02046BC
:107C700040B201B0BDE8F08F68B2002804D415F01E
:107C8000200101D0FA20F3E700283FF564AF15F09A
:107C900010003FF460AFFA20EAE7FA20E8E70000BE
:107CA0002DE9F043A7B0446B064640F2D95040F2AC
:107CB000C955002C08BF346BC0F20200C0F20205A7
:107CC00004AF002A08BF054638468846FAF7A8FDE3
:107CD000B06B00F110013846FAF704FD0DF17C0994
:107CE00038464946FAF704FD3846FAF793FDB06B7B
:107CF0000C21D0F86471202204F13000009202912E
:107D000030212A464B46CDF80480B847484620210A
:107D1000F9F752FA27B0BDE8F08300002DE9F043EF
:107D2000C7B0446B054640F2D95040F2C956002C0A
:107D300008BF2C6BC0F20200C0F2020604AF002A9A
:107D400008BF064638468846FAF7DAFFA86B00F106
:107D500080013846FAF78EFE0DF1EC0938464946A7
:107D6000FAF78EFE3846FAF7C5FFA86B0C21D0F85B
:107D70006471302204F130000092029130213246C9
:107D80004B46CDF80480B84748463021F9F714FA3D
:107D900047B0BDE8F0830000F0B59BB06F460646E3
:107DA000384614460D46FAF73BFDB06B00F1100162
:107DB0003846FAF797FC38462946FAF799FC20200E
:107DC00020603846FAF726FD1BB0F0BDF0B5B7B01D
:107DD0006F460646384614460D46FAF791FFB06BDB
:107DE00000F180013846FAF745FE38462946FAF791
:107DF00047FE302020603846FAF77CFF37B0F0BDF0
:107E000070B50446806C002818BFFCF767FE656BF0
:107E100065B1286E30B104F0BFFD002085F8680020
:107E2000C5E9180028467021F9F7C6F9A56B85B198
:107E300005F11000FAF7EEFC05F18000FAF75AFFA1
:107E400005F10800F9F77AF828464FF4F871F9F7C8
:107E5000B3F9A06C20B90120D021E8F767FAA0643B
:107E6000606B20B901207021E8F760FA6063A06BB5
:107E700028B901204FF4F871E8F758FAA063A06B15
:107E8000002844D0A16C002941D0616B00293ED06C
:107E900008467021E8F7B3F9A56CD0212846E8F729
:107EA000AEF905F14C00F2F79DFA05F18C00F2F7FE
:107EB00099FA05F13400F6F7D3FB05F14000F6F727
:107EC000CFFBA46B4FF4F8712046E8F798F904F162
:107ED00010052846FAF7A4FC284600210025FAF7E9
:107EE0002DFD04F180063046FAF70AFF30460121E5
:107EF000FBF706F848F2B140C0F20100C4F858019F
:107F000004F108002580F9F743F8284670BD04F015
:107F100043FDA06C04F040FD606B04F03DFD0020CB
:107F2000A064C4E90D0048F20010CFF6FF7070BDE8
:107F30002DE9F0410446806BD0F86801807A0A2868
:107F400043D8012101FA00F040F21E6108423CD002
:107F500020460121FCF726FC054610B12846BDE865
:107F6000F081606F162823D16068E56E0130606093
:107F700028780D38B0FA80F04FEA5010C4F8B800F5
:107F800029D1D4F88070042F46D92E79B01D8742AC
:107F900042D9E168032931D171194979285C40EA55
:107FA0000120304400F1070847451AD9861C1DE01E
:107FB000204602210A22FCF729FD48F28050CFF624
:107FC000FF7000F56070BDE8F081606801306060AE
:107FD0000020BDE8F0810120C4F888000020BDE841
:107FE000F081204602213222FCF710FD47459EBF5A
:107FF00048F28050CFF6FF70BDE8F0817019B0F8FC
:108000000500D4F8801000BA06EB1040073081421A
:1080100004BF0020BDE8F08148F2805520460221CF
:108020003222CFF6FF75FCF7F1FC2846BDE8F0815F
:108030002DE9F04F81B001210446FCF7B3FB064661
:1080400000284CD1606F162834D1D4F880002A283B
:108050003CD3E76E3878022838D120683E1D90F86E
:10806000501004F10C05C1F3400204F10800294648
:108070003346FCF7A9FC2068A16890F84E20914295
:108080000CDB2A6890F84F309A4207DB90F84C30AE
:10809000994203DC90F84D00824224DD2046022103
:1080A0004622FCF7B3FC48F28060CFF6FF7000F583
:1080B000306614E0204602210A22FCF7A7FC48F2B1
:1080C0008060CFF6FF7000F5207608E048F2806609
:1080D000204602213222CFF6FF76FCF797FC30468D
:1080E00001B0BDE8F08FA06BB91D00F5C87020226B
:1080F000E8F75EF897F82650212D09D348F28066FC
:10810000204602213222CFF6FF76FCF77FFCE6E71D
:10811000D4F8800005F12B01884219D9A919C98C1E
:108120004FF0FF330ABA03EB1242032A06D391FA47
:1081300091F805EB08012C3188420FD048F2806697
:10814000204602213222CFF6FF76FCF75FFCC6E71D
:1081500005F12A01884211D14FF00008A81990F8C2
:108160002510A9B1204602212F22FCF74FFC48F22E
:108170008060CFF6FF7000F51066B0E748F28066C9
:10818000204602213222CFF6FF76FCF73FFCA6E71D
:10819000B0F8230046BA3046FAF7B0FF0146A06BAC
:1081A0000029C0F868113FD02046FCF74FF8D4F8FA
:1081B0003890D9F8E001002818BF002D4AD1606836
:1081C0004FF0000A013060600020C9F8E0A100F023
:1081D000EDFB616B2A4681E84104CD6001F110009E
:1081E00007F12701E7F7E4FF2068E16850F8211064
:1081F0000A682AB3606B043140688242F8D148F2C1
:108200008069CFF6FF79FAF779FF30B1E16802694A
:108210008A4202DC806988423CDA204602212F2211
:10822000FCF7F4FB4E465AE7204602215022FCF7A9
:10823000EDFB48F28060CFF6FF7000F508664EE770
:1082400048F28066204602212F22CFF6FF76FCF707
:10825000DDFB44E7606B4168B142B0D18168002921
:10826000ADD1C168A942AAD1103007F127012A4631
:10827000E8F723F80028A2D10C2060602046FBF725
:108280004DFA0028B0D00646204602215022FCF7C5
:10829000BDFB24E7606B00218160781900F12C059B
:1082A0004FF0040B0AE0204602213222FCF7AEFB1D
:1082B00000204E46002837463FF411AFB8F1000FBA
:1082C00030D0688801BA0BEB114AD045EBD329882E
:1082D0004FF6017209BAB2EB114F0CD140BA012826
:1082E00001D12879B0B1204602212822FCF78EFB6B
:1082F00000204E46A0B1A8EB0A08A8F1010102290E
:108300004FF00000554488BF0120032938BF4F4675
:108310003E46CFE701200026C4F8C0000028EAD17D
:108320000020C7E7D4F8C00008B10026D7E62068CF
:1083300090F8500000F03000202806D1204602219D
:108340002822FCF763FB4E46C9E60026C7E600007C
:10835000B0B501210546FCF725FA044608B12046D0
:10836000B0BD686F48F280441628CFF6FF741CBF7A
:1083700004F59060B0BDD5F88000042809D1E86EFE
:1083800000780E2805D16868002401306860204616
:10839000B0BD284602213222FCF738FB2046B0BD92
:1083A00070B50446806BD0F86861B07A012804D1BA
:1083B000606801306060002070BD20460121FCF73C
:1083C000F1F9054608B1284670BD606F162815D131
:1083D000E06E48F600150078CFF6FF750C2804BF54
:1083E00005F5306070BDB07A40F0020007280DD16D
:1083F00061680120C4F88800481CDBE748F60015D6
:10840000204602210A22CFF6FF7502E02046022113
:108410000A22FCF7FBFA284670BD00002DE9F04166
:108420000E4604460120202115464FF02008E7F7AC
:108430007DFF616B086680B106200627F6F7FAF823
:10844000616B2A460B6E3146F5F77AFE616B81F857
:108450006870C1F86480BDE8F08120460221502296
:10846000FCF7D4FA48F20010CFF6FF70BDE8F081B7
:10847000B0B582B00446806B019108308D18F8F7D2
:1084800087FDA06B294600F1080201A8F8F784FDDA
:1084900000281CBF49F20040CFF6FF7002B0B0BD0B
:1084A000806B1030FAF7A6BA806B8030FAF7D8BD2F
:1084B00070B50546806B144610300E46FAF79AFAEE
:1084C000A86B314680302246BDE87040FAF7C8BD3F
:1084D00070B594B00446806BD0F8686100201390AA
:1084E0002046FBF71BF90546002840F08C80B07A47
:1084F0000A2800F28B80012101FA00F040F21E618F
:10850000084200F08380D4F8B800002877D0A06B30
:1085100008B1416809B92168896B00296FD00968E1
:1085200000296CD008B1416809B92168896B48F607
:1085300000250029CFF6FF7565D04968002962D073
:10854000D0F85C3107A906AA20469847E0680328BE
:1085500061D1A06BD4F8A010D0F86801457A04204E
:10856000072D08BF05200871A06B18BF062508B1AC
:10857000406808B92068806B002814BF406800205C
:108580000026FCF7A3FAD4F8A01006964871A06B59
:1085900008B1406808B92068806B002814BF4068A3
:1085A00000202168D4F8A020D1E90631083213AEAA
:1085B0004FF0000CCDE90026CDE9023107AA29468B
:1085C0000023CDF810C0F8F77BFD0546D8B9139805
:1085D000D4F8A010020A8A71D4F8A010C87108302B
:1085E0001621C4E92910D4F8A0000F210170606899
:1085F000013060602046FCF715FC054603E060682A
:10860000002501306060284614B070BD6068002508
:1086100001306060F7E705F52065F4E72DE9F04FDC
:1086200083B001680446886949F20069CFF6FF7992
:1086300030B391F84C0091F84E2091F84F30A26081
:10864000E36010B391F85020D4F8A0B091F84D1029
:10865000C2F340020BF10403FCF71AFDA56B0020E6
:1086600000F0A4F900BAC5F87001206805F5BA71E8
:10867000D0E906301C22984760B103B0BDE8F08F06
:10868000A9F5206003B0BDE8F08FA9F5E06003B064
:10869000BDE8F08FA16B0BF1060001F5B871202247
:1086A000E7F786FD606BC168A1F1210010F1110FA1
:1086B00001D2002105E0A06BD0F8E001002808BF3E
:1086C00000218BF8261089B10BF126004A424FF0A9
:1086D000FF3100BF636B0B445B7C013100F8013F4D
:1086E00053180133F6D12831421C02E00BF1270266
:1086F000272143F6FE7081427CD801922068E2680F
:108700008D1C50F822200BEB050710684FF0000A73
:1087100060B3161D43F6FE7807E000BF0120C0B12C
:1087200056F8040B0BEB050700B3FAF7E7FC00283B
:10873000F4D02168036991F84D209342EEDC91F862
:108740004F10806988424FF00000B8BF0120002818
:10875000E6D145454EDC56F8040C0AF1010A000A40
:10876000387056F8040C02357870D9E743F6FE707D
:1087700085423FDC4FF47F4038800AF10100019AC6
:10878000C109117043F6FF71691A400011F1030F1E
:1087900050702FD805EB0B060120B0700020F87048
:1087A00043F6FA70854248463FF767AFBD1D0BF5AB
:1087B000804202AB2046294600F09AF800287FF458
:1087C0005CAF0299301D19B10A0A027068187971FC
:1087D000A0EB0B001621C4E92910D4F8A000012158
:1087E00001706068411C2046616003B0BDE8F04F35
:1087F000FCF718BB484603B0BDE8F08F2DE9F04701
:1088000086B0856B0446D5F8680149F20039807A54
:10881000CFF6FF7901281EBF09F5807006B0BDE8CC
:10882000F087E66821683746002E18BF012791F8C7
:10883000502091F84C0091F84D10C2F3400205F51C
:10884000D87A5346FCF724FC206805F5D971D0E9A5
:1088500006302E22984718B1B0B306B0BDE8F087B5
:10886000A06B302100F10808C0F86C1140460121CE
:10887000F8F73AFBD0B32168D4F8A030780043F67B
:10888000FC77A26B0344381AD1E90675D2F86C2143
:1088900005A90433CDE900104046514602970395DF
:1088A000F8F72AFB0028D7D14EB10598D4F8A010CC
:1088B000020A0A71D4F8A0104871023005904046AF
:1088C000F8F73CFB0020C7E7059816210430C4E9FF
:1088D0002910D4F8A0001021017060680130606098
:1088E0002046FCF79FFA06B0BDE8F0874846B3E79C
:1088F0002DE9F04381B0994603680D4693F84D1079
:1089000000200329C9F8000019D1D3F844C04AF265
:108910008010BCF1000FCFF6FF7010D0DCF80030F3
:1089200083B10CF1040700234FF6FC74A34206D870
:1089300057F813109E1C00293346F7D12EB901B009
:10894000BDE8F0830026002EF9D0AA42A0F53860D9
:10895000F5D3B11D521B8A42F1D3DCF8000098B167
:10896000ACF104076FF001064FF00108FBF75AFC69
:10897000A919087281F80980B8680437002806F13F
:108980000206F3D1B01C00E000204FF450612980B2
:10899000811C0A0AE970010A68710630AA702971FF
:1089A000C9F80000002001B0BDE8F083002814BF22
:1089B00000680020704700002DE9F04F97B0044692
:1089C00048F2001704A8984691460E46CFF6FF7766
:1089D000F5F746FE2046F5F72DFE002873D0219CC2
:1089E00005460396F5F73EFD06464046E7F746FC8A
:1089F0008346204400EB060A029001205146E7F727
:108A000095FC0446002862D0CDF8049004EB0609DA
:108A1000209F484641465A46E7F7CAFB219A09EB90
:108A20000B003946E7F7C4FB04A829460122F5F7F5
:108A30003BFE074600284AD104AD0399019ADDF8B0
:108A40008C802846F5F782FD029A28464946F5F7BC
:108A5000E3FD28462146F5F711FDB8F1000F35D0AA
:108A6000B8FBF6F04FF0000B00FB168004AF07AD2B
:108A7000039002E0C145CB4628D23846F5F74AFDBF
:108A8000384621465246F5F7C7FD38462946F5F7E0
:108A9000F5FC3846F5F73EFD384621463246F5F7F7
:108AA000BBFD38462146F5F7E9FC0BEB0609C1454D
:108AB000324688BF039A002ADCD0229829465844BF
:108AC000E7F776FBD6E707F598570EE0002704A8EE
:108AD000F5F796FC20465146F8F76EFB07A84021B3
:108AE000F8F76AFB204603F057FF384617B0BDE899
:108AF000F08F0000B0B584B0DDE908E494460A9D2B
:108B00000A460146CDE9003E0620634602940395DD
:108B1000FFF752FF04B0B0BDB0B584B0DDE908E4A2
:108B200094460A9D0A460146CDE9003E0720634669
:108B300002940395FFF740FF04B0B0BD00F00F01B1
:108B400001F157000A2938BF01F1300070470000D9
:108B50002DE9F04FBDB000281CBF1446002A6DD08F
:108B60009B46002B6AD0DDF818A1BAF1400F65DCF6
:108B7000CAF1400716AE81468846BAF13F0F88BF5A
:108B8000002706EB0A003946E7F739FB304659461D
:108B90005246E7F70DFB06AD05EB0A003946E7F74D
:108BA0002EFB284659465246E7F702FB002000BF3D
:108BB000315C2A5C81F03601315482F05C01295429
:108BC00001304028F4D126AF384600F017F9384676
:108BD00001F026F916A93846402201F03FF938463F
:108BE0004946424601F03AF901AD3846294600F0BF
:108BF00029F8384600F002F9384601F011F906A9C3
:108C00003846402201F02AF938462946142201F05C
:108C100025F93846294600F015F80026A85D000918
:108C2000FFF78CFFA95D04F81600084604EB460721
:108C3000FFF784FF0136142E7870EFD13DB0BDE808
:108C4000F08F00002DE9F04782B0054640680C46E1
:108C50002968C20042EA5172470D8DF803204A0D7F
:108C60008DF804204A0B8DF80070470B8DF8052015
:108C70004A0901F03F0A8DF8017047098DF8062076
:108C80007822BAF1380F4FEAC1038DF8027038BF6D
:108C90003822B2EB0A068DF8073034D089192960E2
:108CA00024BF01306860BAF1000F00F09C80CAF167
:108CB00040084FF2BC674645C0F2010710D305F1EA
:108CC0001C0909EB0A0039464246E7F771FA2846C3
:108CD000494600F099F84744A6EB08064FF0000A11
:108CE000402E08D32846394600F08EF8403E3F2EED
:108CF00007F14007F6D836B105EB0A001C303946BB
:108D00003246E7F755FA286800F03F0900F10801FC
:108D100010F1080F296002D3686801306860B9F16A
:108D2000000F19D0B9F1380F6E4618D3C9F14008B9
:108D300005F11C0707EB090031464246E7F738FA10
:108D40002846394600F060F84644A9F138074FF04C
:108D50000009402F06D20EE04FF000096E460827AA
:108D6000402F08D32846314600F04EF8403F3F2FB1
:108D700006F14006F6D837B105EB09001C30314644
:108D80003A46E7F715FAE87A207068896070A868B3
:108D9000000AA070A868E070E87B2071E889607123
:108DA000E868000AA071E868E071E87C2072688ACF
:108DB00060722869000AA0722869E072E87D207359
:108DC000E88A60736869000AA0736869E073E87EE6
:108DD0002074688B6074A869000AA074A869E074A4
:108DE00002B0BDE8F0874FF2BC674FF0000AC0F256
:108DF0000107402EBFF476AF7DE7000080B55C210F
:108E0000E7F7FDF980BD00002DE9F04FA2B04B68F7
:108E10000A6893FA83F8D0E90293046946698F6877
:108E200015BA86EA040297FA87FE119087691846F8
:108E30001A4005EBF96372403B441A4484EAB003DC
:108E40001C9510974FEAB00703EA090347F69915F6
:108E50000F9663404644C5F6822587EAB907334436
:108E6000561906EA070282460D9082EAB00203EB29
:108E7000F6604FEAB603D1F80CC083EAB9030EEBF3
:108E800004072844CDF860E007EB020E9CFA8CF74B
:108E900003400E94209783EAB90307EBBA040F69E5
:108EA00004EB030A3BBA0EEBF0674FEAB00484EA26
:108EB000B6042F443C4084EAB60E03EBB9024C6979
:108EC0001493964423BA0AEBF7644FEAB70282EA96
:108ED000B0022C442240139382EAB00203EBB606A0
:108EE0008B6906EB020A1ABA0EEBF4634FEAB4067A
:108EF00086EAB7062B441E401A9286EAB70602EBB2
:108F0000B000CA6900EB060C10BA0AEBF3624FEA34
:108F1000B30686EAB4062A44164086EAB40E0E6A00
:108F2000CDF86C80159000EBB70796FA86F80CEB3D
:108F3000F2604FEAB20686EAB3062844064007EB21
:108F40000E0A86EAB30608EBB4044F6A04EB060E79
:108F500097FA87FB0AEBF0664FEAB00787EAB20799
:108F60002E44374087EAB20A8F6A0BEBB30397FAB5
:108F700087FC0EEBF6644FEAB60787EAB0079A441F
:108F8000631903EA070484EAB0040CEBB202CF6A67
:108F9000CDF874C002EB040C3ABA0AEBF3644FEA62
:108FA000B30787EAB6072C44274087EAB60A02EBE4
:108FB000B0000F6B1E92824438BA0CEBF4624FEA99
:108FC000B40787EAB3072A44174087EAB30700EBE0
:108FD000B6062190486B06EB070C0AEBF26A4FEAE3
:108FE000B20607BA86EAB4000AEB0506304080EA0A
:108FF000B40A886B07EBB30390FA80FEC86B0CEBE6
:10900000F6619A444B19CDF83090B94619970AEB9E
:10901000F3674FEAB60107EB050C4FEAB30781EAA5
:10902000B20187EAB60700BA194007EA0C071F9099
:1090300081EAB20187EAB60700EBB202DDF860A070
:109040001C980EEBB4043A448AEA0007214487EAEC
:10905000080701EBFC6189EA07094FEAF977CDF8C7
:10906000208007EBB6084C1920981B9F02EBF46197
:109070004FEABC0282EAB3024FEAB406474086EAEE
:10908000BC0687EA0B07CDF81CB02944224087EACA
:109090000E0B82EAB3020E404FEAFB7786EABC066B
:1090A00007EBB3034244981902EBF1624FEAB103B4
:1090B000CDF85CE083EAB406DDF850E01290531975
:1090C0001D9803EA06028EEA0A0646401F980B978F
:1090D000DDF84C80209F464018964FEAF67088EAEB
:1090E00007061E9F82EAB402099000EBBC007E4096
:1090F000CDF8709086EAF97900EB020C12984FEAED
:10910000F97202EBB40200EBF3674FEAB30484EAAE
:10911000B1007C19204080EAB1000CEBF4670244F6
:10912000781902EBF062DDF868C02A44219D8CEAD0
:109130000E076F4087EAFB7A4FEAB40787EAB30766
:109140004FEAFA760A9606EBB101159E4740199D43
:1091500001EB070E86EA08076F40189DCDF858B05E
:1091600087EAF5714FEAB00585EAB4054FEAF17771
:1091700007EBB303DDF820B004975540179F03EBCE
:1091800005088BEA0C037B4083EAF977CDF86C90F5
:109190004FEAF77312910EEBF26103EBB4094EF64E
:1091A000A133C6F6D963CC184FEAB20181EAB00107
:1091B00008EBF4686140DDF81CE03D461A9709EBC6
:1091C000010708EB030198461F9B86EA0E065E40E6
:1091D00007EBF16C86EAFA774FEAB40686EAB20644
:1091E0004FEAF77303EBB000E044DDF874C0059379
:1091F0004E401C9BCDF850A0BA46139730444FEA1E
:10920000B1068CEA0B0786EAB40687EAF377129B6D
:10921000DDF8789086EA080B87EAF376169B89EAF0
:109220000E0787EAF3774FEAF673029303EBB20275
:1092300087EAF573B64608964FEAF3765A4406EB8A
:10924000B40400EBF8604FEAB8064EF6A13B86EA9C
:10925000B106C6F6D96B5844219D20934640189B11
:10926000344485EA0C0686EAF37602EBF06286EA7D
:10927000FA7C5A444FEAB00604EBF26486EAB80678
:109280004FEAFC7303EBB101564004EB0B0ADDF827
:1092900064B00E441B994FEAB2048BEA090784EAD2
:1092A000B00487EAF177DDF85C90069384EA0A035C
:1092B00087EAFE74149989EA050787EAF1774FEA8D
:1092C000F471019101EBB80820994EF6A13587EAB7
:1092D000F171C6F6D9654FEAF17707EBB00706EBF7
:1092E000FA604FEABA0686EAB206219128441F992D
:1092F0001E944640129C434407EB060881EA0B0784
:1093000003EBF06387EAF4762C465F1986EAFC7576
:109310004FEAB00383EABA034FEAF57606EBB202EE
:109320007B4002EB030B169BCDF854C081EAF37C23
:109330001C99AE46189589EAF1731A9D08EBF762FD
:1093400083EAF5731E9D079683EAF578139B4FEA2F
:10935000F87522444FEAB7048CEAF373179505EBCE
:10936000BA06219D84EAB00483EAF573544006EB03
:10937000040A4FEAF374994604EBB0040BEBF26075
:109380004FEAB2064EF6A13386EAB706C6F6D963AF
:109390001844DDF824C0464026448CEAF174089D48
:1093A0000AEBF06184EAF575194485EAFE7E4FEA1E
:1093B000B0059B4685EAB2054FEAFE73089303EBBE
:1093C000B707149B4D4007EB050A06EBF1678CEAE3
:1093D000F3750B9B1B9EDC4683EAF6744FEAB103E0
:1093E0005F4483EAB00B209BCDF8489084EAF37485
:1093F0008BEA070384EAF87B159CCDF87C8085EA2C
:10940000F4754FEAFB7404EBB20285EAF979134470
:109410004FEAF972039402EBB0000AEBF7624FEAED
:10942000B70484EAB10462445440E24600EB040C01
:10943000049C1E9D84EAF67003EBF26380EAF575E6
:1094400003EB0A00D04685EAFE7A4FEAB20383EACC
:10945000B7034FEAFA7505EBB1014340194409958A
:109460001B910CEBF06313990A9DDDF868C084EA48
:10947000F17485EAFC752199CDF874E085EAF175FF
:1094800018994344C64685EAFB7884EAF174CDF81E
:1094900050B04FEAB0064FEAF87184EAF97B86EAE9
:1094A000B2060A9101EBB7051B994FEAFB745E40C7
:1094B00004EBB20201EBF3614FEAB304354484EAF2
:1094C000B00601EB0E04029F86EA0401CDF8589025
:1094D00002EB010987EAFC711F9A05EBF46581EA4A
:1094E000F27605EB0E0186EAFA724FEAB405CDF882
:1094F00078A01F9285EAB3054FEAF276059ADDF867
:1095000080A006EBB0000B964D4082EAFA72129EE4
:10951000054409EBF16082EAF672704405EBF06CE9
:1095200082EAF8754FEAB1064FEAF57286EAB406A8
:10953000059202EBB303159AF146464087EAF277AB
:109540001D9AAE46009533440CEB090503EBF56319
:1095500087EAF2774B4445EAB00687EAFB7906EAE8
:10956000B10C05EAB0074FEAF972CDF870B002EB22
:10957000B402DDF804B047EA0C0702EB070C8BEAF3
:10958000FA77149A43EAB50687EAF2771F9ACDF87C
:109590004C8087EAF27206EAB00803EAB5044FEAA3
:1095A000F27606EBB10148EA040790461B920CEBF9
:1095B000F36201EB070C4BF6DC41C8F61B71149605
:1095C00057182199069E47EAB30286EAF174169E5F
:1095D00002EAB50284EAF67407EAB30684EAFE7A80
:1095E00032434FEAFA7606EBB00006960CEBF766CC
:1095F00010444BF6DC42C8F61B7206EB020E189EB6
:109600001E9C8BEAF6764EEAB70286EAF47602EA08
:10961000B3020EEAB70486EAF97622434FEAF674FB
:1096200004EBB505DDF85CB005EB020C8BEAF175D7
:109630001399CDF86490B146189600EBFE604BF696
:10964000DC46C8F61B7685EAF175304440EABE0474
:1096500085EAF87504EAB70400EABE024FEAF5713C
:10966000A8461A9501EBB3030CEBF0652243139166
:1096700003EB020CAB190799129ECDF880A081EA8A
:10968000F6741C9943EAB00584EAF17405EABE0554
:1096900084EAFA7A03EAB0024FEAFA71079101EB21
:1096A000B7040CEBF3674BF6DC41C8F61B710F44B3
:1096B0001D992A4304EB020C8BEAF1741F9947EAC7
:1096C000B30584EAF17405EAB00584EAF97107EAA2
:1096D000B3024FEAF1742A438946179104EBBE05A1
:1096E0000CEBF7644BF6DC41DDF80CB0C8F61B71EF
:1096F00005EB020C04EB010E8BEAF67500994EEABD
:10970000B70485EAF17504EAB3040EEAB70285EA04
:10971000F87122434FEAF17404EBB0000CEBFE65E4
:1097200000EB020C4BF6DC40C8F61B702A18169EA4
:109730000898159480EAF674199842EABE0584EAFE
:10974000F074219184EAFA7405EAB70802EABE00CF
:109750004FEAF47101EBB30340EA0800A04602941B
:109760000CEBF26403EB000C1E98CDF810A04BF646
:10977000DC4A0891C8F61B7A8BEAF0701B9904EB5F
:109780000A0343EAB20480EAF17004EABE0B03EA7A
:10979000B20480EAF9754BEA04004FEAF57404EB71
:1097A000B7040CEBF3670A9904EB000C07EB0A040F
:1097B00081EAF67744EAB300209E00EAB20987EA1C
:1097C000F6772198D34687EAF07004EAB30A20902E
:1097D0004FEAF070129000EBBE070CEBF46049EA20
:1097E0000A0907EB090C00EB0B07DDF870900998EC
:1097F000189E80EAF97047EAB40E80EAF670DA46FD
:1098000080EAF8760EEAB30E07EAB40B4FEAF67078
:10981000099000EBB2020CEBF7604EEA0B0E02EB84
:109820000E0C00EB0A021F9842EAB70E81EAF070B4
:109830001A99B04680EAF170039680EAF5710EEA53
:10984000B40E02EAB70B4FEAF17606EBB3030CEB6A
:10985000F2661E914EEA0B00059903EB000C06EB35
:109860000A031D9581EAF97643EAB200049D00EAF5
:10987000B70E86EAF5762098D34686EAF07A03EAB0
:10988000B2094FEAFA704EEA090E0A9000EBB406EC
:10989000DDF864900B980CEBF36480EAF970179D87
:1098A0005C4406EB0E0C44EAB30680EAF57006EA67
:1098B000B20E04EAB30680EAF87B4EEA06004FEAED
:1098C000FB7606EBB70704960CEBF46607EB000E8D
:1098D0004BF6DC451B98C8F61B7506EB050C81EAB8
:1098E000F07621981E9986EAF0764CEAB40786EA6B
:1098F000F17107EAB3080CEAB4004FEAF17606EB1F
:10990000B2020EEBFC67DDF818E040EA08001F9198
:1099100002EB000878198EEAF977029940EABC0652
:1099200087EAF17706EAB40687EAFA7200EABC052C
:109930004FEAF27191461C920B9101EBB30308EBD5
:10994000F0624BF6DC41C8F61B7146EA05070A4493
:109950003B4442EAB0071899149E07EABC0586EA20
:10996000F1761D9FCDF804B086EAF77702EAB006DB
:1099700087EAFB7735434FEAF77606EBB40403EB4F
:10998000F2634BF6DC4BC8F61B7BCDF858A004EB1A
:10999000050A03EB0B05059645EAB2031A9EB84685
:1099A0008EEAF67603EAB00E209B029786EAF376FB
:1099B0001F9B05EAB20786EAF3734EEA070E4FEAE9
:1099C000F37606EBBC070AEBF56607EB0E0ADDF84B
:1099D0001CE006EB0B0C8EEAF1740399199384EAF0
:1099E000F1744CEAB50684EAF97306EAB2060CEAA9
:1099F000B5074FEAF3719946189301EBB0000AEBF3
:109A0000FC6346EA0704204403EB0B0600EBF66018
:109A1000149100EB0B011398DDF85CA01E9F80EA07
:109A2000FA704FEABC0480EAF77084EAB50780EA6E
:109A3000F87B219B87EA06004FEAFB778EEAF373F7
:109A4000139707EBB202169FDDF8648083EAF77381
:109A5000104483EAF87E4FEAB60282EABC024FEA7B
:109A6000FE7303EBB5034A409F18089B019C83EAF1
:109A7000FA7200EBF16082EAF4724CF2D614CCF682
:109A8000622482EAF97905194FEAB10080EAB6004A
:109A90004FEAF972179202EBBC026840104406903C
:109AA00020981D9A83EAF07A159B07EBF56083EA0C
:109AB000F2771F9BCDF81CB087EAF3774CF2D61CE7
:109AC00087EAFB774FEAB5044FEAF773159303EB88
:109AD000B6061C9BBB4608978AEAF377CCF6622C45
:109AE00084EAB104604487EAFE734440DDF824A0B0
:109AF00034444FEAF3768AEAF27206EBB106029931
:109B0000CDF86CE082EAF172069982EAF97E01EB07
:109B1000F0614FEAB007614404EBF1624FEAFE7472
:109B2000CDF8849087EAB50704EBB50402EB0C0589
:109B3000E146129ADDF878C04F4082EAFC723E445A
:109B40004FEAB10782EAF87287EAB00782EAFB724D
:109B50006F4004EB07084FEAF27493461292169A8C
:109B600004EBB0008AEAF274189A06EBF5664FEA45
:109B7000B50784EAF27487EAB1074E4484EAF372C7
:109B8000CA467740DDF8109038444FEAF27789EA08
:109B9000FC7407EBB1070799944684EAF17408EB6B
:109BA000F6611D924FEAB6021A9382EAB502514459
:109BB000534684EAFE7A00EBF1604A404FEAFA74B9
:109BC0003A4404EBB507C5180A98DDF87C80099281
:109BD00080EAF8701B9A4FEAB10484EAB60480EA7E
:109BE000F27084EA050280EAFB7BCDF880E09E46B5
:109BF0003A441C9B09980A924FEAFB7202EBB602A8
:109C000089EAF37600EBF56721984FEAB50486EA16
:109C1000F07684EAB1047346774486EAFC7EDDF888
:109C200014C07C4022448CEAF87408984FEAFE760F
:109C300006EBB10184EAF0760A984FEAB70400EB2C
:109C4000F76084EAB5041844444001EB040886EA4E
:109C5000FA7402EBF0624FEAF47606EBB506D5181B
:109C60000B9A199B1A9982EAF372CDF858A082EAEE
:109C7000F172A2461F944FEAB00484EAB70482EA64
:109C8000FB7918996C404FEAF972CDF878B006EB81
:109C9000040B02EBB7028CEAF17708EBF5614CF2AA
:109CA000D6164FEAB504CCF6622684EAB0043144F5
:109CB000209E4C4087EAF6771444139A87EAFE7C8C
:109CC00082EAF377129B4FEAFC76CDF870E006EB60
:109CD000B00087EAF3760BEBF1674FEAB1034CF281
:109CE000D61E83EAB503CCF6622E774486EAFA786C
:109CF0007B4000EB030A4FEAF87303EBB50604EB75
:109D0000F7644FEAB70585EAB10004EB0E05149C31
:109D10001B9B684084EAF37430441D9E84EAF67607
:109D2000219C86EAF97982EAF474169A4FEAF97668
:109D300084EAF2740AEBF56284EAFC7B4FEAB5042C
:109D400084EAB70406EBB1067244544006EB040CF7
:109D50004FEAFB7606EBB70600EBF2604FEAB2077C
:109D6000159987EAB507704481EAF3741E9B474052
:109D70003E4484EAF374179F1A9B84EAF87487EAD6
:109D8000F3771C9B4FEAF47487EAF37704EBB5058D
:109D900087EAF9734FEAB0044FEAF3730CEBF0670C
:109DA00084EAB20403EBB202209B774481EAF373A6
:109DB0001F9906EBF7667C4083EAF17325447644ED
:109DC00083EAFB7105EBF6630C9D4FEAB70484EA66
:109DD000B00405EBF171744001EBB0004FEAB6013D
:109DE0002244734481EAB70102EBF362594008440C
:109DF00002EB0E010D9A00EBF16011440E9A7044D3
:109E000002EBB3020F9B03EBB603109E06EBB70702
:109E1000119E06F1080C8CE88F0022B0BDE8F08F8F
:109E200042F201320021C6F24572016041604AF6F9
:109E3000893182604DF6FE42CEF6CD71C9F6BA0286
:109E4000C16045F2764102614EF2F012C1F2320178
:109E5000CCF2D232C0E90512704700002DE9F04380
:109E600081B0CAB30646006814460D4600F03F09AB
:109E70008018306002D3706801307060B9F1000F53
:109E800011D0C9F14007A7420FD806F11C0808EB12
:109E9000090029463A46E6F78BF930464146FEF777
:109EA000B3FF3D44E41B4FF00009402C09D300BF31
:109EB00030462946FEF7A8FF403C3F2C05F14005FF
:109EC000F6D84CB106EB09001C302946224601B0F9
:109ED000BDE8F043E6F76CB901B0BDE8F0830000DF
:109EE000002A08BF70472DE9F04F83B040F23C27AD
:109EF000054642F60800C2F2000700EB4518B868B4
:109F000092460091804738698047F9690020884768
:109F1000F9694FEA182002908847F9695FFA88F0DA
:109F20008847B8698047796983468847F8688047D9
:109F300042F6081000EB4519B86880473869804739
:109F4000F96900208847F9694FEA1920019088478C
:109F5000F9695FFA89F08847B869804779690646E8
:109F60008847F868804746EA0B26300200EB451424
:109F7000B86804F11805804738698047F969C4F367
:109F800007408847F969C4F307208847F969E8B2B0
:109F9000884700985446451EB869804705F8010F68
:109FA000013CF9D178698047F868804706EB0A05DB
:109FB000A8B2B968040A884738698047F96900205F
:109FC0008847F96902988847F96948F00400C0B2E7
:109FD0008847F9692046884778698047F86880474C
:109FE000B868804738698047F96900208847F9696F
:109FF00001988847F96949F00400C0B28847F969B7
:10A00000E8B2884778698047F86803B0BDE8F04F48
:10A01000004700002DE9F04F81B040F23C25044696
:10A0200042F60800C2F2000500EB4416A868884614
:10A03000804728698047E96900208847E9694FEA35
:10A04000162A50468847E969F0B28847A8698047D0
:10A05000696981468847E868804742F6081000EB46
:10A060004416A868804728698047E9690020884726
:10A07000E9694FEA162B58468847E969F0B28847E4
:10A08000A8698047696907468847E868804708EB00
:10A090000920A968C619B0B2070A8847286980470D
:10A0A000E96900208847E9695046884742F60C0074
:10A0B00000EB4410E969C0B28847E969384688472F
:10A0C00068698047E8688047A868804728698047B2
:10A0D000E96900208847E9695846884742F60C102C
:10A0E00000EB4410E969C0B28847E969F0B28847DB
:10A0F00068698047E86801B0BDE8F04F004700009C
:10A10000002A08BF70472DE9F04F83B040F23C278A
:10A11000054642F20840C2F2000700EB4518B86855
:10A1200092460091804738698047F9690020884746
:10A13000F9694FEA182002908847F9695FFA88F0B8
:10A140008847B8698047796983468847F8688047B7
:10A1500042F2085000EB4519B868804738698047DB
:10A16000F96900208847F9694FEA1920019088476A
:10A17000F9695FFA89F08847B869804779690646C6
:10A180008847F868804746EA0B26300200EB451402
:10A19000B868804738698047F969C4F30740884741
:10A1A000F969C4F307208847F96904F11400C0B2C3
:10A1B000884700985446451EF96915F8010F8847ED
:10A1C000013CF9D178698047F868804706EB0A05B9
:10A1D000A8B2B968040A884738698047F96900203D
:10A1E0008847F96902988847F96948F00400C0B2C5
:10A1F0008847F9692046884778698047F86880472A
:10A20000B868804738698047F96900208847F9694C
:10A2100001988847F96949F00400C0B28847F96994
:10A22000E8B2884778698047F86803B0BDE8F04F26
:10A2300000470000007870470170704770470000C9
:10A240007047000070470000704700000020704712
:10A2500070470000F0B585B00DF102044FF41060B6
:10A2600021460622EDF7C2FE04AD4FF48070294668
:10A270000422EDF7BBFE03AE4FF4A060314604228A
:10A28000EDF7B4FE02AF4FF4706039460422EDF7EB
:10A29000ADFE00208021EDF7D1FE0020EDF788FE15
:10A2A0004FF4106021460622EDF7EAFE4FF480706D
:10A2B00029460422EDF7E4FE4FF4A0603146042263
:10A2C000EDF7DEFE4FF4706039460422EDF7D8FE5C
:10A2D00005B0F0BD80B5017842780139B1FA81F15D
:10A2E0004909012A4FEA811102D141F038010EE0FB
:10A2F000C2788078012A06D1012814BF41F00801F4
:10A3000041F0180103E0012808BF41F010014FF4AB
:10A310003850EDF793FE4FF43850EDF749FE00F05A
:10A320007F014FF43850EDF789FE4FF43850EDF7C8
:10A330003FFE40F080014FF43850BDE88040EDF71B
:10A340007DBE000010B504464FF43850EDF730FEE6
:10A35000410602D4FF2040B210BD00F0C70240F019
:10A3600038014FF43850012C08BF02F13001EDF7ED
:10A3700065FE4FF43850EDF71BFE00F07F014FF4FF
:10A380003850EDF75BFE4FF43850EDF711FE40F01A
:10A3900080014FF43850EDF751FE4FF43850EDF78F
:10A3A00007FE012C03D110F0300F03D1D2E710F0DB
:10A3B000380FCFD0002040B210BD000070B5054668
:10A3C00008460C46E5F75AFF0646C01706EB106034
:10A3D0002968000A087028683246411C29604670C6
:10A3E0002868214601302860E5F7E2FE28683044FD
:10A3F000286070BD0268117001680131016070470A
:10A40000CA1701EB12620368120A1A700268531C21
:10A4100003605170016801310160704770B5012A15
:10A42000044611DBD01702EB10602168000A0870A7
:10A4300020681546411C2160427020681946013091
:10A440002060E5F7B5FE1FE00E46A9B13046E5F7FE
:10A4500015FF0546C01705EB10602168000A08705B
:10A4600020682A46411C2160457020683146013031
:10A470002060E5F79DFE07E020680021017020685C
:10A480000125421C2260417020682844206070BD74
:10A49000F0B581B04668054696420F4617D1002AAE
:10A4A0004FD0A868394605E0013A00F1010001F1FA
:10A4B000010146D00B7804785C40E4B2002CF3D064
:10A4C000202C04D103F0DF03413B192BECD9384693
:10A4D000E5F7D4FE032E30D3A9680A782A2A2CD1B6
:10A4E00011F8012F2E2A28D130B10023FA5C2E2A30
:10A4F00003D001339842F9D10023F3B1C01A721E80
:10A5000090421AD1EAB13B440AE000BF013A4FF051
:10A51000000003F1010301F1010104BF01B0F0BD2E
:10A5200008781F784740FFB2002FEFD0202F04D1CA
:10A5300000F0DF0041381928E8D94FF0FF3001B0B2
:10A54000F0BD002001B0F0BD2DE9F04FB5B006918F
:10A55000DDE93E19824600201C460A92086010AFD1
:10A560004FF0FF31002200BF07EBC20347F8320073
:10A5700001320A2A5960F7D10A994DF200080020E9
:10A58000CFF6FF78249019B39CB32046E5F776FE0A
:10A590009AF81811054689061DD40AF170070FF2C2
:10A5A000384601E0BF6937B378680328FAD1B96843
:10A5B00030460322E5F781FE0028F3D107F10C00B5
:10A5C00021462A46FFF764FF0028EBD1002013E064
:10A5D00008F50060E9E10AF1F80600BF30462146BF
:10A5E0002A46FFF755FF20B1F668002EF6D1042069
:10A5F00003E0002001E0042010AF05900AF1CC0434
:10A600002046F6F7B3FC38B10A990138496821FAB7
:10A6100000F000F0010000E000200028059808BFCD
:10A6200000F5004005902046F6F7A0FC06284FF004
:10A63000000518BF012807D12046F6F78FFC0A99BC
:10A64000C968884228BF01250598002D08BF00F57C
:10A6500080300590249D00200990002007EBC5065E
:10A660000890002046F8040F0AF1A80047F835A02A
:10A67000FBF78CFA00281CBF012030600AF1900023
:10A68000FBF782FA18B1306840F400703060089827
:10A6900005F1010B002840F044819AF84801002898
:10A6A00000F002810A990138096821FA00F0C00718
:10A6B0004FF0000008BF4FF0FF3018B1306840F491
:10A6C000804030609AF84901002800F0F3800A9930
:10A6D0000138496821FA00F0C0074FF0000008BFB8
:10A6E0004FF0FF3018B1306840F4004030600C95F6
:10A6F00045B90AF150000AF1700100F043FD00284D
:10A7000000F0F1800998069FABEB00000AF15005BC
:10A710000F9001204FF000090796CDF82CB000BF34
:10A72000002F0D9070D04FF000084FF0000B09E0A3
:10A73000BBF1000F04BFBB46A04600BFD7F8507165
:10A74000002F65D007F17001284600F01BFD00289E
:10A75000F4D15FEAC97002D1F869032803DBD7F8A6
:10A760001C010028EAD0D7F82001012802DB0F994C
:10A770008842E3D39AF84801F3F75CFF0646F3F703
:10A7800071FEDAE905210446304625ABF3F7D8FC23
:10A7900010B14FF0FF3021E0CDF838B0C3469AF841
:10A7A000491107F1CC084046F6F79EFB88B1DAE97B
:10A7B00050C29AF84901DAF84C119AF8483125AE9E
:10A7C00002924246CDE90064CDF80CC0F6F7B2FC27
:10A7D00001E04FF0FF30D846DDF838B0B0FA80F035
:10A7E000440949EA0400C007A8D007F1A800FBF714
:10A7F000CDF900289CD107F19000FBF7C5F900289E
:10A8000096D1BB46A04603E04FF0000B4FF0000886
:10A810005846BBF1000F18BF012040EA0900C007ED
:10A8200006D1DAF8507100204FF0010978E700BF37
:10A83000BBF1000F0D9E08BF5E4674D00C984446D5
:10A840004DF20008DDF8FC90CFF6FF7810AF48B16C
:10A850000AF17001284600F095FC0028099808BF0D
:10A86000013009900C9D304616B90B9808286FD816
:10A8700024B90799086840F0080008600BF1CC047F
:10A880002046F6F773FB062818BF012818D120468A
:10A89000F6F764FB0A99C96888424FF0000038BF98
:10A8A0004FF0FF300EE000BF4FF0FF3000287FF484
:10A8B00005AF07E74FF0FF3000287FF414AF16E72D
:10A8C0004FF0FF300B9900280D46DA4630463FF432
:10A8D000C5AE079A334610680D4640F480301060CC
:10A8E000DA463046BAE6069800283FF40BAFDAF8AD
:10A8F0000840069D05E000BFD5F85051002D3FF4FB
:10A9000001AFA8688442F7D1DAF80C00E968224662
:10A91000E5F7D3FC0028EFD100200121CDF890B05D
:10A9200013E0002017E00799DDF82CB008684DF21D
:10A93000000840F00800DDF8FC90CDF890B0086009
:10A9400000200121CFF6FF7810AF0C9D51B92CE00B
:10A95000DDF82CB040460899002918BF0121CDF838
:10A9600090B011B311980599BBF1000F40EA0100B6
:10A97000119019D025AC07E03E9A25981168013D49
:10A980000843691C10600FD007EBC500B9F1000F38
:10A9900040682590F0D057F8351040982A46234655
:10A9A000C8470028E8D000E0002008F51061884280
:10A9B00008BF404630B13E9A4FF0FF31116035B0CC
:10A9C000BDE8F08F3E980068002808BF01460846A1
:10A9D00035B0BDE8F08F00BF5504030080B50268B4
:10A9E000014642F20F7082424DF60040CFF6FF70F2
:10A9F00023D8CB68172B20D80B693B2B1DD84B696C
:10AA00003B2B1AD8D1F804E0BEF10C0F15D8012366
:10AA100003FA0EFC41F2AA531CEA030F01D01F22D5
:10AA200003E01CF4256F09D01E228968914202467A
:10AA3000D8BF00220129A8BF104680BDBEF1020F79
:10AA400018BF80BD93070FD148F21F53C5F2EB1317
:10AA500052FB03FC4FEA6C1303EBDC7C64230CFB1E
:10AA600013230BB11D22E0E74BF6500C45F62943AA
:10AA7000C0F21E5CCCF28F2302FB03C24DF20B7CB2
:10AA80004FEA3213C0F2A30C1C22634538BF1D22CB
:10AA9000CBE70000F0B581B0064600201C46174603
:10AAA000106018606A46304630230D46EFF718FBF9
:10AAB00018B1A0F5145001B0F0BD3068A84232D0F2
:10AAC000304629463A46EFF713FA70B110F16201A9
:10AAD00004D1304629463A46EFF738FA0028E8D143
:10AAE000386800281CBF012038603068A8421AD09E
:10AAF000304629462246EFF729FA0028D9D1306896
:10AB0000A8424DF69A20CFF6FF700AD121686FF067
:10AB10000042914202BF023001B0F0BD481C2060EB
:10AB2000002001B0F0BD002001B0F0BD2DE9F04FD4
:10AB300083B0164602AA30238B460546EFF7D0FABB
:10AB400028B1A0F5145A504603B0BDE8F08F029822
:10AB50004DF69A280028CFF6FF7800F08580296806
:10AB6000C24608445845EED1002002AC019006E0F0
:10AB7000A0F5145A0020374600283E46E3D0286846
:10AB8000584573D22846594622463023EFF7A8FA93
:10AB90000028EDD128680299224600EB01092846D9
:10ABA00049460623EFF79CFA0028E1D1DDF808803A
:10ABB0002C68B8F1040F08D1206841F65551C0F255
:10ABC0002001401A18BF012000E00120B1680028D0
:10ABD00001981CBF4DF68070CFF6FF70019059B1FF
:10ABE000F06858B14DF69A28CFF6FF7808F1660A5A
:10ABF0000020374602ACBFE7374606E001201021AF
:10AC0000E5F794FB0746F060D0B106203860BC60E1
:10AC100002982968C7F8048008444DF69A284845E8
:10AC2000CFF6FF7802AC286015D228464946224666
:10AC30003023EFF755FA50B1A0F5145A00209BE7E6
:10AC40004DF69A28CFF6FF78A8F1040AD0E70298CB
:10AC50002968084428602868B0EB090018BFC2467C
:10AC6000B0FA80F0400987E7C2466CE70020F06048
:10AC700028685845019808BF8046C24663E700002F
:10AC80002DE9F04F93B005460068884200F02E8110
:10AC90001C461646EC3228460323FAF773FC81461D
:10ACA000002840F02E81D6E93C1228680B945718F2
:10ACB000B84280F01E810FA804300C9006F5847015
:10ACC0000A9006F59C70099006F1F800089006F5C8
:10ACD0009470079006F59270069006F58E700590B8
:10ACE00006F590704FF0000A0DF14808049000BF7F
:10ACF0002846394642463023CDF844A0CDE90FAA74
:10AD0000CDE90DAAEFF7ECF910BB286812990C9A5F
:10AD10004418284621460623EFF7E2F9C0B9062079
:10AD20000F90286810991190084428602846214601
:10AD30000EAAEFF7DDF810F1620118BF002807D165
:10AD40002846214642460423EFF7CAF968B100BFFE
:10AD5000A0F51459012040F00200022840F0D180F3
:10AD60002868CB46B842C3D3C3E02968129801EBE8
:10AD70000009A14505D04DF69A290120CFF6FF79AB
:10AD8000E9E70C460FA80DA9F6F786F8A8B10B9CC9
:10AD9000FCB128680E9B00901C9831460FAACDF894
:10ADA0000C90CDF80490A04718B181460E98002869
:10ADB000D0D103982860022096E0D6F818110D989B
:10ADC000084216D04DF69A20CFF6FF7000F16609C2
:10ADD000C0E70E98C5F8009000284DF69A20CFF6EF
:10ADE000FF7018BF00F1040B4FF0010008BF0220F4
:10ADF0007AE00143FF28C6F818110BDC042819D0AB
:10AE000008281DD0202856D1089A2846494600F027
:10AE1000F7F843E0B0F5803F3BD0B0F5006F40D08D
:10AE2000B0F5807F47D1DDE9043228464946FFF777
:10AE300031FE33E0069A2846494600F091F82DE0AD
:10AE40000A9A28464946CDF80C90FFF76FFE002875
:10AE500049D081460B9878B14DF68070CFF6FF70DF
:10AE6000814509D10094039C0E9B1C9801940B9C76
:10AE700031460FAAA047B0B30E9800284FF001004A
:10AE80007FF469AF4DF68071CFF6FF7189452AD006
:10AE900061E7099A2846494600F092F818B38146BE
:10AEA00058E7079A284649460623EFF7A9F838B12C
:10AEB000A0F5145910E00E9898B14DF680795CE732
:10AEC000D6F830014FF0000900284DF69A20CFF651
:10AED000FF7008BF00F10209B9F1000F7FF43AAF2B
:10AEE00001E0C5F800900020D94634E74FF0000992
:10AEF00007E0B0EB07094DF69A20CFF6FF7018BFB8
:10AF00008146484613B0BDE8F08F0000F0B581B02F
:10AF10001D4617466A4630230446EFF7E1F800283D
:10AF20001EBFA0F5105001B0F0BD206800993A4650
:10AF3000461820463146FAF757FC08B101B0F0BD7B
:10AF4000204631462A46FAF74FFC0028F6D1206801
:10AF5000801B1CBF4DF69A30CFF6FF7001B0F0BDDC
:10AF600010B584B0144600220392CDE9012201AA53
:10AF7000EEF760FF00281EBFA0F5145004B010BD0E
:10AF80000199B9B10020039A0139082320600329EF
:10AF900028BF032103EBC10C013A00BF12F8013FA7
:10AFA000216883400830194384452160F6D1002090
:10AFB00004B010BD4DF69C20CFF6FF7004B010BD5C
:10AFC00010B584B0144600220392CDE9012201AAF3
:10AFD000EEF730FF00281EBFA0F5145004B010BDDE
:10AFE0000198012805D1039800782070002004B052
:10AFF00010BD4DF69C20CFF6FF7004B010BD0000D0
:10B000002DE9F04F8FB016460EAA30230C460546A8
:10B01000EFF766F810B1A0F5145990E028680E9982
:10B020004DF69A290844CFF6FF79A042019640F0E8
:10B0300086804DF69A20CFF6FF70DDF804A003AFAE
:10B040000DF1340B0430009005E000BFA0F5145959
:10B050000021002973D02E68A64264D238462821E8
:10B06000E5F7CDF816F8018B284621465A462E60A2
:10B07000EEF770FF0028E9D108F0C00080281BD14E
:10B0800050463946CDF808A0FAF7E2FC10F5025F09
:10B0900001D0824698B9DDF808A0DAF8080020B39C
:10B0A000DAF80C0020B34DF69A20CFF6FF7000F1CD
:10B0B0006609002103AFCCE7DDF80090C8E70198EE
:10B0C000C76857B1FE6838461021F6F775F838465C
:10B0D00001F062FC002E3746F4D101980021D146E0
:10B0E000DDF808A0C16003AFB3E7504603AF07E047
:10B0F00001201021E5F71AF903AFCAF80C0058B186
:10B10000C0F8008029680D9A8246C0E901212968AB
:10B110001144296001219CE74DF69A20CFF6FF707B
:10B12000A0F1040994E70020CAF80C002868B0EBED
:10B1300004094DF69A20CFF6FF7018BF81464846A5
:10B140000FB0BDE8F08F0000B0B50446006888423B
:10B1500016D00078154642F8040B43F0A0032046B1
:10B16000EEF7BEFF10F162010AD000281CBFA0F567
:10B170000650B0BD2068A860686821680844206057
:10B180000020B0BDF0B581B00546084302BF0020E5
:10B1900001B0F0BD0C46002D4FF0FF3018BF002C61
:10B1A00048D028682168884246D168686268904221
:10B1B00042D1A868A168E5F780F800283CD1EF6883
:10B1C000E668B74208D128692269904204D16869CB
:10B1D0006169E5F772F818B3132F18BF0C2F2BD144
:10B1E000132E18BF0C2E27D129692069814223D143
:10B1F000B0B16969626905E0013802F1010201F14B
:10B2000001010DD00B7817785F40FFB2002FF3D00B
:10B21000202F11D103F0DF03413B192BECD90BE0B8
:10B22000287F217F884207D1AD69A46955EA0400CF
:10B23000B1D1002001B0F0BD4FF0FF3001B0F0BD42
:10B240000FB4084B10B504A902AA039800F0FCFF44
:10B25000044602A9002001F08EFB204610BC5DF8D8
:10B2600014FB000077C9010003B401984100009865
:10B2700050EAC12018BF04204A0D18BF40F0010059
:10B2800040F2FF72B2EB515F08BF40F002000128AC
:10B2900008BF052002B070472DE9F04D2DED040BDD
:10B2A0002DED0E8B94B0DDE92350259CDDF888A0B0
:10B2B00025F0004624F00048BAF1000F14BF012128
:10B2C000002101EB4502FC4953184A1093422AD34E
:10B2D000002814BF0123002303EB44030B44F74968
:10B2E0008B4220D358EA00019FEDF5AB76D0DFF812
:10B2F000D8B35D4503D1BAF1000F05D188E0BAF1AA
:10B30000000F08BF002100D0012101EB450111F51C
:10B31000001F08D8002814BF0121002101EB4401BF
:10B3200011F5001F0BD99DED241B9DED220B14B0D0
:10B33000BDEC0E8B04B0BDE8F04D00F071BE0027EF
:10B34000002DBCBFE149884521DAE1498845A8BF05
:10B3500002271CDAC3451ADCDE4901EB2851142907
:10B3600008DDC1F1340220FA02F101FA02F2824250
:10B370000DD108E058B9C1F1140228FA02F101FA1E
:10B3800002F2424503D101F00101C1F1020756EA80
:10B390000A0124D1002C22DA002D18BF022F01D07F
:10B3A000012F0AD0022000F087FE14B0BDEC0E8BF6
:10B3B00004B0BDE8F04D00F01BBE022000F07CFEA2
:10B3C00000F016FE51EC100B81F0004141EC100B27
:10B3D00014B0BDEC0E8B04B0BDE8F08D18E09FED0D
:10B3E000BE9B9FEDBF8B002871D1B848804522D10C
:10B3F00005F1804010F5801008BFBAF1000F07D0AA
:10B40000B3450ADC002CA8BF9DED240BE0DA0DE06B
:10B41000B0EE4A0AF0EE6A0ADAE7002C06DA9DED91
:10B42000240B51EC100B81F000416FE0AE487844E2
:10B4300090ED000BCCE7D8454DD1002C48DA2EB169
:10B4400086423AD1BAF1000F42D126E0BAF1000F9C
:10B4500013D0022000F030FE00F0FEFD8DED020B57
:10B460009DED220B8DED000B10EE900A039961F318
:10B470001E0003909DED020BAAE78DED029B9DED52
:10B48000220B19EE901A10EE900A8DED000B61F36D
:10B490001E0003909DED020B9AE78DED028B9DED52
:10B4A000220B18EE901A10EE900A8DED000B61F34E
:10B4B0001E0003909DED020B8AE709DA9DED220B39
:10B4C00051EC1A0B53EC102BE5F79FFA1EE020E02D
:10B4D0009DED220B7CE786421BDAB4F1804F0DD044
:10B4E000A4F10050B0F1FF5013D1002D11DB9DED00
:10B4F000220B51EC100B01F0ADFA07E09DED220B91
:10B5000053EC102B51EC100B00F0CABC41EC100BAB
:10B510005EE79DED220B51EC100B01F031FABAF110
:10B52000000FCDE90A0142D19FED710B46B3A6F1A0
:10B53000E040B0F17F600CD05E4538D1002D00DADC
:10B54000A7B3022F0CBF01204FF0FF30E5F747F9FA
:10B55000DCE7002D01DD002C0DDA002D01DD002CD3
:10B560001FDB002D16DA002C14DB012F08BF9FED26
:10B57000620B3FF42DAFB0EE490AF0EE690A27E7FF
:10B58000022F18BF002D0CD0012F0AD1002DFFF67D
:10B590001FAF06E0002DB8BF002C08DA012F3FF4E2
:10B5A00017AFB0EE480AF0EE680A11E71BE0012081
:10B5B00000EBE57050EA070115D0791EB0EE4A8A1B
:10B5C000F0EE6A8A084308BF9FED4D8B4E48002578
:10B5D000804570DD4D494E48884514DDB0420DDB95
:10B5E000002C19DB2FE0012000F066FD14B0BDEC4B
:10B5F0000E8B04B0BDE8F04D00F01EBDB34502DC7B
:10B60000002C09DC1FE0864202DA002C1BDA03E082
:10B610005E452BDD002C16DD022000F04DFD00F014
:10B620001BFD8DED020B53EC192B51EC180BE5F7BC
:10B6300064F8CDE900010399019861F31E000390BD
:10B640009DED020BC4E6022000F036FD00F014FD73
:10B6500010EE901A18EE900A8DED020B8DED008B16
:10B6600061F31E0003909DED020BB1E69DED0A0B08
:10B6700053EC1A2B51EC100BE5F739F89FED260B24
:10B68000CDE90A0153EC102B9DED0A0B51EC100B88
:10B69000E5F733F89FED221B53EC112BE5F72AF861
:10B6A0009DED0A1B53EC112BE5F727F89FED1E1BB0
:10B6B00053EC112B3CE08CE0FFFF1F00FFFF0F005D
:10B6C000000000000000F03F0000F03F0000F07FAD
:10B6D0000000404301FCFFFF000000000000F07F7D
:10B6E00000000000000000001E1700000000000025
:10B6F0000000000000000080000000000000F0FFDB
:10B70000000000000000F0BF0000E0410000F04336
:10B71000FFFFEF3F00000000000000000000D03FEE
:10B72000555555555555D53F000000000000E03FE8
:10B73000E4F7E0FF9DED0A0B41EC190B53EC102BE5
:10B7400051EC100BE4F7D9FF53EC192BE4F7D5FFBC
:10B750009DED0A0B41EC1B0B53EC102B9FEDFE0BE8
:10B7600051EC100BE4F7C9FF41EC190B9FEDFC0BFA
:10B7700051EC1B0B53EC102BE4F7BFFF41EC1B0B00
:10B780009FEDF90B53EC102B9DED0A0B51EC100BB8
:10B79000E4F7B3FF53EC1B2BE4F7A9FF41EC1B0BC1
:10B7A00051EC190B53EC1B2BE4F700FF0490CDE98F
:10B7B00004519DED040B53EC192B51EC100BE4F7E5
:10B7C00096FF53EC1B2BE4F795FF41EC100B00F0B8
:10B7D000A9B90020B6F5801F0EDA9FEDE50B53ECFA
:10B7E000102B9DED0A0B51EC100BE4F786FFCDE911
:10B7F0000A016FF034000E4600EB2650A0F2FF372E
:10B80000C6F31300DC4940F07F6646F0405688429C
:10B81000D8BF002408DDD9498142C8BF012403DC18
:10B820000024A6F580167F1CD548784400EBC40898
:10B830000B9698ED000B53EC102B9DED0A0B51EC81
:10B84000100BE4F754FF98ED000B41EC1B0B53EC8D
:10B85000102B9DED0A0B51EC100BE4F7A7FE41EC09
:10B86000100B51EC1A0B53EC102BE5F7CEF841EC12
:10B870001C0B51EC1B0B53EC1C2BE4F73EFF41EC73
:10B88000190BC0488DED0E9B78440E9590ED000B82
:10B890004FF0005040EA660000EB84408DED120B43
:10B8A00000F50020139098ED000B53EC102B9DED4C
:10B8B000120B51EC100BE4F71AFF9DED0A1B53EC31
:10B8C000112BE4F717FF41EC100B53EC102B9DEDFF
:10B8D0000E0B51EC100BE4F710FF9DED120B41EC39
:10B8E0001D0B53EC102B9DED0E0B51EC100BE4F7E0
:10B8F00004FF53EC1B2BE4F7FDFE53EC1D2BE4F788
:10B90000F6FE53EC1C2BE4F7F8FE41EC1C0B53EC59
:10B91000192B51EC190BE4F7F0FE41EC1B0B9A4884
:10B920000621B0EE4B0AF0EE6B0A784400F0E4FA20
:10B93000B0EE401AF0EE601AB0EE41DAF0EE61DAE5
:10B9400053EC1B2B51EC1B0BE4F7D7FE53EC1D2BD8
:10B95000E4F7D3FE9DED0E0B41EC1B0B53EC192BC2
:10B9600051EC100BE4F722FE53EC1C2BE4F7C5FE60
:10B9700053EC1B2BE4F71AFE9DED0E0B41EC1B0B59
:10B9800053EC102B51EC100BE4F7B7FE41EC1D0B00
:10B9900053EC1D2B9FED7EEB51EC1E0BE4F706FEE6
:10B9A00053EC1B2BE4F702FE1290CDE912519DEDF2
:10B9B000120B53EC1E2B51EC100BE4F798FE53ECDA
:10B9C0001D2BE4F794FE53EC1B2BE4F793FE9DED47
:10B9D000120B41EC1D0B53EC102B9DED0E0B51EC9B
:10B9E000100BE4F78AFE41EC1B0B53EC192B51ECC6
:10B9F0001D0BE4F782FE9DED120B41EC190B53EC8D
:10BA0000102B51EC1C0BE4F778FE53EC192BE4F7E8
:10BA1000CDFD41EC190B51EC1B0B53EC192BE4F74A
:10BA2000C5FD0490CDE904519DED040B53EC1B2B97
:10BA300051EC100BE4F75BFE53EC192BE4F75AFEC4
:10BA40009DED040B41EC190B53EC102B9FED520BA9
:10BA500051EC100BE4F751FE41EC1B0B9FED500B2A
:10BA600051EC190B53EC102BE4F747FE9DED040B42
:10BA700041EC190B53EC102B9FED4B0B51EC100BC1
:10BA8000E4F73BFE53EC192BE4F790FD41EC100B6F
:10BA90004748784400EBC40090ED001B51EC100BBC
:10BAA00053EC112BE4F782FD41EC190B3846E4F717
:10BAB00096FECDE90A0153EC192B51EC1B0BE4F770
:10BAC00075FD41EC100B3B48784400EBC40451EC8D
:10BAD000100B94ED001B53EC112BE4F767FD9DED6B
:10BAE0000A1B53EC112BE4F761FD0490CDE90451DE
:10BAF0009DED0A0B53EC102B9DED040B51EC100B3C
:10BB0000E4F7F5FD94ED001B53EC112BE4F7EFFD8A
:10BB100053EC1B2BE4F7EBFD53EC192BE4F7EAFD98
:10BB200041EC100B9DED241B53EC102B8DED001BF5
:10BB300000959DED240B51EC100BE4F7DEFD9DED1F
:10BB4000000B41EC190B53EC102B9DED240B51EC29
:10BB5000100BE4F7CCFD2FE0000000604715F73F25
:10BB6000FE822B654715F73F44DF5DF80BAE543E70
:10BB700000000000000040438E9803007AB60B00DE
:10BB80009A120000C4120000CA1100000000000058
:10BB90000000000000000840000000E009C7EE3F80
:10BBA000FD033ADC09C7EE3FF5015B14E02F3EBE12
:10BBB000521000000C1000009DED041B53EC112BE3
:10BBC000E4F79BFD53EC192BE4F7F0FC9DED040B1F
:10BBD00041EC190B53EC102B9DED000B51EC100BAD
:10BBE000E4F78BFDCDE904019DED040B51EC190B3D
:10BBF00053EC102BE4F7DAFCCDE902010C46AA491C
:10BC00008C422FDB611A084318D19DED040B53ECD5
:10BC1000102B9DED020B51EC100BE4F768FD41EC8D
:10BC20001B0B9FEDA30B51EC190B53EC102BE4F7FE
:10BC3000BDFC53EC1B2BE4F787FF2DD2022000F054
:10BC40003BFA00F009FA10EE901A18EE900A8DED0A
:10BC5000020B8DED008B61F31E0003909DED020B36
:10BC6000FFF7B6BB944A24F00041914214D39349A4
:10BC7000214408437FF4E7AC9DED040B53EC102BFB
:10BC80009DED020B51EC100BE4F731FD53EC192B39
:10BC9000E4F75AFF7FF6D7AC24F000408849894A80
:10BCA000002601EB205182422BDA481C4FF4801110
:10BCB00021FA00F02044844AC0F30A517A44A1F2E8
:10BCC000FF3192ED000B814A8DED0A0BCA4020EA4C
:10BCD0000202C0F3130040F48010C1F1140120FAF5
:10BCE00001F60B92002CB8BF76429DED0A0B53EC87
:10BCF000102B9DED040B51EC100BE4F7F8FCCDE993
:10BD000004019DED040B51EC190B53EC102BE4F7DF
:10BD10004DFC9FED6F0B0A90CDE90A5153EC102BAF
:10BD20009DED0A0B51EC100BE4F7E7FC41EC1B0B0B
:10BD30009FED690B53EC102B9DED0A0B51EC100B92
:10BD4000E4F7DBFC9DED040B41EC1C0B53EC102BDA
:10BD50009DED0A0B51EC100BE4F7C9FC53EC192BC9
:10BD6000E4F7C8FC9FED5E1B53EC112BE4F7C5FC18
:10BD700053EC1C2BE4F71AFC41EC190B51EC1B0B98
:10BD800053EC192BE4F712FCCDE902019DED020BF7
:10BD900053EC1B2B51EC100BE4F7A9FC53EC192BC3
:10BDA000E4F7A8FC9DED020B41EC190B53EC102BB2
:10BDB00051EC100BE4F7A1FCCDE90A014A489DEDD6
:10BDC0000A0B0521784400F097F89DED0A1B51EC11
:10BDD000100B53EC112BE4F790FC9DED021B53EC80
:10BDE000112BE4F787FCCDE904019DED020B53EC28
:10BDF000192B51EC100BE4F780FC53EC192BE4F7F2
:10BE0000D5FB9FED3B0B41EC190B53EC102B9DED3B
:10BE1000040B51EC100BE4F76AFC9DED040B41ECB4
:10BE20001B0B53EC102B9DED020B51EC100BE4F7A8
:10BE300064FC53EC1B2BE4F7E8FD53EC192BE4F7FF
:10BE400056FC9DED021B53EC112BE4F750FC53EC18
:10BE50001A2BE4F74FFCCDE9020101EB0650011566
:10BE60000029C8BF039015DC9DED020B324651EC52
:10BE7000100BE4F739FEFFF7F7F9042808BF00F0CC
:10BE8000FBF832469DED020B51EC100BE4F72CFE53
:10BE9000CDE902019DED020B51EC180B53EC102B78
:10BEA000E4F72BFCFFF732BB0000904000000000DD
:10BEB000FE822B654715973C00CC904000346F3FC5
:10BEC00001FCFFFF0000E03F900E0000FFFF0F00AD
:10BED00000000000432EE63F396CA80C615C20BED8
:10BEE000EF39FAFE422EE63F600D00000000000030
:10BEF000000000000000004070B504462DED028BEC
:10BF00004D1E00EBC500B0EE408AF0EE608A90ED69
:10BF1000000B35F0060017D053EC182B51EC100B2A
:10BF2000E4F7EBFB41EC100B6D1E04EBC50090ED4C
:10BF3000001B51EC100B53EC112BE4F737FB41ECD9
:10BF4000100B35F00600E7D1022D36D0042D1CD0A1
:10BF5000062D1CBFBDEC028B70BD53EC182B51ECB1
:10BF6000100BE4F7CAFB94ED0A1B53EC112BE4F71A
:10BF70001DFB53EC182BE4F7C0FB94ED081B53ECAE
:10BF8000112BE4F713FB41EC100B53EC182B51EC85
:10BF9000100BE4F7B2FB94ED061B53EC112BE4F706
:10BFA00005FB53EC182BE4F7A8FB94ED040B53ECC2
:10BFB000102BE4F7FBFA41EC100B53EC182B51EC6F
:10BFC000100BE4F79AFB94ED021B53EC112BE4F7F2
:10BFD000EDFA53EC182BE4F790FB94ED001B53ECB7
:10BFE000112BE4F7E3FABDEC028B41EC100B70BDB2
:10BFF0009FED070B10B553EC102B9FED070B51EC89
:10C00000100BE4F702FD41EC100B10BD0000000026
:10C010000000000000000000000000000000F03FF1
:10C0200010B553EC112B51EC100BE4F7BFFA41ECB7
:10C03000100B10BD000000009FED050B10B553EC78
:10C04000102B51EC100BE4F7E0FC41EC100B10BD91
:10C0500000000000000000009FED050B10B553EC40
:10C06000102B51EC100BE4F748FB41EC100B10BD0A
:10C0700000000000000000709FED050B10B553ECB0
:10C08000102B51EC100BE4F738FB41EC100B10BDFA
:10C09000000000000000001002E008C8121F08C1E4
:10C0A000002AFAD170477047002001E001C1121F39
:10C0B000002AFBD17047000001490860704700006A
:10C0C0000C0000202DE9FF5F82B00021DDE9043083
:10C0D000020DDDF840B0034318D044F61050A2F230
:10C0E000FF3242431514119801281FD0A5EB0B0015
:10C0F000401C5FEA000A4FF000064E4FDFF838910F
:10C10000B046504615D5CAF1000413E01198012439
:10C110004AA3012801D16FEA0B010298119AC0E9E4
:10C120000031C0E9024206B0BDE8F09FCBF100004B
:10C13000DFE704460021404A491842EB0450CDE9AC
:10C14000001012E0E00707D032463B464046494621
:10C15000E4F7D3FA8046894632463B4610461946F4
:10C16000E4F7CBFA06460F466410002CEAD1DDE96D
:10C170000401DDE90023BAF1000F06DAE4F7BDFAA5
:10C1800042464B46E4F7B9FA05E0E4F73EFC424686
:10C190004B46E4F73AFC04460E460022284BE4F7EF
:10C1A000D3FC03D84FF0FF30014607E00022254BB7
:10C1B00020463146E4F7FAF9E4F7ADFC102409E033
:10C1C000002C0ADB0A220023E3F7A8FF039B30328E
:10C1D0001A55641E50EA0102F2D1641C039AC4F19C
:10C1E00011031444119A012A03D0012208430DD1EE
:10C1F0000AE0084304D000204FF0110B119072E7C1
:10C20000A3EB0B056D1E0DE05B4504DD4FF0000256
:10C2100005F1010504E003DA4FF00002A5F1010584
:10C22000002AECD002981199C0E90231C0E900451A
:10C2300079E70000000014400000F03F30000000EB
:10C240000000F0430000E03F2DE9FF4F95B09B4612
:10C250008946064600250FE2252877D10024274687
:10C26000F84A0121059400E0044316F8013F203B01
:10C2700001FA03F01042F7D130782A2811D06FF07C
:10C280002F033078A0F13002092A16D8059A44F01D
:10C29000020402EB820203EB42021044761C05907A
:10C2A000EFE759F8042B0592002A03DA504244F4D0
:10C2B0000054059044F00204761C30782E2816D1E4
:10C2C00016F8010F44F004042A280DD06FF02F0255
:10C2D0003078A0F13003092B09D807EB870302EB74
:10C2E0004303C718761CF3E759F8047B761C3078B3
:10C2F0006C280FD006DC4C2817D068280DD06A288F
:10C3000014D104E0742810D07A280FD10DE044F441
:10C3100000140AE044F4801401E044F440147278FC
:10C32000824202D104F58014761C761C307866288F
:10C330000BD013DC582877D009DC002875D04528AD
:10C34000F6D04628F4D047281AD19DE118E063289A
:10C3500035D0642879D0652812D195E1702873D042
:10C3600008DC6728F1D069286FD06E280DD06F28BF
:10C3700006D1B5E073282CD0752875D0782874D0F4
:10C380005A46179990476D1C75E1C4F30250022874
:10C3900009D003280DD0D9F8001004280DD00D6065
:10C3A00009F1040967E1D9F80010EA17C1E9005260
:10C3B000F6E7D9F800100D80F2E70D70F0E719F8F4
:10C3C000041B8DF8001000208DF80100EA460120C2
:10C3D00003E059F804AB4FF0FF3061074FF0000164
:10C3E00002D40DE008F101018846B9420FDA804518
:10C3F000F8DB1AF808100029F4D108E008F101016F
:10C4000088468142FADB1AF808100029F6D105980F
:10C410005B46A0EB080721463846179A00F094FACD
:10C42000284400EB080507E04DE029E10DE01AF88B
:10C43000010B5A4617999047B8F10108F7D25B46AD
:10C4400021463846179A13E142E00A220092C4F3CB
:10C4500002524FF0000A022A08D059F804CB032AEE
:10C460004FEAEC710AD00DE029E02AE009F107015A
:10C4700021F00702F2E802C1914609E00FFA8CFCB4
:10C480004FEAEC71042A03D14FFA8CFC4FEAEC71AD
:10C49000002907DA0A460021DCF1000C61EB0201F9
:10C4A0002D2202E0220504D52B228DF80420012242
:10C4B00003E0E20701D02022F7E7904659E00A2185
:10C4C00002E010220DE010214FF0000A00910BE075
:10C4D00010224FF0000A44F004040827009203E001
:10C4E00008224FF0000A0092C4F30252022A05D03B
:10C4F00059F804CB0021032A08D009E009F107010B
:10C5000021F00702F2E802C1914605E01FFA8CFC17
:10C51000042A01D10CF0FF0C4FF00008220728D5A7
:10C52000702806D0009B83F0100353EA0A0305D05D
:10C530000EE040228DF80420012208E05CEA0102AE
:10C5400006D030228DF804208DF805000222904696
:10C55000009B83F0080353EA0A030AD15CEA010254
:10C5600001D1620705D530228DF804204FF0010873
:10C570007F1E582804D034A003900EA802900DE02E
:10C5800036A0F9E753466046009AE3F7C7FD8446B4
:10C590000398825C0298401E029002705CEA0100DF
:10C5A000F0D1029806A9081A00F1200A600702D506
:10C5B00024F4803400E00127574502DDA7EB0A0090
:10C5C00000E0002000EB0A01009005984144401A69
:10C5D0000590E00306D45B462146179A059800F0C3
:10C5E000B3F90544002706E001A85A46C05D179933
:10C5F00090476D1C7F1C4745F6DBE0030CD55B467E
:10C600002146179A059800F09FF9054404E0302070
:10C610005A46179990476D1C0099481E00900029B2
:10C62000F5DC08E0029802995A460078491C02910C
:10C63000179990476D1CBAF10001AAF1010AF1DCCB
:10C6400065E10000092801003031323334353637D6
:10C65000383961626364656600000000303132334E
:10C6600034353637383941424344454600000000EE
:10C6700000F058F90544761C307800287FF4ECADC2
:10C6800019B02846BDE8F08F620700D4062709F1EB
:10C69000070222F0070CFCE80223E14603F0004801
:10C6A0005FEA080C02D00FF2702C0DE05FEA045C28
:10C6B00002D50FF2682C07E05FEAC47C02D00FF2CB
:10C6C000602C01E0AFF2700C4FF0FF3823F0004314
:10C6D000CDF850C065280CD006DC452809D0462886
:10C6E0001DD047283DD13DE0662818D067287ED16F
:10C6F00038E00021112F01DB112000E0781CCDE98A
:10C70000000106A90EA8FFF7DDFCDDE90F010E9A76
:10C7100003910021009207F1010A04914DE04FF0CE
:10C7200000400097CDE9011006A90EA8FFF7CAFC4A
:10C73000DDE90F0203920E9B11990022DDF80CA097
:10C740000093049211B9791C00EB010AB7EB0A00BF
:10C7500004D4C0F1FF3007F1010A0490AAEB0700EE
:10C76000019044E0012F00DA01270021112F01DDA3
:10C77000112000E03846CDE9000106A90EA8FFF718
:10C78000A1FCDDE90F010E9A0391002104910092B2
:10C79000BA4621070CD40399514500DA8A46BAF10A
:10C7A000010F05DD009AAAF10101515C302908D082
:10C7B000B84202DA10F1040F06DA0121CDE90110C6
:10C7C00015E0AAF10101E9E7002805DC049901441C
:10C7D0000491AAEB000102E0411C514500DD8A46AC
:10C7E0000499401A401C01904FF00040029020072D
:10C7F00004D40198504501DBCDF8048000208DF869
:10C800004F0002980DF14F07B0F1004F25D02B20BB
:10C810000E9002984FF0020800280CDA4042029075
:10C820002D200E9007E00A210298E4F708F8303135
:10C83000029007F8011DB8F10001A8F10108F2DC2F
:10C8400002980028EFD1791E0E980870307800F019
:10C85000200040F0450007F8020D12A8C01B00F1AF
:10C8600007081498007800B1012000EB0A01019834
:10C8700001EBE07105984144401A401E0590E00329
:10C8800006D45B462146179A059800F05DF80544EA
:10C890001498007818B15A46179990476D1CE00318
:10C8A00024D55B462146179A059800F04DF80544BB
:10C8B0001CE00498002807DBDDE90301884203DD62
:10C8C0000098405C179901E0179930205A4690472C
:10C8D000049805F10105401C04900198401E019048
:10C8E00004D12E205A46179990476D1CBAF10001C9
:10C8F000AAF1010ADDDC05E017F8010B5A46179989
:10C9000090476D1CB8F10001A8F10108F4DC5B460A
:10C910002146179A0598ABE62D0000002B00000079
:10C92000200000002DE9F041044600251E46174670
:10C93000880404D405E039462020B0476D1C641EED
:10C94000F9D52846BDE8F0812DE9F04104460025DF
:10C950001E469046C80301D5302700E020278804F2
:10C9600004D505E041463846B0476D1C641EF9D534
:10C970002846BDE8F0810A68531C0B6010707047B0
:10C9800082B0CDE9000121F0004001909DED000B47
:10C9900002B051EC100B704710B5002821D0114B9C
:10C9A0000022001F196803E0814203D80A46496843
:10C9B0000029F9D152B11368841A9C4204D100684D
:10C9C00018441060104602E0506000E0186039B171
:10C9D00002680B1A934203D10B681A44026049683B
:10C9E000416010BD04000020F0B50B30154D20F063
:10C9F00007010024144A0FE003688B420BD38B42DB
:10CA000005D95E1A43184768C3E9006700E0436828
:10CA1000136002C004E0021D10680028ECD120461B
:10CA2000002802D1286808B10020F0BD064A074856
:10CA30001060074A121A22F00702C0E90024012000
:10CA40002860D7E70800002004000020EC2E00201A
:10CA5000E8D0002000B52DED048B83B041EC190B1C
:10CA6000E4F738FA41EC180B18EE100A18EE901A99
:10CA70008DED008B002818BF0120084320F00040F6
:10CA8000C0F17F6000F1E040C00F14D019EE101A21
:10CA900019EE900A8DED009B002918BF0121084373
:10CAA00020F00040C0F17F6000F1E040C00F04BF03
:10CAB0000120FFF701FB51EC180B03B0BDEC048B18
:10CAC00000BD000000000000000000000000F03F7A
:10CAD000000000000000F83F00000000000000001F
:10CAE0000000004003B8E23F00000000000000002A
:10CAF00006D0CF43EBFD4C3E033333333333E33FB8
:10CB0000FFAB6FDBB66DDB3F4D268F515555D53FE3
:10CB100001411DA96074D13F65DBC9934A86CD3FB1
:10CB2000EF4E454A287ECA3F3E5555555555C53F9F
:10CB300093BDBE166CC166BF2CDE25AF6A56113F91
:10CB4000F16BD2C541BDBBBED0A4BE726937663E93
:10CB50000000000000000000DDDDDDDDDCBBBBDD32
:10CB6000DDDDDDDDDDDDDDDD98888888888888888D
:10CB700077777777778888888555555666666666AD
:10CB8000666666666668888883333332222222228C
:10CB9000222222222228888D4D5154430000000079
:10CBA0000400000000000000000000000000000081
:10CBB0003C0001004D5154570000000000000000EF
:10CBC0000000000000000000000000000000000065
:10CBD0000000000000000000000000000000000055
:10CBE0000000000000000000000000000000000045
:10CBF000020305070B0D1113171D1F25292B2F35B8
:10CC00003B3D4347494F53596165676B6D717F8366
:10CC1000898B95979DA3A7ADB3B5BFC1C5C7D3DF1A
:10CC2000E3E5E9EFF1FB2F2F6232332E74762F7498
:10CC30006A7937567A42637C777BF26B6FC5300135
:10CC4000672BFED7AB76CA82C97DFA5947F0ADD4BF
:10CC5000A2AF9CA472C0B7FD9326363FF7CC34A593
:10CC6000E5F171D8311504C723C31896059A071248
:10CC700080E2EB27B27509832C1A1B6E5AA0523B37
:10CC8000D6B329E32F8453D100ED20FCB15B6ACBEE
:10CC9000BE394A4C58CFD0EFAAFB434D338545F9F6
:10CCA000027F503C9FA851A3408F929D38F5BCB69F
:10CCB000DA2110FFF3D2CD0C13EC5F974417C4A711
:10CCC0007E3D645D197360814FDC222A908846EEB8
:10CCD000B814DE5E0BDBE0323A0A4906245CC2D3AC
:10CCE000AC629195E479E7C8376D8DD54EA96C5645
:10CCF000F4EA657AAE08BA78252E1CA6B4C6E8DD3B
:10CD0000741F4BBD8B8A703EB5664803F60E6135C5
:10CD100057B986C11D9EE1F8981169D98E949B1E62
:10CD200087E9CE5528DF8CA1890DBFE6426841997D
:10CD30002D0FB054BB160000C66363A5F87C7C843D
:10CD4000EE777799F67B7B8DFFF2F20DD66B6BBD9C
:10CD5000DE6F6FB191C5C5546030305002010103E0
:10CD6000CE6767A9562B2B7DE7FEFE19B5D7D76294
:10CD70004DABABE6EC76769A8FCACA451F82829D90
:10CD800089C9C940FA7D7D87EFFAFA15B25959EB86
:10CD90008E4747C9FBF0F00B41ADADECB3D4D4677F
:10CDA0005FA2A2FD45AFAFEA239C9CBF53A4A4F7AA
:10CDB000E47272969BC0C05B75B7B7C2E1FDFD1C03
:10CDC0003D9393AE4C26266A6C36365A7E3F3F41E1
:10CDD000F5F7F70283CCCC4F6834345C51A5A5F449
:10CDE000D1E5E534F9F1F108E2717193ABD8D8736C
:10CDF000623131532A15153F0804040C95C7C752F8
:10CE0000462323659DC3C35E30181828379696A124
:10CE10000A05050F2F9A9AB50E0707092412123634
:10CE20001B80809BDFE2E23DCDEBEB264E2727699E
:10CE30007FB2B2CDEA75759F1209091B1D83839ECF
:10CE4000582C2C74341A1A2E361B1B2DDC6E6EB225
:10CE5000B45A5AEE5BA0A0FBA45252F6763B3B4D6F
:10CE6000B7D6D6617DB3B3CE5229297BDDE3E33E4D
:10CE70005E2F2F7113848497A65353F5B9D1D168CF
:10CE800000000000C1EDED2C40202060E3FCFC1F01
:10CE900079B1B1C8B65B5BEDD46A6ABE8DCBCB46C7
:10CEA00067BEBED97239394B944A4ADE984C4CD48D
:10CEB000B05858E885CFCF4ABBD0D06BC5EFEF2A2A
:10CEC0004FAAAAE5EDFBFB16864343C59A4D4DD705
:10CED00066333355118585948A4545CFE9F9F910B4
:10CEE00004020206FE7F7F81A05050F0783C3C4453
:10CEF000259F9FBA4BA8A8E3A25151F35DA3A3FEBF
:10CF0000804040C0058F8F8A3F9292AD219D9DBC8D
:10CF100070383848F1F5F50463BCBCDF77B6B6C1AC
:10CF2000AFDADA754221216320101030E5FFFF1AD5
:10CF3000FDF3F30EBFD2D26D81CDCD4C180C0C1485
:10CF400026131335C3ECEC2FBE5F5FE1359797A234
:10CF5000884444CC2E17173993C4C45755A7A7F259
:10CF6000FC7E7E827A3D3D47C86464ACBA5D5DE775
:10CF70003219192BE6737395C06060A019818198EE
:10CF80009E4F4FD1A3DCDC7F44222266542A2A7EA6
:10CF90003B9090AB0B8888838C4646CAC7EEEE293F
:10CFA0006BB8B8D32814143CA7DEDE79BC5E5EE211
:10CFB000160B0B1DADDBDB76DBE0E03B643232565B
:10CFC000743A3A4E140A0A1E924949DB0C06060AC4
:10CFD0004824246CB85C5CE49FC2C25DBDD3D36EB0
:10CFE00043ACACEFC46262A6399191A8319595A487
:10CFF000D3E4E437F279798BD5E7E7328BC8C843BD
:10D000006E373759DA6D6DB7018D8D8CB1D5D5641A
:10D010009C4E4ED249A9A9E0D86C6CB4AC5656FAD5
:10D02000F3F4F407CFEAEA25CA6565AFF47A7A8E9D
:10D0300047AEAEE9100808186FBABAD5F07878880C
:10D040004A25256F5C2E2E72381C1C2457A6A6F18B
:10D0500073B4B4C797C6C651CBE8E823A1DDDD7C25
:10D06000E874749C3E1F1F21964B4BDD61BDBDDCF7
:10D070000D8B8B860F8A8A85E07070907C3E3E42D5
:10D0800071B5B5C4CC6666AA904848D806030305B6
:10D09000F7F6F6011C0E0E12C26161A36A35355F08
:10D0A000AE5757F969B9B9D01786869199C1C15859
:10D0B0003A1D1D27279E9EB9D9E1E138EBF8F813F8
:10D0C0002B9898B322111133D26969BBA9D9D970B1
:10D0D000078E8E89339494A72D9B9BB63C1E1E22EF
:10D0E00015878792C9E9E92087CECE49AA5555FF11
:10D0F00050282878A5DFDF7A038C8C8F59A1A1F8FE
:10D10000098989801A0D0D1765BFBFDAD7E6E631A8
:10D11000844242C6D06868B8824141C3299999B017
:10D120005A2D2D771E0F0F117BB0B0CBA85454FC95
:10D130006DBBBBD62C16163AA5C6636384F87C7CFF
:10D1400099EE77778DF67B7B0DFFF2F2BDD66B6B98
:10D15000B1DE6F6F5491C5C55060303003020101DC
:10D16000A9CE67677D562B2B19E7FEFE62B5D7D790
:10D17000E64DABAB9AEC7676458FCACA9D1F82828C
:10D180004089C9C987FA7D7D15EFFAFAEBB2595982
:10D19000C98E47470BFBF0F0EC41ADAD67B3D4D47B
:10D1A000FD5FA2A2EA45AFAFBF239C9CF753A4A4A6
:10D1B00096E472725B9BC0C0C275B7B71CE1FDFDFF
:10D1C000AE3D93936A4C26265A6C3636417E3F3FDD
:10D1D00002F5F7F74F83CCCC5C683434F451A5A545
:10D1E00034D1E5E508F9F1F193E2717173ABD8D868
:10D1F000536231313F2A15150C0804045295C7C7F4
:10D20000654623235E9DC3C328301818A137969620
:10D210000F0A0505B52F9A9A090E07073624121230
:10D220009B1B80803DDFE2E226CDEBEB694E27279A
:10D23000CD7FB2B29FEA75751B1209099E1D8383CB
:10D2400074582C2C2E341A1A2D361B1BB2DC6E6E21
:10D25000EEB45A5AFB5BA0A0F6A452524D763B3B6B
:10D2600061B7D6D6CE7DB3B37B5229293EDDE3E349
:10D27000715E2F2F97138484F5A6535368B9D1D1CB
:10D28000000000002CC1EDED604020201FE3FCFCFD
:10D29000C879B1B1EDB65B5BBED46A6A468DCBCBC3
:10D2A000D967BEBE4B723939DE944A4AD4984C4C89
:10D2B000E8B058584A85CFCF6BBBD0D02AC5EFEF26
:10D2C000E54FAAAA16EDFBFBC5864343D79A4D4D01
:10D2D0005566333394118585CF8A454510E9F9F9B0
:10D2E0000604020281FE7F7FF0A0505044783C3C4F
:10D2F000BA259F9FE34BA8A8F3A25151FE5DA3A3BB
:10D30000C08040408A058F8FAD3F9292BC219D9D89
:10D310004870383804F1F5F5DF63BCBCC177B6B6A8
:10D3200075AFDADA63422121302010101AE5FFFFD1
:10D330000EFDF3F36DBFD2D24C81CDCD14180C0C81
:10D34000352613132FC3ECECE1BE5F5FA235979730
:10D35000CC884444392E17175793C4C4F255A7A755
:10D3600082FC7E7E477A3D3DACC86464E7BA5D5D71
:10D370002B32191995E67373A0C0606098198181EA
:10D38000D19E4F4F7FA3DCDC664422227E542A2AA2
:10D39000AB3B9090830B8888CA8C464629C7EEEE3B
:10D3A000D36BB8B83C28141479A7DEDEE2BC5E5E0D
:10D3B0001D160B0B76ADDBDB3BDBE0E05664323257
:10D3C0004E743A3A1E140A0ADB9249490A0C0606C0
:10D3D0006C482424E4B85C5C5D9FC2C26EBDD3D3AC
:10D3E000EF43ACACA6C46262A8399191A431959583
:10D3F00037D3E4E48BF2797932D5E7E7438BC8C8B9
:10D40000596E3737B7DA6D6D8C018D8D64B1D5D516
:10D41000D29C4E4EE049A9A9B4D86C6CFAAC5656D1
:10D4200007F3F4F425CFEAEAAFCA65658EF47A7A99
:10D43000E947AEAE18100808D56FBABA88F0787808
:10D440006F4A2525725C2E2E24381C1CF157A6A687
:10D45000C773B4B45197C6C623CBE8E87CA1DDDD21
:10D460009CE87474213E1F1FDD964B4BDC61BDBDF3
:10D47000860D8B8B850F8A8A90E07070427C3E3ED1
:10D48000C471B5B5AACC6666D890484805060303B2
:10D4900001F7F6F6121C0E0EA3C261615F6A353504
:10D4A000F9AE5757D069B9B9911786865899C1C155
:10D4B000273A1D1DB9279E9E38D9E1E113EBF8F8F4
:10D4C000B32B989833221111BBD2696970A9D9D9AD
:10D4D00089078E8EA7339494B62D9B9B223C1E1EEB
:10D4E0009215878720C9E9E94987CECEFFAA55550D
:10D4F000785028287AA5DFDF8F038C8CF859A1A1FA
:10D5000080098989171A0D0DDA65BFBF31D7E6E6A4
:10D51000C6844242B8D06868C3824141B029999913
:10D52000775A2D2D111E0F0FCB7BB0B0FCA8545491
:10D53000D66DBBBB3A2C161663A5C6637C84F87CFB
:10D540007799EE777B8DF67BF20DFFF26BBDD66B94
:10D550006FB1DE6FC55491C53050603001030201D8
:10D5600067A9CE672B7D562BFE19E7FED762B5D78C
:10D57000ABE64DAB769AEC76CA458FCA829D1F8288
:10D58000C94089C97D87FA7DFA15EFFA59EBB2597E
:10D5900047C98E47F00BFBF0ADEC41ADD467B3D477
:10D5A000A2FD5FA2AFEA45AF9CBF239CA4F753A4A2
:10D5B0007296E472C05B9BC0B7C275B7FD1CE1FDFB
:10D5C00093AE3D93266A4C26365A6C363F417E3FD9
:10D5D000F702F5F7CC4F83CC345C6834A5F451A541
:10D5E000E534D1E5F108F9F17193E271D873ABD864
:10D5F00031536231153F2A15040C0804C75295C7F0
:10D6000023654623C35E9DC31828301896A137961C
:10D61000050F0A059AB52F9A07090E07123624122C
:10D62000809B1B80E23DDFE2EB26CDEB27694E2796
:10D63000B2CD7FB2759FEA75091B1209839E1D83C7
:10D640002C74582C1A2E341A1B2D361B6EB2DC6E1D
:10D650005AEEB45AA0FB5BA052F6A4523B4D763B67
:10D66000D661B7D6B3CE7DB3297B5229E33EDDE345
:10D670002F715E2F8497138453F5A653D168B9D1C7
:10D6800000000000ED2CC1ED20604020FC1FE3FCF9
:10D69000B1C879B15BEDB65B6ABED46ACB468DCBBF
:10D6A000BED967BE394B72394ADE944A4CD4984C85
:10D6B00058E8B058CF4A85CFD06BBBD0EF2AC5EF22
:10D6C000AAE54FAAFB16EDFB43C586434DD79A4DFD
:10D6D000335566338594118545CF8A45F910E9F9AC
:10D6E000020604027F81FE7F50F0A0503C44783C4B
:10D6F0009FBA259FA8E34BA851F3A251A3FE5DA3B7
:10D7000040C080408F8A058F92AD3F929DBC219D85
:10D7100038487038F504F1F5BCDF63BCB6C177B6A4
:10D72000DA75AFDA2163422110302010FF1AE5FFCD
:10D73000F30EFDF3D26DBFD2CD4C81CD0C14180C7D
:10D7400013352613EC2FC3EC5FE1BE5F97A235972C
:10D7500044CC884417392E17C45793C4A7F255A751
:10D760007E82FC7E3D477A3D64ACC8645DE7BA5D6D
:10D77000192B32197395E67360A0C06081981981E6
:10D780004FD19E4FDC7FA3DC226644222A7E542A9E
:10D7900090AB3B9088830B8846CA8C46EE29C7EE37
:10D7A000B8D36BB8143C2814DE79A7DE5EE2BC5E09
:10D7B0000B1D160BDB76ADDBE03BDBE03256643253
:10D7C0003A4E743A0A1E140A49DB9249060A0C06BC
:10D7D000246C48245CE4B85CC25D9FC2D36EBDD3A8
:10D7E000ACEF43AC62A6C46291A8399195A431957F
:10D7F000E437D3E4798BF279E732D5E7C8438BC8B5
:10D8000037596E376DB7DA6D8D8C018DD564B1D512
:10D810004ED29C4EA9E049A96CB4D86C56FAAC56CD
:10D82000F407F3F4EA25CFEA65AFCA657A8EF47A95
:10D83000AEE947AE08181008BAD56FBA7888F07804
:10D84000256F4A252E725C2E1C24381CA6F157A683
:10D85000B4C773B4C65197C6E823CBE8DD7CA1DD1D
:10D86000749CE8741F213E1F4BDD964BBDDC61BDEF
:10D870008B860D8B8A850F8A7090E0703E427C3ECD
:10D88000B5C471B566AACC6648D8904803050603AE
:10D89000F601F7F60E121C0E61A3C261355F6A3500
:10D8A00057F9AE57B9D069B986911786C15899C151
:10D8B0001D273A1D9EB9279EE138D9E1F813EBF8F0
:10D8C00098B32B981133221169BBD269D970A9D9A9
:10D8D0008E89078E94A733949BB62D9B1E223C1EE7
:10D8E00087921587E920C9E9CE4987CE55FFAA5509
:10D8F00028785028DF7AA5DF8C8F038CA1F859A1F6
:10D90000898009890D171A0DBFDA65BFE631D7E6A0
:10D9100042C6844268B8D06841C3824199B029990F
:10D920002D775A2D0F111E0FB0CB7BB054FCA8548D
:10D93000BBD66DBB163A2C166363A5C67C7C84F8F7
:10D94000777799EE7B7B8DF6F2F20DFF6B6BBDD690
:10D950006F6FB1DEC5C554913030506001010302D4
:10D960006767A9CE2B2B7D56FEFE19E7D7D762B588
:10D97000ABABE64D76769AECCACA458F82829D1F84
:10D98000C9C940897D7D87FAFAFA15EF5959EBB27A
:10D990004747C98EF0F00BFBADADEC41D4D467B373
:10D9A000A2A2FD5FAFAFEA459C9CBF23A4A4F7539E
:10D9B000727296E4C0C05B9BB7B7C275FDFD1CE1F7
:10D9C0009393AE3D26266A4C36365A6C3F3F417ED5
:10D9D000F7F702F5CCCC4F8334345C68A5A5F4513D
:10D9E000E5E534D1F1F108F9717193E2D8D873AB60
:10D9F0003131536215153F2A04040C08C7C75295EC
:10DA000023236546C3C35E9D181828309696A13718
:10DA100005050F0A9A9AB52F0707090E1212362428
:10DA200080809B1BE2E23DDFEBEB26CD2727694E92
:10DA3000B2B2CD7F75759FEA09091B1283839E1DC3
:10DA40002C2C74581A1A2E341B1B2D366E6EB2DC19
:10DA50005A5AEEB4A0A0FB5B5252F6A43B3B4D7663
:10DA6000D6D661B7B3B3CE7D29297B52E3E33EDD41
:10DA70002F2F715E848497135353F5A6D1D168B9C3
:10DA800000000000EDED2CC120206040FCFC1FE3F5
:10DA9000B1B1C8795B5BEDB66A6ABED4CBCB468DBB
:10DAA000BEBED96739394B724A4ADE944C4CD49881
:10DAB0005858E8B0CFCF4A85D0D06BBBEFEF2AC51E
:10DAC000AAAAE54FFBFB16ED4343C5864D4DD79AF9
:10DAD00033335566858594114545CF8AF9F910E9A8
:10DAE000020206047F7F81FE5050F0A03C3C447847
:10DAF0009F9FBA25A8A8E34B5151F3A2A3A3FE5DB3
:10DB00004040C0808F8F8A059292AD3F9D9DBC2181
:10DB100038384870F5F504F1BCBCDF63B6B6C177A0
:10DB2000DADA75AF2121634210103020FFFF1AE5C9
:10DB3000F3F30EFDD2D26DBFCDCD4C810C0C141879
:10DB400013133526ECEC2FC35F5FE1BE9797A23528
:10DB50004444CC881717392EC4C45793A7A7F2554D
:10DB60007E7E82FC3D3D477A6464ACC85D5DE7BA69
:10DB700019192B32737395E66060A0C081819819E2
:10DB80004F4FD19EDCDC7FA3222266442A2A7E549A
:10DB90009090AB3B8888830B4646CA8CEEEE29C733
:10DBA000B8B8D36B14143C28DEDE79A75E5EE2BC05
:10DBB0000B0B1D16DBDB76ADE0E03BDB323256644F
:10DBC0003A3A4E740A0A1E144949DB9206060A0CB8
:10DBD00024246C485C5CE4B8C2C25D9FD3D36EBDA4
:10DBE000ACACEF436262A6C49191A8399595A4317B
:10DBF000E4E437D379798BF2E7E732D5C8C8438BB1
:10DC00003737596E6D6DB7DA8D8D8C01D5D564B10E
:10DC10004E4ED29CA9A9E0496C6CB4D85656FAACC9
:10DC2000F4F407F3EAEA25CF6565AFCA7A7A8EF491
:10DC3000AEAEE94708081810BABAD56F787888F000
:10DC400025256F4A2E2E725C1C1C2438A6A6F1577F
:10DC5000B4B4C773C6C65197E8E823CBDDDD7CA119
:10DC600074749CE81F1F213E4B4BDD96BDBDDC61EB
:10DC70008B8B860D8A8A850F707090E03E3E427CC9
:10DC8000B5B5C4716666AACC4848D89003030506AA
:10DC9000F6F601F70E0E121C6161A3C235355F6AFC
:10DCA0005757F9AEB9B9D06986869117C1C158994D
:10DCB0001D1D273A9E9EB927E1E138D9F8F813EBEC
:10DCC0009898B32B111133226969BBD2D9D970A9A5
:10DCD0008E8E89079494A7339B9BB62D1E1E223CE3
:10DCE00087879215E9E920C9CECE49875555FFAA05
:10DCF00028287850DFDF7AA58C8C8F03A1A1F859F2
:10DD0000898980090D0D171ABFBFDA65E6E631D79C
:10DD10004242C6846868B8D04141C3829999B0290B
:10DD20002D2D775A0F0F111EB0B0CB7B5454FCA889
:10DD3000BBBBD66D16163A2C982F8A429144377188
:10DD4000CFFBC0B5A5DBB5E95BC25639F111F1597E
:10DD5000A4823F92D55E1CAB98AA07D8015B8312C0
:10DD6000BE853124C37D0C55745DBE72FEB1DE806C
:10DD7000A706DC9B74F19BC1C1699BE48647BEEF9B
:10DD8000C69DC10FCCA10C246F2CE92DAA84744A26
:10DD9000DCA9B05CDA88F97652513E986DC631A89C
:10DDA000C82703B0C77F59BFF30BE0C64791A7D57B
:10DDB0005163CA0667292914850AB72738211B2E03
:10DDC000FC6D2C4D130D385354730A65BB0A6A76EB
:10DDD0002EC9C281852C7292A1E8BFA24B661AA8F7
:10DDE000708B4BC2A3516CC719E892D1240699D607
:10DDF00085350EF470A06A1016C1A419086C371E80
:10DE00004C774827B5BCB034B30C1C394AAAD84E5D
:10DE10004FCA9C5BF36F2E68EE828F746F63A57898
:10DE20001478C8840802C78CFAFFBE90EB6C50A42B
:10DE3000F7A3F9BEF27871C622AE28D7982F8A428E
:10DE4000CD65EF23914437712F3B4DECCFFBC0B52F
:10DE5000BCDB8981A5DBB5E938B548F35BC256392F
:10DE600019D005B6F111F1599B4F19AFA4823F9219
:10DE700018816DDAD55E1CAB420203A398AA07D8BD
:10DE8000BE6F7045015B83128CB2E44EBE853124B7
:10DE9000E2B4FFD5C37D0C556F897BF2745DBE7211
:10DEA000B196163BFEB1DE803512C725A706DC9B76
:10DEB000942669CF74F19BC1D24AF19EC1699BE45B
:10DEC000E3254F388647BEEFB5D58C8BC69DC10F75
:10DED000659CAC77CCA10C2475022B596F2CE92DD5
:10DEE00083E4A66EAA84744AD4FB41BDDCA9B05C6D
:10DEF000B5531183DA88F976ABDF66EE52513E985E
:10DF00001032B42D6DC631A83F21FB98C82703B04D
:10DF1000E40EEFBEC77F59BFC28FA83DF30BE0C62A
:10DF200025A70A934791A7D56F8203E05163CA06DC
:10DF3000706E0E0A67292914FC2FD246850AB7276E
:10DF400026C9265C38211B2EED2AC45AFC6D2C4DA7
:10DF5000DFB3959D130D3853DE63AF8B54730A65A1
:10DF6000A8B2773CBB0A6A76E6AEED472EC9C281FD
:10DF70003B358214852C72926403F14CA1E8BFA258
:10DF8000013042BC4B661AA89197F8D0708B4BC2F7
:10DF900030BE5406A3516CC71852EFD619E892D17F
:10DFA00010A96555240699D62A20715785350EF497
:10DFB000B8D1BB3270A06A10C8D0D2B816C1A419AB
:10DFC00053AB4151086C371E99EB8EDF4C774827D5
:10DFD000A8489BE1B5BCB034635AC9C5B30C1C3921
:10DFE000CB8A41E34AAAD84E73E363774FCA9C5B5E
:10DFF000A3B8B2D6F36F2E68FCB2EF5DEE828F74D9
:10E00000602F17436F63A57872ABF0A11478C884B2
:10E01000EC39641A0802C78C281E6323FAFFBE90ED
:10E02000E9BD82DEEB6C50A41579C6B2F7A3F9BE48
:10E030002B5372E3F27871C69C6126EACE3E27CA62
:10E0400007C2C021C7B886D11EEBE0CDD67DDAEA83
:10E0500078D16EEE7F4F7DF5BA6F1772AA67F00622
:10E06000A698C8A2C57D630AAE0DF9BE04983F11FB
:10E070001B471C13350B711B847D0423F577DB28AC
:10E080009324C7407BABCA32BCBEC9150ABE9E3CB6
:10E090004C0D109CC4671D43B6423ECBBED4C54C4C
:10E0A0002A7E65FC9C297F59ECFAD63AAB6FCB5F90
:10E0B0001758474A8C19446C010000000200000008
:10E0C0000400000008000000100000002000000014
:10E0D00040000000800000001B000000360000002F
:10E0E00052096AD53036A538BF40A39E81F3D7FBCD
:10E0F0007CE339829B2FFF87348E4344C4DEE9CB17
:10E10000547B9432A6C2233DEE4C950B42FAC34E8B
:10E11000082EA16628D924B2765BA2496D8BD12541
:10E1200072F8F66486689816D4A45CCC5D65B692E5
:10E130006C704850FDEDB9DA5E154657A78D9D8489
:10E1400090D8AB008CBCD30AF7E45805B8B34506A9
:10E15000D02C1E8FCA3F0F02C1AFBD0301138A6BC3
:10E160003A9111414F67DCEA97F2CFCEF0B4E673F3
:10E1700096AC7422E7AD3585E2F937E81C75DF6EA1
:10E1800047F11A711D29C5896FB7620EAA18BE1B07
:10E19000FC563E4BC6D279209ADBC0FE78CD5AF4AD
:10E1A0001FDDA8338807C731B11210592780EC5FF3
:10E1B00060517FA919B54A0D2DE57A9F93C99CEF4F
:10E1C000A0E03B4DAE2AF5B0C8EBBB3C8353996150
:10E1D000172B047EBA77D626E169146355210C7D8E
:10E1E00051F4A7507E4165531A17A4C33A275E968F
:10E1F0003BAB6BCB1F9D45F1ACFA58AB4BE30393A4
:10E200002030FA55AD766DF688CC7691F5024C2526
:10E210004FE5D7FCC52ACBD726354480B562A38FFE
:10E22000DEB15A4925BA1B6745EA0E985DFEC0E18A
:10E23000C32F7502814CF0128D4697A36BD3F9C69C
:10E24000038F5FE715929C95BF6D7AEB955259DA73
:10E25000D4BE832D587421D349E069298EC9C8449E
:10E2600075C2896AF48E797899583E6B27B971DD49
:10E27000BEE14FB6F088AD17C920AC667DCE3AB48A
:10E2800063DF4A18E51A31829751336062537F4544
:10E29000B16477E0BB6BAE84FE81A01CF9082B94BF
:10E2A000704868588F45FD1994DE6C87527BF8B72B
:10E2B000AB73D323724B02E2E31F8F576655AB2A31
:10E2C000B2EB28072FB5C20386C57B9AD33708A5C2
:10E2D000302887F223BFA5B202036ABAED16825C2A
:10E2E0008ACF1C2BA779B492F307F2F04E69E2A112
:10E2F00065DAF4CD0605BED5D134621FC4A6FE8A08
:10E30000342E539DA2F355A0058AE132A4F6EB7595
:10E310000B83EC394060EFAA5E719F06BD6E105111
:10E320003E218AF996DD063DDD3E05AE4DE6BD4651
:10E3300091548DB571C45D050406D46F605015FF0E
:10E340001998FB24D6BDE997894043CC67D99E77BD
:10E35000B0E842BD07898B88E7195B3879C8EEDBE6
:10E36000A17C0A477C420FE9F8841EC90000000026
:10E3700009808683322BED481E1170AC6C5A724EA8
:10E38000FD0EFFFB0F8538563DAED51E362D3927C5
:10E390000A0FD964685CA6219B5B54D124362E3ABF
:10E3A0000C0A67B19357E70FB4EE96D21B9B919E70
:10E3B00080C0C54F61DC20A25A774B691C121A1627
:10E3C000E293BA0AC0A02AE53C22E043121B171DC3
:10E3D0000E090D0BF28BC7AD2DB6A8B9141EA9C836
:10E3E00057F11985AF75074CEE99DDBBA37F60FD32
:10E3F000F701269F5C72F5BC44663BC55BFB7E342F
:10E400008B432976CB23C6DCB6EDFC68B8E4F16318
:10E41000D731DCCA426385101397224084C611208D
:10E42000854A247DD2BB3DF8AEF93211C729A16DD2
:10E430001D9E2F4BDCB230F30D8652EC77C1E3D03A
:10E440002BB3166CA970B999119448FA47E9642264
:10E45000A8FC8CC4A0F03F1A567D2CD8223390EF34
:10E4600087494EC7D938D1C18CCAA2FE98D40B3681
:10E47000A6F581CFA57ADE28DAB78E263FADBFA4F8
:10E480002C3A9DE45078920D6A5FCC9B547E466294
:10E49000F68D13C290D8B8E82E39F75E82C3AFF577
:10E4A0009F5D80BE69D0937C6FD52DA9CF2512B317
:10E4B000C8AC993B10187DA7E89C636EDB3BBB7B27
:10E4C000CD2678096E5918F4EC9AB701834F9AA8B3
:10E4D000E6956E65AAFFE67E21BCCF08EF15E8E65B
:10E4E000BAE79BD94A6F36CEEA9F09D429B07CD6C9
:10E4F00031A4B2AF2A3F2331C6A5943035A266C0FD
:10E50000744EBC37FC82CAA6E090D0B033A7D815B1
:10E51000F104984A41ECDAF77FCD500E1791F62FAF
:10E52000764DD68D43EFB04DCCAA4D54E49604DF22
:10E530009ED1B5E34C6A881BC12C1FB84665517F3C
:10E540009D5EEA04018C355DFA877473FB0B412EE6
:10E55000B3671D5A92DBD252E91056336DD647137A
:10E560009AD7618C37A10C7A59F8148EEB133C8939
:10E57000CEA927EEB761C935E11CE5ED7A47B13C7C
:10E580009CD2DF5955F2733F1814CE7973C737BF49
:10E5900053F7CDEA5FFDAA5BDF3D6F147844DB865D
:10E5A000CAAFF381B968C43E3824342CC2A3405F9B
:10E5B000161DC372BCE2250C283C498BFF0D95410A
:10E5C00039A80171080CB3DED8B4E49C6456C1903C
:10E5D0007BCB8461D532B670486C5C74D0B857423E
:10E5E0005051F4A7537E4165C31A17A4963A275E8B
:10E5F000CB3BAB6BF11F9D45ABACFA58934BE303A0
:10E60000552030FAF6AD766D9188CC7625F5024C22
:10E61000FC4FE5D7D7C52ACB802635448FB562A3FA
:10E6200049DEB15A6725BA1B9845EA0EE15DFEC086
:10E6300002C32F7512814CF0A38D4697C66BD3F998
:10E64000E7038F5F9515929CEBBF6D7ADA9552596F
:10E650002DD4BE83D35874212949E069448EC9C89A
:10E660006A75C28978F48E796B99583EDD27B97145
:10E67000B6BEE14F17F088AD66C920ACB47DCE3A86
:10E680001863DF4A82E51A31609751334562537F40
:10E69000E0B1647784BB6BAE1CFE81A094F9082BBB
:10E6A00058704868198F45FD8794DE6CB7527BF827
:10E6B00023AB73D3E2724B0257E31F8F2A6655AB2D
:10E6C00007B2EB28032FB5C29A86C57BA5D33708BE
:10E6D000F2302887B223BFA5BA02036A5CED168226
:10E6E0002B8ACF1C92A779B4F0F307F2A14E69E20E
:10E6F000CD65DAF4D50605BE1FD134628AC4A6FE04
:10E700009D342E53A0A2F35532058AE175A4F6EB91
:10E71000390B83ECAA4060EF065E719F51BD6E100D
:10E72000F93E218A3D96DD06AEDD3E05464DE6BD4D
:10E73000B591548D0571C45D6F0406D4FF6050150A
:10E74000241998FB97D6BDE9CC8940437767D99EB9
:10E75000BDB0E8428807898B38E7195BDB79C8EEE2
:10E7600047A17C0AE97C420FC9F8841E0000000022
:10E770008309808648322BEDAC1E11704E6C5A72A4
:10E78000FBFD0EFF560F85381E3DAED527362D39C1
:10E79000640A0FD921685CA6D19B5B543A24362EBB
:10E7A000B10C0A670F9357E7D2B4EE969E1B9B916C
:10E7B0004F80C0C5A261DC20695A774B161C121A23
:10E7C0000AE293BAE5C0A02A433C22E01D121B17BF
:10E7D0000B0E090DADF28BC7B92DB6A8C8141EA932
:10E7E0008557F1194CAF7507BBEE99DDFDA37F602E
:10E7F0009FF70126BC5C72F5C544663B345BFB7E2B
:10E80000768B4329DCCB23C668B6EDFC63B8E4F114
:10E81000CAD731DC10426385401397222084C61189
:10E820007D854A24F8D2BB3D11AEF9326DC729A1CE
:10E830004B1D9E2FF3DCB230EC0D8652D077C1E336
:10E840006C2BB31699A970B9FA1194482247E96460
:10E85000C4A8FC8C1AA0F03FD8567D2CEF22339030
:10E86000C787494EC1D938D1FE8CCAA23698D40B7D
:10E87000CFA6F58128A57ADE26DAB78EA43FADBFF4
:10E88000E42C3A9D0D5078929B6A5FCC62547E4690
:10E89000C2F68D13E890D8B85E2E39F7F582C3AF73
:10E8A000BE9F5D807C69D093A96FD52DB3CF251213
:10E8B0003BC8AC99A710187D6EE89C637BDB3BBB23
:10E8C00009CD2678F46E591801EC9AB7A8834F9AAF
:10E8D00065E6956E7EAAFFE60821BCCFE6EF15E857
:10E8E000D9BAE79BCE4A6F36D4EA9F09D629B07CC5
:10E8F000AF31A4B2312A3F2330C6A594C035A266F9
:10E9000037744EBCA6FC82CAB0E090D01533A7D8AD
:10E910004AF10498F741ECDA0E7FCD502F1791F6AB
:10E920008D764DD64D43EFB054CCAA4DDFE496041E
:10E93000E39ED1B51B4C6A88B8C12C1F7F46655138
:10E94000049D5EEA5D018C3573FA87742EFB0B41E2
:10E950005AB3671D5292DBD233E91056136DD64776
:10E960008C9AD7617A37A10C8E59F81489EB133C35
:10E97000EECEA92735B761C9EDE11CE53C7A47B178
:10E98000599CD2DF3F55F273791814CEBF73C73745
:10E99000EA53F7CD5B5FFDAA14DF3D6F867844DB59
:10E9A00081CAAFF33EB968C42C3824345FC2A34097
:10E9B00072161DC30CBCE2258B283C4941FF0D9506
:10E9C0007139A801DE080CB39CD8B4E4906456C138
:10E9D000617BCB8470D532B674486C5C42D0B8573A
:10E9E000A75051F465537E41A4C31A175E963A2787
:10E9F0006BCB3BAB45F11F9D58ABACFA03934BE39C
:10EA0000FA5520306DF6AD76769188CC4C25F5021E
:10EA1000D7FC4FE5CBD7C52A44802635A38FB562F6
:10EA20005A49DEB11B6725BA0E9845EAC0E15DFE82
:10EA30007502C32FF012814C97A38D46F9C66BD394
:10EA40005FE7038F9C9515927AEBBF6D59DA95526B
:10EA5000832DD4BE21D35874692949E0C8448EC996
:10EA6000896A75C27978F48E3E6B995871DD27B941
:10EA70004FB6BEE1AD17F088AC66C9203AB47DCE82
:10EA80004A1863DF3182E51A336097517F4562533C
:10EA900077E0B164AE84BB6BA01CFE812B94F908B7
:10EAA00068587048FD198F456C8794DEF8B7527B23
:10EAB000D323AB7302E2724B8F57E31FAB2A665529
:10EAC0002807B2EBC2032FB57B9A86C508A5D337BA
:10EAD00087F23028A5B223BF6ABA0203825CED1622
:10EAE0001C2B8ACFB492A779F2F0F307E2A14E690A
:10EAF000F4CD65DABED50605621FD134FE8AC4A600
:10EB0000539D342E55A0A2F3E132058AEB75A4F68D
:10EB1000EC390B83EFAA40609F065E711051BD6E09
:10EB20008AF93E21063D96DD05AEDD3EBD464DE649
:10EB30008DB591545D0571C4D46F040615FF605006
:10EB4000FB241998E997D6BD43CC89409E7767D9B5
:10EB500042BDB0E88B8807895B38E719EEDB79C8DE
:10EB60000A47A17C0FE97C421EC9F884000000001E
:10EB700086830980ED48322B70AC1E11724E6C5AA0
:10EB8000FFFBFD0E38560F85D51E3DAE3927362DBD
:10EB9000D9640A0FA621685C54D19B5B2E3A2436B7
:10EBA00067B10C0AE70F935796D2B4EE919E1B9B68
:10EBB000C54F80C020A261DC4B695A771A161C121F
:10EBC000BA0AE2932AE5C0A0E0433C22171D121BBB
:10EBD0000D0B0E09C7ADF28BA8B92DB6A9C8141E2E
:10EBE000198557F1074CAF75DDBBEE9960FDA37F2A
:10EBF000269FF701F5BC5C723BC544667E345BFB27
:10EC000029768B43C6DCCB23FC68B6EDF163B8E410
:10EC1000DCCAD7318510426322401397112084C685
:10EC2000247D854A3DF8D2BB3211AEF9A16DC729CA
:10EC30002F4B1D9E30F3DCB252EC0D86E3D077C132
:10EC4000166C2BB3B999A97048FA1194642247E95C
:10EC50008CC4A8FC3F1AA0F02CD8567D90EF22332C
:10EC60004EC78749D1C1D938A2FE8CCA0B3698D479
:10EC700081CFA6F5DE28A57A8E26DAB7BFA43FADF0
:10EC80009DE42C3A920D5078CC9B6A5F4662547E8C
:10EC900013C2F68DB8E890D8F75E2E39AFF582C36F
:10ECA00080BE9F5D937C69D02DA96FD512B3CF250F
:10ECB000993BC8AC7DA71018636EE89CBB7BDB3B1F
:10ECC0007809CD2618F46E59B701EC9A9AA8834FAB
:10ECD0006E65E695E67EAAFFCF0821BCE8E6EF1553
:10ECE0009BD9BAE736CE4A6F09D4EA9F7CD629B0C1
:10ECF000B2AF31A423312A3F9430C6A566C035A2F5
:10ED0000BC37744ECAA6FC82D0B0E090D81533A7A9
:10ED1000984AF104DAF741EC500E7FCDF62F1791A7
:10ED2000D68D764DB04D43EF4D54CCAA04DFE4961A
:10ED3000B5E39ED1881B4C6A1FB8C12C517F466534
:10ED4000EA049D5E355D018C7473FA87412EFB0BDE
:10ED50001D5AB367D25292DB5633E91047136DD672
:10ED6000618C9AD70C7A37A1148E59F83C89EB1331
:10ED700027EECEA9C935B761E5EDE11CB13C7A4774
:10ED8000DF599CD2733F55F2CE79181437BF73C741
:10ED9000CDEA53F7AA5B5FFD6F14DF3DDB86784455
:10EDA000F381CAAFC43EB968342C3824405FC2A393
:10EDB000C372161D250CBCE2498B283C9541FF0D02
:10EDC000017139A8B3DE080CE49CD8B4C190645634
:10EDD00084617BCBB670D5325C74486C5742D0B836
:10EDE000F4A750514165537E17A4C31A275E963A83
:10EDF000AB6BCB3B9D45F11FFA58ABACE303934B98
:10EE000030FA5520766DF6ADCC769188024C25F51A
:10EE1000E5D7FC4F2ACBD7C53544802662A38FB5F2
:10EE2000B15A49DEBA1B6725EA0E9845FEC0E15D7E
:10EE30002F7502C34CF012814697A38DD3F9C66B90
:10EE40008F5FE703929C95156D7AEBBF5259DA9567
:10EE5000BE832DD47421D358E0692949C9C8448E92
:10EE6000C2896A758E7978F4583E6B99B971DD273D
:10EE7000E14FB6BE88AD17F020AC66C9CE3AB47D7E
:10EE8000DF4A18631A3182E551336097537F456238
:10EE90006477E0B16BAE84BB81A01CFE082B94F9B3
:10EEA0004868587045FD198FDE6C87947BF8B7521F
:10EEB00073D323AB4B02E2721F8F57E355AB2A6625
:10EEC000EB2807B2B5C2032FC57B9A863708A5D3B6
:10EED0002887F230BFA5B223036ABA0216825CED1E
:10EEE000CF1C2B8A79B492A707F2F0F369E2A14E06
:10EEF000DAF4CD6505BED50634621FD1A6FE8AC4FC
:10EF00002E539D34F355A0A28AE13205F6EB75A489
:10EF100083EC390B60EFAA40719F065E6E1051BD05
:10EF2000218AF93EDD063D963E05AEDDE6BD464D45
:10EF3000548DB591C45D057106D46F045015FF6002
:10EF400098FB2419BDE997D64043CC89D99E7767B1
:10EF5000E842BDB0898B8807195B38E7C8EEDB79DA
:10EF60007C0A47A1420FE97C841EC9F8000000001A
:10EF7000808683092BED48321170AC1E5A724E6C9C
:10EF80000EFFFBFD8538560FAED51E3D2D392736B9
:10EF90000FD9640A5CA621685B54D19B362E3A24B3
:10EFA0000A67B10C57E70F93EE96D2B49B919E1B64
:10EFB000C0C54F80DC20A261774B695A121A161C1B
:10EFC00093BA0AE2A02AE5C022E0433C1B171D12B7
:10EFD000090D0B0E8BC7ADF2B6A8B92D1EA9C8142A
:10EFE000F119855775074CAF99DDBBEE7F60FDA326
:10EFF00001269FF772F5BC5C663BC544FB7E345B23
:10F000004329768B23C6DCCBEDFC68B6E4F163B80C
:10F0100031DCCAD76385104297224013C611208481
:10F020004A247D85BB3DF8D2F93211AE29A16DC7C6
:10F030009E2F4B1DB230F3DC8652EC0DC1E3D0772E
:10F04000B3166C2B70B999A99448FA11E964224758
:10F05000FC8CC4A8F03F1AA07D2CD8563390EF2228
:10F06000494EC78738D1C1D9CAA2FE8CD40B369875
:10F07000F581CFA67ADE28A5B78E26DAADBFA43FEC
:10F080003A9DE42C78920D505FCC9B6A7E46625488
:10F090008D13C2F6D8B8E89039F75E2EC3AFF5826B
:10F0A0005D80BE9FD0937C69D52DA96F2512B3CF0B
:10F0B000AC993BC8187DA7109C636EE83BBB7BDB1B
:10F0C000267809CD5918F46E9AB701EC4F9AA883A7
:10F0D000956E65E6FFE67EAABCCF082115E8E6EF4F
:10F0E000E79BD9BA6F36CE4A9F09D4EAB07CD629BD
:10F0F000A4B2AF313F23312AA59430C6A266C035F1
:10F100004EBC377482CAA6FC90D0B0E0A7D81533A5
:10F1100004984AF1ECDAF741CD500E7F91F62F17A3
:10F120004DD68D76EFB04D43AA4D54CC9604DFE416
:10F13000D1B5E39E6A881B4C2C1FB8C165517F4630
:10F140005EEA049D8C355D01877473FA0B412EFBDA
:10F15000671D5AB3DBD25292105633E9D647136D6E
:10F16000D7618C9AA10C7A37F8148E59133C89EB2D
:10F17000A927EECE61C935B71CE5EDE147B13C7A70
:10F18000D2DF599CF2733F5514CE7918C737BF733D
:10F19000F7CDEA53FDAA5B5F3D6F14DF44DB867851
:10F1A000AFF381CA68C43EB924342C38A3405FC28F
:10F1B0001DC37216E2250CBC3C498B280D9541FFFE
:10F1C000A80171390CB3DE08B4E49CD856C1906430
:10F1D000CB84617B32B670D56C5C7448B85742D032
:10F1E000246F74612F7570646174652F25732F25EA
:10F1F000730000000000000000000000000000009C
:10F2000000000000000000000000000000000000FE
:10F2100000000000000000000000000000000000EE
:10F22000247468696E672F646F776E2F70726F70C9
:10F23000657274792F25732F25730000000000007C
:10F2400000000000000000000000000000000000BE
:10F2500000000000000000000000000000000000AE
:10F26000000000000000000000000000000000009E
:10F27000000000000000000000000000000000008E
:10F28000000000000000000000000000000000007E
:10F29000000000000000000000000000000000006E
:10F2A00005020000800000000B0A020010000000B0
:10F2B00000000000100000009CF3010002010000AB
:10F2C00080000000E70902000000000000000000CC
:10F2D000100000009CF301000E06000080000000FA
:10F2E0002F0A02000C0000000100000010000000C6
:10F2F000A0F6010006020000C0000000F3090200B1
:10F300001000000000000000100000009CF301004D
:10F3100003010000C0000000CF090200000000004F
:10F3200000000000100000009CF301000F06000028
:10F33000C0000000170A02000C00000001000000DD
:10F3400010000000A0F6010007020000000100000C
:10F35000FF09020010000000000000001000000083
:10F360009CF301000401000000010000DB09020021
:10F370000000000000000000100000009CF30100ED
:10F380001006000000010000230A02000C0000002B
:10F390000100000010000000A0F6010002000000C3
:10F3A0009581000081810000D1810000CD810000A5
:10F3B00099810000B98100009D000000E90502006C
:10F3C000100701000300000003000000030000001C
:10F3D00003000000000000009C000000490602003D
:10F3E0000E060100030000000300000003000000FF
:10F3F00003000000000000003C000000290602009D
:10F4000005060100030000000300000003000000E7
:10F4100003000000000000003D000000090602009B
:10F4200007060100030000000300000003000000C5
:10F4300003000000000000002F000000860602000C
:10F4400005040100030000000000000003000000AC
:10F450000300000000000000350000006906020003
:10F46000070401000300000000000000030000008A
:10F47000030000000000000000000000B0040200D3
:10F48000000000000000000000000000000000007C
:10F4900000000000000000003D000000000000002F
:10F4A0000000891112239B322446AD573665BF7484
:10F4B000488CC19D5AAFD3BE6CCAE5DB7EE9F7F834
:10F4C0008110080193331A22A5562C47B7753E6464
:10F4D000C99C408DDBBF52AEEDDA64CBFFF976E814
:10F4E00002218B30100299132667AF763444BD5544
:10F4F0004AADC3BC588ED19F6EEBE7FA7CC8F5D9F4
:10F5000083310A2091121803A7772E66B5543C4523
:10F51000CBBD42ACD99E508FEFFB66EAFDD874C9D3
:10F5200004428D5316619F702004A9153227BB3603
:10F530004CCEC5DF5EEDD7FC6888E1997AABF3BAB3
:10F5400085520C4397711E60A1142805B3373A26E3
:10F55000CDDE44CFDFFD56ECE9986089FBBB72AA93
:10F5600006638F7214409D512225AB343006B917C3
:10F570004EEFC7FE5CCCD5DD6AA9E3B8788AF19B73
:10F5800087730E6295501C41A3352A24B1163807A3
:10F59000CFFF46EEDDDC54CDEBB962A8F99A708B53
:10F5A000088481951AA793B62CC2A5D33EE1B7F083
:10F5B0004008C919522BDB3A644EED5F766DFF7C33
:10F5C000899400859BB712A6ADD224C3BFF136E063
:10F5D000C1184809D33B5A2AE55E6C4FF77D7E6C13
:10F5E0000AA583B4188691972EE3A7F23CC0B5D143
:10F5F0004229CB38500AD91B666FEF7E744CFD5DF3
:10F600008BB502A499961087AFF326E2BDD034C122
:10F61000C3394A28D11A580BE77F6E6EF55C7C4DD2
:10F620000CC685D71EE597F42880A1913AA3B3B202
:10F63000444ACD5B5669DF78600CE91D722FFB3EB2
:10F640008DD604C79FF516E4A9902081BBB332A2E2
:10F65000C55A4C4BD7795E68E11C680DF33F7A2E92
:10F660000EE787F61CC495D52AA1A3B03882B193C2
:10F67000466BCF7A5448DD59622DEB3C700EF91F72
:10F680008FF706E69DD414C5ABB122A0B9923083A2
:10F69000C77B4E6AD5585C49E33D6A2CF11E780F52
:10F6A000020000000000000000000000859400003F
:10F6B0008594000091940000AD940000800000004B
:10F6C000000000000000000000000000000000003A
:10F6D000000000000000000000000000000000002A
:10F6E000000000000000000000000000000000001A
:10F6F000000000000000000000000000000000000A
:10F700000000000000000000201C000000000000BD
:10F7100040380000000000006024000000000000ED
:10F720008070000000000000A06C000000000000DD
:10F73000C048000000000000E0540000000000008D
:10F7400000E100000000000020FD000000000000BB
:10F7500040D900000000000060C50000000000006B
:10F760008091000000000000A08D0000000000005B
:10F77000C0A9000000000000E0B50000000000008B
:10F7800002000000BCF201000300000010F30100C1
:10F790000400000064F3010005000000A0F2010075
:10F7A00006000000F4F201000700000048F3010029
:10F7B0000E000000D8F201000F0000002CF3010041
:10F7C0001000000080F301000000000000000000B5
:10F7D000D60702000310400001000000A30602004B
:10F7E00079710100DD6F0100AD73010071730100DB
:10F7F000E570010021710100B5700100C16F0100C9
:10F8000065710100B97001006F0702000414400027
:10F81000BF090200051C40006206020006204000ED
:10F820000206020007308000B8090200084080008C
:10F83000F0000000FFFFFF0FFFFFFF0F00080000B8
:10F84000600000000A00000000000000000000004E
:10F8500003020000FF06020008000000DA070200B1
:10F86000D6070200030000004C070200050000005C
:10F87000740702006007020004000000EB060200AB
:10F8800009000000A8070200A00702000500000010
:10F89000BB06020009000000F2070200EA070200AE
:10F8A00006000000CD06020009000000C3070200A8
:10F8B000BB07020007000000D70602000900000095
:10F8C0008D0702008507020008000000000000000C
:10F8D0000000000000000000000000000000000028
:10F8E000A70602000900000034090200A306020076
:10F8F00001000000C5060200070000009A0902008E
:10F90000A90902000200000026070200050000000D
:10F910000C080200FC0702000300000000000000C9
:10F9200000000000000000000000000000000000D7
:10F93000E10602000900000007090200CD070200ED
:10F9400003010000F506020009000000A8080200FB
:10F9500066070200040100003607020009000000EB
:10F96000D7080200970702000501000012070200F5
:10F97000090000001C090200E10702000601000066
:10F980001C07020009000000EF080200B207020095
:10F99000070100002C07020009000000BF08020058
:10F9A0007C07020008010000520702000500000069
:10F9B000A808020066070200040100000807020010
:10F9C00009000000140802001408020000060000EC
:10F9D0000000000000000000000000000000000027
:10F9E0000000000048070200030000008309020035
:10F9F000710902000001000040070200030000003E
:10FA00004408020028080200040000005C0702000D
:10FA100003000000320802001F0802000008000076
:10FA200044070200030000006408020053080200BB
:10FA300020000000B1060200090000009308020047
:10FA400079080200000001005807020003000000CE
:10FA500057090200420902000800000000000000EF
:10FA60000000000000000000000000000000000096
:10FA70002E2E2F4C69627261726965732F53746404
:10FA80005065726970685F4472697665722F53724F
:10FA9000632F6678785F6770696F2E63002E2E2F54
:10FAA0004C69627261726965732F53746450657238
:10FAB0006970685F4472697665722F5372632F664E
:10FAC00078785F7370692E63004A43595F30343829
:10FAD00000434C522830293B0D0A0044495228313A
:10FAE000293B0D0A00444331362832302C34302C67
:10FAF00027CCEDBCD3B5C4CFB5C1D0CAFDCEAA309A
:10FB0000272C31293B0D0A00444331362832362C4C
:10FB100034382C274661696C20746F20646F776ECF
:10FB20006C6F6164272C31293B0D0A004443313648
:10FB30002839302C39302C27757064617465206643
:10FB400061696C6564272C31293B0D0A00444331FF
:10FB50003628302C33392C27506C6561736520634F
:10FB60006865636B206E6574776F726B272C312923
:10FB70003B0D0A00444331362831382C35302C27D0
:10FB8000476574204669726D7761726520457272AF
:10FB9000272C31293B0D0A00444331362832302CC2
:10FBA00035302C27C7EBBCECB2E95344BFA8272C57
:10FBB00031293B0D0A00444331362838302C383087
:10FBC0002C27B8FCD0C2CAA7B0DC272C31293B0DAA
:10FBD0000A00444332342833342C34302C27CFC22B
:10FBE000D4D8CAA7B0DC272C31293B0D0A004443E6
:10FBF00031362832302C34302C27BBF1C8A1B9CC97
:10FC0000BCFEB0FCCAA7B0DC272C31293B0D0A0092
:10FC1000444331362833302C31302C272DC7EBCAE2
:10FC2000E4C8EBC3DCC2EB2D272C32293B0D0A00C4
:10FC30004443313628302C32382C274669726D7790
:10FC400061726520686173206265656E20646F77FC
:10FC50006E6C6F61646564272C32293B0D0A004489
:10FC60004332342832362C31302C27486F6D6520D2
:10FC700050616765272C32293B0D0A004443313619
:10FC800028302C34362C27506C65617365207570D4
:10FC90006461746520746865206669726D7761724D
:10FCA00065272C32293B0D0A004443313628333472
:10FCB0002C33302C274E6577206669726D77617220
:10FCC00065206578697374272C32293B0D0A00443E
:10FCD0004331362839302C39302C277570646174E3
:10FCE00065207375636365737366756C6C79272C17
:10FCF00032293B0D0A00444332342832362C34304A
:10FD00002C27B8FCD0C2B3C9B9A6272C32293B0D89
:10FD10000A00444331362838302C38302C27B8FCC0
:10FD2000D0C2B3C9B9A6272C32293B0D0A004443DF
:10FD300032342835362C31302C27D6F7D2B3272C45
:10FD400032293B0D0A004443313628352C313130FD
:10FD50002C27B0B4CFC2456E746572BDF8C8EBCF26
:10FD6000C2D2BBCEBB272C32293B0D0A0044433103
:10FD7000362832302C35302C27B5B1C7B0CEAAD7B3
:10FD8000EED0C2B0E6B1BE272C32293B0D0A0044AA
:10FD90004331362833342C33302C27C3BBD5D2B56E
:10FDA000BDB9CCBCFEB0FC272C32293B0D0A004467
:10FDB0004331362833342C33302C27B4E6D4DAD010
:10FDC000C2B9CCBCFEB0FC272C32293B0D0A004442
:10FDD0004331362833342C34362C27C7EBB8FCD0CB
:10FDE000C2B9CCBCFEB0FC272C32293B0D0A004422
:10FDF00043313628382C3131302C272D20224361D5
:10FE00006E63656C2252657475726E202D272C34DA
:10FE1000293B0D0A00444331362831362C39302C29
:10FE2000272D2022456E746572224E657874202D30
:10FE3000272C34293B0D0A00444331362831362C17
:10FE40003131302C272D202243616E63656C22B73F
:10FE5000B5BBD8202D272C34293B0D0A0044433153
:10FE6000362831322C3131302C272D2022456E742A
:10FE7000657222BCCCD0F8202D272C34293B0D0AEA
:10FE800000444331362831362C39302C272D20229E
:10FE9000456E74657222BCCCD0F8202D272C3429F5
:10FEA0003B0D0A00444331362831322C3131302C9D
:10FEB000272D202243616E63656C22C8A1CFFB20F1
:10FEC0002D272C34293B0D0A004443313628372C8A
:10FED00036362C27C9E8B1B8B0E6B1BEA3BA272C94
:10FEE00034293B0D0A004443313628372C34362C54
:10FEF00027C9E8B1B8C3FBA3BA272C34293B0D0AA4
:10FF0000004443313628372C38362C27B9CCBCFE78
:10FF1000A3BA272C34293B0D0A0044433136283537
:10FF2000302C35352C274C6F6164696E672E2E2E70
:10FF3000272C35293B0D0A00444331362832382C12
:10FF400035352C27446F776E6C6F6164696E672E50
:10FF50002E2E272C35293B0D0A00444331362834F8
:10FF6000302C35352C275570646174696E672E2EE0
:10FF70002E272C35293B0D0A0044433136283530D5
:10FF80002C35352C27CFC2D4D8D6D02E2E2E272CC8
:10FF900035293B0D0A00444331362835302C3535A0
:10FFA0002C27BCD3D4D8D6D02E2E2E272C35293BA7
:10FFB0000D0A00444331362831382C35352C27B80A
:10FFC000FCD0C2B1BEB5D8B9CCBCFEB0FC2E2E2E32
:10FFD000272C35293B0D0A00444332342832322C79
:10FFE00035372C2730272C35293B0D0A0044433266
:10FFF000342839322C35372C2730272C35293B0D26
:020000040002F8
:100000000A0044433234283132372C35372C27301C
:10001000272C35293B0D0A00444332342835372C30
:1000200035372C2730272C35293B0D0A00424F58F5
:10003000283131352C35302C3135302C39302C35B8
:10004000293B0D0A00424F582834352C35302C38C6
:10005000302C39302C35293B0D0A00424F582838B6
:10006000302C35302C3131352C39302C35293B0DA5
:100070000A00424F582831302C35302C34352C3979
:10008000302C35293B0D0A00444331362831342CBD
:10009000342C272D7570677261646520706F696EEE
:1000A00074732D272C3135293B0D0A00444331361A
:1000B0002832342C342C272DCAA3D3E0C9FDBCB67A
:1000C000B5E3CAFD2D272C3135293B0D0A004443E9
:1000D00031362831362C35322C27485039373A27DB
:1000E0002C3135293B0D0A00444331362831362C5A
:1000F00035362C27485039373A272C3135293B0DD6
:100100000A004443313628382C37322C2775706466
:10011000617465207374617475733A272C313529C5
:100120003B0D0A004443313628382C38302C27B890
:10013000FCD0C2D7B4CCAC3A272C3135293B0D0AC0
:1001400000444331362839302C39302C276E6577FE
:10015000657374272C3135293B0D0A004443313631
:100160002838302C38302C27D7EED0C2272C313508
:10017000293B0D0A00253032642E0056325F3100D3
:10018000504C2833352C33302C3131302C33302C3B
:1001900032293B0D0A00504C2832352C34302C319A
:1001A00030302C34302C32293B0D0A00504C28338F
:1001B000352C33302C32352C34302C32293B0D0A7F
:1001C0000050532825642C39302C32293B0D0A006D
:1001D00050532833332C39322C32293B0D0A00502E
:1001E000532833312C39342C32293B0D0A0050531B
:1001F0002832392C39362C32293B0D0A005053282D
:1002000032372C39382C32293B0D0A005053283311
:10021000352C25642C32293B0D0A00504C283530F2
:100220002C33302C34302C33302C34293B0D0A0045
:10023000504C2833302C34302C34302C33302C3488
:10024000293B0D0A00504C2837322C33302C3632E3
:100250002C33302C34293B0D0A00504C2835322CDD
:1002600034302C36322C33302C34293B0D0A0050DC
:100270004C283130322C33302C39322C33302C3462
:10028000293B0D0A00504C2838322C34302C39329E
:100290002C33302C34293B0D0A00504C2834302CA0
:1002A00033302C33302C34302C34293B0D0A0050A1
:1002B0004C2835302C33302C34302C34302C34292D
:1002C0003B0D0A00504C2836322C33302C35322C62
:1002D00034302C34293B0D0A00504C2837322C3353
:1002E000302C36322C34302C34293B0D0A00504C43
:1002F0002839322C33302C38322C34302C34293BF2
:100300000D0A00504C283130322C33302C39322C2D
:1003100034302C34293B0D0A00504C283131302C1C
:1003200034302C3130302C35302C34293B0D0A0040
:10033000504C283131302C34302C3131302C353088
:100340002C34293B0D0A00504C283130302C3530EC
:100350002C3130302C36302C34293B0D0A00504CD7
:10036000283131302C35302C3130302C36302C3493
:10037000293B0D0A00504C283131302C37302C31BC
:1003800030302C38302C34293B0D0A00504C2831A9
:1003900031302C37302C3131302C38302C34293B53
:1003A0000D0A00504C283130302C38302C31303090
:1003B0002C39302C34293B0D0A00504C2831313077
:1003C0002C38302C3130302C39302C34293B0D0A6C
:1003D0000073736C5F636C69656E74310066616C89
:1003E00073650074727565006E756C6C00252A5B10
:1003F0005E7B5D7B252A5B5E7B5D7B252A5B5E7B6E
:100400005D7B252A5B5E485D485039355F39304356
:100410006F756E74223A25642C2248503937436F29
:10042000756E74223A2564252A5B5E765D76657268
:1004300073696F6E223A25647D2C22726573756C28
:1004400074223A2564007B226D6574686F64223AD9
:10045000227265706F7274222C22636C69656E74EF
:10046000546F6B656E223A22313233222C2274692A
:100470006D657374616D70223A31363238363436B8
:100480003738332C22706172616D73223A7B2248B7
:100490005039355F3930436F756E74223A25642CBC
:1004A0002248503937436F756E74223A25647D7D3A
:1004B0000044454C4554455F555044415445004126
:1004C00044445F53455249455300555044415445B7
:1004D0005F53455249455300246F74612F72657014
:1004E0006F72742F25732F2573007B2274797065CA
:1004F000223A20227265706F72745F76657273693A
:100500006F6E222C227265706F7274223A7B227693
:10051000657273696F6E223A20222573227D7D00F9
:100520007B226D6574686F64223A227265706F7207
:1005300074222C22636C69656E74546F6B656E2235
:100540003A22313233222C2274696D657374616DE5
:1005500070223A313632383634363738332C2270FE
:100560006172616D73223A7B224656223A222573CC
:10057000222C224456223A222573222C2244532232
:100580003A222573227D7D00414243444546474837
:10059000494A4B4C4D4E4F50515253545556575853
:1005A000595A6162636465666768696A6B6C6D6EEF
:1005B0006F707172737475767778797A30313233FF
:1005C0003435363738392B2F0073657276657220D3
:1005D00066696E697368656400636C69656E742032
:1005E00066696E697368656400544C532D525341BB
:1005F0002D574954482D4145532D3235362D47430B
:100600004D2D53484133383400544C532D525341EF
:100610002D574954482D4145532D3235362D4342EF
:10062000432D53484132353600544C532D525341DB
:100630002D574954482D4145532D3132382D4342D1
:10064000432D53484132353600544C532D525341BB
:100650002D574954482D4145532D3132382D4743AC
:100660004D2D53484132353600544C532D52534191
:100670002D574954482D4145532D3235362D43428F
:10068000432D53484100544C532D5253412D57494B
:1006900054482D4145532D3132382D4342432D537B
:1006A000484100525341002A864886F70D01010156
:1006B000006086480186F8420101006086480165B5
:1006C00003040201002A8648CE3D020100608648EC
:1006D0000165030402020060864801650304020309
:1006E000002A864886F70D010104006086480165EE
:1006F00003040204002A864886F70D010105002A3A
:10070000864886F70D0205002A864886F70D010106
:100710000A002A864886F70D01010B002A864886C2
:10072000F70D01010C002B8104010C002A8648867C
:10073000F70D01010D002A864886F70D01010E0014
:10074000551D0F00551D1100551D13002B0E0302E2
:100750001A002B0E03021D00551D2000551D2500FB
:100760005348412D3100525341207769746820531A
:100770004841310069642D73686131005253412052
:1007800077697468205348412D3531320069642DF2
:1007900073686135313200525341207769746820A3
:1007A0005348412D3232340069642D73686132320E
:1007B00034005253412077697468205348412D33E7
:1007C00038340069642D7368613338340052534102
:1007D0002077697468204D44350069642D6D643557
:1007E000005253412077697468205348412D3235B7
:1007F000360069642D736861323536004543206BDD
:10080000657920666F7220454344480069642D6510
:10081000634448005253415353412D5053530045B4
:100820007874656E646564204B65792055736167E3
:10083000650069642D63652D6578744B6579557322
:100840006167650069642D63652D6B65795573611A
:100850006765005375626A65637420416C74204E4D
:10086000616D650069642D63652D7375626A6563EA
:1008700074416C744E616D65004E65747363617094
:100880006520436572746966696361746520547993
:1008900070650069642D6E657473636170652D63A6
:1008A00065727474797065007368612D315769746D
:1008B00068525341456E6372797074696F6E00734C
:1008C000686135313257697468525341456E6372BD
:1008D000797074696F6E007368613232345769746D
:1008E00068525341456E6372797074696F6E00731C
:1008F000686133383457697468525341456E637286
:10090000797074696F6E006D6435576974685253FD
:1009100041456E6372797074696F6E0073686132FD
:10092000353657697468525341456E6372797074F5
:10093000696F6E00727361456E6372797074696F6E
:100940006E00436572746966696361746520506FF7
:100950006C69636965730069642D63652D636572F5
:100960007469666963617465506F6C696369657306
:1009700000426173696320436F6E73747261696EC4
:1009800074730069642D63652D6261736963436FDD
:100990006E73747261696E74730069642D6563505F
:1009A00075626C69634B65790047656E6572696352
:1009B000204543206B65790053484135313200535F
:1009C0004841323234002B06010505070804004176
:1009D00045532D3139322D454342004145532D3287
:1009E00035362D454342004145532D3132382D4592
:1009F0004342004145532D3139322D43424300419A
:100A000045532D3235362D434243004145532D3158
:100A100032382D434243004145532D3139322D4761
:100A2000434D004145532D3235362D47434D00414E
:100A300045532D3132382D47434D000046504D4E21
:100A40003646593852370000680A0200000000207C
:100A5000B0020000A00F0000900B0200B0020020C6
:100A600038440100A8C001000110000C14055365B2
:100A7000726965734D656E75000919CFB5C1D0B245
:100A8000CBB5A5130C222A2004394C000F10557049
:100A9000646174654669726D7761726508091FB893
:100AA000FCD0C2B9CCBCFE4C2A014C000D12496EE0
:100AB0007175697265436F756E74294C08091BC99D
:100AC000FDBCB6B5E3CAFD4C2A024CF8084C616E79
:100AD000677561679261000919D3EFD1D4D1A1D4B0
:100AE000F14B9C014C2AFF4C080C11466163746F5A
:100AF00072795265736598080D1BBBD6B8B4B3F60E
:100B0000B3A7C9E8D6C39832043D57495A6E451A6F
:100B100080F213300200091702456E676C69736832
:100B2000091C1E595C2210332003061A02D6D0CEAF
:100B3000C4091C1ED94C2D05010203B01008010286
:100B40005735353030143DA2011A41041A49041AB0
:100B500045041A35041A3904148805021499C90188
:100B60001AE90423398D1A75041A9D041AFF0132FB
:100B70000A24D1030222C0320832072A065C711A05
:100B80002B181A2C044129182920410000000000CC
:04000005000000E512
:00000001FF
