:020000040000FA
:10000000886E0120F900000001010000653D00003C
:1000100005010000070100000901000000000000C8
:100020000000000000000000000000000B010000C4
:100030000D010000000000000F0100007D6F0000B6
:100040001301000013010000130100001301000060
:100050001301000013010000130100001301000050
:1000600013010000130100007D7500001301000062
:100070001301000013010000130100001301000030
:1000800013010000130100005D7300001301000064
:100090001301000013010000130100001301000010
:1000A0001301000013010000130100001301000000
:1000B0007975000013010000130100001301000016
:1000C00013010000130100001301000013010000E0
:1000D00013010000130100001301000013010000D0
:1000E00013010000DFF80CD000F08AFC0048004744
:1000F000819B0000886E0120064880470648004723
:10010000FEE7FEE7FEE7FEE7FEE7FEE7FEE7FEE7C7
:10011000FEE7FEE7F9710000E50000002DE9F05F61
:100120000546002092469B46884606468146402466
:100130001BE0284641464746224600F056FA534601
:100140005A46C01A914110D311461846224600F073
:100150003DFA2D1A67EB01084F4622460120002187
:1001600000F034FA17EB00094E41201EA4F10104FF
:10017000DFDC484631462A464346BDE8F09F000092
:100180000649074A0868504343F2390210440860A0
:1001900040087047014908607047000000000020D7
:1001A0006D4EC64110B5431A934209D28318881880
:1001B00003E010F8011D03F8011D521EF9D210BD15
:1001C00040EA01039B0703D009E008C9121F08C0D9
:1001D000042AFAD203E011F8013B00F8013B521E59
:1001E000F9D210BDD2B201E000F8012B491EFBD2BA
:1001F00070470022F6E710B513460A460446194632
:10020000FFF7F0FF204610BD421E12F8013F002B01
:10021000FBD111F8013B02F8013B002BF9D17047EB
:1002200030B505462A460B4612F8010B13F8014B70
:1002300008B1A042F8D01CB1002802D06D1CF1E733
:10024000284630BD10B5044604E00B7800F8013BA9
:1002500003B1491C521EF8D2204610BDCAB2401E3E
:1002600010F8011F8A4202D00029F9D100207047FE
:10027000421C10F8011B0029FBD1801A704710B5F1
:10028000002200E0521C835C8C5CA34201D1002B55
:10029000F8D1D8B2E1B2401A10BDCBB203E0017878
:1002A000994203D0401C521EF9D20020704730B54D
:1002B00004460020034600E05B1C934203D2E05C4E
:1002C000CD5C401BF8D030BD10B5044600E0401CAA
:1002D0000378002BFBD100E0401C521E04D311F820
:1002E000013B0370002BF7D100210170204610BDA7
:1002F000034611F8012B00F8012B002AF9D118460A
:10030000704730B505460020034600E05B1C934271
:1003100005D2EC5CC85C201A01D1002CF6D130BDAE
:1003200010B5484304461BF0F1FA002805D000211F
:10033000002C02D0641E0155FAE710BD0FB400B5C1
:100340008DB010A909900B9000914FF0FF300A90EA
:1003500000200C9005480690054807906A4609A8B9
:100360000F9900F067F90DB05DF814FB510600001D
:100370006F0600002DE9FF5F1D464FF0FF3BD5E9FA
:10038000014691465F464FF00008A9697F1C01981D
:100390008847296A824688470028F6D1BAF1FF3F8C
:1003A0000CD024F4C064002E19DD600614D5BAF117
:1003B0002B0F09D0BAF12D0F0ED103E0584604B02F
:1003C000BDE8F09F44F48064A9697F1C01988847C8
:1003D000761E8246002E02DDBAF1300F03D0B9F14D
:1003E000000F26D032E0A969761E44F400747F1C09
:1003F000019888478246002E05DDBAF1780F06D0B5
:10040000BAF1580F03D0B9F1000F10D01EE0B9F1C6
:10041000000F02D0B9F1100F18D1A969761E24F48B
:1004200000747F1C019888478246102002E0082053
:1004300000E00A20814609E008FB0908A969761E48
:1004400044F400747F1C019888478246002E05DD25
:100450004946504600F0D9F80028EDDAE9690198DC
:100460008847A00502D46FF00100A8E7E00725D176
:10047000600613D5600502D5C8F1000000E04046D3
:1004800029680A1D2A600968220501D5087015E04F
:10049000220701D5088011E008600FE02868011DDF
:1004A00029600068210502D580F8008006E0210758
:1004B00002D5A0F8008001E0C0F8008038467EE751
:1004C0002DE9FF5FD2E901A74FF000089169994635
:1004D0001446DDF838B0464601988847054659EA83
:1004E0000B0005D009E0A169761C019888470546F4
:1004F000216A284688470028F5D1681C03D05FEAA6
:10050000CA7005D015E04FF0FF3004B0BDE8F09F91
:100510002068011D2160D0F800800AE05FEACA70FF
:1005200001D108F8015BA169761C7F1E01988847FC
:100530000546002F1ADD681C18D0B9F1000F0DD048
:10054000E81705EBD060421120F01F0059F8221087
:100550002A1A012090400142E0D107E0BBF1000FD0
:10056000DCD1216A284688470028D7D0E169019864
:100570008847BBF1000F07D1002E05DD5FEACA7086
:1005800002D1002188F80010A068B84203DDBBF159
:10059000000F03D017B16FF00100B6E73046B4E7A3
:1005A00030B50B46014600202022012409E021FA43
:1005B00002F59D4205D303FA02F5491B04FA02F540
:1005C0002844151EA2F10102F1DC30BD202A04DB13
:1005D000203A00FA02F1002070479140C2F1200356
:1005E00020FA03F3194390407047202A04DB203A95
:1005F00021FA02F00021704721FA02F3D040C2F143
:10060000200291400843194670473A2800D23038FA
:1006100020F02002412A01D3A2F13700884201D301
:100620004FF0FF30704700000268114413780160FA
:1006300018467047D1600449516104491162002194
:100640001161114600F006BA29060000490A0000AF
:10065000426842B1016811F8013B23B1521EC0E962
:100660000012184670470121C160881E7047426819
:100670005AB1C368016843B983688B4205D0491EEB
:10068000521CC0E90012002070474FF0FF30704745
:100690002DE9FE4F804681EA0300C00F0C46009012
:1006A00021F0004123F00045B8EB0200A94105D23A
:1006B0004046214690461C460B46024623F0004029
:1006C000104347D0270DC7F30A00C3F30A51029025
:1006D000401A019040286BDAC3F3130040F4801BEA
:1006E0000098924620B10023D2EB030A63EB0B0B78
:1006F00001985946C0F140025046FFF767FF064691
:100700000D4650465946019A00F08CF910EB08004E
:100710006141002487EA115284EAE7731A4340D00A
:10072000009A62B3019A012A4FEA075215DC001BB6
:1007300061EB02014FF0004202EA0752CDE90042AC
:10074000001C41F5801132462B4600F028FB03B017
:10075000BDE8F08F40462146F9E7001B61EB02013E
:10076000001C41F5801300185B412018A2F500170A
:1007700047EB030140EAD570B6196D4111E06D08F1
:100780004FEA360645EAC0754FEA0752001B61EB97
:100790000201001C41F5801149084FEA30000019A0
:1007A000514132462B4603B0BDE8F04F00F0E8BAA5
:1007B0000098012240000023D0EB020263EBE073BB
:1007C000009821464FEAE074B8EB000061EB0401A9
:1007D000E9E783F000435BE781F0004158E72DE94A
:1007E000FE4F81EA030404F0004421F0004100942C
:1007F0004FF0000B23F0004350EA01045ED052EAB0
:1008000003045BD0C3F30A54C1F30A552C44A4F289
:10081000F3340194A0FB0254C1F3130141F480119D
:10082000C3F3130343F4801301FB024400FB034EA4
:10083000840A970A44EA815447EA8357A4FB07686D
:1008400002958D0A05FB07854FEA932C04FB0C5497
:100850002705029D4FEA065847EA1637B5EB08050B
:100860006EEB070C870E920E47EA811742EA83125D
:10087000A7FB0201B6EB0B0164EB00042B0D43EA6E
:100880000C335E1844EB1C50DA465146E7FB02017C
:10089000C5F313044FEA0B3343EA14534FEA04320F
:1008A000019C43EA0603A4F10C040294009CCDE9E8
:1008B00000B400F074FA03B0BDE8F08F00200146E8
:1008C000F9E72DE9F04D81EA030404F0004B21F033
:1008D000004514464FF0000A23F0004150EA05029B
:1008E00020D054EA01021DD0C5F30A570246C5F3D1
:1008F0001303C1F31300C1F30A5640F4801543F407
:100900008013A7EB0608101BD64608F2FD3873EBE0
:10091000050002D308F1010801E092185B41B8F12B
:10092000000F03DA00200146BDE8F08D00204FF4EF
:100930008011064684460EE0171B73EB050705D3AE
:10094000121B63EB050306434CEA010C49084FEA0E
:10095000300092185B4150EA0107EDD152EA0300E2
:1009600012D082EA040083EA0501084305D0101B77
:10097000AB4106D20122002306E000224FF00043E3
:1009800002E06FF0010253101AEB06004CEB085125
:1009900010EB0A0041EB0B01BDE8F04D00F0F0B99F
:1009A000C1F30A52C1F3130140F2FF3341F4801145
:1009B0009A4202DA00200146704740F233439A42DD
:1009C000A2F2334202DC5242FFF70FBEFFF7FEBD38
:1009D00030B5041E71F1000404DB4FF000444042C6
:1009E00064EB0101141E73F1000405DB1C464FF09B
:1009F0000043524263EB0403994208BF904230BD6A
:100A0000064C074D06E0E06840F0010394E807005B
:100A100098471034AC42F6D3FFF768FB64F5010049
:100A200084F50100202A06DBCB17203A41FA02F0B8
:100A300043EAE07306E041FA02F3D040C2F120023B
:100A40009140084319467047C0B24FF4F05100F08E
:100A5000F5B900002DE9F34F8BB04FF0000801F11C
:100A60000C000C464FF0010B46460DF1080A0190B0
:100A70006269012101989047051E2DD0252D2CD0AB
:100A8000216A8847C0B16269012101989047216AB3
:100A900088470028F7D1411E62690198904700E01D
:100AA000761CA1690B988847216A88470028F7D1EE
:100AB000E1690B988847DBE7A1690B9888470746EF
:100AC000A84201D1761CD3E7E1690B9888477F1CC7
:100AD00002D1B8F1000F6FD046E1002762693D46B0
:100AE0003946019890472A2804D16269012101986A
:100AF00090470125DFF884926269012101989047AF
:100B0000A0F130010A290AD24F45E5DC07EB870145
:100B100000EB4107303FDFD445F01005ECE7E90674
:100B200001D46FF000476C280AD04C2814D06828F4
:100B300015D06A280DD074281CD07A281AD01DE050
:100B400062690121019890476C2802D045F00405A4
:100B500014E045F002050DE045F020050AE0626969
:100B6000012101989047682802D045F0080505E06A
:100B700045F400656269012101989047C4E9015775
:100B800065283DD019DC58287AD00CDC452837D0B0
:100B900004DC252826D0412831D131E046282FD049
:100BA00047282CD12CE05B2877D0612828D06328F7
:100BB0007CD0642823D15AE0D0E06F2848D008DCEC
:100BC00066281DD067281BD0692821D06E2816D131
:100BD00027E0702845D0732868D0752847D078283A
:100BE0000DD14DE0A1690B988847054625283FF4B3
:100BF00069AFE1690B9888476D1C3FF46AAFB3E0B9
:100C000023466A466FF001000B99AFF300809EE027
:100C100045F040006060A80723464FF0000236D43C
:100C20003EE0E8077FF447AF2068011D21600068BF
:100C3000290501D506701BE7290701D5068017E7AE
:100C4000A90703D5F117C0E9006111E706600FE7B6
:100C500045F040006060A80723464FF0080216D414
:100C60001EE040F60E0125EA0100606016E045F046
:100C700040006060A80723464FF00A0207D40FE047
:100C800045F040006060A80708D5234610226FF0A9
:100C900001000B99AFF3008059E007E023461022D2
:100CA0006FF001000B99FFF765FB50E04FF0000972
:100CB0004F464B46632802D05B2806D040E0E8064A
:100CC00001D40120A06001273AE062690121019866
:100CD00090475E2805D14FF00109626949460198A5
:100CE0009047216939B900210A46534643F821202B
:100CF000491C0829FADBB0B3216969B9C11700EBB7
:100D0000D16253110AEB830122F01F02821A0120E3
:100D10000B68904003430B60626901210198904782
:100D20005D28E8D1B9F1000F09D00020514651F8F3
:100D30002020D24341F82020401C0828F7DB02ABDA
:100D4000224600976FF001000B99FFF7B9FB0028CE
:100D50000CDA401C08D1BBF1000F05D04FF0FF307A
:100D60000DB0BDE8F08FFFE74046F9E7E90701D194
:100D700008F1010806444FF0000B79E6CCCCCC0C0E
:100D800010B5141E73F1000408DA401C41F1000193
:100D900092185B411A4301D120F0010010BD2DE9EA
:100DA000F04D92469B4611B1B1FA81F202E0B0FAE1
:100DB00080F220329046FFF709FC04460F4640EAD5
:100DC0000A0041EA0B0153465A46084313D0114624
:100DD00053EA010019D0C8F140025046FFF705FC64
:100DE00005460E46504659464246FFF7EFFB08437C
:100DF00005D0012004E020463946BDE8F08D0020F2
:100E0000054346EAE0762C4337430A986305E40A33
:100E1000A0EB08000022FD0A44EA47540A3002D53C
:100E200000200146E9E7010510196941DDE908459F
:100E300000196941BDE8F04DA2E700007F2801D903
:100E4000002208E0064A02EB5002C007127800D1E7
:100E5000120902F00F020120904008407047000084
:100E60009CB9010070B58C1810F8015B15F00703F0
:100E700001D110F8013B2A1106D110F8012B03E033
:100E800010F8016B01F8016B5B1EF9D12B0705D43B
:100E90000023521E0DD401F8013BFAE710F8013B84
:100EA000CB1A921C03E013F8015B01F8015B521EA0
:100EB000F9D5A142D8D3002070BD00002DE9F04142
:100EC000ADF59C6D0C268DF8176001F0B5FF06F0AE
:100ED000EFFC38AC20464FF48061FFF78AF906AD8D
:100EE0002846C821FFF785F940F2F458C2F20008FD
:100EF0004EF6FA7108F11902C0F2010128461AF003
:100F000035F84EF64270C0F2010000212A46234611
:100F100001F0D6FF05284BD142F21424C2F200049E
:100F200004F1840104F1440204F29660CDE9002149
:100F30004EF6547104F5257504F521760490231DB1
:100F400038A8C0F20101224602960395FFF7F6F990
:100F500007282CD14EF6E661C0F2010130460A2284
:100F6000FFF7A5F9074628B928463B21FFF776F990
:100F7000002872D04EF6F161C0F2010130460D2218
:100F8000FFF795F9002818BF002F06D12846FFF774
:100F90006FF90026A4F894060AE04EF6D861C0F274
:100FA000010130460D22FFF782F90028EED0052618
:100FB0008DF817609DF8170028B19DF817000DF502
:100FC0009C6DBDE8F08142F21425C2F2000505F2E5
:100FD00096642046FFF74CF90246000448D090B2D0
:100FE000002100BF55FA81F358FA81F793F896363D
:100FF0007F7EBB4205D83BD30131CBB28342F1D3D4
:1010000036E008F10C002146FFF71CF905F52174C4
:101010004EF6F161C0F2010120460D22FFF747F9BB
:10102000E8B14EF6E661C0F2010120460A22FFF760
:101030003EF910B34EF6D861C0F2010120460D22F0
:10104000FFF735F9A0B901F033F80B2802BF1320E0
:101050000DF59C6DBDE8F0810AE00426A8E701F0DB
:1010600027F80B2802BF0E200DF59C6DBDE8F0811E
:101070000C200DF59C6DBDE8F0810D200DF59C6DEB
:10108000BDE8F08170B504464EF6D100C0F2010013
:1010900003F020F94EF6DB00C0F2010003F01AF96C
:1010A000012C10D0002C18BF70BD4EF66F344EF6D8
:1010B00095354EF6F310C0F20104C0F2010520A6EA
:1010C000C0F2010009E04EF624444EF60145C0F29C
:1010D000010408A6C0F2010510A003F0FBF8304699
:1010E00003F0F8F8284603F0F5F82046BDE8704014
:1010F00003F0F0B84443313628382C34342C27CA56
:10110000C7B7F1B8FCD0C2B1BEB5D8B9CCBCFEB03F
:10111000FC272C32293B0D0A0000000044433136E5
:101120002832342C32382C27D0C2B9CCBCFEB0FCCB
:10113000D2D1CFC2D4D8272C32293B0D0A000000CF
:10114000444331362832342C32382C2755706461B0
:101150007465206F72206E6F74272C32293B0D0A44
:10116000000000002DE9F04381B040F2AC24C2F24F
:1011700000040F46DDF820900546201D3C219846CE
:101180001646FFF736F8A80841F27B4C44F6427148
:1011900000FB0CF2C2F658012160510C30204FF0D8
:1011A000640E00EB524301FB1E5123718BB24CF6CF
:1011B000CD4105FB01F203FB01F3D20C02EB8202ED
:1011C00040EAD343A5EB4202637142F03002A271C0
:1011D000BA0802FB0CF22C23550C00EB524205FB23
:1011E0001E752272AAB207FB01F502FB01F2ED0C9B
:1011F00005EB850540EAD242A7EB4505627245F052
:101200003002A272B20802FB0CF2E371550C00EB43
:10121000524205FB1E652273AAB206FB01F502FBD2
:1012200001F2ED0C05EB850540EAD242A6EB45053F
:10123000627345F03002A2734FEA980202FB0CF28F
:10124000E372570C00EB524207FB1E872274BAB2BE
:1012500008FB01F702FB01F1FA0C02EB820240EA03
:10126000D141A8EB4202617442F03001A174CD215A
:1012700009FB01F1E373CA0A02EB820200EBD12001
:10128000A9EB4201207541F0300043F62931C0F648
:101290000D21E37460752046C4F8161001B0BDE856
:1012A000F08300002DE9F04140F2AC24C2F20004CA
:1012B0000F460546601D3B2198461646FEF799FFEE
:1012C00028202071A80841F27B4E44F2443100FBF3
:1012D0000EF3C3F231614FF0300C2160590C0CEB6E
:1012E0005343642001FB105163714CF6CD4305FB61
:1012F00003F289B2D20C01FB03F102EB82024CEA49
:10130000D141A5EB4202A17142F03001BA0802FBC3
:101310000EF2E171550C0CEB524205FB107062723B
:1013200007FB03F280B2D20C00FB03F002EB820257
:101330004CEAD040A7EB4202A07242F030002C21D0
:10134000E07242F22C702172A08132786AB10023DF
:10135000002700BF3D46181901378273FBB2F25CCB
:10136000002AF7D105F10F0200E00E22D3B22727A1
:10137000E754CD27501C08FB07F7C0B22154F80AE8
:1013800000EB8000931C0CEBD721A8EB4000D71C8E
:10139000DBB2E15440F03000111DFAB2A05443F624
:1013A0002932C9B2C0F60D2220466250BDE8F08154
:1013B0002DE9F04140F2AC24C2F200040F4605468C
:1013C000A01D3A2198461646FEF713FF42F6340058
:1013D000A080A80841F27B4E44F2443100FB0EF39A
:1013E000C3F256214FF0300C2160590C0CEB5343E3
:1013F000642001FB1051A3714CF6CD4305FB03F2B1
:1014000089B2D20C01FB03F102EB82024CEAD1411A
:10141000A5EB4202E17142F03001BA0802FB0EF284
:101420002172550C0CEB524205FB1070A27207FBA7
:1014300003F280B2D20C00FB03F002EB82024CEA12
:10144000D040A7EB4202E07242F030002C21207322
:1014500042F22C706172A4F80D0032786AB1002358
:10146000002700BF3D4618190137C273FBB2F25C7A
:10147000002AF7D105F1100200E00F22D3B227278E
:10148000E754CD27501C08FB07F7C0B22154F80AD7
:1014900000EB8000931C0CEBD721A8EB4000D71C7D
:1014A000DBB2E15440F03000111DFAB2A05443F613
:1014B0002932C9B2C0F60D2220466250BDE8F08143
:1014C00040F2F450C2F2000090F8FD13012201290D
:1014D00008BF022280F8FD2370470000F0B581B0FC
:1014E00004F062FB00B34EF6D1044EF6DB054EF677
:1014F0007716C0F20104C0F20105C0F201060BA785
:10150000204602F0E7FE284602F0E4FE304602F0F4
:10151000E1FE384602F0DEFE4FF4FA6005F082FE8E
:1015200004F042FB0028EBD101B0F0BD444331365A
:1015300028302C37302C27506C6561736520436848
:1015400065636B2053442043617264272C31293B2F
:101550000D0A0000B0B504464EF6D100C0F20100FD
:1015600002F0B8FE4EF6DB00C0F2010002F0B2FE5F
:10157000012C0CD0002C18BFB0BD4EF66F344EF6C7
:101580009535C0F20104C0F2010514A008E04EF642
:1015900024444EF60145C0F20104C0F2010505A045
:1015A00002F098FE284602F095FE2046BDE8B040C5
:1015B00002F090BE4443313628382C32382C27D0E4
:1015C000C2B9CCBCFEB0FCA3ACCAC7B7F1CFC2D481
:1015D000D8272C32293B0D0A000000004443313645
:1015E0002831312C34302C27446F776E6C6F616456
:1015F000204669726D77617265272C32293B0D0A8E
:1016000000000000034643F24C30C0F24F00C3F824
:10161000070043F23540C4F63140586044F632408A
:10162000C3F23330186044F24A30C5F65970C3F83B
:101630000F0044F25450C5F25340C3F813004FF06A
:10164000310C03F1230003A11922A3F817C0FEF700
:10165000A9BD00BF6F446741573869764153686739
:101660006673525165647A7772413D3D0000000017
:1016700080B54EF6D100C0F2010002F02BFE4EF60E
:10168000DB00C0F2010002F025FE07A002F022FEFE
:101690000DA002F01FFE16A002F01CFE4FF47A60AF
:1016A000BDE8804005F0BEBD444331362833302CC0
:1016B00033302C27CEDEB7A8C1ACBDD3CDF8C2E7FE
:1016C000272C31293B0D0A004443313628352C376D
:1016D000302C27C7EBC8B7C8CFCAC7B7F1C1ACBD5C
:1016E000D3CDF8CFDF272C34293B0D0A00000000B2
:1016F000444331362832302C3130302C27BCB4BD35
:10170000ABB7B5BBD8B2CBB5A52E2E2E272C34291E
:101710003B0D0A002DE9F041B0B00DF14008404604
:101720008021FEF766FD01AE3046FFF76BFF40F209
:10173000EC24C2F20004204603F04AFC06F10F0537
:1017400040A1204632462B4619F010FC04F1400718
:101750003EA1384632462B4619F008FC404680210F
:10176000FEF747FD06F12300414606F0A9FF0546B6
:101770003846FEF77DFDEEB204F18005014638469D
:101780002A464346009617F069F82846FEF770FD92
:1017900046F63B02C6F26D1229182A5047F2633012
:1017A000C6F2681041F27E0548603120C2F20005A1
:1017B0000881284603F0B8FB2CA01AF0DDF8284673
:1017C000214600F063F8B0B141F27E0440F2EC250E
:1017D0000526C2F20004C2F2000500BF013E300639
:1017E00028D04FF47A7005F01DFD2046294600F000
:1017F0004DF80028F2D121A01AF0BEF841F27E0087
:10180000C2F2000005F022FB80B141F27E04052502
:10181000C2F20004013D280610D04FF47A7005F0A2
:1018200001FD204605F012FB0028F3D1002030B066
:10183000BDE8F081012030B0BDE8F081042030B077
:10184000BDE8F08125732573000000002573257322
:101850003B31323031303132363B31316664353BE9
:10186000323737393534353630300000B7A2CBCD7A
:10187000C1ACBDD3B1A8CEC40D000000B7A2CBCD82
:10188000B6A9D4C4B1A8CEC40D0000002DE9F04320
:1018900097B0044664200E4605F0C4FC40F2E819F7
:1018A000C2F2000999F80000002856D042F698507C
:1018B000C2F2000014F034FF012805DBB4F8C410B4
:1018C00004F6C60005F09EF8B4F8C47004F6C60825
:1018D00040463946FEF78DFC01AD4BF6DC11C0F2F7
:1018E000010128465822FEF75DFCB4F8C2003946D3
:1018F000ADF81C0094F8C1002A468DF81E0006F1D0
:101900004000119006F1800014904046049602F0C9
:10191000D3FD0146404605F07DF8322007F0F8FB84
:1019200099F80000F8B142F69850C2F2000014F0A5
:10193000F7FE50BB42F698560525C2F2000600BFDE
:101940004FF4FA70013D07F0E3FB28042CD0304639
:1019500014F0E6FE0028F3D017E0012008F00EF89E
:101960000006ABD1B0E7012008F008F800060CD162
:10197000052500BF3220013D07F0CAFB280413D023
:10198000012007F0FBFF0006F4D0B4F8C410404675
:1019900005F038F894F8C60800F0F000203818BFB9
:1019A000012017B0BDE8F083012017B0BDE8F08337
:1019B000B0B5FEF7E5FB05460120012407F0C8FBA2
:1019C000142005F02FFC012007F05CF806F08EF9DA
:1019D00020B344F6D350C1F2620055FB00F08109F8
:1019E00001EBD0704FF47A7100FB115041F2883155
:1019F000441804F037FF42F6F400C2F20000B0F8D9
:101A00004400A1B206F0B4F800281CBF0520B0BD08
:101A100004F010FF0446002818BF05242046B0BD7E
:101A200010B504464EF6D100C0F2010002F052FC9F
:101A30004EF6DB00C0F2010002F04CFC012C07D096
:101A4000002C18BF10BD0DA0BDE8104002F042BC34
:101A500002A0BDE8104002F03DBC00BF4443313657
:101A60002834302C35352C27CDF8C2E7C1ACBDD396
:101A7000D6D0272C35293B0D0A00000044433136CF
:101A80002833322C35352C27436F6E6E65637469AD
:101A90006E672E2E2E272C35293B0D0A00000000E4
:101AA00010B504F0DFFE40F2E810C2F2000000784A
:101AB00028B34EF61E70C0F2010042F2B321642238
:101AC00006F0CAFA60B14EF61E70C0F2010042F292
:101AD000B321642206F0C0FA00281CBF012010BD0B
:101AE000002416A019F048FF04F0BCFE04F0A2FE8A
:101AF000A8B115A0214619F029FA022010BD002036
:101B0000002100F0DDFD04460028EAD04EF6AB606F
:101B1000C0F20100214619F019FA012010BDFFF7AB
:101B2000F9FD002804BF002010BD01460EA019F0E9
:101B30000DFA012007F00CFB032010BDBFAACABCA0
:101B4000CED5CAD60D00000053534CC2D6D1AFCE6D
:101B5000D5CAD6CAA7B0DC2C20B4EDCEF3B1E0BA1A
:101B6000C53A2025640D0A00C1ACBDD3D4C6C6BD9C
:101B7000CCA8BFCDBBA7B6CBCAA7B0DC2C20B4ED98
:101B8000CEF3B1E0BAC53A2025640D0A000000008A
:101B9000012080F310887047002080F31088704780
:101BA00000204FF4004101F0E9B8000000204FF49C
:101BB000004101F0ABB8000070B540F2E810C2F28D
:101BC0000000007814460D46B8B142F69850C2F2B3
:101BD000000014F0A5FD0128BCBF6FF04B0070BDE4
:101BE000064642F69850C2F200002946A64209D99C
:101BF000224614F0AFFD204670BD2846214606F06F
:101C000097F870BD324614F0A5FD304670BD000057
:101C100010B540F2E810C2F200000078144640B15E
:101C200044F60000C4F20000224605F0F7FD20460D
:101C300010BD0846214606F09FF8204610BD000062
:101C4000F0B581B040F2BC36C2F200060C46054643
:101C500000274FF4106031460622009706F022F963
:101C600030787178B278F3780843104331791843AB
:101C70007279084310430BD140F60000C0F2DC003B
:101C800030604FF4106031460622B78006F054F9F8
:101C900040F2C630C2F20000057042F69050C2F227
:101CA0000000046040F2C83045F27861C2F20000E2
:101CB000C1F234216C4601604FF470602146042269
:101CC00006F03AF94FF470602146042206F034F928
:101CD0004FF480702146042206F02EF942F60030BF
:101CE000C2F20000076040F27020C2F200000A2138
:101CF000016042F6FC20C2F20000077042F6FD20AF
:101D0000C2F20000077001B0F0BD000070B542F6ED
:101D1000FD25C2F200052878062804BF052070BD05
:101D200040F2C634C2F2000420784FF4427101EB55
:101D3000401006F099F8222805D02078022144228C
:101D4000002315F069FD14F0EFFA95F9001004294D
:101D500084BF012070BDDFE801F0030E20467B0048
:101D600040F2D430C2F200000021016015F0CCFA3C
:101D700001242C706AE0022840F0908042F69050D6
:101D8000C2F20000006840F2D4310069C2F20001E2
:101D9000086015F07FFB022022E0062800F0828018
:101DA000C0B205287AD106F0D9FD002800F0BC8029
:101DB00040F26020C2F200000068804742F6003026
:101DC000C2F200000021016040F27020C2F2000067
:101DD0000A22026042F6FC20C2F2000001700320D9
:101DE0002870012070BD40F26C20C2F20000006833
:101DF000411C04BF042070BD42F60036C2F200064A
:101E000031680424B1EB500F20D940F2D43040F2B5
:101E1000C831C2F20000C2F20001006842F2102292
:101E20000B68C2F200021060581C086015F032FB0B
:101E300040F270210020C2F200010A2230600A60E4
:101E400042F6FC21C2F2000108703DE0204670BD60
:101E500006283CD0C0B2052820D142F2102040F222
:101E6000D431C2F20000C2F2000102780B7842F6CF
:101E7000FC269A42C2F200064FF0000232703BD1BB
:101E800042784B789A4237D182788B789A4233D114
:101E9000C078C97888422FD1042434E0BDE870406E
:101EA00006F09CBD42F60030C2F200000021016045
:101EB00040F27020C2F200000A22026042F6FC20CA
:101EC000C2F200000124017020462C7070BD42F661
:101ED0000030C2F200000021016040F27020C2F226
:101EE00000000A22026042F6FC20C2F200000170EB
:101EF00001202870042070BD40F26820C2F200006A
:101F000000688047032442F60030C2F2000000213E
:101F1000016040F27020C2F200000A220260032039
:101F200028702046317070BD42F60030C2F20000C9
:101F30000024046040F27020C2F200000A21016017
:101F400040F26420C2F2000042F6FC210068C2F2B6
:101F500000010C70804701202C7070BD80B540F2EC
:101F6000C630C2F20000007806F08CFD42F6FD207B
:101F7000C2F200000621017080BD000040F2DE3296
:101F8000C2F20002107042F69450C2F200000160EA
:101F900040F2DC30C2F2000041F2221101807047B1
:101FA0002DE9F04F89B040F2DE37C2F200070E464D
:101FB00039781446054608460221002200234FF0D6
:101FC000000915F029FC42F6945BC2F2000BDBF825
:101FD000002000203146002307F0ECFA3B78DBF8C4
:101FE000001082B24FF0350A18462B46CDF800A0FB
:101FF00015F076FB387807F0C1FC02460194C8B1B1
:102000003878DBF800100DF10A0603ABB2F5807FDB
:1020100028BF4FF48072009614F0FEFCDBF800102D
:10202000019A04A814F050FA39780446084606F0DC
:1020300029FD39E042F6043642F66518C2F2000680
:10204000C2F2000806E000BF387807F097FC0246AD
:102050000028D5D13068032816D398F80030002026
:10206000012BC6F8009088BF0120022B4FF0000121
:1020700003F1010438BF0121012B88BF002488F837
:10208000004020B10FE000BF0020002158B9002916
:10209000DAD03878DBF8001092B22B46CDF800A0E9
:1020A00015F01EFBD0E70024204609B0BDE8F08FF4
:1020B0002DE9F04F81B040F2F450C2F20000D0F8A8
:1020C00026A0BAF1000F59D042F21421C2F2000149
:1020D000002001F525794FF0000B05E00BF1010B15
:1020E0005FFA8BF0824549D900EB400040F2F45191
:1020F000C2F2000101EB80075FFA8BF407F12C05B7
:102100002946484607F12A08272C38BF4146FEF7E2
:1021100087F80028E2D00646272C38BF45462846D7
:10212000FEF7A6F8262C064414D807F132052846F7
:10213000FEF79EF80104D1D0002100BFCAB2B35C03
:10214000AA5C93421ED8C9D382B20131CBB293426A
:10215000F4D3C3E707F134052846FEF789F80104F4
:10216000BCD00021CAB2B35CAA5C93420AD8B5D3F2
:1021700082B20131CBB29342F4D3AFE70C2001B06D
:10218000BDE8F08F0B2001B0BDE8F08F2DE9F041E4
:10219000C8B00C46090701D0012430E00746DDF83D
:1021A000388102A81D46164607F0F2FDB8F1000F6F
:1021B00007D0B8F1010F12D140F20821C0F2080196
:1021C00003E04BF66A21C0F2010102A8802207F069
:1021D000E5FD20B102A807F0D3FD02240FE000972F
:1021E00002AF3846002122462B46019607F052FDE9
:1021F0000546384607F0C4FD002D18BF0424E0B2A0
:1022000048B0BDE8F081000080B54EF6D100C0F2C4
:10221000010002F05FF84EF6DB00C0F2010002F0B0
:1022200059F804A002F056F80BA0BDE8804002F077
:1022300051B800BF444331362832342C35302C2776
:10224000C9E8B1B8B3F5CABCBBAFD6D02E2E2E2785
:102250002C32293B0D0A0000444331362833322CFE
:1022600037302C2764657669636520696E69742E42
:102270002E2E272C32293B0D0A000000704700004B
:1022800080B540F2DF31C2F200010020FFF7D8FC38
:1022900042F2AD20C0F2000042F27D22C0F2000204
:1022A0000146BDE8804014F08DBC000010B542F638
:1022B0004914C2F20004A01D07F044FB04F10E0013
:1022C00007F032FB04F10A0007F04AFB04F11200A8
:1022D00007F01CFB0220A07510BD000080B500F0C7
:1022E00007F800210128B8BF0121480080BD000087
:1022F000B0B5B2B06C462046C821FDF77AFF204643
:10230000C8210E2202F056FA81B2204604F082FB68
:1023100005462046C821FDF76CFFA8B232B0B0BD1B
:1023200080B5FFF7DBFF40F2E810C2F20000007852
:10233000002818BF80BD012006F00AFF0120BDE87B
:10234000804006F09FBB000040B101280CD161B174
:10235000012918BF704723A001F0BCBF41B101297A
:1023600002D10EA001F0B6BF704716A001F0B2BFB7
:1023700001A001F0AFBF00BF444331362831342CF7
:10238000382C272D414444204E65772053657269CF
:1023900065732D272C32293B0D0A0000444331364A
:1023A00028382C382C272D446F776E6C6F61642091
:1023B0004669726D776172652D272C32293B0D0AB3
:1023C00000000000444331362833342C382C272DAC
:1023D000CCEDBCD3D0C2CFB5C1D02D272C32293BF8
:1023E0000D0A0000444331362833342C382C272D75
:1023F000CFC2D4D8B9CCBCFEB0FC2D272C32293B9F
:102400000D0A00004FF480121368042143F0020308
:1024100013604AF65522C0F21001C5F2AA520A60B2
:10242000002202600869C007FCD04FF480110868E0
:1024300020F0020201200A6070470000AFF3008024
:10244000B0B541F25971CDF2B711A0FB0112510B99
:10245000232201FB02F14CF6CD4301F1010C4DF6B4
:102460008361C4F21B31A0FB0112910C332201FBEA
:1024700002F2CCF6CC43A2FB0323052201EBC101FF
:1024800002EBD30349F2FF42C0F6BA22904201F1B7
:10249000010502D94FF480613EE045F60071C0F6B7
:1024A0004C11884202D94FF4607135E043F20021AB
:1024B000C0F61B01884202D94FF440712CE040F273
:1024C0000051C0F2EA61884202D94FF4207123E042
:1024D0004CF60071C0F27B51884202D94FF4007172
:1024E0001AE042F28061C0F26941884202D94FF499
:1024F000C07111E047F20051C0F21931884202D98F
:102500004FF4807108E044F6000EC0F2E81E00218E
:10251000704588BF0121C9010C22C0F21002D362AC
:102520004FF480131C6824F4786421431960C2F8C6
:1025300000C04AF24172C0F282724FF01011904214
:102540000D6038BFB0BD00F053FD40F64400C4F24A
:102550000100016841F480710160B0BD10B510F058
:1025600003041AD14FF4801CDCF800E004234EF081
:102570000102CCF800204AF65522C0F21003C5F241
:10258000AA521A60016000BF1869C007FCD04FF45E
:102590008010016821F001010160B4FA84F0400963
:1025A00010BD0000B0B589B10C4640F2FF1120EA21
:1025B000010500BF2846FFF725FFB4F5007F38BFAF
:1025C000B0BDB4F5007405F50075F3D1B0BD0000E1
:1025D0000B46042998BF04239B08B1F5007F88BFF0
:1025E0008023111F50F8042B013B41F8042FF9D12F
:1025F0007047000070B504460846042998BF0420BF
:102600008508D01EB1F5007F88BF8025D0F8031063
:10261000061D2046FFF7A2FF013D04F104043046E9
:10262000F4D170BD70B540F2FF1320EA03040846F0
:10263000042998BF04208508D01EB1F5007F88BF0B
:10264000802500BFD0F80310061D2046FFF786FF47
:10265000013D04F104043046F4D170BD2DE9F04190
:10266000C8B00C46090701D0012425E00DF1080887
:10267000074640461D46164607F08AFB40F20821F1
:10268000C0F208014046802207F00AFC20B102A8EF
:1026900007F076FB02240FE0009702AF38460121D5
:1026A00022462B46019607F0F5FA0546384607F014
:1026B00067FB002D18BF0324E0B248B0BDE8F081ED
:1026C0002DE9F043C1B0814641F2BA308846ADF8F9
:1026D000020005F01BFB05F035FB05F007FB68B3B6
:1026E00042F2A810C2F20000817969BBC17959BBDE
:1026F000017A49BB407A38BB05250426002704E04F
:102700002546FFF72BFC30061CD0013EFFF7B8FD35
:102710002806A5F10104F3D0FFF7F8FA011F04BF62
:102720000C460E46042808BF01274FF4FA7004F047
:1027300079FD651E20062C46EED1E2E7012041B06E
:10274000BDE8F083002F6BD042F2A817C2F2000759
:10275000384602F06DFC80B142F6F406B9F1000F84
:10276000C2F2000618BFB8F1000F0AD142F6F40019
:10277000C2F2000004F09AF916E0032041B0BDE86F
:10278000F0834846FDF774FD01463046FDF731FD04
:102790004846FDF76DFD024630464946FDF702FD0D
:1027A00000203064A6F8448001A90220FFF7E6FB70
:1027B00007F1120006F140023146FFF7F1FB044633
:1027C000022006F05FF9012C1EBF042041B0BDE8D5
:1027D000F08342F63C10C2F200000068FDF7DAFC1C
:1027E000FDF7CEFC44F6D351C1F2620150FB01F17A
:1027F0008A0902EBD1714FF47A7201FB120041F2A7
:1028000088310844ADF80200B6F84400BDF8021063
:1028100005F0AEF9002818BF052041B0BDE8F083EF
:10282000022041B0BDE8F08310B5B4B002A8C821C1
:10283000FDF7DFFC40F2F4540120C2F200048DF8F1
:10284000070004F10A0040F2F631FDF7D2FC312016
:10285000208144F24A3044F25451C5F65970C5F211
:102860005341C4E900014FF03030C4F81900C4F8F6
:102870001D00C4F821000020C4F8260084F8FD03E0
:1028800043F23540A4F8F00301F038FA4FF40C306D
:102890004FF40071FFF786FE0DF107024FF40C3084
:1028A0000121FFF7BFFEFFF7FBF800281EBF07203E
:1028B00034B010BD04F1190202AC4EF6FA71C0F248
:1028C0000101204618F052FB4EF64270C0F20100A2
:1028D000214604F0E9F8FFF701FD40F2E810C2F2EA
:1028E0000000007828B9012006F032FC012006F033
:1028F000C9F8002034B010BD2DE9F04F85B0054671
:1029000006280C4606D34EF67800C0F201001C21C2
:1029100005F0D4FE20680021B1EB104F01D180B248
:1029200030B94EF67800C0F201001D2105F0C6FE58
:10293000606841F20101C0F2010100238842CEF635
:10294000FF730BDCB0F5803F1CDA032818BF0528A5
:102950001CD041F20401884218D008E0C1180529B2
:1029600014D341F20201C0F2010188420ED04EF6AA
:102970007800C0F201001E2105F0A0FE0023CEF673
:10298000FF7303E0A0F580300228F0D2052D0ED8A9
:10299000DFE805F003182F39567040F67001C4F2D5
:1029A0000101A1F110000290A1F10C0015E000203E
:1029B0000290002001900020039000254FF0000CB1
:1029C000002672E0206840F670010004C4F20101A4
:1029D0002060A1F108000290081F4FF2000701904B
:1029E0000D1D01F1140C039101F11806C4F2010749
:1029F0005BE040F67000C4F2010000F1200102919A
:102A000000F124010BE020680004206040F6700013
:102A1000C4F2010000F12801029100F12C010191A2
:102A200000F1300100F1340500F1440C00F14806DA
:102A30004FF20000C4F20100039100F5806734E01A
:102A400040F67000C4F2010000F15001029100F163
:102A50005401019100F1600100F1640500F1740C72
:102A600000F178064FF20000C4F2010000F50067A3
:102A700003911AE020680004206040F67000C4F260
:102A8000010000F15801029100F1600100F16405BC
:102A900000F1740C00F178064FF20000C4F201005E
:102AA00000F500670020039101902268002A00F0E1
:102AB000F0804FF00108049519E0019DA2F120017A
:102AC00028680F2202FA01F188432860049D60689B
:102AD0000528306814BF20EA0B0240EA0B0232607E
:102AE000226832FA08F008F1010800F0D280A8F15B
:102AF000010A012000FA0AF012EA000BF0D0D4F823
:102B00000490B9F5803F0FDCB9F1030F54D041F2C6
:102B10000400814550D0B9F5803F7ED1386820EA65
:102B20000B00386079E000BF09EB030000220528A4
:102B3000C1F2010253D2386829F0010120EA0B00EA
:102B40003860B86991426FEA0B0E40EA0B00B86139
:102B50000FD1F869914500EA0E00F861386A00EA81
:102B60000E003862786A14BF00EA0E0040EA0B00DB
:102B70007862901C814507D1F86900EA0E00F8617F
:102B8000386A40EA0B0038624FF6FD70CEF6FE70F0
:102B90004844012841D8F869002140EA0B00C1F2FD
:102BA0000101F8610331786A894514BF00EA0E001B
:102BB00040EA0B00786230E0BAF1100F504628BFAF
:102BC000A8F1110007284FEA800216D8029D0F21B4
:102BD000286801FA02F3E1689843914017E0B9F1DF
:102BE000011F05D041F20200C0F20100814514D15D
:102BF000386840EA0B0038600FE0019DA2F1200127
:102C000028680F22E3688A40904303FA01F10843E1
:102C100028600023049DCEF6FF73A268022A07D025
:102C2000012A0ED0B2B90399086820EA0B000CE023
:102C30000399086820EA0B000860286840EA0B0244
:102C400007E00399086840EA0B000860286820EA5A
:102C50000B022A606079C006DCF8000054BF20EA4D
:102C60000B0240EA0B02CCF80020A079C0073FF429
:102C70002EAFBAF1100F28BFA8F1110ABAF1070F51
:102C80004FEA8A023FF619AF029D0F212868914052
:102C90001AE705B0BDE8F08FB0B5054606280C462A
:102CA00007D34EF67800C0F201004FF4B37105F07F
:102CB00005FD0020B0EB144F01D1A0B238B94EF69B
:102CC0007800C0F2010040F2671105F0F7FC281F00
:102CD00002284FF20000C4F2010011D3A91E0129FD
:102CE00098BF00F58060052D05D80121A94011F09D
:102CF0002A0F18BF24044069204018BF0120B0BD2E
:102D000000F50060052DF0D9F5E70000B0B50546E7
:102D100006280C4607D34EF67800C0F201004FF4A7
:102D20001A7105F0CBFC0020B0EB144F01D1A0B21A
:102D300038B94EF67800C0F2010040F2692105F082
:102D4000BDFC281F02284FF20000C4F2010010D37E
:102D5000A91E012998BF00F58060052D05D8012125
:102D6000A94011F02A0F18BF24040169A143016191
:102D7000B0BD00F50060052DF1D9F6E7B0B5054608
:102D800006280C4607D34EF67800C0F2010040F248
:102D9000392105F093FC0020B0EB144F01D1A0B213
:102DA00038B94EF67800C0F2010040F23A2105F041
:102DB00085FC281F02284FF20000C4F2010010D346
:102DC000A91E012998BF00F58060052D05D80121B5
:102DD000A94011F02A0F18BF2404016921430161A1
:102DE000B0BD00F50060052DF1D9F6E7C9B180B599
:102DF0004EF2A82C01384FF6FF72C0F2010C00BF52
:102E000010F8013F1FFA82FE5A40D2B23CF812205D
:102E1000013982EA1E22F3D1D043BDE8804080B25E
:102E20007047002080B2704740F2F450C2F20000B8
:102E300090F8FC037047000070B586B040F2F4547F
:102E40000020C2F20004CDE90400CDE902002046D2
:102E50004FF48061FDF7CDF920460021022202F0F7
:102E6000EBFE052817D1B4F8F00343F23546B04223
:102E70004FF0010513D002AB20464FF4806122468B
:102E80000095FFF783F9B4F8F003B04207D0FFF7DD
:102E9000CBFC012503E003A018F06EFD00252846B9
:102EA00006B070BD4765742043757272656E7420FC
:102EB00056657273696F6E204572726F720D0000F5
:102EC0002DE9F0470C461146984603F0ABFD032868
:102ED00004BF0320BDE8F08741F27E05C2F2000581
:102EE00005EB841000F1400A28A018F045FD0024ED
:102EF0000A2609270FF2B00910E000BF002406E0FF
:102F00000026300620D100BF00F0E4FF0A26380674
:102F1000A7F1010704BF0620BDE8F087092C11D8EE
:102F2000013E3006ECD000BF4FF4FA7004F07AF99D
:102F3000284605F02BF804460A2803D2013E300645
:102F4000F2D100263006DFD005F6C6005146FDF767
:102F500067F930B905F6CB005146FDF761F9002855
:102F6000CCD005F6CE004946FDF75AF90028C5D168
:102F700005F6CB042046FDF77BF902464046214684
:102F8000FDF710F90520BDE8F08700BFB5C8B4FD16
:102F9000BDD3CAD5D4C6C6BDCCA8CFC2B4ABB5C408
:102FA000B1A8CEC40D00000022726573756C745F09
:102FB0006D7367223A227375636365737322000031
:102FC00080B58AB14EF2A82C0139C0F2010C00BFC5
:102FD00011F8013F1FFA80FE5840C0B23CF81000C3
:102FE000013A80EA1E20F3D1C04380B280BD0000C8
:102FF00007B45FF480305FF0005109180A6807BC1D
:10300000704700002DE9F04FADF6FC3D13284FF05E
:103010000C0600F2028304460120A04010F4062FA3
:1030200000F0FB8201200D4604F008FC42F2142758
:1030300040F24C10132CC2F20007C2F2000023D061
:103040000D2C40F082800068002100780024FFF7FA
:103050007BF9B7F894A67D94BAF1020F7C940DD356
:103060004FF000084FF00004039574D1A0B240F275
:10307000F451039DC2F20001C1F8260020062C7015
:1030800040F007811026C8E2006801210078FFF7B0
:103090005BF9B7F894060228C0F0FB8040F2F450C8
:1030A000C2F20000D0F826B0BBF1000F00F0D780CC
:1030B00042F21421C2F20001002001F52578002619
:1030C000002516E000EB40007CA901EB800009F12F
:1030D0002C041CCC4FF62C67A0F5EA71CFF6FF77D5
:1030E000C251C1E9013401360135E8B2834540F2ED
:1030F000B78000EB400040F2F451C2F2000101EB56
:1031000080095FFA85FA09F12C014046BAF1270FD0
:1031100038BF09F12A01FDF783F80028E4D0B0B2E6
:10312000BAF1260F88BF2628CCD800EB400007AFA5
:1031300007EB8001D9F82A20D9F82E30D9F832408F
:1031400047F820208C604B60CDE7006801210078B3
:10315000FFF7FAF89DE007F525767CAD002424E022
:10316000DDF8189007F12C005FFA89F23146FDF77F
:1031700069F807F1340443F23010C3F22E002060E6
:10318000059C42F21427C2F2000701346FF0FF00E1
:1031900060EA090082441FFA8AF0A7F894A6022880
:1031A000049800F101067FF661AF30462C21FDF74F
:1031B00055F818B930463B21FDF750F81FFA84FB4B
:1031C0000490BBF1000FA0EB06000594069028D0F8
:1031D00006984FF00009C4B2002000BF00EB400089
:1031E00040F2F451C2F2000101EB80005FFA89F273
:1031F00000F12C01CDF8F481CDF8F081272A38BFF9
:1032000000F12A0128460822FDF71CF83146224623
:10321000FDF777F800B309F101095FFA89F0584525
:10322000DCD30BEB4B0040F2F451C2F2000101EB96
:103230008007BBF1260F384640F82A8F044644F831
:10324000088FC0F804808BD8DDF8189031465FFAFB
:1032500089F2FCF7F7FF8EE7DDE9054996E70026DE
:1032600040F2F45BC2F2000B0BF12A0007A94FF405
:10327000EA72FCF797FF0BF500707CA94FF4F67229
:10328000FCF790FFB0B242F21427CBF82600C2F24E
:10329000000700200790CDF8F80B03F0E3FA40F2A6
:1032A000E819C2F2000999F8000068B107F144007A
:1032B00040F2BB11642204F0CFFEB0B101464EF6DD
:1032C000AB60C0F201000CE007F1440040F2BB111A
:1032D000FFF7F6F9064648B14EF6AB60C0F20100C2
:1032E000314617F033FE012697E10026CDA018F0F5
:1032F00043FB03F0B7FA03F09DFA08B102268CE114
:10330000CCA018F039FB386840F6FD71CFF6C071DB
:10331000A0FB0112D10A01EB812340F2E454A0EB9F
:103320004300C2F200040123002818BF03EBD2219E
:10333000226888B240F2E85B00218242C2F2000BB0
:103340004FF0050A03910DD0DBF8001051B90021B0
:1033500003910021206000204FF0050A0291002116
:10336000049104E0002002900020049001E0CBF8DA
:103370000000DBF800002168884280F0EB8000EB61
:10338000802240F60103550003EB420842F214226A
:103390000139C2F200024FF0050A1268884208BFE4
:1033A000A2F101087CAE304640F60221FCF721FF75
:1033B00042F21420C2F2000000F1840200F1440342
:1033C000A0A130460095CDF8048017F0CFFD30461F
:1033D000FCF74EFF0146304603F01CFB99F8000055
:1033E00000B342F69856C2F200063046C346CDF806
:1033F00014A0CA4613F094F907460695A8EB0509F0
:10340000952500BF0A2003F00DFF4F4522D8304616
:1034100013F086F907462804A5F10105F2D14FF60D
:10342000FF751AE01420069503F0FCFE012006F05B
:10343000A5FAE8B9142500BF012006F09FFA013D66
:10344000290600F0858006460A2003F0EBFE002ED8
:10345000F2D00DE00A2003F0E5FED14640F2E85B31
:10346000DDF814A028044FF00606C2F2000B70D05D
:103470007CAE304640F60221FCF7BBFE304640F6FB
:10348000022103F0BFFA7CA13046FCF7C9FE0028F8
:103490004FF006065DD080A17CA8FCF7C1FE4EF679
:1034A000FF6107AA0DF6F833C0F20101FCF746FFF1
:1034B000022847D1DDE906500626A8424AD1DDF8A8
:1034C000F80B404546D178A17CA8FCF7A9FE061D63
:1034D00030464FF40061FFF789FC4246E943A846B5
:1034E0008D18715B174609BAB0EB114F049665D180
:1034F000DBF8000043F60001C0F6580101EBC020E4
:103500006B0A0121EA0518BF01EB5523410ADAB223
:1035100030460293039102F0CDFC05284FF00806D7
:1035200053D12068DBF8001002F04EF840F2F4505E
:10353000C2F20000D0F8EC1329444546B846C0F862
:10354000EC1300E0069DDBF800000E2601300EE7CC
:103550000626069D082E3CD0072E1FD0062E45D1EC
:1035600099F8000000B303F07DF942F21420C2F292
:103570000000443040F2BB11642204F06DFD4FF0B6
:10358000050638B903F06EF903F054F90646002831
:1035900018BF0526002E3FF405AF0BE05FEA0A6076
:1035A00024D0AAF1010AFDE6FEF702FA0646002E33
:1035B0003FF4F8AE052E16D1062617E04EF6CA6087
:1035C000C0F2010018F0D8F907264546B846082E83
:1035D000C2D10298C2B2DDE9031002F06BFC0528EB
:1035E0003FF4E0AE02E0012E08BF0A2699F8000081
:1035F000002804BF012005F0ABFD0E2E0DD121687F
:10360000DBF800204EF67B60C0F2010017F09EFC54
:1036100000200F262060CBF80000F0B20DF6FC3D34
:10362000BDE8F08F485454502053554343455353FD
:103630000D00000053534C20535543434553530D45
:103640000000000047455420257320485454502F53
:10365000312E310D0A484F53543A2025730D0A522A
:10366000616E67653A2062797465733D25642D2526
:10367000640D0A0D0A000000485454502F312E31B9
:1036800020323036205061727469616C20436F6E55
:1036900074656E740D0A0000436F6E74656E742D50
:1036A00052616E67650000000D0A0D0A00000000FF
:1036B000B0B5B2B004466846C821FCF79AFD0C2CA0
:1036C0000CD00F2C0FD1022004F0B8F800F0EAFA69
:1036D0000446002818BF012090BB06E000F00EFB56
:1036E000002068BB01E0012050BBFEF7D9F938BBD0
:1036F00019A018F041F904F0DBF840F2F450C2F2DE
:1037000000006D464EF6FA7100F11902C0F2010197
:10371000284617F02BFC4EF64270C0F201002946F5
:1037200003F0C2F9FEF7DAFD40F2E810C2F2000041
:10373000007828B9012005F00BFD012005F0A2F961
:1037400040F24C10C2F2000000682146007801F0FF
:1037500085FC204632B0B0BD55706461746520565A
:10376000657273696F6E0D002DE9F04FADF2646DF7
:1037700099A84FF40071FCF73CFD19AC20464FF4BA
:103780000071FCF736FD002140F2F4531891C2F2AB
:10379000000393F8FD234FF48060012A4FF00102EB
:1037A0008DF85F201691CDE91411CDE91211CDE904
:1037B0001011CDE90E110D918DF8331004BF41F6B3
:1037C0000040C0F22C40D3F8EC13420A0B924A0A94
:1037D000C905169202D01699013116911699002941
:1037E00000F04C8240F4404100F5D050400A40F6D1
:1037F000FC19029004F12000C2F20009039009F1C3
:10380000010043F6000A002599AE0DF14808049026
:10381000C0F6580A002000270191089022E000BF5E
:1038200019AC99AE20464FF4007132460EABFEF74C
:1038300015FF9DF85F200B99304602F03BFB40F6E8
:10384000FC1943F6000A0A9F059A00250DF1480865
:10385000C2F20009C0F6580A1698013787420B9247
:1038600080F00D821698394601F0AEFE0AEB472033
:103870007902400A18900D9118999DF85F20304602
:1038800002F0DAF9052840F0038230464FF4007167
:10389000224643460095FEF779FC16980A970138B0
:1038A000874208986FEA00001ED199F80010049F23
:1038B00080B207EBC10151F8041C0D9A8A1A214607
:1038C000FFF77EFB99F8001007EBC10151F8041CCB
:1038D0000D9A8A1AA25C0D9BC91A2144497841EAC3
:1038E0000221814206D0C4E180B221464FF4007229
:1038F000FFF766FB08900D98400A0C280B9800F122
:1039000001020DD80DF264404FF4007105924FF49E
:10391000007AFCF76EFC0A98000679D0099482E0E0
:1039200040F2A820C2F20000057042F6B800C2F2D0
:103930000000057040F6F510C2F2000005700D9809
:10394000D9F80110884227D20D98D9F87916884203
:1039500011D199F8000009EBC00050F8030C410A9E
:10396000C005169102D0169801301690029ACDE942
:103970001055CDE90E5520464FF4007117463246DA
:103980000EABFEF76BFE9DF85F203046394602F025
:1039900091FA3A463AE000BF9DF8330099F80010DA
:1039A000884233D80D989DF8331009EBC101D1F846
:1039B000011088420BD19DF8330001994FF4A522E4
:1039C00000FB0210CDE90E55420ACDE910550D98C5
:1039D0009DF8331009EBC101D1F80510884215D2CA
:1039E0000D989DF83310174609EBC101D1F8051069
:1039F000A1F50071884204D39DF8330001308DF8A1
:103A0000330020464FF40071B9E700BF0A9F23E757
:103A10009DF864004FF4F07A8DF83300013889F88E
:103A20000000039809909DF8330000283FF4F8AE99
:103A30000DF26449099948465246FCF7B3FB40F63B
:103A4000FC162AF01F040025C2F2000633E000BF76
:103A500040F2A828C2F2000898F80000DBF81830FD
:103A600006EBC001DBF814209F1CC1F80120C1F84F
:103A700005704FF4A52100FB01F0991A00F54440B0
:103A8000CBF814000844CBF8180058461C21FFF767
:103A9000ADF9010A8BF81E1098F800108BF81F0082
:103AA000481C88F800009DF8330020350138AC42EE
:103AB0008DF833004FD09DF83300002845D009EB36
:103AC000050B58461C21FFF791F9BBF81E1009BAE7
:103AD000B0EB114F40F0CD8040F6F510C2F200007F
:103AE00000780028B4D10BF104006CA10422FCF78B
:103AF00008FC0028D7D140F6F5110120C2F20001E0
:103B0000087040F2F450C2F20000323059460422EC
:103B1000FCF798FBDBF81400DBF81810C6F8790600
:103B200000F58060CBF8140001F580608A1CCBF8AA
:103B3000180058461C21C6F87D26FFF757F9010AE0
:103B40008BF81E108BF81F00ADE740F6F510C2F29F
:103B5000000000210170099849465246FCF722FBFB
:103B600040F2F450C2F20000D0F8261000293FF4D1
:103B700057AE40F2A820C2F2000000784FF00009D2
:103B800007900020069100BF42F6B801C2F2000182
:103B900091F80080079AA8F1010191423FF440AEEC
:103BA0005FFA89F1272921D200EB400040F2F4515D
:103BB000C2F2000101EB80060998354615F82A4F3C
:103BC00052462146FCF769FB002841D0074600BF5A
:103BD00028463946FCF753FB50B3781C2146524621
:103BE000FCF75BFB07460028F2D131E0273800EBF9
:103BF000400040F2F451C2F2000101EB800B099841
:103C00009BF8005252462946FCF747FB00B3074693
:103C10000BF5007420463946FCF731FB58B1781C8F
:103C200029465246FCF739FB07460028F2D10FE03F
:103C300006F1320001E00BF50270391F0422FCF797
:103C400001FB42F6B80108F10100C2F20001087060
:103C500042F6B800C2F200000078069981423FF4B3
:103C6000DFAD09F101095FFA89F081423FF68CAFBF
:103C7000D6E509200DF2646DBDE8F08F0B9A4EF683
:103C8000F310CFF6FD7010440DF2646DBDE8F08FB7
:103C900008200DF2646DBDE8F08F00BF4D454E5514
:103CA00000000000B0B540F24C10C2F20000006805
:103CB0000221007801F07EFDFFF756FD044620F05A
:103CC0000100082806D1002003F0B8FDFFF7B4F882
:103CD000E0B2B0BD40F2F455C2F2000505F11900A2
:103CE00005F10C010D22FCF7ADFA002485F8FC4328
:103CF000FDF7E6FB00F002F8E0B2B0BDF0B5ADF5BF
:103D0000057D40F2F455C2F20005002428464FF428
:103D1000FF71CDE98344CDE98144FFF767F840BAEC
:103D2000A5F8FE0105F500704FF4FF71FFF75EF88E
:103D300040BA01AE81AFA5F8FE0300BF28464FF49C
:103D4000007132463B46FEF789FC3046214601228F
:103D500002F0B0F80134022C05F50075EED10DF536
:103D6000057DF0BDFEE7000043F20020012181F354
:103D70001088C0F2020001680022C2F6FE721140F3
:103D8000B1F1005F18BF7047416840F2EC52C2F2D7
:103D900000021160006880F3088810680047000086
:103DA000B0B505464EF6D100C0F201000C4600F059
:103DB00091FA4EF6DB00C0F2010000F08BFA6DB113
:103DC000012D18BFB0BD012C1CD0032C15D0022C26
:103DD00024D14EF62F30C0F2010017E0012C24D080
:103DE000032C27D0022C29D14EF63F244EF66C200E
:103DF000C0F20104C0F2010019E04EF67710C0F2E3
:103E0000010009E04EF60F30C0F2010000F062FA46
:103E10004EF64F30C0F2010000F05CFA28A06A2193
:103E20000422BDE8B04002F0ABBF12A41AA000F01B
:103E300051FA00E005A4204600F04CFA4EF66F302F
:103E4000C0F20100BDE8B04000F044BA444331364E
:103E500028382C37302C27506C65617365204368F7
:103E600065636B2053442043617264272C31293BE6
:103E70000D0A0000444331362833322C34362C27C7
:103E8000506C6561736520757064617465272C32B0
:103E9000293B0D0A000000004443313628382C33FA
:103EA000302C274669726D77617265206E6F7420C1
:103EB000666F756E64272C32293B0D0A00000000E6
:103EC0002D202243616E63656C22C8A1CFFB202D9B
:103ED0000000000070B5B2B06C462046C821FCF767
:103EE00088F92046C8210C2200F064FC01462046D7
:103EF00002F090FD40F2E810C2F200000078E0B15C
:103F000042F69850C2F2000012F00AFC000424D1DC
:103F100042F6985505261AA4C2F200052046013E35
:103F200017F02AFD0A2003F07DF9300425D0284639
:103F300012F0F6FB0004F1D00FE0012005F01EFDA9
:103F400058B905243220013C03F06CF9200414D048
:103F5000012005F013FD0028F4D06846C82102F0C6
:103F600051FD9DF8000000F0F000D02802BF0020B5
:103F700032B070BD06A017F0FFFC042032B070BD57
:103F8000776169742070696E672061636B0D000052
:103F900070696E67206572720D00000080B584B094
:103FA0004FF4F05000904FF48030019001200290C7
:103FB0000020039069460320FEF79EFC4FF2144058
:103FC000C4F20100016841F0F051016004B080BD0D
:103FD00070B503204FF40071FEF75EFE40F2F0551D
:103FE00040F24816C2F20005C2F20006B0B103204A
:103FF0004FF48061FEF750FE80B103204FF4006162
:10400000FEF74AFE50B103204FF48051FEF744FE04
:104010004FF0FF0490BB287820B12FE0287808B13A
:10402000FF242BE01E2003F0FDF803204FF4007165
:10403000FEF732FE98B103204FF48061FEF72CFEAC
:1040400078B103204FF40061FEF726FE58B103203B
:104050004FF48051FEF720FE38B1FF2408E0082419
:1040600004E0042402E0022400E00124012028707E
:104070003068002804BF4FF4C03030602878012831
:1040800002D130680138306003204FF40071FEF730
:1040900003FE88B103204FF48061FEF7FDFD58B1A7
:1040A00003204FF40061FEF7F7FD28B103204FF421
:1040B0008051FEF7F1FD18B9306808B1204670BD97
:1040C0000A2003F0AFF803204FF40071FEF7E4FD7F
:1040D000A0B103204FF48061FEF7DEFD70B1032034
:1040E0004FF40061FEF7D8FD40B103204FF480513A
:1040F000FEF7D2FD10B14FF4C03004E03068002864
:10410000DCD14FF4E040002129703060204670BDC2
:104110002DE9F04F8BB005464FF0000B44F2004400
:104120001120CDF828B0CDE908BBCDE906BBCDE91B
:1041300004BBCDE902BBC4F20004CDF804B003F027
:10414000EDF8002003F0EAF80C2007900320089017
:10415000022001270A9007A900200997FEF7CCFB4F
:104160006020CDE9020B4FF44070CDE9050B01A9A9
:1041700020460195CDF810B003F08CFA4EF20010F5
:10418000CEF200004FF08051A022C0F8801180F8DC
:104190001C23016020460421012203F069FA204615
:1041A000012103F04BFA4FF47A7003F03BF84EF61E
:1041B000D10642F6B90A4FF00A09C0F20106C2F26E
:1041C000000A4FF0000800BF16F8081051B1204651
:1041D00003F0FCFAA0690007FCD4F80708F1010815
:1041E000F2D12DE042F64110C2F2000000789AF8B8
:1041F00000109AF8012080F0C00081F04F0182F099
:104200004B02084350EA020742F6411014BF01274F
:10421000AAF800B0C2F2000080F800B042F64010E8
:10422000C2F2000080F800B0A9F1010901205FFA94
:1042300089F502F0F7FF002D18BF01252F40C0D1EE
:104240004EF6DB064FF00A080127C0F201064FF0D8
:10425000000B0025715D59B1204603F0B7FA00BF8D
:10426000A0690007FCD4F80705F10105F2D12DE0A3
:1042700042F64110C2F2000000789AF800109AF855
:10428000012080F0C00081F04F0182F04B02084312
:1042900050EA020542F6411014BF0125AAF800B009
:1042A000C2F2000080F800B042F64010C2F20000F6
:1042B00080F800B0A8F1010801205FFA88F702F049
:1042C000B1FF002F18BF01272F40C2D10BB0BDE8AE
:1042D000F08F00002DE9F04F81B044F2004542F626
:1042E000411642F6B90904464FF00A080127C4F204
:1042F0000005C2F20006C2F200094FF0000B4FF0B9
:10430000000A00BF1FFA8AF0215C59B1284603F069
:104310005DFA00BFA8690007FCD4F8070AF1010A9A
:10432000F0D127E0307899F8001099F8012080F05A
:10433000C00081F04F0182F04B02084350EA0207AF
:1043400042F6401014BF0127A9F800B0C2F20000E5
:1043500080F800B0A8F10108012086F800B0B2464C
:104360005FFA88F602F05EFF002E18BF0126374084
:104370005646C4D101B0BDE8F08F00002DE9F047EA
:10438000ADF5836D86A84FF40071FBF732FF06A8E8
:104390004FF40071FBF72DFF40F2F45AC2F2000A0D
:1043A0009AF8FD0341F21B61C0F20201012808BF27
:1043B0000F2100200591CDE90300CDE9010001F0B6
:1043C000F3FB9AF8FD030124033810F1020F3BD3ED
:1043D00043F2002600250DF5067806AFC0F202066E
:1043E0000DF104093920294601F0EEF805994046FF
:1043F000012201F021FC052825D140464FF400712F
:104400003A464B460094FDF7C1FE30464FF400712A
:10441000FEF7C8F830464FF400713A46FEF702F94D
:10442000059801350130392D06F500760590D9D172
:104430003920392101F0C8F89AF8FC03002818BF88
:104440000120440000E0032420460DF5836DBDE803
:10445000F087000080B54FF0FF3200BFCB1701EBB3
:10446000536C7F292CF07F03A1EB030EC8BF4EF0E5
:10447000800E7F294FEAEC1100EB020302F10102EA
:1044800083F801E0EADC501C80BD00007F28BEBF3D
:1044900002210844704743F6FF718842BEBF0321E2
:1044A000084470474FF6FE72C0F21F020521904289
:1044B000B8BF042108447047F0B581B004460090AD
:1044C000104615460E4600F08DF80746FFF7DEFF52
:1044D000B042C2BF6FF0010001B0F0BD6E46304681
:1044E000102115F00DFE00983946FFF7B3FF009933
:1044F0002F7A0844009037A038A1042F08BF014646
:10450000304615F0E1FD042F18BF03273046394629
:1045100015F0F6FDA87E0222E97E02EA400000299D
:1045200018BF012140EA810709D095F83C002022FC
:1045300095F83D1002EA401061F3C4000744286C6E
:1045400010B167F07F0704E0A86C002818BF67F07F
:104550007F07E86C10B147F0400704E0686D002861
:1045600018BF47F040076E46F9B2304615F0C8FD57
:10457000298B304615F0CAFD05F10C030ECB3046F1
:1045800015F0D2FDE87E60B105F124030ECB6E4636
:10459000304615F0C9FD05F130030ECB304615F05D
:1045A000C3FDB7F1FF3F0BDD780605D505F14C03E0
:1045B0000ECB684615F0B8FD0098001B01B0F0BDA9
:1045C00005F140030ECB684615F0AEFD7806F3D535
:1045D000ECE700BF4D515454000000004D514973A9
:1045E0006470000070B50446D4E90412057AC0680E
:1045F00000F0FAF80221042D08BF0C21E27E032D01
:1046000008BF0E2101EB000572B104F1240207CAB4
:1046100000F0EAF8D4E90C31A26B0646184600F027
:10462000E3F8A9190844051D206C08B9A06C30B145
:1046300004F1400207CA00F0D7F82844851CE06C5A
:1046400008B9606D30B104F14C0207CA00F0CCF833
:104650002844851C284670BD2DE9F04F81B0DDE966
:104660000C9B15460E9A88460446109F00904846BB
:1046700059461E4600F0B8F8384400F1020A002EF0
:10468000C8BF00F1040A5046FFF700FF4045C2BF13
:104690006FF0010001B0BDE8F08F0A9806F0030149
:1046A00000F0010065F3C30040EA41006D46DDF80B
:1046B0003C8000F13001284615F022FD009851465B
:1046C000FFF7C8FE00990E9B084400902846494613
:1046D0005A4615F029FD012E03DB0B99684615F0AB
:1046E00015FD109D009841462A46FBF75BFD00989A
:1046F00028440090001B01B0BDE8F08F2DE9F04F79
:1047000081B08146DDE90AA0984693460D46BAF18C
:10471000010FCDF800900FDBA0F10C0602275446E4
:1047200056F80C0FD6E9011200F05EF83844013C4F
:1047300000F10307F4D100E002273846FFF7A6FE98
:10474000A842C2BF6FF0010001B0BDE8F08F822027
:1047500040EACB006D4600F08A01284615F0D0FCF7
:1047600000983946FFF776FE0099084400902846E5
:10477000414615F0CBFCBAF1010F14DB0C986D46E5
:10478000061F0B98A0F10C0757F80C1F2846D7E915
:10479000012315F0C9FC16F8041F284615F0B0FCDB
:1047A000BAF1010AF0D10098A0EB090001B0BDE810
:1047B000F08F000010B582B002290190BEBF6FF0EB
:1047C000010002B010BD04461001C1B201A815F0ED
:1047D00097FC01980021FFF73DFE019908440190E4
:1047E000001B02B010BD0000002804BF084670473F
:1047F000FBF73EBDF0B581B005464EF6D100C0F2E4
:1048000001000C46FFF766FD4EF6DB00C0F201002A
:10481000FFF760FD9DB3012D1CBF01B0F0BD4EF64A
:10482000AE20C0F20100FFF755FD4EF66640C0F223
:104830000100FFF74FFD4EF613624C20C0F201025B
:104840002E210423FCF72EFDFFF744FD4EF64940D0
:10485000C0F20100FFF73EFD4EF60E625820C0F296
:10486000010242210423FCF71DFD4EF6DD354EF614
:104870008147C0F201053C26C0F2010722E04EF656
:104880002220C0F20100FFF725FD18A0FFF722FD4E
:104890004EF613624420C0F2010226210423FCF7E5
:1048A00001FDFFF717FD18A0FFF714FD4EF60E628D
:1048B0006020C0F2010236210423FCF7F3FC1AA5A4
:1048C000322622A7FFF706FD3846FFF703FD3046E4
:1048D000562122460423FCF7E5FCFFF7FBFC2846A3
:1048E00001B0BDE8F040FFF7F5BC00BF44433136EE
:1048F00028372C33382C274465766963653A272C92
:1049000034293B0D0A0000004443313628372C354A
:10491000342C274465766963655665723A272C34D2
:10492000293B0D0A00000000444331362831302C69
:104930003131302C272D2022456E746572224E6550
:104940007874202D272C34293B0D0A00444331363E
:1049500028372C37302C274669726D776172653A9B
:10496000272C34293B0D0A0080B54FF4E130FFF7C6
:10497000CFFBBDE88040FFF711BB000082B040F6DE
:10498000F81140F21000C2F20001C2F2000008600B
:10499000007840F6F411C2F2000142F2C01740F272
:1049A000E0540870C2F200070020C2F2000442F690
:1049B000B70138702070C2F20001012008708DF834
:1049C0000700FDF721FCFCF789FDFEF735FA40F200
:1049D0004C10C2F200000068007802280CD34FF49B
:1049E0000C304FF40071FDF7DDFD0DF107024FF4BF
:1049F0000C300121FDF716FE4FF4FA7002F012FCA4
:104A000040F24C10C2F20000006840F2F45100780D
:104A1000C2F2000119310091FFF7ECFE40F2F155AE
:104A2000C2F20005FFF7D4FA08282870FAD1C8208E
:104A300002F0F8FB40F2E91840F2DF59C2F2000838
:104A4000C2F200094FF0010A4FF0000B4C2610E0B3
:104A500038782178401A013042F6F001C2F20001A4
:104A6000087040F24C10C2F200000068007800F0BC
:104A70001DF9FFF7ADFA411E0729287000F2878063
:104A8000DFE801F0041285288585853E387840F6F8
:104A9000F41101303870C2F2000138780978884288
:104AA00008BF87F800B00DE03878013838703878E2
:104AB000FF2807D140F6F410C2F200000078013858
:104AC000387000BF42F2BF10C2F2000080F800A0B0
:104AD0005DE000BF42F6B700C2F2000040F6F812F7
:104AE00080F800A0C2F20002106842F2C413416CC8
:104AF000406CC2F20003994228D0106042E000BF2F
:104B000042F6B700C2F2000080F800A040F6F810AC
:104B1000C2F200000068397842F2C41311FB0601AA
:104B2000C2F200030A6C39789A4224D011FB0601C4
:104B30001A46096C99422AD0397811FB060040F6D2
:104B4000F811006CC2F2000108601BE098421ED10F
:104B500040F24C10C2F20000006800990078FFF7A4
:104B600049FE00BFFFF734FA08282870FAD1C820A0
:104B700002F058FB0BE011FB0600806C3978C0B2E4
:104B800002F000FF002038704FF0000B20703878E2
:104B900010B92078002863D038782178884205D36E
:104BA000387899F800108842FFF452AF38782178AD
:104BB000884223D242F6B700C2F2000080F800A07B
:104BC000387804283ED8387842F6F001C2F2000165
:104BD00040F6F412002814BF20780120087084F8F1
:104BE00000B0C2F20002107898F8001081428CBF29
:104BF000107898F8000089F8000032E7387899F8C2
:104C000000108842FFF42DAF42F6B700C2F2000058
:104C100040F6F41380F800A0C2F200031878397847
:104C200098F80020401A90422EDA187898F8001070
:104C3000401A2070187889F8000038781978401ADE
:104C4000063009E798F800002178081A20702078CB
:104C500098F80010084489F8000098F80000FBE676
:104C600040F6F810C2F20000006840F6F412007836
:104C7000C2F200021070107898F80010814240468D
:104C800088BF1046007808E098F8000021780844B2
:104C90002070207898F80010084489F8000042F647
:104CA000F000C2F2000080F800A0DAE62DE9F04F33
:104CB00083B042F6F001C2F20001097840F6F8171D
:104CC000009143F23001C0F22E0142F2C012029173
:104CD000C2F20007C2F20002396812784C2302FBCC
:104CE00003F242F6B705895C40F6F412C2F2000204
:104CF0001170C2F2000529780446A9B14EF6D10020
:104D0000C0F20100FFF7E6FA4EF6DB00C0F2010048
:104D1000FFF7E0FA0020012C287000F08580002CBD
:104D200040F0858079A080E042F2BF10C2F200001E
:104D30000178002900F0D1800021017042F648106E
:104D4000C2F2000000780099814200F0C680451E42
:104D5000009840F2E058C2F20008461E98F80000A1
:104D60000DF1080B50FA85F04EF60861421CC0F2B6
:104D700001015846BA46EFB25FFA86F916F0F6F826
:104D8000B80050FA85F0192101EB80070A20394656
:104D90005A460423FCF786FAFFF79CFADAF800007B
:104DA00098F80010C4EB041A51FA85F14C2511FB58
:104DB0000500394600EB4A000423421C2220FCF780
:104DC00071FAFFF787FA98F800004EF6086150FA7A
:104DD00086F0C0F20101421C584616F0C7F84FEAAF
:104DE000890050FA86F0192101EB80040A2021463F
:104DF0005A460623FCF756FAFFF76CFA40F6F8100D
:104E0000C2F20000006898F80010062351FA86F1FB
:104E100011FB0500214600EB4A00421C2220FCF752
:104E200041FAFFF757FA58E030A0FFF753FA40F283
:104E3000E05040F2DF5AC2F20000C2F2000A0378EA
:104E40009AF8000019468342019346D201994C20FA
:104E500001FB00F0C4EB0411002500EB41000099B8
:104E600000F10109C1F1000B02AC00BF019805F18E
:104E7000010800EB08064EF608612046C0F2010169
:104E800032460BEB050716F071F805EB850019218A
:104E900001EB8000791C85B24FF0040708BF06279C
:104EA0000A20294622463B46FCF7FCF9FFF712FA96
:104EB00040F6F810C2F200000068294600EB090233
:104EC00022203B46FCF7EEF9FFF704FA9AF80000BF
:104ED00009F14C0986424546C8D3009842F648116C
:104EE000C2F20001087003B0BDE8F08F44433136D0
:104EF0002833352C302C27C7EBD6B4D0D0B2D9D735
:104F0000F7272C3135293B0D0A0000004443313688
:104F10002835312C302C2746554E4354494F4E27C7
:104F20002C3135293B0D0A002DE9F04790B06D4634
:104F3000804628464021FBF75CF920A1404612221A
:104F4000FBF730F94EF2280A4FF258594FF24C57FE
:104F500008F140040026C0F2010AC0F20109C0F2C3
:104F6000010700BF28464021FBF743F90AEB060181
:104F700028464A463B4615F0F9FFA019294640222B
:104F8000FBF710F94036802EECD140F20010C0F251
:104F9000E830C8F8C00008F6C60040F6640140F6E4
:104FA0006404FBF726F908F1C6004FF40061A8F885
:104FB000C440FBF71EF910B0BDE8F087246F7461A0
:104FC0002F7265706F72742F25732F257300000088
:104FD00080B5D021FBF70DF980BD000070B590B011
:104FE0000D46044668464021FBF703F9EDB16E46D5
:104FF0004FF258524FF24C533046C0F2010229464C
:10500000C0F2010315F0B2FF3046FBF731F9054657
:10501000C0F140013F2888BF00212044FBF7E9F898
:10502000204631462A46FBF7BDF810B070BD00009F
:10503000B0B542F64915C2F20005044600202946E3
:1050400003F0D8FD0120214603F0D4FD2068296833
:10505000081AB0FA80F04009B0BD0000B0B584B0C5
:1050600005460020CDF80B000290CDE900004EF679
:10507000D100C0F201000C46FFF72CF94EF6DB0020
:10508000C0F20100FFF726F935A16846224615F067
:105090006DFFA5B1012D40F06080102C26D8DFE80F
:1050A00004F0202525250909252525252525322536
:1050B000252537004EF6B110C0F201001AE0102C81
:1050C00033D8DFE804F0303232320909323232327A
:1050D00032323F32323241004EF65310C0F20100FC
:1050E00027E04EF69220C0F2010015E04EF6951032
:1050F000C0F20100FFF7EEF86A461E2042210123AC
:10510000FCF7D0F808E04EF6ED20C0F2010003E015
:105110004EF6E500C0F20100FFF7DCF84EF6B830BD
:10512000C0F2010017E012A00FE04EF60810C0F226
:105130000100FFF7CFF86A461E2044210123FCF747
:10514000B1F802E014A000E01CA0FFF7C3F84EF68F
:105150006F30C0F20100FFF7BDF804B0B0BD00BF72
:105160004572726F7220436F6465202564000000F1
:10517000444331362831302C34382C275570646143
:105180007461205375636365737366756C6C7927FE
:105190002C32293B0D0A0000444331362832342C8E
:1051A00035352C274E6577657374204669726D77A7
:1051B000617265272C32293B0D0A000044433136C9
:1051C0002831382C35302C274164646564207365A0
:1051D000726965732069732030272C31293B0D0AD1
:1051E0000000000070B50C4631A10546FBF718F829
:1051F000064631A12846FBF713F80546204649210B
:10520000FAF7F7FF002E4FF0010018BF002D00D174
:1052100070BD314611F8050F002808460DD0B21DAB
:1052200004E000BF024612F8013B33B11046127889
:105230000D2AF7D142780A2AF4D1401AC2B2202AA4
:1052400084BF022070BD204605F10906FAF7AAFFC7
:105250003078002830460ED005F10A0104E000BF86
:10526000014611F8012B32B1084609780D29F7D112
:1052700041780A29F4D1801BC2B2202A84BF0320BE
:1052800070BD04F1240528463146FAF78BFF43F23E
:105290001006C0F20206304624212246FDF7AAF984
:1052A00006F1300024212A46FDF7A4F9002070BD44
:1052B000737369643A00000070617373776F72648E
:1052C0003A0000002DE9F04F85B0029000200490D4
:1052D000ADF80E004EF6D100C0F20100FEF7FAFF65
:1052E0004EF6DB00C0F20100FEF7F4FF4EF6D310DD
:1052F000C0F20100FEF7EEFF4EF6C620C0F201003C
:10530000FEF7E8FF4EF6F257C0F201073846FEF707
:10531000E1FF4EF6C556C0F201063046FEF7DAFF51
:105320004EF6DB55C0F201052846FEF7D3FF4EF6D8
:10533000AD54C0F201042046FEF7CCFF4EF65850A3
:10534000C0F20100FEF7C6FF4EF69850C0F2010011
:10535000FEF7C0FF4EF66D50C0F20100FEF7BAFF37
:105360004EF68250C0F20100FEF7B4FF50A0FEF7E7
:10537000B1FF4FF0230A0DF1100B4FF000084FF072
:1053800000093846FEF7A6FF3046FEF7A3FF284681
:10539000FEF7A0FF2046FEF79DFF08FB0AF75A2301
:1053A00007F10A0007F12D0180B28AB232210426EA
:1053B0000096FBF7D7FEFEF78DFF002007F1160AD7
:1053C0000DF10E040BF80800FEF702FE411E07293E
:1053D0004FF0010026D8DFE801F00409252125253A
:1053E000252D1BF8080040B1013804E01BF8080027
:1053F000082802D801300BF808001BF808003921F2
:1054000030308DF80E001FFA8AF022460523FBF794
:10541000CFFFFEF75FFF012028B90FE001204FF01A
:10542000010900BF50B1B9F1000F4FF00009CBD016
:1054300039E000BF00200028F5D100BF4EF6F2573A
:105440004EF6C5564EF6DB554EF6AD54B8F1030F89
:1054500008F10108C0F20107C0F20106C0F201051F
:105460004FF0230AC0F201047FF48BAF029A9DF83B
:1054700010001178884212D19DF8110051788842AD
:105480000DD19DF812009178884208D19DF8130043
:10549000D178884202BF002005B0BDE8F08F01201E
:1054A00005B0BDE8F08F032005B0BDE8F08F00BF68
:1054B0005342432830293B0D0A00000080B54EF6C8
:1054C000D100C0F20100FEF705FF4EF6DB00C0F28E
:1054D0000100FEF7FFFE06A0FEF7FCFE0BA0FEF7A4
:1054E000F9FE4FF4FA60BDE8804001F09BBE00BFBA
:1054F000444331362834302C33302C27C3DCC2EB04
:10550000B4EDCEF3272C31293B0D0A00444331364C
:105510002832352C38302C27BCB4BDABB7B5BBD83E
:10552000B2CBB5A52E2E2E272C34293B0D0A000018
:1055300080B54EF6D100C0F20100FEF7CBFE4EF66C
:10554000DB00C0F20100FEF7C5FE05A0FEF7C2FEBB
:105550000AA0FEF7BFFE12A0BDE88040FEF7BABE6B
:10556000444331362834302C33302C27C3DCC2EB93
:10557000D5FDC8B7272C32293B0D0A0044433136EC
:105580002832302C37302C27C7EBC8B7C8CFC1AC76
:10559000BDD3CDF8CFDF272C34293B0D0A00000006
:1055A000444331362831302C3130302C272DB0B4E3
:1055B000CFC22D456E7465722DC8B7C8CF2D272C6C
:1055C00034293B0D0A00000010B588B08C2201FB85
:1055D00002F10022B1FBF0F06C460792CDE9052202
:1055E000CDE90322CDE90122009200F10A0204A1D3
:1055F000204615F0BBFC2046FEF76CFE08B010BD3F
:10560000424F58462831302C37352C253032642C07
:1056100039302C35293B0D0A000000002DE9F04FF0
:10562000A3B082460020ADF8260008904FF4FA702F
:1056300001F0F8FD40F2E81BC2F2000B9BF80000FD
:1056400030B142F69850C2F2000011F069F802E061
:10565000012004F093F9ADF82600BDF8260028B12A
:10566000BAF8C4100AF6C60001F0CCF9BAF8C46062
:105670000AF6C60840463146FAF7BBFD5046FAF72F
:10568000F7FD0DF128090746C0F16401632888BFC2
:1056900000214844FAF7ADFD484651463A46FAF72C
:1056A00081FD0AF1C6059AF8C0702846FAF7E0FDB8
:1056B00004460020CDE90000CDE90290CDE90405C3
:1056C0004046314600223B460694FEF7C5FF08904F
:1056D0000899404601F09EF99AF8C000012853D17C
:1056E0009BF8000020B34FF4966001F09BFD42F65A
:1056F0009850C2F2000011F013F8ADF82600BDF882
:10570000260090BB42F698560524C2F2000600BF60
:10571000C820013C01F086FD200439D0304610F04D
:10572000FFFFADF82600BDF826000028F0D01CE0F1
:105730004FF4FA7001F076FD012004F01FF9ADF886
:105740002600BDF8260080B9052400BFC820013C12
:1057500001F068FD20041BD0012004F00FF9ADF822
:105760002600BDF826000028F0D0BAF8C410404644
:1057700001F048F908909AF8C6080009ADF826002B
:10578000BDF82600042803D1002023B0BDE8F08F27
:10579000032023B0BDE8F08F002904BF4FF0FF3095
:1057A000704710B5144611F011F8A04218BF6FF001
:1057B000010010BDB0B505464EF6D100C0F20100A3
:1057C0000C46FEF787FD4EF6DB00C0F20100FEF747
:1057D00081FD2DB1012D0BD1032C09D20AA002E0CD
:1057E000022C05D805A061B250F82100FEF772FD29
:1057F00008A0BDE8B040FEF76DBD00BF9AEC010007
:10580000B8EC0100DAEC010016ED0100F9EC010042
:1058100033ED0100424F582831302C37352C3135CB
:10582000302C39302C3136293B0D0A0070B582B04E
:1058300000208DF8030001204FF48051FDF79EFAFF
:10584000FF2000F0C1FD01204FF48051FDF75EFA0A
:105850006FF07E44FF2000F0B7FDFF2809D00A203A
:1058600001F0D6FC013CF5D101204FF48051FDF749
:1058700085FA482000F0A8FD002000F0A5FD0020DA
:1058800000F0A2FD012000F09FFDAA2000F09CFD89
:10589000872000F099FD40F6FF7400BFFF2000F064
:1058A00093FD8DF803009DF90300B0F1FF3F04DC88
:1058B000013C601CF2D14FF0FF34002C00F0098154
:1058C0009DF8030005283CD09DF80300012840F016
:1058D0000881002401AD00BFFF2000F075FD2855B0
:1058E0000134042CF8D101204FF48051FDF746FA21
:1058F000FF2000F069FD01204FF48051FDF706FA0A
:105900006FF07E44FF2000F05FFDFF2809D00A20E1
:1059100001F07EFC013CF5D101204FF48051FDF7F0
:105920002DFA9DF80600012840F0DB809DF8070065
:10593000AA2840F0D680C82646E000BF002840F0E4
:10594000CA8001204FF48051FDF718FAFF2000F0C3
:105950003BFD01204FF48051FDF7D8F96FF07E44F4
:10596000FF2000F031FDFF2809D00A2001F050FC93
:10597000013CF5D101204FF48051FDF7FFF94120A2
:1059800000F022FD002000F01FFD002000F01CFDB3
:10599000002000F019FD002000F016FDFF2000F0AF
:1059A00013FD4FF4805400BFFF2000F00DFD0028D0
:1059B000A4F10100C2D0012C0446F5D1BEE700BF1E
:1059C0000028A6F1010645D1772000F0FDFC00205B
:1059D00000F0FAFC002000F0F7FC002000F0F4FCDE
:1059E000002000F0F1FCFF2000F0EEFC4FF48054AA
:1059F000FF2000F0E9FC0028A4F1010002D0012CF6
:105A00000446F5D1002878D1692000F0DDFC402063
:105A100000F0DAFC002000F0D7FC002000F0D4FCFD
:105A2000002000F0D1FCFF20FF2400F0CDFC002E70
:105A300060D04FF4805400BFFF2000F0C5FC002868
:105A4000A4F10100BCD0012C0446F5D1B8E700BF99
:105A5000002854D101204FF48051FDF78FF9FF2029
:105A600000F0B2FC01204FF48051FDF74FF96FF0C8
:105A70007E4400BFFF2000F0A7FCFF2809D00A20C9
:105A800001F0C6FB013CF5D101204FF48051FDF738
:105A900075F97A2000F098FC002000F095FC0020B9
:105AA00000F092FC002000F08FFC002000F08CFC45
:105AB000FF2000F089FC4FF4805400BFFF2000F06D
:105AC00083FC0028A4F10100C2D0012C0446F5D1CA
:105AD000BEE7FF240EE0012042F6BC01C2F2000145
:105AE000087001204FF48051FDF748F9FF2000F0C5
:105AF0006BFC0024204602B070BDFF24FAE70024AE
:105B0000FF2000F061FC28550134042CF8D19DF8E9
:105B1000040040064FF0040058BF0220DCE70000FC
:105B2000B0B501204FF48051FDF7F0F86FF07E44DE
:105B3000FF2000F049FCFF2809D00A2001F068FB93
:105B4000013CF5D101204FF48051FDF717F94020B9
:105B500000F03AFC002000F037FC002000F034FC9C
:105B6000002000F031FC002000F02EFC952000F019
:105B70002BFC032409E000BF00281CBF0020B0BD9F
:105B8000013C200604BFFF20B0BD4FF4805500BF8C
:105B9000FF2000F019FC0128A5F10100ECD0012D37
:105BA0000546F5D1E8E7000010B582B00024019465
:105BB0008DF8034000F0E2FA01204FF48051FDF728
:105BC000DDF801940198092809D800BFFF2000F0F2
:105BD000FBFB01980130019001980A28F6D30A20B6
:105BE000019000BFFFF79CFF8DF803000198F8B10A
:105BF0009DF80300FF2804D10198411E002801915F
:105C0000F0D142F6BC040A20C2F20004019000BFA9
:105C1000FFF70CFE207820B90198411E0028019161
:105C2000F6D121780020002908BF4FF0FF3000E0B6
:105C3000FF20C0B202B010BD2DE9F04F83B08B46FB
:105C4000FF218DF80B1042F6BC01C2F20001097869
:105C50000646042918BF4FEA4B2B4FEA1B404FEA78
:105C60001B2115464FEA1B6805275FFA80F95FFA8A
:105C700081FACDF804B000BF380600F0E0800120C2
:105C80004FF48051013FFDF741F86FF07E4400BFB3
:105C9000FF2000F099FBFF2809D00A2001F0B8FA94
:105CA000013CF5D101204FF48051FDF767F8E8B2CF
:105CB00001284FD1512000F087FB404600F084FBC3
:105CC000484600F081FB504600F07EFB5FFA8BF007
:105CD00000F07AFB012000F077FB4FF4805400BF06
:105CE000FF2000F071FB0028A4F1010002D0012C7C
:105CF0000446F5D1002800F091804FF4805400BF95
:105D0000FF2000F061FBFE28A4F1010002D0012C6D
:105D10000446F5D1002800F07E80D346CA46C1462D
:105D2000741E4FF4007800BFFF2000F04DFB04F814
:105D3000010FB8F10108F7D1FF2000F045FBFF206B
:105D400000F042FB0520C846D146DA46DDF804B033
:105D500062E000BF522000F037FB404600F034FB09
:105D6000484600F031FB504600F02EFB5FFA8BF006
:105D700000F02AFB012000F027FB4FF4805400BF05
:105D8000FF2000F021FB0028A4F1010002D0012C2B
:105D90000446F5D1002841D04FF48054FF2000F094
:105DA00013FBFE28A4F1010002D0012C0446F5D11A
:105DB00080B10024FF2000F007FB30550134B4F51A
:105DC000007FF7D1FF2000F0FFFAFF2000F0FCFA7F
:105DD000052000E0FF20013D8DF80B00280606F5A8
:105DE000007604D09DF80B000528D5D000E00025F2
:105DF0004C2000F0E9FA002000F0E6FA002000F064
:105E0000E3FA002000F0E0FA002000F0DDFA0120C3
:105E100000F0DAFA02E0FF208DF80B0001204FF4C9
:105E20008051FCF7ABFFFF2000F0CEFA9DF80B008D
:105E3000052804D0FFF7B8FE00283FF41DAF9DF8F9
:105E40000B0003B0BDE8F08FB0B50446FF200D464F
:105E500000F0BAFA284600F0B7FA34B3013C002546
:105E600014F8010F00F0B0FAB5F5FF7F05F1010558
:105E7000F6D9FF2000F0A8FAFF2000F0A5FA41258E
:105E8000FF2000F0A1FA00F01F04052C06D00B2C17
:105E900018BF0D2C0BD0013DF2D100BFFF2000F048
:105EA00093FA0028FAD0052C01D10520B0BDFF20BF
:105EB000B0BD00002DE9F04F83B08846FF218DF87A
:105EC0000B1042F6BC01C2F2000109780646042913
:105ED00018BF4FEA48284FEA186001904FEA18406F
:105EE0004FEA1821154603275FFA80F95FFA81FA15
:105EF000380600F0908001204FF48051013FFCF7FC
:105F000005FF6FF07E4B00BFFF2000F05DFAFF2819
:105F10000AD00A2001F07CF9BBF1010BF4D1012079
:105F20004FF48051FCF72AFFE8B2012826D158200F
:105F300000F04AFA019800F047FA484600F044FAA7
:105F4000504600F041FA5FFA88F000F03DFA012077
:105F500000F03AFA4FF48054FF2000F035FA0028A0
:105F6000A4F1010002D0012C0446F5D1002841D053
:105F70003046FE21FFF768FF3AE000BF592000F0ED
:105F800023FA019800F020FA484600F01DFA504626
:105F900000F01AFA5FFA88F000F016FA012000F01B
:105FA00013FA4FF4805400BFFF2000F00DFA0028D0
:105FB000A4F1010002D0012C0446F5D1D0B100BFFC
:105FC0003046FC21FFF740FF013D8DF80B0028060D
:105FD00006F5007604D09DF80B000528F0D000E00F
:105FE0000025FF2000F0F0F9FD2000F0EDF905207C
:105FF0008DF80B0001204FF48051FCF7BFFEFF200D
:1060000000F0E2F99DF80B00052804D0FFF7CCFD65
:1060100000283FF46DAF9DF80B0003B0BDE8F08F92
:10602000B0B5044600F13E4000F1FF704FEAB020E9
:1060300004280D4607D34EF6A500C0F201004FF428
:10604000F27102F03BFB022D18BFB5F5806F01D154
:10605000A561B0BD4EF6A500C0F2010040F2E51109
:1060600002F02CFBA561B0BD10B5044600F13E4026
:1060700000F1FF704FEAB020042807D34EF6A500C8
:10608000C0F2010040F2A31102F018FBE06840F0FA
:106090000200E060E06820F00200E06010BD000057
:1060A0002DE9F04184B040F60007C4F20207002653
:1060B00040F200480446B842C4F20206C4F20208A4
:1060C0000CD0444520D0B44238D1F02000900320B9
:1060D00001900120CDE9020000252BE04FF4E050B3
:1060E0000090032001250190CDE90250694602206D
:1060F000FCF702FC4FF4004000904FF00110CDE996
:1061000001050025039515E04FF460400090032041
:106110000190042001250390694601200295FCF7B7
:10612000EBFB4FF4805000904FF00110CDE90105DA
:106130000020039069462846FCF7DEFBB44205D0F8
:10614000BC4205D0444506D1132002E0122000E0F5
:106150000B2001F0E3F842F6D8010120C2F2000161
:10616000082204230027402681E88D002046C1E94B
:10617000047600F05FF804B0BDE8F08170B584B03B
:106180004FF48050009000206C464FF0011501261E
:1061900003900120214601950296FCF7ADFB4FF4D8
:1061A0000050009001202146FCF7A6FB4FF48040F0
:1061B00000904FF48030CDE9010601202146FCF724
:1061C0009BFB4FF40040CDE9000501202146FCF780
:1061D00093FB01204FF48051FCF7D0FD01204FF4D8
:1061E0000051FCF7CBFD04B070BD0000B0B5044613
:1061F00000F13E4000F1FF704FEAB02004280D4648
:1062000007D34EF6A500C0F2010040F2C71102F01C
:1062100055FAB5F1011F07D34EF6A500C0F20100F3
:106220004FF4E47102F04AFAA069284018BF012037
:10623000B0BD0000B0B5044600F13E4000F1FF7073
:106240004FEAB02004280D4606D34EF6A500C0F252
:1062500001003C2102F032FA2868022806D34EF6EB
:10626000A500C0F201003D2102F028FA686840F064
:106270000800082806D04EF6A500C0F201003E2115
:1062800002F01CFAA86840F00400042806D04EF67C
:10629000A500C0F201003F2102F010FAE86850B1F9
:1062A000202818BF402806D04EF6A500C0F20100F5
:1062B000402102F003FA286940F01000102806D0AF
:1062C0004EF6A500C0F20100412102F0F7F968691D
:1062D0003F280CDC02381E280FD8012101FA00F0FB
:1062E00044F24501C4F2000108420DD105E0402806
:1062F0000AD0802818BFFE2806D04EF6A500C0F2AE
:106300000100422102F0DAF9204650F8081F41F05E
:10631000800101602A680168012A01D1024619E062
:1063200021F00101A160216A012262F313012162BF
:10633000E16848F604021143E160E96819B10168B7
:1063400041F002010160A168224641F48071A16020
:1063500052F8101F41F001011160296929B110297B
:1063600007D1016841F0100102E0016821F010013D
:106370000160A0682B1D0ECB20F00C0008431043D9
:106380006D69A060A0684FF6FF7120F060001843AF
:10639000A060606888432843606000206061B0BDF1
:1063A00080B582B000208DF8070040F60000C4F2EE
:1063B00002000DF107010122002300F053F89DF8BF
:1063C000070002B080BD0000F0B583B00446002590
:1063D0000526002707E000BF40EA45056400072FB7
:1063E00007F101073BD201204FF40051FCF78EFC6E
:1063F0000096009820B10020009901308842FBD31C
:1064000060B2B0F1FF3F05DD01204FF40041FCF721
:106410007DFC04E001204FF40041FCF7AFFC019645
:10642000019828B1002000BF019901308842FBD3B8
:1064300001204FF40051FCF7A1FC01204FF48041F2
:10644000FCF72AFC02960299002818BF01200029B7
:10645000C2D00021029A01319142FBD3BCE7E8B2DD
:1064600003B0F0BD2DE9F04182B0002951D042F6D1
:10647000D00642F6C0080446C2F20006002042F6EA
:10648000C807C2F200083060C2F20007C8F8001066
:106490002046022115463A600193FFF7C1FD2046D0
:1064A000294600F07BF92046012100F05BF82046E8
:1064B000012100F07BF8386810B3019860B100BF8B
:1064C00020461021FFF792FE01280BD10198411EB2
:1064D00000280191F4D11EE020461021FFF786FE2E
:1064E0000128F9D0204600F027F83168D8F80020BC
:1064F0004B1C33605054386801383860DDD100BF20
:1065000020464FF40041FFF771FE0028F8D0002527
:1065100002E001250CE0032520460221FFF780FD63
:106520002046002100F01EF82046002100F03EF831
:10653000284602B0BDE8F08110B5044600F13E40A7
:1065400000F1FF704FEAB020042807D34EF6A500F3
:10655000C0F2010040F24D1102F0B0F82068C0B264
:1065600010BD0000B0B5044600F13E4000F1FF70E0
:106570004FEAB02004280D4606D34EF6A500C0F21F
:106580000100AC2102F09AF8022D06D34EF6A500C8
:10659000C0F20100AD2102F091F82069002D20F039
:1065A000010018BF01302061B0BD0000B0B5044645
:1065B00000F13E4000F1FF704FEAB02004280D4684
:1065C00007D34EF6A500C0F2010040F25D1102F0C3
:1065D00075F8022D07D34EF6A500C0F201004FF466
:1065E000AF7102F06BF8606A002D20F0010018BF57
:1065F00001306062B0BD0000B0B5044600F13E401D
:1066000000F1FF704FEAB02004280D4607D34EF684
:10661000A500C0F2010040F23F1102F04FF82560E2
:10662000B0BD00002DE9F04381B000294FF0010614
:106630001CBF1746002A03D1304601B0BDE8F083E5
:1066400042F6D40842F6C4090446C2F2000800200B
:1066500042F6CC06C2F20009C8F80000C2F20006F9
:10666000C9F80010204602211D4637600093FFF74D
:10667000D7FC2046FFF7F8FC2046394600F08EF89C
:106680002046012100F066F842F6D807C2F2000762
:106690003868012804D120460121FFF787FF03E075
:1066A00020460021FFF75EFF306808BB386838B12C
:1066B00020464FF48041FFF799FD0028F8D037E0DD
:1066C00020460121FFF792FD0028F9D02AE0D8F8F2
:1066D0000000D9F80010421CC8F80020095C2046D0
:1066E000FFF78AFF3068013830600095DED000BFC8
:1066F00020460821FFF77AFD0128E8D100980028FC
:10670000F6D000980138009000980028F0D10326B8
:106710000FE000BF009828B1009801380090009861
:106720000028F4D020460121FFF760FD0128F1D0B8
:10673000002620460221FFF773FC2046002100F0CE
:1067400009F8386801287FF477AF20460021FFF769
:106750002DFF71E7B0B5044600F13E4000F1FF7037
:106760004FEAB02004280D4606D34EF6A500C0F22D
:106770000100932101F0A2FF022D06D34EF6A500E1
:10678000C0F20100942101F099FFE068002D20F093
:10679000010018BF0130E060B0BD0000B0B5044694
:1067A00000F13E4000F1FF704FEAB02004280D4692
:1067B00007D34EF6A500C0F2010040F2871101F0A8
:1067C0007DFF2562B0BD000080B582B08DF8070066
:1067D00040F60000C4F202000DF10701012200237F
:1067E000FFF720FF02B080BDB0B504460020C4F220
:1067F000020084420D460DD040F60000C4F20200B3
:10680000844209D040F20040C4F20200844206D122
:10681000132002E0122000E00B2000F07FFD42F682
:10682000D801C2F2000120464D61BDE8B040FFF73B
:1068300001BD0000B0B545F2C4540925C2F2000400
:1068400020460DF0AFFD002804BF0020B0BD4FF47E
:10685000FA7000F0E7FC2804A5F1010504BF01204F
:10686000B0BDEDE7F0B581B042F6985042F6A851C0
:10687000C2F20000C2F200014FF420520FF062FF9A
:1068800045F2C456C2F2000630460CF0E9FD30462F
:106890000DF0B0FC42F66817C2F2000738460CF063
:1068A00089FE42F6BC14C2F20004204604F07AF8D5
:1068B00042F60835C2F20005284604F0A5F9304634
:1068C0000DF05AFE38460CF085FE204604F07AF8AA
:1068D000284604F021FA40F27420C2F20000066853
:1068E0003046F9F7C5FC4AF629410746C0F20001D7
:1068F00020462A463346009704F048F942F68C5564
:10690000C2F20005286018B1014624A014F01EFB55
:1069100042F66810C2F200000021002200230CF0B1
:106920000FFE286018B1014628A014F00FFB42F6B4
:106930006814C2F200042046002100260CF0F0FD8D
:106940004AF6D91142F6BC12C0F200012046C2F24A
:1069500000020CF0F1FD45F2C450C2F200002146E5
:106960000EF016FA286030B141424EF64160C0F296
:10697000010014F0EBFA45F2C45041F6114241F621
:10698000B933C2F20000C0F200020021C0F20003DD
:1069900000960EF0F5F901B0F0BD00BF2066616908
:1069A0006C65640A202021206D626564746C735FDD
:1069B0006374725F647262675F7365656420726599
:1069C0007475726E65642025640D0A002066616925
:1069D0006C65640A202021206D626564746C735FAD
:1069E00073736C5F636F6E6669675F64656661751C
:1069F0006C74732072657475726E65642025640D05
:106A00000A0000000A46014645F2C450C2F20000E6
:106A10000DF0ACBF0A46014645F2C450C2F2000078
:106A20000EF036BA70B541F27E04C2F200040D4693
:106A300001462046FEF7D2FA04F1C6063046F9F7C1
:106A400017FC01463046F9F7D4FB2846F9F710FC4D
:106A5000024630462946F9F7F5FB012084F8C000CC
:106A60000DA014F089FF2046FEF7D8FD90B141F249
:106A70007E040525C2F20004013D280604BF032060
:106A800070BD4FF4FA6000F0CDFB2046FEF7C6FD66
:106A90000028F1D1002070BDB7A2CBCDB7A2B2BC07
:106AA000B1A8CEC40D000000FFF7BCBF10B506A111
:106AB00027220446F9F776FB0020206442F2B32037
:106AC000A4F8440010BD00BF324C33333534314C90
:106AD000334F2E696F74636C6F75642E74656E63CB
:106AE000656E74646576696365732E636F6D00000F
:106AF000B0B505464EF6D100C0F201000C46FDF7D8
:106B0000E9FB4EF6DB00C0F20100FDF7E3FB65B1E7
:106B1000012D18BFB0BD04F0FE004EF6B834F028C9
:106B2000C0F201040CD112A008E004F0FE004EF601
:106B30006F34F028C0F2010402D104A0FDF7CAFBB3
:106B40002046BDE8B040FDF7C5BB00BF4443313629
:106B50002832342C35362C275365742053756363E3
:106B600065737366756C6C79272C32293B0D0A00AE
:106B7000444332342833382C35302C27C9E8D6C367
:106B8000B3C9B9A6272C32293B0D0A0080B54EF6B1
:106B9000D100C0F20100FDF79DFB4EF6DB00C0F214
:106BA0000100FDF797FB04A0FDF794FB09A0BDE8E9
:106BB0008040FDF78FBB00BF444331362835302C71
:106BC00034302C27C5E4CDF8CAA7B0DC272C3129F6
:106BD0003B0D0A00444331362833352C38302C27FE
:106BE000CDCBB3F62FD6D8CAD4D6D02E2E2E272C66
:106BF00034293B0D0A00000080B54EF6D100C0F2EA
:106C00000100FDF767FB4EF6DB00C0F20100FDF767
:106C100061FB05A0FDF75EFB0EA0FDF75BFB18A076
:106C2000BDE88040FDF756BB444331362833332C52
:106C300032302C27CEDEB7A8C1ACBDD3D2D1B1A3A0
:106C4000B4E6B5C457494649A3AC272C34293B0DBB
:106C50000A000000444331362837302C34302C27CA
:106C6000C7EBCAB9D3C3D0A1B3CCD0F2BDF8D0D052
:106C7000C5E4CDF82E2E2E272C34293B0D0A00001A
:106C8000444331362834302C38302C27CFDECAB17B
:106C900033B7D6D6D3272C34293B0D0A0000000089
:106CA00080B54EF6D100C0F20100FDF713FB4EF6A1
:106CB000DB00C0F20100FDF70DFB05A0FDF70AFBAC
:106CC0000AA0FDF707FB11A0BDE88040FDF702BB5D
:106CD000444331362835302C33302C27C5E4CDF8E9
:106CE000B3C9B9A6272C32293B0D0A0044433136DB
:106CF0002833302C35302C27D2D1C1ACBDD3D6C1EE
:106D000057494649272C32293B0D0A004443313666
:106D10002833322C39302CBCCCD0F8D6B4D0D0D6D5
:106D2000D02E2E2E272C32293B0D0A0080B54EF690
:106D3000D100C0F20100FDF7CDFA4EF6DB00C0F243
:106D40000100FDF7C7FA04A0FDF7C4FA4FF47A700A
:106D5000BDE8804000F066BA444331362831302C1B
:106D600035302C27BBD6B8B4B3F6B3A7C9E8D6C321
:106D7000D6D02E2E2E272C32293B0D0A00000000E3
:106D80002DE9F04F81B044F2004415460E46074607
:106D9000C4F20004F9F76CFAA021A1EBC00031465F
:106DA000C0F347003A462B46FAF77CFA40F2AC268D
:106DB00042F6411542F6B9094FF00A080127C2F21E
:106DC0000006C2F20005C2F200094FF0000B4FF0BE
:106DD000000A00BF1FFA8AF0315C59B1204600F06A
:106DE000F5FC00BFA0690007FCD4F8070AF1010A0E
:106DF000F0D127E0287899F8001099F8012080F068
:106E0000C00081F04F0182F04B02084350EA0207B4
:106E100042F6401014BF0127A9F800B0C2F20000EA
:106E200080F800B0A8F10108012085F800B0AA465A
:106E30005FFA88F500F0F6F9002D18BF01252F4004
:106E40005546C4D101B0BDE8F08F00002DE9F04FE8
:106E5000A1B042F6985A044600F6C607C0304FF07B
:106E6000050BC2F2000A4FF000080490039400BF23
:106E7000B4F8C46038463146F9F7BBF904EB881022
:106E80003C4600F1400700213846CDE90611059146
:106E9000F9F7EEF90DF120090546C0F16401632808
:106EA00088BF00214844F9F7A4F9484639462A46E4
:106EB000F9F778F90120009005A8049F0190204679
:106EC000314600220123CDF8149002972746FDF7A2
:106ED00015FC81B22046FFF79DFD40F2E810C2F29A
:106EE00000000078B0B150460FF01AFCB8B9039C0E
:106EF0005FEA0B4037D03220ABF1010B02F008F90A
:106F00005FEA0B4032D050460FF00AFC0028EFD069
:106F100006E000BF012002F031FD000611D0039C05
:106F2000B4F8C4103846FFF76DFD94F8C60800F0B9
:106F3000F00090281AD1B8F1000F08F1010897D09D
:106F400018E0039C5FEA0B400DD03220ABF1010B3F
:106F500002F0DEF85FEA0B4008D0012002F00EFDDF
:106F60000006EFD0DCE74FF6FF7BD9E7022021B027
:106F7000BDE8F08F002021B0BDE8F08F42F68850C8
:106F8000C2F20000016801310160704780B586B02F
:106F90004FF480110A68082363F3CB120A600022C1
:106FA00040F62C010092C4F20101029251F8083C13
:106FB0009B0509D451F8083C43F0010341F8083C13
:106FC00051F8083C9B05FBD549F2000EC0F2D03EBB
:106FD0000EF1010342F6845C9842C2F2000C41F8C3
:106FE0001C2C19D251F8082CD20509D551F8082CBF
:106FF00022F4807241F8082C51F8082C9205FBD538
:1070000044F60002C0F2E812904222D10220CCF8ED
:1070100000200590012020E0029A52B3029A012A32
:1070200056D1002203920D2241F8042C51F8042C71
:10703000D2065FD444F24023C0F20F03039A9A426F
:1070400056D0039A0132039251F8042CD206F5D59A
:1070500050E00120CCF800E005900490DCF800003E
:10706000049AB0FBF2F042F68052C2F200021060C5
:1070700094E051F8082C42F4807241F8082C00BFCB
:1070800051F8082C9205FBD50A6842F001020A600B
:107090000A6822F400120A600A685200FCD540F621
:1070A0000062C0F22772904215D049F20052C0F639
:1070B000BA2290424CD10A68212363F3D3020A60BA
:1070C0000A6842F480020A600A685200FCD554E063
:1070D0000320009062E00A68122363F3D3020A607F
:1070E0000A6842F480020A600A685200FCD544E053
:1070F00002220092009A002A43D10A6842F001025B
:107100000A600A6822F400120A6000BF0A6852008E
:10711000FCD540F60062C0F2277290421BD049F2C3
:107120000052C0F6BA22904212D10A6840F21223ED
:1071300063F3D3020A600A6842F006020A600A6832
:1071400042F480020A6000BF0A685200FCD514E0D5
:107150000122009215E00A6840F2124363F3D30261
:107160000A600A6842F006020A600A6842F4800275
:107170000A6000BF0A685200FCD501220592022273
:107180000492CCF80000049AB0FBF2F042F6805270
:10719000C2F200021060042041F81C0C009810B1EB
:1071A0000120059002E0049801281ED100200190E2
:1071B00051F8180C059B40F2FF7290435A1E019B38
:1071C000104340EA032041F8180C00BF51F8180C96
:1071D000B0F1FF3FFADCDCF80000FBF72FF9009874
:1071E000B0FA80F0400906B080BD0498022814BFB0
:1071F00005200420DBE700004EF68850CEF20000A8
:10720000016841F470010160002140F8801C704762
:1072100081B000900098411E00280091FAD101B081
:107220007047000081B0009042F68850C2F2000022
:10723000016800BF0268009B521A9A42FAD301B05B
:1072400070470000BFF34F8FBFF36F8F4EF6507043
:10725000CEF2000000210160BFF34F8FBFF36F8FAC
:107260004EF61450CEF20000016841F40031016086
:10727000BFF34F8FBFF36F8F7047000042F680500F
:10728000C2F200000068704710B540F60000C4F27A
:10729000010001684EF60C5441F480310160C16B6D
:1072A000CEF2000421F40001C16320684FF6FF0113
:1072B000084040F0BF6040F40130206049F20050C7
:1072C000C0F6BA20FFF762FE30B3FFF7BBFF42F60D
:1072D0008851C2F200010020086042F68451C2F2D7
:1072E0000001096844F6D352C1F26202A1FB021206
:1072F0004FF0FF3101EB9211B0EB116F18BF10BDD1
:107300004EF21002CEF200025160E021E175906071
:107310000720106010BD00BFFEE7000081B040F6FE
:107320001C010E28C4F2010107D30E3801220B689C
:1073300002FA00F01843086005E001224B6802FAE7
:1073400000F0184348600220009000BF0098411EE2
:1073500000280091FAD101B07047000041F21040BE
:10736000C4F200000168C90708BF7047016821F036
:107370000101016042F63C10C2F2000001680131D7
:1073800001607047B0B504464EF6D100C0F201006E
:10739000FCF7A0FF4EF6DB00C0F20100FCF79AFFFD
:1073A000012C0CD0002C18BFB0BD4EF66F344EF639
:1073B0002C10C0F201041DA5C0F2010005E04EF63C
:1073C000B83407A5C0F201040EA0FCF783FF2846DD
:1073D000FCF780FF2046BDE8B040FCF77BBF00BF54
:1073E000444331362832322C35352C27B2A2BCEC3E
:1073F000B2E9CDF8C2E7D7B4CCAC272C31293B0D8C
:107400000A0000004443313628382C33392C27C772
:10741000EBBCECB2E9CDF8CFDFCAC7B7F1C1ACBD68
:10742000D3272C31293B0D0A00000000444331369C
:1074300028382C35352C27616E64206E6574776F83
:10744000726B206361626C65272C31293B0D0A0049
:10745000B0B58AB004461020FFF760FF4FF4C0605B
:10746000069003200790012008900220099006A9A9
:1074700000200025FBF740FA60200094CDE90105CB
:1074800040F2003043F60004C1F20000C4F20104EF
:10749000CDE9040569462046039500F0FBF8204637
:1074A000012100F0CBF84EF200104EF21B42CEF25A
:1074B00000004FF00061CEF20002A023C0F880115E
:1074C0001370016020460421012200F0D1F802A0CF
:1074D00013F03CFD0AB0B0BD444542554720494E2B
:1074E0004954000010B544F20044C4F200042046A0
:1074F000042100F0ADF8002808BF10BD204600F0C0
:1075000021F942F64111C2F200010A78C02A2CD0BA
:10751000530605D40D2814D142F04000087024E031
:107520000A281BD142F08000087042F64010C2F2D7
:107530000000007842F6B901C2F2000100220A54AC
:1075400013E042F64011C2F200010A78531C0B709E
:1075500042F6B901C2F20001885406E0002008702A
:1075600042F64011C2F20001087020460421BDE835
:10757000104000F05DB80000FFF7B4BF44F63803D8
:10758000C4F200031868C00646BF18685FEAC0600E
:107590007047D868A3F1380140F0100C42F69850BB
:1075A000C2F200000122C3F80CC0FEF7F5B80000DB
:1075B000B0B58AB004462120FFF7B0FE00200025B8
:1075C000FFF7ACFE052006900320079001200890ED
:1075D0000420099006A90120FBF78EF90094602091
:1075E00044F60004CDE901054FF44070C4F20004F4
:1075F000CDE9040569462046039500F04BF8204686
:10760000012100F01BF84EF200104EF20A42CEF2B9
:1076100000004FF48061CEF20002C0F880111570B6
:10762000016020460421012200F022F80AB0B0BD1A
:10763000012202FA01F1416470470000026B002947
:1076400042F0010308BF02F001030363704700002A
:10765000C9B2012202FA01F1826BC06B0A4000EA52
:10766000010018BF0122002818BF012010407047F8
:10767000836BC36AC9B223F01003C362012303FA08
:1076800001F1002A826B0CBF22EA010111438163E0
:10769000704700002DE9F0470D460446FFF7EEFD68
:1076A000D5E9001844F240290A01B0FBF2F6C0F215
:1076B0000F0906FB1200AF68A0FB0901D5F80CA06A
:1076C0000023F8F72BFD89014AF2201241EA90616C
:1076D000C0F2070212EB801041F100014A4600237C
:1076E000F8F71CFD3F2884BF013600206662A062C7
:1076F00048EA070040EA0A0040F01000E062D5E9DD
:10770000040140F20032C2F20002904241EA00015C
:107710002163E16A21F01001E1620ED040F20031F4
:10772000C1F20001884218BFBDE8F08742F644105C
:10773000C2F200000460BDE8F08702206065BDE889
:10774000F087000010B5044644F6FF30C4F2000094
:1077500084420CDC44F20040C4F20000844217D0A2
:1077600044F60000C4F20000844211D00BE044F65D
:107770000040C4F2000084420AD043F60000C4F284
:107780000100844204D005A0EF2100F097FF00BF64
:10779000A069C006FCD42068C0B210BD2E2E2F4CAC
:1077A00069627261726965732F537464506572699E
:1077B00070685F4472697665722F5372632F6678C2
:1077C000785F756172742E6300000000016000BF75
:1077D00081690907FCD4704782B070B5ADF5027DB0
:1077E0000D4602AE0446CDE9862386AB30464FF403
:1077F00000712A46019313F0CDFB40B10546013ECE
:1078000016F8011F2046FFF7E1FF013DF8D10DF505
:10781000027DBDE8704002B07047000070B5002ADC
:1078200008BF70BD144605464E1E00BF16F8011F66
:107830002846FFF7CBFF013CF8D170BDF0B5ADF5A0
:10784000057D40F2F454C2F2000494F8FC13814226
:107850002BD084F8FC03002520464FF4FF71CDE9BE
:107860008355CDE98155FBF7C1FA40BAA4F8FE0172
:1078700004F500704FF4FF71FBF7B8FA40BA01AE9F
:1078800081AFA4F8FE0300BF20464FF400713246DA
:107890003B46FAF7E3FE304629460122FEF70AFB93
:1078A0000135022D04F50074EED10DF5057DF0BD16
:1078B0002DE9F047ADF50A6DFCA84FF49661F8F795
:1078C00098FC02AC20464FF47A71F8F792FC40F233
:1078D000F458C2F20008D8F826A0BAF1020F26D355
:1078E000012608F12A074FF03B09012506EB460067
:1078F000EAB208EB8001272A01F12C0134BF07EB23
:107900008001273E2046F8F77FFC06EB4600042264
:1079100007EB800000F108012046F8F7D5FCF8F7E6
:10792000A7FC0135EEB2B24524F80090DED8FCADDC
:107930004FF2300108F1190209A3C0F201012846F3
:10794000009413F013FB08A02946FFF7ADF84FF49D
:10795000FA70FFF767FC0DF50A6DBDE8F08700BF10
:1079600056325F3000000000247468696E672F751E
:10797000702F70726F70657274792F25732F257355
:1079800000000000B0B582B0032800F27780DFE885
:1079900000F0021E2D4A40F24C15C2F20005286884
:1079A00000210078FDF706FFFCF7E8FC04460138EB
:1079B000C0B2032828BFFCF7D7F928682146007811
:1079C000FCF7EEF90024002C40F0CC80C6E0FBF779
:1079D0002BFA40F24C15C2F200052A6801461078D5
:1079E00002294FD1F9F74EFB0F2494E08DF80710D0
:1079F0004FF40C304FF40071FAF7D4FD0DF107028B
:107A00004FF40C300121FAF70DFE40F24C10C2F297
:107A100000000068F0210078FFF76AF80024002CCD
:107A200040F0A0809AE06420FFF7FCFB40F2EA10EF
:107A3000C2F20000FDF746FC03285AD0012856D0B8
:107A4000E0BBFDF775FD00BFFCF7C2FA042850D07B
:107A50000828F9D1FFF76AF900F058F900F046F963
:107A6000B0FA80F040F2E8114009C2F2000108705B
:107A7000FAF7DAFE10B3F9F7FBFD3AE00024002C28
:107A800070D16BE0F9F7CCFF00F040F900F02EF96F
:107A9000B0FA80F040F2E8114009C2F2000103247C
:107AA000087000BFF9F7FCFF60B12006A4F10104E3
:107AB000F8D128680078FFF765FC2BE0002401204E
:107AC000D0B949E02868007800F084FAF9F7F6F9AF
:107AD0000446FAF725FC132C19D80120A04010F415
:107AE000062F14D028680078F9F734FD13E0FDF76D
:107AF000E5FCFF24002078B340F24C10C2F20000F5
:107B00000068F1210078FEF7F3FF5CBB26E0204619
:107B1000FBF7CEFD0024FCB1FF208DF8060000BF6E
:107B2000FCF756FA04281FD00828F9D1132C0FD8D7
:107B30000120A04010F4062F0AD028680121007807
:107B4000FDF738FE0DF106012046FBF75BFA04460F
:107B50002046FBF7ADFD002424B900BFFCF738FA3E
:107B60000428FBD102B0B0BDFF24002CFAD1F5E708
:107B7000F0B581B0054642F6F400C2F200000C46B2
:107B8000032700F1400606E04FF4FA60013FFFF7DB
:107B900049FB380430D04FF44A7000F065F91C28D6
:107BA000F2D801460020DFE801F014131313131379
:107BB000131313131313131313131313131D13138B
:107BC0001328131313130F00012000F05BFFDBE7F2
:107BD000DAE701200121224620230FF01DFE0028B4
:107BE000D2D10CE0012031462A4600F087FF002860
:107BF000CAD1052001B0F0BD062001B0F0BD0620BD
:107C000001B0F0BDF0B585B040F60004C4F2020446
:107C100000252046CDE90355CDE90155FEF740FA90
:107C200000204FF40041FBF7A9F82046FE21FEF7A3
:107C3000DBFD042001AC01904FF001160127032069
:107C400021460296CDE90375FAF756FE032004217A
:107C5000FBF794F8202001A9C1C101202146049519
:107C6000FAF74AFE41F6913041F69931C0F2000030
:107C7000C0F200010EF0D0FF41F6AD3041F6A13167
:107C8000C0F20000C0F200010EF0E2FF46F2A130A7
:107C900046F2C971C0F20000C0F200010EF0F4FF1C
:107CA00040F20821C0F20801D1E900238F68160CC8
:107CB00002EB122042F6491106EB1262C2F20001F9
:107CC0004A701A0C02EB136203EB1326CA703A0CCB
:107CD00007EB172302EB176208708E700B71C30756
:107CE0004A711CBF0130087005B0F0BD80B582B08C
:107CF0000DF107010F2001F037F8B0F1FF309DF8CA
:107D0000071018BF0846C0B202B080BD80B503207E
:107D10000421FAF7FBFF0120FFF784FA0320042176
:107D2000FBF72CF84FF4E160BDE88040FFF77ABA2A
:107D300080B503468AB2012019460EF09DFD80B23F
:107D400080BD000080B584B040F20220C0F2011076
:107D5000039040F20240C0F2022002904FF0023045
:107D6000CDE900006946012000F0FEFFB0F1FF30D0
:107D700018BF012004B080BD03468AB20120194615
:107D80000FF0C4B980B54EF6D100C0F20100FCF787
:107D9000A1FA4EF6DB00C0F20100FCF79BFA04A04A
:107DA000FCF798FA0CA0BDE88040FCF793BA00BF3E
:107DB0004443313628302C34302C27D5FDD4DAC159
:107DC000ACBDD3D2D1B1A3B4E6B5C4574946492717
:107DD0002C32293B0D0A0000444331362833322C23
:107DE00037302C275749464920436F6E6E656374C0
:107DF0002E2E2E272C32293B0D0A000080B54EF680
:107E0000D100C0F20100FCF765FA4EF6DB00C0F2CB
:107E10000100FCF75FFA04A0FCF75CFA0AA0BDE8D9
:107E20008040FCF757BA00BF444331362833302C2A
:107E300034302C27C1ACBDD357494649B3C9B9A684
:107E4000272C32293B0D0A00444331362833322C8B
:107E500038302CBCCCD0F8D6B4D0D0D6D02E2E2EE4
:107E6000272C32293B0D0A00B0B540F2F015C2F2C2
:107E70000005A9680446884728698047E969C4F372
:107E800007408847E969C4F307208847E969E0B2F9
:107E90008847A8698047696904468847E868804739
:107EA0002046B0BDF0B581B040F2F017C2F2000735
:107EB0000D46B96814460646884738698047F9690F
:107EC000C6F307408847F969C6F307208847F96970
:107ED000F0B2884734B1013DB869804705F8010F19
:107EE000013CF9D178698047F86801B0BDE8F040FD
:107EF0000047000070B540F2F016C2F200060C46D2
:107F0000B1680546884730698047F169C5F3074085
:107F10008847F169C5F307208847F16945F00400F7
:107F2000C0B28847F1692046884770698047F06889
:107F3000BDE8704000470000F0B581B040F2F01796
:107F4000C2F200070D46B9681446064688473869EC
:107F50008047F969C6F307408847F969C6F30720E7
:107F60008847F96946F00400C0B2884734B1013D42
:107F7000F96915F8010F8847013CF9D17869804704
:107F8000F86801B0BDE8F04000470000B0B540F22D
:107F9000E811C2F200010978044639B142F698505E
:107FA000C2F200000EF0BCFB80B202E0012001F042
:107FB000E5FC002808BFB0BDB4F8C45004F6C60400
:107FC00020462946F8F715F920462946FEF71AFDFE
:107FD00080B2B0BD10B504464EF6D100C0F201002B
:107FE000FCF778F94EF6DB00C0F20100FCF772F9FD
:107FF000012C07D0002C18BF10BD0EA0BDE810400A
:10800000FCF768B902A0BDE81040FCF763B900BFF7
:10801000444331362832322C35352C27B5C8B4FDCF
:10802000BDD3CAD5B9CCBCFEB0FC2E2E272C352929
:108030003B0D0A00444331362831362C35352C2788
:1080400057616974696E67204669726D7761726500
:10805000272C35293B0D0A002DE9F04FADF5037DA6
:108060000D460646012002211446FAF74FFE322043
:10807000FFF7D8F801200221FAF780FE40F2DC5029
:10808000FFF7D0F842F6985042F6A851C2F200002D
:10809000C2F200014FF420520EF054FB40F2102ABD
:1080A000C2F2000A9AF8480000287AD04EF63E60E4
:1080B000C0F201000A2100F039FA00281EBF012099
:1080C0000DF5037DBDE8F08F4EF62D60C0F2010086
:1080D000322100F02BFA00281EBF02200DF5037D8F
:1080E000BDE8F08F4EF63260C0F201000A2100F0C8
:1080F0001DFA00281EBF03200DF5037DBDE8F08F9B
:108100004EF61D60C0F20100322100F00FFA002887
:108110001EBF04200DF5037DBDE8F08F40F6B8309A
:1081200000F0D4F900281EBF05200DF5037DBDE841
:10813000F08F76A0322100F0F9F900281EBF06204A
:108140000DF5037DBDE8F08F79A0322100F0EEF946
:1081500000281EBF07200DF5037DBDE8F08F78A035
:10816000322100F0E3F900281EBF08200DF5037D41
:10817000BDE8F08F76A0322100F0D8F900281EBFAC
:1081800009200DF5037DBDE8F08F304629462246D3
:1081900000F0E4F8002818BF0A200DF5037DBDE8C3
:1081A000F08F4EF63E60C0F201000A2100F0BEF9E9
:1081B000B8B94EF62D60C0F20100322100F0B6F9D8
:1081C00078B94EF63260C0F201000A2100F0AEF933
:1081D00038B94EF61D60C0F20100322100F0A6F958
:1081E00020B10B200DF5037DBDE8F08FFFF7CAFD30
:1081F00040F2DC5000F06AF9002852D0FEF7FCFC97
:1082000030A0322100F092F90028EAD10DF10C0BD8
:1082100058464FF40071F7F7ECFF42F6985944F2D4
:1082200050680020C2F20009029004E0DDF80480EA
:108230005FEA084038D00A20A8F10108FEF7F2FFF3
:1082400048460EF06DFA0128F2DBCDF80480DDF827
:10825000088007461BFA88F148463A460EF07AFA3B
:10826000B84458461CA1CDF80880F7F7D9FF00287C
:10827000DCD058461DA1F7F7D3FFDDF804800028B5
:10828000D6D01EA0322100F051F90028A9D140F229
:10829000102103A8C2F20001FCF7A4FF0028A0D11E
:1082A00004E0FFF7ABFD06E04FF000085FEA08408E
:1082B00005D0FEF7F5FC01208AF8480039E7FEF703
:1082C00065FC8EE741542B43575354415254534D50
:1082D0004152543D32000000536D61727420676555
:1082E00074207769666920696E666F00636F6E6ED1
:1082F00065637465642077696669000041542B43A7
:108300005753544F50534D415254000041542B4346
:108310004950534E54504346473D312C382C226E21
:108320007470312E616C6979756E2E636F6D2200E9
:1083300041542B434950534E545054494D453F00EE
:1083400041542B4349504D4F44453D3100000000FE
:1083500041542B4349504D55583D30002DE9F04FC5
:10836000ADF5017D01AC0E46074620464FF4007185
:108370001546F7F73EFF44F600002DA1C4F20000B9
:108380003A463346FFF728FA002DA5F1010531D012
:1083900042F6985B00270FF2B40A0FF2B809C2F256
:1083A000000B0FF2B80803E02804A5F101051FD067
:1083B0006420FEF737FF58460EF0B2F90128F3DBD0
:1083C000064614FA87F1584632460EF0C3F92046A5
:1083D0005146F7F725FF68B920464946F7F720FFD1
:1083E000E0B920464146F7F71BFFE0B93744DBE729
:1083F0004FF6FF7528B201280BDB1DA0052100F008
:1084000095F8002818BF012080000DF5017DBDE81A
:10841000F08F03200DF5017DBDE8F08F01200DF5F3
:10842000017DBDE8F08F02200DF5017DBDE8F08FE4
:1084300041542B43495053544152543D22544350CC
:10844000222C222573222C25640D0A00434F4E4E08
:1084500045435400434C4F5345440000414C524562
:1084600041445920434F4E4E45435445440000007B
:1084700041542B43495053454E440000B0B584B09D
:1084800000200024FEF74AFF022000904FF0011068
:10849000CDE90104694601200394FAF72DFA43F26D
:1084A000100440F21025C0F20204C2F2000520467A
:1084B00024212A46FAF78CF804F1300005F1240251
:1084C0002421FAF785F804B0B0BD0000B0B5B2B011
:1084D00040F21022C2F2000211780446FF294FF048
:1084E000010017D092F82410FF2913D000206D4608
:1084F00082F8210082F8450002F1240306A12846F3
:1085000012F034FD2846214600F010F8002818BF6C
:108510000120400032B0B0BD41542B43574A415076
:108520003D222573222C2225732200002DE9F043E1
:10853000ADF6040D0DF104090D46064648464FF40C
:108540000061F7F756FE44F600001BA1C4F20000DC
:108550003246FFF741F9A5F1010625B342F69855D9
:108560000024C2F200050FF2580804E03C44300435
:10857000A6F1010615D00A20FEF754FE28460EF09B
:10858000CFF80128F3DB074619FA84F128463A466A
:108590000EF0E0F848464146F7F742FE0028E5D0E5
:1085A00001E04FF6FF7631B200200129B8BF01206B
:1085B0000DF6040DBDE8F08325730D0A00000000E0
:1085C0004F4B000080B5DDE902CECDE902CEBDE81B
:1085D000804001F05FBB000001F0C2BB10B501207C
:1085E0004FF48C71F7F79CFE002804BF002010BDEB
:1085F000044601F0CDFB204610BD000010B5044636
:1086000001F0BEFB2046BDE8104013F057B9000052
:1086100001F0C4BB01F044BCB0B582B005460068AF
:108620001C460B1A012B0ADB037893420CD1013054
:10863000286001AA284601F02FFE18B908E06FF063
:108640005F0028B102B0B0BD6FF061000028F9D121
:10865000019890B1286890F9000000280DD4019885
:1086600040B100BF29680A7822B901310138296078
:10867000F8D100200428019003D96FF0630002B004
:10868000B0BD04D1286890F900000028F5D4019805
:108690000021216068B100BF2968226811F8013B00
:1086A000013843EA022222602960F5D14FF0FF3001
:1086B00000E001380190002002B0B0BDFEE70000EC
:1086C0002DE9F04F81B00478002C00F0818040F259
:1086D0005C2E84460020C2F2000E4FF0000A00BF5C
:1086E000DEF80050FF224FF0FF3300BFEE1876781F
:1086F0000133A64208BF1A463F2BF7D14AF00103C7
:10870000DEF800501CF80360FF244FF0FF3300BF79
:10871000EF187F780133B74208BF1C463F2BF7D1D3
:108720004AF00203DEF800901CF803700093FF2566
:108730004FF0FF3309EB030676780133BE4208BFE2
:108740001D463F2BF6D14AF00309DEF800B01CF8B5
:1087500009E0E046FF274FF0FF3600BF0BEB060CA9
:108760009CF801300136734508BF37463F2EF5D1DE
:10877000C4F3011343EA82020A54009A18F8022053
:108780003D2A00F101021FD0C5F38303C44643EA2A
:1087900004138B5418F809203D2A00F1020213D06B
:1087A00007F03F0343EA85130AF1040A8B541CF8CF
:1087B0000A400330002C40F25C2EC2F2000E04BFCF
:1087C00001B0BDE8F08F8BE7104601B0BDE8F08F37
:1087D000002001B0BDE8F08F2DE9F04FADF5477DE9
:1087E000B2F5C07F02D96FF03705B1E05FAF0D463B
:1087F000804638464FF4D0711646F7F7FAFC01A8C8
:1088000001F0C6FA300A8DF88E01183730200024A6
:108810008DF89301384629463246ADF88C418DF8E3
:108820008F61F7F7BFFC8020B8554BA80455013481
:10883000202CFBD101A84BA94FF4807201F030FB32
:10884000054600286BD106F1190900240DF5BE7B01
:1088500047AE01AF4FF0000ACDF80080C846CDE921
:108860004944CDE9474400BFB9F1000F17D00020BB
:108870001BF80010325C5140315401301028F7D100
:10888000B9F11009384638BFA146012132463346B6
:108890000BF1100B01F064FA0028E5D03CE00DF577
:1088A000A67C0CEB0A0047AD04302ECD2CC09DF801
:1088B0007F014CF80A100130BAF1200F0AF1100ABA
:1088C0000DF5BE7BC1468DF87F01C7D353AE01A81D
:1088D00031464FF4807201F0E3FADDF8008005467E
:1088E000E8B92036002401AF38460121324633462C
:1088F00001F036FA90B9B56808EB04003168726887
:10890000F3688560202C04F110044FF00005C3606B
:1089100042600160E8D302E0DDF80080054601A86E
:1089200001F02EFA5FA84FF4D07108F0E7FD53A8CC
:10893000302108F0E3FD4BA8202108F0DFFD47A817
:10894000102108F0DBFD1DB14046302108F0D6FDB6
:1089500028460DF5477DBDE8F08F0000B0B582B028
:108960004FF4D850FFF780FA04464FF4D850032153
:10897000FFF7C0FA40F2C630C2F20000007840F2C1
:10898000D43341F2883510A1C2F2000311220095C0
:108990000EF0A6FE05464FF4D8502146FFF7AAFA7E
:1089A00015F10D0002BF012002B0B0BD0EF046FC73
:1089B00042F60030C2F20000006840F24C4000F085
:1089C000A7FB002002B0B0BD434845434B5F495070
:1089D0005F434F4E464C49435400000070B542F689
:1089E000FC24C2F2000494F9000001281ADC40F2D1
:1089F000702542F60036C2F20005C2F20006286871
:108A00003168884224BF012070BD42F6FD20C2F2C9
:108A1000000090F90000042818BF022812D10EF0BF
:108A200039FD13E042F6FD25C2F2000595F900007C
:108A3000012815D0042818BF022821D10EF064FCAB
:108A400001200EE0012801D10EF05EFC0020306014
:108A5000306821780A30286001310120217070BD12
:108A60000020287042F60032C2F20002002111609C
:108A700040F27022C2F200020A231360217070BD1E
:108A80000120EFE7082882BFFF2040B2704770B591
:108A900004464FF4847000EB44151021284666010B
:108AA000FFF728FA2846FFF7DFF90028FAD106F584
:108AB00002701F21FFF71EFA45F2AA51C2F200010F
:108AC00001200A88A04022EA0000088045F2B45044
:108AD000C2F20000002120F8141045F2AC50C2F29E
:108AE0000000015506F542742046FFF7BDF9002845
:108AF000FAD10120BDE8704040B270472DE9F04145
:108B0000082803D9FF2040B2BDE8F08144010546A2
:108B100004F1080016460F46FFF7A6F900F00F0013
:108B200001283ED104F542784046FFF79DF913280D
:108B30003BD1797838780902BA7841EA004111448A
:108B400040EA0120013810F1030F32D8AEB304F629
:108B5000084039460422FFF7EFF941F208002044AB
:108B6000310AFFF7C7F941F208102044F1B2FFF7CC
:108B7000C1F904F5847630460421FFF7BBF900BF44
:108B80003046FFF771F90028FAD145F2A850C2F239
:108B900000000088E840C00713D0002040B2BDE8C4
:108BA000F081FB2040B2BDE8F081FD2040B2BDE87D
:108BB000F081F42040B2BDE8F081F52040B2BDE87C
:108BC000F08104F5027500BF4046FFF74DF9172804
:108BD0000CD02846FFF748F90007F5D528460821AC
:108BE000FFF788F9F32040B2BDE8F081012040B2E0
:108BF000BDE8F081B0B5052800F27C800C46DFE8C6
:108C000000F0033C757C83934FF4106021460622EC
:108C1000FFF792F904F10E014FF480700422FFF780
:108C20008BF904F10A014FF4A0600422FFF784F9E4
:108C3000A11D4FF470600422FFF77EF9A07C42F67C
:108C40006113C2F20003E17C187042F66210C2F2B6
:108C50000000227D017042F66310C2F20000657DC3
:108C6000027042F66410C2F20000A17D057042F667
:108C70006010C2F20000017067E04FF410602146FE
:108C80000622FFF70FF904F10E014FF48070042261
:108C9000FFF708F904F10A014FF4A0600422FFF77E
:108CA00001F9A11D4FF470600422FFF7FBF842F6B2
:108CB0006110C2F20000007842F66311A07442F61F
:108CC0006210C2F20000C2F2000100780978E0747C
:108CD000217542F6641042F66011C2F20000C2F241
:108CE0000001007809786075A1752EE0247814F0F1
:108CF000C50F2DD0FF2568B2B0BD00200025FFF7BD
:108D0000B3F8207068B2B0BD21784FF4D850FFF7A7
:108D1000F1F8E1784FF4C850FFF7ECF8A1784FF480
:108D2000D050FFF7E7F810E04FF4D850FFF79CF869
:108D300020704FF4C850FFF797F805464FF4D05015
:108D4000FFF792F840EA05206080002568B2B0BDC8
:108D500000200025FFF788F840EA04010020FFF713
:108D6000C9F868B2B0BD00002DE9F0410F284AD81B
:108D70000C46DFE810F0100013004C005B006600AA
:108D8000730080008B009800A900BE00C20009019A
:108D9000F400F900020111F0E3F8F5E0A046002C20
:108DA00018BF08F1080811F0DBF8002C00F0F08083
:108DB000661E00200821324612F8013F013918448E
:108DC00040B2F9D110281EDC002741F6087500BF1B
:108DD00016F8011F7819FFF78DF82037B7F5807F57
:108DE000F6D1002C00F0D480A8F101040020082165
:108DF000224600BF12F8013F0139184440B2F9D1B0
:108E0000102840F3CE80FF2040B2BDE8F0814FF43F
:108E1000A850FFF729F805464FF4B850FFF724F89B
:108E200005F0F00141EA00202080ADE02088040A2E
:108E300000F0F0014FF4A850FFF75CF84FF4B85081
:108E400008E02088040AC1B24FF4B050FFF752F88E
:108E50004FF4C0502146FFF74DF895E04FF4B05065
:108E6000FFF702F805464FF4C050FEF7FDFF45EA54
:108E70000020208088E061784FF49850FFF73AF89E
:108E800021784FF4A050FFF735F87DE04FF498506B
:108E9000FEF7EAFF05464FF4A050FEF7E5FF40EA73
:108EA0000520208070E040F2F010C2F200008178CE
:108EB0002170C17861700179A1704179E170807988
:108EC0002071002060715FE04FF43850FEF7CCFF56
:108ED00000F07F014FF43850FFF70CF84FF4385092
:108EE000FEF7C2FF40F080014FF43850FFF702F860
:108EF0004AE0204611F074F846E04FF43850FEF78F
:108F0000B3FFC0F3801100F038002170A0F13801E8
:108F1000A0F12002B1FA81F1B2FA82F249095209B4
:108F20001143A0F11002102A617038D8012140F2DB
:108F3000011301FA02F2C0F201031A4208BF002134
:108F4000A0F10802182AA17026D8012000FA02F127
:108F50000122C0F2011211421ED0E07014E020780C
:108F6000BDE8F04111F074B84FF43850FEF77CFFC3
:108F700010F0300018BF012005E04FF43850FEF724
:108F800073FF00F001002070002040B2BDE8F081C6
:108F9000002040B2BDE8F0810020E070F4E700213D
:108FA000CEE7002541F6086614F8011FA819FEF760
:108FB000A1FF2035B5F5807F4FF00000F4D1E4E744
:108FC0002DE9F0478CB0E9468846044648463021F2
:108FD000F7F70FF904F1200A00274E460F2000BFD3
:108FE000411C07D0215C0131CAB221548A42A0F150
:108FF0000100F5D1504601212246334600F0B0FE73
:10900000E8B91036202F07F11007E7D3002000BF82
:1090100018F8001019F80020514009F8001001302C
:109020003028F5D1694650464FF4807200F038FF81
:10903000054628B908AB0FCB00250FC400E0054654
:109040006846302108F05AFA28460CB0BDE8F0878F
:1090500080B540F2D431C2F200014FF470600422B6
:10906000FEF76AFF40F2D831C2F200014FF4A0606F
:109070000422FEF761FF40F2D031C2F200014FF44A
:1090800080700422BDE88040FEF756BF80B5002006
:109090008021FEF72FFF0020FEF7E6FE40F2BC31F4
:1090A000C2F200014FF410600622BDE88040FEF7D6
:1090B00043BF000080B500208021FEF71BFF002089
:1090C000FEF7D2FE40F2D431C2F200014FF47060DC
:1090D0000422FEF731FF40F2D831C2F200014FF412
:1090E000A0600422FEF728FF40F2D031C2F2000156
:1090F0004FF480700422FEF71FFF40F2BC31C2F231
:1091000000014FF410600622BDE88040FEF714BF56
:1091100000EBC00041F2000144F61F62C4F20001FE
:1091200001388A62C862486940F0010048610869F4
:1091300020F001000861086840F00100086000BFED
:109140000869C007FCD0086820F00100086070477B
:109150002DE9F04381B0082801D9FF202BE0470119
:10916000044607F10800FEF77FFE00F00F0001281B
:1091700020D107F5847528460821FEF7BBFE00BF05
:109180002846FEF771FE0028FAD145F2A85145F2B3
:10919000AA58C2F20001C2F2000801200988B8F8FA
:1091A0000020A040084222EA0001A8F8001006D0E2
:1091B000002000E0FB2040B201B0BDE8F0836FEA80
:1091C000000907F5427607F5027700BF3046FEF743
:1091D0004BFE60B33846FEF747FE0007F6D528463B
:1091E0001021FEF787FE00BF2846FEF73DFE00284F
:1091F000FAD138461F21FEF77DFEB8F800000021A5
:1092000000EA0900A8F8000045F2B450C2F20000DC
:1092100020F8141045F2AC50C2F20000015500BF16
:109220003046FEF721FE0028FAD1F320C3E70120E3
:10923000C1E700002DE9F04793B04FF0000C4FF06C
:109240004B0E0DF101034FF02E080C464FF0000AB3
:109250004FF0000914F8015BBAFA8AF77F0905F0AC
:10926000C006C02EBC4408D12478BC4465F30D244C
:10927000044414F8015B4FF0010AF5B1EE430EEB24
:1092800006070FFA87FEBEF1000F00F17080013C67
:1092900001332F4614F8016F013F03F8016C3E04BF
:1092A00003F10103F6D1BAF1000F08BFAC4403F893
:1092B000018C09F101090134CCE7B9F1000F04BFB9
:1092C0002E2703F8017B00271F701CF1010353D0E8
:1092D0008C443CF80A1B4FF0FF3309BA03EB1141F1
:1092E0000E295DD8DFE801F060085C5C086F0808B3
:1092F000085C5C08AB5CB40000224B210DF101035B
:109300004FF02E0E67464FF000094FF0000800BFE7
:1093100017F8014BB9FA89F6760904F0C005C02D9B
:10932000324408D13D78324464F30D25471917F8CB
:10933000014B4FF0010914B3E543294409B2002958
:1093400026D4013F0133264617F8015F013E03F89A
:10935000015C350403F10103F6D1B9F1000F08BF38
:10936000224403F801EC08F101080137D0E74FF07F
:10937000FF3C1CF10103ABD14FF0000C10E0B8F141
:10938000000F04BF2E2003F8010B0020187001E02D
:109390004FF0FF32B2F1FF3018BF0CEB02008446F1
:1093A000604613B0BDE8F0879CF8000010709CF890
:1093B000010050709CF8020090709CF803000CF1C2
:1093C000040CD070ECE700224B210DF101034FF0AB
:1093D0002E0E67464FF000094FF0000817F8014BBA
:1093E000B9FA89F6760904F0C005C02D324408D1D7
:1093F0003D78324464F30D25471917F8014B4FF0BF
:109400000109002C63D0E543294409B2002900F189
:10941000AD80013F0133264617F8015F013E03F896
:10942000015C350403F10103F6D1B9F1000F08BF67
:10943000224403F801EC08F101080137CEE79CF85B
:109440000000604410F8011F084400F1010CA7E778
:109450000CF1020E00234B220DF101014FF02E0CF6
:1094600074464FF000094FF0000800BF14F8015B8C
:10947000B9FA89F77F0905F0C006C02E3B4408D130
:1094800024783B4465F30D24044414F8015B4FF049
:109490000109002D61D0EE43324412B2002A6CD48F
:1094A000013C01312F4600BF14F8016F013F01F864
:1094B000016C3E0401F10101F6D1B9F1000F08BFC2
:1094C0002B4401F801CC08F101080134CEE7B8F1D2
:1094D000000F04BF2E2103F8011B00211970511C3D
:1094E00048D0944400224B210DF101034FF02E0E81
:1094F00064464FF000094FF0000800BF14F8015B0C
:10950000B9FA89F77F0905F0C006C02E3A4408D1A0
:1095100024783A4465F30D24044414F8015B4FF0B9
:10952000010995B3EE43314409B2002936D4013C18
:1095300001332F4614F8016F013F03F8016C3E041C
:1095400003F10103F6D1B9F1000F08BF2A4403F873
:1095500001EC08F101080134D0E7B8F1000F04BFB5
:109560002E2001F8010B0020087008E04FF0FF32B8
:10957000511CB6D14FF0000C12E74FF0FF33B3F19E
:10958000FF3C18BF0EEB030C0AE7B8F1000F04BF55
:109590002E2003F8010B0020187001E04FF0FF327D
:1095A000501C1ABF0CEB020000F1140C4FF0000C21
:1095B000F6E600002DE9F04393B0904640F2DC322D
:1095C000C2F200021388C0000133013013801A0A6E
:1095D00088F8020000200DF1010488F80020A8F8A6
:1095E00003000122C8F80600A8F80A00204688F8FF
:1095F000013088F80520F6F77BFEF6F739FE814644
:1096000020462E21F6F72AFE4946002818BF011BE6
:109610008CB208F10D0588F80C1044B3B0FA80F054
:1096200046090DF1010700BF284639462246F6F7E4
:1096300009FEF007254417D1601C1FFA89F1074481
:10964000A1EB000938462E21F6F708FE4A4600280D
:1096500018BFC21B94B2B0FA80F105F8012B002CA0
:109660004FEA5116E0D102E0002005F8010BA5EB0E
:10967000080004304FF0012100B2296013B0BDE8AA
:10968000F08300002DE9F04FA1B08346D0F8E00050
:1096900080B3DBF8E00001282FDB0BF1E4064FF08C
:1096A00000090DF1040AE8460025002407E000BF88
:1096B000DBF8E0000134844206F1140622DAD6E930
:1096C000007031698022012908BF0D46514643468A
:1096D000CDF80090B84798B9009B002BE8D0E1B2D4
:1096E0005846524600F01EF8C8B90098B1680844C0
:1096F000B060DDE76FF03F070DE06FF03C0706E07C
:10970000074604E00027002D08BF6FF03C0701A8C2
:10971000802107F0F3FE384621B0BDE8F08F074600
:10972000F9E700002DE9F04391B01D4690460F4641
:10973000412B04460BD30DF10209404629464A4607
:10974000002309F085FC0646F8B94025C846206884
:109750008DF842708DF8435030B904F108000021B3
:1097600009F070FD064680B9012044F8080B0DF1A0
:1097700042012046022209F015FE064628B920467D
:1097800041462A4609F00EFE06460DF10200402130
:1097900007F0B4FE304611B0BDE8F08342F6441144
:1097A000C2F200010968002904BF00207047086068
:1097B0008A691207FCD4704713460A46022101F059
:1097C000D7BB000010B501204FF4C471F6F7A8FD17
:1097D000044600281CBF204601F0C4FB204610BDF3
:1097E00010B5044601F0B0FB2046BDE8104012F071
:1097F00065B800002DE9F04F82B011F80F3F4EF22E
:10980000085B03F00F0300EBC303C0F2010BD3E9C5
:109810001065D3E930EC00230191009226E000BFEF
:109820004FEA181206F00F042F0700EBC20247EAB6
:1098300016184FEA0E775BF8344047EA1519D2E95B
:109840003065D2E910A24FEA1E17240447EA0C77CC
:1098500084EA1C14013B87EA060E84EA050C82EABE
:10986000090513F110028AEA080626D00199002B97
:1098700011F80380D4D02C0706F00F0944EA161A19
:109880004FEA0E7646EA151108F00F0500EBC50504
:109890004FEA1E165BF8394046EA0C7ED5E9306780
:1098A000D5E91025240484EA1C148EEA060E84EA05
:1098B000070C4D4082EA0A06B2E700994FEA1C60A5
:1098C00008704FEA1C4048704FEA1C2088704FEA2D
:1098D0001E6008714FEA1E4048714FEA1E208871D1
:1098E000280E0872280C4872280A8872300E0873F5
:1098F000300C4873300A81F803C081F807E0CD725C
:109900008873CE7302B0BDE8F08F000040F2CC3116
:10991000C2F200010A7802704A7842708A78827036
:10992000C978C1707047000040F2D031C2F2000126
:109930000A7802704A7842708A788270C978C17059
:109940007047000040F2D431C2F200010A78027080
:109950004A7842708A788270C978C1707047000076
:1099600040F2D831C2F200010A7802704A7842709F
:109970008A788270C978C170704700002DE9F04F75
:1099800081B042F2086142F2087201EB401102EB31
:10999000401040F2F0164FEA11294FEA102A002237
:1099A0005FFA81FBC2F20006C7B2009203E000BF7B
:1099B0000098804558D0B068804730698047F16989
:1099C00000208847F16948468847F169584688472A
:1099D000B0698047716904468847F0688047B0687D
:1099E000804730698047F16900208847F169504617
:1099F0008847F16938468847B069804771690546EC
:109A00008847F068804745EA0428B8F1000FCFD0B6
:109A1000B068804730698047F16900208847F16964
:109A200048468847F16958468847B0698047716958
:109A300004468847F0688047B068804730698047AF
:109A4000F16900208847F16950468847F169384636
:109A50008847B0698047716905468847F068804744
:109A600045EA04200090A3E7009880B201B0BDE869
:109A7000F08F00002DE9F04F81B042F2080142F270
:109A8000081241EA401102EB401040F2F0164FEA92
:109A900011294FEA102A00225FFA81FBC2F2000668
:109AA000C7B2009203E000BF0098804558D0B0686C
:109AB000804730698047F16900208847F16948464E
:109AC0008847F16958468847B069804771690446FC
:109AD0008847F0688047B068804730698047F169FF
:109AE00000208847F16950468847F1693846884721
:109AF000B0698047716905468847F068804745EA44
:109B00000428B8F1000FCFD0B06880473069804793
:109B1000F16900208847F16948468847F16958464D
:109B20008847B0698047716904468847F068804774
:109B3000B068804730698047F16900208847F16943
:109B400050468847F16938468847B069804771694F
:109B500005468847F068804745EA04200090A3E75F
:109B6000009880B201B0BDE8F08F0000002849F6EF
:109B70000070CFF6FF701EBF002A116000207047F2
:109B8000002080F31088FDF77FFB0020FDF7C6FB67
:109B90000120FDF7C3FB4FF47A70FDF743FB4FF450
:109BA000E130FDF755FC4FF46120FDF701FDFAF7B8
:109BB000DBFEFEF727F8FEF761FC00BFFAF7DEFEDA
:109BC000FCE7000080B582B00DF102014FF4106097
:109BD0000622FEF767F942F69050C2F200000268D2
:109BE00040F20111C0F20601116040F2C831C2F228
:109BF000000109680B0E13710B0C53710B0A937162
:109C00008023937240F2BC33C2F20003B3F800C069
:109C100093F803E0A2F81CC093F802C0D17182F857
:109C20001EC093F804C05B7900211181C2F80B10AB
:109C3000C2F80F10C2F81310C2F81710D17682F8CC
:109C40001FE082F820C082F82130212203681344EB
:109C500001322B2A5970F9D14FF0FF31002200BF99
:109C600003680B4401313F2983F82D20F8D14FF0D0
:109C7000FF31002203680B4401317F2983F86D20F6
:109C8000F8D1006848F26321C6F25331C0F8EC10F5
:109C900002B080BD2DE9F04385B0894611071EBF93
:109CA0006FF0210005B0BDE8F083DDE90C671C46CC
:109CB00015468046B9F1000F22D085B94BE000BFB0
:109CC00001F096FB38687968FA68BB681036103D79
:109CD00007F11007E260A360616020603BD00020C4
:109CE000315C225C5140395401301028F8D1404693
:109CF00039463A46B9F1010FE2D101F0C3FDE1E77F
:109D00004DB300BF30687168F268B3680492CDE962
:109D10000213B9F1010F0190404631463A4603D192
:109D200001F0B0FD02E000BF01F062FB002000BFC7
:109D3000395C225C5140395401301028F8D101AB14
:109D4000049A0BCB1036103D07F11007E260A360B8
:109D500061602060D6D1002005B0BDE8F08300002E
:109D600080B5012905D111461A4601F08BFD00206E
:109D700080BD11461A4601F03BFB002080BD00006B
:109D8000002814BF4FF48C71704707F0B7BB000078
:109D900080B54FF48C71F6F72CFA80BD2DE9F04FA9
:109DA000C7B001AF0E46054638464FF48C711446D5
:109DB000F6F71FFA05F1080068603846314622467A
:109DC00000F06EF80446002861D1DDE901C0C5F855
:109DD00000C04FEA0C11415800EB0C12A96050680A
:109DE000BCF1020FE86090682861D16805F11800A5
:109DF0006961A2F110013DDB4BF67A234DF228098F
:109E00004DF2284A4DF6280B4DF628480094C0F232
:109E10000103C0F20109C0F2010AC0F2010BC0F255
:109E2000010800BF002200BF8F58C7F30725FEB20C
:109E30009E5D5D5D59F826605AF82550C7F30744CA
:109E40006E401D5D3F0EDF5D5BF8255058F82770B2
:109E50006E40774087500432102AE5D101EB020EA4
:109E6000BCF1030FACF1010CAEF120011044D9DAC2
:109E7000009C01E002F1100E096801605EF81C1CF4
:109E800041605EF8181C81605EF8141CC16001A876
:109E90004FF48C7107F032FB204647B0BDE8F08FDD
:109EA0002DE9F047802A0AD0B2F5807F09D0C02A78
:109EB0001CBF6FF01F00BDE8F0870C2302E00A23EF
:109EC00000E00E2300F1080C52090360C0F804C042
:109ED0000BD0031D0239012A98BF0122D1F802E0FC
:109EE000043143F804EF013AF8D100680A285ED043
:109EF0000C2800F092800E281CBF0020BDE8F087DF
:109F00004CF60070C0F201004BF67A2EA0F1040866
:109F10006FF01F01C0F2010E0CEB010358F8044F63
:109F20001D6ADA6B6C40C2F30725C2F307461EF8C0
:109F300005501EF806606C40150E84EA06241EF8D3
:109F400005505E6A84EA0544D5B21EF805509F6A42
:109F500084EA0564DD6A1C6474405C647C4065408E
:109F6000EFB21E6B1EF80770C5F307207E401EF887
:109F70000000C5F3074786EA00201EF807609C64CE
:109F80002C0E80EA06401EF80440203180EA04606E
:109F90005C6B186560409C6B5865604098655040EC
:109FA000C029DD64D865B7D10020BDE8F0874CF644
:109FB0000070C0F201004BF67A2E04386FF00F01EA
:109FC000C0F2010E0CEB010350F8042F1C69DD698F
:109FD0006240C5F30724C5F307461EF804401EF887
:109FE000066062402C0E82EA06221EF804405E697A
:109FF00082EA0442ECB21EF80440103182EA0462A4
:10A000009C695640744065409029C3E908269C62CB
:10A01000DD62D7D10020BDE8F0874CF60070C0F2B9
:10A0200001004BF67A2EA0F1040A6FF01701C0F27E
:10A03000010E00BF0CEB01035AF8046F9D69DC6A46
:10A040006E40C4F30725C4F307421EF805501EF8FE
:10A050000220754085EA0222250E1EF80550DE69B1
:10A0600082EA0542E5B21EF805501F6A82EA0562DF
:10A07000D3F8248056407740D3F8289088EA070523
:10A0800089EA05001831444003F13008A82988E81E
:10A09000C400C3E90F505C64CCD10020BDE8F08758
:10A0A000F0B581B0054600680F46091A1C46012923
:10A0B00016460BDB017830290DD1013028606A4645
:10A0C0002846394600F0E8F818B908E06FF05F005C
:10A0D00028B101B0F0BD6FF061000028F9D1286807
:10A0E000391A012914DB01783246009B42F8041B1F
:10A0F000012B00EB03070FDB0178062911D101309A
:10A1000028602846394600F0C7F80028E1D10CE065
:10A110006FF05F0001B0F0BD6FF05F000028D8D194
:10A1200003E06FF061000028D3D12868B060706848
:10A1300029680844B842286017D010F8011B22464D
:10A1400042F8041B39462860284600F0A5F800288C
:10A15000BFD12868A0606068296808442860C01BD7
:10A1600018BF6FF0650001B0F0BD20460C2107F06C
:10A17000C5F9002001B0F0BD70B5044600680D4679
:10A18000091A012916460ADB017803290AD1013090
:10A19000206020462946324600F07EF804E06FF049
:10A1A0005F0001E06FF06100002818BF70BD3068EB
:10A1B000002804BF6FF05F0070BD01382168306077
:10A1C0000A78072A327184BF6FF0630070BD0131D5
:10A1D0002160B160216808442060401B18BF6FF007
:10A1E000650070BDB0B50446006815460B1A012B1A
:10A1F00009DB0278032A09D10130206020462A4673
:10A2000000F04AF804E06FF05F0001E06FF06100D9
:10A21000002818BFB0BD286820B1411E2068296001
:10A22000017811B16FF06700B0BD013020600020EF
:10A23000B0BD0000B0B582B00446006815460B1AE8
:10A24000012B0ADB0278012A0CD10130206001AA1F
:10A25000204600F021F818B908E06FF05F0028B13F
:10A2600002B0B0BD6FF061000028F9D1019801285B
:10A270001EBF6FF0630002B0B0BD206810F8011B74
:10A28000002918BF012129602060002002B0B0BD64
:10A2900013460222FEF7C0B910B50468A1EB040C06
:10A2A000BCF1010FBCBF6FF05F0010BD94F900302E
:10A2B000002B04D4631C03602378136038E003F0A0
:10A2C0007F03A3F1010EBEF1030F84BF6FF06300A3
:10A2D00010BDDFE80EF002210918BCF1020F1EDBF1
:10A2E00063781360A31C22E0BCF1040F17DBA37892
:10A2F00094F801C01B0294F803E043EA0C43734452
:10A300001360231D13E0BCF1050F08DBD4F8013006
:10A310001BBA1360631D0AE0BCF1030F02DA6FF091
:10A320005F0010BDB4F801305BBA1360E31C03603A
:10A3300000681268091A00208A4288BF6FF05F0027
:10A3400010BD00002DE9F04F81B004460020C2E9A5
:10A350000000C2E9020020688A46091A164601294F
:10A360001F460BDB017830290CD1013020606A4692
:10A3700020465146FFF790FF38B909E06FF05F00C3
:10A3800018B905E06FF0610010B101B0BDE8F08FC1
:10A3900020680099084450451EBF6FF0650001B069
:10A3A000BDE8F08F5FFA87F9E84600BF20685045A6
:10A3B00033D2411C216005784D4517D120465146C6
:10A3C0004246FFF769FF98B9B068D4F800B0DDF8ED
:10A3D000008090B101201021F5F7A2FF0146F06046
:10A3E00060B96FF0690000220DE000BF6FF06100FE
:10A3F000002100290746D9D1C7E7314681E8200965
:10A40000002001220E46E846002AF1D0009821687B
:10A410000844206001213846EBE7002001B0BDE888
:10A42000F08F000080B5D0F800C0A1EB0C0EBEF19B
:10A43000010FBCBF6FF05F0080BD9CF800E09E453F
:10A440001CBF6FF0610080BD0CF101030360BDE82B
:10A450008040FFF721BF00002DE9F04387B004687A
:10A460006478062C49F60054CFF6FF7418D1944650
:10A470000A460DF1480EDDE91018DDE90E579EE899
:10A480004042C06B31608DE8284263460497CDF8A6
:10A49000148000F067FC10F1120118BF044601E0BF
:10A4A00004F52074204607B0BDE8F0832DE9F041A3
:10A4B00088B0D0F800C09CF801C0BCF1060F19D1DB
:10A4C0008C46DDE91381DDE911650DF1380EC06BB5
:10A4D0009EE89040C5F800E08DE89C00CDE904615D
:10A4E000012172466346CDF8188000F07BFC08B06D
:10A4F000BDE8F08149F68070CFF6FF7008B0BDE886
:10A50000F08100002DE9F04182B0076849F600753E
:10A5100098460446CFF6FF7577B11646102A04D93F
:10A5200005F18000002151B117E0387CC00709D146
:10A53000F868B042064605D90021284669B902B03C
:10A54000BDE8F0812EB104F128003246F5F72AFE6D
:10A55000A663002001210029F1D0002F1CBF002597
:10A560006562002F2846EAD0DDE908260A9D2046CC
:10A5700041463346009500F043F90028DFD12868B2
:10A5800001AA3118204600F00BF80028D7D1019815
:10A59000296808442860002002B0BDE8F08100006E
:10A5A000F0B583B00368064649F68050CFF6FF70D9
:10A5B000ABB10F4659781446CA1ED2B20025072AFD
:10A5C000256004D25F2525FA02F2D20715D11A7848
:10A5D00002F0FE02482A06D1002003B0F0BD00F5CB
:10A5E000C07003B0F0BD02290AD0012919D1716AE7
:10A5F000002908BF084603B0F0BD002003B0F0BD3D
:10A60000317A012911D1D6F80CC0BCF1000FEED07F
:10A61000B16B06F11400002908BFD968726AE047DF
:10A6200007E000F5007003B0F0BD5A69716A8A4214
:10A630001CD13268317A906949B2D0F808C0F06B09
:10A64000002A14BF5269002206F1280306F11405FE
:10A6500000950197E0470028D0D1307A48B13068A2
:10A66000002814BF406900202060B5E7F26811435C
:10A67000BFE730683369002814BF416900213846BC
:10A68000224603B0BDE8F04018470000002808BF8C
:10A69000704710B50446C06B18B121688969896993
:10A6A000884720464021BDE8104006F027BF000043
:10A6B0004EF28852C0F20102516859B113788342B8
:10A6C00006D00832516829B112F8083B8342F9D10B
:10A6D000084670470020704780B54EF28853C0F29C
:10A6E0000103D3F804C0BCF1000F04BF002080BDFB
:10A6F00003F10C0E05E000BF5EF808CBBCF1000FC3
:10A700000ED0DCF818301B788342F5D1DCF8043029
:10A710008B42F1D19CF801309342EDD1604680BD6F
:10A720004FF0000C604680BD80B54021F5F761FD1B
:10A7300080BD00000368024649F60070002BCFF68A
:10A74000FF7008BF70475B78022B0AD104291CBF39
:10A750008030704749F66D310020C0F20001C2E937
:10A760000301704780B5D0F800C0BCF1000F1CD0C9
:10A770009CF810E05FEA8E7E03D4DCF804E0964596
:10A7800013D1012B4260037206D09CF801E0AEF1B8
:10A79000030EBEF1020F07D8DCF818300C33C06B83
:10A7A0001B68BDE88040184723B149F60070CFF61A
:10A7B000FF7080BDDCF818301033F0E770B549F653
:10A7C00080640029CFF6FF7404BF04F1800070BDDF
:10A7D0000E4640210546F5F70CFDB06940698047FB
:10A7E000E86350B1707800242E60022802BF49F659
:10A7F0006D30C0F20000C5E90340204670BD000086
:10A800002DE9F04F83B098460368054649F600707D
:10A81000002BCFF6FF7000F0BE80DDF830A00E46B2
:10A820000021CAF800105C69D4B15978174606298E
:10A830001BD0012924D1BC421EBFA0F5C07003B0BB
:10A84000BDE8F08F986995F90810D0F804C0E86B5E
:10A8500032464346CAF8007003B0BDE8F04F604787
:10A86000A0F5207003B0BDE8F08FE86B39463246A2
:10A870004346CAF8007003B0BDE8F04F00F0B8BC22
:10A88000464559D002291EBF803003B0BDE8F08F85
:10A89000287A60B9E96819B1696A611AB9420CD2BB
:10A8A00028B9E96819B9696A611AB94205D8012855
:10A8B0000ED1686A201AB8420AD9686A314628441B
:10A8C00014303A46F5F76EFC686A3844686265E011
:10A8D000686A20B3A4EB000905F1140B5844314613
:10A8E0004A46F5F75FFC286805F128038169E86BA3
:10A8F000D1F808C095F908102246CDF800B0CDF87F
:10A900000480E047002846D1DAF80000A044204443
:10A91000CAF8000000204E44A7EB090768629FB107
:10A92000B7FBF4F000FB1479B9F1000F13D1287ACA
:10A9300060B14FF000090EE06A6A62BBB7FBF4F247
:10A9400002FB14723ABB9DE700240FE0E868002880
:10A9500008BF0446A146A7EB090405F1140031190C
:10A960004A46F5F71FFC686A48446862B4B1286833
:10A9700005F128038169E86B8F6895F90810224674
:10A980000096CDF80480B84728B9DAF800002044D2
:10A99000CAF80000002003B0BDE8F08F002003B02B
:10A9A000BDE8F08F002808BF704710B5044620307E
:10A9B000FFF7E6F920464FF4A071BDE8104006F01D
:10A9C0009DBD000010B54FF4A0710446F5F711FCD1
:10A9D0004FF0FF30206110BD80B582B04FF0000C09
:10A9E0000023CDF800C000F003F802B080BD0000E5
:10A9F0002DE9F04391B0B2F5806F02D96FF03507C1
:10AA000065E0189FB7F5807F02D96FF037075EE0E9
:10AA10000E46044605A8302198461546F5F7E9FB91
:10AA20002069E169884201DC606948B120464146FD
:10AA30003A46002300F050F80746002847D1002787
:10AA400067B105A841463A46FDF7C6FE0746B0BBCA
:10AA500005A92046FEF7B4FA074680BB1DB304F1F2
:10AA600020080DF1040900BF0F2000BF411C07D0D2
:10AA7000215C0131CAB221548A42A0F10100F5D112
:10AA80004046012122464B46FFF76AF9B0B92F46EE
:10AA9000102D28BF1027304649463A46F5F782FB6D
:10AAA000ED1B3E44E0D105A92046FEF789FA074692
:10AAB00028B9206900270130206100E0074605A879
:10AAC000302106F01BFD01A8102106F017FD3846C5
:10AAD00011B0BDE8F08300002DE9F04FE1B08569C9
:10AAE000B5F5C07F02D96FF037064BE00446C5F5D7
:10AAF000C0701F4698426FF0370643D3C01B934681
:10AB000090423FD30DF104098A4648464FF4C07184
:10AB1000F5F76FFBD4E94E3049462A46984710B105
:10AB20006FF033062EE0D4F818804FB1D4E94E30E0
:10AB300001A93A46984710B16FF0330622E0B844B5
:10AB4000BAF1000F18BFBBF1000F06D009EB0800E7
:10AB500051465A46F5F726FBD84401A8014642461D
:10AB6000FDF73AFE064640B901A92046FEF728FA4D
:10AB7000064610B901200026206101A84FF4C071DB
:10AB800006F0BCFC304661B0BDE8F08F2DE9F04125
:10AB900088B00546002005F12006CDE90600CDE984
:10ABA0000400CDE90200CDE9000030469846174682
:10ABB0000C46FFF7EDF8A869C5F838410028C5F83C
:10ABC0003C7104BF3020A8612F69B7F1FF3F05DC5D
:10ABD000A869411C4F082F2888BF002742F2107037
:10ABE000E861694630464FF48072FFF759F910B1B9
:10ABF00008B0BDE8F0810E9A284641463B46FFF773
:10AC00006BFF08B0BDE8F081B0B50446083008F02D
:10AC100013FA002504F1E4004FF4C871C4F8E050C1
:10AC200006F06CFC2560B0BD2DE9F04F91B0402AD4
:10AC300002D96FF03B076BE09246804600F1D80BDB
:10AC4000002440F2011900914C4559D04046FEF7CE
:10AC500019FD002857D1D8F8E020012A10DB012186
:10AC600000205B4653F8147FD3E90156AF4238BF4A
:10AC70000021012E08BF3844013AF3D102E000BFA1
:10AC800000200121002904F10104DDD04028DBD39C
:10AC900001AF38464021F5F7ACFA08F108094846FB
:10ACA000394608F08FF8074670BB484608F0C4F9EB
:10ACB000484608F0C7F94846002108F0C3FA07469D
:10ACC00010BB01A94846402208F06CFB0746D8B9E2
:10ACD00001A840210246002308F0BAF9074698B9B6
:10ACE000D8F8E000012804DB00214BF8141F0138DC
:10ACF000FBD1009801A95246F5F754FA002703E06A
:10AD00006FF03B0700E0074601A8402106F0F6FB84
:10AD1000384611B0BDE8F08F70B50446E03000262B
:10AD20004FF4CA71266004F10805F5F762FA284667
:10AD300008F088F9D4F8E0001328C8BF70BD00EB14
:10AD400080014BF2013204EB8101C0F20002C1E943
:10AD50003926202201230130C1E93C23C4F8E00058
:10AD600070BD00002DE9F04186B00C46DDE90C1500
:10AD7000DDF844800F9E009100210746019500F008
:10AD800093F930B9109A38462146434600F030FA1C
:10AD900018B148B106B0BDE8F08102A93846324684
:10ADA00000F046F80028F5D1C6B10E9902A8013886
:10ADB0004A1E002112F8013F10F8017F013E83EA8C
:10ADC000070341EA0301F5D141B14046214606F0AF
:10ADD00095FB6FF0110006B0BDE8F081002006B0D1
:10ADE000BDE8F0812DE9F04F83B01F469246DDE9C2
:10ADF0000C320DF1380B9BE83008DDE91189009227
:10AE00003A460646019400F04FF930B930465146B3
:10AE10002A465B4600F0ECF910B103B0BDE8F08FB4
:10AE200030464946424603B0BDE8F04FAFF30080DC
:10AE30002DE9F04784B08846A2F1110111F10D0F00
:10AE40003EBF6FF0130004B0BDE8F087064606F57C
:10AE5000A27314460ECBD0F84001C90041EA507AE3
:10AE60004FEAC009D80040EA5275D70006F5A8712C
:10AE700040462246F5F796F949EA07004AEA0501F5
:10AE800008434FF0000057D0CDE90000CDE90200A3
:10AE9000280E8DF80000280C8DF80100280A8DF886
:10AEA0000200380E8DF80400380C8DF80500380AC1
:10AEB0008DF806004FEA1A608DF808004FEA1A4034
:10AEC0008DF809004FEA1A208DF80A004FEA196040
:10AED0008DF80C004FEA19408DF80D004FEA19204B
:10AEE0008DF80E00684601384FF4B8718DF80350A4
:10AEF0008DF807708DF80BA08DF80F9010F8012FCA
:10AF0000735C5A4072540131B1F5C07FF6D106F539
:10AF1000B87130460A46FEF76DFC84B1A8F1010015
:10AF200006F26F1111F8012F10F8013F013C82EA7F
:10AF300003020270F6D1002004B0BDE8F0870020C3
:10AF400004B0BDE8F0870000002808BF704710B5C6
:10AF50000446FFF79BFB20464FF4C471BDE8104048
:10AF600006F0CCBA80B54FF4C471F5F742F980BD54
:10AF70002DE9F04786B0164680460846194601225C
:10AF80001D46FFF7A9FB70B10746406910280AD19A
:10AF90004046FFF77BFB40463946FFF70FFC38B1D0
:10AFA00006B0BDE8F0876FF0130006B0BDE8F0878B
:10AFB000404631462A460123FFF7D4FB0028EFD153
:10AFC00002A9002501AF404610220B46CDE90155EC
:10AFD000CDE9035505950097FFF712FC0028DFD156
:10AFE000C6464EF8405F02AE4BCEF4464CF8805F4A
:10AFF00007BA0ABA1BBA36BACEF88450CEF8045053
:10B000000425CEE91063CEE9302700BF06F0010029
:10B01000D907404241EA5606D10741EA53035FEAA5
:10B02000570100F0614008EBC5044FEA320280EAA4
:10B0300001076D08C4E91063C4E93027E6D1A8F11F
:10B0400008084FF0020900BF0EEBC9000CEBC90164
:10B05000446802205CF839A04E685EF83950B9F1B6
:10B06000020F88BF4846414208EBC900424600BF74
:10B07000D2E93437013183EA0A037740C0E9343733
:10B08000D2E9143708326B406740C0E91437083002
:10B090004B1CEDD14FEA4909B9F1090FD4D3002077
:10B0A00006B0BDE8F08700002DE9F04786B0824683
:10B0B0000020019013B31D4616460AF5B0790C2BFB
:10B0C000CAE95800CAE95A00CAE95C00CAE95E0048
:10B0D000CAF88011CAE95000CAF84801CAF84C0100
:10B0E00011D13068B1687268C9F800000120C9F850
:10B0F0000810C9F804208AF86F013FE06FF01300D0
:10B1000006B0BDE8F08700200490CDE90200E80019
:10B1100000BA0AF25F18059008E000BF50464946A1
:10B120004A46FEF767FBED1B3E4413D0102D2F4619
:10B1300028BF1027002FF1D0701E41463A4600BFAD
:10B1400010F8013F11F8014F013A83EA04030B7034
:10B15000F6D1E3E702A801384FF4B07110F8012FDF
:10B160001AF801305A400AF801200131B1F5B87FD0
:10B17000F4D1504649464A46FEF73CFB0AF5A8730F
:10B1800001AF5046494610220097FFF739FB10B136
:10B1900006B0BDE8F0870F9D0020002DCAE952508F
:10B1A000F6D00E9F0AF5B8790AF26F1808E000BFD2
:10B1B000504649464A46FEF71DFBAD1B374413D0A7
:10B1C000102D2E4628BF1026002EF1D0781E4146A5
:10B1D000324600BF10F8013F11F8014F013A83EAEF
:10B1E00004030B70F6D1E3E7002006B0BDE8F0875A
:10B1F0002DE9F04F89B09A469046894607460020CF
:10B20000991A049006D949453EBF6FF0130009B062
:10B21000BDE8F08FD7E9501211EB090152F100029D
:10B2200050F100006FF0130066D16FF01F035B1A3E
:10B230004FF00F0393415FD3B9F1000FC7E95012EC
:10B2400055D007F5B070029007F5B870039009E08B
:10B25000039938460A46FEF7CDFAB9EB0B09D844F4
:10B26000DA4448D04FF0100B0020B9F1100F38BF6E
:10B27000CB4600BF00F110010D2909D3391891F810
:10B280006F2101380132D3B2934281F86F21F1D19D
:10B2900002993846102205AB04AE0096FFF7B0FACB
:10B2A00050BBBBF1000FD3D0039805A942465346CB
:10B2B0005C4609E0013C03F1010302F1010201F1E6
:10B2C000010100F10100C3D0D7F880511DB91578F4
:10B2D00006786E4006700E78157875401D70D7F8A8
:10B2E0008061012EE6D106786E400670E2E700200C
:10B2F00009B0BDE8F08F002009B0BDE8F08F000074
:10B3000070B51C4616460D46F4F73AFF0021042E90
:10B31000216008D300EB80004FF47A7101EB8000CC
:10B32000286004202060002070BD00002DE9F0435B
:10B33000904224BF4FF0FF30BDE8F083002A4FF069
:10B34000000C4FF000030AD44FF000461E2B03F10F
:10B35000010304D802EA56057608002DF6D002FA59
:10B3600003FE00FA03F8C3F1200021FA00F001FA0D
:10B3700003F54FEA1E41002BC8BF48EA0008B8FB9E
:10B38000F1F01FFA8EF21FFA85F901FB10862D0CE1
:10B3900006E000BF0E44B6F5803FA0F1010008D2E0
:10B3A000BCEB104FF6D100FB02F745EA0644A7427A
:10B3B000F0D800FB1E57002607EB0847B7FBF1F457
:10B3C00004FB117506E000BF0D44B5F5803FA4F104
:10B3D000010408D2B6EB144FF6D104FB02F749EA98
:10B3E00005439F42F0D804EB0040BDE8F083000025
:10B3F0002DE9F04F97B00B68476815933E684D688C
:10B4000073407E68CDE9145307F10803169385EA6B
:10B4100006038E68BD68CDE9136307F10C03C968A4
:10B42000169386EA0503CDE91213FB6800684DF216
:10B4300028054DF228494DF628064DF6284807F113
:10B44000100A59400428C0F20105C0F20109C0F2F7
:10B450000106C0F201080C92CDF858A01291C0F27A
:10B46000EF80012101EB600B1598129B4DF2280E25
:10B47000C4B2C0F2010EDAF800105EF82440C3F343
:10B4800007254DF22849C0F201094C4059F82550D2
:10B4900013996540C1F30746149C4DF6280872467F
:10B4A000C0F201084DF6284E58F82660270EC0F26B
:10B4B000010E5EF8277075407D401195E7B2DAF80D
:10B4C000046052F82770C0F3072C4DF2284E9146C5
:10B4D000C0F2010EC3F307427E405EF82C7058F8AC
:10B4E00022204DF6284877400E0EC0F2010858F889
:10B4F00026607A4082EA060CCDF840C0CFB2DAF876
:10B50000082059F82770C4F307267A405EF82660B1
:10B51000C0F307474DF62809C0F20109724059F8F7
:10B5200027601F0E58F82770724057404DF22806CA
:10B530000F97DBB2C0F20106DAF80C2056F8233080
:10B54000C1F307215A405EF82110C4F3074351406C
:10B5500059F82320000E58F82000514048400E9022
:10B56000EAB2DAF8101056F82220C0F3072351404F
:10B570005EF82320C7F30743514059F823204FEAD0
:10B580001C6358F823305140594015915FFA8CF2F2
:10B59000DAF8141056F82220C5F3072351405EF85C
:10B5A0002320C0F30743514059F823203B0E58F89D
:10B5B0002330514059401491FAB2DAF8181056F875
:10B5C0002220CCF3072351405EF82320C5F3074324
:10B5D000514059F82320030E58F823305140594068
:10B5E0001391C0B2DAF81C2056F82000C7F30723E5
:10B5F00050405EF82320CCF30743504059F82320F5
:10B600002B0E58F823300AF120015040ABF1010B0A
:10B610005840BBF1020F8A4612903FF725AF4DF616
:10B6200028484DF228494DF628064DF228058A464D
:10B63000C0F20108C0F20109C0F20106C0F2010522
:10B64000DDF854E0DAE9002B5FFA8EF055F82010AF
:10B6500012984A40C0F30727139959F82770C1F38D
:10B6600007447A40149F56F824403B0E58F8233084
:10B6700062405A400D92FAB2CEF3072355F82220C9
:10B6800059F82330C0F3074482EA0B025A4056F8B7
:10B6900024300C0E58F824405A4082EA040BCAB2F7
:10B6A000C7F30723DAF808C055F8222059F82330E9
:10B6B000CEF3074482EA0C025A4056F82430C1F314
:10B6C00007215A40030E58F82330C0B2DAF80C4074
:10B6D00055F8200082EA0305C7F3074259F8211004
:10B6E000604056F8222048404FEA1E610D9B58F8F2
:10B6F00021104CF628775040DEB2C0F20107DAF88C
:10B700001020BE5D80EA010CCCF3072182EA06001E
:10B710000B90C5F30742785CEEB20990B85CDAF89A
:10B720001840BE5D0A9084EA06000890CCF30740FA
:10B730005FFA8BF2385C4FEA1B68DAF81410BA5CD7
:10B7400001905846CDF81CB0CBF3072BA94681EAEF
:10B750000205C3F3074117F80B20795C0292C9F385
:10B7600007220391C0F30741B85C5FFA8CF604909E
:10B77000785CDAF81C400590180EBE5D385C7440A9
:10B78000C3F3072606900B9809990C9B4FEA196E94
:10B790004FEA1C6B17F80880BE5D17F80EE017F82B
:10B7A0000BB080EA012718700A98019987EA0040D7
:10B7B0003F0A5F7080EA0867000C9870380ED870F6
:10B7C00085EA06201D7180EA0142000A587182EA6A
:10B7D0000E60120C9A71020EDA710899029A1972AF
:10B7E00081EA022203991C7382EA0146120A5A7204
:10B7F00086EA0B62360C04999E72160EDE7284EA9B
:10B800000121059ECDE9132081EA0646090A5973F4
:10B8100006990AF1200086EA0161360C9E730E0E2D
:10B82000DE730D9B16901193079B129115A80421AE
:10B830001093CDE90EC9159705F060FE14A80421F8
:10B8400005F05CFE13A8042105F058FE12A804219F
:10B8500005F054FE11A8042105F050FE10A80421A3
:10B8600005F04CFE0FA8042105F048FE0EA80421A7
:10B8700005F044FE16A8042105F040FE002017B094
:10B88000BDE8F08F2DE9F04F95B00B684768139332
:10B890003E684D6873407E68CDE9125307F1080396
:10B8A000149385EA06038E68BD68CDE9116307F13C
:10B8B0000C03C968149386EA0503CDE91013FB68ED
:10B8C00000684BF67C364BF67C784CF27C394CF2B7
:10B8D0007C7E07F1100A59400428C0F20106C0F22C
:10B8E0000108C0F20109C0F2010E0992CDF850A082
:10B8F0001091C0F2F880012101EB600B1398129BAC
:10B900004BF67C3EC4B2C0F2010EDAF800105EF8CD
:10B910002440C3F307254BF67C79C0F201094C4063
:10B9200059F8255011996540C1F30746109C4CF217
:10B930007C387246C0F201084CF27C7E58F82660D2
:10B94000270EC0F2010E5EF8277075407D400F95FE
:10B95000DFB2DAF8046052F82770C1F3072C4BF617
:10B960007C7E9146C0F2010EC4F307427E405EF831
:10B970002C7058F822204CF27C787740060EC0F2EA
:10B98000010858F826607A4082EA060CCDF838C0E3
:10B99000CFB2C4F30726DAF8082059F827705EF80A
:10B9A00026607A40C0F3074772404CF27C36C0F202
:10B9B000010656F827601F0E58F827707240C146DE
:10B9C00057404BF67C380D97E4B2C0F20108DAF824
:10B9D0000C2058F82440C0F3072062405EF8200095
:10B9E000C3F307434CF27C34C0F20104504054F8D6
:10B9F0002320090E59F82110504048400C90EAB21B
:10BA0000DAF8101058F82220CCF3072351405EF8E2
:10BA10002320C7F307434E46514054F82320030E1A
:10BA200056F8233051405940C14613915FFA8CF2C9
:10BA3000DAF8141059F82220C7F3072351405EF8B2
:10BA40002320C0F30743A046514058F823202B0E73
:10BA500056F82330514059401291FAB2DAF81810D2
:10BA600059F82220C0F3072351405EF82320C5F384
:10BA70000743514058F823204FEA1C6356F82330FF
:10BA8000514059401191C0B2DAF81C2059F82000F9
:10BA9000C5F3072350405EF82320CCF30743504002
:10BAA00058F823203B0E56F823300AF1200150406D
:10BAB000ABF1010B5840BBF1020F8A464C46109087
:10BAC0003FF71CAF4CF27C7E4BF67C784CF27C3915
:10BAD0004BF67C368A46C0F2010EC0F20108C0F275
:10BAE0000109C0F20106DDF84CB0DAE900275FFA7F
:10BAF0008BF056F8201012984A40C0F30723119992
:10BB000058F82330C1F307455A40109B59F8255087
:10BB10001C0E5EF824406A4062400B92C2B2C1F330
:10BB2000072456F8222058F82440C3F307457A40EA
:10BB3000624059F825404FEA1B655EF82550624087
:10BB40006A400A92CAB2C3F30724DAF808C056F86A
:10BB5000222058F82470CBF3074482EA0C027A4082
:10BB600059F82470DBB27A40070E5EF82770DAF8D5
:10BB70000C4082EA0705CBF3072756F82330C0F3C1
:10BB8000074058F8277063400B9A59F820007B4013
:10BB90004BF67A27090ED6B2C0F2010758405EF87C
:10BBA0002110DAF81030BE5D80EA010C83EA06004D
:10BBB00008900A98EEB2C0F30721C5F30743795CF9
:10BBC000DAF81840BE5D0691F95CC3B2834684EA98
:10BBD00006000590CCF307400791DAF81410FB5CDF
:10BBE00017F80090CCF307204B40C2F30741385CB4
:10BBF0004FEA126E0190785CC2F30721029058461A
:10BC0000C0F307425FFA8CF6B85CDAF81C40039088
:10BC1000280EBE5D385C7440C5F307260490089872
:10BC2000069A4FEA1C684FEA1B6B17F80880BE5D46
:10BC300017F80EE017F80BB0795C80EA0227099A32
:10BC400084EA012110700798137187EA00403F0AC7
:10BC5000577080EA0867000C9070380ED07083EA45
:10BC60000620059E80EA0943000A507183EA0E60AF
:10BC70001B0C9371030ED371019B167286EA03238A
:10BC8000029E147383EA06461B0A537286EA0B630C
:10BC9000360C96721E0ED672039ECDE9113081EAE3
:10BCA0000646090A517304990AF1200086EA0161E7
:10BCB000360C96730E0ED6730B9A14900F920A9A46
:10BCC000109113A804210E92CDE90CC5139705F02D
:10BCD00015FC12A8042105F011FC11A8042105F09F
:10BCE0000DFC10A8042105F009FC0FA8042105F0A3
:10BCF00005FC0EA8042105F001FC0DA8042105F0A7
:10BD0000FDFB0CA8042105F0F9FB14A8042105F0A3
:10BD1000F5FB002015B0BDE8F08F00002DE9F04FD5
:10BD200094B000F10C038C460C684D68D1F8088083
:10BD3000D1F80CE00ECB0790876883EA0200084038
:10BD400058401E460A93E31918444AF27843CDF24C
:10BD50006A73184401EB706082EA010303400B9799
:10BD60005340AF193B444BF25677CEF6C7073B44DE
:10BD700000EB335380EA01071F404F4008EB0206F7
:10BD8000374447F2DB06C2F22046374403EBF7376D
:10BD900083EA00063E40AA460E9546400EEB01059A
:10BDA0002E444CF6EE65CCF2BD152E4407EBB625BD
:10BDB000089187EA0306DCF810102E405E40084424
:10BDC000304440F6AF76CFF27C56304405EB7060DD
:10BDD000099285EA0706DCF81420109100EA0601B2
:10BDE000794013444CF22A660B44C4F287763344FC
:10BDF00000EB33530D9280EA0506DCF8182003EAC5
:10BE000006016940174444F213660F44CAF630062F
:10BE1000374403EBF73683EA0007DCF81C103740A1
:10BE200047400D442F4449F20155CFF646552F4463
:10BE300006EBB725049186EA0307DCF82010CDF85D
:10BE400044E005EA070E8EEA030E084449F6D807D7
:10BE50007044C6F68017384405EB70600F9185EA90
:10BE60000607DCF82410074077400B443B444FF2B0
:10BE7000AF77C8F644373B4400EB3357139180EA61
:10BE80000503DCF828103B406B400E4433444AF273
:10BE90004F469B1BCDF818808846009107EBF33185
:10BEA000A14602941446059287EA0003DCF82C2090
:10BEB0000B40434015442B444DF2BE75C8F65C154B
:10BEC0002B441646129201EBB32281EA070302EAE1
:10BED0000305DCF830307D401844284441F2221537
:10BEE000C6F69035284402EB706082EA01050193A2
:10BEF00000EA0503DCF834504B402F443B4447F242
:10BF00009317CFF698573B4400EB335380EA020770
:10BF1000DCF838B003EA070E0C958EEA020E59449D
:10BF200044F28E357144CAF27965294403EBF13548
:10BF300083EA0001DCF83C70294041403A44114456
:10BF400040F62102C4F6B412114405EBB12150446D
:10BF500081EA05021A406A40104442F26252CFF26E
:10BF60001E62104401EBF060234480EA01022A4083
:10BF70004A401A444BF24033CCF240031A4400EBDF
:10BF8000F252354482EA00030B4043402B4445F60D
:10BF90005125C2F25E652B4402EBB343494483EA68
:10BFA00002050540554029444CF2AA75CEF6B61557
:10BFB000294403EB3131DDF834E081EA0305154013
:10BFC0005D407044284441F25D05CDF22F65284460
:10BFD00001EBF060424480EA01051D404D402A44D7
:10BFE00041F25345C0F244252A4400EBF2523B444F
:10BFF00082EA00050D4045402B444EF28165CDF6A6
:10C00000A1052B4402EBB343DDF8408083EA02052F
:10C0100005405540414429444FF6C835CEF2D3750A
:10C02000294403EB3131039781EA0305139F15403F
:10C030005D40384428444CF6E655C2F2E1152844E8
:10C0400001EBF0605A4480EA01051D404D402A444E
:10C0500040F2D675CCF237352A4400EBF252119FEC
:10C0600082EA00050D4045403B442B4440F687558D
:10C07000CFF2D5452B4402EBB3430F9C83EA020574
:10C08000054055402144294441F2ED45C4F25A553A
:10C09000294403EB3131DDF830C081EA0305154056
:10C0A0005D40604428444EF60515CAF6E315284461
:10C0B00001EBF060DDF8189080EA01051D404D406D
:10C0C0004A442A444AF2F835CFF6EF452A4400EBB9
:10C0D000F252049F82EA00050D4045403B442B4448
:10C0E00040F2D925C6F26F752B4402EBB343DDF85D
:10C0F00004A083EA020505EA000656405144314493
:10C1000044F68A46C8F62A56314403EB313170446E
:10C1100085EA0106304443F64216CFF6FA763044FB
:10C1200001EB307081EA03064640224432444FF26C
:10C130008166C8F27176324400EB7252129D80EA39
:10C14000010656402B44334446F22216C6F69D564D
:10C15000334402EB334382EA00065E4059443144E3
:10C1600043F60C06CFF6E556314403EB71210E9DE4
:10C1700083EA02064E40284430444EF64426CAF272
:10C18000BE46304401EB307081EA0306464042442B
:10C1900032444CF6A976C4F6DE36324400EB7252D5
:10C1A00080EA010656403B44334444F66036CFF201
:10C1B000BB66334402EB3343009D82EA00065E40D7
:10C1C000294431444BF67046CBF6BF66314403EB4D
:10C1D000712183EA02064E406044304447F6C66649
:10C1E000C2F69B06304401EB3070DDF808C081EAEE
:10C1F000030646406244324442F2FA76CEF6A12665
:10C20000324400EB7252DDF844E080EA0106564009
:10C210007344334443F28506CDF2EF46334402EBD8
:10C220003343DDF8148082EA00065E404144314425
:10C2300041F60556C0F28846314403EB7121139C48
:10C2400083EA02064E40204430444DF23906CDF6D2
:10C25000D416304401EB307081EA03064640524464
:10C26000324449F6E516CEF2DB663244544600EB22
:10C270007252DDF80CA080EA010656405344334464
:10C2800047F6F846C1F6A276334402EB334382EA1E
:10C2900000065E404944314445F26566CCF2AC4646
:10C2A000314403EB7121604461EA02065E40304490
:10C2B00042F24426CFF22946304401EBB0603A44C2
:10C2C00060EA03064E4032444FF69776C4F22A36AF
:10C2D000324400EBB2525B4462EA010747403B4400
:10C2E00042F2A737CAF694373B4402EB73430D9FE3
:10C2F000394463EA0007574039444AF23907CFF618
:10C300009347394403EBF121204461EA02075F407F
:10C31000384445F6C317C6F25B57384401EBB060AA
:10C32000724460EA03074F403A444CF69247C8F61D
:10C330000C773A4400EBB2522B4462EA01074740C3
:10C340003B444FF27D47CFF6EF773B4402EB73431C
:10C350000E9F394463EA00075740394445F6D157E8
:10C36000C8F28457394403EBF1210F9F384461EA46
:10C3700002075F40384447F64F67C6F6A87738444F
:10C3800001EBB060524460EA03074F403A444EF27A
:10C39000E067CFF62C673A4400EBB252434462EABE
:10C3A000010747403B4444F21437CAF201373B448B
:10C3B00002EB73430C9F394463EA0007574039444A
:10C3C00041F2A117C4F60867394403EBF121109F2D
:10C3D000384461EA02075F40384447F68267CFF28B
:10C3E0005377384401EBB060129F3A4460EA030788
:10C3F0004F403A444FF23527CBF63A573A4400EBD8
:10C40000B2524B4462EA010747403B444DF2BB271E
:10C41000C2F6D7273B4402EB7343139F394463EAC8
:10C420000007574039444DF29137CEF686373944EC
:10C430000B9F3844089F1F4407EBF121099F3B44A1
:10C440000A9F3A44079F07F1080C8CE80B00002074
:10C450007A6114B0BDE8F08F2DE9F04FA3B04B68BE
:10C460000A6893FA83F8D0E902B3046946698F68D1
:10C4700015BA86EA040297FA87FC13908769184672
:10C480001A4005EBFB63129772403B444FEAB0073A
:10C4900047F6991A134484EAB002C5F6822A87EA5D
:10C4A000BB07534402EA0B021F4011966240464408
:10C4B00087EAB0072195B5180CEB040610940246E4
:10C4C0000F90F41905EBF3604FEAB307D1F80CE0D5
:10C4D00087EABB0750449EFA8EF607400C9687EA1F
:10C4E000BB0706EBB2050E6905EB070E37BA04EB86
:10C4F000F0664FEAB00484EAB3045644344084EA58
:10C50000B30207EBBB054C69CDF838B0159705EBC6
:10C51000020B22BA0EEBF6644FEAB60787EAB007C1
:10C520005444274087EAB00702EBB3038D691492A5
:10C5300003EB070E2ABA0BEBF4674FEAB40585EA62
:10C54000B60557443D4085EAB60502EBB000CB691D
:10C5500000EB050B18BA0EEBF7634FEAB70585EA57
:10C56000B40553441D4085EAB40500EBB6061D90A2
:10C57000086A35440BEBF36B4FEAB3061A9202BA22
:10C5800086EAB7000BEB0A06304080EAB70B486A30
:10C5900002EBB40496460A9202BA05EBF6604FEA43
:10C5A000B60585EAB305A34400EB0A0404EA0500D6
:10C5B00080EAB30002EBB7058F6A1F9228443ABAAB
:10C5C0000BEBF4654FEAB40787EAB60755442F40F2
:10C5D00087EAB60BCF6A229202EBB3033ABA00EBBA
:10C5E000F5604FEAB50787EAB4075044074087EA89
:10C5F000B40702EBB6069B440B6B3E440BEBF06BAF
:10C600004FEAB0071B921ABA87EAB5030BEB0A0789
:10C610003B4083EAB50B4B6BCDF88080E04693FA44
:10C6200083FC06EBF7634FEAB70602EBB40486EA35
:10C63000B0061C9253448A6BA3441E4086EAB0069F
:10C640000CEBB50514BA0BEBF362C96B2E4402EB8D
:10C650000A0591FA81FB06EBF5614FEAB3024FEA56
:10C66000B50682EAB70286EAB30651442A400E4074
:10C6700082EAB70204EBB000A146189486EAB3063A
:10C680000BEBB707219C1044BA1988EA040686EA26
:10C690000E0600EBF16086EA0C074FEAF776CDF85C
:10C6A00064C006EBB30C50444FEAB103219702EB90
:10C6B000F06283EAB507DDF830E0209C1F9E02EBB4
:10C6C0000A0300EA07024FEAB00784EA0E0487EA89
:10C6D000B10782EAB502744084EA09041F401E943F
:10C6E0004FEAF474624487EAB1070D9404EBB50491
:10C6F00002EBF3624FEAB30585EAB006DDF854C0F9
:10C700003C4402EB0A05229F05EA06028CEA080671
:10C710007E4086EA0B064FEAF677DDF850900B97DD
:10C7200007EBB1011B9F169689EA0E067E40219FFA
:10C7300082EAB00286EAF77711444FEAF77202EB19
:10C74000B00204EBF5604FEAB50484EAB304504448
:10C75000044084EAB30401EBF061224401EB0A08CF
:10C7600002EBF861DDF868E020971C9F01EB0A02FC
:10C770008EEA0C0179401E9FCDF85CB081EAF77B10
:10C780004FEAB00181EAB5014FEAFB7707EBB3034B
:10C79000DDF874C081EA0801199C19448CEA090388
:10C7A0006340169C0C9783EAF4794FEAB80383EA56
:10C7B000B0034FEAF97707EBB5040A9E059753409B
:10C7C000189F1C4486EA0E037B40209F01EBF26118
:10C7D00083EAF775CDF854B04FEAF5732F461A95F2
:10C7E00003EBB0054EF6A133C6F6D963C8184FEA7D
:10C7F000B20181EAB80104EBF06441400D44E11854
:10C800001F9B179C05EBF16A83EA0C05654085EADE
:10C81000FB744FEAB0051D9485EAB2054FEAF47443
:10C82000069404EBB8044D40DDF888C004EB050E17
:10C830004EF6A135219CC6F6D96586EA0C060AEBB0
:10C84000050886EAF476DDF86CA086EAF97B8AEAC8
:10C8500003061E9B4FEAB10586EAF37685EAB0052A
:10C860004FEAFB73029303EBB20286EAF77385EAA1
:10C8700008052A444FEAF37505EBB0050EEBF860A6
:10C880004FEAB8044EF6A13E84EAB104C6F6D96E6A
:10C8900070441C9F1F934440169B2C4487EA0C0550
:10C8A00085EAF3751D9B02EBF06285EAF3734FEAAC
:10C8B000B00585EAB8054FEAF3767244229306EB99
:10C8C000B101199B07965540209E294483EA0A0529
:10C8D00085EAF675DDF860A085EAFB758AEA070649
:10C8E000159FCDF828B086EAF7764FEAF5770197DD
:10C8F00007EBB8081F9F04EBF26486EAF77BCDF8DC
:10C90000249004EB0E094FEAB2044FEAFB7684EA66
:10C91000B00406EBB00001EBF9614FEAB90686EA14
:10C92000B2067144179F4E4084EA0904304487EAF6
:10C930000306099B444404EBF16486EAF376229BE8
:10C9400004EB0E0C86EAF3734FEAB10400EBFC60D3
:10C9500084EAB9044FEAF37614951D46199306EB61
:10C96000B2021E9B7044DDF884E084EA0C04089651
:10C97000224487EAF3768AEAFE741A9B4FEABC07E0
:10C9800084EAF374149B87EAB10784EAF3741D9B6D
:10C99000CDF858B086EAF3784FEAF47303EBB906A2
:10C9A00088EAFB7B47403E444FEAFB77009307EB66
:10C9B000B10102EBF0624FEAB0074EF6A13387EA0D
:10C9C000BC07C6F6D96317941A440B9C574001EB79
:10C9D000070984EAFE710A9F06EBF26681EAF7779F
:10C9E000F1189E4687EAF5734FEAB20787EAB00767
:10C9F0004FEAF376099606EBBC064F409A461C9325
:10CA00003E44159B0D9FDDF8808009EBF16C84EAB4
:10CA1000F37987EAF8771F9B4FEAB10587EAF37746
:10CA2000179B85EAB20587EAF374229BE64489EAFC
:10CA3000F3774FEAF473159403EBB00087EAFB74C5
:10CA400085EA0E0505444FEAF470CDF860B000EBBE
:10CA5000B20206EBFE604FEABE064EF6A13B86EA46
:10CA6000B106C6F6D96B5844464004939319059A0B
:10CA7000A4461B9482EAF876149C05EBF06586EADE
:10CA8000F47705EB0B0687EAFA794FEAB00585EAF9
:10CA9000BE054FEAF97404EBB101754001EB050ADC
:10CAA00003EBF6611D9B01EB0B0782EAF3750C9912
:10CAB0001A9A169B81EAF2710A9481EAF371159B26
:10CAC0004FEAB60481EAF373199984EAB00485EA5F
:10CAD000F1754FEAF37185EAFC7C84EA070801EB03
:10CAE000BE044FEAFC75039105EBB0000AEBF76159
:10CAF0004FEAB7054EF6A13A04EB080E85EAB604F4
:10CB0000C6F6D96A01EB0A05DDF8088084EA05015A
:10CB10009B460C93014488EAF270179B0EEBF5627A
:10CB200080EAF37402EB0A0084EAF9734FEAB50273
:10CB300082EAB7024FEAF37404EBB6064240CDF83E
:10CB40008090324401EBF061DDF87C90069ED64681
:10CB50000B9486EAF97601EB0E04189902EBF46265
:10CB600086EAF1719A4681EAFB7B4FEAB001219394
:10CB700081EAB5014FEAFB7303EBB70702EB0E0640
:10CB8000229A6140394488EAF2721C9F069301EBB5
:10CB9000F66146EAB40382EAF772714403EAB00E22
:10CBA00082EAFC7306EAB4024FEAF37707EBB507B3
:10CBB000DDF8048042EA0E02229307EB020E88EAB7
:10CBC000F973159A41EAB60783EAF27307EAB407E4
:10CBD00001EAB60583EAFA7A47EA05034FEAFA77EB
:10CBE0000D9707EBB0000EEBF1624BF6DC47C8F691
:10CBF0001B77CDF878C000EB030ED319B946DDF8EA
:10CC000058C0079F1B9D87EAFC7743EAB10287EA79
:10CC1000F57702EAB60287EAFB7003EAB1054FEA4C
:10CC2000F0771A9007EBB4040EEBF3602A4304EBA1
:10CC3000020E00EB0902199842EAB30488EAF07583
:10CC40002098CDF850B085EAF0752298CB4685EA59
:10CC5000F079079704EAB10402EAB3070EEBF26039
:10CC6000DDF800804FEAF9753C4305EBB60500EBB3
:10CC70000B0688EAFC700C9F05EB040E46EAB20531
:10CC800080EAF77005EAB30506EAB20780EAFA74AB
:10CC900045EA07004FEAF477CDF85CA0A2461F945E
:10CCA00007EBB1010EEBF66401EB000C04EB0B019A
:10CCB0000C9741EAB600089FDDF860E01A9D87EA0C
:10CCC000FE7400EAB2071E98CDF8749084EAF07002
:10CCD00001EAB60480EAF57B0CEBF1654FEAFB70E4
:10CCE000089000EBB3034BF6DC403C43C8F61B70E6
:10CCF00003EB040C2B181C9843EAB10588EAF07783
:10CD0000219805EAB60587EAF07703EAB10087EAD9
:10CD1000F97945EA00074FEAF97505EBB2000CEB2B
:10CD2000F36400EB070C4BF6DC40DDF81080C8F62E
:10CD30001B70204488EAFE74149A40EAB30584EA22
:10CD4000F27405EAB10500EAB30784EAFA7245EA2B
:10CD500007044FEAF275149505EBB60592461C924E
:10CD60000CEBF0622C444BF6DC47DDF86CC0099DFF
:10CD7000C8F61B77D61985EAFC75229F46EAB002F1
:10CD800085EAF775CDF864B002EAB30206EAB007A7
:10CD900085EAFB7B3A434FEAFB7707EBB10104EBF3
:10CDA000F66401EB020E209A4BF6DC450597C8F6B7
:10CDB0001B7588EAF277179A611941EAB60487EA87
:10CDC000F277CDF8589004EAB00401EAB60287EA97
:10CDD000F97922434FEAF97404EBB3030EEBF164E3
:10CDE000DDF80CE003EB020863198EEAFC741A9A72
:10CDF00043EAB10784EAF27407EAB60703EAB1022C
:10CE000084EAFA753A434FEAF57707EBB0000997E1
:10CE100008EBF36700EB020CDDF878800A9A4BF61A
:10CE2000DC40C8F61B7082EAF8741D9A384440EA68
:10CE3000B30784EAF27407EAB10A84EAFB7700EAEE
:10CE4000B3024FEAF774049404EBB60442EA0A0210
:10CE5000CDF860B0BB4602970CEBF06704EB020A1A
:10CE60004BF6DC42C8F61B72BE18219A46EAB007A0
:10CE70008EEAF2741F9A07EAB30C84EAF27406EAA7
:10CE8000B00284EAF97742EA0C024FEAF77404EB45
:10CE9000B10121970AEBF66701EB020E4BF6DC417C
:10CEA000DDF818C0C8F61B7139448CEAF877199A76
:10CEB00041EAB60487EAF2771B9504EAB00401EA76
:10CEC000B60287EAF57522434FEAF57404EBB30323
:10CED000DDF8888003EB020A0B9BCDF88090A94611
:10CEE0001E950EEBF1674BF6DC450A94C8F61B75F0
:10CEF00083EAF874169B7A1942EAB10784EAF3745C
:10CF000007EAB60702EAB10384EAFB743B434FEA3F
:10CF1000F47707EBB000159400EB030B179B0AEBBB
:10CF2000F2640B978CEAF3771C9B6019AE4640EADB
:10CF3000B20487EAF377219D04EAB10400EAB20360
:10CF400087EAF57723434FEAF77404EBB6040BEB5B
:10CF5000F06604EB030C06EB0E04F346DDF81CE070
:10CF6000189B8EEAF876BA461A9744EAB00786EA22
:10CF7000F37507EAB20604EAB00785EAF97346EAF0
:10CF800007054FEAF37707EBB101984619930CEBCD
:10CF9000F46301EB0509DDF874C00D9D179785EA70
:10CFA000FC75209F159985EAF77503EB0B0646EA99
:10CFB000B40385EAF17103EAB00306EAB4074FEA65
:10CFC000F17505EBB2023B4302EB030B1F9B229171
:10CFD000069509EBF6614BF6DC45C8F61B758EEA43
:10CFE000F3771B9B4A1942EAB60187EAF37701EA15
:10CFF000B40102EAB60387EAFA7719434FEAF773F6
:10D0000003EBB0000BEBF26300EB010B5819AE46DB
:10D01000089DBA46189785EAFC73029F40EAB20160
:10D0200083EAF77301EAB60983EAF87800EAB20105
:10D030004FEAF8730D9303EBB4030BEBF06441EA92
:10D0400009010B4404EB0E0103EBF1630C9F7344E5
:10D05000DDF858E01C9C87EAFE7C85EAF47B219C85
:10D06000229D8CEAF4744FEAB00784EAF57987EAE6
:10D07000B2074FEAF9750C9505EBB6061E9D4F40B9
:10D080008BEAF574374484EAFA754FEAB10686EA0A
:10D09000B0064FEAF574AC461C9504EBB202059D50
:10D0A0005E40941985EAFE7207EBF366159F4CF219
:10D0B000D61A82EAF772CCF6622A82EAF8774FEA49
:10D0C000B30206EB0A0E82EAB1024FEAF77606EBEC
:10D0D000B00082EA0E0202441B98CDF87C8085EAFB
:10D0E000F07B04EBFE60149C209DB8461D9784EAFB
:10D0F000F57400EB0A071A98CDF81C9084EAF070DA
:10D100004FEABE0480EAF97984EAB3044FEAF97081
:10D11000159000EBB101199816968BEAF076DDF8C0
:10D1200010B07C400C448BEAF571229886EAFC7CB6
:10D1300081EAF07502EBF7614FEAB7024FEAFC763D
:10D1400082EABE0206EBB303514485EAF8704A4016
:10D150001A4404EBF1634FEAF07404EBBE0E099C31
:10D16000DDF88480229084EAF87518984FEAB104BB
:10D1700085EAF07584EAB704534485EAF97084EAD5
:10D180000306CDF820900EEB06094FEAF0768646AE
:10D1900014901E9806EBB7078BEAF0761F9802EB07
:10D1A000F36286EAF0764FEAB304CDF86CC084EA05
:10D1B000B10486EAFC7C52440B9854404FEAFC765A
:10D1C000274480EAF87406EBB10607994FEAB205E6
:10D1D00084EAF17409EBF26185EAB30551444D40EC
:10D1E00006EB050B229DCDF878C084EAF57807EBB5
:10D1F000F1644FEAF87606EBB30904EB0A030A9CE4
:10D200001A9D1C9F84EAF5744FEAB10684EAF7740C
:10D2100086EAB20684EAFE7A86EA030709EB070E7D
:10D220004FEAFA7707EBB209199A069C80EAF2777F
:10D230001D980BEBF36287EAF0774CF2D61B4FEAAE
:10D24000B306CCF6622B87EAFC7C84EAF577089873
:10D2500086EAB1065A444FEAFC7587EAF0770EEB8E
:10D26000F260564005EBB1014FEAB205CDF82480DB
:10D270004E4485EAB305584487EAF87806EBF06730
:10D2800045404FEAF87601EB050906EBB30107EBE1
:10D290000B03DDE9177E4FEAB0061B9D86EAB20656
:10D2A00087EAFE77CDF884A087EAF57786EA03055A
:10D2B00087EAFA76294417911F994FEAF67505EB2C
:10D2C000B20284EAF175229F1A9609EBF3614FEAE4
:10D2D000B30686EAB00685EAF77559444E4085EAFA
:10D2E000FC7A16440C9A4FEAFA7782EAFE7507EB4D
:10D2F000B000149FCDF8808085EAF775179F85EA06
:10D30000F87E07EBF1644FEAB10787EAB3075C44A4
:10D31000674000EB07084FEAFE70CDF864C000EBF1
:10D32000B30C06EBF4634FEAB40686EAB1060D9D32
:10D330001C9803EB0B0786EA070385EAF0761E9D2F
:10D34000634486EAF5751D9E82EAF6761A9A85EAA6
:10D35000F279099A4FEAF97586EAF27605EBB1019E
:10D3600086EAFA7C08EBF7654FEAB70686EAB40668
:10D370005D446E4001EB06084FEAFC7101EBB4041A
:10D3800003EBF5614FEAB503159A83EAB7035944F5
:10D3900082EAF07621984B40234486EAF074169E88
:10D3A0001B9884EAFE7486EAF07619984FEAF474C2
:10D3B00086EAF07604EBB70786EAF9704FEAB10423
:10D3C0004FEAF07084EAB50400EBB500229D08EB4B
:10D3D000F16682EAF575209A5E4485EAF27574403A
:10D3E00085EAFC720E9D03EBF66327444FEAB60410
:10D3F00005EBF27284EAB1045B4407EBF36702EBDE
:10D40000B1014FEAB3025C4082EAB60220445F44B5
:10D4100000EBF7607A4011440F9A584401EBF06139
:10D420001044109A594402EBB702119F07EBB30363
:10D43000129F07EBB607139EC6E90210C6E9042344
:10D440000020B76123B0BDE8F08F00002DE9F04F58
:10D45000D4B0D0E902E8D0E90437D0E90665046A1F
:10D46000D0F824C00246009003390020CDE90CE832
:10D47000CDE90E37CDE91065CDE9124CD1F8032086
:10D4800014AB12BA43F82020013004311028F5D132
:10D49000DDE9125ADDE9103EDDE90C8CDDE90EB95B
:10D4A0004CF67C320024C0F2010200BF4FEAB310F8
:10D4B00080EAF3208EEA050180EA736016191940AC
:10D4C0000A961E460B931359504414AA6940DA4633
:10D4D000AB46155918444FEAB80383EA7833284419
:10D4E0004CEA0805084483EAB8510CEA080305EA47
:10D4F0000A052B4309EB0005171908444FEAB5113B
:10D50000099781EAF527C1188EEA06030A9A2B408B
:10D5100087EA756083EA0E03576808945B44099CA8
:10D520003B444FEAB1071844636887EA713741EA20
:10D530000806034487EAB15001EA080706EA0C0628
:10D540003743C61903EB0A00D2F808901E444FEA8D
:10D55000B0130B9A83EAF023D4F808B085EA0207E7
:10D5600083EA706A09EB0E03074057405B443B4473
:10D570004FEAB60787EA763746EA010403EB0A0268
:10D5800087EAB65306EA010704EA080427431F4462
:10D5900002EB0C033A444FEAB317DDF8289087EA10
:10D5A000F327D9F80C40DDF824B087EA736E0B9F9F
:10D5B000DBF80CA0274480EA05041C406C4057446B
:10D5C00007EB040C4FEAB20484EA72370CEB0E044A
:10D5D00087EAB25C42EA060702EA060E0F4047EA13
:10D5E0000E07A044BC444FEAB81787EAF827D9F8D9
:10D5F00010E06444DBF810C087EA786983EA00072A
:10D60000754407EA0807474065442F444FEAB405CC
:10D6100085EA74354F4485EAB45C44EA020504EABD
:10D62000020E354007EB010A45EA0E054FEABA1132
:10D63000AC4481EAFA210A9D81EA7A6E69690CEBB1
:10D6400007090844DBF8141088EA030707EA0A0709
:10D6500008444FEAB9015F4081EA793138447044A7
:10D6600081EAB95E49EA040109EA04071140064467
:10D6700039434FEAB61787EAF6277144DC4601EBD7
:10D68000000B87EA7660AF698AEA08013B44DCF860
:10D690001870314081EA08013B4419444FEABB034A
:10D6A00083EA7B334BEA0907084483EABB510BEA60
:10D6B000090327403B43194401EB000CE969354657
:10D6C00086EA0A03099E00EB020EF6694FEABE10D5
:10D6D000414403EA0E0380EAFE2083EA0A03314450
:10D6E00019444FEABC0380EA7E6083EA7C334CEA4B
:10D6F0000B06084483EABC510CEA0B0306EA090650
:10D70000334319440319089C4CF67C322034C0F290
:10D710000102202C01EB00083FF4C8AE08200021D4
:10D72000CDE9125ACDE9103ECDE90C8CCDE90EB908
:10D7300005904FEAB31080EAF32014AF80EA7360DB
:10D740000B935044AA461D467B189C6B0A914FEAE6
:10D75000744181EAF44109908EEA0A00049405407C
:10D7600081EA94205E6A59680A9C30444FEAF116B7
:10D770003F5986EAB14607440A9886EAD106104422
:10D780000790BA19066C099885EA0A0584194CEACB
:10D7900008062C440CEA080506EA0B0635434FEA56
:10D7A000B80686EA7836144486EAB85609EB0400CF
:10D7B0003444069204EB05099C6ADA6B21444FEA73
:10D7C000724484EAF24403929E6884EA92240B9A9B
:10D7D0004FEAF61721448EEA020487EAB64704406E
:10D7E00084EA0E0487EAD6075444DDF81CA03944C5
:10D7F00002460890DAF844704FEAB01080EAF2204E
:10D800003C444FEAB90780EA726087EA79372044DE
:10D8100087EAB95449EA080707EA0C0709EA080247
:10D820003A43069F22444FEA774484EAF744084487
:10D8300084EA972400EB0B0502EB000B3019DE683D
:10D84000DA6A4FEAF61484EAB644104484EAD6024F
:10D85000DAF848408718A6440B98089C4FEAB5129E
:10D8600044402C4082EAF52244400EEB04004FEA8B
:10D87000BB0482EA756284EA7B34AA46851884EA8E
:10D88000BB524BEA090404EA08040BEA09002043EE
:10D8900010444FEA714282EAF142596482EA9121CE
:10D8A000EA1902EB0C0500EB020C88191E69196BD2
:10D8B0004FEAF61484EAB644084484EAD601DDF857
:10D8C0001CE00144DEF84C400B98CDF80480DDF8F4
:10D8D000208020444FEAB5142A46099584EAF524AD
:10D8E0008AEA0805154085EA080528444FEABC0580
:10D8F00084EA726485EA7C350844204485EABC5495
:10D900004CEA0B0505EA09050CEA0B022A432244FE
:10D910004FEA774484EAF7449F6484EA9725019CA0
:10D92000CDF808A007191418A8195E695A6B4FEAB8
:10D93000F61585EAB645104485EAD602DEF8505061
:10D9400000EB020808984FEAB7122844099D82EAC2
:10D95000F72285EA0A053D4085EA0A054044284445
:10D960004FEAB40582EA776285EA7435104485EAA5
:10D97000B45244EA0C050B9705EA0B0504EA0C07C0
:10D980003D432A4400EB090A02EB00094FEA7140CB
:10D9900080EAF140D96480EA91209969049A099F4C
:10D9A00032444FEAF11686EAB146104486EAD102C3
:10D9B000DEF8546000EB020E02980B9D304485EABD
:10D9C00007064FEABA1206EA0A0682EAFA227E40FF
:10D9D000704430444FEAB90682EA7A6286EA7936C0
:10D9E000104486EAB95249EA040606EA0C0609EA36
:10D9F00004073E433244DE6900EB0B0502EB000BEB
:10DA00004FEA784080EAF8404FEAF61282EAB642DE
:10DA1000039F80EA9820C3F85080394482EAD602F6
:10DA2000DDF81C8008441044D8F85820099F9865F8
:10DA30003A440B9F10448AEA07024FEAB5112A4084
:10DA400081EAF5217A4010444FEABB0281EA756110
:10DA500082EA7B32084482EABB514BEA0902224047
:10DA60000BEA09073A4311441A6A00EB0C0701EB71
:10DA7000000C4FEAF2114FEA7E4081EAB24180EA9F
:10DA8000FE4081EAD201069A80EA9E201A6432445E
:10DA900010440844C3F854E0D865D8F85C200B9BC8
:10DAA0004FEAB71181EAF7211A4485EA0A033B409D
:10DAB00010444FEABC0281EA776183EA0A0382EAF2
:10DAC0007C3218444CEA0B03084482EABC510CEA4D
:10DAD0000B0203EA09031A431144031901EB00087E
:10DAE00005980A994CF67C320830BE46C0F2010215
:10DAF000382801F12001FFF41BAE00980021083006
:10DB00000CAACDE9125ACDE9103ECDE90C8CCDE935
:10DB10000EB900BF52F8213050F821703B4440F854
:10DB2000213001310829F5D1002054B0BDE8F08F33
:10DB30002DE9F04FADF5457DD0E90442D0E9086507
:10DB4000D0E90637D0E90ACECDE91442D0E90C92EB
:10DB5000CDE9186500F13808D0E91154CDE9163740
:10DB600098E8880106460090C66C1EA8CDE91C9274
:10DB700080E88801C81C0022CDE91ACE2396CDE9A1
:10DB8000215400BF8B185E788F5C36049D7846EA7E
:10DB90000767861847EA05277578B6782D069C79B9
:10DBA00045EA0646DB79855C46EA04262F44334481
:10DBB00024ADAE18AB500832802A7760E2D1002045
:10DBC0000DF1900909EB0001D1E91C325F03DC0083
:10DBD0005603D50047EAD24746EAD34644EA527490
:10DBE00045EA53759B0943EA826366406F4087EAC2
:10DBF00092127340D1E91267D1E901C4CD6813EBE9
:10DC0000060842EB070EE707220647EA550742EAF5
:10DC10001522EE072B0646EA540643EA14237A40FF
:10DC2000E40944EA456482EAD51259F80050734089
:10DC3000634018EB05044EEB0C071B1900F10800BC
:10DC40007A41B0F5007FC1E92032B9D12398DDE9EE
:10DC50001C870B90DDE9210CDDE914E60D9020987E
:10DC600000240F901F980A901E980C9016981190FF
:10DC70001798109019980690189809901B9807907B
:10DC80001A980E906FF00700CDE901044FEA884022
:10DC9000B904BA034FEA883340EA973041EA983131
:10DCA00042EA984243EA974351405840FA054FEA06
:10DCB000C85342EA582243EA5723504059400B9A2E
:10DCC00011EB0C0150414CF68042C0F201021319D5
:10DCD000125912935B68891824AA584113191259D2
:10DCE00013935B68891858410F9B0C9A08975A4008
:10DCF00002EA08025A4011EB02090D9B0A9A3446C7
:10DD000082EA030101EA070181EA030148414FEA7F
:10DD10000E114FEA8E7741EA1671330147EA9607F2
:10DD20000496B60746EA9E0643EA1E7371404FEA20
:10DD30004E6646EAD4167B40670647EADE1783EA5A
:10DD4000060C109E069B81EA070A46EA040106EAD1
:10DD50000407119C1940099D41EA070344EA0E019A
:10DD6000294004EA0E060E430E99154611EB090BE5
:10DD700007994FEA8B34414119EB0C0240EB0A0042
:10DD8000B61840EB030A8A048B0342EA9B3243EA4B
:10DD90009B434FEA8B4040EA913044EA91445A4019
:10DDA000CB0543EA5B2360404746CDF80C8080EA10
:10DDB00003080C984FEACB5480EA070303EA0B03ED
:10DDC00043400F9844EA51241B180898894682EA78
:10DDD000040285EA000404EA09040D9884EA0504B3
:10DDE0004441129829460A95D0E9025013995B19CB
:10DDF0000E966041D218D1E9023540EB08009B181D
:10DE0000314640EB05024FEA0A15300145EA167526
:10DE1000B4074FEA8A7640EA1A7046EA910644EA65
:10DE20009A0470404E066C404FEA4A6546EADA169C
:10DE300045EAD115DDF810807440109E68404AEA2A
:10DE4000080535400AEA0806119F354341EA0E06E7
:10DE50003E4001EA0E073E430999A41968415D1846
:10DE60000699CDF814E042EB010EE11840EB0206F2
:10DE70004FEA8E424FEA8E3342EA953243EA9543A7
:10DE8000A804AC0340EA9E3044EA9E4482EA0307B9
:10DE90004FEACE5343EA55236040EC0544EA5E2442
:10DEA00080EA030C12980F9187EA0401D0E9043448
:10DEB0000C982A461B180A980995444113980D9608
:10DEC000D0E9045703985B198BEA000505EA0205BF
:10DED00085EA000508987C415B1989EA000505EA96
:10DEE0000E0585EA00056C415D180F994FEA061290
:10DEF0004FEA01104FEA81734FEA867740EA1670C5
:10DF000042EA117243EA960347EA910782EA030262
:10DF100080EA07004FEA46634FEA416743EAD113BC
:10DF200047EAD61744EB0C0480EA030C7A4046EA31
:10DF30000A0306EA0A070E9E03EA080305983B4314
:10DF400041EA060707400E403E431199B6184CEBD4
:10DF500003006A181099099B614116EB050C40EB10
:10DF600004088C048D0344EA923445EA92459004F7
:10DF7000960340EA913046EA91466C40CD0545EA69
:10DF800052257040D605684046EA512610901298F6
:10DF90007440D0E9065603980F4606912D1808984C
:10DFA00013994641D1E906010C92401983EA0B0509
:10DFB00005EA020585EA0B05714140198EEA09055B
:10DFC00005EA070585EA09056941061910984FEA2F
:10DFD000081441EB00034FEA0C114FEA8C754FEA2D
:10DFE000887741EA187144EA1C7445EA980547EAC3
:10DFF0009C076C4079404FEA48654FEA4C6745EA18
:10E00000DC1547EAD8170D986246CDF828C081EA9A
:10E01000050C7C4048EA000508EA00070F9805EA6D
:10E020000A050E993D4342EA0007CDF844800F40AF
:10E0300002EA000847EA080705983F194CEB05017A
:10E0400016EB00080498CDF8408043EB0004B819A3
:10E0500041EB0305A104A60341EA983146EA98463C
:10E0600008904FEA88404FEA883740EA943047EA00
:10E07000944781EA0602E60546EA582678404FEAC8
:10E08000C857414647EA542780EA060812987A4062
:10E09000D0E90867234616EB0B0C139E47EB0907E4
:10E0A000D6E90806099C10EB0C00049577410C9EFC
:10E0B000994666400E4006996640801981EA0E0630
:10E0C00006EA030686EA0E067741811808984FEAA9
:10E0D00005164FEA807447EB080C070146EA1076F4
:10E0E00044EA95042A4647EA1577AD0745EA9005C4
:10E0F0006640440644EAD2146F40550645EAD015FE
:10E100006640119C03930D9B6F4042EA04051D403D
:10E110000A9B14400F9A254340EA0304144000EA86
:10E12000030222430E98921947EB05040B184CEB9F
:10E130000A0512EB010B44EB0C089804A904AA038E
:10E140009C0340EA953041EA933142EA934244EA23
:10E150009544514080EA0406EA05DC0542EA532270
:10E160009C46059344EA5524129B86EA02076140C7
:10E17000D3E90A24099B2846D218139B0B95D3E9AF
:10E180000A5644EB0E0452190C9B7441109ECDF8B4
:10E1900038B086EA030505EA0C055D40069B521976
:10E1A00089EA030505EA000585EA03056C4189183B
:10E1B0004FEA0B124FEA887644EB070E42EA1872D8
:10E1C0004FEA08144FEA8B7546EA9B0644EA1B7433
:10E1D00045EA980572404FEA4B666C404FEA486545
:10E1E00046EAD816584645EADB15DDF810B074400B
:10E1F000119E6A4048EA0B05DDF82090354008EA98
:10E200000B060A9F354340EA09063E4000EA09072B
:10E210003E430F98A4196A410D180D98CDF81C8043
:10E220004EEB000A14EB01084EEB020EA8044FEA75
:10E230008A414FEA8A32AC0340EA9A3041EA95318A
:10E2400042EA954244EA9A44514080EA04064FEA81
:10E25000CA52EC0542EA552244EA5A24129F284643
:10E260000F9586EA020C6140D7E90C240C9D079EAD
:10E270005219139D6341D5E90C45CDF818E01219E8
:10E28000059C6B41109D6C4004406C401219039832
:10E290000B9C4FEA8E7584EA000404EA0A0484EABF
:10E2A00000046341891843EB0C004FEA0E134FEA58
:10E2B00088744FEA081243EA187344EA9E0442EA5B
:10E2C0001E7245EA980563404FEA4E646A4044EA8C
:10E2D000D8144FEA486545EADE1562404EEA060466
:10E2E0006B4004EA0B040EEA060544EA050B0E9C9B
:10E2F000B44648EA040505EA090508EA0406354378
:10E300000A9E5B1942EB0B028D19119E0C9540EB96
:10E310000609C918119142EB000BA8044FEA894184
:10E320004FEA8932AB0340EA993041EA953142EA3B
:10E33000954243EA9943514058404FEAC952EB0590
:10E3400042EA552243EA592350405940D7E90E2367
:10E35000109F039ED219674643EB060C139B09904E
:10E36000D3E90E43504612190F9C43EB0C03DDF822
:10E3700014C0DDF844A084EA0C042C400B9D84EA10
:10E380000C04121980EA050404EA09040D9084EAD9
:10E39000050409986341891858414FEA0B134FEA65
:10E3A0008A744FEA0A1243EA1A7344EA9B044FEA5A
:10E3B0008B7542EA1B7245EA9A0563404FEA4B644B
:10E3C0006A4044EADA144FEA4A6545EADB156240DE
:10E3D0004BEA0E046B403C400BEA0E050E9F2C43AB
:10E3E0004AEA08053D400AEA08063543089F5B19DA
:10E3F000CDF82480624111EB0708049F029C47413D
:10E4000013EB010E42EB0006019840340830482817
:10E41000CDF82890CDF840B0FFF436AC0B98002131
:10E4200023900F9814AA20900D98CDF888C02190C1
:10E430000C98CDE91C871E900A98CDE914E61F9030
:10E44000119816901098179009981890069819909E
:10E450000E981A9007981B900098103057584558FE
:10E46000531846185B6874687F19475001F108011A
:10E47000634140297360F1D100200DF5457DBDE871
:10E48000F08F000078B10079A0F1030CBCF1050F0A
:10E4900009D8DFE80CF0030D12181E2408461146B7
:10E4A0001A4600F095B84AF60070CFF6FF70704734
:10E4B000084611461A4604F00FBA084611461A4695
:10E4C000012304F055BB084611461A46002304F008
:10E4D0004FBB084611461A46012304F0B9BD084651
:10E4E00011461A46002304F0B3BD000070B506467D
:10E4F000044656F8180B802300F03F02372A06EB3B
:10E50000020000F8013B0D4604D8C2F13701F1F7D3
:10E5100070FE0BE082F03F01F1F76BFE20463146C2
:10E52000FDF7FCFB30463821F1F763FED4E900101B
:10E53000CB0084F85030C2004B0942EA517284F893
:10E5400051304B0B490D84F85310410984F8551094
:10E55000410B400D84F8561084F857002046314690
:10E5600084F8523084F85420FDF7D8FBA068287056
:10E57000A068000A68706089A870E07AE870E068B6
:10E580002871E068000A6871E089A871E07BE87191
:10E59000206928722069000A6872608AA872E07C8B
:10E5A000E872606928736069000A6873E08AA8737A
:10E5B000E17D0020E97370BD002814BF5821704729
:10E5C00002F09CBF80B55821F1F713FE80BD00001A
:10E5D0002DE9F04196B0E8460D46064640465821E2
:10E5E0001446F1F706FE42F20130C6F24570029081
:10E5F0004AF68930CEF6CD7003904DF6FE40C9F64E
:10E60000BA00049045F27640C1F2320005909DB107
:10E61000402D009509D36F4638463146FDF77EFB05
:10E62000403D3F2D06F14006F6D82DB108F1180007
:10E6300031462A46F1F7B6FD6D4628462146FFF7DA
:10E6400055FF2846582102F059FF002016B0BDE8BA
:10E65000F081000042F2013201460020C6F245720C
:10E66000086048604AF689308A604DF6FE42CEF670
:10E67000CD70C9F6BA02C1E9030245F27642C1F291
:10E68000320200204A6170472DE9F04381B0B2B3F5
:10E690000646006814460D4600F03F0980183060B9
:10E6A00002D3706801307060B9F1000F11D0C9F168
:10E6B0004007A7420FD806F1180808EB09002946C1
:10E6C0003A46F1F76FFD30464146FDF727FB3D44E2
:10E6D000E41B4FF00009402C09D300BF3046294607
:10E6E000FDF71CFB403C3F2C05F14005F6D834B14A
:10E6F00006EB0900183029462246F1F753FD0020A9
:10E7000001B0BDE8F083000068B102685AB1127927
:10E71000033A052A07D8DFE802F00E1103030B0BBA
:10E72000406804F087B94AF60070CFF6FF70704772
:10E73000406804F047BB4068FFF7D8BE406804F06B
:10E740004FB8000010B590B101680446002908BF19
:10E7500010BD6068B8B109790339052910D8DFE820
:10E7600001F00A0D0303070704F0F6F908E010BDF5
:10E7700004F062FC04E0FFF71FFF01E004F0A0F8E2
:10E7800060680DF09BF8A06838B12168897949006C
:10E7900002F0B4FEA0680DF091F820460C21BDE80F
:10E7A000104002F0ABBE0000002814BF40790020EA
:10E7B00070470000002814BF007900207047000057
:10E7C000F0B591B0044600284AF60070CFF6FF700D
:10E7D0001FD00D462168E1B1A668D6B10A798F79BC
:10E7E000D11E052914D8DFE801F00F16030309092B
:10E7F000606801A904F01EF958B912E0606801A927
:10E8000004F0E0FA28B90CE0606801A9FFF76EFE99
:10E8100038B111B0F0BD606801A903F0E1FF002834
:10E82000F7D1204600F034F90028F2D12068F11920
:10E830008279204600F054F90028EAD1206801A925
:10E840004279204600F04CF90028E2D120462946C2
:10E85000FFF75AFF11B0F0BDB0B5044600284AF6E4
:10E860000070CFF6FF7009D0216839B1A568002D7E
:10E8700008BFB0BD204600F00BF900B1B0BD206864
:10E88000294682792046BDE8B04000F029B9000051
:10E890002DE9F04391B04AF600760028CFF6FF76D6
:10E8A00057D004460068002853D00F46A1680029BD
:10E8B0004FD080791546904215D2204600F0E8F8F6
:10E8C0000646002841D1204639462A4600F008F97C
:10E8D0000646D0BB01A92046FFF716FF0646A0BB9F
:10E8E000206801AF45792068D4F8088086794046D1
:10E8F0003146362208EB0609F1F774FC20685C22E9
:10E9000081794846F1F76EFC9DB1A8F101008119AB
:10E910007A1E00BF10F8013F12F8017F013D83EA23
:10E920000703037011F8013F177883EA07030B70A0
:10E93000F0D1204600F0ACF8064630B920684146D8
:10E940008279204600F0CCF8064601A8402102F06A
:10E95000D5FD304611B0BDE8F083000030B103684A
:10E9600023B18368002B18BF00F0BAB84AF60070D4
:10E97000CFF6FF70704700000338C1B205298FBF82
:10E98000002040B201A151F820007047D8E50100F5
:10E9900010E6010018E6010020E6010028E601006B
:10E9A00030E601000021C0E90011816070470000DD
:10E9B00068B102685AB11279033A052A07D8DFE82C
:10E9C00002F00E1103030B0B4068FEF73FBD4AF641
:10E9D0000070CFF6FF7070474068FFF7A9B8406835
:10E9E000FDF79CB94068FDF737BD0000F0B581B078
:10E9F0004AF68067CFF6FF770446002807F18000CB
:10EA00001CBF0D46002901D101B0F0BD29790339A1
:10EA10000529F9D81646DFE801F0172103030D0D8B
:10EA200001206C21F1F77CFC606068B304F09AF877
:10EA3000EEB922E00120D821F1F772FC606018B332
:10EA400004F000FB9EB918E001205821F1F768FCA2
:10EA50006060C8B1FFF7B6FD4EB90EE001205C2141
:10EA6000F1F75EFC606078B103F030FF2EB1A97958
:10EA70000220F1F755FCA06018B10020256001B01C
:10EA8000F0BD2046FFF75EFE384601B0F0BD000045
:10EA900068B1016859B109790339052907D8DFE858
:10EAA00001F0030B0E12161A4068FFF7D3BD4AF6A9
:10EAB0000070CFF6FF707047406803F055BF4068A4
:10EAC000012104F0DDB84068002104F0D9B84068A5
:10EAD000012104F0B7BB4068002104F0B3BB000083
:10EAE00078B103686BB11B79A3F1030CBCF1050F7E
:10EAF00007D8DFE80CF00E1103030B0B406804F09D
:10EB00001BB94AF60070CFF6FF707047406804F0FA
:10EB100049BC4068FFF7B8BD406803F045BF00003E
:10EB20002DE9F04F81B090421746834608BF0F464B
:10EB3000814218BF934540F0A58079680120CBF849
:10EB40000000481E411C07D0B96851F82010013858
:10EB50000029F7D0851C00E0002542F210708542A4
:10EB600006D96FF00F000021002900F0918024E009
:10EB7000DBF80440AC421CD228460421F1F7D0FB5C
:10EB80000028EED0DBF808900646B9F1000F0ED051
:10EB90004FEA8408304649464246F1F703FB4846AF
:10EBA000414602F0ABFCDBF808000CF087FECBE935
:10EBB00001560020012100296AD0DBF80810002D41
:10EBC0004FF0000C67D0BA6804390027002300BF5B
:10EBD00051F8046F52F82340F01900194CF1000469
:10EBE000BF1903F1010344F100079D420860EFD112
:10EBF0000431002F53D0AC0042F2107814E000BF73
:10EC00006FF00F000021002942D0DBF80800011945
:10EC10000A680020D31941F8043B40F10007013590
:10EC2000934204F1040433D2DBF80460B542EFD31D
:10EC300005F10109C145E3D84E4520D248460421DB
:10EC4000F1F76EFB0028DBD0DBF808808246B8F1D4
:10EC5000000F0DD0B600504641463246F1F7A2FAF9
:10EC60004046314602F04AFCDBF808000CF026FE74
:10EC70000020012142F21078CBE9019AC3E700207D
:10EC80000121C0E7584600F055F900283FF455AF80
:10EC900001B0BDE8F08F00250027002FABD1002088
:10ECA00001B0BDE8F08F00001346002A48BF534270
:10ECB00080B584B000934FF0FF33B2F1FF3FC8BF7F
:10ECC0000123012202926A46039201AA019300F0F5
:10ECD00003F804B080BD000070B50B460D681168E4
:10ECE000064601FB05F1B1F1FF3F04DD3046194650
:10ECF000FFF716FF42E05868411E00BF0846013189
:10ED000009D0996851F820100029A0F10101F5D02F
:10ED100001F1020C01E04FF0000C51684C1E00BFE5
:10ED20002146013408D0946854F82140002CA1F108
:10ED30000104F5D0023400E000240840013019D06D
:10ED4000A44517D864450ED8ACF10100411C11D080
:10ED50009968946851F8201054F82040A14209D8CD
:10ED6000A0F10100F2D2304611461A4602F082F8B4
:10ED700050B170BD3046194602F07CF8002818BF2B
:10ED800070BD0020356070BD6D42FAE74168002912
:10ED900004BF00207047013941B1826852F8212038
:10EDA0000139002AF8D001F1010C01E04FF0000C0C
:10EDB000806850F82C0000280ED400234FF0004249
:10EDC0001E2B03F1010105D800EA52035208002B63
:10EDD0000B46F5D0484200E0002000EB4C102030FC
:10EDE00070470000B0B502468C46002948BFC1F10B
:10EDF000000C536801205D1EB1F1FF3FC8BF4FF00A
:10EE0000FF3000BF6B1C08D0946854F82540013DCA
:10EE1000002CF7D005F1020E01E04FF0000E6FF06C
:10EE2000010400BF013403D20029FBD0012500E01A
:10EE30000025002B02BF002C0020B0BDAE4584BFD2
:10EE40001068B0BD75451FD81068B1F1FF3F03DCF5
:10EE50000028C4BF0120B0BD002904D4002844BF4D
:10EE60004FF0FF30B0BDAEF1010100BF4B1C04BF3D
:10EE70000020B0BD936853F82130634588BFB0BD12
:10EE8000A1F10101F2D24042B0BD0000B0B542682C
:10EE9000531E00BF5D1C08D0826852F82320013B3E
:10EEA000002AF7D003F1020C01E04FF0000C4A6891
:10EEB000013A00BF531C08D08C6854F82240013A34
:10EEC000002CF7D002F1020E01E04FF0000E002DF1
:10EED00002BF002B0020B0BDF44584BF0068B0BD68
:10EEE000E64502D908684042B0BD0268012A04DB49
:10EEF0000B68002B44BF0120B0BD0B68012B04DB65
:10EF0000002A44BF4FF0FF30B0BDACF1010300BF99
:10EF10005D1C04BF0020B0BD85688C6855F8235087
:10EF200054F82340A54203D8A3F10103F0D2524282
:10EF30001046B0BD2DE9F04788421FD0044648680E
:10EF40000D4650B1013800BFD8B1A96851F8201062
:10EF500001380029F8D0861C14E07CB1A06830B1DB
:10EF60006168890002F0CAFAA0680CF0A7FC0121D0
:10EF70000020C4E90010A060BDE8F0870020BDE8D3
:10EF8000F087012667682868B742206021D242F2E4
:10EF90001070864225D830460421F1F7C1F900B33C
:10EFA000D4F808808246B8F1000F0DD04FEA8709E7
:10EFB000504641464A46F1F7F5F84046494602F0C8
:10EFC0009DFAA0680CF07AFC00200121C4E9016AD6
:10EFD0000AE0A068B91B00EB86008900F1F709F987
:10EFE00006E06FF00F000021002908BFBDE8F087A0
:10EFF000A068A968B200F1F7D5F80020BDE8F08755
:10F000002DE9F04F9DB0894659688346481E1F463A
:10F01000154601464A1C0DD0BB6853F82130013912
:10F02000002BF7D0002A14BF3968002129B96FF0EE
:10F030000B0440E100210029F9D001210022CDE993
:10F040001722CDE913121592CDE91122CDE90D1247
:10F05000CDE90F216A6816910A9103210B9107A946
:10F06000013A0C911146013208D0AA6852F82120C9
:10F07000002AA1F10102F5D0023201E0002200BF16
:10F080000346013008D0B86850F823000028A3F1E7
:10F090000100F5D0023000E00020194001311DD000
:10F0A00082421BD890420ED8501E00BF411C15D082
:10F0B000A968BA6851F8201052F8202091420DD862
:10F0C000A0F10100F2D2BBF1000F7DD0DBF80460AB
:10F0D0001EB30024012000286AD1B4E016A82946F6
:10F0E000FFF728FF0446002840F0AD8013A83946FA
:10F0F000FFF720FF0446002840F0A5806968012042
:10F100008C1C42F210718C421390169024D96FF02F
:10F110000F040020002841D195E001200421F1F7DF
:10F12000FFF800283FD0DBF80870044677B14FEABB
:10F130008608204639464246F1F734F838464146BB
:10F1400002F0DCF9DBF808000CF0B8FB0120CBE999
:10F150000104002460BB76E0119EA6421AD220462C
:10F160000421F1F7DDF80028D1D0DDF848A0804671
:10F17000BAF1000F0CD0B600404651463246F1F7C6
:10F1800011F85046314602F0B9F912980CF096FB8E
:10F19000CDE9114800240120002854D0119E06B367
:10F1A000002401203EE06FF00F04002000284AD028
:10F1B000DBE901108900F1F71CF8DBF808000021F9
:10F1C00001600120CBF80000B9F1000F07D04846DC
:10F1D0002946FFF7AFFE0446A8BB00246BE00024DD
:10F1E00069E001200421F1F79BF8C0B1DDF8488007
:10F1F0000446B8F1000F0DD04FEA860A204641467A
:10F200005246F0F7CFFF4046514602F077F9129888
:10F210000CF054FB0120CDE91104002402E06FF052
:10F220000F04002078B1DDE911108900F0F7E1FF4B
:10F23000129800210160012010900DA8022100F019
:10F2400035FF0446D8B3189830B11799890002F0F9
:10F2500055F918980CF032FB1598012600251696E2
:10F260001795189530B11499890002F047F915984F
:10F270000CF024FB129813961495159530B1119942
:10F28000890002F03BF912980CF018FB0F98012549
:10F29000002610951196129630B10E99890002F051
:10F2A0002DF90F980CF00AFB07A80C21CDE90D569B
:10F2B0000F9602F023F920461DB0BDE8F08F13A889
:10F2C000FFF764FD00F01F001F282BD100200590E0
:10F2D00017981499421E481EA2EB000A039106904B
:10F2E0004FEA4A1113A80292049101F07DFC0446F2
:10F2F0000028A8D116AE0DF14C0830464146FFF764
:10F30000C5FD002821D41298424650F82A10013138
:10F3100040F82A103046314601F04EFE04460028DF
:10F32000EBD090E780F01F0116A8059101F05CFC7E
:10F33000044600287FF487AF059913A801F054FC18
:10F34000044600287FF47FAFC2E7049913A801F0B8
:10F35000EBFC044600287FF476AF0698029B8342BC
:10F3600040F2AE800C980DF1340A0190039801260A
:10F3700002380490189C1599069A54F8230051F805
:10F380002220904208D204EB8301984651F8041CD5
:10F39000FBF7CCFF434601E04FF0FF30039A129990
:10F3A000A3EB020841F82800022B26BF04EB8300E0
:10F3B00050F8080C002001990860581E029054F87B
:10F3C0002000486054F823008860129850F82810F4
:10F3D000013140F82810129850F82810013940F8EF
:10F3E00028105046002101F0C7F8002840F09B800B
:10F3F000069820B11598049950F8210000E00020EB
:10F400000F99069A0860159850F822001AAA4860C9
:10F41000129819A950F828001C911990504651468D
:10F42000CDE91A6601F082F900287CD150460AA97C
:10F43000FFF72CFD0028CEDC129819A950F82800FF
:10F440001C911990504613A91AAACDE91A6601F029
:10F450006DF9002867D14FEA48115046009101F03C
:10F46000C3FB00285FD116A80146524601F0A4FD57
:10F47000002858D116A80021FFF7B4FCB0F1FF3FD7
:10F4800018DC504613A9FFF755FD00284BD1009911
:10F49000504601F0A9FB002845D116A80146524666
:10F4A000FFF71AFC00283ED1129850F828100139B5
:10F4B00040F828100698029981420B463FF65AAF51
:10F4C000BBF1000F0DD010A95846FFF733FD0446DD
:10F4D00000287FF4B8AE2868396801FB00F0CBF84B
:10F4E0000000B9F1000F1CD0059916A801F01CFC12
:10F4F000044600287FF4A7AE286816A9169048464F
:10F50000FFF718FD044600287FF49DAE4846002111
:10F510000024FFF767FC00287FF495AE0120C9F8AE
:10F52000000000248FE604468DE600002DE9F04F30
:10F53000ADF2546DD3F804A01C46AAF1010300BF3C
:10F540005F1C0ED0A66856F82360013B002EF7D052
:10F55000002F14BF23680023012B05DA6FF0030985
:10F56000D0E20023012BF9DBA3681D68EB0702D171
:10F570006FF00309C6E2D2F804C0ACF101094F46AE
:10F580007E1C0ED0936853F82730013F002BF7D034
:10F59000002E14BF13680023002B05D56FF003095C
:10F5A000B0E20023002BF9D40591042101EB4501C1
:10F5B000674601F0080101EB05082021069207903B
:10F5C00008FB05F20F29C2F1020202FB08F84FEA1C
:10F5D0005101F5D801204FF0000BCDF83806CDF8D9
:10F5E0002C06CDE9080B0BA84FF4C061CDF83CB652
:10F5F000CDF840B6CDF830B6CDF834B6CDF828B059
:10F60000F0F7F7FD3FB30699B9F1000F09D088680C
:10F6100050F82900A9F101090028F5D009F10100ED
:10F6200000E00020896851F8201000290ED4002342
:10F630004FF000421E2B03F1010705D801EA5203E7
:10F640005208002B3B46F5D0794200E0002101EB47
:10F65000401000F1200B4FEA5B10142802D94FF044
:10F66000060B12E0BBF1EF0F02D94FF0050B0CE0D7
:10F67000BBF14F0F02D94FF0040B06E0BBF1170F9F
:10F680004FF0010B88BF4FF0030B0AF1010742F264
:10F690001070874204D96FF00F090020A0BBE2E18F
:10F6A00007984568BD4222D238460421CDF810B0F3
:10F6B000F0F736FE00B3DDF81CA08346DAF80890B8
:10F6C000B9F1000F0DD0AD00584649462A46F0F773
:10F6D00069FD4846294601F011FFDAF808000CF0F0
:10F6E000EDF84FF000090120CAE9017B07E04FF077
:10F6F0000009012040B9B6E16FF00F090020DDF8E4
:10F7000010B0002800F0AF8142F21070874203D998
:10F710006FF00F09002029E00F9DBD421ED2384630
:10F720000421DA46F0F7FCFDE0B1DDF840908346B5
:10F73000B9F1000F0CD0AD00584649462A46F0F703
:10F7400031FD4846294601F0D9FE10980CF0B6F874
:10F750004FF000090120CDE90F7B06E04FF00009D2
:10F76000012003E06FF00F090020D346002800F0CD
:10F770007A817D0042F21070854204D96FF00F0942
:10F78000002088B96FE14DB128460421F0F7C8FD8B
:10F790000028F3D0CDF83056CDF834064FF00009EC
:10F7A0000120002800F05F8105990868013003906E
:10F7B00043D0DDF87826D2B19068C0B19168D2E923
:10F7C0000002CDF84016CDF83806CDF83C26059D50
:10F7D0000BA800F10C0728462146FFF757FB00282D
:10F7E00037D438462946224600F00CFF35E00DF5A7
:10F7F000C760012100F0C0FE8146002840F033813F
:10F80000606881010DF5C76001F0EEF981460028BE
:10F8100040F029810DF5C7600146224600F0F2FE56
:10F820008146002840F01F81DDF87836002BCED0CD
:10F830000DF5C76207CA07C3C9E708A8FFF77AFB37
:10F840008146002840F00F810120089008A805900B
:10F85000AFE738462946FFF76DFB8146002840F0A8
:10F860000281C8F100080DF5C7650DF22C6A384613
:10F87000294622464346CDF800A006F02BFB079808
:10F880002946FFF757FB8146002840F0EC800DF534
:10F89000CA60CDF84C060798019701270DF2446124
:10F8A00022464346CDF85076CDF84476CDF84876DA
:10F8B000CDF800A006F00EFBBBF1020FC24630D31C
:10F8C000ABF1010507FA05F606EB46000BAA6168E5
:10F8D00002EB800701313846D04600F0E7FB019982
:10F8E000814600280DF22C6A40F0BD803846FFF7B3
:10F8F00021FB8146002840F0B68065B1CBF10005C0
:10F900003846394622464346CDF800A006F0E2FAD2
:10F910000135681CF4D1701C30FA0BF0C24600F0BF
:10F920002A8106984FF00008D0F804900020029039
:10F93000002700200DF22C6507E0079822460146BB
:10F940005346009506F0C6FA0120B8F1000F0146B3
:10F9500006D1B9F1000F43D0A9F101094FF02008F9
:10F960000698A8F10108806850F8290020FA08F0EC
:10F9700000F0010252EA01004FF00000E5D0012939
:10F9800008BF002AD9D00137BBEB0700029902FA61
:10F9900000F041EA00014FF002000291D5D1CDF80C
:10F9A00010B05F46DDF81CB0584659462246534613
:10F9B000009506F08FFA013FF6D102980BA900EBF3
:10F9C0004000224601EB800158465346009506F060
:10F9D00081FA0021DDF810B0012002910027B4E780
:10F9E000DDE90168CDF814A017B30120079DDDF80B
:10F9F00014A000FA0BF0049003E0013F4FEA48081E
:10FA000016D028462946224653460DF22C69CDF8D9
:10FA1000009006F05FFA049810EA480FEDD02846EF
:10FA2000314622465346CDF8009006F053FAE4E7FB
:10FA30000120079DCDF85006CDF84406CDF84806C4
:10FA40000DF5CA60059BCDF84C060DF244612846C1
:10FA500022460DF22C67009706F03CFA0398002826
:10FA600075D04FF00009ABF10100012404FA00F059
:10FA700030FA0BF14BD0109830B10F99890001F09A
:10FA80003DFD10980BF01AFFDDF83446DDF878766E
:10FA9000012600250E960F95109544B1DDF830062D
:10FAA0008100204601F02AFD20460BF007FF0A984E
:10FAB000CDF82C66CDF83056CDF8345630B10999D2
:10FAC000890001F01BFD0A980BF0F8FE0120089058
:10FAD000002009900A900FB1B86898B9DDF8400687
:10FAE00040B1DDF83C16890001F008FDDDF8400664
:10FAF0000BF0E4FE0120CDF838060020CDF83C06DE
:10FB0000CDF8400648460DF2546DBDE8F08F00EB8D
:10FB100040010BAA02EB8101461C01F108070025F8
:10FB200009E000BF47E9024547F80C5B36FA0BF0E5
:10FB300006F101069FD138680028F3D057F8041C5D
:10FB4000890001F0DBFC38680BF0B8FEEAE70699A3
:10FB5000486800283FF485AF88680078C0073FF404
:10FB600080AF4FF0FF302860284621462A46FFF735
:10FB7000B3F8814677E706F10208606807F10C05E3
:10FB8000411C284600F092FA0028F2D12846394656
:10FB9000FFF7D0F900280DF22C67EAD10199284629
:10FBA00022465346009706F095F938FA0BF008F113
:10FBB00001082F46E1D0B4E62DE9F04F81B00E46A2
:10FBC00005468C0889074FF0010018BF00EB96042A
:10FBD00069689946A14293462DD065B1A86828B1BD
:10FBE000890001F08BFCA8680BF068FE0120002161
:10FBF000C5E90001A96001210020C5E9001042F219
:10FC000010718C42A86004D96FF00F07002867D0EC
:10FC100011E034B120460421F0F782FB30B1C5E990
:10FC200001400027012000285AD004E06FF00F07A0
:10FC30000020002854D06F6827B100270120002839
:10FC40004ED026E001200421F0F76AFBE8B1D5F898
:10FC500008A08046BAF1000F11D0CDF800B04FEAED
:10FC6000870B404651465A46F0F79CFA5046594693
:10FC7000DDF800B001F042FCA8680BF01FFE012087
:10FC80000027C5E9010858B303E06FF00F07002013
:10FC900030B3D5E90110C6EB84088900F0F7A9FA62
:10FCA000A868002701210760296000EB0801484689
:10FCB0003246D8476FF000402044B0F1FF3F0FDCE0
:10FCC000A86800EB840108394B6802681BBA40F849
:10FCD000043B12BA4A608842A1F10401F4D900271A
:10FCE000384601B0BDE8F08F002808BF704710B556
:10FCF0000446806830B16168890001F0FFFBA068AC
:10FD00000BF0DCFD01200021C4E90001A160BDE889
:10FD1000104070472DE9F04F87B01546804601200E
:10FD200000220490CDE9010204A8CDE90522039246
:10FD3000FFF700F90746002840F08C8101A829460A
:10FD4000FFF7F8F80746002840F08481059890B145
:10FD500006990022002351F8236002F120070025B4
:10FD600026FA05F4E40709D10135202DF8D1013335
:10FD700083423A46EFD14FF0000B01E002EB050B56
:10FD8000029890B103990022002351F8236002F1F8
:10FD90002007002526FA05F4E40708D10135202DB7
:10FDA000F8D1013383423A46EFD1002000E05019E8
:10FDB000584538BF834604A8594600F0B5FF0746AA
:10FDC000002840F0478101A8594600F0ADFF0746E2
:10FDD000002840F03F814FF0010A0DF11009CDF8E5
:10FDE00004A0CDF810A003E00027002F40F03281DE
:10FDF000DDE9050103460A1F5BB1194652F82330BD
:10FE0000002BA1F10103F7D0049A002908BF0A468C
:10FE100000E00022002A00F0128190B10699002231
:10FE2000002351F8236002F12007002526FA05F48B
:10FE3000E40708D10135202DF8D1013383423A4639
:10FE4000EFD1002100E05119484600F06DFF002875
:10FE500040F0FF80029890B103990022002351F8EE
:10FE6000236002F12007002526FA05F4E40708D1F3
:10FE70000135202DF8D1013383423A46EFD10021DC
:10FE800000E0511901A800F04FFF002840F0E18088
:10FE9000DDE90520043800BF11463AB150F82120B1
:10FEA000002AA1F10102F7D0501C00E00020DDE99A
:10FEB0000272131F3A464FB153F82270002FA2F17D
:10FEC0000107F7D07B1C114303D004E0002311434A
:10FED00001D1002128E0984201D9049924E083420D
:10FEE00002D9019841421FE00499012904DB019ADB
:10FEF000002A01D5012117E0019A012A04DB00291B
:10FF000002D54FF0FF310FE0039A069B043A043B01
:10FF10000028DED053F8207052F82060B74203D892
:10FF2000A0F10100F4D24942002918D448464946BC
:10FF300001AA00F09FFF002840F08B80059D35B39B
:10FF400006980021043800BF50F8252041EA5201EC
:10FF500040F82510013D4FEAC271F5D144E701A8F0
:10FF600001464A4600F086FF002872D1029D55B333
:10FF700003980021043800BF50F8252041EA5201BF
:10FF800040F82510013D4FEAC271F5D12CE7012060
:10FF90000421F0F7C5F9064688B3069F7FB14FEA02
:10FFA000850A304639465246F0F7FCF83846514645
:10FFB0004FF0010A01F0A2FA06980BF07FFC00272F
:10FFC000CDE905A61DE001200421F0F7A9F90646B8
:10FFD00028B3039F7FB14FEA850A3046394652461F
:10FFE000F0F7E0F8384651464FF0010A01F086FA82
:10FFF00003980BF063FC0027CDE902A611E06FF037
:020000040001F9
:100000000F07002E3FF4F1AEDDE905108900F0F78F
:10001000F0F8069800210160CDF810A0E5E66FF039
:100020000F07002E3FF4E1AEDDE902108900F0F782
:10003000E0F8039800210160CDF804A0D5E601A8FE
:10004000594600F0D1FD074620B901A94046FEF708
:1000500071FF0746069830B10599890001F04EFA04
:1000600006980BF02BFC01200490039800210591C9
:10007000069130B10299890001F040FA03980BF023
:100080001DFC384607B0BDE8F08F00004268B1EBB8
:10009000421F24BF0020704780684A0950F82200A0
:1000A00001F01F01C84000F0010070472DE9F04346
:1000B00081B00C4642F210718C4204D96FF00F00EF
:1000C00001B0BDE8F08347680546A7421BD2204631
:1000D0000421F0F725F90028F0D0D5F8089006465D
:1000E000B9F1000F0DD04FEA870830464946424625
:1000F000F0F758F84846414601F000FAA8680BF0BE
:10010000DDFBC5E90146002001B0BDE8F083000039
:1001100001210022C0E90012826070472DE9F04FF2
:100120009BB00F46516814460546481E411C1CD022
:10013000A16851F8201001380029F7D0811C02294C
:1001400016D2C9B1206800281BD401394A1C67D0D7
:10015000A26852F82120012A15D8002AA1F1010134
:10016000F4D14042012810DA5DE000210229E8D3F1
:100170002068012809DA56E04FF0FF30012804DA40
:1001800051E04FF0FF3001284DDB01200021159098
:10019000CDE91611CDE912011491CDE91011CDE987
:1001A0000C01CDE90E10CDE918011A91CDE90A1123
:1001B000CDE90601CDE90810CDE90411CDE9000132
:1001C000CDE9021018A839462246FFF7A3FD0646DE
:1001D000002840F03781DDE919100438D1B150F81A
:1001E00021304A1E002B1146F8D0511C022914D28E
:1001F000E1B1189800281DD41A9A043A01B352F8B4
:100200002130012B18D8002BA1F10101F6D1404279
:1002100098B918E000210229EAD3189868B912E0C9
:1002200000200128B1DA6FF0030681E14FF0FF30C2
:1002300018B908E04FF0FF3028B16FF00D0601E16A
:1002400000200028F9D115A83946224600F0DAF935
:100250000646002840F0F68012A815A9FEF76AFEAF
:100260000646002840F0EE8009A82146FEF762FE0F
:100270000646002840F0E68006A82146FEF75AFE12
:100280000646002840F0DE800FA8012100F074F936
:100290000646002840F0D6800CA8002100F06CF93A
:1002A0000646002840F0CE8003A8002100F064F943
:1002B0000646002840F0C6806846012100F05CF93F
:1002C0000646002840F0BE8009AF0DF1540B0DF139
:1002D00018080DF10C09EA4614980078C0072DD1D2
:1002E00012A8012100F020FD002840F0AA801198FA
:1002F0000078C00703D10E980078C0070FD00FA870
:1003000001463A46FEF7E8FC002840F09A800CA827
:1003100001465A4600F050FE002840F092800FA897
:10032000012100F001FD002840F08B800CA8012184
:1003300000F0FAFC06460028CED083E0089800784A
:10034000C00729D14046012100F0EEFC002878D1F9
:1003500005980078C00703D102980078C0070DD037
:10036000484649463A46FEF7B7FC002869D1504650
:1003700051465A4600F020FE002862D1484601212D
:1003800000F0D2FC00285CD15046012100F0CCFCEA
:1003900006460028D2D055E012A84146FEF776FD69
:1003A000002811D412A80146424600F005FE00289C
:1003B00047D10FA801464A4600F0FEFD002840D173
:1003C0000CA8014652460EE04046414612AA00F0F3
:1003D000F3FDB0BB484649460FAA00F0EDFD80BBD7
:1003E000504651460CAA00F0E7FD50BB12A8002170
:1003F000FEF7F8FC00287FF46FAF03AF384600210A
:10040000FEF7F0FC002808D5384639462246FEF7AC
:1004100063FC06460028F1D014E003AF38462146BD
:10042000FEF734FD002808D438463946224600F04D
:10043000C3FD06460028F1D004E003A92846FEF7D4
:1004400079FD0646179830B11699890001F056F8E3
:1004500017980BF033FA149801250024159516947B
:10046000179430B11399890001F048F814980BF0F3
:1004700025FA119812951394149430B110998900AB
:1004800001F03CF811980BF019FA0E9801250024A0
:100490000F951094119430B10D99890001F02EF848
:1004A0000E980BF00BFA1A980C950D940E9430B12F
:1004B0001999890001F022F81A980BF0FFF90B98AE
:1004C00001250024189519941A9430B10A998900CD
:1004D00001F014F80B980BF0F1F9089809950A94BB
:1004E0000B9430B10799890001F008F808980BF0D7
:1004F000E5F905980125002406950794089430B184
:100500000499890000F0FAFF05980BF0D7F90298DA
:1005100003950494059430B10199890000F0EEFF31
:1005200002980BF0CBF9012000900020CDE90100EA
:1005300030461BB0BDE8F08FB0B54168002904BF5C
:100540000020B0BDD0F808C0002200235CF82300D2
:1005500002F1200E002400BF20FA04F5ED071CBFB5
:100560001019B0BD0134202CF6D101338B427246F4
:1005700004BF0020B0BDE9E72DE9F04381B0476832
:1005800004460D461FB10026012080B31DE0012066
:100590000421EFF7C5FE70B3D4F808900646B9F110
:1005A000000F0DD04FEA8708304649464246EFF724
:1005B000F9FD4846414600F0A1FFA0680BF07EF926
:1005C0000120C4E90106002688B1D4E901108900A0
:1005D000EFF70FFE2846002D48BF6842A168B5F12D
:1005E000FF3F08604FF0FF30C8BF01202060304659
:1005F00001B0BDE8F0836FF00F0600200028F6D0B0
:10060000E3E70000B0B514460A4661680546481E97
:10061000411C0CD0A36853F820300138002BF7D0D0
:1006200029B12068002844BF6FF00900B0BD002048
:1006300029462346FEF7E4FC002818BFB0BD6868D1
:10064000013800BF411C0DD0AA6852F820200138A3
:10065000002AF7D0002914BF28680020002804D4FD
:1006600016E000BF0020002812D528462946224661
:10067000FEF732FBE0E700BF2968002944BF0020F5
:10068000B0BD28462946224600F096FC00284CD1F1
:1006900068680138411C09D0AA6852F82020013846
:1006A000002AF7D000F1020C02E000BF4FF0000C6E
:1006B0006268531E5A1C07D0A06850F82300013B03
:1006C0000028F7D0023300E00023002908BF002AE9
:1006D00006D09C45D0D8634504D920684142CCE778
:1006E0000021CAE72968012902DB2068002818D404
:1006F0002068012804DB002902D54FF0FF31BCE758
:10070000ACF10100421C0ED0AA68A36852F8202068
:1007100053F820309A42B0D8A0F10100F2D24942F9
:10072000ABE70121A9E70021A7E7B0BD2DE9F04F14
:1007300089B090468B460246012000215A4506901A
:10074000CDE90711CDE903010591029210D0424590
:100750001BD0DBF804000138411C22D0DBF8081064
:1007600051F8201001380029F6D000F102091AE0F2
:1007700006AF38465946FEF7DDFB029A05460028CB
:1007800040F07781BB464245E3D103AF384641464E
:10079000FEF7D0FB029A0546002840F06A81B84671
:1007A000D7E74FF00009D8F804000138411C09D000
:1007B000D8F8081051F8201001380029F6D000F1BF
:1007C000020A01E04FF0000A0AEB090742F210703A
:1007D000874204D96FF00F05002010BB49E156682D
:1007E000BE4219D238460421EFF79AFDE8B3029AC7
:1007F0000546946874B1B600284621463246EFF7A4
:10080000D1FC2046314600F079FE029880680BF05A
:1008100055F8029AC2E9017500250120002800F070
:10082000288154681CB10025012038BB21E101203A
:100830000421EFF775FDD0B1029A0746956875B1AE
:10084000A400384629462246EFF7ACFC284621464C
:1008500000F054FE029880680BF030F8029A0120F4
:100860000025C2E9010748B903E1029AB2E7029AFA
:100870006FF00F050020002800F0FB80D2E9011086
:1008800001958900EFF7B5FCDDF808C00022DCF81F
:100890000800BAF1000F02604FF00100CCF8000030
:1008A00000F0DE80DCF80800D8F8081000EB8A00C1
:1008B000AAF1010ADBF8084051F82A50B9F1100FEB
:1008C000A0F104074FF000034E46C0F0758000BF52
:1008D00054F8040B3968E5FB601347F8041B54F81F
:1008E000040B3968E5FB601347F8041B54F8040B4C
:1008F0003968E5FB601347F8041B54F8040B3968AA
:10090000E5FB601347F8041B54F8040B3968E5FB5A
:10091000601347F8041B54F8040B3968E5FB6013B7
:1009200047F8041B54F8040B3968E5FB601347F8DB
:10093000041B54F8040B3968E5FB601347F8041BEB
:1009400054F8040B3968E5FB601347F8041B54F8AE
:10095000040B3968E5FB601347F8041B54F8040BDB
:100960003968E5FB601347F8041B54F8040B396839
:10097000E5FB601347F8041B54F8040B3968E5FBEA
:10098000601347F8041B54F8040B3968E5FB601347
:1009900047F8041B54F8040B3968E5FB601347F86B
:1009A000041B54F8040B3968E5FB601347F8041B7B
:1009B000103E0F2E3FF68CAF082E3AD354F8040B9E
:1009C0003968E5FB601347F8041B54F8040B3968D9
:1009D000E5FB601347F8041B54F8040B3968E5FB8A
:1009E000601347F8041B54F8040B3968E5FB6013E7
:1009F00047F8041B54F8040B3968E5FB601347F80B
:100A0000041B54F8040B3968E5FB601347F8041B1A
:100A100054F8040B3968E5FB601347F8041B54F8DD
:100A2000040B3968E5FB601347F8041B083E072EEA
:100A3000C4D846B154F8040B3968E5FB601347F895
:100A4000041B013EF6D1381F50F8041FCF1842F1A5
:100A500000038F420760F7D3BAF1000F7FF422AF93
:100A6000DBF80000D8F80010019D01FB00F0CCF885
:100A70000000059830B10499890000F03FFD059809
:100A80000AF01CFF012003900898002404940594A8
:100A900030B10799890000F031FD08980AF00EFF87
:100AA0002846079409B0BDE8F08F00002DE9F04F0B
:100AB00081B093460446950892074FF0010018BF95
:100AC00000EB9B0562688846AA422DD064B1A068FD
:100AD00028B1910000F012FDA0680AF0EFFE01209D
:100AE0000021C4E90001A16001210020C4E9001037
:100AF00042F210718D42A06004D96FF00F070028F8
:100B000068D011E035B128460421EFF709FC30B177
:100B1000C4E901500027012000285BD004E06FF0F9
:100B20000F070020002855D066681EB10027012657
:100B3000FEB928E001200421EFF7F2FB00284DD098
:100B4000D4F808900746B9F1000F0DD04FEA860A95
:100B5000384649465246EFF725FB4846514600F0D5
:100B6000CDFCA0680AF0AAFE0126C4E901670027AF
:100B70004EB1D4E901108900EFF73BFBA0680021DA
:100B8000016001202060B8FA88F0400986F0010178
:100B900008431FD1CBEB8500A1685A460844414663
:100BA000EFF700FB6FF000402844B0F1FF3F01DD9C
:100BB00000270FE0A06800EB850108394B68026848
:100BC0001BBA40F8043B12BA4A608842A1F1040102
:100BD000F4D90027384601B0BDE8F08F6FF00F0759
:100BE0000026002EC5D1CEE72DE9F0474768044620
:100BF0000D4657B1781E00BF48B1A16851F82010CA
:100C000001380029F8D0013002E0002018E000206F
:100C1000A16851F8201000290ED400234FF00042A3
:100C20001E2B03F1010605D801EA52035208002BDE
:100C30003346F5D0714200E0002101EB4010203036
:100C40002844B0EB471F31D946090121C20618BF1D
:100C500001EB501642F21070864203D96FF00F007C
:100C600000211FE0B7421BD230460421EFF758FBAA
:100C70000028F3D0D4F808808246B8F1000F0DD0D8
:100C80004FEA8709504641464A46EFF78BFA4046FD
:100C9000494600F033FCA0680AF010FEC4E9016A7E
:100CA00000200121002908BFBDE8F0876E09202D32
:100CB00005F01F0515D36068B04231D9A268A2EBD8
:100CC0008601131F043900BF51F82070421E43F8FB
:100CD0002070B2421046F7D81AB1A0689100EFF721
:100CE00088FA002D04BF0020BDE8F08760688642C6
:100CF00024BF0020BDE8F087A068C5F120010022D4
:100D000050F8263003FA05F73A4340F82620626887
:100D1000CB40013696421A46F2D30020BDE8F08758
:100D20000246002AD9D1DCE7F0B581B04768044615
:100D3000B7EB511F06D311F01F004FEA511223D019
:100D4000BA4221D127B100250120002862D026E037
:100D500001200421EFF7E4FAE8B1A668054666B180
:100D6000BF00284631463A46EFF71CFA304639466E
:100D700000F0C4FBA0680AF0A1FD0120C4E9010550
:100D80000025002846D00AE020292BD36168914233
:100D900010D100211BE06FF00F050020D0B3D4E983
:100DA00001108900EFF725FAA068002101600120F9
:100DB00020602FE0A368002103EB820757F8216031
:100DC00043F8216066680131B61AB142F6D3626811
:100DD000914207D2A268002342F8213067680131AE
:100DE000B942F9D398B1616899B1A368C0F1200202
:100DF000043B002753F8216026FA00F52F4343F8FF
:100E00002170013906FA02F7F4D1002502E000252D
:100E100000E00025284601B0F0BD0000416800292F
:100E200004BF00207047013941B1826852F8212087
:100E30000139002AF8D001F1010C01E04FF0000C5B
:100E4000806850F82C0000280ED400234FF0004298
:100E50001E2B03F1010105D800EA52035208002BB2
:100E60000B46F5D0484200E0002000EB4C10273044
:100E7000C00870472DE9F04383B081460120164633
:100E80000F460090002091450190029009D0B9458D
:100E900012D048463946FEF74DF80446002861D185
:100EA0000AE0E84640463146FEF744F8044600288A
:100EB00058D14646B945ECD171680120C9F8000007
:100EC000481E00BF411C07D0B26852F820200138EC
:100ED000002AF7D0023000E0002000294FF0000483
:100EE00040D0D9F80810B268002300BF51F8237031
:100EF0000025A742A7EB040741F8237052F82360AE
:100F000038BF0125B74238BF0135BF1B41F82370F8
:100F1000013398422C46E9D11DB3D9F80420904200
:100F200002D251F8203023B1904215D16FF009045C
:100F300026E04FF0FF3300BF41F82030D9F80420FD
:100F4000471C974205D201EB8000406800283846D4
:100F5000F2D038469042E9D051F82020013A41F8C9
:100F600020200024029830B10199890000F0C6FACF
:100F700002980AF0A3FC012000900020CDE90100B6
:100F8000204603B0BDE8F0831346002A48BF534211
:100F900080B584B000934FF0FF33B2F1FF3FC8BF7C
:100FA0000123012202926A46039201AA019300F0F2
:100FB00003F804B080BD0000F0B581B00B460D68A9
:100FC0001168074601FB05F101290DDB5868411E38
:100FD000084601310FD0996851F820100029A0F17E
:100FE0000101F5D0023107E038461946FDF798FDBA
:100FF000B0B301B0F0BD00215668013E3446013661
:1010000008D0966856F82460002EA4F10106F5D0A9
:10101000023600E00026204001301BD0B14219D832
:101020008E420ED8481E00BF411C13D099689668A6
:1010300051F8201056F82060B1420BD8A0F1010001
:10104000F2D2384611461A46FFF714FF0028D0D1D5
:101050006D4205E038461946FFF70CFF0028C8D15D
:1010600000203D6001B0F0BDF0B581B0044640689D
:10107000B2EB800F4FEA800709D98818D21BC61B34
:1010800008461146EFF7B5F83A46314614E0974264
:1010900012D9D4F808C0D300104600BF20F00306D0
:1010A0005CF8066003F01805EE40360618D10130F2
:1010B000874203F10803F1D17AB1481E00210023D1
:1010C000A76823F00306BF5901F01806F7408754BC
:1010D0000133013A01F10801F2D1002001B0F0BD65
:1010E0006FF0070001B0F0BD10B5032808D14EF233
:1010F0005C644FF20F2CC0F20104C0F2010C12E04C
:101100004EF25C6EC0F2010E744600BF54F814CF6C
:10111000BCF1000F04BF6FF02D0010BD9EF824300D
:10112000A6468342F2D16068C1F800C0106000207A
:1011300010BD0000F0B581B00C46C0B10546466850
:101140004EF2E8674FF2B710C0F20107C0F201009B
:1011500003E000BF57F8140F48B17968B142F9D1E4
:10116000A9683246EFF7A3F80028F3D100E0002782
:10117000002F0FBF6FF02D00387C2070002001B0D1
:10118000F0BD00002DE9F04190460D46B8B106468D
:1011900047684EF238744FF2F110C0F20104C0F209
:1011A000010002E054F8140F48B16168B942F9D166
:1011B000B1683A46EFF77BF80028F3D100E000244D
:1011C000002C04BF6FF02D00BDE8F081207C28705A
:1011D000607C88F800000020BDE8F081F0B581B0A7
:1011E0000C46C0B1054646684EF2EC774FF25820E7
:1011F000C0F20107C0F2010003E000BF57F8140F6E
:1012000048B17968B142F9D1A9683246EFF74FF891
:101210000028F3D100E00027002F0FBF6FF02D0052
:1012200038692060002001B0F0BD000020B10068E6
:1012300010B1C2680846104700207047F0B5D0F8DA
:1012400000E084464CF20010BEF1000FCFF6FF70B4
:1012500013D0DEF81C70002F08BFF0BD3E46DDE95C
:10126000074EDDE90575DCF80400B446CDE9074E0C
:10127000CDE90575BDE8F04060478030F0BD000065
:10128000002808BF704710B50446006810B1816A95
:101290006068884720460821BDE8104000F02EB95C
:1012A00020B1016811B14068896808470020704783
:1012B00020B1006800281CBF0078704700207047EC
:1012C0004EF2E051C0F20101012818BF002108468A
:1012D000704700000021C0E9001170472DE9F0437C
:1012E00089B01446002705AA302305468DF80770FB
:1012F000F9F798F810B1A0F5745740E028680599FF
:1013000006AA461802AB28463146CDE90277049773
:10131000F8F7C6FE10B1A0F56A571AE04CF2803714
:1013200006A80DF10701CFF6FF77FFF703FF80B99D
:101330009DF8070001280BD1029807F500770528D2
:1013400018BF002805D10398002808BF002700E037
:101350000027A7B905AA28463146F8F743FF10B180
:10136000A0F56C570BE0286805994CF28038CFF651
:10137000FF78084408F58D79B0424F4603D03846CF
:1013800009B0BDE8F0839DF80700FFF799FFF0B1C1
:101390000146204600F01EF807460028EFD19DF8D0
:1013A0000700012805D162682846314605F04AF950
:1013B0008046B8F1000F474603D12868871B18BF45
:1013C0004F46002F1CBF2046FFF75AFFD7E747467E
:1013D000D5E7000070B54CF28014CFF6FF7411B160
:1013E0000646006808B1204670BD486A0D46804731
:1013F0000028706004BFA4F5807070BD00243560C3
:10140000204670BD2DE9F04F81B0064600684CF2D1
:101410008015CFF6FF7558B30DF1280B89460D994D
:101420009BE8800C1C46904613B1012000B30CE0F1
:1014300048460091FDF7A0FA20B1FDF7B5F9044642
:10144000012000E00020009990B13068D0F814C06D
:10145000BCF1000F0BD070680D91CDE90BAB494684
:10146000424623460A9701B0BDE8F04F6047803DF1
:10147000284601B0BDE8F08F2DE9F04383B0164651
:1014800012684CF28015CFF6FF757AB10F46D1681D
:10149000984604468847A5F1800920B1062C04D15E
:1014A00005F5A06502E04D4600E01FB1284603B0F7
:1014B000BDE8F08330680028F8D00B9F37B940466C
:1014C000FDF75AFAB0B1FDF76FF907460120002881
:1014D000ECD0306805695DB1DDE90C140A9A7068DA
:1014E000009141463B460194A84703B0BDE8F08314
:1014F0004D46DBE700200028D8D0EAE7002908BFE6
:1015000070470A464EF25861C0F201010B68002193
:10151000184700002DE9F04F83B04BF600640E46EB
:101520000546CFF6FF7400F03FF8C8BB304600F028
:101530003BF8A8BB3046012105F0E0FB80BB06F17B
:10154000080906F12C0706F1380A06F1200B0020E5
:1015500006F11408CDE901004846394652465B467B
:10156000CDF8008001F062F8D0B906F1500006F124
:1015700044035C360090384651465A46019600F0C6
:10158000BBFF68B905F108004946FDF77FFC38B993
:1015900005F114004146FDF779FC002808BF044618
:1015A000204603B0BDE8F08FF0B581B000F108052A
:1015B000064647684BF600642846CFF6FF74FFF7EF
:1015C0002DFC87422BD17068B0F5806F27D8284654
:1015D0000021FDF707FC012821DB28460021FEF74A
:1015E00055FDE0B1143630460021FDF7FBFB012824
:1015F00015DB2846FDF7CAFB802810D330460021B2
:10160000FEF744FD58B13046FDF7C0FB022806D373
:1016100030462946FDF73AFC002848BF0024204602
:1016200001B0F0BD2DE9F04F8FB004460830002125
:101630000B90FDF7D7FB0A90B0FA80F040090E90AE
:1016400004F12C0000210D90FDF7CCFB8046002812
:10165000834604F1380018BF4FF0010B00210C90B5
:10166000FDF7C0FB82460028074604F1200018BFA2
:10167000012700210990FDF7B5FB0646B0FA80F07E
:10168000450904F114000021002E18BF012608901E
:10169000FDF7A8FB8146002818BF4FF0010904F1AF
:1016A000440000210590FDF79DFB079004F15000D8
:1016B00000210490FDF796FB069004F15C000021E8
:1016C0000390FDF78FFB0BEA070202EA060101EA2D
:1016D00009030E992A4041EA0B01394326EA010722
:1016E00007EA090702EA090543EA07022A43034613
:1016F0000BD141EA060029EA000030B94BF68070B0
:10170000CFF6FF700FB0BDE8F08F0E920A980DF182
:101710002C0B9BE8400A28B9B8F1000F18BFBAF1AA
:10172000000F0AD1BFB1DDE9081230461D465B4605
:10173000CDF8009000F080F815E0304659464A4652
:101740009846FEF7F3FF58BB3046FFF767FB43466A
:101750006060002FE7D145B1089A1D46099B5846A5
:10176000494600F073F92B46D0B9002B18BF01236E
:10177000069A002A18BF01220798002818BF0120E6
:101780000E9991B1104018400FD10498494600902D
:10179000099A059B039F5846019700F00DF820B168
:1017A000A0F581400FB0BDE8F08F0E9920460FB034
:1017B000BDE8F04F05F0A2BA2DE9F04383B004462E
:1017C00068461D4616468946FEF7A2FC6DB168467E
:1017D00021460122FFF7D8FB074630BB6A46284660
:1017E0003146FEF70FFF0746F8B9DDE90A588DB11B
:1017F000684649460122FFF7C7FB0746A8B96A4673
:1018000028463146FEF7FEFEB8F1000F07460CD021
:101810001FB10AE0B8F1000F06D040464946224603
:10182000FEF77CFC074600E000276846FEF75CFAFE
:10183000384603B0BDE8F0832DE9F04F87B06FF074
:10184000030783B1DDF840B0BBF1000F0BD0814638
:1018500098681C4610B16FF0030704E0DBF808003D
:1018600028B16FF00307384607B0BDE8F08F0E4689
:10187000484600211546FDF7B5FA01280FDB28463A
:101880000121FDF7AFFA01280CDB28464946FDF798
:10189000FDFAB0F1FF3F08DD6FF00307E3E76FF0FB
:1018A0000307E0E76FF00307DDE730460121FDF7AE
:1018B00099FA012809DB30464946FDF7E7FAB0F10D
:1018C000FF3F05DD6FF00307CDE76FF00307CAE7C1
:1018D00001A8FEF71DFC04AF3846FEF719FC384698
:1018E00029463246FEF722FF074630B904A80146D2
:1018F0000122FFF749FB074630B101A8FEF7F4F9D2
:1019000004A8FEF7F1F9AEE704A8FEF715FE1FFAEA
:1019100080F8B8F1000F00F08E8004A84146FFF770
:1019200003FA07460028E8D1D9F8080001AD00689D
:1019300000F007064BF63420C0F20100012E08BF6C
:10194000013001782846FEF717FE204629464A4610
:10195000FEF7E0F907460028CFD1701EB0FA80F0FC
:1019600045090DF1040A20460121FDF73BFAA8B113
:101970000135A8B235285ED8A8B24BF63421C0F2A2
:101980000101095C5046FEF7F7FD204651464A46E4
:10199000FEF7C0F907460028E5D0AEE750465146AD
:1019A00004AA4B46CDF800B0FDF7C0FD00284BD18E
:1019B000012650460121FDF715FA70B350465146F5
:1019C0000122FDF771F900283ED1204651464A46D2
:1019D000FEF7A0F9C0BB20460121FDF703FA01285C
:1019E00005D120464946FDF751FA013026D0504630
:1019F00051460122FFF7C8FA30BB504651465246C5
:101A0000FEF794FE00BB504651464A46FEF7FAFDEB
:101A1000D0B90136B0B24045CBD950460121FDF7CF
:101A2000E1F900286FF003077FF467AF0135A8B232
:101A30003628A1D361E76FF003075EE7584600211F
:101A40004A462346FDF7DCFA074656E72DE9F04102
:101A500086B05BB10E460746184600211D46144667
:101A6000FDF7C0F940B16FF0030701E06FF0030725
:101A7000384606B0BDE8F08138460121FDF7B2F9DD
:101A8000012844DB30460121FDF7ACF9012841DB98
:101A900020460021FDF7A6F900283ED00DF10C08E4
:101AA0004046FEF735FB6846FEF732FB40463946B6
:101AB0000122FFF769FA074610BB6846314601224A
:101AC000FFF762FA0746D8B903A96A462846FEF727
:101AD00021F90746A0B903A86A460146FEF726FE8B
:101AE000074668B903A8002102462B46FDF788FA8D
:101AF000074628B903AA28462146FEF70FFB0746EA
:101B000003A8FEF7F1F86846FEF7EEF8B0E76FF0CD
:101B10000307ADE76FF00307AAE76FF00307A7E736
:101B2000002808BF704710B504468C30FEF7DCF87B
:101B300004F19800FEF7D8F804F16800FEF7D4F835
:101B400004F12000FEF7D0F804F13800FEF7CCF8DD
:101B500004F12C00FEF7C8F804F11400FEF7C4F8F5
:101B600004F10800FEF7C0F804F18000FEF7BCF8AD
:101B700004F17400FEF7B8F804F15C00FEF7B4F865
:101B800004F15000FEF7B0F804F14400BDE8104045
:101B9000FEF7AAB84068704770B51D46044649B1C3
:101BA00004F108063046FEF781FF38BB3046FFF7E8
:101BB00035F9606035B1049A04F12C002946FEF72E
:101BC00075FFD8B9059929B1069A04F13800FEF7D6
:101BD0006DFF98B90799099D39B1089A04F1200061
:101BE000FEF764FF55B108B108E035B10A9A04F177
:101BF00014002946FEF75AFF00E00020002818BF15
:101C0000A0F5814070BD000070B50D46AC211446B2
:101C10000646EEF7EEFAC6E9295470BDB0B5D0F825
:101C2000A4C0BCF1000F1EBF4BF60070CFF6FF70D2
:101C3000B0BDDDE906ECDDE90454CDE906ECCDE903
:101C40000454BDE8B04000F0FFB9000010B5D0F872
:101C5000A4C0BCF1000F1EBF4BF60070CFF6FF70A2
:101C600010BDDDE9024EDDF810C0CDF810C0CDE9A1
:101C7000024EBDE8104000F0CDBA0000B0B584B00F
:101C8000D0F8A4C0BCF1000F05D04BF60070CFF621
:101C9000FF7004B0B0BDDDE90AECDDE90854CDE920
:101CA00002ECCDE9005400F03FFB04B0B0BD0000F1
:101CB000B0B584B0D0F8A4C0BCF1000F05D04BF68D
:101CC0000070CFF6FF7004B0B0BDDDE90AECDDE9CD
:101CD0000854CDE902ECCDE9005400F09BFB04B0C0
:101CE000B0BD00002DE9F04F9FB00C464BF6804B85
:101CF00001211E4617460546CFF6FF7B04F0FEFF86
:101D000010B10BF540765AE01CA8FEF701FA19A8AD
:101D1000FEF7FEF916A8FEF7FBF913A8FEF7F8F98F
:101D20002CB10AA8FEF7F4F907A8FEF7F1F910A8FC
:101D3000FEF7EEF90DA8FEF7EBF904A8FEF7E8F9B7
:101D400001A8FEF7E5F96A681CA83146FEF7AEFE69
:101D5000064688B905F108081CA84146FDF796F823
:101D6000B0F1FF3F02DD6FF0030605E004A81CA9F7
:101D7000FDF7E0F8064630B319A8FDF7B5FF16A841
:101D8000FDF7B2FF13A8FDF7AFFF2CB10AA8FDF7CE
:101D9000ABFF07A8FDF7A8FF1CA8FDF7A5FF10A83B
:101DA000FDF7A2FF0DA8FDF79FFF01A8FDF79CFF1F
:101DB00004A8FDF799FF002E18BFA6F58646304609
:101DC0001FB0BDE8F08F05F1440A002C05F1500961
:101DD00063D0284621463A4605F05AF806460028C0
:101DE000CAD11CA805F18C020146FEF79FFC0646ED
:101DF0000028C1D11CA801464246FEF703FC064656
:101E00000028B9D105F12C0119A80122FFF7BCF86F
:101E100006460028B0D105F1380116A80122FFF7C7
:101E2000B3F806460028A7D113A81C2122463B463A
:101E3000FDF7C2FE064600289ED10AA819A913AADA
:101E4000FEF774FC0646002896D10AA801465246C1
:101E5000FCF742FF064600288ED113A81C2122461B
:101E60003B46FDF7A9FE064600287FF485AF07A88C
:101E700016A913AAFEF75AFC064600287FF47CAF89
:101E800007AF384639464A46FCF726FF0646002883
:101E90007FF472AF0DF1280AB94605F12C0705F160
:101EA000740610A81CA952463B460096FDF73EFB5F
:101EB000064600287FF460AF05F1380A05F1800678
:101EC0000DA81CA94A4653460096FDF72FFB06466F
:101ED00000287FF451AF1CA810A90DAAFFF76CF8D9
:101EE000064600287FF448AF05F15C0210A81CA943
:101EF000FEF71CFC064600287FF43EAF1CA810A984
:101F00003A46FEF77FFB064600287FF435AF10A85F
:101F10001CA95246FEF70AFC064600287FF42CAFA7
:101F20001CA80DA910AAFCF7D7FE064600287FF4CE
:101F300023AF94B11CA805F198020146FEF7F6FB09
:101F4000064600287FF418AF1CA801464246FEF75B
:101F500059FB064600287FF40FAF05F1140205F186
:101F6000680701A81CA943460097FDF7DFFA06465B
:101F700000287FF401AF01A804A9FCF787FF00281F
:101F80005E467FF4F9AE28996A681CA8FFF76CF8E2
:101F90000646F1E62DE9F04784B000F10806074651
:101FA00044684BF68075304690468A46CFF6FF75FA
:101FB000FEF734FF844243D17868B0F5806F3FD894
:101FC00030460021FCF70EFF012839DB30460021A6
:101FD000FEF75CF8A0B307F1140948460021FCF7AE
:101FE00001FF01282CDB01AD2846FEF791F87A6845
:101FF00028465146FEF75AFD0546D0B901A831469C
:10200000FCF744FFB0F1FF3F02DD6FF0030510E085
:1020100001A87C68683701464A4633460097FDF7B9
:1020200085FA054628B901A841462246FFF71CF863
:10203000054601A8FDF758FE002D18BFA5F58545FA
:10204000284604B0BDE8F0872DE9F04FADF2044D0D
:10205000D0F804A0DDF83484AAF10B054545C1464B
:102060004BF6807438BFA9461F46012BCFF6FF748C
:1020700004D1D0F8A430002B40F0C780AAF201436D
:102080006FF47C76B342C0F0C080DDF82C3427B109
:1020900001AE0096FFF726FE03E001AA1946FFF7FE
:1020A00079FF8346002840F0AA809DF804009DF83F
:1020B0000510012F1DD181F00201BAF1030F40EA92
:1020C0000100A446C64637D301A9AAF102034F1C5A
:1020D0000022002117F8016F1446B6FA86F2520961
:1020E0002243561EA643F6B201EBD611013BF1D1B5
:1020F00024E081F00101A446C6460843BAF1030F6B
:102100004FF0000119D301AAAAF10203571C0022C3
:1021100017F8016FB6FA86F464092243D4B2002C92
:1021200008BF01314FF0000408BFF443E6B2013BA1
:1021300040EA0600ECD101E000210022A1F10803F1
:1021400040EAD373100608BF43F00103AAEB010075
:10215000C846002B08BFA0F10308A9EB0800ACF5A6
:10216000607BB0F1FF3FC8BF4FF0000B002B18BFE2
:10217000ACF1800BBAF10C0F0CD343EAD07101AA79
:102180000A3200BF12F8013F002918BF0023013DA9
:102190001370F7D1B0F1FF3FD8BFC84601A8504433
:1021A000B9F1000FA0EB09011DD0C9F1000CA9F194
:1021B0000103002507E000BFCA5C013502EAE672B0
:1021C0004D45CA540FD0002BA5EB0806F4D062464B
:1021D0008418875C6478002E48BF3C4684540132E2
:1021E000571CF5D1E8E7DDF82854BEF1000F04D004
:1021F000DDF830044A46EDF7D5FFC5F8008001A8A8
:102200004FF48061FFF77AF95C4620460DF2044DE9
:10221000BDE8F08F2DE9F04F85B0DDE90EB40E4634
:1022200010994BF680771546012BCFF6FF7703D137
:10223000D0F8A420002A51D11BF10C0F4ED8D0F8B1
:1022400004900BF10B02914548D3CDE90240A9EB74
:102250000B00A0F103080020049308709BB10F4607
:1022600001F1020A0120B8F1000F48703AD050463F
:102270004146FF22EDF7B6FF6FEA0B0048443C46AB
:1022800007EB000A2FE04EB30C4604F1020A0220CD
:1022900060700EE0B9FA89F149090028024618BFBA
:1022A0000122114318BFA0F5894781F00100824443
:1022B000A1B9B8F1000F16D0A8F101084FF06409D8
:1022C000284651460122B0479AF800100029E1D172
:1022D000B9F10109DED00028F2D0DBE7384605B0BD
:1022E000BDE8F08F3C46039F0020BBF1000F8AF849
:1022F000000005D002990AF101005A46EDF752FF9D
:10230000049848B1384631462A4623460094FFF7E0
:10231000E9FC05B0BDE8F08F38462146224605B0FD
:10232000BDE8F04FFFF736BE2DE9F04F81B0924681
:102330008B46DDE90C24DDE90A611D46012B0746C9
:1023400009D1D7F8A40030B14BF60050CFF6FF709A
:1023500000F5207606E07B683046009404F002FE2B
:10236000064618B1304601B0BDE8F08FA5B37D68D0
:1023700001202946EDF7D4FFB0B38146012029465C
:10238000EDF7CEFF98B3804638465946524623466D
:10239000CDF80090FFF7A6FC064698BB38464946A4
:1023A0004246FFF7F7FD064660BB7A682AB3601E17
:1023B000A8F101030021174613F8016F10F8015F1F
:1023C000013F86EA050641EA0601F5D1A9B14BF6BF
:1023D0000056CFF6FF7615E038462146224601B07A
:1023E000BDE8F04FFFF7D6BD6FF00F06BAE74846DD
:1023F00009F064FA6FF00F06B4E720464946EDF79E
:10240000D1FE0026484609F059FA404609F056FA2E
:10241000A8E700002DE9F04F81B0D0F804901D46E8
:1024200090460446012B8A4609D1D4F8A40030B165
:102430004BF68040CFF6FF7000F5407729E0012091
:102440004946EDF76DFF834670B101204946EDF72F
:1024500067FF48B10AAA064607CA4B46009604F031
:1024600081FDD0B1074602E000266FF00F07BBF1F7
:10247000000F06D058464946FFF740F8584609F085
:102480001DFA36B130464946FFF738F8304609F0B4
:1024900015FA384601B0BDE8F08F0D9B204635B1E6
:1024A00051464246CDF800B0FFF71CFC03E0194648
:1024B0005A46FFF76FFD07460028D8D1B9F1000F43
:1024C00017D0C9F1000000274FF0FF310BEB0102DC
:1024D000731852785B7801315A404318013347EA48
:1024E0000207F3D1002F1CBF4BF68047CFF6FF77D2
:1024F000BDE70027BBE700002DE9F04387B00446A5
:1025000004A81D4617468846FDF702FE01A8FDF700
:10251000FFFD25B34BF60069002CCFF6FF796DD097
:1025200004A821460122FEF72FFD0646002867D1A8
:1025300001A829463A46FEF73FFD064600285FD12E
:1025400001A804AA0146FEF75DF80646002857D107
:1025500001A80021FCF746FC00284E4650D10E9DF4
:1025600015B34BF60069B8F1000FCFF6FF7945D0EF
:1025700004A841460122FEF707FD064600283FD188
:1025800001A829463A46FEF717FD0646C0BB01A83A
:1025900004AA0146FEF736F8064688BB01A80021CA
:1025A000FCF720FC4E4658BB0F99E9B34BF600658B
:1025B000CFF6FF75002C05F5C07618BFB8F1000FF7
:1025C0001ED004A84246FEF7B1F80646C0B904A8DA
:1025D00001460122FEF7D8FC064688B904A8014648
:1025E0002246FEF70FF8064650B904A80021FCF772
:1025F000F9FB002808BF05462E4601E009F5C07624
:1026000016F5844F18BF16F5814F03D0002E18BF62
:10261000A6F5844604A8FDF767FB01A8FDF764FB57
:10262000304607B0BDE8F0830026E9E72DE9F04722
:1026300086B0054603A8994692460E46FDF768FD0A
:102640006846FDF765FD002E304618BF0120BAF13F
:10265000000F514618BF0121002D00EA010418BFE8
:10266000002C77D1DDF8388035B1B9F1000F18BFF3
:10267000B8F1000F40F08580B9FA89F0400984F084
:10268000010108434FF0000740F09A80B8F1000FB5
:1026900000F096804BF6006530460121CFF6FF75BD
:1026A000FCF7A0FB012853DB50460121FCF79AFB05
:1026B00001284DDB03A849464246FEF737F8074696
:1026C00000287DD103A801460122FEF75DFC0746E4
:1026D000002875D1684631460122FEF755FC0746B1
:1026E00000286DD103A86A460146FDF78BFF074617
:1026F000002865D103A80021FCF774FB00282F46B1
:102700005ED103A849464246FEF710F80746002866
:1027100056D103A801460122FEF736FC07460028E1
:102720004ED1684651460122FEF72EFC074600288E
:1027300046D103A86A460146FDF764FF0746002814
:102740003ED103A80021FCF74DFB002808BF054639
:102750002F4635E003A831465246FDF7E7FF07460E
:1027600070BB4BF6006728460121CFF6FF77FCF7D8
:1027700039FB012824DB03A82946FCF787FBF8B9BD
:1027800070E74BF6006748460121CFF6FF77FCF76C
:1027900029FB012814DB40460121FCF723FB01281B
:1027A0000EDB48462946FCF771FBB0F1FF3F07DC22
:1027B00040462946FCF76AFBB0F1FF3F7FF75CAF6C
:1027C00003A8FDF791FA6846FDF78EFA17F5844FD6
:1027D0001CBF002FA7F58447384606B0BDE8F08738
:1027E00070B50646044656F81C0B802300F03F02E5
:1027F000372A06EB020000F8013B0D4604D8C2F16F
:102800003701EDF7F6FC0BE082F03F01EDF7F1FC4C
:1028100020463146F9F720FE30463821EDF7E9FC35
:10282000D4E900104FEAC10C84F85BC0430DC2002C
:1028300084F85430430B400984F85600480D84F85E
:102840005800480B42EA517284F85900480984F84C
:102850005A002046314684F8553084F85720F9F75D
:10286000FBFDE07A287060896870A068000AA87093
:10287000A068E870E07B2871E0896871E068000A70
:10288000A871E068E871E07C2872608A687220694B
:10289000000AA8722069E872E07D2873E08A6873F4
:1028A0006069000AA8736069E873E07E2874608B31
:1028B0006874A069000AA874A1690020E97470BD59
:1028C000002814BF5C217047FEF718BE80B55C215C
:1028D000EDF78FFC80BD00002DE9F04198B00DF1BF
:1028E00004080D46064640465C211446EDF781FC7F
:1028F00042F20130C6F2457003904AF68930CEF6B6
:10290000CD7004904DF6FE40C9F6BA00059045F230
:102910007640C1F2320006904EF2F010CCF2D23086
:1029200007909DB1402D019509D301AF384631463E
:10293000F9F792FD403D3F2D06F14006F6D82DB146
:1029400008F11C0031462A46EDF72CFC01AD284663
:102950002146FFF745FF28465C21FEF7CFFD00200A
:1029600018B0BDE8F081000001460020086042F286
:10297000013248604AF68930C6F24572CEF6CD7013
:102980008A604DF6FE42C86045F27640C9F6BA024A
:10299000C1F23200C1E904204EF2F012CCF2D23280
:1029A00000208A61704700002DE9F04381B0B2B386
:1029B0000646006814460D4600F03F098018306056
:1029C00002D3706801307060B9F1000F11D0C9F105
:1029D0004007A7420FD806F11C0808EB090029465A
:1029E0003A46EDF7DFFB30464146F9F735FD3D4409
:1029F000E41B4FF00009402C09D300BF30462946A4
:102A0000F9F72AFD403C3F2C05F14005F6D834B1DA
:102A100006EB09001C3029462246EDF7C3FB0020D7
:102A200001B0BDE8F083000080B56C22EDF7BAFB81
:102A300080BD000070B50646044656F8280B80237A
:102A400000F03F02372A06EB020000F8013B0D467A
:102A500004D8C2F13701EDF7CCFB0BE082F03F0167
:102A6000EDF7C7FB20463146FAF7F0FC3046382137
:102A7000EDF7BFFBD4E900104FEAC10C84F867C042
:102A8000430DC20084F86030430B400984F86200B3
:102A9000480D84F86400480B42EA517284F86500DE
:102AA000480984F866002046314684F8613084F88D
:102AB0006320FAF7CBFCE07A287060896870A06820
:102AC000000AA870A068E870E07B2871E08968714E
:102AD000E068000AA871E068E871E07C2872608A0A
:102AE00068722069000AA8722069E872E07D287384
:102AF000E08A68736069000AA8736069E873E07E21
:102B00002874608B6874A069000AA874A069E874CE
:102B1000E07F2875E08B6875E069000AA875E069B8
:102B2000E87594F823002876608C6876206A000A9D
:102B3000A876206AE876A06E08B1002070BD94F8EF
:102B400027002877E08C6877606A000AA877606AB7
:102B5000E877002070BD0000002814BF6C2170478A
:102B6000FEF7CCBC80B56C21EDF743FB80BD0000C7
:102B70002DE9F0479CB00DF104080D46064640468D
:102B80006C219A469146EDF734FB49F6D8604DF238
:102B900007514DF61752CCF20510C3F27C61C3F217
:102BA000700245F6391340F6313441F21157BAF14B
:102BB000000F04BF4EF26760C6F6092001BF4AF657
:102BC0008561CBF667314FF27232C3F66E42CFF2B7
:102BD0000E73CFF6C074C6F658070DF10C0CBAF19F
:102BE000000F04BF4FF23A53CAF24F5304BF45F2ED
:102BF0007F24C5F20E1404BF46F68C07C9F60537CC
:102C00008CE8070048F6A77044F6A471BAF1000FEB
:102C1000C6F2F940CBF6FA61069304BF4DF6AB104D
:102C2000C1F683700794089704BF4CF61951C5F696
:102C3000E031CDE90901CDF86CA09DB1402D0195A1
:102C400009D301AF38463146FAF700FC403D3F2D2D
:102C500006F14006F6D82DB108F1280031462A4683
:102C6000EDF7A0FA01AD28464946FFF7E3FE2846F6
:102C70006C21FEF743FC00201CB0BDE8F08700008B
:102C800070B5024649F6D86E4DF207534DF617500F
:102C9000CCF2051EC3F27C63C3F2700045F6391412
:102CA00040F6313541F21156002904BF4EF2676EED
:102CB000C6F6092E01BF4AF68563CBF667334FF29D
:102CC0007230C3F66E40CFF20E74CFF6C075C6F602
:102CD0005806002904BF4FF23A54CAF24F5404BFB9
:102CE00045F27F25C5F20E1504BF46F68C06C9F6DF
:102CF0000536106148F6A7704FF0000CC2E902E3F8
:102D0000C6F2F94044F6A4730029C2E900CC54612C
:102D100004BF4DF6AB10C1F68370CBF6FA63956134
:102D2000D66104BF4CF61953C5F6E033C2E9080377
:102D30000020916670BD00002DE9F04381B0B2B370
:102D40000646006814460D4600F03F0980183060C2
:102D500002D3706801307060B9F1000F11D0C9F171
:102D60004007A7420FD806F1280808EB09002946BA
:102D70003A46EDF717FA30464146FAF767FB3D440D
:102D8000E41B4FF00009402C09D300BF3046294610
:102D9000FAF75CFB403C3F2C05F14005F6D834B116
:102DA00006EB0900283029462246EDF7FBF9002002
:102DB00001B0BDE8F083000080B5D822EDF7F2F94C
:102DC00080BD00002DE9F04381B08146044659F8EA
:102DD000500B802300F07F026F2A09EB020000F8FD
:102DE000013B0D4604D8C2F16F01EDF702FA0BE08A
:102DF00082F07F01EDF7FDF920464946FAF798FE8B
:102E000048467021EDF7F5F9E16894E80D00DE0021
:102E10004F0D46EA527ECE0084F8C0704F0B490930
:102E200084F8C210590D84F8C410590B84F8C510E9
:102E3000590984F8C610510D84F8C810510B84F854
:102E4000C91051094FEA507884F8CA10410D46EA7A
:102E500053764FEAC00C48EAC20284F8CC10410B0A
:102E6000400984F8CD1084F8CE002046494684F805
:102E7000C17084F8C36084F8C7E084F8CB2084F87C
:102E8000CFC0FAF755FEE07D2870A07D6870607DA8
:102E9000A870207DE870E07C2871A07C6871607C5F
:102EA000A871207CE871E07F2872A07F6872607F43
:102EB000A872207FE872E07E2873A07E6873607E2F
:102EC000A873207EE87394F82700287494F82600ED
:102ED000687494F82500A87494F82400E87494F8B1
:102EE0002300287594F82200687594F82100A875CD
:102EF00094F82000E87594F82F00287694F82E00B6
:102F0000687694F82D00A87694F82C00E87694F86A
:102F10002B00287794F82A00687794F82900A8777E
:102F200094F82800E87794F8370085F8200094F8A2
:102F3000360085F8210094F8350085F8220094F8D1
:102F4000340085F8230094F8330085F8240094F8C1
:102F5000320085F8250094F8310085F8260094F8B1
:102F6000300085F8270094F83F0085F8280094F891
:102F70003E0085F8290094F83D0085F82A0094F871
:102F80003C0085F82B0094F83B0085F82C0094F861
:102F90003A0085F82D0094F8390085F82E0094F851
:102FA000380085F82F00D4F8D00000283FD194F8DD
:102FB000470085F8300094F8460085F8310094F811
:102FC000450085F8320094F8440085F8330094F801
:102FD000430085F8340094F8420085F8350094F8F1
:102FE000410085F8360094F8400085F8370094F8E1
:102FF0004F0085F8380094F84E0085F8390094F8B1
:103000004D0085F83A0094F84C0085F83B0094F8A0
:103010004B0085F83C0094F84A0085F83D0094F890
:10302000490085F83E0094F8480085F83F000020EC
:1030300001B0BDE8F0830000002814BFD82170471C
:10304000FEF75CBA80B5D821EDF7D3F880BD00005B
:103050002DE9F047B6B0E8460D4606464046D82171
:103060001F469146EDF7C5F849F6D86049F65D521E
:10307000CCF20510CCF6BB324DF20751002F04BF45
:103080004CF60810CFF2BC3004BF4EF26762C6F6B1
:103090000922C3F27C6104BF4AF23B71C8F2CA4103
:1030A000059242F62A1204904DF61750C6F29A2263
:1030B000C3F27000002F01BF4AF68562CBF667327B
:1030C0004FF62B00CFF69460079240F25A12C9F2E5
:1030D000591204BF4FF27232C3F66E42069145F6A2
:1030E000391109924EF6D842CFF20E71C1F22F5229
:1030F000002F01BF43F2F161C5F61D714FF23A5244
:10310000CAF24F52089040F63130CFF6C07004BF7B
:1031100048F2D120CAF6E6500B9242F267620A9159
:1031200041F21151C6F23372C6F65801002F01BFA9
:1031300045F27F22C5F20E1246F61F41C2F63E311D
:103140000D9244F68722C8F6B46204BF46F68C029C
:10315000C9F605320C9048F6A7700F9242F60D6240
:10316000C6F2F940CDF60C32002F01BF4BF66B5082
:10317000CFF641304DF6AB12C1F683720E9144F694
:10318000A471CBF6FA6104BF42F27911C1F27E312B
:10319000119244F61D02C4F2B572002F109004BFC4
:1031A0004CF61952C5F6E032CDE912123497E5B368
:1031B000DDE90001002200F07F04401951F1000117
:1031C00042F10002012A0090019106D1DDE90201DD
:1031D000013041F10001CDE902018CB1C4F1800759
:1031E000AF420ED808F1500A0AEB040031463A46C5
:1031F000ECF7D8FF40465146FAF79AFC3E44ED1BE7
:103200000024802D09D36F4638463146FAF790FCEA
:10321000803D7F2D06F18006F6D835B108EB04001D
:10322000503031462A46ECF7BDFF6C4620464946F1
:10323000FFF7C8FD2046D821FEF760F9002036B020
:10324000BDE8F08780B502460020D060C2E90100E9
:1032500049F6D86C106049F65D534DF2075E42F6B0
:103260002A10CCF2051C002904BF4CF6081CCFF232
:10327000BC3CCCF6BB33C3F27C6EC6F29A2001BFD5
:103280004EF26763C6F609234AF23B7EC8F2CA4E85
:103290000029536104BF4AF68560CBF667304DF6CE
:1032A0001753D06140F25A10C3F27003C9F259109B
:1032B000C2F810C004BF4FF62B03CFF69463C2F8D8
:1032C00018E004BF4FF27230C3F66E40136245F649
:1032D000391350624EF6D840CFF20E73C1F22F5020
:1032E000002901BF43F2F163C5F61D734FF23A5056
:1032F000CAF24F50936240F63133CFF6C07304BF29
:1033000048F2D123CAF6E653D06242F267601363F3
:1033100041F21153C6F23370C6F65803002901BFBB
:1033200045F27F20C5F20E1046F61F43C2F63E332B
:10333000506344F68720C8F6B46004BF46F68C009C
:10334000C9F60530936348F6A773D06342F60D6063
:10335000C6F2F943CDF60C30002901BF4BF66B5392
:10336000CFF641334DF6AB10C1F68370136444F6CB
:10337000A473CBF6FA6304BF42F27913C1F27E3331
:10338000506444F61D00C4F2B5700029936404BF74
:103390004CF61950C5F6E030D0640020C2F8D010C9
:1033A00080BD00002DE9F04381B0002A43D00D46D6
:1033B0000646D0E90001144600F07F09801851F15B
:1033C00000014FF0000242F10002012AC6E90001AB
:1033D00006D1D6E90201013041F10001C6E902013E
:1033E000B9F1000F11D0C9F18007A7420FD806F13B
:1033F000500808EB090029463A46ECF7D3FE304660
:103400004146FAF795FB3D44E41B4FF00009802C40
:1034100009D300BF30462946FAF78AFB803C7F2C4F
:1034200005F18005F6D834B106EB09005030294685
:103430002246ECF7B7FE002001B0BDE8F0830000A3
:1034400001464EF2C010C0F201009D228A4208BF20
:10345000704750F8202F002AF8D100207047000054
:10346000B0B50446002848F60070CFF6FF701DD0B6
:103470002168D9B1D4F8AC20CAB1A169002908BF2C
:10348000B0BD00F5A06509E0D4F8AC1081423CBFA6
:103490002846B0BD0A1AC4F8AC201FD0D4F8941046
:1034A000A369606A891A98470128EDDAB0BD60689F
:1034B000102833D115200221C4E92901D4F8A00035
:1034C00001210170D4F8A0000021417020460121A3
:1034D00001F086FE002808BF0020B0BDD4F88C2083
:1034E000216C02F10D0004F1900C002902F1080397
:1034F00002F10B058CE82C00C4F89C00C4F8A00075
:1035000004BF0020B0BDD1F8CC20022AA6BFD1E96B
:103510000121511A00210844C4F8A0000020B0BDC8
:1035200090F8502001F0030102F0F30242EA810119
:1035300080F8501070470000C0E906127047000084
:1035400010B590F850C0044601F001002CF0030CB7
:1035500062F34100604400F0F302002908BF02F169
:103560000800022B84F850004FF003300ED1E064C5
:1035700040F29020C2F2000040F29C214EF24862DC
:10358000E060C2F20001C0F201020BE0E06400F072
:10359000F9FF40F27C214EF23862C2F20001C0F223
:1035A0000102E060C4E90000A06000206263616481
:1035B00010BD0000B0B50446806B28B1856808F0E6
:1035C0007DF9002D2846F9D120465421BDE8B040B0
:1035D000FDF794BF80B55421ECF70BFE80BD0000D1
:1035E0002DE9F04FC9B049F20049CFF6FF79002A22
:1035F0004F4600F0D5819346D268002A00F0D08172
:103600008A46DBE904318B42C0F0CA81DBF81850EE
:103610005B1AAB42C0F0C481D4465CF88C3F002BEF
:1036200014BF5B780023023B082B00F2B98102EB48
:103630000108DFE813F01400B501B501B501090078
:10364000B5010900B5010900DAE90136B34201D13B
:103650005C4654E0082D4AD2A9F5B060B7E0DAF82C
:10366000CC10A9F5B0600229ACBFDAF80420002222
:10367000DAF80440CDF83480A3189D422ED3DAF84E
:103680000C301A440132954228D3B5FBF4F202FB08
:1036900014521ABB02290EDB0AF1240041462246CD
:1036A0006546ECF77FFDDBE90501AC46A04420440C
:1036B000091BCBE90501DBF8180047AA0AF1240130
:1036C00000900292604622464346CDF80480F6F709
:1036D00019FF0028CDF8348000F0668100244FF0F7
:1036E000010E4FF00008002C6ED0002179E0444616
:1036F00008F108080831A5F10800CBE90510DBF84E
:103700001810DAF81020A9F5B06091425FD3CDE926
:103710000C0809A880E80C100AF124000DF1380803
:103720008D1A0890C6F10C0108EB0600CBF8185072
:103730000B2E88BF0021ECF75CFD0899404632460D
:10374000ECF730FD002000BF08EB0002215C13798C
:103750000130594008281171F6D1DBF80400DDF87A
:1037600034803B909BF80800DBF800108DF8F000E7
:10377000BBF809000D22ADF8F100280ACDE90028B8
:10378000DDE909623A918DF8F30008EB050047A9DD
:10379000CDE904100B980EA93AAB8DF8F450CDE9A1
:1037A00002580696F6F758FE10F5C64F0ED070B9BF
:1037B0004798DBF81810401AB0FA80F0420901214E
:1037C000384642B90746EBE00746E9E00C9800228C
:1037D0000021002AF6D0CDF834804FF000084FF0D9
:1037E000010E09B10124D0E0DBF80420DAF80C5016
:1037F0003B929BF80820DBF81810DAF8CC408DF8E3
:10380000F020BBF809204E1BDBF80030ADF8F120AA
:10381000320A012C4FF00004CBF818603A938DF86F
:10382000F3208DF8F460C0F2AF800C9006EB080036
:103830000B90B0F58070CDE9081538BF20460A908E
:103840000EA880217546ECF7D4FC564656F8400F7A
:10385000FAF7B0FFC11EAE46022903D307280AD0EB
:1038600006286DD1DBF81800153000EB0801890936
:10387000A1EB901007E0DBF818001D3000EB080109
:10388000C909A1EBD010CEEB0E210D2200EA0107F1
:103890003AA93046FBF762F80D9CDBF81820304659
:1038A0002146FBF75BF8B8F1000F0CD0DBF81800ED
:1038B00042462044411E002011F8013F013A80EAAF
:1038C0000300F9D100E000208DF8B8009DF8B800A1
:1038D0002EA93046FAF774FF3046FBF7D9F87C1C66
:1038E0000EAF00BF30463946FBF762F8013CF9D114
:1038F0000EA93046FAF708FF3046FAF7ADFFDDE9CA
:103900000A21DAF80C00891A401811D0089A099B8C
:103910004244D21A511A0D9A0C9F11444A1E00219A
:10392000AE4612F8013F013881EA0301F9D102E005
:103930000C9F0021AE468DF823119DF82301012430
:103940004FF00001FCB1DAF80C00DBF818208DF81C
:10395000381080B10D9B2EA91A440139013A12F892
:10396000013F11F8016F9DF8385073402B43013827
:103970008DF83830F3D19DF838000124002818BFA5
:103980004FF0000E00E0002454B1BEF1000F05D04E
:10399000002C18BF4FF000094F4601E0A9F5B067B1
:1039A000384649B0BDE8F08FDBF81810479800247E
:1039B00081424ED101EB080C1CF8013CDAF80C20D6
:1039C000DAF8CC601A44501C81424FF0000E2CBF34
:1039D0004FF0010E2346012E03F101083DDB0C9050
:1039E000B1F580704FF0000E38BF704688424FF03E
:1039F000000616D20846B1F5807F28BF4FF48070CC
:103A0000A1EB08054042002200260C18AC421CF82D
:103A1000004028BF42F00102A34208BF1644013013
:103A2000F3D30C980124814228BF4FF0010EA6EB7E
:103A30000800B0FA80F040091EEA000E704618BF78
:103A400040F2FF1008EA0008A1EB0800CBF81800CC
:103A500049E64FF0010E4FF00008384643E60000FB
:103A60002DE9F04FC7B0C16849F2004A8346806B28
:103A7000CFF6FF7A032957462BD1D0F8682181F081
:103A80000303527A47F6AD1782F007021A4347F64E
:103A90002923C0F20103C0F2010708BF1F4647F601
:103AA000D92347F6A526C0F20103C0F2010648F665
:103AB000010508BF1E4648F62503C0F20105C0F205
:103AC0000103002A08BF1D46C0E957670027C0F858
:103AD0006451032940F06C81D0F8E01109B100274E
:103AE00017E0DBF8341000F5B87301F13002D0F8BC
:103AF0006471D0F86C1100F5D87540203026CDE9FE
:103B00000002AEA228460296B8470746002800F0F9
:103B10000081002F40F04C81DBF8380007AC00F545
:103B2000B8778ECFD0E960658EC4D0E96978D0E9E6
:103B300062CE00F5C879D0F8AC41CDE90B6599E8C3
:103B40002E020FAE1694CDE914782EC6159ECDE93F
:103B50000DCE00F5B87C8CE82E02C0E96176C0F885
:103B60008C41DBF8380007AC00F5C87021462022F4
:103B7000CDF84C90ECF716FB20464021FDF7BEFC3B
:103B8000DBE90D85DBF80010DBF84820DBF80C30B2
:103B9000D8F8040091F85010D5F8649106911446B5
:103BA0000593C2F8CC30FFF74BFC0028AAF5A067BC
:103BB00000F0F5800646007AF6F77AFD002800F05E
:103BC000EE800490707AFAF7D7FE002800F0E780C4
:103BD0004FF480714022039008F1300005F5B8736E
:103BE0000092029179A2302107AD0195C84707469E
:103BF000002840F0D480049948780A2800F2B48064
:103C00004B680121814011F4A86F00F087804FF0CC
:103C10000009C4F80C90317F0C2289074FF008018D
:103C200058BF10216260042221610A2808BF0C22BB
:103C3000881AA046A2600C300699C8F8000011F05E
:103C4000010140F0A680284600EB4906D908D8F8C3
:103C5000085074186718002D08BFD8F8045008F1F0
:103C6000140039462A46ECF79DFA08F12400791928
:103C70002A46ECF797FA05985746012807A8C0F29C
:103C80008980B9F1000F0DD000EB090508F134006F
:103C900007A94A46FAF7FCFD08F1400029464A46C2
:103CA000FAF7F6FD08F14C0504992846F6F786FD6B
:103CB000074600286ED108F18C0804994046F6F7B3
:103CC0007DFD0746002865D10498314642682846A4
:103CD0000123F6F747FD074600285BD104982146EB
:103CE000426840460023F6F73DFD0746002851D1C3
:103CF0000498407802285FD128460421F6F71AFD7F
:103D00000746002846D140460421F6F713FD074632
:103D100040E028463021FDF7F1FBE0E611F0840F8A
:103D200022D0039EA04608F13400314601221C46F1
:103D3000FAF75CFE074668BB08F1400031460122F5
:103D4000FAF754FE074628BB3046FAF72DFD049AD1
:103D5000C8F80C008146D068C8F8040051780729DB
:103D600004D14846234667E7574618E05169B9FB36
:103D7000F1F202FB01F24944A2EB09021144059A57
:103D8000C8F8001022F00102022A02D1234608449A
:103D900052E7574607A84FF48071FDF7AFFB3FB9D4
:103DA000DBF83800402100F5B870FDF7A7FB0027CD
:103DB000384647B0BDE8F08F0027EBE76D617374BC
:103DC0006572207365637265740000006B6579200D
:103DD000657870616E73696F6E0000002DE9F04FB9
:103DE000A5B049F2004BCFF6FF7B00295C461CBF13
:103DF0001546002A03D1204625B0BDE8F08FEA68B9
:103E0000002AF8D099460E46D5E904139942F2D318
:103E1000A84658F8180FCF1A8742ECD3B4465CF87E
:103E20004C7F002F14BF97F801A04FF0000AB0F5A7
:103E3000804F02D9ABF5A064DDE71A440B921A1843
:103E4000BAF1070FA1EB020718BFBAF1020F41D177
:103E5000F1688F4202D20BF50074CCE7D6F8CC1093
:103E60000129C8DB69682A681991297A18928DF8A6
:103E70006810B5F809108DF86C00ADF86910010AEA
:103E80008DF86B1006F1340018A90D220A90CDF8B8
:103E900024C0FAF763FDAA690A980B990897FAF704
:103EA0005DFD0A9F0CA93846FAF78AFC3846FAF7F6
:103EB000D3FCA8690B99F2680844089F0CA9ECF799
:103EC00071F9F068A969DDF824C001443F1A0123A3
:103ED000A96100E00023AAF1020008288BD8DFE8DE
:103EE00000F05805050506050605060083E730695C
:103EF0000BF50074874201D200217BE009907068C5
:103F0000D6F808A00A9006F114000CAF0890CAF188
:103F10000C0107EB0A00E1460793BAF10B0F88BFCB
:103F20000021ECF766F9089938465246ECF73AF961
:103F300000203A18295C1379013059400828117182
:103F4000F7D1D5E900100B9B1891A9691990287A2F
:103F50000D228DF86800B5F80900CDE90023ADF811
:103F6000690008BA000CADF86B0058180590484677
:103F7000DDF8289002AA099F82E80A010CA918AB73
:103F80004A460697F6F792FAC8B1079B0021044605
:103F900030E0D8F8000071680130B0FBF1F2CDF8E4
:103FA00024C002FB11020BF5007C002A18BF8A1AFC
:103FB00002F1010E774521D2002264466DE030699E
:103FC000D8F80010079B0844D145C8F800000FD06E
:103FD0006869082890D3686829680B9A42F8040C2D
:103FE00042F8081CD5E9050108380831C5E9050182
:103FF0000133012100293FF4FEAE51E02E98DDF897
:104000002CA00021D8F8007057447A540131914215
:10401000F8D9D8F800107144C8F80010D6F8CC10C0
:10402000022918DBB9F1000F36D069697268914234
:10403000C2D306F1140A51461F46C84718B10022E0
:1040400004463B4629E072680B9B5146981A9A46F3
:10405000ECF7A8F83B460CA87268D8F80070CDE9D8
:1040600001A00998994606F1140153460097F6F706
:1040700049FA18B1002204464B460EE0D8F8000079
:104080000C994B46884207D171686A690844521AF4
:10409000C5E90520012200E00022002A3FF4ABAE72
:1040A0005C1E18BF5C46A6E62DE9F0470446C069D1
:1040B0000D4648F60071CFF6FF710028084602D180
:1040C000226A002A4AD0A26D236ED21A44F24D13FE
:1040D0001A44AA4242D3E66F0020AE4228BFBDE890
:1040E000F08701F5106AA1F5C07801F5A06917E025
:1040F000216EE26FE369606A11443246984700BF5F
:10410000002804BF4046BDE8F08727D4B04284BFF2
:104110004846BDE8F087E16F0E18AE42E6671CD254
:10412000616D49B1E06C884702284FF0000008BF7C
:104130004FF0FF3001E000BF0020AE1B00285046CA
:10414000DED1276A002FD3D02368226EE16F606A28
:104150009B6C11443246B847D2E70020BDE8F08797
:10416000B0B504468069002848F60070CFF6FF70AD
:104170003ED0D4F8AC10002904BF0020B0BDD4F864
:10418000AC20A2B100F5A065D4F89410A369606AD0
:10419000891A98470128B8BFB0BDD4F8AC10814245
:1041A0003CBF2846B0BD0A1AC4F8AC20ECD1D4F804
:1041B0008C20216C02F10D0004F1900C002902F119
:1041C000080302F10B058CE82C00C4F89C00C4F82D
:1041D000A00004BF0020B0BDD1F8CC20022AA6BFA9
:1041E000D1E90121511A00210844C4F8A00000209F
:1041F000B0BD0000002808BF7047B0B50446D0F835
:104200008C0050B144F24D11FDF778F9D4F88C00D0
:1042100007F054FB0020C4F88C00A06D40B144F2BC
:104220004D11FDF76BF9A06D07F048FB0020A0656C
:10423000606C20B100F0F4FD606C07F03FFBA56BF3
:104240005DB305F11000FEF787FC05F18000FEF775
:10425000F3FE05F10800FDF713F828464FF4F87156
:10426000FDF74CF9A06C00F0DBFD656B65B1286EC5
:1042700030B107F023FB002085F86800C5E918007D
:1042800028467021FDF73AF9A06B07F017FBA06CE8
:1042900007F014FB606B07F011FB256B7DB1286EF6
:1042A00030B107F00BFB002085F86800C5E9180065
:1042B00028467021FDF722F9206B07F0FFFAD4F8A9
:1042C000BC5055B12846EBF7D3FF01462846FDF711
:1042D00015F9D4F8BC0007F0F1FA2046C421BDE876
:1042E000B040FDF70BB900004FF48040704700006C
:1042F00010B5426F0146142A24D0152A30D0162A50
:104300004ED1D1F878C048F60060BCF1040FCFF66A
:10431000FF7011D3CB6E9C7893F801E02402DB7818
:1043200044EA0E44234404330024C1F880309C4501
:1043300038BF00F5C074204600B110BD152A0FD05B
:10434000142A2DD1886F012848F60060CFF6FF703F
:10435000F3D1CB6E1B78012B18BF10BD152A1FD1CE
:10436000886F022848F60060CFF6FF70E5D1C96E6D
:104370000A78022A04BFA0F5B06010BD012A0CD152
:104380004B78002B04BFA0F5D06010BD012A04D1EA
:104390004978642904BF002010BD00F5386010BDC5
:1043A000002010BD70B548F60075CFF6FF75D0B18E
:1043B00004460068B8B105F1800602E0002818BF85
:1043C00070BD6068102804BF002070BD21682846B9
:1043D0000029F3D091F85000C007304604BF2046B2
:1043E00000F004F8EAE7284670BD0000B0B50446C6
:1043F000406848F600751028CFF6FF7506D0A06B10
:1044000020B12046FFF7ACFE10B1B0BD2846B0BDCC
:10441000616828460F2988BFB0BDDFE801F0080AAF
:104420000F14191E23284F2D32373C41464A0120D4
:104430003CE02046BDE8B04003F076BF2046BDE832
:10444000B04003F07BBC2046BDE8B04000F0B0B8FF
:104450002046BDE8B04003F029BE2046BDE8B0408C
:1044600003F0ECBB2046BDE8B04003F0F7BD2046AA
:10447000BDE8B04000F080BD2046BDE8B04003F08C
:10448000ADBE2046BDE8B04000F0EEBD2046BDE820
:10449000B04000F02FBE2046BDE8B04000F0BAB9F1
:1044A0002046BDE8B04000F0F3B90F206060002066
:1044B000B0BD204600F008F80020B0BD2046BDE8A1
:1044C000B04004F021B8000070B50446806B256B45
:1044D000D0F8E0617DB1286E30B107F0EFF900202F
:1044E00085F86800C5E9180028467021FDF706F830
:1044F000206B07F0E3F92068616B426A00232163B7
:10450000636322B1CB6813B10EB9806A904720462D
:1045100000F004F860680130606070BDB0B5856B74
:10452000044685B105F11000FEF716FB05F1800089
:10453000FEF782FD05F10800FCF7A2FE28464FF4C5
:10454000F871FCF7DBFFA06B07F0B8F9606C002591
:10455000A56320B100F064FC606C07F0AFF9A06CBB
:10456000C4E91105B0BD0000C11E0022062938BFF4
:10457000821ED0B27047000080B5C421EBF739FE2F
:1045800080BD00004EF2A020C0F201007047000084
:10459000497A806B48F2AD1348F2B512C0F20103BC
:1045A000C0F20102072908BF1346C0F8583170470E
:1045B0002DE9F04786B00446806B0025D0F86801ED
:1045C000807A0A2864D8012101FA00F040F29E6145
:1045D00008424FF0000609D02068012190F8507081
:1045E000204600F081FA80B10646002516B96068C1
:1045F000013060602DB1284600F0F0FE284607F03B
:104600005DF9304606B0BDE8F087656B286E30B1C5
:1046100007F054F9002085F86800C5E9180048F251
:10462000006801204FF4AA71CFF6FF78EBF778FE0F
:1046300010B3054600F048FF606F162824D1E16EE4
:1046400008780B2852D1D4F880000A284ED30A7972
:10465000002A4BD1B1F80510072209BA02EB11412B
:10466000884243D10828C0F0C6804DF6D2194FF0D9
:10467000070ACFF6FF7915E020460221502200F00C
:1046800067FBA8F5A066B0E708F540760A222FE0A0
:104690000026ABE7002E40F0B780D4F8800000265B
:1046A000824529D20AF1030181421FD8E36E13F833
:1046B0000A20DAB90AEB0302B2F8012052BA802AC2
:1046C00014D302EB010A824510D81944284601F0A0
:1046D000D5F8064610F5165F4FF02A02DADA4E4595
:1046E000DBD016F5225F08BF502201E03222464699
:1046F0002046022100F02CFB002E7FF477AFC7F399
:1047000081073FB1D4F810E0BEF1000F04D004F1EE
:10471000140105E000263EE02168D1F82CE030319C
:10472000D1F800C02168666BD1E90F92D4F8BC00C3
:104730004B6B06F16C0100268DE803402846494684
:104740000496CDF80CC001F0A7F808F5A641B0EB2F
:10475000080218BF0246461A18BF1646012F18BF96
:10476000064687F0020050EA090008BF08F56076A7
:104770008EB1606BC06EC10506D4410706D410F43B
:10478000DC3F2FD02B2202E0312200E02A222046FB
:10479000022100F0DDFA002E7FF428AFD5E9026790
:1047A000D5E93189284600F019FE284607F086F839
:1047B00020463946324603F0B7FC10B106460620C3
:1047C00008E020464946424603F0D8FC0646002849
:1047D00018BF062006284FF0000518BF00283FF438
:1047E00005AF0EE7C1070BD181070BD430220007BC
:1047F00058BF2E22CBE70026002E7FF4F7AE7EE7CF
:104800002D22C4E72C22C2E716F5165F08BF2B2223
:104810006EE70000B0B50121044600F065F90546D9
:1048200008B12846B0BD606F142815D1606BA16C2B
:10483000E26D0025E163A06255601560206E61683D
:10484000A0F10802E265C21C0530C4E91920E06647
:10485000481C60602846B0BD48F60015002CCFF615
:10486000FF75DED020680028DBD01520C4F8A40036
:10487000D4F8A0000221C4F8A8100170D4F8A00058
:104880000A2141702046012100F0AAFC2846B0BD53
:1048900070B584B00446806B2168D0F8603191F81F
:1048A000500001210DF1030621EA000220463146A5
:1048B00098472046012100F017F9054600283FD10E
:1048C000606F162827D1E16E087814282FD1D4F80C
:1048D000800010282BD100208DF80F00701E0331AE
:1048E0000C2200BF11F8013F10F8016F9DF80F5026
:1048F00073402B43013A8DF80F30F3D19DF80F0030
:1049000008B348F28015204602213222CFF6FF7507
:1049100000F01EFA14E0204602210A2200F018FAE4
:1049200048F28010CFF6FF7000F5F06508E048F21D
:104930008015204602213222CFF6FF7500F008FADA
:10494000284604B070BDA06BD0F8E00140B12068EB
:10495000002590F85000C00704BF0A206060EFE710
:104960006068002501306060EAE700002DE9F04F43
:1049700083B048F60017CFF6FF7707F5C06A20B37B
:104980000546006818B3686814468846102808D0A1
:104990002846FFF707FD20B1064610F5D64F40F038
:1049A0009E80296FA9B1A86FA04238BF0446404637
:1049B0002246EBF7F7FBA86F001BA86772D1002017
:1049C0002867C5F88800264689E0564687E056469F
:1049D00085E007F560603E46029007F530601527D8
:1049E0004FF002094FF0640B019013E0D5F8A000DE
:1049F0000121C5F8A470C5F8A8900170D5F8A000F1
:104A0000012180F801B0284600F0EAFB002845D0DB
:104A10005AE000BF696D59B1E86C8847013007D191
:104A20002B6D2BB12868826CE86C9108984700BF09
:104A30002846012100F058F8C8BBA86F40B9686F3C
:104A4000172805D12846012100F04EF800283DD155
:104A5000686F16280ED017282FD16868E96E1028C5
:104A600029671BD12B6DCBB1E86C00210022984740
:104A700014E000BF286890F85010C90706D1E96E0D
:104A8000097849BBD5F88010042927D1E9680129A4
:104A900018DB0028AAD15046B0B900BF296F002901
:104AA000B8D080E7286F26462044286717E00646DE
:104AB00010F5E54F08BF002611E01528029808BF41
:104AC00006460CE0019E0AE0064608E0064610F5A0
:104AD000E54F08BF002602E0304600E03046304691
:104AE00003B0BDE8F08F00002DE9F04F87B0044619
:104AF000D0F8880028B10020C4F8880007B0BDE8CD
:104B0000F08F48F600658B4604F1800704F17806C3
:104B10004FF005094FF0000ACFF6FF75E84609E0AF
:104B20002046FFF7E5FB10F5CD4F18BF10F5CB4F32
:104B300040F0C980396839B1206F58B105F5C060BF
:104B40000021C9B9DAE700BF206F314678B10020F3
:104B50000FE000BFA06F884206D9421AE06EA2673C
:104B60000144EBF71FFB01E0C4F878A039460020B0
:104B7000086001210029C1D0A06F0028D0D12046B3
:104B80000521FFF791FA002840F08080E06F0528AA
:104B900028462DD3216E08788DF8080000F0FC001F
:104BA0001428284624D14878A3688DF809008A780B
:104BB000834228468DF80A201AD1206890F84D00CB
:104BC0008242284614D8E06D42680068CDF81490FF
:104BD000CDE90002B1F8030002BA40BA09EB124273
:104BE000069000284FF00000CDE9031208BF2846C8
:104BF00000284BD104992046FFF756FA002845D1EA
:104C0000E16BC4F87CA0F1B14246FEF7E9FC08B1C3
:104C1000002117E00698002840D0C4F884A007219E
:104C20000846013108D0E16D0A5C0132D3B20A5462
:104C30009342A0F10101F3D1B0F1FF3105F5D0604D
:104C400018BF012131B1A06FB0F5804F4FF00000C7
:104C500088BF2846D0B9206EA0F10801E165C11CCB
:104C6000421DC4E919129DF80810E26661670170DF
:104C70000398DDE905120844E066606E110AA26738
:104C800001700698616E4870002000BF10F5CB4F90
:104C90003FF449AF00283FF443AF2FE7E068032813
:104CA00006D19DF80800172802D000212846C9E740
:104CB000D4F88400411C0228C4F88410AFDD05F14B
:104CC00080000021BEE700287FF418AFBBF1010F80
:104CD0004FF000007FF412AF616F16297FF40EAF22
:104CE000606810284FF000003FF408AFA16B002966
:104CF0003FF404AFD1F85831E16ED4F8802020465B
:104D00009847002007B0BDE8F08F00001A780260D5
:104D1000587808607047000010B5D0F88C10826D8C
:104D200001F1080E01F10B0301F10D0402F1080C71
:104D3000C0E9241EC0E9263402F10B0102F10D0383
:104D4000C0F8A040C0E9172CC0E91913C36610BD14
:104D500088B103687BB11523C0F8A430D0F8A03027
:104D60004FF0020CC0F8A8C01970D0F8A030012193
:104D70005A7000F035BA48F60070CFF6FF707047F1
:104D8000DDF800C08261C361C0F820C04162704795
:104D90002DE9F04104460026074648F2001801605C
:104DA000012044F24D1147F88C6FCFF6FF78EBF7F6
:104DB000B7FA254645F8580F90B1012044F24D113D
:104DC000EBF7AEFA386058B12046FFF7A5FF204652
:104DD00002F09CFE8046002804BF0020BDE8F08160
:104DE000A06D06F06BFDD4F88C0006F067FD404620
:104DF0002660C5E90066C5E90266C5E90466C7E93B
:104E00000066C7E90266C7E90466BDE8F0810000F4
:104E100080B50121FCF70AFA002818BF012080BDE7
:104E2000002808BF704710B504464C30F5F72EFC3B
:104E300004F18C00F5F72AFC04F13400F9F782FC48
:104E400004F14000F9F77EFC2046D021BDE8104077
:104E5000FCF754BBD0F894200029A2F10803C0F855
:104E6000903002F1030302F10502C0E92632C0F8D6
:104E7000A02008BF7047D1F8CC30022BA6BFD1E9E3
:104E80000131591A00211144C0F8A01070470000E8
:104E9000F0B581B048F60076CFF6FF7668B10546EA
:104EA000006850B1686814460F46102808D028469C
:104EB000FFF778FA20B101B0F0BD304601B0F0BD87
:104EC0002846FFF711FA0028F5D4D5F8AC20A04207
:104ED00038BF0446A2B3A869002846D006F5A067EB
:104EE000D5F89410AB69686A891A98470646012874
:104EF0003BDBD5F8AC00B04236D3821BC5F8AC2002
:104F0000EED1D5F88C20296C02F10D0005F1900C42
:104F100002F1080302F10B078CE88C00C5F89C0035
:104F2000C5F8A00051B1D1F8CC20022AA6BFD1E922
:104F30000121511A00210844C5F8A000002614E000
:104F40001720C5F8A400D5F8A00039462246C5F8B8
:104F5000A840EBF727F92846012100F041F9002885
:104F600008BF204601B0F0BD3E46002E3046A2D11B
:104F7000204601B0F0BD00002DE9F04381B00446A9
:104F8000806BD0F86811897A0A2964D8012202FA64
:104F900001F140F29E6211425DD0216891F85020EB
:104FA000D20703D1D4F8B820002A4ED020B14068EF
:104FB000002808BF886B00E0886B002814BF0768D2
:104FC000002707202FB348F6003843F6FD79CFF6C7
:104FD000FF7800BFBE68A9EB00018E4240D8D4F82C
:104FE000A010320C0A54D4F8A010320A01444A70BE
:104FF000D4F8A010C51C01448E70D4F8A000F96844
:1050000028443246EBF7CEF8D7F850717019002FCC
:10501000E0D1C11FD4F8A0200B0C1371D4F8A0204C
:105020000B0A5371D4F8A02091711621C4E92910FC
:10503000D4F8A0000B2101706068411C204661601B
:1050400001B0BDE8F04300F08FB860684FF0000891
:105050000130606004E060684FF00008013060607B
:10506000404601B0BDE8F08310B504461420C4F8F2
:10507000A400D4F8A0000121C4F8A8100170D4E95C
:1050800028026168013142F00203162BD4F8A830DF
:10509000616029D190F800C0162A08BFBCF1000F4A
:1050A00001D0A16B01B3B3F5804F1DD8162A15D1DD
:1050B000191F0A0C4270D4F8A0000A0A8270D4F8B2
:1050C000A000BCF1000FC17008D0A06BD4F8A010F4
:1050D000D4F8A820D0F8583120469847204601211E
:1050E000BDE8104000F07CB849F20040CFF6FF70F8
:1050F00010BD000010B5816C0446FFF7ABFE2068C0
:10510000A16BD4F8A02090F85000D1F86031111DA7
:1051100000F0010220469847E068D4F8A010102261
:10512000002808BF28221620C4E92902142008708C
:10513000A06BD0F8E00138B1206890F85000C007AB
:1051400004BF0F20606002E06068013060600020F2
:10515000C4E92C00A06C616B20642046E162BDE8CC
:10516000104000F001B8000010B5D0F8A4200446AB
:1051700042F0020016282DD1D4F8A010D4F8A8309F
:1051800091F800C0162A08BFBCF1000F01D0A06B37
:1051900000B3B3F5804F1DD8162A15D1181F020C85
:1051A0004A70D4F8A010020A8A70D4F8A010BCF19A
:1051B000000FC87008D0A06BD4F8A010D4F8A820B5
:1051C000D0F858312046984720460121BDE81040CC
:1051D00000F006B849F20040CFF6FF7010BD0000A5
:1051E0002DE9F0478AB004468068E268D4F894302C
:1051F000D4F8A8A058709A70D4E92C32D4F8900052
:1052000049F2004903604260D4F898004FEA1A223C
:105210000270D4F89800884680F801A0206CCFF680
:10522000FF7960B3D4F89C10D4F88C5044F24D1739
:105230006D1A2F440697D4F8A870D4F8A0500591A1
:105240000897691AD4F8907007912268D4E9023659
:1052500079683F688DF81130CDE90271D2E90637DF
:10526000D4F8A41002AA8DF8101001468DF812602F
:105270000097FEF7B3FD18B1002141B95EE006E0EA
:105280000798002848D000214846002956D0D4F875
:105290009410D4F8A430D4F89C200B70521AD4F88F
:1052A000AC10D4F8943002EB0A07226C39443B442A
:1052B000C4F8AC10A3F10807DE1C591DC4E924731F
:1052C000C4E92661C4F8A01052B1D2F8CC30022B48
:1052D000A6BFD2E901329A1A00221144C4F8A010E4
:1052E00004F1B702002709F1800300BF39460837EF
:1052F00008D0575C0137FEB25754BE42A1F10107F6
:10530000F4D100E018466FF00702891A18BF012196
:10531000B9B90AB0BDE8F0879DF81000DDF820A00B
:10532000C4E9290AD4F898004FEA1A2101700898B4
:10533000D4F89810487001210029A8D10021002933
:10534000E7D0B8F1010F35D1A069B8B3D4F8AC20DB
:105350006AB300BFD4F89410A369606A891A9847A9
:1053600001282EDBD4F8AC1081422BD30A1AC4F8E2
:10537000AC20EFD1D4F88C20216C02F10D0004F1A7
:10538000900C02F1080302F10B078CE88C00C4F8C2
:105390009C00C4F8A00051B1D1F8CC20022AA6BFCD
:1053A000D1E90121511A00210844C4F8A0004FF0AE
:1053B000000907E000200AB0BDE8F087A9F5A06960
:1053C00000E081464846B9F1000F08BF00200AB04E
:1053D000BDE8F0871870597070470000F0B581B0D3
:1053E00000286ED00446064604E000BFD6F850619F
:1053F000002E55D006F1CC00FBF742FFB56E55B13B
:10540000AF6928462021FCF779F8284606F056FABD
:10541000002F3D46F4D1D6F8885055B1AF692846E3
:105420002021FCF76BF8284606F048FA002F3D468D
:10543000F4D1D6F8345155B1EF6828461021FCF765
:105440005DF8284606F03AFA002F3D46F4D1D6F82A
:10545000045155B1EF6828461021FCF74FF8284653
:1054600006F02CFA002F3D46F4D1D6F8145155B170
:10547000EF6828461021FCF741F8284606F01EFA8E
:10548000002F3D46F4D1F0680028AFD031680029E4
:10549000ACD0B168FCF732F8F06806F00FFAA5E777
:1054A000254600BFD5F8506128464FF4AA71FCF795
:1054B00025F8A5421CBF284606F000FA002E354606
:1054C000F0D101B0F0BD000080B54FF4AA71EAF749
:1054D00090FE80BD2DE9F04F8FB04DF28076CFF673
:1054E000FF76002806F180081CBF0F46002903D173
:1054F00040460FB0BDE8F08F1D46144681464FF080
:10550000000A0246D1695046924641B1DAF850216C
:10551000002AF7D119B1DAF85011002956D05646B1
:1055200082460020002FCDE90A00CDE90600CDE932
:105530000800CDE90300059018BF002E11D1B8F185
:10554000000F0BD0BAF1000F1CBF0020CAF85001A9
:105550004E451CBF304606F0B1F9C9E74FF00008D0
:10556000C6E739190CA80DAA3023CDE90C74F4F75D
:1055700059FF48B13046FFF731FF4DF61A60CFF6BC
:10558000FF7000F16608DAE7DDE90C0B00EB0B08B1
:10559000A8EB0704B46045B301202146EAF7C0FE3A
:1055A0004DF280780028CFF6FF780C90F060C6D0DE
:1055B000394622460546EAF7F5FD01203060A4EBA6
:1055C0000B0028440C9005EB040811E001204FF477
:1055D000AA71EAF7A5FECAF85001E8B14FF4AA7122
:1055E000EAF707FEDAF850619BE70020F7603060C9
:1055F0000C980DAAB0610CA841463023F4F712FFB5
:105600004DF28077CFF6FF7740B104463046FFF782
:10561000E5FEA4F5065892E7B04669E7DDE90C011E
:10562000B269A02306F11C0B4418A01A70610CA8E3
:105630000EAA2146F4F7F6FECDF8088038B110F135
:10564000620111D14FF00008CBF800801AE00C98ED
:105650000E99354646180CA831465A46F4F718FEFE
:1056600028B1A0F508580CE0A0F506580AE00C98FF
:105670004DF61A61B0EB0608CFF6FF7118BFA1F125
:1056800080082E46B8F1000F11D106F120020CA8B7
:10569000214600F0DBF9804648B906F12C050CA83C
:1056A00009AB21462A4600F007F9804618B130467A
:1056B000FFF794FE43E7DBF80000032805D33046EC
:1056C000FFF78CFE07F5407839E70130F06106F509
:1056D000A47206F24913374606F5A67609A92846AC
:1056E000009600F001FA28B180463846FFF776FEB2
:1056F0003E4624E70C980DAA38640CA821463023B6
:10570000F4F790FE38B106463846FFF767FEA6F577
:1057100006583E4613E7DDE90C0107F1500201444B
:105720000CA800F0F9F83E4608B18046BFE70C9897
:10573000316C06F19002401AF06306F1A8030CA840
:105740002146374605F068FA18B180463E4638468D
:10575000AEE70C980DAAF8640CA821463023F4F7A4
:1057600061FE0028CFD10D9840B10C9907F170026D
:1057700001440CA800F0D0F80028E6D10C98F96C90
:10578000C7F8C800411AB96407F1CC020CA8214639
:10579000FBF7A4FD0028D8D10C98D7F8C810FA69F7
:1057A000401A22F0010102293B46C7F8C40008D183
:1057B00007F1D4020CA82146012305F04BFB002879
:1057C000C3D1DBF8000020F00100022808D107F166
:1057D000E0020CA82146022305F03CFB0028B4D1CE
:1057E000DBF80000032809D1DDE918360CA82146B2
:1057F0003A46009605F0CAF80028A6D10C98A042B7
:1058000004D04DF61A68CFF6FF789FE702990CA8EE
:1058100003AA06AB00F050F8002896D13A6B049822
:1058200082420ED1786B0599EAF741FD48B90A9A90
:105830000798824205D17AB10B980899EAF737FDAB
:1058400050B138463E46FFF7C9FD4DF28070CFF6A5
:10585000FF7000F5007872E6029907F59E720CA8B9
:1058600000F01EF900287FF470AF0C98029988426E
:10587000C7D14FF000083E4661E6000080B582B017
:105880004FF0000C0023CDF800C0CDF804C0FFF7A6
:1058900021FE02B080BD000010B584B00DF1180EDD
:1058A0001A469EE80850099CCDE900CE029404F007
:1058B000D1FC04B010BD000080B5F4F7F1FB002866
:1058C00018BFA0F50C5080BD70B582B043F0A006A3
:1058D0001546043233460446F4F7A4FD60B9206847
:1058E0006968A86020682E60451801AA20462946EC
:1058F0003023F4F797FD18B1A0F5145002B070BD35
:10590000206801990844281A1CBF4DF69A20CFF64A
:10591000FF7002B070BD00002DE9F04F83B04DF66E
:10592000204B164689460546CFF6FF7B01AA0DF1AE
:10593000080A4FF00108284649463123F4F772FD62
:10594000002879D128680199441800BF28462146CB
:1059500052463023F4F766FD90B1A0F50E500028B2
:1059600060D12868A0424DD00120202186F81C80FB
:10597000EAF7D6FCB06100280646E7D155E000BF43
:10598000029958460129EADB28683246037847180D
:1059900042F8043B284639460623F4F743FD002825
:1059A000DBD12868B060706829680144781A012842
:1059B00058462960D3DB0A78ABF102001E2ACED804
:1059C00041F2080308FA02F2C5F258031A42C6D09F
:1059D000481C2860087806F11002F0602846394615
:1059E000F4F75AFC0028B8D128687061306929683A
:1059F0000844B842286006BF0020B061ABF1060041
:105A0000ADE700BF48451CD001202021EAF788FC03
:105A1000B0610028064601AA7FF48DAF4DF2807078
:105A2000CFF6FF7003B0BDE8F08F4DF28070CFF677
:105A3000FF7003B0BDE8F08FA0F50E5003B0BDE8D5
:105A4000F08F002003B0BDE8F08F0000B0B5036810
:105A50000446C81A01284DF61E50CFF6FF70BCBF91
:105A60000230B0BD15461A7842F08002822A18BF73
:105A7000B0BD581C206018782A4642F8040B204616
:105A8000F4F70AFC00281CBFA0F50A50B0BD20683E
:105A9000A86068682168084420600020B0BD00004C
:105AA00070B582B0044600680B1A012B16DB154650
:105AB000067801AA2046F4F795FB00281EBFA0F542
:105AC000125002B070BD20680199A86020682E6055
:105AD000084469602060002002B070BD4DF620309F
:105AE000CFF6FF7002B070BDB0B5049D2C68002CDD
:105AF0004DF60054CFF6FF741CBFA4F5A060B0BDF6
:105B00000D4611461A46FBF73DFB00281CBFA0F5C9
:105B10001850B0BD2868052818BF002803D1686850
:105B2000002808BF04462046B0BD00002DE9F04122
:105B300082B0054600684DF600480B1A012BCFF6DF
:105B4000FF7808DB14460278172A09D0182A1FD1DB
:105B50000426002706E0A8F1600002B0BDE8F0814D
:105B6000022601270130286001AA2846F4F794FB99
:105B700000281EBFA0F5105002B0BDE8F0810198CA
:105B800006F10801884208D2404602B0BDE8F08123
:105B9000A8F1620002B0BDE8F081A0EB010C00208A
:105BA000206000BF286802783A3A12F10A0F17D332
:105BB0002368013E03EB83034FEA4301216000F1B8
:105BC00001012960007800EB4300A0F13000206063
:105BD000E8D1002012F10A0F06D202B0BDE8F08130
:105BE000404612F10A0FF8D347B120683128DCBFD4
:105BF00064302060206800F26C70206000206060DB
:105C00006FF001002B681978A1F13A0212F10A0F26
:105C100015D36168013001EB81014FEA41076760EC
:105C200003F101072F601B7803EB4101A1F1300163
:105C30006160E7D3002012F10A0FCED303E04046A3
:105C400012F10A0FC9D30020A0606FF0010000BF5D
:105C50002B681978A1F13A0212F10A0F12D3A16848
:105C6000013001EB81014FEA4107A76003F1010711
:105C70002F601B7803EB4101A1F13001A160E7D354
:105C8000002000E0404612F10A0FA6D30020E06099
:105C90006FF001002B681978A1F13A0212F10A0F96
:105CA00012D3E168013001EB81014FEA4107E7605F
:105CB00003F101072F601B7803EB4101A1F13001D3
:105CC000E160E7D3002000E0404612F10A0FFFF444
:105CD00084AF002020616FF0010000BF2B681978AD
:105CE000A1F13A0212F10A0F12D32169013001EB3E
:105CF00081014FEA4107276103F101072F601B78FB
:105D000003EB4101A1F130012161E7D3002000E064
:105D1000404612F10A0FFFF460AFBCF1020FFFF42E
:105D200033AF002060616FF001002B681978A1F19A
:105D30003A0212F10A0F12D36169013001EB8101BD
:105D40004FEA4107676103F101072F601B7803EBFE
:105D50004101A1F130016161E7D3002000E040463C
:105D600012F10A0FFFF439AFACF10200012807D19C
:105D7000286801785A2911BF0120013028600020CD
:105D80000028404604BF204604F0AEFC02B0BDE847
:105D9000F08100002DE9F0418CB0064600680C4609
:105DA00000F0DF00822815D04DF680758028CFF6F0
:105DB000FF7534D1D6E9011280280A9216D15618FF
:105DC0000AA80BAA31460623F4F72CFB58B3A0F51A
:105DD00014550FE020462821EAF70BFA0220206034
:105DE00096E80700231D002507C318E04DF60005BF
:105DF000CFF6FF759DB920462821EAF7FAF901AFE1
:105E00008FCFDDE9066504F1040EDDF820C08EE8D1
:105E10008F000998C4E90665C4E908C00025284632
:105E20000CB0BDE8F0810B9F082FE3D1DDF828808E
:105E30004FF2D640C0F2010041460822EAF737FA95
:105E40000028D7D108EB0700B04234D20A900AA844
:105E50000BAA3146A023F4F7E5FA0028B7D10AA827
:105E60000BAA31463023F4F7DDFA0028AFD10AA897
:105E70000BAA314606230625F4F7D4FA0028A6D14A
:105E8000DDE90A01049506900844B042059112D25A
:105E90000A900AA80BAA314604230425F4F7C2FA93
:105EA000002894D1DDE90A010795CDE908100844DE
:105EB000B0420A9008D04DF69A2501A82421CFF6C9
:105EC000FF75FBF71BFB95E7002593E70020704764
:105ED000002070472DE9F04F87B0109C0E460690C9
:105EE000D4E90110049389001546EAF782F9D5F840
:105EF00004B07768D4F808A05F450595039628BFDD
:105F00005F46BBF1000F00F0C1810BF101000026DC
:105F10004FF0000E019002970698DAF80080806832
:105F2000002250F82E4003985546D0F808C0102F94
:105F3000DCF80090C0F074805CF8040B2968E4FB86
:105F4000601245F8041B5CF8040B2968E4FB60123E
:105F500045F8041B5CF8040B2968E4FB601245F863
:105F6000041B5CF8040B2968E4FB601245F8041B71
:105F70005CF8040B2968E4FB601245F8041B5CF82C
:105F8000040B2968E4FB601245F8041B5CF8040B61
:105F90002968E4FB601245F8041B5CF8040B2968CF
:105FA000E4FB601245F8041B5CF8040B2968E4FB71
:105FB000601245F8041B5CF8040B2968E4FB6012CE
:105FC00045F8041B5CF8040B2968E4FB601245F8F3
:105FD000041B5CF8040B2968E4FB601245F8041B01
:105FE0005CF8040B2968E4FB601245F8041B5CF8BC
:105FF000040B2968E4FB601245F8041B5CF8040BF1
:106000002968E4FB601245F8041B5CF8040B29685E
:10601000E4FB601245F8041B103F0F2F3FF68CAFD6
:10602000082F3AD35CF8040B2968E4FB601245F8AA
:10603000041B5CF8040B2968E4FB601245F8041BA0
:106040005CF8040B2968E4FB601245F8041B5CF85B
:10605000040B2968E4FB601245F8041B5CF8040B90
:106060002968E4FB601245F8041B5CF8040B2968FE
:10607000E4FB601245F8041B5CF8040B2968E4FBA0
:10608000601245F8041B5CF8040B2968E4FB6012FD
:1060900045F8041B083F072FC4D847B15CF8040B30
:1060A0002968E4FB601245F8041B013FF6D109FBA7
:1060B0000480049900FB01F8281F00BF50F8041F5A
:1060C0008B1846F100028B420360F7D3059800223B
:1060D0008568BBF1100FC0F0D3805B46574600BF08
:1060E00055F8040B3968E8FB601247F8041B55F8B3
:1060F000040B3968E8FB601247F8041B55F8040BE1
:106100003968E8FB601247F8041B55F8040B39683E
:10611000E8FB601247F8041B55F8040B3968E8FBEC
:10612000601247F8041B55F8040B3968E8FB60124D
:1061300047F8041B55F8040B3968E8FB601247F870
:10614000041B55F8040B3968E8FB601247F8041B80
:1061500055F8040B3968E8FB601247F8041B55F842
:10616000040B3968E8FB601247F8041B55F8040B70
:106170003968E8FB601247F8041B55F8040B3968CE
:10618000E8FB601247F8041B55F8040B3968E8FB7C
:10619000601247F8041B55F8040B3968E8FB6012DD
:1061A00047F8041B55F8040B3968E8FB601247F800
:1061B000041B55F8040B3968E8FB601247F8041B10
:1061C000103B0F2B3FF68CAF082B3AD355F8040B3E
:1061D0003968E8FB601247F8041B55F8040B39686E
:1061E000E8FB601247F8041B55F8040B3968E8FB1C
:1061F000601247F8041B55F8040B3968E8FB60127D
:1062000047F8041B55F8040B3968E8FB601247F89F
:10621000041B55F8040B3968E8FB601247F8041BAF
:1062200055F8040B3968E8FB601247F8041B55F871
:10623000040B3968E8FB601247F8041B083B072B86
:10624000C4D843B155F8040B3968E8FB601247F82D
:10625000041B013BF6D1381F50F8041F8B1846F180
:1062600000028B420360F7D34AF8044B0EF1010E93
:106270000198029FDE454AF820607FF44DAE05E0AC
:1062800057465B46082BBFF4A1AFDAE706984FEA02
:106290008B0280685146E9F785FF5AF82B00BBF165
:1062A000000F00F101004FF000034AF82B001AD054
:1062B00005985A468168AAF104000439002700BFF6
:1062C00050F8046F0023BE42A6EB0707076051F8A1
:1062D000046F38BF0123B74238BF0133BF1B0760CB
:1062E000013A1F46ECD15AF82B00BBF1000FA0EB8E
:1062F00003004AF82B0013D00699C0B28B68C0F196
:106300000101AAF10402043B53F8047F52F8046F20
:1063100007FB01F7BBF1010B06FB00771F60F3D110
:1063200007B0BDE8F08F00002DE9F04184B040F2E5
:10633000C634C2F200042078F3F720FB002850D0C6
:106340000246207842F69054C2F20004216802AE60
:106350000DF10A03009600F05FFBBDF80810432919
:1063600040F0AD80216840F2BC32C2F200020B7FE7
:106370001678B34237D14B7F5678B34235D18B7FF5
:106380009678B34233D1CB7FD678B34231D191F8EE
:1063900020301679B34240F08D8091F82130527947
:1063A000934240F0898082B2F12AC0F0878011FACE
:1063B00080F040F2D83C40F2D03E40F2CC3340F284
:1063C0006C2440F2C23801F1F0020021C2F2000C4C
:1063D000C2F2000EC2F20003C2F20004C2F20008D0
:1063E0000CE000216BE0002169E0002167E0002162
:1063F00065E0002163E0824280F061801678362EED
:1064000023D8DFE806F020261C2C1C1C371C1C1C83
:106410001C1C1C1C1C1C1C1C1C1C1C1C1C1C1C1CBC
:106420001C1C1C1C1C1C1C1C1C1C1C1C1C1C1C1CAC
:106430001C1C1C1C1C1C1C1C1C401C4E5100557898
:106440002A440232D7E70132D5E7FF2EF7D10246C0
:10645000D1E7D2F802600632CCF80060CBE732F820
:10646000026F12F8017C5588AEF80060AEF8025059
:106470003A44C0E732F8025F12F8016C57881D8079
:106480005F803244B7E7957817792560D67846EA79
:10649000052556792D0445EA072506323544256041
:1064A000A9E791780332A6E7D2F802500632C8F87D
:1064B0000050A0E7002102E0002100E0002148B2E6
:1064C00004B0BDE8F08100002DE9F04F95B005461D
:1064D00000202882E860A8606860286008888A46F2
:1064E00000BA000C28808B78C8780AF10C0C40EABE
:1064F000032100F00F000FB2B7F1FF3FDCBF01270F
:10650000AF70C3F3C3074B05EF7044BF01232B717A
:106510008B0544BF01236B71CB0544BF0123AB71D5
:106520000092090644BF0121E9712872BAF80400FB
:1065300000BA000C6881BAF8060000BA4FEA1040B1
:10654000A881BAF8080000BA4FEA1040E881BAF80A
:106550000A0000BA4FEA1040288257D04FF02E09A7
:106560004FF0000B019500BF00264B270DF10902EB
:1065700061460025002400BF11F8018BB5FA85F0B3
:10658000400908F0C00EBEF1C00F064407D10978DB
:10659000064468F30D21514411F8018B0125B8F12F
:1065A000000F1BD06FEA0800384407B2002F1FD439
:1065B00001390132404600BF11F8013F013802F8AD
:1065C000013C030402F10102F6D1002D08BF46444C
:1065D00002F8019C01340131CEE700BF0020002CFD
:1065E00008BF02F8019B1070701C05D122E000BFAB
:1065F0004FF0FF36701C1DD0019D0CEB0600698921
:106600000BF1010B8B4500F1040CADD3A889009E62
:1066100058B10024504661463246F2F70BFE58B19D
:106620008446A88901348442F4D3287AB0FA80F0F1
:10663000400902E0FF2000E0FF2040B215B0BDE8B5
:10664000F08F00002DE9F04389B0164608AA3023E8
:106650000C460546F3F7E6FE20B1A0F56C5009B0F4
:10666000BDE8F083286808994CF20058CFF6FF780F
:106670000844A8F16609A042484602D009B0BDE826
:10668000F08308AA284621460223F3F7CBFE002810
:10669000E3D12968089A002730460023CDE9007726
:1066A000CDE90277CDE904770697FBF775FA18B1C3
:1066B000404609B0BDE8F0830898296808AA084454
:1066C0002860284621460223F3F7ACFE0028C4D1F7
:1066D0002868089F0021CDE90011CDE90211CDE91C
:1066E000041030460021002200230697FBF754FADD
:1066F0000028DDD108982968084428603046FAF758
:1067000091FF0028D4D13046FAF74EFF00284046CA
:10671000B4D12868001B18BF484609B0BDE8F08313
:10672000002804BF6FF01E007047D0E901129142AB
:1067300004BF0020704731BF501A0068511A084446
:106740007047000000281CBFC0E90021C0E9021109
:10675000704700002DE9F04114460E4605464FF003
:106760000008BDB1E6B1D5E9011081421ED3E86849
:106770002A68401A0244A2421CD82A6817183046D8
:106780003A46E9F70FFDE8683E446860E41BB84408
:10679000002DE7D16FF0140408EB0400BDE8F08190
:1067A0006FF0150408EB0400BDE8F081401AA04228
:1067B00098BF044630462246E9F7F4FC6868204456
:1067C000686008EB0400BDE8F08100002DE9F041AD
:1067D00014460E4605464FF0000815B33EB395E843
:1067E0000700914204D026BF411A1144511A00E01B
:1067F0000021401AA04220D9D5E90110814222D8B7
:10680000E9682A68091A8F18A74223D231463A4606
:10681000E9F7C8FCE8683E44A860E41BB844002DD2
:10682000DCD16FF00A0408EB0400BDE8F0816FF0E2
:106830000B0408EB0400BDE8F0816FF00C0408EBDA
:106840000400BDE8F08131462246E9F7ABFCA868B8
:1068500020440CE031462246E9F7A4FCD5E90202C7
:1068600029682044A8601144884208BF1046A860E7
:1068700008EB0400BDE8F0812DE9F04F83B0082853
:1068800002D94FF0FF36C2E04501044605F1080089
:1068900016460F46F1F7E8FA00F00F0001283BD149
:1068A000EEB341F6086028440197F1F7DDFA800263
:1068B00080B245F2A85BB04238BF064641F6087088
:1068C00005EB0009012005F5427A00FA04F8C2F24E
:1068D000000B029501E000BF27BB2046F3F74EF8FE
:1068E00007465046F1F7C0FA17280CD01C282FD1C4
:1068F000C7B92046F3F7BEF805464846F1F7B4FAA3
:10690000B5EB802F54D0BBF8000018EA000FE3D09D
:10691000002FE1D100267AE06FF0040677E06FF0F7
:106920000D0674E0B74238BF3E4601992046324614
:1069300003F05CF90298402100F584742046F1F7D9
:10694000D9FA00BF2046F1F78FFA0028FAD15EE0AD
:10695000029D102105F584763046F1F7CBFA00BF91
:106960003046F1F781FA0028FAD105F502701F21AF
:10697000F1F7C0FA45F2AA51C2F2000101200A88DB
:10698000A04022EA0000088045F2B450C2F20000A4
:10699000002120F8141045F2AC50C2F200006FF054
:1069A000060601555046F1F75FFA0028FAD12EE0AD
:1069B000029D102105F584763046F1F79BFA00BF61
:1069C0003046F1F751FA0028FAD105F502701F217F
:1069D000F1F790FA45F2AA51C2F2000101200A88AB
:1069E000A04022EA0000088045F2B450C2F2000044
:1069F000002120F8141045F2AC50C2F200006FF0F4
:106A0000060601555046F1F72FFA0028FAD1304614
:106A100003B0BDE8F08F00002DE9F04F85B00828E5
:106A200002D94FF0FF35C1E04FEA401B04460BF19D
:106A30000800994692460E46F1F716FA074600F00E
:106A40000F00042818BF02283ED1BAF1000F38D039
:106A500045F2B458C2F2000838F8140000214FF093
:106A60000005A0B307F0070045F2AC57C2F20007DB
:106A7000042839554CD002286CD138F8140000286D
:106A800071D103A92046082203F0B0F80BF58475F4
:106A900028464021F1F72EFA2846F1F7E5F90028BB
:106AA000FAD10398BDF81010C9F8000008BABDF873
:106AB00012100E9A000C108008BA000C28F814006E
:106AC0004FE06FF00D0571E06FF004056EE0CDE969
:106AD000016B0BF54276012045F2A85B00FA04F841
:106AE000C2F2000B02E000BF002D63D12046F2F796
:106AF00045FF05463046F1F7B7F9002854D0BBF8FA
:106B0000000018EA000FEFD0002DEDD100254DE078
:106B100038F8140038BB03A92046022203F066F8B7
:106B20000BF5847528464021F1F7E4F92846F1F782
:106B30009BF90028FAD1BDF80C0040F2EB5140BAA5
:106B4000884228F814000CD32046F1F79BFF6FF41D
:106B50007A752BE02046294603F0E2F828F8145015
:106B60000CE08020385538F814003146504538BFC5
:106B700082462046524603F039F855460BF5847696
:106B800030464021F1F7B6F93046F1F76DF90028AB
:106B9000FAD138F81400401B28F8140006D0385DEC
:106BA00040F00100385501E06FF00305284605B0BC
:106BB000BDE8F08FDDE9016B45F2B458C2F2000880
:106BC00000214FE710B540F2602449F25103C2F2B0
:106BD0000004C0F20003236040F2682E49F2B503BE
:106BE000C2F2000EC0F20003CEF8003040F2642C76
:106BF00049F28D03C2F2000CC0F200030028CCF869
:106C0000003018BF2060002918BFCEF80010002AFD
:106C100018BFCCF8002010BD0028024618BF012282
:106C200000290B4618BF01231A4049F64972C0F2E9
:106C3000010218BF024649F64D70C0F2010018BFAC
:106C4000084640F2F011C2F20001C1E9022070478B
:106C50000028024618BF012200290B4618BF012355
:106C60001A4049F65572C0F2010218BF024649F6B1
:106C70005170C0F2010018BF084640F2F011C2F294
:106C80000001C1E90420704740F2F01CC2F2000C80
:106C9000BCF800309B0500D4FEE7002803460A46F6
:106CA00018BF0123002918BF01221A4049F6597262
:106CB000C0F2010218BF024649F65D70C0F2010041
:106CC00018BF0846CCE906207047000010B5012027
:106CD000AC21E9F725FB044620B120460021002223
:106CE000FAF792FF204610BD411E0638B1FA81F135
:106CF000B0FA80F049094009084370472DE9F04196
:106D000000F10807054646684BF680743846884609
:106D1000CFF6FF74FAF782F886424ED16868B0F574
:106D2000806F4AD838460021F8F75CF8012844DB28
:106D300038460021F9F7AAF900283ED0B8F1000F33
:106D400019D005F12C0738460021F8F74BF8012837
:106D500033DB38460021F9F799F970B305F13807AC
:106D600038460021F8F73EF8012826DB3846002196
:106D7000F9F78CF908B305F114000021F8F732F89F
:106D800001281ADBB8F1000F16D005F144000021EC
:106D9000F8F728F8012810DB05F150000021F8F77A
:106DA00021F8012809DB05F15C000021F8F71AF849
:106DB0000128A8BF002400E000242046BDE8F0819F
:106DC000FAF7A8BB01220A700FF2140C00F10803B5
:106DD0000A7305A21430C1E901C3C1E90420704758
:106DE0007273612E4E0000007273612E4500000028
:106DF000F0B585B01D4617460E460446FAF7CAFEA2
:106E0000B8420DD1DDE90C12DDE90A070123CDE915
:106E10000006204602950397FAF700FF05B0F0BD83
:106E20004BF68070CFF6FF7005B0F0BD2DE9F04352
:106E300083B0DDE90A49984616460D460746FAF73B
:106E4000A9FE4845206006D94BF60040CFF6FF70FA
:106E500003B0BDE8F083DDE90C1238460023CDE92C
:106E60000065CDF80880FAF7F1FE03B0BDE8F083C5
:106E700010B50446FAF754FE2046BDE8104004F071
:106E80001DBD000080B5FAF785FEC00080BD000082
:106E90002DE9F04F81B00546D0F8A00005F1980427
:106EA00010B305F18C06304631463246F9F73EFC08
:106EB0008046002851D10835304631462A46F9F738
:106EC000A1FB8046002848D1204621462246F9F7FA
:106ED0002DFC8046002840D1204621462A4601B09C
:106EE000BDE8F04FF9F78EBB4BF6803892468B46E3
:106EF00005F18C0705F108090C26CFF6FF7800BFD5
:106F0000013E2AD068685A46411E20465346F8F78B
:106F100053FEF8B9384621464A46F8F7FBFED8B981
:106F200038460121F7F75EFF0028E9D138462146AF
:106F30004A46F9F7F3F8804678B905F1140205F1ED
:106F40006806384639464B460096F8F7EFFA01B026
:106F5000BDE8F08F804600E08046404601B0BDE8C5
:106F6000F08F00002DE9F04F83B006464BF6807A93
:106F70009B4690460F460020CFF6FF7A0290019084
:106F800096B13046F7F7F8FC38B1044601A902AAD9
:106F90003046FAF7A9F8002847D0002158460029C2
:106FA00067D00B2865D305E0BB4562D3ABEB070088
:106FB0000B285ED3DDF830904FF480714C4624F8F6
:106FC000021BC51E20462946FF22E9F70BF960196E
:106FD000002100F8011B002E42D0029C30210170DC
:106FE0003A198170211D0832C17006214270017169
:106FF000851D0199447128462246E9F7D3F82819DE
:10700000052129530421041D8170C7702046414683
:107010003A46E9F7C7F8E01909EB0B01884226D098
:1070200048465946FAF76AFA23E02046F7F7BCFBD0
:10703000029A0746104408307F284FF00001ADD86F
:1070400007F10A00121841F10000934538BF0121F1
:107050000143584681F0010108BF801A49B1A0E7F9
:1070600041463A46E9F79EF84FF0000A01E04FF03A
:10707000000A504603B0BDE8F08F00002DE9F04F44
:1070800085B0DDE91098DDE90EAB1C4615460E46CD
:107090000746FAF77FFDCBF80000384649464246DE
:1070A0000123CDE900640295CDF80CA0FAF7E6FDC6
:1070B00005B0BDE8F08F00002DE9F04784B0DDF8A1
:1070C00034A04BF680491E4690460D460746CFF643
:1070D000FF79FAF75FFD0446504548460BD80C98F7
:1070E000002103903846002200238DE8600100252E
:1070F000FAF7DEFD10B104B0BDE8F087544538BFA3
:1071000009F52865284604B0BDE8F0872DE9F04F61
:1071100081B0082802D94FF0FF348AE04FEA4019C5
:10712000054609F1080014468846F0F79DFE00F078
:107130000F00012820D114B309F542773846F0F743
:1071400093FE1C2818BF17281CD145F2AA5AC2F278
:10715000000ABAF80000012101FA05FB1BEA000F42
:107160001DD009F502763046F0F77EFEC1060CD43C
:10717000000753D400245CE06FF0040459E06FF082
:107180000D0456E06FF0060453E030461021F0F78E
:10719000B1FEBAF8000020EA0B00AAF8000041F6A0
:1071A00008704844F0F760FE800280B245F2A85AA9
:1071B000C2F2000AA04238BF044600BF2846F2F7D8
:1071C00059FC06463846F0F74FFE172818BF1C2812
:1071D0002AD1BAF800001BEA000F18BFB4421BD82E
:1071E000B442EBD828464146224602F00FFE09F58C
:1071F000847528462021F0F77DFE00BF2846F0F771
:1072000033FE0028FAD145F2AA51C2F200010888E3
:1072100040EA0B0008800CE000240AE02846F1F761
:1072200031FC6FF00C0404E02846F1F72BFC6FF002
:107230000604204601B0BDE8F08F000080B582B0A2
:10724000F2F7C0FC42F69051C2F200010A6840F227
:10725000351340F2BC3EC3F60453C2F2000EC2F82E
:10726000F0309EF8003040F2071C82F8F6309EF8AD
:107270000530A2F8F4C082F8FB3040F2D433C2F2F9
:1072800000031B68DEF801C0C2F8FE3040F236434E
:10729000A2F8023140F2C233C2F8F7C040F2324CD9
:1072A000C2F20003A2F8FCC093F800C093F801E01A
:1072B00082F804C193F802C0DB78002082F807311D
:1072C000FF23508182F805E182F806C182F8083177
:1072D00040F209120B6898540132B2F5097FF9D1D6
:1072E00040F2C630C2F200004FF0FF320078096869
:1072F00001924FF0430C01AB4FF40972CDF800C07E
:1073000000F0EEF902B080BD70B582B0F2F75AFC21
:1073100042F69051C2F20001086840F23512C3F6FD
:10732000015240F2BC3EC0F8F02040F20712C2F217
:10733000000EA0F8F420BEF80020DEF80230A0F81D
:10734000F62040F24012C2F20002C0F8F830137882
:107350000C254FF0030CA0F8FC508BB10024122038
:107360000D68013415FA80F6A5B286F8EC30535D4D
:107370000130002BF4D16FF00303E21C5B1B03E030
:107380006FF00303122003220C689EF8035014FAD6
:1073900080F4461C84F8EC500C689EF8045014FAF3
:1073A00086F4861C84F8EC500C689EF8055014FA9C
:1073B00086F6C41C86F8EC500E6813FA84F3334446
:1073C00083F8EC200A68372312FA84F2461D82F80B
:1073D000EC300A68031D12FA83F2062382F8EC30BF
:1073E0000A6812FA86F2012682F8EC600A68861DA5
:1073F00012FA86F2C61D82F8ECC00A6812FA86F20A
:1074000000F1080682F8EC300A6800F1090312FA6C
:1074100086F20F2682F8EC600A6800F10A0612FA7A
:1074200083F23A2382F8EC300A6800F10B0312FA77
:1074300086F23B2682F8EC600C300A6886B212FABB
:1074400083F2F608FF23262E82F8EC300FD8EB22C9
:1074500012FA80F0002200BFA0F1EA060B68B6B273
:107460000344B6F59C7F00F101005A70F4D140F25C
:10747000C630C2F200004FF0FF3200780968019276
:10748000432601AB4FF40972009600F029F902B0CF
:1074900070BD0000B0B582B0F2F794FB42F6FD205B
:1074A000C2F20000007842F6905E03380128C2F272
:1074B000000E10D8DEF800000021418140F2D431E6
:1074C00040F2C232C2F20001C2F200020968126840
:1074D000C160019202E04FF0FF300190DEF8000041
:1074E00040F2351140F2BC3CC3F60351C2F2000C2D
:1074F000C0F8F01040F20711BCF80020A0F8F4101A
:107500009DF80710A0F8F620DCF80220FF29C0F84B
:10751000F82001D010241DE040F2324140F2D43274
:10752000C2F20002A0F8FC1040F236411268A0F846
:10753000021140F2C231C2F20001C0F8FE200A7806
:10754000CB78B1F801101C2480F80421A0F80511B3
:1075500080F8073120440C2180F8EC10DEF80000A0
:1075600044F001010844002340F2401280F8EC305E
:10757000C2F20002117844F0020079B100240546FD
:10758000DEF8000010FA85F3681C83F8EC1011197E
:107590004978631C002905461C46F1D1DEF800102D
:1075A0009CF8032011FA80F1441C81F8EC20DEF8ED
:1075B00000109CF8042011FA84F1841C81F8EC205E
:1075C000DEF800109CF8052011FA84F1C51C81F842
:1075D000EC20AAB2DEF80040D21AD91C224482F86C
:1075E000E810DEF80010372311FA85F1021D81F84A
:1075F000EC30DEF80010431D11FA82F1082281F808
:10760000EC20DEF80010821D11FA83F1012381F8CD
:10761000EC30DEF80010C31D11FA82F1032281F86C
:10762000EC20DEF8001000F1080211FA83F10623C5
:1076300081F8EC30DEF8001000F1090311FA82F154
:107640000F2281F8EC20DEF8001000F10A0211FA96
:1076500083F13A2381F8EC30DEF8001000F10B03DF
:1076600011FA82F13B2281F8EC20DEF8001000F1E3
:107670000C0211FA83F11F2381F8EC30DEF80010C0
:1076800000F10D0311FA82F1212281F8EC200E3075
:10769000DEF8001082B211FA83F1D208FF23262A05
:1076A00081F8EC300BD8EC2111FA80F0002100BFFA
:1076B000DEF8002011540130B0F5097FF8D140F216
:1076C000C630C2F200000078DEF80010432501AB9E
:1076D0004FF40972009500F003F802B0B0BD00004D
:1076E0002DE9F04F81B0082802D94FF0FF348EE029
:1076F0004FEA401B05460BF108001F461446894619
:10770000F0F7B2FB00F00F00042818BF022869D17F
:10771000002C64D03868002867D0DDF828A0BAF1C2
:10772000000F65D00BF542784046F0F79DFB4228EC
:1077300018BF222862D10BF6084039460422F0F720
:10774000FBFB41F2080058444FEA1A21F0F7D2FB44
:1077500041F2081058445FFA8AF1F0F7CBFB41F68A
:1077600008705844F0F780FB800280B245F2A85AB6
:10777000A04238BF0446012000FA05F6C2F2000A12
:107780002846F2F777F907464046F0F76DFB90B3CD
:10779000BAF80000064218BFBC4232D8BC42EFD84B
:1077A00028464946224602F031FB0BF584752846EF
:1077B0002021F0F79FFB00BF2846F0F755FB00287B
:1077C000FAD10BF5027500BF2846F0F74DFBC10654
:1077D00019D40007F8D56FF00C04082114E06FF0FD
:1077E0000D0414E06FF0040411E06FF00B040EE0E0
:1077F0006FF00A040BE06FF0030408E06FF006047A
:1078000005E0002403E010212846F0F773FB204632
:1078100001B0BDE8F08F00002DE9F04F81B00828DD
:1078200001D9FF20AAE004460F4604294FF0FB00CF
:1078300000F2A4800121B94011F0160F00F09E80E3
:107840001D4613F0060F01D0FA2097E0904645B18F
:10785000022F00F09780012F08BF15F0210F00F0D4
:10786000A2804FF4847000EB4416102130464FEA9A
:10787000441AF0F73FFB00BF3046F0F7F5FA002856
:10788000FAD10AF502701F21F0F734FB45F2AA592C
:10789000C2F200090120B9F80010A04021EA00005E
:1078A00045F2B45145F2AC5BA9F80000C2F2000108
:1078B0000020C2F2000B0AF5427621F814000BF802
:1078C000040000BF3046F0F7CFFA0028FAD105F0E7
:1078D000F0010AF108003943F0F70CFBB8F1000F92
:1078E00002D04FEA182113E040F27820C2F20000E3
:1078F000B0F800804FF6F07308F1010291B299429E
:1079000004BF4CF20002CFF6FF724FEA182102804A
:107910000AF58160F0F7EEFA0AF5A1605FFA88F1E6
:10792000F0F7E8FA0AF5847738460121F0F7E2FA31
:107930003846F0F799FA0028FAD145F2A851C2F278
:10794000000105F001000A88A040104308800120D2
:10795000B9F80010A04021EA000045F2B451A9F89E
:1079600000000020C2F2000121F814000BF804000E
:107970003046F0F779FA0028FAD0204640B201B03C
:10798000BDE8F08F68B2002804D415F0200101D0C2
:10799000FA20F3E700283FF564AF15F010003FF43C
:1079A00060AFFA20EAE7FA20E8E700002DE9F043AB
:1079B000A7B0446B06464FF2E9004FF2D905002C00
:1079C00008BF346BC0F20100C0F2010504AF002A09
:1079D00008BF054638468846FBF7C4F8B06B00F18F
:1079E00010013846FBF720F80DF17C09384649466E
:1079F000FBF720F83846FBF7AFF8B06B0C21D0F856
:107A00006471202204F130000092029130212A4654
:107A10004B46CDF80480B84748462021F9F76EFD63
:107A200027B0BDE8F08300002DE9F043C7B0446BF8
:107A300005464FF2E9004FF2D906002C08BF2C6B27
:107A4000C0F20100C0F2010604AF002A08BF0646DA
:107A500038468846FBF7F6FAA86B00F180013846F5
:107A6000FBF7AAF90DF1EC0938464946FBF7AAF9EC
:107A70003846FBF7E1FAA86B0C21D0F8647130228C
:107A800004F1300000920291302132464B46CDF88D
:107A90000480B84748463021F9F730FD47B0BDE8CB
:107AA000F0830000F0B59BB06F460646384614469A
:107AB0000D46FBF757F8B06B00F110013846FAF7A6
:107AC000B3FF38462946FAF7B5FF20202060384634
:107AD000FBF742F81BB0F0BDF0B5B7B06F460646F5
:107AE000384614460D46FBF7ADFAB06B00F1800145
:107AF0003846FBF761F938462946FBF763F9302031
:107B000020603846FBF798FA37B0F0BD70B50446F0
:107B1000806C002818BFFDF783F9656B65B1286E8E
:107B200030B103F0CBFE002085F86800C5E91800ED
:107B300028467021F9F7E2FCA56B85B105F110002C
:107B4000FBF70AF805F18000FBF776FA05F108006B
:107B5000F9F796FB28464FF4F871F9F7CFFCA06CC3
:107B600020B90120D021E8F7DBFBA064606B20B9CD
:107B700001207021E8F7D4FB6063A06B28B90120D5
:107B80004FF4F871E8F7CCFBA063A06B002844D059
:107B9000A16C002941D0616B00293ED008467021BC
:107BA000E8F727FBA56CD0212846E8F722FB05F172
:107BB0004C00F2F7B9FD05F18C00F2F7B5FD05F1C7
:107BC0003400F6F7EFFE05F14000F6F7EBFEA46B8C
:107BD0004FF4F8712046E8F70CFB04F11005284635
:107BE000FAF7C0FF284600210025FBF749F804F109
:107BF00080063046FBF726FA30460121FBF722FBD0
:107C000048F2BD10C0F20100C4F8580104F10800A8
:107C10002580F9F75FFB284670BD03F04FFEA06C8E
:107C200003F04CFE606B03F049FE0020A064C4E941
:107C30000D0048F20010CFF6FF7070BD2DE9F04145
:107C40000446806BD0F86801807A0A2843D8012165
:107C500001FA00F040F21E6108423CD020460121AA
:107C6000FCF742FF054610B12846BDE8F081606F81
:107C7000162823D16068E56E0130606028780D38E1
:107C8000B0FA80F04FEA5010C4F8B80029D1D4F807
:107C90008070042F46D92E79B01D874242D9E16801
:107CA000032931D171194979285C40EA0120304417
:107CB00000F1070847451AD9861C1DE0204602211D
:107CC0000A22FDF745F848F28050CFF6FF7000F524
:107CD0006070BDE8F0816068013060600020BDE840
:107CE000F0810120C4F888000020BDE8F081204622
:107CF00002213222FDF72CF847459EBF48F2805002
:107D0000CFF6FF70BDE8F0817019B0F80500D4F827
:107D1000801000BA06EB10400730814204BF0020FB
:107D2000BDE8F08148F28055204602213222CFF68C
:107D3000FF75FDF70DF82846BDE8F0812DE9F04FFD
:107D400081B001210446FCF7CFFE064600284CD145
:107D5000606F162834D1D4F880002A283CD3E76E0F
:107D60003878022838D120683E1D90F8501004F170
:107D70000C05C1F3400204F1080029463346FCF724
:107D8000C5FF2068A16890F84E2091420CDB2A685C
:107D900090F84F309A4207DB90F84C30994203DC60
:107DA00090F84D00824224DD204602214622FCF755
:107DB000CFFF48F28060CFF6FF7000F5306614E028
:107DC000204602210A22FCF7C3FF48F28060CFF66A
:107DD000FF7000F5207608E048F280662046022118
:107DE0003222CFF6FF76FCF7B3FF304601B0BDE894
:107DF000F08FA06BB91D00F5C8702022E8F7D2F90A
:107E000097F82650212D09D348F28066204602219A
:107E10003222CFF6FF76FCF79BFFE6E7D4F880002E
:107E200005F12B01884219D9A919C98C4FF0FF33EC
:107E30000ABA03EB1242032A06D391FA91F805EB32
:107E400008012C3188420FD048F28066204602217A
:107E50003222CFF6FF76FCF77BFFC6E705F12A0159
:107E6000884211D14FF00008A81990F82510A9B147
:107E7000204602212F22FCF76BFF48F28060CFF6EC
:107E8000FF7000F51066B0E748F2806620460221D8
:107E90003222CFF6FF76FCF75BFFA6E7B0F82300AF
:107EA00046BA3046FBF7CCFA0146A06B0029C0F871
:107EB00068113FD02046FCF76BFBD4F83890D9F816
:107EC000E001002818BF002D4AD160684FF0000A79
:107ED000013060600020C9F8E0A100F0EDFB616BAB
:107EE0002A4681E84104CD6001F1100007F1270125
:107EF000E8F758F92068E16850F821100A682AB3B9
:107F0000606B043140688242F8D148F28069CFF654
:107F1000FF79FBF795FA30B1E16802698A4202DC29
:107F2000806988423CDA204602212F22FCF710FFAC
:107F30004E465AE7204602215022FCF709FF48F23C
:107F40008060CFF6FF7000F508664EE748F2806665
:107F5000204602212F22CFF6FF76FCF7F9FE44E7F8
:107F6000606B4168B142B0D181680029ADD1C16870
:107F7000A942AAD1103007F127012A46E8F797F95C
:107F80000028A2D10C2060602046FBF769FD002884
:107F9000B0D00646204602215022FCF7D9FE24E745
:107FA000606B00218160781900F12C054FF0040B03
:107FB0000AE0204602213222FCF7CAFE00204E468B
:107FC000002837463FF411AFB8F1000F30D0688871
:107FD00001BA0BEB114AD045EBD329884FF6017259
:107FE00009BAB2EB114F0CD140BA012801D128795E
:107FF000B0B1204602212822FCF7AAFE00204E46FE
:10800000A0B1A8EB0A08A8F1010102294FF0000075
:10801000554488BF0120032938BF4F463E46CFE76D
:1080200001200026C4F8C0000028EAD10020C7E7DC
:10803000D4F8C00008B10026D7E6206890F85000B8
:1080400000F03000202806D1204602212822FCF72B
:108050007FFE4E46C9E60026C7E60000B0B5012106
:108060000546FCF741FD044608B12046B0BD686FE7
:1080700048F280441628CFF6FF741CBF04F59060C8
:10808000B0BDD5F88000042809D1E86E00780E282C
:1080900005D168680024013068602046B0BD2846DC
:1080A00002213222FCF754FE2046B0BD70B50446D2
:1080B000806BD0F86861B07A012804D16068013023
:1080C0006060002070BD20460121FCF70DFD0546D3
:1080D00008B1284670BD606F162815D1E06E48F6CD
:1080E00000150078CFF6FF750C2804BF05F5306049
:1080F00070BDB07A40F0020007280DD16168012000
:10810000C4F88800481CDBE748F600152046022129
:108110000A22CFF6FF7502E0204602210A22FCF770
:1081200017FE284670BD00002DE9F0410E460446BA
:108130000120202115464FF02008E8F7F1F8616B87
:10814000086680B106200627F6F716FC616B2A4602
:108150000B6E3146F6F796F9616B81F86870C1F8DD
:108160006480BDE8F081204602215022FCF7F0FD3A
:1081700048F20010CFF6FF70BDE8F081B0B582B0D4
:108180000446806B019108308D18F9F7A3F8A06BB5
:10819000294600F1080201A8F9F7A0F800281CBF41
:1081A00049F20040CFF6FF7002B0B0BD806B1030D6
:1081B000FAF7C2BD806B8030FBF7F4B870B50546A6
:1081C000806B144610300E46FAF7B6FDA86B3146A8
:1081D00080302246BDE87040FBF7E4B870B594B03B
:1081E0000446806BD0F86861002013902046FBF7AE
:1081F00037FC0546002840F08C80B07A0A2800F24F
:108200008B80012101FA00F040F21E61084200F06B
:108210008380D4F8B800002877D0A06B08B14168FB
:1082200009B92168896B00296FD0096800296CD0D1
:1082300008B1416809B92168896B48F60025002911
:10824000CFF6FF7565D04968002962D0D0F85C315F
:1082500007A906AA20469847E068032861D1A06BC9
:10826000D4F8A010D0F86801457A0420072D08BF83
:1082700005200871A06B18BF062508B1406808B931
:108280002068806B002814BF406800200026FCF79F
:10829000BFFDD4F8A01006964871A06B08B14068E5
:1082A00008B92068806B002814BF4068002021684E
:1082B000D4F8A020D1E90631083213AE4FF0000CFB
:1082C000CDE90026CDE9023107AA29460023CDF8E1
:1082D00010C0F9F797F80546D8B91398D4F8A0104C
:1082E000020A8A71D4F8A010C87108301621C4E9B6
:1082F0002910D4F8A0000F2101706068013060607F
:108300002046FCF731FF054603E060680025013098
:108310006060284614B070BD606800250130606060
:10832000F7E705F52065F4E72DE9F04F83B0016824
:108330000446886949F20069CFF6FF7930B391F8B5
:108340004C0091F84E2091F84F30A260E36010B3DA
:1083500091F85020D4F8A0B091F84D10C2F340022B
:108360000BF10403FDF736F8A56B002000F0A4F92B
:1083700000BAC5F87001206805F5BA71D0E9063079
:108380001C22984760B103B0BDE8F08FA9F52060CA
:1083900003B0BDE8F08FA9F5E06003B0BDE8F08F51
:1083A000A16B0BF1060001F5B8712022E7F7FAFE88
:1083B000606BC168A1F1210010F1110F01D2002101
:1083C00005E0A06BD0F8E001002808BF00218BF881
:1083D000261089B10BF126004A424FF0FF3100BF51
:1083E000636B0B445B7C013100F8013F5318013390
:1083F000F6D12831421C02E00BF12702272143F677
:10840000FE7081427CD801922068E2688D1C50F891
:1084100022200BEB050710684FF0000A60B3161D11
:1084200043F6FE7807E000BF0120C0B156F8040B08
:108430000BEB050700B3FBF703F80028F4D0216825
:10844000036991F84D209342EEDC91F84F1080695A
:1084500088424FF00000B8BF01200028E6D1454512
:108460004EDC56F8040C0AF1010A000A387056F87E
:10847000040C02357870D9E743F6FE7085423FDC84
:108480004FF47F4038800AF10100019AC109117050
:1084900043F6FF71691A400011F1030F50702FD895
:1084A00005EB0B060120B0700020F87043F6FA705F
:1084B000854248463FF767AFBD1D0BF5804202ABD2
:1084C0002046294600F09AF800287FF45CAF029914
:1084D000301D19B10A0A027068187971A0EB0B00FF
:1084E0001621C4E92910D4F8A000012101706068A8
:1084F000411C2046616003B0BDE8F04FFCF734BE7C
:10850000484603B0BDE8F08F2DE9F04786B0856B93
:108510000446D5F8680149F20039807ACFF6FF7930
:1085200001281EBF09F5807006B0BDE8F087E66837
:1085300021683746002E18BF012791F8502091F886
:108540004C0091F84D10C2F3400205F5D87A53461D
:10855000FCF740FF206805F5D971D0E906302E22DE
:10856000984718B1B0B306B0BDE8F087A06B3021D2
:1085700000F10808C0F86C1140460121F8F756FEDA
:10858000D0B32168D4F8A030780043F6FC77A26B12
:108590000344381AD1E90675D2F86C2105A90433D1
:1085A000CDE900104046514602970395F8F746FE84
:1085B0000028D7D14EB10598D4F8A010020A0A714C
:1085C000D4F8A0104871023005904046F8F758FEE4
:1085D0000020C7E7059816210430C4E92910D4F813
:1085E000A000102101706068013060602046FCF737
:1085F000BBFD06B0BDE8F0874846B3E72DE9F04380
:1086000081B0994603680D4693F84D100020032968
:10861000C9F8000019D1D3F844C04AF28010BCF167
:10862000000FCFF6FF7010D0DCF8003083B10CF1F2
:10863000040700234FF6FC74A34206D857F8131022
:108640009E1C00293346F7D12EB901B0BDE8F08356
:108650000026002EF9D0AA42A0F53860F5D3B11D4E
:10866000521B8A42F1D3DCF8000098B1ACF1040748
:108670006FF001064FF00108FBF776FFA9190872A9
:1086800081F80980B8680437002806F10206F3D1A2
:10869000B01C00E000204FF450612980811C0A0AC0
:1086A000E970010A68710630AA702971C9F80000E2
:1086B000002001B0BDE8F083002814BF006800204E
:1086C000704700002DE9F04F97B0044648F20017BC
:1086D00004A8984691460E46CFF6FF77F6F762F962
:1086E0002046F6F749F9002873D0219C05460396E9
:1086F000F6F75AF806464046E7F7BAFD83462044A7
:1087000000EB060A029001205146E7F709FE0446F5
:10871000002862D0CDF8049004EB0609209F48465B
:1087200041465A46E7F73EFD219A09EB0B003946D0
:10873000E7F738FD04A829460122F6F757F907465E
:1087400000284AD104AD0399019ADDF88C802846AF
:10875000F6F79EF8029A28464946F6F7FFF82846AB
:108760002146F6F72DF8B8F1000F35D0B8FBF6F03A
:108770004FF0000B00FB168004AF07AD039002E042
:10878000C145CB4628D23846F6F766F8384621462A
:108790005246F6F7E3F838462946F6F711F8384618
:1087A000F6F75AF8384621463246F6F7D7F83846F3
:1087B0002146F6F705F80BEB0609C145324688BF9E
:1087C000039A002ADCD0229829465844E7F7EAFCAD
:1087D000D6E707F598570EE0002704A8F5F7B2FF93
:1087E00020465146F8F78AFE07A84021F8F786FE92
:1087F000204603F063F8384617B0BDE8F08F00005C
:10880000B0B584B0DDE908E494460A9D0A46014605
:10881000CDE9003E0620634602940395FFF752FF20
:1088200004B0B0BDB0B584B0DDE908E494460A9D5B
:108830000A460146CDE9003E0720634602940395AF
:10884000FFF740FF04B0B0BD00F00F0101F1570089
:108850000A2938BF01F13000704700002DE9F04FC0
:10886000BDB000281CBF1446002A6DD09B46002BCB
:108870006AD0DDF818A1BAF1400F65DCCAF14007F3
:1088800016AE81468846BAF13F0F88BF002706EB37
:108890000A003946E7F7ADFC304659465246E7F73D
:1088A00081FC06AD05EB0A003946E7F7A2FC284635
:1088B00059465246E7F776FC002000BF315C2A5C3F
:1088C00081F03601315482F05C0129540130402896
:1088D000F4D126AF384600F017F9384601F026F9F2
:1088E00016A93846402201F03FF93846494642462B
:1088F00001F03AF901AD3846294600F029F838462A
:1089000000F002F9384601F011F906A93846402274
:1089100001F02AF938462946142201F025F9384693
:10892000294600F015F80026A85D0009FFF78CFF26
:10893000A95D04F81600084604EB4607FFF784FF1C
:108940000136142E7870EFD13DB0BDE8F08F0000F5
:108950002DE9F04782B0054640680C462968C20000
:1089600042EA5172470D8DF803204A0D8DF804201C
:108970004A0B8DF80070470B8DF805204A0901F06D
:108980003F0A8DF8017047098DF806207822BAF168
:10899000380F4FEAC1038DF8027038BF3822B2EBAE
:1089A0000A068DF8073034D08919296024BF0130B8
:1089B0006860BAF1000F00F09C80CAF140084EF2E6
:1089C000C4474645C0F2010710D305F11C0909EB65
:1089D0000A0039464246E7F7E5FB2846494600F0DB
:1089E00099F84744A6EB08064FF0000A402E08D33A
:1089F0002846394600F08EF8403E3F2E07F14007EA
:108A0000F6D836B105EB0A001C3039463246E7F796
:108A1000C9FB286800F03F0900F1080110F1080FB8
:108A2000296002D3686801306860B9F1000F19D07D
:108A3000B9F1380F6E4618D3C9F1400805F11C078B
:108A400007EB090031464246E7F7ACFB28463946BA
:108A500000F060F84644A9F138074FF00009402FB4
:108A600006D20EE04FF000096E460827402F08D3CB
:108A70002846314600F04EF8403F3F2F06F14006B1
:108A8000F6D837B105EB09001C3031463A46E7F716
:108A900089FBE87A207068896070A868000AA07075
:108AA000A868E070E87B2071E8896071E868000AD6
:108AB000A071E868E071E87C2072688A60722869B9
:108AC000000AA0722869E072E87D2073E88A60736A
:108AD0006869000AA0736869E073E87E2074688B97
:108AE0006074A869000AA074A869E07402B0BDE8C7
:108AF000F0874EF2C4474FF0000AC0F20107402E43
:108B0000BFF476AF7DE7000080B55C21E7F771FB2D
:108B100080BD00002DE9F04FA2B04B680A6893FABF
:108B200083F8D0E90293046946698F6815BA86EA2A
:108B3000040297FA87FE1190876918461A4005EBE0
:108B4000F96372403B441A4484EAB0031C951097C1
:108B50004FEAB00703EA090347F699150F966340F9
:108B60004644C5F6822587EAB9073344561906EA12
:108B7000070282460D9082EAB00203EBF6604FEAEC
:108B8000B603D1F80CC083EAB9030EEB04072844FE
:108B9000CDF860E007EB020E9CFA8CF703400E94D0
:108BA000209783EAB90307EBBA040F6904EB030AC1
:108BB0003BBA0EEBF0674FEAB00484EAB6042F44E8
:108BC0003C4084EAB60E03EBB9024C691493964418
:108BD00023BA0AEBF7644FEAB70282EAB0022C44E8
:108BE0002240139382EAB00203EBB6068B6906EBD0
:108BF000020A1ABA0EEBF4634FEAB40686EAB70625
:108C00002B441E401A9286EAB70602EBB000CA69EE
:108C100000EB060C10BA0AEBF3624FEAB30686EAE1
:108C2000B4062A44164086EAB40E0E6ACDF86C806B
:108C3000159000EBB70796FA86F80CEBF2604FEA56
:108C4000B20686EAB3062844064007EB0E0A86EA17
:108C5000B30608EBB4044F6A04EB060E97FA87FBE1
:108C60000AEBF0664FEAB00787EAB2072E443740B6
:108C700087EAB20A8F6A0BEBB30397FA87FC0EEB15
:108C8000F6644FEAB60787EAB0079A44631903EA25
:108C9000070484EAB0040CEBB202CF6ACDF874C0CA
:108CA00002EB040C3ABA0AEBF3644FEAB30787EA23
:108CB000B6072C44274087EAB60A02EBB0000F6BD8
:108CC0001E92824438BA0CEBF4624FEAB40787EA8A
:108CD000B3072A44174087EAB30700EBB606219092
:108CE000486B06EB070C0AEBF26A4FEAB20607BACA
:108CF00086EAB4000AEB0506304080EAB40A886BC5
:108D000007EBB30390FA80FEC86B0CEBF6619A4454
:108D10004B19CDF83090B94619970AEBF3674FEA33
:108D2000B60107EB050C4FEAB30781EAB20187EA07
:108D3000B60700BA194007EA0C071F9081EAB20192
:108D400087EAB60700EBB202DDF860A01C980EEBD4
:108D5000B4043A448AEA0007214487EA080701EB91
:108D6000FC6189EA07094FEAF977CDF8208007EB23
:108D7000B6084C1920981B9F02EBF4614FEABC0225
:108D800082EAB3024FEAB406474086EABC0687EAA5
:108D90000B07CDF81CB02944224087EA0E0B82EA6B
:108DA000B3020E404FEAFB7786EABC0607EBB3033B
:108DB0004244981902EBF1624FEAB103CDF85CE04E
:108DC00083EAB406DDF850E0129053191D9803EAC7
:108DD00006028EEA0A0646401F980B97DDF84C8083
:108DE000209F464018964FEAF67088EA07061E9FB5
:108DF00082EAB402099000EBBC007E40CDF870908E
:108E000086EAF97900EB020C12984FEAF97202EB4C
:108E1000B40200EBF3674FEAB30484EAB1007C19B3
:108E2000204080EAB1000CEBF4670244781902EBB1
:108E3000F062DDF868C02A44219D8CEA0E076F407D
:108E400087EAFB7A4FEAB40787EAB3074FEAFA7674
:108E50000A9606EBB101159E4740199D01EB070EDE
:108E600086EA08076F40189DCDF858B087EAF5717B
:108E70004FEAB00585EAB4054FEAF17707EBB30393
:108E8000DDF820B004975540179F03EB05088BEAE7
:108E90000C037B4083EAF977CDF86C904FEAF773C7
:108EA00012910EEBF26103EBB4094EF6A133C6F654
:108EB000D963CC184FEAB20181EAB00108EBF4683B
:108EC0006140DDF81CE03D461A9709EB010708EB0D
:108ED000030198461F9B86EA0E065E4007EBF16C85
:108EE00086EAFA774FEAB40686EAB2064FEAF773E3
:108EF00003EBB000E044DDF874C005934E401C9BCA
:108F0000CDF850A0BA46139730444FEAB1068CEA28
:108F10000B0786EAB40687EAF377129BDDF87890B0
:108F200086EA080B87EAF376169B89EA0E0787EA3A
:108F3000F3774FEAF673029303EBB20287EAF57315
:108F4000B64608964FEAF3765A4406EBB40400EBB3
:108F5000F8604FEAB8064EF6A13B86EAB106C6F6BF
:108F6000D96B5844219D20934640189B344485EA90
:108F70000C0686EAF37602EBF06286EAFA7C5A4443
:108F80004FEAB00604EBF26486EAB8064FEAFC73D7
:108F900003EBB101564004EB0B0ADDF864B00E445C
:108FA0001B994FEAB2048BEA090784EAB00487EA06
:108FB000F177DDF85C90069384EA0A0387EAFE7491
:108FC000149989EA050787EAF1774FEAF47101916C
:108FD00001EBB80820994EF6A13587EAF171C6F683
:108FE000D9654FEAF17707EBB00706EBFA604FEA75
:108FF000BA0686EAB206219128441F991E9446407B
:10900000129C434407EB060881EA0B0703EBF0636D
:1090100087EAF4762C465F1986EAFC754FEAB003BE
:1090200083EABA034FEAF57606EBB2027B4002EB25
:10903000030B169BCDF854C081EAF37C1C99AE4615
:10904000189589EAF1731A9D08EBF76283EAF573C4
:109050001E9D079683EAF578139B4FEAF875224424
:109060004FEAB7048CEAF373179505EBBA06219D16
:1090700084EAB00483EAF573544006EB040A4FEA2D
:10908000F374994604EBB0040BEBF2604FEAB206BE
:109090004EF6A13386EAB706C6F6D9631844DDF862
:1090A00024C0464026448CEAF174089D0AEBF06126
:1090B00084EAF575194485EAFE7E4FEAB0059B46C1
:1090C00085EAB2054FEAFE73089303EBB707149BDA
:1090D0004D4007EB050A06EBF1678CEAF3750B9B35
:1090E0001B9EDC4683EAF6744FEAB1035F4483EAD1
:1090F000B00B209BCDF8489084EAF3748BEA070309
:1091000084EAF87B159CCDF87C8085EAF4754FEAFB
:10911000FB7404EBB20285EAF97913444FEAF97261
:10912000039402EBB0000AEBF7624FEAB70484EA5B
:10913000B10462445440E24600EB040C049C1E9DC2
:1091400084EAF67003EBF26380EAF57503EB0A003C
:10915000D04685EAFE7A4FEAB20383EAB7034FEAC4
:10916000FA7505EBB1014340194409951B910CEBCD
:10917000F06313990A9DDDF868C084EAF17485EA0A
:10918000FC752199CDF874E085EAF175189943448E
:10919000C64685EAFB7884EAF174CDF850B04FEA10
:1091A000B0064FEAF87184EAF97B86EAB2060A91C2
:1091B00001EBB7051B994FEAFB745E4004EBB2026A
:1091C00001EBF3614FEAB304354484EAB00601EBE6
:1091D0000E04029F86EA0401CDF8589002EB0109C3
:1091E00087EAFC711F9A05EBF46581EAF27605EBDC
:1091F0000E0186EAFA724FEAB405CDF878A01F9204
:1092000085EAB3054FEAF276059ADDF880A006EB11
:10921000B0000B964D4082EAFA72129E054409EBAB
:10922000F16082EAF672704405EBF06C82EAF87540
:109230004FEAB1064FEAF57286EAB406059202EBF0
:10924000B303159AF146464087EAF2771D9AAE4677
:10925000009533440CEB090503EBF56387EAF277DD
:109260004B4445EAB00687EAFB7906EAB10C05EA09
:10927000B0074FEAF972CDF870B002EBB402DDF836
:1092800004B047EA0C0702EB070C8BEAFA77149A52
:1092900043EAB50687EAF2771F9ACDF84C8087EA51
:1092A000F27206EAB00803EAB5044FEAF27606EB7A
:1092B000B10148EA040790461B920CEBF36201EB04
:1092C000070C4BF6DC41C8F61B7114965718219910
:1092D000069E47EAB30286EAF174169E02EAB502D8
:1092E00084EAF67407EAB30684EAFE7A32434FEA68
:1092F000FA7606EBB00006960CEBF76610444BF6D8
:10930000DC42C8F61B7206EB020E189E1E9C8BEA0E
:10931000F6764EEAB70286EAF47602EAB3020EEA7D
:10932000B70486EAF97622434FEAF67404EBB505F2
:10933000DDF85CB005EB020C8BEAF1751399CDF802
:109340006490B146189600EBFE604BF6DC46C8F61A
:109350001B7685EAF175304440EABE0485EAF8756B
:1093600004EAB70400EABE024FEAF571A8461A956E
:1093700001EBB3030CEBF0652243139103EB020CFA
:10938000AB190799129ECDF880A081EAF6741C995A
:1093900043EAB00584EAF17405EABE0584EAFA7A84
:1093A00003EAB0024FEAFA71079101EBB7040CEB44
:1093B000F3674BF6DC41C8F61B710F441D992A4335
:1093C00004EB020C8BEAF1741F9947EAB30584EAB7
:1093D000F17405EAB00584EAF97107EAB3024FEACD
:1093E000F1742A438946179104EBBE050CEBF76430
:1093F0004BF6DC41DDF80CB0C8F61B7105EB020C36
:1094000004EB010E8BEAF67500994EEAB70485EA83
:10941000F17504EAB3040EEAB70285EAF871224353
:109420004FEAF17404EBB0000CEBFE6500EB020CAC
:109430004BF6DC40C8F61B702A18169E0898159447
:1094400080EAF674199842EABE0584EAF074219124
:1094500084EAFA7405EAB70802EABE004FEAF4713A
:1094600001EBB30340EA0800A04602940CEBF2645F
:1094700003EB000C1E98CDF810A04BF6DC4A0891C7
:10948000C8F61B7A8BEAF0701B9904EB0A0343EAD7
:10949000B20480EAF17004EABE0B03EAB20480EA87
:1094A000F9754BEA04004FEAF57404EBB7040CEBD2
:1094B000F3670A9904EB000C07EB0A0481EAF677DC
:1094C00044EAB300209E00EAB20987EAF6772198C1
:1094D000D34687EAF07004EAB30A20904FEAF070AE
:1094E000129000EBBE070CEBF46049EA0A0907EBA7
:1094F000090C00EB0B07DDF870900998189E80EAC4
:10950000F97047EAB40E80EAF670DA4680EAF87637
:109510000EEAB30E07EAB40B4FEAF670099000EBBF
:10952000B2020CEBF7604EEA0B0E02EB0E0C00EBF6
:109530000A021F9842EAB70E81EAF0701A99B04603
:1095400080EAF170039680EAF5710EEAB40E02EA41
:10955000B70B4FEAF17606EBB3030CEBF2661E9104
:109560004EEA0B00059903EB000C06EB0A031D9570
:1095700081EAF97643EAB200049D00EAB70E86EA72
:10958000F5762098D34686EAF07A03EAB2094FEAE4
:10959000FA704EEA090E0A9000EBB406DDF864900A
:1095A0000B980CEBF36480EAF970179D5C4406EBB2
:1095B0000E0C44EAB30680EAF57006EAB20E04EA3D
:1095C000B30680EAF87B4EEA06004FEAFB7606EB2C
:1095D000B70704960CEBF46607EB000E4BF6DC4580
:1095E0001B98C8F61B7506EB050C81EAF0762198EE
:1095F0001E9986EAF0764CEAB40786EAF17107EA2A
:10960000B3080CEAB4004FEAF17606EBB2020EEBB7
:10961000FC67DDF818E040EA08001F9102EB000843
:1096200078198EEAF977029940EABC0687EAF17761
:1096300006EAB40687EAFA7200EABC054FEAF2715C
:1096400091461C920B9101EBB30308EBF0624BF6D1
:10965000DC41C8F61B7146EA05070A443B4442EA6E
:10966000B0071899149E07EABC0586EAF1761D9F9B
:10967000CDF804B086EAF77702EAB00687EAFB770E
:1096800035434FEAF77606EBB40403EBF2634BF68F
:10969000DC4BC8F61B7BCDF858A004EB050A03EBA6
:1096A0000B05059645EAB2031A9EB8468EEAF67691
:1096B00003EAB00E209B029786EAF3761F9B05EA29
:1096C000B20786EAF3734EEA070E4FEAF37606EB2B
:1096D000BC070AEBF56607EB0E0ADDF81CE006EBAB
:1096E0000B0C8EEAF1740399199384EAF1744CEA35
:1096F000B50684EAF97306EAB2060CEAB5074FEA42
:10970000F3719946189301EBB0000AEBFC6346EA4B
:109710000704204403EB0B0600EBF660149100EB0A
:109720000B011398DDF85CA01E9F80EAFA704FEAE7
:10973000BC0480EAF77084EAB50780EAF87B219BD5
:1097400087EA06004FEAFB778EEAF373139707EB7D
:10975000B202169FDDF8648083EAF773104483EA4F
:10976000F87E4FEAB60282EABC024FEAFE7303EBD0
:10977000B5034A409F18089B019C83EAFA7200EBEC
:10978000F16082EAF4724CF2D614CCF6622482EADA
:10979000F97905194FEAB10080EAB6004FEAF9728B
:1097A000179202EBBC0268401044069020981D9A64
:1097B00083EAF07A159B07EBF56083EAF2771F9B4B
:1097C000CDF81CB087EAF3774CF2D61C87EAFB771A
:1097D0004FEAB5044FEAF773159303EBB6061C9BEB
:1097E000BB4608978AEAF377CCF6622C84EAB10488
:1097F000604487EAFE734440DDF824A034444FEA15
:10980000F3768AEAF27206EBB1060299CDF86CE0C3
:1098100082EAF172069982EAF97E01EBF0614FEA81
:10982000B007614404EBF1624FEAFE74CDF8849016
:1098300087EAB50704EBB50402EB0C05E146129A82
:10984000DDF878C04F4082EAFC723E444FEAB1072F
:1098500082EAF87287EAB00782EAFB726F4004EB93
:1098600007084FEAF27493461292169A04EBB0007E
:109870008AEAF274189A06EBF5664FEAB50784EAAD
:10988000F27487EAB1074E4484EAF372CA4677401D
:10989000DDF8109038444FEAF27789EAFC7407EB60
:1098A000B1070799944684EAF17408EBF6611D92BA
:1098B0004FEAB6021A9382EAB5025144534684EA4B
:1098C000FE7A00EBF1604A404FEAFA743A4404EB46
:1098D000B507C5180A98DDF87C80099280EAF8700F
:1098E0001B9A4FEAB10484EAB60480EAF27084EA73
:1098F000050280EAFB7BCDF880E09E463A441C9B43
:1099000009980A924FEAFB7202EBB60289EAF376F3
:1099100000EBF56721984FEAB50486EAF07684EA11
:10992000B1047346774486EAFC7EDDF814C07C40BF
:1099300022448CEAF87408984FEAFE7606EBB101EF
:1099400084EAF0760A984FEAB70400EBF76084EAFD
:10995000B5041844444001EB040886EAFA7402EBAB
:10996000F0624FEAF47606EBB506D5180B9A199B10
:109970001A9982EAF372CDF858A082EAF172A246EF
:109980001F944FEAB00484EAB70482EAFB7918997D
:109990006C404FEAF972CDF878B006EB040B02EB9D
:1099A000B7028CEAF17708EBF5614CF2D6164FEA74
:1099B000B504CCF6622684EAB0043144209E4C40C3
:1099C00087EAF6771444139A87EAFE7C82EAF377F3
:1099D000129B4FEAFC76CDF870E006EBB00087EA08
:1099E000F3760BEBF1674FEAB1034CF2D61E83EA34
:1099F000B503CCF6622E774486EAFA787B4000EB1A
:109A0000030A4FEAF87303EBB50604EBF7644FEA79
:109A1000B70585EAB10004EB0E05149C1B9B68405A
:109A200084EAF37430441D9E84EAF676219C86EA2B
:109A3000F97982EAF474169A4FEAF97684EAF274B4
:109A40000AEBF56284EAFC7B4FEAB50484EAB704CA
:109A500006EBB1067244544006EB040C4FEAFB7669
:109A600006EBB70600EBF2604FEAB207159987EAFA
:109A7000B507704481EAF3741E9B47403E4484EA74
:109A8000F374179F1A9B84EAF87487EAF3771C9B98
:109A90004FEAF47487EAF37704EBB50587EAF973C4
:109AA0004FEAB0044FEAF3730CEBF06784EAB204B8
:109AB00003EBB202209B774481EAF3731F9906EB14
:109AC000F7667C4083EAF1732544764483EAFB71B0
:109AD00005EBF6630C9D4FEAB70484EAB00405EB8E
:109AE000F171744001EBB0004FEAB60122447344B7
:109AF00081EAB70102EBF3625940084402EB0E0120
:109B00000D9A00EBF16011440E9A704402EBB3021F
:109B10000F9B03EBB603109E06EBB707119E06F1F1
:109B2000080C8CE88F0022B0BDE8F08F42F20132C1
:109B30000021C6F24572016041604AF689318260B7
:109B40004DF6FE42CEF6CD71C9F6BA02C16045F2BD
:109B5000764102614EF2F012C1F23201CCF2D23201
:109B6000C0E90512704700002DE9F04381B0CAB387
:109B70000646006814460D4600F03F098018306024
:109B800002D3706801307060B9F1000F11D0C9F1D3
:109B90004007A7420FD806F11C0808EB0900294628
:109BA0003A46E6F7FFFA30464146FEF7B3FF3D443A
:109BB000E41B4FF00009402C09D300BF3046294672
:109BC000FEF7A8FF403C3F2C05F14005F6D84CB10C
:109BD00006EB09001C302946224601B0BDE8F043DF
:109BE000E6F7E0BA01B0BDE8F0830000002A08BF44
:109BF00070472DE9F04F83B040F2F017054642F66A
:109C00000800C2F2000700EB4518B86892460091C0
:109C1000804738698047F96900208847F9694FEA29
:109C2000182002908847F9695FFA88F08847B86978
:109C30008047796983468847F868804742F608106C
:109C400000EB4519B868804738698047F9690020FA
:109C50008847F9694FEA192001908847F9695FFA46
:109C600089F08847B8698047796906468847F86867
:109C7000804746EA0B26300200EB4514B86804F131
:109C80001805804738698047F969C4F30740884759
:109C9000F969C4F307208847F969E8B28847009852
:109CA0005446451EB869804705F8010F013CF9D1BB
:109CB00078698047F868804706EB0A05A8B2B9685A
:109CC000040A884738698047F96900208847F9699C
:109CD00002988847F96948F00400C0B28847F969DA
:109CE0002046884778698047F8688047B868804789
:109CF00038698047F96900208847F96901988847E1
:109D0000F96949F00400C0B28847F969E8B28847A8
:109D100078698047F86803B0BDE8F04F004700005D
:109D20002DE9F04F81B040F2F015044642F60800EC
:109D3000C2F2000500EB4416A868884680472869EF
:109D40008047E96900208847E9694FEA162A5046AA
:109D50008847E969F0B28847A86980476969814600
:109D60008847E868804742F6081000EB4416A86868
:109D7000804728698047E96900208847E9694FEAF8
:109D8000162B58468847E969F0B28847A86980478A
:109D9000696907468847E868804708EB0920A96891
:109DA000C619B0B2070A884728698047E9690020C8
:109DB0008847E9695046884742F60C0000EB44109A
:109DC000E969C0B28847E9693846884768698047C9
:109DD000E8688047A868804728698047E9690020CB
:109DE0008847E9695846884742F60C1000EB441052
:109DF000E969C0B28847E969F0B288476869804775
:109E0000E86801B0BDE8F04F00470000002A08BF35
:109E100070472DE9F04F83B040F2F017054642F24B
:109E20000840C2F2000700EB4518B868924600915E
:109E3000804738698047F96900208847F9694FEA07
:109E4000182002908847F9695FFA88F08847B86956
:109E50008047796983468847F868804742F208500E
:109E600000EB4519B868804738698047F9690020D8
:109E70008847F9694FEA192001908847F9695FFA24
:109E800089F08847B8698047796906468847F86845
:109E9000804746EA0B26300200EB4514B86880473D
:109EA00038698047F969C4F307408847F969C4F302
:109EB00007208847F96904F11400C0B28847009868
:109EC0005446451EF96915F8010F8847013CF9D140
:109ED00078698047F868804706EB0A05A8B2B96838
:109EE000040A884738698047F96900208847F9697A
:109EF00002988847F96948F00400C0B28847F969B8
:109F00002046884778698047F8688047B868804766
:109F100038698047F96900208847F96901988847BE
:109F2000F96949F00400C0B28847F969E8B2884786
:109F300078698047F86803B0BDE8F04F004700003B
:109F4000007870470170704770470000704700004C
:109F50007047000070470000002070477047000005
:109F6000F0B585B00DF102044FF4106021460622D1
:109F7000EDF798FF04AD4FF4807029460422EDF709
:109F800091FF03AE4FF4A06031460422EDF78AFF43
:109F900002AF4FF4706039460422EDF783FF0020D2
:109FA0008021EDF7A7FF0020EDF75EFF4FF4106072
:109FB00021460622EDF7C0FF4FF4807029460422A7
:109FC000EDF7BAFF4FF4A06031460422EDF7B4FF7D
:109FD0004FF4706039460422EDF7AEFF05B0F0BDD6
:109FE00080B5017842780139B1FA81F14909012A35
:109FF0004FEA811102D141F038010EE0C278807839
:10A00000012A06D1012814BF41F0080141F01801CE
:10A0100003E0012808BF41F010014FF43850EDF77C
:10A0200069FF4FF43850EDF71FFF00F07F014FF448
:10A030003850EDF75FFF4FF43850EDF715FF40F063
:10A0400080014FF43850BDE88040EDF753BF000069
:10A0500010B504464FF43850EDF706FF410602D420
:10A06000FF2040B210BD00F0C70240F038014FF4AD
:10A070003850012C08BF02F13001EDF73BFF4FF4DF
:10A080003850EDF7F1FE00F07F014FF43850EDF756
:10A0900031FF4FF43850EDF7E7FE40F080014FF408
:10A0A0003850EDF727FF4FF43850EDF7DDFE012C67
:10A0B00003D110F0300F03D1D2E710F0380FCFD01A
:10A0C000002040B210BD000070B5054608460C46A1
:10A0D000E6F7CEF80646C01706EB10602968000ABE
:10A0E000087028683246411C29604670286821465D
:10A0F00001302860E6F756F828683044286070BDC3
:10A10000026811700168013101607047CA1701EBE4
:10A1100012620368120A1A700268531C03605170BD
:10A12000016801310160704770B5012A044611DBF6
:10A13000D01702EB10602168000A087020681546ED
:10A14000411C216042702068194601302060E6F70A
:10A1500029F81FE00E46A9B13046E6F789F8054612
:10A16000C01705EB10602168000A087020682A46B5
:10A17000411C216045702068314601302060E6F7BF
:10A1800011F807E020680021017020680125421CB9
:10A190002260417020682844206070BDF0B581B015
:10A1A0004668054696420F4617D1002A4FD0A86848
:10A1B000394605E0013A00F1010001F1010146D004
:10A1C0000B7804785C40E4B2002CF3D0202C04D14E
:10A1D00003F0DF03413B192BECD93846E6F748F88A
:10A1E000032E30D3A9680A782A2A2CD111F8012F1E
:10A1F0002E2A28D130B10023FA5C2E2A03D0013355
:10A200009842F9D10023F3B1C01A721E90421AD1BC
:10A21000EAB13B440AE000BF013A4FF0000003F10D
:10A22000010301F1010104BF01B0F0BD08781F78FE
:10A230004740FFB2002FEFD0202F04D100F0DF0005
:10A2400041381928E8D94FF0FF3001B0F0BD0020A7
:10A2500001B0F0BD2DE9F04FB5B00691DDE93E1932
:10A26000824600201C460A92086010AF4FF0FF3172
:10A27000002200BF07EBC20347F8320001320A2A6E
:10A280005960F7D10A994DF200080020CFF6FF7807
:10A29000249019B39CB32046E5F7EAFF9AF8181109
:10A2A000054689061DD40AF170070FF2384601E011
:10A2B000BF6937B378680328FAD1B96830460322FA
:10A2C000E5F7F5FF0028F3D107F10C0021462A46F7
:10A2D000FFF764FF0028EBD1002013E008F50060D1
:10A2E000E9E10AF1F80600BF304621462A46FFF7A9
:10A2F00055FF20B1F668002EF6D1042003E00020BF
:10A3000001E0042010AF05900AF1CC042046F6F7D6
:10A31000CFFF38B10A990138496821FA00F000F0FE
:10A32000010000E000200028059808BF00F500406B
:10A3300005902046F6F7BCFF06284FF0000518BF31
:10A34000012807D12046F6F7ABFF0A99C968884271
:10A3500028BF01250598002D08BF00F58030059025
:10A36000249D00200990002007EBC50608900020DE
:10A3700046F8040F0AF1A80047F835A0FBF7A8FD3E
:10A3800000281CBF012030600AF19000FBF79EFD01
:10A3900018B1306840F400703060089805F1010B86
:10A3A000002840F044819AF84801002800F002811A
:10A3B0000A990138096821FA00F0C0074FF000003F
:10A3C00008BF4FF0FF3018B1306840F48040306073
:10A3D0009AF84901002800F0F3800A990138496889
:10A3E00021FA00F0C0074FF0000008BF4FF0FF3027
:10A3F00018B1306840F4004030600C9545B90AF15E
:10A4000050000AF1700100F043FD002800F0F180D7
:10A410000998069FABEB00000AF150050F90012050
:10A420004FF000090796CDF82CB000BF002F0D901B
:10A4300070D04FF000084FF0000B09E0BBF1000FA7
:10A4400004BFBB46A04600BFD7F85071002F65D0AF
:10A4500007F17001284600F01BFD0028F4D15FEAE7
:10A46000C97002D1F869032803DBD7F81C01002862
:10A47000EAD0D7F82001012802DB0F998842E3D304
:10A480009AF84801F4F778FA0646F4F78DF9DAE914
:10A4900005210446304625ABF3F7F4FF10B14FF029
:10A4A000FF3021E0CDF838B0C3469AF8491107F1E2
:10A4B000CC084046F6F7BAFE88B1DAE950C29AF8FD
:10A4C0004901DAF84C119AF8483125AE0292424619
:10A4D000CDE90064CDF80CC0F6F7CEFF01E04FF0F7
:10A4E000FF30D846DDF838B0B0FA80F0440949EAC8
:10A4F0000400C007A8D007F1A800FBF7E9FC00287A
:10A500009CD107F19000FBF7E1FC002896D1BB46F7
:10A51000A04603E04FF0000B4FF000085846BBF197
:10A52000000F18BF012040EA0900C00706D1DAF881
:10A53000507100204FF0010978E700BFBBF1000F18
:10A540000D9E08BF5E4674D00C9844464DF200083C
:10A55000DDF8FC90CFF6FF7810AF48B10AF170013A
:10A56000284600F095FC0028099808BF01300990A2
:10A570000C9D304616B90B9808286FD824B9079956
:10A58000086840F0080008600BF1CC042046F6F79C
:10A590008FFE062818BF012818D12046F6F780FE46
:10A5A0000A99C96888424FF0000038BF4FF0FF3069
:10A5B0000EE000BF4FF0FF3000287FF405AF07E743
:10A5C0004FF0FF3000287FF414AF16E74FF0FF3054
:10A5D0000B9900280D46DA4630463FF4C5AE079A7F
:10A5E000334610680D4640F480301060DA4630463D
:10A5F000BAE6069800283FF40BAFDAF80840069D4B
:10A6000005E000BFD5F85051002D3FF401AFA86818
:10A610008442F7D1DAF80C00E9682246E5F747FEF4
:10A620000028EFD100200121CDF890B013E00020E8
:10A6300017E00799DDF82CB008684DF2000840F0EB
:10A640000800DDF8FC90CDF890B0086000200121F2
:10A65000CFF6FF7810AF0C9D51B92CE0DDF82CB08F
:10A6600040460899002918BF0121CDF890B011B3D8
:10A6700011980599BBF1000F40EA0100119019D023
:10A6800025AC07E03E9A25981168013D0843691CF6
:10A6900010600FD007EBC500B9F1000F406825909E
:10A6A000F0D057F8351040982A462346C84700286E
:10A6B000E8D000E0002008F51061884208BF40465D
:10A6C00030B13E9A4FF0FF31116035B0BDE8F08FE8
:10A6D0003E980068002808BF0146084635B0BDE82E
:10A6E000F08F00BF5504030080B50268014642F2B6
:10A6F0000F7082424DF60040CFF6FF7023D8CB6832
:10A70000172B20D80B693B2B1DD84B693B2B1AD834
:10A71000D1F804E0BEF10C0F15D8012303FA0EFCAA
:10A7200041F2AA531CEA030F01D01F2203E01CF4DC
:10A73000256F09D01E22896891420246D8BF0022A7
:10A740000129A8BF104680BDBEF1020F18BF80BD11
:10A7500093070FD148F21F53C5F2EB1352FB03FCD2
:10A760004FEA6C1303EBDC7C64230CFB13230BB16B
:10A770001D22E0E74BF6500C45F62943C0F21E5C63
:10A78000CCF28F2302FB03C24DF20B7C4FEA321353
:10A79000C0F2A30C1C22634538BF1D22CBE700008A
:10A7A000F0B581B0064600201C46174610601860C0
:10A7B0006A46304630230D46EFF734FE18B1A0F557
:10A7C000145001B0F0BD3068A84232D0304629465E
:10A7D0003A46EFF72FFD70B110F1620104D1304617
:10A7E00029463A46EFF754FD0028E8D1386800289A
:10A7F0001CBF012038603068A8421AD03046294674
:10A800002246EFF745FD0028D9D13068A8424DF621
:10A810009A20CFF6FF700AD121686FF00042914272
:10A8200002BF023001B0F0BD481C2060002001B022
:10A83000F0BD002001B0F0BD2DE9F04F83B0164609
:10A8400002AA30238B460546EFF7ECFD28B1A0F5B0
:10A85000145A504603B0BDE8F08F02984DF69A287E
:10A860000028CFF6FF7800F085802968C2460844AA
:10A870005845EED1002002AC019006E0A0F5145A34
:10A880000020374600283E46E3D02868584573D25A
:10A890002846594622463023EFF7C4FD0028EDD163
:10A8A00028680299224600EB0109284649460623FA
:10A8B000EFF7B8FD0028E1D1DDF808802C68B8F189
:10A8C000040F08D1206841F65551C0F22001401A0A
:10A8D00018BF012000E00120B168002801981CBFCA
:10A8E0004DF68070CFF6FF70019059B1F06858B105
:10A8F0004DF69A28CFF6FF7808F1660A0020374611
:10A9000002ACBFE7374606E001201021E5F708FD5D
:10A910000746F060D0B106203860BC600298296814
:10A92000C7F8048008444DF69A284845CFF6FF78CA
:10A9300002AC286015D22846494622463023EFF75C
:10A9400071FD50B1A0F5145A00209BE74DF69A28EE
:10A95000CFF6FF78A8F1040AD0E7029829680844E6
:10A9600028602868B0EB090018BFC246B0FA80F032
:10A97000400987E7C2466CE70020F0602868584528
:10A98000019808BF8046C24663E700002DE9F04FFA
:10A9900093B005460068884200F02E811C4616469A
:10A9A000EC3228460323FAF78FFF8146002840F057
:10A9B0002E81D6E93C1228680B945718B84280F0D3
:10A9C0001E810FA804300C9006F584700A9006F5DD
:10A9D0009C70099006F1F800089006F594700790B5
:10A9E00006F59270069006F58E70059006F590704B
:10A9F0004FF0000A0DF14808049000BF2846394680
:10AA000042463023CDF844A0CDE90FAACDE90DAAE6
:10AA1000EFF708FD10BB286812990C9A44182846D5
:10AA200021460623EFF7FEFCC0B906200F902868E8
:10AA30001099119008442860284621460EAAEFF785
:10AA4000F9FB10F1620118BF002807D12846214602
:10AA500042460423EFF7E6FC68B100BFA0F51459A5
:10AA6000012040F00200022840F0D1802868CB4647
:10AA7000B842C3D3C3E02968129801EB0009A1458D
:10AA800005D04DF69A290120CFF6FF79E9E70C466B
:10AA90000FA80DA9F6F7A2FBA8B10B9CFCB1286882
:10AAA0000E9B00901C9831460FAACDF80C90CDF863
:10AAB0000490A04718B181460E980028D0D1039881
:10AAC0002860022096E0D6F818110D98084216D09A
:10AAD0004DF69A20CFF6FF7000F16609C0E70E9898
:10AAE000C5F8009000284DF69A20CFF6FF7018BFE9
:10AAF00000F1040B4FF0010008BF02207AE001438F
:10AB0000FF28C6F818110BDC042819D008281DD01E
:10AB1000202856D1089A2846494600F0F7F843E025
:10AB2000B0F5803F3BD0B0F5006F40D0B0F5807FEE
:10AB300047D1DDE9043228464946FFF731FE33E0CC
:10AB4000069A2846494600F091F82DE00A9A2846D0
:10AB50004946CDF80C90FFF76FFE002849D081469A
:10AB60000B9878B14DF68070CFF6FF70814509D112
:10AB70000094039C0E9B1C9801940B9C31460FAAD9
:10AB8000A047B0B30E9800284FF001007FF469AFE2
:10AB90004DF68071CFF6FF7189452AD061E7099A99
:10ABA0002846494600F092F818B3814658E7079ABC
:10ABB000284649460623EFF7C5FB38B1A0F51459DE
:10ABC00010E00E9898B14DF680795CE7D6F8300128
:10ABD0004FF0000900284DF69A20CFF6FF7008BF0D
:10ABE00000F10209B9F1000F7FF43AAF01E0C5F8B6
:10ABF00000900020D94634E74FF0000907E0B0EBA1
:10AC000007094DF69A20CFF6FF7018BF81464846D7
:10AC100013B0BDE8F08F0000F0B581B01D461746B7
:10AC20006A4630230446EFF7FDFB00281EBFA0F55F
:10AC3000105001B0F0BD206800993A4646182046F1
:10AC40003146FAF773FF08B101B0F0BD2046314636
:10AC50002A46FAF76BFF0028F6D12068801B1CBF3C
:10AC60004DF69A30CFF6FF7001B0F0BD10B584B04C
:10AC7000144600220392CDE9012201AAEFF77CFAE3
:10AC800000281EBFA0F5145004B010BD0199B9B141
:10AC90000020039A013908232060032928BF0321DB
:10ACA00003EBC10C013A00BF12F8013F2168834059
:10ACB0000830194384452160F6D1002004B010BD4E
:10ACC0004DF69C20CFF6FF7004B010BD10B584B0D7
:10ACD000144600220392CDE9012201AAEFF74CFAB3
:10ACE00000281EBFA0F5145004B010BD0198012823
:10ACF00005D1039800782070002004B010BD4DF6F7
:10AD00009C20CFF6FF7004B010BD00002DE9F04F7D
:10AD10008FB016460EAA30230C460546EFF782FB8D
:10AD200010B1A0F5145990E028680E994DF69A29B3
:10AD30000844CFF6FF79A042019640F086804DF698
:10AD40009A20CFF6FF70DDF804A003AF0DF1340BAD
:10AD50000430009005E000BFA0F51459002100293F
:10AD600073D02E68A64264D238462821E5F741FA0E
:10AD700016F8018B284621465A462E60EFF78CFACA
:10AD80000028E9D108F0C00080281BD15046394680
:10AD9000CDF808A0FAF7FEFF10F5025F01D0824659
:10ADA00098B9DDF808A0DAF8080020B3DAF80C004A
:10ADB00020B34DF69A20CFF6FF7000F1660900210E
:10ADC00003AFCCE7DDF80090C8E70198C76857B13A
:10ADD000FE6838461021F6F791FB384600F06EFD0C
:10ADE000002E3746F4D101980021D146DDF808A0A5
:10ADF000C16003AFB3E7504603AF07E00120102165
:10AE0000E5F78EFA03AFCAF80C0058B1C0F800801D
:10AE100029680D9A8246C0E90121296811442960F8
:10AE200001219CE74DF69A20CFF6FF70A0F10409AE
:10AE300094E70020CAF80C002868B0EB04094DF62E
:10AE40009A20CFF6FF7018BF814648460FB0BDE884
:10AE5000F08F0000B0B504460068884216D0007834
:10AE6000154642F8040B43F0A0032046EFF7DAFA48
:10AE700010F162010AD000281CBFA0F50650B0BD39
:10AE80002068A86068682168084420600020B0BD80
:10AE9000F0B581B00546084302BF002001B0F0BD07
:10AEA0000C46002D4FF0FF3018BF002C48D028680A
:10AEB0002168884246D168686268904242D1A86899
:10AEC000A168E5F7F4F900283CD1EF68E668B742DD
:10AED00008D128692269904204D168696169E5F75F
:10AEE000E6F918B3132F18BF0C2F2BD1132E18BF50
:10AEF0000C2E27D129692069814223D1B0B169691B
:10AF0000626905E0013802F1010201F101010DD091
:10AF10000B7817785F40FFB2002FF3D0202F11D1AC
:10AF200003F0DF03413B192BECD90BE0287F217F95
:10AF3000884207D1AD69A46955EA0400B1D1002067
:10AF400001B0F0BD4FF0FF3001B0F0BD0FB4054BC4
:10AF500010B503A9044A029800F008F910BC5DF886
:10AF600014FB00009D970000040000200FB4084B64
:10AF700010B504A902AA039800F0F8F8044602A943
:10AF8000002000F095FC204610BC5DF814FB00008A
:10AF9000B1B801007CB50C001D461646014601D033
:10AFA000601E00E00020CDE90010064B6A462946ED
:10AFB000304600F0DBF8002C02D0009A002111701E
:10AFC0007CBD00009BB8010002E008C8121F08C148
:10AFD000002AFAD170477047002001E001C1121F1A
:10AFE000002AFBD1704700002DE9FF5F82B00021ED
:10AFF000DDE90430020DDDF840B0034318D044F61B
:10B000001050A2F2FF3242431514119801281FD0AC
:10B01000A5EB0B00401C5FEA000A4FF000064E4F04
:10B02000DFF83891B046504615D5CAF1000413E058
:10B03000119801244AA3012801D16FEA0B0102985B
:10B04000119AC0E90031C0E9024206B0BDE8F09FA4
:10B05000CBF10000DFE704460021404A491842EBEB
:10B060000450CDE9001012E0E00707D032463B461D
:10B0700040464946E5F7B3FB8046894632463B46A3
:10B0800010461946E5F7ABFB06460F466410002C48
:10B09000EAD1DDE90401DDE90023BAF1000F06DAA7
:10B0A000E5F79DFB42464B46E5F799FB05E0E5F7E2
:10B0B00008FC42464B46E5F704FC04460E460022D7
:10B0C000284BE5F785FC03D84FF0FF30014607E039
:10B0D0000022254B20463146E5F7DAFAE5F760FC19
:10B0E000102409E0002C0ADB0A220023E5F716F8F9
:10B0F000039B30321A55641E50EA0102F2D1641CDF
:10B10000039AC4F111031444119A012A03D00122B5
:10B1100008430DD10AE0084304D000204FF0110B82
:10B12000119072E7A3EB0B056D1E0DE05B4504DD8E
:10B130004FF0000205F1010504E003DA4FF00002D0
:10B14000A5F10105002AECD002981199C0E902315D
:10B15000C0E9004579E70000000014400000F03F1E
:10B16000300000000000F0430000E03F2DE9FF4FF9
:10B1700095B09B468946064600250FE2252877D1E3
:10B1800000242746F84A0121059400E0044316F8FC
:10B19000013F203B01FA03F01042F7D130782A2812
:10B1A00011D06FF02F033078A0F13002092A16D8A1
:10B1B000059A44F0020402EB820203EB42021044BF
:10B1C000761C0590EFE759F8042B0592002A03DA64
:10B1D000504244F40054059044F00204761C307848
:10B1E0002E2816D116F8010F44F004042A280DD099
:10B1F0006FF02F023078A0F13003092B09D807EB4C
:10B20000870302EB4303C718761CF3E759F8047B66
:10B21000761C30786C280FD006DC4C2817D06828B4
:10B220000DD06A2814D104E0742810D07A280FD1E8
:10B230000DE044F400140AE044F4801401E044F406
:10B2400040147278824202D104F58014761C761C78
:10B25000307866280BD013DC582877D009DC00281A
:10B2600075D04528F6D04628F4D047281AD19DE15C
:10B2700018E0632835D0642879D0652812D195E18B
:10B28000702873D008DC6728F1D069286FD06E2849
:10B290000DD06F2806D1B5E073282CD0752875D055
:10B2A000782874D05A46179990476D1C75E1C4F3FD
:10B2B0000250022809D003280DD0D9F80010042824
:10B2C0000DD00D6009F1040967E1D9F80010EA1703
:10B2D000C1E90052F6E7D9F800100D80F2E70D70D1
:10B2E000F0E719F8041B8DF8001000208DF801001C
:10B2F000EA46012003E059F804AB4FF0FF30610744
:10B300004FF0000102D40DE008F101018846B94276
:10B310000FDA8045F8DB1AF808100029F4D108E0AC
:10B3200008F1010188468142FADB1AF80810002969
:10B33000F6D105985B46A0EB080721463846179AD8
:10B3400000F094FA284400EB080507E04DE029E1FD
:10B350000DE01AF8010B5A4617999047B8F1010809
:10B36000F7D25B4621463846179A13E142E00A229B
:10B370000092C4F302524FF0000A022A08D059F892
:10B3800004CB032A4FEAEC710AD00DE029E02AE051
:10B3900009F1070121F00702F2E802C1914609E034
:10B3A0000FFA8CFC4FEAEC71042A03D14FFA8CFCA3
:10B3B0004FEAEC71002907DA0A460021DCF1000CA3
:10B3C00061EB02012D2202E0220504D52B228DF82B
:10B3D0000420012203E0E20701D02022F7E7904693
:10B3E00059E00A2102E010220DE010214FF0000A7E
:10B3F00000910BE010224FF0000A44F004040827EB
:10B40000009203E008224FF0000A0092C4F30252B7
:10B41000022A05D059F804CB0021032A08D009E0FC
:10B4200009F1070121F00702F2E802C1914605E0A7
:10B430001FFA8CFC042A01D10CF0FF0C4FF000081D
:10B44000220728D5702806D0009B83F0100353EA0A
:10B450000A0305D00EE040228DF80420012208E006
:10B460005CEA010206D030228DF804208DF8050038
:10B4700002229046009B83F0080353EA0A030AD194
:10B480005CEA010201D1620705D530228DF8042063
:10B490004FF001087F1E582804D034A003900EA856
:10B4A00002900DE036A0F9E753466046009AE4F7B3
:10B4B00035FE84460398825C0298401E029002701A
:10B4C0005CEA0100F0D1029806A9081A00F1200AEE
:10B4D000600702D524F4803400E00127574502DDDF
:10B4E000A7EB0A0000E0002000EB0A01009005989D
:10B4F0004144401A0590E00306D45B462146179A62
:10B50000059800F0B3F90544002706E001A85A4663
:10B51000C05D179990476D1C7F1C4745F6DBE00323
:10B520000CD55B462146179A059800F09FF9054413
:10B5300004E030205A46179990476D1C0099481E28
:10B5400000900029F5DC08E0029802995A4600783C
:10B55000491C0291179990476D1CBAF10001AAF19C
:10B56000010AF1DC65E100000928010030313233C5
:10B57000343536373839616263646566000000002F
:10B580003031323334353637383941424344454619
:10B590000000000000F058F90544761C30780028BF
:10B5A0007FF4ECAD19B02846BDE8F08F620700D4F7
:10B5B000062709F1070222F0070CFCE80223E14606
:10B5C00003F000485FEA080C02D00FF2702C0DE087
:10B5D0005FEA045C02D50FF2682C07E05FEAC47CE6
:10B5E00002D00FF2602C01E0AFF2700C4FF0FF3888
:10B5F00023F00043CDF850C065280CD006DC452868
:10B6000009D046281DD047283DD13DE0662818D0F6
:10B6100067287ED138E00021112F01DB112000E0E6
:10B62000781CCDE9000106A90EA8FFF7DDFCDDE9D5
:10B630000F010E9A03910021009207F1010A049173
:10B640004DE04FF000400097CDE9011006A90EA88B
:10B65000FFF7CAFCDDE90F0203920E9B119900224D
:10B66000DDF80CA00093049211B9791C00EB010ADB
:10B67000B7EB0A0004D4C0F1FF3007F1010A0490CF
:10B68000AAEB0700019044E0012F00DA0127002116
:10B69000112F01DD112000E03846CDE9000106A997
:10B6A0000EA8FFF7A1FCDDE90F010E9A039100211E
:10B6B00004910092BA4621070CD40399514500DA4F
:10B6C0008A46BAF1010F05DD009AAAF10101515C29
:10B6D000302908D0B84202DA10F1040F06DA01214D
:10B6E000CDE9011015E0AAF10101E9E7002805DC28
:10B6F000049901440491AAEB000102E0411C514568
:10B7000000DD8A460499401A401C01904FF0004029
:10B710000290200704D40198504501DBCDF8048045
:10B7200000208DF84F0002980DF14F07B0F1004F47
:10B7300025D02B200E9002984FF0020800280CDA3A
:10B74000404202902D200E9007E00A210298E4F773
:10B7500027FF3031029007F8011DB8F10001A8F170
:10B760000108F2DC02980028EFD1791E0E980870CB
:10B77000307800F0200040F0450007F8020D12A8D4
:10B78000C01B00F107081498007800B1012000EBFD
:10B790000A01019801EBE07105984144401A401EEE
:10B7A0000590E00306D45B462146179A059800F001
:10B7B0005DF805441498007818B15A4617999047D7
:10B7C0006D1CE00324D55B462146179A059800F0CE
:10B7D0004DF805441CE00498002807DBDDE903016F
:10B7E000884203DD0098405C179901E017993020EA
:10B7F0005A469047049805F10105401C04900198B1
:10B80000401E019004D12E205A46179990476D1C76
:10B81000BAF10001AAF1010ADDDC05E017F8010B1D
:10B820005A46179990476D1CB8F10001A8F101081C
:10B83000F4DC5B462146179A0598ABE62D00000024
:10B840002B000000200000002DE9F04104460025F7
:10B850001E461746880404D405E039462020B04728
:10B860006D1C641EF9D52846BDE8F0812DE9F04134
:10B87000044600251E469046C80301D5302700E047
:10B880002027880404D505E041463846B0476D1CA2
:10B89000641EF9D52846BDE8F0814A68002A06D022
:10B8A0000A68531C0B6010704868401E486070475F
:10B8B0000A68531C0B6010707047000010B5002818
:10B8C00021D0114B0022001F196803E0814203D8E8
:10B8D0000A4649680029F9D152B11368841A9C427A
:10B8E00004D1006818441060104602E0506000E087
:10B8F000186039B102680B1A934203D10B681A44DD
:10B9000002604968416010BD08000020F0B50B30AE
:10B91000154D20F007010024144A0FE003688B4204
:10B920000BD38B4205D95E1A43184768C3E90067F9
:10B9300000E04368136002C004E0021D10680028A4
:10B94000ECD12046002802D1286808B10020F0BDC3
:10B95000064A07481060074A121A22F00702C0E997
:10B96000002401202860D7E70C00002008000020F8
:10B970008C56002088F8002010B5044601E0EDF751
:10B980000DFF14F8010B04490028F8D1BDE8104060
:10B990000A20EDF703BF000004000020DDDDDDDD3F
:10B9A000DCBBBBDDDDDDDDDDDDDDDDDD9888888850
:10B9B00088888888777777777788888885555556F7
:10B9C000666666666666666666688888833333324E
:10B9D00022222222222222222228888D4D515443C3
:10B9E0000000000004000000000000000000000053
:10B9F000000000003C0001004D51545700000000C1
:10BA00000000000000000000000000000000000036
:10BA10000000000000000000000000000000000026
:10BA20000000000000000000000000000000000016
:10BA300000000000020305070B0D1113171D1F2541
:10BA4000292B2F353B3D4347494F53596165676B60
:10BA50006D717F83898B95979DA3A7ADB3B5BFC14A
:10BA6000C5C7D3DFE3E5E9EFF1FB2F2F6232332EB9
:10BA700074762F746A7937567A42637C777BF26BDF
:10BA80006FC53001672BFED7AB76CA82C97DFA59E4
:10BA900047F0ADD4A2AF9CA472C0B7FD9326363F49
:10BAA000F7CC34A5E5F171D8311504C723C3189636
:10BAB000059A071280E2EB27B27509832C1A1B6ED8
:10BAC0005AA0523BD6B329E32F8453D100ED20FC7A
:10BAD000B15B6ACBBE394A4C58CFD0EFAAFB434D7D
:10BAE000338545F9027F503C9FA851A3408F929D1A
:10BAF00038F5BCB6DA2110FFF3D2CD0C13EC5F970A
:10BB00004417C4A77E3D645D197360814FDC222A0F
:10BB1000908846EEB814DE5E0BDBE0323A0A490646
:10BB2000245CC2D3AC629195E479E7C8376D8DD5BA
:10BB30004EA96C56F4EA657AAE08BA78252E1CA692
:10BB4000B4C6E8DD741F4BBD8B8A703EB5664803F2
:10BB5000F60E613557B986C11D9EE1F8981169D975
:10BB60008E949B1E87E9CE5528DF8CA1890DBFE6F8
:10BB7000426841992D0FB054BB160000C66363A5FF
:10BB8000F87C7C84EE777799F67B7B8DFFF2F20D63
:10BB9000D66B6BBDDE6F6FB191C5C5546030305050
:10BBA00002010103CE6767A9562B2B7DE7FEFE1924
:10BBB000B5D7D7624DABABE6EC76769A8FCACA455D
:10BBC0001F82829D89C9C940FA7D7D87EFFAFA15E7
:10BBD000B25959EB8E4747C9FBF0F00B41ADADECC4
:10BBE000B3D4D4675FA2A2FD45AFAFEA239C9CBF4C
:10BBF00053A4A4F7E47272969BC0C05B75B7B7C23A
:10BC0000E1FDFD1C3D9393AE4C26266A6C36365AF8
:10BC10007E3F3F41F5F7F70283CCCC4F6834345C6C
:10BC200051A5A5F4D1E5E534F9F1F108E27171937C
:10BC3000ABD8D873623131532A15153F0804040C70
:10BC400095C7C752462323659DC3C35E3018182885
:10BC5000379696A10A05050F2F9A9AB50E07070980
:10BC6000241212361B80809BDFE2E23DCDEBEB26F7
:10BC70004E2727697FB2B2CDEA75759F1209091B5D
:10BC80001D83839E582C2C74341A1A2E361B1B2DA0
:10BC9000DC6E6EB2B45A5AEE5BA0A0FBA45252F610
:10BCA000763B3B4DB7D6D6617DB3B3CE5229297BC7
:10BCB000DDE3E33E5E2F2F7113848497A65353F583
:10BCC000B9D1D16800000000C1EDED2C402020600A
:10BCD000E3FCFC1F79B1B1C8B65B5BEDD46A6ABE08
:10BCE0008DCBCB4667BEBED97239394B944A4ADEFA
:10BCF000984C4CD4B05858E885CFCF4ABBD0D06BC5
:10BD0000C5EFEF2A4FAAAAE5EDFBFB16864343C514
:10BD10009A4D4DD766333355118585948A4545CF65
:10BD2000E9F9F91004020206FE7F7F81A05050F06D
:10BD3000783C3C44259F9FBA4BA8A8E3A25151F3FD
:10BD40005DA3A3FE804040C0058F8F8A3F9292ADD5
:10BD5000219D9DBC70383848F1F5F50463BCBCDF0B
:10BD600077B6B6C1AFDADA75422121632010103000
:10BD7000E5FFFF1AFDF3F30EBFD2D26D81CDCD4C9E
:10BD8000180C0C1426131335C3ECEC2FBE5F5FE1C7
:10BD9000359797A2884444CC2E17173993C4C457BB
:10BDA00055A7A7F2FC7E7E827A3D3D47C86464AC0D
:10BDB000BA5D5DE73219192BE6737395C06060A018
:10BDC000198181989E4F4FD1A3DCDC7F44222266EB
:10BDD000542A2A7E3B9090AB0B8888838C4646CAB7
:10BDE000C7EEEE296BB8B8D32814143CA7DEDE7971
:10BDF000BC5E5EE2160B0B1DADDBDB76DBE0E03BF1
:10BE000064323256743A3A4E140A0A1E924949DB99
:10BE10000C06060A4824246CB85C5CE49FC2C25D30
:10BE2000BDD3D36E43ACACEFC46262A6399191A886
:10BE3000319595A4D3E4E437F279798BD5E7E732ED
:10BE40008BC8C8436E373759DA6D6DB7018D8D8C4D
:10BE5000B1D5D5649C4E4ED249A9A9E0D86C6CB43A
:10BE6000AC5656FAF3F4F407CFEAEA25CA6565AF93
:10BE7000F47A7A8E47AEAEE9100808186FBABAD5D0
:10BE8000F07878884A25256F5C2E2E72381C1C2489
:10BE900057A6A6F173B4B4C797C6C651CBE8E8233A
:10BEA000A1DDDD7CE874749C3E1F1F21964B4BDDA9
:10BEB00061BDBDDC0D8B8B860F8A8A85E07070902A
:10BEC0007C3E3E4271B5B5C4CC6666AA904848D85F
:10BED00006030305F7F6F6011C0E0E12C26161A3FC
:10BEE0006A35355FAE5757F969B9B9D0178686916B
:10BEF00099C1C1583A1D1D27279E9EB9D9E1E13845
:10BF0000EBF8F8132B9898B322111133D26969BB5F
:10BF1000A9D9D970078E8E89339494A72D9B9BB68F
:10BF20003C1E1E2215878792C9E9E92087CECE499B
:10BF3000AA5555FF50282878A5DFDF7A038C8C8F0F
:10BF400059A1A1F8098989801A0D0D1765BFBFDABB
:10BF5000D7E6E631844242C6D06868B8824141C320
:10BF6000299999B05A2D2D771E0F0F117BB0B0CBA8
:10BF7000A85454FC6DBBBBD62C16163AA5C66363F9
:10BF800084F87C7C99EE77778DF67B7B0DFFF2F25F
:10BF9000BDD66B6BB1DE6F6F5491C5C5506030304C
:10BFA00003020101A9CE67677D562B2B19E7FEFE20
:10BFB00062B5D7D7E64DABAB9AEC7676458FCACA59
:10BFC0009D1F82824089C9C987FA7D7D15EFFAFAE3
:10BFD000EBB25959C98E47470BFBF0F0EC41ADADC0
:10BFE00067B3D4D4FD5FA2A2EA45AFAFBF239C9C48
:10BFF000F753A4A496E472725B9BC0C0C275B7B736
:10C000001CE1FDFDAE3D93936A4C26265A6C3636F4
:10C01000417E3F3F02F5F7F74F83CCCC5C68343468
:10C02000F451A5A534D1E5E508F9F1F193E2717178
:10C0300073ABD8D8536231313F2A15150C0804046C
:10C040005295C7C7654623235E9DC3C32830181881
:10C05000A13796960F0A0505B52F9A9A090E07077C
:10C06000362412129B1B80803DDFE2E226CDEBEBF3
:10C07000694E2727CD7FB2B29FEA75751B12090959
:10C080009E1D838374582C2C2E341A1A2D361B1B9C
:10C09000B2DC6E6EEEB45A5AFB5BA0A0F6A452520C
:10C0A0004D763B3B61B7D6D6CE7DB3B37B522929C3
:10C0B0003EDDE3E3715E2F2F97138484F5A653537F
:10C0C00068B9D1D1000000002CC1EDED6040202006
:10C0D0001FE3FCFCC879B1B1EDB65B5BBED46A6A04
:10C0E000468DCBCBD967BEBE4B723939DE944A4AF6
:10C0F000D4984C4CE8B058584A85CFCF6BBBD0D0C1
:10C100002AC5EFEFE54FAAAA16EDFBFBC586434310
:10C11000D79A4D4D5566333394118585CF8A454561
:10C1200010E9F9F90604020281FE7F7FF0A0505069
:10C1300044783C3CBA259F9FE34BA8A8F3A25151F9
:10C14000FE5DA3A3C08040408A058F8FAD3F9292D1
:10C15000BC219D9D4870383804F1F5F5DF63BCBC07
:10C16000C177B6B675AFDADA6342212130201010FC
:10C170001AE5FFFF0EFDF3F36DBFD2D24C81CDCD9A
:10C1800014180C0C352613132FC3ECECE1BE5F5FC3
:10C19000A2359797CC884444392E17175793C4C4B7
:10C1A000F255A7A782FC7E7E477A3D3DACC8646409
:10C1B000E7BA5D5D2B32191995E67373A0C0606014
:10C1C00098198181D19E4F4F7FA3DCDC66442222E7
:10C1D0007E542A2AAB3B9090830B8888CA8C4646B3
:10C1E00029C7EEEED36BB8B83C28141479A7DEDE6D
:10C1F000E2BC5E5E1D160B0B76ADDBDB3BDBE0E0ED
:10C20000566432324E743A3A1E140A0ADB92494995
:10C210000A0C06066C482424E4B85C5C5D9FC2C22C
:10C220006EBDD3D3EF43ACACA6C46262A839919182
:10C23000A431959537D3E4E48BF2797932D5E7E7E9
:10C24000438BC8C8596E3737B7DA6D6D8C018D8D49
:10C2500064B1D5D5D29C4E4EE049A9A9B4D86C6C36
:10C26000FAAC565607F3F4F425CFEAEAAFCA65658F
:10C270008EF47A7AE947AEAE18100808D56FBABACC
:10C2800088F078786F4A2525725C2E2E24381C1C85
:10C29000F157A6A6C773B4B45197C6C623CBE8E836
:10C2A0007CA1DDDD9CE87474213E1F1FDD964B4BA5
:10C2B000DC61BDBD860D8B8B850F8A8A90E0707026
:10C2C000427C3E3EC471B5B5AACC6666D89048485B
:10C2D0000506030301F7F6F6121C0E0EA3C26161F8
:10C2E0005F6A3535F9AE5757D069B9B99117868667
:10C2F0005899C1C1273A1D1DB9279E9E38D9E1E141
:10C3000013EBF8F8B32B989833221111BBD269695B
:10C3100070A9D9D989078E8EA7339494B62D9B9B8B
:10C32000223C1E1E9215878720C9E9E94987CECE97
:10C33000FFAA5555785028287AA5DFDF8F038C8C0B
:10C34000F859A1A180098989171A0D0DDA65BFBFB7
:10C3500031D7E6E6C6844242B8D06868C38241411C
:10C36000B0299999775A2D2D111E0F0FCB7BB0B0A4
:10C37000FCA85454D66DBBBB3A2C161663A5C663F5
:10C380007C84F87C7799EE777B8DF67BF20DFFF25B
:10C390006BBDD66B6FB1DE6FC55491C53050603048
:10C3A0000103020167A9CE672B7D562BFE19E7FE1C
:10C3B000D762B5D7ABE64DAB769AEC76CA458FCA55
:10C3C000829D1F82C94089C97D87FA7DFA15EFFADF
:10C3D00059EBB25947C98E47F00BFBF0ADEC41ADBC
:10C3E000D467B3D4A2FD5FA2AFEA45AF9CBF239C44
:10C3F000A4F753A47296E472C05B9BC0B7C275B732
:10C40000FD1CE1FD93AE3D93266A4C26365A6C36F0
:10C410003F417E3FF702F5F7CC4F83CC345C683464
:10C42000A5F451A5E534D1E5F108F9F17193E27174
:10C43000D873ABD831536231153F2A15040C080468
:10C44000C75295C723654623C35E9DC3182830187D
:10C4500096A13796050F0A059AB52F9A07090E0778
:10C4600012362412809B1B80E23DDFE2EB26CDEBEF
:10C4700027694E27B2CD7FB2759FEA75091B120955
:10C48000839E1D832C74582C1A2E341A1B2D361B98
:10C490006EB2DC6E5AEEB45AA0FB5BA052F6A45208
:10C4A0003B4D763BD661B7D6B3CE7DB3297B5229BF
:10C4B000E33EDDE32F715E2F8497138453F5A6537B
:10C4C000D168B9D100000000ED2CC1ED2060402002
:10C4D000FC1FE3FCB1C879B15BEDB65B6ABED46A00
:10C4E000CB468DCBBED967BE394B72394ADE944AF2
:10C4F0004CD4984C58E8B058CF4A85CFD06BBBD0BD
:10C50000EF2AC5EFAAE54FAAFB16EDFB43C586430C
:10C510004DD79A4D335566338594118545CF8A455D
:10C52000F910E9F9020604027F81FE7F50F0A05065
:10C530003C44783C9FBA259FA8E34BA851F3A251F5
:10C54000A3FE5DA340C080408F8A058F92AD3F92CD
:10C550009DBC219D38487038F504F1F5BCDF63BC03
:10C56000B6C177B6DA75AFDA2163422110302010F8
:10C57000FF1AE5FFF30EFDF3D26DBFD2CD4C81CD96
:10C580000C14180C13352613EC2FC3EC5FE1BE5FBF
:10C5900097A2359744CC884417392E17C45793C4B3
:10C5A000A7F255A77E82FC7E3D477A3D64ACC86405
:10C5B0005DE7BA5D192B32197395E67360A0C06010
:10C5C000819819814FD19E4FDC7FA3DC22664422E3
:10C5D0002A7E542A90AB3B9088830B8846CA8C46AF
:10C5E000EE29C7EEB8D36BB8143C2814DE79A7DE69
:10C5F0005EE2BC5E0B1D160BDB76ADDBE03BDBE0E9
:10C60000325664323A4E743A0A1E140A49DB924991
:10C61000060A0C06246C48245CE4B85CC25D9FC228
:10C62000D36EBDD3ACEF43AC62A6C46291A839917E
:10C6300095A43195E437D3E4798BF279E732D5E7E5
:10C64000C8438BC837596E376DB7DA6D8D8C018D45
:10C65000D564B1D54ED29C4EA9E049A96CB4D86C32
:10C6600056FAAC56F407F3F4EA25CFEA65AFCA658B
:10C670007A8EF47AAEE947AE08181008BAD56FBAC8
:10C680007888F078256F4A252E725C2E1C24381C81
:10C69000A6F157A6B4C773B4C65197C6E823CBE832
:10C6A000DD7CA1DD749CE8741F213E1F4BDD964BA1
:10C6B000BDDC61BD8B860D8B8A850F8A7090E07022
:10C6C0003E427C3EB5C471B566AACC6648D8904857
:10C6D00003050603F601F7F60E121C0E61A3C261F4
:10C6E000355F6A3557F9AE57B9D069B98691178663
:10C6F000C15899C11D273A1D9EB9279EE138D9E13D
:10C70000F813EBF898B32B981133221169BBD26957
:10C71000D970A9D98E89078E94A733949BB62D9B87
:10C720001E223C1E87921587E920C9E9CE4987CE93
:10C7300055FFAA5528785028DF7AA5DF8C8F038C07
:10C74000A1F859A1898009890D171A0DBFDA65BFB3
:10C75000E631D7E642C6844268B8D06841C3824118
:10C7600099B029992D775A2D0F111E0FB0CB7BB0A0
:10C7700054FCA854BBD66DBB163A2C166363A5C6F1
:10C780007C7C84F8777799EE7B7B8DF6F2F20DFF57
:10C790006B6BBDD66F6FB1DEC5C554913030506044
:10C7A000010103026767A9CE2B2B7D56FEFE19E718
:10C7B000D7D762B5ABABE64D76769AECCACA458F51
:10C7C00082829D1FC9C940897D7D87FAFAFA15EFDB
:10C7D0005959EBB24747C98EF0F00BFBADADEC41B8
:10C7E000D4D467B3A2A2FD5FAFAFEA459C9CBF2340
:10C7F000A4A4F753727296E4C0C05B9BB7B7C2752E
:10C80000FDFD1CE19393AE3D26266A4C36365A6CEC
:10C810003F3F417EF7F702F5CCCC4F8334345C6860
:10C82000A5A5F451E5E534D1F1F108F9717193E270
:10C83000D8D873AB3131536215153F2A04040C0864
:10C84000C7C7529523236546C3C35E9D1818283079
:10C850009696A13705050F0A9A9AB52F0707090E74
:10C860001212362480809B1BE2E23DDFEBEB26CDEB
:10C870002727694EB2B2CD7F75759FEA09091B1251
:10C8800083839E1D2C2C74581A1A2E341B1B2D3694
:10C890006E6EB2DC5A5AEEB4A0A0FB5B5252F6A404
:10C8A0003B3B4D76D6D661B7B3B3CE7D29297B52BB
:10C8B000E3E33EDD2F2F715E848497135353F5A677
:10C8C000D1D168B900000000EDED2CC120206040FE
:10C8D000FCFC1FE3B1B1C8795B5BEDB66A6ABED4FC
:10C8E000CBCB468DBEBED96739394B724A4ADE94EE
:10C8F0004C4CD4985858E8B0CFCF4A85D0D06BBBB9
:10C90000EFEF2AC5AAAAE54FFBFB16ED4343C58608
:10C910004D4DD79A33335566858594114545CF8A59
:10C92000F9F910E9020206047F7F81FE5050F0A061
:10C930003C3C44789F9FBA25A8A8E34B5151F3A2F1
:10C94000A3A3FE5D4040C0808F8F8A059292AD3FC9
:10C950009D9DBC2138384870F5F504F1BCBCDF63FF
:10C96000B6B6C177DADA75AF2121634210103020F4
:10C97000FFFF1AE5F3F30EFDD2D26DBFCDCD4C8192
:10C980000C0C141813133526ECEC2FC35F5FE1BEBB
:10C990009797A2354444CC881717392EC4C45793AF
:10C9A000A7A7F2557E7E82FC3D3D477A6464ACC801
:10C9B0005D5DE7BA19192B32737395E66060A0C00C
:10C9C000818198194F4FD19EDCDC7FA322226644DF
:10C9D0002A2A7E549090AB3B8888830B4646CA8CAB
:10C9E000EEEE29C7B8B8D36B14143C28DEDE79A765
:10C9F0005E5EE2BC0B0B1D16DBDB76ADE0E03BDBE5
:10CA0000323256643A3A4E740A0A1E144949DB928D
:10CA100006060A0C24246C485C5CE4B8C2C25D9F24
:10CA2000D3D36EBDACACEF436262A6C49191A8397A
:10CA30009595A431E4E437D379798BF2E7E732D5E1
:10CA4000C8C8438B3737596E6D6DB7DA8D8D8C0141
:10CA5000D5D564B14E4ED29CA9A9E0496C6CB4D82E
:10CA60005656FAACF4F407F3EAEA25CF6565AFCA87
:10CA70007A7A8EF4AEAEE94708081810BABAD56FC4
:10CA8000787888F025256F4A2E2E725C1C1C24387D
:10CA9000A6A6F157B4B4C773C6C65197E8E823CB2E
:10CAA000DDDD7CA174749CE81F1F213E4B4BDD969D
:10CAB000BDBDDC618B8B860D8A8A850F707090E01E
:10CAC0003E3E427CB5B5C4716666AACC4848D89053
:10CAD00003030506F6F601F70E0E121C6161A3C2F0
:10CAE00035355F6A5757F9AEB9B9D069868691175F
:10CAF000C1C158991D1D273A9E9EB927E1E138D939
:10CB0000F8F813EB9898B32B111133226969BBD253
:10CB1000D9D970A98E8E89079494A7339B9BB62D83
:10CB20001E1E223C87879215E9E920C9CECE49878F
:10CB30005555FFAA28287850DFDF7AA58C8C8F0303
:10CB4000A1A1F859898980090D0D171ABFBFDA65AF
:10CB5000E6E631D74242C6846868B8D04141C38214
:10CB60009999B0292D2D775A0F0F111EB0B0CB7B9C
:10CB70005454FCA8BBBBD66D16163A2C982F8A428B
:10CB800091443771CFFBC0B5A5DBB5E95BC256391F
:10CB9000F111F159A4823F92D55E1CAB98AA07D837
:10CBA000015B8312BE853124C37D0C55745DBE725A
:10CBB000FEB1DE80A706DC9B74F19BC1C1699BE4DA
:10CBC0008647BEEFC69DC10FCCA10C246F2CE92D6A
:10CBD000AA84744ADCA9B05CDA88F97652513E988E
:10CBE0006DC631A8C82703B0C77F59BFF30BE0C695
:10CBF0004791A7D55163CA0667292914850AB72723
:10CC000038211B2EFC6D2C4D130D385354730A65BF
:10CC1000BB0A6A762EC9C281852C7292A1E8BFA296
:10CC20004B661AA8708B4BC2A3516CC719E892D1FE
:10CC3000240699D685350EF470A06A1016C1A41981
:10CC4000086C371E4C774827B5BCB034B30C1C3980
:10CC50004AAAD84E4FCA9C5BF36F2E68EE828F743F
:10CC60006F63A5781478C8840802C78CFAFFBE9059
:10CC7000EB6C50A4F7A3F9BEF27871C60000000077
:10CC800022AE28D7982F8A42CD65EF239144377181
:10CC90002F3B4DECCFFBC0B5BCDB8981A5DBB5E9F3
:10CCA00038B548F35BC2563919D005B6F111F159C0
:10CCB0009B4F19AFA4823F9218816DDAD55E1CABF1
:10CCC000420203A398AA07D8BE6F7045015B831286
:10CCD0008CB2E44EBE853124E2B4FFD5C37D0C5541
:10CCE0006F897BF2745DBE72B196163BFEB1DE8039
:10CCF0003512C725A706DC9B942669CF74F19BC12A
:10CD0000D24AF19EC1699BE4E3254F388647BEEFC6
:10CD1000B5D58C8BC69DC10F659CAC77CCA10C247E
:10CD200075022B596F2CE92D83E4A66EAA84744AF0
:10CD3000D4FB41BDDCA9B05CB5531183DA88F97628
:10CD4000ABDF66EE52513E981032B42D6DC631A85D
:10CD50003F21FB98C82703B0E40EEFBEC77F59BF41
:10CD6000C28FA83DF30BE0C625A70A934791A7D52C
:10CD70006F8203E05163CA06706E0E0A6729291498
:10CD8000FC2FD246850AB72726C9265C38211B2EE0
:10CD9000ED2AC45AFC6D2C4DDFB3959D130D38530D
:10CDA000DE63AF8B54730A65A8B2773CBB0A6A7620
:10CDB000E6AEED472EC9C2813B358214852C7292B6
:10CDC0006403F14CA1E8BFA2013042BC4B661AA833
:10CDD0009197F8D0708B4BC230BE5406A3516CC7EC
:10CDE0001852EFD619E892D110A96555240699D6A4
:10CDF0002A20715785350EF4B8D1BB3270A06A1065
:10CE0000C8D0D2B816C1A41953AB4151086C371E13
:10CE100099EB8EDF4C774827A8489BE1B5BCB0342E
:10CE2000635AC9C5B30C1C39CB8A41E34AAAD84E10
:10CE300073E363774FCA9C5BA3B8B2D6F36F2E68D7
:10CE4000FCB2EF5DEE828F74602F17436F63A5789D
:10CE500072ABF0A11478C884EC39641A0802C78C4C
:10CE6000281E6323FAFFBE90E9BD82DEEB6C50A45E
:10CE70001579C6B2F7A3F9BE2B5372E3F27871C6E7
:10CE80009C6126EACE3E27CA07C2C021C7B886D118
:10CE90001EEBE0CDD67DDAEA78D16EEE7F4F7DF5E0
:10CEA000BA6F1772AA67F006A698C8A2C57D630A72
:10CEB000AE0DF9BE04983F111B471C13350B711BB7
:10CEC000847D0423F577DB289324C7407BABCA32EB
:10CED000BCBEC9150ABE9E3C4C0D109CC4671D43C8
:10CEE000B6423ECBBED4C54C2A7E65FC9C297F59F8
:10CEF000ECFAD63AAB6FCB5F1758474A8C19446CA3
:10CF00000100000002000000040000000800000012
:10CF10001000000020000000400000008000000021
:10CF20001B0000003600000052096AD53036A538D3
:10CF3000BF40A39E81F3D7FB7CE339829B2FFF8701
:10CF4000348E4344C4DEE9CB547B9432A6C2233DE5
:10CF5000EE4C950B42FAC34E082EA16628D924B296
:10CF6000765BA2496D8BD12572F8F66486689816B7
:10CF7000D4A45CCC5D65B6926C704850FDEDB9DA16
:10CF80005E154657A78D9D8490D8AB008CBCD30A04
:10CF9000F7E45805B8B34506D02C1E8FCA3F0F02E0
:10CFA000C1AFBD0301138A6B3A9111414F67DCEAAF
:10CFB00097F2CFCEF0B4E67396AC7422E7AD358528
:10CFC000E2F937E81C75DF6E47F11A711D29C58932
:10CFD0006FB7620EAA18BE1BFC563E4BC6D2792014
:10CFE0009ADBC0FE78CD5AF41FDDA8338807C7311D
:10CFF000B11210592780EC5F60517FA919B54A0D15
:10D000002DE57A9F93C99CEFA0E03B4DAE2AF5B089
:10D01000C8EBBB3C83539961172B047EBA77D626A5
:10D02000E169146355210C7D51F4A7507E4165538D
:10D030001A17A4C33A275E963BAB6BCB1F9D45F1F5
:10D04000ACFA58AB4BE303932030FA55AD766DF64E
:10D0500088CC7691F5024C254FE5D7FCC52ACBD775
:10D0600026354480B562A38FDEB15A4925BA1B67C5
:10D0700045EA0E985DFEC0E1C32F7502814CF012A7
:10D080008D4697A36BD3F9C6038F5FE715929C95E6
:10D09000BF6D7AEB955259DAD4BE832D587421D3E3
:10D0A00049E069298EC9C84475C2896AF48E7978C5
:10D0B00099583E6B27B971DDBEE14FB6F088AD17C8
:10D0C000C920AC667DCE3AB463DF4A18E51A3182D6
:10D0D0009751336062537F45B16477E0BB6BAE8498
:10D0E000FE81A01CF9082B94704868588F45FD19E3
:10D0F00094DE6C87527BF8B7AB73D323724B02E29A
:10D10000E31F8F576655AB2AB2EB28072FB5C20332
:10D1100086C57B9AD33708A5302887F223BFA5B2EE
:10D1200002036ABAED16825C8ACF1C2BA779B492EF
:10D13000F307F2F04E69E2A165DAF4CD0605BED53B
:10D14000D134621FC4A6FE8A342E539DA2F355A08B
:10D15000058AE132A4F6EB750B83EC394060EFAA47
:10D160005E719F06BD6E10513E218AF996DD063D27
:10D17000DD3E05AE4DE6BD4691548DB571C45D05ED
:10D180000406D46F605015FF1998FB24D6BDE997AB
:10D19000894043CC67D99E77B0E842BD07898B8828
:10D1A000E7195B3879C8EEDBA17C0A477C420FE9BE
:10D1B000F8841EC90000000009808683322BED48E8
:10D1C0001E1170AC6C5A724EFD0EFFFB0F85385667
:10D1D0003DAED51E362D39270A0FD964685CA621CD
:10D1E0009B5B54D124362E3A0C0A67B19357E70F54
:10D1F000B4EE96D21B9B919E80C0C54F61DC20A2ED
:10D200005A774B691C121A16E293BA0AC0A02AE593
:10D210003C22E043121B171D0E090D0BF28BC7AD0C
:10D220002DB6A8B9141EA9C857F11985AF75074CBA
:10D23000EE99DDBBA37F60FDF701269F5C72F5BC14
:10D2400044663BC55BFB7E348B432976CB23C6DC2F
:10D25000B6EDFC68B8E4F163D731DCCA42638510EF
:10D260001397224084C61120854A247DD2BB3DF805
:10D27000AEF93211C729A16D1D9E2F4BDCB230F3E0
:10D280000D8652EC77C1E3D02BB3166CA970B99917
:10D29000119448FA47E96422A8FC8CC4A0F03F1A14
:10D2A000567D2CD8223390EF87494EC7D938D1C14B
:10D2B0008CCAA2FE98D40B36A6F581CFA57ADE28BB
:10D2C000DAB78E263FADBFA42C3A9DE45078920D7C
:10D2D0006A5FCC9B547E4662F68D13C290D8B8E844
:10D2E0002E39F75E82C3AFF59F5D80BE69D0937C17
:10D2F0006FD52DA9CF2512B3C8AC993B10187DA7C7
:10D30000E89C636EDB3BBB7BCD2678096E5918F435
:10D31000EC9AB701834F9AA8E6956E65AAFFE67E60
:10D3200021BCCF08EF15E8E6BAE79BD94A6F36CEA5
:10D33000EA9F09D429B07CD631A4B2AF2A3F233169
:10D34000C6A5943035A266C0744EBC37FC82CAA60E
:10D35000E090D0B033A7D815F104984A41ECDAF741
:10D360007FCD500E1791F62F764DD68D43EFB04DF1
:10D37000CCAA4D54E49604DF9ED1B5E34C6A881BD9
:10D38000C12C1FB84665517F9D5EEA04018C355D56
:10D39000FA877473FB0B412EB3671D5A92DBD2528E
:10D3A000E91056336DD647139AD7618C37A10C7AA2
:10D3B00059F8148EEB133C89CEA927EEB761C93515
:10D3C000E11CE5ED7A47B13C9CD2DF5955F2733F41
:10D3D0001814CE7973C737BF53F7CDEA5FFDAA5B48
:10D3E000DF3D6F147844DB86CAAFF381B968C43E71
:10D3F0003824342CC2A3405F161DC372BCE2250C36
:10D40000283C498BFF0D954139A80171080CB3DE0A
:10D41000D8B4E49C6456C1907BCB8461D532B6709D
:10D42000486C5C74D0B857425051F4A7537E4165A4
:10D43000C31A17A4963A275ECB3BAB6BF11F9D45F1
:10D44000ABACFA58934BE303552030FAF6AD766D4A
:10D450009188CC7625F5024CFC4FE5D7D7C52ACB71
:10D46000802635448FB562A349DEB15A6725BA1BC1
:10D470009845EA0EE15DFEC002C32F7512814CF0A3
:10D48000A38D4697C66BD3F9E7038F5F9515929CE2
:10D49000EBBF6D7ADA9552592DD4BE83D3587421DF
:10D4A0002949E069448EC9C86A75C28978F48E79C1
:10D4B0006B99583EDD27B971B6BEE14F17F088ADC4
:10D4C00066C920ACB47DCE3A1863DF4A82E51A31D2
:10D4D000609751334562537FE0B1647784BB6BAE94
:10D4E0001CFE81A094F9082B58704868198F45FDDF
:10D4F0008794DE6CB7527BF823AB73D3E2724B0296
:10D5000057E31F8F2A6655AB07B2EB28032FB5C22E
:10D510009A86C57BA5D33708F2302887B223BFA5EA
:10D52000BA02036A5CED16822B8ACF1C92A779B4EB
:10D53000F0F307F2A14E69E2CD65DAF4D50605BE37
:10D540001FD134628AC4A6FE9D342E53A0A2F35587
:10D5500032058AE175A4F6EB390B83ECAA4060EF43
:10D56000065E719F51BD6E10F93E218A3D96DD0623
:10D57000AEDD3E05464DE6BDB591548D0571C45DE9
:10D580006F0406D4FF605015241998FB97D6BDE9A7
:10D59000CC8940437767D99EBDB0E8428807898B24
:10D5A00038E7195BDB79C8EE47A17C0AE97C420FBA
:10D5B000C9F8841E000000008309808648322BEDE4
:10D5C000AC1E11704E6C5A72FBFD0EFF560F853863
:10D5D0001E3DAED527362D39640A0FD921685CA6C9
:10D5E000D19B5B543A24362EB10C0A670F9357E750
:10D5F000D2B4EE969E1B9B914F80C0C5A261DC20E9
:10D60000695A774B161C121A0AE293BAE5C0A02A8F
:10D61000433C22E01D121B170B0E090DADF28BC708
:10D62000B92DB6A8C8141EA98557F1194CAF7507B6
:10D63000BBEE99DDFDA37F609FF70126BC5C72F510
:10D64000C544663B345BFB7E768B4329DCCB23C62B
:10D6500068B6EDFC63B8E4F1CAD731DC10426385EB
:10D66000401397222084C6117D854A24F8D2BB3D01
:10D6700011AEF9326DC729A14B1D9E2FF3DCB230DC
:10D68000EC0D8652D077C1E36C2BB31699A970B913
:10D69000FA1194482247E964C4A8FC8C1AA0F03F10
:10D6A000D8567D2CEF223390C787494EC1D938D147
:10D6B000FE8CCAA23698D40BCFA6F58128A57ADEB7
:10D6C00026DAB78EA43FADBFE42C3A9D0D50789278
:10D6D0009B6A5FCC62547E46C2F68D13E890D8B840
:10D6E0005E2E39F7F582C3AFBE9F5D807C69D09313
:10D6F000A96FD52DB3CF25123BC8AC99A710187DC3
:10D700006EE89C637BDB3BBB09CD2678F46E591831
:10D7100001EC9AB7A8834F9A65E6956E7EAAFFE65C
:10D720000821BCCFE6EF15E8D9BAE79BCE4A6F36A1
:10D73000D4EA9F09D629B07CAF31A4B2312A3F2365
:10D7400030C6A594C035A26637744EBCA6FC82CA0A
:10D75000B0E090D01533A7D84AF10498F741ECDA3D
:10D760000E7FCD502F1791F68D764DD64D43EFB0ED
:10D7700054CCAA4DDFE49604E39ED1B51B4C6A88D5
:10D78000B8C12C1F7F466551049D5EEA5D018C3552
:10D7900073FA87742EFB0B415AB3671D5292DBD28A
:10D7A00033E91056136DD6478C9AD7617A37A10C9E
:10D7B0008E59F81489EB133CEECEA92735B761C911
:10D7C000EDE11CE53C7A47B1599CD2DF3F55F2733D
:10D7D000791814CEBF73C737EA53F7CD5B5FFDAA44
:10D7E00014DF3D6F867844DB81CAAFF33EB968C46D
:10D7F0002C3824345FC2A34072161DC30CBCE22532
:10D800008B283C4941FF0D957139A801DE080CB306
:10D810009CD8B4E4906456C1617BCB8470D532B699
:10D8200074486C5C42D0B857A75051F465537E41A0
:10D83000A4C31A175E963A276BCB3BAB45F11F9DED
:10D8400058ABACFA03934BE3FA5520306DF6AD7646
:10D85000769188CC4C25F502D7FC4FE5CBD7C52A6D
:10D8600044802635A38FB5625A49DEB11B6725BABD
:10D870000E9845EAC0E15DFE7502C32FF012814C9F
:10D8800097A38D46F9C66BD35FE7038F9C951592DE
:10D890007AEBBF6D59DA9552832DD4BE21D35874DB
:10D8A000692949E0C8448EC9896A75C27978F48EBD
:10D8B0003E6B995871DD27B94FB6BEE1AD17F088C0
:10D8C000AC66C9203AB47DCE4A1863DF3182E51ACE
:10D8D000336097517F45625377E0B164AE84BB6B90
:10D8E000A01CFE812B94F90868587048FD198F45DB
:10D8F0006C8794DEF8B7527BD323AB7302E2724B92
:10D900008F57E31FAB2A66552807B2EBC2032FB52A
:10D910007B9A86C508A5D33787F23028A5B223BFE6
:10D920006ABA0203825CED161C2B8ACFB492A779E7
:10D93000F2F0F307E2A14E69F4CD65DABED5060533
:10D94000621FD134FE8AC4A6539D342E55A0A2F383
:10D95000E132058AEB75A4F6EC390B83EFAA40603F
:10D960009F065E711051BD6E8AF93E21063D96DD1F
:10D9700005AEDD3EBD464DE68DB591545D0571C4E5
:10D98000D46F040615FF6050FB241998E997D6BDA3
:10D9900043CC89409E7767D942BDB0E88B88078920
:10D9A0005B38E719EEDB79C80A47A17C0FE97C42B6
:10D9B0001EC9F8840000000086830980ED48322BE0
:10D9C00070AC1E11724E6C5AFFFBFD0E38560F855F
:10D9D000D51E3DAE3927362DD9640A0FA621685CC5
:10D9E00054D19B5B2E3A243667B10C0AE70F93574C
:10D9F00096D2B4EE919E1B9BC54F80C020A261DCE5
:10DA00004B695A771A161C12BA0AE2932AE5C0A08B
:10DA1000E0433C22171D121B0D0B0E09C7ADF28B04
:10DA2000A8B92DB6A9C8141E198557F1074CAF75B2
:10DA3000DDBBEE9960FDA37F269FF701F5BC5C720C
:10DA40003BC544667E345BFB29768B43C6DCCB2327
:10DA5000FC68B6EDF163B8E4DCCAD73185104263E7
:10DA600022401397112084C6247D854A3DF8D2BBFD
:10DA70003211AEF9A16DC7292F4B1D9E30F3DCB2D8
:10DA800052EC0D86E3D077C1166C2BB3B999A9700F
:10DA900048FA1194642247E98CC4A8FC3F1AA0F00C
:10DAA0002CD8567D90EF22334EC78749D1C1D93843
:10DAB000A2FE8CCA0B3698D481CFA6F5DE28A57AB3
:10DAC0008E26DAB7BFA43FAD9DE42C3A920D507874
:10DAD000CC9B6A5F4662547E13C2F68DB8E890D83C
:10DAE000F75E2E39AFF582C380BE9F5D937C69D00F
:10DAF0002DA96FD512B3CF25993BC8AC7DA71018BF
:10DB0000636EE89CBB7BDB3B7809CD2618F46E592D
:10DB1000B701EC9A9AA8834F6E65E695E67EAAFF58
:10DB2000CF0821BCE8E6EF159BD9BAE736CE4A6F9D
:10DB300009D4EA9F7CD629B0B2AF31A423312A3F61
:10DB40009430C6A566C035A2BC37744ECAA6FC8206
:10DB5000D0B0E090D81533A7984AF104DAF741EC39
:10DB6000500E7FCDF62F1791D68D764DB04D43EFE9
:10DB70004D54CCAA04DFE496B5E39ED1881B4C6AD1
:10DB80001FB8C12C517F4665EA049D5E355D018C4E
:10DB90007473FA87412EFB0B1D5AB367D25292DB86
:10DBA0005633E91047136DD6618C9AD70C7A37A19A
:10DBB000148E59F83C89EB1327EECEA9C935B7610D
:10DBC000E5EDE11CB13C7A47DF599CD2733F55F239
:10DBD000CE79181437BF73C7CDEA53F7AA5B5FFD40
:10DBE0006F14DF3DDB867844F381CAAFC43EB96869
:10DBF000342C3824405FC2A3C372161D250CBCE22E
:10DC0000498B283C9541FF0D017139A8B3DE080C02
:10DC1000E49CD8B4C190645684617BCBB670D53295
:10DC20005C74486C5742D0B8F4A750514165537E9C
:10DC300017A4C31A275E963AAB6BCB3B9D45F11FE9
:10DC4000FA58ABACE303934B30FA5520766DF6AD42
:10DC5000CC769188024C25F5E5D7FC4F2ACBD7C569
:10DC60003544802662A38FB5B15A49DEBA1B6725B9
:10DC7000EA0E9845FEC0E15D2F7502C34CF012819B
:10DC80004697A38DD3F9C66B8F5FE703929C9515DA
:10DC90006D7AEBBF5259DA95BE832DD47421D358D7
:10DCA000E0692949C9C8448EC2896A758E7978F4B9
:10DCB000583E6B99B971DD27E14FB6BE88AD17F0BC
:10DCC00020AC66C9CE3AB47DDF4A18631A3182E5CA
:10DCD00051336097537F45626477E0B16BAE84BB8C
:10DCE00081A01CFE082B94F94868587045FD198FD7
:10DCF000DE6C87947BF8B75273D323AB4B02E2728E
:10DD00001F8F57E355AB2A66EB2807B2B5C2032F26
:10DD1000C57B9A863708A5D32887F230BFA5B223E2
:10DD2000036ABA0216825CEDCF1C2B8A79B492A7E3
:10DD300007F2F0F369E2A14EDAF4CD6505BED5062F
:10DD400034621FD1A6FE8AC42E539D34F355A0A27F
:10DD50008AE13205F6EB75A483EC390B60EFAA403B
:10DD6000719F065E6E1051BD218AF93EDD063D961B
:10DD70003E05AEDDE6BD464D548DB591C45D0571E1
:10DD800006D46F045015FF6098FB2419BDE997D69F
:10DD90004043CC89D99E7767E842BDB0898B88071C
:10DDA000195B38E7C8EEDB797C0A47A1420FE97CB2
:10DDB000841EC9F800000000808683092BED4832DC
:10DDC0001170AC1E5A724E6C0EFFFBFD8538560F5B
:10DDD000AED51E3D2D3927360FD9640A5CA62168C1
:10DDE0005B54D19B362E3A240A67B10C57E70F9348
:10DDF000EE96D2B49B919E1BC0C54F80DC20A261E1
:10DE0000774B695A121A161C93BA0AE2A02AE5C087
:10DE100022E0433C1B171D12090D0B0E8BC7ADF200
:10DE2000B6A8B92D1EA9C814F119855775074CAFAE
:10DE300099DDBBEE7F60FDA301269FF772F5BC5C08
:10DE4000663BC544FB7E345B4329768B23C6DCCB23
:10DE5000EDFC68B6E4F163B831DCCAD763851042E3
:10DE600097224013C61120844A247D85BB3DF8D2F9
:10DE7000F93211AE29A16DC79E2F4B1DB230F3DCD4
:10DE80008652EC0DC1E3D077B3166C2B70B999A90B
:10DE90009448FA11E9642247FC8CC4A8F03F1AA008
:10DEA0007D2CD8563390EF22494EC78738D1C1D93F
:10DEB000CAA2FE8CD40B3698F581CFA67ADE28A5AF
:10DEC000B78E26DAADBFA43F3A9DE42C78920D5070
:10DED0005FCC9B6A7E4662548D13C2F6D8B8E89038
:10DEE00039F75E2EC3AFF5825D80BE9FD0937C690B
:10DEF000D52DA96F2512B3CFAC993BC8187DA710BB
:10DF00009C636EE83BBB7BDB267809CD5918F46E29
:10DF10009AB701EC4F9AA883956E65E6FFE67EAA54
:10DF2000BCCF082115E8E6EFE79BD9BA6F36CE4A99
:10DF30009F09D4EAB07CD629A4B2AF313F23312A5D
:10DF4000A59430C6A266C0354EBC377482CAA6FC02
:10DF500090D0B0E0A7D8153304984AF1ECDAF74135
:10DF6000CD500E7F91F62F174DD68D76EFB04D43E5
:10DF7000AA4D54CC9604DFE4D1B5E39E6A881B4CCD
:10DF80002C1FB8C165517F465EEA049D8C355D014A
:10DF9000877473FA0B412EFB671D5AB3DBD2529282
:10DFA000105633E9D647136DD7618C9AA10C7A3796
:10DFB000F8148E59133C89EBA927EECE61C935B709
:10DFC0001CE5EDE147B13C7AD2DF599CF2733F5535
:10DFD00014CE7918C737BF73F7CDEA53FDAA5B5F3C
:10DFE0003D6F14DF44DB8678AFF381CA68C43EB965
:10DFF00024342C38A3405FC21DC37216E2250CBC2A
:10E000003C498B280D9541FFA80171390CB3DE08FE
:10E01000B4E49CD856C19064CB84617B32B670D591
:10E020006C5C7448B85742D0246F74612F7570646B
:10E030006174652F25732F25730000000000000018
:10E0400000000000000000000000000000000000D0
:10E0500000000000000000000000000000000000C0
:10E060000000000000000000247468696E672F64DF
:10E070006F776E2F70726F70657274792F25732FA2
:10E0800025730000000000000000000000000000F8
:10E090000000000000000000000000000000000080
:10E0A00000000000000000000502000080000000E9
:10E0B0001BF501001000000000000000100000002F
:10E0C000A4E101000201000080000000F7F401005B
:10E0D000000000000000000010000000A4E10100AA
:10E0E0000E060000800000003FF501000C0000005B
:10E0F0000100000010000000A8E40100060200007A
:10E10000C000000003F50100100000000000000046
:10E1100010000000A4E1010003010000C0000000A5
:10E12000DFF401000000000000000000100000000B
:10E13000A4E101000F060000C000000027F5010067
:10E140000C0000000100000010000000A8E4010025
:10E1500007020000000100000FF5010010000000A0
:10E160000000000010000000A4E101000401000014
:10E1700000010000EBF401000000000000000000BE
:10E1800010000000A4E101001006000000010000E2
:10E1900033F501000C000000010000001000000039
:10E1A000A8E4010002000000D9850000C585000038
:10E1B0001586000011860000DD850000FD85000049
:10E1C0009D000000F9F001001007010003000000AD
:10E1D0000300000003000000030000000000000036
:10E1E0009C00000059F101000E0601000300000030
:10E1F0000300000003000000030000000000000016
:10E200003C00000039F10100050601000300000098
:10E2100003000000030000000300000000000000F5
:10E220003D00000019F10100070601000300000095
:10E2300003000000030000000300000000000000D5
:10E240002F00000096F1010005040100030000000A
:10E2500000000000030000000300000000000000B8
:10E260003500000079F101000704010003000000FF
:10E270000000000003000000030000000000000098
:10E280000000000097F00100000000000000000006
:10E29000000000000000000000000000000000007E
:10E2A0003D000000000000000000891112239B3295
:10E2B0002446AD573665BF74488CC19D5AAFD3BE56
:10E2C0006CCAE5DB7EE9F7F88110080193331A2266
:10E2D000A5562C47B7753E64C99C408DDBBF52AE36
:10E2E000EDDA64CBFFF976E802218B301002991346
:10E2F0002667AF763444BD554AADC3BC588ED19F16
:10E300006EEBE7FA7CC8F5D983310A209112180325
:10E31000A7772E66B5543C45CBBD42ACD99E508FF5
:10E32000EFFB66EAFDD874C904428D5316619F70F5
:10E330002004A9153227BB364CCEC5DF5EEDD7FCD5
:10E340006888E1997AABF3BA85520C4397711E60E5
:10E35000A1142805B3373A26CDDE44CFDFFD56ECB5
:10E36000E9986089FBBB72AA06638F7214409D51C5
:10E370002225AB343006B9174EEFC7FE5CCCD5DD95
:10E380006AA9E3B8788AF19B87730E6295501C41A5
:10E39000A3352A24B1163807CFFF46EEDDDC54CD75
:10E3A000EBB962A8F99A708B088481951AA793B685
:10E3B0002CC2A5D33EE1B7F04008C919522BDB3A75
:10E3C000644EED5F766DFF7C899400859BB712A645
:10E3D000ADD224C3BFF136E0C1184809D33B5A2A55
:10E3E000E55E6C4FF77D7E6C0AA583B41886919725
:10E3F0002EE3A7F23CC0B5D14229CB38500AD91B35
:10E40000666FEF7E744CFD5D8BB502A49996108704
:10E41000AFF326E2BDD034C1C3394A28D11A580B14
:10E42000E77F6E6EF55C7C4D0CC685D71EE597F4D4
:10E430002880A1913AA3B3B2444ACD5B5669DF78F4
:10E44000600CE91D722FFB3E8DD604C79FF516E4C4
:10E45000A9902081BBB332A2C55A4C4BD7795E68D4
:10E46000E11C680DF33F7A2E0EE787F61CC495D5A4
:10E470002AA1A3B03882B193466BCF7A5448DD59B4
:10E48000622DEB3C700EF91F8FF706E69DD414C584
:10E49000ABB122A0B9923083C77B4E6AD5585C4994
:10E4A000E33D6A2CF11E780F02000000000000001E
:10E4B00000000000B9970000B9970000C597000060
:10E4C000E197000080000000000000000000000054
:10E4D000000000000000000000000000000000003C
:10E4E000000000000000000000000000000000002C
:10E4F000000000000000000000000000000000001C
:10E50000000000000000000000000000000000000B
:10E51000201C000000000000403800000000000047
:10E520006024000000000000807000000000000077
:10E53000A06C000000000000C048000000000000C7
:10E54000E05400000000000000E1000000000000B6
:10E5500020FD00000000000040D900000000000085
:10E5600060C5000000000000809100000000000075
:10E57000A08D000000000000C0A900000000000005
:10E58000E0B500000000000002000000C4E001004F
:10E590000300000018E10100040000006CE101002C
:10E5A00005000000A8E0010006000000FCE00100FA
:10E5B0000700000050E101000E000000E0E0010053
:10E5C0000F00000034E101001000000088E10100AC
:10E5D0000000000000000000E6F20100031040000F
:10E5E00001000000B3F10100856E0100E96C01003B
:10E5F000B97001007D700100F16D01002D6E010008
:10E60000C16D0100CD6C0100716E0100C56D01008E
:10E610007FF2010004144000CFF40100051C40000B
:10E6200072F101000620400012F101000730800065
:10E63000C8F4010008408000F0000000FFFFFF0F59
:10E64000FFFFFF0F00080000600000000A0000004C
:10E650000000000000000000F70100000FF20100C0
:10E6600008000000EAF20100E6F2010003000000E9
:10E670005CF201000500000084F2010070F201006C
:10E6800004000000FBF1010009000000B8F20100E5
:10E69000B0F2010005000000CBF10100090000000C
:10E6A00002F30100FAF2010006000000DDF10100B2
:10E6B00009000000D3F20100CBF2010007000000C6
:10E6C000E7F10100090000009DF2010095F2010050
:10E6D0000800000000000000000000000000000032
:10E6E0000000000000000000B7F101000900000078
:10E6F00044F40100B3F1010001000000D5F1010074
:10E7000007000000AAF40100B9F4010002000000B3
:10E7100036F20100050000001CF301000CF30100BB
:10E7200003000000000000000000000000000000E6
:10E730000000000000000000F1F1010009000000ED
:10E7400017F40100DDF201000301000005F20100F1
:10E7500009000000B8F3010076F201000401000096
:10E7600046F2010009000000E7F30100A7F20100F2
:10E770000501000022F20100090000002CF4010054
:10E78000F1F20100060100002CF201000900000076
:10E79000FFF30100C2F20100070100003CF201009A
:10E7A00009000000CFF301008CF201000801000015
:10E7B00062F2010005000000B8F3010076F20100EA
:10E7C0000401000018F201000900000024F3010018
:10E7D00024F301000006000000000000000000001B
:10E7E00000000000000000000000000058F20100DE
:10E7F0000300000093F4010081F401000001000017
:10E8000050F201000300000054F3010038F301004E
:10E81000040000006CF201000300000042F301005C
:10E820002FF301000008000054F201000300000073
:10E8300074F3010063F3010020000000C1F1010046
:10E8400009000000A3F3010089F3010000000100AA
:10E8500068F201000300000067F4010052F40100B7
:10E8600008000000000000000000000000000000A0
:10E8700000000000000000002E2E2F4C6962726123
:10E88000726965732F5374645065726970685F4470
:10E8900072697665722F5372632F6678785F67703E
:10E8A000696F2E63002E2E2F4C696272617269654A
:10E8B000732F5374645065726970685F447269762F
:10E8C00065722F5372632F6678785F7370692E6359
:10E8D00000434C522830293B0D0A0044495228314C
:10E8E000293B0D0A00444331362832302C34302C79
:10E8F00027CCEDBCD3B5C4CFB5C1D0CAFDCEAA30AC
:10E90000272C31293B0D0A00444331362832362C5E
:10E9100034382C274661696C20746F20646F776EE1
:10E920006C6F6164272C31293B0D0A00444331365A
:10E9300028302C33392C27506C656173652063684F
:10E9400065636B206E6574776F726B272C31293B82
:10E950000D0A00444331362831382C35302C2747F6
:10E960006574204669726D77617265204572722701
:10E970002C31293B0D0A00444331362832302C35E6
:10E98000302C27C7EBBCECB2E95344BFA8272C318D
:10E99000293B0D0A00444332342833342C34302CC4
:10E9A00027CFC2D4D8CAA7B0DC272C31293B0D0A07
:10E9B00000444331362832302C34302C27BBF1C888
:10E9C000A1B9CCBCFEB0FCCAA7B0DC272C31293BD6
:10E9D0000D0A00444331362833302C31302C272D9A
:10E9E000C7EBCAE4C8EBC3DCC2EB2D272C32293BB2
:10E9F0000D0A004443313628302C32382C27466922
:10EA0000726D7761726520686173206265656E2042
:10EA1000646F776E6C6F61646564272C32293B0DDF
:10EA20000A00444332342832362C31302C27486FC8
:10EA30006D652050616765272C32293B0D0A004423
:10EA400043313628302C34362C27506C6561736581
:10EA50002075706461746520746865206669726DE4
:10EA600077617265272C32293B0D0A004443313609
:10EA70002833342C33302C274E6577206669726D2D
:10EA800077617265206578697374272C32293B0D94
:10EA90000A00444332342832362C34302C27B8FC58
:10EAA000D0C2B3C9B9A6272C32293B0D0A00444372
:10EAB00032342835362C31302C27D6F7D2B3272CD8
:10EAC00032293B0D0A004443313628352C31313090
:10EAD0002C27B0B4CFC2456E746572BDF8C8EBCFB9
:10EAE000C2D2BBCEBB272C32293B0D0A0044433196
:10EAF000362832302C35302C27B5B1C7B0CEAAD746
:10EB0000EED0C2B0E6B1BE272C32293B0D0A00443C
:10EB10004331362833342C33302C27C3BBD5D2B500
:10EB2000BDB9CCBCFEB0FC272C32293B0D0A0044F9
:10EB30004331362833342C33302C27B4E6D4DAD0A2
:10EB4000C2B9CCBCFEB0FC272C32293B0D0A0044D4
:10EB50004331362833342C34362C27C7EBB8FCD05D
:10EB6000C2B9CCBCFEB0FC272C32293B0D0A0044B4
:10EB700043313628382C3131302C272D2022436167
:10EB80006E63656C2252657475726E202D272C346D
:10EB9000293B0D0A00444331362831362C39302CBC
:10EBA000272D2022456E746572224E657874202DC3
:10EBB000272C34293B0D0A00444331362831362CAA
:10EBC0003131302C272D202243616E63656C22B7D2
:10EBD000B5BBD8202D272C34293B0D0A00444331E6
:10EBE000362831322C3131302C272D2022456E74BD
:10EBF000657222BCCCD0F8202D272C34293B0D0A7D
:10EC000000444331362831362C39302C272D202230
:10EC1000456E74657222BCCCD0F8202D272C342987
:10EC20003B0D0A00444331362831322C3131302C2F
:10EC3000272D202243616E63656C22C8A1CFFB2083
:10EC40002D272C34293B0D0A004443313628372C1C
:10EC500036362C27C9E8B1B8B0E6B1BEA3BA272C26
:10EC600034293B0D0A004443313628372C34362CE6
:10EC700027C9E8B1B8C3FBA3BA272C34293B0D0A36
:10EC8000004443313628372C38362C27B9CCBCFE0B
:10EC9000A3BA272C34293B0D0A00444331362835CA
:10ECA000302C35352C274C6F6164696E672E2E2E03
:10ECB000272C35293B0D0A00444331362832382CA5
:10ECC00035352C27446F776E6C6F6164696E672EE3
:10ECD0002E2E272C35293B0D0A004443313628348B
:10ECE000302C35352C275570646174696E672E2E73
:10ECF0002E272C35293B0D0A004443313628353068
:10ED00002C35352C27CFC2D4D8D6D02E2E2E272C5A
:10ED100035293B0D0A00444331362835302C353532
:10ED20002C27BCD3D4D8D6D02E2E2E272C35293B39
:10ED30000D0A00444331362831382C35352C27B89C
:10ED4000FCD0C2B1BEB5D8B9CCBCFEB0FC2E2E2EC4
:10ED5000272C35293B0D0A00444332342832322C0B
:10ED600035372C2730272C35293B0D0A00444332F8
:10ED7000342839322C35372C2730272C35293B0DB8
:10ED80000A0044433234283132372C35372C2730AF
:10ED9000272C35293B0D0A00444332342835372CC3
:10EDA00035372C2730272C35293B0D0A00424F5888
:10EDB000283131352C35302C3135302C39302C354B
:10EDC000293B0D0A00424F582834352C35302C3859
:10EDD000302C39302C35293B0D0A00424F58283849
:10EDE000302C35302C3131352C39302C35293B0D38
:10EDF0000A00424F582831302C35302C34352C390C
:10EE0000302C35293B0D0A00253032642E00563255
:10EE10005F30004A43595F54455354310041542BED
:10EE200043574155544F434F4E4E3D30004154459A
:10EE3000300041542B43574D4F44453D3100415420
:10EE400000206661696C65640A202021206D62657E
:10EE500064746C735F73736C5F7365747570207228
:10EE6000657475726E656420307825780D0A0073BC
:10EE7000736C5F636C69656E743100446F776E6CA0
:10EE80006F616420436F756E743A25640D0A526594
:10EE9000616C69747920446F776E6C6F6164204394
:10EEA0006F756E743A2025640D0A00C1ACBDD3B7EE
:10EEB000FECEF1C6F7CAA7B0DC2C20B4EDCEF3B17C
:10EEC000E0BAC53A2025640D0A0043524320D0A37E
:10EED000D1E9B3F6B4ED0D0044454C4554455F55BA
:10EEE0005044415445004144445F534552494553C1
:10EEF000005550444154455F5345524945530043E2
:10EF00006F6E74656E742D52616E67653A2062791A
:10EF10007465732025642D25642F252A6400696F8C
:10EF200074636C6F75642D6D7174742E677A2E74B2
:10EF3000656E63656E74646576696365732E636F71
:10EF40006D00246F74612F7265706F72742F25735A
:10EF50002F257300252A5B5E7B5D7B2266696C65CD
:10EF60005F73697A65223A25642C2266775F74792B
:10EF70007065223A226D6375222C226D643573759B
:10EF80006D223A22255B5E225D222C227479706507
:10EF9000223A227570646174655F6669726D77618B
:10EFA0007265222C2275726C223A22252A5B5E3A07
:10EFB0005D3A2F2F255B5E2F5D255B5E225D222C47
:10EFC00022757365725F646566696E6564223A22B4
:10EFD0007B5C22255B5E5C5D5C223A5C22255B5E8D
:10EFE0005C5D5C227D222C2276657273696F6E22D5
:10EFF0003A22255B5E225D227D007B22747970655A
:10F00000223A20227265706F72745F76657273693E
:10F010006F6E222C227265706F7274223A7B227698
:10F02000657273696F6E223A20222573227D7D00FE
:10F030007B226D6574686F64223A227265706F720C
:10F0400074222C22636C69656E74546F6B656E223A
:10F050003A22313233222C2274696D657374616DEA
:10F0600070223A313632383634363738332C227003
:10F070006172616D73223A7B224656223A222573D1
:10F08000222C224456223A222573222C2244532237
:10F090003A222573227D7D0041424344454647483C
:10F0A000494A4B4C4D4E4F50515253545556575858
:10F0B000595A6162636465666768696A6B6C6D6EF4
:10F0C0006F707172737475767778797A3031323304
:10F0D0003435363738392B2F0073657276657220D8
:10F0E00066696E697368656400636C69656E742037
:10F0F00066696E697368656400544C532D525341C0
:10F100002D574954482D4145532D3235362D47430F
:10F110004D2D53484133383400544C532D525341F4
:10F120002D574954482D4145532D3235362D4342F4
:10F13000432D53484132353600544C532D525341E0
:10F140002D574954482D4145532D3132382D4342D6
:10F15000432D53484132353600544C532D525341C0
:10F160002D574954482D4145532D3132382D4743B1
:10F170004D2D53484132353600544C532D52534196
:10F180002D574954482D4145532D3235362D434294
:10F19000432D53484100544C532D5253412D574950
:10F1A00054482D4145532D3132382D4342432D5380
:10F1B000484100525341002A864886F70D0101015B
:10F1C000006086480186F8420101006086480165BA
:10F1D00003040201002A8648CE3D020100608648F1
:10F1E000016503040202006086480165030402030E
:10F1F000002A864886F70D010104006086480165F3
:10F2000003040204002A864886F70D010105002A3E
:10F21000864886F70D0205002A864886F70D01010B
:10F220000A002A864886F70D01010B002A864886C7
:10F23000F70D01010C002B8104010C002A86488681
:10F24000F70D01010D002A864886F70D01010E0019
:10F25000551D0F00551D1100551D13002B0E0302E7
:10F260001A002B0E03021D00551D2000551D250000
:10F270005348412D3100525341207769746820531F
:10F280004841310069642D73686131005253412057
:10F2900077697468205348412D3531320069642DF7
:10F2A00073686135313200525341207769746820A8
:10F2B0005348412D3232340069642D736861323213
:10F2C00034005253412077697468205348412D33EC
:10F2D00038340069642D7368613338340052534107
:10F2E0002077697468204D44350069642D6D64355C
:10F2F000005253412077697468205348412D3235BC
:10F30000360069642D736861323536004543206BE1
:10F31000657920666F7220454344480069642D6515
:10F32000634448005253415353412D5053530045B9
:10F330007874656E646564204B65792055736167E8
:10F34000650069642D63652D6578744B6579557327
:10F350006167650069642D63652D6B65795573611F
:10F360006765005375626A65637420416C74204E52
:10F37000616D650069642D63652D7375626A6563EF
:10F3800074416C744E616D65004E65747363617099
:10F390006520436572746966696361746520547998
:10F3A00070650069642D6E657473636170652D63AB
:10F3B00065727474797065007368612D3157697472
:10F3C00068525341456E6372797074696F6E007351
:10F3D000686135313257697468525341456E6372C2
:10F3E000797074696F6E0073686132323457697472
:10F3F00068525341456E6372797074696F6E007321
:10F40000686133383457697468525341456E63728A
:10F41000797074696F6E006D643557697468525302
:10F4200041456E6372797074696F6E007368613202
:10F43000353657697468525341456E6372797074FA
:10F44000696F6E00727361456E6372797074696F73
:10F450006E00436572746966696361746520506FFC
:10F460006C69636965730069642D63652D636572FA
:10F470007469666963617465506F6C69636965730B
:10F4800000426173696320436F6E73747261696EC9
:10F4900074730069642D63652D6261736963436FE2
:10F4A0006E73747261696E74730069642D65635064
:10F4B00075626C69634B65790047656E6572696357
:10F4C000204543206B657900534841353132005364
:10F4D0004841323234002B0601050507080400417B
:10F4E00045532D3139322D454342004145532D328C
:10F4F00035362D454342004145532D3132382D4597
:10F500004342004145532D3139322D43424300419E
:10F5100045532D3235362D434243004145532D315D
:10F5200032382D434243004145532D3139322D4766
:10F53000434D004145532D3235362D47434D004153
:10F5400045532D3132382D47434D00004A43595F12
:10F550005445535431000000324C33333534314C70
:10F56000334F000088F5010000000020A8020000D1
:10F57000640E000098F60100A8020020E06B010074
:10F58000D8AF0100000000000110000C1404536506
:10F59000726965734D656E75000919CFB5C1D0B23A
:10F5A000CBB5A513C4212A2004394C000F10557087
:10F5B000646174654669726D7761726508091FB888
:10F5C000FCD0C2B9CCBCFE4C2A014CF8084C616E90
:10F5D000677561674661000919D3EFD1D4D1A1D411
:10F5E000F14B50014C2AFF4C000D12466163746FC1
:10F5F00072795265736574080D1BBBD6B8B4B3F647
:10F60000B3A7C9E8D6C39832033D57495A6E451A85
:10F6100080A613300200091702456E676C69736893
:10F62000091C1E595C2210332002061A02D6D0CEC5
:10F63000C4091C1ED94C1F0105010203040817024E
:10F64000573535303014499F011A4D041A55041AA4
:10F6500051041A41041A45040421585859000D1C3C
:10F66000676F6F6465766572796461791B98F05C89
:10F6700022901A8D041AB5041AFF01320A246FEE83
:10F680000122C032083207320672051A2B181A2CD2
:08F69000044129182920410062
:04000005000000E512
:00000001FF
