:020000040000FA
:10000000D876012095020000990200009B020000B2
:100010009D0200009F020000A102000000000000FD
:10002000000000000000000000000000A30200002B
:10003000A502000000000000A7020000FB0800006D
:10004000AB020000AB02000000000000EF0900005E
:10005000F523000013240000AB020000AB020000F7
:1000600000000000AB020000AB020000AB02000089
:10007000AB02000000000000AB020000AB02000079
:10008000AB020000AB020000AB020000AB020000BC
:10009000AB020000490A0000AB020000AB02000006
:1000A000AB02000000000000AB020000AB02000049
:1000B000000000000000000000000000AB02000093
:1000C00000F002F800F0B8F80AA090E8000C8244B2
:1000D0008344AAF10107DA4501D100F0ADF8AFF28F
:1000E000090EBAE80F0013F0010F18BFFB1A43F016
:1000F0000103184708CD020028CD02000A444FF042
:10010000000C10F8013B13F0070408BF10F8014B76
:100110001D1108BF10F8015B641E05D010F8016BBB
:10012000641E01F8016BF9D113F0080F1EBF10F81F
:10013000014BAD1C0C1B09D16D1E58BF01F801CB42
:10014000FAD505E014F8016B01F8016B6D1EF9D5C5
:100150009142D6D3704700000023002400250026DA
:10016000103A28BF78C1FBD8520728BF30C148BF1A
:100170000B6070476E2924F08787702924F0DC8794
:10018000662928F0A784652928F0A484672928F027
:10019000A1846129AFF3008003681B0A28BF41F0E6
:1001A0008001692924F03487642924F03187752976
:1001B00024F02E876F2925F0CD87782924F0A88791
:1001C000E92925F06587E42925F06287F52925F0DE
:1001D0005F87EF2925F0CA87F82924F0A7870368ED
:1001E000DB0928BF41F08001632925F0D4867329FB
:1001F00025F0D986E32926F00581F32926F00A8126
:10020000002070471FB528F022FC9DE8030025F070
:10021000D3FB25F03EF926F03BF804000020002136
:1002200027F096FD401C60600020002127F0A6FD0D
:10023000E0601FBD10B510BD26F04AFB1146FFF768
:10024000E1FF01F0C1FC26F068FB03B4FFF7F2FF09
:1002500003BC26F095FB000080F30888704700007F
:100260000B49D1F800C04A685CF8043B1068184498
:1002700042F8040B8C4528BFA1F1DC0C8A4228BF50
:10028000A1F1DC02C1F800C04A6020F000407047D4
:100290006C5E002008480047FEE7FEE7FEE7FEE749
:1002A000FEE7FEE7FEE7FEE7FEE7FEE70348044958
:1002B000044A054B70470000C1000000D85E0020D2
:1002C000D8760120D8000120D8000120F84910F488
:1002D000001F05D0F74A526822F00042F54B5A60E1
:1002E00010F4801F05D0F34A526822F00052F14BFF
:1002F0005A6010F4004F05D0EE4A526822F04002D6
:10030000EC4B5A6010F4807F05D0EA4A526822F024
:100310002002E84B5A6010F0010F05D0E54A526800
:1003200022F00402E34B5A6010F4804F05D0E14AFA
:10033000526822F01002DF4B5A6010F4007F05D0A3
:10034000DC4A526822F00302DA4B5A60D94A12683A
:10035000C3430B431A40D74B1A607047D44910F47B
:10036000001F05D0D34A526842F00042D14B5A6078
:1003700010F4801F05D0CF4A526842F00052CD4B96
:100380005A6010F4004F05D0CA4A526842F0400249
:10039000C84B5A6010F4807F05D0C64A526842F0BC
:1003A0002002C44B5A6010F0010F05D0C14A5268B8
:1003B00042F00402BF4B5A6010F4804F05D0BD4A92
:1003C000526842F01002BB4B5A6010F4007F05D017
:1003D000B84A526842F00302B64B5A60B54A1268F6
:1003E00020EA01031A43B34B1A607047F0B50024AA
:1003F0000025002600220C281FD80C27B7FBF0FC94
:1004000000FB1C7707B1F0BDAA4F7F68DFF8A8C2D8
:1004100007EA0C0747F08047DFF898C2CCF8047071
:100420000C27B7FBF0F14F1E47F4887747F440578D
:1004300047F40017CCF8087084E050282AD00CDC70
:1004400032281BD004DC1E2810D0302836D111E011
:100450003C2817D0462831D118E05A281ED06428ED
:1004600020D06E2822D0782828D123E02824022505
:10047000032624E040240225032620E0322403251D
:1004800002261CE03C240325022618E0462403250E
:10049000022614E050240325022610E05A240325E6
:1004A00002260CE032240325012608E03724032528
:1004B000012604E03C240325012600E0A3E700BF59
:1004C0004FF480173F6827F4F85747F400674FF45C
:1004D000801CCCF80070774F7F68DFF8DCC107EA3A
:1004E0000C07DFF8D0C1CCF80470B70447EA8537B1
:1004F000274347F0C057CCF80C706746FF6827F0D9
:100500000047CCF80C706746FF6847F48007CCF8CA
:100510000C7000BF674FFF6817F0804FFAD0674F2D
:10052000DFF890C1CCF8087067467F68DFF888C1B3
:1005300007EA0C07DFF888C147EA0C07DFF874C147
:10054000CCF804705B4F7F68DFF878C107EA0C07CE
:10055000A0F1010C47EA4C37DFF858C1CCF8047021
:10056000594F4743DFF864C1CCF80070514FBF6862
:1005700007F00F07791C67463F684F43DFF850C10B
:10058000CCF800704B4FBF68C7F30317791C4F4F6F
:100590003F68B7FBF1F7DFF83CC1CCF800704B4F78
:1005A0003F68DFF824C1B7FBFCF334275F434FF407
:1005B0007A7CB7FBFCF7FAB24FF480173F6827F458
:1005C000F85747EA02274FF4801CCCF8007000BFB0
:1005D00019E72DE9F04100250026002700230C280B
:1005E00025D84FF00C0CBCFBF0F800FB18CCBCF18C
:1005F000000F01D0BDE8F081DFF8B8C0DCF804C01E
:10060000DFF8B4800CEA080CDFF8A880C8F804C052
:100610004FF0300CBCFBF0F2A2F1010C4CF4887CE2
:100620004CF4405C4CF4001CC8F808C0A3E050280F
:100630002AD00CDC32281BD004DC1E2810D0302835
:100640004AD111E03C2817D0462845D118E05A2855
:100650001ED0642820D06E2822D078283CD123E0F8
:1006600028250226032738E040250226032734E008
:1006700032250326022730E03C25032602272CE002
:1006800046250326022728E050250326022724E0DA
:100690005A250326022720E03225032601271CE0E5
:1006A00037250326012718E03C250326012714E0FF
:1006B0000181300000000648FFE6FFBF1031200036
:1006C00000010040FF1F00E040420F0040000020FA
:1006D00044000020480000208CE700BF4FF4801C3D
:1006E000DCF800C02CF4F85C4CF4006C4FF480187B
:1006F000C8F800C0DFF810C2DCF804C0DFF80C82D4
:100700000CEA080CDFF80082C8F804C04FEA874CF6
:100710004CEA863C4CEA050C4CF0C05CC8F80CC0B6
:10072000C446DCF80CC04CF0004CC8F80CC0C44601
:10073000DCF80CC04CF4800CC8F80CC000BFDFF82B
:10074000C8C1DCF80CC01CF0804FF8D0DFF8C0C185
:10075000DFF8B481C8F808C0C446DCF804C0DFF88C
:10076000AC810CEA080CDFF8AC814CEA080CDFF82D
:100770009881C8F804C0DFF890C1DCF804C0DFF845
:1007800098810CEA080CA0F101084CEA483CDFF81B
:100790007881C8F804C04FF4002CDCF82C1240F625
:1007A000F63C61450ED240F6BE2C61450AD94FF4A5
:1007B0007A7C01FB0CFC0CFB00FC4FF00308BCFB3B
:1007C000F8F103E0DFF854C100FB0CF1DFF850C191
:1007D000CCF80010DFF830C1DCF808C00CF00F0CCA
:1007E0000CF10102DFF838C1DCF800C00CFB02FCA0
:1007F000DFF83081C8F800C0DFF80CC1DCF808C0B1
:10080000CCF3031C0CF10102DFF814C1DCF800C0CA
:10081000BCFBF2FCDFF81081C8F800C0DFF800C1B3
:10082000DCF800C0DFF8F480BCFBF8F44FF0340CC7
:1008300004FB0CFC4FF47A78BCFBF8FC0CF0FF03D3
:100840004FF4801CDCF800C02CF4F85C4CEA032C5C
:100850004FF48018C8F800C000BFCBE610B50446BE
:100860002046FFF7C3FD10BD0320304908607047E4
:1008700000202E490860704770B52D482249086154
:100880000846406940F0010048610A2000F095FEEA
:1008900000201D4908610846406920F001004861B8
:1008A0004FF0FF30FFF712FD6E20FFF7D7FF214911
:1008B000481EB0F1807F00D31BE0481E4FF0E022BD
:1008C000506150170722002807DA53071D0E1A4BF4
:1008D00000F00F04241F1D5503E053071C0E174B97
:1008E0001C5400BF00204FF0E022906107201061EF
:1008F00000BFFFF7B9FF70BD704711480068401C8A
:100900000F4908607047000000000648FFE6FFBF7F
:100910001031200000010040FF1F00E040420F00A6
:1009200040000020440000204800002000D0084083
:100930007462966CB0AD010018ED00E000E400E0D8
:100940004C00002010B50346002002E00C5C1C5453
:10095000401C9042FAD310BD10B50346002001E0C0
:100960001954401C9042FBD310BD30B503460C46D1
:10097000002106E0585C655CA84201D0012030BD32
:10098000491C9142F6D30020F9E701460A78CB785A
:100990000B70CA704A788B784B708A70704730B58C
:1009A00002460B461046D518691E05E004780D78FE
:1009B00000F8015B01F801498142F7D830BD000021
:1009C00010B5002400BF0EE0B548007838B11420FF
:1009D00000F0AAFD0020B3490870B14908701E203C
:1009E00000F0A2FD641CB4F57A7FEDD310BDAE49D2
:1009F000C86B10F0100F15D00DE0AB490968AB4A79
:100A0000A84B1B78D154A7490978491CA54A1170F5
:100A10000121A34A1170A449896901F0100110292C
:100A2000EBD110E010F0200F09D09F49896901F047
:100A30008001802907D101219D4A117003E040F611
:100A4000FF71994A5164704770B59A48C56B15F0AB
:100A5000100F0ED006E097480068C4B221469648B1
:100A600001F0BCFC9348806900F010001028F2D11E
:100A700010E015F0200F09D08E48806900F080004A
:100A8000802807D101208A49087003E040F6FF70F2
:100A90008849486470BD2DE9F04103461001B1FB5F
:100AA000F0F5B1FBF0F700FB1716F701B7FBF0F715
:100AB000781C440805EB941703EB430CDFF8E8813E
:100AC00008EB8C4CCCF8247004F03F0703EB430C8C
:100AD00008EB8C4CCCF82870BDE8F08170B504466A
:100AE0000E467CB9754805687548C06A20F00F004D
:100AF000401D7349C862032000F0C8F8032000F0CD
:100B0000B9F816E06E488068C0F30360401C6D4978
:100B10000968B1FBF0F56A48406B20F4701040F4AE
:100B2000A01067494863152000F0B0F8152000F0C8
:100B3000A1F800205E4908705949087004EB440090
:100B4000594901EB8040006B20F0010004EB4401A7
:100B5000554A02EB81410863324629462046FFF799
:100B60009AFF602004EB44014F4A02EB8141C862C6
:100B700040F2013004EB440102EB81410863102094
:100B800004EB440102EB8141886340F6FF7004EB03
:100B9000440102EB814148644FF47A7000F0A6FCF6
:100BA00070BD00EB4002404B03EB8242116000BF7E
:100BB00000EB40023C4B03EB8242926912F0080FBB
:100BC000F6D17047F0B507460C461546002605E0FD
:100BD00014F8011B3846FFF7E4FF761CAE42F7D34A
:100BE000F0BD10B5044609E0207830B1012221465D
:100BF0000020FFF7E7FF641C00E010BDF4E730B50C
:100C000004460D46E1B20120FFF7CBFF204630BD80
:100C100070B505460E46002404E0295D2AA024F0A4
:100C200067F9641CB442F8D329A024F061F970BDBF
:100C30000FB430B5ADF5017D054686A8009001A83A
:100C4000009A859924F042F9044600200090002C77
:100C500004DA0DF5017D30BC5DF814FBB4F5007FBE
:100C600001D94FF40074224601A92846FFF7AAFFD4
:100C700000BFEEE700F01F020121914042094FF052
:100C8000E02303EB8202C2F80011704700F01F025C
:100C9000012191400F4A430942F823107047000098
:100CA00051000020520000200000014800040020F4
:100CB0005000002000000D48800600204800002061
:100CC0000000064844000020253032582000000073
:100CD0000A00000080E200E070B505460C466FF3A4
:100CE00008050AE028464C498847B4F5007F00D241
:100CF00070BD05F50075A4F50074002CF2D100BF9D
:100D0000F6E72DE9F04107460E4615466FF3080752
:100D1000B6F5007F02D94FF4007602E0042E00D22F
:100D2000042600241CE0002000EB8400285C012144
:100D300001EB8401695C00EB0120022101EB8401DD
:100D4000695C00EB0140032101EB8401695C00EB6D
:100D5000016807EB840041462F4A323A9047641CF1
:100D6000B4EB960FDFD3BDE8F08110B503466FF307
:100D70000803B1F5007F02D94FF4007102E00429A5
:100D800000D20421002004E053F820401460121D1A
:100D9000401CB0EB910FF7D310BD2DE9F04706468C
:100DA0000F46154639463046FFF796FF6FF30806A3
:100DB000B7F5007F02D94FF4007702E0042F00D28C
:100DC0000427002423E0002000EB8400285C01219C
:100DD00001EB8401695C00EB0120022101EB84013D
:100DE000695C00EB0140032101EB8401695C00EBCD
:100DF000016806EB84004146074A323A904756F8AC
:100E00002490C84502D00120BDE8F087641CB4EBF3
:100E1000970FD8D30020F7E76B1C00122DE9FE4F87
:100E200006460F4692469B46F9A103C9CDE901014A
:100E3000F9A00068009040220021F848FFF78CFDDF
:100E4000002405E001A8005DF4490855601CC4B207
:100E5000052CF7DBB0464646642098FBF0F03030B6
:100E6000C2B22046611CCCB2EC490A54642098FB03
:100E7000F0F100FB11600A2190FBF1F03030C2B2BA
:100E80002046611CCCB2E5490A540A2098FBF0F1D7
:100E900000FB11603030C2B22046611CCCB2DF4989
:100EA0000A542C222046611CCCB2DC490A54B946B3
:100EB0004F46642099FBF0F03030C2B22046611CEE
:100EC000CCB2D6490A54642099FBF0F100FB1170B2
:100ED0000A2190FBF1F03030C2B22046611CCCB246
:100EE000CE490A540A2099FBF0F100FB1170303012
:100EF000C2B22046611CCCB2C8490A542C222046FA
:100F0000611CCCB2C5490A5427222046611CCCB2D0
:100F1000C2490A54002506E01AF805006119BF4AC3
:100F20005054681CC5B21AF805000028F4D16019A5
:100F3000C4B227222046611CCCB2B8490A542C22E4
:100F40002046611CCCB2B5490A540A209BFBF0F044
:100F50003030C2B22046611CCCB2B0490A540A20DB
:100F60009BFBF0F100FB11B03030C2B22046611C97
:100F7000CCB2AA490A54002506E01DF80500611903
:100F8000A64A5054681CC5B2042DF6DB6019C4B2E1
:100F9000A248BDE8FE8F2DE9FF4F83B006460F46FD
:100FA0009246DDF840B09AA103C9CDE901019AA0AB
:100FB00000680090402200219848FFF7CDFC0024F3
:100FC00005E001A8005D95490855601CC4B2052CD8
:100FD000F7DBB0464646642098FBF0F03030C2B2F2
:100FE0002046611CCCB28D490A54642098FBF0F174
:100FF00000FB11600A2190FBF1F03030C2B22046B4
:10100000611CCCB285490A540A2098FBF0F100FB20
:1010100011603030C2B22046611CCCB27F490A5404
:101020002C222046611CCCB27C490A54B9464F465A
:10103000642099FBF0F03030C2B22046611CCCB283
:1010400076490A54642099FBF0F100FB11700A21E3
:1010500090FBF1F03030C2B22046611CCCB26F4937
:101060000A540A2099FBF0F100FB11703030C2B233
:101070002046611CCCB269490A542C222046611CCE
:10108000CCB266490A5427222046611CCCB263497F
:101090000A54002506E01AF8050061195F4A505409
:1010A000681CC5B206988542F5D36019C4B22722E0
:1010B0002046611CCCB259490A542C222046611C9E
:1010C000CCB256490A540A209BFBF0F03030C2B231
:1010D0002046611CCCB251490A540A209BFBF0F116
:1010E00000FB11B03030C2B22046611CCCB24B497B
:1010F0000A54002506E01DF805006119474A5054BE
:10110000681CC5B2042DF6DB6019C4B2434807B0B1
:10111000BDE8F08F2DE9FE4F06460F4692469B46EE
:101120003FA103C9CDE901013BA000680090402226
:1011300000213A48FFF710FC002405E001A8005DFB
:1011400036490855601CC4B2052CF7DBB04646464C
:10115000642098FBF0F03030C2B22046611CCCB263
:101160002E490A54642098FBF0F100FB11600A211B
:1011700090FBF1F03030C2B22046611CCCB227495E
:101180000A540A2098FBF0F100FB11603030C2B223
:101190002046611CCCB221490A542C222046611CF5
:1011A000CCB21E490A54B9464F46642099FBF0F070
:1011B0003030C2B22046611CCCB218490A546420B7
:1011C00099FBF0F100FB11700A2190FBF1F0303037
:1011D000C2B22046611CCCB210490A540A2099FBC5
:1011E000F0F100FB11703030C2B22046611CCCB26D
:1011F0000A490A542C222046611CCCB207490A54E1
:1012000027222046611CCCB204490A54002512E072
:101210004443313628000000293B0D0A34040020E5
:1012200044433234280000001AF805006119854A49
:101230005054681CC5B21AF805000028F4D1601992
:10124000C4B227222046611CCCB27E490A542C220B
:101250002046611CCCB27B490A540A209BFBF0F06B
:101260003030C2B22046611CCCB276490A540A2002
:101270009BFBF0F100FB11B03030C2B22046611C84
:10128000CCB270490A54002506E01DF8050061192A
:101290006C4A5054681CC5B2042DF6DB6019C4B208
:1012A0006848BDE8FE8F2DE9FE4F06460F46924680
:1012B0009B4665A103C9CDE90101AFF2A400006816
:1012C0000090402200215F48FFF746FB002405E024
:1012D00001A8005D5B490855601CC4B2052CF7DB12
:1012E000B0464646642098FBF0F03030C2B220464B
:1012F000611CCCB253490A54642098FBF0F100FB06
:1013000011600A2190FBF1F03030C2B22046611C1E
:10131000CCB24C490A540A2098FBF0F100FB116052
:101320003030C2B22046611CCCB246490A542C224D
:101330002046611CCCB243490A54B9464F4664204A
:1013400099FBF0F03030C2B22046611CCCB23D496E
:101350000A54642099FBF0F100FB11700A2190FB04
:10136000F1F03030C2B22046611CCCB235490A548B
:101370000A2099FBF0F100FB11703030C2B2204618
:10138000611CCCB22F490A542C222046611CCCB2DD
:101390002C490A5427222046611CCCB229490A5400
:1013A000002506E01AF805006119264A5054681C09
:1013B000C5B21AF805000028F4D16019C4B227227A
:1013C0002046611CCCB21F490A542C222046611CC5
:1013D000CCB21C490A540A209BFBF0F03030C2B258
:1013E0002046611CCCB217490A540A209BFBF0F13D
:1013F00000FB11B03030C2B22046611CCCB21149A2
:101400000A54002506E01DF8050061190D4A5054E4
:10141000681CC5B2042DF6DB6019C4B20948BDE8EA
:10142000FE8F10B504462046FFF7DBFBFFF7C8FA36
:1014300010BD10B506A0FFF7F4FF08A0FFF7F1FFFD
:1014400010BD000034040020444333322800000063
:10145000434C522830293B0D0A00000044495228D1
:1014600031293B0D0A0000001448006B20F47F4036
:10147000124908631248006820F47000104908609F
:101480000846406940F470004861704770B500BF7D
:101490000B48406900F47004012000F027F8084868
:1014A000406900F47005B4F5700FF1D0B5F5700F18
:1014B000EED0AC42ECD1204670BD000000000648E2
:1014C00000000A484048006820F000603E4908607B
:1014D0003E48806820F001003C4988601E208860FA
:1014E0000846006D20F007000865704710B5384BBE
:1014F0001A68364B9B6823F00103344CA3604FF409
:101500007A73B2FBF3F141434B1E236023469B6881
:1015100043F00103A36000BF2C4BDB68002BFBD022
:10152000FF232A4C236110BD10B5294B1A68274BA5
:101530009B6823F00103254CA360264BB2FBF3F11B
:1015400041434B1E236023469B6843F00103A36085
:1015500000BF1E4BDB68002BFBD0FF231B4C23611D
:1015600010BD1A48806820F00100184988603220B8
:1015700008600846806840F00100886000BF13489A
:10158000C0680028FBD0FF201049086170470F4851
:10159000806820F001000D498860AF20086008468F
:1015A000806840F00100886000BF0848C0680028DB
:1015B000FBD0FF2005490861704700BF0100A0F182
:1015C0000100FBD1704700000000064800000348FE
:1015D0004800002040420F00FE48406B20F0707031
:1015E000FC494863FC48006840F4C050FA49086070
:1015F000F848406B20F00300F6494863F64800685D
:1016000040F00100F44908600846C06840F40060FA
:10161000C8600846806840F4805088600846C0680A
:1016200040F00100C860704770B504460E46EA48B5
:10163000C06840F00100E849C8600A20FFF7BDFF1C
:10164000E548806840F00100E349886004F0FE044A
:101650000846006840F4805008600A20FFF7ADFF9C
:10166000002524E014F0010F06D0DB48806840F428
:101670008050D949886005E0D748C06840F4805060
:10168000D549C860D448806840F40060D249886079
:101690000A20FFF792FFD048C06840F40060CE49AE
:1016A000C8600A20FFF789FF6410681CC5B2082DC6
:1016B000D8DB002524E016F0010F06D0C64880686C
:1016C00040F48050C449886005E0C348C06840F4D5
:1016D0008050C149C860C048806840F40060BE497D
:1016E00088600A20FFF769FFBB48C06840F40060CB
:1016F000B949C8600A20FFF760FF7610681CC5B2C0
:10170000082DD8DBB448C06840F00100B249C86079
:1017100070BD70B504460025AF48C06840F00100B8
:10172000AD49C8600A20FFF748FFAB48806840F029
:101730000100A949886044F001040846006840F4AB
:10174000805008600A20FFF738FF002624E014F0DC
:10175000010F06D0A048806840F480509E49886000
:1017600005E09D48C06840F480509B49C8609A4895
:10177000806840F40060984988600A20FFF71DFFE8
:101780009548C06840F400609349C8600A20FFF79C
:1017900014FF6410701CC6B2082ED8DB8E48006897
:1017A00020F480508C4908600A20FFF706FF0026CD
:1017B0001EE06D108848406910F4805F02D045F04B
:1017C000800501E005F07F058348806840F40060F3
:1017D000814988600A20FFF7F0FE7F48C06840F426
:1017E00000607D49C8600A20FFF7E7FE701CC6B2A2
:1017F000082EDEDB7848C06840F001007649C860FA
:10180000284670BD10B5044600218E20FFF70CFF5E
:1018100080210846FFF708FF61788C20FFF704FF5E
:10182000A1788820FFF700FFE1788620FFF7FCFE13
:1018300021798420FFF7F8FE61798220FFF7F4FE1A
:10184000A1798020FFF7F0FEE1798A20FFF7ECFE16
:1018500080218E20FFF7E8FE10BD10B504468C20D5
:10186000FFF757FF60708820FFF753FFA0708620B6
:10187000FFF74FFFE0708420FFF74BFF20718220BD
:10188000FFF747FF60718020FFF743FF00F07F0004
:10189000A0718A20FFF73DFFE07110BD1CB5044622
:1018A0006846FFF7DAFF9DF80100001100EB8000A9
:1018B0004FF4FA6101EB40009DF8011001F00F01B7
:1018C0000844A0809DF8020000F00F009DF802106F
:1018D000091101EB810100EB4100A0719DF80300AB
:1018E00000F00F009DF80310091101EB810100EBDE
:1018F0004100E0719DF8040000F00F009DF8041015
:10190000091101EB810100EB410020709DF80500F9
:1019100000F00F009DF80510091101EB810100EBAB
:10192000410060709DF8060000F00F009DF8061061
:10193000091101EB810100EB4100A0709DF8070047
:1019400000F0070020721CBD0146002203E0521C7B
:10195000A1F10A00C1B20A29F9D2100741EA1060C8
:101960007047014600BF080900EB8000420001F00B
:101970000F001044C0B270470146CA1701EB9272C3
:101980009210B1EB820212D1642091FBF0F200FBC5
:10199000121050B94FF4C87091FBF0F200FB121016
:1019A00008B9012070470020FCE70120FAE7002079
:1019B000F8E7F0B503460C461546642093FBF0F0BB
:1019C000C6B2642093FBF0F700FB1730C1B2132EB0
:1019D00007DD03E00000064800000B4801F1640049
:1019E000C1B20846CF1701EB977701EBA70207209A
:1019F00092FBF0F700FB172082B25719601EDFF848
:101A0000B0C11CF80000384482B2CF1701EB9777C1
:101A1000BF10B1EB870703D1032C01DA501E82B24D
:101A2000072092FBF0F700FB1720C0B2F0BD2DE9B4
:101A3000F04104460D464FF0000637465D4A4FF030
:101A400000032046294623F097F906465A480088A5
:101A5000B0423CD058490E8040F2B27710E0384690
:101A6000FFF78AFF40B1B6F5B77F02D3A6F5B77688
:101A700004E0781C87B206E0A6F26D16781C87B2E7
:101A8000B6F5B67FEBD800BF4C488780002716E03C
:101A90004A498888FFF770FF30B1012F04D11D2E0D
:101AA00001D31D3E09E00CE04548C05DB04203D8BB
:101AB0004348C05D361A00E003E0781C87B21C2E54
:101AC000E6D200BF781C3D498871701CC871394A44
:101AD00000232046294623F04FF916464FF4616053
:101AE000B6FBF0F0354908704FF46160B6FBF0F1D9
:101AF00000FB11603C21B0FBF1F0304948704FF41D
:101B00006160B6FBF0F100FB11603C21B0FBF1F22B
:101B100001FB1200294988700B46DA799979988877
:101B2000FFF747FF2549087208468088642190FB2B
:101B3000F1F0C3B21846FFF707FF224908701F48AB
:101B40008088642190FBF1F201FB1200C3B21846B9
:101B5000FFF7FAFE1B49487018498879FFF7F4FE31
:101B6000184988701549C879FFF7EEFE1549C87005
:101B7000124909780831C8B2FFF7E6FE1149087129
:101B80000E494878FFF7E0FE0E4948710B49887806
:101B9000FFF7DAFE0B4988710849087AFFF7D4FE8F
:101BA0000849C8710846FFF72DFE0020BDE8F08106
:101BB000C88B0200805101006400002074040020E2
:101BC000D48B02005C000020002080F3108800BF4E
:101BD000FEF752FEFFF776FC4FF461210120FEF77D
:101BE0007DFF22F020FD4FF4E1310020FEF776FF6B
:101BF00000F0EEFD04F0C8FCFFF7EEFCFFF734FC4C
:101C000000F006F800F015F801E001F08AFAFCE7B0
:101C100000B5ADF5017D01AA4FF400718648FFF7CC
:101C2000A4F89DF80400854981F840000DF5017D78
:101C300000BD70B5ADF5007D002601F09BFC4FF4B2
:101C4000007200217D4800F042FE6A464FF40071A8
:101C50007A4800F078FA4FF400726946774823F02A
:101C600003FD4FF4FF71754800F0F8F9044673481E
:101C700090F8FF01714991F8FE1100EB012085B247
:101C80006E48B0F84100A0F55051353902D1AC4250
:101C900000D1012626B921F0EFFC01206849087027
:101CA00001F03CFC21F0C3FD00F0CEF801F06CFC2B
:101CB0000DF5007D70BD30B5ADF5017D03256048A3
:101CC0000078012805D101F0EBFC1C200DF5017D09
:101CD00030BD02F03FFA04F0BEFC04F09AFC18B1EB
:101CE00000205849087002E001205649087008E0B9
:101CF0002800A5F10101CDB203D101F0B6FC1720F7
:101D0000E4E721F0EBFC0028F2D121F005FE21F000
:101D10005CFE044624B1204601F0E2FE2046D5E7F1
:101D2000002002F0C1FCB0F5500F01D11820CDE722
:101D300022F037F804460F2C04D0204601F0FCFEB8
:101D40002046C3E722F010FA04463C4890F84000D1
:101D50008DF8040001AA4FF400713748FFF71DF811
:101D6000162C04D0204601F013FF2046AEE70020D9
:101D700002F001FA2046A9E770B503243048007844
:101D8000012803D101F08CFC1C2070BD02F0E2F9A7
:101D900008E02000A4F10101CCB203D101F065FC00
:101DA0001720F2E721F09AFC0028F2D121F07EFF03
:101DB000054621F073FC284602F036FA2846E4E78F
:101DC00010B50446204601F08FFB01F0BBFB10BDAF
:101DD00010B5012002F068FCB0F5500F01D11820B9
:101DE00010BD02F0B7F921F0F3FC012803D101F096
:101DF0003CFC1720F4E7012002F0BDF90020104957
:101E0000087000BFECE710B5022002F04DFCB0F501
:101E1000500F01D1182010BD09480078012803D1C6
:101E200001F03EFC1C20F6E722F052FB044620465F
:101E300002F0C8F92046EEE7000207007E04002009
:101E4000670000206600002000B589B004226DA163
:101E500001A823F01EFD6C4800789DF8041088420C
:101E600019D16948401C00789DF80510884212D1AC
:101E70006548801C00789DF8061088420BD14FF40D
:101E80003F30624908606048614908605E48203020
:101E90006049086006E060485C4908605C49086089
:101EA0005C49086009B000BD59480068704710B52A
:101EB0000446272259A1204623F0D6FB00202064A7
:101EC00042F2B320A4F8440010BD70B504464F4858
:101ED000006823F053FB451C2A464C480168204605
:101EE00023F0D7FC4A48006823F048FB451C2A46EB
:101EF0004748016804F1200023F0CBFC4548006806
:101F000023F03CFB451C2A464248016804F140008E
:101F100023F0BFFC70BD10B504464021204623F0DD
:101F20006FFC402104F1400023F06AFC502104F1D1
:101F3000800023F065FC10BD30B591B0044600254B
:101F4000402101A823F07EFC12223EA1204623F06E
:101F50008BFB00BF17E0402101A823F073FC3E4833
:101F600000EB85112A4803682848026801A822F07E
:101F7000CBFF04F1400101EB8510402201A923F0C1
:101F800073FB681CC5B2042DE5DB002084F840011A
:101F90004FF47A70A4F84201012084F8410140F620
:101FA000640104F6461023F02BFC40F66400A4F80C
:101FB00044014FF4006104F5A37023F021FC11B03B
:101FC00030BD70B590B005460C464021684623F000
:101FD00039FCA4B10E4803680C48214602686846E3
:101FE00022F092FF4021284623F00AFC684623F0A5
:101FF000C5FA064632466946284623F035FB10B03E
:1020000070BD0000534C590020FC02006800002005
:102010006C0000207000002074000020473043371F
:102020004A305A33424F2E696F74636C6F75642E59
:1020300074656E63656E74646576696365732E633B
:102040006F6D0000246F74612F7265706F72742F52
:1020500025732F2573000000E08B020010B50246A7
:102060000B464FF6FF7109E010784840C0B20F4CA4
:1020700034F8100080EA21215B1E521C002BF3D1A2
:10208000C84380B210BD10B5034609E00878584037
:10209000C0B2064C34F8100080EA2323521E491CBB
:1020A000002AF3D1D84380B210BD0000E08C0200BA
:1020B0002DE9F047C6B006460C4617464FF000081B
:1020C000C2462046E11704EB11710911A4EB01117E
:1020D000C1F1100ABAF1100F03D0012046B0BDE8DB
:1020E000F0872046E11704EB11714FEA2119684689
:1020F00008F0CAFD80223949684608F0DAFD8046BA
:10210000B8F1000F04D0684608F0C8FD0220E5E7EA
:10211000002511E007EB051306EB051201216846C7
:1021200009F0CBFC8046B8F1000F04D0684608F0F7
:10213000B5FD0320D2E76D1C4D45EBD3684608F092
:10214000ADFDE0B2CAE72DE9F047C6B006460C4641
:1021500017464FF00008C2462046E11704EB117104
:102160000911A4EB0111C1F1100ABAF1100F03D04B
:10217000012046B0BDE8F0872046E11704EB11715D
:102180004FEA2119684608F07FFD8022134968460E
:1021900008F08EFE8046B8F1000F04D0684608F0C3
:1021A0007DFD0220E5E7002511E007EB051306EBB6
:1021B00005120021684609F080FC8046B8F1000F46
:1021C00004D0684608F06AFD0420D2E76D1C4D4536
:1021D000EBD3684608F062FDE0B2CAE77A0000205F
:1021E00000B970470260C160C3684360C368836020
:1021F00000BFF6E700B970470021C160416081600F
:10220000016000BFF7E7014611B96FF03200704777
:102210000868FCE700B5024612B96FF01E0000BD69
:10222000D2E90101884201D10020F8E7D2E9010199
:10223000884203D2D2E90110401AF0E71046FFF7B6
:10224000E2FFD2E90113C91A401AE8E730B50446A3
:1022500014B96FF0280030BD2046FFF7D4FF0546C3
:102260002046FFF7D7FF281AF5E72DE9F04104468D
:102270000F46164600251CB96FF01400BDE8F0812A
:1022800017B96FF01500F9E7D4E90101884214D2BB
:102290002046FFF7BFFFB04201D9304602E020469A
:1022A000FFF7B8FF05462A463846616823F0DCF997
:1022B0006068284460602846E0E72046FFF7A3FFF7
:1022C000E2686168891A401AB0420AD935462A463E
:1022D0003846616823F0C8F9606828446060284681
:1022E000CCE72046FFF78FFFE2686168891A451A3C
:1022F0002A463846616823F0B7F9E0686060721BCF
:1023000079192046FFF7B1FF05442846B6E72DE9C5
:10231000F04104460F46154600261CB96FF00A002E
:10232000BDE8F08117B96FF00B00F9E72046FFF721
:102330008DFFA84202D86FF00C00F1E7D4E901014B
:1023400088422AD82046FFF75EFFD4E90212891A94
:10235000461AB54213D82A463946A06823F084F9B4
:10236000A0682844A0602046FFF74DFFE1680844BC
:10237000A168884201D1E068A0602846D0E73246D3
:102380003946A06823F070F9E068A060AA1BB9196B
:102390002046FFF7BCFF3044C2E72A463946A06812
:1023A00023F062F9A0682844A0602846B8E72DE928
:1023B000F04107460C461546002614B9701EBDE8CC
:1023C000F0812A4621463846FFF7A1FF0646AE4275
:1023D00002D06FF00100F2E73046F0E713B5044693
:1023E00014B94FF0FF301CBD012201A92046FFF7B0
:1023F0008EFFF8E7F048806910F0020F08D0012046
:10240000EE490870EC48806940F00200EA498861B2
:102410007047EB48806910F0020F08D00120E949AD
:102420000870E748806940F00200E549886170471C
:1024300070B504460D4684B9042000F0B3F90420B9
:1024400000F0A4F9E048C06A4FF6F071884345F205
:1024500010510844DC49C86214E0052000F0A2F9DC
:10246000052000F093F9D848C06A20F0704040F091
:10247000A040D549C8620846006B20F0FF0040F03C
:1024800055000863A800CC494FF4803202FB0411C8
:102490008860012C06D140F20220C74902FB0411DA
:1024A000486007E040F20220C3494FF4803202FB4B
:1024B000041148600120C049020402FB0411886233
:1024C000BD48114601FB0400806840F00100BA4994
:1024D00002FB0411886070BD0021B74A4FF48033BD
:1024E00003FB0022516270470121B34A0B0403FB36
:1024F00000225162704770B5C2F30902AE4C4FF42E
:10250000803505FB0044A46944F00204AA4D4FF451
:10251000803606FB0055AC61A74C354605FB0044F0
:102520002262A54C05FB0044246944F00104A24D3D
:1025300006FB00552C6101249F4D06FB00556C6283
:10254000002310E000BF9C4C4FF4803505FB004495
:10255000A46914F0100FF6D1974C05FB00442478C1
:102560000C70491C5B1C9342ECD300BF924C4FF49F
:10257000803505FB0044A46914F0020FF6D08E4CA0
:1025800005FB0044A46944F002048B4D4FF48036EF
:1025900006FB0055AC61884C354605FB00442469B8
:1025A00024F00104844D06FB00552C6170BD70B50C
:1025B000C2F30902804C4FF4803505FB0044A46946
:1025C00044F002047C4D4FF4803606FB0055AC61AC
:1025D000794C354605FB00442262774C05FB0044EC
:1025E000E46844F00104744D06FB0055EC600124DE
:1025F000714D06FB00556C62002312E000BF6E4C6B
:102600004FF4803505FB0044A46914F0080FF6D19F
:102610000C78694D4FF4803606FB00552C70491C30
:102620005B1C9342EAD300BF634C4FF4803505FB3B
:102630000044A46914F0020FF6D05F4C05FB00447F
:10264000A46944F002045C4D4FF4803606FB00554B
:10265000AC61594C354605FB0044E46824F00104A4
:10266000554D06FB0055EC6070BDF0B50024524D91
:102670004FF4803606FB0055AD6945F002054E4E1D
:102680004FF4803707FB0066B5614B4D3E4606FBB5
:1026900000552B62484D06FB0055ED6845F00105DD
:1026A000454E07FB0066F560434D3E4606FB005570
:1026B0002D6945F00105404E07FB00663561012597
:1026C0003D4E07FB0066756222E09C4211D23A4DF6
:1026D0004FF4803606FB0055AD6915F0080F08D1A0
:1026E0000D78354E4FF4803707FB00663570491C76
:1026F000641C314D4FF4803606FB0055AD6915F072
:10270000100F05D12C4D06FB00552D781570521C6D
:10271000294D4FF4803606FB0055AD6915F0020FC8
:10272000D3D007E0244D4FF4803606FB00552D78BA
:102730001570521C204D4FF4803606FB0055AD69D4
:1027400015F0100FEED01C4D06FB0055AD6945F09D
:102750000205194E4FF4803707FB0066B561164D30
:102760003E4606FB0055ED6825F00105124E07FBBD
:102770000066F560104D3E4606FB00552D6925F0BC
:1027800001050D4E07FB00663561F0BD00F01F022C
:102790000121914042094FF0E02303EB8202C2F88D
:1027A0000011704700F01F0201219140074A4309C0
:1027B00042F8231070470000000006408A00002005
:1027C000000007408B0000200000064880E200E087
:1027D00010B500210846FFF72BFEF748C06A20F429
:1027E0004050F549C862F548006840F04000F349A0
:1027F00008600846C06840F04000C860EE48C06A03
:1028000020F0C000EC49C862EC48006840F00800C5
:10281000EA4908600846806840F008008860E64899
:10282000C06A20F44040E449C862E448006840F0CF
:102830008000E24908600846806840F080008860B7
:1028400010BD08B500BFDE4890F8400020B1DC485C
:1028500090F8400002280BD1D848C06840F008002A
:10286000D649C8600846806840F0800088600AE069
:10287000D248C06840F08000D049C86008468068EF
:1028800040F00800886000BF9020CE49087000200A
:1028900048708870C8700422FFF789FE02226946DA
:1028A0000020FFF728FE00BFC448806840F0080001
:1028B000C24988600846806840F08000886000BF98
:1028C0009DF801009DF8001040EA012008BD2DE9A7
:1028D000F04107460D46164600BFB94890F8400043
:1028E00020B1B74890F8400002280BD1B348C06827
:1028F00040F00800B149C8600846806840F0800098
:1029000088600AE0AD48C06840F08000AB49C8600C
:102910000846806840F00800886000BF0320A9498D
:102920000870280C4870280A8870CD700422002096
:10293000FFF73DFE4FEA1628002408E007EB0421CC
:102940004FF480720020FFF7D6FD601C84B244452E
:10295000F4D316F0FF0F05D0F2B207EB04210020EC
:10296000FFF7C9FD00BF9548806840F00800934913
:1029700088600846806840F08000886000BFBDE83D
:10298000F08110B500BF8E4890F8400020B18C480F
:1029900090F8400002280BD18848C06840F0080039
:1029A0008649C8600846806840F0800088600AE078
:1029B0008248C06840F080008049C860084680684E
:1029C00040F00800886000BF06207E4908700122A0
:1029D0000020FFF7ECFD00BF7848806840F0080059
:1029E000764988600846806840F08000886000BFB3
:1029F00010BD10B500BF724890F8400020B170487B
:102A000090F8400002280BD16C48C06840F00800E4
:102A10006A49C8600846806840F0800088600AE023
:102A20006648C06840F080006449C8600846806815
:102A300040F00800886000BF04206249087001224D
:102A40000020FFF7B4FD00BF5C48806840F008003C
:102A50005A4988600846806840F08000886000BF5E
:102A600010BD10B500BF564890F8400020B1544842
:102A700090F8400002280BD15048C06840F0080090
:102A80004E49C8600846806840F0800088600AE0CF
:102A90004A48C06840F080004849C86008468068DD
:102AA00040F00800886000BF0520464908700122F8
:102AB0000020FFF77CFD012242490020FFF71BFDAB
:102AC00000BF3E48806840F008003C4988600846E6
:102AD000806840F08000886000BF3A48007810BDF0
:102AE00010B54FF4FA7409E00120FEF7FFFCFFF780
:102AF000B8FF10F0010F01D1002010BD2000A4F19B
:102B000001018CB2F0D10120F7E710B5044624038F
:102B1000FFF737FFFFF7E4FF08B1012010BD00BF4A
:102B2000274890F8400020B1254890F8400002283E
:102B30000BD12248C06840F008002049C860084610
:102B4000806840F0800088600AE01C48C06840F05F
:102B500080001A49C8600846806840F00800886014
:102B600000BF202017490870200C4870200A887088
:102B7000CC7004220020FFF71AFD00BF0F488068C8
:102B800040F008000D4988600846806840F08000E9
:102B9000886000BFFFF7A4FF08B10120BEE7002056
:102BA000BCE710B504462404FFF7EBFEFFF798FFDF
:102BB00050B1012010BD00000000064800000A4886
:102BC0007E040020902E002000BFB84890F84000FE
:102BD00020B1B64890F8400002280BD1B448C06834
:102BE00040F00800B249C8600846806840F08000A4
:102BF00088600AE0AE48C06840F08000AC49C86018
:102C00000846806840F00800886000BFD820A949C5
:102C10000870200C4870200A8870CC7004220020B4
:102C2000FFF7C5FC00BFA248806840F00800A0493B
:102C300088600846806840F08000886000BFFFF729
:102C40004FFF08B10120B5E70020B3E710B5FFF74B
:102C500098FEFFF745FF08B1012010BD00BF934863
:102C600090F8400020B1914890F8400002280BD124
:102C70008F48C06840F008008D49C86008468068E9
:102C800040F0800088600AE08948C06840F0800019
:102C90008749C8600846806840F00800886000BF27
:102CA000C7208449087001220020FFF780FC00BF84
:102CB0007F48806840F008007D4988600846806849
:102CC00040F08000886000BFFFF70AFF08B10120D4
:102CD000C3E70020C1E770B505460C461646FFF76E
:102CE00050FE00BF714890F8400020B16F4890F846
:102CF000400002280BD16E48C06840F008006C49C3
:102D0000C8600846806840F0800088600AE0684833
:102D1000C06840F080006649C8600846806840F09E
:102D20000800886000BF022062490870200C4870CB
:102D3000200A8870CC7004220020FFF738FC32464D
:102D400029460020FFF733FC00BF5948806840F057
:102D50000800574988600846806840F08000886015
:102D600000BFFFF7BDFE08B1012070BD0020FCE7E9
:102D70002DE9F04107460E461446F0B2C0F58075C5
:102D8000AC4200DC254616E02A4631463846FFF7BD
:102D9000A2FF10B10120BDE8F081AC4200D10BE0F0
:102DA0002F442E44601B84B2B4F5807F02DD4FF4C3
:102DB000807500E02546E7E700BF0020EBE72DE93E
:102DC000F05F814688461646DFF8ECB04FEA1837C8
:102DD000C8F30B0ACAF58054A64200DC344661E011
:102DE00039034FF480525846FFF771FD002508E083
:102DF0000AEB05001BF80000FF2800D003E0681C68
:102E000085B2A542F4DB00BFA5422ADA3846FFF7B7
:102E10007CFE40B1FFF7DCFC3846FFF776FE10B1D0
:102E20000120BDE8F09F002507E019F8050005EB3B
:102E30000A010BF80100681C85B2A542F5DB3903D5
:102E40004FF480525846FFF793FFD0B1FFF7C0FC14
:102E500039034FF480525846FFF78AFF88B10120AA
:102E6000DFE7224641464846FFF782FF48B1FFF7B9
:102E7000AFFC224641464846FFF77AFF08B10120E1
:102E8000CFE7A64200D10EE07F1C4FF0000AA1441C
:102E9000A044301B86B2B6F5805F02DD4FF480544B
:102EA00000E034469CE700BF0020BAE77E04002023
:102EB00000000A48902E0020A02E00202DE9F047A7
:102EC00004464FF00008F54800680078F44908709F
:102ED000F4480078F4490870F448007800283ED09F
:102EE000F3A0FDF77EFEFDF76BFDF4A0FDF779FE84
:102EF000FDF766FD00BFEB4807782BE008F1010005
:102F0000F8490978884202D14FF0060901E04FF0F4
:102F1000040907EB470000EB0710E04B1B6803EBCD
:102F20008000401CC4EB041300EB430208EBC80014
:102F30003C2303EB80014B46A020FEF7EBF88246D2
:102F4000FDF74FFEFDF73CFD08F1010000F0FF0822
:102F5000781CC7B2E44800788742CFDB7FE0E348C3
:102F60000078401EC5B2CF480078284400EB4003EB
:102F700003EB0010C94B1B6803EB8000401CC4EB43
:102F8000041300EB430205EBC5003C2303EB800177
:102F90000023A020FEF7BEF88246FDF722FEFDF7D3
:102FA0000FFDC0480078284400EB400303EB0010FD
:102FB000BA4B1B6803EB8000401CC4EB041300EB0E
:102FC000430205EBC5003C2303EB80010423A02052
:102FD000FEF7A0F88246FDF704FEFDF7F1FCC148BC
:102FE0000078401EC6B2AF480078304400EB400382
:102FF00003EB0010A94B1B6803EB8000401CC4EBE3
:10300000041300EB430206EBC6003C2303EB8001F4
:103010000023A020FEF77EF88246FDF7E2FDFDF7D3
:10302000CFFCA0480078304400EB400303EB0010D5
:103030009A4B1B6803EB8000401CC4EB041300EBAD
:10304000430206EBC6003C2303EB80010623A020CD
:10305000FEF760F88246FDF7C4FDFDF7B1FC0020E5
:10306000A34908709F480078A0490870BDE8F08720
:1030700010B553E00024FEF709FA0446B4F5600FDA
:1030800028D19C48007800EB400101EB00108349F7
:10309000096801EB800090F84800062818D2DFE8A4
:1030A00000F00603090C1014FEF705FE11E0FEF710
:1030B000AAFE0EE0FEF760FE0BE00020FEF780FEA9
:1030C00007E00120FEF77CFE03E0FEF781FE00E052
:1030D00000BF23E0B4F5500F20D186480078714935
:1030E000087084480078401D7F49087008460078C1
:1030F0006B490978884210DD694800787A49087080
:1031000067480078052805DB65480078401F654959
:10311000087002E000206349087000E0AAE700BFE1
:1031200010BD05E00024FEF7B1F9044604B100E04B
:10313000F8E700BF4FF49670FEF7D8F96E4857498C
:10314000086000206B4908705649087053480068B1
:1031500000785349087008460078052190FBF1F08B
:1031600018B105206049087003E04D4800785E49B9
:10317000087001204D4908705A49087000F0DFF9C5
:1031800005462846FFF79AFE9BE10024FEF77EF9EC
:103190000446B4F5E00F75D0B4F5300F73D0B4F534
:1031A000500F43D0B4F5600F6ED101205049087024
:1031B0005048007800EB400101EB001037490968E6
:1031C00001EB8000006C4D49884202D1FFF750FFAF
:1031D0002BE04848007800EB400101EB00102F493C
:1031E000096801EB8000006C444988421DD04148C9
:1031F0000078434908702B480078424908703A48E3
:103200000078414908703B48007800EB400101EB31
:1032100000102249096801EB8000006C1F4908601A
:103220000020344908701F4908708DE001203049A2
:1032300008701A480068406C3049884225D0174809
:103240000068406C2C4988420AD114480068406CE0
:1032500012490860002027490870124908701CE0D4
:103260000E480068406C0D490860254800782149E7
:103270000870244800780B490870234800781A49E0
:1032800008700AE050E041E05DE004480068406CEE
:103290001A49884201D100F077F955E0A8020020D0
:1032A000B0020020AC020020AF020020B7020020D4
:1032B000434C522830293B0D0A000000444332346D
:1032C000283131342C34302C27506C6561736520E3
:1032D00073656C6563742074797065272C313529AA
:1032E0003B0D0A00B1020020AD020020B302002015
:1032F000B2020020AE0200208C000020A03E002080
:10330000B4020020B5020020B60200206D4800780B
:10331000401E6C49087008460078FF2803D16A48AF
:103320000078401E08700FE066480078401C654930
:1033300008700846007864490978884202D1002064
:103340006049087000E000BF00BF5E48007850BBD5
:103350005E48007838BB5E480078022806D15D4898
:10336000007818B900205C49087002E001205A4931
:103370000870002055490870584800680078524984
:10338000087008460078052190FBF1F018B105207F
:103390005349087003E04C480078514908700120F7
:1033A000504908707EE047480078484909788842CB
:1033B00011DB444800784A49097888420BDA00203A
:1033C000454908703F48007840490978401A401C38
:1033D0004449087066E03B4800783C4909788842D7
:1033E00031DA01203C4908703648007806281CDC98
:1033F0003448007818B901203A49087003E033488E
:103400000078384908700020304908702E4800784C
:10341000052190FBF1F018B105203149087041E019
:10342000294800782E4908703CE028480078801F21
:103430002649087008460078801D29490870062032
:10344000284908702EE01F480078254909788842ED
:1034500028DB0120204908701B48007819490978A9
:10346000401A052811DA17480078C01D1649097856
:10347000401A1C49087014480078801F13490870CE
:1034800011480078164908700CE010480078801D3B
:103490000E49087008460078801D11490870012007
:1034A000104908700B480078012801D10A490870BA
:1034B00000F045F805462846FFF700FD6420FEF7BA
:1034C00015F862E6AE020020B0020020AC02002037
:1034D000B3020020B2020020B7020020A8020020A0
:1034E000AD020020B102002010B5ADF5007D04460C
:1034F0006A464FF400717648FDF737FC8DF81040AE
:103500006A464FF400717248FDF747FC704810306E
:103510000078704908700DF5007D10BD10B56C483D
:10352000103000786B4908700846007830B10846C2
:103530000078012802D00120FFF7D6FF10BD6548B2
:103540000078704710B5FDF774FF624800780128D5
:1035500006D161A0FDF765FF67A0FDF762FF08E0F7
:103560005C48007828B96EA0FDF75BFF76A0FDF7F8
:1035700058FF10BD10B5FDF75CFF7DA0FDF751FFB2
:1035800085A0FDF74EFF10BD70B50A20FDF7AEFF18
:10359000FDF74FFF4F48007801282DD187A0FDF798
:1035A00040FF8EA0FDF73DFFFEF77EFC064604239C
:1035B00032465221D220FDF7ADFD0546FDF731FF21
:1035C0008DA0FDF72EFF042393A28621D220FDF7C4
:1035D000A1FD0546FDF725FF91A0FDF722FF04237D
:1035E000974ABA21D220FDF795FD0546FDF719FF50
:1035F00094A0FDF716FF2CE09CA0FDF712FFA2A0FF
:10360000FDF70FFFFEF750FC064604233246522119
:10361000D220FDF77FFD0546FDF703FFA1A0FDF7D2
:1036200000FF04237CA28621D220FDF773FD05460E
:10363000FDF7F7FEA3A0FDF7F4FE0423804ABA21AC
:10364000D220FDF767FD0546FDF7EBFEA5A0FDF7CF
:10365000E8FE07E00024FDF719FF0446B4F5600F0B
:1036600000D100E0F6E700BF70BD10B5FDF7E1FE48
:1036700018480078012809D1A4A0FDF7D2FEAEA019
:10368000FDF7CFFEB6A0FDF7CCFE08E0BEA0FDF72B
:10369000C8FEC7A0FDF7C5FECEA0FDF7C2FE10BD57
:1036A00010B5FDF7C6FE0B48007801280CD1D3A059
:1036B000FDF7B7FEDAA0FDF7B4FEE4A0FDF7B1FE1A
:1036C000EFA0FDF7AEFE0AE2F7A0FDF7AAFEFDE1CE
:1036D00000FE0200B802002044433234283139325F
:1036E0002C39372C27C9E8D6C3B3C9B9A6272C3241
:1036F000293B0D0A0000000044433234283135369E
:103700002C3135312C272D202243616E63656C22CC
:10371000B7B5BBD8202D272C34293B0D0A0000005B
:1037200044433234283135362C39372C27536574CD
:10373000205375636365737366756C6C79272C32DF
:10374000293B0D0A0000000044433234283135364D
:103750002C3135312C272D202243616E63656C227C
:1037600052657475726E202D272C34293B0D0A008A
:1037700044433234283135302C3132342C27C9E8D7
:10378000B1B8B3F5CABCBBAFD6D02E2E2E272C3283
:10379000293B0D0A000000004443323428313536FD
:1037A0002C3136342C2764657669636520696E692F
:1037B000742E2E2E272C32293B0D0A00444333321F
:1037C000283134302C31302C27486F6D6520506102
:1037D0006765272C32293B0D0A0000004443323430
:1037E0002839302C38322C274465766963653A27AE
:1037F0002C34293B0D0A0000444332342839302C44
:103800003133342C274465766963655665723A27EF
:103810002C34293B0D0A000056315F3100000000B6
:10382000444332342839302C3138362C27466972DB
:103830006D776172653A272C34293B0D0A00000030
:10384000DB04002044433234283136302C3232300D
:103850002C272D2022456E746572224E65787420C7
:103860002D272C34293B0D0A00000000444333323D
:10387000283230342C31302C27D6F7D2B3272C32D3
:10388000293B0D0A00000000444332342839302C13
:1038900038322C27C9E8B1B8C3FB3A272C34293B6E
:1038A0000D0A0000444332342839302C3133342C93
:1038B00027C9E8B1B8B0E6B1BE3A272C34293B0D90
:1038C0000A000000444332342839302C3138362C79
:1038D00027B9CCBCFEB0E6B1BE3A272C34293B0D4B
:1038E0000A00000044433234283135302C32323063
:1038F0002C272D2022456E746572224E6578742027
:103900002D272C34293B0D0A00000000444332349B
:10391000283132362C38382C27506C65617365207D
:10392000636865636B206E6574776F726B272C31EB
:10393000293B0D0A0000000044433234283134345E
:103940002C3133362C27616E64206E6574776F726C
:103950006B206361626C65272C31293B0D0A0000E6
:1039600044433234283135302C3138342C272D2043
:103970002243616E63656C2252657475726E202DF0
:10398000272C34293B0D0A00444332342831343487
:103990002C38382C27C7EBBCECB2E9CDF8CFDFCA06
:1039A000C7B7F1C1ACBDD3272C31293B0D0A0000AC
:1039B00044433234283136382C3133362C27B2A2E6
:1039C000BCECB2E9CDF8C2E7D7B4CCAC272C312996
:1039D0003B0D0A0044433234283135302C31383421
:1039E0002C272D202243616E63656C22B7B5BBD8AE
:1039F000202D272C34293B0D0A000000444332348B
:103A0000283135362C39342C274465766963652096
:103A100041626E6F726D616C272C31293B0D0A007B
:103A200044433234283133322C3133382C27506C14
:103A30006561736520466163746F727920526573A6
:103A40006574272C31293B0D0A00000044433234B1
:103A5000283130322C3138322C27416E6420446FAB
:103A6000776E6C6F6164204669726D776172652054
:103A7000416761696E272C31293B0D0A0000000067
:103A800044433234283135302C3232362C272D2025
:103A90002243616E63656C2252657475726E202DCF
:103AA000272C34293B0D0A00444332342831363860
:103AB0002C39342C27C9E8B1B8D7B4CCACD2ECB38C
:103AC000A3272C31293B0D0A000000008FA0FDF731
:103AD000A8FC97A0FDF7A5FC9EA0FDF7A2FC10BDD9
:103AE0007FB5044600200090019002900390FDF7FE
:103AF000A0FC2246A1A1684621F006FAA34800785E
:103B000001280CD1A2A0FDF78CFC01236A469D215F
:103B10009620FDF7FFFA0546FDF783FC0BE0A6A013
:103B2000FDF77FFC01236A469D219620FDF7F2FAFE
:103B30000546FDF776FC7FBD7FB50446002000906A
:103B4000019002900390FDF774FC22468BA1684619
:103B500021F0DAF98D48007801280CD1A0A0FDF7FA
:103B600060FC01236A469D219620FDF7D3FA0546A5
:103B7000FDF757FC0BE0A5A0FDF753FC01236A46B7
:103B80009D219620FDF7C6FA0546FDF74AFC7FBD4C
:103B90007FB5044600200090019002900390FDF74D
:103BA00048FC224675A1684621F0AEF977480078B6
:103BB00001280CD19EA0FDF734FC01236A469D210B
:103BC0009620FDF7A7FA0546FDF72BFC0BE0A2A017
:103BD000FDF727FC01236A469D219620FDF79AFAFE
:103BE0000546FDF71EFC7FBD10B588B000240CE033
:103BF00004F11E02A1A1684621F086F96846FDF78E
:103C000010FC0A20FDF772FC641D192CF0DB5F48E4
:103C10000078012803D1A1A0FDF703FC02E0A5A0D4
:103C2000FDF7FFFB08B010BD30B589B0A8A0FDF7C7
:103C3000F8FBAAA0FDF7F5FBABA0FDF7F2FBB0A0E7
:103C4000FDF7EFFBB4A0FDF7ECFBB9A0FDF7E9FB36
:103C5000BDA0FDF7E6FBC2A0FDF7E3FBC6A0FDF7A4
:103C6000E0FBCCA0FDF7DDFBD0A0FDF7DAFB1E24C6
:103C700010E0A4F11E0000EB800505EBD5704010AC
:103C800000F13102D0A101A821F03EF901A8FDF711
:103C9000C8FBE41C5A2CECDB232410E0A4F119002F
:103CA00000EB800505EBD570401000F18602CAA13B
:103CB00001A821F029F901A8FDF7B3FBE41C6E2C43
:103CC000ECDBC9A0FDF7ADFBCCA0FDF7AAFBD0A0B3
:103CD000FDF7A7FBD3A0FDF7A4FBD7A0FDF7A1FB41
:103CE000DBA0FDF79EFBE0A0FDF79BFBE4A0FDF74A
:103CF00098FBE9A0FDF795FBEEA0FDF792FBF4A081
:103D0000FDF78FFBF9A0FDF78CFBFDE14443323456
:103D1000283135362C3133382C27C7EBBBD6B8B415
:103D2000B3F6B3A7C9E8D6C3272C31293B0D0A0047
:103D300044433234283135362C3138322C27B2A264
:103D4000D6D8D0C2CFC2D4D8B9CCBCFE272C31290A
:103D50003B0D0A0044433234283135302C323236A0
:103D60002C272D202243616E63656C22B7B5BBD82A
:103D7000202D272C34293B0D0A0000004572726F5C
:103D80007220436F6465202564000000B8020020A3
:103D900044433234283134342C3131352C274765B3
:103DA00074204669726D7761726520457272272CA6
:103DB00031293B0D0A0000004443323428313536A6
:103DC0002C3131352C27BBF1C8A1B9CCBCFED0C5F4
:103DD000CFA2CAA7B0DC272C31293B0D0A00000076
:103DE00044433234283133322C3131352C27446F5F
:103DF000776E6C6F6164204669726D7761726520C1
:103E0000457272272C31293B0D0A0000444332349D
:103E1000283139322C3131352C27CFC2D4D8B9CC06
:103E2000BCFECAA7B0DC272C31293B0D0A000000DC
:103E300044433234283134342C3131352C27566503
:103E4000726966204669726D77617265204572728B
:103E5000272C31293B0D0A004443323428313932B2
:103E60002C3131352C27D1E9D6A4B9CCBCFECAA758
:103E7000B0DC272C31293B0D0A00000053424328B7
:103E800030293B44433234283331302C25642C27ED
:103E9000A1FD272C32293B0D0A0000004443323497
:103EA000283335342C32302C274E6574272C322998
:103EB0003B0D0A0044433234283333342C32302C47
:103EC00027CDF8BFDA272C32293B0D0A000000006D
:103ED000434C522830293B0D0A0000004449522827
:103EE00031293B0D0A000000504C283135392C3463
:103EF000392C3334362C34392C32293B0D0A00004E
:103F0000504C283133342C37342C3332312C373465
:103F10002C32293B0D0A0000504C283135392C3405
:103F2000392C3133342C37342C32293B0D0A000024
:103F3000504C283334362C34392C3332312C37342E
:103F40002C32293B0D0A0000504C283133342C37D9
:103F5000342C3133342C3232342C32293B0D0A00CC
:103F6000504C283332312C37342C3332312C32320E
:103F7000342C32293B0D0A00504C283133342C327A
:103F800032342C3332312C3232342C32293B0D0A6C
:103F900000000000504C283334362C34392C333494
:103FA000362C3139392C32293B0D0A00504C28333C
:103FB00032312C3232342C3334362C3139392C32E4
:103FC000293B0D0A000000005053283135392C25BB
:103FD000642C32293B0D0A0050532825642C3139BA
:103FE000392C32293B0D0A005053283133392C32F9
:103FF00031392C32293B0D0A000000005053283182
:1040000034342C3231342C32293B0D0A00000000AC
:104010005053283134392C3230392C32293B0D0A97
:10402000000000005053283135342C3230342C320B
:10403000293B0D0A00000000504C283334362C3741
:10404000342C3332312C39392C34293B0D0A000001
:10405000504C283334362C39392C3332312C313210
:10406000342C34293B0D0A00504C283334362C377D
:10407000342C3334362C39392C34293B0D0A0000CA
:10408000504C283332312C39392C3332312C3132E7
:10409000342C34293B0D0A00504C283334362C3153
:1040A00034392C3332312C3137342C34293B0D0A3E
:1040B00000000000504C283334362C3137342C3378
:1040C00032312C3139392C34293B0D0A00000000E3
:1040D000504C283334362C3134392C3334362C318F
:1040E00037342C34293B0D0A00000000504C283393
:1040F00032312C3137342C3332312C3139392C34A4
:10410000293B0D0A000000005CA0FDF78AF961A0C0
:10411000FDF787F965A0FDF784F96AA0FDF781F93D
:104120006EA0FDF77EF973A0FDF77BF977A0FDF790
:1041300078F97CA0FDF775F980A0FDF772F985A0EC
:10414000FDF76FF989A0FDF76CF98EA0FDF769F90D
:1041500009B030BD10B5FFF767FDFFF745FD8F488B
:104160000078012803D18EA0FDF75BF902E095A04D
:10417000FDF757F910BD10B50446FDF75AF9874809
:104180000078012810D134B997A0FDF74AF99EA014
:10419000FDF747F904E0012C02D1A4A0FDF741F995
:1041A000ACA0FDF73EF90CE01CB9B4A0FDF739F95D
:1041B00004E0012C02D1B9A0FDF733F9BFA0FDF74F
:1041C00030F910BD10B50446FDF733F97348007897
:1041D000012814D1192C03D1C2A0FDF722F90AE05D
:1041E0001A2C03D1C8A0FDF71CF904E01B2C02D146
:1041F000CDA0FDF716F9D5A0FDF713F913E0192CA2
:1042000003D1DCA0FDF70DF90AE01A2C03D1E2A0DE
:10421000FDF707F904E01B2C02D1E7A0FDF701F937
:10422000EDA0FDF7FEF810BD7FB50446002000901C
:10423000019002900390FDF7FCF82246AFF2C441D2
:10424000684620F061FE55480078012815D11D2CE4
:1042500003D1EBA0FDF7E5F80BE0F4A0FDF7E1F8E2
:1042600001236A469621C220FCF754FF0546FDF75C
:10427000D8F8F8A0FDF7D5F815E2FFE1504C283347
:1042800032362C34392C3330312C37342C34293B12
:104290000D0A0000504C283330312C34392C323781
:1042A000362C37342C34293B0D0A0000504C28336F
:1042B00032362C34392C3330312C34392C34293BE0
:1042C0000D0A0000504C283237362C37342C33304E
:1042D000312C34392C34293B0D0A0000504C283144
:1042E00039362C34392C3137312C37342C34293BA6
:1042F0000D0A0000504C283137312C34392C313420
:10430000362C37342C34293B0D0A0000504C283110
:1043100039362C34392C3137312C34392C34293B73
:104320000D0A0000504C283134362C37342C3137EC
:10433000312C34392C34293B0D0A0000504C2832E2
:1043400035312C34392C3232362C37342C34293B4D
:104350000D0A0000504C283232362C34392C3230C1
:10436000312C37342C34293B0D0A0000504C2832B4
:1043700035312C34392C3232362C34392C34293B1B
:104380000D0A0000504C283230312C37342C323298
:10439000362C34392C34293B0D0A0000B802002099
:1043A00044433234283136382C3132342C27436F91
:1043B0006E6E656374696E672E2E2E272C32293B34
:1043C0000D0A000044433234283137342C31323462
:1043D0002C27D5FDD4DAC1ACBDD32E2E2E272C32FE
:1043E000293B0D0A000000004443323428313932A1
:1043F0002C39372C27446F776E6C6F6164272C3211
:10440000293B0D0A00000000444332342831373480
:104410002C3134312C275375636365737366756C67
:104420006C79272C32293B0D0A00000044433234BA
:10443000283135362C3131392C275365742053758A
:10444000636365737366756C6C79272C32293B0D39
:104450000A00000044433234283135302C313833DF
:104460002C272D202243616E63656C225265747582
:10447000726E202D272C34293B0D0A004443323420
:10448000283139322C3131392C27CFC2D4D8B3C995
:10449000B9A6272C32293B0D0A00000044433234D0
:1044A000283139322C3131392C27C9E8D6C3B3C968
:1044B000B9A6272C32293B0D0A00000044433234B0
:1044C000283135302C3138332C272D202243616E92
:1044D00063656C22B7B5BBD8202D272C34293B0D42
:1044E0000A00000044433234283136322C31323451
:1044F0002C274669726D7761726520456D707479FD
:10450000272C31293B0D0A004443323428313632FE
:104510002C3132342C274A756D70204572726F72BF
:10452000272C31293B0D0A004443323428313632DE
:104530002C3132342C275772697465204572726FA2
:1045400072272C31293B0D0A00000000444332340D
:10455000283135302C3135342C272D202243616E03
:1045600063656C2252657475726E202D272C342978
:104570003B0D0A0044433234283138302C31323478
:104580002C27CEB4BCECB2E2B5BDB9CCBCFE272C16
:1045900031293B0D0A0000004443323428313932BE
:1045A0002C3132342C27CCF8D7AACAA7B0DC272C60
:1045B00031293B0D0A00000044433234283139329E
:1045C0002C3132342C27D0B4C8EBCAA7B0DC272C4E
:1045D00031293B0D0A000000444332342831353084
:1045E0002C3135342C272D202243616E63656C22DB
:1045F000B7B5BBD8202D272C34293B0D0A0000006D
:1046000044433234283136382C3132342C2755701B
:104610006461746520436F756E74205375636365C0
:104620007373272C32293B0D0A00000044433234B7
:10463000283136382C3132342C275570646174653A
:1046400020436F756E7420457272272C31293B0D03
:104650000A00000044433234283136382C313534D6
:104660002C272D202243616E63656C225265747580
:10467000726E202D272C34293B0D0A001D2C03D1EE
:104680004FA0FCF7CEFE0BE056A0FCF7CAFE0123BC
:104690006A469621C220FCF73DFD0546FCF7C1FEA7
:1046A00059A0FCF7BEFE7FBD70B50446FCF7C1FE05
:1046B0005F480078012816D11CB95EA0FCF7B1FE56
:1046C0000AE0012C03D165A0FCF7ABFE04E0022C4C
:1046D00002D16CA0FCF7A5FE72A0FCF7A2FE7BA0A5
:1046E000FCF79FFE15E01CB982A0FCF79AFE0AE0D9
:1046F000012C03D189A0FCF794FE04E0022C02D126
:1047000090A0FCF78EFE99A0FCF78BFEA1A0FCF711
:1047100088FE0AE00025FCF7B9FE0546B5F5600FF6
:1047200002D0B5F5500F00D100E0F3E700BF2846F6
:1047300070BD10B50446FCF77CFE3D4800780128AA
:1047400010D11CB99DA0FCF76CFE1BE0012C03D11D
:10475000A3A0FCF766FE15E0022C13D1A8A0FCF77D
:1047600060FE0FE01CB9AEA0FCF75BFE0AE0012C76
:1047700003D1B3A0FCF755FE04E0022C02D1B8A08F
:10478000FCF74FFEBDA0FCF74CFE10BD70B588B025
:1047900004460D462021684621F054F84FF48C70F1
:1047A0006843B0FBF4F000F164063246BAA16846F3
:1047B00020F0AAFB6846FCF734FE08B070BD00008C
:1047C00044433234283136382C3132342C27B8FC6B
:1047D000D0C2B5E3CAFDB3C9B9A6272C32293B0D17
:1047E0000A00000044433234283136382C31323448
:1047F0002C27B8FCD0C2B5E3CAFDCAA7B0DC272C71
:1048000031293B0D0A00000044433234283134384A
:104810002C3138342C272D202243616E63656C22A5
:10482000B7B5BBD8202D272C34293B0D0A0000003A
:10483000B802002044433234283134342C38382C28
:1048400027446F776E6C6F6164204669726D776183
:104850007265272C32293B0D0A0000004443323494
:10486000283134342C38382C27526573746F7265B4
:1048700020466163746F7279203F272C32293B0DEB
:104880000A00000044433234283134342C38382CA8
:10489000274A554D5020415050203F272C32293B6C
:1048A0000D0A000044433234283134342C31333281
:1048B0002C272D2022456E746572224E6578742057
:1048C0002D272C34293B0D0A0000000044433234CC
:1048D000283134342C3136362C272D202243616E7A
:1048E00063656C2252657475726E202D272C3429F5
:1048F0003B0D0A0044433234283134342C38382CF0
:1049000027D0C2B9CCBCFEB0FCA3ACCAC7B7F1CFAC
:10491000C2D4D8272C32293B0D0A0000444332343C
:10492000283134342C38382C27CAC7B7F1BBD6B855
:10493000B4B3F6B3A7C9E8D6C3272C32293B0D0A76
:104940000000000044433234283134342C38382CF1
:1049500027CAC7B7F1BDF8C8EBD3A6D3C3B3CCD031
:10496000F2272C32293B0D0A000000004443323468
:10497000283134342C3133322C272D2022456E74CB
:10498000657222BCCCD0F8202D272C34293B0D0A8F
:104990000000000044433234283134342C313636A0
:1049A0002C272D202243616E63656C22B7B5BBD8DE
:1049B000202D272C34293B0D0A00000044433234BB
:1049C000283136362C39382C27446F776E6C6F615E
:1049D00064696E672E2E2E272C35293B0D0A0000A8
:1049E00044433234283136362C39382C27557064FC
:1049F0006174696E672E2E2E272C35293B0D0A0017
:104A000044433234283136362C39382C27576174D8
:104A10006974696E672E2E2E272C35293B0D0A00EE
:104A200044433234283136362C39382C27CFC2D47F
:104A3000D8D6D02E2E2E272C35293B0D0A0000006B
:104A400044433234283136362C39382C27D0A3D180
:104A5000E9D6D02E2E2E272C35293B0D0A0000003A
:104A600044433234283136362C39382C27B5C8B473
:104A7000FD2E2E2E272C35293B0D0A00424F58289B
:104A80003130302C3136302C3338302C3138302C1A
:104A90003136293B0D0A0000424F5846283130304C
:104AA0002C3136302C25642C3138302C35293B0DF7
:104AB0000A00000010B5044600BF082C02DD4FF0CC
:104AC000FF3010BD00BFA100491C4FF4807202EB03
:104AD000C100102100F0E3FF00BFA100491C4FF40A
:104AE000807202EBC10000F0B7FF0028F5D1A100F1
:104AF000491C4FF4007202EBC1001F2100F0CFFFF0
:104B00000120A040FB4909888143FA480180002028
:104B1000F94921F81400F949085500BFA100491CC2
:104B20004FF4407202EBC10000F096FF0028F5D16F
:104B30000120C6E72DE9F04104460E4617461D4602
:104B400000BF082C03DD4FF0FF30BDE8F08100BF4F
:104B5000012E04D0022E03D0042E03D101E000BFA9
:104B600000BF02E06FF00400EFE700BF15F0060F92
:104B700002D06FF00500E8E705B3012E02D0022E47
:104B80001AD106E015F0210F02D16FF00500DCE725
:104B900013E015F0200F05D015F0800F02D16FF053
:104BA0000500D2E715F0100F05D015F0800F02D1E7
:104BB0006FF00500C9E700E000BF00BF2046FFF727
:104BC00079FF05F0F00242EA0601A200521C002320
:104BD00003EBC20000F063FF7FB9C9480788008873
:104BE000401CC749088008460088A0F57F41F0397D
:104BF00003D14FF44040C24908803912A200521C30
:104C00004FF4806303EBC20000F049FFA100491C90
:104C10004FF4806202EBC10101F58070F9B200F03F
:104C20003EFFA100491C4FF4807202EBC10001213C
:104C300000F035FF00BFA100491C4FF4807202EB69
:104C4000C10000F009FF0028F5D105F00100A040E7
:104C5000AC4909880843AB4908800120A040A54918
:104C600009888143A34801800020A34921F814004A
:104C7000A249085500BFA100491C4FF4407202EB45
:104C8000C10000F0E9FE0028F5D060B25DE710B584
:104C9000044600BF082C02DD4FF0FF3010BD00BFFE
:104CA00000BFA100491C002202EBC10000F0D4FEAD
:104CB00000F00F00012802D06FF00400EEE700BF03
:104CC00000BFA100491C4FF4407202EBC10000F08C
:104CD000C3FE132802D06FF00200DFE700BFA1007F
:104CE000491C4FF4807202EBC100022100F0D7FE94
:104CF00000BFA100491C4FF4807202EBC10000F01C
:104D0000ABFE0028F5D10EE0A100491C4FF48072E3
:104D100002EBC10000F0A0FE28B92046FFF7CAFE52
:104D20006FF00300BAE7A100491C4FF4407202EB98
:104D3000C10000F091FE1428E6D10120AEE770B565
:104D400004460D46164600BF082C02DD4FF0FF302A
:104D500070BD00BF00BFA100491C002202EBC100D2
:104D600000F07AFE00F00F00012802D06FF004007E
:104D7000EEE700BF00BFA100491C4FF4407202EBF8
:104D8000C10000F069FE132802D06FF00200DFE7D7
:104D900000BF2978687861F31F200146A87861F385
:104DA0001F200146287861F31F200146481C00D0CF
:104DB00011B96FF00B00CBE716B96FF00A00C7E727
:104DC000A100491C4FF4406202EBC10004222946B5
:104DD00000F0B6FE3112A200521C4FF4805303EBD8
:104DE000C20000F05CFEA100491C4FF4805202EBAF
:104DF000C10101F58070F1B200F051FEA100491C23
:104E00004FF4807202EBC100042100F048FE00BFA5
:104E1000A100491C4FF4807202EBC10000F01CFE9F
:104E20000028F5D10120A04036490988084201D068
:104E300000208DE716E0A100491C4FF4007202EB40
:104E4000C10000F009FE10F0080F0BD0A100491CB2
:104E50004FF4007202EBC100082100F020FE6FF059
:104E60000C0075E7A100491C4FF4407202EBC10031
:104E700000F0F2FD1728DED1012069E710B50446E5
:104E800000BF082C02DD4FF0FF3010BD00BF00BF97
:104E9000A100491C002202EBC10000F0DDFD00F082
:104EA0000F00012802D06FF00400EEE700BFA10060
:104EB000491C4FF4807202EBC100082100F0EFFDA5
:104EC00000BFA100491C4FF4807202EBC10000F04A
:104ED000C3FD0028F5D10120A0400649098881437F
:104EE000044801800120A0400649098808420BD0EF
:104EF0000020CAE7BE020020EC3E0020C0020020D5
:104F0000BA020020BC02002010E0A100491C4FF4AE
:104F1000007202EBC10000F09FFD10F0080F05D0F9
:104F20002046FFF7C7FD6FF00C00AEE7A100491C5B
:104F30004FF4407202EBC10000F08EFD0028E4D176
:104F40000120A2E72DE9F0410446884615460026D7
:104F5000002700BF082C02DD701EBDE8F08100BFF5
:104F600000BFA100491C002202EBC10000F074FD4B
:104F700000F00F00012802D06FF00400EDE700BF41
:104F800000BF15B96FF00D00E7E700BFA100491C95
:104F90004FF4407202EBC10000F05EFD0646172E92
:104FA00004D01C2E02D06FF00600D6E70120A040EE
:104FB000F7490988084228D0A100491C4FF4007223
:104FC00002EBC10000F048FD00F01F0616F0100FC4
:104FD00010D0A100491C4FF4007202EBC100102157
:104FE00000F05DFD0120A040E94909888143E848BF
:104FF00001800AE016F0080F05D02046FFF75AFDA1
:105000006FF00C00A9E70020A7E7A100491C4FF4AE
:10501000F85202EBC10000F01FFD8006070CBD42F4
:1050200000DD3D4623E0204600F0B8FD0746A10024
:10503000491C4FF4407202EBC10000F00DFD064622
:10504000172E07D01C2E05D02046FFF733FD6FF03A
:10505000060082E70120A040CE490988084203D01B
:10506000BD4201DD002078E7BD4200DC00E0DAE768
:1050700000BF2A464146204600F0FCFDA100491C25
:105080004FF4807202EBC100202100F008FD00BF48
:10509000A100491C4FF4807202EBC10000F0DCFC5F
:1050A0000028F5D10120A040B94909880843B84932
:1050B0000880284651E72DE9F04704468846164601
:1050C0000027002500BF082C02DD681EBDE8F08720
:1050D00000BF00BFA100491C002202EBC10000F08C
:1050E000BBFC00F00F00012802D06FF00400EDE7D8
:1050F00000BF00BF16B96FF00D00E7E700BFA100C9
:10510000491C4FF4F05202EBC10000F0A5FC8006F0
:10511000050CB54200DA2E4638E0204600F074FD5A
:105120000546A100491C4FF4407202EBC10000F09B
:1051300093FC0746172F1ED01C2F16D105B126E071
:10514000204600F02BFD8146A100491C4FF4F85287
:1051500002EBC10000F080FCB9EB802F0BD12046A0
:10516000FFF7A8FC6FF00600B0E72046FFF7A2FCAF
:105170006FF00600AAE70120A0408649098808428E
:1051800002D00DB90020A1E705B100E0C5E700BFDE
:10519000B54200DA2E4632464146204600F0ACFDCC
:1051A000A100491C4FF4807202EBC100402100F0C5
:1051B00076FC00BFA100491C4FF4807202EBC100D5
:1051C00000F04AFC0028F5D130467FE72DE9F04792
:1051D00004468A4616461D46DDF820900027B8464C
:1051E00000BF082C02DD781EBDE8F08700BFA100DB
:1051F000491C002202EBC10000F02EFC00F00F0061
:10520000022802D0042802D100E000BF02E06FF0C3
:105210000400E9E700BF00BF16B96FF00D00E3E737
:1052200000BF2878697860F31F210846A97860F3E9
:105230001F210846E97860F31F210846286810B945
:105240006FF00B00D0E7B9F1000F02D16FF00A0048
:10525000CAE7A100491C4FF4407202EBC10000F004
:10526000FBFB0746422F04D0222F02D06FF006002E
:10527000BAE7A100491C4FF4406202EBC1000422CE
:10528000294600F05DFC4FEA2921A200521C4FF490
:10529000805303EBC20000F002FCA100491C4FF454
:1052A000805202EBC10101F5807009F0FF0100F0AE
:1052B000F6FBA100491C4FF4F85202EBC10000F0CC
:1052C000CBFB80064FEA1048464500DD46461CE011
:1052D000204600F063FC8046A100491C4FF4407258
:1052E00002EBC10000F0B8FB10B96FF003007BE7E0
:1052F0000120A04027490988084203D0464501DD26
:10530000002071E7464500DC00E0E1E700BF3246DF
:105310005146204600F0AEFCA100491C4FF48072BB
:1053200002EBC100202100F0BAFB00BFA100491C24
:105330004FF4807202EBC10000F08EFB0028F5D123
:105340002AE0A100491C4FF4007202EBC10000F0FA
:1053500083FB00F01F0717F0100F09D0A100491CB4
:105360004FF4007202EBC100102100F098FB14E032
:1053700017F0080F10D0A100491C4FF4007202EB87
:10538000C100082100F08BFB6FF00C002CE700003F
:10539000BE020020BC020020D3E700BF304623E756
:1053A0002DE9FC4704468A4616461F46DDF828804C
:1053B000002500BF082C02DD681EBDE8FC8700BF89
:1053C000A100491C002202EBC10000F045FB814610
:1053D00000F00F00022802D0042802D100E000BF34
:1053E00002E06FF00400E8E700BF00BF16B96FF0FD
:1053F0000D00E2E700BFF84830F81400E8B91AE001
:10540000204600F001FC0546A100491C4FF4407203
:1054100002EBC10000F020FB10B96FF00300CCE7F5
:105420000120A040ED490988084202D00DB90020B2
:10543000C3E705B100E0E3E700BF0020E8490855F5
:1054400009F00700022802D004287DD157E0E24885
:1054500030F81400E8BB08226946204600F04CFCF6
:10546000A100491C4FF4807202EBC100402100F002
:1054700016FB00BFA100491C4FF4807202EBC10073
:1054800000F0EAFA0028F5D19DF8000038709DF888
:10549000010078709DF80200B8709DF80300F87064
:1054A0009DF80400A8F800009DF80500B8F8001069
:1054B00000EB0120A8F800009DF80600C64921F87D
:1054C00014009DF8070031F8141000EB0120C249C8
:1054D00000E004E021F814008020C1490855BE48CE
:1054E00030F81400B04201DD354602E0BA4830F829
:1054F00014502A465146204600F0FEFB55E0B648BF
:1055000030F81400A8BB02226946204600F0F4FBE4
:10551000A100491C4FF4807202EBC100402100F051
:10552000BEFA00BFA100491C4FF4807202EBC1001B
:1055300000F092FA0028F5D19DF80000A64921F864
:1055400014009DF8010000E027E031F8141000EB92
:105550000120A14921F81400084630F8140040F257
:10556000EA51884206DD2046FFF7A4FA6FF47A700C
:1055700023E702E080209A490855974830F8140044
:10558000B04201DD354602E0934830F814502A4617
:105590005146204600F0B0FB07E02946204600F0C7
:1055A000EDFB8D4820F8145000BF00BFA100491C3E
:1055B0004FF4807202EBC100402100F070FA00BF8E
:1055C000A100491C4FF4807202EBC10000F044FAC4
:1055D0000028F5D1804830F81400401B7E4921F89E
:1055E0001400084630F8140028B17D48005D40F0F2
:1055F00001007B4908552846DFE62DE9F0410446C5
:105600000E461546002700BF082C02DD781EBDE8B7
:10561000F08100BF082E78D2DFE806F0041C232FAB
:105620003B4D596B2F78012F07D10120A0406B49CA
:1056300009880843694908800BE03FB90120A04070
:105640006649098881436548018002E06FF00900DE
:10565000DDE75DE061480088204100F0010028702E
:1056600056E0A100491C4FF4F85202EBC10000F0D3
:10567000F3F98006000C28804AE0A100491C4FF491
:10568000F05202EBC10000F0E7F98006000C288020
:105690003EE028781F2802DD6FF00900B7E72A787E
:1056A00002F01F01A200521C4FF4007303EBC20072
:1056B00000F0F5F92CE0A100491C4FF4007202EB58
:1056C000C10000F0C9F900F01F00287020E0287820
:1056D0001F2802DD6FF0090099E72A7802F01F0108
:1056E000A200521C4FF4305303EBC20000F0D7F974
:1056F0000EE0A100491C4FF4305202EBC10000F053
:10570000ABF900F01F00287000BF6FF009007EE7C2
:1057100000BF01207BE770B504460E46154600BF6A
:10572000082C02DD4FF0FF3070BD00BF082E75D28F
:10573000DFE806F0BB040E182F3A58A12978A20022
:10574000521C4FF4B05303EBC20000F0A8F9AFE0D5
:105750002978A200521C4FF4A85303EBC20000F0BA
:105760009EF9A5E02A881112A200521C4FF4905312
:1057700003EBC20000F093F92A88D1B2A200521CB8
:105780004FF4905303EBC20202F5807000F087F9EA
:105790008EE0A100491C4FF4406202EBC1000422DC
:1057A000294600F0CDF983E02A881112A200521C8C
:1057B0004FF4805303EBC20000F071F92A88D1B294
:1057C000A200521C4FF4805303EBC20202F580701A
:1057D00000F065F96CE00000EC3E0020BC02002007
:1057E000C002002000BFA100491C002202EBC10042
:1057F00000F032F900F00F00012802D06FF0040031
:1058000092E700BFA100491C4FF43C5202EBC100DB
:1058100000F022F918B16FF0010085E745E0A10022
:10582000491C4FF4807202EBC100222100F037F9CD
:1058300016E0A100491C4FF4007202EBC10000F019
:105840000BF910F0080F0BD0A100491C4FF40072A7
:1058500002EBC100082100F022F96FF00C0063E7B1
:10586000A100491C4FF4807202EBC10000F0F4F873
:105870000028DED11CE000BFA100491C002202EB81
:10588000C10000F0E9F800F00F00012802D06FF02D
:10589000040049E700BF2978A200521C4FF43C5392
:1058A00003EBC20000F0FBF802E06FF009003BE7F9
:1058B00000BF012038E72DE9F04104460E461546A9
:1058C00000BF082C03DD4FF0FF30BDE8F08100BFC2
:1058D0000D2E6FD2DFE806F007121C263D48B55F9B
:1058E0007A7F848EA100A100491C002202EBC10036
:1058F00000F0B2F800F0F0002870A5E0A100491C0B
:105900004FF4B05202EBC10000F0A6F828709BE003
:10591000A100491C4FF4A85202EBC10000F09CF812
:10592000287091E0A100491C4FF4905202EBC10194
:1059300001F5807000F090F80746A100491C4FF473
:10594000905202EBC10000F087F807EB00202870AE
:1059500000BFA100491C4FF4406202EBC1000422C9
:10596000294600F0C0F86FE0A100491C4FF48052B6
:1059700002EBC10101F5807000F06EF80746A1004E
:10598000491C4FF4805202EBC10000F065F807EBB0
:105990000020288058E000BFA100491C002202EB33
:1059A000C10000F059F800F00F00012803D06FF09B
:1059B00004008AE745E000BFA100491C4FF43C52B7
:1059C00002EBC10000F048F828803DE0204600F0DE
:1059D000E5F8288000BF204600F016F9288000BFB7
:1059E000A100491C4FF4407202EBC10000F034F8F2
:1059F000287029E0A100491C002202EBC10000F040
:105A00002BF8012804D1204600F0FEF8288003E09E
:105A10000F4830F81400288016E000BFA100491C90
:105A2000002202EBC10000F017F800F00F0001287F
:105A300002D06FF0040048E700BF0648005D287000
:105A400002E06FF0010040E700BF01203DE70000E9
:105A5000EC3E0020C002002070B50446E149886891
:105A60008047E0490869804700BFDE48C169C4F348
:105A700007408847DB48C169C4F307208847E0B284
:105A8000D84AD1698847D749886980470546D549AA
:105A900048698047D349C8688047284670BD70B5BB
:105AA00004460D46CF4988688047CE49086980473B
:105AB00044F00404CB48C169C4F307408847C9488F
:105AC000C169C4F307208847E0B2C64AD169884754
:105AD000C448C16928468847C24948698047C149C6
:105AE000C868804770BD2DE9F04104460E46174650
:105AF0000025BC4988688047BA490869804700BFCB
:105B0000B848C169C4F307408847B648C169C4F3BF
:105B100007208847E0B2B34AD169884700BF05E053
:105B2000B049886980477055681C85B2BD42F7DB73
:105B3000AC4948698047AB49C8688047BDE8F081F7
:105B40002DE9F04104460E4617460025A549886810
:105B50008047A4490869804744F00404A148C1690A
:105B6000C4F3074088479F48C169C4F307208847AA
:105B7000E0B29C4AD169884700BF05E0705D994A50
:105B8000D1698847681C85B2BD42F7DB95494869F1
:105B900080479449C8688047BDE8F08170B50446E5
:105BA0000025002600BFA100491C4FF4005202EB63
:105BB000C100FFF751FF0646A100491C4FF40052F7
:105BC00002EBC10101F58070FFF746FF00EB0620F4
:105BD00086B2AEB1A100491C4FF4005202EBC100E5
:105BE000FFF73AFF0546A100491C4FF4005202EBB3
:105BF000C10101F58070FFF72FFF00EB052085B292
:105C0000B542D0D1284670BD70B5044600250026A7
:105C100000BFA100491C4FF4185202EBC100FFF76E
:105C20001BFF0646A100491C4FF4185202EBC101AC
:105C300001F58070FFF710FF00EB062086B2AEB1D1
:105C4000A100491C4FF4185202EBC100FFF704FFFA
:105C50000546A100491C4FF4185202EBC10101F5A1
:105C60008070FFF7F9FE00EB052085B2B542D0D178
:105C7000284670BD2DE9F04704460F46164600251C
:105C8000A8460EB9BDE8F087A100491C4FF4105298
:105C900002EBC10101F58070FFF7DEFE8146A10035
:105CA000491C4FF4105202EBC100FFF7D5FE09EB7F
:105CB000002085B22902A000801C01EBC0083246FA
:105CC00039464046FFF73CFFA81985B22912A200C9
:105CD000521C4FF4105303EBC200FFF7E0FEA1008B
:105CE000491C4FF4105202EBC10101F58070E9B27A
:105CF000FFF7D5FE00BFC5E72DE9F04704460F4684
:105D000016460025A8460EB9BDE8F087A100491C3B
:105D10004FF4205202EBC10101F58070FFF79CFEA9
:105D20008146A100491C4FF4205202EBC100FFF74D
:105D300093FE09EB002085B22902A000C01C01EBF4
:105D4000C008324639464046FFF7CDFEA81985B255
:105D50002912A200521C4FF4205303EBC200FFF79C
:105D60009EFEA100491C4FF4205202EBC10101F537
:105D70008070E9B2FFF793FE00BFC5E72DE9F0415F
:105D800004460E460025A100491C4FF4205202EBA8
:105D9000C10101F58070FFF75FFE0746A100491CB5
:105DA0004FF4205202EBC100FFF756FE07EB002034
:105DB00085B2A81985B22912A200521C4FF42053B3
:105DC00003EBC200FFF76BFEA100491C4FF4205209
:105DD00002EBC10101F58070E9B2FFF760FEBDE89A
:105DE000F0810000C802002070477047704770477C
:105DF000014608787047017070470020704770476F
:105E000000B141B9AFF21F02F94B9A60AFF225031E
:105E1000F74AD36002E0F64A9060D160704700B163
:105E200041B9AFF23702F24B1A61AFF23D03F04ACB
:105E3000536102E0EE4A10615161704700BFEC4AC5
:105E4000128812F4807FFAD000B141B9AFF25F023C
:105E5000E74B9A61AFF26103E54AD36102E0E44A9D
:105E60009061D161704700BFE14A128812F4007F4F
:105E7000FAD000B141B9AFF27D02DD4B9A61AFF2C9
:105E80008103DB4AD36102E0D94A9061D161704756
:105E900010B54FF43850FFF7DFFD10F0010F01D0BF
:105EA000012400E00024204610BD10B500244FF46A
:105EB0003850FFF7D1FD10F0300F01D0012400E081
:105EC0000024204610BD10B54FF43850FFF7C4FD34
:105ED000044624F0800421464FF43850FFF7DFFDDC
:105EE0004FF43850FFF7B8FD044644F080042146D3
:105EF0004FF43850FFF7D3FD10BD70B505460024B0
:105F00004FF43850FFF7A8FD044614F0400F02D1BB
:105F10004FF0FF3070BD24F03804012D02D144F061
:105F2000300401E044F0380421464FF43850FFF7C4
:105F3000B6FDFFF7C8FF4FF43850FFF78DFD04465C
:105F4000012D04D114F0300F06D00020E2E714F048
:105F5000380F01D00020DDE74FF0FF30DAE770B5F1
:105F6000044600254FF43850FFF776FD0546C5F38B
:105F70008010207005F03800202802D0382803D186
:105F800000BF0120607002E00020607000BF00BF11
:105F900005F03800102805D0182802D0202804D198
:105FA00000BF00BF0120A07002E00020A07000BF71
:105FB00000BF05F03800082805D0182802D0202896
:105FC00004D100BF00BF0120E07002E00020E070BB
:105FD00000BF00BF70BD70B50546002428780128B9
:105FE00002D144F0400401E024F040046878012824
:105FF00002D144F0380412E0E878012808D1A878EA
:10600000012802D144F0180409E044F0080406E035
:10601000A878012802D144F0100400E000BF214616
:106020004FF43850FFF73BFDFFF74DFF70BD70B5E3
:106030000026002400254FF4B050FFF70DFD064662
:106040004FF4C050FFF708FD0446254606EB052037
:1060500085B2284670BD70B50446E5B226122946C1
:106060004FF4B050FFF71BFD31464FF4C050FFF71F
:1060700016FD70BD70B50026002400254FF4A85011
:10608000FFF7EAFC00F0F0064FF4B850FFF7E4FC2D
:106090000446254606EB052085B2284670BD70B53E
:1060A0000446E5B2261205F0F0014FF4A850FFF7C0
:1060B000F6FC31464FF4B850FFF7F1FC70BD00B567
:1060C00085B0062269464FF41060FFF70CFD0422EC
:1060D00004A99001FFF707FD042203A94FF4A06073
:1060E000FFF701FD042202A94FF47060FFF7FBFCEB
:1060F00080210020FFF7D3FC0020FFF7ADFC062233
:1061000069464FF41060FFF71BFD042204A99001BB
:10611000FFF716FD042203A94FF4A060FFF710FD5E
:10612000042202A94FF47060FFF70AFD05B000BD1C
:106130002DE9F04105460E460027FFF7C0FFF5B1F7
:1061400000BF002404E0285D384447B2601C44B21C
:10615000082CF8DB102F03DD4FF0FF30BDE8F08195
:1061600000240AE0295DA200521C4FF4F85303EB0F
:10617000C200FFF794FC601C44B2082CF2DBEEB1C5
:106180000027002404E0305D384447B2601C44B26C
:10619000082CF8DB102F02DD4FF0FF30DEE7002483
:1061A0000AE0315DA200521C4FF4F05303EBC20031
:1061B000FFF775FC601C44B2082CF2DB0020CDE731
:1061C0002DE9FC4106460C46002500200090019078
:1061D000102E7BD2DFE806F0080E1D192125293686
:1061E0004355585C60616570FFF769FF71E000001E
:1061F000C80200201CB10094009808300190DDE92D
:106200000001FFF795FFBDE8FC812088FFF747FFFD
:106210005FE0FFF72FFF20805BE02088FFF71BFF88
:1062200057E0FFF704FF208053E0208801124FF46D
:106230009850FFF734FC2088C1B24FF4A050FFF70C
:106240002EFC46E04FF4A050FFF706FC07464FF443
:106250009850FFF701FC07EB0020208039E08248CE
:10626000807820708048C07860707F480079A07086
:106270007D484079E0707C48807920710020607111
:1062800027E0FFF720FE24E02046FFF7A4FE20E0F1
:106290002046FFF764FE1CE01BE02078FFF72DFE90
:1062A000B1E7FFF702FEC5B268B2401C02D1401E42
:1062B000A9E70BE025700CE0FFF7EAFDC5B268B274
:1062C000401C01D1401E9EE7257002E04FF0FF30D8
:1062D00099E700BF002096E770B504464FF4D85008
:1062E000FFF7BAFB20704FF4D050FFF7B5FB05461F
:1062F0004FF4C850FFF7B0FB05EB0020608070BD85
:1063000010B5044621784FF4D850FFF7C8FB6088D9
:1063100001124FF4C850FFF7C2FB6088C1B24FF4BE
:10632000D050FFF7BCFB10BD10B50020FFF794FB69
:1063300010BD70B50446002534F03A0001D0681E47
:1063400070BD0020FFF788FB054625432946002045
:10635000FFF7A5FB0020F3E710B50446062221460F
:106360004FF41060FFF7BFFB042204F10E0190010F
:10637000FFF7B9FB042204F10A014FF4A060FFF714
:10638000B2FB0422A11D4FF47060FFF7ACFB37484D
:106390000078A07435484178E17481782175C1781E
:1063A000617533480078A07510BD10B5044606220B
:1063B00021464FF41060FFF7C3FB042204F10E01E5
:1063C0009001FFF7BDFB042204F10A014FF4A06025
:1063D000FFF7B6FB0422A11D4FF47060FFF7B0FB7E
:1063E000A07C22490870E07C4870207D8870607D28
:1063F000C870A07D1E49087010BD70B505460C46DA
:10640000062D1CD2DFE805F003070B0F13172046FB
:10641000FFF7CBFF16E02046FFF79EFF12E0207843
:10642000FFF787FF70BDFFF77FFF20700AE020466F
:10643000FFF766FF06E02046FFF74EFF02E04FF051
:10644000FF30EFE700BF0020ECE770B504464FF4E3
:106450003850FFF701FB0546C5F38000E070C5F337
:106460004000A07070BD0000C8020020E8020020BB
:10647000EC0200200EB58D49096800914FF400210F
:10648000D1F80C1201918A49096802910099C1F36F
:106490000722114401700099C1F30741009A01EBF2
:1064A000126141700199C1F3072211448170019971
:1064B000C1F30741019A01EB1261C1700299C1F366
:1064C0000722114401710299C1F30741029A01EBBD
:1064D00012614171017801EBD1724FEA6202B1EBB6
:1064E000420202D00178491C01700EBD01B50122A3
:1064F00069461046FCF75BF808BD08B5002000901F
:10650000012269461046FBF7F6FF9DF8000008BD22
:106510000020684948627047012066494862704718
:10652000002080F3108800BF7047012080F310889E
:1065300000BF704710B503210120FBF779FFFFF77B
:10654000E7FF5D48006B20F0C0005B490863084628
:10655000006C40F4002008645848006840F40020B3
:10656000564908605448006B20F0300052490863D7
:106570000846006C40F4802008645048006840F4ED
:1065800080204E49086010BD10B5FFF7D3FF4C497D
:106590004C48FFF735FC4C494C48FFF740FC4C4950
:1065A0004C48FFF760FC4C48FFF764FF10BD1FB577
:1065B0004A4B0FCB8DE80F0069460120FFF700FE24
:1065C000401C01D104B010BD0120FBE7704710B59D
:1065D0004148801D01F01BF83F480E3001F024F8BF
:1065E0003D480A3001F02DF83B48123001F036F8F2
:1065F00002203949887510BD10B53949002000F0D6
:10660000B6FFAFF23702AFF23901084600F09DF84D
:1066100010BD08B569460F20FFF7D2FD401C00D120
:1066200008BD9DF80000FBE710B504462A48FFF7B7
:1066300021FF29490020FFF7E0FE21460120FFF756
:10664000DCFE0422214624481EF048FF08B1002049
:1066500010BD0120FCE710B51848C06840F40020C8
:106660001649C8600220FAF741FF1448806840F4D8
:106670000020124988604FF4E160FAF737FF10BD3F
:1066800070B504460D46AAB221460120FEF75AFC19
:1066900070BD70B504460D460026AAB22146012001
:1066A000FEF709FD86B2304670BD00000802080002
:1066B00010020800000007400000064800000A48D9
:1066C000216500002B6500001165000019650000C0
:1066D000ED640000FB640000FC420020E08E02003C
:1066E000FC3E002010B50422F9494FF47060FFF71A
:1066F00027FA0422F7494FF4A060FFF721FA042299
:10670000F5499001FFF71CFA10BD10B5802100205B
:10671000FFF7C5F90020FFF79FF9FFF7E3FF062217
:10672000EE494FF41060FFF70BFA10BD10B5802151
:106730000020FFF7B4F90020FFF78EF90622E749A1
:106740004FF41060FFF7FCF910BD10B5AFF26B030A
:10675000E34C2360AFF24D03E24C2360AFF233030E
:10676000E14C236008B1DE4B186009B1DD4B1960C4
:106770000AB1DD4B1A6010BD7CB5062269464FF4A4
:106780001060FFF7B0F90120D84909680870D749AF
:10679000096848700620D549096888700020D349E7
:1067A0000968C870D1480068051DD1480068000E0E
:1067B0002870CF480068000C6870CD480068000A57
:1067C000A870CB480068E8700020C84909680881B3
:1067D000C648006800F10A05802028700020687013
:1067E000C249096808730021C04800684173BF4866
:1067F00000688173BD480068C1730020BB49096807
:1068000008740021B94800684174B8480068817470
:10681000B6480068C1740020B449096808750021B1
:10682000B24800684175B14800688175AF4800689A
:10683000C1750020AD49096808760021AB480068A1
:106840004176AA4800688176A8480068C176A348C6
:106850000078A64909680877A0484178A3480068ED
:1068600041779E488178A148006881779B48C1782C
:106870009E480068C177994801799C48006880F873
:106880002010964841799948006880F82110062424
:1068900006E00021954800681C300155601CC4B218
:1068A000102CF6DB002406E00021904800682C3014
:1068B0000155601CC4B2402CF6DB002406E0002128
:1068C0008A4800686C300155601CC4B2802CF6DB2D
:1068D00063208649096881F8EC00822183480068BA
:1068E00080F8ED1053218148006880F8EE10632194
:1068F0007E48006880F8EF107CBD7CB50024FFF76F
:106900003BFF042435222146641C78480068EC30A3
:10691000425401222146641C74480068EC30425401
:106920002146641C71480068EC3042543D222146E7
:10693000641C6E480068EC30425407222146641CF7
:106940006A480068EC30425401222146641C6748C2
:106950000068EC304254614802782146641C634868
:106960000068EC3042545D4842782146641C5F4820
:106970000068EC304254594882782146641C5B48D8
:106980000068EC3042545548C2782146641C574890
:106990000068EC304254514802792146641C534847
:1069A0000068EC3042544D4842792146641C4F48FF
:1069B0000068EC3042540C222146641C4B480068AD
:1069C000EC30425400222046611C8CB247490968D1
:1069D000EC310A5400250AE04648425D2046611C1D
:1069E0008CB242490968EC310A54681C85B24148AE
:1069F000405D0028F0D13948C2782046611C8CB235
:106A00003A490968EC310A54344802792046611C3D
:106A10008CB236490968EC310A5430484279204634
:106A2000611C8CB231490968EC310A54E81CC1B2CE
:106A3000281D221A2D480068EC3081543722204648
:106A4000611C8CB229490968EC310A54062220469F
:106A5000611C8CB225490968EC310A540122204698
:106A6000611C8CB221490968EC310A54032220468A
:106A7000611C8CB21D490968EC310A54062220467B
:106A8000611C8CB219490968EC310A540F22204666
:106A9000611C8CB215490968EC310A543A2220462F
:106AA000611C8CB211490968EC310A543B22204622
:106AB000611C8CB20D490968EC310A54FF22204652
:106AC000611C8CB209490968EC310A5425461AE068
:106AD000F4020020FC020020F8020020380300200D
:106AE0001C03002020030020240300203403002086
:106AF00030030020140300200021FE480068EC3021
:106B00004155681C85B2B5F59C7FF5DBFF208DF8FB
:106B100004008DF805008DF806008DF8070043206D
:106B200001AB4FF409720090F2480168F248007816
:106B3000FEF74CFB7CBD7CB50024FFF71DFEEF4843
:106B40000078032803D0ED48007804282CD10020D9
:106B5000E849096888720021E6480068C172E8487F
:106B60000078E44909680873E5484178E14800681D
:106B70004173E3488178DF4800688173E048C17859
:106B8000DC480068C173DF4800788DF80400DD48F8
:106B900040788DF80500DB4880788DF80600D948EC
:106BA000C0788DF8070008E0FF208DF804008DF80C
:106BB00005008DF806008DF80700042435222146D3
:106BC000641CCC480068EC30425401222146641C0D
:106BD000C8480068EC30425403222146641CC54872
:106BE0000068EC3042543D222146641CC1480068D4
:106BF000EC30425407222146641CBE480068EC3049
:106C0000425401222146641CBA480068EC304254C8
:106C1000BD4802782146641CB6480068EC304254F6
:106C2000B94842782146641CB2480068EC304254AE
:106C3000B54882782146641CAE480068EC30425466
:106C4000B148C2782146641CAA480068EC3042541E
:106C5000AD4802792146641CA6480068EC304254D5
:106C6000A94842792146641CA2480068EC3042548D
:106C70009DF80700FF2867D132222046611C8CB2A4
:106C80009C490968EC310A5404222046611C8CB2EC
:106C900098490968EC310A54994802782046611CE9
:106CA0008CB294490968EC310A54954842782046E0
:106CB000611C8CB28F490968EC310A549048827883
:106CC0002046611C8CB28B490968EC310A548C480F
:106CD000C2782046611C8CB286490968EC310A549E
:106CE00036222046611C8CB282490968EC310A5474
:106CF00004222046611C8CB27E490968EC310A549A
:106D0000804802782046611C8CB27A490968EC31CF
:106D10000A547C4842782046611C8CB27549096847
:106D2000EC310A54774882782046611C8CB2714954
:106D30000968EC310A547348C2782046611C8CB251
:106D40006C490968EC310A540C222046611C8CB253
:106D500068490968EC310A5400222046611C8CB253
:106D600064490968EC310A54002509E06748425D2E
:106D70002046611C8CB25F490968EC310A546D1CD5
:106D80006248405D0028F1D15F48C2782046611C0E
:106D90008CB258490968EC310A545B4802792046A4
:106DA000611C8CB253490968EC310A545648427947
:106DB0002046611C8CB24F490968EC310A54E81C2A
:106DC000C1B2281D221A4B480068EC30815437228A
:106DD0002046611C8CB247490968EC310A540822EC
:106DE0002046611C8CB243490968EC310A540122E7
:106DF0002046611C8CB23F490968EC310A540322D9
:106E00002046611C8CB23B490968EC310A540622C9
:106E10002046611C8CB237490968EC310A540F22B4
:106E20002046611C8CB233490968EC310A543A227D
:106E30002046611C8CB22F490968EC310A543B2270
:106E40002046611C8CB22B490968EC310A541F2280
:106E50002046611C8CB227490968EC310A54212272
:106E60002046611C8CB223490968EC310A54FF2288
:106E70002046611C8CB21F490968EC310A54254632
:106E800005E000211B480068EC3041556D1CB5F54C
:106E90009C7FF6DB432001AB4FF40972009015484C
:106EA000016815480078FEF791F97CBD7CB5002497
:106EB000FFF762FC042400200E4909688872002153
:106EC0000C480068C17235222146641C09480068DC
:106ED000EC30425401222146641C06480068EC3024
:106EE000425404222146641C02480068EC3042549B
:106EF0003D220DE03403002028030020040300207D
:106F0000F40200202903002038030020140300208D
:106F10002146641CF7480068EC30425407222146A1
:106F2000641CF4480068EC30425401222146641C81
:106F3000F0480068EC304254EF4802782146641C67
:106F4000EC480068EC304254EB4842782146641C1F
:106F5000E8480068EC304254E74882782146641CD7
:106F6000E4480068EC304254E348C2782146641C8F
:106F7000E0480068EC304254DF4802792146641C46
:106F8000DC480068EC304254DB4842792146641CFE
:106F9000D8480068EC30425432222146641CD5485F
:106FA0000068EC30425404222046611C8CB2D14966
:106FB0000968EC310A54D14802782046611C8CB231
:106FC000CC490968EC310A54CC4842782046611C0F
:106FD0008CB2C8490968EC310A54C8488278204606
:106FE000611C8CB2C3490968EC310A54C348C278A9
:106FF0002046611C8CB2BF490968EC310A54362224
:107000002046611C8CB2BB490968EC310A54042249
:107010002046611C8CB2B7490968EC310A54B84863
:1070200002782046611C8CB2B2490968EC310A54DE
:10703000B34842782046611C8CB2AE490968EC31F5
:107040000A54AF4882782046611C8CB2A94909686D
:10705000EC310A54AA48C2782046611C8CB2A5497A
:107060000968EC310A54FF222046611C8CB2A14908
:107070000968EC310A54254605E000219D48006866
:10708000EC3041556D1CB5F59C7FF6DBFF208DF88B
:1070900004008DF805008DF806008DF807004320E8
:1070A00001AB4FF40972009092480168954800784E
:1070B000FEF78CF87CBD2DE9FF4192480078FEF781
:1070C000A3FD071E0BDD01A802AB3A4600908948DC
:1070D00001688C480078FEF763F987B203E000206E
:1070E00004B0BDE8F081BDF80400432874D18148A4
:1070F0000068007F80490978884224D17D48006873
:10710000407F7D49497888421DD17A480068807F58
:1071100079498978884216D176480068C07F7649D7
:10712000C97888420FD17348006890F820007249EE
:107130000979884207D16F48006890F821006E49AC
:107140004979884201D00020CAE74FF00008694819
:107150000468F034A7F1F000051989E0207833289D
:107160004ED007DC70B1012813D0032821D00628A7
:1071700078D132E0352807D0362861D0FF2871D188
:107180002C4674E0641C72E0641C641C14F8018BCF
:107190006DE0641C641C14F8010B5B49087014F862
:1071A000010B487014F8010B887014F8010BC870BB
:1071B0005DE0641C14F8016B14F8010B534908706E
:1071C00014F8010B487014F8010B887014F8010BC7
:1071D000C870301F04444AE04DE0641C14F8016B91
:1071E00014F8010B4A49087014F8010B487014F8A0
:1071F000010B887014F8010BC870301F044436E08E
:10720000641C14F8016B14F8010B4249086014F86F
:10721000011B4048006801EB00203E49086014F85B
:10722000011B3C48006801EB00203A49086014F853
:10723000011B3848006801EB00203649086016E061
:10724000641C14F8016B14F8010B2D49087014F834
:10725000010B487014F8010B887014F8010BC8700A
:1072600005E0FFE7641C14F8016B344400BF00BF65
:10727000AC42FFF473AF4FFA88F031E700202649A3
:1072800008600A20254908600020254908707047D9
:1072900010B50124224890F90000022844DA1F4862
:1072A00000681D490968884258D21E4890F90000BC
:1072B000012804D0022805D0042809D105E0FFF7F1
:1072C0001CFB06E0FFF737FC03E0FFF734FC00E0AF
:1072D00000BF00BF002010490860084600680A305F
:1072E0000E4908600E480078401C40B20C490870F6
:1072F00034E000003403002038030020F4020020B2
:107300002903002028030020FC020020F8020020AE
:1073100000030020080300200C03002010030020BD
:107320000503002004030020D44890F90000012840
:1073300004D0022807D004280CD105E00020CF4952
:107340000870002407E000BFFFF7D7FA0120CB49FF
:10735000087000E000BF00BFFFF790FF204610BD9F
:1073600038B54FF4D850FEF777FB054603214FF4AC
:10737000D850FEF794FB41F28830C14B1122C1A1D5
:107380000090C5480078FDF721FF044629464FF4D8
:10739000D850FEF784FB14F10D0001D1012038BD57
:1073A000FFF784FDBD48046840F24C40FAF79EF8B0
:1073B0000020F4E770B5B1480078062801D1052017
:1073C00070BDB54909788900491C4FF4407202EB41
:1073D000C100FEF741FB222806D0002344220221EF
:1073E000AD480078FDF7A6FB0125FFF764FEC4B2A7
:1073F000A24890F90000052877D2DFE800F0030FDB
:107400002C4F770000209E49087048708870C87023
:10741000FFF773FA0120994908709CE0022C16D1FD
:107420009F480068007C964908709D480068407C31
:1074300048709B480068807C887099480068C07CD0
:10744000C870FFF778FB02208C49087002E0FFF754
:107450001FFF05467FE0052C14D1FFF781FF40B1E7
:10746000904800688047FFF709FF032083490870B0
:1074700013E0FFF703FF8C480068804700207F4936
:1074800008700AE0062C05D1FFF7F8FE01207B49C1
:10749000087002E0FFF7FCFE05465CE00425834827
:1074A0000068401C20D07D48006880490968B0EB26
:1074B000510F19D90024724800787D49087070482E
:1074C000407848706E48807888706D48C078C87081
:1074D00078480068401C77490860FFF72CFBFFF7ED
:1074E000CDFE04206549087035E033E00425052C05
:1074F00024D10020704908706D48007860490978EF
:10750000884211D16A4840785D49497888420BD158
:10751000674880785A498978884205D16448C0789C
:107520005749C978884203D00325644800688047DA
:10753000FFF7A4FE0320514908700AE0062C05D18C
:10754000FFF79CFE01204D49087002E0FFF7A0FE06
:10755000054600E000BF00BF284631E710B54E48A1
:107560000078FDF7A7FA06204449087010BD38B529
:1075700004460D4600200090062251494FF4106049
:10758000FEF7B1FA4E4800784D49497808434C4916
:10759000897808434A49C978084349490979084321
:1075A0004749497908430ED1454908700820487079
:1075B000DC2088700020C8700871487106224FF4E2
:1075C0001060FEF7BDFA34480470354805603D4848
:1075D00038490860042269464FF47060FEF7B0FA3B
:1075E000042269464FF47060FEF7AAFA0422694645
:1075F0009001FEF7A5FAFFF741FE00201F49087031
:1076000038BD26480068401C2449086070471C4962
:10761000097801701A49497841701949897881704F
:107620001749C978C1707047274909780170264900
:10763000497841702449897881702349C978C1709B
:1076400070472249097801702049497841701F49E3
:10765000897881701D49C978C17070471C490978C3
:1076600001701B494978417019498978817018491E
:10767000C978C17070470D48006870470403002046
:10768000F4020020434845434B5F49505F434F4E4F
:10769000464C494354000000280300200C030020FE
:1076A000340300201C0300202403002008030020D2
:1076B000F0020020300300200503002020030020FA
:1076C0003803002078563412F8020020FC02002013
:1076D00000030020014611F8013B18020A78024419
:1076E00090B270470A1200F8012B00F8011B704796
:1076F0002DE9F04307468C461C4600250026A84687
:10770000614600BF11F8013B06B96D1C03F0C000D3
:10771000C0280AD106B96D1C0126087803F03F097C
:1077200000EB0920C11911F8013B03B91BE0581CFB
:10773000201A04B2002C03DA4FF0FF30BDE8F083CA
:1077400006B91D4403E011F8010B02F8010B180003
:10775000A3F101091FFA89F3F5D12E2002F8010BDC
:1077600008F10108CEE700BFB8F1000F04D12E20C8
:1077700002F8010B601E04B2002002F8010B601E2B
:1077800004B22846DAE770B593B006460C464B23A0
:107790006A4621463046FFF7ABFF0546681C01D11B
:1077A00013B070BD2C44A41CA41C2046F8E72DE99E
:1077B000F04193B080460C4616464B236A4621465C
:1077C0004046FFF795FF0546681C02D113B0BDE89F
:1077D000F0812C442046FFF77DFF0746A41CA41C23
:1077E000241DA41C112F59D2DFE807F058091A589C
:1077F00058163B17181958581B27582E570014F8BD
:10780000010B307014F8010B707014F8010BB0709C
:1078100014F8010BF07042E000BF00BF00BF00BFD2
:1078200000BF4B236A4621464046FFF761FF0546ED
:10783000681C00D1CAE72C4431E014F8015B2C44E9
:1078400014F8015B2C442AE0A41C4B236A46214611
:107850004046FFF74DFF0546681C00D1B6E72C44B3
:107860001DE04B236A4621464046FFF741FF05468F
:10787000681C00D1AAE72C444B236A4621464046A7
:10788000FFF736FF0546681C00D19FE72C44241DF6
:10789000241D241D241D241D01E000E000BF00BFA5
:1078A000204693E72DE9F0470446894692464F4625
:1078B000122120461DF0A4FF3846FFF70BFF208061
:1078C000B81CFFF707FF064616F4004F01D0012051
:1078D000A070C6F3C320E07016F4806F01D00120C1
:1078E000207116F4007F01D00120607116F4807FB2
:1078F00001D00120A07116F0800F01D00120E071AD
:1079000006F00F002072381DFFF7E4FE6081B81DFD
:10791000FFF7E0FEA08107F10800FFF7DBFEE08142
:1079200007F10A00FFF7D6FE208207F10C080025B8
:107930000DE041463846FFF726FF8046B8F1000FBC
:1079400003D14FF0FF30BDE8F087681C85B2608935
:10795000A842EEDC00250DE0524641463846FFF7CE
:1079600026FF8046B8F1000F02D14FF0FF30EAE762
:10797000681C85B2A089A842EEDC002501E0681CE5
:1079800085B2E089A842FADC002501E0681C85B2D6
:10799000208AA842FADC207A08B90120D3E7002027
:1079A000D1E72DE9F04F95B081468B4690461C46B5
:1079B000454674480088401C724908800846018882
:1079C0002846FFF78FFE05464FF4807040EAC92035
:1079D00080B2019028460199FFF784FE05460121F7
:1079E0002846FFF77FFE054600212846FFF77AFE6E
:1079F000054600212846FFF775FE0546002128466A
:107A0000FFF770FE0546594602A81DF093FD02AF30
:107A100038461DF0B3FD1FFA80FA00BF2E2138460C
:107A20001DF040FD064616B1F01B84B200E054463E
:107A300005F8014B04B911E02246394628461DF0ED
:107A400028FF25441EB9002005F8010B06E0601C44
:107A50000744AAEB00001FFA80FADFE700BF01210C
:107A60002846FFF73FFE054601212846FFF73AFE6C
:107A70000546A5EB080000B215B0BDE8F08F4248FE
:107A80000068032812D300203F4908603F4800786F
:107A9000022804DB00203D490870401E70473B4827
:107AA0000078401C394908700020F7E70120F5E70D
:107AB000374A1070374A116041F22212314B1A8056
:107AC00070472DE9F04389B005460F4690460023E4
:107AD0001A4602212E480078FDF72CF84FF48073E7
:107AE0002C48394602680020FFF75BFF86B235203C
:107AF0002B46324600902748016825480078FDF75C
:107B000065FB31E022480078FEF77EF8061E17DD9F
:107B1000B6F5807F01DD4FF4807602A803AB3246D4
:107B200000901C4801681A480078FDF739FC86B2BD
:107B300042461848016804A8FFF7B4FE814614E0E5
:107B4000FFF79DFF0446002C03DA002009B0BDE8D2
:107B5000F0834CB935202B46324600900D48016821
:107B60000B480078FDF732FBCCE700BF08480078EF
:107B7000FCF7A0FF4846E9E703480068401C0249BB
:107B8000086070474A0300204C0300204003002097
:107B90004803002044030020704770B504240526E4
:107BA000002514E0FEF728FD0AE0FFF703FC042897
:107BB00002D10024002601254FF4FA70F9F796FC53
:107BC0003000A6F10101CEB2EFD1FFF7C7FC2000D3
:107BD000A4F10101CCB2E5D1284670BD38B5044608
:107BE000002000900422694680481DF077FC30B9DF
:107BF0007E481238D0F812002060012038BD0020E5
:107C0000FCE770B5C0B004460D4601266946022067
:107C1000FFF74EFF04F1400221462846FFF751FFCF
:107C2000012800D000260220FCF744FF304640B077
:107C300070BD2DE9F04104460D46904603272EE025
:107C40004FF44A70FDF708FFB8B1132804D0172885
:107C50000DD01C281CD10CE02A4621460120FDF73E
:107C60006EF8C6B216B90520BDE8F08110E000201C
:107C7000FAE70120FCF71EFF0AE02023424601211B
:107C80000846FCF757FFC6B20EB90620ECE700BF66
:107C900000BF781E87B24FF4FA60F9F727FC002F77
:107CA000CED10620E0E72DE9F04104460D4600263E
:107CB00041F2BA37FEF7CFFCFEF779FCFEF7A9FCDC
:107CC00010B90120BDE8F08148481238807980B9A8
:107CD00046481238C07960B944481238007A40B931
:107CE00042481238407A20B9FFF757FF08B90220FE
:107CF000E8E73E481238FEF797FC08B90320E1E7B1
:107D000004B11DB93A48FAF7D2F815E020461DF043
:107D100035FC8046414636481DF072FD20461DF078
:107D20002DFC80464246214631481DF09DFC3048DE
:107D300000210164A0F844502C492D48FFF761FF51
:107D400008B90420BEE72A48FFF726FF2948006843
:107D50001DF08AFBF8F784FA4FF47A7190FBF1F288
:107D600001FB120041F28831084487B22048B0F884
:107D700044103A464030FFF75CFF06460EB105203E
:107D8000A0E700209EE770B5002441F2BA35F8F76D
:107D900067FA4FF47A7190FBF1F201FB120041F2A5
:107DA0008831084485B20120FDF768F81420F9F7FE
:107DB0009DFB0120FCF77EFEFEF72BFC08B901209D
:107DC00070BD00F08EF80A48B0F844102A464030E2
:107DD000FFF72FFF04460CB10520F1E700F0D8F8BB
:107DE00008B10520ECE70020EAE700006C43002022
:107DF000144300204C0000202DE9F04180460D4640
:107E000016461C46F8F72CFA00EB80004FF47A7106
:107E100001EB800700202060042E01D2BDE8F08134
:107E20002F60042020600020F8E7014609B10868AF
:107E300070470020FCE72DE9F04180460E461546CC
:107E40005D48007828B929463046FEF722FCBDE897
:107E5000F0814FF4FA7718E05848FAF7DBF9044656
:107E6000002C0FDDA54206D3224631465348FAF7CF
:107E7000FCF92046EBE72A4631465048FAF7F5F977
:107E80002846E4E70A20F9F731FB3800A7F101079B
:107E9000E2D14B48DBE770B506460D46144600BFFD
:107EA0004548007820B921462846FEF7E9FB04E062
:107EB000224629460120F8F785FE204670BD70B5A0
:107EC00004460D462A4621463E4805F0E6F870BDB8
:107ED00070B504460D462A4621463A4804F0F5FF9F
:107EE00070BD38B54FF4205237493448FAF778F965
:107EF000344805F0F7F8334806F047FE334806F0FB
:107F0000EDFE334807F0B1FF324808F0ADFA2D48D6
:107F100006F022FA2D4806F099FE2D4807F09AFF48
:107F20002C4808F087FA2C4800681DF027FB04460F
:107F300000902948274A29490368254808F076F91E
:107F40002749086000B100BF00231A4619461F48A0
:107F500006F083FE2249086000B100BF00211B48E3
:107F600006F0C0FA1A4A1F49184806F0C3FA174922
:107F7000144806F0F8F91A49086000B100BF002063
:107F8000194B1A4A014600900E4806F0B9FA38BD5E
:107F900010B50A2409E00B4806F0D2FD08B900200C
:107FA00010BD4FF4FA70F9F7A1FA2000A4F1010115
:107FB0000CB2F0D10120F3E766000020800600201B
:107FC0000097FFFF3047002090060020F447002074
:107FD000F0450020784300205003002001060100F6
:107FE00054030020B3030100377E0000977E000099
:107FF000704770B5C2B00446802122A81DF022FC53
:108000000025802102A81DF01DFC02A8F9F75DFFE4
:108010002046F9F780FF0AAB02AA9FA120461CF078
:1080200073FF0AAB02AA9EA104F140001CF06CFF92
:10803000802122A81DF006FC22A912A818F076FFC4
:10804000C5B204F140001DF099FA064622AB04F1D6
:108050008002314604F14000009518F0F3FE98A12B
:1080600004F180001DF0F4FA2046FFF7C1FF42B092
:1080700070BD10B505249548FFF7BBFF9448F9F78C
:108080005BFF00BF06E00CB9012010BD4FF47A7011
:10809000F9F72CFA8D498E4800F0EBF920B1200059
:1080A000A4F10101CCB2EED1052406E00CB9042004
:1080B000EBE74FF47A70F9F719FA854800F053FAB4
:1080C00020B12000A4F10101CCB2EFD10020DCE707
:1080D00010B500F031FB002801DC022010BD0020AB
:1080E000FCE72DE9F04104460D460127052621460F
:1080F0007748F9F766FF77481DF040FA8046414619
:1081000074481DF07DFB28461DF038FA8046424633
:10811000294670481DF0BDFB6D4880F8407107E0AE
:1081200016B90320BDE8F0814FF4FA60F9F7DEF9E3
:10813000674800F07AFA20B13000A6F10101CEB212
:10814000EED10020EEE72DE9F04704460D4600276A
:10815000B8460A26B04674E007E04FF4FA70F9F723
:10816000C5F95B4800F066F907460A2F03DA701E6E
:10817000C0B20600F1D1002E60D0214656481DF055
:108180009BF960B921465448001D1DF095F930B99E
:1081900021465148401D1DF08FF900284CD04C4914
:1081A000403120461DF0A0FBA0B94CA14A48401D1B
:1081B0001DF082F900283FD04748401D1DF0DEF930
:1081C00081464A464449491D28461DF04DFA05207E
:1081D000BDE8F0873F49863920461DF085FB90B900
:1081E00040A13D48401D1DF067F928B33A48401DA5
:1081F0001DF0C4F981464A463749491D28461DF0FD
:1082000033FA0520E4E73349463920461DF06CFB7C
:1082100090B936A13048401D1DF04EF960B12E488E
:10822000401D1DF0ABF981464A462B49491D2846A1
:108230001DF01AFA0520CBE7002702E00A2600F01D
:1082400094FA5FEA0800A8F1010101F0FF0883D168
:108250000620BDE72DE9F04107460C4615461E46AF
:1082600029463846FFF73DFF032801D1BDE8F081DC
:108270001749403101EB84103146FFF764FF0528B0
:1082800000D1F3E70620F1E770B504460D46294614
:108290002046FFF726FF70BD257325730000000000
:1082A000257325733B31323031303132363B313139
:1082B0006664353B32373739353435363030000077
:1082C0003B686D61637368613100000048480020BD
:1082D000184900205E4A00205E52002068747470C5
:1082E000000000006E747074696D6500534A595F38
:1082F000434F554E5400000070B596B004460D46ED
:108300005822F94968461DF036FA0395B4F842013F
:10831000ADF8180094F841018DF81A0005F14000FD
:10832000109040301390B4F844116A4604F6461099
:1083300000F07BFD0646304616B070BD2DE9F041D9
:10834000A0B004460D460126642107A81DF07AFA64
:10835000002004900590069004F1400101EB851087
:108360001DF00CF9804604F1400000EB85114246F7
:1083700007A81DF079F907A8049004F5A07004A9D6
:108380000122CDE900210290B4F8441133460022C5
:1083900004F6461000F087FE0746384620B0BDE8D8
:1083A000F08170B5A4B0044664210BA81DF04AFA10
:1083B0000020089009900A9020461DF0DFF806463C
:1083C000324621460BA81DF04FF90BA8089004F582
:1083D000A3701DF0D3F8064604F5A370CDE9050699
:1083E00008A807C802AB07C300200090019094F8CA
:1083F0004031B4F84411024604F6461000F023FC64
:108400000546284624B070BD70B504460D460C22C2
:108410002946204600F0EFFD70BD08B501464FF03B
:10842000FF30002200920A788DF80020009AC2F3F3
:10843000031008BD70B50446AC48007820B901208F
:10844000FDF7E2FB054603E0A948F9F7E3FE85B234
:10845000002D0CDDB4F8441104F646101DF0D0F9DF
:10846000B4F8441104F64610FFF732FD85B22846F1
:1084700070BD2DE9F047044688460027B94605251A
:108480006420F9F733F89948007858B90120FDF7CE
:10849000BBFBC7B297B1B4F8441104F64610FFF71E
:1084A00017FD0BE09248F9F7B5FE0646002E05DDF4
:1084B000B4F8441104F64610FFF70AFDB4F844116D
:1084C00004F646101DF09CF941462046FFF714FFC4
:1084D0008146494604F64610FFF7F1FC3220F9F7D1
:1084E00005F882480078B0B90120FDF78DFBC7B2CE
:1084F0000AE03220F8F7FAFF15B90120BDE8F0874D
:108500000120FDF781FBC7B2DFB92800A5F1010109
:108510008DB2EED115E07648F9F77CFE06460AE00A
:108520004FF4FA70F8F7E2FF0DB90120E6E7704862
:10853000F9F770FE064626B92800A5F101018DB2B3
:10854000EED1B4F8441104F64610FFF7C1FC8146A1
:1085500004F64610FFF761FFC7B2022F01D00120D9
:10856000CCE70020CAE72DE9F047044600260027A3
:10857000B046052500BF54E0B4F8441104F6461097
:108580001DF03EF931462046FFF7D8FE1FFA80F86D
:10859000414604F64610FFF792FC54480078B0B903
:1085A0000120FDF731FBC7B20AE03220F8F79EFF49
:1085B00015B90220BDE8F0870120FDF725FBC7B201
:1085C000E7B92800A5F101018DB2EED116E04848C7
:1085D000F9F720FE814609E03220F8F787FF0DB950
:1085E0000220E7E74248F9F715FE8146B9F1000F8E
:1085F00004D12800A5F101018DB2EDD1B4F84411E8
:1086000004F64610FFF764FC1FFA80F804F64610E3
:10861000FFF703FFC7B2092F01D00220CAE7701C81
:10862000C6B2042EA8DB0020C4E72DE9F0410446C1
:108630000025002705264FF4FA70F8F757FF2B485E
:10864000007858B90120FDF7DFFA05468DB1B4F87E
:10865000441104F64610FFF73BFC0AE02448F9F702
:10866000D9FD85B22DB1B4F8441104F64610FFF7D8
:108670002FFCB4F8441104F646101DF0C1F8204652
:10868000FFF78FFE0746394604F64610FFF717FC42
:1086900094F8400101284DD114480078D0B94FF426
:1086A000FA70F8F723FF0120FDF7AEFA05460AE05D
:1086B000C820F8F71BFF16B90320BDE8F0810120A0
:1086C000FDF7A2FA05462DBB3000A6F101018EB2DE
:1086D000EED11FE04FF49660F8F708FF0448F9F771
:1086E00099FD85B210E00000F08E020066000020C7
:1086F00080060020C820F8F7F9FE0EB90320DCE759
:108700004348F9F787FD85B225B93000A6F101018C
:108710008EB2EFD1B4F8441104F64610FFF7D8FB3F
:10872000074604F64610FFF778FE85B2042D01D007
:108730000320C2E70020C0E710B5B2B0C8216846E8
:108740001DF080F800240E22C821684600F053FC7A
:1087500084B221466846FFF7B2FB84B2C82168465E
:108760001DF070F8204632B010BD70B5B2B00025D3
:1087700000260524C82168461DF064F8C821684613
:10878000FFF742FE064631466846FFF798FB214850
:108790000078B0B90120FDF737FA05460AE032202B
:1087A000F8F7A4FE14B9042032B070BD0120FDF723
:1087B0002BFA0546EDB92000A4F101018CB2EED1EF
:1087C00017E01348F9F726FD85B20CE012A01CF063
:1087D0008FFB0A20F8F78AFE0CB90420E4E70C4866
:1087E000F9F718FD85B225B92000A4F101018CB27A
:1087F000ECD1C8216846FFF76BFB06466846FFF7D9
:108800000CFE85B20D2D01D00420CDE70020CBE772
:108810008006002066000020776169742070696E10
:10882000672061636B0D0A0030B50246002300BF6C
:108830000846CD1701EB5565ED11A1EBC515ECB25E
:10884000CD1701EB5565E911002901DD44F08004E5
:1088500018465B1C14540029EADC184630BD2DE98B
:10886000F84305460C46012600270020206000BF83
:108870004FF0FF38781C0746042801DD00BF16E0E2
:1088800001216846A8478046B8F1010F00D00EE0EC
:108890009DF8001001F07F01206801FB06002060B8
:1088A000F6019DF8000010F0800FE1D100BF3846BE
:1088B000BDE8F883401C802801DA401C0AE0B0F5CE
:1088C000804F01DA801C05E0D349884201DAC01CE0
:1088D00000E0001D704710B50246002309E0CF48B4
:1088E000006800781070CD480068401CCB4C2060B8
:1088F0005B1C8B42F3DB084610BD70B504460D4689
:10890000C64804602946AFF23100FFF7A8FF70BDEA
:1089100030B501460A68537814784FF4807505FB2A
:1089200004300B689B1C0B6030BD01460A68107850
:108930000A68521C0A607047026811700268521C73
:108940000260704710B50A46CB1701EB13631B0A90
:10895000046823700268521C02600A46CB1701EBC0
:1089600013631B12A1EB0323046823700268521CDB
:10897000026010BD70B504460E4630461CF0FEFD88
:10898000054629462046FFF7DDFF2A463146206886
:108990001CF06AFE20682844206070BD10B50146B6
:1089A0004A780B784FF4807404FB032010BD1FB588
:1089B0000446029800280DDD20460299FFF7C2FF09
:1089C000DDE9022120681CF04FFE2068029908446E
:1089D00020600AE0019820B120460199FFF7CAFF04
:1089E00003E000212046FFF7ADFF1FBD2DE9F04158
:1089F00005460C46164600272068301A012812DD6D
:108A00002046FFF785FF6860206869680844B04227
:108A100006D82168A9602068696808442060012799
:108A20007FA01CF065FA002028603846BDE8F08180
:108A300037B50024009820B100981CF09FFD044633
:108A400000E0019C20463EBD2DE9F04104460E4663
:108A50000027B846206828B1256820681CF08EFDE4
:108A6000074601E0A568676830461CF087FD804630
:108A7000474508D13A46314628461CF09EFD10B9BC
:108A80000120BDE8F0810020FBE72DE9FC41044610
:108A90000F4615464FF0FF38002001900026009049
:108AA00001212046A847012800D01CE00126694684
:108AB0002846FFF7D4FE601C0099FFF7B5FE064478
:108AC00000983044B84200DD0DE0A0190099A84795
:108AD0000099884200D006E020788DF804000198C3
:108AE000C0F3031800BF4046BDE8FC81F8B504465A
:108AF0004FF0FF36206918B90120A0600020E06027
:108B000000BF2069401C2061042800DD1EE0012216
:108B10006946D4E9003098470546401C00D115E06D
:108B20000DB9002612E09DF8001001F07F01D4E994
:108B3000022001FB0200E060A068C001A0609DF877
:108B4000000010F0800FDCD1266900BF3046F8BD70
:108B50002DE9F84306460F4614464FF0FF38002033
:108B60000090207D30B1012817D002282FD000209E
:108B7000207500BF01223146D4E9003098470546F0
:108B8000401C00D144E015B90020BDE8F883002066
:108B90002061207D401C207500BF2046FFF7A6FF06
:108BA0000546401C00D133E00DB90020EDE7701CF4
:108BB000E168FFF739FE401C2061D4E90301084455
:108BC000B84200DD24E0207D401C207500BFD4E9C0
:108BD000032C0CEB0601D4E9003098470546401CF5
:108BE00000D115E00DB90020CFE7E068401BE06040
:108BF000206928442061E06808B10020C5E730788A
:108C00008DF800000098C0F3031800BF00BF00BF3C
:108C1000002020754046B8E7FFFF1F0058030020E2
:108C2000000000007FB50546089E002401A807C883
:108C3000FFF7FEFE801C30440444002D00DDA41C20
:108C4000204604B070BD2DE9F04F87B005460F46B1
:108C500090461C46DDE915B6DDE9109A0695002020
:108C60000590049003900096204612A90EC9FFF7C4
:108C7000D9FF04900290FFF71DFEB84203DD6FF0AC
:108C80000100039033E0059820F0F00030300590AB
:108C9000059868F3C3000590059864F342000590B9
:108CA000059869F3000005909DF8141006A8FFF7D9
:108CB00043FE04990698FFF7B7FD0699084406900D
:108CC00006A812A90EC9FFF772FE002C03DD51465B
:108CD00006A8FFF737FE3246594606981CF0C4FC3A
:108CE0000698304406900698401B039000BF0398F6
:108CF00007B0BDE8F08F2DE9FC4704460E46154647
:108D00001F46DDF828800020019081460094042E43
:108D100002DA6FF0010924E0019865F30710019071
:108D2000019867F3C3000190062D01D1012100E0F5
:108D30000021019861F3420001909DF804106846FB
:108D4000FFF7FAFD02210098FFF76EFD0099084435
:108D5000009041466846FFF7F5FD0098A0EB040936
:108D600000BF4846BDE8FC87F8B505460E461446E8
:108D700000230422314628460094FFF7BCFFF8BDCB
:108D8000F8B506460F4614461D46234606223946C8
:108D900030460095FFF7AFFFF8BDF8B505460E4623
:108DA000144600230722314628460094FFF7A3FF0C
:108DB000F8BD000070B504460025207A032801D1D3
:108DC0000C2503E0207A042800D10A25D4E90412F6
:108DD000E068FFF72DFE801C0544E07E68B1D4E911
:108DE0000A12606AFFF724FE861CD4E90D12206B7C
:108DF000FFF71EFE3044801C0544206C08B9A06CAF
:108E000030B1D4E91112206CFFF712FE801C05442A
:108E1000E06C08B9606D30B1D4E91412E06CFFF772
:108E200007FE801C0544284670BD2DE9FE4305461B
:108E30000E461446029500200190009000274FF046
:108E4000FF382046FFF7B6FF07468146FFF732FDA1
:108E5000B04202DD6FF001088FE000208DF80400C1
:108E6000019820F0F000103001909DF8041002A845
:108E7000FFF762FD39460298FFF7D6FC02990844D5
:108E80000290207A042808D177A102A8FFF772FD8A
:108E9000042102A8FFF750FD07E075A102A8FFF723
:108EA00069FD032102A8FFF747FD00208DF80000AF
:108EB000A17E009861F341000090E07E08B101219D
:108EC00000E00021009861F3820000900098C0F358
:108ED000800058B194F83D10009861F3C4000090F0
:108EE00094F83C10009861F345100090206C08B98C
:108EF000A06C20B1009820F0800080300090E06CE1
:108F000008B9606D20B1009820F04000403000901A
:108F10009DF8001002A8FFF70FFD218B02A8FFF7B4
:108F200011FD02A8D4E90423E168FFF740FDE07ECB
:108F300058B102A8D4E90A23616AFFF738FD02A8F4
:108F4000D4E90D23216BFFF732FD0098C0F3C01068
:108F500028B102A8D4E91123216CFFF728FD00985D
:108F6000C0F3801028B102A8D4E91423E16CFFF704
:108F70001EFD0298A0EB050800BF4046BDE8FE8339
:108F80002DE9FF4704460D461646994600200390FA
:108F9000029600278046009002A8FFF7C6FC8DF8D5
:108FA0000C000398C0F30310022800D01FE001A9B1
:108FB0000298FFF7A2FC8046029908440290DDE97E
:108FC000011047180298381A022800DA0FE002A8A8
:108FD000FFF7ABFC8DF800000098C0F3C0102070C4
:108FE00002A8FFF7A2FC28704FF0010800BF40461E
:108FF00004B0BDE8F0872DE9FC4104460D46164655
:1090000000200190471E0094022D01DA871E15E012
:1090100000208DF80400019866F3071001909DF878
:1090200004106846FFF788FC00210098FFF7FCFB5E
:109030000099084400900098071B00BF3846BDE81F
:10904000FC8170B504460D460E2229462046FFF7E6
:10905000D2FF70BD70B504460D460C22294620464D
:10906000FFF7C9FF70BD00004D51545400000000CF
:109070004D514973647000002DE9F04105460E46DC
:10908000022700240AE004EB440006EB800393E887
:109090000700FFF7CDFCC01C0744641CAC42F2DBA8
:1090A0003846BDE8F0812DE9FF5F05460E461746BC
:1090B0009846DDE90E9A03950020029001900090F9
:1090C000002451464846FFF7D7FF83460190FFF73B
:1090D000F1FBB04202DDA01E009039E000208DF8C7
:1090E0000800029820F0F00080300290029867F3A8
:1090F000C3000290029820F00600801C02909DF8A8
:10910000081003A8FFF718FC01990398FFF78CFBE0
:10911000039908440390414603A8FFF713FC002479
:1091200010E004EB44000AEB800C03A89CE80E005E
:10913000FFF73DFC109850F82400C1B203A8FFF7D8
:10914000FBFB641C4C45ECDB0398401B009000BF0C
:10915000009804B0BDE8F09F2DE9FE4F05460E468D
:1091600014461F46DDE90C9B00200290CDF80490C8
:109170008046824601A8FFF7D8FB8DF808000298C8
:10918000C0F30310092800D02CE069460198FFF7CE
:10919000B4FB8246019908440190DDE9001000EB20
:1091A00001080198A8EB0000022800DA1AE001A8E3
:1091B000FFF7AEFB2880002020600DE02068B04261
:1091C00002DD4FF0FF3A0DE001A8FFF7AEFB226889
:1091D000511C216047F8220001984045EED34FF022
:1091E000010A00BF5046BDE8FE8F0000FE4800683F
:1091F000704770B504460D462CB9AC4201D0012031
:1092000070BD0020FCE70DB90120F9E705E02078EA
:1092100008B90020F4E7641C6D1C20781BF049FE9F
:10922000064628781BF045FE8642F0D020781BF0D9
:1092300040FE064628781BF03CFE301AE0E770B589
:10924000044620461CF09AF9451C2846E74909685F
:109250008847060000D170BD2A46214630461CF0E2
:1092600003FA3046F7E730B9E149E04A1160E149D5
:10927000E14A11607047016809B1016800E0DC490A
:10928000DA4A1160416809B1416800E0D949DA4A17
:10929000116000BFEEE710B52820D449096888475F
:1092A00004461CB1282120461CF0CCFA204610BDF3
:1092B00070B5044622E02568E06810F4807F04D190
:1092C000A06810B1A068FFF7F3FFE06810F4807F9A
:1092D00005D1206918B1C849206909688847E06844
:1092E00010F4007F05D1206A18B1C349206A0968CB
:1092F00088472046C049096888472C46002CDAD1A7
:1093000070BD2DE9F04F8BB083468A46002004469D
:1093100005460026B94F002188468946099001205C
:1093200008909AF800002D2802D1B54F0AF1010AE1
:109330009AF80000302801D10AF1010A9AF80000D9
:10934000312822DB9AF8000039281EDC00BF1AF809
:10935000011BA1F130001EF0A6FF0022A94BCDE9B0
:109360000601204629461EF0F1FFCDE90401DDE9A2
:1093700006231EF019FD04460D469AF80000302819
:1093800003DB9AF800003928E1DD9AF800002E2866
:1093900030D19AF8010030282CDB9AF801003928E6
:1093A00028DC0AF1010A00BF1AF8011BA1F1300004
:1093B0001EF079FF0022934BCDE906012046294695
:1093C0001EF0C4FFCDE90401DDE906231EF0ECFC2C
:1093D00004460D460022894B404649461FF0DCF901
:1093E000804689469AF80000302803DB9AF800008E
:1093F0003928D9DD9AF80000652803D09AF80000D2
:10940000452823D10AF1010A9AF800002B2802D13D
:109410000AF1010A08E09AF800002D2804D14FF063
:10942000FF3008900AF1010A08E01AF8010B303801
:10943000099901EB810100EB410009909AF80000C5
:10944000302803DB9AF800003928EEDDDDE9082139
:1094500001FB02F01EF027FF42464B46CDE900011A
:109460001EF0A2FC02460B46CDE902010020654930
:109470001DF052FF22462B46CDE906013046394603
:109480001EF064FFCDE90401DDE906231EF05EFF56
:1094900004460D46CBE90645204629461EF0D4FE7B
:1094A000CBF814000320CBF80C0050460BB0BDE8FD
:1094B000F08F0146491E41EA610141EAA10141EAFA
:1094C000211141EA212141EA2141481C70472DE93F
:1094D000F04104460E460CB1206810B90020BDE8EA
:1094E000F081A06806446068B04203DBA168206890
:1094F0000844F4E73046FFF7DCFF074638463B49AF
:109500000968884705463DB93B492068096888478E
:10951000002060602060E2E725B12846D4E900120F
:109520001CF0A2F834492068096888476760256004
:10953000A0682844D3E770B504460CB1206808B988
:10954000002070BDA1682068451828461CF016F858
:10955000A1680844F5E72DE9FC47824688464FF0AC
:109560000009DAE9064500221346204629461EF086
:109570002FFE15D1B8F1000F05D002214046FFF7AC
:10958000A6FF814604E00220184909688847814601
:10959000B9F1000F03D01CA00088A9F80000A3E0D7
:1095A000DAF814001EF07FFE064622462B461FF016
:1095B000F3F821F000410022144BCDE900011EF028
:1095C00089FE40D8124A134B204629461EF082FEDF
:1095D00039D80022104B204629461EF0B5FF32D85C
:1095E000B8F1000F20D019E0640300205C030020D4
:1095F000CD4C02002B4D0200600300200000F03F24
:109600000000F0BF00002440300000000000B03C2B
:109610000000C0FFFFFFDF410000E0C11521404610
:10962000FFF755FF814604E01520FB49096888478C
:109630008146B9F1000F57D0F8A14846DAF8142056
:109640001BF062FC50E0B8F1000F05D0402140460D
:10965000FFF73DFF814604E04020EF490968884755
:109660008146B9F1000F3FD0204629461DF0E6FDA6
:10967000064622462B461FF08FF821F000410022BB
:10968000E74BCDE900011EF025FE0FD825F0004183
:109690002646E44AE44B30461EF01CFE06D2224623
:1096A0002B46E2A148461BF02FFC1DE025F00041AF
:1096B0002646E04AE04B30461EF00CFE07D325F06C
:1096C00000410022DD4B30461EF03EFF06D222460E
:1096D0002B46DBA148461BF017FC05E022462B4633
:1096E000D8A148461BF010FC4846BDE8FC8701465F
:1096F00000220878302806DB0878392803DC08784F
:109700003038024415E00878412806DB08784628FE
:1097100003DC0878373802440BE00878612806DB60
:109720000878662803DC08785738024401E00020F6
:1097300070471201491C0878302806DB0878392860
:1097400003DC08783038024415E00878412806DB4D
:109750000878462803DC0878373802440BE008789C
:10976000612806DB0878662803DC0878573802444D
:1097700001E00020DCE71201491C0878302806DBF4
:109780000878392803DC08783038024415E0087876
:10979000412806DB0878462803DC0878373802447D
:1097A0000BE00878612806DB0878662803DC087877
:1097B0005738024401E00020BAE71201491C08783A
:1097C000302806DB0878392803DC08783038024472
:1097D00015E00878412806DB0878462803DC08787D
:1097E000373802440BE00878612806DB08786628E1
:1097F00003DC08785738024401E0002098E710465F
:1098000096E72DE9F05F8346884608F101040027BA
:1098100098F80000222805D08B48C0F8008000206E
:10982000BDE8F09F04E014F8011B5C2900D1641C22
:109830002078222804D0207810B1781C0700F2D1BB
:10984000781C7549096888478146B9F1000F01D134
:109850000020E5E708F101044D469EE020785C28F1
:1098600004D014F8010B05F8010B96E0641C207875
:10987000722818D006DC622809D066280BD06E2822
:109880007ED10CE0742812D07528F9D113E008209D
:1098900005F8010B7FE00C2005F8010B7BE00A20A6
:1098A00005F8010B77E00D2005F8010B73E00920A6
:1098B00005F8010B6FE0601CFFF719FF0646241D39
:1098C000B6F55C4F02D3B6F5604F00D306B962E03F
:1098D000B6F5584F1CD3B6F55C4F19D260785C28AA
:1098E00002D1A078752800D055E0E01CFFF7FFFEFC
:1098F0008246A41DBAF55C4F02D3BAF5604F00D37F
:1099000049E0C6F30901504661F39F2000F5803617
:109910000427802E01D2012708E0B6F5006F01D29E
:10992000022703E0B6F5803F00D203273D44012F14
:1099300020D0022F15D0032F0AD0042F24D106F0F7
:10994000BF0040F08001681E05460170B60900BFE7
:1099500006F0BF0040F08001681E05460170B609A0
:1099600000BF06F0BF0040F08001681E0546017090
:10997000B60900BF3548C05D3043C1B2681E00E083
:1099800005E00546017000BF00BF3D4403E02078BC
:1099900005F8010B00BF00BF641C2078222803D00B
:1099A000207800287FF45AAF0020287020782228E1
:1099B00000D1641CCBF810900420CBF80C0020469A
:1099C0002EE72DE9F05F804689460027BB464546D5
:1099D00011E02878002802DD2878202805DB287887
:1099E000222802D028785C2801D1012000E0002044
:1099F00040EA0B0B6D1C28780028EAD1BBF1000F60
:109A00003ED1A5EB0807B9F1000F21D0F91C48465B
:109A1000FFF75DFD064620E05C03002025640000A2
:109A20000000B03C44F3C2E4E4E9634C252E306608
:109A3000000000008DEDB5A0F7C6B03E65CDCD416C
:109A4000256500002566000064030020488F0200A1
:109A5000F81CFD4909688847064616B90020BDE88C
:109A6000F09F3446222004F8010B414620461BF0AB
:109A700061FD2220E0550021781C21543046EEE79C
:109A8000B8F1000F16D1B9F1000F05D003214846F7
:109A9000FFF71DFD064604E00320EB4909688847EF
:109AA00006460EB90020DAE7E8A130461BF042FD79
:109AB0003046D4E745460BE05146E5A01BF0F2FCEA
:109AC00008B17F1C03E0BAF1200F00DA7F1D6D1C86
:109AD00095F800A0BAF1000F02D0781C0700EBD176
:109AE000B9F1000F05D0F91C4846FFF7F0FC064617
:109AF00004E0F81CD4490968884706460EB90020DE
:109B0000ADE734464546222004F8010B47E02878AB
:109B10001F280ADD2878222807D028785C2804D05E
:109B200015F8010B04F8010B39E05C2004F8010B77
:109B300015F8011B8A460C2919D006DC082912D019
:109B4000092920D00A2922D115E00D2917D0222970
:109B500005D05C291BD15C2004F8010B1EE02220FB
:109B600004F8010B1AE0622004F8010B16E06620ED
:109B700004F8010B12E06E2004F8010B0EE07220D5
:109B800004F8010B0AE0742004F8010B06E05246C9
:109B9000B1A120461BF0B8F9641D00BF00BF2878B2
:109BA0000028B4D1222004F8010B002004F8010B96
:109BB000304654E770B504460D4629462069FFF744
:109BC00000FF70BD00E0401C20B1017811B10178A8
:109BD0002029F8DD70472DE9F04706460C4620782D
:109BE0007B2804D09E4804600020BDE8F087062052
:109BF000F060601CFFF7E6FF044620787D2801D165
:109C0000601CF2E7FFF747FB0546B060B06808B993
:109C10000020EAE72046FFF7D5FF80464146284668
:109C2000FFF7EFFD0746FFF7CDFF04460CB9002014
:109C3000DBE7286928620020286120783A2803D0D1
:109C4000874804600020D0E7601CFFF7BBFF804618
:109C50004146284600F099F80746FFF7B3FF04464F
:109C60000CB90020C1E731E0FFF715FB070000D178
:109C7000BBE72F607D603D46601CFFF7A3FF814678
:109C800049462846FFF7BDFD8046FFF79BFF044687
:109C90000CB90020A9E728692862002028612078F3
:109CA0003A2803D06E48046000209EE7601CFFF74E
:109CB00089FF81464946284600F067F88046FFF74D
:109CC00081FF04460CB900208FE700BF20782C28C4
:109CD000CAD020787D2801D1601C86E760480460E6
:109CE000002082E72DE9F04705460C4620785B28E6
:109CF00004D05B4804600020BDE8F0870520E860E0
:109D0000601CFFF75FFF044620785D2801D1601CCE
:109D1000F2E7FFF7C0FA0646A860A86808B9002075
:109D2000EAE72046FFF74EFF80464146304600F006
:109D30002CF80746FFF746FF04460CB90020DBE786
:109D400017E0FFF7A8FA070000D1D5E737607E607B
:109D50003E46601CFFF736FF81464946304600F01C
:109D600014F88046FFF72EFF04460CB90020C3E725
:109D700000BF20782C28E4D020785D2801D1601C19
:109D8000BAE7374804600020B6E770B505460C46D0
:109D90000CB9002070BD042232A120461BF00DFC3E
:109DA00018B90220E860201DF4E705222FA1204603
:109DB0001BF003FC18B90020E860601DEAE70422EC
:109DC0002CA120461BF0F9FB20B90120E860686156
:109DD000201DDFE72078222804D121462846FFF7FE
:109DE00010FDD7E720782D2805D02078302807DB14
:109DF0002078392804DC21462846FFF782FAC9E793
:109E000020785B2804D121462846FFF76BFFC1E785
:109E100020787B2804D121462846FFF7DCFEB9E7ED
:109E20000F4804600020B5E72DE9F04780460D4655
:109E300016460024FFF72FFA07460020084908605D
:109E4000E7B9BDE8F08700005C0300202222000093
:109E5000225C080C0A0D09007525303478000000DA
:109E6000640300206E756C6C0000000066616C730A
:109E70006500000074727565000000004046FFF741
:109E8000A1FE814649463846FFF77FFF04462CB9BC
:109E90003846FFF70DFA0020BDE8F08766B120468E
:109EA000FFF790FE0446207830B13846FFF700FAFD
:109EB000FE4804600020EFE705B12C603846EBE770
:109EC00010B50446002211462046FFF7ADFF10BD35
:109ED0002DE9FF4F89B0884616461F46002008909E
:109EE000079006904FF0070A00250998D0F80890CF
:109EF000002002900190009004E00298401C029023
:109F0000D9F80090B9F1000FF7D10298002835D1A7
:109F100057B116B108F1040000E0032001463846AD
:109F2000FFF7D5FA069009E016B108F1040100E048
:109F300003210846DE49096888470690069818B943
:109F400000200DB0BDE8F08F069C7B2004F8010BCB
:109F500066B10A2004F8010B002503E0092004F88B
:109F6000010B6D1CA8F10100A842F7DC7D2004F86C
:109F7000010B002004F8010B0698E2E7002F77D0D0
:109F8000BD680EB1022000E0012082460AF1010105
:109F90003846FFF79CFA04460CB90020D1E77B2035
:109FA00004F8010B16B10A2004F8010B0020207000
:109FB000B8685044B8600998D0F8089008F10108D2
:109FC00068E0B6B141463846FFF781FA04460CB95D
:109FD0000020B6E70020039005E0092004F8010BFB
:109FE0000398401C039003984045F6DBB868404452
:109FF000B8603946D9F82000FFF7E3FC3846FFF790
:10A000009AFAB8600EB1022000E001208246514663
:10A010003846FFF75CFA04460CB9002091E73A2075
:10A0200004F8010B16B1092004F8010BB86850447C
:10A03000B8603B4632464146484600F078FA38461A
:10A04000FFF779FAB8600EB1012000E00020D9F8DE
:10A05000001009B1012100E0002100EB010A0AF122
:10A0600001013846FFF733FA044614B9002068E7C7
:10A0700034E0D9F8000010B12C2004F8010B16B11F
:10A080000A2004F8010B00202070B8685044B86022
:10A09000D9F80090B9F1000F93D116B108F1010081
:10A0A00000E0022001463846FFF711FA04460CB9D9
:10A0B000002046E74EB1002503E0092004F8010B1B
:10A0C0006D1CA8F10100A842F7DC7D2004F8010B0B
:10A0D0000020207038682844069005E10299880025
:10A0E0007349096888470890089808B9002028E74C
:10A0F000029988006E49096888470790079828B92F
:10A100006C4908980968884700201AE7029881007E
:10A1100008981BF097FB0298810007981BF092FBB0
:10A120000998D0F8089008F1010806B1C2442EE061
:10A130000021D9F82000FFF744FC0490079941F86A
:10A140002500002332464146484600F0F0F92946F2
:10A150006D1C0590089A42F82100049898B1059862
:10A1600088B105981BF00AFA834604981BF006FA9A
:10A170000BEB0001891C16B108F1020000E0002081
:10A180000844824401E001200190D9F80090B9F11F
:10A19000000FCDD1019820B950464549096888473C
:10A1A0000690069808B901200190019818B300257F
:10A1B00014E0079850F8250028B1079951F82500B8
:10A1C0003C4909688847089850F8250028B1089943
:10A1D00051F825003749096888476D1C0298854267
:10A1E000E7DB3449079809688847324908980968C5
:10A1F00088470020A5E67B21069801700698441C3C
:10A2000016B10A2004F8010B00202070002548E058
:10A210005EB10020039005E0092004F8010B0398CB
:10A22000401C039003984045F6DB079951F8250040
:10A230001BF0A4F90090079850F825102046009ACA
:10A240001BF012FA009804443A2004F8010B16B1EE
:10A25000092004F8010B089850F8251020461BF03F
:10A2600069F9089951F825001BF088F9044402980F
:10A27000401EA84202D02C2004F8010B16B10A207F
:10A2800004F8010B00202070079951F825000949B6
:10A2900009688847089951F82500064909688847E0
:10A2A0006D1C02988542B3DB024905E0640300207F
:10A2B0005C03002060030020079809688847F8497C
:10A2C0000898096888474EB1002503E0092004F882
:10A2D000010B6D1CA8F10100A842F7DC7D2004F8F9
:10A2E000010B002004F8010B06982AE62DE9FF4F28
:10A2F00085B092461E464FF0000B0520039005984E
:10A30000D0F80880D946002500200290019003E093
:10A3100009F10109D8F80080B8F1000FF8D1B9F1BE
:10A32000000F16D12EB103213046FFF7D0F8834637
:10A3300004E00320DB49096888478346BBF1000F2E
:10A3400003D0D9A158461BF0F5F8584609B0BDE82E
:10A35000F08F002E57D0B56801213046FFF7B7F8CF
:10A3600004460CB90020F1E75B202070B068401C67
:10A37000B0600598D0F808802EE033465246069922
:10A38000491C404600F0D3F83046FFF7D4F8B060DF
:10A39000D8F80000F0B1BAF1000F01D0022000E0BF
:10A3A000012003900399491C3046FFF790F80446BA
:10A3B0000CB90020CAE72C2004F8010BBAF1000FF9
:10A3C00002D0202004F8010B00202070B16803980F
:10A3D0000844B060D8F80080B8F1000F02D00298AD
:10A3E0000028CAD002213046FFF771F804460CB9A4
:10A3F0000020ABE75D2004F8010B002020703068DE
:10A4000000EB050B91E04FEA8900A64909688847EF
:10A4100007460FB9002099E74FEA890138461BF03B
:10A4200011FA0598D0F8088021E0002352460699D9
:10A43000491C404600F07BF8049029466D1C0498A6
:10A4400047F82100049870B104981BF097F8801C1D
:10A45000BAF1000F01D0012100E00021014403986E
:10A460000844039001E001200290D8F80080B8F180
:10A47000000F02D002980028D7D0029820B989494D
:10A480000398096888478346BBF1000F01D101207A
:10A490000290029890B1002508E057F8250020B1FD
:10A4A00057F825007E49096888476D1C4D45F4DB47
:10A4B00038467B4909688847002047E75B208BF8CE
:10A4C00000000BF1010400202070002521E057F866
:10A4D00025001BF053F8019057F825102046019AEB
:10A4E0001BF0C2F801980444A9F10100A8420AD067
:10A4F0002C2004F8010BBAF1000F02D0202004F840
:10A50000010B0020207057F825006549096888472D
:10A510006D1C4D45DBDB38466149096888475D2085
:10A5200004F8010B002004F8010B58460EE72DE952
:10A53000F04104460F4690461D46002614B90020FF
:10A54000BDE8F081002D4AD0E068C0B2072845D2AE
:10A55000DFE800F0101C04282E343C0005212846BA
:10A56000FEF7B5FF064626B1AFF2087130461AF085
:10A57000E1FF33E006212846FEF7A9FF064626B193
:10A58000AFF2187130461AF0D5FF27E005212846B2
:10A59000FEF79DFF064626B1AFF2287130461AF04D
:10A5A000C9FF1BE029462046FEF7D5FF064615E009
:10A5B00029462046FFF7FEFA06460FE02B464246A4
:10A5C00039462046FFF792FE064607E02B464246F4
:10A5D00039462046FFF77CFC064600BF38E0E068BD
:10A5E000C0B2072833D2DFE800F00A1004161C229C
:10A5F0002A00AFF29070FEF722FE064627E0AFF287
:10A600009470FEF71CFE064621E0AFF29870FEF74C
:10A6100016FE06461BE000212046FEF79CFF06467C
:10A6200015E000212046FFF7C5FA06460FE000239B
:10A63000424639462046FFF759FE064607E000230A
:10A64000424639462046FFF743FC064600BF00BF9E
:10A65000304675E710B5044600230122194620460E
:10A66000FFF765FF10BD10B5044600231A461946D2
:10A670002046FFF75CFF10BDFEB505460C461646AA
:10A6800020460849096888470090019400200290FC
:10A690006B46324600212846FFF749FFFEBD000009
:10A6A000600300205C0300205B5D000001468A68B7
:10A6B000002001E0401C1268002AFBD170470246CE
:10A6C000906801E0491E006808B10029FADC704773
:10A6D00070B505460E46AC6800E024682CB13146E2
:10A6E000206AFEF786FD0028F7D1204670BD016084
:10A6F0004860704770B50546FEF7CDFD04460CB9BD
:10A70000002070BD2822294620461BF034F8002086
:10A710002062E06840F48070E060002060602060AB
:10A720002046EEE770B505460E46AC6806B970BD2A
:10A730000CB9AE6009E000E0246814B1206800287C
:10A74000FAD131462046FFF7D2FF00BFEFE770B5E0
:10A7500006460D46144604B970BD206A18B1F74983
:10A76000206A096888472846FEF769FD206221466D
:10A770003046FFF7D7FF00BFEEE770B506460D463F
:10A78000144604B970BDE06810F4007F05D1206A5A
:10A7900018B1EA49206A096888472562E06840F4F0
:10A7A0000070E06021463046FFF7BCFF00BFE9E7DC
:10A7B00070B505460C462046FFF79CFF064631461D
:10A7C0002846FFF7AFFF70BD2DE9F04105460E4664
:10A7D00014462046FFF78EFF07463A463146284684
:10A7E000FFF7B5FFBDE8F08110B502460B46916852
:10A7F00001E009685B1E09B1002BFADC09B90020F1
:10A8000010BD486810B1D1E900042060086810B19B
:10A81000D1E9004060609068884201D1086890608A
:10A820000020086048600846EAE770B504460D4617
:10A8300029462046FFF7D8FF0646FEF739FD70BDD2
:10A840002DE9F04105460F460026AC6801E0761C74
:10A8500024682CB13946206AFEF7CBFC0028F6D1DB
:10A860002CB131462846FFF7BFFFBDE8F08100203C
:10A87000FBE770B504460D4629462046FFF7E0FF8A
:10A880000646FEF715FD70BD2DE9F04106460F4660
:10A890001446B56801E02D687F1E0DB1002FFADC6B
:10A8A0002DB921463046FFF73DFFBDE8F081256018
:10A8B000686860606C60B068A84201D1B46001E073
:10A8C0006068046000BFF0E72DE9F04106460F46DE
:10A8D0001446B56801E02D687F1E0DB1002FFADC2B
:10A8E0000DB9BDE8F0812868206068686060206864
:10A8F00008B120684460B068A84201D1B46001E0AA
:10A90000606804600020686028602846FEF7D0FC7C
:10A9100000BFE6E72DE9F04105460E4617464FF029
:10A920000008AC6802E008F1010824682CB1314647
:10A93000206AFEF75EFC0028F5D144B13046FEF7F0
:10A940007EFC38623A4641462846FFF7BDFFBDE827
:10A95000F08110B5FEF79FFC04460CB10220E060C8
:10A96000204610BD10B5FEF796FC04460CB1012040
:10A97000E060204610BD10B5FEF78DFC04460CB11A
:10A980000020E060204610BD70B50546FEF783FC50
:10A99000044624B10DB1012000E00020E060204613
:10A9A00070BD70B504460D46FEF775FC064646B10F
:10A9B0000320F060C6E90645204629461DF044FC08
:10A9C0007061304670BD70B50546FEF764FC044604
:10A9D0002CB10420E0602846FEF731FC20612046BF
:10A9E00070BD10B5FEF757FC04460CB10520E060C1
:10A9F000204610BD10B5FEF74EFC04460CB10620F3
:10AA0000E060204610BD2DE9F05F81468A460027B0
:10AA1000BB46FFF7E6FF8046002611E059F8260006
:10AA20001DF041FC0446FFF7BCFF074616B9C8F805
:10AA3000087003E039465846FFF759FEBB46761CBE
:10AA4000B8F1000F01D05645E8DB4046BDE8F09F65
:10AA50002DE9F05F81468A460027BB46FFF7C1FF1C
:10AA60008046002611E059F826001DF07FFF0446BD
:10AA7000FFF797FF074616B9C8F8087003E0394694
:10AA80005846FFF734FEBB46761CB8F1000F01D0E4
:10AA90005645E8DB4046BDE8F09F2DE9F047074604
:10AAA00088460025A946FFF79CFF0646002410E0D3
:10AAB00007EBC400D0E900211046FFF772FF0546FE
:10AAC0000CB9B56003E029464846FFF710FEA946D9
:10AAD000641C0EB14445EBDB3046BDE8F0872DE940
:10AAE000F047074688460025A946FFF77AFF064645
:10AAF00000240DE057F82400FFF765FF05460CB968
:10AB0000B56003E029464846FFF7F1FDA946641CFD
:10AB10000EB14445EEDB3046BDE8F0872DE9F04745
:10AB2000054689464FF0000815B90020BDE8F087BA
:10AB3000FEF7B1FB04461CB90020F7E760030020D4
:10AB4000E86820F48070E06068696061D5E906011A
:10AB5000C4E90601286950B12869FEF770FB20613D
:10AB6000206920B92046FEF7A3FB0020DEE7286A13
:10AB700050B1286AFEF763FB2062206A20B92046A4
:10AB8000FEF796FB0020D1E7B9F1000F01D1204676
:10AB9000CCE7AF6816E001213846FFF7BFFF064655
:10ABA00026B92046FEF784FB0020BFE7B8F1000F6E
:10ABB00005D0C8F80060C6F80480B04601E0A66081
:10ABC000B0463F68002FE6D12046AFE7014655E08A
:10ABD0000278202A01D1401C50E00278092A01D1D4
:10ABE000401C4BE002780D2A01D1401C46E002785F
:10ABF0000A2A01D1401C41E002782F2A0BD1427869
:10AC00002F2A08D100E0401C0278002A36D00278B2
:10AC10000A2A33D0F7E702782F2A0ED142782A2A5F
:10AC20000BD100E0401C02782AB102782A2AF9D11F
:10AC300042782F2AF6D1801C20E00278222A19D1EE
:10AC400010F8012B01F8012B0AE002785C2A03D1ED
:10AC500010F8012B01F8012B10F8012B01F8012B42
:10AC6000027812B10278222AEFD110F8012B01F8F4
:10AC7000012B03E010F8012B01F8012B0278002AC8
:10AC8000A6D10A707047000010B5044600BF00BF8F
:10AC90004FF48C7120461AF0D5FD10BD10B5044656
:10ACA00004B910BD4FF48C71204600F07FFF00BF47
:10ACB000F7E7F0B503460C46154600BF00BF00BFDE
:10ACC00000BF802D05D0C02D06D0B5F5807F09D1FD
:10ACD00005E00A20186008E00C20186005E00E204E
:10ACE000186002E06FF01F00F0BD00BF03F1080123
:10ACF0005960002216E014F82200012606EB8206B5
:10AD0000A65D40EA0620022606EB8206A65D40EA22
:10AD10000640032606EB8206A65D40EA066041F87F
:10AD20002200521CB2EB551FE5D318680A2804D044
:10AD30000C2831D00E282ED165E0002229E0FE4EED
:10AD400056F8226008687040CE68C6F30726FB4FAD
:10AD5000BE5D7040CE68C6F30746BE5D80EA06263B
:10AD6000C868000E385C86EA0040CE68F6B2BE5D68
:10AD700080EA066008610E694868704048614E6963
:10AD80008868704088618E69C8687040C861521CCC
:10AD900010310A2AD3D388E0002231E0E64E56F87B
:10ADA0002260086870404E69C6F30726E34FBE5D17
:10ADB00070404E69C6F30746BE5D80EA06264869C4
:10ADC000000E385C86EA00404E69F6B2BE5D80EA4D
:10ADD000066088618E6948687040C861CE6988687D
:10ADE000704008620E6AC868704048624E6A08691E
:10ADF000704088628E6A48697040C862521C18317F
:10AE0000082ACBD351E000224CE0CB4E56F822600A
:10AE100008687040CE69C6F30726C84FBE5D704013
:10AE2000CE69C6F30746BE5D80EA0626C869000EF5
:10AE3000385C86EA0040CE69F6B2BE5D80EA066004
:10AE400008620E6A4868704048624E6A88687040BE
:10AE500088628E6AC8687040C862CE6AF6B2BE5D0B
:10AE600008697040CE6AC6F30726BE5D80EA0620F8
:10AE7000CE6AC6F30746BE5D80EA0646C86A000E83
:10AE8000385C86EA006008630E6B4869704048636E
:10AE90004E6B8869704088638E6BC8697040C86368
:10AEA000521C2031072AB0D300BF00BF00201BE78F
:10AEB0002DE9F04FC7B006468A46934600BF00BF53
:10AEC00000BF00BF01A8FFF7DFFE06F108057560AF
:10AED0005A46514601A8FFF7ECFE5FEA000900D090
:10AEE00049E001983060DDE9011000EB011401CC6C
:10AEF00001C501CC01C501CC01C501CC01C530683B
:10AF0000471E203C2CE04FF0000824E02068C0B22F
:10AF10008A49085C8A4951F820002168C1F3072159
:10AF2000864A515C874A52F8211048402168C1F393
:10AF30000741824A515C844A52F8211048402168F6
:10AF4000090E7E4A515C814A52F82110484001C5E1
:10AF500008F10108241DB8F1040FD7DB7F1E203C47
:10AF6000002FD0DC01CC01C501CC01C501CC01C54D
:10AF700001CC01C500BF01A8FFF790FE484647B0CD
:10AF8000BDE8F08FF0B589B006460C4615467068EE
:10AF900008902078617840EA0120A17840EA0140D9
:10AFA000E17840EA01600790089800680899091D57
:10AFB00008910799484007902079617940EA01207B
:10AFC000A17940EA0140E17940EA016006900898E1
:10AFD00000680899091D0891069948400690207A52
:10AFE000617A40EA0120A17A40EA0140E17A40EA30
:10AFF00001600590089800680899091D0891059955
:10B0000048400590207B617B40EA0120A17B40EA1B
:10B010000140E17B40EA01600490089800680899CB
:10B02000091D089104994840049001213068C1EB42
:10B03000600719E100BF089800680899091D089188
:10B040000799C9B2424A52F8211048404149069A2C
:10B05000C2F3072251F8221048403F49059AC2F333
:10B06000074251F8221048400499090E3B4A52F811
:10B07000211048400390089800680899091D08911C
:10B080000699C9B2324A52F8211048403149059A0E
:10B09000C2F3072251F8221048402F49049AC2F304
:10B0A000074251F8221048400799090E2B4A52F8DE
:10B0B000211048400290089800680899091D0891DD
:10B0C0000599C9B2224A52F8211048402149049AF0
:10B0D000C2F3072251F8221048401F49079AC2F3D1
:10B0E000074251F8221048400699090E1B4A52F8AF
:10B0F000211048400190089800680899091D08919E
:10B100000499C9B2124A52F8211048401149079ACD
:10B11000C2F3072251F8221048400F49069AC2F3A1
:10B12000074251F8221048400599090E0B4A52F87F
:10B1300021104840009013E050B10200508F0200EF
:10B1400050A1020050A5020050A9020050AD02001B
:10B15000509002005094020050980200509C02004F
:10B1600000BF00BF089800680899091D089103995D
:10B17000C9B2FE4A52F821104840FD49029AC2F372
:10B18000072251F822104840FA49019AC2F30742B7
:10B1900051F8221048400099090EF74A52F8211040
:10B1A00048400790089800680899091D089102997D
:10B1B000C9B2EE4A52F821104840ED49019AC2F353
:10B1C000072251F822104840EA49009AC2F3074288
:10B1D00051F8221048400399090EE74A52F821100D
:10B1E00048400690089800680899091D089101993F
:10B1F000C9B2DE4A52F821104840DD49009AC2F334
:10B20000072251F822104840DA49039AC2F3074254
:10B2100051F8221048400299090ED74A52F82110DD
:10B2200048400590089800680899091D0891009900
:10B23000C9B2CE4A52F821104840CD49039AC2F310
:10B24000072251F822104840CA49029AC2F3074225
:10B2500051F8221048400199090EC74A52F82110AE
:10B260004840049000BF7F1E002F3FF7E3AE00BFB1
:10B27000089800680899091D08910799C9B2BB4A46
:10B2800052F821104840BA49069AC2F3072251F8F1
:10B2900022104840B749059AC2F3074251F82210DC
:10B2A00048400499090EB44A52F8211048400390CE
:10B2B000089800680899091D08910699C9B2AB4A17
:10B2C00052F821104840AA49059AC2F3072251F8C2
:10B2D00022104840A749049AC2F3074251F82210AD
:10B2E00048400799090EA44A52F82110484002909C
:10B2F000089800680899091D08910599C9B29B4AE8
:10B3000052F8211048409A49049AC2F3072251F892
:10B31000221048409749079AC2F3074251F8221079
:10B3200048400699090E944A52F82110484001906D
:10B33000089800680899091D08910499C9B28B4AB8
:10B3400052F8211048408A49079AC2F3072251F85F
:10B35000221048408749069AC2F3074251F822104A
:10B3600048400599090E844A52F82110484000903F
:10B3700000BF089800680899091D08910399C9B28F
:10B380007E4A515C48401146029AC2F30722895C0A
:10B3900080EA01217948019AC2F30742805C81EA80
:10B3A00000410098000E754A105C81EA0060079029
:10B3B000089800680899091D08910299C9B2515C62
:10B3C00048401146019AC2F30722895C80EA0120B5
:10B3D0006A49009AC2F30742895C80EA01410398F6
:10B3E000000E664A105C81EA0060069008980068CA
:10B3F0000899091D08910199C9B2515C484011464C
:10B40000009AC2F30722895C80EA01215B48039A13
:10B41000C2F30742805C81EA00410298000E574A5D
:10B42000105C81EA00600590089800680899091D81
:10B4300008910099C9B2515C48401146039AC2F381
:10B440000722895C80EA01214C48029AC2F3074234
:10B45000805C81EA00410198000E484A105C81EA54
:10B4600000600490079828700798000A6870079891
:10B47000000CA8700798000EE870069828710698CE
:10B48000000A68710698000CA8710698000EE87111
:10B49000059828720598000A68720598000CA87231
:10B4A0000598000EE872049828730498000A6873DF
:10B4B0000498000CA8730498000EE873042107A8F0
:10B4C00000F074FB042106A800F070FB042105A81D
:10B4D00000F06CFB042104A800F068FB042103A821
:10B4E00000F064FB042102A800F060FB042101A825
:10B4F00000F05CFB0421684600F058FB042108A81A
:10B5000000F054FB002009B0F0BD70B504460D46B4
:10B510001646324629462046FFF734FD70BDF0B589
:10B5200089B006460C461546706808902078617808
:10B5300040EA0120A17840EA0140E17840EA016058
:10B540000790089800680899091D089107994840D4
:10B5500007902079617940EA0120A17940EA014011
:10B56000E17940EA01600690089809E050900200F5
:10B570005094020050980200509C0200508F02002C
:10B5800000680899091D0891069948400690207A9C
:10B59000617A40EA0120A17A40EA0140E17A40EA7A
:10B5A00001600590089800680899091D089105999F
:10B5B00048400590207B617B40EA0120A17B40EA66
:10B5C0000140E17B40EA0160049008980068089916
:10B5D000091D089104994840049001213068C1EB8D
:10B5E000600704E100BF089800680899091D0891E8
:10B5F0000799C9B2FE4A52F821104840FD49049A01
:10B60000C2F3072251F822104840FB49059AC2F3C1
:10B61000074251F8221048400699090EF74A52F89D
:10B62000211048400390089800680899091D089166
:10B630000699C9B2EE4A52F821104840ED49079ADE
:10B64000C2F3072251F822104840EB49049AC2F392
:10B65000074251F8221048400599090EE74A52F86E
:10B66000211048400290089800680899091D089127
:10B670000599C9B2DE4A52F821104840DD49069AC0
:10B68000C2F3072251F822104840DB49079AC2F35F
:10B69000074251F8221048400499090ED74A52F83F
:10B6A000211048400190089800680899091D0891E8
:10B6B0000499C9B2CE4A52F821104840CD49059AA2
:10B6C000C2F3072251F822104840CB49069AC2F330
:10B6D000074251F8221048400799090EC74A52F80C
:10B6E00021104840009000BF00BF089800680899EA
:10B6F000091D08910399C9B2BD4A52F8211048406A
:10B70000BC49009AC2F3072251F822104840BA49B6
:10B71000019AC2F3074251F8221048400299090EDB
:10B72000B64A52F8211048400790089800680899D6
:10B73000091D08910299C9B2AD4A52F8211048403A
:10B74000AC49039AC2F3072251F822104840AA4993
:10B75000009AC2F3074251F8221048400199090E9D
:10B76000A64A52F8211048400690089800680899A7
:10B77000091D08910199C9B29D4A52F8211048400B
:10B780009C49029AC2F3072251F8221048409A4974
:10B79000039AC2F3074251F8221048400099090E5B
:10B7A000964A52F821104840059008980068089978
:10B7B000091D08910099C9B28D4A52F821104840DC
:10B7C0008C49019AC2F3072251F8221048408A4955
:10B7D000029AC2F3074251F8221048400399090E19
:10B7E000864A52F821104840049000BF7F1E002F67
:10B7F0003FF7F8AE00BF089800680899091D089146
:10B800000799C9B27A4A52F8211048407949049AF6
:10B81000C2F3072251F8221048407749059AC2F333
:10B82000074251F8221048400699090E734A52F80F
:10B83000211048400390089800680899091D089154
:10B840000699C9B26A4A52F8211048406949079AD4
:10B85000C2F3072251F8221048406749049AC2F304
:10B86000074251F8221048400599090E634A52F8E0
:10B87000211048400290089800680899091D089115
:10B880000599C9B25A4A52F8211048405949069AB6
:10B89000C2F3072251F8221048405749079AC2F3D1
:10B8A000074251F8221048400499090E534A52F8B1
:10B8B000211048400190089800680899091D0891D6
:10B8C0000499C9B24A4A52F8211048404949059A98
:10B8D000C2F3072251F8221048404749069AC2F3A2
:10B8E000074251F8221048400799090E434A52F87E
:10B8F00021104840009000BF089800680899091D71
:10B9000008910399C9B23E4A515C48401146009AD9
:10B91000C2F30722895C80EA01213948019AC2F307
:10B920000742805C81EA00410298000E344A105CB4
:10B9300081EA00600790089800680899091D08913D
:10B940000299C9B2515C48401146039AC2F30722DA
:10B95000895C80EA01202A49009AC2F30742895C87
:10B9600080EA01410198000E254A105C81EA0060DE
:10B970000690089800680899091D08910199C9B2B4
:10B98000515C48401146029AC2F30722895C80EA62
:10B9900001211B48039AC2F30742805C81EA0041FF
:10B9A0000098000E164A105C81EA00600590089825
:10B9B00000680899091D08910099C9B2515C484076
:10B9C0001146019AC2F30722895C80EA01210C48E2
:10B9D000029AC2F30742805C81EA00410398000E9C
:10B9E000074A105C81EA006004900798287009E01B
:10B9F00050A1020050A5020050A9020050AD020063
:10BA000050A002000798000A68700798000CA87000
:10BA10000798000EE870069828710698000A687169
:10BA20000698000CA8710698000EE8710598287217
:10BA30000598000A68720598000CA8720598000E17
:10BA4000E872049828730498000A68730498000C3C
:10BA5000A8730498000EE873042107A800F0A6F864
:10BA6000042106A800F0A2F8042105A800F09EF821
:10BA7000042104A800F09AF8042103A800F096F825
:10BA8000042102A800F092F8042101A800F08EF829
:10BA90000421684600F08AF8042108A800F086F81E
:10BAA000002009B0F0BD70B504460D46164632467A
:10BAB00029462046FFF733FD70BD2DE9F0410746CA
:10BAC0000C4615461E4600BF00BF00BF00BF00BFAA
:10BAD00000BF00BF00BF012C06D1324629463846C0
:10BAE000FFF750FABDE8F081324629463846FFF7A5
:10BAF00016FDF7E72DE9FF47824689461646984628
:10BB0000DDE90C7500BF00BF00BF00BF00BF00BF74
:10BB100000BF00BF00BF00BF16F00F0F04D06FF0D2
:10BB2000210004B0BDE8F087B9F1000F20D11CE07E
:10BB300010223946684619F097FD2B463A46494689
:10BB40005046FFF7BAFF002405E0285D18F80410FE
:10BB500048402855641C102CF7DB102269464046EB
:10BB600019F082FD10371035103E002EE0D11AE09A
:10BB700017E0002405E0385D18F804104840285507
:10BB8000641C102CF7DB2B462A4649465046FFF72B
:10BB900094FF10222946404619F066FD10371035F3
:10BBA000103E002EE5D10020BBE7000070B5054631
:10BBB0000C4600BF00BF2CB1224600212846024B94
:10BBC0001B68984770BD00006803002070B50446EC
:10BBD0000D46206D00B970BD00BF00BFA9082A4600
:10BBE000D4E91303984700BFF5E710B50446606D2C
:10BBF00008B9002010BD616DE06C8847022803D1B0
:10BC000000BF00BFC01EF5E70020F3E710B500221B
:10BC100003E004786240401C491E0029F9D1134614
:10BC200000BF10BD30B50446204615680560556854
:10BC300045600830157A0570401CB2F8095005803F
:10BC4000801C95692D0A057095694570801C051B3F
:10BC50000D6030BD0146D1E90102904201D00120C2
:10BC600070470020FCE72DE9F04705460E461746D1
:10BC70009846DDE908A93146284619F0C1FD42463B
:10BC80003946284619F0F0FCA6EB090005440024CB
:10BC900005E0285D1AF8041048402855641C4C45FE
:10BCA000F7D3BDE8F0872DE9FF4F9BB00D46144652
:10BCB0009A4600201A901B9000BF00BF2DB900BF0C
:10BCC00000BFFE481FB0BDE8F08F5CB1E06848B12E
:10BCD000D4E90401884205D3D4E90401401AA169DA
:10BCE000884203D200BF00BFF448EBE76169E06817
:10BCF0004618D4E9051008442169A1EB000800BFEB
:10BD000000BF05F14C0001F02BFA0746A069B0F521
:10BD1000804F03D900BF00BFE948D3E7D4E905103D
:10BD200008442169A1EB0008072F01D0022F3DD163
:10BD3000E868404503D900BF00BFE248C2E7D5F834
:10BD4000CC00012822DB22460DA90EA8D5F8CC3064
:10BD5000FFF768FF0EA905F134000D9A0AF027FCE1
:10BD6000314605F13400A2690AF021FC01A905F170
:10BD700034000AF02DFC05F134000AF063FCEA6897
:10BD8000A169881901A919F06FFC03E000BF00BF89
:10BD9000CA4897E700BF00BFA069E9680844A061EE
:10BDA000E868A8EB00081A98401C1A90062F03D0E8
:10BDB000082F01D00A2F67D16FF06D000C90284634
:10BDC000FFF748FF08902869404503D900BF00BF2E
:10BDD000BC4877E7A3464FF008095C46CDE900B9B7
:10BDE00005F114020C2109A8AB68FFF73CFF2246BD
:10BDF0000DA90EA8D5F8CC30FFF714FF00BF00BF87
:10BE000000BF00BF00BF00BF00BF00BF2869A1691D
:10BE1000314404F11802CDE90362CDE90510A069AF
:10BE20000D99CDE9001602900EAB09A905F14C0061
:10BE30006A6814F014FF0C9018B100BF00BF0C9892
:10BE400040E700BF00BFA06929690844A0612869D4
:10BE5000A8EB0008089898B16069484503D200BF74
:10BE600000BF98482EE7A6EB09004A46594619F04C
:10BE7000FBFB6069A0EB09006061A0694844A06118
:10BE80001A98401C1A907EE0022F78D16FF06D0056
:10BE90000C90A069401C6968B0FBF1F201FB120034
:10BEA000A1EB00096868484501D14FF0000909F18C
:10BEB0000100804503D200BF00BF824802E74FF077
:10BEC000000B05E0A169594406F801900BF1010B44
:10BED000CB45F7D909F10100A1690844A06109F136
:10BEE0000100A8EB0008D5F8CC0002281EDBBAF14F
:10BEF000000F03D100BF00BF7048E3E660696968C6
:10BF0000884203D200BF00BF6E48DBE605F1140192
:10BF10006A682898D0470C900C9808B10C98D1E624
:10BF20006A68B01A05F1140119F09EFB00BF00BF4A
:10BF30000BA9A069CDE901610090334605F1140118
:10BF400005F14C006A6814F045FE0C9018B100BF72
:10BF500000BF0C98B6E6A0690B99884203D000BFD9
:10BF600000BF5648AEE66868361A60696968401ACC
:10BF70006061A06969680844A06104E0FFE700BF50
:10BF800000BF4E489EE61A98012803D000BF00BFAC
:10BF90004A4897E600BF00BF002093E62DE9F74F1F
:10BFA000BEB00D4614464FF0000A00264FF00109BE
:10BFB00000203E9000BF00BF5CB1E06848B1D4E90A
:10BFC0000401884205D3D4E90401401AA1698842DA
:10BFD00005D200BF00BF394841B0BDE8F08F6169AC
:10BFE000E068471805F18C0001F0BAF88046B8F116
:10BFF000060F05D0B8F1080F02D0B8F10A0F70D1C2
:10C000004FF0080B2846FFF725FE012811D1A06943
:10C01000584504D200BF00BF29488038DCE72B9781
:10C020005F44606958446061A069A0EB0B00A061A7
:10C0300000E02B94A0692969884204D200BF00BFA8
:10C040001F488038C8E7A0692969401AA0612B9869
:10C05000CDE9000B05F124020C212CA8AB68FFF7F9
:10C0600002FE22462FA930A8D5F8CC30FFF7DAFD22
:10C0700000BF00BF00BF00BF00BF00BF2869A169AB
:10C0800039443DAACDE90372CDE90510A0692F9985
:10C09000CDE90017029030AB2CA905F18C006A683D
:10C0A00014F00EFE3C9088B100BF00BF3C9810F524
:10C0B000C64F09D1024880388EE712E00094FFFF96
:10C0C000008FFFFF0096FFFF3C9885E70AF1010A09
:10C0D000A0693D99884203D000BF00BFFD487BE7BF
:10C0E000DCE0B8F1020F70D14FF0000BD5F8CC00B6
:10C0F000022801DB68688344A06969685944884262
:10C1000005D3A169E8685844401C814203D200BFAE
:10C1100000BFF14860E7A0696968B0FBF1F201FB7C
:10C12000120018B100BF00BFEB4855E7D5F8CC00AE
:10C1300002280FDB394605F124006A6819F094FAE9
:10C14000686807446069696808446061A069696853
:10C15000401AA0613DA9A069CDE9017100903B465C
:10C1600005F1240105F18C006A6814F033FD3C9060
:10C1700018B100BF00BF3C982EE7A0693D998842E6
:10C1800003D000BF00BFD34826E7A069401E3E5C35
:10C19000BAF1010F11D1701CA169814201D30120B4
:10C1A00000E0002009FB00F9701CA169814201D365
:10C1B000012000E00020464315E0A169E868304412
:10C1C000401C814202D3012001E063E0002009FB12
:10C1D00000F9A169E8683044401C814201D3012084
:10C1E00000E000204643761CD5F8CC00002849DD4D
:10C1F000002100222E97D4F818C0ACEB060CCDF825
:10C20000B4C0D4F818C0BCF5807F02D8D4F818C0E8
:10C2100001E04FF4807CCDF8B0C0D4F818E0DDF830
:10C22000B0C0AEEB0C0318461AE0DDF8B4C06045B0
:10C2300002D34FF0010C01E04FF0000C4CEA020277
:10C24000DDF8B8C01CF800C0A6F1010EF44502D11B
:10C250004FF0010C01E04FF0000C02FB0C11401CF0
:10C26000D4F818C08445E0D8B14202D14FF0010C97
:10C2700001E04FF0000C0CEA0909C9EB492C0CEA6B
:10C28000060603E000BF00BF9248A5E6A069801B38
:10C29000A06103E000BF00BF8E489DE6BAF1000F29
:10C2A00072D1A069E968401AA06122462FA930A87E
:10C2B000D5F8CC30FFF7B6FCD5F8CC0000287DDDF2
:10C2C00000202290A069304401900198B0F5807F51
:10C2D00003D90198A0F5807000E000200090802133
:10C2E00002A819F0AFFA286C0AF030FA032806D039
:10C2F000042805D0062804D007281ED10FE000BF6F
:10C3000000BFA0692F990844304408308109A06912
:10C310002F9A10440830A1EB9010229011E0A069F0
:10C320002F99084430441030C109A0692F9A104455
:10C330001030A1EBD010229003E000BF00BF654891
:10C340004AE600BFC9EB092022990840229030A993
:10C3500005F140002F9A0AF02AF9394605F140000C
:10C36000A2690AF024F9A169C8193146FFF74EFC09
:10C3700023A905F140000AF02BF905F1400009F06E
:10C38000BFFF4FF0000B07E048E002A905F14000B5
:10C390000AF0ACF90BF1010B2298401C8345F4D351
:10C3A00002A905F140000AF009F805F140000AF081
:10C3B00049F9DDE90032D21AEB6800E005E0D11856
:10C3C000009AB818FFF722FC03E000BF00BF414805
:10C3D00002E6A069C11923AAEB68229121924FF0CD
:10C3E000000C002010E0DDF888E01EF800E0CDF839
:10C3F00080E0DDF884E01EF800B0DDF880E08EEA31
:10C400000B0E4EEA0C0C401C9842ECD3BCF1000F12
:10C4100001D04FF000090AF1010A00BFB9F1000F85
:10C4200001D12D48D8E5BAF1010F03D000BF00BFFC
:10C430002848D1E500BF00BF0020CDE52DE9F04739
:10C4400004460E466FF06D0544F24D1800BF00BF64
:10C45000E06938B9206A28B900BF00BF1E488030A3
:10C46000BDE8F087A16D206E401AA8EB0000B04235
:10C4700004D200BF00BF18488030F1E700BF00BF02
:10C480003EE0E06F371A2046FFF7AFFB08B1134DCF
:10C4900018E0206A60B1D4F87C90226E02EB0901AA
:10C4A0002268936C3A46D4E908C0E047054609E0A3
:10C4B000D4F87CC0226E02EB0C013A46E369606A54
:10C4C0009847054600BF00BF00BF00BF55B90448EC
:10C4D000C6E700000094FFFF808EFFFF0098FFFF7B
:10C4E000808DFFFF002D01DA2846B9E7BD4200D854
:10C4F00003E000BF00BFF748B2E7E06F2844E06701
:10C50000E06FB042BDD300BF00BF0020A8E70146E6
:10C51000D1F8CC00022801DA00207047D1E90102ED
:10C52000801AFAE770B504460D4604F1900460687D
:10C53000A0F108002060606800F10300A06060685E
:10C5400000F10500E060E0682061A4F190043DB1D5
:10C550002846FFF7DCFFD4F8A0100844C4F8A00078
:10C5600070BD70B504466FF06D0500BF00BFA069D7
:10C5700018B900BF00BFD84870BDD4F8AC0018B9D6
:10C5800000BF00BF0020F7E721E000BF00BFD4F8E4
:10C59000AC10D4F89400461A3146A369D4F8AC2004
:10C5A000606A9847054600BF00BF002D01DC2846A1
:10C5B000E2E7D4F8AC00A84200D303E000BF00BF1C
:10C5C000C448D9E7D4F8AC00401BC4F8AC00D4F898
:10C5D000AC000028D9D1D4F88C000830C4F89400FD
:10C5E0002046216CFFF79EFF00BF00BF0020C3E77D
:10C5F00010B51870597010BD2DE9F04F89B0044680
:10C6000088464FF0000BD4F8A860CDF8208000BF1A
:10C6100000BFBBF1000F7DD144F24D1AD4F894C095
:10C620000CF10103D4F800C0DCF850C0CCF3400298
:10C63000D4E90201FFF7DCFFD4F89010D4F8B02061
:10C640000A60D4F8B4004860300AD4F89810087032
:10C65000D4F898104E70206C002852D0D4F89C006A
:10C660000490D4F88C10D4F89C00401AAAEB000077
:10C670000590D4F8A8000790D4F8A0000499401AB7
:10C680000690D4F8900001680191406802902368F8
:10C690001B6DC3F340020DF10D03D4E90201FFF756
:10C6A000A7FFD4F8A400C0B28DF80C002068C069C0
:10C6B00000902068836901AA2046216CFFF7F3FAF5
:10C6C0005FEA000905D000BF00BF484609B0BDE8D9
:10C6D000F08F069818B100BF00BF7E48F6E79DF8BE
:10C6E0000C0004F19804E060079806462061079862
:10C6F0004FEA102021680870079854F8981948707C
:10C7000000BF204600F036FD8719D4F89410D4F805
:10C71000A40000E02FE0087000BF00BF00BF00BF12
:10C7200004F14004E06E3844E066606D38446065B2
:10C7300054F840192046FFF7F5FE08250CE0681E66
:10C7400004F1B001085C401C10F0FF02A5F10100EB
:10C750000A5400D004E06D1E00BF0020A842EED3B2
:10C7600000BF00BF0020A84204D100BF00BF59484D
:10C770008030ABE700BF0898012809D12046FFF7B9
:10C78000F0FE5FEA000903D000BF00BF48469DE706
:10C7900000BF00BF002099E72DE9F04104466FF08B
:10C7A0006D07D4F8A800051FD4F8A000067800BFD4
:10C7B00000BFD4F8A400162808D0D4F8A400142888
:10C7C00004D000BF00BF4348BDE8F081D4F8A40006
:10C7D000162800D12EB1A06B18B900BF00BF3D488C
:10C7E000F2E7D4F8A800B0F5804F03D900BF00BF2E
:10C7F0003848E9E7D4F8A400162813D1280C54F8D7
:10C80000A01F4870280A2168887054F8A019CD70BC
:10C8100046B1D4F8A820D4F8A010A06BD0F85831B5
:10C820002046984701212046FFF7E6FE070003D087
:10C8300000BF00BF3846C7E700BF00BF0020C3E706
:10C840000146C86E40780004CA6E927840EA022021
:10C85000CA6ED2781043704770B5044600BF0420FA
:10C86000A16F884203D900BF00BF1C4870BD00BF44
:10C8700004252046FFF7E4FF2844C4F8800000BFE9
:10C8800000BFD4F88010A06F884204D200BF00BF60
:10C8900011488030EAE70020E8E770B50446A56B50
:10C8A0006068102808D03DB1D4F88020E16EA06BFC
:10C8B000D0F858312046984770BD0146162907D058
:10C8C000152905D0142903D0172901D00348704732
:10C8D0000020FCE70094FFFF008FFFFF008EFFFFAA
:10C8E00010B51C7804605C780C6010BD2DE9F04F29
:10C8F00085B006460D4691461C464FF0000A4FF0A3
:10C90000010B4FF001080220029008200190022044
:10C91000009008F10207B81C814505D200BF00BF96
:10C92000FD4805B0BDE8F08F28782072207AFFF727
:10C93000C4FF18B100BF00BFF748F2E715F80800C0
:10C94000607208F10100295CA1723068006DC0F3CB
:10C95000400204F1090303A904A8FFF7C1FFB0686E
:10C960000499884203D000BF00BFEB48D9E7306884
:10C9700090F84D000399884203DA00BF00BFE648F3
:10C98000CFE7F06D0168216040686060B81C6061AD
:10C99000781C285CE95D40EA0120A06100BF00BF6F
:10C9A00000BF00BFE560D4E9050108442061A0692B
:10C9B00008B9D948B5E70020B3E72DE9F0410446AE
:10C9C0000D46002700BF00BF002F50D1E06B0028AC
:10C9D0004DD095F808802A462046E16BFFF7DEFA35
:10C9E000060004D000BF00BF3046BDE8F081287AC1
:10C9F000404501D000BF00BF00BF00BFA869B0B96B
:10CA0000E068032806D1287A172803D000BF00BFAA
:10CA1000C148EAE754F8840F401C206054F88409A8
:10CA2000032807DD00BF00BFBB488030DDE70020E2
:10CA3000C4F8840008210CE0481EE26D105C401C24
:10CA400010F0FF02A1F10100E36D1A5400D004E0E0
:10CA5000491E00BF00208842EED300BF00BF002067
:10CA6000884203D100BF00BFAC48BEE700BFA06F43
:10CA7000B0F5804F03D900BF00BFA748B5E700203D
:10CA8000B3E770B504466FF06D05606F162806D1E8
:10CA90002046FFF7E1FE050001D0284670BD606F1B
:10CAA00014280ED1A06F012803D000BF00BF9A4800
:10CAB000F4E7E06E0078012803D000BF00BF96487D
:10CAC000ECE7606F152829D1A06F022803D000BFC2
:10CAD00000BF9148E2E700BF00BFE06E0078022887
:10CAE00003D100BF00BF8E48D8E7E06E0078012870
:10CAF00006D1E06E407818B900BF00BF8948CDE785
:10CB0000E06E0078012807D1E06E4078642803D1F8
:10CB100000BF00BF0020C1E78348BFE70020BDE79A
:10CB2000016E0839C165016EC91C4166016E491D5F
:10CB30008166816EC166704770B588B004466FF03B
:10CB40006D0500BF0520064631462046FFF776FCFE
:10CB5000054625B100BF00BF284608B070BD01AB37
:10CB60002046E26F216EFFF7C1FE05460DB1284653
:10CB7000F3E720460599FFF761FC05461DB100BFAC
:10CB800000BF2846E9E70020E06701A92046FFF73B
:10CB900014FF050001D02846DFE72046FFF7C0FF5D
:10CBA000606E801CA0669DF80C0060679DF80C000C
:10CBB000216E0870069904980844E0660798A067FB
:10CBC0000798000A616E08700798616E487000202F
:10CBD000C3E70146886F08B1012070470020FCE7D9
:10CBE00070B50446D4F8800000B3206F20B100BFB8
:10CBF00000BF4A48803870BDA16FD4F880008842D9
:10CC00000ED2D4F88010A06F401AA067D4F88050DC
:10CC1000E36E59191846A26F18F06BFD00BF01E0D2
:10CC20000020A0670020C4F8800005E0206F08B154
:10CC30000020E0E70020A0670020DCE770B5054693
:10CC40000E466FF06D0400BF00BFD5F8880088BBAA
:10CC500000BF2846FFF7C4FF04460CB1204670BD54
:10CC60002846FFF7B6FF60B92846FFF765FF044680
:10CC700014F5CB4F00D109E01CB100BF00BF204626
:10CC8000EDE72846FFF7FDFE044600BF14F5CD4F43
:10CC9000DFD014F5CB4FDCD01CB100BF00BF204665
:10CCA000DDE7686F16280BD1012E09D12846FFF762
:10CCB000F4FD05E0FFE700BF00BF0020C5F88800D5
:10CCC00000BF00BF0020CAE72DE9F04104460D4631
:10CCD00016466FF06D070CB1206810B91348BDE817
:10CCE000F08100BF00BF00BF00BF152004F1A00409
:10CCF00060604FF00200A0602068057054F8A00941
:10CD000046704FF001012046FFF776FC07000FD078
:10CD100000BF00BF3846E2E7008EFFFF8094FFFFB0
:10CD20008088FFFF8087FFFF8099FFFF008FFFFF54
:10CD300000BF00BF0020D2E710B504462822022120
:10CD40002046FFF7C1FF10BD70B504466FF06D05BA
:10CD500000BF00BF1420C4F8A4000120C4F8A8003C
:10CD6000D4F8A01008706068401C60602046FFF78F
:10CD700013FD050003D000BF00BF284670BD00BFF3
:10CD800000BF0020FAE770B504466FF06D0500BFE4
:10CD900000BF01212046FFF751FF050003D000BF6F
:10CDA00000BF284670BD606F142808D000BF00BFC8
:10CDB0000A2202212046FFF787FFF248F2E700BF70
:10CDC00000BFA06CE063606BA0620021E06D0160B9
:10CDD00041602046FFF7A4FE6068401C606000BF11
:10CDE00000BF0020DEE710B50446D4F88C00083000
:10CDF000C4F89400A06D0830206600212046FFF79B
:10CE000091FB2046FFF78CFE10BD0146086F08B964
:10CE100000207047886FFCE70146D1F888000128A0
:10CE200002D100BF00BF7047D1F8800040B18A6FC7
:10CE3000D1F88000904203D200BF00BF0120F2E78A
:10CE4000086F18B100BF00BF0120ECE700BF00BFB2
:10CE50000020E8E72DE9F04106460025346C304615
:10CE600000F088F9804614B94046BDE8F08104F12D
:10CE70004C0000F075F9801E09281ED2DFE800F092
:10CE80000A1D1D1D0508061D070000BF00BF00BFCD
:10CE9000256816E000BF00BF00BF00BFE06C08B906
:10CEA000002001E0E06C40690746E06805443D442D
:10CEB000F068022800DB3D4403E000BF00BFB24839
:10CEC000D3E700BF08EB0500CFE72DE9F0410446AA
:10CED0000F4690466FF06D050CB1206810B9AB4855
:10CEE000BDE8F08100BF00BF606810280BD020466D
:10CEF00001F026FE054615F5D64F04D01DB100BF42
:10CF000000BF2846ECE770E0606D48B1616DE06CF1
:10CF10008847401C04D12068816C2046FEF756FEED
:10CF200001212046FFF78AFE050008D015F5E54FE0
:10CF300001D10020D4E700BF00BF2846D0E7A06F92
:10CF400088B9606F17280ED101212046FFF776FEC1
:10CF5000050008D015F5E54F01D10020C0E700BF5E
:10CF600000BF2846BCE7606F162826D100BF00BF6F
:10CF70002068006DC0F3000060B9E06E007828B949
:10CF800000BF0420D4F88010884203D000BF00BF47
:10CF90007C48A5E700BF00BFE068012808DB6422E9
:10CFA00001212046FFF790FE050005D0284697E7AF
:10CFB00000BF00BF744893E717E0606F152803D1E6
:10CFC00000BF00BF72488BE7606F172803D000BF17
:10CFD00000BF6C4884E7E06E20676068102803D1CA
:10CFE00000212046FEF7F2FD00BF206F00288BD005
:10CFF000A06F404501D9404600E0A06F064632468A
:10D000003846216F18F030FBA06F801BA067A06F1F
:10D0100020B900202067C4F8880002E0206F304467
:10D02000206700BF00BF30465AE72DE9F0410446B3
:10D0300088461546204601F059FB06463746002E25
:10D0400004DA00BF00BF3046BDE8F081BD4200D920
:10D050003D46D4F8AC0040B12046FFF782FA060006
:10D0600019D000BF00BF3046EEE704F1A004A56070
:10D070004FF01700606054F8A0092A46414618F0A6
:10D08000F3FA01212046FFF7B7FA060003D000BFEC
:10D0900000BF3046D8E72846D6E72DE9F0410446E0
:10D0A0000D4616466FF06D0700BF00BF0CB120683B
:10D0B00010B93648BDE8F0816068102808D02046D5
:10D0C00001F03EFD070003D000BF00BF3846F1E786
:10D0D000324629462046FFF7A8FF074600BF00BF9B
:10D0E0003846E7E770B504466FF06D050CB120686F
:10D0F00008B9264870BD00BF00BFD4F8AC0018B115
:10D100002046FFF72EFAF5E7606810280AD10022C2
:10D1100001212046FFF7D8FD050003D000BF00BF66
:10D120002846E7E700BF00BF0020E3E710B504464C
:10D1300004B910BD04F14C0013F090FA04F18C0016
:10D1400013F08CFA04F1340008F0FCFF04F1400005
:10D1500008F0F8FFD0212046FEF728FD00BFE8E7E1
:10D16000014600BF00BF086808B900207047086882
:10D170004078FBE70146D1F89420D1F89C00801A52
:10D18000704700000089FFFF0094FFFF008FFFFF42
:10D190000097FFFF0146887A0B280FD2DFE800F0E6
:10D1A0000E06080A0C0E0E070E090B0000BF00BF8A
:10D1B00000BF00BF00BF00BF012070470020FCE798
:10D1C00001704170704710B50446206E38B1206E72
:10D1D00017F0ABFD0020206684F86800606610BD83
:10D1E00010B5044604B910BD2046FFF7ECFF7021CE
:10D1F0002046FEF7DBFC00BFF5E770B505460C46A0
:10D200002846FFF7EDFF70222146284618F0B3FAB2
:10D21000206E98B10120616E17F044FD2866286EDB
:10D2200008B9F84870BDD4E91812286E18F01CFA35
:10D2300094F8680085F86800606E68660020F1E781
:10D240002DE9FF4F97B09946DDF89CB0DDF894A02A
:10D25000002015906FF06D00009001A808F06DFFA0
:10D26000179808F011FF049018B9E7481BB0BDE803
:10D27000F08F049809F064FA0446484618F07EF9E5
:10D280002044504415900120159917F00BFD0546D8
:10D2900015B9DC4800905CE0484618F06FF9074685
:10D2A00028193A46494618F0DFF92919C819524693
:10D2B000249918F0D9F95744012201A8049908F0DB
:10D2C000AFFF009000B144E001A8DDE9181209F0B9
:10D2D00005F929193A4601A809F069F9294601A872
:10D2E00009F076F9002631E001A809F0ABF9E2195E
:10D2F000294601A809F05BF905A901A809F068F918
:10D3000001A809F09FF92246294601A809F04FF922
:10D31000294601A809F05CF93019584504D9BBFB2E
:10D32000F4F004FB10B000E0204616904FF0000827
:10D3300008E005A810F8081006EB080226988154AA
:10D3400008F1010816988045F3D326445E45CBD3F7
:10D3500000BF01A808F0F6FE28461599FEF726FC46
:10D36000402105A8FEF722FC284617F0DEFC0098B5
:10D370007CE72DE9FF4704460D4616461F46DDE9CA
:10D380000D9ADDF8308033462A46214606208DE886
:10D390008007FFF755FF04B0BDE8F0872DE9FF4790
:10D3A00004460D4616461F46DDE90D9ADDF830802D
:10D3B00033462A46214607208DE88007FFF740FFC5
:10D3C00004B0BDE8F0872DE9FE4F04460D46164631
:10D3D0001F46DDE90E9ADDF834804FF0000B032C78
:10D3E00002D0042C06D102E0DFF820B205E0DFF81D
:10D3F00020B202E08748BDE8FE8F00BF8DE800073D
:10D400003A46314628460C9BD847F4E72DE9FF4FB2
:10D41000C9B00446579F0020489000265990C4F890
:10D42000CC704A9802F0BEFC8246BAF1000F06D1D9
:10D4300000BF00BF774880384DB0BDE8F08F9AF844
:10D44000080013F0C5F8054625B900BF00BF7148B4
:10D450008038F1E79AF8090008F016FE8346BBF120
:10D46000000F04D100BF00BF6A488038E4E74FF4E2
:10D47000807008A94022CDE90021029066A23021E7
:10D48000DDF830C1569B4B98E0474890489818B15A
:10D4900000BF00BF4898CFE700BF00BF00BF00BF7C
:10D4A00000BF00BF00BF00BF68684FEAD0096878BE
:10D4B000062805D06878082802D068780A281CD188
:10D4C0000021E16000269AF81C1011F0020F01D033
:10D4D000082100E0102121610C21616069780A298E
:10D4E00002D10C21A16001E00421A160D4E9011264
:10D4F000881A21690144216042E06878072802D037
:10D500006878022838D10122594604F1340008F025
:10D5100087FE489038B90122594604F1400008F0CE
:10D520007FFE489010B100BF00BFC1E0584609F02F
:10D5300007F90646E660E86860606878072802D167
:10D54000E06820601CE0E0686969B0FBF1F201FB73
:10D550001200E1686A691144081A2060022F01D0A4
:10D56000032F04D1D4E900010844206008E000BF83
:10D5700000BF254848909BE000BF00BF22485BE702
:10D5800000BF00BF589818BB08A800EB46000790E2
:10D5900008A800EB460000EB090808A806903044F4
:10D5A0000590A06808B1A06800E06068049008EBEE
:10D5B000090104F11400049A18F056F808EB090266
:10D5C00004981118024604F1240018F04DF804E004
:10D5D00000BF00BF0C4848906AE0012F0DDB1EB36E
:10D5E000324604F13400069908F078FF324604F11F
:10D5F0004000059908F072FF16E000BF00BF024826
:10D60000489055E00081FFFF0094FFFF9DD300008C
:10D6100073D30000808FFFFF6B65792065787061A0
:10D620006E73696F6E000000294604F14C0013F020
:10D6300046F8489010B100BF00BF39E0294604F118
:10D640008C0013F03CF8489010B100BF00BF2FE0F1
:10D6500001236A6804F14C00079913F04BF84890D5
:10D6600010B100BF00BF23E00023414604F18C004D
:10D670006A6813F03FF8489010B100BF00BF17E090
:10D680006878022813D1042104F14C0012F0FFFF46
:10D69000489010B100BF00BF0AE0042104F18C00E3
:10D6A00012F0F5FF489010B100BF00BF00E000BFCE
:10D6B0004FF4807108A8FEF779FA4898BCE62DE986
:10D6C000F043A7B004460D4616464FF00C08676BB2
:10D6D00007B9276B0EB9FAA000E0FDA0814604A8A7
:10D6E00009F09CFE00BF00BFA06B00F1100104A870
:10D6F00009F0A7FE00BF00BF1FA904A80AF06FFE33
:10D7000004A809F094FE20208DE82101A06B1FAB36
:10D710004A463021D0F864C107F13000E04700BF2D
:10D7200000BF20211FA8FEF741FA00BF00BF27B0AD
:10D73000BDE8F08370B59CB004460E46154601A8BE
:10D7400009F06CFE00BF00BFA06B00F1100101A842
:10D7500009F077FE314601A80AF041FE202028603A
:10D7600000BF00BF00BF00BF01A809F060FE1CB0F1
:10D7700070BD2DE9F043C7B004460D4616464FF084
:10D780000C08676B07B9276B0EB9CDA000E0D0A0DD
:10D79000814604A80AF03EFF00BF00BFA06B00F165
:10D7A000800104A80AF049FF00BF00BF3AA904A8FD
:10D7B0000CF02DFA04A80AF036FF30208DE8210184
:10D7C000A06B3AAB4A463021D0F864C107F1300073
:10D7D000E04700BF00BF30213AA8FEF7E7F900BFDD
:10D7E00000BF47B0BDE8F08370B5B6B004460E4642
:10D7F000154668460AF00EFF00BF00BFA06B00F19F
:10D80000800168460AF019FF314668460CF0FFF9BE
:10D810003020286000BF00BF00BF00BF68460AF08C
:10D8200002FF36B070BD034603290BD1072A09D188
:10D83000AB48C3F86401AB48C3F85C01AA48C3F81D
:10D8400060010DE0032909D1A848C3F86401A84884
:10D85000C3F85C01A748C3F8600101E0A64870471F
:10D860000020FCE72DE9FE4F04460D4617466FF0F9
:10D870006D064FF0300B0FF2842804F5B8794FF0A5
:10D88000400A0027D4F8E00120B100BF00BF00200B
:10D89000BDE8FE8F3020CDE900A502904B46424600
:10D8A00004F5D870D4F864C1D4F86C11E04706468A
:10D8B0001EB100BF00BF3046EAE700BF00BF302105
:10D8C00004F5D870FEF772F90020E1E7F0B591B0E9
:10D8D00004466FF06D05A06BD0F8686100BF00BF13
:10D8E000727AE168A06BFFF79EFF054625B100BF85
:10D8F00000BF284611B0F0BD626B02F13001224634
:10D90000A06BFFF7AFFF05461DB100BF00BF284663
:10D91000F0E7A06B00F5B871402201A817F02BFFCB
:10D92000A16B01F5B870202209A917F024FFA16BA3
:10D9300001F5C870202201A917F01DFF402101A8A0
:10D94000FEF734F92068006DC0F30000A26B02F509
:10D95000B872E168CDE90204CDE90021A76BD7F8E0
:10D960006431676B07F130027968A06CFFF74EFDF8
:10D9700005461DB100BF00BF2846BBE7A16B01F5FE
:10D98000B8704021FEF712F900BF00BF0020B1E7D8
:10D990002DE9F0470446DFF87481A06BD0F8689158
:10D9A00000BF00BF4846FFF7F5FB38B900BF00BF16
:10D9B0006068401C60600020BDE8F0872068006D52
:10D9C000C0F3000048B9D4F8B80030B900BF00BFB8
:10D9D0006068401C60600020EEE700BF00BF0725C4
:10D9E00000BFA16B29B1A16B496811B1A16B486857
:10D9F00001E02168886B08B9002100E001680F464A
:10DA000021E0BE6843F6FD70401BB04203D200BF68
:10DA100000BF3F48D0E7C6F3074054F8A01F485561
:10DA2000C6F30721681C22681154A81C22681654EA
:10DA3000ED1CF96854F8A0295019324617F014FE6D
:10DA40003544D7F85071002FDBD1E81F000C54F893
:10DA5000A01F0871E81F000A21684871E81F2168AB
:10DA60008871A560162060600B202168087054F84A
:10DA70009C0C401C44F89C0CA4F1A0042046FEF72A
:10DA80008BFE5FEA000803D000BF00BF404693E76B
:10DA900000BF00BF40468FE72DE9F04704468846A7
:10DAA0006FF06D09606F162836D000BF00BF0A22E4
:10DAB00002212046FFF708F91648BDE8F08700006C
:10DAC000636C69656E742066696E6973686564006D
:10DAD0007365727665722066696E69736865640045
:10DAE0009DD30000E9D7000073D7000073D3000076
:10DAF00035D70000BFD600000094FFFF6D6173743E
:10DB0000657220736563726574000000808FFFFF8B
:10DB1000008BFFFF0089FFFFE06E00780B2806D125
:10DB200000BF0420801DD4F88010884209D900BFAE
:10DB300000BF322202212046FFF7C6F8F848BDE8B0
:10DB4000F08700BF042500BFA81CE16E095C681CBB
:10DB5000E26E105C41EA0026E06E405D38B900BF1D
:10DB60000421F01C0844D4F88010884208D000BF7B
:10DB700000BF322202212046FFF7A6F8E848DEE780
:10DB8000ED1C5AE0E81CD4F88010814208D200BF96
:10DB900000BF322202212046FFF796F8E048CEE788
:10DBA000E06E405D40B100BF00BF3222022120463E
:10DBB000FFF78AF8DA48C2E7A81CE16E095C681C26
:10DBC000E26E105C41EA0026ED1C802E04D3A819F9
:10DBD000D4F88010884208D900BF00BF3222022149
:10DBE0002046FFF771F8CE48A9E7E06E41193246AA
:10DBF00040460FF071F9814619F5225F0CD042F2D0
:10DC00002E6019EB000006D0AE2807D0A0F5185002
:10DC10002E3805D100BF0EE0502703E02B2701E08E
:10DC20002A2700BF3A4602212046FFF74DF800BFE1
:10DC300000BF484683E700BF3544D4F88000A842BF
:10DC4000A0D800BF00BF002079E770B504460E469B
:10DC5000A06BD0F868512846FFF79CFA08B901205C
:10DC600070BD0020FCE730B50446002030BD2DE932
:10DC7000F04F89B004460F4692469B460026A06BA3
:10DC8000D0F8680108900020079017B909B0BDE8E6
:10DC9000F08F206930B100BF00BFD4F81080D4F8F5
:10DCA000149007E000BF00BF2068D0F82C802068E7
:10DCB000D0F830902068C56B2068006C06900DB1DC
:10DCC00001200790606B6C3001A9A1E8010BD4F82A
:10DCD000BC0000902068436B29465046069A10F01D
:10DCE000DAFB06460EB100BF00BF606B00F16C03AB
:10DCF0002068006DC0F3000080F0010250460899D2
:10DD0000FFF7B1FF18B100BF00BF06B9844E012F65
:10DD100006D116F51C5F02D016F5F44F00D100268F
:10DD2000079820B9022F02D100BF00BF7D4E002E00
:10DD30004CD0606BC06E10F4807F01D031253FE085
:10DD4000606BC06E10F0040F01D02A2538E0606BC4
:10DD5000C06E10F4006F01D02B2531E0606BC06EF7
:10DD600010F4805F01D02B252AE0606BC06E10F4A8
:10DD7000005F01D02B2523E0606BC06E10F4004FD4
:10DD800001D02B251CE0606BC06E10F4803F01D0E9
:10DD90002B2515E0606BC06E10F0010F01D02D2512
:10DDA0000EE0606BC06E10F0020F01D02C2507E072
:10DDB000606BC06E10F0080F01D0302500E02E25FA
:10DDC0002A4602212046FEF77FFF00BF30465DE76E
:10DDD0002DE9F04104460D4616466FF06D072021EF
:10DDE000012016F05FFF616B0866606B006E48B93A
:10DDF00000BF00BF502202212046FEF765FF4A48BF
:10DE0000BDE8F081062008F03FF98046606B32469D
:10DE10002946036E404608F0FBFA07460620616B70
:10DE200081F868002020616B48663846E8E7F7B55E
:10DE300004461546019846196FF06D07A16B01F174
:10DE4000080002F085FCA06B00F10802314601A831
:10DE500011F060FB07460FB13448FEBD0020FCE71F
:10DE60002DE9FC5F064600253068006DC0F381088F
:10DE700000200190002400BF00BF41463046FFF75C
:10DE8000E4FE0746012F02D100BF00BF5BE0012185
:10DE90003046FEF7D3FE050002D000BF00BF52E0BF
:10DEA000706BFFF790F94FF4AA71012016F0FAFE9B
:10DEB000044644B900BF00BF502202213046FEF79D
:10DEC00003FF194D3FE020460EF0B0FF21463046DB
:10DED000FFF7E2FD054605B135E0224641463046F2
:10DEE000019BFFF7C4FE054605B12CE0E0680090F9
:10DEF000D4F808A0C82050F80490C42050F804B00A
:10DF000020460EF076FD204616F00FFF0024524604
:10DF100030460099FFF75CFF05464DB113E0000065
:10DF20000086FFFF8089FFFF0081FFFF0094FFFF55
:10DF30005A4649463046FFF77AFF054605B102E0EA
:10DF400000BF00BF00BF15B97068401C70602CB1E5
:10DF500020460EF04EFD204616F0E7FE2846BDE8AE
:10DF6000FC9F70B504460D461646A16B01F11000EA
:10DF7000324629460AF0DAF970BD70B504460D46FE
:10DF80001646A16B01F18000324629460BF0DCFDFC
:10DF900070BD4A7A072A04D1FE4A836BC3F8582120
:10DFA0000AE04A7A072A04D0FB4A836BC3F8582157
:10DFB00002E000BF00BF704700BFFCE710B5044699
:10DFC000A16B01F11000002109F048FAA16B01F1E9
:10DFD000800001210AF03EFB10BD70B504460D46DD
:10DFE0001646A16B01F11000324629460AF09EF94F
:10DFF000A16B01F18000324629460BF0A5FD70BDF2
:10E0000070B50546AC6B04B970BD04F1100009F0A1
:10E010000EFA04F180000AF006FB04F1080002F099
:10E020009DFB4FF4F8712046FDF7C0FD00BFEBE704
:10E0300010B5044600BF00BF2046FFF7E1FFA06B0C
:10E0400016F073FE0020A063606C28B1606CFFF7CF
:10E050006DF8606C16F069FEA06C60640020A0642E
:10E0600000BF00BF10BD70B50446A06BD0F8E051F2
:10E0700000BF00BF206B28B1206BFFF7B1F8206B09
:10E0800016F053FE606B2063002060632068406AD6
:10E0900058B1206BC06840B13DB92368216BD3E90A
:10E0A0000920904708B100BF00BF2046FFF7C0FF1E
:10E0B0006068401C606000BF00BF70BD70B5044662
:10E0C00000BF00BF2046A16CFEF72CFA2068006D4F
:10E0D000C0F30002D4F8A000011DA06BD0F860319D
:10E0E00020469847E06808B9242000E00C20054647
:10E0F000281D04F1380420674FF01600E0664FF049
:10E100001400A16E087054F83809D0F8E00138B155
:10E110002068006DC0F3000028B90F20606002E0A5
:10E120006068401C606000BF00BF04F180000021F7
:10E1300001634163A06C2064606BE0622046FEF7DF
:10E140002BFB060003D000BF00BF304670BD00BFF0
:10E1500000BF0020FAE72DE9FE4F04466FF06D077F
:10E1600000BF00BF2068006DC0F3000080F0010216
:10E17000A06B6946D0F860312046984701212046BF
:10E18000FEF75CFD070004D000BF00BF3846BDE8C5
:10E19000FE8F606F162808D000BF00BF0A22022140
:10E1A0002046FEF791FD7D48F1E70C25E06E0078F2
:10E1B000142806D100BF04202844D4F880108842D7
:10E1C00008D000BF00BF322202212046FEF77CFDAE
:10E1D0007348DCE700BF0420E66E81196A462B46CF
:10E1E0008C4690460026002008E01CF8009018F8A5
:10E1F00000A089EA0A0B4BEA0606401C9842F4D3B9
:10E2000046B100BF00BF322202212046FEF75CFD6E
:10E210006348BCE7A06BD0F8E00138B12068006D1E
:10E22000C0F3000028B90A20606002E06068401C6A
:10E23000606000BF00BF0020A9E710B504464FF49E
:10E24000F871204617F0FEFA04F1100009F0E6F824
:10E25000002104F1100009F001F904F180000AF036
:10E26000D9F9012104F180000AF0F4F94D48C4F80D
:10E27000580100BF00212046FEF7A2FF00BF04F1B5
:10E28000080002F065FA10BD10B50446D021204602
:10E2900017F0D8FA04F14C0012F0D7F904F18C0011
:10E2A00012F0D3F904F1340007F047FF04F1400005
:10E2B00007F043FF10BD10B504467021204617F04B
:10E2C000C1FA10BD10B50446A06C10B1A06CFEF7E9
:10E2D0002DFF606B10B1606BFEF782FFA06B10B179
:10E2E0002046FFF78DFEA06C20B9D021012016F04A
:10E2F000D9FCA064606B20B97021012016F0D2FC1B
:10E300006063A06B28B94FF4F871012016F0CAFCC5
:10E31000A063A06B18B1A06C08B1606B88B900BF96
:10E3200000BFA06B16F001FDA06C16F0FEFC606B48
:10E3300016F0FBFC0020A063A064606318488038DE
:10E3400010BD606BFFF7B7FFA06CFFF79DFFA06BE0
:10E35000FFF773FF0020F3E710B50446C421204601
:10E3600017F070FA10BD2DE9F04104460D466FF02C
:10E370006D0644F24D17B84625600020C4F88C00A5
:10E380003946012016F08EFCA065A06D78B900BF5B
:10E3900000BF09E07BDF000063DF00000089FFFFB2
:10E3A0008081FFFFDBDF0000FE4E803E19E041462A
:10E3B000012016F077FCC4F88C00D4F88C0020B94A
:10E3C00000BF00BFF74E803E0BE02046FEF70BFD7E
:10E3D0002046FFF777FF060000D002E00020BDE8EE
:10E3E000F08154F8580F16F0A0FC606B16F09DFCFD
:10E3F000002044F8580C20606063A0606060E0601A
:10E4000020616061E063A06320646064A064A4F1A3
:10E4100058043046E3E72DE9F041044688466FF0A2
:10E420006D0544F24D1637460020606000212046FD
:10E43000FDF7CCFB0020C4F8C00020672046FEF7A3
:10E44000D2FC002044F8740F6060E06020616061DD
:10E4500020636063A063A4F1740404F180004FF0B2
:10E460000001016341630846E0632064A062E0624A
:10E470003946D4F88C0017F0C3F90020E067314624
:10E48000A06D17F0BDF9606C38B1606CFEF74EFE00
:10E49000606C16F04AFC00206064206B38B1206B81
:10E4A000FEF79EFE206B16F040FC00202063204605
:10E4B000FFF708FF050002D02846BDE8F0810020E4
:10E4C000FBE710B5044600212046FFF7A4FF10BD6E
:10E4D000026D61F3000202657047026D61F3410253
:10E4E00002657047026D61F3830202657047C16285
:10E4F000026370478161C261704701614261704788
:10E5000010B5029C41628261C361046210BD8164E6
:10E5100070472DE9F04104460F4615461E46E76454
:10E520002565666500212046FDF750FBBDE8F081BA
:10E5300070B504460D466FF06D063CB135B1606BA9
:10E5400020B12068006DC0F3000008B1964870BD8E
:10E550002946606BFEF751FE060001D03046F6E713
:10E560000120A16BC1F8E0010020F0E701604160EB
:10E570008160C1607047032A00D07047002B01DB27
:10E58000032B00DDF9E740F8231000BFF5E74163F6
:10E5900070472DE9F04105460E4617460C21012033
:10E5A00016F080FB04461CB97E488038BDE8F08137
:10E5B000266067600020A060286808B92C6007E02A
:10E5C000286800E0806881680029FBD1846000BF72
:10E5D0000020EBE770B504460D4616463246294644
:10E5E00004F13800FFF7D5FF70BDC16302647047C6
:10E5F000016142617047416470472DE9F041044672
:10E600000D46002645B1284616F0B8FF0646FF2EF7
:10E6100002D96548BDE8F081D4F8BC0060B154F877
:10E62000BC0F16F0ABFF074639462068FDF7BEFA6F
:10E6300054F8BC0916F079FB1DB90020C4F8BC00E1
:10E6400015E0711C012016F02DFBC4F8BC00D4F8B5
:10E65000BC0010B953488038DCE732462946D4F86C
:10E66000BC0017F001F80020D4F8BC108855002039
:10E67000D0E780F84C1080F84D20704780F84E109D
:10E6800080F84F207047026D61F3051202657047F4
:10E690000146086B10B1086BC06E7047486B10B133
:10E6A000486BC06EF9E74FF0FF30F6E710B504464F
:10E6B0000CB1206B08B9002010BD216B486801F037
:10E6C0007FFBF9E70146C86830B1012806D002286F
:10E6D00006D0032808D105E034A0704735A0FCE738
:10E6E00036A0FAE737A0F8E738A0F6E701464FF47E
:10E6F00080407047014609B1086B08B90020704797
:10E700000020FCE770B504460D463CB135B1206BE6
:10E7100020B12068006DC0F3000008B1224870BD30
:10E720002846216BFEF769FDF9E7014609B900208B
:10E730007047086BFCE72DE9FF4F8BB00D9C002064
:10E7400002900C9860B90298401D02900E990298B0
:10E75000884205D81F480168216000792071641D36
:10E760000298083002900E99029888426ED80B9851
:10E7700005680020CDE900503822DDE900500990FD
:10E780002846099916F082FB04F8010B3022DDE9D6
:10E7900000502E4608903046089916F077FB04F892
:10E7A000010B19E08081FFFF008FFFFF53534C7670
:10E7B000332E3000544C5376312E3000544C537667
:10E7C000312E3100544C5376312E3200756E6B6E03
:10E7D0006F776E006C0300202822DDE900502F4681
:10E7E00007903846079916F051FB04F8010B2022D8
:10E7F000DDE90050A84606904046069916F046FB13
:10E8000004F8010B1822DDE90050A946059048469E
:10E81000059916F03BFB04F8010B1022DDE90050CE
:10E82000AA4604905046049916F030FB04F8010BF8
:10E830000822DDE90050AB4603905846039916F0D4
:10E8400025FB04F8010B009D04F8015B0298583089
:10E8500002900E990298884231D80B984068000ABD
:10E8600004F8010B0B98406804F8010B0B988068C2
:10E8700004F8010B0B98C06804F8010B20220B99D7
:10E880001031204616F0F0FE203430220B99303142
:10E89000204616F0E9FE30340B98C06E000E04F8E6
:10E8A000010B0B98C06E000C04F8010B0B98C06EA6
:10E8B000000A04F8010B0B98C06E04F8010B0B98CA
:10E8C000006EE0B10B98406E801C029908440290E3
:10E8D0000E99029888421ED80B9890F8680004F8A8
:10E8E000010B0B98406E04F8010B0B98D0E918123D
:10E8F000204616F0B9FE0B98406E04440BE00298D7
:10E90000801C02900E990298884204D8002004F8D6
:10E91000010B04F8010B1899029808600E990298EF
:10E92000884203D9F7480FB0BDE8F08F0020FAE71E
:10E93000F8B507460C4615461E462B4622460021D2
:10E9400038460096FFF7F7FEF8BD2DE9FF4F8DB072
:10E9500007460F9EDDE90F6006EB00080E9880B9B0
:10E96000A8EB0600052803D2E74811B0BDE8F08FF8
:10E970000522E649304616F0B1FD08B1E448F4E757
:10E98000761DA8EB0600082801D2DF48EDE796F8CF
:10E990000090002038220C9048460C9916F063FA3B
:10E9A00004460D4696F801A04FF000004FF03002EB
:10E9B0000B9050460B9916F056FA044396F802B0A5
:10E9C000002028220A9058460A9916F04CFA04436F
:10E9D000F07800212022CDE9081016F044FA044313
:10E9E000307900211822CDE9061016F03CFA0443D4
:10E9F000707900211022CDE9041016F034FA044396
:10EA0000B07900210822CDE9021016F02CFA20433B
:10EA1000F17908430090083600983860A8EB0600AA
:10EA2000582801D2B848A0E77078317840EA012030
:10EA30007860B61C16F8010BB86016F8010BF86088
:10EA40002022314607F1100016F00EFE203630224B
:10EA5000314607F1300016F007FE303630780006F8
:10EA6000717840EA0140B17840EA0120F17808432A
:10EA7000F866361D00203866A8EB0600022801D291
:10EA8000A14872E716F8010B87F8680016F8010B29
:10EA90007866786E38B397F8680007F0F5FA0446A0
:10EAA0000CB9994861E7204607F04AFE796E884222
:10EAB00001D0954859E7A8EB0601786E884201D944
:10EAC000914852E70120796E16F0ECF83866386EFE
:10EAD00008B9904849E73146D7E9180216F0C4FD55
:10EAE000786E064400BF464501D087483DE70020C8
:10EAF0003BE72DE9F04107460C4615462B462246DA
:10EB000000213846FFF721FF064616B13846FEF7CA
:10EB100067FB3046BDE8F08170B504467A4D80351C
:10EB20000CB1206808B9784870BD2068006DC0F34A
:10EB3000000018B9204601F0A8F805462846F3E77A
:10EB400070B5044600250CB1206808B96E4870BD48
:10EB500000BF00BF05E02046FFF7DEFF054605B118
:10EB600002E060681028F6D100BF00BF00BF284651
:10EB7000EDE770B505462C4604E0A668204616F081
:10EB8000D4F83446002CF8D170BD70B5044604B9F1
:10EB900070BD00BF00BFD4F88C0068B144F24D15C1
:10EBA00054F88C0F2946FDF701F8206816F0BDF8DF
:10EBB000002044F88C0900BFA06D58B144F24D15F7
:10EBC0002946A06DFCF7F2FFA06D16F0AEF800200C
:10EBD000A06500BF606C28B1606CFEF7A7FA606C9E
:10EBE00016F0A3F8A06B88B12046FFF709FAA06CD5
:10EBF000FEF79CFA606BFEF7F3FAA06B16F095F83F
:10EC0000A06C16F092F8606B16F08FF8206B28B1AC
:10EC1000206BFEF7E5FA206B16F087F8D4F8BC00FD
:10EC200060B154F8BC0F16F0A9FC054629462068CF
:10EC3000FCF7BCFF54F8BC0916F077F800BF00BF22
:10EC4000C4212046FCF7B2FF00BFA1E710B504467F
:10EC50005421204616F0F6FD10BD2DE9F041044682
:10EC60000D4616461F4629462046FFF731FC314621
:10EC70002046FFF732FC25B9206D20F00C0008304B
:10EC80002065022F12D1032084F84E0084F84F0033
:10EC900084F84C0084F84D001F48E060A06060607C
:10ECA00020601E4860631E48606413E0032084F8FF
:10ECB0004E0084F84F0084F84C0084F84D0001F0B9
:10ECC0005BF8E060A06060602060164860631648F2
:10ECD000606400BF00BF0020BDE8F08110B50446AD
:10ECE000A06BFFF746FF54212046FCF75FFF10BDE5
:10ECF00010B504460121204601F05AFDB0B10120B3
:10ED000010BD00000096FFFF008FFFFF6C03002086
:10ED100000A1FFFF0081FFFF8803002080BB0200ED
:10ED20009403002060BB0200740300200020E7E78A
:10ED30000146012904D0022905D0042905D101E0AA
:10ED40000120704700BF0320FBE70020F9E70146E0
:10ED5000012900D170470020FCE70246012902D0BA
:10ED6000042904D101E0107870475078FCE70020B6
:10ED7000FAE7012902D0042908D103E0037803B996
:10ED8000027004E0437803B9427000E000BF00BFA6
:10ED900070470146072911D2DFE801F01004060888
:10EDA0000A0C0E00032070470420FCE70520FAE758
:10EDB0000620F8E70720F6E70820F4E70020F2E74E
:10EDC0000146C81E062810D2DFE800F00305070937
:10EDD0000B0D012070470220FCE70320FAE7042016
:10EDE000F8E70520F6E70620F4E70020F2E7024600
:10EDF0000B461068406C10B94FF0FF307047106838
:10EE0000416C05E00868984201D10020F6E7091D31
:10EE100008680028F6D1401EF0E70246D0680328B3
:10EE200001D034487047042906D0052909D1324859
:10EE3000936BC3F85C0106E03048936BC3F85C0148
:10EE400001E02C48EEE700BF0020EBE72DE9FE4F84
:10EE50000446884615461E46DDE90C9A00275046B2
:10EE600007F012F98346584607F06AFC286000BF95
:10EE700000BF684607F061F900225946684607F06E
:10EE8000CFF9070002D000BF00BF27E0684607F0B7
:10EE900037FA070002D000BF00BF1FE0A06B00F5EB
:10EEA000B8714022684607F05AFA070002D000BF46
:10EEB00000BF13E04A463146684607F050FA0700A3
:10EEC00002D000BF00BF09E04146684607F076FA6D
:10EED000070002D000BF00BF00E000BF684607F097
:10EEE00031F927B1502202212046FDF7EDFE3846C8
:10EEF000BDE8FE8F009AFFFFE9D7000035D700007C
:10EF00000146887A0B280ED2DFE800F00D060709CB
:10EF10000B0D0D0D0D080A0000BF00BF00BF00BFA4
:10EF200000BF012070470020FCE703468B4202D857
:10EF3000C81A904201D2012070470020FCE7014628
:10EF4000886B28B1886B406810B1886B426801E01B
:10EF50000868826B0AB9002070475068FCE72DE909
:10EF6000F05F07468846924699464446002508F1D8
:10EF7000060B0020C9F80000386890F84D000328FF
:10EF800002D00020BDE8F09F00BF00BF3868406C91
:10EF900008B9F948F6E73868466C09E0AD1C4FF649
:10EFA000FE70854203D900BF00BFF348EAE7361D73
:10EFB00030680028F2D10DB9EF48E3E700BFAA1D81
:10EFC00051462046FFF7B1FF08B1EC48DAE700BF31
:10EFD00000253868466C0CE03068FFF7F1FE2946E2
:10EFE0006D1C0BF80100012228466D1C0BF8002057
:10EFF000361D30680028EFD104F8010B0D2004F80D
:10F00000010BA81C000A04F8010BA81C04F8010B52
:10F01000280A04F8010B04F8015BA81DC9F80000D8
:10F020000020AFE72DE9F04105466FF06D07A86BB2
:10F0300000F5B8740020F8F7F8FE0646300E04F824
:10F04000010B300C04F8010B300A04F8010B04F832
:10F05000016B00BF00BF29681C22D1E906302146A0
:10F060009847070002D03846BDE8F0810020FBE752
:10F0700010B504460CB9012010BD2069984202DC8D
:10F08000A069904201DA0120F6E70020F4E72DE9BB
:10F09000F04F85B005466FF06D0004904FF000080A
:10F0A00000BF00BF2868806928B900BF00BFB4480E
:10F0B00005B0BDE8F08F286890F84E00A860286879
:10F0C00090F84F00E860286890F84C0018B900BF2D
:10F0D00000BFAC48ECE7D5F8A09009F5804002905D
:10F0E00000BF472248460299FFF71FFF08B1A34817
:10F0F000DEE700BF09F104042B681B6DC3F3400277
:10F100002B6893F84D1093F84C002346FDF770FAE6
:10F11000A41C00BF00BF2846FFF784FF049018B16D
:10F1200000BF00BF0498C3E7A86B00F5B8712022A8
:10F13000204616F099FA00BF00BF2034686BC768FC
:10F14000102F05D3202F03D8A86BD0F8E00100B909
:10F15000002704F8017B002605E0686B1030805D15
:10F1600004F8010B761CBE42F7D300BF00BF00BFFE
:10F1700000BFE968286850F821B00027A24600BF08
:10F18000022220460299FFF7D0FE08B17B488FE7A4
:10F1900000BFA41C002627E05BF8260000F002FE5A
:10F1A0000090286890F84D3090F84F20294600983C
:10F1B000FFF75EFF00B116E000BF00BF00BF0222F4
:10F1C00020460299FFF7B1FE08B16C4870E700BF16
:10F1D0007F1C5BF82600000A04F8010B5BF8260090
:10F1E00004F8010B00BF761C5BF826000028D3D181
:10F1F00000BF00BF00BF00BF00BF0222204602992F
:10F20000FFF793FE08B15D4852E700BF002004F805
:10F21000010BFF2004F8010B7F1CC7F3C7100AF88D
:10F22000010B7806000E0AF8010B002001900198EE
:10F23000B8B100BF00BF00BF00BF00BF032220461F
:10F240000299FFF772FE08B14C4831E700BF022077
:10F2500004F8010B012004F8010B002004F8010B55
:10F2600013E000BF00BF00BF00BF00BF0222204666
:10F270000299FFF75AFE08B1404819E700BF012084
:10F2800004F8010B002004F8010B00BF0222204605
:10F290000299FFF74AFE08B1384809E700BFA01CF1
:10F2A00000EB080103AB2846029AFFF758FE0490D2
:10F2B00018B100BF00BF0498FAE60398804400BF6D
:10F2C00000BFB8F1000F06D04FEA182004F8010B78
:10F2D00004F8018B4444A4EB0900C5F8A8001620EB
:10F2E000C5F8A4000120D5F8A01008706868401C7B
:10F2F00068602846FDF750FA049018B100BF00BFBF
:10F300000498D5E600BF00BF0020D1E670B50646E0
:10F310000C461546012D01D1207840B100BF00BF39
:10F32000282202213046FDF7CFFC174870BD01208E
:10F33000C6F8C0000020F9E72DE9FF5F0446002071
:10F34000029000BF00BF01212046FDF777FC03902B
:10F3500028B100BF00BF039804B0BDE8F09FE66E7F
:10F36000606F162814D000BF00BF0A220221204679
:10F37000FDF7AAFC0548EFE780A1FFFF0096FFFF1D
:10F38000008CFFFF008FFFFF8086FFFF0089FFFFDB
:10F3900000BF04202630D4F88010884202D830788C
:10F3A000022808D000BF00BF322202212046FDF70C
:10F3B0008BFCF948D0E700BF0420064400BF00BF23
:10F3C0002068006DC0F34002334604F10C01081FB1
:10F3D000FDF786FA216891F84E10A068884211DB8B
:10F3E000216891F84F10E06888420BDB216891F8A2
:10F3F0004C10A068884205DC216891F84D10E06847
:10F40000884208DD00BF00BF462202212046FDF7EA
:10F410005BFCE248A0E700BF00BFA16B01F5C8702C
:10F420002022B11C16F020F996F8225000BF00BF30
:10F43000202D08D900BF00BF322202212046FDF74F
:10F4400043FCD54888E700BF042027302844D4F87F
:10F45000801088421BD205F12700315C401E305CD1
:10F4600041EA00270FB1042F08D300BF0420283041
:10F4700028443844D4F8801088421BD000BF00BF15
:10F48000322202212046FDF71FFCC34864E700BF7B
:10F49000042026302844D4F88010884201D1002767
:10F4A00008E000BF00BF322202212046FDF70CFC1D
:10F4B000B94851E705F12400315C401E305C41EA57
:10F4C000002905F1250016F800A0BAF1000F08D0B8
:10F4D00000BF00BF2F2202212046FDF7F5FBB048F8
:10F4E0003AE7484600F05EFCA16BC1F86801A06BEA
:10F4F000D0F8680148B900BF00BF50220221204661
:10F50000FDF7E2FBA648803826E7A06BD0F868112B
:10F510002046FEF73EFD00BF00BF00BF00BFA06B4E
:10F52000D0F8E001A8B1A5B1606B4068484510D1A2
:10F53000606B806850450CD1606BC068A84208D1F0
:10F54000616B01F110002A4606F1230115F0C6FF98
:10F55000D8B16068401C60600020A16BC1F8E00178
:10F56000F8F763FC616B0860606BC0F80490606B37
:10F57000C0F808A0606BC560616B01F110002A46FD
:10F5800006F1230116F070F80FE00C2060602046B1
:10F59000FEF79CF9039040B100BF00BF502202214A
:10F5A0002046FDF791FB0398D6E600BF00BF00BFE1
:10F5B00000BF00BF00BF4FF000091DE0E1682068F8
:10F5C00050F8210050F8290040B900BF00BF2F2299
:10F5D00002212046FDF778FB6F48BDE6E168206810
:10F5E00050F82120484609F1010952F82000616BCA
:10F5F0004968884200D100E0E0E700BF616B4868DD
:10F6000000F0D0FB0190E3681A4621460198FFF70D
:10F610002FFD40B100BF00BF2F2202212046FDF781
:10F6200053FB5D4898E600BF00BFBAF1000F08D059
:10F6300000BF00BF2F2202212046FDF745FB5648A0
:10F640008AE6606BC0F808A006F1280000EB050808
:10F6500000BF00BF3BE098F8010098F8001040EAB6
:10F660000120009098F8030098F8021040EA012B5E
:10F670000BF10400B84208D900BF00BF32220221BA
:10F680002046FDF721FB444866E66FF47F41009871
:10F6900040180CD100BF00BF5A4608F104012046B3
:10F6A000FFF734FE039008B1039855E602E000BF6F
:10F6B00000BF00BF00BF0BF104003F1A80442FB110
:10F6C000042F03D200BF00BF334845E600BF002F20
:10F6D000C1D1D4F8C00048B92068006DC0F3011052
:10F6E000022803D100BF00BF012002900298012828
:10F6F00006D1282202212046FDF7E6FA26482BE60D
:10F7000000BF00BF002027E62DE9FF5F04460D463D
:10F71000164699466FF06D0BE06808B9002000E0CE
:10F7200002200746A06B00F5D87000EB0908E81925
:10F73000B0F5804F05D900BF00BF1A4804B0BDE83E
:10F74000F09F23681B6DC3F34002236893F84D10AC
:10F7500093F84C004346FCF74BFF21682E22D1E979
:10F76000063008F1020198475FEA000B03D000BFA2
:10F7700000BF5846E2E73020A16BC1F86C01A06BD6
:10F7800000F1080A0121504601F012F870B900BFDB
:10F7900000BF0548D2E700008086FFFF8091FFFF91
:10F7A000808FFFFF0096FFFF0093FFFF2068C06976
:10F7B00021688969C5F58042D21BCDE90062CDE997
:10F7C0000210D4F8A0002844C319A06B4146D0F819
:10F7D0006C21504601F0E5F85FEA000B03D000BF52
:10F7E00000BF5846AAE7022F0ED13068C0F30720A9
:10F7F000D4F8A01048553068C1B2681CD4F8A020D5
:10F8000011543068801C3060504600F0A7FF002083
:10F8100094E72DE9F04104466FF06D06A06BD0F837
:10F82000685100274FF0000800BF00BFA87A0128E8
:10F8300007D100BF00BF6068401C60600020BDE8C9
:10F84000F08101212046FDF7F9F9060003D000BF41
:10F8500000BF3046F3E7606F162808D000BF00BF36
:10F860000A2202212046FDF72FFAFE48E7E7E06E64
:10F8700000780C2812D0A87A052802D0A87A072888
:10F8800003D10120C4F8880017E000BF00BF0A229E
:10F8900002212046FDF718FAF248D0E700BF042005
:10F8A000E16E4718D4F88010E06E00EB010800BF4D
:10F8B00000BF00BF00BFEC48C1E76068401C60604B
:10F8C00000BF00BF0020BAE72DE9F05F04466FF0EB
:10F8D0006D0900250027AA46A06BD0F868B100BFCB
:10F8E00000BF5846FFF70CFB38B900BF00BF606887
:10F8F000401C60600020BDE8F09F01212046FDF71C
:10F900009DF95FEA000903D000BF00BF4846F2E757
:10F91000606F162808D000BF00BF0A2202212046CF
:10F92000FDF7D2F9CF48E6E76068401C6060E06E02
:10F9300000780D2801D1012000E00020C4F8B800B3
:10F9400000BF00BFD4F8B80018B90120C4F888007F
:10F9500066E0E66E00BF0420D4F88010884208D329
:10F9600000BF00BF322202212046FDF7ADF9BF489B
:10F97000C1E700BF0420375C3D4600BF00BF801CCC
:10F980002844D4F88010884208D300BF00BF322238
:10F9900002212046FDF798F9B448ACE7E068032857
:10F9A00020D100BF0420801C2844315C0420401C6E
:10F9B0002844305C41EA002800BF0420C01C2844D1
:10F9C0004044D4F88010884208D300BF00BF3222E0
:10F9D00002212046FDF778F9A4488CE708F10200DF
:10F9E000054400BF00BF0420801C2844315C042073
:10F9F000401C2844305C41EA002A554400BF0420E2
:10FA0000C01C2844D4F88010884208D000BF00BF32
:10FA1000322202212046FDF757F994486BE700BFD8
:10FA200000BF00BF002066E770B504466FF06D05AB
:10FA300000BF00BF01212046FDF700F9050003D0FB
:10FA400000BF00BF284670BD606F162803D000BFFE
:10FA500000BF8448F7E700BF0420D4F88010884234
:10FA600003D1E06E00780E2808D000BF00BF32221C
:10FA700002212046FDF728F97D48E4E76068401C34
:10FA8000606000BF00BF0020DDE7F8B504466FF0FE
:10FA90006D06A06BD0F8687100BF00BFB87A01286E
:10FAA0000AD1042500236A4629462046FFF72CFE8A
:10FAB000060005D03046F8BD00BF00BF6A48FAE72F
:10FAC00000982844C4F8A8001620C4F8A400102008
:10FAD000D4F8A01008706068401C60602046FCF7F5
:10FAE0005BFE060003D000BF00BF3046E3E700BF67
:10FAF00000BF0020DFE72DE9F04F93B004465D4ED4
:10FB0000A06BD0F868710020129000250DF1180844
:10FB10008146824600BF00BF2046FDF7D7FE0600A3
:10FB200005D000BF00BF304613B0BDE8F08F3846A7
:10FB3000FFF7E6F930B900BF00BF6068401C6060A5
:10FB40000020F1E7D4F8B80078B100BFA16B29B16B
:10FB5000A16B496811B1A16B486801E02168886B0D
:10FB600008B9002100E0016831B900BF00BF60683A
:10FB7000401C60600020D7E72046FFF7E0F918B985
:10FB800000BF00BF3C48CFE7A06B05AA06A9D0F88C
:10FB90005C3120469847E06803281ED1A06BD0F85E
:10FBA0006801407A072805D181460520D4F8A010C5
:10FBB000087105E04FF006090420D4F8A010087180
:10FBC0002046FFF7BCF98346FFF792F8D4F8A0105F
:10FBD000487100200590022503E000BF00BF2248C5
:10FBE000A2E72046FFF7ABF983462068C069216889
:10FBF000896912AACDE9030ACDE90121D4F8A00050
:10FC0000801D28440090424649465846059B00F016
:10FC10005CFE060003D000BF00BF304684E71298A8
:10FC2000C0F3072154F8A02F281D11541298C1B217
:10FC3000681D226811541298801D2844A060162067
:10FC400060600F202168087054F89C0C401C44F838
:10FC50009C0CA4F1A0042046FCF79EFD060010D0E9
:10FC600000BF0BE00089FFFF0094FFFF8085FFFFCE
:10FC70008084FFFF808FFFFF008AFFFF00BF3046B8
:10FC800052E700BF00BF30464EE770B5044600257E
:10FC90006068102801D0A06B08B9364870BD00BF5D
:10FCA00000BF2046FCF75DFC050001D02846F5E7C3
:10FCB0006068102856D2DFE800F0080B10151A1FF4
:10FCC00024292E33383D42474C51012060604DE0DD
:10FCD0002046FFF7DCF9054648E02046FFF72CFBFD
:10FCE000054643E02046FEF7BBF805463EE02046C9
:10FCF000FFF78FFD054639E02046FFF7E5FD054695
:10FD000034E02046FFF790FE05462FE02046FDF741
:10FD10003FFE05462AE02046FFF7B7FE054625E0F0
:10FD20002046FFF7E8FE054620E02046FDF70CF8E8
:10FD300005461BE02046FEF7C1F9054616E02046C1
:10FD4000FDF721F8054611E02046FEF704FA0546C6
:10FD50000CE000BF00BF0F20606007E02046FEF708
:10FD600082F903E000BF00BF024897E700BF2846C2
:10FD700094E70000008FFFFF3248704770B50546DA
:10FD8000314C0DB9002070BD07E02946606815F0C0
:10FD9000ABFD08B92046F6E7203420680028F4D1EE
:10FDA00000BFF0E70246284905E00868904201D10B
:10FDB00008467047203108680028F6D100BFF8E7F0
:10FDC00010B504462046FFF7EDFF03460BB91FA010
:10FDD00010BD5868FCE770B505462846FFF7CEFF12
:10FDE00004460CB9002070BD2068FCE70146887A03
:10FDF0000B2811D2DFE800F0100607080B101009DD
:10FE0000100D0E0000BF00BF00BF0120704704208E
:10FE1000FCE700BF0220F9E70020F7E70146887AF7
:10FE2000012806D0022805D0032804D0042806D1D2
:10FE300003E000BF00BF012070470420FCE7002062
:10FE4000FAE7000078B1020080B10200756E6B6EB7
:10FE50006F776E0010B504464FF4A071204615F080
:10FE6000F1FC4FF0FF30206110BD10B5044604B91D
:10FE700010BD04F12000FAF711FF4FF4A0712046E5
:10FE8000FBF794FE00BFF3E7416170478161704763
:10FE90000246D2F8380110B16FF033007047B1F567
:10FEA000C07F02D96FF03700F8E7B1F1004F02D3FD
:10FEB0006FF03700F2E711610020EFE7C161704792
:10FEC0002DE9F74FADF5487D82461646002001909A
:10FED000B6F5C07F05D96FF037000DF54B7DBDE855
:10FEE000F08F4FF4D07160A815F0ACFC02A8FAF7BF
:10FEF000CBFE64AC300E04F8010B300C04F8010B9F
:10FF0000300A04F8010B04F8016BE41C302004F8FB
:10FF1000010B32462046C99915F0A6FB8020A0555A
:10FF200006F1190B002502E04CA94D556D1C202D42
:10FF3000FADB4FF480724CA902A8FAF7BAFE0190DE
:10FF400000B159E0002734E060AC002048904990AF
:10FF50004A904B90D9461CE0002506E048A8405D39
:10FF6000615D484048A948556D1C102DF6DB1034E2
:10FF7000B9F1100F01D3102000E04846A9EB0009A9
:10FF800048AB48AA012102A8FBF797FD019000B1F8
:10FF900032E0B9F1000FDFD154A9C819102248A9E5
:10FFA00015F062FB9DF88301401CC0B28DF88301FF
:10FFB0001037302FC8DB4FF4807254A902A8FAF72B
:10FFC00078FE019000B117E00DF5B878544600278F
:10FFD0000FE043464246012102A8FBF76EFD019067
:10FFE00000B109E010224146204615F03DFB1034D7
:10FFF0001037302FEDDB00BF02A8FAF74FFE4FF4A9
:020000040001F9
:10000000D07160A8FBF7D2FD302154A8FBF7CEFDDC
:1000100020214CA8FBF7CAFD102148A8FBF7C6FD1C
:10002000019818B130215046FBF7C0FD019854E704
:100030002DE9F0438DB005460E4601AF4FF00009A3
:10004000302101A815F0FEFBC8461DE010240AE08F
:10005000601E285C401C10F0FF01A4F1010029542F
:1000600000D002E0641E002CF2DC00BF3B462A46B2
:10007000012105F12000FBF720FD5FEA000900D017
:1000800020E0103708F11008B8F1300FDEDB002453
:1000900006E001A8005D315D484001A90855641CD7
:1000A000302CF6DB4FF4807201A905F12000FAF73D
:1000B00000FE5FEA000900D004E009A80FC885E847
:1000C0000F0000BF302101A8FBF770FD48460DB0BE
:1000D000BDE8F083F0B58DB005460E4614466FF0CE
:1000E0006D0714B900200DB0F0BD2246314601A8BD
:1000F000FFF7E6FE070000D007E001A92846FFF75A
:1001000097FF070000D000E000BF302101A8FBF7F7
:100110004DFD3846E7E770B505460E461446B4F582
:10012000C07F01D94FF4C074224631462846FFF7FC
:10013000D1FF70BD2DE9F043E1B004468846174673
:100140001D4600266FF06D09A069B0F5C07F04D987
:100150006FF0370061B0BDE8F083A069C0F5C070F2
:10016000A84202D26FF03700F4E7A069C0F5C07072
:10017000401BB84202D26FF03700EBE74FF4C0717A
:1001800001A815F05FFB01A9D4F83831A269D4F8B1
:100190003C01984710B16FF03300DBE7A0690644DB
:1001A0005DB12A4601A9D4F83831D4F83C0198470A
:1001B00010B16FF03300CDE72E44B8F1000F07D037
:1001C00037B101A988193A46414615F04DFA3E4427
:1001D000324601A901A8FFF773FE5FEA000900D0CB
:1001E0000AE001A92046FFF723FF5FEA000900D0DB
:1001F00002E00120206100BF4FF4C07101A8FBF7AD
:10020000D5FC4846A6E770B504460D4616460023C1
:10021000324629462046FFF78DFF70BD0146302942
:1002200001D300207047481C4008FBE72DE9F04748
:1002300088B004460D4616461F46DDF840806FF034
:100240006D092021684615F0FDFA04F12000FAF747
:100250001BFDC4F83851C4F83C61A06908B93020CE
:10026000A0612069002801DB206902E0A069FFF796
:10027000D5FF824642F21070E0614FF48072694609
:1002800004F12000FAF715FD5FEA000903D04846A3
:1002900008B0BDE8F0875346424639462046FFF78E
:1002A00049FF5FEA000901D04846F1E70020EFE787
:1002B0002DE9F04F93B081468A4615469B461C9F18
:1002C000002012904C46CDF814A0B5F5806F04D9EB
:1002D0006FF0350013B0BDE8F08FB7F5807F02D91D
:1002E0006FF03700F6E7302106A815F0ABFAE169A8
:1002F0002069884201DC606948B13A465946204687
:10030000FFF781FF129008B11298E3E7002777B159
:100310003A46594606A8FFF7D3FD129000B13EE0D9
:1003200006A92046FFF784FE129000B137E029E0CD
:1003300010260AE0701E205C401C10F0FF01A6F1A0
:100340000100215400D002E0761E002EF2DC00BF36
:1003500001AB2246012104F12000FBF7AEFB129015
:1003600000B11CE0102D01D9102000E02846804685
:10037000424601A9059815F077F905984044059083
:10038000A5EB0805002DD3D106A92046FFF750FEA6
:10039000129000B103E02069401C206100BF3021B1
:1003A00006A8FBF703FC102101A8FBF7FFFB12983E
:1003B00090E72DE9F84304460D4616466FF06D07A9
:1003C000A046002003463246294600904046FFF7EB
:1003D0006FFF07463846BDE8F8830000F0B50446D5
:1003E0000D46059E0020D4F8E010142902DB6FF0C2
:1003F0003D001EE001EB810C04F1E40747F82C50AE
:1004000001EB810C07EB8C077A6001EB810C04F1A6
:10041000E40707EB8C07FB6001EB810C04F1E407B8
:1004200007EB8C073E61D4F8E0707F1CC4F8E070E5
:1004300000BFF0BD38B504460020C4F8E0004FF41A
:10044000C87104F1E40015F0FDF90020206004F10A
:10045000080008F0DFF8012020230022BB490090AB
:100460002046FFF7BBFF38BD10B5044604F1080075
:1004700008F0D9F80020C4F8E0004FF4C87104F186
:10048000E400FBF793FB0020206010BD2DE9F0474E
:1004900092B00446884616461D462F46B1464FF098
:1004A000000A402F0CD9002301AA2946304609F042
:1004B000F8FF5FEA000A00D026E00DF104094027AA
:1004C0008DF84480F8B28DF84500206840B90021CD
:1004D00004F1080008F0BEF85FEA000A00D013E05B
:1004E00001202060022211A904F1080009F02CFB70
:1004F0005FEA000A00D007E03A46494604F10800E6
:1005000009F022FB824600BF402101A8FBF74EFB09
:10051000504612B0BDE8F0872DE9F04106460C4682
:1005200015466FF06D072B46224614213046FFF723
:10053000ADFF07463846BDE8F081F0B5A1B00546ED
:100540006FF03B060027D5F8E00010B9301F21B04E
:10055000F0BD00243CE004EB840105F1E40000EB75
:1005600081000069012800D101270020009004EBE0
:10057000840205F1E40101EB820104EB8402486886
:1005800005F1E40151F822C06B46802201A9E04741
:10059000060000D024E00098C8B101AAE1B22846C4
:1005A000009BFFF773FF060001D03046CFE704EB56
:1005B000840105F1E40000EB8100806800990144AA
:1005C00004EB840205F1E40000EB82008160641C0E
:1005D000D5F8E000A042BEDC0FB96FF03C0600BFCA
:1005E000802101A8FBF7E2FA3046B0E770B5044677
:1005F0006FF06D052046FFF7A0FF0546284670BD49
:100600002DE9F04F91B006460F4690464FF0000B93
:100610003446B8F1400F04D96FF03B0011B0BDE88B
:10062000F08F00BF58460BF1010BB0F5807F02DD63
:100630006FF03B0983E02046FFF77FFF5FEA000988
:1006400000D07CE0012010904FF0000A002523E04C
:1006500005EB850104F1E40000EB810005EB850268
:10066000816804F1E40000EB8200C068814201D29D
:100670000020109005EB850104F1E40000EB8100FF
:100680000069012807D105EB850104F1E40000EBC6
:100690008100806882446D1CD4F8E000A842D7DC59
:1006A00010980028BED0BAF1400FBBD34021684655
:1006B00015F0C8F8694604F1080009F0A8FA5FEAE5
:1006C000000900D03BE004F1080007F0ACFF04F1A2
:1006D000080007F09FFF002104F1080007F0BAFFAF
:1006E0005FEA000900D02AE04022694604F10800D0
:1006F00009F02AFA5FEA000900D020E000236A46E8
:100700004021684609F0CDFE5FEA000900D016E0FE
:10071000002508E0002105EB850204F1E40000EB70
:10072000820081606D1CD4F8E000A842F2DC4246F1
:100730006946384614F098FF4FF0000900BF402189
:100740006846FBF733FA484668E70000F97D000089
:1007500000BF00BF002101604160704710B5044632
:1007600004B910BD206818B1D4E90020916A884707
:1007700008212046FBF71AFA00BFF2E701460129DB
:1007800001D1CB4870470020FCE770B504460D4608
:1007900000BF00BF0DB1206808B1C64870BD686ACF
:1007A0008047606008B9C448F8E725600020F5E795
:1007B00070B504460D460CB1206808B9002070BD24
:1007C0002068C16828468847F9E770B505460C4699
:1007D000206808B1002070BD284605F055FC0600D1
:1007E00001D1401EF7E7304605F0AAFF2060002047
:1007F000F1E72DE9FF4383B004460D461646DDE9D7
:100800000F890E9F00BF00BF00BF00BF00BF00BF29
:10081000206820B106A92846FFF7D7FF18B1A548E0
:1008200007B0BDE8F0832068006910B9A14880389E
:10083000F6E7CDE90078D4E90010D1F810C03246CF
:100840002946069BE047EBE72DE9FE4304460D46AB
:1008500016461F46DDE90A8900203B4632462946F6
:10086000CDE9008902902046FFF7C3FFBDE8FE8373
:100870002DE9FC5F04460E4615461F46DDE90EAB2A
:10088000DDE90C8900BF00BF00BF00BF00BF00BF93
:10089000286810B98748BDE8FC9F21462846FFF725
:1008A00087FF10B983488038F5E7062C01D18348CB
:1008B000F1E70EB17F48EEE74B46424639462846FF
:1008C000CDE900ABFFF7C0FFE5E72DE9FF4F85B0AD
:1008D00004460D46164612AF97E8800F00BF00BFD2
:1008E00000BF00BF00BF00BF206820B108A9284694
:1008F000FFF76BFF18B16F4809B0BDE8F08F2068B3
:10090000406910B96B488038F6E78DE88007D4E974
:100910000010D1F814C032462946089BE047EBE7A7
:100920002DE9F04F85B004460D4616461F46DDE919
:1009300010ABDDE90E8900203B46324629468DE8A2
:10094000000F04902046FFF7C0FF05B0BDE8F08F10
:100950002DE9FF5F04460D4616461F46DDE910AB44
:10096000DDE90E8900BF00BF00BF00BF00BF00BFB0
:1009700000BF00BF206818B94E4804B0BDE8F09F22
:100980002068806910B94B488038F6E78DE8000F81
:10099000D4E900103B463246D1F818C02946E0475A
:1009A000EBE72DE9FF5F04460D4616461F46DDE9DD
:1009B00010ABDDE90E8900BF00BF00BF00BF00BF64
:1009C00000BF00BF00BF206818B93A4804B0BDE8B6
:1009D000F09F2068C06910B936488038F6E78DE886
:1009E000000FD4E900103B463246D1F81CC029461E
:1009F000E047EBE770B505460C4600BF00BF00BFFF
:100A000000BF286808B1206808B92A4870BD20686E
:100A1000006A08B92948F9E720680078052806D156
:100A200028680078012809D022488038EEE7286835
:100A30002168884202D01F488038E7E7616868680B
:100A400023681A6A9047E1E710B504460CB12068A4
:100A500008B9002010BDD4E9002091688847F9E763
:100A600070B504460D4600BF00BF206808B91148A4
:100A700070BD2068C06A10B90E488038F8E7D4E924
:100A80000010CA6A294690470020F1E7014609B1E3
:100A9000086808B90AA0704708684068FBE7014683
:100AA00009B1086808B90020704708680078FBE7BA
:100AB00060B2020080C1FFFF80C0FFFF80C6FFFF61
:100AC000696E76616C696420504B00000146012913
:100AD00001D0062901D1012070470020FCE770B544
:100AE00004462546284600F042FCC00070BD2DE9B2
:100AF000F04F85B004460D4616461F46DDE90EA8A8
:100B00006FF06D0B0494049800F031FC8146C845E9
:100B100003D2544805B0BDE8F08F00231A461946A9
:100B2000CDE9026ACDE90057049801F0E8FA5FEADE
:100B3000000B01D05846EDE7C84501D94A48E9E71E
:100B40000020E7E72DE9F04F85B004460D46164634
:100B50001F46DDE910ABDDE90E890494049800F02E
:100B600006FCC9F8000001235A465146CDE9026847
:100B7000CDE90057049801F032FA05B0BDE8F08FD6
:100B80002DE9F04F85B004460D4616461F46DDE9B7
:100B900010ABDDE90E890494049800F0E8FBB04244
:100BA00003D0324805B0BDE8F08F01235A465146C4
:100BB000CDE90279CDE90085049801F0CEF8F1E79E
:100BC0002DE9FF5F04460D4616461F46DDE910ABD2
:100BD000DDE90E890394039800F0C9FBC8F8000012
:100BE000D8F80000484504D91E48803804B0BDE854
:100BF000F09F00235A465146CDE9015700960398CD
:100C000000F044FFF2E770B504460D462946204641
:100C100000F011FC70BD10B5AC21012014F042F8B9
:100C2000044624B100221146204600F08EFB2046E7
:100C300010BD10B50446204601F084FA204614F099
:100C400074F810BD01220A7009A24A6000F108027E
:100C50008A600C3101220A7007A24A6000F1140276
:100C60008A60704780BCFFFF00C7FFFF80BFFFFFA7
:100C70007273612E4E0000007273612E45000000F9
:100C8000F0B503460C461D4626460020002106E02E
:100C90006F5C16F801C087EA0C073843491C914283
:100CA000F6D3F0BD2DE9F04704460D4616461F4623
:100CB000DDE908896FF06D0A00BF00BF3DB129462C
:100CC00004F1080001F036FF5FEA000A27D13EB1C7
:100CD000314604F12C0001F02DFF5FEA000A1ED11D
:100CE0003FB1394604F1380001F024FF5FEA000A01
:100CF00015D1B8F1000F07D0414604F1200001F0F2
:100D000019FF5FEA000A0AD1B9F1000F0BD049467A
:100D100004F1140001F00EFF5FEA000A03D0AAF507
:100D20008140BDE8F08725B104F1080002F0B6F873
:100D300060600020F5E72DE9F05F04460E4693461B
:100D40001D46DDF83C90DDF834800B9F4FF0000A23
:100D500000BF00BF86B100BF5A46314604F108000B
:100D600004F02AF85FEA000A00D03EE000BF04F178
:100D7000080002F093F860605DB100BF294604F1FD
:100D80002C000A9A04F018F85FEA000A00D02CE060
:100D900000BF5FB100BF394604F138000C9A04F07F
:100DA0000BF85FEA000A00D01FE000BFB8F1000FA7
:100DB0000BD000BF414604F120000E9A03F0FCFF67
:100DC0005FEA000A00D010E000BFB9F1000F0BD0BD
:100DD00000BF494604F11400109A03F0EDFF5FEAEA
:100DE000000A00D001E000BF00BFBAF1000F03D03D
:100DF000AAF58140BDE8F09F0020FBE770B50446EE
:100E00000D46164604F1080002F048F86168884271
:100E100003D16068B0F5806F01D9FC4870BD002136
:100E200004F1080003F0B3FA002805DD002104F105
:100E3000080001F0A0FF08B9F448EFE7DDB1002198
:100E400004F12C0003F0A3FA002812DD002104F1C4
:100E50002C0001F090FF60B1002104F1380003F094
:100E600096FA002805DD002104F1380001F083FF27
:100E700008B9E648D2E7002104F1140003F087FA2C
:100E8000002801DCE148C9E77DB1002104F14400FC
:100E900003F07DFA002806DD002104F1500003F084
:100EA00076FA002801DCD948B8E745B1002104F101
:100EB0005C0003F06CFA002801DCD448AEE70020A7
:100EC000ACE72DE9F04F89B00446002500BF00BF14
:100ED000002104F1080003F05AFA08B1012000E0F3
:100EE00000208246002104F12C0003F050FA08B1E2
:100EF000012000E000200646002104F1380003F044
:100F000046FA08B1012000E000200746002104F164
:100F1000200003F03CFA08B1012000E000208046E8
:100F2000002104F1140003F032FA08B1012000E0BE
:100F300000208146002104F1440003F028FA08B1A2
:100F4000012000E000200890002104F1500003F08F
:100F50001EFA08B1012000E000200790002104F1F2
:100F60005C0003F014FA08B1012000E000200690B4
:100F700046B13FB1B8F1000F04D0B9F1000F01D074
:100F8000012000E000200590BAF1000F09D046B919
:100F90003FB9B8F1000F04D0B9F1000F01D0012022
:100FA00000E00020049046B13FB1B8F1000F04D139
:100FB000B9F1000F01D0012000E000200390BAF148
:100FC000000F09D046B93FB9B8F1000F04D1B9F10B
:100FD000000F01D0012000E000200290059818B910
:100FE000049808B9039808B1012000E00020834666
:100FF000BBF1000F05D1029818B9844809B0BDE8CB
:10100000F08FBAF1000F13D196B18FB104F138020D
:1010100004F12C0104F1080003F00DF8050002D0E2
:10102000A5F58140EAE704F1080001F037FF6060B0
:10103000049880B104F1380004F12C0304F120027B
:1010400004F114010090303801F066F905469DB1B5
:10105000A5F58140D2E7039870B104F1200304F1B3
:10106000140204F1380104F12C0001F05EFA0500CD
:1010700002D0A5F58140C1E7BBF1000F18D0089858
:1010800018B1079808B1069890B904F15C0004F112
:10109000500104F1440304F12002CDE90010183995
:1010A000303801F064FC054615B1A5F58140A5E78F
:1010B000012259462046FFF7A1FE9FE72DE9FC5F7C
:1010C0000446884692461D46DDE90CB6DDF844909C
:1010D0000F9F0020019000BF00BF002104F1080015
:1010E00003F055F9C8B1002104F12C0003F04FF9C9
:1010F00098B1002104F1380003F049F968B10021EA
:1011000004F1200003F043F938B1002104F1140088
:1011100003F03DF908B1012000E0002000900098A4
:1011200028B90DB906B917B13848BDE8FC9FB8F128
:10113000000F0AD000BF5246414604F1080003F0F8
:10114000B4FE019000B133E000BF55B100BF5A4674
:10115000294604F12C0003F0A8FE019000B127E01D
:1011600000BF56B100BF314604F138000E9A03F0BB
:101170009CFE019000B11BE000BF57B100BF394693
:1011800004F12000109A03F090FE019000B10FE0EE
:1011900000BFB9F1000F0AD000BF494604F11400A6
:1011A000129A03F082FE019000B101E000BF00BF7F
:1011B0000198BAE72DE9F05F04460F4615461E4632
:1011C000DDE90A896FF06D0A00BF00BF002104F15C
:1011D000080003F0DCF8D8B1002104F12C0003F082
:1011E000D6F8A8B1002104F1380003F0D0F878B1A6
:1011F000002104F1200003F0CAF848B1002104F1F5
:10120000140003F0C4F818B1012002E080BFFFFF12
:1012100000208346BBF1000F07D11DB916B9B8F104
:10122000000F02D0FE48BDE8F09F3FB104F1080175
:10123000384601F07FFC5FEA000A27D13DB104F196
:101240002C01284601F076FC5FEA000A1ED13EB16F
:1012500004F13801304601F06DFC5FEA000A15D157
:10126000B8F1000F07D004F12001404601F062FC04
:101270005FEA000A0AD1B9F1000F09D004F11401A4
:10128000484601F057FC5FEA000A01D05046CAE721
:101290000020C8E72DE9F04704460D4616461F46D4
:1012A0006FF06D0800BF00BF002104F1080003F0DB
:1012B0006EF8C8B1002104F12C0003F068F898B171
:1012C000002104F1380003F062F868B1002104F154
:1012D000200003F05CF838B1002104F1140003F0A1
:1012E00056F808B1012000E000208146B9F1000F56
:1012F00002D1CB48BDE8F0873DB104F14401284656
:1013000001F018FC5FEA000811D13EB104F1500170
:10131000304601F00FFC5FEA000808D157B104F134
:101320005C01384601F006FC5FEA000802D0A8F52F
:101330008140DFE70020DDE700BF00BF00BF00BF46
:10134000C0F8A410C0F8A820704770B504460D4638
:10135000164600BF00BF00BF00BFAC21204614F0FE
:1013600071FA324629462046FFF7E6FF70BD014676
:101370004868704710B5044600BF00BF0022114600
:101380002046FFF73BFD08B1A64810BD04F1080058
:1013900001F068FD802801D2A248F6E7002104F19F
:1013A000140001F0E8FC68B104F1140001F05AFDEA
:1013B000022807D304F1080104F1140002F08DFFA4
:1013C000002801DB9748E0E70020DEE73EB5044651
:1013D00000BF00BF2046FFF7CDFF28B9012211460C
:1013E0002046FFF70BFD08B18E483EBD002104F1F9
:1013F0001400CDE9000104F1200304F13802029148
:1014000004F12C010C3801F0CFF908B18548ECE764
:1014100004F15C0004F1500104F1440304F12002E2
:10142000CDE900101839303801F0F9F808B17D48DD
:10143000DBE70020D9E770B505460C4600BF00BFCA
:1014400000BF00BF2846FFF795FF18B92046FFF7F9
:10145000BDFF08B1734870BD04F1080105F1080033
:1014600002F03BFF30B904F1140105F1140002F061
:1014700034FF08B16B48EEE70020ECE72DE9FF41AF
:101480000446884615466FF06D0600BF00BF00BFDA
:1014900000BF00BF00BF002211462046FFF7AEFC90
:1014A00018B15F4804B0BDE8F08101A801F0BAFAB4
:1014B00000BF414601A8626803F07EFC060000D030
:1014C00026E000BF04F1080101A802F006FF002891
:1014D00002DB6FF003061BE0676800BF04F16800E1
:1014E00004F1080304F1140201A9009001A803F01B
:1014F00055FE060000D00BE000BF00BF3A4629466B
:1015000001A803F0D2FC060000D001E000BF00BF3C
:1015100001A801F08FFA16B1A6F58540C2E70020B8
:10152000C0E72DE9F84304460D4616464FF0000883
:10153000A020005970B300BF04F18C021146084688
:1015400002F079FD070000D074E000BF00BF04F195
:10155000080204F18C01084603F04BFD070000D09F
:1015600068E000BF00BF04F198021146084602F08F
:1015700062FD070000D05DE000BF00BF04F108027B
:1015800004F19801084603F034FD070000D051E053
:1015900000BF4FE000BF404608F101080A2802DD05
:1015A0002148BDE8F88300BF6068411E33462A46E3
:1015B00004F1980004F029F9070000D03AE000BFD8
:1015C00000BF04F1080204F1980104F18C0004F05A
:1015D00060F8070000D02DE000BF012104F18C006D
:1015E00002F0D5FE0028D6D100BF04F1080204F1B4
:1015F000980104F18C0004F04AF9070000D019E0CA
:1016000000BF00BF04F1680004F1080304F11402F4
:1016100004F18C010090243003F0C0FD070005E0C8
:1016200080BFFFFF00BEFFFF80BBFFFF00D001E0D7
:1016300000BF00BF3846B4E72DE9F04FA1B0044623
:101640000D4616461F46DDF8A8A06FF06D0804F1A0
:10165000440B04F15000089000BF00BF00BF00BF62
:1016600000BF00BF0DB1012000E0002002460121B3
:101670002046FFF7C3FB18B1FE4821B0BDE8F08F4C
:101680001EA801F0CFF91BA801F0CCF918A801F0B1
:10169000C9F915A801F0C6F92DB10CA801F0C2F9DD
:1016A00009A801F0BFF912A801F0BCF90FA801F0D8
:1016B000B9F905A801F0B6F902A801F0B3F900BF25
:1016C00039461EA8626803F077FB5FEA000800D085
:1016D00036E100BF04F108011EA802F0FEFD00285B
:1016E00002DB6FF003082BE100BF1EA905A801F083
:1016F00021FA5FEA000800D022E100BF002D75D07A
:1017000000BF324629462046FFF70BFF5FEA00087C
:1017100000D015E100BF00BF04F18C021EA91EA875
:1017200002F089FC5FEA000800D009E100BF00BFB9
:1017300004F108021EA91EA803F05BFC5FEA000882
:1017400000D0FDE000BF00BF012204F12C011BA866
:1017500001F060FD5FEA000800D0F1E000BF00BFCB
:10176000012204F1380118A801F054FD5FEA0008D5
:1017700000D0E5E000BF00BF33462A461C2115A873
:1017800004F043F85FEA000800D0D9E000BF00BFD2
:1017900015AA1BA90CA802F04EFC5FEA000800D0B5
:1017A000CEE000BF00BF04F144020CA90CA801F078
:1017B00051FD5FEA000800D0C2E000BF0DF1300B20
:1017C00000BF33462A461C2115A804F01EF85FEA24
:1017D000000800D0B4E000BF00BF15AA18A909A8EE
:1017E00002F029FC5FEA000801D0A9E00EE000BF8A
:1017F00000BF04F1500209A909A801F02BFD5FEA1E
:10180000000800D09CE000BF09A8089000BF04F1C8
:10181000740004F12C035A461EA9009012A803F08C
:10182000BDFC5FEA000800D08AE000BF00BF04F101
:10183000800004F1380300901EA90FA8089A03F055
:10184000ADFC5FEA000800D07AE000BF00BF0FAA3D
:1018500012A91EA801F09CFC5FEA000800D06FE00E
:1018600000BF00BF04F15C021EA912A802F0E3FB56
:101870005FEA000800D063E000BF00BF04F12C0263
:1018800012A91EA803F0B5FB5FEA000800D057E0DC
:1018900000BF00BF04F138021EA912A802F0CBFB62
:1018A0005FEA000800D04BE000BF00BF12AA0FA9FA
:1018B0001EA801F0CFFC5FEA000800D040E000BFA6
:1018C000BDB100BF04F198021EA91EA802F0B3FB2F
:1018D0005FEA000800D033E000BF00BF04F1080257
:1018E0001EA91EA803F085FB5FEA000800D027E0D0
:1018F00000BF00BF04F1680004F1080304F1140202
:101900001EA9009002A803F049FC5FEA000800D07D
:1019100016E000BF05A902A802F0DFFC10B1DFF855
:1019200058810DE0D4F8049000BF4A4651461EA8E5
:1019300003F0BBFA5FEA000800D001E000BF00BF7F
:101940001BA801F077F818A801F074F815A801F0A9
:1019500071F82DB10CA801F06DF809A801F06AF832
:101960001EA801F067F812A801F064F80FA801F0B2
:1019700061F802A801F05EF805A801F05BF8B8F183
:10198000000F02D0A8F5864077E6002075E62DE925
:10199000FF4F81B080461F46109E0E9D6FF06D0B6D
:1019A000344600BF00BF00BF00BF00BF00BF00BF84
:1019B00000BF012F06D1D8F8A40018B12D4805B0FA
:1019C000BDE8F08FD8F804A005F10B00A84201D3C0
:1019D000824501D22748F2E7AAF10300A0EB0509EE
:1019E000002004F8010B4FBB029808B92148E6E734
:1019F000022004F8010B1BE06420009000BF0122CC
:101A00002146DDE9023098478346207830B90098B6
:101A1000401E009002D0BBF1000FF0D0009810B132
:101A2000BBF1000F02D0ABF58940C8E7641C00BFD2
:101A30005FEA0900A9F10109DED10BE0012004F8F9
:101A4000010B02E0FF2004F8010B5FEA0900A9F195
:101A50000109F7D1002004F8010B25B12A462046E0
:101A60000F9913F001FE4FB9324631464046FFF759
:101A700005FDA4E780BFFFFF80BCFFFF3346009653
:101A80004046DDE90212FFF7D7FD98E72DE9FE4F4A
:101A900004460D4616461F46DDE90D9ADDF83080F6
:101AA00000BF00BF00BF00BF00BF00BF00BF00BF3E
:101AB000D4F8A40048B93B463246294620468DE872
:101AC0000007FFF764FFBDE8FE8FFE48FBE7014615
:101AD00048420843C00F404270470246881AC00F70
:101AE00070472DE9F04107460C4615463846FFF78A
:101AF000EEFF064606EA040025EA06010843BDE8B3
:101B0000F0812DE9F84F80460C46914645460CB9C8
:101B1000BDE8F88F00271FE0A4EB09003946FFF766
:101B2000DCFF009000260BE015F806A0701C15F8ED
:101B300000B05A4651460098FFF7D3FFA855761CCF
:101B4000601EB042F0D8295C00220098FFF7C9FF60
:101B5000C1B2601E29547F1CA742DDD300BFD7E766
:101B60002DE9FF4FADF20C4D99466FF06D00CDF8A9
:101B700008044FF0000A00264FF000084FF0000B59
:101B800000BF00BF00BF00BF00BF00BF00BF00BF5D
:101B900000BF00BFDDF80C044568A5F10B00DDF8BF
:101BA0004C14884200D201E0DDF84C040746B9F13C
:101BB000010F0AD1DDF80C04D0F8A40028B1C14807
:101BC00080300DF21C4DBDE8F08F102D02D3B5F51D
:101BD000806F02D9BB488030F3E7B9F1000F07D11D
:101BE00002AADDF84414DDF80C04FFF747FC08E016
:101BF00002A80090DDF844340DF20C4007C8FFF74E
:101C00001BFDCDF80804DDF8080400B19DE09DF847
:101C100008000643B9F1010F1ED19DF8090080F0BC
:101C200002000643022414E002A8005D02A9095D37
:101C30004942C9B20843012181EAE01040EA08089C
:101C4000C8F10000C0B248EA000081EAE010824416
:101C5000641CAC42E8D322E09DF8090080F001004A
:101C60000643022419E002A9085D01220021FFF7C2
:101C700038FF40EA080000F0FF080122002140463A
:101C8000FFF72FFF824402A8005D80F0FF020021D1
:101C90004046FFF726FF0643641CAC42E3D3012213
:101CA00000214046FFF71DFF064351460820FFF77D
:101CB00014FF0643A5EB0A00C21E39463046FFF763
:101CC00010FF834639465846FFF707FF0190002270
:101CD0004FF488410198FFF704FF02464FF4824118
:101CE00000903046FFF7FDFE4042CDF80804019910
:101CF00046EA0100FFF7EBFE06460B2405E002A8CA
:101D0000005DB04302A90855641CAC42F7D35A46A3
:101D100039460198FFF7E5FE8346A7EB0B0202A9BF
:101D20002944C81B3946FFF7ECFEDDF84C0438B1F6
:101D300002A82844C11B3A46DDF8480413F094FC7D
:101D4000DDF84004C0F800B000BF4FF4806102A885
:101D5000F9F72CFFDDF8080433E72DE9FF5F0446AF
:101D60000D4616461F46DDE910ABDDE90E8900BFC2
:101D700000BF00BF00BF00BF00BF00BF00BF00BF6B
:101D800000BFD4F8A40050B93B463246294620464D
:101D90008DE8000FFFF7E4FE04B0BDE8F09F49486E
:101DA000FAE72DE9FC5F80460D4692461F46DDF8B6
:101DB0003090002001903E464C460090B8F1000F54
:101DC00037D0404604F060F98346BBF1000F03D1E1
:101DD0003C488030BDE8FC9F01AA6946404604F0BB
:101DE00096F810B137488030F4E7584604F0A8FC64
:101DF000054605F1080001990844802807D205F13D
:101E00000A00A84203D301990144814202D22D481D
:101E10008030DFE705F10A0001990844B04202D999
:101E200028488030D6E705F10A0001990844361A9F
:101E300005E0AE4202D223488030CBE7761B0B2E62
:101E400002D220488030C5E7F61E002004F8010BBE
:101E5000012004F8010BFF223146204613F0C8FC94
:101E60003444002004F8010BB8F1000F06D12A46D3
:101E70005146204613F0F8FB0020ABE7302004F871
:101E8000010B01980830284404F8010B302004F8B5
:101E9000010B0198001D04F8010B062004F8010B4A
:101EA000019804F8010B2046DDE9001213F0DCFB79
:101EB00001980444052004F8010B002004F8010BEC
:101EC000042001E000BFFFFF04F8010B04F8015BF0
:101ED0002A465146204613F0C7FB2C4409EB070065
:101EE000A04205D039464846F9F760FEFA4871E746
:101EF00000206FE72DE9FC5F0446894692461F46A5
:101F0000DDF830B00F9D6FF06D00019000264FF0AE
:101F1000000800BF00BF00BF00BF00BF00BF00BF80
:101F200000BF012F05D1D4F8A40010B1EA48BDE8E4
:101F3000FC9F009563685846DDE90D12FFF731FFFD
:101F4000019008B10198F2E72FB92A4629462046A8
:101F5000FFF794FAEBE70120616812F0A3FE064652
:101F600016B96FF00F00E2E70120616812F09AFEE7
:101F70008046B8F1000F05D1304612F0D6FE6FF062
:101F80000F00D4E700BF2B46524649462046009634
:101F9000FFF752FB019000B119E000BF00BF4246BD
:101FA00031462046FFF76AFA019000B10FE000BF0A
:101FB000294640466268FEF763FE10B1C7480190AB
:101FC00005E031462846626813F04EFB00BF3046FC
:101FD00012F0ABFE404612F0A8FE0198A7E72DE9EB
:101FE000FF5F04460D4616461F46DDE910ABDDE9EE
:101FF0000E8900BF00BF00BF00BF00BF00BF00BF11
:1020000000BFD4F8A40050B93B46324629462046CA
:102010008DE8000FFFF76EFF04B0BDE8F09FAE48FB
:102020008038F9E72DE9FF4F81B007468B46984687
:10203000DDF844904FF0000A0025002600BF00BFE5
:1020400000BF00BF00BF00BF00BF00BF7C68B8F189
:10205000010F06D1D7F8A40018B19F4805B0BDE81C
:10206000F08F2146012012F01DFE050005D021460B
:10207000012012F017FE060002D16FF00F0A2CE0CB
:10208000234600960EA807C8FFF78BFE5FEA000AFA
:1020900000D022E0B8F1000F05D12A464946384663
:1020A000FFF7ECF906E04B46009559463846039A8F
:1020B000FFF7C2FA8246BAF1000F00D00DE02246C7
:1020C00031462846FEF7DCFD5FEA000A04D0DFF85F
:1020D0000CA2AAF1800A00E000BF35B121462846D3
:1020E000F9F764FD284612F020FE36B1214630464D
:1020F000F9F75CFD304612F018FE5046AEE72DE9C8
:10210000FF5F04460D4616461F46DDE910ABDDE9CC
:102110000E8900BF00BF00BF00BF00BF00BF00BFEF
:1021200000BFD4F8A40050B93B46324629462046A9
:102130008DE8000FFFF776FF04B0BDE8F09F66481A
:102140008038F9E710B5044604B910BD04F18C00DD
:1021500000F070FC04F1980000F06CFC04F16800E1
:1021600000F068FC04F1200000F064FC04F1380089
:1021700000F060FC04F12C0000F05CFC04F11400A1
:1021800000F058FC04F1080000F054FC04F1800059
:1021900000F050FC04F1740000F04CFC04F15C0011
:1021A00000F048FC04F1500000F044FC04F144004D
:1021B00000F040FC00BFC8E770B504460D466FF064
:1021C0006D0600BF00BF00BF00BF286820606868C0
:1021D000606000BF05F1080104F1080000F0AAFCEE
:1021E000060000D091E000BF00BF05F1140104F12A
:1021F000140000F09FFC060000D086E000BF00BF86
:1022000005F1200104F1200000F094FC060000D04C
:102210007BE000BF00BF05F12C0104F12C0000F0B1
:1022200089FC060000D070E000BF00BF05F1380156
:1022300004F1380000F07EFC060000D065E000BF2D
:1022400000BF05F1440104F1440000F073FC0600F6
:1022500000D05AE000BF00BF05F1500104F150006A
:1022600000F068FC060000D04FE000BF00BF05F1A1
:102270005C0104F15C0000F05DFC060000D044E06D
:1022800000BF00BF05F1740104F1740000F052FCBE
:10229000060000D039E000BF00BF05F1800104F165
:1022A000800000F047FC060000D02EE000BF00BF19
:1022B00005F1680104F1680000F03CFC060000D064
:1022C00023E000BF00BF05F18C0104F18C0000F099
:1022D00031FC060004D018E080BFFFFF00BDFFFF07
:1022E00000BF00BF05F1980104F1980000F022FC46
:1022F000060000D009E000BFD5F8A400C4F8A4008F
:10230000D5F8A800C4F8A80000BF16B12046FFF712
:1023100019FF304670BD00002DE9F04F97B004461C
:10232000884691461D46209E002016903822FBA12B
:1023300002A813F020FA3620019025B11EB1A8683A
:1023400008B9B06820B16FF0030017B0BDE8F08F96
:102350000021204602F01BF8002817DD0121484625
:1023600002F015F8002811DD2146484601F0B5FFBE
:1023700000280BDA0121404602F009F8002805DDAB
:102380002146404601F0A9FF002802DB6FF0030060
:10239000DBE710A800F046FB13A800F043FB00BFEA
:1023A0004246494613A801F046FE169000B1B4E03B
:1023B00000BF00BF012213A913A800F02BFF169045
:1023C00000B1AAE000BF13A800F022FD1FFA80FAB6
:1023D000BAF1000F03D16FF0030016909DE000BF2B
:1023E000514613A801F0EFFF169000B195E000BF31
:1023F0000027A068006800F00700012800D101272D
:1024000083E002A8C15D10A800F08FFC00BF224647
:1024100010A9284603F03DF9169000B17DE000BFF9
:102420000121284601F0B3FF00B16CE000BF234654
:1024300013AA10A910A8009602F0B0FE169000B1E1
:102440006BE000BF4FF0010B53E0012110A801F039
:102450009EFF00B94FE000BF012210A910A800F0B4
:102460003BFF169000B158E000BF00BF224610A904
:10247000284603F00EF9169000B14EE000BF01218E
:10248000284601F084FF012811D12146284601F099
:1024900024FF401C0BD100BF2B46224600213046B2
:1024A00002F0C8F8169000B137E000BF35E000BF79
:1024B000012210A910A800F0ADFE169000B12CE08A
:1024C00000BF00BF10AA10A910A801F0B4FD16901B
:1024D00000B122E000BF00BF224610A910A802F000
:1024E00088FD169000B118E000BF0BF101001FFA43
:1024F00080FBD345A9DD00BF012110A801F047FFF3
:1025000000B105E000BF781C87B2362FFFF479AF29
:1025100000BF6FF00300169000BF10A800F08AFA09
:1025200013A800F087FA16980FE72DE9F04186B05E
:1025300006460F4614461D464FF0000825B10021FF
:10254000284601F024FF20B16FF0030006B0BDE87B
:10255000F0810121304601F01AFF00280ADD012137
:10256000384601F014FF002804DD0021204601F068
:102570000EFF10B96FF00300E8E703A800F052FA6D
:10258000684600F04FFA00BF0122314603A800F070
:1025900041FE5FEA000800D039E000BF00BF012221
:1025A0003946684600F036FE5FEA000800D02EE0AB
:1025B00000BF00BF6A4603A9284603F06AF85FEA35
:1025C000000800D023E000BF00BF6A4603A903A8AB
:1025D00001F031FD5FEA000800D018E000BF00BF45
:1025E0002B4603AA002103A802F024F85FEA0008A2
:1025F00000D00CE000BF00BF03AA2146284603F02C
:1026000046F95FEA000800D001E000BF00BF03A860
:1026100000F010FA684600F00DFA404696E72DE902
:10262000F04786B004460E4692461F46DDE90E8905
:10263000002503A800F0F6F9684600F0F3F93FB36F
:102640000CB9444D9DE000BF0122214603A800F0D3
:10265000E1FD050000D094E000BF00BF52463946BE
:10266000684600F095FD050000D08AE000BF00BF7D
:1026700003AA6946684602F0BCFC050000D080E071
:1026800000BF0021684601F082FE08B1324D78E0BB
:10269000B8F1000F27D00EB92E4D72E000BF012215
:1026A000314603A800F0B6FD050000D069E000BF88
:1026B00000BF52464146684600F06AFD050000D062
:1026C0005FE000BF00BF03AA6946684602F091FCC4
:1026D000050000D055E000BF0021684601F057FE1C
:1026E00008B11D4D4DE0B9F1000F49D004B10EB94C
:1026F000184D46E000BF3246494603A801F09BFC56
:10270000050000D03DE000BF00BF012203A903A8DF
:1027100000F080FD050021D033E000000203050732
:102720000B0D1113171D1F25292B2F353B3D43473B
:10273000494F53596165676B6D717F83898B95979D
:102740009DA3A7ADB3B5BFC1C5C7D3DFE3E5E9EF2F
:10275000F1FB000080BFFFFF00BEFFFF00BF00BF16
:10276000224603A903A802F044FC050000D008E0BB
:1027700000BF002103A801F00AFE08B1A44D00E04B
:1027800000BF3DB115F5844F04D015F5814F01D040
:10279000A5F5844503A800F04DF9684600F04AF914
:1027A000284606B0BDE8F0872DE9F04F87B0064611
:1027B0000F4614461D46DDE911ABDDF840804FF0B1
:1027C000000904A800F02EF901A800F02BF9D7B1F8
:1027D000CCB1C6B100BF2246394604A801F02BFC9B
:1027E0005FEA000900D0B0E000BF0121304601F0EF
:1027F000CEFD002804DD314604A801F06EFD10B1C5
:10280000DFF80C92A1E0F6B1EDB1B8F1000F1AD0EB
:102810000121284601F0BBFD002811DD01214046C1
:1028200001F0B5FD00280BDD3146284601F055FDCD
:10283000002805DA3146404601F04FFD002802DB52
:10284000DFF8CC9181E0002F7ED0002C7CD0002DD1
:102850007AD0B8F1000F77D00121384601F097FD0A
:10286000002805DD0121204601F091FD002802DC51
:10287000DFF89C9169E000BF4246294604A801F0B8
:10288000DAFB5FEA000900D05FE000BF00BF012271
:1028900004A904A800F0BEFC5FEA000900D054E0DF
:1028A00000BF00BF0122394601A800F0B3FC5FEA77
:1028B000000900D049E000BF00BF01AA04A904A894
:1028C00002F097FB5FEA000900D03EE000BF002164
:1028D00004A801F05CFD10B1DFF8349135E000BFD1
:1028E0004246294604A801F0A6FB5FEA000900D091
:1028F0002BE000BF00BF012204A904A800F08AFC5D
:102900005FEA000900D020E000BF00BF012221469D
:1029100001A800F07FFC5FEA000900D015E000BFCD
:1029200000BF01AA04A904A802F063FB5FEA000942
:1029300001D00AE008E000BF002104A801F027FD53
:1029400010B1DFF8CC9000E000BF04A800F072F8EE
:1029500001A800F06FF8B9F1000F04D019F5844F09
:1029600001D0A9F58449484607B0BDE8F08F2DE9AC
:10297000FE4F0446894616461D46DDE90C784FF0A9
:10298000000A684600F04EF8ADB100BF01222146B2
:10299000684600F03FFC5FEA000A00D031E000BF6B
:1029A00000BF6A463146284602F023FB5FEA000A70
:1029B00000D026E000BFAFB100BF01224946684603
:1029C00000F028FC5FEA000A00D01AE000BF00BF58
:1029D0006A463146384602F00CFB5FEA000A00D036
:1029E0000FE000BFB8F1000F0AD000BF22464946F1
:1029F000404602F04CFF5FEA000A00D001E000BF51
:102A000000BF684600F016F85046BDE8FE8F000093
:102A100000BEFFFF70B505460C46A1002846F9F739
:102A2000C5F870BD00BF00BF0121016000214160F9
:102A30008160704710B5044604B910BDA06830B17C
:102A4000D4E90110FFF7E6FFA06812F06EF901204B
:102A5000206000206060A06000BFEEE770B5044613
:102A60000D4600BF00BF42F21070854202D96FF0E0
:102A70000F0070BD6068A84219D20421284612F0E8
:102A800011F9060002D16FF00F00F2E7A06860B103
:102A9000606882003046A16812F06DFED4E9011032
:102AA000FFF7B8FFA06812F040F96560A66000204B
:102AB000DFE72DE9F04104460E4600BF00BF42F2B9
:102AC0001070864203D96FF00F00BDE8F081606896
:102AD000B04204D831462046FFF7C0FFF5E76068F2
:102AE000451E05E0A06850F8250000B102E06D1E0B
:102AF000002DF7D100BF6D1CB54200D23546042130
:102B0000284612F0CFF8070002D16FF00F00DCE783
:102B1000A06858B1AA003846A16812F02CFED4E98A
:102B20000110FFF777FFA06812F0FFF86560A7605B
:102B30000020CAE72DE9F04105460E46002700BFF8
:102B400000BF00BF00BFB54202D10020BDE8F08148
:102B5000706820B92846FFF76DFF0020F6E770681F
:102B6000441E05E0B06850F8240000B102E0641E85
:102B7000002CF7D100BF641C306828606868A04250
:102B800008D200BF21462846FFF768FF070000D0A3
:102B90000EE007E0AA6802EB84006A68121B91004D
:102BA00012F050FEA200B168A86812F0E4FD00BF68
:102BB0003846CBE71EB500BF00BF00BF00BF90E89E
:102BC0001C008DE81C0091E81C0080E81C009DE8BA
:102BD0001C0081E81C001EBD70B5044600200BE0FF
:102BE00051F82050C3F10106754352F8206006FBEE
:102BF000035541F82050401CA042F1D370BD2DE98F
:102C0000F04104460E4615464FF0000800BF00BFD5
:102C100000BF00BF6842C0B22843C51100BF2046B4
:102C20007168FFF71BFF5FEA000800D01EE000BFDD
:102C3000C5F1010120684843316801FB05002060AF
:102C4000B268A1682B467068FFF7C6FF776809E095
:102C5000A06850F82700C5F101014843A16841F878
:102C600027007F1C6068B842F2D800BF4046BDE82C
:102C7000F0812DE9F04705460E46144600BF00BF1F
:102C800000BF00BFB54202D10020BDE8F08760421E
:102C9000C0B22043C41100BF28467168FFF7DEFEB2
:102CA0005FEA000A00D03EE000BF00BF304669681E
:102CB000FFF7D4FE5FEA000A00D034E000BFD5F889
:102CC0000080C4F1010128684843316801FB040019
:102CD0002860C4F101013068484308FB04003060FB
:102CE00000271CE0A86850F82790A86850F8270033
:102CF000C4F101014843B16851F8271001FB0400F9
:102D0000A96841F82700B06850F82700C4F1010114
:102D1000484309FB0400B16841F827007F1C68683C
:102D2000B842DFD800BF5046AFE770B504460D4645
:102D30006FF06D0600BF00BF00BF01212046FFF706
:102D40008DFE060000D014E000BF62689100A0680C
:102D500012F078FD002D01DA684200E02846A168F3
:102D60000860002D02DA4FF0FF3000E00120206003
:102D700000BF304670BD024600BF00BF5068B1EBD7
:102D8000401F01D3002070474B09906850F8230082
:102D900001F01F03D84000F00100F4E72DE9F047EF
:102DA00004460F4615464FF000097E0907F01F083C
:102DB00000BF00BF2DB1012D03D06FF00300BDE8AF
:102DC000F0876068B7EB401F0CD30DB90020F6E721
:102DD00000BF711C2046FFF741FE5FEA000900D0EA
:102DE00014E000BFA06850F82600012101FA08F1A4
:102DF0008843A16841F82600A06850F8260005FA2B
:102E000008F10843A16841F8260000BF4846D6E70C
:102E100010B50246002400BF00BF00210FE00023D0
:102E20000AE0906850F82100D84010F0010F01D05E
:102E3000204610BD5B1C641C202BF2D3491C50683B
:102E40008842ECD80020F4E702464FF00041002011
:102E500004E00A4200D003E04908401C2028F8D3CF
:102E600000BF704770B50546686808B9002070BD9E
:102E70006868441E05E0A86850F8240000B102E02C
:102E8000641E002CF7D100BFA96851F82400FFF799
:102E9000DBFFC0F1200606EB4410E8E710B504465E
:102EA0002046FFF7DFFFC01DC00810BD0346FF200E
:102EB0001860302A04DB392A02DCA2F130001860E5
:102EC000412A04DB462A02DCA2F137001860612A9D
:102ED00004DB662A02DCA2F15700186018688842F9
:102EE00002D36FF0050070470020FCE72DE9FC5F7E
:102EF00005468A4691466FF06D00019000BF00BF05
:102F000000BF00BF00BF00BF4D4503D15046AA46D9
:102F1000814600BF554508D000BF51462846FFF7FF
:102F200009FE019000B160E000BF01202860D9F8DF
:102F3000048009E0A8F10100D9F8081051F8200038
:102F400000B104E0A8F10108B8F1000FF2D100BF10
:102F500000BF41462846FFF781FD019000B144E0E3
:102F600000BFD9F808000090AC68002700261BE0DD
:102F70000098D0F800B02068384420602068B8423B
:102F800001D2012000E0002007462068584420605C
:102F90002068584501D2012000E000200744761C3B
:102FA0000098001D0090241D4645E1D31AE0686892
:102FB000B0420BD800BF711C2846FFF74FFD0190AF
:102FC00000B112E000BFA86800EB86042068384416
:102FD00020602068B84201D2012000E000200746AE
:102FE000761C241D002FE2D100BF0198BDE8FC9F94
:102FF000F0B5034600263046344618E00E68864297
:1030000001D2012600E0002635460E68361A0E6011
:103010000E681768BE4201D2012600E00026701932
:103020000E681768F61B0E60641C121D091D9C4279
:10303000E4D3F0BD2DE9FE430546884616466FF001
:103040006D0900BF00BF00BF00BF00BF00BF6846E2
:10305000FFF7E8FCB5420AD100BF31466846FFF7EA
:1030600069FD5FEA000900D044E000BF6E464545B7
:1030700009D000BF41462846FFF75CFD5FEA000922
:1030800000D037E000BF012028604FF000097468CD
:1030900006E0601EB16851F8200000B102E0641E35
:1030A000002CF6D100BFB2682046A968FFF7A0FF48
:1030B0000746F7B107E0A86850F82400401EA96849
:1030C00041F82400641C6868A04204D9A86850F83C
:1030D00024000028EFD06868A04203D16FF00900F7
:1030E000BDE8FE83A86850F82400401EA96841F896
:1030F000240000BF6846FFF79DFC4846F0E770B526
:1031000003460C4600BF00BF00BF00BF596806E081
:10311000481E9D6855F8200000B102E0491E0029B4
:10312000F6D100BF626806E0501EA56855F8200081
:1031300000B102E0521E002AF6D100BF11B90AB94F
:10314000002070BD914201D90120FAE78A4202D9DC
:103150004FF0FF30F5E717E0481E9D6855F8205006
:10316000A66856F82000854201D90120E9E7481EEB
:103170009D6855F82050A66856F82000854202D276
:103180004FF0FF30DDE7491E0029E5D10020D8E7E8
:103190002DE9F04105460C46174600BF00BF00BFB1
:1031A00000BF00BF00BF2668206839684843002878
:1031B00020DD39462046FFF7A2FF00280CDB00BFC8
:1031C0003A4621462846FFF735FF5FEA000800D05F
:1031D0001DE000BF2E6019E000BF22463946284698
:1031E000FFF728FF5FEA000800D010E000BF704240
:1031F00028600BE000BF3A4621462846FFF776FEDE
:103200005FEA000800D002E000BF2E6000BF404629
:10321000BDE8F0817FB505460E46144600BF00BFED
:1032200000BF00BF002C01DA604200E020460090A1
:10323000002C02DA4FF0FF3000E001200190012065
:103240000290CDF80CD001AA31462846FFF7A0FF26
:1032500004B070BD2DE9F04105460C46174600BF8D
:1032600000BF00BF00BF00BF00BF266820683968EC
:103270004843002820DA39462046FFF740FF00285F
:103280000CDB00BF3A4621462846FFF7D3FE5FEA33
:10329000000800D01DE000BF2E6019E000BF2246EC
:1032A00039462846FFF7C6FE5FEA000800D010E066
:1032B00000BF704228600BE000BF3A462146284616
:1032C000FFF714FE5FEA000800D002E000BF2E60A6
:1032D00000BF4046BDE8F0817FB505460E46144666
:1032E00000BF00BF00BF00BF002C01DA604200E059
:1032F00020460090002C02DA4FF0FF3000E0012061
:10330000019001200290CDF80CD001AA3146284648
:10331000FFF7A0FF04B070BD2DE9F84F07460C463B
:103320009C46002600200090EFE31FFA8CFA4FEA3B
:103330001C4BD4F800E01FFA8EF8D4F800E04FEAF6
:103340001E49241D08FB0BF308FB0AF009FB0AF5D4
:1033500009FB0BF101EB134101EB15411B042D049B
:103360001844984202D24FF0010E01E04FF0000ED7
:1033700071442844A84202D24FF0010E01E04FF000
:10338000000E71443044B04202D24FF0010E01E011
:103390004FF0000E7144D2F800E07044D2F800E023
:1033A000864502D94FF0010E01E04FF0000E714446
:1033B0000E4601C2D4F800E01FFA8EF8D4F800E0FF
:1033C0004FEA1E49241D08FB0BF308FB0AF009FB1A
:1033D0000AF509FB0BF101EB134101EB15411B044D
:1033E0002D041844984202D24FF0010E01E04FF034
:1033F000000E71442844A84202D24FF0010E01E0B1
:103400004FF0000E71443044B04202D24FF0010E32
:1034100001E04FF0000E7144D2F800E07044D2F8A1
:1034200000E0864502D94FF0010E01E04FF0000E9A
:1034300071440E4601C2D4F800E01FFA8EF8D4F8A9
:1034400000E04FEA1E49241D08FB0BF308FB0AF0BD
:1034500009FB0AF509FB0BF101EB134101EB1541E7
:103460001B042D041844984202D24FF0010E01E0D3
:103470004FF0000E71442844A84202D24FF0010ED2
:1034800001E04FF0000E71443044B04202D24FF0E0
:10349000010E01E04FF0000E7144D2F800E07044DC
:1034A000D2F800E0864502D94FF0010E01E04FF05E
:1034B000000E71440E4601C2D4F800E01FFA8EF8E7
:1034C000D4F800E04FEA1E49241D08FB0BF308FB6B
:1034D0000AF009FB0AF509FB0BF101EB134101EBC3
:1034E00015411B042D041844984202D24FF0010EDE
:1034F00001E04FF0000E71442844A84202D24FF080
:10350000010E01E04FF0000E71443044B04202D28F
:103510004FF0010E01E04FF0000E7144D2F800E0D0
:103520007044D2F800E0864502D94FF0010E01E068
:103530004FF0000E71440E4601C2D4F800E01FFAAD
:103540008EF8D4F800E04FEA1E49241D08FB0BF367
:1035500008FB0AF009FB0AF509FB0BF101EB13412B
:1035600001EB15411B042D041844984202D24FF080
:10357000010E01E04FF0000E71442844A84202D22F
:103580004FF0010E01E04FF0000E71443044B042A4
:1035900002D24FF0010E01E04FF0000E7144D2F85C
:1035A00000E07044D2F800E0864502D94FF0010EE9
:1035B00001E04FF0000E71440E4601C2D4F800E065
:1035C0001FFA8EF8D4F800E04FEA1E49241D08FBCC
:1035D0000BF308FB0AF009FB0AF509FB0BF101EB01
:1035E000134101EB15411B042D041844984202D2EB
:1035F0004FF0010E01E04FF0000E71442844A84244
:1036000002D24FF0010E01E04FF0000E7144304441
:10361000B04202D24FF0010E01E04FF0000E7144B3
:10362000D2F800E07044D2F800E0864502D94FF0AD
:10363000010E01E04FF0000E71440E4601C2D4F8B5
:1036400000E01FFA8EF8D4F800E04FEA1E49241D6E
:1036500008FB0BF308FB0AF009FB0AF509FB0BF169
:1036600001EB134101EB15411B042D041844984252
:1036700002D24FF0010E01E04FF0000E71442844D9
:10368000A84202D24FF0010E01E04FF0000E71444B
:103690003044B04202D24FF0010E01E04FF0000E74
:1036A0007144D2F800E07044D2F800E0864502D9B7
:1036B0004FF0010E01E04FF0000E71440E4601C2C2
:1036C000D4F800E01FFA8EF8D4F800E04FEA1E4963
:1036D000241D08FB0BF308FB0AF009FB0AF509FBA4
:1036E0000BF101EB134101EB15411B042D041844B0
:1036F000984202D24FF0010E01E04FF0000E7144EB
:103700002844A84202D24FF0010E01E04FF0000E13
:1037100071443044B04202D24FF0010E01E04FF04C
:10372000000E7144D2F800E07044D2F800E0864503
:1037300002D94FF0010E01E04FF0000E71440E4629
:1037400001C2D4F800E01FFA8EF8D4F800E04FEA86
:103750001E49241D08FB0BF308FB0AF009FB0AF5C0
:1037600009FB0BF101EB134101EB15411B042D0487
:103770001844984202D24FF0010E01E04FF0000EC3
:1037800071442844A84202D24FF0010E01E04FF0EC
:10379000000E71443044B04202D24FF0010E01E0FD
:1037A0004FF0000E7144D2F800E07044D2F800E00F
:1037B000864502D94FF0010E01E04FF0000E714432
:1037C0000E4601C2D4F800E01FFA8EF8D4F800E0EB
:1037D0004FEA1E49241D08FB0BF308FB0AF009FB06
:1037E0000AF509FB0BF101EB134101EB15411B0439
:1037F0002D041844984202D24FF0010E01E04FF020
:10380000000E71442844A84202D24FF0010E01E09C
:103810004FF0000E71443044B04202D24FF0010E1E
:1038200001E04FF0000E7144D2F800E07044D2F88D
:1038300000E0864502D94FF0010E01E04FF0000E86
:1038400071440E4601C2D4F800E01FFA8EF8D4F895
:1038500000E04FEA1E49241D08FB0BF308FB0AF0A9
:1038600009FB0AF509FB0BF101EB134101EB1541D3
:103870001B042D041844984202D24FF0010E01E0BF
:103880004FF0000E71442844A84202D24FF0010EBE
:1038900001E04FF0000E71443044B04202D24FF0CC
:1038A000010E01E04FF0000E7144D2F800E07044C8
:1038B000D2F800E0864502D94FF0010E01E04FF04A
:1038C000000E71440E4601C2D4F800E01FFA8EF8D3
:1038D000D4F800E04FEA1E49241D08FB0BF308FB57
:1038E0000AF009FB0AF509FB0BF101EB134101EBAF
:1038F00015411B042D041844984202D24FF0010ECA
:1039000001E04FF0000E71442844A84202D24FF06B
:10391000010E01E04FF0000E71443044B04202D27B
:103920004FF0010E01E04FF0000E7144D2F800E0BC
:103930007044D2F800E0864502D94FF0010E01E054
:103940004FF0000E71440E4601C2D4F800E01FFA99
:103950008EF8D4F800E04FEA1E49241D08FB0BF353
:1039600008FB0AF009FB0AF509FB0BF101EB134117
:1039700001EB15411B042D041844984202D24FF06C
:10398000010E01E04FF0000E71442844A84202D21B
:103990004FF0010E01E04FF0000E71443044B04290
:1039A00002D24FF0010E01E04FF0000E7144D2F848
:1039B00000E07044D2F800E0864502D94FF0010ED5
:1039C00001E04FF0000E71440E4601C2D4F800E051
:1039D0001FFA8EF8D4F800E04FEA1E49241D08FBB8
:1039E0000BF308FB0AF009FB0AF509FB0BF101EBED
:1039F000134101EB15411B042D041844984202D2D7
:103A00004FF0010E01E04FF0000E71442844A8422F
:103A100002D24FF0010E01E04FF0000E714430442D
:103A2000B04202D24FF0010E01E04FF0000E71449F
:103A3000D2F800E07044D2F800E0864502D94FF099
:103A4000010E01E04FF0000E71440E4601C2D4F8A1
:103A500000E01FFA8EF8D4F800E04FEA1E49241D5A
:103A600008FB0BF308FB0AF009FB0AF509FB0BF155
:103A700001EB134101EB15411B042D04184498423E
:103A800002D24FF0010E01E04FF0000E71442844C5
:103A9000A84202D24FF0010E01E04FF0000E714437
:103AA0003044B04202D24FF0010E01E04FF0000E60
:103AB0007144D2F800E07044D2F800E0864502D9A3
:103AC0004FF0010E01E04FF0000E71440E4601C2AE
:103AD000D4F800E01FFA8EF8D4F800E04FEA1E494F
:103AE000241D08FB0BF308FB0AF009FB0AF509FB90
:103AF0000BF101EB134101EB15411B042D0418449C
:103B0000984203D24FF0010E02E024E04FF0000E85
:103B100071442844A84202D24FF0010E01E04FF058
:103B2000000E71443044B04202D24FF0010E01E069
:103B30004FF0000E7144D2F800E07044D2F800E07B
:103B4000864502D94FF0010E01E04FF0000E71449E
:103B50000E4601C2103F102FBFF4E7AB0CE21FFA74
:103B60008CFA4FEA1C4BD4F800E01FFA8EF8D4F818
:103B700000E04FEA1E49241D08FB0BF308FB0AF086
:103B800009FB0AF509FB0BF101EB134101EB1541B0
:103B90001B042D041844984202D24FF0010E01E09C
:103BA0004FF0000E71442844A84202D24FF0010E9B
:103BB00001E04FF0000E71443044B04202D24FF0A9
:103BC000010E01E04FF0000E7144D2F800E07044A5
:103BD000D2F800E0864502D94FF0010E01E04FF027
:103BE000000E71440E4601C2D4F800E01FFA8EF8B0
:103BF000D4F800E04FEA1E49241D08FB0BF308FB34
:103C00000AF009FB0AF509FB0BF101EB134101EB8B
:103C100015411B042D041844984202D24FF0010EA6
:103C200001E04FF0000E71442844A84202D24FF048
:103C3000010E01E04FF0000E71443044B04202D258
:103C40004FF0010E01E04FF0000E7144D2F800E099
:103C50007044D2F800E0864502D94FF0010E01E031
:103C60004FF0000E71440E4601C2D4F800E01FFA76
:103C70008EF8D4F800E04FEA1E49241D08FB0BF330
:103C800008FB0AF009FB0AF509FB0BF101EB1341F4
:103C900001EB15411B042D041844984202D24FF049
:103CA000010E01E04FF0000E71442844A84202D2F8
:103CB0004FF0010E01E04FF0000E71443044B0426D
:103CC00002D24FF0010E01E04FF0000E7144D2F825
:103CD00000E07044D2F800E0864502D94FF0010EB2
:103CE00001E04FF0000E71440E4601C2D4F800E02E
:103CF0001FFA8EF8D4F800E04FEA1E49241D08FB95
:103D00000BF308FB0AF009FB0AF509FB0BF101EBC9
:103D1000134101EB15411B042D041844984202D2B3
:103D20004FF0010E01E04FF0000E71442844A8420C
:103D300002D24FF0010E01E04FF0000E714430440A
:103D4000B04202D24FF0010E01E04FF0000E71447C
:103D5000D2F800E07044D2F800E0864502D94FF076
:103D6000010E01E04FF0000E71440E4601C2D4F87E
:103D700000E01FFA8EF8D4F800E04FEA1E49241D37
:103D800008FB0BF308FB0AF009FB0AF509FB0BF132
:103D900001EB134101EB15411B042D04184498421B
:103DA00002D24FF0010E01E04FF0000E71442844A2
:103DB000A84202D24FF0010E01E04FF0000E714414
:103DC0003044B04202D24FF0010E01E04FF0000E3D
:103DD0007144D2F800E07044D2F800E0864502D980
:103DE0004FF0010E01E04FF0000E71440E4601C28B
:103DF000D4F800E01FFA8EF8D4F800E04FEA1E492C
:103E0000241D08FB0BF308FB0AF009FB0AF509FB6C
:103E10000BF101EB134101EB15411B042D04184478
:103E2000984202D24FF0010E01E04FF0000E7144B3
:103E30002844A84202D24FF0010E01E04FF0000EDC
:103E400071443044B04202D24FF0010E01E04FF015
:103E5000000E7144D2F800E07044D2F800E08645CC
:103E600002D94FF0010E01E04FF0000E71440E46F2
:103E700001C2D4F800E01FFA8EF8D4F800E04FEA4F
:103E80001E49241D08FB0BF308FB0AF009FB0AF589
:103E900009FB0BF101EB134101EB15411B042D0450
:103EA0001844984202D24FF0010E01E04FF0000E8C
:103EB00071442844A84202D24FF0010E01E04FF0B5
:103EC000000E71443044B04202D24FF0010E01E0C6
:103ED0004FF0000E7144D2F800E07044D2F800E0D8
:103EE000864502D94FF0010E01E04FF0000E7144FB
:103EF0000E4601C2D4F800E01FFA8EF8D4F800E0B4
:103F00004FEA1E49241D08FB0BF308FB0AF009FBCE
:103F10000AF509FB0BF101EB134101EB15411B0401
:103F20002D041844984202D24FF0010E01E04FF0E8
:103F3000000E71442844A84202D24FF0010E01E065
:103F40004FF0000E71443044B04202D24FF0010EE7
:103F500001E04FF0000E7144D2F800E07044D2F856
:103F600000E0864502D94FF0010E01E04FF0000E4F
:103F700071440E4601C2083F082FBFF4F0AD45E082
:103F80001FFA8CFA4FEA1C4BD4F800E01FFA8EF8A7
:103F9000D4F800E04FEA1E49241D08FB0BF308FB90
:103FA0000AF009FB0AF509FB0BF101EB134101EBE8
:103FB00015411B042D041844984202D24FF0010E03
:103FC00001E04FF0000E71442844A84202D24FF0A5
:103FD000010E01E04FF0000E71443044B04202D2B5
:103FE0004FF0010E01E04FF0000E7144D2F800E0F6
:103FF0007044D2F800E0864502D94FF0010E01E08E
:104000004FF0000E71440E4601C27F1E002FB7D143
:104010000098401C009000BF106830441060106889
:10402000B04201D2012000E000200646121D002E01
:10403000F2D1BDE8F88F2DE9F04387B080460E46F7
:1040400015466FF06D0900BF00BF00BF00BF00BF85
:1040500000BF04A8FEF7E6FC01A8FEF7E3FCB045AC
:104060000AD100BF314604A8FEF764FD5FEA0009EB
:1040700000D052E000BF04AEA8450AD100BF2946D7
:1040800001A8FEF757FD5FEA000900D045E000BF38
:1040900001AD776806E0781EB16851F8200000B1E4
:1040A00002E07F1E002FF6D100BF6C6806E0601EA4
:1040B000A96851F8200000B102E0641E002CF6D17E
:1040C00000BF00BF39194046FEF7C8FC5FEA00098F
:1040D00000D022E000BF00BF00214046FEF725FED1
:1040E0005FEA000900D018E000BF0EE0601ED5F8BE
:1040F00008C05CF82030D8F8080000EB8400021FEC
:104100003846B168FFF708F9641E002CEED130681C
:1041100029684843C8F8000000BF01A8FEF78AFCE0
:1041200004A8FEF787FC484607B0BDE8F0837FB5DA
:1041300005460E46144600BF00BF00BF00BF012069
:1041400001900290CDF80CD0009401AA3146284687
:10415000FFF771FF04B070BD2DE9FF5F054688468B
:1041600017466FF06D0B00BF00BF00BF00BFB8F176
:10417000020F02DBB8F1100F04DD6FF0030004B092
:10418000BDE8F09F6846FEF74DFC384611F0F6F9A1
:104190000646B8F1100F53D1B6F1804F02D36FF03D
:1041A0000300ECE71F2010EA860F01D0012000E099
:1041B0000020C6F3DA0100EB010A00BF5146284691
:1041C000FEF74CFC5FEA000B00D081E000BF00BFAF
:1041D00000212846FEF7A9FD5FEA000B00D077E03A
:1041E00000BF34464FF0000927E0012C06D1601EC5
:1041F000385C2D2802D1A01E286020E000BF601E80
:104200003A5C414603A8FEF751FE5FEA000B00D07E
:104210005EE000BF4FEAD901A86850F821004FEADC
:104220004971CA0E0399914008434FEAD902A9681F
:1042300041F82200641E09F10109002CD5D146E0A5
:1042400000BF00212846FEF770FD5FEA000B00D09A
:104250003EE000BF002438E034B9385D2D2803D19A
:104260004FF0FF3028602FE000BF3A5D414603A8C1
:10427000FEF71CFE5FEA000B00D029E000BF00BF84
:10428000424629466846FFF752FF5FEA000B00D01E
:104290001EE000BF286801280AD100BF69462846F1
:1042A000039AFFF719F85FEA000B00D010E00AE06C
:1042B00000BF69462846039AFEF7ACFF5FEA000B91
:1042C00000D005E000BF00BF641CB442C4D300BFEF
:1042D0006846FEF7AFFB584651E770B502460B46FD
:1042E00000BF00BF00BF00BF516806E0481E9568D0
:1042F00055F8200000B102E0491E0029F6D100BFA8
:104300005C6806E0601E9D6855F8200000B102E080
:10431000641E002CF6D100BF11B90CB9002070BD8D
:10432000A14201D91068FAE78C4202D918684042CC
:10433000F5E71068002804DD1868002801DA01207C
:10434000EDE71868002805DD1068002802DA4FF054
:10435000FF30E4E717E0481E956855F820509E6846
:1043600056F82000854201D91068D8E7481E9568A4
:1043700055F820509E6856F82000854202D21068F9
:104380004042CCE7491E0029E5D10020C7E73FB5F0
:1043900005460C4600BF00BF002C01DA604200E079
:1043A00020460090002C02DA4FF0FF3000E00120A0
:1043B000019001200290CDF80CD001A92846FFF70A
:1043C0008CFF04B030BD2DE9F047054688464FF01C
:1043D000000A00BF00BF4FEA581608F01F076868C0
:1043E000B04203D36868B04206D12FB100212846FD
:1043F000FEF79BFCBDE8F087B6B1002407E0A119E9
:10440000A86850F82100A96841F82400641C686875
:10441000801BA042F3D804E00020A96841F82400E2
:10442000641C6868A042F7D807B36C681CE0601E83
:10443000A96851F82000C7F1200100FA01F9601EB7
:10444000A96851F82000F8400A46611E42F8210090
:10445000601EA96851F8200040EA0A000A46611E61
:1044600042F82100CA46641E002CE0D10020C1E7BA
:104470002DE9F05F05460F466FF06D0A4FF0000B17
:1044800000BF00BF7E0907F01F082846FEF7EAFCC0
:10449000C4196868B4EB401F10D900BF14F01F0F97
:1044A00001D0012000E0002000EB54112846FEF767
:1044B000D5FA5FEA000A00D03CE000BF4FF0000AE6
:1044C000B6B16C6809E0A01B401EA96851F8201025
:1044D000601EAA6842F82010641EB442F3D805E0BA
:1044E0000021601EAA6842F82010641E002CF7D13B
:1044F000B8F1000F1DD0344618E0A86850F8240029
:10450000C8F1200120FA01F9A86850F8240000FA47
:1045100008F0A96841F82400A86850F8240040EA8F
:104520000B00A96841F82400CB46641C6868A042CF
:10453000E3D800BF5046BDE8F09F2DE9FF4F87B09C
:1045400005468B4614464FF480300690401E059079
:104550000CB1A5420AD30A9818B14FF0FF310A985E
:1045600001604FF0FF300BB0BDE8F08F2046FEF742
:104570006BFC0746BC40BD40C7F120002BFA00F1A0
:10458000784201EAE07005430BFA07FB4FEA144852
:10459000A0B204904FEA1B4001901FFA8BF00090EC
:1045A000B5FBF8F608FB165A05E0761EC244BAF5CC
:1045B000803F00D30BE0B6F5803FF6D204987043FD
:1045C0004FF48032019902FB0A118842EDD800BFF6
:1045D000019806FB140000EB054003900398B0FB24
:1045E000F8F9039809FB180A06E0A9F10109C24489
:1045F000BAF5803F00D30CE0B9F5803FF5D20498BE
:1046000009FB00F04FF48032009902FB0A11884246
:10461000EBD800BF0A9840B10099039801EB004025
:1046200009FB1400F8400A99086009EB0640029063
:10463000029898E72DE9F04F93B0814688461646D8
:104640009A466FF06D00129000BF00BF00BF00BF20
:1046500000215046FFF79BFE20B96FF00B0013B00E
:10466000BDE8F08F0FA8FEF7DDF90CA8FEF7DAF928
:1046700009A8FEF7D7F906A8FEF7D4F901200390A0
:1046800003200490CDF814D051463046FEF737FD94
:10469000002819DAB9F1000F08D000BF0021484600
:1046A000FEF743FB129000B195E100BFB8F1000F97
:1046B00008D000BF31464046FEF73CFA129000B1E8
:1046C00089E100BF0020CAE700BF31460FA8FEF70E
:1046D00031FA129000B17EE100BF00BF51460CA834
:1046E000FEF728FA129000B175E100BF01200C908E
:1046F0000F9000BF7068811C09A8FEF7AFF91290F7
:1047000000B168E100BF00BF002109A8FEF70DFB62
:10471000129000B15FE100BF00BF022106A8FEF7C2
:104720009DF9129000B156E100BF0CA8FEF79AFB6C
:1047300000F01F0BBBF11F0F13D2CBF11F0B00BFFB
:1047400059460FA8FFF794FE129000B143E100BF55
:1047500000BF59460CA8FFF78BFE129000B13AE15A
:1047600001E04FF0000B1098471E0D98451E00BF4A
:10477000781B41010CA8FFF77BFE129000B12AE1E3
:1047800000BF12E0791B0B9850F82100401C7A1BE7
:104790000B9941F8220000BF0CAA0FA90FA8FEF741
:1047A000F7FC129000B116E100BF0CA90FA8FFF7AB
:1047B00094FD0028E6DA00BF781B41010CA8FFF742
:1047C00002FE129000B106E100BF3C46CEE0119817
:1047D00050F824000E9951F82510884207D34FF065
:1047E000FF31601B401E0B9A42F8201011E00E9B17
:1047F00053F82520631EDDF844C05CF823105CF8F4
:1048000024000023FFF799FE611B491E0B9A42F812
:104810002100022C01D2002003E0A01E119951F8C2
:104820002000059908600CB9002003E0601E119972
:1048300051F8200005994860119850F82400059916
:104840008860601B401E0B9951F82000401C0A46EE
:10485000611B491E42F8210000BF601B401E0B99DE
:1048600051F82000401E0A46611B491E42F82100F3
:1048700000BF002106A8FEF758FA129000B1AAE086
:1048800000BF0DB9002003E0681E0E9951F820000A
:10489000089908600E9850F825000899486000BFF4
:1048A000601B401E0B9951F8202006A906A8FFF7AF
:1048B0003EFC129000B18EE000BF03A906A8FFF7EE
:1048C0000CFD0028C9DC00BF601B401E0B9951F88D
:1048D00020200CA906A8FFF72AFC129000B17AE06C
:1048E00000BF00BF601B401E410106A8FFF7C0FDCE
:1048F000129000B16FE000BF00BF06AA0FA90FA879
:10490000FEF746FC129000B165E000BF00210FA841
:10491000FFF73DFD002828DA00BF0CA906A8FEF726
:1049200009F9129000B156E000BF00BF601B401EA5
:10493000410106A8FFF79CFD129000B14BE000BFBB
:1049400000BF06AA0FA90FA8FEF784FC129000B1C1
:1049500041E000BF601B401E0B9951F82000401E33
:104960000A46611B491E42F82100641EAC423FF614
:104970002EAFB9F1000F0ED000BF09A94846FEF7CF
:10498000D9F8129000B126E000BF3068DAF80010C4
:104990004843C9F80000B8F1000F1BD000BF5946CA
:1049A0000FA8FFF710FD129000B114E000BF3068AF
:1049B0000F9000BF0FA94046FEF7BCF8129000B15F
:1049C00009E000BF00214046FFF7E1FC10B90120DB
:1049D000C8F8000000BF0FA8FEF72CF80CA8FEF7DF
:1049E00029F809A8FEF726F806A8FEF723F80C21F7
:1049F0006846F7F7DBF8129831E62DE9FF410546E6
:104A00000E4617461C4600BF00BF002C01DA60426C
:104A100000E020460090002C02DA4FF0FF3000E06A
:104A20000120019001200290CDF80CD001AB3A4654
:104A300031462846FFF7FEFD04B0BDE8F081F0B531
:104A400004460B4600BF00BF00BF00BF12B96FF0A5
:104A50000B00F0BD002A02DA6FF00900F9E7012A25
:104A600002D100202060F4E7022A06D1986800688D
:104A700000F0010020600020EBE75D68002114E0F9
:104A8000681ED3F808C05CF82060080440EA1641AC
:104A9000B1FBF2F707FB12113604080440EA164195
:104AA000B1FBF2F707FB12116D1E002DE8D118685B
:104AB000002801DA01B1511A21600020C9E72DE96F
:104AC000F84F06460F46144698466FF06D0A0025CB
:104AD000206800EB080900BF454503D36FF00700CD
:104AE000BDE8F88F00BF3A4631466846FFF7A7FF9A
:104AF0005FEA000A00D02EE000BF00BF3B4632460E
:104B000000213046FFF779FF5FEA000A00D022E07B
:104B100000BF00980A2807D200983030C1B2A9F12E
:104B200001008146017006E000983730C1B2A9F15A
:104B30000100814601706D1C00213046FFF727FC03
:104B40000028C9D12A464946206810F0D2FD2068C5
:104B50002844206000BF5046C2E72DE9FF5F0646AB
:104B60000D4617469846DDF838904FF0000A00BF12
:104B700000BF00BF00BF00BF00BF022D01DB102D32
:104B800004DD6FF0030004B0BDE8F09F3046FEF78F
:104B900069F90446042D00DB6408102D00DB64086D
:104BA000641C641C641C04F001000444A04504D28D
:104BB000C9F800406FF00700E5E703976846FDF786
:104BC00031FF3068401C08D12D20039908700398EC
:104BD000401C0390A8F101008046102D4ED1716851
:104BE0004FF0000C47E0042242E04B1ED6F808B01C
:104BF0005BF82330A2F1010B4FEACB0B23FA0BF346
:104C0000D8B230B9BCF1000F03D18B18022B00D001
:104C10002DE003464FEAE07B00EB1B7B4FEA2B1BAA
:104C20000FF6A47E1EF80BB0DDF80CE08EF800B095
:104C3000DDF80CB00BF1010BCDF80CB04FEAE07BC6
:104C400000EB1B7B4FEA2B1BA0EB0B1B0FF6787EB8
:104C50001EF80BB0DDF80CE08EF800B0DDF80CB0FB
:104C60000BF1010BCDF80CB04FF0010C00BF521E40
:104C7000002ABAD1491E0029B5D11AE000BF314639
:104C80006846FDF757FF5FEA000A00D01CE000BF4E
:104C90000098401C01D10120009000BF434603AAA8
:104CA00029466846FFF70BFF5FEA000A00D00BE0D9
:104CB00000BF0020039908700398401C03900398DC
:104CC000C01BC9F8000000BF6846FDF7B3FE5046A0
:104CD00059E701B500200022694605E000020B7883
:104CE0001843531CDAB2491C042AF7D308BD10B587
:104CF00004462046FFF7EDFF10BD2DE9F0410646C2
:104D00000F460FB9BDE8F0813446781E06EB8005EA
:104D10000BE02068FFF7EBFF80462868FFF7E7FF0E
:104D20002060C5F80080241D2D1FAC42F1D900BFC2
:104D3000E8E72DE9F0470546884616466FF06D090D
:104D400016F0030F01D0012000E0002000EB9607D1
:104D50006868B8420FD02846FDF76CFE2846FDF77C
:104D600061FE00BF39462846FDF778FE5FEA00097C
:104D700000D01EE000BF00BF00212846FDF7D5FF90
:104D80005FEA000900D014E000BF00240EE0A10893
:104D9000A86850F8210018F80410A207D20E91401C
:104DA0000843A208A96841F82200641CB442EED36B
:104DB00000BF4846BDE8F0872DE9F04705460F469D
:104DC00016466FF06D0A16F0030F01D0012000E0C7
:104DD000002000EB9604C6EB840800BF00BF00BFB4
:104DE00000BF6868A0420FD02846FDF723FE284682
:104DF000FDF718FE00BF21462846FDF72FFE5FEAAB
:104E0000000A00D018E000BF00BF00212846FDF7CF
:104E10008CFF5FEA000A00D00EE000BF5FB1D5F85A
:104E2000089009EB08003246394610F01DFC214677
:104E3000A868FFF762FF00BF5046BDE8F0872DE984
:104E4000F04707468946154678688600AE4201D28B
:104E5000B04613E0A84644460EE0A108B86850F8F2
:104E60002100A107C90EC84010F0FF0F03D06FF05A
:104E70000700BDE8F087641CB442EED3002409E0CB
:104E8000A108B86850F82100A107C90EC84009F868
:104E90000400641C4445F3D3AE4204D2A91B09EBC1
:104EA000060010F0ADFC0020E3E72DE9F047804656
:104EB0008946164600BF00BF00BF00BFD8F80400F7
:104EC0008700B74209D23D4609EB0600A0EB050A70
:104ED000711B484610F094FC15E03546CA462C4636
:104EE0000FE0A108D8F8080050F82100A107C90E6A
:104EF000C84010F0FF0F03D06FF00700BDE8F08747
:104F0000641CBC42EDD300240DE0A108D8F80800D1
:104F100050F82100A107C90EC840C1B2281B401E8D
:104F20000AF80010641CAC42EFD30020E6E710B58D
:104F3000024682EA0103541A24EA030001EA030448
:104F40002043C00F10BD2DE9F05F0746894690460B
:104F500000BF00BF00BF00BF00BF00BF7868D9F826
:104F60000410884203D06FF00300BDE8F09F38685A
:104F7000C0F3400AD9F80000C0F3400B8AEA0B05E1
:104F800005EA0A00C8F800002E467C682DE0621E83
:104F9000BB6853F82210D9F8083053F82200FFF705
:104FA000C6FF0546C6F10100284000EA0A00D8F80D
:104FB00000100143C8F800102E43621ED9F80830D3
:104FC00053F82210BB6853F82200FFF7B0FF0546E4
:104FD000C6F101002840CAF101010840D8F80010CC
:104FE0000843C8F800002E43641E002CCFD10020D7
:104FF000BBE72DE9F04105460E4614466FF06D07FC
:1050000000BF00BF00BF00BF00BF00BF002120469F
:10501000FFF7BDF9002803DA6FF00900BDE8F08161
:1050200000BF2346324629460020FFF703FB070056
:1050300000D023E000BF09E000BF224629462846F1
:10504000FEF708F9070000D018E000BF002128464D
:10505000FFF79DF90028EFDB09E000BF2246294653
:105060002846FEF795F8070000D007E000BF21466C
:105070002846FFF732F90028EFDA00BF3846CDE7BF
:1050800030B502460B469D68296808468D1C05F020
:10509000040500EB4500202405E001FB00F5C5F107
:1050A000020568436408082CF7D2C5436D1C1560DF
:1050B00030BD2DE9FF4F83B007460E469046DDF820
:1050C00040B0DBF804209100DBF8080010F0BAFBD8
:1050D000DBF80840D8F804507068A84201D2706824
:1050E00000E0284602904FF000091FE0B86850F831
:1050F00029A02068B16809680AFB010006994843A5
:10510000019053462246B1680298FEF705F9D8F897
:10511000081022462846019BFEF7FEF844F804AB2F
:105120000021681C44F8201009F10109A945DDD3CC
:10513000AA002146B86810F01EFB54F82500401C58
:1051400044F8250021462846D8F80820FDF750FFEE
:1051500054F82510081A44F8250054F82500C3B265
:1051600022462846B968FDF737FD07B0BDE8F08F45
:10517000F0B585B007460C4615461E460120049042
:1051800004980190029004A803902B46224601A99E
:1051900038460096FFF78DFF05B0F0BD2DE9FF4FB3
:1051A000ADF24C6D91461E46DDF880866FF06D00C5
:1051B000CDF848064FF0010A00BF00BF00BF00BF96
:1051C00000BF00BF00BF00BF00213046FFF7DFF87F
:1051D000002804DDB068006810F0010F05D16FF001
:1051E00003000DF25C6DBDE8F08F00214846FFF72B
:1051F000CEF8002802DA6FF00300F2E731460DF234
:105200003460FFF73DFF0DF22460FDF70BFC0DF558
:10521000C360FDF707FC03A8FDF704FC4FF4C06171
:1052200006A810F00FFB4846FDF71CFE0446B4F537
:10523000287F01D306200CE0EF2C01D9052008E0DF
:105240004F2C01D9042004E0172C01D9032000E0E1
:10525000012005467068471C00BF3946DDF84C0642
:10526000FDF7FCFBCDF8480600B1EBE100BF00BF45
:10527000394609A8FDF7F2FBCDF8480600B1E1E197
:1052800000BF00BF79000DF5C360FDF7E7FBCDF867
:10529000480600B1D6E100BFDDF850060068401CAA
:1052A00001D1012000E000200290029878B100BFF7
:1052B00003A8DDF85016FDF73DFCCDF8480600B117
:1052C000C0E100BF0120039003A8CDF85006B8F15B
:1052D000000F02D0D8F8080058BB00BF01210DF222
:1052E0002460FDF722FDCDF8480600B1AAE100BF19
:1052F00000BF706881010DF22460FFF7B9F8CDF8A6
:10530000480600B19EE100BF00BF32460DF22461A5
:105310000846FFF76EFECDF8480600B192E100BFE7
:10532000B8F1000F0ED00DF2246007C888E807001E
:1053300008E0D8E90102D8F800100DF5C56305C3EF
:10534000CDF824163146DDF85006FEF7C6FF0028DA
:105350000BDB00BF324609A8DDF85016FFF749FE07
:10536000CDF8480600B16DE10AE000BF09A8DDF8FC
:105370005016FDF7DFFBCDF8480600B162E100BF33
:105380000DF5C360009032460DF2246109A8DDF8E6
:105390003436FFF78EFE00BF0DF22461DDF84C06B7
:1053A000FDF7C8FBCDF8480600B14BE100BF0DF595
:1053B000C3633146DDF83426DDF84C06FFF7D8FE2E
:1053C000012D6CD9681E0AFA00F700BF7268511CE3
:1053D00007EB470206AB03EB8200FDF73FFBCDF87E
:1053E000480600B12EE100BF00BF07EB470106AA47
:1053F00002EB810009A9FDF79DFBCDF8480600B13D
:1054000020E100BF002411E00DF5C36007EB470267
:1054100006AB03EB820107EB4702009003EB82002F
:105420003246DDF83436FFF744FE641C681EA042A5
:10543000EAD87C1C2FE000BF7268511C04EB4402C8
:1054400006AB03EB8200FDF709FBCDF8480600B17F
:10545000F8E000BF00BF621E02EB420206AB03EBA6
:10546000820104EB440203EB8200FDF763FBCDF8FD
:10547000480600B1E6E000BF0DF5C36004EB44014F
:1054800006AA009002EB8100324609A9DDF8343605
:10549000FFF70FFE641C0AFA05F0A042CBD8D9F83A
:1054A0000400CDF840060020CDF83C068346CDF838
:1054B0004406CDF8300677E0DDF83C0658B9DDF853
:1054C000400600B971E0DDF84006401ECDF8400608
:1054D0002020CDF83C06DDF83C06401ECDF83C0609
:1054E000D9F80810DDF8400651F82000DDF83C1628
:1054F000C84000F00100CDF83806DDF8380618B9CC
:10550000DDF8300600B94FE0DDF8380678B9DDF88F
:10551000300601280BD10DF5C36000903246DDF84E
:105520004C160846DDF83436FFF7C3FD3CE0022098
:10553000CDF830060BF1010BA5EB0B01DDF83806B9
:105540008840DDF844160843CDF84406AB452AD11F
:1055500000240BE00DF5C36000903246DDF84C16D8
:105560000846DDF83436FFF7A4FD641CAC42F1D3E5
:105570000DF5C3600090DDF8440600EB400006AA7C
:1055800002EB80013246DDF83436DDF84C06FFF7D9
:1055900090FDDDF83006401ECDF830064FF0000BD0
:1055A0000020CDF8440600BF86E700BF002421E0BC
:1055B0000DF5C36000903246DDF84C160846DDF864
:1055C0003436FFF776FDDDF844064000CDF844069A
:1055D0000AFA05F0DDF8441608420AD00DF5C3605A
:1055E0000090324609A9DDF83436DDF84C06FFF7A5
:1055F00060FD641C5C45DBD30DF5C3633146DDF80B
:105600003426DDF84C06FFF7B3FD0298C8B1D9F88F
:105610000400B0B1D9F80800006810F0010F10D0F4
:105620004FF0FF31DDF84C06016000BF3146DDF878
:105630004C261046FDF70EFECDF8480600B101E0FD
:1056400000BF00BF681E0AFA00F407E004EB440143
:1056500006AA02EB8100FDF7EDF9641C0AFA05F0D9
:10566000A042F3D809A8FDF7E5F90DF5C360FDF7F1
:10567000E1F903A8FDF7DEF9B8F1000F02D0D8F880
:10568000080018B90DF22460FDF7D4F9DDF84806DA
:10569000A7E52DE9F04786B00746884616466FF025
:1056A0006D0900BF00BF00BF00BF00BF00BF03A85F
:1056B000FDF7B8F96846FDF7B5F900BF414603A804
:1056C000FDF738FA5FEA000900D094E000BF00BFA0
:1056D00031466846FDF72EFA5FEA000900D08AE0FD
:1056E00000BF03A8FDF794FB05466846FDF790FB55
:1056F0000446AC4200D2254600BF294603A8FEF767
:1057000062FE5FEA000900D075E000BF00BF2946D5
:105710006846FEF758FE5FEA000900D06BE000BF64
:105720000120009003904BE000BF03A8FDF770FB41
:105730008246514603A8FEF746FE5FEA000900D004
:1057400059E000BF00BF6846FDF762FB8246514644
:105750006846FEF738FE5FEA000900D04BE000BF64
:10576000694603A8FEF7B9FD002814DB00BF6A46AE
:1057700003A903A8FDF75EFC5FEA000900D03AE048
:1057800000BF00BF012103A8FEF71DFE5FEA00096C
:1057900000D030E014E000BF03AA69466846FDF778
:1057A00049FC5FEA000900D025E000BF00BF0121ED
:1057B0006846FEF708FE5FEA000900D01BE000BF64
:1057C000002103A8FEF7E3FD0028ADD100BF294664
:1057D0006846FEF74DFE5FEA000900D00BE000BF0F
:1057E00000BF69463846FDF7A5F95FEA000900D019
:1057F00001E000BF00BF03A8FDF71CF96846FDF7F4
:1058000019F9484606B0BDE8F0872DE9F05F064675
:105810000C46174698466FF06D0B14F0030F01D03D
:10582000012000E0002000EB9405C4EB850900BFD7
:1058300000BF00BF00BF7068A8420FD03046FDF720
:10584000F9F83046FDF7EEF800BF29463046FDF77F
:1058500005F95FEA000B00D016E000BF00BF002191
:105860003046FDF762FA5FEA000B00D00CE000BFA3
:10587000D6F808A00AEB090122464046B847294657
:10588000B068FFF73AFA00BF5846BDE8F09FF0B5A0
:105890009BB005460E4614466FF06D0700BF00BF73
:1058A00000BF00BF00BF00BF01212046FEF76FFD13
:1058B000002802DC78111BB0F0BD15A8FDF7B2F886
:1058C00012A8FDF7AFF80FA8FDF7ACF80CA8FDF78C
:1058D000A9F818A8FDF7A6F809A8FDF7A3F806A8E7
:1058E000FDF7A0F803A8FDF79DF86846FDF79AF8C4
:1058F00000BF2246314618A8FFF7CBFE070000D0B4
:1059000045E100BF012118A8FEF741FD10B16FF07D
:105910000D073CE100BF2246314615A8FFF769FBA1
:10592000070000D033E100BF00BF15A912A8FDF7A2
:1059300001F9070000D02AE100BF00BF214609A8F5
:10594000FDF7F8F8070000D021E100BF00BF2146B5
:1059500006A8FDF7EFF8070000D018E100BF00BF70
:1059600001210FA8FDF7E1F9070000D00FE100BF0A
:1059700000BF00210CA8FDF7D8F9070000D006E110
:1059800000BF00BF002103A8FDF7CFF9070000D03A
:10599000FDE000BF00BF01216846FDF7C6F9070022
:1059A00000D0F4E000BF00BF38E000BF012112A822
:1059B000FEF709FD070000D0E9E000BF119800687C
:1059C00010F0010F04D10E98006810F0010F13D0F1
:1059D00000BF09AA0FA90FA8FDF73CFC070000D0E3
:1059E000D5E000BF00BF15AA0CA90CA8FDF7D0FB9D
:1059F000070000D0CBE000BF00BF01210FA8FEF7D9
:105A0000E2FC070000D0C2E000BF00BF01210CA8EB
:105A1000FEF7D9FC070000D0B9E000BF1498006879
:105A200010F0010FC1D038E000BF012106A8FEF739
:105A3000CAFC070000D0AAE000BF0598006810F07B
:105A4000010F04D10298006810F0010F13D000BFBD
:105A500009AA03A903A8FDF7FDFB070000D096E003
:105A600000BF00BF15AA69466846FDF791FB070015
:105A700000D08CE000BF00BF012103A8FEF7A3FC0B
:105A8000070000D083E000BF00BF01216846FEF799
:105A90009AFC070000D07AE000BF0898006810F078
:105AA000010FC1D006A912A8FEF717FC00281DDBC4
:105AB00000BF06AA12A912A8FDF76AFB070000D0D2
:105AC00065E000BF00BF03AA0FA90FA8FDF760FBA8
:105AD000070000D05BE000BF00BF6A460CA90CA81D
:105AE000FDF756FB070000D051E01DE000BF12AAF1
:105AF00006A906A8FDF74CFB070000D047E000BF51
:105B000000BF0FAA03A903A8FDF742FB070000D0BE
:105B10003DE000BF00BF0CAA69466846FDF738FBB0
:105B2000070000D033E000BF002112A8FEF72FFCD1
:105B300000287FF439AF09E000BF224603A903A87B
:105B4000FDF788FB070000D021E000BF002103A87B
:105B5000FEF71DFC0028EFDB09E000BF224603A989
:105B600003A8FDF715FB070000D010E000BF214699
:105B700003A8FEF7B2FB0028EFDA00BF03A928460E
:105B8000FCF7D8FF070000D001E000BF00BF15A858
:105B9000FCF750FF12A8FCF74DFF0FA8FCF74AFFD7
:105BA0000CA8FCF747FF18A8FCF744FF09A8FCF76E
:105BB00041FF06A8FCF73EFF03A8FCF73BFF684641
:105BC000FCF738FF384676E6303132333435363735
:105BD00038394142434445460000000070B5044650
:105BE000FE4D2E4605B10CB9002070BD0DE0706869
:105BF0006168884207D1D4E9012130680FF06EFC5A
:105C000008B92846F1E714352E4630680028EED151
:105C100000BFEAE770B506460C463046FFF7DEFFE8
:105C2000054615B96FF02D0070BD28692060002071
:105C3000FAE770B50446EA4D2E4605B10CB90020CE
:105C400070BD0DE070686168884207D1D4E9012118
:105C500030680FF043FC08B92846F1E714352E46AA
:105C600030680028EED100BFEAE770B506460C4662
:105C70003046FFF7DEFF054615B96FF02D0070BD09
:105C8000286920600020FAE770B50446D54D2E46FD
:105C900005B10CB9002070BD0DE0706861688842E4
:105CA00007D1D4E9012130680FF018FC08B9284663
:105CB000F1E710352E4630680028EED100BFEAE744
:105CC00070B506460C463046FFF7DEFF054615B9AF
:105CD0006FF02D0070BDE86820600020FAE770B515
:105CE0000446C14D2E4605B10CB9002070BD0DE033
:105CF00070686168884207D1D4E9012130680FF0EB
:105D0000EDFB08B92846F1E710352E46306800282B
:105D1000EED100BFEAE770B506460C463046FFF705
:105D2000DEFF054615B96FF02D0070BDE8682060F4
:105D30000020FAE770B50446AC4D2E4605B10CB90B
:105D4000002070BD0DE070686168884207D1D4E919
:105D5000012130680FF0C2FB08B92846F1E714357D
:105D60002E4630680028EED100BFEAE770B506463F
:105D70000C463046FFF7DEFF054615B96FF02D00E3
:105D800070BDE86820600020FAE72DE9F041074681
:105D90000D4616463846FFF7CDFF04461CB96FF096
:105DA0002D00BDE8F081207C2870607C30700020E0
:105DB000F7E730B504460D468C490CE0487CA0421C
:105DC00008D1087CA84205D10868106048681860AE
:105DD000002030BD143108680028EFD16FF02D008D
:105DE000F7E770B50446824D2E4605B10CB9002088
:105DF00070BD0DE070686168884207D1D4E9012167
:105E000030680FF06BFB08B92846F1E714352E46D1
:105E100030680028EED100BFEAE770B506460C46B0
:105E20003046FFF7DEFF054615B96FF02D0070BD57
:105E3000287C20700020FAE710B503460C466C4918
:105E400009E0087C984205D1086820604868106025
:105E5000002010BD143108680028F2D16FF02D0029
:105E6000F7E770B50446634D2E4605B10CB9002026
:105E700070BD0DE070686168884207D1D4E90121E6
:105E800030680FF02BFB08B92846F1E714352E4691
:105E900030680028EED100BFEAE770B506460C4630
:105EA0003046FFF7DEFF054615B96FF02D0070BDD7
:105EB000287C20700020FAE770B504464E4D2E462F
:105EC00005B10CB9002070BD0DE0706861688842B2
:105ED00007D1D4E9012130680FF000FB08B928464A
:105EE000F1E714352E4630680028EED100BFEAE70E
:105EF00070B506460C463046FFF7DEFF054615B97D
:105F00006FF02D0070BD287C20700020FAE710B5DE
:105F100003460C46384909E0087C984205D10868D8
:105F2000206048681060002010BD14310868002807
:105F3000F2D16FF02D00F7E770B504462F4D2E46D5
:105F400005B10CB9002070BD0DE070686168884231
:105F500007D1D4E9012130680FF0C0FA08B928460A
:105F6000F1E714352E4630680028EED100BFEAE78D
:105F700070B506460C463046FFF7DEFF054615B9FC
:105F80006FF02D0070BD287C20700020FAE72DE90D
:105F9000FE4F8346894615466FF06D04DA464E463D
:105FA000686888B3A8680078282190FBF1F201FBAB
:105FB00012000290A868007890FBF1F0019002981E
:105FC00000900FA231465046019B0EF0B3FF0446ED
:105FD00000BF002C01DBB4421BD316E090B20200DC
:105FE00020B40200ACB402002CB502004CB5020093
:105FF00000B6020050B602008CB6020018B70200CC
:1060000025642E256400000006E06FF00A00BDE85C
:10601000FE8F361BA24400BF00274FF0010828E086
:10602000C7F31800B84202D06FF00A00EFE7FF0193
:10603000A86810F8080000F07F000744A86810F86E
:10604000080010F0800F12D13B460DA23146504699
:106050000EF070FF044600BF002C01DBB44202D3F7
:106060006FF00A00D3E7361BA24400BF002708F1F7
:10607000010868684045D3D8A9EB0600C7E70000CF
:106080002E257500F94870470146C81E062810D213
:10609000DFE800F0030507090B0DF5487047F548E8
:1060A000FCE7F548FAE7F548F8E7F548F6E7F5487C
:1060B000F4E70020F2E710B504460CB9002010BD4B
:1060C0002146F1A00FF010FC18B90320FFF7DCFF08
:1060D000F5E72146EDA00FF007FC20B12146EDA029
:1060E0000FF002FC18B90420FFF7CEFFE7E72146C6
:1060F000E9A00FF0F9FB18B90520FFF7C5FFDEE7AF
:106100002146E7A00FF0F0FB18B90620FFF7BCFF0F
:10611000D5E72146E4A00FF0E7FB18B90720FFF709
:10612000B3FFCCE72146E2A00FF0DEFB18B9082050
:10613000FFF7AAFFC3E70020C1E70021016041602B
:106140008160704710B504460CB1206800B910BDDD
:10615000606800B320680079C01E062816D2DFE808
:1061600000F003070B0C1011606800F004FB0EE058
:10617000606804F0E0F90AE000BF606801F057F9D8
:1061800005E000BF606802F04EFA00E000BF00BF0B
:1061900060680EF0CAFDA06840B122689279510093
:1061A000A068F5F703FDA0680EF0BFFD0C212046A6
:1061B000F5F7FCFC00BFCAE770B505460C4645B1D3
:1061C000286830B12CB1206818B12868216888424D
:1061D00001D0B94870BD20680079C01E06281AD2C7
:1061E000DFE800F003080D0E13146168686800F022
:1061F000CCFA12E06168686804F0A7F90DE000BF0E
:106200006168686801F01DF907E000BF61686868AF
:1062100002F013FA01E0A848DCE700BF0020D9E74C
:1062200070B504460D46164605B10CB9A24870BDBE
:106230002879C01E062846D2DFE800F00313232485
:10624000343500BF582101200EF02CFD60606068DD
:1062500010B999488038EAE7606800F085FA00BF15
:1062600033E000BF5C2101200EF01CFD606060681F
:1062700010B991488038DAE7606804F053F900BF3C
:1062800023E000BF00BF6C2101200EF00BFD606019
:10629000606810B988488038C9E7606801F0BEF8C6
:1062A00000BF12E000BF00BFD82101200EF0FAFCB1
:1062B0006060606810B980488038B8E7606802F0B4
:1062C000A9F900BF01E07C48B1E700BF66B1A97938
:1062D00002200EF0E7FCA060A06828B92046FFF776
:1062E00031FF75488038A2E7256000209FE770B530
:1062F00004460D46012229462046FFF791FF70BD56
:1063000010B504460CB1206808B96B4810BD206870
:106310000079C01E062820D2DFE800F003070B102A
:10632000151A606800F03AFAF0E7606804F01AF9AC
:10633000ECE70121606801F091F8E7E7002160686F
:1063400001F08CF8E2E70121606802F083F9DDE7F3
:106350000021606802F07EF9D8E75748D6E770B5AB
:1063600004460D4616460CB1206808B9524870BD67
:1063700020680079C01E06281ED2DFE800F003095D
:106380000F10161732462946606800F01CFFEEE732
:1063900032462946606805F099FCE8E700BF3246BE
:1063A0002946606801F0C2FFE1E700BF3246294696
:1063B000606803F0C9FBDAE73F48D8E770B50446E8
:1063C0000D460CB1206808B93B4870BD20680079C3
:1063D000C01E06281AD2DFE800F003080D0E1314C1
:1063E0002946606800F044FFEFE72946606805F041
:1063F000C6FCEAE700BF2946606801F0F0FFE4E769
:1064000000BF2946606803F002FCDEE72A48DCE7AB
:106410002DE9F04104460D4616461F4614B926489C
:10642000BDE8F0812079C01E062855D2DFE800F0D3
:1064300003090F16464D3A463146284600F0A9FF9B
:10644000EEE73A463146284605F039FDE8E70123F4
:106450003A463146284602F099F8E1E700233A46E9
:106460003146284602F092F8DAE70000C0B7020091
:1064700090B7020098B70200A0B70200A8B70200C8
:10648000B0B70200B8B702004D443500534841315F
:1064900000000000534841005348413232340000AC
:1064A00053484132353600005348413338340000F8
:1064B000534841353132000000AFFFFF01233A4617
:1064C0003146284603F0EDFFAAE700233A4631465D
:1064D000284603F0E6FFA3E7A248A1E72DE9F0472D
:1064E00090B00446884691466FF06D0A1CB1206852
:1064F00008B1A06818B99B4810B0BDE8F0872068C3
:10650000807948451BD22046FFF7FAFE5FEA000A71
:1065100000D046E04A4641462046FFF720FF5FEAAA
:10652000000A00D03DE069462046FFF747FF5FEADA
:10653000000A00D035E0206890F80590E846A6688B
:1065400021688979A0684718206881793622304609
:106550000FF04EF9206881795C2238460FF048F937
:1065600000250AE0705D18F8051048407055785D08
:1065700018F80510484078556D1C4D45F2D320465B
:10658000FFF7BEFE5FEA000A00D00AE020688279C9
:1065900031462046FFF7E3FE5FEA000A00D000E044
:1065A00000BF40216846F5F701FB5046A4E770B5EF
:1065B00004460D4616461CB1206808B1A06808B90B
:1065C000684870BD324629462046FFF7C8FEF8E706
:1065D000F0B591B004460E466FF06D071CB120680F
:1065E00008B1A06810B95F4811B0F0BD2168897981
:1065F000A068451801A92046FFF7E0FE070001D07A
:106600003846F1E72046FFF77BFE070001D0384609
:10661000EAE72068827929462046FFF7A0FE0700B6
:1066200001D03846E0E72068427901A92046FFF70B
:1066300096FE070001D03846D6E731462046FFF7E0
:10664000BDFED1E770B504466FF06D061CB1206841
:1066500008B1A06808B9434870BDA5682046FFF797
:106660004FFE060001D03046F6E7206882792946C1
:106670002046FFF774FEEFE72DE9FE4F04460E4675
:1066800017461D46DDE90C896FF06D0A14B93548CF
:10669000BDE8FE8F6846FFF750FD0122214668469F
:1066A000FFF7BEFD5FEA000A00D01AE03A46314625
:1066B0006846FFF713FF5FEA000A00D011E0424688
:1066C00029466846FFF773FF5FEA000A00D008E03A
:1066D00049466846FFF77CFF5FEA000A00D000E009
:1066E00000BF6846FFF72EFD5046D1E770B504465F
:1066F0000D460CB1206808B91A4870BD20680079B1
:10670000C01E06281AD2DFE800F003080D0E13148D
:106710002946606800F057F8EFE72946606803F003
:106720003AFFEAE700BF2946606800F0CCFEE4E7E4
:1067300000BF2946606801F0E6FFDEE70948DCE7B4
:10674000014609B9002070474879FCE7014609B9BC
:10675000002070470879FCE7014609B9002070471E
:106760000868FCE700AFFFFF10B50446582120463B
:106770000FF068F810BD10B5044604B910BD5821DB
:106780002046F5F713FA00BFF8E770B504460D464A
:106790005822294620460EF0EEFF70BD014600202B
:1067A00008604860FE488860FE4ACA60C2430A61C9
:1067B000FC4AD2434A610020704700B503461846A0
:1067C000FFF7ECFF00BDF0B590B006460D46287807
:1067D0006F7840EA0720AF7840EA0740EF7840EA58
:1067E0000760009028796F7940EA0720AF7940EA86
:1067F0000740EF7940EA07600190287A6F7A40EA13
:106800000720AF7A40EA0740EF7A40EA076002903B
:10681000287B6F7B40EA0720AF7B40EA0740EF7B95
:1068200040EA07600390287C6F7C40EA0720AF7C39
:1068300040EA0740EF7C40EA07600490287D6F7DC6
:1068400040EA0720AF7D40EA0740EF7D40EA07605D
:106850000590287E6F7E40EA0720AF7E40EA074021
:10686000EF7E40EA07600690287F6F7F40EA0720AE
:10687000AF7F40EA0740EF7F40EA0760079095F856
:10688000200095F8217040EA072095F8227040EA30
:10689000074095F8237040EA0760089095F82400B7
:1068A00095F8257040EA072095F8267040EA0740E1
:1068B00095F8277040EA0760099095F8280095F848
:1068C000297040EA072095F82A7040EA074095F8B9
:1068D0002B7040EA07600A9095F82C0095F82D700F
:1068E00040EA072095F82E7040EA074095F82F708F
:1068F00040EA07600B9095F8300095F8317040EA57
:10690000072095F8327040EA074095F8337040EA66
:1069100007600C9095F8340095F8357040EA072030
:1069200095F8367040EA074095F8377040EA0760FE
:106930000D9095F8380095F8397040EA072095F8E1
:106940003A7040EA074095F83B7040EA07600E90C5
:1069500095F83C0095F83D7040EA072095F83E70A8
:1069600040EA074095F83F7040EA07600F90B16831
:10697000F2683369746900BF83EA04001040604024
:10698000009F3844884F38440144C80140EA5160B0
:10699000811800BF00BF82EA030008405840019FF1
:1069A0003844824F38440444200340EA14504418C9
:1069B00000BF00BF81EA020020405040029F3844DF
:1069C0007B4F38440344580440EAD330031900BFD6
:1069D00000BF84EA010018404840039F3844754FC7
:1069E00038440244900540EA9220C21800BF00BF1C
:1069F00083EA040010406040049F38446E4F3844DE
:106A00000144C80140EA5160811800BF00BF82EA1A
:106A1000030008405840059F3844684F38440444F8
:106A2000200340EA1450441800BF00BF81EA02006E
:106A300020405040069F3844614F38440344580476
:106A400040EAD330031900BF00BF84EA01001840B8
:106A50004840079F38445B4F38440244900540EA61
:106A60009220C21800BF00BF83EA040010406040BB
:106A7000089F3844544F38440144C80140EA5160EB
:106A8000811800BF00BF82EA030008405840099FF8
:106A900038444E4F38440444200340EA145044180C
:106AA00000BF00BF81EA0200204050400A9F3844E6
:106AB000A0F524404F380344580440EAD33003196A
:106AC00000BF00BF84EA0100184048400B9F3844D3
:106AD0003F4F38440244900540EA9220C21800BF5C
:106AE00000BF83EA0400104060400C9F3844394FD7
:106AF00038440144C80140EA5160811800BF00BF1A
:106B000082EA0300084058400D9F3844324F384411
:106B10000444200340EA1450441800BF00BF81EA37
:106B20000200204050400E9F38442C4F384403440C
:106B3000580440EAD330031900BF00BF84EA0100C3
:106B4000184048400F9F3844254F38440244900570
:106B500040EA9220C21800BF00BF82EA0300204032
:106B60005840019F38441F4F38440144480140EACF
:106B7000D160811800BF00BF81EA02001840504078
:106B8000069F3844184F38440444600240EAD45009
:106B9000441800BF00BF84EA01001040484025E0CF
:106BA0000123456789ABCDEF78A46AD756B7C7E80C
:106BB000DB702024EECEBDC1AF0F7CF52AC687471F
:106BC000134630A8019546FDD8988069AFF7448BED
:106BD000BED75C892211906B937198FD8E4379A684
:106BE0002108B44962251EF640B340C00B9F3844CB
:106BF000FE4F38440344980340EA9340031900BF12
:106C000000BF83EA040008406040009F3844F84F0A
:106C100038440244100540EA1230C21800BF00BFD9
:106C200082EA030020405840059F3844F14F384421
:106C30000144480140EAD160811800BF00BF81EAE9
:106C40000200184050400A9F3844EB4F3844044437
:106C5000600240EAD450441800BF00BF84EA01003B
:106C6000104048400F9F3844E44F38440344980391
:106C700040EA9340031900BF00BF83EA04000840C4
:106C80006040049F3844DE4F38440244100540EA17
:106C90001230C21800BF00BF82EA030020405840F3
:106CA000099F3844D74F38440144480140EAD16035
:106CB000811800BF00BF81EA0200184050400E9FBB
:106CC0003844D14F38440444600240EAD450441858
:106CD00000BF00BF84EA010010404840039F3844D1
:106CE000CA4F38440344980340EA9340031900BF55
:106CF00000BF83EA040008406040089F3844C44F46
:106D000038440244100540EA1230C21800BF00BFE8
:106D100082EA0300204058400D9F3844BD4F38445C
:106D20000144480140EAD160811800BF00BF81EAF8
:106D3000020018405040029F3844B74F3844044482
:106D4000600240EAD450441800BF00BF84EA01004A
:106D500010404840079F3844B04F384403449803DC
:106D600040EA9340031900BF00BF83EA04000840D3
:106D700060400C9F3844AA4F38440244100540EA52
:106D80001230C21800BF00BF82EA03006040059FB6
:106D90003844A44F38440144080140EA1170811876
:106DA00000BF00BF81EA02005840089F38449E4F50
:106DB00038440444E00240EA5450441800BF00BF85
:106DC00084EA010050400B9F3844984F38440344F4
:106DD000180440EA1340031900BF00BF83EA04000F
:106DE00048400E9F3844924F38440244D00540EA50
:106DF0005220C21800BF00BF82EA03006040019F1A
:106E000038448C4F38440144080140EA117081181D
:106E100000BF00BF81EA02005840049F3844864FFB
:106E200038440444E00240EA5450441800BF00BF14
:106E300084EA01005040079F3844804F384403449F
:106E4000180440EA1340031900BF00BF83EA04009E
:106E500048400A9F38447A4F38440244D00540EAFB
:106E60005220C21800BF00BF82EA030060400D9F9D
:106E70003844744F38440144080140EA11708118C5
:106E800000BF00BF81EA02005840009F38446E4FA7
:106E900038440444E00240EA5450441800BF00BFA4
:106EA00084EA01005040039F3844684F384403444B
:106EB000180440EA1340031900BF00BF83EA04002E
:106EC0004840069F3844624F38440244D00540EAA7
:106ED0005220C21800BF00BF82EA03006040099F31
:106EE00038445C4F38440144080140EA117081186D
:106EF00000BF00BF81EA020058400C9F3844564F43
:106F000038440444E00240EA5450441800BF00BF33
:106F100084EA010050400F9F3844504F38440344E6
:106F2000180440EA1340031900BF00BF83EA0400BD
:106F30004840029F38444A4F38440244D00540EA52
:106F40005220C21800BF00BF62EA04005840009FF0
:106F50003844444F38440144880140EA9160811824
:106F600000BF00BF61EA03005040079F38443E4F16
:106F700038440444A00240EA9450441800BF00BFC3
:106F800064EA020048400E9F3844384F38440344B6
:106F9000D80340EA5340031900BF00BF63EA010071
:106FA0006040059F3844324F38440244500540EA5F
:106FB000D220C21800BF00BF62EA040058400C9FF4
:106FC00038442C4F38440144880140EA91608118CC
:106FD00000BF00BF61EA03005040039F3844264FC2
:106FE00038440444A00240EA945047E0515A5E26D7
:106FF000AAC7B6E95D102FD65314440281E6A1D882
:10700000C8FBD3E7E6CDE121D60737C3870DD5F41A
:10701000ED145A4505E9E3A9F8A3EFFCD9026F671F
:107020008A4C2A8D4239FAFF81F6718722619D6D63
:107030000C38E5FD44EABEA4A9CFDE4B604BBBF69D
:1070400070BCBFBEC67E9B28FA27A1EA8530EFD46C
:10705000051D880439D0D4D9E599DBE6F87CA21F58
:107060006556ACC4442229F497FF2A43A72394AB66
:1070700039A093FCC3595B6592CC0C8F441800BFB8
:1070800000BF64EA020048400A9F3844D94F3844A0
:107090000344D80340EA5340031900BF00BF63EA2A
:1070A00001006040019F3844D34F384402445005EA
:1070B00040EAD220C21800BF00BF62EA0400584074
:1070C000089F3844CD4F38440144880140EA91601C
:1070D000811800BF00BF61EA030050400F9F384491
:1070E000C74F38440444A00240EA9450441800BFFB
:1070F00000BF64EA02004840069F3844C14F38444C
:107100000344D80340EA5340031900BF00BF63EAB9
:10711000010060400D9F3844BB4F38440244500585
:1071200040EAD220C21800BF00BF62EA0400584003
:10713000049F3844B54F38440144880140EA9160C7
:10714000811800BF00BF61EA030050400B9F384424
:10715000AF4F38440444A00240EA9450441800BFA2
:1071600000BF64EA02004840029F3844A94F3844F7
:107170000344D80340EA5340031900BF00BF63EA49
:1071800001006040099F3844A34F38440244500531
:1071900040EAD220C21800BFB0680844B060F0686E
:1071A0008718F7603069C718376170690719776108
:1071B000002010B0F0BD30B504460D4629462046EB
:1071C000FFF701FB30BD2DE9F04704468846154620
:1071D0006FF06D0915B90020BDE8F087206800F058
:1071E0003F07C7F1400620682844206020682060DF
:1071F0002068A84202D26068401C6060AFB1B5420E
:1072000013D304F11801C819324641460EF02CFA86
:1072100004F118012046FFF7D6FA5FEA000901D011
:107220004846D9E7B044AD1B00270BE04146204655
:10723000FFF7C9FA5FEA000901D04846CCE708F138
:107240004008403D402DF1D235B104F11801C81974
:107250002A4641460EF008FA0020BDE770B5044604
:107260000D461646324629462046FFF7ACFF70BD54
:107270002DE9F04704460D466FF06D09206800F0D7
:107280003F0680223046761C04F118010A54382E3D
:1072900007D8C6F1380104F1180290190EF0B0FABF
:1072A00016E0C6F1400104F1180290190EF0A8FA98
:1072B00004F118012046FFF786FA5FEA000902D0C0
:1072C0004846BDE8F087382104F118000EF0BAFAFC
:1072D0002068400F616840EAC10720684FEAC00893
:1072E00084F850804FEA182184F851104FEA184171
:1072F00084F852104FEA186084F8530084F85470F0
:10730000390A84F85510390C84F85610380E84F870
:10731000570004F118012046FFF755FA5FEA00090B
:1073200001D04846CDE7A0682870A068000A6870C0
:10733000A068000CA870A068000EE870E0682871D2
:10734000E068000A6871E068000CA871E068000E4F
:10735000E871206928722069000A68722069000CAF
:10736000A8722069000EE872606928736069000ADB
:1073700068736069000CA8736069000EE8730020F0
:107380009FE770B504460D4629462046FFF770FF7B
:1073900070BDF0B597B004460D4616466FF06D0708
:1073A00001A8FFF7E1F901A8FFF7F8F9070000D0FD
:1073B0000FE02A46214601A8FFF705FF070000D08D
:1073C00007E0314601A8FFF753FF070000D000E0B7
:1073D00000BF01A8FFF7CFF9384617B0F0BD70B570
:1073E00004460D461646324629462046FFF7D1FF91
:1073F00070BD00007DF4EFFFD15D84854F7EA86FE6
:10740000E0E62CFE144301A3A111084E827E53F73F
:1074100035F23ABDBBD2D72A91D386EB10B50446DC
:1074200000BF00BF6C2120460EF00CFA10BD10B555
:10743000044604B910BD6C212046F4F7B7FB00BF29
:10744000F8E770B504460D4600BF00BF00BF00BF9F
:107450006C22294620460EF08EF970BD024600BF10
:1074600000BF00BF00BF00201060506081B9FE481F
:107470009060FE4BD360FE4B1361FE4B5361FE4B9D
:107480009361FE4BD361FE4B1362FE4B53620FE0E0
:10749000FD489060FD4BD360FD4B1361FD4B536184
:1074A000FD4B9361FD4BD361FD4B1362FD4B53626A
:1074B00091660020704730B504460D4629462046A7
:1074C000FFF7CCFF30BD2DE9F041C8B005460C46B2
:1074D00000BF00BF00BF00BF002106E005F10800AB
:1074E00050F821004DF82100491C0829F6D300214D
:1074F00016E000BF14F8210006068800401C205C3E
:1075000046EA00468800801C205C46EA00208E0087
:10751000F61CA65D304308AE46F8210000BF491CAA
:107520001029E6D300214AE200BF04988009049E96
:1075300040EA8660F60A049F46EA475670407E0E8F
:1075400046EAC7167040079E0644DDE90507784005
:10755000049F3840069F78403044D34E56F821604F
:10756000304408AE56F82160821900988008009EC9
:1075700040EA8670760B009F46EAC7467040BE0D13
:1075800046EA872680EA0607DDE900063040DDE9A5
:10759000006C46EA0C06DDF808C006EA0C0630432B
:1075A0003B18039810440390D018079000BF00BF09
:1075B00003988009039E40EA8660F60A039F46EA24
:1075C000475670407E0E46EAC7167040069E064437
:1075D000DDE904077840039F3840059F7840064462
:1075E000B14F481C57F82000064408AF481C57F814
:1075F0002000321807988008079E40EA8670760BB4
:10760000079F46EAC7467040BE0D46EA872680EAD5
:107610000607009E07983040DDF800C0079E46EA46
:107620000C06DDF804C006EA0C0630433B1802984D
:1076300010440290D018069000BF00BF0298800945
:10764000029E40EA8660F60A029F46EA475670406C
:107650007E0E46EAC7167040059E0644DDE9030724
:107660007840029F3840049F784006448E4F881C23
:1076700057F82000064408AF881C57F8200032183D
:1076800006988008069E40EA8670760B069F46EABA
:10769000C7467040BE0D46EA872680EA0607DDE948
:1076A00006063040DDE9066C46EA0C06DDF800C04F
:1076B00006EA0C0630433B18019810440190D0189C
:1076C000059000BF00BF01988009019E40EA8660D6
:1076D000F60A019F46EA475670407E0E46EAC716F4
:1076E0007040049E0644DDE902077840019F38405F
:1076F000039F784006446C4FC81C57F8200006448E
:1077000008AFC81C57F82000321805988008059E5D
:1077100040EA8670760B059F46EAC7467040BE0D6C
:1077200046EA872680EA0607DDE905063040DDE9FE
:10773000056C46EA0C06DDF81CC006EA0C06304370
:107740003B18009810440090D018049000BF00BF70
:1077500000988009009E40EA8660F60A009F46EA8B
:10776000475670407E0E46EAC7167040039E064498
:10777000DDE901077840009F3840029F78400644C9
:10778000494F081D57F82000064408AF081D57F858
:107790002000321804988008049E40EA8670760B18
:1077A000049F46EAC7467040BE0D46EA872680EA37
:1077B0000607DDE904063040DDE9046C46EA0C0604
:1077C000DDF818C006EA0C0630433B180798104451
:1077D0000790D018039000BF00BF07988009079E4C
:1077E00040EA8660F60A079F46EA475670407E0EDA
:1077F00046EAC7167040029E0644DDE9000778405D
:10780000079F3840019F78400644274F481D57F88E
:107810002000064408AF481D57F82000321803988E
:107820008008039E40EA8670760B039F46EAC746AF
:107830007040BE0D46EA872680EA0607DDE90306AA
:107840003040DDE9036C46EA0C06DDF814C006EAB8
:107850000C0630433B18069810440690D01802904E
:1078600000BF00BF069821E067E6096A85AE67BBE6
:1078700072F36E3C3AF54FA57F520E518C68059B12
:10788000ABD9831F19CDE05BD89E05C107D57C36E7
:1078900017DD703039590EF7310BC0FF11155868DC
:1078A000A78FF964A44FFABEDCB702008009069ED8
:1078B00040EA8660F60A069F46EA475670407E0E0A
:1078C00046EAC7167040019E0644009F079878401C
:1078D000069F3840009F78400644FE4F881D57F8A9
:1078E0002000064408AF881D57F82000321802987F
:1078F0008008029E40EA8670760B029F46EAC746E1
:107900007040BE0D46EA872680EA0607DDE90206DA
:107910003040DDE9026C46EA0C06DDF810C006EAEC
:107920000C0630433B18059810440590D018019080
:1079300000BF00BF05988009059E40EA8660F60AF0
:10794000059F46EA475670407E0E46EAC7167040CD
:10795000009E0644DDE906077840059F3840079FF2
:1079600078400644DB4FC81D57F82000064408AF96
:10797000C81D57F82000321801988008019E40EA7F
:107980008670760B019F46EAC7467040BE0D46EAF8
:10799000872680EA0607DDE901063040DDE9016C53
:1079A00046EA0C06DDF80CC006EA0C0630433B182C
:1079B000049810440490D018009000BF083110299A
:1079C000FFF4B2AD1021FDE300BF881E08AE56F8EB
:1079D0002000460C881E08AF57F8200046EAC03049
:1079E0008E1E57F82660F70C8E1E0DF1200C5CF8E9
:1079F000266047EA463670408E1E08AF57F826606C
:107A000080EA9626C81F57F820003044A1F10F06DF
:107A100057F82660F709A1F10F065CF8266047EADF
:107A20004666A1F10F075CF827704FEA974CA1F169
:107A30000F070DF1200858F827704CEA87377E4071
:107A4000A1F10F07C4465CF8277086EAD706064402
:107A5000A1F1100008AF57F82000064408A840F82C
:107A6000216004988009049F40EA8760FF0ADDF8DE
:107A700010C047EA4C5778404FEA5C6747EACC179A
:107A80007840079F0744DDE9050C80EA0C00DDF82B
:107A900010C000EA0C00DDF818C080EA0C00384481
:107AA0008C4F57F821703844321800988008009E97
:107AB00040EA8670760B009F46EAC7467040BE0DCE
:107AC00046EA872680EA0607DDE900063040DDE960
:107AD000006C46EA0C06DDF808C006EA0C063043E6
:107AE0003B18039810440390D018079000BF00BFC4
:107AF000481E08AE56F82000460C481E08AF57F83E
:107B0000200046EAC036481E57F82000C70C481E21
:107B1000C4465CF8200047EA40304640481E08AFA3
:107B200057F8200086EA9026881F57F82000064460
:107B3000A1F10E0057F82000C709A1F10E005CF872
:107B4000200047EA4067A1F10E005CF820004FEAF0
:107B5000904CA1F10E0058F820004CEA80304740CC
:107B6000A1F10E00C4465CF8200087EAD00006446C
:107B7000A1F10F0008AF57F820000644481C47F851
:107B8000206003988009039F40EA8760FF0ADDF8C0
:107B90000CC047EA4C5778404FEA5C6747EACC177D
:107BA0007840069F0744DDE9040C80EA0C00DDF80C
:107BB0000CC000EA0C00DDF814C080EA0C00074499
:107BC000DFF810C1481C5CF82000384432180798D0
:107BD0008008079E40EA8670760B079F46EAC746F4
:107BE0007040BE0D46EA872680EA0607009E079889
:107BF0003040DDF800C0079E46EA0C06DDF804C000
:107C000006EA0C0630433B18029810440290D01844
:107C1000069000BF00BF08AE56F82100460C08AF22
:107C200057F8210046EAC03657F82100C70CC44671
:107C30005CF8210047EA4030464008AF57F8210081
:107C400086EA9026481F57F820000644A1F10D004F
:107C500057F82000C709A1F10D005CF8200047EAA1
:107C60004067A1F10D005CF820004FEA904CA1F1B3
:107C70000D0058F820004CEA80304740A1F10D007B
:107C8000C4465CF8200087EAD0000644A1F10E004B
:107C900008AF57F820000644881C47F82060029877
:107CA0008009029F40EA8760FF0ADDF808C047EAC2
:107CB0004C5778404FEA5C6747EACC177840059FFD
:107CC0000744DDE9030C80EA0C00DDF808C000EA97
:107CD0000C0001E0DCB70200DDF810C080EA0C0007
:107CE0000744DFF82CC9881C5CF82000384432189F
:107CF00006988008069E40EA8670760B069F46EA44
:107D0000C7467040BE0D46EA872680EA0607DDE9D1
:107D100006063040DDE9066C46EA0C06DDF800C0D8
:107D200006EA0C0630433B18019810440190D01825
:107D3000059000BF00BF481C08AE56F82000460C56
:107D4000481C08AF57F8200046EAC036481C57F8D0
:107D50002000C70C481CC4465CF8200047EA4030AD
:107D60004640481C08AF57F8200086EA9026081FB6
:107D700057F820000644A1F10C0057F82000C7096D
:107D8000A1F10C005CF8200047EA4067A1F10C006B
:107D90005CF820004FEA904CA1F10C0058F820004C
:107DA0004CEA80304740A1F10C00C4465CF820004A
:107DB00087EAD0000644A1F10D0008AF57F8200073
:107DC0000644C81C47F8206001988009019F40EADA
:107DD0008760FF0ADDF804C047EA4C5778404FEA55
:107DE0005C6747EACC177840049F0744DDE9020C42
:107DF00080EA0C00DDF804C000EA0C00DDF80CC0DD
:107E000080EA0C000744DFF808C8C81C5CF82000B2
:107E10003844321805988008059E40EA8670760B33
:107E2000059F46EAC7467040BE0D46EA872680EAAF
:107E30000607DDE905063040DDE9056C46EA0C067B
:107E4000DDF81CC006EA0C0630433B1800981044CD
:107E50000090D018049000BF00BF881C08AE56F8F0
:107E60002000460C881C08AF57F8200046EAC036B0
:107E7000881C57F82000C70C881CC4465CF82000FA
:107E800047EA40304640881C08AF57F8200086EA91
:107E90009026C81E57F820000644A1F10B0057F8A1
:107EA0002000C709A1F10B005CF8200047EA4067F9
:107EB000A1F10B005CF820004FEA904CA1F10B00FF
:107EC00058F820004CEA80304740A1F10B00C4462E
:107ED0005CF8200087EAD0000644A1F10C0008AF4E
:107EE00057F820000644081D47F8206000988009D4
:107EF000009F40EA8760FF0ADDF800C047EA4C5760
:107F000078404FEA5C6747EACC177840039F074404
:107F1000DDE9010C80EA0C00DDF800C000EA0C008D
:107F2000DDF808C080EA0C000744DFF8E4C6081D4D
:107F30005CF820003844321804988008049E40EA17
:107F40008670760B049F46EAC7467040BE0D46EA2F
:107F5000872680EA0607DDE904063040DDE9046C87
:107F600046EA0C06DDF818C006EA0C0630433B185A
:107F7000079810440790D018039000BF00BFC81C9A
:107F800008AE56F82000460CC81C08AF57F8200071
:107F900046EAC036C81C57F82000C70CC81CC446A7
:107FA0005CF8200047EA40304640C81C08AF57F84C
:107FB000200086EA9026881E57F820000644A1F18A
:107FC0000A0057F82000C709A1F10A005CF8200058
:107FD00047EA4067A1F10A005CF820004FEA904CA4
:107FE000A1F10A0058F820004CEA80304740A1F186
:107FF0000A00C4465CF8200087EAD0000644A1F1DC
:108000000B0008AF57F820000644481D47F82060D1
:1080100007988009079F40EA8760FF0ADDF81CC0C7
:1080200047EA4C5778404FEA5C6747EACC177840FC
:10803000029F0744DDE9000C80EA0C00DDF81CC05B
:1080400000EA0C00DDF804C080EA0C000744DFF809
:10805000C0C5481D5CF820003844321803988008D9
:10806000039E40EA8670760B039F46EAC74670403F
:10807000BE0D46EA872680EA0607DDE903063040A2
:10808000DDE9036C46EA0C06DDF814C006EA0C06CE
:1080900030433B18069810440690D018029000BF59
:1080A00000BF081D08AE56F82000460C081D08AF9A
:1080B00057F8200046EAC036081D57F82000C70CC4
:1080C000081DC4465CF8200047EA40304640081DC1
:1080D00008AF57F8200086EA9026481E57F820007F
:1080E0000644A1F1090057F82000C709A1F10900D1
:1080F0005CF8200047EA4067A1F109005CF8200025
:108100004FEA904CA1F1090058F820004CEA803069
:108110004740A1F10900C4465CF8200087EAD0007E
:108120000644A1F10A0008AF57F820000644881D54
:1081300047F8206006988009069F40EA8760FF0A9A
:10814000DDF818C047EA4C5778404FEA5C6747EAC9
:10815000CC177840019F0744DDF800C0079880EAFB
:108160000C00DDF818C000EA0C00DDF800C080EA61
:108170000C000744DFF898C4881D5CF820003844E0
:10818000321802988008029E40EA8670760B029FA1
:1081900046EAC7467040BE0D46EA872680EA0607D3
:1081A000DDE902063040DDE9026C46EA0C06DDF846
:1081B00010C006EA0C0630433B18059810440590A1
:1081C000D01800E093E0019000BF00BF481D08AE4A
:1081D00056F82000460C481D08AF57F8200046EA24
:1081E000C036481D57F82000C70C481DC4465CF82F
:1081F000200047EA40304640481D08AF57F82000AD
:1082000086EA902657F821000644A1F1080057F8A5
:108210002000C709A1F108005CF8200047EA406788
:10822000A1F108005CF820004FEA904CA1F1080091
:1082300058F820004CEA80304740A1F10800C446BD
:108240005CF8200087EAD0000644A1F1090008AFDD
:1082500057F820000644C81D47F82060059880099B
:10826000059F40EA8760FF0ADDF814C047EA4C57D3
:1082700078404FEA5C6747EACC177840009F074494
:10828000DDE9060C80EA0C00DDF814C000EA0C0001
:10829000DDF81CC080EA0C000744DFF874C3C81D79
:1082A0005CF820003844321801988008019E40EAAA
:1082B0008670760B019F46EAC7467040BE0D46EABF
:1082C000872680EA0607DDE901063040DDE9016C1A
:1082D00046EA0C06DDF80CC006EA0C0630433B18F3
:1082E000049810440490D018009000BF0831402931
:1082F000FFF46AAB00210BE005F1080050F8210003
:108300005DF82160064405F1080040F82160491C31
:108310000829F1D3002048B0BDE8F08130B504460B
:108320000D4629462046FFF7CEF830BD2DE9F0472F
:108330000446884615466FF06D0900BF00BF00BFB8
:1083400000BF15B90020BDE8F087206800F03F07A6
:10835000C7F140062068284420602068206020681B
:10836000A84202D26068401C6060AFB1B54213D32E
:1083700004F12801C819324641460DF075F904F19F
:1083800028012046FFF79FF85FEA000901D0484620
:10839000D9E7B044AD1B00270BE041462046FFF76C
:1083A00092F85FEA000901D04846CCE708F140089E
:1083B000403D402DF1D235B104F12801C8192A46BB
:1083C00041460DF051F90020BDE770B504460D4659
:1083D0001646324629462046FFF7A8FF70BD2DE914
:1083E000F04704460D466FF06D0900BF00BF00BFA7
:1083F00000BF206800F03F0680223046761C04F162
:1084000028010A54382E07D8C6F1380104F1280291
:1084100090190DF0F5F916E0C6F1400104F12802BB
:1084200090190DF0EDF904F128012046FFF74BF803
:108430005FEA000902D04846BDE8F087382104F120
:1084400028000DF0FFF92068400F616840EAC1077D
:1084500020684FEAC00800BF390E84F86010390C5C
:1084600084F86110390A84F8621084F8637000BFE0
:1084700000BF4FEA186184F864104FEA184184F88D
:1084800065104FEA182184F8661084F8678000BFF1
:1084900004F128012046FFF716F85FEA000901D031
:1084A0004846C9E700BFA068000E2870A068000C0D
:1084B0006870A068000AA870A068E87000BF00BFDC
:1084C000E068000E2871E068000C6871E068000A3E
:1084D000A871E068E87100BF00BF2069000E287233
:1084E0002069000C68722069000AA8722069E8728D
:1084F00000BF00BF6069000E28736069000C6873DC
:108500006069000AA8736069E87300BF00BFA069D2
:10851000000E2874A069000C6874A069000AA87491
:10852000A069E87400BF00BFE069000E2875E0692B
:10853000000C6875E069000AA875E069E87500BF7D
:1085400000BF206A000E2876206A000C6876206A38
:10855000000AA876206AE87600BFA06E60B900BF66
:10856000606A000E2877606A000C6877606A000A0B
:10857000A877606AE87700BF00205DE770B5044621
:108580000D4629462046FFF72AFF70BD2DE9F04130
:108590009CB004460D4616461F466FF06D0800BF9E
:1085A00000BF00BF00BF00BF00BF01A8FEF736FF3D
:1085B000394601A8FEF752FF5FEA000800D011E03B
:1085C0002A46214601A8FFF7B1FE5FEA000800D065
:1085D00008E0314601A8FFF702FF5FEA000800D07B
:1085E00000E000BF01A8FEF722FF40461CB0BDE836
:1085F000F0812DE9F04104460D4616461F463B46E4
:10860000324629462046FFF7C1FFBDE8F081000051
:10861000DCB7020010B5044600BF00BFD8212046D9
:108620000DF010F910BD10B5044604B910BDD821E5
:108630002046F3F7BBFA00BFF8E770B504460D46D5
:1086400000BF00BF00BF00BFD822294620460DF062
:1086500092F870BD10B5024600BF00BF00BF00BF5A
:108660000020106050609060D06001BBFD4BFE4860
:10867000C2E90430FD4BFE48C2E90630FD48FE4B1E
:10868000C2E90803FD4BFE48C2E90A30FD4BFE4833
:10869000C2E90C30FD4BFE48C2E90E30FD4BFE48EE
:1086A000C2E91030FD4BFE48C2E912301FE0FD4B1D
:1086B000FD48C2E90430FD48FD4BC2E90603FD4C0C
:1086C000FD48C2E90840FD4BFD48C2E90A30FD4BB8
:1086D000FD48C2E90C30FD48FD4BC2E90E03FD4BDD
:1086E000FD48C2E91030FD4BFD48C2E91230C2F826
:1086F000D010002010BD30B504460D462946204656
:10870000FFF7A8FF30BD2DE9F341ADF5D46D00BFF3
:1087100000BF00BF00BF0020B4900EE0DDF8A0064F
:108720001030B49900EBC10103C96B46B49A03EB56
:10873000C20203C2B498401CB490B4980828EDDB80
:108740000020B4907CE0B499DDF8A40610F8310064
:1087500000213822C191C2900CF085FB04460D46E1
:108760004FF00101B49801EBC001DDF8A406405CB4
:108770004FF000014FF03002BF91C0900CF073FB3E
:108780002A4644EA000542EA01040221B49801EBBA
:10879000C001DDF8A406405C00212822BD91BE90F6
:1087A0000CF061FB05430C430321B49801EBC001BD
:1087B000DDF8A406405C00212022BB91BC900CF0A7
:1087C00052FB05430C430421B49801EBC001DDF8D2
:1087D000A406405C00211822B991BA900CF043FB2A
:1087E00005430C430521B49801EBC001DDF8A40654
:1087F000405C00211022B791B8900CF034FB054387
:108800000C430621B49801EBC001DDF8A406405CDE
:1088100000210822B591B6900CF025FB28430C43AB
:108820000722B49902EBC102DDF8A416895C084363
:1088300010AAB49902EBC10111C1B498401CB490C4
:10884000B4981028FFF67FAFD7E0B498801E10A927
:1088500001EBC000D0E900101322D691D590084654
:10886000D5990CF013FB04460D46B498A0F1020014
:1088700010A901EBC000D0E900104FF02D02D491F7
:10888000D3900846D3990CF0EEFA44EA000745EA83
:108890000106B498801E10A901EBC000D0E90010B9
:1088A0003D22D291D1900846D1990CF0EFFA0446BE
:1088B0000D46B498A0F1020010A901EBC000D0E968
:1088C00000104FF00302D091CF900846CF990CF0E2
:1088D000CAFA044345EA010087EA040586EA00046F
:1088E000B498801E10A901EBC000D0E90010062248
:1088F000CE91CD900846CD990CF0C8FA45404C4039
:10890000B498C01F10A901EBC00103C9281844EB9B
:108910000106CDF89C06B4980F3810A901EBC000F1
:10892000D0E900100122CC91CB900846CB990CF0F5
:10893000ADFA04460D46B498A0F10F0010A901EB62
:10894000C000D0E900104FF03F02CA91C99008461C
:10895000C9990CF088FA44EA000845EA0107B4987E
:108960000F3810A901EBC000D0E900100822C8910F
:10897000C7900846C7990CF089FA04460D46B4988A
:10898000A0F10F0010A901EBC000D0E900104FF0DA
:108990003802C691C5900846C5990CF064FA0443A4
:1089A00045EA010088EA040587EA0004B4980F3814
:1089B00010A901EBC000D0E900100722C491C390B8
:1089C0000846C3990CF062FA45404C40DDF89C061D
:1089D00041196641B498103810AA02EBC000D0E9E2
:1089E0000032C91846EB020010ABB49A03EBC20286
:1089F000C2E90010B498401CB490B4985028FFF617
:108A000024AF0020B49000BF00BF0E22DDE90810A3
:108A1000EE91ED900846ED990CF038FA04460D46BB
:108A20004FF03202DDE90810EC91EB900846EB992B
:108A30000CF019FA44EA000645EA01071222DDE9C2
:108A40000810EA91E9900846E9990CF01FFA0446EB
:108A50000D464FF02E02DDE90810E891E790084638
:108A6000E7993FE008C9BCF367E6096A3BA7CA84F7
:108A700085AE67BB2BF894FE72F36E3CF1361D5F3A
:108A80003AF54FA5D182E6AD7F520E511F6C3E2BB9
:108A90008C68059B6BBD41FBABD9831F79217E138D
:108AA00019CDE05BD89E05C15D9DBBCB07D57C365B
:108AB0002A299A6217DD70305A01599139590EF7F7
:108AC000D8EC2F15310BC0FF672633671115586896
:108AD000874AB48EA78FF9640D2E0CDBA44FFABE23
:108AE0001D48B5470CF0BFF904430D43384686EAEC
:108AF000040780EA05062922DDE90810E691E590E1
:108B00000846E5990CF0C2F904460D464FF01702ED
:108B1000DDE90810E491E3900846E3990CF0A3F92D
:108B200004430D43674086EA0500DDE90E21BC18C9
:108B300041410AA825C868400D9B5A40DDE9085309
:108B400028401A40DDE90C5680EA050382EA060057
:108B5000E2184841FE4BB49903EBC1030ACB51180C
:108B6000584110ABB49A03EBC2030CCB891858419F
:108B7000B291B3901C22DDE90010E291E190084629
:108B8000E1990CF083F904460D464FF02402DDE92B
:108B90000010E091DF900846DF990CF064F944EA98
:108BA000000645EA01072222DDE90010DE91DD9092
:108BB0000846DD990CF06AF904460D464FF01E0296
:108BC000DDE90010DC91DB900846DB990CF04BF9F5
:108BD00004430D43384686EA040780EA0506272247
:108BE000DDE90010DA91D9900846D9990CF04EF9D8
:108BF00004460D464FF01902DDE90010D891D790D8
:108C00000846D7990CF02FF904430D437C4086EABF
:108C10000503DDE90052DDE902100D400240DDE907
:108C20000010CDF89406DDE9027639433043CDF8E3
:108C30009816DDE90467314038400D4342EA0001EF
:108C4000621943EB0100B092B190DDE90632B299AE
:108C5000B39859184241CDE90612B19BB09AB29926
:108C6000B39889185841CDE90E1000BFB498401C44
:108C7000B49000BF0E22DDE906100DF2144303C3C9
:108C80000846DDF814140CF001F904460D464FF0C7
:108C90003202DDE906100DF20C4303C30846DDF88D
:108CA0000C140CF0E0F844EA000745EA0106122231
:108CB000DDE906100DF2044303C30846DDF8041491
:108CC0000CF0E4F804460D464FF02E02DDE90610E4
:108CD000FFAB03C30846FF990CF0C5F804430D43EE
:108CE00067406E402922DDE90610FE91FD9008469E
:108CF000FD990CF0CBF804460D464FF01702DDE964
:108D00000610FC91FB900846FB990CF0ACF804436C
:108D10000D43674086EA0500DDE90C127B185041DF
:108D2000DDE90A54DDE908216A406140DDE90654C5
:108D30002A402140DDE90A546A404C4099186041BC
:108D4000834BB49A03EBC2030CCB8918584110AB88
:108D5000B49A03EBC2030CCB89185841B291B3907B
:108D60001C22DDE90E10FA91F9900846F9990CF0F1
:108D70008DF804460D464FF02402DDE90E10F891FF
:108D8000F7900846F7990CF06EF844EA000745EAB8
:108D900001062222DDE90E10F691F5900846F599BC
:108DA0000CF074F804460D464FF01E02DDE90E107B
:108DB000F491F3900846F3990CF055F804430D43F1
:108DC00067406E402722DDE90E10F291F1900846CF
:108DD000F1990CF05BF804460D464FF01902DDE9FD
:108DE0000E10F091EF900846EF990CF03CF8044318
:108DF00045EA010087EA040586EA0004DDE90E324F
:108E0000DDE9000103400A40DDE90E10CDF88C06D3
:108E1000DDE9007639433043CDF89016DDE902678D
:108E2000314038400B4342EA0001EA1844EB0100AC
:108E3000B092B190DDE90432B299B3985918424129
:108E4000CDE90412B19BB09AB299B39889185841F0
:108E5000CDE90C1000BFB498401CB49000BF0E22A6
:108E6000DDE904100DF2744303C30846DDF8741401
:108E70000CF00CF804460D464FF03202DDE9041008
:108E80000DF26C4303C30846DDF86C140BF0EBFFE6
:108E900044EA000745EA01061222DDE904100DF25A
:108EA000644303C30846DDF864140BF0EFFF044687
:108EB0000D464FF02E02DDE904100DF25C4303C3B2
:108EC0000846DDF85C140BF0CEFF04430D4330463A
:108ED00087EA040680EA05072922DDE904100DF27D
:108EE000544303C30846DDF854140BF0CFFF044687
:108EF0000D464FF01702DDE904100DF24C4303C399
:108F00000846DDF84C140BF0AEFF04430D436640F9
:108F100087EA0501DDE90A0233185141DDE9085409
:108F2000DDE906206A406040DDE904542A40204023
:108F3000DDE908546A40444098186141044BB49AF2
:108F400003EBC2030CCB821841EB030010AB01E032
:108F5000E0B80200B49903EBC1030ACB51185841A1
:108F6000B291B3901C22DDE90C100DF2444303C30F
:108F70000846DDF844140BF089FF04460D464FF017
:108F80002402DDE90C100DF23C4303C30846DDF872
:108F90003C140BF068FF44EA000745EA0106222270
:108FA000DDE90C100DF2344303C30846DDF8341438
:108FB0000BF06CFF04460D464FF01E02DDE90C106D
:108FC0000DF22C4303C30846DDF82C140BF04BFFC5
:108FD00004430D43304687EA040680EA050727224A
:108FE000DDE90C100DF2244303C30846DDF8241418
:108FF0000BF04CFF04460D464FF01902DDE90C1052
:109000000DF21C4303C30846DDF81C140BF02BFFC4
:1090100004430D4386EA040287EA0503DDE90C54A4
:10902000DDE90E100D400440DDE90C10CDF884069A
:10903000DDE90E7639433043CDF88816DDE9007658
:10904000394030400D430443521943EB0400B092C1
:10905000B190DDE90232B299B39859184241CDE995
:109060000212B29BB09AB199B3989A184841CDE9CF
:109070000A2000BFB498401CB49000BF0E22DDE966
:1090800002100DF2D44303C30846DDF8D4140BF0EC
:10909000FDFE04460D464FF03202DDE902100DF2EE
:1090A000CC4303C30846DDF8CC140BF0DCFE44EAE5
:1090B000000745EA01061222DDE902100DF2C44361
:1090C00003C30846DDF8C4140BF0E0FE04460D4669
:1090D0004FF02E02DDE902100DF2BC4303C3084637
:1090E000DDF8BC140BF0BFFE04430D4367406E4037
:1090F0002922DDE902100DF2B44303C30846DDF86E
:10910000B4140BF0C3FE04460D464FF01702DDE920
:1091100002100DF2AC4303C30846DDF8AC140BF0AB
:10912000A2FE04430D43674086EA0501DDE908021B
:109130003C18514104A825C86840079B5A40DDE906
:10914000025328401340DDE9066580EA060283EAFF
:109150000500A3184841FE4AB49902EBC10206CAB1
:109160005B18504110AAB49902EBC10206CA591803
:109170005041B291B3901C22DDE90A100DF2A443D4
:1091800003C30846DDF8A4140BF080FE04460D4628
:109190004FF02402DDE90A100DF29C4303C3084698
:1091A000DDF89C140BF05FFE44EA000745EA010677
:1091B0002222DDE90A100DF2944303C30846DDF8CC
:1091C00094140BF063FE04460D464FF01E02DDE9D9
:1091D0000A100DF28C4303C30846DDF88C140BF023
:1091E00042FE04430D43304687EA040680EA050741
:1091F0002722DDE90A100DF2844303C30846DDF897
:1092000084140BF043FE04460D464FF01902DDE9CD
:109210000A100DF27C4303C30846DDF87C140BF002
:1092200022FE04430D4386EA04027D40DDE90A4341
:10923000DDE90C0104400B40DDE90A10CDF87C06A5
:10924000DDE90C7639433043CDF88016DDE90E7642
:10925000394030400C4343EA0001131945EB01004B
:10926000B093B190DDE90032B299B39859184241F8
:10927000CDE90012B09BB29AB199B398D218484187
:10928000CDE9082000BFB498401CB49000BF0E2266
:10929000DDE900100DF2345303C30846DDF8341540
:1092A0000BF0F4FD04460D464FF03202DDE90010EC
:1092B0000DF22C5303C30846DDF82C150BF0D3FD3B
:1092C00044EA000745EA01061222DDE900100DF22A
:1092D000245303C30846DDF824150BF0D7FD0446DC
:1092E0000D464FF02E02DDE900100DF21C5303C3B2
:1092F0000846DDF81C150BF0B6FD04430D4367402E
:109300006E402922DDE900100DF2145303C3084614
:10931000DDF814150BF0BAFD04460D464FF01702A8
:10932000DDE900100DF20C5303C30846DDF80C15FF
:109330000BF099FD04430D43674086EA0500DDE923
:109340000621BC1840EB0102DDE90453DDE90210FF
:1093500069405840DDE9005329400340DDE90465D8
:1093600081EA06006B4024185A417949B49801EB10
:10937000C0000AC810461A466318504110AAB49992
:1093800002EBC10206CA59185041B291B3901C2297
:10939000DDE908100DF2045303C30846DDF8041597
:1093A0000BF074FD04460D464FF02402DDE9081071
:1093B0000DF2FC4303C30846DDF8FC140BF053FD2B
:1093C00044EA000745EA01062222DDE908100DF211
:1093D000F44303C30846DDF8F4140BF057FD0446CC
:1093E0000D464FF01E02DDE908100DF2EC4303C3F9
:1093F0000846DDF8EC140BF036FD04430D4330460F
:1094000087EA040680EA05072722DDE908100DF245
:10941000E44303C30846DDF8E4140BF037FD0446CB
:109420000D464FF01902DDE908100DF2DC4303C3CD
:109430000846DDF8DC140BF016FD044345EA010094
:1094400086EA040587EA0004DDE90832DDE90A015D
:1094500003400A40DDE90810CDF87406DDE90A761C
:1094600039433043CDF87816DDE90C763940304089
:109470000B430243EB1844EB0200B093B190DDE9DB
:109480000E32B299B39859184241CDE90E12B09BF1
:10949000B29AB199B398D2184841CDE9062000BFDD
:1094A000B498401CB49000BF0E22DDE90E100DF2FE
:1094B000945303C30846DDF894150BF0E7FC04460B
:1094C0000D464FF03202DDE90E100DF28C5303C34E
:1094D0000846DDF88C150BF0C6FC44EA000745EAA7
:1094E00001061222DDE90E100DF2845303C3084673
:1094F000DDF884150BF0CAFC04460D464FF02E0231
:10950000DDE90E100DF27C5303C30846DDF87C152F
:109510000BF0A9FC04430D4367406E402922DDE9AE
:109520000E100DF2745303C30846DDF874150BF0EA
:10953000ADFC04460D464FF01702DDE90E100DF2AA
:109540006C5303C30846DDF86C150BF08CFC01E08E
:10955000E0B8020004430D43674086EA0501DDE9F7
:1095600004023C185141DDE90253DDE900206A4064
:109570005840DDE90E5602EA050300EA0602DDE97D
:10958000026583EA060082EA0503221841EB030024
:10959000FE4BB49903EBC10312CB5318604110AAE0
:1095A000B49902EBC10206CA59185041B291B39066
:1095B0001C22DDE906100DF2645303C30846DDF8F2
:1095C00064150BF063FC04460D464FF02402DDE900
:1095D00006100DF25C5303C30846DDF85C150BF072
:1095E00042FC44EA000745EA01062222DDE90610B2
:1095F0000DF2545303C30846DDF854150BF046FC36
:1096000004460D464FF01E02DDE906100DF24C53E4
:1096100003C30846DDF84C150BF025FC04430D434D
:1096200067406E402722DDE906100DF2445303C364
:109630000846DDF844150BF029FC04460D464FF0B2
:109640001902DDE906100DF23C5303C30846DDF8AC
:109650003C150BF008FC04430D4387EA040286EA3C
:109660000504DDE90635DDE9080103400D40DDE9CB
:109670000610CDF86C06DDE9087639433043CDF8A5
:109680007016DDE90A67314038400B430543D118B5
:1096900044EB0500B091B190DDE90C32B299B3987A
:1096A00059184241CDE90C12B0A90EC9B398591806
:1096B0005041CDE9041000BFB498401CB49000BFE5
:1096C0000E22DDE90C100DF2F45303C30846DDF859
:1096D000F4150BF0DBFB04460D464FF03202DDE9DA
:1096E0000C100DF2EC5303C30846DDF8EC150BF03B
:1096F000BAFB44EA000745EA01061222DDE90C1034
:109700000DF2E45303C30846DDF8E4150BF0BEFB8D
:1097100004460D464FF02E02DDE90C100DF2DC532D
:1097200003C30846DDF8DC150BF09DFB04430D4335
:1097300067406E402922DDE90C100DF2D45303C3BB
:109740000846DDF8D4150BF0A1FB04460D464FF09A
:109750001702DDE90C100DF2CC5303C30846DDF807
:10976000CC150BF080FB04430D43674086EA0501EE
:10977000DDE90220BC184141DDE90053DDE90E02BC
:1097800068405A400346DDE90C6533402A40DDE974
:10979000006583EA06006A40201851417B4BB49A69
:1097A00003EBC20314CB831841EB040010AAB49955
:1097B00002EBC10206CA59185041B291B3901C2263
:1097C000DDE904100DF2C45303C30846DDF8C415E7
:1097D0000BF05CFB04460D464FF02402DDE904105B
:1097E0000DF2BC5303C30846DDF8BC150BF03BFB80
:1097F00044EA000745EA01062222DDE904100DF2E1
:10980000B45303C30846DDF8B4150BF03FFB044620
:109810000D464FF01E02DDE904100DF2AC5303C3F8
:109820000846DDF8AC150BF01EFB04430D43304633
:1098300087EA040680EA05072722DDE904100DF215
:10984000A45303C30846DDF8A4150BF01FFB044620
:109850000D464FF01902DDE904100DF29C5303C3CD
:109860000846DDF89C150BF0FEFA04430D4386EA2A
:10987000040287EA0504DDE90435DDE90601034059
:109880000D40DDE90410CDF86406DDE906763943C4
:109890003043CDF86816DDE90867314038400B43A6
:1098A0000543D11844EB0500B091B190DDE90A32CF
:1098B000B299B39859184241CDE90A12B0A90EC91C
:1098C000B39859185041CDE9021000BFB498401C1C
:1098D000B49000BF0E22DDE90A100DF2546303C3F9
:1098E0000846DDF854160BF0D1FA04460D464FF049
:1098F0003202DDE90A100DF24C6303C30846DDF8BD
:109900004C160BF0B0FA44EA000745EA01061222B1
:10991000DDE90A100DF2446303C30846DDF844167E
:109920000BF0B4FA04460D464FF02E02DDE90A10A2
:109930000DF23C6303C30846DDF83C160BF093FAC6
:1099400004430D4367406E402922DDE90A100DF201
:10995000346303C30846DDF834160BF097FA044667
:109960000D464FF01702DDE90A100DF22C6303C318
:109970000846DDF82C160BF076FA04430D436740D9
:1099800086EA0500DDE900127B1801E0E0B802007C
:109990005041DDE90E54DDE90C216A406140DDE90A
:1099A0000A542A402140DDE90E546A4061409B1868
:1099B0004841FE4AB49902EBC101D1E900219A184D
:1099C000484110ABB49903EBC10118C9D1186041EB
:1099D000B291B3901C22DDE90201CDF82416CDF836
:1099E00028060BF053FA04460D464FF02402DDE939
:1099F00002100DF21C6303C30846DDF81C160BF0C1
:109A000032FA44EA000745EA01062222DDE90210A3
:109A10000DF2146303C30846DDF814160BF036FA92
:109A200004460D464FF01E02DDE902100DF20C63F4
:109A300003C30846DDF80C160BF015FA04430D437A
:109A400067406E402722DDE902100DF2046303C374
:109A50000846DDF804160BF019FA04460D464FF0DF
:109A60001902DDE902100DF2FC5303C30846DDF8CC
:109A7000FC150BF0F8F9044345EA010087EA0405F8
:109A800086EA0004DDE90223DDE9040102400B401F
:109A9000DDE90210CDF85C06DDE904673143CDF85D
:109AA000601640EA0701DDE90676DDF86006384019
:109AB000314002430B43AA1844EB0300B092B1902B
:109AC000DDE90832B299B39859184241CDE908123C
:109AD000B29BB09AB199B3989A184841CDE9002049
:109AE00000BFB498401CB490B4985028FEF68CAFD8
:109AF0000020B49018E0DDF8A0061030B49900EB17
:109B0000C100D0E900306A4602EBC10212CA5A18FD
:109B10006041DDF8A0161031B49B01EBC301C1E92F
:109B20000020B498401CB490B4980828E3DB0020CF
:109B30000DF5D56DBDE8F08170B504460D4629469A
:109B40002046FEF7E0FD70BD2DE9F047054688464A
:109B500014466FF06D0900BF00BF00BF00BF14B90D
:109B60000020BDE8F0877F21286800EA0106C6F1E1
:109B70008007D5E90020121940F10000C5E9002056
:109B8000D5E90020121B70F1000006D2D5E90220B1
:109B9000521C40F10000C5E90220AEB1BC4213D313
:109BA00005F1500188193A4641460BF05DFD05F17B
:109BB00050012846FEF7A7FD5FEA000901D048469C
:109BC000CFE7B844E41B00260BE041462846FEF7E9
:109BD0009AFD5FEA000901D04846C2E708F1800813
:109BE000803C802CF1D234B105F150018819224615
:109BF00041460BF039FD0020B3E770B504460D4631
:109C00001646324629462046FFF79EFF70BD33B503
:109C1000ADF51B7D6FF06D00079000BF00BF00BF6A
:109C200000BF9B9800687F2108400690802206991B
:109C3000481C06909B9850304254069870280CD8C7
:109C40000698C0F1700001909B9850300699084426
:109C5000009001990BF0D4FD1BE00698C0F1800044
:109C600001909B98503006990844009001990BF0A0
:109C7000C7FD9B9950319B98FEF745FD079018B1A1
:109C800007980DF51D7D30BD70219B9850300BF06D
:109C9000D9FD9B98D0E900103D22CDE92801084666
:109CA00028990BF0F3F804460D469B98D0E9021072
:109CB0004FF00302CDE92601084626990BF0D3F8B0
:109CC00020432943CDE904019B98D0E900100322E9
:109CD000CDE92401084624990BF0C5F8CDE902012D
:109CE0003822DDE90401CDE922100BF0CFF8C1B232
:109CF0009B9880F8C0103022DDE90401CDE92010E6
:109D00000BF0C4F8C1B29B9880F8C1102822DDE99D
:109D10000401CDE91E100BF0B9F8C1B29B9880F890
:109D2000C2102022DDE90401CDE91C100BF0AEF8D1
:109D3000C1B29B9880F8C3101822DDE90401CDE977
:109D40001A100BF0A3F8C1B29B9880F8C41010222F
:109D5000DDE90401CDE918100BF098F8C1B29B9829
:109D600080F8C5100822DDE90401CDE916100BF0DA
:109D70008DF8C1B29B9880F8C6100498C1B29B9828
:109D800080F8C7103822DDE90201CDE914100BF08C
:109D90007DF8C1B29B9880F8C8103022DDE902013D
:109DA000CDE912100BF072F8C1B201E0E0B8020088
:109DB0009B9880F8C9102822DDE90201CDE9101036
:109DC0000BF064F8C1B29B9880F8CA102022DDE93C
:109DD0000201CDE90E100BF059F8C1B29B9880F842
:109DE000CB101822DDE90201CDE90C100BF04EF882
:109DF000C1B29B9880F8CC101022DDE90201CDE9B8
:109E00000A100BF043F8C1B29B9880F8CD100822DD
:109E1000DDE90201CDE908100BF038F8C1B29B98DA
:109E200080F8CE100298C1B29B9880F8CF109B9911
:109E300050319B98FEF767FC079008B1079820E720
:109E40009B98D0E9041038227D917C9008467C993B
:109E50000BF01CF8C1B29C9801709B98D0E90410DB
:109E600030227B917A9008467A990BF00FF8C1B2B4
:109E70009C9841709B98D0E90410282279917890A1
:109E8000084678990BF002F8C1B29C9881709B98B3
:109E9000D0E90410202277917690084676990AF04E
:109EA000F5FFC1B29C98C1709B98D0E904101822AC
:109EB00075917490084674990AF0E8FFC1B29C98B5
:109EC00001719B98D0E9041010227391729008469A
:109ED00072990AF0DBFFC1B29C9841719B98D0E95E
:109EE0000410082271917090084670990AF0CEFF14
:109EF000C1B29C9881719B980069C1B29C98C17154
:109F00009B98D0E9061038226F916E9008466E99A2
:109F10000AF0BCFFC1B29C9801729B98D0E9061070
:109F200030226D916C9008466C990AF0AFFFC1B277
:109F30009C9841729B98D0E9061028226B916A90F8
:109F400008466A990AF0A2FFC1B29C9881729B9858
:109F5000D0E90610202269916890084668990AF0B5
:109F600095FFC1B29C98C1729B98D0E90610182247
:109F700067916690084666990AF088FFC1B29C987E
:109F800001739B98D0E906101022659164900846F1
:109F900064990AF07BFFC1B29C9841739B98D0E909
:109FA0000610082263916290084662990AF06EFFDB
:109FB000C1B29C9881739B988069C1B29C98C1730F
:109FC0009B98D0E90810382261916090084660990A
:109FD0000AF05CFFC1B29C9801749B98D0E908100C
:109FE00030225F915E9008465E990AF04FFFC1B241
:109FF0009C9841749B98D0E9081028225D915C9050
:10A0000008465C990AF042FFC1B29C9881749B9803
:10A01000D0E9081020225B915A9008465A990AF01C
:10A0200035FFC1B29C98C1749B98D0E908101822E2
:10A0300059915890084658990AF028FFC1B29C9847
:10A0400001759B98D0E90810102257915690084648
:10A0500056990AF01BFFC1B29C9841759B98D0E9B4
:10A060000810082255915490084654990AF00EFFA2
:10A07000C1B29C9881759B98006AC1B29C98C175C9
:10A080009B98D0E90A103822539152900846529971
:10A090000AF0FCFEC1B29C9801769B98D0E90A10A8
:10A0A000302251915090084650990AF0EFFEC1B20B
:10A0B0009C9841769B98D0E90A1028224F914E90A7
:10A0C00008464E990AF0E2FEC1B29C9881769B98B0
:10A0D000D0E90A1020224D914C9008464C990AF084
:10A0E000D5FEC1B29C98C1769B98D0E90A1018227F
:10A0F0004B914A9008464A990AF0C8FEC1B29C9812
:10A1000001779B98D0E90A1010224991489008469F
:10A1100048990AF0BBFEC1B29C9841779B98D0E960
:10A120000A10082247914690084646990AF0AEFE6A
:10A13000C1B29C9881779B98806AC1B29C98C17784
:10A140009B9800F11001006B496A382244914590B8
:10A150000AF09CFEC1B29C9880F820109B98D0E930
:10A160000C10302243914290084642990AF08EFE2C
:10A17000C1B29C9880F821109B98D0E90C1028223D
:10A1800041914090084640990AF080FEC1B29C98E7
:10A1900080F822109B98D0E90C102022CDE93E01D6
:10A1A00008463E990AF072FEC1B29C9880F82310CE
:10A1B0009B98D0E90C101822CDE93C0108463C9947
:10A1C0000AF064FEC1B29C9880F824109B98D0E9F4
:10A1D0000C101022CDE93A0108463A990AF056FED1
:10A1E000C1B29C9880F825109B98D0E90C100822E9
:10A1F000CDE93801084638990AF048FEC1B29C986A
:10A2000080F826109B98006BC1B29C9880F82710AC
:10A210009B98D0E90E103822CDE9360108463699D0
:10A220000AF034FEC1B29C9880F828109B98D0E9BF
:10A230000E103022CDE93401084634990AF026FE8A
:10A24000C1B29C9880F829109B98D0E90E10282262
:10A25000CDE93201084632990AF018FEC1B29C9845
:10A2600080F82A109B98D0E90E102022CDE9300109
:10A27000084630990AF00AFEC1B29C9880F82B106B
:10A280009B98D0E90E101822CDE92E0108462E9990
:10A290000AF0FCFDC1B29C9880F82C109B98D0E984
:10A2A0000E101022CDE92C0108462C990AF0EEFD83
:10A2B000C1B29C9880F82D109B98D0E90E1008220E
:10A2C000CDE92A0108462A990AF0E0FDC1B29C981E
:10A2D00080F82E109B98806BC1B29C9880F82F104C
:10A2E0009B98D0F8D00000287ED19B98D0E9101020
:10A2F000382299919890084698990AF0C7FDC1B202
:10A300009C9880F830109B98D0E9101030229791DB
:10A310009690084696990AF0B9FDC1B29C9880F8CB
:10A3200031109B98D0E910102822959194900846FE
:10A3300094990AF0ABFDC1B29C9880F832109B98BA
:10A34000D0E91010202293919290084692990AF039
:10A350009DFDC1B29C9880F833109B98D0E91010F5
:10A36000182291919090084690990AF08FFDC1B201
:10A370009C9880F834109B98D0E9101010228F918F
:10A380008E9008468E990AF081FDC1B29C9880F8A3
:10A3900035109B98D0E9101008228D918C900846BA
:10A3A0008C990AF073FDC1B29C9880F836109B9886
:10A3B000006CC1B29C9880F837109B98D0E91210BD
:10A3C00038228B918A9008468A990AF05FFDC1B2C3
:10A3D0009C9880F838109B98D0E91210302289910F
:10A3E00088900846889900E051E00AF04FFDC1B21C
:10A3F0009C9880F839109B98D0E9121028228791F8
:10A400008690084686990AF041FDC1B29C9880F872
:10A410003A109B98D0E9121020228591849008462A
:10A4200084990AF033FDC1B29C9880F83B109B9848
:10A43000D0E91210182283918290084682990AF07E
:10A4400025FDC1B29C9880F83C109B98D0E9121071
:10A45000102281918090084680990AF017FDC1B2C0
:10A460009C9880F83D109B98D0E9121008227F91AB
:10A470007E9008467E990AF009FDC1B29C9880F84A
:10A480003E109B98806CC1B29C9880F83F100020D1
:10A49000D5E470B504460D4629462046FFF7B7FBC4
:10A4A00070BD2DE9F041B6B004460D4616461F4674
:10A4B0006FF06D0800BF00BF00BF00BF00BF00BF4E
:10A4C0006846FEF7A7F839466846FEF7C3F85FEA24
:10A4D000000800D011E02A4621466846FFF734FB09
:10A4E0005FEA000800D008E031466846FFF78FFBBE
:10A4F0005FEA000800D000E000BF6846FEF793F86E
:10A50000404636B0BDE8F0812DE9F04104460D46E5
:10A5100016461F463B46324629462046FFF7C1FFF6
:10A52000BDE8F08110B5044600BF00BF5C212046A5
:10A530000BF088F910BD10B5044604B910BD5C21BC
:10A540002046F1F733FB00BFF8E770B504460D462F
:10A5500000BF00BF00BF00BF5C22294620460BF0B1
:10A560000AF970BD014600BF00BF002008604860C6
:10A57000FE488860FE4ACA60C2430A61FC4AD24370
:10A580004A61FC4A8A610020704700B503461846BC
:10A59000FFF7E8FF00BD2DE9F04390B084460F4679
:10A5A00000BF00BF00BF00BF3878000697F80180E9
:10A5B00040EA084097F8028040EA082097F80380B4
:10A5C00040EA080000903879000697F8058040EAD4
:10A5D000084097F8068040EA082097F8078040EA8C
:10A5E00008000190387A000697F8098040EA084090
:10A5F00097F80A8040EA082097F80B8040EA0800A4
:10A600000290387B000697F80D8040EA084097F8E2
:10A610000E8040EA082097F80F8040EA0800039077
:10A62000387C000697F8118040EA084097F81280BD
:10A6300040EA082097F8138040EA08000490387D2B
:10A64000000697F8158040EA084097F8168040EA1F
:10A65000082097F8178040EA08000590387E000629
:10A6600097F8198040EA084097F81A8040EA0820D5
:10A6700097F81B8040EA08000690387F000697F89C
:10A680001D8040EA084097F81E8040EA082097F8AD
:10A690001F8040EA0800079097F82000000697F80E
:10A6A000218040EA084097F8228040EA082097F885
:10A6B000238040EA0800089097F82400000697F8E5
:10A6C000258040EA084097F8268040EA082097F85D
:10A6D000278040EA0800099097F82800000697F8BC
:10A6E000298040EA084097F82A8040EA082097F835
:10A6F0002B8040EA08000A9097F82C00000697F893
:10A700002D8040EA084097F82E8040EA082097F80C
:10A710002F8040EA08000B9097F83000000697F869
:10A72000318040EA084097F8328040EA082097F8E4
:10A73000338040EA08000C9097F83400000697F840
:10A74000358040EA084097F8368040EA082097F8BC
:10A75000378040EA08000D9097F83800000697F817
:10A76000398040EA084097F83A8040EA082097F894
:10A770003B8040EA08000E9097F83C00000697F8EE
:10A780003D8040EA084097F83E8040EA082097F86C
:10A790003F8040EA08000F90DCF80810DCF80C203D
:10A7A000DCF81030DCF81440DCF8185000BF480129
:10A7B00040EAD16883EA0400104060404044DFF87A
:10A7C000B8814044DDF8008040440544900740EAE9
:10A7D000920200BF00BF680140EAD56882EA030028
:10A7E000084058404044DFF890814044DDF8048040
:10A7F00040440444880740EA910100BF00BF600163
:10A8000040EAD46881EA0200284050404044DFF822
:10A8100068814044DDF8088040440344A80740EACA
:10A82000950500BF00BF580140EAD36885EA0100E2
:10A83000204048404044DFF840814044DDF80C802F
:10A8400040440244A00740EA940400BF00BF500106
:10A8500040EAD26884EA0500184068404044DFF8C6
:10A8600018814044DDF8108040440144980740EAD4
:10A87000930300BF00BF480140EAD16883EA0400A7
:10A88000104060404044DFF8F0804044DDF8148020
:10A8900040440544900740EA920200BF00BF6801AF
:10A8A00040EAD56882EA0300084058404044DFF897
:10A8B000C8804044DDF8188040440444880740EADA
:10A8C000910100BF00BF600140EAD46881EA020044
:10A8D000284050404044DFF8A0804044DDF81C8010
:10A8E00040440344A80740EA950500BF00BF580153
:10A8F00040EAD36885EA0100204048404044DFF840
:10A9000078804044DDF8208040440244A00740EABB
:10A91000940400BF00BF500140EAD26884EA0500F9
:10A92000184068404044DFF850804044DDF82480FF
:10A9300040440144980740EA930300BF00BF480128
:10A9400040EAD16883EA0400104060404044DFF8E8
:10A9500028804044DDF8288040440544900740EAC0
:10A96000920200BF00BF680108E0000001234567B4
:10A9700089ABCDEFF0E1D2C39979825A40EAD5682C
:10A9800082EA0300084058404044DFF8F88F404412
:10A99000DDF82C8040440444880740EA910100BF60
:10A9A00000BF600140EAD46881EA020028405040BC
:10A9B0004044DFF8D08F4044DDF830804044034409
:10A9C000A80740EA950500BF00BF580140EAD368D8
:10A9D00085EA0100204048404044DFF8A88F404409
:10A9E000DDF8348040440244A00740EA940400BFEC
:10A9F00000BF500140EAD26884EA05001840684070
:10AA00004044DFF8808F4044DDF838804044014402
:10AA1000980740EA930300BF00BF480140EAD168AD
:10AA200083EA0400104060404044DFF8588F4044FF
:10AA3000DDF83C8040440544900740EA920200BFA4
:10AA400000BFDDF820800D9880EA0800DDF808805E
:10AA500080EA0800DDF8008080EA0806700040EA1D
:10AA6000D678680140EAD56982EA03000840584078
:10AA70004844DFF8109F484440440444CDF8008027
:10AA8000880740EA910100BF00BFDDF824800E98DE
:10AA900080EA0800DDF80C8080EA0800DDF8048018
:10AAA00080EA0806700040EAD678600140EAD4697E
:10AAB00081EA0200284050404844DFF8C89E4844DC
:10AAC00040440344CDF80480A80740EA950500BF40
:10AAD00000BFDDF828800F9880EA0800DDF81080BC
:10AAE00080EA0800DDF8088080EA0806700040EA85
:10AAF000D678580140EAD36985EA010020404840F1
:10AB00004844DFF8809E484440440244CDF8088021
:10AB1000A00740EA940400BF00BFDDF82C80009835
:10AB200080EA0800DDF8148080EA0800DDF80C8077
:10AB300080EA0806700040EAD678500140EAD269FF
:10AB400084EA0500184068404844DFF8389E4844CD
:10AB500040440144CDF80C80980740EA930300BFBD
:10AB600000BFDDF83080019880EA0800DDF8188029
:10AB700080EA0800DDF8108080EA0806700040EAEC
:10AB8000D678480140EAD16982EA0300604048442F
:10AB9000DFF8F49D484440440544CDF81080900708
:10ABA00040EA920200BF00BFDDF83480029880EADC
:10ABB0000800DDF81C8080EA0800DDF8148080EAD7
:10ABC0000806700040EAD678680140EAD56981EA53
:10ABD000020058404844DFF8B09D484440440444D3
:10ABE000CDF81480880740EA910100BF00BFDDF86E
:10ABF0003880039880EA0800DDF8208080EA0800A9
:10AC0000DDF8188080EA0806700040EAD678600116
:10AC100040EAD46985EA010050404844DFF8689D65
:10AC2000484440440344CDF81880A80740EA9505FD
:10AC300000BF00BFDDF83C80049880EA0800DDF822
:10AC4000248080EA0800DDF81C8080EA0806700095
:10AC500040EAD678580140EAD36984EA05004840C2
:10AC60004844DFF8249D484440440244CDF81C8009
:10AC7000A00740EA940400BF00BFDDF800800598FB
:10AC800080EA0800DDF8288080EA0800DDF82080EE
:10AC900080EA0806700040EAD678500140EAD2699E
:10ACA00083EA040068404844DFF8DC9C48444044A0
:10ACB0000144CDF82080980740EA930300BF00BF0D
:10ACC000DDF80480069880EA0800DDF82C8080EA30
:10ACD0000800DDF8248080EA0806700040EAD67893
:10ACE000480140EAD16982EA030060404844DFF845
:10ACF000989C484440440544CDF82480900740EA9D
:10AD0000920200BF00BFDDF80880079880EA0800C3
:10AD1000DDF8308080EA0800DDF8288080EA080647
:10AD2000700040EAD678680140EAD56981EA0200FD
:10AD300058404844DFF8509C484440440444CDF80F
:10AD40002880880740EA910100BF00BFDDF80C8031
:10AD5000089880EA0800DDF8348080EA0800DDF811
:10AD60002C8080EA0806700040EAD678600140EA4C
:10AD7000D46985EA010050404844DFF80C9C4844FF
:10AD800040440344CDF82C80A80740EA950500BF55
:10AD900000BFDDF81080099880EA0800DDF83880EF
:10ADA00080EA0800DDF8308080EA0806700040EA9A
:10ADB000D678580140EAD36984EA050048404844FF
:10ADC000DFF8C49B484440440244CDF83080A007DB
:10ADD00040EA940400BF00BFDDF814800A9880EABE
:10ADE0000800DDF83C8080EA0800DDF8348080EA65
:10ADF0000806700040EAD678500140EAD26983EA3A
:10AE0000040068404844DFF8809B484440440144C3
:10AE1000CDF83480980740EA930300BF00BFDDF807
:10AE200018800B9880EA0800DDF8008080EA0800AE
:10AE3000DDF8388080EA0806700040EAD6784801DC
:10AE400040EAD16982EA030060404844DFF8389B59
:10AE5000484440440544CDF83880900740EA9202C7
:10AE600000BF00BFDDF81C800C9880EA0800DDF808
:10AE7000048080EA0800DDF83C8080EA0806700063
:10AE800040EAD678680140EAD56981EA0200584074
:10AE90004844DFF8F49A484440440444CDF83C80E8
:10AEA000880740EA910100BF00BFDDF820800D98BF
:10AEB00080EA0800DDF8088080EA0800DDF80080FC
:10AEC00080EA0806700040EAD678600140EAD4695A
:10AED00085EA010050404844DFF8AC9A48444044B9
:10AEE0000344CDF80080A80740EA950500BF00BFE5
:10AEF000DDF824800E9880EA0800DDF80C8080EAF6
:10AF00000800DDF8048080EA0806700040EAD67880
:10AF1000580140EAD36984EA050048404844DFF814
:10AF2000689A484440440244CDF80480A00740EAAF
:10AF3000940400BF00BFDDF828800F9880EA080065
:10AF4000DDF8108080EA0800DDF8088080EA080655
:10AF5000700040EAD678500140EAD26983EA0400E2
:10AF600068404844DFF8209A484440440144CDF802
:10AF70000880980740EA930300BF00BFDDF82C80EB
:10AF8000009880EA0800DDF8148080EA0800DDF807
:10AF90000C8080EA0806700040EAD678480140EA52
:10AFA000D16982EA030060404844DFF8DC994844F4
:10AFB00040440544CDF80C80900740EA920200BF5F
:10AFC00000BFDDF83080019880EA0800DDF81880C5
:10AFD00080EA0800DDF8108080EA0806700040EA88
:10AFE000D678680140EAD56981EA020058404844B1
:10AFF000DFF89499484440440444CDF81080880711
:10B0000040EA910100BF00BFDDF83480029880EA79
:10B010000800DDF81C8080EA0800DDF8148080EA72
:10B020000806700040EAD678600140EAD46985EAF3
:10B03000010050404844DFF85099484440440344DC
:10B04000CDF81480A80740EA950500BF00BFDDF8E1
:10B050003880039880EA0800DDF8208080EA080044
:10B06000DDF8188080EA0806700040EAD6785801BA
:10B0700040EAD36984EA050048404844DFF808996B
:10B08000484440440244CDF81880A00740EA9404A4
:10B0900000BF00BFDDF83C80049880EA0800DDF8BE
:10B0A000248080EA0800DDF81C8080EA0806700031
:10B0B00040EAD678500140EAD26983EA0400684049
:10B0C0004844DFF8C498484440440144CDF81C800B
:10B0D000980740EA930300BF00BF480140EAD169E6
:10B0E00002EA030042EA030808EA040840EA08000A
:10B0F0004844DFF898888044DDF80090059880EA9D
:10B100000900DDF8289080EA0900DDF8209080EA47
:10B110000906700040EAD670089040440544900744
:10B1200040EA920200BF00BF680140EAD56901EA27
:10B13000020041EA020808EA030840EA080048441D
:10B14000DFF848888044DDF80490069880EA09001A
:10B15000DDF82C9080EA0900DDF8249080EA0906E9
:10B16000700040EAD670099040440444880740EAE1
:10B17000910100BF00BF600140EAD46905EA010007
:10B1800045EA010808EA020840EA08004844DFF8F6
:10B19000FC878044DDF80890079880EA0900DDF814
:10B1A000309080EA0900DDF8289080EA09067000F6
:10B1B00040EAD6700A9040440344A80740EA950547
:10B1C00000BF00BF580140EAD36904EA050044EA21
:10B1D000050808EA010840EA08004844DFF8AC879F
:10B1E0008044DDF80C90089880EA0900DDF834907E
:10B1F00080EA0900DDF82C9080EA0906700040EA38
:10B20000D6700B9040440244A00740EA940400BF6B
:10B2100000BF500140EAD26903EA040043EA04088F
:10B2200008EA050840EA08004844DFF860878044DF
:10B23000DDF81090099880EA0900DDF8389080EA7E
:10B240000900DDF8309080EA0906700040EAD67007
:10B250000C9040440144980740EA930300BF00BFAC
:10B26000480140EAD16902EA030042EA030808EA19
:10B27000040840EA08004844DFF810878044DDF8FD
:10B2800014900A9880EA0900DDF83C9080EA0900F1
:10B29000DDF8349080EA0906700040EAD6700D901F
:10B2A00040440544900740EA920200BF00BF680195
:10B2B00040EAD56901EA020041EA020808EA030807
:10B2C00040EA08004844DFF8C4868044DDF818905E
:10B2D0000B9880EA0900DDF8009080EA0900DDF8AB
:10B2E000389080EA0906700040EAD6700E9040441B
:10B2F0000444880740EA910100BF00BF600140EAB2
:10B30000D46905EA010045EA010808EA020840EAB2
:10B3100008004844DFF874868044DDF81C900C98DF
:10B3200080EA0900DDF8049080EA0900DDF83C902D
:10B3300080EA0906700040EAD6700F90404403444A
:10B34000A80740EA950500BF00BF580140EAD3694D
:10B3500004EA050044EA050808EA010840EA080092
:10B360004844DFF828868044DDF820900D9880EA74
:10B370000900DDF8089080EA0900DDF8009080EA15
:10B380000906700040EAD670009040440244A007CD
:10B3900040EA940400BF00BF500140EAD26903EACA
:10B3A000040043EA040808EA050840EA08004844A3
:10B3B000DFF8D8858044DDF824900E9880EA0900F3
:10B3C000DDF80C9080EA0900DDF8049080EA0906B7
:10B3D000700040EAD670019040440144980740EA6A
:10B3E000930300BF00BF480140EAD16902EA0300AD
:10B3F00042EA030808EA040840EA08004844DFF883
:10B400008C858044DDF828900F9880EA0900DDF8EB
:10B41000109080EA0900DDF8089080EA09067000C3
:10B4200040EAD670029040440544900740EA9202F8
:10B4300000BF00BF680140EAD56901EA020041EAA5
:10B44000020808EA030840EA08004844DFF83C859F
:10B450008044DDF82C90009880EA0900DDF8149013
:10B4600080EA0900DDF80C9080EA0906700040EAE5
:10B47000D670039040440444880740EA910100BF1D
:10B4800000BF600140EAD46905EA010045EA01080D
:10B4900008EA020840EA08004844DFF8F0848044E3
:10B4A000DDF83090019880EA0900DDF8189080EA14
:10B4B0000900DDF8109080EA0906700040EAD670B5
:10B4C000049040440344A80740EA950500BF00BF2C
:10B4D000580140EAD36904EA050044EA050808EA8D
:10B4E000010840EA08004844DFF8A0848044DDF801
:10B4F0003490029880EA0900DDF81C9080EA090087
:10B50000DDF8149080EA0906700040EAD6700590D4
:10B5100040440244A00740EA940400BF00BF500129
:10B5200040EAD26903EA040043EA040808EA05088D
:10B5300040EA08004844DFF854848044DDF838903D
:10B54000039880EA0900DDF8209080EA0900DDF820
:10B55000189080EA0906700040EAD67006904044D0
:10B560000144980740EA930300BF00BF480140EA46
:10B57000D16902EA030042EA030808EA040840EA43
:10B5800008004844DFF804848044DDF83C900498C7
:10B5900080EA0900DDF8249080EA0900DDF81C90BB
:10B5A00080EA0906700040EAD670079040440544DE
:10B5B000900740EA920200BF00BF680140EAD569E7
:10B5C00001EA020041EA020808EA030840EA08002A
:10B5D0004844DFF8B8838044DDF80090059880EA9D
:10B5E0000900DDF8289080EA0900DDF8209080EA63
:10B5F0000906700040EAD670089040440444880769
:10B6000040EA910100BF00BF600140EAD46905EA49
:10B61000010045EA010808EA020840EA0800484437
:10B62000DFF868838044DDF80490069880EA09001A
:10B63000DDF82C9080EA0900DDF8249080EA090604
:10B64000700040EAD670099040440344A80740EADD
:10B65000950500BF00BF580140EAD36904EA050020
:10B6600044EA050808EA010840EA08004844DFF80F
:10B670001C838044DDF80890079880EA0900DDF813
:10B68000309080EA0900DDF8289080EA0906700011
:10B6900040EAD6700A9040440244A00740EA94046D
:10B6A00000BF00BF500140EAD26903EA040043EA48
:10B6B000040808EA050840EA08004844DFF8CC829C
:10B6C0008044DDF80C90089880EA0900DDF8349099
:10B6D00080EA0900DDF82C9080EA0906700040EA53
:10B6E000D6700B9040440144980740EA930300BF92
:10B6F00000BFDDF81080099880EA0800DDF8388086
:10B7000080EA0800DDF8308080EA0806700040EA30
:10B71000D678480140EAD16982EA03006040484493
:10B72000DFF86C92484440440544CDF830809007DF
:10B7300040EA920200BF00BFDDF814800A9880EA58
:10B740000800DDF83C8080EA0800DDF8348080EAFB
:10B750000806700040EAD678680140EAD56981EAB7
:10B76000020058404844DFF82892484440440444CA
:10B77000CDF83480880740EA910100BF00BFDDF8B2
:10B7800018800B9880EA0800DDF8008080EA080045
:10B79000DDF8388080EA0806700040EAD67860015B
:10B7A00040EAD46985EA010050404844DFF8E0915E
:10B7B000484440440344CDF83880A80740EA950542
:10B7C00000BF00BFDDF81C800C9880EA0800DDF89F
:10B7D000048080EA0800DDF83C8080EA08067000FA
:10B7E00040EAD678580140EAD36984EA0500484027
:10B7F0004844DFF89C91484440440244CDF83C80E2
:10B80000A00740EA940400BF00BFDDF820800D9837
:10B8100080EA0800DDF8088080EA0800DDF8008092
:10B8200080EA0806700040EAD678500140EAD26902
:10B8300083EA040068404844DFF854914844404497
:10B840000144CDF80080980740EA930300BF00BF91
:10B85000DDF824800E9880EA0800DDF80C8080EA8C
:10B860000800DDF8048080EA0806700040EAD67817
:10B87000480140EAD16982EA030060404844DFF8A9
:10B880001091484440440544CDF80480900740EAB4
:10B89000920200BF00BFDDF828800F9880EA080000
:10B8A000DDF8108080EA0800DDF8088080EA0806EC
:10B8B000700040EAD678680140EAD56981EA020062
:10B8C00058404844DFF8C890484440440444CDF808
:10B8D0000880880740EA910100BF00BFDDF82C8096
:10B8E000009880EA0800DDF8148080EA0800DDF89E
:10B8F0000C8080EA0806700040EAD678600140EAD1
:10B90000D46985EA010050404844DFF884904844F7
:10B9100040440344CDF80C80A80740EA950500BFD9
:10B9200000BFDDF83080019880EA0800DDF818805B
:10B9300080EA0800DDF8108080EA0806700040EA1E
:10B94000D678580140EAD36984EA05004840484463
:10B95000DFF83C90484440440244CDF81080A007F2
:10B9600040EA940400BF00BFDDF83480029880EA0A
:10B970000800DDF81C8080EA0800DDF8148080EA09
:10B98000080607E09979825AA1EBD96EDCBC1B8FBF
:10B99000D6C162CA700040EAD678500140EAD26946
:10B9A00083EA040068404844DFF87C9548444044FA
:10B9B0000144CDF81480980740EA930300BF00BF0C
:10B9C000DDF83880039880EA0800DDF8208080EAFE
:10B9D0000800DDF8188080EA0806700040EAD67892
:10B9E000480140EAD16982EA030060404844DFF838
:10B9F0003895484440440544CDF81880900740EA03
:10BA0000920200BF00BFDDF83C80049880EA080085
:10BA1000DDF8248080EA0800DDF81C8080EA080652
:10BA2000700040EAD678680140EAD56981EA0200F0
:10BA300058404844DFF8F094484440440444CDF86A
:10BA40001C80880740EA910100BF00BFDDF800803C
:10BA5000059880EA0800DDF8288080EA0800DDF813
:10BA6000208080EA0806700040EAD678600140EA4B
:10BA7000D46985EA010050404844DFF8AC9448445A
:10BA800040440344CDF82080A80740EA950500BF54
:10BA900000BFDDF80480069880EA0800DDF82C80FD
:10BAA00080EA0800DDF8248080EA0806700040EA99
:10BAB000D678580140EAD36984EA050048404844F2
:10BAC000DFF86494484440440244CDF82480A00741
:10BAD00040EA940400BF00BFDDF80880079880EAC0
:10BAE0000800DDF8308080EA0800DDF8288080EA70
:10BAF0000806700040EAD678500140EAD26983EA2D
:10BB0000040068404844DFF820944844404401441D
:10BB1000CDF82880980740EA930300BF00BFDDF806
:10BB20000C80089880EA0800DDF8348080EA08007C
:10BB3000DDF82C8080EA0806700040EAD6784801DB
:10BB400040EAD16982EA030060404844DFF8D893B4
:10BB5000484440440544CDF82C80900740EA9202C6
:10BB600000BF00BFDDF81080099880EA0800DDF80A
:10BB7000388080EA0800DDF8308080EA080670002E
:10BB800040EAD678680140EAD56981EA0200584067
:10BB90004844DFF89493484440440444CDF830804E
:10BBA000880740EA910100BF00BFDDF814800A98C1
:10BBB00080EA0800DDF83C8080EA0800DDF8348087
:10BBC00080EA0806700040EAD678600140EAD4694D
:10BBD00085EA010050404844DFF84C934844404413
:10BBE0000344CDF83480A80740EA950500BF00BFA4
:10BBF000DDF818800B9880EA0800DDF8008080EA04
:10BC00000800DDF8388080EA0806700040EAD6783F
:10BC1000580140EAD36984EA050048404844DFF807
:10BC20000893484440440244CDF83880A00740EAD5
:10BC3000940400BF00BFDDF81C800C9880EA080067
:10BC4000DDF8048080EA0800DDF83C8080EA080620
:10BC5000700040EAD678500140EAD26983EA0400D5
:10BC600068404844DFF8C092484440440144CDF85D
:10BC70003C80980740EA930300BFDCF808000844C2
:10BC8000CCF80800DCF80C0000EB0208CCF80C80C3
:10BC9000DCF8100000EB0308CCF81080DCF814008E
:10BCA00000EB0408CCF81480DCF8180000EB050861
:10BCB000CCF81880002010B0BDE8F08330B5044601
:10BCC0000D4629462046FEF766FC30BD2DE9F047BB
:10BCD0000446884615466FF06D0900BF00BF00BFDF
:10BCE00000BF15B90020BDE8F087206800F03F07CD
:10BCF000C7F1400620682844206020682060206842
:10BD0000A84202D26068401C6060AFB1B54213D354
:10BD100004F11C01C8193246414609F0A5FC04F1A2
:10BD20001C012046FEF737FC5FEA000901D04846B7
:10BD3000D9E7B044AD1B00270BE041462046FEF793
:10BD40002AFC5FEA000901D04846CCE708F1400828
:10BD5000403D402DF1D235B104F11C01C8192A46ED
:10BD6000414609F081FC0020BDE770B504460D4650
:10BD70001646324629462046FFF7A8FF70BD2DE93A
:10BD8000F04704460D466FF06D0900BF00BF00BFCD
:10BD900000BF206800F03F0680223046761C04F188
:10BDA0001C010A54382E07D8C6F1380104F11C02D0
:10BDB000901909F025FD16E0C6F1400104F11C02BE
:10BDC000901909F01DFD04F11C012046FEF7E3FB6C
:10BDD0005FEA000902D04846BDE8F087382104F147
:10BDE0001C0009F02FFD2068400F616840EAC10780
:10BDF00020684FEAC008390E84F85410390C84F8D2
:10BE00005510390A84F8561084F857704FEA1861B3
:10BE100084F858104FEA184184F859104FEA182155
:10BE200084F85A1084F85B8004F11C012046FEF768
:10BE3000B2FB5FEA000901D04846CDE7A068000EDA
:10BE40002870A068000C6870A068000AA870A0683C
:10BE5000E870E068000E2871E068000C6871E06826
:10BE6000000AA871E068E8712069000E2872206954
:10BE7000000C68722069000AA8722069E872606983
:10BE8000000E28736069000C68736069000AA8736B
:10BE90006069E873A069000E2874A069000C6874DA
:10BEA000A069000AA874A069E874002094E770B53E
:10BEB00004460D4629462046FFF761FF70BDF0B5E8
:10BEC00097B004460D4616466FF06D0700BF00BFE1
:10BED00000BF00BF6846FEF725FB6846FEF742FB41
:10BEE000070000D00FE02A4621466846FFF7EEFE25
:10BEF000070000D007E031466846FFF740FF070023
:10BF000000D000E000BF6846FEF715FB384617B0CA
:10BF1000F0BD70B504460D46164632462946204609
:10BF2000FFF7CDFF70BD0000D6C162CA10B5024652
:10BF300011B94FF0FF3010BD4B1E01249C4010681A
:10BF4000204201D00020F6E74FF0FF30F3E710B5B4
:10BF5000024611B94FF0FF3010BD4B1E01249C402A
:10BF60005068204201D00020F6E74FF0FF30F3E7A1
:10BF700070B504460D462846F4F791FD0646012E9D
:10BF800001D0062E0AD12846F4F75EFDE16888420A
:10BF900001D3002070BD4FF0FF30FBE74FF0FF30C2
:10BFA000F8E7F0B504460D46164622462F46002116
:10BFB00019E0505C17F801C080EA0C0303B911E0E6
:10BFC000202B0CD1505C612802DB505C7A2805DD07
:10BFD000505C412803DB505C5A2800DC02E04FF043
:10BFE000FF30F0BD491CB142E3D30020F9E72DE951
:10BFF000F04106460C460027304609F0BFFA80465D
:10C000006068032807D3A06800782A2803D1A068B5
:10C0100040782E2803D04FF0FF30BDE8F081002596
:10C0200005E0705D2E2801D12F4602E06D1C4545CC
:10C03000F7D300BF17B94FF0FF30EEE7A8EB0701C9
:10C040006068401E814209D163685A1EF119A368D5
:10C05000581CFFF7A6FF08B90020DEE74FF0FF30BD
:10C06000DBE770B505460C462868216888420BD18D
:10C0700068686168884207D1D4E90121A86809F09D
:10C080002DFA08B9002070BD28680C2802D0286855
:10C09000132811D120680C2802D0206813280BD156
:10C0A00068686168884207D1D4E90121A868FFF770
:10C0B00078FF08B90020E6E74FF0FF30E3E770B5FE
:10C0C00005460C4628E005B114B94FF0FF3070BDAD
:10C0D00028682168884209D168686168884205D16A
:10C0E000D4E90121A86809F0F9F910B14FF0FF3047
:10C0F000EDE704F10C0105F10C00FFF7B2FF10B100
:10C100004FF0FF30E3E7287F217F884202D04FF0D5
:10C11000FF30DCE7AD69A469002DD4D1002CD2D169
:10C120000020D4E7002107E0002240F83120521E11
:10C1300000EBC1035A60491C0A29F5D300220265AD
:10C140007047F8B504460E4617466FF06D05A023FC
:10C150006A463146204602F06CFE050007D015F114
:10C16000620001D13860F8BDA5F50650FBE72068F4
:10C17000009946183A463146204602F0EAFE05008C
:10C1800002D0A5F50850EEE72068B04201D0FE4885
:10C19000E9E70020E7E72DE9F84304460D4690461D
:10C1A0001E466FF06D0730236A462946204602F08E
:10C1B00040FE070003D0A7F51050BDE8F8832068C3
:10C1C0000099451842462946204602F0B5FB070073
:10C1D00001D03846F1E732462946204602F0ACFB52
:10C1E000070001D03846E8E72068A84201D0E748B8
:10C1F000E3E70020E1E72DE9F04104460E4615464D
:10C200001F466FF06D082068B04202D10020BDE8E3
:10C21000F08120680078286047F0A0032A1D31468D
:10C22000204602F006FE5FEA000806D018F1620020
:10C2300000D1ECE7A8F50650E9E72068A86020687F
:10C240006968084420600020E1E72DE9F8430646CC
:10C250000F4690461C466FF06D050020C8F80000A0
:10C26000206030236A463946304602F0E2FD050080
:10C2700003D0A5F51450BDE8F8833068B84201D169
:10C280000020F8E742463946304602F0EEFD050050
:10C2900012D015F1620005D142463946304602F00F
:10C2A00058FE054615B1A5F51450E4E7D8F800008E
:10C2B00010B10120C8F800003068B84201D1002058
:10C2C000D9E722463946304602F043FE050002D047
:10C2D000A5F51450CFE73068B84201D0AC48CAE7A2
:10C2E0006FF000412068884202D1A948801CC2E753
:10C2F0002068401C20600020BDE7FEB505460E46C4
:10C3000014466FF06D0700200090019002906A467D
:10C310003146284602F04FFE070002D0A7F5145020
:10C32000FEBD0098012802D09948801CF8E70298C9
:10C33000007820700020F3E72DE9FE4306460F4603
:10C3400015466FF06D0800200090019002906A463B
:10C350003946304602F02FFE5FEA000803D0A8F508
:10C360001450BDE8FE83009810B98948801CF8E796
:10C3700000202860002407E00298005DE10088406A
:10C38000296808432860641C0098A04201D9042C45
:10C39000F2D30020E5E72DE9F04105460E461446AC
:10C3A0006FF06D07062322463146284602F0D8FE7C
:10C3B000070003D0A7F51450BDE8F081A06810B9BC
:10C3C0007348801CF8E70020F6E7F0B585B0064614
:10C3D0000C460025B06803907068039947183068D0
:10C3E00000F0DF00802802D06A4805B0F0BD0623C7
:10C3F00004AA394603A802F01CFD050002D0A5F5E9
:10C400001450F2E7062000900398029004980190DF
:10C410000198082805D160A0DDE9012109F05EF846
:10C4200008B1012000E0002008B15E48DDE7DDE949
:10C4300003010844B84205D324212046EFF7B6FB98
:10C440005348D2E7DDE9030108440390A02304AA7E
:10C45000394603A802F0EDFC050002D0A5F5145002
:10C46000C3E7302304AA394603A802F0E2FC050022
:10C4700002D0A5F51450B8E7062304AA394603A84C
:10C4800002F0D7FC050002D0A5F51450ADE7062058
:10C49000E0600399616104992161DDE903010844C9
:10C4A000B84205D324212046EFF780FB38489CE7AB
:10C4B000DDE9030108440390042304AA394603A8D4
:10C4C00002F0B7FC050002D0A5F514508DE7042159
:10C4D000A161039921620499E161DDE90301084446
:10C4E00003900398B84205D024212046EFF75EFB65
:10C4F00027487AE7002078E770B58AB005460C46F1
:10C500006FF06D06286800F0DF00802802D08228D6
:10C5100020D114E001A92846FFF757FF064616B1BF
:10C5200030460AB070BD2821204609F08BF9002062
:10C530002060242201A9201D09F01DF90CE028210A
:10C54000204609F07FF90220206095E80700231DAE
:10C5500007C301E01348E4E700BF0020E1E72DE94D
:10C56000F04F8DB00546884691466FF06D064C46FB
:10C5700030230CAA4146284602F05BFC060015D089
:10C58000A6F514500DB00FE09ADDFFFF9ADBFFFF18
:10C590009ADAFFFF00D8FFFF2B0601050507080404
:10C5A0000000000080DFFFFFBDE8F08F28680C99D5
:10C5B0000844404501D0FC48E4E758E0282168469B
:10C5C00009F040F9286800780A902868401C286023
:10C5D0000BAA4146284602F0ADFB060002D0A6F5A4
:10C5E0001450CFE70A9800F0C000802802D0EE482F
:10C5F000001DC7E769462046FFF77EFF0646BEB12D
:10C6000016F5025F14D0D9F80CA009E0D346DAF889
:10C610000CA010215846EFF7C9FA584608F085FBE0
:10C62000BAF1000FF2D10020C9F80C003046A9E79A
:10C63000A06878B1E06810B1DB486630A2E710214D
:10C64000012008F02FFBE060E06810B9D648001F19
:10C6500098E7E46827463C460A9838602868B8603E
:10C660000B987860286879680844286000BF2868BB
:10C670004045A3D30020E0602868404501D0CA4867
:10C6800080E700207EE72DE9FF5F04460F469246D3
:10C690004FF0000B5546302303AA3946204602F0DE
:10C6A000C8FB064626B1A6F5145004B0BDE8F09FBD
:10C6B000206803990844B84201D0BB48F5E70398C5
:10C6C00008B9B948F1E767E0302303AA39462046A4
:10C6D00002F0AFFB060002D0A6F51450E5E7206893
:10C6E000039900EB0109062303AA4946204602F0FC
:10C6F000A0FB060002D0A6F51450D6E70620009055
:10C7000003980190206802900198042805D1A7A001
:10C71000DDE9012108F0E2FE08B1012000E000207F
:10C7200008B1DFF890B2A86878B1E86810B19E4807
:10C730006630BAE71021012008F0B4FAE860E86832
:10C7400010B99948001FB0E7ED68A8464546009823
:10C75000C8F800000298C8F808000198C8F804005A
:10C760002068039908442060206848450ED2302391
:10C7700003AA4946204602F05CFB060002D0A6F55B
:10C78000145092E7206803990844206020684845C7
:10C7900001D0854889E700BF2068B84294D30020C3
:10C7A000E8602068B84201D07F487EE758467CE7C1
:10C7B0002DE9F04F89B005468946144698466FF03A
:10C7C0006D062868484503D1002009B0BDE8F08F08
:10C7D000032304F1EC024946284602F02CF9060036
:10C7E00001D03046F1E7F4200159F020005901EB67
:10C7F0000009F3E000200590069007900490039054
:10C80000302308AA4946284602F013FB060002D04E
:10C81000A6F51450D9E72868089900EB010A062309
:10C8200006AA5146284602F004FB060002D0A6F5EF
:10C830001450CAE7062005902868079028680699D2
:10C840000844286004AA5146284602F00EFB060060
:10C8500005D016F1620002D0A6F51450B5E7042306
:10C8600008AA5146284602F0E4FA060002D0A6F5CE
:10C870001450AAE7D5F800B028680899471857451A
:10C8800001D04948A1E703A905A8F9F7EEF9064642
:10C89000CEB1B8F1000F0FD02868CDE9000705AA86
:10C8A0002146049B1298C04706461EB1049808B161
:10C8B00030468AE72F6091E02F60049810B13A4823
:10C8C000001D82E78AE0D4F818010399084202D0DB
:10C8D0003548663079E7D4F8180103990843C4F85D
:10C8E00018010398B0F5807F0ED006DC042817D01D
:10C8F000082841D0202869D128E0B0F5006F1AD06F
:10C90000B0F5803F62D12CE004F590731A1F3946D0
:10C910002846FFF79AFC060001D0304655E75BE059
:10C9200004F5927239462846FFF706FD060001D04D
:10C9300030464AE750E004F5947239462846FFF73E
:10C940002AFD060001D030463FE745E004F1F80239
:10C9500039462846FFF703FE060001D0304634E78B
:10C960003AE004F59C7239462846FFF7C6FC0600FB
:10C9700001D0304629E72FE004F584723946284675
:10C98000FFF781FE060020D016F5025F14D1B8F142
:10C99000000F11D0CDE900B705AA2146049B1298DB
:10C9A000C04748B918E011E09ADAFFFF551D200092
:10C9B0000000000080DFFFFF049808B1304604E764
:10C9C00016F5025F01D03046FFE605E0049808B195
:10C9D000F948FAE62F6000BF00BF00BF286848454D
:10C9E000FFF408AF2868484501D0F448EDE6002080
:10C9F000EBE62DE9F04707463C460FB9BDE8F08766
:10CA000000BF04F1CC00F3F7A9FEA66E08E0B24621
:10CA1000B66920215046EFF7C9F8504608F085F96D
:10CA2000002EF4D18820065908E0B246B6692021CC
:10CA30005046EFF7BBF8504608F077F9002EF4D1D6
:10CA40004FF49A70055908E0A946ED681021484650
:10CA5000EFF7ACF8484608F068F9002DF4D14FF430
:10CA60008270055908E0A946ED6810214846EFF7A5
:10CA70009DF8484608F059F9002DF4D14FF48A701A
:10CA8000055908E0A946ED6810214846EFF78EF8F1
:10CA9000484608F04AF9002DF4D1E06840B120681A
:10CAA00030B1D4E90210EFF781F8E06808F03DF901
:10CAB000D4F85041002CA4D13C4600BFA046D4F885
:10CAC00050414FF4AA714046EFF770F8B84502D0D4
:10CAD000404608F02AF9002CF0D100BF8EE72DE97E
:10CAE000F04F8DB004460F4691469A46DDF85CB093
:10CAF0006FF06D050020089009900A90059006904F
:10CB0000079002900390049004B11FB9AC480DB097
:10CB1000BDE8F08F0B97CDF83090DDE90B0146189A
:10CB200030230CAA31460BA802F083F9050004D08B
:10CB30002046FFF75EFFA348E9E7DDE90B0100EBC4
:10CB400001084646A8EB0701A160BAF1000F1DD00D
:10CB50000120A16808F0A6F80B90E060E06810B929
:10CB600097488038D3E73946D4E9022008F07CFDA5
:10CB700001202060A0680C99401A0B9908440B9082
:10CB8000DDE90B0108448046064602E0E76000202C
:10CB900020600B99A16130230CAA31460BA802F04A
:10CBA00048F9050005D02046FFF723FFA5F50650FC
:10CBB000ADE7DDE90B014618A069311A616104F1A6
:10CBC0001C0231460BA8FFF7BCFA050010D104F196
:10CBD000200231460BA801F07DFC050008D108AB0E
:10CBE00004F12C0231460BA801F0B8FC050004D07A
:10CBF0002046FFF7FEFE284689E7E069002802DBB1
:10CC0000E069022805DD2046FFF7F3FE6B481A387D
:10CC10007DE7E069401CE06104F5A670C31E021FB9
:10CC200008A9009004F12C0001F0DFFE050004D0FB
:10CC30002046FFF7DEFE284669E70B992164302382
:10CC40000CAA31460BA802F0F4F8050005D02046E6
:10CC5000FFF7CFFEA5F5065059E7DDE90B02811875
:10CC600004F150020BA801F00DFD050004D0204690
:10CC7000FFF7BFFE28464AE7206C0B99091AE163CB
:10CC800004F1A80304F1900231460BA8FFF783FAE0
:10CC9000050004D02046FFF7ACFE284637E70B9985
:10CCA000E16430230CAA31460BA802F0C2F805005B
:10CCB00005D02046FFF79DFEA5F5065027E70C9806
:10CCC00070B1DDE90B02811804F170020BA801F0CC
:10CCD000D9FC050004D02046FFF78BFE284616E756
:10CCE000E06C0B99091AA164C8200B99015104F159
:10CCF000CC0231460BA802F00DFC050004D0204602
:10CD0000FFF777FE284602E7C82000590B99091A59
:10CD1000C4200151E069022802D0E06903280DD146
:10CD2000012304F1D40231460BA8FFF764FA05464B
:10CD300025B12046FFF75DFE2846E8E6E0690228B7
:10CD400002D0E06903280DD1022304F1E00231464C
:10CD50000BA8FFF750FA054625B12046FFF749FE1C
:10CD60002846D4E6E06903280ED1CDF800B022466B
:10CD700031460BA8169BFFF71BFD054625B1204643
:10CD8000FFF737FE2846C2E60B98B04205D0204692
:10CD9000FFF72FFE0B486638B9E6464605AB02AAF8
:10CDA00031460BA801F0DAFB05000DD02046FFF755
:10CDB00020FE2846ABE6000080DFFFFF9ADAFFFF87
:10CDC00000D8FFFF80DEFFFF206B0399884211D15E
:10CDD000226B0499606B08F081FB58B90699099899
:10CDE000884207D1099850B1DDE90920079908F078
:10CDF00075FB20B12046FFF7FCFDFE4887E604F5F1
:10CE00009E7231460BA801F0C9FD050004D02046F2
:10CE1000FFF7EFFD28467AE60B98B04204D0204693
:10CE2000FFF7E7FDF44872E6002070E610B504460F
:10CE30004FF4AA71204608F005FD10BD2DE9FF4F03
:10CE400083B006460F469146DDE910AB6FF06D08E2
:10CE50003446002504B11FB9E84807B0BDE8F08F9B
:10CE600002E02546D4F85041E06918B1D4F85001E9
:10CE70000028F6D1E069B0B1D4F8500198B94FF468
:10CE8000AA71012007F00EFFC4F85001D4F8500138
:10CE900010B9DA488038E0E72546D4F85001FFF7AA
:10CEA000C5FFD4F85041CDE900AB4A46394620468B
:10CEB000069BFFF714FE8046B8F1000F0AD015B1AB
:10CEC0000020C5F85001B44202D0204607F02DFFE3
:10CED0004046C2E70020C0E77CB504460D46164632
:10CEE0000020009003463246294601902046FFF775
:10CEF000A5FF7CBD2DE9FC4704460D4616461F469E
:10CF0000DDE90A893B46324629462046CDE90089BB
:10CF1000FFF794FFBDE8FC877CB504460D46164636
:10CF20000020009001233246294601902046FFF759
:10CF300085FF7CBD70B504460D46164604B10DB99B
:10CF4000AE4870BD324629462046FFF7E5FFF8E7B8
:10CF50002DE9FF4F8BB082468B466FF06D04DBF8F6
:10CF60000050DAF80060DDF83480E9E0282101A8FB
:10CF700008F068FC01A94046FFF7BEFA8146B9F106
:10CF8000000F29D019F5025F12D19DA22946304623
:10CF90000E9B07F0CFFF044600BF002C01DBAC4224
:10CFA00003D39D480FB0BDE8F08F2D1B264410E041
:10CFB0009AA2294630460E9B07F0BCFF044600BFEC
:10CFC000002C01DBAC4201D39348EBE72D1B264438
:10CFD00000BFD8F80C80B3E0019810B1022876D1D8
:10CFE00076E002AF92A2294630460E9B07F0A2FFE0
:10CFF000044600BF002C01DBAC4201D38648D1E7D8
:10D000002D1B264400BF3869082806D1AFF67820CA
:10D01000D7E9042108F062FA08B1012000E00020FD
:10D02000002853D087A2294630460E9B07F082FF86
:10D03000044600BF002C01DBAC4201D37648B1E7C7
:10D040002D1B264400BF88A2294630460E9B07F0C0
:10D0500071FF044600BF002C01DBAC4201D36E48D7
:10D06000A0E72D1B264400BF07F10C0229463046DD
:10D07000F8F78DFF044600BF002C01DBAC4201D362
:10D0800065488FE72D1B264400BF82A22946304603
:10D090000E9B07F04FFF044600BF002C01DBAC42A3
:10D0A00001D35D487EE72D1B264400BFF869A842E6
:10D0B00003D300203070584874E73046D7E9072181
:10D0C00008F0D2FAF8690644F8692D1A34E021E034
:10D0D0007BA2294630460E9B07F02CFF044600BF7A
:10D0E000002C01DBAC4201D34B485BE72D1B2644EF
:10D0F00000BF0398A84203D300203070464851E790
:10D100003046DDE9032108F0AFFA0398064403989E
:10D110002D1A11E03AA2294630460E9B07F00AFF6D
:10D12000044600BF002C01DBAC4201D33A4839E78A
:10D130002D1B264400BF00BF00BFD8F80C8000BFE5
:10D14000B8F1000F7FF412AF00203070CBF8005020
:10D15000CAF8006000BF25E72DE9F0478046894600
:10D1600017466FF06D04D9F80050D8F800600FF240
:10D17000A40A17F0800F13D0534656A22946304612
:10D1800007F0D8FE044600BF002C01DBAC4202D3FE
:10D190002148BDE8F0872D1B264400BF0FF2441A3A
:10D1A00017F0400F12D053464FA22946304607F0E1
:10D1B000C1FE044600BF002C01DBAC4201D316487F
:10D1C000E7E72D1B264400BF0FF2181A17F0200FB7
:10D1D0000DD0534648A22946304607F0ABFE044620
:10D1E00000BF002C01DBAC4202D30B48D1E78CE03E
:10D1F00086E0000080D9FFFF1ADEFFFF00D8FFFFA6
:10D200000A2573202020203C756E737570706F7234
:10D210007465643E0000000080D6FFFF0A2573207D
:10D220002020203C6D616C666F726D65643E00006D
:10D230000A2573202020206F746865724E616D6529
:10D24000203A00000A25732020202020202020687A
:10D2500061726477617265206D6F64756C65206EB4
:10D26000616D65203A0000000A25732020202020EF
:10D270002020202020202068617264776172652060
:10D2800074797065202020202020202020203A2042
:10D29000000000000A2573202020202020202020CC
:10D2A00020202068617264776172652073657269FD
:10D2B000616C206E756D626572203A20000000007E
:10D2C0000A257320202020644E534E616D65203A5C
:10D2D00020000000257353534C20436C69656E7425
:10D2E000000000002C200000257353534C20536590
:10D2F00072766572000000002573456D61696C00EF
:10D300002D1B264400BFAFF2240A17F0100F12D0D5
:10D310005346FEA22946304607F00CFE044600BFE5
:10D32000002C01DBAC4201D3FD4832E72D1B264423
:10D3300000BFAFF2500A17F0080F12D05346F9A2FF
:10D340002946304607F0F6FD044600BF002C01DBFD
:10D35000AC4201D3F2481CE72D1B264400BFAFF2BC
:10D360007C0A17F0040F12D05346F1A2294630462A
:10D3700007F0E0FD044600BF002C01DBAC4201D306
:10D38000E74806E72D1B264400BFAFF2A80A17F0B6
:10D39000020F12D05346E9A22946304607F0CAFDD3
:10D3A000044600BF002C01DBAC4201D3DC48F0E6B0
:10D3B0002D1B264400BFAFF2D40A17F0010F12D084
:10D3C0005346E1A22946304607F0B4FD044600BFAB
:10D3D000002C01DBAC4201D3D148DAE62D1B2644F8
:10D3E00000BFAFF2001AC9F80050C8F80060002072
:10D3F000CFE62DE9F0478046894617466FF06D0469
:10D40000D9F80050D8F800600FF2103A17F0800FEA
:10D4100013D05346D1A22946304607F08BFD04466F
:10D4200000BF002C01DBAC4202D3BD48BDE8F08751
:10D430002D1B264400BFAFF2541A17F0400F12D034
:10D440005346CBA22946304607F074FD044600BF80
:10D45000002C01DBAC4201D3B148E7E72D1B264489
:10D4600000BFAFF2801A17F0200F12D05346C5A2AA
:10D470002946304607F05EFD044600BF002C01DB64
:10D48000AC4201D3A648D1E72D1B264400BFAFF222
:10D49000AC1A17F0100F12D05346BFA229463046DF
:10D4A00007F048FD044600BF002C01DBAC4201D36D
:10D4B0009B48BBE72D1B264400BFAFF2D81A17F0DC
:10D4C000080F12D05346B9A22946304607F032FD64
:10D4D000044600BF002C01DBAC4201D39048A5E715
:10D4E0002D1B264400BFAFF2042A17F0040F12D000
:10D4F0005346B2A22946304607F01CFD044600BF41
:10D50000002C01DBAC4201D385488FE72D1B26445C
:10D5100000BFAFF2302A17F0020F12D05346ABA271
:10D520002946304607F006FD044600BF002C01DB0B
:10D53000AC4201D37A4879E72D1B264400BFAFF2F5
:10D540005C2A17F0010F12D05346A3A22946304699
:10D5500007F0F0FC044600BF002C01DBAC4201D315
:10D560006F4863E72D1B264400BFAFF2882A17F4EB
:10D57000004F12D053469CA22946304607F0DAFCF1
:10D58000044600BF002C01DBAC4201D364484DE7E8
:10D590002D1B264400BFAFF2B42AC9F80050C8F8CA
:10D5A0000060002042E72DE9FC5F06460F469246E8
:10D5B0006FF06D043D68D6F80080D1460FF25C1B19
:10D5C0001EE001A94846F8F77BFB08B18AA001904C
:10D5D00001985B4689A229460090404607F0AAFCC4
:10D5E000044600BF002C01DBAC4202D34C48BDE82E
:10D5F000FC9F2D1BA04400BFAFF2183BD9F80C9044
:10D60000B9F1000FDDD13D60C6F800800020EEE7E3
:10D610002DE9FC5F06460F4692466FF06D043D68AB
:10D62000D6F80080D1460FF2F40B1EE001A948465F
:10D63000F8F771FB08B170A0019001985B466FA2EA
:10D6400029460090404607F075FC044600BF002CB8
:10D6500001DBAC4202D33248BDE8FC9F2D1BA04445
:10D6600000BFAFF2803BD9F80C90B9F1000FDDD1CB
:10D670003D60C6F800800020EEE72DE9F0438DB054
:10D6800007460E4690461D466FF06D040B970C96AC
:10D69000CDB95CA2DDE90B0107F04CFC044600BFEC
:10D6A000002C02DB0C98844203D31D480DB0BDE86A
:10D6B000F0830C98001B0C900B9820440B9000BF3B
:10D6C0000C98301AF2E7E869434656A20090DDE96B
:10D6D0000B0107F02FFC044600BF002C02DB0C9866
:10D6E000844201D30E48E1E70C98001B0C900B9884
:10D6F00020440B9000BF434651A2DDE90B0107F027
:10D7000019FC044600BF002CA6E0000025734F6200
:10D710006A656374205369676E696E670000000074
:10D7200080D6FFFF257352657365727665640000CD
:10D73000257353534C204341000000002573456D71
:10D7400061696C204341000025734F626A65637410
:10D75000205369676E696E672043410025734469F1
:10D76000676974616C205369676E617475726500D6
:10D7700025734E6F6E205265707564696174696FB0
:10D780006E00000025734B657920456E63697068F3
:10D7900065726D656E740000257344617461204587
:10D7A0006E6369706865726D656E740025734B6594
:10D7B000792041677265656D656E740025734B65F0
:10D7C000792043657274205369676E002573435254
:10D7D0004C205369676E00002573456E636970685D
:10D7E0006572204F6E6C79002573446563697068BB
:10D7F0006572204F6E6C79003F3F3F0025732573A3
:10D80000000000000A4365727469666963617465AB
:10D8100020697320756E696E697469616C697365DE
:10D8200064210A002573636572742E207665727315
:10D83000696F6E20202020203A2025640A00000015
:10D84000257373657269616C206E756D62657220F7
:10D85000202020203A20000002DB0C98844201D3D3
:10D86000FD4823E70C98001B0C900B9820440B906C
:10D8700000BF05F12002DDE90B0101F093F9044638
:10D8800000BF002C02DB0C98844201D3F2480DE764
:10D890000C98001B0C900B9820440B9000BF434643
:10D8A000EEA2DDE90B0107F045FB044600BF002CAA
:10D8B00002DB0C98844201D3E748F7E60C98001B82
:10D8C0000C900B9820440B9000BF05F15002DDE94D
:10D8D0000B0101F0E2F8044600BF002C02DB0C98BB
:10D8E000844201D3DC48E1E60C98001B0C900B98B5
:10D8F00020440B9000BF4346DEA2DDE90B0107F098
:10D9000019FB044600BF002C02DB0C98844201D3B3
:10D91000D148CBE60C98001B0C900B9820440B9040
:10D9200000BF05F17002DDE90B0101F0B6F8044615
:10D9300000BF002C02DB0C98844201D3C648B5E638
:10D940000C98001B0C900B9820440B9000BFA42057
:10D950004059A02149599C22525998235B59CDE93D
:10D960000232CDE9041094204059D5F89010434676
:10D97000C6A2CDE90010DDE90B0107F0DBFA044691
:10D9800000BF002C02DB0C98844201D3B2488DE624
:10D990000C98001B0C900B9820440B9000BFBC20EF
:10D9A0004059B8214959B4225259B0235B59CDE9A5
:10D9B0000232CDE90410AC204059D5F8A8104346F6
:10D9C000C0A2CDE90010DDE90B0107F0B3FA04466F
:10D9D00000BF002C02DB0C98844201D39E4865E610
:10D9E0000C98001B0C900B9820440B9000BF4346F2
:10D9F000C2A2DDE90B0107F09DFA044600BF002C2E
:10DA000002DB0C98844201D393484FE60C98001B2C
:10DA10000C900B9820440B9000BF95F84811D5F856
:10DA20004C01CDE9001095F8493105F12C02DDE9F2
:10DA30000B0101F006F9044600BF002C02DB0C9834
:10DA4000844201D3844831E60C98001B0C900B985B
:10DA500020440B9000BF05F1CC00F3F717F8814686
:10DA60004A46122106A801F01AF9040001D0204606
:10DA70001CE605F1CC00F2F7E7FF814606A8434615
:10DA8000A4A2CDE90009DDE90B0107F053FA044631
:10DA900000BF002C02DB0C98844201D36E4805E6DF
:10DAA0000C98001B0C900B9820440B9000BFD5F8ED
:10DAB000180110F4807F38D0D5F81C0108B19AA065
:10DAC00000E09BA043469CA20090DDE90B0107F01B
:10DAD00031FA044600BF002C02DB0C98844201D3CB
:10DAE0005D48E3E50C98001B0C900B9820440B90CC
:10DAF00000BFD5F82001002817DDD5F82001431E0E
:10DB000095A2DDE90B0107F015FA044600BF002CD1
:10DB100002DB0C98844201D34F48C7E50C98001BE8
:10DB20000C900B9820440B9000BFD5F8180110F012
:10DB3000200F20D043468DA2DDE90B0107F0FAF952
:10DB4000044600BF002C02DB0C98844201D34248FB
:10DB5000ACE50C98001B0C900B9820440B9000BF78
:10DB6000434605F1F8020CA90BA8FFF7F1F90400F0
:10DB700001D020469AE5D5F8180110F4803F1FD057
:10DB8000434680A2DDE90B0107F0D4F9044600BF4B
:10DB9000002C02DB0C98844201D32F4886E50C98B8
:10DBA000001B0C900B9820440B9000BF95F8382177
:10DBB0000CA90BA8FFF7D0FA040001D0204675E5A8
:10DBC000D5F8180110F0040F1FD0434673A2DDE909
:10DBD0000B0107F0AFF9044600BF002C02DB0C98E4
:10DBE000844201D31C4861E50C98001B0C900B98F3
:10DBF00020440B9000BF0CA90BA8D5F82421FFF7F7
:10DC0000F8FB040001D0204650E5D5F8180110F4C7
:10DC1000006F1FD0434667A2DDE90B0107F08AF9C8
:10DC2000044600BF002C02DB0C98844201D30A4852
:10DC30003CE50C98001B0C900B9820440B9000BF07
:10DC400005F594720CA90BA8FFF7ADFC040001D0F8
:10DC500020462BE5BAE0000080D6FFFF0A25736955
:10DC60007373756572206E616D6520202020202001
:10DC7000203A20000A25737375626A656374206E0A
:10DC8000616D652020202020203A20000A2573693C
:10DC9000737375656420206F6E2020202020202063
:10DCA000203A20253034642D253032642D25303241
:10DCB0006420253032643A253032643A25303264AB
:10DCC000000000000A257365787069726573206F23
:10DCD0006E20202020202020203A20253034642D62
:10DCE000253032642D2530326420253032643A25C7
:10DCF0003032643A25303264000000000A25737324
:10DD000069676E6564207573696E67202020202026
:10DD1000203A20000A2573252D3138733A202564D6
:10DD20002062697473000000747275650000000061
:10DD300066616C73650000000A2573626173696334
:10DD400020636F6E73747261696E7473203A20433E
:10DD5000413D2573000000002C206D61785F7061EB
:10DD600074686C656E3D2564000000000A257373BD
:10DD700075626A65637420616C74206E616D6520E4
:10DD8000203A00000A2573636572742E207479703E
:10DD90006520202020202020203A20000A25736BB7
:10DDA0006579207573616765202020202020202060
:10DDB000203A20000A2573657874206B65792075F8
:10DDC0007361676520202020203A2000D5F81801D3
:10DDD00010F0080F1FD04346FCA2DDE90B0107F04D
:10DDE000A9F8044600BF002C02DB0C98844201D342
:10DDF000FD485BE40C98001B0C900B9820440B90A2
:10DE000000BF05F584720CA90BA8FFF701FC040004
:10DE100001D020464AE4AFF2DC52DDE90B0107F005
:10DE200089F8044600BF002C02DB0C98844201D321
:10DE3000ED483BE40C98001B0C900B9820440B9091
:10DE400000BF0C98301A31E42DE9F84F824688461D
:10DE500093461F466FF06D04D1464546E34E1BE0E6
:10DE60003068384200D116E070685B46E0A229466F
:10DE70000090484607F05EF8044600BF002C01DB26
:10DE8000AC4202D3D848BDE8F88F2D1BA14400BF97
:10DE90003068474000BF083670680028E0D187B17D
:10DEA0005B46D5A22946484607F044F8044600BF21
:10DEB000002C01DBAC4201D3CB48E4E72D1BA1448D
:10DEC00000BFA8EB0500DEE72DE9F04194B0044661
:10DED0000D46904694F84801F8F7D6F807463846BC
:10DEE000F8F72EFC064604AB3846D4E90521F8F7CE
:10DEF0008FFA20B14FF0FF3014B0BDE8F08194F8F4
:10DF0000491105F1CC00F2F753FC10B94FF0FF3086
:10DF1000F2E74FF4A07000594FF4A271095904AA16
:10DF2000CDE90026CDE9021094F8483194F8490172
:10DF300005F1CC02D4F84C11F2F79AFCDCE72DE99C
:10DF4000F04107460C46154604F1700107F15000F8
:10DF5000FEF7B5F818B14FF0FF30BDE8F0810126AB
:10DF60001DB1E069032800DA00262EB1D4F81C01A7
:10DF700010B94FF0FF30F0E70020EEE72DE9FF4F3A
:10DF800081B0884615461E46DDF838906FF06D0B5F
:10DF90000027BA460020009044463AE04A4621460F
:10DFA0000198FFF7CCFF00B131E0D4F82001002840
:10DFB00008DDD4F820210F98401C1099401A8242A5
:10DFC00000D224E02146119A0198FFF77DFF834695
:10DFD000BBF1000F01D1012000E000200746B9F19C
:10DFE000000F01D007B912E004F1A80000F074FEA0
:10DFF00020B904F1900000F072FE28B1BAF1000FD0
:10E0000001D1A246009702E02C60376003E0D4F80B
:10E010005041002CC2D100BF1CB9C5F800A0009827
:10E020003060002005B0BDE8F08F2DE9F04F87B0DB
:10E030000646884615461C4610AF97E8800E6FF0DE
:10E040006D0006900120206017E0206808B140466E
:10E0500001E0D6F85001059020683B462A468DE83D
:10E06000010E30460599FFF789FF0690286808B928
:10E07000206800B902E000202060E6E700BF2868C1
:10E0800010B9002020603860002007B0BDE8F08F94
:10E0900070B504460E4604F1700104F15000FEF71D
:10E0A0000EF810B14FF0FF3070BD35460DE0A1689D
:10E0B000A868814207D1A268E968E06807F00EFA13
:10E0C00008B90020F0E7D5F85051002DEFD1681EB7
:10E0D000EAE72DE9F04F8BB080468946DDE915B5BA
:10E0E0006FF06D000A900020059046468246089029
:10E0F0000790B1E0286D05EBC0073E600020786016
:10E10000286D401C28653C1D06F1A80000F0E4FDC8
:10E1100018B1206840F00100206006F1900000F086
:10E12000DEFD18B1206840F400702060079818B137
:10E1300000200BB0BDE8F08F96F848115846FDF767
:10E14000F5FE18B1206840F48040206096F849112F
:10E150005846FDF7FCFE18B1206840F400402060EE
:10E16000286D012806D149463046FFF791FF08B9CE
:10E170000020DEE7CDF814901799286D401E06AAFE
:10E1800008ABCDE902A1CDE9002009AA30460599E6
:10E19000FFF74BFF0A90099828B9206840F0080063
:10E1A00020600020C5E7286D012808D006F1700125
:10E1B00006F15000FDF783FF08B90AF1010A08983B
:10E1C00090BB286D082830D91648B2E70A2573633A
:10E1D0006572746966696361746520706F6C6963E8
:10E1E000696573203A20000080D6FFFF90BB0200D3
:10E1F000257325730A0000002573556E6B6E6F77CB
:10E200006E20726561736F6E202874686973207365
:10E21000686F756C64206E6F742068617070656ED5
:10E22000290A000000D0FFFFFFE7069818B9206810
:10E2300040F0080020600999CC315846FDF798FE5F
:10E2400018B1206840F480302060099E00200990B9
:10E2500008980790002006904CE770B504460D46DC
:10E2600016466068B04207D132462846A168FDF7DD
:10E2700098FE08B9002070BD21462846FDF7B7FE7C
:10E2800008B90020F7E74FF0FF30F4E72DE9F04739
:10E29000074688461546404607F070F98146D7F88C
:10E2A000180110F0200F13D007F1F80607E04A46D6
:10E2B00041463046FFF7D1FF00B902E0F668002E74
:10E2C000F5D100BF2EBB286840F00400286020E094
:10E2D00007F1700415E06068032805D178A0D4E93F
:10E2E000012107F0FBF808B1012000E0002038B957
:10E2F0004A46414604F10C00FFF7AFFF00B902E0C7
:10E30000A469002CE7D100BF1CB9286840F00400C4
:10E310002860BDE8F0872DE9F84F05460E46174600
:10E3200099466FF06D0A346D17E0601E06EBC00869
:10E33000D8F8040000905FB1621E6B464846D8F8DA
:10E340000010B8475FEA000A02D05046BDE8F88FD7
:10E350002868009908432860641E002CE5D100203D
:10E36000F4E72DE9FF4F9BB0064689469246DDE96A
:10E3700028B7DDE92A846FF06D0500202060049045
:10E3800005A8FDF7CFFE0FB94E4D3AE0B8F1000FEA
:10E3900004D004AA41463046FFF778FF06F1CC00CE
:10E3A000F2F77DFB1A9038461A99FDF7D0FD18B1A7
:10E3B000049840F40040049006F1CC013846FDF783
:10E3C000D7FD18B1049840F48030049005A92E9828
:10E3D000CDE900B7CDE902105246494630461E9BB2
:10E3E000FFF777FE054605B10BE004990698084350
:10E3F000069005A92046DDE92C23FFF78CFF054692
:10E4000000BF15F51C5F00D12F4D35B14FF0FF3027
:10E41000206028461FB0BDE8F08F206808B12B4867
:10E42000F8E70020F6E72DE9F04788B005460E46EC
:10E4300017461C46DDE9119ADDF840800020CDE941
:10E44000049ACDF80C800690214800210B463A46EC
:10E45000CDE90104009131462846FFF782FF08B05C
:10E46000BDE8F0872DE9F04F87B005460E46174608
:10E470001C46DDE912ABDDE910890020CDE905B0CD
:10E4800003463A4631468DE811072846FFF769FFF3
:10E4900007B0BDE8F08F2DE9FF4F87B005460E4667
:10E4A0001C4614AF97E8800F002003468DE8910FBB
:10E4B00031462846099AFFF754FF0BB0BDE8F08FAC
:10E4C0005504030000D8FFFF00D0FFFF00D9FFFF75
:10E4D00060BB02002DE9F04104460E4615466FF080
:10E4E0006D072068301A012802DAFC48BDE8F08187
:10E4F00020680078822806D020680078022802D0A0
:10E50000F648801EF2E72168481C206008782860E1
:10E510002A1D3146204600F00DFC070002D0A7F569
:10E520000A50E3E72068A860206869680844206012
:10E530000020DBE72DE9F04104460D4616466FF05A
:10E540006D0732462946204600F07FFE070003D0C3
:10E55000A7F50C50BDE8F0810020FBE72DE9F04164
:10E5600004460D4616461F466FF06D083B46324680
:10E570002946204600F010FE5FEA000803D0A8F507
:10E580000C50BDE8F0810020FBE72DE9F84304467C
:10E59000884615466FF06D0930236A46414620468D
:10E5A00000F047FC5FEA000903D0A9F50E50BDE872
:10E5B000F8832068009900EB01082068A8EB0000B0
:10E5C000012801DAC648F2E72E462068007830605C
:10E5D0000623321D4146204600F02BFC5FEA00096D
:10E5E00002D0A9F50E50E2E72068B060206871689B
:10E5F000084420602068A8EB0000012801DAB84830
:10E60000D5E7206800781E281AD0206800780C28EA
:10E6100016D020680078142812D0206800781328BB
:10E620000ED02068007816280AD0206800781C28B0
:10E6300006D020680078032802D0A948801EB6E7DB
:10E6400005F10C072168481C2060087838603A1DE5
:10E650004146204600F06EFB5FEA000902D0A9F5B2
:10E660000E50A4E72068B8602068796808442060EC
:10E670002068404502D09A48801F98E70020A86192
:10E6800000BF94E72DE9F84305460F4614466FF0A6
:10E690006D083AE031236A463946284600F0C9FB46
:10E6A0005FEA000803D0A8F50E50BDE8F88328689B
:10E6B0000099461818E0224631462846FFF765FFC4
:10E6C0005FEA000801D04046EFE72868B04200D179
:10E6D0000BE001202077202106F0E4FAA061A06978
:10E6E00008B98048E1E7A469E5E700BF2868B842B7
:10E6F00001D10020D9E72021012006F0D3FAA06142
:10E70000A06908B97748D0E7A469C3E710B5034604
:10E710000020106018E018680078302803DB1868C3
:10E720000078392802DD6E48203810BD106800EBF3
:10E730008000400010601C68601C18602078303831
:10E74000146820441060491E0029E4D10020ECE741
:10E7500070B50146624B203B00BF0868002804DB0F
:10E7600042F20F740868A04201DD184670BD00BF78
:10E7700000BFC868002802DBC868172801DD1846FA
:10E78000F4E700BF00BF0869002802DB08693B28E6
:10E7900001DD1846EAE700BF00BF4869002802DB38
:10E7A00048693B2801DD1846E0E700BF48680D28AE
:10E7B00030D2DFE800F02F0714080F09100A0B1100
:10E7C0000C120D0000BF00BF00BF00BF00BF00BFA4
:10E7D0001F2221E000BF00BF00BF1E221CE008680E
:10E7E000C41700EB9474A410B0EB840406D1642524
:10E7F0000C6894FBF5F605FB16443CB94FF4C8755C
:10E800000C6894FBF5F605FB16440CB91D2200E0DC
:10E810001C2201E01846A9E700BF00BF8868012854
:10E8200002DB8868904201DD18469FE700BF0020A8
:10E830009CE72DE9F04107460D4616461C466FF051
:10E840006D0806F10800854203D225482038BDE84E
:10E85000F08106F108002D1A224631463846FFF7AE
:10E8600055FF5FEA000801D04046F0E7022E09D1CB
:10E870002068322802DA206864302060206800F2C4
:10E880006C702060221D02213846FFF73FFF5FEACF
:10E89000000801D04046DAE704F1080202213846B8
:10E8A000FFF734FF5FEA000801D04046CFE704F1EC
:10E8B0000C0202213846FFF729FF5FEA000801D069
:10E8C0004046C4E704F1100202213846FFF71EFF5C
:10E8D0005FEA000808D04046B9E7000020DDFFFFEE
:10E8E00020DCFFFF80D7FFFF022D0CD304F11402C0
:10E8F00002213846FFF70AFF5FEA000801D04046D0
:10E90000A5E7AD1E01E0F748A1E7012D07D1386862
:10E9100000785A2803D13868401C38606D1E0DB14C
:10E92000F04894E72046FFF713FF5FEA000801D0A4
:10E9300040468CE700208AE72DE9F84304460F465D
:10E9400090466FF06D092068381A012803DAE5480F
:10E950006038BDE8F88320680678172E01D10225BB
:10E9600006E0182E01D1042502E0DE486238F0E707
:10E970002068401C20606A463946204600F0DAF9DB
:10E980008146B9F1000F02D0A9F51050E1E74346E6
:10E990002A4620460099FFF74CFFDAE72DE9F843B5
:10E9A00004460E4615466FF06D082068301A01289F
:10E9B00003DACC48E038BDE8F883206807786A4677
:10E9C0003146204600F07AFB5FEA000802D0A8F545
:10E9D0001250F0E72F60009868602068A8602068F7
:10E9E0000099084420600020E5E72DE9F04707463C
:10E9F0000C4615461E46DDF820806FF06D09D8F8EC
:10EA0000000010B1B848BDE8F087324629463846C4
:10EA1000F7F7BBF95FEA000902D0A9F51850F2E751
:10EA20002068052801D0206808B9606808B1AF489F
:10EA3000E9E70020E7E72DE9F84305468846144654
:10EA40001E466FF06D0746F0A003221D4146284682
:10EA500000F0EFF907461FB1A7F51450BDE8F883A1
:10EA600046F0A00020602868A0602868616800EB7C
:10EA7000010830236A464146284600F0DAF90700CB
:10EA800002D0A7F51450E9E72868009908444045EA
:10EA900001D09748E2E70020E0E72DE9F74FC2B048
:10EAA0008A4693466FF06D040020419040904FF4E9
:10EAB0008071684606F0C6FE5D46DDF80891564650
:10EAC0006BE0A86808B9AD6967E05D4516D041986C
:10EAD00008B188A000E088A002463146484606F00A
:10EAE00029FA044600BF002C01DBB44203D383485B
:10EAF00045B0BDE8F08F361BA14400BF40A92846B1
:10EB0000F7F788F804463CB97DA231464846409B59
:10EB100006F010FA044605E07AA23146484606F0AF
:10EB200009FA044600BF002C01DBB44201D373484C
:10EB3000DEE7361BA14400BF002712E0FF2F00D301
:10EB400012E0686910F80780B8F1200F02DBB8F115
:10EB50007F0F03DB3F200DF8070001E00DF8078071
:10EB60007F1C2869B842E9D800BF00200DF80700D3
:10EB70006B4665A23146484606F0DCF9044600BF04
:10EB8000002C01DBB44201D35C48B1E7361BA14441
:10EB900000BF287F4190AD6900BF002D91D1AAEB45
:10EBA0000600A5E72DE9F84F8346894616466FF023
:10EBB0006D04DA464F467068202801D8706800E07E
:10EBC0001C208046002524E035B9B8F1010F03D997
:10EBD000B068405D00B91BE0A8F10100A84201D96E
:10EBE0004AA000E04AA00090B068435D49A23946BF
:10EBF000504606F09FF9044600BF002C01DBBC42E2
:10EC000002D33E48BDE8F88F3F1BA24400BF00BFBF
:10EC10006D1C4545D8D3706840450FD03FA239469A
:10EC2000504606F087F9044600BF002C01DBBC42C9
:10EC300001D33248E6E73F1BA24400BFA9EB07001F
:10EC4000E0E72DE9F84F07460E469046DDE90AABAE
:10EC50006FF06D04B9463546002000906946404685
:10EC6000F7F784F8044634B12EA22946484606F048
:10EC700061F9044606E024A229464846009B06F0B6
:10EC800059F9044600BF002C01DBAC4202D31B48FB
:10EC9000BDE8F88F2D1BA14400BF701BF8E72DE9DC
:10ECA000F04706460F469046B1463D466FF06D046C
:10ECB00043461DA22946484606F03CF9044600BFDB
:10ECC000002C01DBAC4202D30C48BDE8F0872D1BC1
:10ECD000A14400BF0020F8E701460020704701462C
:10ECE0000020704700DCFFFF00D8FFFF00DDFFFFC2
:10ECF0009ADAFFFF202B20002C20000080D6FFFF97
:10ED000025733D003F3F3D00257300003A000000A1
:10ED10000000000025303258257300002E2E2E2EC4
:10ED2000000000003F3F3F002573206B6579207392
:10ED3000697A650010B503461868081A012802DAD6
:10ED40006FF05F0010BD1868007810F0800F05D1DB
:10ED50001C68601C18602078106060E018680078FB
:10ED600000F07F00012806D0022812D0032822D00C
:10ED7000042850D135E01868081A022802DA6FF02A
:10ED80005F00DFE71868407810601868801C186022
:10ED900044E01868081A032802DA6FF05F00D1E730
:10EDA000186880781C68647840EA0420106018684D
:10EDB000C01C186032E01868081A042802DA6FF0E4
:10EDC0005F00BFE71868407800041C68A47840EA38
:10EDD00004201C68E478204310601868001D186047
:10EDE0001CE01868081A052802DA6FF05F00A9E72E
:10EDF0001868407800061C68A47840EA04401C6843
:10EE0000E47840EA04201C682479204310601868E4
:10EE1000401D186002E06FF0630093E700BF1068C8
:10EE20001C680C1BA04202D96FF05F008AE700202B
:10EE300088E7F0B504460D4617461E462068281A96
:10EE4000012802DA6FF05F00F0BD20680078B04260
:10EE500002D06FF06100F7E72068401C20603A465E
:10EE600029462046FFF766FFEEE7F8B504460E4652
:10EE700015466FF06D0701236A4631462046FFF7BD
:10EE8000D8FF070001D03846F8BD0098012802D00D
:10EE90006FF06300F8E72068007808B1012000E017
:10EEA000002028602068401C20600020ECE72DE94D
:10EEB000F84104460F4616461D466FF06D0833466E
:10EEC0006A4639462046FFF7B4FF5FEA000802D0E1
:10EED0004046BDE8F881009810B96FF06300F8E78C
:10EEE0002068007810F0800F02D06FF06300F0E728
:10EEF00005E02068401C20600098401E00900098AB
:10EF000018B1206800780028F3D00098042802D9AE
:10EF10006FF06300DDE70098042807D120680078CF
:10EF200010F0800F02D06FF06300D2E7002028605D
:10EF300008E020680078296840EA012028602068FD
:10EF4000401C20600099481E00900029F1D100204B
:10EF5000BFE770B505460E461446234602223146E9
:10EF60002846FFF7A4FF70BD70B505460E4614464F
:10EF700023460A2231462846FFF799FF70BDF8B5AF
:10EF800004460E4615466FF06D0702236A46314669
:10EF90002046FFF74EFF070001D03846F8BD216834
:10EFA0002846009AF5F708FF0746206800990844AC
:10EFB00020603846F2E7F0B504460E4615466FF07D
:10EFC0006D0703232A4631462046FFF732FF07002C
:10EFD00001D03846F0BD286810B96FF05F00F9E73E
:10EFE0002868401E28602068007828712879072842
:10EFF00002DD6FF06300EDE72068401C20602068B0
:10F00000A86020682968084420602068B04202D0C7
:10F010006FF06500DEE70020DCE72DE9F84F0446DD
:10F020000D4617469846DDF828B0DDF830903023BD
:10F030006A4629462046FFF7FCFE5FEA000A02D036
:10F040005046BDE8F88F206800990844A84202D0D5
:10F050006FF06500F5E72CE02168481C20600E7811
:10F0600006EA0700404502D06FF06100E9E76A4612
:10F0700029462046FFF75EFE5FEA000A01D05046AF
:10F08000DFE706EA0B000B9988420DD1B9F1000FBA
:10F090000AD022683146009B0D98C8478246BAF1D3
:10F0A000000F01D05046CCE720680099084420604A
:10F0B00000BF2068A842CFD30020C2E7F0B50446C5
:10F0C0000E4615466FF06D0703232A46314620464B
:10F0D000FFF7AFFE070001D03846F0BD286810B931
:10F0E0006FF06700F9E72868401E28602068007804
:10F0F00010B16FF06700F0E72068401C206000202E
:10F10000EBE770B5044609E0E56810212046ECF70E
:10F110004DFD204605F009FE2C4600BF002CF3D122
:10F1200070BD2DE9F04705460E4617469846A9469C
:10F13000D9F80440A06858B11021012005F0B2FDB3
:10F14000E060E06818B96FF06900BDE8F087E46836
:10F15000A760C4F804802660C9F804400020F4E7E2
:10F16000F0B587B006460F4614461D460694059531
:10F17000002020606060A060E06005A85D4900227A
:10F180000092EBB2CDE901210390FF2239463046CF
:10F19000FFF743FF07B0F0BD2DE9F84304460F46E3
:10F1A00016461D466FF06D0830236A4639462046E4
:10F1B000FFF73FFE5FEA000802D04046BDE8F88353
:10F1C0002068381A012802DA6FF05F00F6E720683D
:10F1D000007830602068009947180623321D3946B0
:10F1E0002046FFF726FE5FEA000801D04046E5E72B
:10F1F0002068B06020687168084420602068B842C8
:10F2000005D10C212846ECF7D1FC0020D6E7206878
:10F21000007828602068401C20602A1D394620465E
:10F22000FFF788FD5FEA000801D04046C6E7206886
:10F23000A86020686968084420602068B84202D04D
:10F240006FF06500BAE70020B8E7FEB504460D464A
:10F2500016466FF06D0700200090019002906B46FB
:10F26000324629462046FFF797FF070001D038466F
:10F27000FEBD0098052801D0009808B9019810B18A
:10F280006FF06700F4E70020F2E710B5044604B918
:10F2900010BDA06805F049FD606905F046FD20211C
:10F2A0002046ECF783FC00BFF2E770B5044607E0A8
:10F2B000A86920602846FFF7E8FF284605F035FDDD
:10F2C0002568002DF4D170BD70B504460E46154674
:10F2D0000AE06068A84206D12A463146A06806F0D6
:10F2E000FDF800B902E0A469002CF2D100BF20466D
:10F2F00070BD000023F1010010B54FF4C47101206E
:10F3000005F0D0FC044614B1204600F061FB204615
:10F3100010BD10B50446204601F028F9204605F03E
:10F3200004FD10BD2DE9F04104460D4616461F466A
:10F330003B46324629462046ECF7BFFBBDE8F0814C
:10F340002DE9FC4704460D4616461F46DDE90A89AD
:10F350003B46324629462046CDE90089ECF7CAFBF8
:10F36000BDE8FC8770B504460D4616463246294670
:10F370002046EBF79DFD70BD70B504460D46164660
:10F38000324629462046EBF794FC70BD10B54FF489
:10F390008C71012005F086FC04460CB9002010BDDC
:10F3A0002046EBF771FC2046F9E710B504462046ED
:10F3B000EBF774FC204605F0B8FC10BD70B50646AE
:10F3C0000C4615462B4622460221304600F010FC22
:10F3D00070BD0000F0B589B004460D4617466FF0C9
:10F3E0006D06302308AA29462046FFF722FD0600B5
:10F3F00003D0A6F56C5009B0F0BD20680899084408
:10F40000A84201D0FE48F6E7022308AA2946204672
:10F41000FFF70FFD060002D0A6F56C50EBE70020C9
:10F42000039004900590069000900190029003468E
:10F4300021683846089AF1F77EFC060002D0F048B1
:10F440006630D8E72068089908442060022308AA9B
:10F4500029462046FFF7EDFC060002D0A6F56C50C9
:10F46000C9E70899002220680392CDE904200092A0
:10F47000019213460292069111463846F1F75BFC61
:10F48000060002D0DE486630B5E7206808990844D7
:10F4900020603846F1F715FD18B93846F1F76AFFD4
:10F4A00010B1D7486630A6E72068A84201D0D448FA
:10F4B000A1E700209FE72DE9FE4306460F461546CB
:10F4C0001C466FF06D08002020606060A06023463D
:10F4D0006A4639463046FFF75FFE5FEA000803D010
:10F4E000A8F56A50BDE8FE8329466846F6F795FC04
:10F4F00008B1C448F6E72878012809D12068052812
:10F5000001D0206808B9606810B1BD48E630E9E76D
:10F510000020E7E72DE9F04387B005460E46174681
:10F520006FF06D040020029000BF00BF00BF00BF5D
:10F5300000BF00BF00BF00BF302306AA31462846E7
:10F54000FFF777FC040004D0A4F5745007B0BDE8C1
:10F55000F08328680699461803AB02AA314628466C
:10F56000FFF7A9FF040001D02046EFE706AA3146C5
:10F570002846FFF7A3FD040002D0A4F56C50E5E790
:10F58000286806990844B04201D09D48DEE79DF8FE
:10F590000800F1F7F3F85FEA000901D19948D5E7CF
:10F5A00049463846F1F7F1F8040001D02046CDE78E
:10F5B0009DF8080001280CD1D7E90001CDE9000130
:10F5C00001988046424631462846FFF703FF04462D
:10F5D00000E08C4C1CB92868B04200D0884C14B1B3
:10F5E0003846F1F7BBF82046B0E72DE9F041064672
:10F5F0000F461446224639463046FFF7C0FC054602
:10F6000015B12846BDE8F08100212046F4F7BFFE81
:10F6100010B97C488038F5E70020F3E72DE9F04188
:10F6200088B005460E46174602A8F3F7FBF9059683
:10F63000059800EB0708302306AA414605A8FFF706
:10F64000F8FB040004D0A4F5745008B0BDE8F081C4
:10F65000DDE9050100EB010807AA414605A8FFF70F
:10F6600078FC040002D0A4F57450EEE7079808B1C6
:10F670006548EAE702AA414605A8FFF7B6FF04007D
:10F6800009D100900346024602A901902846F1F7ED
:10F6900009FB040000D087E002AA414605A8FFF755
:10F6A000A4FF04000AD102A800210B460A46CDE9B6
:10F6B00000102846F1F7F6FA040000D074E002AA20
:10F6C000414605A8FFF791FF04000AD102A90346AD
:10F6D0000246CDE9001001462846F1F7E3FA04009E
:10F6E00000D061E002AA414605A8FFF77EFF0400B2
:10F6F00009D10090034602AA014601902846F1F77D
:10F70000D1FA040000D04FE002AA414605A8FFF755
:10F710006CFF040009D1009002AB02460146019043
:10F720002846F1F7BFFA040000D03DE002AA4146A6
:10F7300005A8FFF75AFF040006D102A905F144000D
:10F74000F3F7F8F9040000D02EE002AA414605A81C
:10F75000FFF74BFF040006D102A905F15000F3F7B3
:10F76000E9F9040000D01FE002AA414605A8FFF70E
:10F770003CFF040006D102A905F15C00F3F7DAF9B9
:10F78000040000D010E02846F1F79BFB040004D1F0
:10F790002846F1F7EFFD040000D005E0059840454C
:10F7A00001D0194C1A3400BF02A8F3F743F95CB139
:10F7B0004FF68070044202D1A4F5745401E0114C5C
:10F7C000803C2846F2F7BEFC20463EE72DE9F04794
:10F7D0008AB005460E4617460496049800EB0708C3
:10F7E00000200390302308AA414604A8FFF721FB1C
:10F7F00004000BD0A4F574500AB0BDE8F0870000F7
:10F800009AC4FFFF80C3FFFF80C2FFFF08990498DE
:10F8100000EB010809AA414604A8FFF79AFB04007F
:10F8200002D0A4F57450E7E7099810B1A4F576501A
:10F83000E2E705AB03AA414604A8FFF73CFE04003B
:10F8400002D0A4F57450D7E7042308AA414604A8BF
:10F85000FFF7EFFA040002D0A4F57450CCE7089843
:10F8600008B95948C8E79DF80C00F0F787FF5FEA30
:10F87000000A02D15448E030BEE751462846F0F76E
:10F8800084FF040001D02046B6E79DF80C00012853
:10F8900010D1D5E90001CDE9010102988146089A0D
:10F8A0000499FFF7BBFE040007D02846F0F756FF87
:10F8B0002046A1E74448E0309EE700209CE72DE980
:10F8C000FC5F04460E4615469B46DDF830806FF01F
:10F8D0006D0900BF00BF1DB93B486030BDE8FC9F0B
:10F8E00000BF00BF2A4631462046FFF76FFF5FEAA0
:10F8F000000900D1F2E72046F0F730FF2046F0F78C
:10F9000027FF0120F0F73AFF824651462046F0F7E4
:10F910003CFF60B9D4E90001CDE900010198074638
:10F920002A463146FFF77AFE08B90020D6E720467E
:10F93000F0F714FF2046F0F70BFF23486030CDE7C7
:10F940002DE9FE4305460E4614466FF06D0700BFD5
:10F9500000BF1CB91C486030BDE8FE8300BF00BF7B
:10F960000120F0F70BFF5FEA000902D11648E030F2
:10F97000F2E749462846F0F708FF070001D038466D
:10F98000EAE70296D5E90001CDE900010198804639
:10F9900002980119424602A8FFF71CFD07460FB95D
:10F9A0003846D9E72846F0F7D9FE0848874201D003
:10F9B0003846D1E70296029801192A4602A8FFF7B5
:10F9C000A9FD07463846C7E7A0C2FFFF9EC4FFFF58
:10F9D00010B5044600BF00BF4FF4C471204605F0C7
:10F9E00031FF10BD2DE9F04F99B082460020019003
:10F9F000029003900490059001A802AB102202A986
:10FA00000090504600F007FF0B9018B10B9819B00A
:10FA1000BDE8F08F9DF8080000069DF8091040EA47
:10FA200001409DF80A1040EA01209DF80B100843A0
:10FA30000021CDE908019DF80C0000069DF80D108D
:10FA400040EA01409DF80E1040EA01209DF80F1099
:10FA500008430021CDE906012022DDE90801CDE9B6
:10FA60000E1005F000FADDE9063240EA030841EA2B
:10FA700002099DF8100000069DF8111040EA0140AF
:10FA80009DF8121040EA01209DF813100843002150
:10FA9000CDE908019DF8140000069DF8151040EA14
:10FAA00001409DF8161040EA01209DF81710084308
:10FAB0000021CDE906012022DDE90801CDE90C1085
:10FAC00005F0D1F9DDE9063240EA030641EA020712
:10FAD0000AF14000C0E91067CAF80491CAF8008131
:10FAE0000021CAF8C010CAF8C410CAF84010CAF8F9
:10FAF00044104FF0040B3EE0012030404FF06141D4
:10FB0000A0FB010100903F2240464946CDE91698EE
:10FB100005F0A9F904460D464FF00102304639467A
:10FB2000CDE9147605F0B2F944EA000645EA01078A
:10FB3000012240464946CDE9129805F0A7F904464E
:10FB40000D464FF000014FF020020098CDE9101053
:10FB500005F089F984EA000885EA01090AF1400004
:10FB600000EBCB00C0C00AF1C00000EBCB00C0E945
:10FB700000894FEA6B0BBBF1000FBDDC4FF0020BAD
:10FB800031E00AF1400202EBCB00803202EBCB0104
:10FB9000D1E90089D0E9006701220A921EE00AF14A
:10FBA000C0020A9B02EBC3030CCB82EA080283EA81
:10FBB00009030A9C01EBC4040CC40AF140020A9B2D
:10FBC00002EBC302D2E9003273407A400A9C00EB98
:10FBD000C404C4E900320A9A521C0A920A9A5A458D
:10FBE000DDDB4FEA4B0BBBF1080FCADD00200EE74F
:10FBF0002DE9F04780460E4617461D466FF06D0909
:10FC000000BF00BF00BF00BF00BF00BF01222946E8
:10FC1000304600F000FD04461CB96FF01300BDE84B
:10FC2000F0876069102802D06FF01300F7E74046B4
:10FC300000F014FD2146404600F041FD5FEA000956
:10FC400001D04846EBE701232A463946404600F0FA
:10FC500051FD5FEA000901D04846E0E74046FFF762
:10FC6000C1FE5FEA000901D04846D8E70020D6E788
:10FC70002DE9F74FBCB09246002004903D98C07B20
:10FC800000F00F0003903C98C030039900EBC101D5
:10FC9000C0C93C984030039900EBC101D1E900890B
:10FCA0000F20049096E004993D98405C00F00F000E
:10FCB000039004993D98405C0009029004980F2835
:10FCC00042D008F00F0001903C2230463946CDE981
:10FCD0000B7605F0C8F804460D464FF00402404686
:10FCE0004946CDE9099805F0D1F844EA000845EA0B
:10FCF0000109042230463946CDE9077605F0C6F8F9
:10FD000006460F46FE49019801EBC000D0E90010FD
:10FD10003022CDE905010846059905F0A4F84640D2
:10FD20004F403C98C030039900EBC10103C94640E5
:10FD30004F403C984030039900EBC100D0E90010DF
:10FD400081EA080880EA090908F00F0001903C22C6
:10FD500030463946CDE9137605F085F804460D4660
:10FD60004FF0040240464946CDE9119805F08EF85F
:10FD700044EA000845EA0109042230463946CDE943
:10FD80000F7605F083F806460F46DD49019801EB32
:10FD9000C000D0E900103022CDE90D0108460D99D0
:10FDA00005F061F846404F403C98C030029900EBA6
:10FDB000C100D0E900104E4047403C9840300299C5
:10FDC00000EBC10103C980EA080881EA0909049827
:10FDD000401E049004980028BFF665AF2022B34669
:10FDE000584639463B9705F051F81822CDE93910AD
:10FDF00005F04CF88AF80000202230463946CDE95B
:10FE0000377605F043F81022CDE9351005F03EF8BD
:10FE10008AF80100202230463946CDE9337605F0D4
:10FE200035F80822CDE9311005F030F88AF80200E3
:10FE3000202230463946CDE92F7605F027F88AF89A
:10FE40000300182230463946CDE92D7605F01EF81C
:10FE50008AF80400102230463946CDE92B7605F0A9
:10FE600015F88AF80500082230463946CDE929768A
:10FE700005F00CF88AF806008AF807602022404650
:10FE80004946CDE9279805F001F81822CDE925105B
:10FE900004F0FCFF8AF80800202240464946CDE9DC
:10FEA000239804F0F3FF1022CDE9211004F0EEFFB7
:10FEB0008AF80900202240464946CDE91F9804F0FF
:10FEC000E5FF0822CDE91D1004F0E0FF8AF80A00E2
:10FED000202240464946CDE91B9804F0D7FF8AF816
:10FEE0000B00182240464946CDE9199804F0CEFF90
:10FEF0008AF80C00102240464946CDE9179804F0D4
:10FF0000C5FF8AF80D00082240464946CDE91598FC
:10FF100004F0BCFF8AF80E008AF80F803FB0BDE8FD
:10FF2000F08F2DE9FF4F89B004461E46179F6FF0F2
:10FF30006D0006900020019000BF00BF00BF00BF11
:10FF400000BF00BFBEB13D22B246079050460799A0
:10FF500004F09CFF00235840594008430BD13D2238
:10FF6000BB4608905846089904F090FF002358407B
:10FF70005940084304D06FF013000DB0BDE8F08F76
:10FF800004F580700021016641668166C1660167E3
:10FF900041678167C16704F5A0740A9820642160F5
:10FFA0006160A160E160A4F5A0740C2E0AD1324614
:10FFB00004F5B0700B9905F057FB012140F26F106A
:10FFC00001554CE000200290039004900590C6F388
:10FFD00047508DF81400C6F34F30C0B28DF81500AD
:10FFE000C6F35710C0B28DF81600F006000E8DF85B
:10FFF0001700DDF82C901CE0102E01D2304600E0F6
:020000040002F8
:1000000010208046002509E004F5B070405D19F825
:100010000510484004F5B07148556D1C4545F3D3B3
:1000200004F5B07211462046FFF722FEA6EB080643
:10003000C144002EE0D1002509E004F5B070405D18
:1000400002A9495D484004F5B07148556D1C102D5A
:10005000F3D304F5B07211462046FFF709FE01A85C
:1000600004F5A873102204F5B0710090204600F04A
:10007000D2FB069008B106987FE70020C4F84871CB
:10008000C4F84C01DDF858901CE0102F01D238461E
:1000900000E010208046002509E004F5B870405DBE
:1000A00019F80510484004F5B87148556D1C4545D0
:1000B000F3D304F5B87211462046FFF7D9FDA7EB3C
:1000C0000807C144002FE0D1002056E72DE9F04F8A
:1000D00087B004460E46174698466FF06D000690AE
:1000E000C3460020019000BF00BF00BF00BF00BF9B
:1000F00000BFB8450BD9A8EB0700B04207D201E01A
:10010000C0BD02006FF0130007B0BDE8F08FD4F857
:100110004021D4F84401921940F10000D4F8403154
:10012000D4F84411D21A88410CD3D4F84021D4F821
:100130004401921940F100006FF01F030F219A1A39
:10014000814102D26FF01300DEE7D4F84021D4F8E9
:100150004401921940F10000C4F84021C4F8440160
:10016000B94653E0102E01D2304600E010208246FE
:1001700010250CE0681E04F5B071085C401C10F0FE
:10018000FF02A5F101000A5400D002E06D1E0C2D03
:10019000F0D800BF01A802AB102204F5B0710090A6
:1001A000204600F038FB069008B10698ACE7002521
:1001B00020E0D4F8800140B904F5B870405D19F82A
:1001C0000510484004F5B871485502A8405D19F87B
:1001D000051048400BF80500D4F88001012808D12B
:1001E00004F5B870405D1BF80510484004F5B8717F
:1001F00048556D1C5545DCD304F5B87211462046B0
:10020000FFF736FDA6EB0A06D144D344002EA9D150
:10021000002079E72DE9F74FAAB000BF00BF00BF6B
:1002200000BF2A9901F5A07103C908220023A0FB91
:10023000024C01FB02C100FB03152A98082100F5BE
:10024000A4700CC80020A2FB016C03FB01C102FBDF
:1002500000172C98102802D82C98042804D26FF08C
:1002600013002DB0BDE8F08F2A9901F5A871DDE9E2
:100270002B0205F0F9F9002184EA010069400843E6
:1002800005D1002186EA0100794008437ED0002094
:1002900002900390049005902022B04640463946D3
:1002A000299704F0F3FD1822CDE9271004F0EEFDA4
:1002B000C0B28DF808002022B1464846394626973C
:1002C00004F0E4FD1022CDE9241004F0DFFDC0B2FB
:1002D0008DF809002022B24650463946239704F093
:1002E000D5FD0822CDE9211004F0D0FDC0B28DF873
:1002F0000A002022B34658463946209704F0C6FD2E
:10030000C0B28DF80B00182230463946CDE91E7672
:1003100004F0BCFDC0B28DF80C0010223046394606
:10032000CDE91C7604F0B2FDC0B28DF80D000822B4
:1003300030463946CDE91A7604F0A8FDC0B28DF8F2
:100340000E00F0B28DF80F00202220462946CDE99C
:10035000185404F09BFD1822CDE9161004F096FD08
:10036000C0B28DF81000202220462946CDE9145451
:1003700004F08CFD1022CDE9121004F087FDC0B20C
:100380008DF8110020222046294600E06AE0CDE9E0
:10039000105404F07BFD0822CDE90E1004F076FD28
:1003A000C0B28DF81200202220462946CDE90C5417
:1003B00004F06CFDC0B28DF81300182220462946C7
:1003C000CDE90A5404F062FDC0B28DF81400102289
:1003D00020462946CDE9085404F058FDC0B28DF8F6
:1003E0001500082220462946CDE9065404F04EFDAA
:1003F000C0B28DF81600E0B28DF817000020019011
:100400000FE02A9800F5B8700199405C02AA515C8F
:1004100041402A9800F5B870019A81540198401C17
:10042000019001981028ECD32A9A02F5B8722A9903
:1004300001F5B8712A98FFF71BFC002001900DE030
:1004400001992B98415C2A9800F5B870019A805C5C
:1004500041402B9881540198401C01902C9901989F
:100460008842EDD30020FCE62DE9FE4F06460F46FC
:1004700014461D46DDE90EABDDE90C896FF06D0019
:10048000029000BF00BF00BF00BF00BF00BF00BFA1
:1004900000BF00BF00BF00BF00BF43462A46394629
:1004A0003046CDE9009AFFF73CFD029010B102986A
:1004B000BDE8FE8F5A4621463046109BFFF706FEE8
:1004C000029008B10298F3E73046DDE91121FFF709
:1004D000A1FE029008B10298EAE70020E8E72DE9C2
:1004E000FF4F8DB00E4617469846DDF868B0DDF830
:1004F0007CA0DDF874906FF06D000C9000BF00BF21
:1005000000BF00BF00BF00BF00BF00BF00BF00BFF3
:1005100000BF00BF08A91E98CDE904A90691039069
:100520001B983B4632460021CDE9008B02900D9886
:10053000FFF79AFF0C9018B10C9811B0BDE8F08F3E
:100540000025002406E01C98005D08A9095D4840CC
:100550000543641C4C45F6D335B131465046EBF7A4
:1005600025FB6FF01100E8E70020E6E710B5044630
:1005700004B910BD204600F071F84FF4C471204654
:10058000EBF714FB00BFF4E7F0B503460C461D463D
:1005900026460020002106E06F5C16F801C087EABD
:1005A0000C073843491C9142F6D3F0BDFE48006861
:1005B00060B9FE4AFE4902E012F8080B01C110784A
:1005C0000028F9D108600120F74B1860F8487047FF
:1005D0000246F64905E00878904201D14868704724
:1005E000083148680028F6D100BFF8E770B5054625
:1005F0000DB9002070BDED4C08E06168886829469F
:1006000005F072F908B96068F4E7083460680028FA
:10061000F3D100BFEEE710B503460C46E3490FE007
:10062000486880690078984209D148684068A042CB
:1006300005D148684078904201D1486810BD083122
:1006400048680028ECD100BFF8E710B5044600BFA9
:1006500000BF4021204605F0F5F810BD10B5044656
:1006600004B910BDE06B20B12268E06B926991691A
:10067000884740212046EBF799FA00BFF1E703468F
:1006800003B10AB9CB48704711600020FBE702466E
:1006900000BF00BF106818B110684078022801D070
:1006A000C4487047042904D10020D060C2481061BA
:1006B00002E0C0488030F4E700BF0020F1E770B5E9
:1006C00005460C4600BF00BF0CB9BA4870BD4021BA
:1006D000284605F0B7F8A16948698047E86310B972
:1006E000B4488038F2E72C6004212846FFF7CFFF9A
:1006F0000020EBE72DE9F04104460F4616461D4663
:1007000000BF00BF00BF00BF00BF00BF206810B91E
:10071000A848BDE8F0812068006910F0020F05D1FB
:1007200020684068B04201D0A248F2E766602572B6
:10073000012D0BD020684078032807D0206840782E
:10074000042803D020684078052807D1D4E9001296
:10075000E06B8969CB6839469847DAE73DB9D4E957
:100760000012E06B89690B6939469847D1E79148D7
:10077000CFE72DE9F04104460F46164600BF00BF03
:1007800000BF00BF206810B98A48BDE8F081102E74
:1007900002D988488030F8E72068006910F0010F1E
:1007A00001D0354605E02068C568B54201D98148C9
:1007B000EBE735B12A46394604F1280004F054FF2E
:1007C000A5630020E1E7014600BF00BF086808B943
:1007D000784870470020486200BFFAE77CB50446BD
:1007E0000D46164600BF00BF00BF00BF206808B915
:1007F00070487CBD2068407806280AD1CDE90056B3
:1008000094F9081004F12802D4E90E30FFF789FBAF
:10081000EFE70020EDE72DE9FC5F04468946154629
:100820009A460C9F6FF06D0B00BF00BF00BF00BF6A
:1008300000BF00BF00BF00BF206810B95D48BDE821
:10084000FC9F00203860204600F079FA06460EB979
:100850005A48F4E720684078012815D1B54201D004
:100860005748ECE73D6094F908102268E06B926904
:100870005346D2F804C04A46E0475FEA000B01D075
:100880005846DCE70020DAE720684078062807D1E0
:100890003D6053464A462946E06BFFF717FCCEE71A
:1008A000D14508D1606A20B9B5FBF6F006FB1050BF
:1008B00008B14048C3E720684078022872D14FF061
:1008C0000008207A28B9E06818B1606A301AA84296
:1008D0000ED2207A28B9E06818B9606A301AA842A6
:1008E00006D8207A012810D1606A301AA8420CD9A3
:1008F00004F11401626A50182A46494604F0B4FE15
:10090000606A28446062002099E7606A38B3606AD0
:10091000A6EB000804F11401626A501842464946E9
:1009200004F0A2FE04F11400CDE9000A94F90810C5
:100930002268E06B926904F12803D2F808C03246BD
:10094000E0475FEA000B01D0584678E7386830444A
:100950003860B24400206062C144A5EB0805CDB107
:10096000B5FBF6F006FB1058B8F1000F04D1207A61
:1009700010B9E06800B1B046A5EB080000EB090132
:10098000424604F1140004F06FFE606A4044606265
:10099000A5EB08052DB3CDE9009A94F9081022685B
:1009A000E06B0FE01FE00000A00300206CBD020020
:1009B000C45A0020009FFFFF7F060200809CFFFFBB
:1009C000809DFFFF926904F12803D2F808C02A46EF
:1009D000E0475FEA000B01D0584630E7386828440A
:1009E000386000202BE7DB4829E72DE9FC4104466D
:1009F0000D46164600BF00BF00BF00BF00BF00BFCE
:100A0000206818B9D3488038BDE8FC8100203060E8
:100A100020684078032813D02068407804280FD03D
:100A20002068407805280BD020684078062807D039
:100A300020684078092803D020684078072801D131
:100A40000020E1E720680078482803D0206800787B
:100A5000492801D10020D7E720684078012805D136
:100A6000606A08B1BC48CFE70020CDE72068407835
:100A7000022858D10027207A01281DD1E06828B922
:100A8000606A08B1B448BFE70020BDE700BF00BFFF
:100A900000BF00BF206808B9002005E0A06B08B1C6
:100AA000A06B01E02068C0688046414604F1140054
:100AB000E368626A98470DE0204600F040F9616AF9
:100AC000884207D0E06818B9606A08B900209BE73F
:100AD000A14899E7204600F032F9804604F114005D
:100AE000CDE9000594F908102268E06B926904F1E1
:100AF0002803D2F808C04246E047070001D0384634
:100B000082E7207A48B9204600F019F9804632463B
:100B1000414628462369984776E7204600F00FF9BA
:100B20003060002070E78B486EE770B504460D46D4
:100B3000164600BF00BF00BF00BF206810B985483F
:100B4000803870BD207A012802D082488038F8E7CA
:100B500020684078062805D132462946E06BFFF729
:100B600059FBEEE70020ECE72DE9FF4104460D4676
:100B700016466FF06D0700BF00BF00BF00BF2068C2
:100B800020B97448803804B0BDE8F081207A10B1F3
:100B900070488038F7E720684078062818D1102E72
:100BA00002D96C488038EEE732466946E06BFFF7C1
:100BB00031FB070001D03846E5E732466946284652
:100BC000FFF7E2FC10B164488038DCE70020DAE788
:100BD0000020D8E72DE9FC5F0746884691461D4670
:100BE000DDE90CA60E9C6FF06D0B00BF00BF00BFCF
:100BF00000BF00BF00BF00BF00BF00BF00BF4A462C
:100C000041463846FFF7B5FD5FEA000B02D0584673
:100C1000BDE8FC9F3846FFF7D6FD5FEA000B01D028
:100C20005846F5E733465246294638460094FFF7C2
:100C3000F2FD5FEA000B01D05846E9E72068811910
:100C400001AA3846FFF7D1FE5FEA000B01D05846F3
:100C5000DEE720680199084420600020D8E72DE9EC
:100C6000F04F87B004460D4616461F46DDE9128B4D
:100C7000DDE9109A00BF00BF00BF00BF00BF00BF8A
:100C800000BF00BF00BF00BF00BF00BF00BF00BF6C
:100C900020684078062811D11498C0F80080DDE95A
:100CA00015018DE8C00ECDE905102B464246012105
:100CB000E06BFFF7D9FB07B0BDE8F08F2548FAE7F6
:100CC0002DE9F04F87B004460D4616461F46DDE974
:100CD000128BDDF844A000BF00BF00BF00BF00BF03
:100CE00000BF00BF00BF00BF00BF00BF00BF00BF0C
:100CF00000BF2068407806281FD16FF06D09149856
:100D0000C0F80080DDE91501CDE904ABCDE90201B1
:100D10001098CDE9007033462A464146E06BFFF754
:100D2000DEFB814619F1120003D1DFF82C90A9F106
:100D30008009484607B0BDE8F08F0648FAE701464B
:100D400000BF00BF086808B9002070470868406904
:100D5000FBE70000809FFFFF809DFFFF2DE9F04330
:100D6000BBB00646884615461F46DDF808910EB111
:100D700005B117B93BB0BDE8F083B9F1400F00DD14
:100D8000F8E740212BA804F05DFD40211BA804F0EA
:100D900059FD4A4639462BA804F066FC4A463946B6
:100DA0001BA804F061FC00240CE02BA8005D80F07F
:100DB00036002BA908551BA8005D80F05C001BA91C
:100DC0000855641C402CF0DB01A800F040F901A894
:100DD00000F057F940222BA901A800F0EAFD424695
:100DE000314601A800F0E5FD17A901A800F01FFE9B
:100DF00001A800F02CF901A800F043F940221BA93A
:100E000001A800F0D6FD102217A901A800F0D1FD1D
:100E100017A901A800F00BFE00240FE017A9095D37
:100E2000081100F084FE05F8140017A9085D00F011
:100E30007EFE012101EB44016854641C102CEDDBA3
:100E400000BF97E72DE9F043BDB00646884615463A
:100E50001F46DDF810910EB105B117B93DB0BDE8E0
:100E6000F083B9F1400F00DDF8E7402116A804F047
:100E7000E9FC402106A804F0E5FC4A46394616A8DC
:100E800004F0F2FB4A46394606A804F0EDFB0024C4
:100E90000CE016A8005D80F0360016A9085506A8DB
:100EA000005D80F05C0006A90855641C402CF0DB56
:100EB00026A800F056FE26A800F06DFE402216A9D6
:100EC00026A802F00CFB4246314626A802F007FB9A
:100ED00001A926A802F041FB26A800F042FE26A8A0
:100EE00000F059FE402206A926A802F0F8FA1422C2
:100EF00001A926A802F0F3FA01A926A802F02DFB09
:100F000000240FE001A9095D081100F010FE05F8AA
:100F1000140001A9085D00F00AFE012101EB440163
:100F20006854641C142CEDDB00BF97E72DE9F843EF
:100F300005460F460026B04674E0FF2204216846AD
:100F400004F056FC002409E03A480068005DA95D01
:100F5000884201D18DF80040601CC4B2402CF3DB04
:100F600000240AE033480068015D701C285C81425F
:100F700001D18DF80140601CC4B2402CF2DB00248A
:100F80000AE02C480068015DB01C285C814201D158
:100F90008DF80240601CC4B2402CF2DB00240AE051
:100FA00024480068015DF01C285C814201D18DF865
:100FB0000340601CC4B2402CF2DB9DF800008000AE
:100FC00000F0FC009DF80110C1F3011108434146F7
:100FD00008F101087854B01C285C3D2800D124E0B9
:100FE0009DF80100000100F0F0009DF80210C1F32F
:100FF00083010843414608F101087854F01C285C3D
:101000003D2800D111E09DF80200800100F0F000C1
:101010009DF8031001F03F010843414608F1010823
:101020007854361DA85D002887D100BF4046BDE832
:10103000F8830000A403002010B5024602E000235C
:1010400002F8013B0B00A1F10101F8D110BD10B570
:1010500004465821204604F0F5FB10BD10B50446A7
:1010600004B910BD58212046FFF7E6FF00BFF8E79E
:1010700070B504460D4658222946204604F07BFBF5
:1010800070BD002101604160FE498160FE4AC2607E
:10109000CA430261FC4AD24342617047F0B590B046
:1010A00005460C462678677846EA0726A77846EA7A
:1010B0000746E77846EA076600962679677946EAA2
:1010C0000726A77946EA0746E77946EA07660196C2
:1010D000267A677A46EA0726A77A46EA0746E77A33
:1010E00046EA07660296267B677B46EA0726A77BC9
:1010F00046EA0746E77B46EA07660396267C677C56
:1011000046EA0726A77C46EA0746E77C46EA0766E2
:101110000496267D677D46EA0726A77D46EA0746B0
:10112000E77D46EA07660596267E677E46EA07263D
:10113000A77E46EA0746E77E46EA07660696267FCA
:10114000677F46EA0726A77F46EA0746E77F46EA23
:101150000766079694F8206094F8217046EA0726FF
:1011600094F8227046EA074694F8237046EA076628
:10117000089694F8246094F8257046EA072694F8B7
:10118000267046EA074694F8277046EA07660996ED
:1011900094F8286094F8297046EA072694F82A7093
:1011A00046EA074694F82B7046EA07660A9694F8D2
:1011B0002C6094F82D7046EA072694F82E7046EAC3
:1011C000074694F82F7046EA07660B9694F830604D
:1011D00094F8317046EA072694F8327046EA0746DA
:1011E00094F8337046EA07660C9694F8346094F8E5
:1011F000357046EA072694F8367046EA074694F8B2
:10120000377046EA07660D9694F8386094F839709E
:1012100046EA072694F83A7046EA074694F83B7087
:1012200046EA07660E9694F83C6094F83D7046EAEC
:10123000072694F83E7046EA074694F83F7046EA5F
:1012400007660F96A868E9682A696B6982EA03064F
:101250000E405E40009F3E448C4F3E443044C601E9
:1012600046EA5066701881EA020606405640019F21
:101270003E44874F3E4433441E0346EA1356331818
:1012800080EA01061E404E40029F3E44814F3E448C
:101290003244560446EAD236F21883EA0006164073
:1012A0004640039F3E447C4F3E4431448E0546EA0F
:1012B0009126B11882EA03060E405E40049F3E4428
:1012C000764F3E443044C60146EA5066701881EAC3
:1012D000020606405640059F3E44714F3E4433444B
:1012E0001E0346EA1356331880EA01061E404E409C
:1012F000069F3E446B4F3E443244560446EAD23683
:10130000F21883EA000616404640079F3E44664FA7
:101310003E4431448E0546EA9126B11882EA03061E
:101320000E405E40089F3E44604F3E443044C6013C
:1013300046EA5066701881EA020606405640099F48
:101340003E445B4F3E4433441E0346EA1356331873
:1013500080EA01061E404E400A9F3E44A6F5244600
:101360004F3E3244560446EAD236F21883EA00066B
:10137000164046400B9F3E444E4F3E4431448E053E
:1013800046EA9126B11882EA03060E405E400C9FA1
:101390003E44494F3E443044C60146EA5066701808
:1013A00081EA0206064056400D9F3E44434F3E44AC
:1013B00033441E0346EA1356331880EA01061E40E2
:1013C0004E400E9F3E443E4F3E443244560446EA51
:1013D000D236F21883EA0006164046400F9F3E447C
:1013E000384F3E4431448E0546EA9126B11881EAD1
:1013F00002061E405640019F3E44334F3E44304457
:10140000460146EAD066701880EA010616404E4052
:10141000069F3E442D4F3E4433445E0246EAD35677
:10142000331883EA00060E4046400B9F3E44284F87
:101430003E443244960346EA9246F21882EA030694
:1014400006405E40009F3E44224F3E4431440E051C
:1014500046EA1136B11881EA02061E405640059F41
:101460003E441D4F3E443044460146EAD066701863
:1014700080EA010616404E400A9F3E44174F3E4404
:1014800033442DE00123456789ABCDEF78A46AD7BB
:1014900056B7C7E8DB702024EECEBDC1AF0F7CF598
:1014A0002AC68747134630A8019546FDD89880691B
:1014B000AFF7448BBED75C892211906B937198FD76
:1014C0008E4379A62108B44962251EF640B340C078
:1014D000515A5E26AAC7B6E95D102FD653144402AE
:1014E0005E0246EAD356331883EA00060E404640B1
:1014F0000F9F3E44FE4F3E443244960346EA9246D6
:10150000F21882EA030606405E40049F3E44F94F0B
:101510003E4431440E0546EA1136B11881EA02060E
:101520001E405640099F3E44F34F3E44304446011E
:1015300046EAD066701880EA010616404E400E9FBB
:101540003E44EE4F3E4433445E0246EAD3563318DF
:1015500083EA00060E404640039F3E44E84F3E4467
:101560003244960346EA9246F21882EA030606409F
:101570005E40089F3E44E34F3E4431440E0546EA38
:101580001136B11881EA02061E4056400D9F3E44B6
:10159000DD4F3E443044460146EAD066701880EA8A
:1015A000010616404E40029F3E44D84F3E4433440D
:1015B0005E0246EAD356331883EA00060E404640E0
:1015C000079F3E44D24F3E443244960346EA924639
:1015D000F21882EA030606405E400C9F3E44CD4F5F
:1015E0003E4431440E0546EA1136B11881EA02063E
:1015F0005E40059F3E44C84F3E443044060146EAE3
:101600001076701880EA01065640089F3E44C34F8A
:101610003E443344DE0246EA5356331883EA00065A
:101620004E400B9F3E44BE4F3E443244160446EAB1
:101630001246F21882EA030646400E9F3E44B94F16
:101640003E443144CE0546EA5126B11881EA0206ED
:101650005E40019F3E44B44F3E443044060146EA9A
:101660001076701880EA01065640049F3E44AF4F42
:101670003E443344DE0246EA5356331883EA0006FA
:101680004E40079F3E44AA4F3E443244160446EA69
:101690001246F21882EA030646400A9F3E44A54FCE
:1016A0003E443144CE0546EA5126B11881EA02068D
:1016B0005E400D9F3E44A04F3E443044060146EA42
:1016C0001076701880EA01065640009F3E449B4FFA
:1016D0003E443344DE0246EA5356331883EA00069A
:1016E0004E40039F3E44964F3E443244160446EA21
:1016F0001246F21882EA03064640069F3E44914F86
:101700003E443144CE0546EA5126B11881EA02062C
:101710005E40099F3E448C4F3E443044060146EAF9
:101720001076701880EA010656400C9F3E44874FA1
:101730003E443344DE0246EA5356331883EA000639
:101740004E400F9F3E44824F3E443244160446EAC8
:101750001246F21882EA03064640029F3E447D4F3D
:101760003E443144CE0546EA5126B11861EA0306EB
:101770005640009F3E44784F3E443044860146EA3E
:101780009066701860EA02064E40079F3E44734F11
:101790003E4433449E0246EA9356331863EA0106F8
:1017A00046400E9F3E446E4F3E443244D60346EAC6
:1017B0005246F21862EA00065E40059F3E44694FB9
:1017C0003E4431444E0546EAD126B11861EA03068B
:1017D00056400C9F3E44644F3E443044860146EAE6
:1017E0009066701860EA02064E40039F3E445F4FC9
:1017F0003E4433449E0246EA9356331863EA010698
:1018000046400A9F3E445A4F3E443244D60346EA7D
:101810005246F21862EA00065E40019F3E44554F70
:101820003E4431444E0546EAD126B11861EA03062A
:101830005640089F3E44504F3E443044860146EA9D
:101840009066701860EA02064E400F9F3E444B4F70
:101850003E4433449E0246EA9356331863EA010637
:101860004640069F3E44464F3E443244D60346EA35
:101870005246F21862EA00065E400D9F3E44414F18
:101880003E4431444E0546EAD126B11861EA0306CA
:101890005640049F3E443C4F3E443044860146EA55
:1018A0009066701860EA02064E400B9F3E44374F28
:1018B0003E4433449E0246EA9356331863EA0106D7
:1018C0004640029F3E44324F3E443244D60346EAED
:1018D0005246F21862EA00065E40099F3E442D4FD0
:1018E0003E4431444E0546EAD126B118AE6853E075
:1018F00081E6A1D8C8FBD3E7E6CDE121D60737C3FF
:10190000870DD5F4ED145A4505E9E3A9F8A3EFFCDA
:10191000D9026F678A4C2A8D4239FAFF81F67187A6
:1019200022619D6D0C38E5FD44EABEA4A9CFDE4BD3
:10193000604BBBF670BCBFBEC67E9B28FA27A1EAEF
:101940008530EFD4051D880439D0D4D9E599DBE67C
:10195000F87CA21F6556ACC4442229F497FF2A43A1
:10196000A72394AB39A093FCC3595B6592CC0C8F31
:101970007DF4EFFFD15D84854F7EA86FE0E62CFEFD
:10198000144301A3A111084E827E53F735F23ABDEC
:10199000BBD2D72A91D386EB0644AE60EE687718A7
:1019A000EF602E69B7182F616E69F7186F6110B07C
:1019B000F0BD2DE9F0410446884615460DB9BDE855
:1019C000F081206800F03F07C7F1400620682844F6
:1019D0002060206820602068A84202D26068401C15
:1019E000606087B1B5420ED304F11801C8193246C0
:1019F000414603F039FE04F118012046FFF74EFB83
:101A0000B044AD1B002706E041462046FFF746FBE9
:101A100008F14008403D402DF6D235B104F11801DF
:101A2000C8192A46414603F01FFE00BFC7E72DE94B
:101A3000FC4704460D462068400F616840EAC10635
:101A40002068C700F8B28DF80000380A8DF8010050
:101A5000380C8DF80200380E8DF80300F0B28DF8C6
:101A60000400300A8DF80500300C8DF80600300EA9
:101A70008DF80700206800F03F08B8F1380F02D257
:101A8000C8F1380001E0C8F1780081464A462E4985
:101A90002046FFF78EFF082269462046FFF789FFA0
:101AA000A0682870A068000A6870A068000CA87080
:101AB000A068000EE870E0682871E068000A6871AC
:101AC000E068000CA871E068000EE87120692872D7
:101AD0002069000A68722069000CA8722069000E53
:101AE000E872606928736069000A68736069000CB5
:101AF000A8736069000EE873BDE8FC8770B596B006
:101B000004460D4616466846FFF7A1FA6846FFF7F9
:101B1000B8FA2A4621466846FFF74BFF3146684629
:101B2000FFF785FF6846FFF799FA16B070BD0146CA
:101B300001F00F010A2902DA01F1300001E001F1A0
:101B4000570040B27047000040BE020010B5024688
:101B500002E0002302F8013B0B00A1F10101F8D1E2
:101B600010BD10B504465C21204603F06BFE10BD8D
:101B700010B5044604B910BD5C212046FFF7E6FF0E
:101B800000BFF8E770B504460D465C2229462046A2
:101B900003F0F1FD70BD002101604160FE498160EC
:101BA000FE4AC260CA430261FC4AD2434261FC4A17
:101BB000826170472DE9F04390B007460E4696F8D3
:101BC00000C04FEA0C6C96F801804CEA084C96F87D
:101BD00002804CEA082C96F803804CEA080CCDF8F9
:101BE00000C096F804C04FEA0C6C96F805804CEAE9
:101BF000084C96F806804CEA082C96F807804CEAC8
:101C0000080CCDF804C096F808C04FEA0C6C96F8A2
:101C100009804CEA084C96F80A804CEA082C96F8A1
:101C20000B804CEA080CCDF808C096F80CC04FEABF
:101C30000C6C96F80D804CEA084C96F80E804CEA35
:101C4000082C96F80F804CEA080CCDF80CC096F8DA
:101C500010C04FEA0C6C96F811804CEA084C96F8CC
:101C600012804CEA082C96F813804CEA080CCDF848
:101C700010C096F814C04FEA0C6C96F815804CEA28
:101C8000084C96F816804CEA082C96F817804CEA17
:101C9000080CCDF814C096F818C04FEA0C6C96F8F2
:101CA00019804CEA084C96F81A804CEA082C96F8F1
:101CB0001B804CEA080CCDF818C096F81CC04FEAFF
:101CC0000C6C96F81D804CEA084C96F81E804CEA85
:101CD000082C96F81F804CEA080CCDF81CC096F82A
:101CE00020C04FEA0C6C96F821804CEA084C96F81C
:101CF00022804CEA082C96F823804CEA080CCDF898
:101D000020C096F824C04FEA0C6C96F825804CEA67
:101D1000084C96F826804CEA082C96F827804CEA66
:101D2000080CCDF824C096F828C04FEA0C6C96F841
:101D300029804CEA084C96F82A804CEA082C96F840
:101D40002B804CEA080CCDF828C096F82CC04FEA3E
:101D50000C6C96F82D804CEA084C96F82E804CEAD4
:101D6000082C96F82F804CEA080CCDF82CC096F879
:101D700030C04FEA0C6C96F831804CEA084C96F86B
:101D800032804CEA082C96F833804CEA080CCDF8E7
:101D900030C096F834C04FEA0C6C96F835804CEAA7
:101DA000084C96F836804CEA082C96F837804CEAB6
:101DB000080CCDF834C096F838C04FEA0C6C96F891
:101DC00039804CEA084C96F83A804CEA082C96F890
:101DD0003B804CEA080CCDF838C096F83CC04FEA7E
:101DE0000C6C96F83D804CEA084C96F83E804CEA24
:101DF000082C96F83F804CEA080CCDF83CC0B86837
:101E0000F9683A697B69BC694FEA401C4CEAD068C2
:101E100082EA030C0CEA010C8CEA030CC444DFF8E0
:101E20008481C444DDF80080C44464444FEA817C6A
:101E30004CEA91014FEA441C4CEAD46881EA020C56
:101E40000CEA000C8CEA020CC444DFF85881C4444C
:101E5000DDF80480C44463444FEA807C4CEA90007F
:101E60004FEA431C4CEAD36880EA010C0CEA040CEC
:101E70008CEA010CC444DFF82C81C444DDF80880EE
:101E8000C44462444FEA847C4CEA94044FEA421C06
:101E90004CEAD26884EA000C0CEA030C8CEA000CD1
:101EA000C444DFF80081C444DDF80C80C4446144BC
:101EB0004FEA837C4CEA93034FEA411C4CEAD16819
:101EC00083EA040C0CEA020C8CEA040CC444DFF82C
:101ED000D480C444DDF81080C44460444FEA827C5E
:101EE0004CEA92024FEA401C4CEAD06882EA030CAA
:101EF0000CEA010C8CEA030CC444DFF8A880C4444B
:101F0000DDF81480C44464444FEA817C4CEA9101BA
:101F10004FEA441C4CEAD46881EA020C0CEA000C3B
:101F20008CEA020CC444DFF87C80C444DDF81880DD
:101F3000C44463444FEA807C4CEA90004FEA431C5F
:101F40004CEAD36880EA010C0CEA040C8CEA010C20
:101F5000C444DFF85080C444DDF81C80C4446244AB
:101F60004FEA847C4CEA94044FEA421C4CEAD26863
:101F700084EA000C0CEA030C8CEA000CC444DFF881
:101F80002480C444DDF82080C44461444FEA837C4B
:101F90004CEA930308E000000123456789ABCDEFCD
:101FA000F0E1D2C39979825A4FEA411C4CEAD168D8
:101FB00083EA040C0CEA020C8CEA040CC444DFF83B
:101FC000F88FC444DDF82480C44460444FEA827C26
:101FD0004CEA92024FEA401C4CEAD06882EA030CB9
:101FE0000CEA010C8CEA030CC444DFF8CC8FC44427
:101FF000DDF82880C44464444FEA817C4CEA9101B6
:102000004FEA441C4CEAD46881EA020C0CEA000C4A
:102010008CEA020CC444DFF8A08FC444DDF82C80A5
:10202000C44463444FEA807C4CEA90004FEA431C6E
:102030004CEAD36880EA010C0CEA040C8CEA010C2F
:10204000C444DFF8748FC444DDF83080C444624473
:102050004FEA847C4CEA94044FEA421C4CEAD26872
:1020600084EA000C0CEA030C8CEA000CC444DFF890
:10207000488FC444DDF83480C44461444FEA837C13
:102080004CEA93034FEA411C4CEAD16883EA040C02
:102090000CEA020C8CEA040CC444DFF81C8FC44424
:1020A000DDF83880C44460444FEA827C4CEA9202F6
:1020B0004FEA401C4CEAD06882EA030C0CEA010C9F
:1020C0008CEA030CC444DFF8F08EC444DDF83C8095
:1020D000C44464444FEA817C4CEA9101DDF834C089
:1020E000DDF820808CEA080CDDF808808CEA080C0A
:1020F000DDF800808CEA08054FEA450C4CEAD578FB
:102100004FEA441C4CEAD46981EA020C0CEA000C48
:102110008CEA020CCC44DFF8A09ECC44C444634457
:10212000CDF800804FEA807C4CEA9000DDF838C0A2
:10213000DDF824808CEA080CDDF80C808CEA080CB1
:10214000DDF804808CEA08054FEA450C4CEAD578A6
:102150004FEA431C4CEAD36980EA010C0CEA040CF8
:102160008CEA010CCC44DFF8509ECC44C444624459
:10217000CDF804804FEA847C4CEA9404DDF83CC03E
:10218000DDF828808CEA080CDDF810808CEA080C59
:10219000DDF808808CEA08054FEA450C4CEAD57852
:1021A0004FEA421C4CEAD26984EA000C0CEA030CA8
:1021B0008CEA000CCC44DFF8009ECC44C44461445B
:1021C000CDF808804FEA837C4CEA9303DDF800C029
:1021D000DDF82C808CEA080CDDF814808CEA080C01
:1021E000DDF80C808CEA08054FEA450C4CEAD578FE
:1021F0004FEA411C4CEAD16983EA040C0CEA020C58
:102200008CEA040CCC44DFF8B09DCC44C444604458
:10221000CDF80C804FEA827C4CEA9202DDF804C0D3
:10222000DDF830808CEA080CDDF818808CEA080CA8
:10223000DDF810808CEA08054FEA450C4CEAD578A9
:102240004FEA401C4CEAD06981EA020C8CEA030C8C
:10225000CC44DFF8689DCC44C4446444CDF810807D
:102260004FEA817C4CEA9101DDF808C0DDF834804A
:102270008CEA080CDDF81C808CEA080CDDF8148070
:102280008CEA08054FEA450C4CEAD5784FEA441C25
:102290004CEAD46980EA010C8CEA020CCC44DFF8E9
:1022A0001C9DCC44C4446344CDF814804FEA807C28
:1022B0004CEA9000DDF80CC0DDF838808CEA080CA0
:1022C000DDF820808CEA080CDDF818808CEA08051F
:1022D0004FEA450C4CEAD5784FEA431C4CEAD369E7
:1022E00084EA000C8CEA010CCC44DFF8D09CCC448E
:1022F000C4446244CDF818804FEA847C4CEA9404CC
:10230000DDF810C0DDF83C808CEA080CDDF8248094
:102310008CEA080CDDF81C808CEA08054FEA450CB5
:102320004CEAD5784FEA421C4CEAD26983EA040CA5
:102330008CEA000CCC44DFF8849CCC44C444614457
:10234000CDF81C804FEA837C4CEA9303DDF814C07F
:10235000DDF800808CEA080CDDF828808CEA080C97
:10236000DDF820808CEA08054FEA450C4CEAD57868
:102370004FEA411C4CEAD16982EA030C8CEA040C56
:10238000CC44DFF8389CCC44C4446044CDF8208071
:102390004FEA827C4CEA9202DDF818C0DDF8048036
:1023A0008CEA080CDDF82C808CEA080CDDF824801F
:1023B0008CEA08054FEA450C4CEAD5784FEA401CF8
:1023C0004CEAD06981EA020C8CEA030CCC44DFF8B9
:1023D000EC9BCC44C4446444CDF824804FEA817C17
:1023E0004CEA9101DDF81CC0DDF808808CEA080C8D
:1023F000DDF830808CEA080CDDF828808CEA0805CE
:102400004FEA450C4CEAD5784FEA441C4CEAD469B3
:1024100080EA010C8CEA020CCC44DFF8A09BCC448F
:10242000C4446344CDF828804FEA807C4CEA900095
:10243000DDF820C0DDF80C808CEA080CDDF8348073
:102440008CEA080CDDF82C808CEA08054FEA450C74
:102450004CEAD5784FEA431C4CEAD36984EA000C75
:102460008CEA010CCC44DFF8549BCC44C444624455
:10247000CDF82C804FEA847C4CEA9404DDF824C02B
:10248000DDF810808CEA080CDDF838808CEA080C46
:10249000DDF830808CEA08054FEA450C4CEAD57827
:1024A0004FEA421C4CEAD26983EA040C8CEA000C25
:1024B000CC44DFF8089BCC44C4446144CDF8308060
:1024C0004FEA837C4CEA9303DDF828C0DDF81480E2
:1024D0008CEA080CDDF83C808CEA080CDDF83480CE
:1024E0008CEA08054FEA450C4CEAD5784FEA411CC6
:1024F0004CEAD16982EA030C8CEA040CCC44DFF884
:10250000BC9ACC44C4446044CDF834804FEA827C09
:102510004CEA9202DDF82CC0DDF818808CEA080C39
:10252000DDF800808CEA080CDDF838808CEA0805BC
:102530004FEA450C4CEAD5784FEA401C4CEAD0698A
:1025400081EA020C8CEA030CCC44DFF8709ACC448C
:10255000C4446444CDF838804FEA817C4CEA910150
:10256000DDF830C0DDF81C808CEA080CDDF8048052
:102570008CEA080CDDF83C808CEA08054FEA450C33
:102580004CEAD5784FEA441C4CEAD46980EA010C45
:102590008CEA020CCC44DFF8249ACC44C444634453
:1025A000CDF83C804FEA807C4CEA9000DDF834C0E6
:1025B000DDF820808CEA080CDDF808808CEA080C35
:1025C000DDF800808CEA08054FEA450C4CEAD57826
:1025D0004FEA431C4CEAD36984EA000C8CEA010CF4
:1025E000CC44DFF8D899CC44C4446244CDF8008090
:1025F0004FEA847C4CEA9404DDF838C0DDF824808E
:102600008CEA080CDDF80C808CEA080CDDF80480FC
:102610008CEA08054FEA450C4CEAD5784FEA421C93
:102620004CEAD26983EA040C8CEA000CCC44DFF853
:102630008C99CC44C4446144CDF804804FEA837C37
:102640004CEA9303DDF83CC0DDF828808CEA080CE6
:10265000DDF810808CEA080CDDF808808CEA0805AB
:102660004FEA450C4CEAD5784FEA411C4CEAD16957
:1026700082EA030C8CEA040CCC44DFF84099CC4489
:10268000C4446044CDF808804FEA827C4CEA920250
:10269000DDF800C0DDF82C808CEA080CDDF8148031
:1026A0008CEA080CDDF80C808CEA08054FEA450C32
:1026B0004CEAD5784FEA401C4CEAD06981EA020C1A
:1026C0008CEA030CCC44DFF8F498CC44C444644452
:1026D000CDF80C804FEA817C4CEA9101DDF804C012
:1026E000DDF830808CEA080CDDF818808CEA080CE4
:1026F000DDF810808CEA08054FEA450C4CEAD578E5
:102700004FEA441C4CEAD46980EA010C8CEA020CC2
:10271000CC44DFF8A898CC44C4446344CDF810807E
:102720004FEA807C4CEA9000DDF808C0DDF8348088
:102730008CEA080CDDF81C808CEA080CDDF81480AB
:102740008CEA08054FEA450C4CEAD5784FEA431C61
:102750004CEAD36984EA000C8CEA010CCC44DFF823
:102760005C98CC44C4446244CDF814804FEA847C25
:102770004CEA9404DDF80CC0DDF838808CEA080CD3
:10278000DDF820808CEA080CDDF818808CEA08055A
:102790004FEA450C4CEAD5784FEA421C4CEAD26924
:1027A00083EA040C8CEA000CCC44DFF81098CC448B
:1027B000C4446144CDF818804FEA837C4CEA93030B
:1027C000DDF810C0DDF83C808CEA080CDDF82480D0
:1027D0008CEA080CDDF81C808CEA08054FEA450CF1
:1027E0004CEAD5784FEA411C4CEAD16982EA030CE5
:1027F0008CEA040CCC44DFF8C497CC44C444604455
:10280000CDF81C804FEA827C4CEA92024FEA401CD1
:102810004CEAD06901EA020C41EA020808EA03081E
:102820004CEA080CCC44DFF89887E044DDF814C08B
:10283000DDF800908CEA090CDDF828908CEA090C90
:10284000DDF820908CEA09054FEA450C4CEAD57C6E
:10285000CDF820C0C44464444FEA817C4CEA910125
:102860004FEA441C4CEAD46900EA010C40EA010832
:1028700008EA02084CEA080CCC44DFF84487E0443C
:10288000DDF818C0DDF804908CEA090CDDF82C9016
:102890008CEA090CDDF824908CEA09054FEA450C16
:1028A0004CEAD57CCDF824C0C44463444FEA807C14
:1028B0004CEA90004FEA431C4CEAD36904EA000C4E
:1028C00044EA000808EA01084CEA080CCC44DFF8A6
:1028D000F086E044DDF81CC0DDF808908CEA090CB5
:1028E000DDF830908CEA090CDDF828908CEA0905B7
:1028F0004FEA450C4CEAD57CCDF828C0C44462446C
:102900004FEA847C4CEA94044FEA421C4CEAD269B8
:1029100003EA040C43EA040808EA00084CEA080C3D
:10292000CC44DFF89C86E044DDF820C0DDF80C9054
:102930008CEA090CDDF834908CEA090CDDF82C9057
:102940008CEA09054FEA450C4CEAD57CCDF82CC041
:10295000C44461444FEA837C4CEA93034FEA411C30
:102960004CEAD16902EA030C42EA030808EA0408C7
:102970004CEA080CCC44DFF84886E044DDF824C07B
:10298000DDF810908CEA090CDDF838908CEA090C1F
:10299000DDF830908CEA09054FEA450C4CEAD57C0D
:1029A000CDF830C0C44460444FEA827C4CEA9202C5
:1029B0004FEA401C4CEAD06901EA020C41EA0208E5
:1029C00008EA03084CEA080CCC44DFF8F485E0443C
:1029D000DDF828C0DDF814908CEA090CDDF83C9095
:1029E0008CEA090CDDF834908CEA09054FEA450CB5
:1029F0004CEAD57CCDF834C0C44464444FEA817CB1
:102A00004CEA91014FEA441C4CEAD46900EA010CFB
:102A100040EA010808EA02084CEA080CCC44DFF856
:102A2000A085E044DDF82CC0DDF818908CEA090C94
:102A3000DDF800908CEA090CDDF838908CEA090585
:102A40004FEA450C4CEAD57CCDF838C0C444634409
:102A50004FEA807C4CEA90004FEA431C4CEAD36971
:102A600004EA000C44EA000808EA01084CEA080CF1
:102A7000CC44DFF84C85E044DDF830C0DDF81C9034
:102A80008CEA090CDDF804908CEA090CDDF83C9026
:102A90008CEA09054FEA450C4CEAD57CCDF83CC0E0
:102AA000C44462444FEA847C4CEA94044FEA421CDA
:102AB0004CEAD26903EA040C43EA040808EA000875
:102AC0004CEA080CCC44DFF8F884E044DDF834C06C
:102AD000DDF820908CEA090CDDF808908CEA090CEE
:102AE000DDF800908CEA09054FEA450C4CEAD57CEC
:102AF000CDF800C0C44461444FEA837C4CEA9303A0
:102B00004FEA411C4CEAD16902EA030C42EA03088D
:102B100008EA04084CEA080CCC44DFF8A484E0443A
:102B2000DDF838C0DDF824908CEA090CDDF80C9053
:102B30008CEA090CDDF804908CEA09054FEA450C93
:102B40004CEAD57CCDF804C0C44460444FEA827C92
:102B50004CEA92024FEA401C4CEAD06901EA020CAE
:102B600041EA020808EA03084CEA080CCC44DFF802
:102B70005084E044DDF83CC0DDF828908CEA090C74
:102B8000DDF810908CEA090CDDF808908CEA090554
:102B90004FEA450C4CEAD57CCDF808C0C4446444E7
:102BA0004FEA817C4CEA91014FEA441C4CEAD4691B
:102BB00000EA010C40EA010808EA02084CEA080CA5
:102BC000CC44DFF8FC83E044DDF800C0DDF82C9055
:102BD0008CEA090CDDF814908CEA090CDDF80C90F5
:102BE0008CEA09054FEA450C4CEAD57CCDF80CC0BF
:102BF000C44463444FEA807C4CEA90004FEA431C93
:102C00004CEAD36904EA000C44EA000808EA010827
:102C10004CEA080CCC44DFF8A883E044DDF804C09B
:102C2000DDF830908CEA090CDDF818908CEA090C7C
:102C3000DDF810908CEA09054FEA450C4CEAD57C8A
:102C4000CDF810C0C44462444FEA847C4CEA94043A
:102C50004FEA421C4CEAD26903EA040C43EA040836
:102C600008EA00084CEA080CCC44DFF85483E0443E
:102C7000DDF808C0DDF834908CEA090CDDF81C9012
:102C80008CEA090CDDF814908CEA09054FEA450C32
:102C90004CEAD57CCDF814C0C44461444FEA837C2F
:102CA0004CEA93034FEA411C4CEAD16902EA030C57
:102CB00042EA030808EA04084CEA080CCC44DFF8AE
:102CC0000083E044DDF80CC0DDF838908CEA090C94
:102CD000DDF820908CEA090CDDF818908CEA0905E3
:102CE0004FEA450C4CEAD57CCDF818C0C44460448A
:102CF0004FEA827C4CEA92024FEA401C4CEAD069CF
:102D000001EA020C41EA020808EA03084CEA080C4E
:102D1000CC44DFF8AC82E044DDF810C0DDF83C9034
:102D20008CEA090CDDF824908CEA090CDDF81C9083
:102D30008CEA09054FEA450C4CEAD57CCDF81CC05D
:102D4000C44464444FEA817C4CEA91014FEA441C3C
:102D50004CEAD46900EA010C40EA010808EA0208DA
:102D60004CEA080CCC44DFF85882E044DDF814C08B
:102D7000DDF800908CEA090CDDF828908CEA090C4B
:102D8000DDF820908CEA09054FEA450C4CEAD57C29
:102D9000CDF820C0C44463444FEA807C4CEA9000E4
:102DA0004FEA431C4CEAD36904EA000C44EA0008E9
:102DB00008EA01084CEA080CCC44DFF80482E0443D
:102DC000DDF818C0DDF804908CEA090CDDF82C90D1
:102DD0008CEA090CDDF824908CEA09054FEA450CD1
:102DE0004CEAD57CCDF824C0C44462444FEA847CCC
:102DF0004CEA94044FEA421C4CEAD26903EA040C00
:102E000043EA040808EA00084CEA080CCC44DFF85E
:102E1000B081E044DDF81CC0DDF808908CEA090CB4
:102E2000DDF830908CEA090CDDF828908CEA090571
:102E30004FEA450C4CEAD57CCDF828C0C444614427
:102E40004FEA837C4CEA93034FEA411C4CEAD16978
:102E500002EA030C42EA030808EA04084CEA080CF8
:102E6000CC44DFF85C81E044DDF820C0DDF80C9054
:102E70008CEA090CDDF834908CEA090CDDF82C9012
:102E80008CEA09054FEA450C4CEAD57CCDF82CC0FC
:102E9000C44460444FEA827C4CEA9202DDF824C0CC
:102EA000DDF810808CEA080CDDF838808CEA080C1C
:102EB000DDF830808CEA08054FEA450C4CEAD578FD
:102EC0004FEA401C4CEAD06981EA020C8CEA030C00
:102ED000CC44DFF8F090CC44C4446444CDF8308056
:102EE0004FEA817C4CEA9101DDF828C0DDF81480BE
:102EF0008CEA080CDDF83C808CEA080CDDF83480A4
:102F00008CEA08054FEA450C4CEAD5784FEA441C98
:102F10004CEAD46980EA010C8CEA020CCC44DFF85C
:102F2000A490CC44C4446344CDF834804FEA807C00
:102F30004CEA9000DDF82CC0DDF818808CEA080C13
:102F4000DDF800808CEA080CDDF838808CEA080592
:102F50004FEA450C4CEAD5784FEA431C4CEAD3695A
:102F600084EA000C8CEA010CCC44DFF85890CC4485
:102F7000C4446244CDF838804FEA847C4CEA94041F
:102F8000DDF830C0DDF81C808CEA080CDDF8048028
:102F90008CEA080CDDF83C808CEA08054FEA450C09
:102FA0004CEAD5784FEA421C4CEAD26983EA040C19
:102FB0008CEA000CCC4407E09979825AA1EBD96ED7
:102FC000DCBC1B8FD6C162CADFF8A496CC44C444D3
:102FD0006144CDF83C804FEA837C4CEA9303DDF8F2
:102FE00034C0DDF820808CEA080CDDF808808CEA1B
:102FF000080CDDF800808CEA08054FEA450C4CEA25
:10300000D5784FEA411C4CEAD16982EA030C8CEA7C
:10301000040CCC44DFF85896CC44C4446044CDF84A
:1030200000804FEA827C4CEA9202DDF838C0DDF87D
:1030300024808CEA080CDDF80C808CEA080CDDF8A2
:1030400004808CEA08054FEA450C4CEAD5784FEA33
:10305000401C4CEAD06981EA020C8CEA030CCC4497
:10306000DFF80C96CC44C4446444CDF804804FEAA5
:10307000817C4CEA9101DDF83CC0DDF828808CEAC7
:10308000080CDDF810808CEA080CDDF808808CEA6A
:1030900008054FEA450C4CEAD5784FEA441C4CEA47
:1030A000D46980EA010C8CEA020CCC44DFF8C095AC
:1030B000CC44C4446344CDF808804FEA807C4CEA99
:1030C0009000DDF800C0DDF82C808CEA080CDDF8FB
:1030D00014808CEA080CDDF80C808CEA08054FEAB5
:1030E000450C4CEAD5784FEA431C4CEAD36984EA94
:1030F000000C8CEA010CCC44DFF87495CC44C44439
:103100006244CDF80C804FEA847C4CEA9404DDF8EC
:1031100004C0DDF830808CEA080CDDF818808CEAF9
:10312000080CDDF810808CEA08054FEA450C4CEAE3
:10313000D5784FEA421C4CEAD26983EA040C8CEA47
:10314000000CCC44DFF82895CC44C4446144CDF84D
:1031500010804FEA837C4CEA9303DDF808C0DDF869
:1031600034808CEA080CDDF81C808CEA080CDDF851
:1031700014808CEA08054FEA450C4CEAD5784FEAF2
:10318000411C4CEAD16982EA030C8CEA040CCC4461
:10319000DFF8DC94CC44C4446044CDF814804FEA9A
:1031A000827C4CEA9202DDF80CC0DDF838808CEAB3
:1031B000080CDDF820808CEA080CDDF818808CEA19
:1031C00008054FEA450C4CEAD5784FEA401C4CEA1A
:1031D000D06981EA020C8CEA030CCC44DFF89094AD
:1031E000CC44C4446444CDF818804FEA817C4CEA56
:1031F0009101DDF810C0DDF83C808CEA080CDDF8A8
:1032000024808CEA080CDDF81C808CEA08054FEA63
:10321000450C4CEAD5784FEA441C4CEAD46980EA64
:10322000010C8CEA020CCC44DFF84494CC44C44436
:103230006344CDF81C804FEA807C4CEA9000DDF8B6
:1032400014C0DDF800808CEA080CDDF828808CEAD8
:10325000080CDDF820808CEA08054FEA450C4CEAA2
:10326000D5784FEA431C4CEAD36984EA000C8CEA17
:10327000010CCC44DFF8F893CC44C4446244CDF84C
:1032800020804FEA847C4CEA9404DDF818C0DDF815
:1032900004808CEA080CDDF82C808CEA080CDDF840
:1032A00024808CEA08054FEA450C4CEAD5784FEAB1
:1032B000421C4CEAD26983EA040C8CEA000CCC4430
:1032C000DFF8AC93CC44C4446144CDF824804FEA89
:1032D000837C4CEA9303DDF81CC0DDF808808CEA9F
:1032E000080CDDF830808CEA080CDDF828808CEAC8
:1032F00008054FEA450C4CEAD5784FEA411C4CEAE8
:10330000D16982EA030C8CEA040CCC44DFF86093A8
:10331000CC44C4446044CDF828804FEA827C4CEA17
:103320009202DDF820C0DDF80C808CEA080CDDF894
:1033300034808CEA080CDDF82C808CEA08054FEA12
:10334000450C4CEAD5784FEA401C4CEAD06981EA3A
:10335000020C8CEA030CCC44DFF81493CC44C44434
:103360006444CDF82C804FEA817C4CEA9101DDF871
:1033700024C0DDF810808CEA080CDDF838808CEA77
:10338000080CDDF830808CEA08054FEA450C4CEA61
:10339000D5784FEA441C4CEAD46980EA010C8CEAE7
:1033A000020CCC44DFF8C892CC44C4446344CDF84A
:1033B00030804FEA807C4CEA9000DDF828C0DDF8D0
:1033C00014808CEA080CDDF83C808CEA080CDDF8EF
:1033D00034808CEA08054FEA450C4CEAD5784FEA70
:1033E000431C4CEAD36984EA000C8CEA010CCC44FF
:1033F000DFF87C92CC44C4446244CDF834804FEA78
:10340000847C4CEA9404DDF82CC0DDF818808CEA4A
:10341000080CDDF800808CEA080CDDF838808CEAB6
:1034200008054FEA450C4CEAD5784FEA421C4CEAB5
:10343000D26983EA040C8CEA000CCC44DFF83092A9
:10344000CC44C4446144CDF838804FEA837C4CEAD4
:103450009303DDF830C0DDF81C808CEA080CDDF841
:1034600004808CEA080CDDF83C808CEA08054FEA01
:10347000450C4CEAD5784FEA411C4CEAD16982EA06
:10348000030C8CEA040CCC44DFF8E491CC44C44433
:103490006044CDF83C804FEA827C4CEA9202D7F837
:1034A00008C08444C7F808C0D7F80CC00CEB01086A
:1034B000C7F80C80D7F810C00CEB0208C7F81080D2
:1034C000D7F814C00CEB0308C7F81480D7F818C05D
:1034D0000CEB0408C7F8188010B0BDE8F0832DE9A4
:1034E000F0410446884615460DB9BDE8F0812068D4
:1034F00000F03F07C7F1400620682844206020689C
:1035000020602068A84202D26068401C606087B1D9
:10351000B5420ED304F11C01C8193246414602F0EF
:10352000A3F804F11C012046FEF744FBB044AD1B98
:10353000002706E041462046FEF73CFB08F1400824
:10354000403D402DF6D235B104F11C01C8192A4680
:10355000414602F089F800BFC7E72DE9FC47044661
:103560000D462068400F616840EAC1062068C70028
:10357000300E8DF80000300C8DF80100300A8DF807
:103580000200F0B28DF80300380E8DF80400380CFC
:103590008DF80500380A8DF80600F8B28DF807009E
:1035A000206800F03F08B8F1380F02D2C8F13800A7
:1035B00001E0C8F1780081464A462E492046FFF7CF
:1035C0008EFF082269462046FFF789FFA068000E9B
:1035D0002870A068000C6870A068000AA870A06835
:1035E000E870E068000E2871E068000C6871E0681F
:1035F000000AA871E068E8712069000E287220694D
:10360000000C68722069000AA8722069E87260697B
:10361000000E28736069000C68736069000AA87363
:103620006069E873A069000E2874A069000C6874D2
:10363000A069000AA874A069E874BDE8FC8770B5A9
:1036400098B004460D46164601A8FEF78AFA01A86E
:10365000FEF7A1FA2A46214601A8FFF740FF3146AE
:1036600001A8FFF77AFF01A8FEF782FA18B070BD33
:10367000D6C162CA80BE020010B54FF40071FE4888
:1036800002F0BEF80C22FDA1FB485D3002F001F90A
:1036900043F23540F849A1F8410010BD10B5E4F7F8
:1036A00017FD0120E1F7EAFB0120E1F703FA10BD65
:1036B00000B5ADF2044D4FF4806101A802F0C2F8EC
:1036C000F248F3A2F449436801A801F01DFC01A9E6
:1036D000F2A0E4F7D9FD0DF2044D00BD10B50024B1
:1036E000E4F7FFFBF448007860B900210846E4F7EE
:1036F000DAFA0446002C17D02146F0A001F0F8FBBE
:10370000012010BD642242F2B321F4A001F015FAA9
:1037100004464CB1642242F2B321F0A001F00DFA4C
:1037200004460CB10120ECE7E4F732FC08B10220BA
:10373000E7E7E4F79EFC04460CB10320E1E7002034
:10374000DFE710B5ADF5806D4FF48061684602F09B
:1037500079F803240AE02000A4F10101CCB205D1DC
:10376000DFF783FF17200DF5806D10BDFFF7B6FF63
:103770000028F0D1C04A5D32E1A1684601F0C4FBE7
:103780006946EDA0E4F780FDFFF792FFFFF786FFA3
:103790000020E8E710B5ADF5007D4FF4FF71B648A5
:1037A000DEF75CFC04462012B34981F8FE010846AE
:1037B00080F8FF416A464FF40071DEF779FC4FF460
:1037C000007200216846DFF7FAFA0DF5007D10BDA2
:1037D00000B5ADF5017DE2F73EFFE2F71AFF18B143
:1037E0000020B549087002E00120B3490870FFF7D6
:1037F00043FFFFF7CFFF00209F4981F840000846B4
:1038000090F840008DF8040001AA4FF40071CF48F1
:10381000DDF7C3FAFFF795FF18B101200DF5017D23
:1038200000BD0020FAE79948406880B2704710B5A3
:10383000ADF5007D6A464FF40071C548DDF795FA95
:1038400092489DE81E001EC010380068C149884299
:1038500012D08E480021016041608160C160BD4886
:103860008A4908600B460FCB8DE80F006A464FF47B
:103870000071B748DDF791FA0DF5007D10BD30B548
:10388000ADF5017D05460C4680488068A84226D0EB
:103890007E48007B28B17D48406820447B494860D1
:1038A00001E07A48446079488560012077490873CF
:1038B00001AA4102A648DDF758FA744B0FCBCDE9B7
:1038C0000323CDE9010101AA4FF40071A048DDF7FF
:1038D00064FAFFF7EDFE1D200DF5017D30BD1E20C1
:1038E000FAE770B5142400251420DDF7FFFD012050
:1038F000E2F78AF905460BE00120E2F785F9054673
:10390000601EC4B20CB9062070BD0A20DDF7EEFDC2
:10391000002DF1D01120F7E72DE9F04FADF2CC4D9D
:103920004FF4806133A801F08DFFC82101A801F098
:1039300089FF89A101A801F0E7FA33AB01AA0221AE
:103940008EA0E4F787FC052804D00C200DF2CC4DA6
:10395000BDE8F08F33AE33A801F010FE00EB06098E
:1039600000E0761C4E4502D230787B28F9D14E45D6
:1039700001D30520EAE73046E6F7A2FA8046B8F11F
:10398000000F01D10520E1E782A14046E6F7A0FE45
:10399000074627B94046E5F78BFC0520D6E7D7E96F
:1039A0000621104605F05AF804460D464FF47A7287
:1039B00000232046294601F0DFF98246DEF737F87A
:1039C0004046E5F775FC0020C0E72DE9F04FADF269
:1039D000DC4D4FF4806137A801F034FFC82105A801
:1039E00001F030FF244A5D3245A105A801F08CFAB0
:1039F00037AB05AA002150A0E4F72CFC052804D021
:103A00000C200DF2DC4DBDE8F08F37AE37A801F089
:103A1000B5FD871900E0761CBE4202D230787B28C3
:103A2000F9D1BE4201D30520EBE73046E6F748FA6C
:103A30008146B9F1000F01D10520E2E758A14846BF
:103A4000E6F746FE824659A14846E6F741FE049055
:103A500058A14846E6F73CFE039058A14846E6F7D1
:103A600037FE029057A14846E6F732FE019057A173
:103A70004846E6F72DFEABE07E04002030303030C3
:103A8000303030303030303000000000805D0020B9
:103A900056315F3100000000C0BE02002474686926
:103AA0006E672F75702F70726F70657274792F2525
:103AB000732F25730000000066000020C1ACBDD349
:103AC000B7FECEF1C6F7CAA7B0DC2C20B4EDCEF31A
:103AD000B1E0BAC53A2025640D0A0000696F74632D
:103AE0006C6F75642D6D7174742E677A2E74656EAB
:103AF00063656E74646576696365732E636F6D00CC
:103B00007B2274797065223A20227265706F72741C
:103B10005F76657273696F6E222C227265706F72A8
:103B200074223A7B2276657273696F6E223A202284
:103B30002573227D7D000000246F74612F726570F3
:103B40006F72742F25732F25730000000002070089
:103B500000FE0200464546457B2274797065223A94
:103B60002022676574222C227265736F75726365FB
:103B7000223A5B2274696D65225D7D00247379733E
:103B80002F6F7065726174696F6E2F25732F2573A7
:103B9000000000006E747074696D653200000000F2
:103BA00066696C655F73697A6500000066775F74AB
:103BB000797065006D643573756D00007461736BA9
:103BC0005F696400747970650000000075726C00B4
:103BD0008346F8A14846E6F77BFD8046BAF1000F20
:103BE00005D0BBF1000F02D0B8F1000F04D1484658
:103BF000E5F75EFB052004E7F049DAF814000860F9
:103C0000039840220169ED48001D01F042FE0D229B
:103C1000EB48D8F8101001F03CFEDBF810402046CD
:103C200001F0ACFC071900E0641CBC4205D220780E
:103C30002F28F9D160782F28F6D1BC4204D348460A
:103C4000E5F736FB0420DCE6A41C2546284601F0F7
:103C500095FC2C46071900E06D1CBD4202D2287865
:103C60002F28F9D1BD4204D34846E5F721FB0420B3
:103C7000C7E62A1B2146D148443001F00AFE002144
:103C80002A1BCE48443081542946403001F052FC72
:103C9000CB4801F073FC0246C9490090C94801F0C5
:103CA000F8FD4846E5F704FB0020AAE62DE9F04FB1
:103CB000ADF2044D4FF4806101A801F0C3FD01ABEA
:103CC000C1A20321C8A0E4F7C5FA052804D00C203E
:103CD0000DF2044DBDE8F08F01AC01A801F04EFCDF
:103CE00000EB040B00E0641C5C4502D220787B28CA
:103CF000F9D15C4501D30520EAE72046E6F7E0F874
:103D000007460FB90520E3E7BDA13846E6F7E0FC1A
:103D10008046B8F1000F04D13846E5F7C9FA05200E
:103D2000D6E7A4A14046E6F7D3FC054625B93846B8
:103D3000E5F7BEFA0520CBE7B3A14046E6F7C8FC9D
:103D40008146B9F1000F04D13846E5F7B1FA0520F4
:103D5000BEE7AFA14846E6F7BBFC8246BAF1000FCA
:103D600004D13846E5F7A4FA0520B1E7AAA15046E8
:103D7000E6F7AEFC064626B93846E5F799FA05207F
:103D8000A6E771696869FFF77AFD1D2804D03846F7
:103D9000E5F78EFA1E209BE73846E5F789FA1D20E5
:103DA00096E72DE9F04FADF61C2D0E2400270020DC
:103DB000CDF8180ACDF8140A4FF00509834680465D
:103DC0004FF4FA6AE0F7B5FCE4F78BF89548007811
:103DD00088B940F2BB1179484430E3F764FF0446E8
:103DE000CCB12146AFF22C3001F082F801200DF663
:103DF0001C2DBDE8F08F642240F2BB116F484430A7
:103E000000F09BFE044634B12146AFF2503001F081
:103E10006FF80120EBE7E4F7BBF808B10220E6E712
:103E20006848503890F8400028B16648503890F8FB
:103E30004000022802D14FF4007001E04FF40070FE
:103E400003905E48006840F60201B0FBF1F087B2D3
:103E50005A480068B0FBF1F201FB120008B1781C6F
:103E600087B271480068B84202D16F48406820B9F3
:103E70006D48076000206C4948603CE14FF005093F
:103E80000E246948406800EB802045006648416880
:103E90000068401E814202D005F6010602E0474854
:103EA0000068461E00BF40F6042104A801F0CAFCC9
:103EB000424B443303F140025CA104A8CDE9005613
:103EC00001F022F804A801F059FB0146019004A872
:103ED000E3F7F5FF5348007828B9FFF702FD0628FD
:103EE00024D106240EE14FF0960A5D48DEF792F9E0
:103EF00002900EE00A20DDF7F9FA711B0298814268
:103F000003D20A20DDF7F2FA0AE05548DEF782F91B
:103F100002905FEA0A00AAF101011FFA81FAE9D1D1
:103F200000BFBAF1000F01D10624EBE040F60421F6
:103F300004A801F087FC40F6022104A8E3F7C8FFBB
:103F400048A104A801F0B8FA00282FD04DA104A878
:103F500001F0B2FA0DF614231A1D4EA1019001F0E2
:103F6000BDF9022823D1DDF8180AA84203D1DDF8F3
:103F7000140AB04201D00624C4E04EA104A801F006
:103F80009BFA00F104084FF400614046DEF766F842
:103F90008346701B18F80010701B401E18F80000B4
:103FA00001EB0020584503D00724ABE09CE09DE0E6
:103FB00084E0000076657273696F6E00EC5A002031
:103FC000705D0020CE0400207B2274797065223A57
:103FD00022676574222C22636C69656E74546F6B62
:103FE000656E223A317D000024736861646F772F1B
:103FF0006F7065726174696F6E2F25732F25730062
:104000007061796C6F6164007374617465000000A5
:104010006465736972656400534A595F434F554E36
:104020005400000066000020A803002047455420EB
:10403000257320485454502F312E310D0A484F53C8
:10404000543A2025730D0A52616E67653A206279F1
:104050007465733D25642D25640D0A0D0A0000006A
:1040600080060020485454502F312E3120323036F3
:10407000205061727469616C20436F6E74656E7458
:104080000D0A0000436F6E74656E742D52616E6789
:1040900065000000436F6E74656E742D52616E672B
:1040A000653A2062797465732025642D25642F2577
:1040B0002A6400000D0A0D0A00000000701B401E5B
:1040C00082B227484068039B03EBC0214046DEF7DD
:1040D00076FE08B1082415E0214A5268511C204A96
:1040E0001068E0F753FB01E006240BE01C48406831
:1040F000401C1B4948601A484068194909688842B1
:10410000FFF4BCAE00BF062C02D0072C18D10DE086
:10411000E3F739FE04460CB91224C4E6052C01D19C
:10412000062402E0012C00D10A2409E05FEA09001C
:10413000A9F1010101F0FF0901D00724B3E600BF96
:1041400000BF0848007810B90120E0F797FE0E2C58
:1041500004D10F240020024908604860204646E64A
:10416000A8030020660000202DE9F04FADF20C4DB1
:104170000120E0F7DEFAF94890F8400020B1F74856
:1041800090F84000022802D14FF4007001E04FF493
:10419000007081464FF40072494683A8DEF797FB12
:1041A00003AA4FF4007183A8DDF7CDFF4FF4FF7130
:1041B00003A8DDF753FF04469DF80B029DF80A1291
:1041C00000EB0121A14204D015200DF20C4DBDE8F9
:1041D000F08F01210320E0F7D9FA9DF827000006AF
:1041E0009DF8261000EB01409DF8251000EB012002
:1041F0009DF82410084400EB090A9DF82B000006E6
:104200009DF82A1000EB01409DF8291000EB0120D9
:104210009DF828100844484402909DF85700000675
:104220009DF8561000EB01409DF8451000EB012071
:104230009DF84410084400EB090B9DF84B00000664
:104240009DF84A1000EB01409DF8491000EB012059
:104250009DF848100844484401900298A0EB0A06D3
:104260000198A0EB0B07F005C00D06D0C6F30800BF
:10427000C0F500703044009000E0009600984FEACE
:1042800050280024002547E00AEB45214FF4007236
:1042900083A8DEF71CFB03AA4FF4007183A8DDF7A7
:1042A00052FFA8F10100A8422DD1F005C00D18D091
:1042B000C6F30800821E03A9E04380B2DDF7E3FEE7
:1042C0000446C6F30800401E03A9095CC6F30800B3
:1042D000801E03AA105C01EB0020A0421BD0152019
:1042E00073E74FF4FF7203A9E04380B2DDF7CBFE22
:1042F00004469DF80B029DF80A1200EB0120A04233
:1043000009D0152061E74FF4007203A9E04380B2A1
:10431000DDF7B9FE04466D1C4545B5D302210320E7
:10432000E0F734FAF805C00D06D0C7F30800C0F571
:1043300000703844009000E0009700984FEA502841
:104340000024002547E00BEB45214FF4007283A8C1
:10435000DEF7BDFA03AA4FF4007183A8DDF7F3FE80
:10436000A8F10100A8422DD1F805C00D18D0C7F35F
:104370000800821E03A9E04380B2DDF784FE0446F4
:10438000C7F30800401E03A9095CC7F30800801E9C
:1043900003AA105C01EB0020A0421BD0152014E7FB
:1043A0004FF4FF7203A9E04380B2DDF76CFE0446D0
:1043B0009DF80B029DF80A1200EB0120A04209D0E3
:1043C000152002E74FF4007203A9E04380B2DDF745
:1043D0005AFE04466D1C4545B5D34FF4007249465C
:1043E00083A8DEF774FA03AA4FF4007183A8DDF7FF
:1043F000AAFE4FF4FF7103A8DDF730FE04469DF8D6
:104400000B029DF80A1200EB0120A04201D01520FA
:10441000DBE60C225149503101F10D0001F039FA6F
:10442000FFF78FF938B10C224DA14C485D3001F0F7
:1044300030FA1720C9E6402203A9484801F014F9D0
:104440004648C0F818A045490298C86101F120000B
:10445000C0F818B020310198C861404890F8400079
:1044600020B13E4890F84000022801D1012000E030
:1044700002203A4981F84000FFF78CF903210846F1
:10448000E0F784F91620A0E610B50446606810F045
:104490007F4F1CD1206836490840B0F1005F16D12B
:1044A000012080F3108800BF6068324908602068EE
:1044B000DBF7D2FE2F4800688047DCF7BAFF2EA05A
:1044C000DCF7AFFF002080F3108800BF00BF10BDF5
:1044D0002DE9F043ADF2044D0220E0F72AF91F4820
:1044E00090F8400020B919200DF2044DBDE8F0838A
:1044F0001A488769D0F81C90A9EB0705E805C00D9C
:1045000006D0C5F30800C0F5007000EB050800E018
:10451000A8464FEA5826002461E007EB44214FF4F7
:10452000007281A8DEF7D3F901AA4FF4007181A8C7
:10453000DDF709FE701EA04240D1E805C00D31D064
:10454000C5F30802911E4FF4403202EB442001AA49
:10455000DCF723FC08B11B20C6E73BE07E0400200B
:10456000303030303030303030303030000000000B
:104570000000FE2FB003002044433234283132368D
:104580002C3132342C27506C65617365206368656B
:10459000636B206E6574776F726B272C31293B0D2E
:1045A0000A0000004FF4403101EB442001AA4FF40F
:1045B000FF71DCF7F2FB68B11B2095E74FF4403147
:1045C00001EB442001AA4FF40071DCF7E6FB08B1CF
:1045D0001B2089E7611C3046E0F7D8F8641CB44220
:1045E0009BD34FF44030FFF74FFF1A207CE70000C9
:1045F00010B5F84A2421F848DCF7B7FBF54A243215
:104600002421F5483030DCF7B0FB10BDF348006BD7
:1046100020F44010F1490863F148006840F08060E0
:10462000EF490860704710B5FFF7F0FFEC48C0682D
:1046300040F08060EA49C8603220DCF757FFE84864
:10464000806840F08060E649886040F2DC50DCF72A
:104650004DFF10BD2DE9F041ADF5106D06460D463C
:1046600000274FF4006140A801F0ECF800BF32468B
:10467000DCA1684600F048FC8046B8F1000F04DD7C
:10468000424669460120DCF79DFA00BF16E00A2089
:10469000DCF72CFFD548DDF7BDFD0446002C0DDD11
:1046A00040A8C1192246D148DDF7DFFD381987B28D
:1046B000CFA140A800F000FF00B104E02800A5F160
:1046C00001010DB2E3D100BF002D04DC01200DF586
:1046D000106DBDE8F0810020F9E72DE9F043B3B09B
:1046E000064601ADC3A70FF218380FF21839B948C2
:1046F0000078FF2804D0B74890F82400FF2803D1A1
:10470000012033B0BDE8F0830020B24981F82100D8
:104710000021B04880F845103C4603E014F8010B36
:1047200005F8010B20780028F8D1AA4C03E014F812
:10473000010B05F8010B20780028F8D1444603E06E
:1047400014F8010B05F8010B20780028F8D1A14CD2
:10475000243403E014F8010B05F8010B207800283D
:10476000F8D14C4603E014F8010B05F8010B207852
:104770000028F8D12870314601A8FFF76BFF08B177
:104780000220BEE70020BCE72DE9F04782460E4636
:104790009DA1504600F090FE07469DA1504600F0B6
:1047A0008BFE80464921304601F02AF817B1B8F156
:1047B000000F02D10120BDE8F0877F1D08F1090834
:1047C0003C46454607E0641C20780D2803D16078FC
:1047D0000A2800D102E020780028F4D100BFE01BB5
:1047E00000F0FF09B9F1200F01DD0220E3E74A469E
:1047F0003946304600F038FF07E06D1C28780D2858
:1048000003D168780A2800D102E028780028F4D182
:1048100000BFA5EB080000F0FF09B9F1200F01DD92
:104820000320C8E74A46414606F1240000F01CFF79
:10483000324624216848DCF764FA06F12402242178
:1048400065483030DCF75DFA0020B4E770B5ADF5AF
:10485000007D44F2506500260A2170A0FFF7FAFEA1
:1048600018B101200DF5007D70BD32216CA0FFF75D
:10487000F1FE08B10220F5E70A216BA0FFF7EAFE7E
:1048800008B10320EEE732216AA0FFF7E3FE08B18A
:104890000420E7E740F2DC50FFF71FFF08B90020D3
:1048A000E0E7322167A0FFF7D5FE08B10620D9E77F
:1048B0004FF40071684600F0C5FF2DE0681E85B218
:1048C0000A20DCF713FE4948DDF7A4FC0446002C5F
:1048D00021DD0DEB060122464448DDF7C6FC301908
:1048E00086B25DA1684600F0E7FD00B914E05FA163
:1048F000684600F0E1FD70B1322160A0FFF7AAFE2A
:1049000008B10520AEE733496846FFF73DFF08B11F
:104910000620A7E702E000BF002DCFD100BF002D89
:1049200001DC06209EE700209CE72DE9F043ADF571
:10493000417D06460F4615464FF000084FF40071C2
:1049400041A800F07FFF00BF3B4632464FA101A8BF
:1049500000F0DAFA8146B9F1000F04DD4A4601A9F8
:104960000120DCF72FF900BF2AE06420DCF7BEFD50
:104970001E48DDF74FFC0446002C21DD41A800EB6A
:10498000080122461948DDF770FC08EB04001FFA05
:1049900080F845A141A800F08FFD00B115E044A1C9
:1049A00041A800F089FD20B101200DF5417DBDE851
:1049B000F08341A141A800F07FFD08B10220F4E797
:1049C0002800A5F101010DB2CFD100BF002D7EDC82
:1049D0000320EAE7B403002010300200000006487C
:1049E00000000A4825730D0A000000008006002020
:1049F0004F4B000041542B43574A41503D22000089
:104A0000222C220022000000737369643A00000027
:104A100070617373776F72643A0000004154000054
:104A2000415445300000000041542B43574D4F4442
:104A3000453D310041542B43574155544F434F4E50
:104A40004E3D300041542B43575354415254534D23
:104A50004152543D32000000536D6172742067650D
:104A600074207769666920696E666F00636F6E6E89
:104A700065637465642077696669000041542B435F
:104A80005753544F50534D415254000041542B43FF
:104A9000495053544152543D22544350222C222514
:104AA00073222C25640D0A00434F4E4E454354009B
:104AB000434C4F5345440000414C5245414459201A
:104AC000434F4E4E4543544544000000FFE7052147
:104AD00058A0FFF7BFFD08B1042066E76420DCF7AB
:104AE00005FD002061E730B5C1B0052418E000BF26
:104AF00053A101A800F008FA0546002D04DD2A465E
:104B000001A90120DCF75EF800BF4FF47A70DCF7F2
:104B1000EDFC3221AFF2FC00FFF79CFD00B904E090
:104B20002000A4F101010CB2E1D100BF002C02DC95
:104B3000012041B030BD0020FBE72DE9F0410546E2
:104B40000E4617463F48C06840F080603D49C86047
:104B50003220DCF7CBFC3B48806840F0806039496C
:104B6000886040F2DC50DCF7C1FC4FF4205236493B
:104B70003648DDF735FB364890F8480050B9FFF766
:104B800065FE20B90120324981F848002AE00B2057
:104B9000BDE8F0810A21AFF27C10FFF75BFD08B1A0
:104BA0000120F5E73221AFF28810FFF753FD08B17D
:104BB0000220EDE70A21AFF29010FFF74BFD08B19C
:104BC0000320E5E73221AFF29410FFF743FD08B16F
:104BD0000420DDE740F6B830FFF77FFD08B105207F
:104BE000D6E700BF32211BA0FFF734FD08B1062035
:104BF000CEE7322120A0FFF72DFD08B10720C7E73F
:104C0000322121A0FFF726FD08B10820C0E732219C
:104C100021A0FFF71FFD08B10920B9E73A46314648
:104C20002846FFF782FE04460CB10A20B0E70020B8
:104C3000AEE7000041542B43495053454E44000019
:104C40002B2B2B0000000A48900600208006002035
:104C5000B403002041542B434950534E5450434613
:104C6000473D312C382C226E7470312E616C69797D
:104C7000756E2E636F6D220041542B434950534E85
:104C8000545054494D453F0041542B4349504D4FDA
:104C900044453D310000000041542B4349504D55DF
:104CA000583D300070B5A0FB0140B4F1805170F167
:104CB000000024BF002070BD204600F007F805006A
:104CC0001CBF214600F09CFD284670BD70B506460D
:104CD00000F056FE056806F10B0020F00704B44210
:104CE0009CBF002070BD2B466A68BAB11068A04214
:104CF00010D304F1080188423CBF5068586007D3C4
:104D00005168101941601168091B016058601460F6
:104D1000101D70BD13465268002AE7D1214628466F
:104D200000F036FE0028DED170BD70B50446051FC8
:104D300000F026FE0068002C14BF446870BD002CF3
:104D400018BFA54284BF20466468F8D801680A18D5
:104D5000AA4218BF456003D12A6805461144016084
:104D600028684119A1421CBF6C6070BD6168696010
:104D700021680844286070BD53EA020C00F0698085
:104D80002DE9F04B4FF00006002B1FBFB3FA83F55F
:104D900003FA05F424FA05F65E4012BF1643B2FA90
:104DA00082F502FA05F4C5F120051EBF22FA05FCC2
:104DB00044EA0C04203556EA044C4FEA144418BF68
:104DC000641C4FF000084FF00009904271EB030C97
:104DD00039D3002919BFB1FA81F701FA07F6B0FA01
:104DE00080F700FA07F6C7F120071EBF20FA07FC7C
:104DF00046EA0C062037B6FBF4FCA7EB0507103F8C
:104E000007F01F0BCBF120060CFA0BFB2CFA06F671
:104E100044BFB3460026202FA4BF5E464FF0000BD0
:104E20005BEA060C08BF4FF0010B19EB0B09ABFB5B
:104E3000027C48EB0608C01B06FB02CC0BFB03CC34
:104E400071EB0C01C1E70B46024641464846BDE8FE
:104E5000F08B13B54FF000004FF00001AFF300806E
:104E6000BDE81C407047B2F120030AD5C2F120030F
:104E700001FA02F120FA03F300FA02F041EA030119
:104E8000704700FA03F14FF000007047B2F12003C1
:104E90000AD5C2F1200320FA02F001FA03F321FA45
:104EA00002F140EA0300704721FA03F04FF00001DD
:104EB000704710B5044600F05BFD0068005DC00659
:104EC00002D504F1200010BD204610BD1CB50C46D3
:104ED000064B7B4469460090204601F032F80446B8
:104EE0000020694601F040F820461CBD93100000E8
:104EF0000FB4044910B503AA029801F059F810BC88
:104F00005DF814FB540000200FB41CB5084B06AA32
:104F10007B4469460090059801F013F80446002090
:104F2000694601F021F820461CBC5DF814FB000026
:104F3000551000000FB47CB50C0009AA009001D0F8
:104F40002044401E084B7B4469460190089800F0BD
:104F5000F8FF05461CB10020694601F005F8284617
:104F60007CBC5DF814FB00002910000070B50446FD
:104F700085690068C10601D5302600E02026C007FB
:104F800008D070BDD4E9012130469047206A00F175
:104F9000010020626D1EF5D570BD70B504468569AF
:104FA0000068C00708D170BDD4E9012120209047D6
:104FB000206A00F1010020626D1EF5D570BD70B54C
:104FC00005460C46012A05D02868800600D5EA6906
:104FD000002302E0012305E05B1C934202D2E05C67
:104FE0000028F9D1A869E618C01AA861286A1844EF
:104FF00028622846FFF7BAFF04E0D5E9012114F83A
:10500000010B9047B442F8D32846FFF7C6FF70BDA6
:105010002DE9F0410746002510687529394616A488
:1050200011D000F00AFD002803DAC0F1000013A43B
:1050300007E039688A0701D511A402E0490704D5C1
:1050400010A4012501E000F001FD00210A2307F171
:10505000240607E0B0FBF3F203FB1200303070547B
:105060001046491C0028F5D12B4622463846BDE89B
:10507000F04100F0F4BC0000000000002D00000032
:105080002B0000002000000011680268006A530530
:1050900001D508700BE0D30501D5088007E01306A1
:1050A00003D5C217C1E9000201E0520608600120E1
:1050B00070470000F0B40F460168090502D5234C83
:1050C0007C4402E0214C7C440E34002100F1240594
:1050D0000BE002F00F064FEA1212A65D42EA0372DD
:1050E0004FEA13136E5401F1010152EA0306F0D1A5
:1050F000224604680023240704D5702F05D009B187
:1051000011320223F0BC00F0AABC10320123F9E7EF
:1051100070B504460D462146106800F097FC024623
:1051200029462046BDE870400023C3E7D21D22F087
:105130000703D3E90023BDE70368126843F02003A7
:1051400003600823C3610023B4E700005F6E000022
:105150002DE9F05F044689464FF0000ADFF878B188
:10516000FB44C0F820A02046E1688847002875D09D
:10517000252806D0D4E901219047206A401C2062EE
:10518000F1E700265F462046E1688847202805466B
:1051900008DB312D06D207EB050010F8200C08B112
:1051A0000643F0E7B00701D526F00406C4F81CA0BA
:1051B0000027C4F818A02A2D09D0284602F036F896
:1051C00038B304EB8708303DC8F8185019E059F897
:1051D000041B204604EB87029161E1688847012F98
:1051E000054618D1E069002820DA26F020061DE0E7
:1051F000D8F8180000EB800005EB40003038C8F804
:1052000018002046E1688847054602F00FF800289C
:10521000EED1012F0AD02E2D08D12046E168884713
:105220007F1C0546022F46F02006C4DBA06900283B
:1052300003DA404246F00106A061F00701D026F0F3
:1052400010066C2D0BD0682D09D04C2D39D06A2D4D
:1052500035D0742D35D07A2D33D016E038E0E168A2
:105260002F4620468847B842054609D16C2F26D0E4
:105270004FF48060E168064320468847054604E015
:105280006C2F1AD04FF4807006430DB3A5F1410086
:10529000192802D8203546F400664A462946204699
:1052A00026604E46DAF766FF80B101280BD0F61D66
:1052B00026F0070000F1080955E74020E4E78020C8
:1052C000D8E70020D6E706F104094CE7284651E765
:1052D000206ABDE8F09F0000E76D00000FB400B544
:1052E0008DB010A9099000910B904FF0FF300A90FB
:1052F00000200C90064878440690064878446A4698
:1053000007900F9909A800F04FFF0DB05DF814FB4E
:10531000D30E0000EB0E00002DE9FF5F1D464FF09D
:10532000FF3B91464FF000085F46D5E90146A96969
:1053300001987F1C8847296A824688470028F6D151
:105340001AF101000CD0002E24F4C06419DD6006AF
:1053500014D5BAF12B0F09D0BAF12D0F0ED103E0FD
:10536000584604B0BDE8F09F44F48064A9690198F0
:105370007F1C8847761E8246002E02DDBAF1300F70
:1053800003D0B9F1000F26D032E0A969761E01984A
:105390007F1C44F400748847002E824605DDBAF174
:1053A000780F06D0BAF1580F03D0B9F1000F10D022
:1053B0001EE0B9F1000F02D0B9F1100F18D1A969A0
:1053C000761E01987F1C24F40074884782461020C2
:1053D00002E0082000E00A20814609E0A96908FBF4
:1053E0000908761E01987F1C44F4007488478246A1
:1053F000002E05DD4946504600F0C2FE0028EDDAD9
:10540000E96901988847A00502D46FF00100A8E778
:10541000E00727D1600614D5600502D5C8F1000069
:1054200000E04046296801F104022A60096822056B
:1054300001D5087016E0220701D5088012E0086047
:1054400010E0286800F1040129600068210502D5F8
:1054500080F8008006E0210702D5A0F8008001E076
:10546000C0F8008038467CE70B4910B5A1F17C02FA
:105470000A4BC2E93712372106E000EB104442F82C
:105480002140074C00FB04300C1EA1F10101F4DCAB
:1054900010BD0120E8E700000C5E0020E119D6668F
:1054A000CD0D0100401ECAB210F8011F8A4202D081
:1054B0000029F9D10020704730B505460B462A4631
:1054C00013F8014B12F8010B08B1A042F8D01CB13F
:1054D000002802D06D1CF1E7284630BD40EA0103E8
:1054E00010B59B070FD1042A0DD310C808C9121F8D
:1054F0009C42F8D020BA19BA884201D9012010BDC7
:105500004FF0FF3010BD1AB1D30703D0521C07E093
:10551000002010BD10F8013B11F8014B1B1B07D1F7
:1055200010F8013B11F8014B1B1B01D1921EF1D168
:10553000184610BD40EA0103024630B59B0710D162
:105540004FF0013400E008C208C91D1B9D4315EA55
:10555000C41FF8D013F0FF0102F8011B0DD01B0A85
:10556000F8E711F8013B002B02F8013B05D011F8D8
:10557000013B002B02F8013BF3D130BD10B5431CB9
:1055800002E010F8011B71B18107FAD14FF001322E
:1055900002C88C1A8C4314EAC211F9D0C01A0A0648
:1055A00003D0C01E10BDC01A10BD0A0401D0801E59
:1055B00010BD0902FCD0401E10BD40EA010370B5C9
:1055C0009B072ED14FF00136042A2AD308C810C9F0
:1055D000121F9D1B9D4315EAC61517D0D8B2E1B224
:1055E000401A50EA056110D198B2A1B2401A50EAAF
:1055F00005410AD123F07F4024F07F41401A50EA50
:10560000052102D1180EA0EB146070BDA342DBD0BF
:1056100018BA21BA884201D9012070BD4FF0FF307D
:1056200070BD0AB9002070BD10F8013B11F8014BA4
:1056300063B1A3420AD1521E08D010F8013B11F801
:10564000014B1BB1A34201D1521EEDD1181B70BDFD
:10565000421E12F8013F002BFBD111F8013B002B39
:1056600002F8013BF9D17047032A40F2308010F074
:10567000030C00F0158011F8013BBCF1020F6244ED
:1056800098BF11F801CB00F8013B38BF11F8013B7E
:10569000A2F1040298BF00F801CB38BF00F8013B2B
:1056A00011F0030300F06780083AC0F0088051F859
:1056B000043B083A51F804CBA0E80810F5E7121DA6
:1056C0005CBF51F8043B40F8043BAFF30080D207C5
:1056D00024BF11F8013B11F801CB48BF11F8012B91
:1056E00024BF00F8013B00F801CB48BF00F8012BB4
:1056F0007047431A28BF9A427FF6B6AF032A104478
:10570000114440F2268010F0030F1EBF11F8013D36
:10571000521E00F8013D10F0030F7FF4F6AF11F0B8
:10572000030300F08685083AC0F00B8051F8043D71
:10573000083A51F804CD40F8043D40F804CDFFF795
:10574000F3BF121D5CBF51F8043D40F8043DAFF3B8
:105750000080D20724BF11F8013D11F801CD48BFE8
:1057600011F8012C24BF00F8013D00F801CD48BF1D
:1057700000F8012C704710B5203AC0F00B80B1E85A
:105780001850203AA0E81850B1E81850A0E8185076
:10579000BFF4F5AF5FEA027C24BFB1E81850A0E87F
:1057A000185044BF18C918C0BDE810405FEA827C99
:1057B00024BF51F8043B40F8043B08BF7047D207B0
:1057C00028BF31F8023B48BF11F8012B28BF20F851
:1057D000023B48BF00F8012B704701F0FF03114660
:1057E00001B543EA032242EA024200F00BF801BD90
:1057F00002F0FF0343EA032242EA024200F002B849
:105800004FF000020429C0F0128010F0030C00F0E9
:105810001B80CCF1040CBCF1020F18BF00F8012B67
:10582000A8BF20F8022BA1EB0C0100F00DB85FEA35
:10583000C17C24BF00F8012B00F8012B48BF00F801
:10584000012B70474FF0000200B513469446964670
:10585000203922BFA0E80C50A0E80C50B1F1200183
:10586000BFF4F7AF090728BFA0E80C5048BF0CC031
:105870005DF804EB890028BF40F8042B08BF70478F
:1058800048BF20F8022B11F0804F18BF00F8012B01
:10589000704710B5044610F0030F08BF11F0030F56
:1058A00040F015804FF0013E121FC0F20E8051F8FB
:1058B000043BA3EB0E0C2CEA030C1CEACE1C08BF25
:1058C00040F8043BF0D0A1F1040102F10402521EA1
:1058D00008DB11F8013B002B00F8013BF7D1114622
:1058E000FFF78EFF204610BD4FF0013C50F8042B0F
:1058F00051F8043B9A4221D1A2EB0C03934313EAE3
:10590000CC1317D150F8042B51F8043B9A4215D10F
:10591000A2EB0C03934313EACC130BD150F8042BE6
:1059200051F8043B9A4209D1A2EB0C03934313EACA
:10593000CC13DBD04FF00000704700BFD01A01BA83
:10594000B1FA81F101F0180122FA01F0CB40C1F166
:105950002001DBB2C0B2C01A2CFA01F3D11A914374
:1059600011EAC311E6D170477047704770470000D5
:1059700010B500F08DFC001D10BD00BFD523000048
:10598000004870477C5E0020704770477047704742
:1059900038B504460A4600206946AFF30080002867
:1059A00008BF38BD02460099204600F079FC01206E
:1059B00038BD012000F084BFF8B5AFF30080054684
:1059C00000200C46102000BF0646A819A0420DD9A1
:1059D000324669460020AFF30080070008BF00F0A0
:1059E0006FFF0098A04218BF0546C419FFF7C8FF13
:1059F00005600746F01D20F007004619284600F014
:105A00000AF8B44208BFF8BDA21B31463868BDE8A9
:105A1000F84000F045BC00210160C0E9011070476A
:105A20001020704710B500F037FC006810BD10B5AD
:105A3000044600F031FC046010BD09684A0501D538
:105A400040B27047C905FCD500B2704709684A05E5
:105A500001D5C0B27047C905FCD580B270472DE9A9
:105A6000F0470D4604469246994600F12408016825
:105A7000880604D5E06921F01001216000E00120D2
:105A8000A84202DDA0EB050700E00027A16907EBB3
:105A9000050202EB0900A1EB0000A0612068C0062E
:105AA00002D42046FFF762FA002608E0D4E901217B
:105AB0001AF806009047206A401C761C20624E456A
:105AC000F4DB2068C0060AD52046FFF74FFA06E04F
:105AD000D4E9012130209047206A401C2062381E02
:105AE000A7F10107F4DC07E0D4E9012118F805006B
:105AF0009047206A401C2062281EA5F10105F3DCB6
:105B00002046FFF74AFA2068000602D50220BDE8C9
:105B1000F0870120FBE770472DE9FF4F0C461E463A
:105B20004FF0FF378BB0D2E90001DDF860800A90BA
:105B30008A46C1F30A5505B93D46002108464FF093
:105B40000000BAF1000F00F4400005DA00EB80001D
:105B50004FF4400101EA50004FEA9059B9F1010FAA
:105B600000DDB9460A9850EA4A000FD044F61050BA
:105B7000A5F2FF3545432F14B8F1000F1FD0754231
:105B8000291E1FDD4846C9F100021CE0B8F1010FD3
:105B90004FF0000001D1F24307E0302101E0215431
:105BA000401CB042FBDB30460022002121540B99FF
:105BB000C1F80880C1E900200FB0BDE8F08FBD1B1F
:105BC0006D1CDDE74A4600DA694206A800F0E2FDF6
:105BD00006AB07CB03AB07C350460A9900F0FAFEA9
:105BE0008DE80700A0F500501F3800900398002DA5
:105BF00009DD42F21F014A46084403A903906846A2
:105C000001F059F908E0A0F500504A461F3803A9F1
:105C10000390684601F063F98DE807000004000C6A
:105C200003D04FF0FF30410800E01046B8F1000FFC
:105C300003D00022009215461FE0751E06D400F026
:105C400049FB02F1300262556D1EF8D5B3460122C0
:105C5000084302D000227F1C04E02078302801D1C4
:105C600000227F1E002A099786D01DE0112D07DA39
:105C700000F030FB303262556D1C50EA0102F5D164
:105C800008430FD10021681E05E0235C625C635469
:105C9000491C2254401E8142F7DBAB46A81B401E24
:105CA000099001E0009848B1002004F80B000B981F
:105CB000099AC0F80880C0E9002B7DE711264FF053
:105CC000000859E72DE9F04F88460446D21D22F01E
:105CD000070191B0D1E90001CDE90A0101F035FADF
:105CE00002460B98C00F01D02D2007E020688107E5
:105CF00001D52B2002E0202101EAC000032A0990EF
:105D000001D0072A05DB03464146204600F030FB60
:105D10000EE12068800601D5E06900E00620B8F1B8
:105D2000650F814606D0B8F1660F18D0B8F1670F3D
:105D300072D132E00020B9F1110F009001DB112384
:105D400001E009F101030AAA01A90CA8FFF7E4FE8A
:105D5000DDE90C70002609F10105834648E00120C9
:105D60004B4600904FF000470AAA01A90CA8FFF784
:105D7000D3FEDDE90C050E990026AB4619B909F1F1
:105D8000010100EB0105B9EB050003D4C0F1FF36BA
:105D900009F10105A5EB09002BE0B9F1010F01DACA
:105DA0004FF001090020B9F1110F0090484601DDC4
:105DB000112300E003460AAA01A90CA8FFF7ACFED4
:105DC000DDE90C704D4600268346206800070AD4A2
:105DD000AB4500DA5D4601A8012D04DD411911F83B
:105DE000011C302907D04F4502DA17F1040F04DAFD
:105DF0000120824610E06D1EEEE7002F02DCED1B55
:105E00003E4403E0781CA84200DD0546A7EB0600EF
:105E100000F1010A4FF000472068000703D4AA45AB
:105E200001DB4FF0FF3A0021B7F1004F0DF14308BD
:105E30008DF8431022D002202B23002F01DA7F425D
:105E40002D230A22011EA0F1010000DC4FB197FBB7
:105E5000F2F102FB117C0F460CF1300C08F801CD79
:105E6000F0E7A8F1010003702168090501D545217B
:105E700000E06521A0F1010800F8011C09980FA9B4
:105E8000A1EB080707F1070700B1012000EB0501AE
:105E900001EBEA70A1693844A1EB0000A0F1010018
:105EA000A0612068C00602D42046FFF75FF8099879
:105EB00030B1D4E901219047206A00F1010020624D
:105EC0002068C00620D52046FFF750F81CE0002EC1
:105ED00004DBB34502DD01A8805D00E03020D4E999
:105EE00001219047206A761C401CBAF1010A206209
:105EF0000AD100F0CDF9C0680168405CD4E9012105
:105F00009047206A401C2062281EA5F10105DEDCB6
:105F100007E0D4E9012118F8010B9047206A401CE2
:105F20002062381EA7F10107F3DC2046FFF735F8A1
:105F3000022011B041E6000001694A1C02610878A4
:105F4000704700B58FB0CDE90131002105910549B9
:105F50007944CDE9031011466846FFF7F9F80FB010
:105F600000BD0000E5FFFFFF0A6802F8010B0A60B0
:105F70007047D1E900239A4202D2531C0B60107083
:105F8000704710B5436913B1AFF3008001E0FFF72C
:105F900016F8012010BD126800F124010A700022D9
:105FA0004A700122EDE711684FF0FF32E9E7000087
:105FB000074B70B50C467B44FFF7C3FF05462046F0
:105FC00000F05AFC10B14FF0FF3070BD284670BD94
:105FD00045ACFDFF2DE9FF5F04468A461546DFF814
:105FE000AC80F8440027D8E900103E46CDE9001007
:105FF00011E03AF816106A4602A800F041FC411C74
:1060000007D02168890603D5E269391891420ED874
:10601000074406F101062068800602D5E069B8420F
:1060200005DDAE42E5DB3AF816000028E1D1A069B3
:10603000C01BA0612046FEF799FFD8E90010CDE90A
:106040000010002016E03AF818106A4602A800F086
:1060500017FC8146401C0BD000250DF1080B05E014
:10606000D4E901211BF8050090476D1C4D45F7D37D
:1060700008F10100B0428046E5DB206A3844206226
:106080002046FEF78AFFBDE8FF9F00000260000087
:106090002DE9F0418046D21D22F007020026D2E908
:1060A0000002F52914A512D0002A06DA0023D0EB4D
:1060B000030063EB020211A508E0D8F800108B077B
:1060C00001D50FA502E0490701D50EA5012611460D
:1060D000002408F1240704E000F0FCF830323A55BF
:1060E000641C50EA0102F7D133462A462146404655
:1060F000BDE8F041FFF7B3BC000000002D00000038
:106100002B0000002000000030B4002100F1240426
:106110000CE002F0070505F130054FEAD20242EA31
:106120004372655401F101014FEAD30352EA0305BA
:10613000EFD10468002310A2250708D504F020043D
:106140000C4304D0C46901230CA2641EC46130BC9A
:10615000FFF785BC10B5044621461068FFF776FCB2
:1061600002462046BDE810400023CDE7D21D22F0B4
:106170000701D1E90023C7E700000000300000005C
:106180003A2800D2303820F02002412A01D3A2F16F
:106190003700884201D34FF0FF3070470268114446
:1061A00013780160184670470B461146054A7A4439
:1061B0004A61054A7A440A620022C1E9033200F0CA
:1061C0002DB90000EBFFFFFFA7010000426842B1BC
:1061D000016811F8013B23B1521EC0E900121846B4
:1061E00070470121C160881E7047416859B1C3687A
:1061F000026843B98368934205D0521E491CC0E926
:106200000021002070474FF0FF307047431A28BF2D
:106210009A427FF6B0AA104410F0030F11441EBF3B
:1062200011F8013D521E00F8013D10F0030F7FF4FC
:10623000F6AF103AC0F00A8010B531E91850103AA4
:1062400020E91850BFF4F9AFBDE81040530724BF50
:1062500031E9081020E9081044BF51F8043D40F826
:10626000043D12F0030F08BF7047D20728BF31F872
:10627000023D48BF11F8012C28BF20F8023D48BF5D
:1062800000F8012C7047000000487047745E002041
:1062900000487047945E002000487047745E0020FC
:1062A000034640688C46002818BF814284BF0346DD
:1062B0004068F8D818681844884207D00CF10300E9
:1062C00020F00700001D411A521A0146081D0A60FD
:1062D000FEF72BBD30B5B0F10A024FEA900E71F116
:1062E00000034EEA817EB0EB0E0061EB91014FEAB4
:1062F000101E4EEA017E10EB0E0041EB11114FEA29
:10630000102E4EEA016E10EB0E0041EB11214FEA08
:10631000104E4EEA014E10EB0E0041EB11414018B9
:1063200041F100014FEAD00040EA41704FEAD1014B
:1063300010EB80054FEA810444EA907444EB0104B9
:106340006D1944EB0404521BA3414FF0000348BFF6
:106350000A3200D530BD401C41F1000130BD10B5FE
:106360000446FFF705FB0068005D00F0010010BD6A
:106370002DE9F04104461F4603260168072A01F46F
:10638000006004DB08B116A505E016A503E008B11E
:1063900015A500E015A521F010002060A069C01E21
:1063A000A0610FB1401EA0612046FEF7DFFD4FB196
:1063B000D4E9012138469047206A401C2062C01C65
:1063C000206206E0206AFAE7D4E9012115F8010B02
:1063D0009047761EF8D22046FEF7DFFDBDE8F0813B
:1063E0004E414E006E616E00494E4600696E660079
:1063F00010B5436913B1AFF3008001E0FFF7EAFD88
:10640000012010BD126800F1240182840022C284A0
:106410000122EDE711684FF0FF32E9E72DE9F34F74
:106420004FF0000A0C4656468FB001200DF1100BBC
:106430000D9001F10C0003906269039801219047CF
:1064400005002DD0252D2CD0216A8847C0B1626966
:10645000039801219047216A88470028F7D1626993
:10646000411E0398904700E0761CA1690F98884769
:10647000216A88470028F7D1E1690F988847DBE750
:10648000A1690F988847A842074601D1761CD3E737
:10649000E1690F9888477F1C02D1BAF1000F6FD0D5
:1064A0006BE16269039800273D46394690472A28E8
:1064B00004D162690398012190470125DFF8D08259
:1064C0006269039801219047A0F130010A290AD29C
:1064D0004745E5DC07EB870100EB4107303FDFD4A0
:1064E00045F01005ECE7E90601D46FF000476C2891
:1064F0000AD04C2814D0682815D06A280DD07428EA
:106500001CD07A281AD01DE06269039801219047B7
:106510006C2802D045F0040514E045F002050DE0BA
:1065200045F020050AE06269039801219047682838
:1065300002D045F0080505E045F40065626903985E
:1065400001219047C4E9015765283DD019DC58283E
:1065500079D00CDC452837D004DC252826D041280A
:106560009ED131E046282FD0472899D12CE05B28D6
:106570007FD0612828D063287BD0642823D159E0BC
:10658000F6E06F2847D008DC66281DD067281BD0AE
:10659000692821D06E2816D127E0702844D07328AE
:1065A00067D0752846D078280DD14CE0A1690F98A6
:1065B0008847252805463FF469AFE1690F98884769
:1065C0006D1C3FF46AAFD8E00F9923466A466FF01E
:1065D0000100AFF30080C5E045F0400023464FF0D6
:1065E00000026060A80735D43DE0206800F1040196
:1065F00021600068290501D506701DE7290701D52E
:10660000068019E7A90704D54FEAE671C0E90061E1
:1066100012E7066010E745F0400023464FF00802FD
:106620006060A80716D41EE040F60E0125EA0100BE
:10663000606016E045F0400023464FF00A026060BB
:10664000A80707D40FE045F040006060A80708D510
:10665000234610220F996FF00100AFF3008081E014
:1066600007E0102223460F996FF00100FEF754FE59
:1066700078E04FF0000963284F46C8464B46CDF8F6
:10668000309002D05B2806D02FE0E80601D401202C
:10669000A060012729E062690398012190475E28E4
:1066A00005D14FF001094946626903989047216975
:1066B00079B3E168891E0C9160B3216959B308F17F
:1066C000010862690398012190475D28F4D1B9F16E
:1066D000000F09D05946002051F82020D24341F83C
:1066E0002020401C0828F7DB04AB206900286068E4
:1066F0004FEA407027D02246CDF80080CDE90197BF
:106700000C9B0F9900286FF0010029DAAFF300808D
:1067100028E001E031E007E000235A4642F821304A
:10672000491C0829FADBC7E7C11700EBD1635A11EE
:1067300023F01F030BEB8201C31A0A680120984063
:1067400002430A60BDE7009722460F9900286FF0C8
:10675000010002DAAFF3008004E0AFF3008001E053
:10676000AFF3008000280ADA401C06D10D9820B152
:106770004FF0FF3011B0BDE8F08F5046FAE7E9075F
:1067800001D10AF1010A064400200D9054E60000F0
:10679000CCCCCC0C2DE9F047814616468AB0354862
:1067A0007844D0E9002380680092CDE90130314877
:1067B00078440C38D0E90223006903924FF0370285
:1067C000CDE9043041F69B30014491FBF2F0A0F199
:1067D000800502FB10141B3C02D56442012000E03E
:1067E0000020DFF890A080460027FA44AAF1C60AEC
:1067F0000DE0E00709D03246684607EB47010AEB97
:10680000810100F06CFB8DE8070064107F1C002CF8
:10681000EFD1184F7F44B43F17E0E80713D007EBE0
:1068200004100DF1180A90E80E00AAE80E00C068E6
:10683000F04201D198190890324606A903A800F049
:106840004EFB03AB07C36D10641C002DE5D132462F
:106850006946B8F1000F03A802D000F02CFB01E05C
:1068600000F03DFBC9E90001C9F808200AB0BDE805
:10687000F0870000D0580000C06800F0800070472A
:1068800070B505460C461646FFF772F8036893F894
:106890000101012806D0FF2C0FD8185D68B1012036
:1068A0002C7070BDD3F807013246214603442846B8
:1068B000BDE8704003F2071318474FF0FF3070BD7A
:1068C00010B500F035F8BDE8104000F02CB8704766
:1068D0007546FFF7D9FCAE4605006946534620F0E1
:1068E0000700854618B020B5D9F7E0FCBDE8204088
:1068F0004FF000064FF000074FF000084FF0000B7C
:1069000021F00701AC46ACE8C009ACE8C009ACE82E
:10691000C009ACE8C0098D4670470446AFF300805B
:106920002046D9F792FC002801D000F029B8704722
:1069300010B5012805D0002103A000F027F80120A0
:1069400010BD09A1F8E7000053494752544D454D89
:106950003A204F7574206F662068656170206D6500
:106960006D6F7279000000003A2048656170206DFB
:10697000656D6F727920636F7272757074656400F3
:1069800001491820ABBEFEE72600020070B505469F
:106990000C460A2000E06D1C00F011F835B1287893
:1069A0000028F8D102E0641C00F009F814B1207846
:1069B0000028F8D1BDE870400A20AFF3008008B588
:1069C00069468DF800000320ABBE08BD0048704743
:1069D000785E00205FEA400C08BF91F0000F4FEA9C
:1069E0008C234FEAC12243EA51514FEA1C5018BF91
:1069F00000F5F0404FEA300018BF41F000415FEA77
:106A00006C5C00F02980BCF1FF3F08BF40F0804083
:106A10007047130C06BF12044FF0100C4FF0000C1F
:106A2000130E04BF12020CF1080C130F04BF120165
:106A30000CF1040C930F04BF92000CF1020CD30F65
:106A400004BF52000CF1010C11464FF00002A0F1FE
:106A50001F00A0EB0C00704711F0004F08BF7047FB
:106A600031F000413FF4D5AF0B0C06BF09044FF0E5
:106A7000100C4FF0000C0B0E04BF09020CF1080CB7
:106A80000B0F04BF09010CF1040C8B0F04BF89002C
:106A90000CF1020CCB0F04BF49000CF1010CCCF13E
:106AA0002003A0EB0C0022FA03F302FA0CF241EAF5
:106AB000030100F10100704720F07F4C80EA0300E1
:106AC00023F07F47ACEB070303F57C5300F0004055
:106AD00003F1FF032DE980494FEA154B09B44FEA52
:106AE000144325EA0B4E24EA03480FF2042606EB72
:106AF000132749083E785FEA320203FB0667C7F5B1
:106B0000000707FB06F64FEA54374FEAD64606F170
:106B1000020607FB066CCCF1005C4FEA1C472CEA2E
:106B2000074C07FB06F40CFB06F504EB15464FEA91
:106B3000961634BF00204FF000404FEAD13706FBD5
:106B400007FC4FEA1C4C0CFB0BF7D21B03FB0CF7AA
:106B500061EB07010CFB0EF7B0EB074072EB17423D
:106B60000CFB08F734BFA2EB0742B2EB074261EB24
:106B700017414FEA0C444FEA910706FB07FC4FEA26
:106B80001C4C0CFB0BF7B0EBC74072EB573203FB0E
:106B90000CF734BFA2EBC742B2EBC74261EB5731EF
:106BA0000CFB0EF7B0EBC70072EB57720CFB08F74B
:106BB00034BFA2EBC702B2EBC70261EB5771039F70
:106BC0004FEA816141EA921104EBCC044FEAD137DC
:106BD0004FEA826206FB07FC42EA90124FEA8060AD
:106BE0004FEA1C4C0CFB0BF7D21B03FB0CF761EBC1
:106BF00007010CFB0EF7B0EB074072EB17420CFBE2
:106C000008F734BFA2EB0742B2EB074261EB174132
:106C10004FEA8C554FEA910704EB9C2406FB07FCD6
:106C20004FEA1C4C0CFB0BF7B0EBC74072EB573232
:106C300003FB0CF734BFA2EBC742B2EBC74261EBD8
:106C400057310CFB0EF7B0EBC70072EB57720CFB21
:106C500008F734BFA2EBC702B2EBC70261EB577172
:106C600015EB4C254FEA816141EA92114FEA8262AD
:106C70004FEAD13742EA901206FB07FC44F10004C8
:106C80004FEA80604FEA1C4C0CFB0BF7D21B03FB56
:106C90000CF761EB07010CFB0EF7B0EB074072EB52
:106CA00017420CFB08F734BFA2EB0742B2EB0742D6
:106CB00061EB174115EB1C154FEA813141EA924116
:106CC0004FEA823242EA90424FEA80304FEA0C7635
:106CD00044F1000448EA03434EEA0B484FF0000E2B
:106CE000B2EB080C71EB030724BF624639464EEB4A
:106CF0000E0E4FF0000B0018524149414BEB0B0BAD
:106D0000B2EB080C71EB03077BF1000B24BF62466A
:106D100039464EEB0E0E4FF0000B00185241494120
:106D20004BEB0B0BB2EB080C71EB03077BF1000B89
:106D300024BF624639464EEB0E0E51EA020718BFD9
:106D400046F0010616EB0E7655F1000254F10001F3
:106D500003D5BDE88901BDE80088BDE88901BDE82B
:106D60000048B619524141EB0101A3F101037047FC
:106D700080807F7E7D7C7B7A797877767675747378
:106D8000727171706F6E6E6D6C6C6B6A6A69686837
:106D9000676666656464636362616160605F5F5ECD
:106DA0005E5D5D5C5C5B5B5A5A5959585857575643
:106DB00056555555545453535252525151505050A8
:106DC0004F4F4F4E4E4D4D4D4C4C4C4B4B4B4A4AFA
:106DD0004A4949494848484747474746464645453E
:106DE0004544444444434343434242424241414177
:106DF000002B26D4770021D01CB54FEA370703B407
:106E00004FF010004FF010014FF000000FBCBDE834
:106E100010400BF1010BBBF1010F08BF5FEA170730
:106E200022BF12F1010211F101014FF0004143F1C3
:106E3000000300F0004043EA00007047F9D3570810
:106E4000DAE746EA064613F1400F4FEA16461FDD21
:106E500013F1200FDFBF16430A46002120335B42A7
:106E6000C8D0C3F1200746EA064602FA07F74FEA00
:106E7000164646EA0706C3F1200722FA03F201FA92
:106E800007F721FA03F14FF0000342EA0702B1E7E6
:106E900046EA020646EA06464FEA164646EA010672
:106EA000BCBF46EA0646360C4FF000034FF0000226
:106EB0004FF000019EE72DE9C048934630B491E8B9
:106EC000380007C831EA400C48BF34EA430C03D508
:106ED000FFF7F2FDFFF78CFFF0BCBDE800882DE95D
:106EE000C048934630B491E8380007C810F0804F8E
:106EF00008BF13F0804F03D100F005F8FFF778FFCB
:106F0000F0BCBDE8008820F07F4780EA030023F052
:106F10007F4C07EB0C03A3F57C5300F00040A3F17A
:106F2000FE0392F0000F00F0B38095F0000F00F028
:106F300077802DE901494FEA11404FEA144621EAD2
:106F4000004800FB06FC24EA064708FB06F607FBA0
:106F500008F800FB07F718EB06484CEB164C4FEA15
:106F6000124B18EB07484FEA15464CEB174022EA44
:106F70000B4E0BFB06FC25EA06470EFB06F607FB4D
:106F80000EFE0BFB07F71EEB064E4CEB164C4FF0BC
:106F900000061EEB074E4CEB174B18EB0B0840F1AD
:106FA000000018EB0E0B58EB000840F100008F1AA0
:106FB0004FF000013CBFC943661B14BFB5EB040C86
:106FC00000213CBFC943F61B4FEA17444EEA8E0E20
:106FD00027EA04454FEA1C4704FB07622CEA074CEA
:106FE00005FB07F70CFB05F604FB0CFC16EB07464C
:106FF00042EB174216EB0C4642EB1C421BEB06061B
:1070000058EB0202414146EA9E0601D5BDE80189DE
:10701000B619524141EB0101A3F10103BDE8018919
:107020004FEA14454FEA114724EA054621EA074C86
:1070300005FB07F406FB07F70CFB06F105FB0CFC50
:1070400011EB074144EB17444FEA124711EB0C4197
:1070500044EB1C4422EA074C05FB07F206FB07F74A
:107060000CFB06F605FB0CFC16EB074642EB174241
:1070700016EB0C4642EB1C456A1854F1000148BF60
:107080007047B619524141EB0101A3F1010370476A
:1070900095F0000F37D04FEA11424FEA144721EA2A
:1070A000024624EA074C02FB07F106FB07F70CFB3C
:1070B00006F402FB0CFC14EB074441EB17414FEACA
:1070C000154714EB0C4441EB1C4125EA074C02FB2D
:1070D00007F506FB07F70CFB06F602FB0CFC16EBAC
:1070E000074645EB174516EB0C4645EB1C421219BB
:1070F00051F1000148BF7047B619524141EB0101FF
:10710000A3F1010370474FEA14454FEA114724EAFF
:10711000054621EA074C05FB07F106FB07F70CFBC8
:1071200006F24FF0000605FB0CFC12EB074241EBA8
:10713000174112EB0C4251EB1C4148BF70479218AB
:1071400041EB0101A3F101037047490050EAC1205E
:1071500018BF04204A0D18BF40F0010040F2FF7232
:10716000B2EB515F08BF40F00200012808BF0520C4
:1071700070472DE9F0414F1E00EBC7010446D1E9ED
:10718000000115461E4637F006020DD02A4633464A
:1071900001F0DCF87F1E04EBC703D3E9002300F005
:1071A00003FE37F00602F1D1022F25D0042F13D0B1
:1071B000062F18BFBDE8F0812A46334601F0C6F815
:1071C000D4E90A2300F0F0FD2A46334601F0BEF868
:1071D000D4E9082300F0E8FD2A46334601F0B6F86A
:1071E000D4E9062300F0E0FD2A46334601F0AEF86C
:1071F000D4E9042300F0D8FD2A46334601F0A6F86E
:10720000D4E9022300F0D0FD2A46334601F09EF86F
:10721000D4E90023BDE8F04100F0C6BD024A0020D9
:10722000110701F08BBC000001FDFFFF30380A2878
:1072300001D2012070470020704700002DE9F04185
:10724000C1F30A52A2F2FF362F4A304B0D460446D4
:10725000142E2FDA002E12DA00F0A6FD00221346BB
:1072600001F072F94CD2002DA4BF0024254647DA64
:1072700025F00040204318BF254D41D018E0DFF82D
:1072800094C02CFA06F705EA070C5CEA040C08BF68
:10729000BDE8F08100F088FD0022134601F054F9AA
:1072A0002ED2002D03DA4FF48010F0400544BD4388
:1072B000002425E0332EC8BFBDE8F081A6F1140CF0
:1072C0004FF0FF3727FA0CF73C4208BFBDE8F081CA
:1072D00001F070F90022134601F036F910D2002DAA
:1072E0000DDA142E08BF6D1C09D0C6F1340001213F
:1072F00001FA00F02044A04238BF6D1C0446BC4394
:1073000029462046BDE8F0819C7500883CE4377E24
:107310000000F0BFFFFF0F002DE9F04D16460F46AD
:107320000546020096B01C4621F0004123F00040C3
:1073300014BF4FF0010C4FF0000C0CEB470CFE4B50
:107340000CEB03084FEA630CC4452DD85FEA06082E
:1073500018BF4FF0010808EB44089844F74B434529
:1073600022D8F74B50EA060C02D09F4205D14AB909
:1073700016B000201946BDE8F08D002A08BF4FF076
:10738000000C01D04FF0010C0CEB470313F5001F6C
:107390000AD8002E14BF4FF0010C4FF0000C0CEB7C
:1073A000440313F5001F08D916B032462346284679
:1073B0003946BDE8F04D00F0F7BCDFF888B34FF078
:1073C000000A002FB8BF584523DADF4B9842A8BF08
:1073D0004FF0020A1DDADA4B98421ADBDB4B03EB63
:1073E0002053142B08DDC3F1340C26FA0CF303FAF6
:1073F0000CFCB4450DD108E05EB9C3F1140C20FAC1
:107400000CF303FA0CFC844503D103F00103C3F130
:10741000020A51EA020321D1002C1FDA002F18BF03
:10742000BAF1020F02D0BAF1010F0BD00220FEF721
:10743000FEFA16B00022BDE8F04D13461046C049D2
:1074400000F06EBD0220FEF7F2FA16B02A463B4667
:10745000BDE8F04D0020BA4900F062BD330076D19E
:10746000584525D107F1804010F5801001BF002A52
:107470000020B34916B008BFBDE8F08DB048814286
:1074800007DB002CA1BF1846214616B0BDE8F08DE1
:1074900007E0201E05DA80F0004116B01846BDE86E
:1074A000F08DAB497944D1E9000116B0BDE8F08D0B
:1074B000DFF88CC260452FD1002C28DA39B159454C
:1074C0001CD1002A04BF002002460CD01FE06AB184
:1074D0000220FEF7ACFA40F2013200204FF0E0410A
:1074E00001F02CFB0A46394600F0DEBA954A3946CF
:1074F00016B0002062F31E01BDE8F08D07DA16B069
:107500003B46BDE8F04D0020614600F009BD16B0D5
:1075100010463946BDE8F08D8B4518DDB4F1804F3B
:107520000DD0A4F10053B3F1FF5310D13B1E0EDB7D
:1075300016B01046BDE8F04D194600F0E3BB3B46DF
:1075400016B01046BDE8F04D194600F0FFBE27F01A
:107550000043A2BBE1B1594538D1002F06DD002C14
:10756000A1BF0020594616B0BDE8F08D002F01DD07
:10757000002C1FDB002F16DA002C14DBBAF1010FF0
:107580004FF000000CBF73496E4916B0BDE8F08D96
:10759000BAF1020F18BF002F0CD0BAF1010F09D1B8
:1075A000002F07DA0CE0002FB8BF002C0EDABAF17A
:1075B000010F05D0002016B00146BDE8F08D05E0B2
:1075C00016B000204FF00041BDE8F08D4FF0010CE7
:1075D0000CEBE7720F9252EA0A020BD05E4A90421D
:1075E0007DDD5E4B5E4A984216DD91420EDC002C3A
:1075F0001CDB2CE00120FEF71AFA16B00022BDE8D1
:10760000F04D13461046114600F08ABC4C488842A3
:1076100002DC002C0ADC1AE08A4202DD002C05DBC9
:1076200015E0474B99421EDD002C10DD0220FEF7CD
:10763000FEF940F2013200204FF0E04101F07EFA05
:10764000404A16B061F31E021146BDE8F08D0220DB
:10765000FEF7EDF9FFF7E2FD394A16B061F31E02BD
:107660001146BDE8F08D00222846394601F094F815
:1076700005460F466FF0010201F060FA4FF05532F7
:10768000384B00F097FF2A463B4600F05FFE002291
:10769000354B00F08FFF8B4680462A463B4610460E
:1076A000194600F053FE42465B4600F04FFE80460E
:1076B0000B914FF0C0422D4B2846394600F046FE54
:1076C000834605912A4A294B40460B9900F03EFE1D
:1076D00088460290274A284B2846394600E01BE09E
:1076E00000F034FE4346029A01F056F80546024681
:1076F0000B460B915846059900F056FB002788462B
:107700005A463846059B01F047F82A460B9B00F085
:1077100051FF024600F073B90020B1F5801F07DA6F
:1077200035222846194601F009FA05466FF0340063
:1077300000EB215022E00000FFFF1F00FFFF0F00C1
:107740000000F03F0000F07F0000404301FCFFFF1D
:10775000484B00000000F0FF0000E0410000F04353
:10776000FFFFEF3F5555D53F0000E03F4715F73F7E
:10777000FE822B6544DF5DF80BAE543EA0F2FF3075
:107780000190C1F3130040F07F6141F0405102913C
:10779000FE498842D8BF4FF0000B0EDDFC49814204
:1077A000C8BF4FF0010B08DC01984FF0000B401CE4
:1077B00001900298A0F580100290F6480299784452
:1077C00000EBCB0009910790D0E90023284600F098
:1077D000E3FF059100900798D0E900232846099916
:1077E00000F0E2FA02460B460020EB4900F098FB5D
:1077F0000B910B46024606900599009800F0A6FDF5
:107800000A90E64888460027784400680C90029960
:107810004FF0005040EA610000EB8B4000F5002182
:1078200002910798D0E900230C9800F0B5FF2A4692
:10783000099B00F0BFFE3A46434600F087FD0791E2
:10784000054638464146029B0C9A00F07FFD059B99
:10785000009A00F0AFFE2A46079B00F09DFF0B9BAD
:10786000069A00F073FD0A9A069108904346104666
:10787000194600F06BFD05460246C9480B460791C4
:1078800006217844FFF775FC0290079B2A46059174
:107890001046194600F05AFD059B029A00F056FD6D
:1078A000059105464346384619460A9A00F07CFA87
:1078B000069B089A00F04AFD2A46059B00F074FAE0
:1078C0003A464346059112901046194600F03EFD97
:1078D0000022B44B0791009000F066FA059B129AC3
:1078E00000F062FA0D463A46AE4B384600F054FFBF
:1078F000079B009A00F050FF059B129A00F05AFE79
:107900003A46079112902B461046414600F01EFD64
:107910000591009043460A9A0799129800F016FDC7
:10792000804607912B463A460699089800F00EFDCE
:107930004246079B00F038FA88460690059B009A5D
:1079400000F032FA00200F460546059B009A00F031
:1079500023FF4346069A00F02DFE80460D914FF01E
:107960006042914B2846394600F0F0FC05910090AA
:107970008E4A8D4B40460D9900F0E8FC80460491FC
:107980008B4A8C4B2846394600F0E0FC4246049B6B
:1079900000F00AFA884A7A4402EBCB03D3E90023C9
:1079A00000F002FA02900491019800F07CFC07912B
:1079B000DDE904310546029A009800F0F5F97F4AA6
:1079C0007A4402EBCB0BDBE9002300F0EDF92A4609
:1079D000079B00F0E9F9002788462A463846079BAE
:1079E00000F0DAFEDBE9002300F0D6FE059B009AEA
:1079F00000F0D2FE049B029A00F0DCFD024600205B
:107A00000A900F98644DAAF10103184301D16C4DFF
:107A10000A9000200B4602903046214600F096FC6A
:107A200082468B46234630461946029A00F0B4FE41
:107A30003A46434600F08AFC52465B4600F0B4F9F1
:107A400006468A463A4643462146029800F07EFCA6
:107A500004460F463246534600F0A6F9594A8B4673
:107A6000914226DBABEB020353EA000210D122461F
:107A70003B4600F091FE80460391534A534B3046FB
:107A8000514600F091F94246039B00F05DFD2CD277
:107A90000220FDF7CCFF40F2013200204FF0E04120
:107AA00001F04CF80A46294616B062F31E01BDE803
:107AB000F08D474B2BF000429A4216D3454A0BEB10
:107AC000020353EA000208D122463B4600F064FE5E
:107AD0003246534600F038FD07D80220FDF7A7FFD5
:107AE000FFF79CFB0A462946DEE72BF000403A49A7
:107AF0003A4A01EB20514FF00008904223DD481C28
:107B00004FF4801121FA00F05844C0F30A51344A6E
:107B1000A1F2FF317A44334B1268CB4020EA0303D1
:107B2000C0F3130040F4801CC1F114002CFA00F8DB
:107B3000BBF1000FB8BFC8F100082046394600F07D
:107B40002BFE04460F4622463B463046514600F087
:107B50002BF94FF0000B5A46234B5846079100F083
:107B6000F5FB05910090214A214B5846079900F0FA
:107B7000EDFBCDE9020122463B465846079900F04D
:107B80000BFE3246534600F015FD33E08E9803009D
:107B90007AB60B009E4700000000F03FE44700006B
:107BA0000A4700000000084009C7EE3FFD033ADC29
:107BB000F5015B14E02F3EBEE6450000AC45000039
:107BC0000000F0BF00009040FE822B654715973CF7
:107BD00000CC904000346F3F01FCFFFF0000E03F0D
:107BE000D8440000FFFF0F00432EE63F396CA80C7D
:107BF000615C20BE3F4A404B00F0A8FBDDE9022358
:107C000000F0D2F807468A46059B009A00F0CCF8AF
:107C100004460E46059B009A00F0BEFD3A465346C8
:107C200000F0C8FC0746224633460B911046194621
:107C300000F08CFB8346024630488A460B460521FD
:107C40007844FFF796FA5A46534600F07FFB2246E7
:107C5000334600F0AFFC82468B463A46204631461A
:107C60000B9B00F073FB3A460B9B00F09DF80091D4
:107C70000C9000224FF080435046594600F08CFD96
:107C80000746039152465B462046314600F05EFBB4
:107C90003A46039B00F044F9009B0C9A00F07CFDEF
:107CA0002246334600F078FD0022154B00F082FC9E
:107CB0000E46044601EB08510815002810DC424628
:107CC0002046314600F03AFFFFF73FFA042808BF8C
:107CD000FFF7A4FA42462046314600F02FFF044643
:107CE0000A980B4616B022462946BDE8F04D00F032
:107CF0002DBB0000EF39FAFE422EE63F7C43000028
:107D00000000F03F2DE9F04106460F4600F05EFC12
:107D10000D46040018BF0120284320F00040C0F1A8
:107D20007F6010F1E0400FD5002E14BF012000202D
:107D3000384320F00040C0F17F6000F1E0400028AF
:107D4000A4BF0120FDF773FE20462946BDE8F0815F
:107D500010B500290AD00878002807D005487844D3
:107D6000FDF7C2FD002801D0002010BD0248784474
:107D700010BD0000BE500000B650000010B5002934
:107D80000AD00878002807D005487844FDF7ACFDF4
:107D9000002801D0002010BD0248784410BD00002A
:107DA000A25100009A51000010B591EA030F48BF9C
:107DB00083F0004300F1F884841A71EB030C05D2C0
:107DC000121943EB0C03001B61EB0C01DFF824E1FB
:107DD0004FEA1154A4EB135C1EEA430F18BF9EEA4E
:107DE000445F73D023EA0E03DCF1200E21EA045134
:107DF00043F4801332D322FA0CFE10EB0E0023FA68
:107E00000CFE41EB0E01CCF1200E03FA0EFE10EB3E
:107E10000E0051F10001B1F5801FCCF1200E32D2DD
:107E200001EB045112FA0EF2BDE8104058BF704742
:107E3000401C38BF5FEA420218BF7047002814BFD9
:107E400020F0010041F100014FEA410313F5001F4A
:107E500038BF7047A1F1C04100F070BB012A43EB6D
:107E60000302ACF1200CDCF11F0E32BF4FF0000E0C
:107E700023FA0CF310EB030041EB0451B4EB115F58
:107E8000D0D0A1EB045101F5801149085FEA300020
:107E900001EB04510ED350F1000038BF12FA0EFE70
:107EA00008D1BDE81040C9E7401C38BF5FEA420274
:107EB000CAD1C3E7BDE810404FEA410313F5001FE4
:107EC00038BF7047A1F1C04100F038BB9EEA445F63
:107ED00008D011EA5E0FBDE8104004BF01F0004178
:107EE00000207047BDE8104070B500F0D9FA00BF1F
:107EF00064FBBE3E0000E0FF02494FF0000000F0CE
:107F0000EBBD00BF0000F87F491058BFC1F14041F0
:107F10005B1058BFC3F140438B42EFF300807047C2
:107F20002DE9C04130B4DFF8A0C23CEA111418BFFB
:107F30003CEA131400F0EC8081EA03051CEA1114FA
:107F400044EAD57418BF1CEA131500F0C780A4EBEF
:107F500005044FF0004545EAC12145EAC32341EA43
:107F6000505143EA525304F17F74994204F50034AE
:107F70004FEAC0204FEAC22208BF904200F09C8026
:107F80004FEA13650FF24016765D4FEA134506FB84
:107F900005F7C7F1807706FB07F74FEAD737A7FB4E
:107FA00003687642C8F58038A7FB06CE38BFA8F133
:107FB000010807FB08E64FF0000EA6FB028CE6FB6B
:107FC00003CEDCF1000CCEF1004E38BFAEF1010E55
:107FD000A6FB0C584FF000074FF00005E6FB0E879C
:107FE000A1FB08C6A0FB07CE16EB0E0645F1000567
:107FF000E1FB076515F1E04E7EBFA4F580345FEA32
:1080000046066D4116F1800745F100054FEA172736
:108010004FEA066647EA0567A6F1DE46B6F1805FDD
:108020004FEA15251FD9384624F0010C05EBC47121
:10803000BCF1FE6F01EB0C1102D8F0BCBDE8008171
:1080400024425CBF01F5801E9EEAC47F02D4F0BCCE
:10805000BDE80081244238D4F0BCA1F1C041BDE8A4
:10806000004100F06BBA4FEAD22242EA43524FEA93
:10807000D323A7FB02864FEAD02040EA415007FBFA
:1080800003661EEA0E0F4FEAD12105FB026658BFB8
:10809000A6EB0056B6EB00564FEA520E4EEAC37EF0
:1080A00018EB0E0E56EB530EBDD518EB02085E41D1
:1080B0007F1C55F10005B6E74FF480154FF000071F
:1080C0004FF000064FF00008ADE7F0BC4FF00000A5
:1080D00001F1C04101F00041BDE8008111EA0C1F2F
:1080E0000CEA131500D00CE013EA0C1F00F02580F9
:1080F0004FF00000F0BC81EA030101F00041BDE84F
:108100000081F0BCBDE8004181EA030100F016BA2D
:10811000F0BCBDE8004170B500F0C2F9097EFC3E3C
:1081200000F007B881EA03014FF0000001F00041C0
:10813000704781EA030100F001BAF0BCBDE80041DC
:108140004FF0000021497047FFFDFBF9F7F5F4F20D
:10815000F0EEEDEBE9E8E6E4E3E1E0DEDDDBDAD8E2
:10816000D7D5D4D3D1D0CFCDCCCBCAC8C7C6C5C440
:10817000C2C1C0BFBEBDBCBBBAB9B8B7B6B5B4B357
:10818000B2B1B0AFAEADACABAAA9A8A8A7A6A5A442
:10819000A3A3A2A1A09F9F9E9D9C9C9B9A99999806
:1081A0009797969595949393929191908F8F8E8EA9
:1081B0008D8C8C8B8B8A8989888887878685858436
:1081C00084838382828181800000FF070000F87F22
:1081D00051EA030C17D41CF5801F58BFBCF5801F53
:1081E00000F10680994218BF704708BF904270475F
:1081F00007D711F5801F58BF13F5801F19D4994276
:108200007047894270471CF5801F08D5BCF5801F58
:10821000F7D58B4218BF704708BF824270474FF4B2
:10822000001C1CEB410F38BF1CEB430F01D28B42EB
:10823000704770B500F034F9922449004FF00051B6
:108240004FF08053FFF760BE4FEA41034FEA5353AC
:10825000A3F58063D3F11E03C8BFD3F1210C0CDD5D
:108260004FF0004242EAC12242EA505232FA03FC85
:108270008CEAE17CACEBE1707047102BC4BF0020AE
:10828000704703F5787CBCF1FF3F04D06FF00042EB
:1082900082EA2100704770B500F002F9499224800B
:1082A00000207047F2E710F0004248BF4042B0FAA9
:1082B00080F310FA03F10AD0C3F11D0303F58063C4
:1082C0004FEA415002EB035202EBD12170474FF0CD
:1082D0000000704751EA030C17D41CF5801F58BFEB
:1082E000BCF5801F00F10680994218BF704708BF97
:1082F0009042704707D711F5801F58BF13F5801FB4
:1083000019D499427047894270471CF5801F08D5DF
:10831000BCF5801FF7D58B4218BF704708BF82425B
:1083200070474FF4001C1CEB410F38BF1CEB430F90
:1083300001D28B42704770B500F0B2F89224490028
:108340004FF000514FF08053FFF7DEBDDFF848C11A
:1083500070B51CEA111E1EBF1CEA13159EEA0C0F15
:1083600095EA0C0F00F06F8081EA030423EA4C13B6
:108370004EEAD47E21EA4C1141F4801143F480137B
:10838000AE44A1FB024CA0FB0365AEF17F7E361923
:1083900055EB0C05A1FB034C4CF10003A0FB021CA8
:1083A00016EB0C06654153F10003094218BF46F075
:1083B000010613F4007F0BD14FEA03314FEA053079
:1083C000340341EA155140EA16506FF003020AE007
:1083D0004FEAC3214FEAC520F40241EA555140EA71
:1083E00056506FF0020202EB2E4201EB025585EA75
:1083F000CE710AD05FEA440C18BF24F0004450F15B
:10840000000041F1000120EAD47040F2FE7C624598
:1084100000D270BDA84214BF4FF080444FF04044DA
:10842000002E08BF0024BEF1806FA8BFA1F1C0419B
:10843000BDE8704080F282804FF0000001F1C04141
:1084400001F0004170479EEA0C0F0CEA131518BFAB
:1084500095EA0C0F06D04FF0000081EA030E0EF0F3
:10846000004170BD00F01CF88900013E00F007B823
:1084700000F009B84FEA430C5FEA5C5C08D081EA7F
:10848000030100F05BB84FEA410C5FEA5C5CF6D197
:108490004FF00000014970470000FF070000F87F1F
:1084A0000EF1020E2EF0030E5EF8046B364205D478
:1084B000012A43EB030515F5001F12D8012841EBF3
:1084C000010C1CF5001F0CD80ED14FEAD17C15F51C
:1084D000001F0CEB4C0C0CF1020C08BF4CEBD37CD6
:1084E00004E04FF0080C01E04FEAD37C0CEB4C05A4
:1084F00026FA05F606F00706B6F1040C06D20EEBD6
:10850000860CBDE870404CF0010C6047DFE80CF0D1
:10851000090B02024FF000414FF00000A1F50021CD
:1085200070BD19461046012851EB010418BFD4F55F
:10853000001484BF002001F0004170BD0808A0F5C0
:1085400000114FEA3101704753EA010C17D41CF5B2
:10855000801F58BFBCF5801F00F106808B4218BFFA
:10856000704708BF8242704707D713F5801F58BF76
:1085700011F5801F19D48B4270479B4270471CF540
:10858000801F08D5BCF5801FF7D5994218BF7047EA
:1085900008BF904270474FF4001C1CEB430F38BFDC
:1085A0001CEB410F01D2994270470FB40CBC03BCC5
:1085B000FFF7C1BE91EA030F10B581F000413FF50E
:1085C000FBAB83F0004300F0EFB800002DE9F04171
:1085D00001F5801CBCF5001FC0F2C3804FEA115C9E
:1085E00021EA0C510CF1FD0C41F480115FEA5C0CA6
:1085F0000CF5C07C01D3400049413DA4890241EA09
:10860000905187028E0E0A0CA45D04FB04F602FB57
:1086100006F6C6F14046A4FB0662F60D46EA42267F
:1086200006FB06F4A4FB01235242C3F1404338BFCA
:108630005B1EA6FB02420024E6FB0324D20B42EAA7
:108640004446A6FB0623A1FB02E2A3FB07E4A41811
:108650004FF0000252F10002E3FB01426442C2F11A
:10866000404E38BFAEF1010EA6FB04234FF00002CE
:10867000E6FB0E32A2FB03464FF00004B61954F19C
:108680000004E2FB0264A1FB06E6A4FB07E816EB8C
:1086900008064FF0000858F10008E4FB0168764234
:1086A000C8F1405838BFA8F10108A2FB06E4A3FBBB
:1086B00008E52D194FF0000454F10004E2FB0854C2
:1086C000A1FB05E6A7FB04E818EB06084FF000063F
:1086D00056F10006E1FB048618F1200556F100066C
:1086E000A809A8F11B08B10908F03F08B8F10A0F62
:1086F00040EA86601CD901EB0C51BDE8F08100BF57
:10870000FCF5EEE8E2DDD8D3CFCBC7C3C0BDB9B628
:10871000B4B1AEACA9A7A5A3A19F9D9B9A9896952D
:108720009392908F8D8C8B898887868584838281B4
:10873000A0FB006800FB01F208EB4208B8EB8728B9
:1087400007D5341858EB0104D5D5401C51F1000170
:10875000D1E7341A78EB0104CDD4401E71F1000149
:10876000C9E75FEA4C0C5FEA9C5C0DD105D34FF082
:10877000000001F00041BDE8F081BDE8F04170B5B6
:10878000FFF78EFE6DDBFFBEBDE8F0414FF000004D
:10879000004970470000F87F10B591EA030F48BF09
:1087A00083F000433FF508AB841A71EB030C07D24A
:1087B00012198CF0004C43EB0C03001B61EB0C0115
:1087C000DFF8A4E14FEA1154A4EB135C1EEA430F57
:1087D00018BF9EEA445F00F0B08023EA6E03524265
:1087E00021EA0451C3EB6E0338BF5B1EDCF1200E9F
:1087F00025D322FA0CFE10EB0E0043FA0CFE41EBDF
:108800000E01CCF1200E03FA0EFE10EB0E0051F11A
:108810000001CCF1200E29D412FA0EF201EB045122
:10882000BDE8104058BF7047401C1CBFB2F1004F5C
:10883000704700280CBF491C20F00100704712EB64
:10884000020E43EB030218BF4FF0010E4EEA420244
:10885000ACF1200CDCF11E0E54D943FA0CFE10EBE7
:108860000E0051F1FF31CCF11E0ED5D50EF1010EE7
:1088700012FA0EFE404141EB010101EB445C5FEA5C
:108880005C5C10D910EBDE7001EB045138BFBEF117
:10889000004FBDE8104018BF704700280CBF491CAE
:1088A00020F00100704730D24FEAD42C11F50011AE
:1088B00024F400641BD0B1FA81F20B3AA41AA41E6E
:1088C000D2F12003914030FA03F31943904001EBB9
:1088D000CC71002C01EB0451BDE81040A8BF7047DB
:1088E00001F1C0414FF0000001F000417047B0FAC3
:1088F00080F310FA03F100D110BDE41A173C4805CB
:10890000C90AE4E701EB045110BD491001EB045121
:10891000BDE810404FEA300002E04FF00001704720
:108920004A0008BF0042F8D0B2F5001F28BF7047C8
:1089300001F000414FF0000070479EEA445F07D00D
:1089400011EA5E0FBDE8104004BF0021002070470F
:10895000BDE8104070B5FFF7A3FD00BF40DFF63E55
:1089600083F00041104670470000E0FF43004FEAEB
:10897000D30C4FEA3C0C43401FBF40070CF1605141
:1089800013F0FE4F70471CF0006F03D100200CF075
:10899000004170470CF0004343EA507010B540EAC4
:1089A000CC0000F00EF800BF000000924FEA00017A
:1089B000FFF7C4BD4FF000414FF00000A1F50021CA
:1089C00070470EF1020E2EF0030E5EF8044B2442A7
:1089D00004D44FEA4102B2F17F4F11D84FEA40036D
:1089E000B3F17F4F0CD80ED14FEAD07CB2F17F4F5C
:1089F0000CEB4C0C0CF1020C08BF4CEBD17C04E0EE
:108A00004FF0080C01E04FEAD17C0CEB4C0324FA48
:108A100003F404F00704B4F1040C06D20EEB840C4A
:108A2000BDE810404CF0010C6047DFE80CF007088F
:108A300002024FF00040A0F5800010BD0846420041
:108A400018BFD2F1807288BF00F0004010BD10B591
:108A5000FDF7BCFF4FF00001016010BD4FEAC123DC
:108A60000A1543EA50534FEAC02C18BF43F00043A5
:108A70001BD4A2F24E02D2F57C72C0F22080502AA2
:108A8000A8BF502223FA02F12CFA02F060B4D2F10E
:108A9000200284BF03FA02F52843C2F100029CBF02
:108AA00023FA02F5284360BC704701F1804212F5B9
:108AB000801F04DA4FF000004FF00001704770B5DE
:108AC000FFF7EEFC49922480002001E06FEAE1709C
:108AD00001467047FDF7F6B80CF00F03092B08BFED
:108AE000082000F059800A2B0BD0082B18BF7047C4
:108AF00008BF1CF0400F0AD04FF000004FF00001FB
:108B000070471CF0400F18BF4FF0004070471CF03A
:108B1000100F08D020F0704300F07F4242EAD301EA
:108B20004FEA4370704700F0604021F07F4242EA14
:108B3000000201F07F4040EA727070474FF0FF0C76
:108B40004CF4E06C1CEA11531CBF9CEA030C9445E6
:108B5000C2BFDA4201EB02517047002B0DD0BCF1CD
:108B6000000F0FD0002A01F00041A4BF41F0E04106
:108B700041F07F614FF00000704701F000414FF07D
:108B80000000704750EA01334FF09B0C18BF4CF0C7
:108B9000806C7FF4B1A970471CF4801F11D01CF4C5
:108BA000E02F03D06FEACC31490070474FF04050BE
:108BB000EFF3008222F0704242EA000282F3008862
:108BC00070474FF0000070470003030601040602DF
:108BD000050003051F1C1F1E1F1E1F1F1E1F1E1F1B
:108BE000246F74612F7570646174652F25732F2550
:108BF0007300000000000000000000000000000002
:108C00000000000000000000000000000000000064
:108C10000000000000000000000000000000000054
:108C2000247468696E672F646F776E2F70726F702F
:108C3000657274792F25732F2573000000000000E2
:108C40000000000000000000000000000000000024
:108C50000000000000000000000000000000000014
:108C6000247379732F6F7065726174696F6E2F72E0
:108C70006573756C742F25732F2573000000000039
:108C800000000000000000000000000000000000E4
:108C900000000000000000000000000000000000D4
:108CA00024736861646F772F6F7065726174696F88
:108CB0006E2F726573756C742F25732F25730000EA
:108CC00000000000000000000000000000000000A4
:108CD0000000000000000000000000000000000094
:108CE0000000891112239B322446AD573665BF74AC
:108CF000488CC19D5AAFD3BE6CCAE5DB7EE9F7F85C
:108D00008110080193331A22A5562C47B7753E648B
:108D1000C99C408DDBBF52AEEDDA64CBFFF976E83B
:108D200002218B30100299132667AF763444BD556B
:108D30004AADC3BC588ED19F6EEBE7FA7CC8F5D91B
:108D400083310A2091121803A7772E66B5543C454B
:108D5000CBBD42ACD99E508FEFFB66EAFDD874C9FB
:108D600004428D5316619F702004A9153227BB362B
:108D70004CCEC5DF5EEDD7FC6888E1997AABF3BADB
:108D800085520C4397711E60A1142805B3373A260B
:108D9000CDDE44CFDFFD56ECE9986089FBBB72AABB
:108DA00006638F7214409D512225AB343006B917EB
:108DB0004EEFC7FE5CCCD5DD6AA9E3B8788AF19B9B
:108DC00087730E6295501C41A3352A24B1163807CB
:108DD000CFFF46EEDDDC54CDEBB962A8F99A708B7B
:108DE000088481951AA793B62CC2A5D33EE1B7F0AB
:108DF0004008C919522BDB3A644EED5F766DFF7C5B
:108E0000899400859BB712A6ADD224C3BFF136E08A
:108E1000C1184809D33B5A2AE55E6C4FF77D7E6C3A
:108E20000AA583B4188691972EE3A7F23CC0B5D16A
:108E30004229CB38500AD91B666FEF7E744CFD5D1A
:108E40008BB502A499961087AFF326E2BDD034C14A
:108E5000C3394A28D11A580BE77F6E6EF55C7C4DFA
:108E60000CC685D71EE597F42880A1913AA3B3B22A
:108E7000444ACD5B5669DF78600CE91D722FFB3EDA
:108E80008DD604C79FF516E4A9902081BBB332A20A
:108E9000C55A4C4BD7795E68E11C680DF33F7A2EBA
:108EA0000EE787F61CC495D52AA1A3B03882B193EA
:108EB000466BCF7A5448DD59622DEB3C700EF91F9A
:108EC0008FF706E69DD414C5ABB122A0B9923083CA
:108ED000C77B4E6AD5585C49E33D6A2CF11E780F7A
:108EE0000202020202020202020402020202010162
:108EF0004D51544300000000040000000000000039
:108F000000000000000000003C0001004D515457DB
:108F10000000000000000000000000000000000051
:108F20000000000000000000000000000000000041
:108F30000000000000000000000000000000000031
:108F400000000000000000000000C0E0F0F8FC009D
:108F5000637C777BF26B6FC53001672BFED7AB76F6
:108F6000CA82C97DFA5947F0ADD4A2AF9CA472C0A1
:108F7000B7FD9326363FF7CC34A5E5F171D831150E
:108F800004C723C31896059A071280E2EB27B2752F
:108F900009832C1A1B6E5AA0523BD6B329E32F84A7
:108FA00053D100ED20FCB15B6ACBBE394A4C58CF9F
:108FB000D0EFAAFB434D338545F9027F503C9FA873
:108FC00051A3408F929D38F5BCB6DA2110FFF3D241
:108FD000CD0C13EC5F974417C4A77E3D645D1973F5
:108FE00060814FDC222A908846EEB814DE5E0BDBEF
:108FF000E0323A0A4906245CC2D3AC629195E47926
:10900000E7C8376D8DD54EA96C56F4EA657AAE087F
:10901000BA78252E1CA6B4C6E8DD741F4BBD8B8A1A
:10902000703EB5664803F60E613557B986C11D9E80
:10903000E1F8981169D98E949B1E87E9CE5528DFF7
:109040008CA1890DBFE6426841992D0FB054BB1623
:10905000C66363A5F87C7C84EE777799F67B7B8D7D
:10906000FFF2F20DD66B6BBDDE6F6FB191C5C554CB
:109070006030305002010103CE6767A9562B2B7D6B
:10908000E7FEFE19B5D7D7624DABABE6EC76769A24
:109090008FCACA451F82829D89C9C940FA7D7D87D2
:1090A000EFFAFA15B25959EB8E4747C9FBF0F00BAE
:1090B00041ADADECB3D4D4675FA2A2FD45AFAFEA3A
:1090C000239C9CBF53A4A4F7E47272969BC0C05B20
:1090D00075B7B7C2E1FDFD1C3D9393AE4C26266AE1
:1090E0006C36365A7E3F3F41F5F7F70283CCCC4FC2
:1090F0006834345C51A5A5F4D1E5E534F9F1F10803
:10910000E2717193ABD8D873623131532A15153F90
:109110000804040C95C7C752462323659DC3C35E4C
:1091200030181828379696A10A05050F2F9A9AB578
:109130000E070709241212361B80809BDFE2E23DF6
:10914000CDEBEB264E2727697FB2B2CDEA75759F2E
:109150001209091B1D83839E582C2C74341A1A2E55
:10916000361B1B2DDC6E6EB2B45A5AEE5BA0A0FB10
:10917000A45252F6763B3B4DB7D6D6617DB3B3CE03
:109180005229297BDDE3E33E5E2F2F711384849700
:10919000A65353F5B9D1D16800000000C1EDED2C04
:1091A00040202060E3FCFC1F79B1B1C8B65B5BEDE9
:1091B000D46A6ABE8DCBCB4667BEBED97239394BF5
:1091C000944A4ADE984C4CD4B05858E885CFCF4AE0
:1091D000BBD0D06BC5EFEF2A4FAAAAE5EDFBFB167B
:1091E000864343C59A4D4DD76633335511858594D3
:1091F0008A4545CFE9F9F91004020206FE7F7F8116
:10920000A05050F0783C3C44259F9FBA4BA8A8E35F
:10921000A25151F35DA3A3FE804040C0058F8F8A09
:109220003F9292AD219D9DBC70383848F1F5F50410
:1092300063BCBCDF77B6B6C1AFDADA754221216311
:1092400020101030E5FFFF1AFDF3F30EBFD2D26DF0
:1092500081CDCD4C180C0C1426131335C3ECEC2F18
:10926000BE5F5FE1359797A2884444CC2E1717392B
:1092700093C4C45755A7A7F2FC7E7E827A3D3D4732
:10928000C86464ACBA5D5DE73219192BE673739557
:10929000C06060A0198181989E4F4FD1A3DCDC7F14
:1092A00044222266542A2A7E3B9090AB0B88888306
:1092B0008C4646CAC7EEEE296BB8B8D32814143CC6
:1092C000A7DEDE79BC5E5EE2160B0B1DADDBDB7646
:1092D000DBE0E03B64323256743A3A4E140A0A1E1E
:1092E000924949DB0C06060A4824246CB85C5CE40D
:1092F0009FC2C25DBDD3D36E43ACACEFC46262A665
:10930000399191A8319595A4D3E4E437F279798B1A
:10931000D5E7E7328BC8C8436E373759DA6D6DB77A
:10932000018D8D8CB1D5D5649C4E4ED249A9A9E052
:10933000D86C6CB4AC5656FAF3F4F407CFEAEA25CD
:10934000CA6565AFF47A7A8E47AEAEE910080818A0
:109350006FBABAD5F07878884A25256F5C2E2E72C0
:10936000381C1C2457A6A6F173B4B4C797C6C651BF
:10937000CBE8E823A1DDDD7CE874749C3E1F1F214F
:10938000964B4BDD61BDBDDC0D8B8B860F8A8A85CC
:10939000E07070907C3E3E4271B5B5C4CC6666AA62
:1093A000904848D806030305F7F6F6011C0E0E1286
:1093B000C26161A36A35355FAE5757F969B9B9D053
:1093C0001786869199C1C1583A1D1D27279E9EB9BF
:1093D000D9E1E138EBF8F8132B9898B32211113347
:1093E000D26969BBA9D9D970078E8E89339494A7A5
:1093F0002D9B9BB63C1E1E2215878792C9E9E9204A
:1094000087CECE49AA5555FF50282878A5DFDF7AA8
:10941000038C8C8F59A1A1F8098989801A0D0D1729
:1094200065BFBFDAD7E6E631844242C6D06868B885
:10943000824141C3299999B05A2D2D771E0F0F11E2
:109440007BB0B0CBA85454FC6DBBBBD62C16163ADF
:10945000A5C6636384F87C7C99EE77778DF67B7B79
:109460000DFFF2F2BDD66B6BB1DE6F6F5491C5C5C7
:109470005060303003020101A9CE67677D562B2B67
:1094800019E7FEFE62B5D7D7E64DABAB9AEC767620
:10949000458FCACA9D1F82824089C9C987FA7D7DCE
:1094A00015EFFAFAEBB25959C98E47470BFBF0F0AA
:1094B000EC41ADAD67B3D4D4FD5FA2A2EA45AFAF36
:1094C000BF239C9CF753A4A496E472725B9BC0C01C
:1094D000C275B7B71CE1FDFDAE3D93936A4C2626DD
:1094E0005A6C3636417E3F3F02F5F7F74F83CCCCBE
:1094F0005C683434F451A5A534D1E5E508F9F1F1FF
:1095000093E2717173ABD8D8536231313F2A15158C
:109510000C0804045295C7C7654623235E9DC3C348
:1095200028301818A13796960F0A0505B52F9A9A74
:10953000090E0707362412129B1B80803DDFE2E2F2
:1095400026CDEBEB694E2727CD7FB2B29FEA75752A
:109550001B1209099E1D838374582C2C2E341A1A51
:109560002D361B1BB2DC6E6EEEB45A5AFB5BA0A00C
:10957000F6A452524D763B3B61B7D6D6CE7DB3B3FF
:109580007B5229293EDDE3E3715E2F2F97138484FC
:10959000F5A6535368B9D1D1000000002CC1EDED00
:1095A000604020201FE3FCFCC879B1B1EDB65B5BE5
:1095B000BED46A6A468DCBCBD967BEBE4B723939F1
:1095C000DE944A4AD4984C4CE8B058584A85CFCFDC
:1095D0006BBBD0D02AC5EFEFE54FAAAA16EDFBFB77
:1095E000C5864343D79A4D4D5566333394118585CF
:1095F000CF8A454510E9F9F90604020281FE7F7F12
:10960000F0A0505044783C3CBA259F9FE34BA8A85B
:10961000F3A25151FE5DA3A3C08040408A058F8F05
:10962000AD3F9292BC219D9D4870383804F1F5F50C
:10963000DF63BCBCC177B6B675AFDADA634221210D
:10964000302010101AE5FFFF0EFDF3F36DBFD2D2EC
:109650004C81CDCD14180C0C352613132FC3ECEC14
:10966000E1BE5F5FA2359797CC884444392E171727
:109670005793C4C4F255A7A782FC7E7E477A3D3D2E
:10968000ACC86464E7BA5D5D2B32191995E6737353
:10969000A0C0606098198181D19E4F4F7FA3DCDC10
:1096A000664422227E542A2AAB3B9090830B888802
:1096B000CA8C464629C7EEEED36BB8B83C281414C2
:1096C00079A7DEDEE2BC5E5E1D160B0B76ADDBDB42
:1096D0003BDBE0E0566432324E743A3A1E140A0A1A
:1096E000DB9249490A0C06066C482424E4B85C5C09
:1096F0005D9FC2C26EBDD3D3EF43ACACA6C4626261
:10970000A8399191A431959537D3E4E48BF2797916
:1097100032D5E7E7438BC8C8596E3737B7DA6D6D76
:109720008C018D8D64B1D5D5D29C4E4EE049A9A94E
:10973000B4D86C6CFAAC565607F3F4F425CFEAEAC9
:10974000AFCA65658EF47A7AE947AEAE181008089C
:10975000D56FBABA88F078786F4A2525725C2E2EBC
:1097600024381C1CF157A6A6C773B4B45197C6C6BB
:1097700023CBE8E87CA1DDDD9CE87474213E1F1F4B
:10978000DD964B4BDC61BDBD860D8B8B850F8A8AC8
:1097900090E07070427C3E3EC471B5B5AACC66665E
:1097A000D89048480506030301F7F6F6121C0E0E82
:1097B000A3C261615F6A3535F9AE5757D069B9B94F
:1097C000911786865899C1C1273A1D1DB9279E9EBB
:1097D00038D9E1E113EBF8F8B32B98983322111143
:1097E000BBD2696970A9D9D989078E8EA7339494A1
:1097F000B62D9B9B223C1E1E9215878720C9E9E946
:109800004987CECEFFAA5555785028287AA5DFDFA4
:109810008F038C8CF859A1A180098989171A0D0D25
:10982000DA65BFBF31D7E6E6C6844242B8D0686881
:10983000C3824141B0299999775A2D2D111E0F0FDE
:10984000CB7BB0B0FCA85454D66DBBBB3A2C1616DB
:1098500063A5C6637C84F87C7799EE777B8DF67B75
:10986000F20DFFF26BBDD66B6FB1DE6FC55491C5C3
:10987000305060300103020167A9CE672B7D562B63
:10988000FE19E7FED762B5D7ABE64DAB769AEC761C
:10989000CA458FCA829D1F82C94089C97D87FA7DCA
:1098A000FA15EFFA59EBB25947C98E47F00BFBF0A6
:1098B000ADEC41ADD467B3D4A2FD5FA2AFEA45AF32
:1098C0009CBF239CA4F753A47296E472C05B9BC018
:1098D000B7C275B7FD1CE1FD93AE3D93266A4C26D9
:1098E000365A6C363F417E3FF702F5F7CC4F83CCBA
:1098F000345C6834A5F451A5E534D1E5F108F9F1FB
:109900007193E271D873ABD831536231153F2A1588
:10991000040C0804C75295C723654623C35E9DC344
:109920001828301896A13796050F0A059AB52F9A70
:1099300007090E0712362412809B1B80E23DDFE2EE
:10994000EB26CDEB27694E27B2CD7FB2759FEA7526
:10995000091B1209839E1D832C74582C1A2E341A4D
:109960001B2D361B6EB2DC6E5AEEB45AA0FB5BA008
:1099700052F6A4523B4D763BD661B7D6B3CE7DB3FB
:10998000297B5229E33EDDE32F715E2F84971384F8
:1099900053F5A653D168B9D100000000ED2CC1EDFC
:1099A00020604020FC1FE3FCB1C879B15BEDB65BE1
:1099B0006ABED46ACB468DCBBED967BE394B7239ED
:1099C0004ADE944A4CD4984C58E8B058CF4A85CFD8
:1099D000D06BBBD0EF2AC5EFAAE54FAAFB16EDFB73
:1099E00043C586434DD79A4D3355663385941185CB
:1099F00045CF8A45F910E9F9020604027F81FE7F0E
:109A000050F0A0503C44783C9FBA259FA8E34BA857
:109A100051F3A251A3FE5DA340C080408F8A058F01
:109A200092AD3F929DBC219D38487038F504F1F508
:109A3000BCDF63BCB6C177B6DA75AFDA2163422109
:109A400010302010FF1AE5FFF30EFDF3D26DBFD2E8
:109A5000CD4C81CD0C14180C13352613EC2FC3EC10
:109A60005FE1BE5F97A2359744CC884417392E1723
:109A7000C45793C4A7F255A77E82FC7E3D477A3D2A
:109A800064ACC8645DE7BA5D192B32197395E6734F
:109A900060A0C060819819814FD19E4FDC7FA3DC0C
:109AA000226644222A7E542A90AB3B9088830B88FE
:109AB00046CA8C46EE29C7EEB8D36BB8143C2814BE
:109AC000DE79A7DE5EE2BC5E0B1D160BDB76ADDB3E
:109AD000E03BDBE0325664323A4E743A0A1E140A16
:109AE00049DB9249060A0C06246C48245CE4B85C05
:109AF000C25D9FC2D36EBDD3ACEF43AC62A6C4625D
:109B000091A8399195A43195E437D3E4798BF27912
:109B1000E732D5E7C8438BC837596E376DB7DA6D72
:109B20008D8C018DD564B1D54ED29C4EA9E049A94A
:109B30006CB4D86C56FAAC56F407F3F4EA25CFEAC5
:109B400065AFCA657A8EF47AAEE947AE0818100898
:109B5000BAD56FBA7888F078256F4A252E725C2EB8
:109B60001C24381CA6F157A6B4C773B4C65197C6B7
:109B7000E823CBE8DD7CA1DD749CE8741F213E1F47
:109B80004BDD964BBDDC61BD8B860D8B8A850F8AC4
:109B90007090E0703E427C3EB5C471B566AACC665A
:109BA00048D8904803050603F601F7F60E121C0E7E
:109BB00061A3C261355F6A3557F9AE57B9D069B94B
:109BC00086911786C15899C11D273A1D9EB9279EB7
:109BD000E138D9E1F813EBF898B32B98113322113F
:109BE00069BBD269D970A9D98E89078E94A733949D
:109BF0009BB62D9B1E223C1E87921587E920C9E942
:109C0000CE4987CE55FFAA5528785028DF7AA5DFA0
:109C10008C8F038CA1F859A1898009890D171A0D21
:109C2000BFDA65BFE631D7E642C6844268B8D0687D
:109C300041C3824199B029992D775A2D0F111E0FDA
:109C4000B0CB7BB054FCA854BBD66DBB163A2C16D7
:109C50006363A5C67C7C84F8777799EE7B7B8DF671
:109C6000F2F20DFF6B6BBDD66F6FB1DEC5C55491BF
:109C700030305060010103026767A9CE2B2B7D565F
:109C8000FEFE19E7D7D762B5ABABE64D76769AEC18
:109C9000CACA458F82829D1FC9C940897D7D87FAC6
:109CA000FAFA15EF5959EBB24747C98EF0F00BFBA2
:109CB000ADADEC41D4D467B3A2A2FD5FAFAFEA452E
:109CC0009C9CBF23A4A4F753727296E4C0C05B9B14
:109CD000B7B7C275FDFD1CE19393AE3D26266A4CD5
:109CE00036365A6C3F3F417EF7F702F5CCCC4F83B6
:109CF00034345C68A5A5F451E5E534D1F1F108F9F7
:109D0000717193E2D8D873AB3131536215153F2A84
:109D100004040C08C7C7529523236546C3C35E9D40
:109D2000181828309696A13705050F0A9A9AB52F6C
:109D30000707090E1212362480809B1BE2E23DDFEA
:109D4000EBEB26CD2727694EB2B2CD7F75759FEA22
:109D500009091B1283839E1D2C2C74581A1A2E3449
:109D60001B1B2D366E6EB2DC5A5AEEB4A0A0FB5B04
:109D70005252F6A43B3B4D76D6D661B7B3B3CE7DF7
:109D800029297B52E3E33EDD2F2F715E84849713F4
:109D90005353F5A6D1D168B900000000EDED2CC1F8
:109DA00020206040FCFC1FE3B1B1C8795B5BEDB6DD
:109DB0006A6ABED4CBCB468DBEBED96739394B72E9
:109DC0004A4ADE944C4CD4985858E8B0CFCF4A85D4
:109DD000D0D06BBBEFEF2AC5AAAAE54FFBFB16ED6F
:109DE0004343C5864D4DD79A3333556685859411C7
:109DF0004545CF8AF9F910E9020206047F7F81FE0A
:109E00005050F0A03C3C44789F9FBA25A8A8E34B53
:109E10005151F3A2A3A3FE5D4040C0808F8F8A05FD
:109E20009292AD3F9D9DBC2138384870F5F504F104
:109E3000BCBCDF63B6B6C177DADA75AF2121634205
:109E400010103020FFFF1AE5F3F30EFDD2D26DBFE4
:109E5000CDCD4C810C0C141813133526ECEC2FC30C
:109E60005F5FE1BE9797A2354444CC881717392E1F
:109E7000C4C45793A7A7F2557E7E82FC3D3D477A26
:109E80006464ACC85D5DE7BA19192B32737395E64B
:109E90006060A0C0818198194F4FD19EDCDC7FA308
:109EA000222266442A2A7E549090AB3B8888830BFA
:109EB0004646CA8CEEEE29C7B8B8D36B14143C28BA
:109EC000DEDE79A75E5EE2BC0B0B1D16DBDB76AD3A
:109ED000E0E03BDB323256643A3A4E740A0A1E1412
:109EE0004949DB9206060A0C24246C485C5CE4B801
:109EF000C2C25D9FD3D36EBDACACEF436262A6C459
:109F00009191A8399595A431E4E437D379798BF20E
:109F1000E7E732D5C8C8438B3737596E6D6DB7DA6E
:109F20008D8D8C01D5D564B14E4ED29CA9A9E04946
:109F30006C6CB4D85656FAACF4F407F3EAEA25CFC1
:109F40006565AFCA7A7A8EF4AEAEE9470808181094
:109F5000BABAD56F787888F025256F4A2E2E725CB4
:109F60001C1C2438A6A6F157B4B4C773C6C65197B3
:109F7000E8E823CBDDDD7CA174749CE81F1F213E43
:109F80004B4BDD96BDBDDC618B8B860D8A8A850FC0
:109F9000707090E03E3E427CB5B5C4716666AACC56
:109FA0004848D89003030506F6F601F70E0E121C7A
:109FB0006161A3C235355F6A5757F9AEB9B9D06947
:109FC00086869117C1C158991D1D273A9E9EB927B3
:109FD000E1E138D9F8F813EB9898B32B111133223B
:109FE0006969BBD2D9D970A98E8E89079494A73399
:109FF0009B9BB62D1E1E223C87879215E9E920C93E
:10A00000CECE49875555FFAA28287850DFDF7AA59C
:10A010008C8C8F03A1A1F859898980090D0D171A1D
:10A02000BFBFDA65E6E631D74242C6846868B8D079
:10A030004141C3829999B0292D2D775A0F0F111ED6
:10A04000B0B0CB7B5454FCA8BBBBD66D16163A2CD3
:10A0500052096AD53036A538BF40A39E81F3D7FB9D
:10A060007CE339829B2FFF87348E4344C4DEE9CBE7
:10A07000547B9432A6C2233DEE4C950B42FAC34E5C
:10A08000082EA16628D924B2765BA2496D8BD12512
:10A0900072F8F66486689816D4A45CCC5D65B692B6
:10A0A0006C704850FDEDB9DA5E154657A78D9D845A
:10A0B00090D8AB008CBCD30AF7E45805B8B345067A
:10A0C000D02C1E8FCA3F0F02C1AFBD0301138A6B94
:10A0D0003A9111414F67DCEA97F2CFCEF0B4E673C4
:10A0E00096AC7422E7AD3585E2F937E81C75DF6E72
:10A0F00047F11A711D29C5896FB7620EAA18BE1BD8
:10A10000FC563E4BC6D279209ADBC0FE78CD5AF47D
:10A110001FDDA8338807C731B11210592780EC5FC3
:10A1200060517FA919B54A0D2DE57A9F93C99CEF1F
:10A13000A0E03B4DAE2AF5B0C8EBBB3C8353996120
:10A14000172B047EBA77D626E169146355210C7D5E
:10A1500051F4A7507E4165531A17A4C33A275E965F
:10A160003BAB6BCB1F9D45F1ACFA58AB4BE3039374
:10A170002030FA55AD766DF688CC7691F5024C25F7
:10A180004FE5D7FCC52ACBD726354480B562A38FCF
:10A19000DEB15A4925BA1B6745EA0E985DFEC0E15B
:10A1A000C32F7502814CF0128D4697A36BD3F9C66D
:10A1B000038F5FE715929C95BF6D7AEB955259DA44
:10A1C000D4BE832D587421D349E069298EC9C8446F
:10A1D00075C2896AF48E797899583E6B27B971DD1A
:10A1E000BEE14FB6F088AD17C920AC667DCE3AB45B
:10A1F00063DF4A18E51A31829751336062537F4515
:10A20000B16477E0BB6BAE84FE81A01CF9082B948F
:10A21000704868588F45FD1994DE6C87527BF8B7FB
:10A22000AB73D323724B02E2E31F8F576655AB2A01
:10A23000B2EB28072FB5C20386C57B9AD33708A592
:10A24000302887F223BFA5B202036ABAED16825CFA
:10A250008ACF1C2BA779B492F307F2F04E69E2A1E2
:10A2600065DAF4CD0605BED5D134621FC4A6FE8AD8
:10A27000342E539DA2F355A0058AE132A4F6EB7566
:10A280000B83EC394060EFAA5E719F06BD6E1051E2
:10A290003E218AF996DD063DDD3E05AE4DE6BD4622
:10A2A00091548DB571C45D050406D46F605015FFDF
:10A2B0001998FB24D6BDE997894043CC67D99E778E
:10A2C000B0E842BD07898B88E7195B3879C8EEDBB7
:10A2D000A17C0A477C420FE9F8841EC900000000F7
:10A2E00009808683322BED481E1170AC6C5A724E79
:10A2F000FD0EFFFB0F8538563DAED51E362D392796
:10A300000A0FD964685CA6219B5B54D124362E3A8F
:10A310000C0A67B19357E70FB4EE96D21B9B919E40
:10A3200080C0C54F61DC20A25A774B691C121A16F7
:10A33000E293BA0AC0A02AE53C22E043121B171D93
:10A340000E090D0BF28BC7AD2DB6A8B9141EA9C806
:10A3500057F11985AF75074CEE99DDBBA37F60FD02
:10A36000F701269F5C72F5BC44663BC55BFB7E34FF
:10A370008B432976CB23C6DCB6EDFC68B8E4F163E9
:10A38000D731DCCA426385101397224084C611205E
:10A39000854A247DD2BB3DF8AEF93211C729A16DA3
:10A3A0001D9E2F4BDCB230F30D8652EC77C1E3D00B
:10A3B0002BB3166CA970B999119448FA47E9642235
:10A3C000A8FC8CC4A0F03F1A567D2CD8223390EF05
:10A3D00087494EC7D938D1C18CCAA2FE98D40B3652
:10A3E000A6F581CFA57ADE28DAB78E263FADBFA4C9
:10A3F0002C3A9DE45078920D6A5FCC9B547E466265
:10A40000F68D13C290D8B8E82E39F75E82C3AFF547
:10A410009F5D80BE69D0937C6FD52DA9CF2512B3E7
:10A42000C8AC993B10187DA7E89C636EDB3BBB7BF7
:10A43000CD2678096E5918F4EC9AB701834F9AA883
:10A44000E6956E65AAFFE67E21BCCF08EF15E8E62B
:10A45000BAE79BD94A6F36CEEA9F09D429B07CD699
:10A4600031A4B2AF2A3F2331C6A5943035A266C0CD
:10A47000744EBC37FC82CAA6E090D0B033A7D81582
:10A48000F104984A41ECDAF77FCD500E1791F62F80
:10A49000764DD68D43EFB04DCCAA4D54E49604DFF3
:10A4A0009ED1B5E34C6A881BC12C1FB84665517F0D
:10A4B0009D5EEA04018C355DFA877473FB0B412EB7
:10A4C000B3671D5A92DBD252E91056336DD647134B
:10A4D0009AD7618C37A10C7A59F8148EEB133C890A
:10A4E000CEA927EEB761C935E11CE5ED7A47B13C4D
:10A4F0009CD2DF5955F2733F1814CE7973C737BF1A
:10A5000053F7CDEA5FFDAA5BDF3D6F147844DB862D
:10A51000CAAFF381B968C43E3824342CC2A3405F6B
:10A52000161DC372BCE2250C283C498BFF0D9541DA
:10A5300039A80171080CB3DED8B4E49C6456C1900C
:10A540007BCB8461D532B670486C5C74D0B857420E
:10A550005051F4A7537E4165C31A17A4963A275E5B
:10A56000CB3BAB6BF11F9D45ABACFA58934BE30370
:10A57000552030FAF6AD766D9188CC7625F5024CF3
:10A58000FC4FE5D7D7C52ACB802635448FB562A3CB
:10A5900049DEB15A6725BA1B9845EA0EE15DFEC057
:10A5A00002C32F7512814CF0A38D4697C66BD3F969
:10A5B000E7038F5F9515929CEBBF6D7ADA95525940
:10A5C0002DD4BE83D35874212949E069448EC9C86B
:10A5D0006A75C28978F48E796B99583EDD27B97116
:10A5E000B6BEE14F17F088AD66C920ACB47DCE3A57
:10A5F0001863DF4A82E51A31609751334562537F11
:10A60000E0B1647784BB6BAE1CFE81A094F9082B8B
:10A6100058704868198F45FD8794DE6CB7527BF8F7
:10A6200023AB73D3E2724B0257E31F8F2A6655ABFD
:10A6300007B2EB28032FB5C29A86C57BA5D337088E
:10A64000F2302887B223BFA5BA02036A5CED1682F6
:10A650002B8ACF1C92A779B4F0F307F2A14E69E2DE
:10A66000CD65DAF4D50605BE1FD134628AC4A6FED4
:10A670009D342E53A0A2F35532058AE175A4F6EB62
:10A68000390B83ECAA4060EF065E719F51BD6E10DE
:10A69000F93E218A3D96DD06AEDD3E05464DE6BD1E
:10A6A000B591548D0571C45D6F0406D4FF605015DB
:10A6B000241998FB97D6BDE9CC8940437767D99E8A
:10A6C000BDB0E8428807898B38E7195BDB79C8EEB3
:10A6D00047A17C0AE97C420FC9F8841E00000000F3
:10A6E0008309808648322BEDAC1E11704E6C5A7275
:10A6F000FBFD0EFF560F85381E3DAED527362D3992
:10A70000640A0FD921685CA6D19B5B543A24362E8B
:10A71000B10C0A670F9357E7D2B4EE969E1B9B913C
:10A720004F80C0C5A261DC20695A774B161C121AF3
:10A730000AE293BAE5C0A02A433C22E01D121B178F
:10A740000B0E090DADF28BC7B92DB6A8C8141EA902
:10A750008557F1194CAF7507BBEE99DDFDA37F60FE
:10A760009FF70126BC5C72F5C544663B345BFB7EFB
:10A77000768B4329DCCB23C668B6EDFC63B8E4F1E5
:10A78000CAD731DC10426385401397222084C6115A
:10A790007D854A24F8D2BB3D11AEF9326DC729A19F
:10A7A0004B1D9E2FF3DCB230EC0D8652D077C1E307
:10A7B0006C2BB31699A970B9FA1194482247E96431
:10A7C000C4A8FC8C1AA0F03FD8567D2CEF22339001
:10A7D000C787494EC1D938D1FE8CCAA23698D40B4E
:10A7E000CFA6F58128A57ADE26DAB78EA43FADBFC5
:10A7F000E42C3A9D0D5078929B6A5FCC62547E4661
:10A80000C2F68D13E890D8B85E2E39F7F582C3AF43
:10A81000BE9F5D807C69D093A96FD52DB3CF2512E3
:10A820003BC8AC99A710187D6EE89C637BDB3BBBF3
:10A8300009CD2678F46E591801EC9AB7A8834F9A7F
:10A8400065E6956E7EAAFFE60821BCCFE6EF15E827
:10A85000D9BAE79BCE4A6F36D4EA9F09D629B07C95
:10A86000AF31A4B2312A3F2330C6A594C035A266C9
:10A8700037744EBCA6FC82CAB0E090D01533A7D87E
:10A880004AF10498F741ECDA0E7FCD502F1791F67C
:10A890008D764DD64D43EFB054CCAA4DDFE49604EF
:10A8A000E39ED1B51B4C6A88B8C12C1F7F46655109
:10A8B000049D5EEA5D018C3573FA87742EFB0B41B3
:10A8C0005AB3671D5292DBD233E91056136DD64747
:10A8D0008C9AD7617A37A10C8E59F81489EB133C06
:10A8E000EECEA92735B761C9EDE11CE53C7A47B149
:10A8F000599CD2DF3F55F273791814CEBF73C73716
:10A90000EA53F7CD5B5FFDAA14DF3D6F867844DB29
:10A9100081CAAFF33EB968C42C3824345FC2A34067
:10A9200072161DC30CBCE2258B283C4941FF0D95D6
:10A930007139A801DE080CB39CD8B4E4906456C108
:10A94000617BCB8470D532B674486C5C42D0B8570A
:10A95000A75051F465537E41A4C31A175E963A2757
:10A960006BCB3BAB45F11F9D58ABACFA03934BE36C
:10A97000FA5520306DF6AD76769188CC4C25F502EF
:10A98000D7FC4FE5CBD7C52A44802635A38FB562C7
:10A990005A49DEB11B6725BA0E9845EAC0E15DFE53
:10A9A0007502C32FF012814C97A38D46F9C66BD365
:10A9B0005FE7038F9C9515927AEBBF6D59DA95523C
:10A9C000832DD4BE21D35874692949E0C8448EC967
:10A9D000896A75C27978F48E3E6B995871DD27B912
:10A9E0004FB6BEE1AD17F088AC66C9203AB47DCE53
:10A9F0004A1863DF3182E51A336097517F4562530D
:10AA000077E0B164AE84BB6BA01CFE812B94F90887
:10AA100068587048FD198F456C8794DEF8B7527BF3
:10AA2000D323AB7302E2724B8F57E31FAB2A6655F9
:10AA30002807B2EBC2032FB57B9A86C508A5D3378A
:10AA400087F23028A5B223BF6ABA0203825CED16F2
:10AA50001C2B8ACFB492A779F2F0F307E2A14E69DA
:10AA6000F4CD65DABED50605621FD134FE8AC4A6D0
:10AA7000539D342E55A0A2F3E132058AEB75A4F65E
:10AA8000EC390B83EFAA40609F065E711051BD6EDA
:10AA90008AF93E21063D96DD05AEDD3EBD464DE61A
:10AAA0008DB591545D0571C4D46F040615FF6050D7
:10AAB000FB241998E997D6BD43CC89409E7767D986
:10AAC00042BDB0E88B8807895B38E719EEDB79C8AF
:10AAD0000A47A17C0FE97C421EC9F88400000000EF
:10AAE00086830980ED48322B70AC1E11724E6C5A71
:10AAF000FFFBFD0E38560F85D51E3DAE3927362D8E
:10AB0000D9640A0FA621685C54D19B5B2E3A243687
:10AB100067B10C0AE70F935796D2B4EE919E1B9B38
:10AB2000C54F80C020A261DC4B695A771A161C12EF
:10AB3000BA0AE2932AE5C0A0E0433C22171D121B8B
:10AB40000D0B0E09C7ADF28BA8B92DB6A9C8141EFE
:10AB5000198557F1074CAF75DDBBEE9960FDA37FFA
:10AB6000269FF701F5BC5C723BC544667E345BFBF7
:10AB700029768B43C6DCCB23FC68B6EDF163B8E4E1
:10AB8000DCCAD7318510426322401397112084C656
:10AB9000247D854A3DF8D2BB3211AEF9A16DC7299B
:10ABA0002F4B1D9E30F3DCB252EC0D86E3D077C103
:10ABB000166C2BB3B999A97048FA1194642247E92D
:10ABC0008CC4A8FC3F1AA0F02CD8567D90EF2233FD
:10ABD0004EC78749D1C1D938A2FE8CCA0B3698D44A
:10ABE00081CFA6F5DE28A57A8E26DAB7BFA43FADC1
:10ABF0009DE42C3A920D5078CC9B6A5F4662547E5D
:10AC000013C2F68DB8E890D8F75E2E39AFF582C33F
:10AC100080BE9F5D937C69D02DA96FD512B3CF25DF
:10AC2000993BC8AC7DA71018636EE89CBB7BDB3BEF
:10AC30007809CD2618F46E59B701EC9A9AA8834F7B
:10AC40006E65E695E67EAAFFCF0821BCE8E6EF1523
:10AC50009BD9BAE736CE4A6F09D4EA9F7CD629B091
:10AC6000B2AF31A423312A3F9430C6A566C035A2C5
:10AC7000BC37744ECAA6FC82D0B0E090D81533A77A
:10AC8000984AF104DAF741EC500E7FCDF62F179178
:10AC9000D68D764DB04D43EF4D54CCAA04DFE496EB
:10ACA000B5E39ED1881B4C6A1FB8C12C517F466505
:10ACB000EA049D5E355D018C7473FA87412EFB0BAF
:10ACC0001D5AB367D25292DB5633E91047136DD643
:10ACD000618C9AD70C7A37A1148E59F83C89EB1302
:10ACE00027EECEA9C935B761E5EDE11CB13C7A4745
:10ACF000DF599CD2733F55F2CE79181437BF73C712
:10AD0000CDEA53F7AA5B5FFD6F14DF3DDB86784425
:10AD1000F381CAAFC43EB968342C3824405FC2A363
:10AD2000C372161D250CBCE2498B283C9541FF0DD2
:10AD3000017139A8B3DE080CE49CD8B4C190645604
:10AD400084617BCBB670D5325C74486C5742D0B806
:10AD5000F4A750514165537E17A4C31A275E963A53
:10AD6000AB6BCB3B9D45F11FFA58ABACE303934B68
:10AD700030FA5520766DF6ADCC769188024C25F5EB
:10AD8000E5D7FC4F2ACBD7C53544802662A38FB5C3
:10AD9000B15A49DEBA1B6725EA0E9845FEC0E15D4F
:10ADA0002F7502C34CF012814697A38DD3F9C66B61
:10ADB0008F5FE703929C95156D7AEBBF5259DA9538
:10ADC000BE832DD47421D358E0692949C9C8448E63
:10ADD000C2896A758E7978F4583E6B99B971DD270E
:10ADE000E14FB6BE88AD17F020AC66C9CE3AB47D4F
:10ADF000DF4A18631A3182E551336097537F456209
:10AE00006477E0B16BAE84BB81A01CFE082B94F983
:10AE10004868587045FD198FDE6C87947BF8B752EF
:10AE200073D323AB4B02E2721F8F57E355AB2A66F5
:10AE3000EB2807B2B5C2032FC57B9A863708A5D386
:10AE40002887F230BFA5B223036ABA0216825CEDEE
:10AE5000CF1C2B8A79B492A707F2F0F369E2A14ED6
:10AE6000DAF4CD6505BED50634621FD1A6FE8AC4CC
:10AE70002E539D34F355A0A28AE13205F6EB75A45A
:10AE800083EC390B60EFAA40719F065E6E1051BDD6
:10AE9000218AF93EDD063D963E05AEDDE6BD464D16
:10AEA000548DB591C45D057106D46F045015FF60D3
:10AEB00098FB2419BDE997D64043CC89D99E776782
:10AEC000E842BDB0898B8807195B38E7C8EEDB79AB
:10AED0007C0A47A1420FE97C841EC9F800000000EB
:10AEE000808683092BED48321170AC1E5A724E6C6D
:10AEF0000EFFFBFD8538560FAED51E3D2D3927368A
:10AF00000FD9640A5CA621685B54D19B362E3A2483
:10AF10000A67B10C57E70F93EE96D2B49B919E1B34
:10AF2000C0C54F80DC20A261774B695A121A161CEB
:10AF300093BA0AE2A02AE5C022E0433C1B171D1287
:10AF4000090D0B0E8BC7ADF2B6A8B92D1EA9C814FA
:10AF5000F119855775074CAF99DDBBEE7F60FDA3F6
:10AF600001269FF772F5BC5C663BC544FB7E345BF3
:10AF70004329768B23C6DCCBEDFC68B6E4F163B8DD
:10AF800031DCCAD76385104297224013C611208452
:10AF90004A247D85BB3DF8D2F93211AE29A16DC797
:10AFA0009E2F4B1DB230F3DC8652EC0DC1E3D077FF
:10AFB000B3166C2B70B999A99448FA11E964224729
:10AFC000FC8CC4A8F03F1AA07D2CD8563390EF22F9
:10AFD000494EC78738D1C1D9CAA2FE8CD40B369846
:10AFE000F581CFA67ADE28A5B78E26DAADBFA43FBD
:10AFF0003A9DE42C78920D505FCC9B6A7E46625459
:10B000008D13C2F6D8B8E89039F75E2EC3AFF5823B
:10B010005D80BE9FD0937C69D52DA96F2512B3CFDB
:10B02000AC993BC8187DA7109C636EE83BBB7BDBEB
:10B03000267809CD5918F46E9AB701EC4F9AA88377
:10B04000956E65E6FFE67EAABCCF082115E8E6EF1F
:10B05000E79BD9BA6F36CE4A9F09D4EAB07CD6298D
:10B06000A4B2AF313F23312AA59430C6A266C035C1
:10B070004EBC377482CAA6FC90D0B0E0A7D8153376
:10B0800004984AF1ECDAF741CD500E7F91F62F1774
:10B090004DD68D76EFB04D43AA4D54CC9604DFE4E7
:10B0A000D1B5E39E6A881B4C2C1FB8C165517F4601
:10B0B0005EEA049D8C355D01877473FA0B412EFBAB
:10B0C000671D5AB3DBD25292105633E9D647136D3F
:10B0D000D7618C9AA10C7A37F8148E59133C89EBFE
:10B0E000A927EECE61C935B71CE5EDE147B13C7A41
:10B0F000D2DF599CF2733F5514CE7918C737BF730E
:10B10000F7CDEA53FDAA5B5F3D6F14DF44DB867821
:10B11000AFF381CA68C43EB924342C38A3405FC25F
:10B120001DC37216E2250CBC3C498B280D9541FFCE
:10B13000A80171390CB3DE08B4E49CD856C1906400
:10B14000CB84617B32B670D56C5C7448B85742D002
:10B1500001000000020000000400000008000000E0
:10B1600010000000200000004000000080000000EF
:10B170001B000000360000003D0000000000000041
:10B180009D00000098C002001007010003000000AD
:10B1900003000000030000000300000000000000A6
:10B1A0009C000000F8C002000E0601000300000031
:10B1B0000300000003000000030000000000000086
:10B1C0003C000000D8C0020005060100030000009A
:10B1D0000300000003000000030000000000000066
:10B1E0003D000000B8C00200070601000300000097
:10B1F0000300000003000000030000000000000046
:10B200002F00000035C1020005040100030000000A
:10B210000000000003000000030000000000000028
:10B220003500000018C102000704010003000000FF
:10B230000000000003000000030000000000000008
:10B240000000000067C902000000000000000000CC
:10B2500000000000000000000000000000000000EE
:10B260000100000052C10200DF0A0100CD0A010006
:10B27000EF0A0100450B0100810B0100C10B010029
:10B28000070C0100170C0100330C0100450C0100F4
:10B29000BFC102000300000034C50200F0C4020078
:10B2A000FBCB0200FBC102000300000085C50200C9
:10B2B00048C9020034C4020017C2020003000000A3
:10B2C00059C9020050C902004EC402002DC202003A
:10B2D00003000000DFC50200D9C5020063C40200FC
:10B2E00056C20200030000001DC50200C2C60200D3
:10B2F00056C402006DC202000300000053C50200E4
:10B30000E8C8020066C4020085C10200090000000E
:10B3100094C80200B0C8020094C80200F7C102003D
:10B320000300000091C70200A4C7020097C70200F3
:10B330009DC202000300000080C80200A1C80200F4
:10B3400086C80200A1C20200030000008DC40200F2
:10B350009EC4020093C40200E0C10200030000008A
:10B3600045C50200A2C5020053C40200F5C2020096
:10B37000030000000DC5020097C5020050C4020082
:10B38000F9C202000300000071C8020068C8020090
:10B3900077C80200FDC2020003000000C4C702001B
:10B3A000FBC70200CAC7020081C2020003000000FE
:10B3B000E4C40200DEC40200EAC4020005C30200C5
:10B3C00003000000B2C70200DEC70200B8C70200D7
:10B3D00013C402000300000076C602006CC602001F
:10B3E0007CC60200ADC202000A000000F1C80200E3
:10B3F00004C9020033C4020001C3020003000000BC
:10B4000022C8020010C8020028C802000000000084
:10B41000000000000000000000000000000000002C
:10B42000A9C2020003000000D1C80200BFC8020088
:10B430000001000099C2020003000000CFC4020016
:10B44000B3C4020004000000C8C2020003000000F0
:10B45000BDC40200AAC4020000080000A5C2020088
:10B460000300000070C50200FCC4020020000000C0
:10B4700060C1020009000000C4C50200AAC50200A4
:10B4800000000100C4C20200030000004EC8020018
:10B4900039C80200080000000000000000000000A1
:10B4A0000000000000000000000000007CC102005D
:10B4B000080000004AC6020086C60200A3C10200BE
:10B4C000080000005BC60200A4C60200B6C102006C
:10B4D0000800000017C60200F8C50200D7C102002C
:10B4E00008000000E1C60200CFC6020024C202002C
:10B4F0000800000037C6020029C602003AC2020056
:10B500000800000005C60200EBC502008FC1020062
:10B510000900000076C40200CCC202000000000056
:10B52000000000000000000000000000F7CD020055
:10B530000400000020C9020015C90200000000003C
:10B54000000000000000000000000000C3C1020075
:10B550000900000056C70200CCC30200030100002E
:10B56000E4C1020009000000F7C6020014C3020093
:10B57000040100008FC202000900000026C702007B
:10B5800066C30200050100005AC202000900000063
:10B590006BC70200E0C302000601000071C2020096
:10B5A000090000003EC7020099C302000701000025
:10B5B00085C20200090000000EC7020033C302006A
:10B5C00008010000BEC2020005000000F7C602002C
:10B5D00014C302000401000043C20200090000007D
:10B5E00058C4020058C40200000600000000000019
:10B5F000000000000000000000000000000000004B
:10B6000056C102000900000083C7020052C10200B7
:10B610000100000074C10200070000002AC90200F6
:10B6200039C90200020000007BC2020005000000D0
:10B6300046C4020036C402000300000000000000FF
:10B6400000000000000000000000000000000000FA
:10B65000FFC10200050000002CC4020024C4020047
:10B66000210000000EC202000800000069C40200B0
:10B6700017C40200250000000000000000000000C8
:10B68000000000000000000000000000EEC1020009
:10B6900008000000D9C30200D5C302000300000067
:10B6A000B8C20200050000002BC302000EC3020056
:10B6B00004000000CDC10200090000008FC3020099
:10B6C0007CC30200050000006AC1020009000000FE
:10B6D00009C40200F6C302000600000099C102007E
:10B6E00009000000C2C30200AFC30200070000004F
:10B6F000ACC10200090000005CC3020049C30200A3
:10B700000800000000000000000000000000000031
:10B71000000000000000000005C202000800000058
:10B7200022C3020009C30200040000001BC2020081
:10B730000800000084C3020077C302000500000077
:10B7400031C2020008000000FEC30200F1C3020083
:10B75000060000004DC2020008000000B7C302004E
:10B76000AAC302000700000064C202000800000033
:10B7700051C3020044C302000800000000000000A2
:10B7800000000000000000000000000000000000B9
:10B79000D5C302000310400026C302000414400079
:10B7A00088C30200051C400002C4020006204000BD
:10B7B000BBC302000730800055C302000840800070
:10B7C000080000000700000006000000050000005F
:10B7D000040000000300000000000000982F8A42CF
:10B7E00091443771CFFBC0B5A5DBB5E95BC25639D3
:10B7F000F111F159A4823F92D55E1CAB98AA07D8EB
:10B80000015B8312BE853124C37D0C55745DBE720D
:10B81000FEB1DE80A706DC9B74F19BC1C1699BE48D
:10B820008647BEEFC69DC10FCCA10C246F2CE92D1D
:10B83000AA84744ADCA9B05CDA88F97652513E9841
:10B840006DC631A8C82703B0C77F59BFF30BE0C648
:10B850004791A7D55163CA0667292914850AB727D6
:10B8600038211B2EFC6D2C4D130D385354730A6573
:10B87000BB0A6A762EC9C281852C7292A1E8BFA24A
:10B880004B661AA8708B4BC2A3516CC719E892D1B2
:10B89000240699D685350EF470A06A1016C1A41935
:10B8A000086C371E4C774827B5BCB034B30C1C3934
:10B8B0004AAAD84E4FCA9C5BF36F2E68EE828F74F3
:10B8C0006F63A5781478C8840802C78CFAFFBE900D
:10B8D000EB6C50A4F7A3F9BEF27871C6000000002B
:10B8E00022AE28D7982F8A42CD65EF239144377135
:10B8F0002F3B4DECCFFBC0B5BCDB8981A5DBB5E9A7
:10B9000038B548F35BC2563919D005B6F111F15973
:10B910009B4F19AFA4823F9218816DDAD55E1CABA4
:10B92000420203A398AA07D8BE6F7045015B831239
:10B930008CB2E44EBE853124E2B4FFD5C37D0C55F4
:10B940006F897BF2745DBE72B196163BFEB1DE80EC
:10B950003512C725A706DC9B942669CF74F19BC1DD
:10B96000D24AF19EC1699BE4E3254F388647BEEF7A
:10B97000B5D58C8BC69DC10F659CAC77CCA10C2432
:10B9800075022B596F2CE92D83E4A66EAA84744AA4
:10B99000D4FB41BDDCA9B05CB5531183DA88F976DC
:10B9A000ABDF66EE52513E981032B42D6DC631A811
:10B9B0003F21FB98C82703B0E40EEFBEC77F59BFF5
:10B9C000C28FA83DF30BE0C625A70A934791A7D5E0
:10B9D0006F8203E05163CA06706E0E0A672929144C
:10B9E000FC2FD246850AB72726C9265C38211B2E94
:10B9F000ED2AC45AFC6D2C4DDFB3959D130D3853C1
:10BA0000DE63AF8B54730A65A8B2773CBB0A6A76D3
:10BA1000E6AEED472EC9C2813B358214852C729269
:10BA20006403F14CA1E8BFA2013042BC4B661AA8E6
:10BA30009197F8D0708B4BC230BE5406A3516CC79F
:10BA40001852EFD619E892D110A96555240699D657
:10BA50002A20715785350EF4B8D1BB3270A06A1018
:10BA6000C8D0D2B816C1A41953AB4151086C371EC7
:10BA700099EB8EDF4C774827A8489BE1B5BCB034E2
:10BA8000635AC9C5B30C1C39CB8A41E34AAAD84EC4
:10BA900073E363774FCA9C5BA3B8B2D6F36F2E688B
:10BAA000FCB2EF5DEE828F74602F17436F63A57851
:10BAB00072ABF0A11478C884EC39641A0802C78C00
:10BAC000281E6323FAFFBE90E9BD82DEEB6C50A412
:10BAD0001579C6B2F7A3F9BE2B5372E3F27871C69B
:10BAE0009C6126EACE3E27CA07C2C021C7B886D1CC
:10BAF0001EEBE0CDD67DDAEA78D16EEE7F4F7DF594
:10BB0000BA6F1772AA67F006A698C8A2C57D630A25
:10BB1000AE0DF9BE04983F111B471C13350B711B6A
:10BB2000847D0423F577DB289324C7407BABCA329E
:10BB3000BCBEC9150ABE9E3C4C0D109CC4671D437B
:10BB4000B6423ECBBED4C54C2A7E65FC9C297F59AB
:10BB5000ECFAD63AAB6FCB5F1758474A8C19446C56
:10BB6000F0000000FFFFFF0FFFFFFF0F00080000C5
:10BB7000E0000000FFFFFF0F0000000000080000D1
:10BB8000600000000A00000000000000000000004B
:10BB90000100000023CC02000200000068C902007E
:10BBA00004000000B9CB0200080000007FCB0200B7
:10BBB000100000004DCB02002000000048CC020025
:10BBC00040000000A4CC020080000000FECB020078
:10BBD0000001000097C902000002000076CC0200BC
:10BBE000000400005BCC020000080000F0CC020062
:10BBF00000100000BCCC0200002000001CCD0200A0
:10BC00000040000018CB02000080000006CA0200BD
:10BC10000000010099CA020000000200EBCA020005
:10BC200000000400C5C90200000008004FCA02005D
:10BC300000000000000000000200000025F30100E9
:10BC400041F3010079F3010065F301008DF3010078
:10BC5000ABF30100020100008000000062CD020091
:10BC600000000000000000001000000038BC0200CE
:10BC700003010000C00000004ACD020000000000E7
:10BC8000000000001000000038BC020004010000A9
:10BC90000001000056CD020000000000000000007E
:10BCA0001000000038BC0200050200008000000007
:10BCB00086CD02001000000000000000100000000F
:10BCC00038BC020006020000C00000006ECD020079
:10BCD00010000000000000001000000038BC02004E
:10BCE00007020000000100007ACD020010000000F1
:10BCF000000000001000000038BC0200020000003C
:10BD00000000000000000000BDF30100BDF30100D1
:10BD1000F9F2010013F301000E060000800000009C
:10BD2000AACD02000C00000001000000100000007D
:10BD3000FCBC02000F060000C000000092CD020013
:10BD40000C0000000100000010000000FCBC02001C
:10BD500010060000000100009ECD02000C00000053
:10BD60000100000010000000FCBC02000200000006
:10BD700054BC02000300000070BC0200040000007C
:10BD80008CBC020005000000A8BC020006000000F8
:10BD9000C4BC020007000000E0BC02000E0000006E
:10BDA00018BD02000F00000034BD020010000000AA
:10BDB00050BD020000000000000000000000000074
:10BDC0000000000000000000201C00000000000037
:10BDD0004038000000000000602400000000000067
:10BDE0008070000000000000A06C00000000000057
:10BDF000C048000000000000E05400000000000007
:10BE000000E100000000000020FD00000000000034
:10BE100040D900000000000060C5000000000000E4
:10BE20008091000000000000A08D000000000000D4
:10BE3000C0A9000000000000E0B500000000000004
:10BE40008000000000000000000000000000000072
:10BE500000000000000000000000000000000000E2
:10BE600000000000000000000000000000000000D2
:10BE700000000000000000000000000000000000C2
:10BE80008000000000000000000000000000000032
:10BE900000000000000000000000000000000000A2
:10BEA0000000000000000000000000000000000092
:10BEB0000000000000000000000000000000000082
:10BEC0007B226D6574686F64223A227265706F72AE
:10BED00074222C22636C69656E74546F6B656E22DC
:10BEE0003A22313233222C2274696D657374616D8C
:10BEF00070223A313632383634363738332C2270A5
:10BF00006172616D73223A7B224456223A22257374
:10BF1000222C22534A595F434F554E54223A2564EE
:10BF20007D7D003031323334353637383941424344
:10BF30004445464030580030313233343536373896
:10BF4000396162636465664030780004000008006F
:10BF500000000000000002000100001000000000CE
:10BF6000000000000000F03F000000000000F83F6B
:10BF700000000000000000000000004003B8E23FA5
:10BF8000000000000000000006D0CF43EBFD4C3E57
:10BF9000033333333333E33FFFAB6FDBB66DDB3F4C
:10BFA0004D268F515555D53F01411DA96074D13F94
:10BFB00065DBC9934A86CD3FEF4E454A287ECA3F8E
:10BFC0003E5555555555C53F93BDBE166CC166BF10
:10BFD0002CDE25AF6A56113FF16BD2C541BDBBBE09
:10BFE000D0A4BE726937663E000000000000000069
:10BFF000000000000000000002400000000000A05F
:10C000000000000005400000000000C80000000023
:10C010000C4000000000409C00000000194000009F
:10C020000020BCBE0000000034400000BFC91B8ED1
:10C0300000000004B5400000504BCFD06607E2CFAF
:10C04000010000006C4100003E8251AADFEEA734DF
:10C0500001000000D9420000DCB5A0E23A301F9791
:10C06000FFFFFFFFB4450000FD25A0C8E9A3C14FB5
:10C07000FFFFFFFFFF3F0000000000800000000006
:10C08000FF3F0000000000800000000073736C5F41
:10C09000636C69656E743100544C532D5253412DBD
:10C0A000574954482D4145532D3235362D47434D80
:10C0B0002D53484133383400544C532D5253412DA5
:10C0C000574954482D4145532D3235362D4342436F
:10C0D0002D53484132353600544C532D5253412D87
:10C0E000574954482D4145532D3132382D43424351
:10C0F0002D53484132353600544C532D5253412D67
:10C10000574954482D4145532D3132382D47434D21
:10C110002D53484132353600544C532D5253412D46
:10C12000574954482D4145532D3235362D4342430E
:10C130002D53484100544C532D5253412D574954CF
:10C14000482D4145532D3132382D4342432D53481C
:10C150004100525341002A864886F70D0101010033
:10C160006086480186F84201010060864801650347
:10C17000040201002A8648CE3D0201002B0601057B
:10C1800005070301002A864886F70D010901002BE7
:10C190000601040182E4250100608648016503046C
:10C1A0000202002B06010505070302006086480114
:10C1B0006503040203002B06010505070303005570
:10C1C0000403002A864886F70D01010400608648B2
:10C1D000016503040204002B0601050507030400A2
:10C1E000550404002A864886F70D010105002A86B9
:10C1F0004886F70D02050055040500550406002B7E
:10C200000E030207002A864886F70D0207002A86D9
:10C210004886F70D030700550407002A864886F76D
:10C220000D0208002B060105050703080055040848
:10C23000002A864886F70D0209002B06010505072E
:10C240000309002A864886F70D01010A002A86485C
:10C2500086F70D020A0055040A002A864886F70D63
:10C2600001010B002A864886F70D020B0055040BCE
:10C27000002A864886F70D01010C002B8104010C71
:10C280000055040C002A864886F70D01010D002A8E
:10C29000864886F70D01010E00551D0F005504104C
:10C2A0000055041100551D1100551D13000992265B
:10C2B0008993F22C640119002B0E03021A002B0E35
:10C2C00003021D00551D2000551D250057692D53E3
:10C2D000554E20416C6C69616E6365204669656CE2
:10C2E000642041726561204E6574776F726B2028FF
:10C2F00046414E290055042A0055042B0055042CB4
:10C300000055042D0055042E00484D41432D53483F
:10C31000412D3100525341207769746820534841C0
:10C320003100686D6163534841310069642D736861
:10C330006131005253412077697468205348412D80
:10C3400035313200484D41432D5348412D3531326E
:10C3500000686D61635348413531320069642D7363
:10C360006861353132005253412077697468205337
:10C3700048412D32323400484D41432D5348412D20
:10C3800032323400686D616353484132323400699F
:10C39000642D7368613232340052534120776974DE
:10C3A00068205348412D33383400484D41432D53C4
:10C3B00048412D33383400686D6163534841333848
:10C3C000340069642D73686133383400525341205E
:10C3D00077697468204D44350069642D6D643500BB
:10C3E0005253412077697468205348412D323536C5
:10C3F00000484D41432D5348412D32353600686D7C
:10C4000061635348413235360069642D7368613287
:10C41000353600550441004445532D454445332DE0
:10C42000434243004445532D4342430064657343F4
:10C430004243004443004543206B657920666F7298
:10C4400020454344480069642D65634448004C001E
:10C45000474E00534E004F005253415353412D500D
:10C460005353005354004F55006465732D65646544
:10C47000332D6362630069642D6B702D776973756A
:10C480006E2D66616E2D6465766963650069642D45
:10C4900061742D706F7374616C436F646500506FCD
:10C4A0007374616C20636F646500457874656E64B5
:10C4B0006564204B65792055736167650069642D5B
:10C4C00063652D6578744B6579557361676500699F
:10C4D000642D63652D6B65795573616765005469DB
:10C4E000746C650069642D61742D7469746C6500E9
:10C4F000436F6D6D6F6E204E616D65005375626A9E
:10C5000065637420416C74204E616D650069642D13
:10C5100061742D676976656E4E616D650069642D85
:10C5200061742D6F7267616E697A6174696F6E4EA6
:10C53000616D650069642D61742D636F6D6D6F6E43
:10C540004E616D650069642D61742D7375724E6165
:10C550006D650069642D61742D6F7267616E697A13
:10C560006174696F6E616C556E69744E616D6500C2
:10C5700069642D63652D7375626A656374416C74BB
:10C580004E616D650069642D61742D636F756E7405
:10C5900072794E616D6500476976656E206E616DDA
:10C5A00065005375726E616D65004E6574736361ED
:10C5B00070652043657274696669636174652054AF
:10C5C0007970650069642D6E657473636170652DA3
:10C5D0006365727474797065005374617465006981
:10C5E000642D61742D7374617465004F4353502042
:10C5F0005369676E696E6700436F646520536967AE
:10C600006E696E670069642D6B702D4F43535053F4
:10C6100069676E696E670069642D6B702D636F6466
:10C62000655369676E696E670054696D6520537460
:10C63000616D70696E670069642D6B702D74696D32
:10C64000655374616D70696E670069642D6B702D40
:10C65000736572766572417574680069642D6B70DC
:10C660002D636C69656E74417574680050736575EF
:10C67000646F6E796D0069642D61742D70736575DA
:10C68000646F6E796D00544C53205765622053657A
:10C69000727665722041757468656E746963617441
:10C6A000696F6E00544C532057656220436C696576
:10C6B0006E742041757468656E7469636174696F26
:10C6C0006E004F7267616E697A6174696F6E0045C2
:10C6D0002D6D61696C2050726F74656374696F6E43
:10C6E0000069642D6B702D656D61696C50726F749B
:10C6F000656374696F6E007368612D315769746882
:10C70000525341456E6372797074696F6E0073683D
:10C710006135313257697468525341456E6372799D
:10C720007074696F6E00736861323234576974686F
:10C73000525341456E6372797074696F6E0073680D
:10C740006133383457697468525341456E63727966
:10C750007074696F6E006D64355769746852534127
:10C76000456E6372797074696F6E007368613235FB
:10C770003657697468525341456E637279707469B3
:10C780006F6E00727361456E6372797074696F6E5B
:10C790000069642D61742D73657269616C4E756DED
:10C7A0006265720053657269616C206E756D6265B9
:10C7B000720069642D61742D646E5175616C6966D7
:10C7C0006965720069642D61742D67656E657261BB
:10C7D00074696F6E5175616C696669657200446950
:10C7E0007374696E67756973686564204E616D6501
:10C7F000207175616C69666965720047656E657266
:10C800006174696F6E207175616C6966696572002B
:10C81000556E69717565204964656E7469666965F0
:10C82000720069642D61742D756E69717565496456
:10C83000656E7469666965720043657274696669DC
:10C840006361746520506F6C696369657300696426
:10C850002D63652D636572746966696361746550E3
:10C860006F6C696369657300496E697469616C73A3
:10C870000069642D61742D696E697469616C73005F
:10C8800069642D61742D706F7374616C416464729E
:10C8900065737300656D61696C416464726573737F
:10C8A00000506F7374616C2061646472657373000F
:10C8B000452D6D61696C206164647265737300421B
:10C8C0006173696320436F6E73747261696E747310
:10C8D0000069642D63652D6261736963436F6E73D4
:10C8E000747261696E7473004F726720556E69745B
:10C8F0000069642D646F6D61696E436F6D706F6E5A
:10C90000656E7400446F6D61696E20636F6D706F4A
:10C910006E656E7400416E7920506F6C69637900AA
:10C92000616E79506F6C6963790069642D6563503D
:10C9300075626C69634B65790047656E6572696302
:10C94000204543206B657900436F756E74727900E2
:10C950004C6F63616C6974790069642D61742D6C2E
:10C960006F63616C697479005468652063657274E3
:10C970006966696361746520686173206265656ECC
:10C98000207265766F6B656420286973206F6E2056
:10C99000612043524C29004F7468657220726561B2
:10C9A000736F6E202863616E206265207573656405
:10C9B000206279207665726966792063616C6C62A9
:10C9C00061636B29005468652043524C20697320D1
:10C9D0007369676E6564207769746820616E20757D
:10C9E0006E61636365707461626C6520504B206199
:10C9F0006C67202865672052534120767320454399
:10CA0000445341292E005468652063657274696639
:10CA10006963617465206973207369676E6564205A
:10CA20007769746820616E20756E616363657074E8
:10CA300061626C6520504B20616C6720286567201F
:10CA4000525341207673204543445341292E0054CC
:10CA500068652043524C206973207369676E656472
:10CA6000207769746820616E20756E6163636570FC
:10CA70007461626C65206B6579202865672062614E
:10CA8000642063757276652C2052534120746F6F59
:10CA90002073686F7274292E005468652063657274
:10CAA0007469666963617465206973207369676E70
:10CAB0006564207769746820616E20756E616363B8
:10CAC00065707461626C65206B65792028656720EC
:10CAD0006261642063757276652C20525341207424
:10CAE0006F6F2073686F7274292E0054686520433D
:10CAF000524C206973207369676E6564207769748E
:10CB00006820616E20756E61636365707461626C2C
:10CB10006520686173682E005468652063657274CF
:10CB200069666963617465206973207369676E65FE
:10CB300064207769746820616E20756E6163636537
:10CB4000707461626C6520686173682E005468655A
:10CB50002043524C206973206E6F7420636F727291
:10CB60006563746C79207369676E656420627920EF
:10CB70007468652074727573746564204341005451
:10CB800068652063657274696669636174652069AC
:10CB900073206E6F7420636F72726563746C79209A
:10CBA0007369676E656420627920746865207472A9
:10CBB0007573746564204341005468652063657231
:10CBC000746966696361746520436F6D6D6F6E2073
:10CBD0004E616D652028434E2920646F6573206E79
:10CBE0006F74206D6174636820776974682074685D
:10CBF0006520657870656374656420434E00436505
:10CC000072746966696361746520766572696669C4
:10CC1000636174696F6E2077617320736B697070E4
:10CC20006564005468652063657274696669636150
:10CC300074652076616C6964697479206861732019
:10CC400065787069726564005468652043524C20B1
:10CC50006973206578706972656400546865204363
:10CC6000524C2069732066726F6D2074686520666F
:10CC700075747572650054686520636572746966C1
:10CC800069636174652076616C6964697479207385
:10CC9000746172747320696E20746865206675749F
:10CCA00075726500436572746966696361746520B5
:10CCB000776173206D697373696E6700557361677F
:10CCC0006520646F6573206E6F74206D6174636896
:10CCD0002074686520657874656E6465644B657959
:10CCE000557361676520657874656E73696F6E0052
:10CCF000557361676520646F6573206E6F74206D76
:10CD00006174636820746865206B65795573616729
:10CD10006520657874656E73696F6E005573616721
:10CD20006520646F6573206E6F74206D6174636835
:10CD300020746865206E7343657274547970652041
:10CD4000657874656E73696F6E004145532D313996
:10CD5000322D454342004145532D3235362D454352
:10CD600042004145532D3132382D45434200414563
:10CD7000532D3139322D434243004145532D323535
:10CD8000362D434243004145532D3132382D434225
:10CD900043004145532D3139322D47434D00414524
:10CDA000532D3235362D47434D004145532D3132F9
:10CDB000382D47434D004142434445464748494A80
:10CDC0004B4C4D4E4F505152535455565758595A3B
:10CDD0006162636465666768696A6B6C6D6E6F70CB
:10CDE0007172737475767778797A3031323334357D
:10CDF000363738392B2F00551D20000048CF020050
:10CE000040000020C0030000FC000000C0D0020071
:10CE100000040020D8720100580100001001000039
:10CE200043000000F8FFFFFF00404040404040400A
:10CE300040404141414141404040404040404040ED
:10CE40004040404040404040400502020202020291
:10CE500002020202020202020220202020202020E0
:10CE600020202002020202020202909090909090F4
:10CE700010101010101010101010101010101010B2
:10CE80001010101002020202020288888888888826
:10CE90000808080808080808080808080808080812
:10CEA000080808080202020240000000000000001A
:10CEB0000000000000000000000000000000000072
:10CEC0000000000000000000000000000000000062
:10CED0000000000000000000000000000000000052
:10CEE0000000000000000000000000000000000042
:10CEF0000000000000000000000000000000000032
:10CF00000000000000000000000000000000000021
:10CF10000000000000000000000000000000000011
:10CF20000000000000000000000000001C000000E5
:10CF300043000000F8FFFFFF0C0000000E0000009F
:10CF40000F0000002E000000011C2009202601080F
:10CF500020243002D201164552524F5220112F2F59
:10CF60006232332E74762F746A7937567A42000D06
:10CF7000130530312ED3A6D3C3C8EBBFDA191E0078
:10CF80000A1541505020456E74727913A03E2A2034
:10CF90000441080D120530322EB8FCD0C2B9CCBC09
:10CFA000FE4C081116322E55706461746546697224
:10CFB0006D776172654C29BA3C0530334C0D12B562
:10CFC000E3CAFD4C5A334C0E19436F756E74983A90
:10CFD000024C080B12342ED3EFD1D4D1A1D4F14C92
:10CFE000F80A342E4C616E6775616792614B0802D6
:10CFF0004C3A064CE80F352EBBD6B8B4B3F6B3A7FF
:10D00000C9E8D6C34C080E11352E466163746F72A1
:10D0100079526573659969983205000B1502312EB6
:10D02000456E676C697368091C1E594C228C2B2055
:10D03000044C0718322ED6D0CEC4091C1E994C328F
:10D04000034BFFFF042910F1C2C01008010257353D
:10D0500035303023E95D1AEB041AED041AEF041A97
:10D06000F1041AF70401201AFF0141320A27574937
:10D070005A6E657423E566230B671A2D0401289404
:10D080008CC00214CD4C024B2B4D1014DB570223E5
:10D09000021729D432083207320672051A2BCE5AEB
:10D0A0002CD229182920818BB6CD544104215858FF
:10D0B00059000D1C676F6F646576657279646179DC
:04000005000000C136
:00000001FF
