:020000040000FA
:10000000C08601209D020000A1020000A3020000A2
:10001000A5020000A7020000A902000000000000E5
:10002000000000000000000000000000AB02000023
:10003000AD02000000000000AF0200000309000054
:10004000B3020000B3020000000000007B090000C2
:10005000C1230000DF230000B3020000B302000050
:1000600000000000B3020000B3020000B302000071
:10007000B302000000000000B3020000B302000061
:10008000B3020000B3020000B3020000B30200009C
:10009000B3020000E7090000B3020000B302000051
:1000A000B302000000000000B3020000B302000031
:1000B000000000000000000000000000B30200008B
:1000C00000F002F800F0BCF80AA090E8000C8244AE
:1000D0008344AAF10107DA4501D100F0B1F8AFF28B
:1000E000090EBAE80F0013F0010F18BFFB1A43F016
:1000F00001031847E8C6020008C7020010F8013BD8
:100100000A4413F0030408BF10F8014B1D1108BF87
:1001100010F8015B641E05D010F8016B641E01F835
:10012000016BF9D1002D15D010F8014B03F00C0331
:100130000C2BA1EB04040ABF10F8013BA4EB8314C1
:10014000A4EB032405F1010314F8016B5B1E01F815
:10015000016BF9D5914238BF10F8013BD1D37047FC
:100160000023002400250026103A28BF78C1FBD8C0
:10017000520728BF30C148BF0B6070476E2924F07A
:100180007584702924F0CA84662928F09581652930
:1001900028F09281672928F08F816129AFF30080D0
:1001A00003681B0A28BF41F08001692924F02284DA
:1001B000642924F01F84752924F01C846F2925F0FC
:1001C000BB84782924F09684E92925F05384E42916
:1001D00025F05084F52925F04D84EF2925F0B884C9
:1001E000F82924F095840368DB0928BF41F08001D9
:1001F000632925F0C283732925F0C783E32925F0FD
:10020000F385F32925F0F885002070471FB528F005
:1002100010F99DE8030025F0C1F824F02CFE25F02C
:1002200029FD04000020002127F084FA401C6060B2
:100230000020002127F094FAE0601FBD10B510BD2A
:1002400026F038F81146FFF7E1FF01F083FB26F0B6
:1002500056F803B4FFF7F2FF03BC26F083F8000062
:1002600080F30888704700000B49D1F800C04A6845
:100270005CF8043B1068184442F8040B8C4528BF16
:10028000A1F1DC0C8A4228BFA1F1DC02C1F800C058
:100290004A6020F000407047546E00200848004734
:1002A000FEE7FEE7FEE7FEE7FEE7FEE7FEE7FEE726
:1002B000FEE7FEE703480449044A054B7047000087
:1002C000C1000000C06E0020C0860120C0100120C7
:1002D000C0100120F84910F4001F05D0F74A5268F9
:1002E00022F00042F54B5A6010F4801F05D0F34A0B
:1002F000526822F00052F14B5A6010F4004F05D0C2
:10030000EE4A526822F04002EC4B5A6010F4807FB3
:1003100005D0EA4A526822F02002E84B5A6010F0F9
:10032000010F05D0E54A526822F00402E34B5A60FF
:1003300010F4804F05D0E14A526822F01002DF4BE2
:100340005A6010F4007F05D0DC4A526822F00302A4
:10035000DA4B5A60D94A1268C3430B431A40D74B51
:100360001A607047D44910F4001F05D0D34A526870
:1003700042F00042D14B5A6010F4801F05D0CF4AA2
:10038000526842F00052CD4B5A6010F4004F05D035
:10039000CA4A526842F04002C84B5A6010F4807F4B
:1003A00005D0C64A526842F02002C44B5A6010F091
:1003B000010F05D0C14A526842F00402BF4B5A6097
:1003C00010F4804F05D0BD4A526842F01002BB4B7A
:1003D0005A6010F4007F05D0B84A526842F0030218
:1003E000B64B5A60B54A126820EA01031A43B34B70
:1003F0001A607047F0B500240025002600220C2862
:100400001FD80C27B7FBF0FC00FB1C7707B1F0BD31
:10041000AA4F7F68DFF8A8C207EA0C0747F08047B9
:10042000DFF898C2CCF804700C27B7FBF0F14F1E30
:1004300047F4887747F4405747F40017CCF8087022
:1004400084E050282AD00CDC32281BD004DC1E2883
:1004500010D0302836D111E03C2817D0462831D1B1
:1004600018E05A281ED0642820D06E2822D0782880
:1004700028D123E028240225032624E04024022555
:10048000032620E03224032502261CE03C24032519
:10049000022618E046240325022614E050240325F2
:1004A000022610E05A24032502260CE032240325FC
:1004B000012608E037240325012604E03C24032517
:1004C000012600E0A3E700BF4FF480173F6827F440
:1004D000F85747F400674FF4801CCCF80070774F52
:1004E0007F68DFF8DCC107EA0C07DFF8D0C1CCF881
:1004F0000470B70447EA8537274347F0C057CCF864
:100500000C706746FF6827F00047CCF80C70674610
:10051000FF6847F48007CCF80C7000BF674FFF6896
:1005200017F0804FFAD0674FDFF890C1CCF8087011
:1005300067467F68DFF888C107EA0C07DFF888C1E3
:1005400047EA0C07DFF874C1CCF804705B4F7F6892
:10055000DFF878C107EA0C07A0F1010C47EA4C3735
:10056000DFF858C1CCF80470594F4743DFF864C135
:10057000CCF80070514FBF6807F00F07791C674631
:100580003F684F43DFF850C1CCF800704B4FBF6855
:10059000C7F30317791C4F4F3F68B7FBF1F7DFF83C
:1005A0003CC1CCF800704B4F3F68DFF824C1B7FB6B
:1005B000FCF334275F434FF47A7CB7FBFCF7FAB2C5
:1005C0004FF480173F6827F4F85747EA02274FF4A3
:1005D000801CCCF8007000BF19E72DE9F041002520
:1005E0000026002700230C2825D84FF00C0CBCFB5C
:1005F000F0F800FB18CCBCF1000F01D0BDE8F08191
:10060000DFF8B8C0DCF804C0DFF8B4800CEA080CEE
:10061000DFF8A880C8F804C04FF0300CBCFBF0F243
:10062000A2F1010C4CF4887C4CF4405C4CF4001CAE
:10063000C8F808C0A3E050282AD00CDC32281BD010
:1006400004DC1E2810D030284AD111E03C2817D0F5
:10065000462845D118E05A281ED0642820D06E289C
:1006600022D078283CD123E028250226032738E031
:1006700040250226032734E032250326022730E0F6
:100680003C25032602272CE046250326022728E0E6
:1006900050250326022724E05A250326022720E0BE
:1006A0003225032601271CE037250326012718E001
:1006B0003C250326012714E0018130000000064894
:1006C000FFE6FFBF1031200000010040FF1F00E0E7
:1006D00040420F004000002044000020480000205D
:1006E0008CE700BF4FF4801CDCF800C02CF4F85CF1
:1006F0004CF4006C4FF48018C8F800C0DFF810C24A
:10070000DCF804C0DFF80C820CEA080CDFF8008289
:10071000C8F804C04FEA874C4CEA863C4CEA050C0A
:100720004CF0C05CC8F80CC0C446DCF80CC04CF0FF
:10073000004CC8F80CC0C446DCF80CC04CF4800C6B
:10074000C8F80CC000BFDFF8C8C1DCF80CC01CF052
:10075000804FF8D0DFF8C0C1DFF8B481C8F808C016
:10076000C446DCF804C0DFF8AC810CEA080CDFF802
:10077000AC814CEA080CDFF89881C8F804C0DFF8B7
:1007800090C1DCF804C0DFF898810CEA080CA0F1F5
:1007900001084CEA483CDFF87881C8F804C04FF4FF
:1007A000002CDCF82C1240F6F63C61450ED240F6E7
:1007B000BE2C61450AD94FF47A7C01FB0CFC0CFB82
:1007C00000FC4FF00308BCFBF8F103E0DFF854C174
:1007D00000FB0CF1DFF850C1CCF80010DFF830C19D
:1007E000DCF808C00CF00F0C0CF10102DFF838C186
:1007F000DCF800C00CFB02FCDFF83081C8F800C058
:10080000DFF80CC1DCF808C0CCF3031C0CF10102CA
:10081000DFF814C1DCF800C0BCFBF2FCDFF810818B
:10082000C8F800C0DFF800C1DCF800C0DFF8F480D1
:10083000BCFBF8F44FF0340C04FB0CFC4FF47A785A
:10084000BCFBF8FC0CF0FF034FF4801CDCF800C08C
:100850002CF4F85C4CEA032C4FF48018C8F800C064
:1008600000BFCBE610B504462046FFF7C3FD10BD20
:10087000032030490860704700202E490860704707
:1008800070B52D48224908610846406940F00100D2
:1008900048610A2000F057FD00201D490861084604
:1008A000406920F0010048614FF0FF30FFF712FD72
:1008B0006E20FFF7D7FF2149481EB0F1807F00D39B
:1008C0001BE0481E4FF0E02250615017072200281D
:1008D00007DA53071D0E1A4B00F00F04241F1D5595
:1008E00003E053071C0E174B1C5400BF00204FF0B1
:1008F000E02290610720106100BFFFF7B9FF70BDD3
:10090000704711480068401C0F490860704700009C
:1009100000000648FFE6FFBF103120000001004044
:10092000FF1F00E040420F00400000204400002074
:100930004800002000D008407462966CB0AD010001
:1009400018ED00E000E400E04C00002010B50024A9
:1009500000BF0EE0BE48007838B1142000F0AAFCB9
:100960000020BC490870BA4908701E2000F0A2FCA3
:10097000641CB4F57A7FEDD310BD70B5B648C56B75
:1009800015F0100F1DD015E0B3480068C4B2B1488F
:100990000078202808DAB148AE4909784454AD48B7
:1009A0000078401CAB490870204622F00AFE012066
:1009B000A7490870A848806900F010001028E3D10A
:1009C00010E015F0200F09D0A348806900F08000E6
:1009D000802807D10120A249087003E040F6FF708B
:1009E0009D49486470BD70B59E48C56B15F0100FE9
:1009F0000ED006E09B480068C4B221469A4801F038
:100A0000D3FC9848806900F010001028F2D110E063
:100A100015F0200F09D09348806900F080008028ED
:100A200007D101208E49087003E040F6FF708D4920
:100A3000486470BD2DE9F04103461001B1FBF0F5AB
:100A4000B1FBF0F700FB1716F701B7FBF0F7781CC6
:100A5000440805EB941703EB430CDFF8FC8108EB2B
:100A60008C4CCCF8247004F03F0703EB430C08EBEC
:100A70008C4CCCF82870BDE8F08170B504460E4669
:100A80007CB97A4805687A48C06A20F00F00401D9A
:100A90007749C862032000F0D1F8032000F0C2F8C3
:100AA00016E073488068C0F30360401C7149096810
:100AB000B1FBF0F56E48406B20F4701040F4A010CC
:100AC0006B494863152000F0B9F8152000F0AAF82A
:100AD0000020634908705E49087004EB44005E49D9
:100AE00001EB8040006B20F0010004EB44015A4A06
:100AF00002EB81410863324629462046FFF79AFF00
:100B0000602004EB4401544A02EB8141C86240F288
:100B1000013004EB440102EB81410863102004EB37
:100B2000440102EB8141886340F6FF7004EB44010D
:100B300002EB814148644FF47A7000F09DFB70BD78
:100B400000EB4002444B03EB8242116000BF00EB1C
:100B50004002414B03EB8242926912F0080FF6D13A
:100B60007047F0B507460C461546002605E014F818
:100B7000011B3846FFF7E4FF761CAE42F7D3F0BD09
:100B800010B5044609E0207830B10122214600204A
:100B9000FFF7E7FF641C00E010BDF4E730B5044642
:100BA0000D46E1B20120FFF7CBFF204630BD70B506
:100BB00005460E46002404E0295D2FA023F08AFE9E
:100BC000641CB442F8D32EA023F084FE70BD0FB491
:100BD00030B5ADF5017D054686A8009001A8009AC4
:100BE000859923F065FE044600200090002C04DA6D
:100BF0000DF5017D30BC5DF814FBB4F5007F01D923
:100C00004FF40074224601A92846FFF7AAFF00BF4F
:100C1000EEE71149086000BF0F49896911F0080F1C
:100C2000FAD1704700F01F020121914042094FF0B4
:100C3000E02303EB8202C2F80011704700F01F02AC
:100C4000012191400F4A430942F8231070470000E8
:100C500051000020520000200000014848110020EF
:100C60005000002000000D487413002048000020B0
:100C700000000648440000202530325820000000C3
:100C80000A00000080E200E070B505460C466FF3F4
:100C900008050AE028464C498847B4F5007F00D291
:100CA00070BD05F50075A4F50074002CF2D100BFED
:100CB000F6E72DE9F04107460E4615466FF30807A3
:100CC000B6F5007F02D94FF4007602E0042E00D280
:100CD000042600241CE0002000EB8400285C012195
:100CE00001EB8401695C00EB0120022101EB84012E
:100CF000695C00EB0140032101EB8401695C00EBBE
:100D0000016807EB840041462F4A323A9047641C41
:100D1000B4EB960FDFD3BDE8F08110B503466FF357
:100D20000803B1F5007F02D94FF4007102E00429F5
:100D300000D20421002004E053F820401460121D6A
:100D4000401CB0EB910FF7D310BD2DE9F0470646DC
:100D50000F46154639463046FFF796FF6FF30806F3
:100D6000B7F5007F02D94FF4007702E0042F00D2DC
:100D70000427002423E0002000EB8400285C0121EC
:100D800001EB8401695C00EB0120022101EB84018D
:100D9000695C00EB0140032101EB8401695C00EB1D
:100DA000016806EB84004146074A323A904756F8FC
:100DB0002490C84502D00120BDE8F087641CB4EB44
:100DC000970FD8D30020F7E76B1C001270B50546CB
:100DD0000E46002422E0FA48C06840F00400F849BA
:100DE000C86015F0800F06D0F648806840F00040DB
:100DF000F449886005E0F348C06840F00040F149DC
:100E0000C8606806050E012000F054FAEC488068BE
:100E100040F00400EA498860601CC4B2082CDADBA8
:100E2000002422E0E648C06840F00400E449C860BD
:100E300016F0800F06D0E348806840F00040E1499A
:100E4000886005E0DF48C06840F00040DD49C860C8
:100E50007006060E012000F02DFAD948806840F097
:100E60000400D7498860601CC4B2082CDADBD4487F
:100E7000C06840F00200D249C860012000F01AFAB0
:100E8000CF48806840F00200CD49886070BD70B5E1
:100E9000CD48008800F00304CB480088C0F38705E4
:100EA00029462046FFF792FF70BD10B5F9B1022226
:100EB00002EB40020A2392FBF3F403FB142301220A
:100EC0009A40C14B1B881A43BF4B1A80022202EB87
:100ED00040020A2392FBF3F403FB1422521C012369
:100EE0009340B94A12889A43B74B1A801FE00222F6
:100EF00002EB40020A2392FBF3F403FB14230122CA
:100F00009A40B14B1B889343AF4A1380022202EBF5
:100F100040020A2392FBF3F403FB1422521C012328
:100F200003FA02F2A84B1B881A43A74B1A8010BD84
:100F300010B54FF48000FFF7CDF9A448406B20F0C6
:100F4000F000A24948639E48006840F006009C49B2
:100F500008609E48006B20F040409C490863994817
:100F6000006840F000409749086001210020FFF729
:100F70009CFF01210846FFF798FF01210220FFF79F
:100F800094FF01210320FFF790FF01210420FFF7C8
:100F90008CFFFFF77CFF4FF4C87000F06DF9002163
:100FA0000846FFF782FF00210120FFF77EFF0021A6
:100FB0000220FFF77AFF00210320FFF776FF0021D0
:100FC0000420FFF772FFFFF762FF4FF4C87000F0D4
:100FD00053F900210846FFF7F9FE10BD2DE9F04155
:100FE00005460E4600242EE035F8240040B905EBF6
:100FF00084014988C82201FB02F000F05BF920E07F
:10100000002715E06F48806840F000506D49886007
:1010100035F8240000F04EF96A48C06840F00050EE
:101020006849C86035F8240000F044F9781C87B29C
:1010300005EB84004088B842E4DC142000F01CF981
:1010400000BF601C84B2B442CEDBBDE8F08170B555
:1010500004460025002600BF1FE0002614E0594882
:10106000806840F0005057498860142000F022F951
:101070005448C06840F000505249C8604FF4A57011
:1010800000F018F9701CC6B2FF2EE8DB012C02DD5F
:10109000642000F0F1F8681CC5B2A542DDDB70BD2C
:1010A00070B504460025002600BF1EE0002613E0B0
:1010B0004448806840F0005042498860642000F055
:1010C000F9F84048C06840F000503E49C860FA2036
:1010D00000F0F0F8701CC6B2FF2EE9DB012C02DD37
:1010E000642000F0C9F8681CC5B2A542DEDB70BD03
:1010F00070B504460025002600BF1EE0002613E060
:101100003048806840F000502E498860AF2000F0E1
:10111000D1F82C48C06840F000502A49C860AF2080
:1011200000F0C8F8701CC6B2FF2EE9DB012C02DD0E
:10113000642000F0A1F8681CC5B2A542DEDB70BDDA
:1011400000B5ADF5017D01AA4FF400712048FFF70D
:10115000E4FD9DF8A500012804D19DF8A4001D49D7
:10116000087002E003201B4908701A480078012823
:1011700004D0022806D003280CD107E00120FFF795
:1011800066FF07E00120FFF78BFF03E00120FFF778
:10119000AFFF00BF00BF0DF5017D00BD00B5ADF58F
:1011A000017D01AA4FF400710948FFF7B6FD9DF8D3
:1011B000A500012810D19DF8A400064908700EE092
:1011C00000000B4800000A485C00002000000648B0
:1011D00000FE02005E00002003201A490870194832
:1011E0000078012804D0022806D003280CD107E09B
:1011F0000220FFF72CFF07E00220FFF751FF03E07A
:101200000220FFF775FF00BF00BF0DF5017D00BD97
:1012100010B50D48006B20F040600B49086308468C
:10122000006C20F0005008640848006840F000504E
:10123000064908600846C06840F00050C860FFF7E3
:101240007FFF10BD5E0000200000064800000A4835
:101250004048006820F000603E4908603E488068D1
:1012600020F001003C4988601E2088600846006D1F
:1012700020F007000865704710B5384B1A68364BE8
:101280009B6823F00103344CA3604FF47A73B2FBE4
:10129000F3F141434B1E236023469B6843F0010357
:1012A000A36000BF2C4BDB68002BFBD0FF232A4C34
:1012B000236110BD10B5294B1A68274B9B6823F09A
:1012C0000103254CA360264BB2FBF3F141434B1EB7
:1012D000236023469B6843F00103A36000BF1E4BBD
:1012E000DB68002BFBD0FF231B4C236110BD1A4889
:1012F000806820F0010018498860322008600846A4
:10130000806840F00100886000BF1348C068002872
:10131000FBD0FF201049086170470F48806820F01B
:1013200001000D498860AF2008600846806840F0E1
:101330000100886000BF0848C0680028FBD0FF207B
:1013400005490861704700BF0100A0F10100FBD111
:1013500070470000000006480000034848000020D5
:1013600040420F00FE48406B20F07070FC4948631B
:10137000FC48006840F4C050FA490860F848406BE7
:1013800020F00300F6494863F648006840F0010089
:10139000F44908600846C06840F40060C860084628
:1013A000806840F4805088600846C06840F00100C2
:1013B000C860704770B504460E46EA48C06840F001
:1013C0000100E849C8600A20FFF7BDFFE5488068D2
:1013D00040F00100E349886004F0FE04084600681C
:1013E00040F4805008600A20FFF7ADFF002524E09C
:1013F00014F0010F06D0DB48806840F48050D949D2
:10140000886005E0D748C06840F48050D549C8607E
:10141000D448806840F40060D24988600A20FFF711
:1014200092FFD048C06840F40060CE49C8600A20EE
:10143000FFF789FF6410681CC5B2082DD8DB0025B2
:1014400024E016F0010F06D0C648806840F48050B2
:10145000C449886005E0C348C06840F48050C14971
:10146000C860C048806840F40060BE4988600A20B7
:10147000FFF769FFBB48C06840F40060B949C86025
:101480000A20FFF760FF7610681CC5B2082DD8DB74
:10149000B448C06840F00100B249C86070BD70B582
:1014A00004460025AF48C06840F00100AD49C8605F
:1014B0000A20FFF748FFAB48806840F00100A949C7
:1014C000886044F001040846006840F480500860D9
:1014D0000A20FFF738FF002624E014F0010F06D0A1
:1014E000A048806840F480509E49886005E09D488F
:1014F000C06840F480509B49C8609A48806840F4B6
:101500000060984988600A20FFF71DFF9548C06871
:1015100040F400609349C8600A20FFF714FF64108C
:10152000701CC6B2082ED8DB8E48006820F48050AC
:101530008C4908600A20FFF706FF00261EE06D10A8
:101540008848406910F4805F02D045F0800501E0D2
:1015500005F07F058348806840F400608149886019
:101560000A20FFF7F0FE7F48C06840F400607D4924
:10157000C8600A20FFF7E7FE701CC6B2082EDEDB4B
:101580007848C06840F001007649C860284670BDC0
:1015900010B5044600218E20FFF70CFF802108467D
:1015A000FFF708FF61788C20FFF704FFA1788820FF
:1015B000FFF700FFE1788620FFF7FCFE2179842009
:1015C000FFF7F8FE61798220FFF7F4FEA179802011
:1015D000FFF7F0FEE1798A20FFF7ECFE80218E20F4
:1015E000FFF7E8FE10BD10B504468C20FFF757FF4B
:1015F00060708820FFF753FFA0708620FFF74FFF31
:10160000E0708420FFF74BFF20718220FFF747FF37
:1016100060718020FFF743FF00F07F00A0718A20F7
:10162000FFF73DFFE07110BD1CB504466846FFF7AB
:10163000DAFF9DF80100001100EB80004FF4FA6121
:1016400001EB40009DF8011001F00F010844A0805B
:101650009DF8020000F00F009DF80210091101EB47
:10166000810100EB4100A0719DF8030000F00F0024
:101670009DF80310091101EB810100EB4100E071BD
:101680009DF8040000F00F009DF80410091101EB13
:10169000810100EB410020709DF8050000F00F0073
:1016A0009DF80510091101EB810100EB410060700C
:1016B0009DF8060000F00F009DF80610091101EBDF
:1016C000810100EB4100A0709DF8070000F00700C9
:1016D00020721CBD0146002203E0521CA1F10A0049
:1016E000C1B20A29F9D2100741EA106070470146D9
:1016F00000BF080900EB8000420001F00F00104419
:10170000C0B270470146CA1701EB92729210B1EB5A
:10171000820212D1642091FBF0F200FB121050B94A
:101720004FF4C87091FBF0F200FB121008B90120D1
:1017300070470020FCE70120FAE70020F8E7F0B549
:1017400003460C461546642093FBF0F0C6B26420B5
:1017500093FBF0F700FB1730C1B2132E07DD03E057
:101760000000064800000B4801F16400C1B20846C1
:10177000CF1701EB977701EBA702072092FBF0F759
:1017800000FB172082B25719601EDFF8B0C11CF8A9
:101790000000384482B2CF1701EB9777BF10B1EB4E
:1017A000870703D1032C01DA501E82B2072092FB77
:1017B000F0F700FB1720C0B2F0BD2DE9F041044660
:1017C0000D464FF0000637465D4A4FF000032046B5
:1017D000294622F0C3FF06465A480088B0423CD052
:1017E00058490E8040F2B27710E03846FFF78AFF82
:1017F00040B1B6F5B77F02D3A6F5B77604E0781C02
:1018000087B206E0A6F26D16781C87B2B6F5B67FF1
:10181000EBD800BF4C488780002716E04A498888EB
:10182000FFF770FF30B1012F04D11D2E01D31D3EF3
:1018300009E00CE04548C05DB04203D84348C05DB4
:10184000361A00E003E0781C87B21C2EE6D200BFF7
:10185000781C3D498871701CC871394A00232046A4
:10186000294622F07BFF16464FF46160B6FBF0F08C
:10187000354908704FF46160B6FBF0F100FB116070
:101880003C21B0FBF1F0304948704FF46160B6FB89
:10189000F0F100FB11603C21B0FBF1F201FB120002
:1018A000294988700B46DA7999799888FFF747FFBC
:1018B0002549087208468088642190FBF1F0C3B284
:1018C0001846FFF707FF224908701F4880886421E7
:1018D00090FBF1F201FB1200C3B21846FFF7FAFECB
:1018E0001B49487018498879FFF7F4FE1849887039
:1018F0001549C879FFF7EEFE1549C87012490978F5
:101900000831C8B2FFF7E6FE114908710E49487860
:10191000FFF7E0FE0E4948710B498878FFF7DAFEC1
:101920000B4988710849087AFFF7D4FE0849C87145
:101930000846FFF72DFE0020BDE8F081AC850200CF
:10194000805101006800002068110020B885020065
:1019500060000020002080F3108800BFFEF790FF99
:10196000FFF776FC4FF461210120FFF786F821F0A4
:10197000C6FA4FF4E1310020FFF77FF800F00EFFC8
:1019800003F01CFAFFF7EEFC00F08DF800F006F80B
:1019900000F09AF801E022F0BDFDFCE700B5ADF5DE
:1019A000017D01AA4FF40071FB48FFF7B6F99DF8DD
:1019B000880001281DD19DF88400F84908609DF831
:1019C0008500096841EA0020F44908609DF8860016
:1019D000096841EA0040F14908609DF887000968FC
:1019E00041EA0060ED49086008460068EC4908607B
:1019F00002E0EC48EA4908600DF5017D00BD00B544
:101A0000ADF5017D01AA4FF40071E348FFF785F9B8
:101A10009DF8350058B100208DF83500FA208DF87A
:101A2000340001AA4FF40071DB48FFF78EF99DF8EE
:101A30003400DD4908700846007821F0D1FE1420FA
:101A4000FFF71AFC0DF5017D00BD00B5ADF5017D78
:101A500001AA4FF40071D048FFF75FF99DF8240008
:101A600060B19DF82400012808D000208DF82400E2
:101A700001AA4FF40071C848FFF767F99DF82400E8
:101A8000CA4908700846007818B9002021F02EFFD6
:101A900006E0C6480078012802D11E2021F026FF6A
:101AA0000DF5017D00BD00B5ADF5017D01AA4FF436
:101AB0000071B948FFF731F99DF81400BC4981F86D
:101AC00040000DF5017D00BD70B5ADF5007D00262F
:101AD0004FF400720021B64800F0DFFE6A464FF472
:101AE0000071B34800F015FB4FF400726946B0482E
:101AF00023F0ACFA4FF4FF71AD4800F095FA0446BC
:101B0000AB4890F8FF01AA4991F8FE1100EB0120C3
:101B100085B2A748B0F84100A0F55051353902D13F
:101B2000AC4200D1012626B920F0C2F90120A1491A
:101B3000087020F0D6FA00F06DF9FFF760FF22F090
:101B40006EFDFFF7F5F9FFF780FFFFF761FB0DF57D
:101B5000007D70BD10B58EB0182297A108A823F0A3
:101B6000FCFA20229AA1684623F0F7FA91480078FF
:101B7000012804D101F097F91C200EB010BD0A20F5
:101B8000FFF77AFB01F025FA03F07FF903F05BF928
:101B900018B100209649087002E0012094490870AD
:101BA00001F008FA03E001F06FF91720E5E720F0F3
:101BB000B1F90028F7D120F009FB172208A901206C
:101BC00021F040FF1F226946042021F03BFF20F056
:101BD00056FB044624B1204601F084F92046CCE7A8
:101BE00022F03DFD2046C8E710B5ADF5007D20F0A0
:101BF00019FD04460F2C06D0204601F095F9204629
:101C00000DF5007D10BD20F01BFF04466A464FF421
:101C100000716148FFF781F8654890F840008DF841
:101C200010006A464FF400715B48FFF78EF8162CDF
:101C300004D0204601F09AF92046E1E7002001F0A7
:101C4000D7F92046DCE710B55A480078012803D1BF
:101C500001F029F91C2010BD01F0BBF903F015F9C2
:101C600003F0F1F818B100206149087002E001208A
:101C70005F49087001F09EF903E001F005F91720B3
:101C8000E9E720F047F90028F7D120F050FC04469E
:101C900020F020F9204601F0FEF92046DBE710B5E0
:101CA00001F097F920F0CCF9012803D101F0ECF80C
:101CB000172010BD012001F09BF900203D4908705C
:101CC00000BFF6E710B5ADF5007D3A480078012871
:101CD00005D101F0E8F81C200DF5007D10BD6A4625
:101CE0004FF400712C48FFF718F89DF810000128F8
:101CF00004D102202E4981F840000FE09DF8100029
:101D0000022804D101202A4981F8400006E09DF80C
:101D1000100018B90020264981F8400021F046F84B
:101D20000446204601F085F92046D5E710B501F0BC
:101D300041F920F0EFF8B8B91E222E49012021F018
:101D400081FE1C222C49042021F07CFE1920FFF783
:101D500093FA0D222949022021F074FE1A22284903
:101D6000052021F06FFE16E00D222649012021F00A
:101D700069FE16222449042021F064FE1920FFF791
:101D80007BFA0A222149022021F05CFE0D22204923
:101D9000052021F057FE10BD00FE02007C0500204A
:101DA00028110020400D0300800500202411002090
:101DB0007211002079050020E88EB7E58F96E59B2B
:101DC000BAE4BBB6E58C85E4B8AD2E2E2E0000003B
:101DD000526563656976696E67204669726D7761E1
:101DE0007265205061636B6167652E2E2E000000C6
:101DF000780500200B01002077030020300200202E
:101E0000CA0400204E020020F60400205B020020DD
:101E10000C05002000B589B004226DA101A823F0B3
:101E20002AFA6C4800789DF80410884219D1694854
:101E3000401C00789DF80510884212D16548801C2E
:101E400000789DF8061088420BD14FF43F3062496C
:101E500008606048614908605E4820306049086059
:101E600006E060485C4908605C4908605C490860BD
:101E700009B000BD59480068704710B504462722D4
:101E800059A1204623F0E2F80020206442F2B3205A
:101E9000A4F8440010BD70B504464F48006823F014
:101EA0005FF8451C2A464C480168204623F0E3F9B8
:101EB0004A48006823F054F8451C2A464748016800
:101EC00004F1200023F0D7F94548006823F048F8D2
:101ED000451C2A464248016804F1400023F0CBF932
:101EE00070BD10B504464021204623F07BF9402107
:101EF00004F1400023F076F9502104F1800023F032
:101F000071F910BD30B591B004460025402101A8FB
:101F100023F08AF912223EA1204623F097F800BF51
:101F200017E0402101A823F07FF93E4800EB85111E
:101F30002A4803682848026801A822F0D7FC04F167
:101F4000400101EB8510402201A923F07FF8681CB5
:101F5000C5B2042DE5DB002084F840014FF47A700F
:101F6000A4F84201012084F8410140F6640104F61E
:101F7000461023F037F940F66400A4F844014FF40A
:101F8000006104F5A37023F02DF911B030BD70B5D8
:101F900090B005460C464021684623F045F9A4B1AF
:101FA0000E4803680C4821460268684622F09EFCF1
:101FB0004021284623F016F9684622F0D1FF064654
:101FC00032466946284623F041F810B070BD000043
:101FD000534A590020FC0200840500208805002097
:101FE0008C05002090050020473043374A305A3393
:101FF000424F2E696F74636C6F75642E74656E63E7
:10200000656E74646576696365732E636F6D000039
:10201000246F74612F7265706F72742F25732F2572
:1020200073000000C485020010B502460B464FF64F
:10203000FF7109E010784840C0B20F4C34F810002E
:1020400080EA21215B1E521C002BF3D1C84380B2D1
:1020500010BD10B5034609E008785840C0B2064CE0
:1020600034F8100080EA2323521E491C002AF3D1C1
:10207000D84380B210BD0000C48602002DE9F047AD
:10208000C6B006460C4617464FF00008C24620462A
:10209000E11704EB11710911A4EB0111C1F1100A50
:1020A000BAF1100F03D0012046B0BDE8F0872046FA
:1020B000E11704EB11714FEA2119684607F000FAA5
:1020C00080223949684607F010FA8046B8F1000FBF
:1020D00004D0684607F0FEF90220E5E7002511E08C
:1020E00007EB051306EB05120121684608F001F91C
:1020F0008046B8F1000F04D0684607F0EBF90320E2
:10210000D2E76D1C4D45EBD3684607F0E3F9E0B22A
:10211000CAE72DE9F047C6B006460C4617464FF011
:102120000008C2462046E11704EB11710911A4EB27
:102130000111C1F1100ABAF1100F03D0012046B00D
:10214000BDE8F0872046E11704EB11714FEA211931
:10215000684607F0B5F980221349684607F0C4FACB
:102160008046B8F1000F04D0684607F0B3F90220AA
:10217000E5E7002511E007EB051306EB051200214A
:10218000684608F0B6F88046B8F1000F04D06846FB
:1021900007F0A0F90420D2E76D1C4D45EBD368464B
:1021A00007F098F9E0B2CAE79605002000B9704739
:1021B0000260C160C3684360C368836000BFF6E724
:1021C00000B970470021C16041608160016000BFBB
:1021D000F7E7014611B96FF0320070470868FCE775
:1021E00000B5024612B96FF01E0000BDD2E9010130
:1021F000884201D10020F8E7D2E90101884203D2E8
:10220000D2E90110401AF0E71046FFF7E2FFD2E9E9
:102210000113C91A401AE8E730B5044614B96FF043
:10222000280030BD2046FFF7D4FF05462046FFF7C3
:10223000D7FF281AF5E72DE9F04104460F46164668
:1022400000251CB96FF01400BDE8F08117B96FF0DC
:102250001500F9E7D4E90101884214D22046FFF7BE
:10226000BFFFB04201D9304602E02046FFF7B8FF79
:1022700005462A463846616822F0E8FE6068284430
:1022800060602846E0E72046FFF7A3FFE268616848
:10229000891A401AB0420AD935462A46384661683A
:1022A00022F0D4FE6068284460602846CCE72046CF
:1022B000FFF78FFFE2686168891A451A2A46384697
:1022C000616822F0C3FEE0686060721B79192046E5
:1022D000FFF7B1FF05442846B6E72DE9F041044673
:1022E0000F46154600261CB96FF00A00BDE8F081C4
:1022F00017B96FF00B00F9E72046FFF78DFFA842F2
:1023000002D86FF00C00F1E7D4E9010188422AD825
:102310002046FFF75EFFD4E90212891A461AB54239
:1023200013D82A463946A06822F090FEA0682844B7
:10233000A0602046FFF74DFFE1680844A16888428D
:1023400001D1E068A0602846D0E732463946A0684F
:1023500022F07CFEE068A060AA1BB9192046FFF7B6
:10236000BCFF3044C2E72A463946A06822F06EFE20
:10237000A0682844A0602846B8E72DE9F041074648
:102380000C461546002614B9701EBDE8F0812A4699
:1023900021463846FFF7A1FF0646AE4202D06FF055
:1023A0000100F2E73046F0E713B5044614B94FF0E8
:1023B000FF301CBD012201A92046FFF78EFFF8E780
:1023C000F048806910F0020F08D00120EE49087033
:1023D000EC48806940F00200EA4988617047EB48A8
:1023E000806910F0020F08D00120E9490870E74821
:1023F000806940F00200E5498861704770B5044685
:102400000D4684B9042000F0B3F9042000F0A4F9CB
:10241000E048C06A4FF6F071884345F21051084415
:10242000DC49C86214E0052000F0A2F9052000F0A4
:1024300093F9D848C06A20F0704040F0A040D549D8
:10244000C8620846006B20F0FF0040F055000863AA
:10245000A800CC494FF4803202FB04118860012CA3
:1024600006D140F20220C74902FB0411486007E090
:1024700040F20220C3494FF4803202FB041148604D
:102480000120C049020402FB04118862BD481146C4
:1024900001FB0400806840F00100BA4902FB04110E
:1024A000886070BD0021B74A4FF4803303FB0022DF
:1024B000516270470121B34A0B0403FB00225162B1
:1024C000704770B5C2F30902AE4C4FF4803505FB7E
:1024D0000044A46944F00204AA4D4FF4803606FB80
:1024E0000055AC61A74C354605FB00442262A54C63
:1024F00005FB0044246944F00104A24D06FB00558D
:102500002C6101249F4D06FB00556C62002310E0F6
:1025100000BF9C4C4FF4803505FB0044A46914F0C7
:10252000100FF6D1974C05FB004424780C70491C21
:102530005B1C9342ECD300BF924C4FF4803505FBFB
:102540000044A46914F0020FF6D08E4C05FB004441
:10255000A46944F002048B4D4FF4803606FB00550D
:10256000AC61884C354605FB0044246924F0010425
:10257000844D06FB00552C6170BD70B5C2F3090295
:10258000804C4FF4803505FB0044A46944F00204FC
:102590007C4D4FF4803606FB0055AC61794C3546D6
:1025A00005FB00442262774C05FB0044E46844F0DC
:1025B0000104744D06FB0055EC600124714D06FBCF
:1025C00000556C62002312E000BF6E4C4FF4803562
:1025D00005FB0044A46914F0080FF6D10C78694D8E
:1025E0004FF4803606FB00552C70491C5B1C93424F
:1025F000EAD300BF634C4FF4803505FB0044A46967
:1026000014F0020FF6D05F4C05FB0044A46944F0BF
:1026100002045C4D4FF4803606FB0055AC61594C0A
:10262000354605FB0044E46824F00104554D06FBE3
:102630000055EC6070BDF0B50024524D4FF480366B
:1026400006FB0055AD6945F002054E4E4FF480374C
:1026500007FB0066B5614B4D3E4606FB00552B62FD
:10266000484D06FB0055ED6845F00105454E07FB5A
:102670000066F560434D3E4606FB00552D6945F06A
:102680000105404E07FB0066356101253D4E07FB05
:102690000066756222E09C4211D23A4D4FF48036BA
:1026A00006FB0055AD6915F0080F08D10D78354EC1
:1026B0004FF4803707FB00663570491C641C314DB0
:1026C0004FF4803606FB0055AD6915F0100F05D1AB
:1026D0002C4D06FB00552D781570521C294D4FF4DA
:1026E000803606FB0055AD6915F0020FD3D007E028
:1026F000244D4FF4803606FB00552D781570521C82
:10270000204D4FF4803606FB0055AD6915F0100FD3
:10271000EED01C4D06FB0055AD6945F00205194E83
:102720004FF4803707FB0066B561164D3E4606FB49
:102730000055ED6825F00105124E07FB0066F560B7
:10274000104D3E4606FB00552D6925F001050D4E46
:1027500007FB00663561F0BD00F01F0201219140CA
:1027600042094FF0E02303EB8202C2F800117047E8
:1027700000F01F0201219140074A430942F823104B
:102780007047000000000640A6050020000007403A
:10279000A70500200000064880E200E010B50021F7
:1027A0000846FFF72BFEF748C06A20F44050F54971
:1027B000C862F548006840F04000F34908600846E8
:1027C000C06840F04000C860EE48C06A20F0C00019
:1027D000EC49C862EC48006840F00800EA4908602B
:1027E0000846806840F008008860E648C06A20F427
:1027F0004040E449C862E448006840F08000E24993
:1028000008600846806840F08000886010BD08B508
:1028100000BFDE4890F8400020B1DC4890F840004E
:1028200002280BD1D848C06840F00800D649C860DB
:102830000846806840F0800088600AE0D248C0689E
:1028400040F08000D049C8600846806840F0080029
:10285000886000BF9020CE490870002048708870C2
:10286000C8700422FFF789FE022269460020FFF7A4
:1028700028FE00BFC448806840F00800C249886054
:102880000846806840F08000886000BF9DF8010025
:102890009DF8001040EA012008BD2DE9F0410746EF
:1028A0000D46164600BFB94890F8400020B1B74821
:1028B00090F8400002280BD1B348C06840F00800EF
:1028C000B149C8600846806840F0800088600AE02E
:1028D000AD48C06840F08000AB49C86008468068D9
:1028E00040F00800886000BF0320A9490870280C48
:1028F0004870280A8870CD7004220020FFF73DFE42
:102900004FEA1628002408E007EB04214FF48072F8
:102910000020FFF7D6FD601C84B24445F4D316F0C6
:10292000FF0F05D0F2B207EB04210020FFF7C9FD2D
:1029300000BF9548806840F00800934988600846C9
:10294000806840F08000886000BFBDE8F08110B56D
:1029500000BF8E4890F8400020B18C4890F84000AD
:1029600002280BD18848C06840F008008649C8603A
:102970000846806840F0800088600AE08248C068AD
:1029800040F080008049C8600846806840F0080038
:10299000886000BF06207E49087001220020FFF7F2
:1029A000ECFD00BF7848806840F0080076498860F8
:1029B0000846806840F08000886000BF10BD10B5F8
:1029C00000BF724890F8400020B1704890F8400075
:1029D00002280BD16C48C06840F008006A49C86002
:1029E0000846806840F0800088600AE06648C06859
:1029F00040F080006449C8600846806840F00800E4
:102A0000886000BF04206249087001220020FFF79F
:102A1000B4FD00BF5C48806840F008005A498860F7
:102A20000846806840F08000886000BF10BD10B587
:102A300000BF564890F8400020B1544890F840003C
:102A400002280BD15048C06840F008004E49C860C9
:102A50000846806840F0800088600AE04A48C06804
:102A600040F080004849C8600846806840F008008F
:102A7000886000BF05204649087001220020FFF74A
:102A80007CFD012242490020FFF71BFD00BF3E48AC
:102A9000806840F008003C4988600846806840F043
:102AA0008000886000BF3A48007810BD10B54FF430
:102AB000FA7409E00120FEF7DFFBFFF7B8FF10F022
:102AC000010F01D1002010BD2000A4F101018CB242
:102AD000F0D10120F7E710B504462403FFF737FFD4
:102AE000FFF7E4FF08B1012010BD00BF274890F8B0
:102AF000400020B1254890F8400002280BD1224820
:102B0000C06840F008002049C8600846806840F06E
:102B1000800088600AE01C48C06840F080001A49C4
:102B2000C8600846806840F00800886000BF202028
:102B300017490870200C4870200A8870CC70042255
:102B40000020FFF71AFD00BF0F48806840F0080022
:102B50000D4988600846806840F08000886000BFAA
:102B6000FFF7A4FF08B10120BEE70020BCE710B5C5
:102B700004462404FFF7EBFEFFF798FF50B1012055
:102B800010BD00000000064800000A487211002035
:102B9000843B002000BFB84890F8400020B1B64800
:102BA00090F8400002280BD1B448C06840F00800FB
:102BB000B249C8600846806840F0800088600AE03A
:102BC000AE48C06840F08000AC49C86008468068E4
:102BD00040F00800886000BFD820A9490870200C88
:102BE0004870200A8870CC7004220020FFF7C5FCD2
:102BF00000BFA248806840F00800A04988600846ED
:102C0000806840F08000886000BFFFF74FFF08B188
:102C10000120B5E70020B3E710B5FFF798FEFFF7F6
:102C200045FF08B1012010BD00BF934890F8400057
:102C300020B1914890F8400002280BD18F48C0681D
:102C400040F008008D49C8600846806840F0800068
:102C500088600AE08948C06840F080008749C86001
:102C60000846806840F00800886000BFC72084499B
:102C7000087001220020FFF780FC00BF7F488068B9
:102C800040F008007D4988600846806840F0800078
:102C9000886000BFFFF70AFF08B10120C3E70020EA
:102CA000C1E770B505460C461646FFF750FE00BF5B
:102CB000714890F8400020B16F4890F84000022819
:102CC0000BD16E48C06840F008006C49C8600846E7
:102CD000806840F0800088600AE06848C06840F082
:102CE00080006649C8600846806840F00800886037
:102CF00000BF022062490870200C4870200A8870CA
:102D0000CC7004220020FFF738FC32462946002010
:102D1000FFF733FC00BF5948806840F0080057496E
:102D200088600846806840F08000886000BFFFF738
:102D3000BDFE08B1012070BD0020FCE72DE9F04187
:102D400007460E461446F0B2C0F58075AC4200DC72
:102D5000254616E02A4631463846FFF7A2FF10B155
:102D60000120BDE8F081AC4200D10BE02F442E449D
:102D7000601B84B2B4F5807F02DD4FF4807500E003
:102D80002546E7E700BF0020EBE72DE9F05F81462D
:102D900088461646DFF8ECB04FEA1837C8F30B0A3E
:102DA000CAF58054A64200DC344661E039034FF492
:102DB00080525846FFF771FD002508E00AEB050038
:102DC0001BF80000FF2800D003E0681C85B2A54274
:102DD000F4DB00BFA5422ADA3846FFF77CFE40B19B
:102DE000FFF7DCFC3846FFF776FE10B10120BDE8A6
:102DF000F09F002507E019F8050005EB0A010BF824
:102E00000100681C85B2A542F5DB39034FF48052FE
:102E10005846FFF793FFD0B1FFF7C0FC39034FF4DA
:102E200080525846FFF78AFF88B10120DFE722462B
:102E300041464846FFF782FF48B1FFF7AFFC224604
:102E400041464846FFF77AFF08B10120CFE7A64286
:102E500000D10EE07F1C4FF0000AA144A044301BBB
:102E600086B2B6F5805F02DD4FF4805400E0344650
:102E70009CE700BF0020BAE77211002000000A485A
:102E8000843B0020943B002010B52222E44901201D
:102E900020F0D8FD1E20FEF7EFF92822E14904209A
:102EA00020F0D0FD10BD10B51322DF49012020F025
:102EB000C9FD1E20FEF7E0F91722DC49042020F0AE
:102EC000C1FD1E20FEF7D8F92C22D949022020F09E
:102ED000B9FD1E20FEF7D0F93222D649052020F098
:102EE000B1FD10BD1FB50446002000900190029076
:102EF00003902246D0A1684621F0F8FC1922D2495D
:102F0000012020F09FFD1920FEF7B6F91C22CF49C1
:102F1000042020F097FD1920FEF7AEF90F22694634
:102F2000022020F08FFD1FBD1FB504460020009039
:102F30000190029003902246BFA1684621F0D6FC82
:102F40001322C349012020F07DFD1E20FEF794F9D5
:102F50001922C049062020F075FD1E20FEF78CF9CD
:102F60000F226946072020F06DFD1FBD1FB50446E6
:102F7000002000900190029003902246AEA1684686
:102F800021F0B4FC21F065FB1422B349012020F0AC
:102F900059FD1E20FEF770F91D22B049062020F0D1
:102FA00051FD1E20FEF768F90F226946072020F028
:102FB00049FD1FBD10B51922A949012020F042FD8D
:102FC0002820FEF759F91922A649042020F03AFDDD
:102FD00010BD10B51C22A449012020F033FD28208B
:102FE000FEF74AF91C22A149042020F02BFD10BD58
:102FF00010B504466CB90D229D49012020F022FD38
:103000002820FEF739F914229A49062020F01AFDEB
:103010000EE0012C0CD10D229749012020F012FD69
:103020001E20FEF729F913229449042020F00AFDFE
:1030300010BD10B50446192C0DD113229049012062
:1030400020F000FD1E20FEF717F915228D490420FF
:1030500020F0F8FC1EE01A2C0DD10E228A49012026
:1030600020F0F0FC1E20FEF707F90C22874904200F
:1030700020F0E8FC0EE01B2C0CD10D22844901202D
:1030800020F0E0FC1E20FEF7F7F80D228149042015
:1030900020F0D8FC10BD1FB5044600200090019020
:1030A00002900390224664A1684621F01FFC1D2C6B
:1030B0000DD113227849012020F0C4FC1E20FEF718
:1030C000DBF819227549042020F0BCFC14E027220B
:1030D0007349012020F0B6FC1E20FEF7CDF8222215
:1030E0007049042020F0AEFC1E20FEF7C5F80F2228
:1030F0006946022020F0A6FC1FBD10B5044684B925
:103100000D226949012020F09DFC2820FEF7B4F82B
:103110000F226649062020F095FC1E20FEF7ACF831
:1031200021E0012C0DD10D226149012020F08AFC03
:103130001E20FEF7A1F80D225E49062020F082FC39
:1031400011E0022C0FD10A225B49012020F07AFC09
:103150001E20FEF791F80B225849042020F072FC43
:103160001E20FEF789F810BD10B519223C49012038
:1031700020F068FC1E20FEF77FF819223949042050
:1031800020F060FC10BD10B51E224D49012020F03A
:1031900059FC1E20FEF770F81C224A49042020F03A
:1031A00051FC10BD10B50D224749012020F04AFC0A
:1031B0001E20FEF761F81A224449042020F042FC48
:1031C00011224349022020F03DFC1E20FEF754F856
:1031D00012224049052020F035FC10BD10B50D220B
:1031E0003D49012020F02EFC1E20FEF745F8162256
:1031F0003A49042020F026FC10BD10B51E20FEF731
:103200003BF811223649012020F01CFC1E20FEF75D
:1032100033F813223349042020F014FC10BD0000C1
:10322000AE070020640A0020DB06002068090020A9
:10323000EE0600207F0900204572726F7220436FF6
:10324000646520256400000065060020CF0800208A
:103250007E060020EB0800209106002004090020D3
:10326000A8050020F9070020C10500201208002051
:10327000C106002041090020CE060020550900208B
:103280001A070020B10900202D070020C6090020E0
:103290003B070020D20900200D06002078080020FE
:1032A000200600209108002048070020DF090020A8
:1032B00055070020EE09002062070020FB090020CE
:1032C00047060020B30800206C070020060A0020F3
:1032D00079070020200A00208A070020320A0020F7
:1032E000D00700208C0A002010B5044600BF082C2F
:1032F00002DD4FF0FF3010BD00BFA100491C4FF4AC
:10330000807202EBC100102100F0E3FF00BFA100BA
:10331000491C4FF4807202EBC10000F0B7FF002897
:10332000F5D1A100491C4FF4007202EBC1001F212E
:1033300000F0CFFF0120A040FB4909888143FA48F3
:1033400001800020F94921F81400F949085500BF0F
:10335000A100491C4FF4407202EBC10000F096FF3F
:103360000028F5D10120C6E72DE9F04104460E46BC
:1033700017461D4600BF082C03DD4FF0FF30BDE8A7
:10338000F08100BF012E04D0022E03D0042E03D101
:1033900001E000BF00BF02E06FF00400EFE700BFF4
:1033A00015F0060F02D06FF00500E8E705B3012E17
:1033B00002D0022E1AD106E015F0210F02D16FF0D3
:1033C0000500DCE713E015F0200F05D015F0800FA5
:1033D00002D16FF00500D2E715F0100F05D015F0FF
:1033E000800F02D16FF00500C9E700E000BF00BF09
:1033F0002046FFF779FF05F0F00242EA0601A2003D
:10340000521C002303EBC20000F063FF7FB9C948E0
:1034100007880088401CC749088008460088A0F536
:103420007F41F03903D14FF44040C249088039123E
:10343000A200521C4FF4806303EBC20000F049FF6E
:10344000A100491C4FF4806202EBC10101F58070BC
:10345000F9B200F03EFFA100491C4FF4807202EB6C
:10346000C100012100F035FF00BFA100491C4FF44D
:10347000807202EBC10000F009FF0028F5D105F0D1
:103480000100A040AC4909880843AB4908800120ED
:10349000A040A54909888143A34801800020A34991
:1034A00021F81400A249085500BFA100491C4FF49F
:1034B000407202EBC10000F0E9FE0028F5D060B2D6
:1034C0005DE710B5044600BF082C02DD4FF0FF3069
:1034D00010BD00BF00BFA100491C002202EBC100CB
:1034E00000F0D4FE00F00F00012802D06FF00400BD
:1034F000EEE700BF00BFA100491C4FF4407202EB91
:10350000C10000F0C3FE132802D06FF00200DFE715
:1035100000BFA100491C4FF4807202EBC1000221E0
:1035200000F0D7FE00BFA100491C4FF4807202EBEF
:10353000C10000F0ABFE0028F5D10EE0A100491C4F
:103540004FF4807202EBC10000F0A0FE28B92046C3
:10355000FFF7CAFE6FF00300BAE7A100491C4FF461
:10356000407202EBC10000F091FE1428E6D1012068
:10357000AEE770B504460D46164600BF082C02DDC6
:103580004FF0FF3070BD00BF00BFA100491C0022FA
:1035900002EBC10000F07AFE00F00F00012802D01B
:1035A0006FF00400EEE700BF00BFA100491C4FF41C
:1035B000407202EBC10000F069FE132802D06FF0E8
:1035C0000200DFE700BF2978687861F31F20014619
:1035D000A87861F31F200146287861F31F20014677
:1035E000481C00D011B96FF00B00CBE716B96FF093
:1035F0000A00C7E7A100491C4FF4406202EBC1007A
:103600000422294600F0B6FE3112A200521C4FF4EB
:10361000805303EBC20000F05CFEA100491C4FF494
:10362000805202EBC10101F58070F1B200F051FE51
:10363000A100491C4FF4807202EBC100042100F08C
:1036400048FE00BFA100491C4FF4807202EBC1008C
:1036500000F01CFE0028F5D10120A0403649098861
:10366000084201D000208DE716E0A100491C4FF46C
:10367000007202EBC10000F009FE10F0080F0BD041
:10368000A100491C4FF4007202EBC100082100F0B8
:1036900020FE6FF00C0075E7A100491C4FF440724A
:1036A00002EBC10000F0F2FD1728DED1012069E72E
:1036B00010B5044600BF082C02DD4FF0FF3010BDEE
:1036C00000BF00BFA100491C002202EBC10000F0B6
:1036D000DDFD00F00F00012802D06FF00400EEE7DE
:1036E00000BFA100491C4FF4807202EBC100082109
:1036F00000F0EFFD00BFA100491C4FF4807202EB07
:10370000C10000F0C3FD0028F5D10120A04006490A
:1037100009888143044801800120A04006490988A6
:1037200008420BD00020CAE7B80A0020944B0020C2
:10373000BA0A0020B40A0020B60A002010E0A10056
:10374000491C4FF4007202EBC10000F09FFD10F025
:10375000080F05D02046FFF7C7FD6FF00C00AEE75D
:10376000A100491C4FF4407202EBC10000F08EFD35
:103770000028E4D10120A2E72DE9F0410446884663
:1037800015460026002700BF082C02DD701EBDE88C
:10379000F08100BF00BFA100491C002202EBC10064
:1037A00000F074FD00F00F00012802D06FF004005B
:1037B000EDE700BF00BF15B96FF00D00E7E700BFF0
:1037C000A100491C4FF4407202EBC10000F05EFD05
:1037D0000646172E04D01C2E02D06FF00600D6E746
:1037E0000120A040F7490988084228D0A100491CBF
:1037F0004FF4007202EBC10000F048FD00F01F061C
:1038000016F0100F10D0A100491C4FF4007202EB0B
:10381000C100102100F05DFD0120A040E9490988A8
:103820008143E84801800AE016F0080F05D02046E1
:10383000FFF75AFD6FF00C00A9E70020A7E7A100F1
:10384000491C4FF4F85202EBC10000F01FFD800646
:10385000070CBD4200DD3D4623E0204600F0B8FDE8
:103860000746A100491C4FF4407202EBC10000F072
:103870000DFD0646172E07D01C2E05D02046FFF75B
:1038800033FD6FF0060082E70120A040CE49098891
:10389000084203D0BD4201DD002078E7BD4200DCD4
:1038A00000E0DAE700BF2A464146204600F0FCFD72
:1038B000A100491C4FF4807202EBC100202100F0EE
:1038C00008FD00BFA100491C4FF4807202EBC1004B
:1038D00000F0DCFC0028F5D10120A040B94909889E
:1038E0000843B8490880284651E72DE9F0470446C7
:1038F000884616460027002500BF082C02DD681EFA
:10390000BDE8F08700BF00BFA100491C002202EB08
:10391000C10000F0BBFC00F00F00012802D06FF0E6
:103920000400EDE700BF00BF16B96FF00D00E7E738
:1039300000BFA100491C4FF4F05202EBC10000F09F
:10394000A5FC8006050CB54200DA2E4638E020467C
:1039500000F074FD0546A100491C4FF4407202EBD3
:10396000C10000F093FC0746172F1ED01C2F16D164
:1039700005B126E0204600F02BFD8146A100491C40
:103980004FF4F85202EBC10000F080FCB9EB802F3D
:103990000BD12046FFF7A8FC6FF00600B0E72046E9
:1039A000FFF7A2FC6FF00600AAE70120A0408649BD
:1039B0000988084202D00DB90020A1E705B100E056
:1039C000C5E700BFB54200DA2E46324641462046E2
:1039D00000F0ACFDA100491C4FF4807202EBC10065
:1039E000402100F076FC00BFA100491C4FF480721A
:1039F00002EBC10000F04AFC0028F5D130467FE719
:103A00002DE9F04704468A4616461D46DDF820900B
:103A10000027B84600BF082C02DD781EBDE8F087FD
:103A200000BFA100491C002202EBC10000F02EFCE7
:103A300000F00F00022802D0042802D100E000BFED
:103A400002E06FF00400E9E700BF00BF16B96FF0B5
:103A50000D00E3E700BF2878697860F31F2108466E
:103A6000A97860F31F210846E97860F31F21084612
:103A7000286810B96FF00B00D0E7B9F1000F02D140
:103A80006FF00A00CAE7A100491C4FF4407202EB34
:103A9000C10000F0FBFB0746422F04D0222F02D0CA
:103AA0006FF00600BAE7A100491C4FF4406202EB38
:103AB000C1000422294600F05DFC4FEA2921A20042
:103AC000521C4FF4805303EBC20000F002FCA10033
:103AD000491C4FF4805202EBC10101F5807009F0DE
:103AE000FF0100F0F6FBA100491C4FF4F85202EB75
:103AF000C10000F0CBFB80064FEA1048464500DDD0
:103B000046461CE0204600F063FC8046A100491CAC
:103B10004FF4407202EBC10000F0B8FB10B96FF037
:103B200003007BE70120A04027490988084203D011
:103B3000464501DD002071E7464500DC00E0E1E795
:103B400000BF32465146204600F0AEFCA100491CA1
:103B50004FF4807202EBC100202100F0BAFB00BFDD
:103B6000A100491C4FF4807202EBC10000F08EFBF3
:103B70000028F5D12AE0A100491C4FF4007202EBA5
:103B8000C10000F083FB00F01F0717F0100F09D0F1
:103B9000A100491C4FF4007202EBC100102100F09B
:103BA00098FB14E017F0080F10D0A100491C4FF447
:103BB000007202EBC100082100F08BFB6FF00C00DB
:103BC0002CE70000B80A0020B60A0020D3E700BFA7
:103BD000304623E72DE9FC4704468A4616461F4631
:103BE000DDF82880002500BF082C02DD681EBDE836
:103BF000FC8700BFA100491C002202EBC10000F0BD
:103C000045FB814600F00F00022802D0042802D1B3
:103C100000E000BF02E06FF00400E8E700BF00BF73
:103C200016B96FF00D00E2E700BFF84830F8140055
:103C3000E8B91AE0204600F001FC0546A100491C45
:103C40004FF4407202EBC10000F020FB10B96FF09E
:103C50000300CCE70120A040ED490988084202D0CA
:103C60000DB90020C3E705B100E0E3E700BF002085
:103C7000E849085509F00700022802D004287DD140
:103C800057E0E24830F81400E8BB082269462046B5
:103C900000F04CFCA100491C4FF4807202EBC10003
:103CA000402100F016FB00BFA100491C4FF48072B8
:103CB00002EBC10000F0EAFA0028F5D19DF80000FF
:103CC00038709DF8010078709DF80200B8709DF87A
:103CD0000300F8709DF80400A8F800009DF80500A6
:103CE000B8F8001000EB0120A8F800009DF80600CD
:103CF000C64921F814009DF8070031F8141000EBB4
:103D00000120C24900E004E021F814008020C149EC
:103D10000855BE4830F81400B04201DD354602E0D7
:103D2000BA4830F814502A465146204600F0FEFBAF
:103D300055E0B64830F81400A8BB02226946204678
:103D400000F0F4FBA100491C4FF4807202EBC100AB
:103D5000402100F0BEFA00BFA100491C4FF4807260
:103D600002EBC10000F092FA0028F5D19DF80000A6
:103D7000A64921F814009DF8010000E027E031F881
:103D8000141000EB0120A14921F81400084630F876
:103D9000140040F2EA51884206DD2046FFF7A4FAFB
:103DA0006FF47A7023E702E080209A49085597481B
:103DB00030F81400B04201DD354602E0934830F897
:103DC00014502A465146204600F0B0FB07E0294631
:103DD000204600F0EDFB8D4820F8145000BF00BFD6
:103DE000A100491C4FF4807202EBC100402100F099
:103DF00070FA00BFA100491C4FF4807202EBC100B1
:103E000000F044FA0028F5D1804830F81400401B37
:103E10007E4921F81400084630F8140028B17D4886
:103E2000005D40F001007B4908552846DFE62DE99A
:103E3000F04104460E461546002700BF082C02DD5F
:103E4000781EBDE8F08100BF082E78D2DFE806F0CA
:103E5000041C232F3B4D596B2F78012F07D10120D4
:103E6000A0406B4909880843694908800BE03FB9C5
:103E70000120A0406649098881436548018002E02D
:103E80006FF00900DDE75DE061480088204100F047
:103E90000100287056E0A100491C4FF4F85202EBD3
:103EA000C10000F0F3F98006000C28804AE0A10070
:103EB000491C4FF4F05202EBC10000F0E7F9800614
:103EC000000C28803EE028781F2802DD6FF00900F2
:103ED000B7E72A7802F01F01A200521C4FF40073CA
:103EE00003EBC20000F0F5F92CE0A100491C4FF4EF
:103EF000007202EBC10000F0C9F900F01F00287049
:103F000020E028781F2802DD6FF0090099E72A7861
:103F100002F01F01A200521C4FF4305303EBC20009
:103F200000F0D7F90EE0A100491C4FF4305202EB2B
:103F3000C10000F0ABF900F01F00287000BF6FF067
:103F400009007EE700BF01207BE770B504460E46FE
:103F5000154600BF082C02DD4FF0FF3070BD00BFDA
:103F6000082E75D2DFE806F0BB040E182F3A58A1D0
:103F70002978A200521C4FF4B05303EBC20000F0AA
:103F8000A8F9AFE02978A200521C4FF4A85303EB24
:103F9000C20000F09EF9A5E02A881112A200521C6E
:103FA0004FF4905303EBC20000F093F92A88D1B28A
:103FB000A200521C4FF4905303EBC20202F5807032
:103FC00000F087F98EE0A100491C4FF4406202EB3B
:103FD000C1000422294600F0CDF983E02A8811129D
:103FE000A200521C4FF4805303EBC20000F071F9A1
:103FF0002A88D1B2A200521C4FF4805303EBC202B4
:1040000002F5807000F065F96CE00000944B002030
:10401000B60A0020BA0A002000BFA100491C0022F5
:1040200002EBC10000F032F900F00F00012802D0CD
:104030006FF0040092E700BFA100491C4FF43C520E
:1040400002EBC10000F022F918B16FF0010085E722
:1040500045E0A100491C4FF4807202EBC10022210F
:1040600000F037F916E0A100491C4FF4007202EB92
:10407000C10000F00BF910F0080F0BD0A100491C93
:104080004FF4007202EBC100082100F022F96FF03A
:104090000C0063E7A100491C4FF4807202EBC100E1
:1040A00000F0F4F80028DED11CE000BFA100491C9C
:1040B000002202EBC10000F0E9F800F00F00012837
:1040C00002D06FF0040049E700BF2978A200521C1B
:1040D0004FF43C5303EBC20000F0FBF802E06FF03A
:1040E00009003BE700BF012038E72DE9F041044615
:1040F0000E46154600BF082C03DD4FF0FF30BDE82B
:10410000F08100BF0D2E6FD2DFE806F007121C26EB
:104110003D48B55F7A7F848EA100A100491C002232
:1041200002EBC10000F0B2F800F0F0002870A5E04A
:10413000A100491C4FF4B05202EBC10000F0A6F8F8
:1041400028709BE0A100491C4FF4A85202EBC1006B
:1041500000F09CF8287091E0A100491C4FF49052A7
:1041600002EBC10101F5807000F090F80746A10054
:10417000491C4FF4905202EBC10000F087F807EBA6
:104180000020287000BFA100491C4FF4406202EBE0
:10419000C1000422294600F0C0F86FE0A100491CCC
:1041A0004FF4805202EBC10101F5807000F06EF80F
:1041B0000746A100491C4FF4805202EBC10000F0F9
:1041C00065F807EB0020288058E000BFA100491CDB
:1041D000002202EBC10000F059F800F00F000128A6
:1041E00003D06FF004008AE745E000BFA100491C3E
:1041F0004FF43C5202EBC10000F048F828803DE04B
:10420000204600F0E5F8288000BF204600F016F9AF
:10421000288000BFA100491C4FF4407202EBC1008E
:1042200000F034F8287029E0A100491C002202EBBC
:10423000C10000F02BF8012804D1204600F0FEF860
:10424000288003E00F4830F81400288016E000BFF3
:10425000A100491C002202EBC10000F017F800F099
:104260000F00012802D06FF0040048E700BF0648A5
:10427000005D287002E06FF0010040E700BF012000
:104280003DE70000944B0020BA0A002070B50446B8
:10429000E14988688047E0490869804700BFDE48F7
:1042A000C169C4F307408847DB48C169C4F30720EC
:1042B0008847E0B2D84AD1698847D749886980479A
:1042C0000546D54948698047D349C868804728468C
:1042D00070BD70B504460D46CF4988688047CE4909
:1042E0000869804744F00404CB48C169C4F307401F
:1042F0008847C948C169C4F307208847E0B2C64A65
:10430000D1698847C448C16928468847C249486975
:104310008047C149C868804770BD2DE9F041044617
:104320000E4617460025BC4988688047BA49086987
:10433000804700BFB848C169C4F307408847B64802
:10434000C169C4F307208847E0B2B34AD1698847FE
:1043500000BF05E0B049886980477055681C85B288
:10436000BD42F7DBAC4948698047AB49C868804724
:10437000BDE8F0812DE9F04104460E4617460025C0
:10438000A54988688047A4490869804744F0040427
:10439000A148C169C4F3074088479F48C169C4F375
:1043A00007208847E0B29C4AD169884700BF05E0F2
:1043B000705D994AD1698847681C85B2BD42F7DBB8
:1043C0009549486980479449C8688047BDE8F081AD
:1043D00070B504460025002600BFA100491C4FF41B
:1043E000005202EBC100FFF751FF0646A100491C35
:1043F0004FF4005202EBC10101F58070FFF746FF58
:1044000000EB062086B2AEB1A100491C4FF4005269
:1044100002EBC100FFF73AFF0546A100491C4FF42B
:10442000005202EBC10101F58070FFF72FFF00EB96
:10443000052085B2B542D0D1284670BD70B504467E
:104440000025002600BFA100491C4FF4185202EBC2
:10445000C100FFF71BFF0646A100491C4FF418528C
:1044600002EBC10101F58070FFF710FF00EB0620A1
:1044700086B2AEB1A100491C4FF4185202EBC10044
:10448000FFF704FF0546A100491C4FF4185202EB48
:10449000C10101F58070FFF7F9FE00EB052085B240
:1044A000B542D0D1284670BD2DE9F04704460F46ED
:1044B00016460025A8460EB9BDE8F087A100491CA4
:1044C0004FF4105202EBC10101F58070FFF7DEFEE0
:1044D0008146A100491C4FF4105202EBC100FFF7C6
:1044E000D5FE09EB002085B22902A000801C01EB5B
:1044F000C008324639464046FFF73CFFA81985B24E
:104500002912A200521C4FF4105303EBC200FFF714
:10451000E0FEA100491C4FF4105202EBC10101F56D
:104520008070E9B2FFF7D5FE00BFC5E72DE9F0477F
:1045300004460F4616460025A8460EB9BDE8F0878A
:10454000A100491C4FF4205202EBC10101F580701B
:10455000FFF79CFE8146A100491C4FF4205202EB5C
:10456000C100FFF793FE09EB002085B22902A000ED
:10457000C01C01EBC008324639464046FFF7CDFE6D
:10458000A81985B22912A200521C4FF4205303EB44
:10459000C200FFF79EFEA100491C4FF4205202EB1F
:1045A000C10101F58070E9B2FFF793FE00BFC5E7D6
:1045B0002DE9F04104460E460025A100491C4FF4A8
:1045C000205202EBC10101F58070FFF75FFE074644
:1045D000A100491C4FF4205202EBC100FFF756FE28
:1045E00007EB002085B2A81985B22912A200521C3F
:1045F0004FF4205303EBC200FFF76BFEA100491CF0
:104600004FF4205202EBC10101F58070E9B2FFF7CF
:1046100060FEBDE8F0810000C40A002070477047CA
:104620007047704701460878704701707047002056
:104630007047704700B141B9AFF21F02F94B9A6061
:10464000AFF22503F74AD36002E0F64A9060D160EA
:10465000704700B141B9AFF23702F24B1A61AFF2C5
:104660003D03F04A536102E0EE4A10615161704728
:1046700000BFEC4A128812F4807FFAD000B141B931
:10468000AFF25F02E74B9A61AFF26103E54AD36193
:1046900002E0E44A9061D161704700BFE14A1288AC
:1046A00012F4007FFAD000B141B9AFF27D02DD4BC8
:1046B0009A61AFF28103DB4AD36102E0D94A90618B
:1046C000D161704710B54FF43850FFF7DFFD10F09F
:1046D000010F01D0012400E00024204610BD10B5D8
:1046E00000244FF43850FFF7D1FD10F0300F01D007
:1046F000012400E00024204610BD10B54FF43850CE
:10470000FFF7C4FD044624F0800421464FF43850DE
:10471000FFF7DFFD4FF43850FFF7B8FD044644F0D3
:10472000800421464FF43850FFF7D3FD10BD70B51B
:10473000054600244FF43850FFF7A8FD044614F056
:10474000400F02D14FF0FF3070BD24F03804012D2E
:1047500002D144F0300401E044F0380421464FF423
:104760003850FFF7B6FDFFF7C8FF4FF43850FFF79A
:104770008DFD0446012D04D114F0300F06D0002029
:10478000E2E714F0380F01D00020DDE74FF0FF30F2
:10479000DAE770B5044600254FF43850FFF776FD90
:1047A0000546C5F38010207005F03800202802D09F
:1047B000382803D100BF0120607002E00020607043
:1047C00000BF00BF05F03800102805D0182802D01F
:1047D000202804D100BF00BF0120A07002E000200B
:1047E000A07000BF00BF05F03800082805D01828C9
:1047F00002D0202804D100BF00BF0120E07002E0F9
:104800000020E07000BF00BF70BD70B505460024F9
:104810002878012802D144F0400401E024F040044B
:104820006878012802D144F0380412E0E8780128C1
:1048300008D1A878012802D144F0180409E044F016
:10484000080406E0A878012802D144F0100400E032
:1048500000BF21464FF43850FFF73BFDFFF74DFFF7
:1048600070BD70B50026002400254FF4B050FFF74E
:104870000DFD06464FF4C050FFF708FD04462546DF
:1048800006EB052085B2284670BD70B50446E5B23A
:10489000261229464FF4B050FFF71BFD31464FF466
:1048A000C050FFF716FD70BD70B50026002400252E
:1048B0004FF4A850FFF7EAFC00F0F0064FF4B850B0
:1048C000FFF7E4FC0446254606EB052085B22846A2
:1048D00070BD70B50446E5B2261205F0F0014FF444
:1048E000A850FFF7F6FC31464FF4B850FFF7F1FC43
:1048F00070BD00B585B0062269464FF41060FFF721
:104900000CFD042204A99001FFF707FD042203A96E
:104910004FF4A060FFF701FD042202A94FF470607C
:10492000FFF7FBFC80210020FFF7D3FC0020FFF7FE
:10493000ADFC062269464FF41060FFF71BFD042210
:1049400004A99001FFF716FD042203A94FF4A0600B
:10495000FFF710FD042202A94FF47060FFF70AFD73
:1049600005B000BD2DE9F04105460E460027FFF7D2
:10497000C0FFF5B100BF002404E0285D384447B211
:10498000601C44B2082CF8DB102F03DD4FF0FF3021
:10499000BDE8F08100240AE0295DA200521C4FF41A
:1049A000F85303EBC200FFF794FC601C44B2082CE0
:1049B000F2DBEEB10027002404E0305D384447B25A
:1049C000601C44B2082CF8DB102F02DD4FF0FF30E2
:1049D000DEE700240AE0315DA200521C4FF4F053E0
:1049E00003EBC200FFF775FC601C44B2082CF2DB3D
:1049F0000020CDE72DE9FC4106460C4600250020AD
:104A000000900190102E7BD2DFE806F0080E1D19F1
:104A1000212529364355585C60616570FFF769FFB1
:104A200071E00000C40A00201CB100940098083016
:104A30000190DDE90001FFF795FFBDE8FC812088CA
:104A4000FFF747FF5FE0FFF72FFF20805BE0208844
:104A5000FFF71BFF57E0FFF704FF208053E020889B
:104A600001124FF49850FFF734FC2088C1B24FF484
:104A7000A050FFF72EFC46E04FF4A050FFF706FCD5
:104A800007464FF49850FFF701FC07EB0020208009
:104A900039E08248807820708048C07860707F4814
:104AA0000079A0707D484079E0707C488079207161
:104AB0000020607127E0FFF720FE24E02046FFF78A
:104AC000A4FE20E02046FFF764FE1CE01BE02078F7
:104AD000FFF72DFEB1E7FFF702FEC5B268B2401C3A
:104AE00002D1401EA9E70BE025700CE0FFF7EAFDBC
:104AF000C5B268B2401C01D1401E9EE7257002E09D
:104B00004FF0FF3099E700BF002096E770B50446EC
:104B10004FF4D850FFF7BAFB20704FF4D050FFF796
:104B2000B5FB05464FF4C850FFF7B0FB05EB00207E
:104B3000608070BD10B5044621784FF4D850FFF75F
:104B4000C8FB608801124FF4C850FFF7C2FB6088B1
:104B5000C1B24FF4D050FFF7BCFB10BD10B5002020
:104B6000FFF794FB10BD70B50446002534F03A0001
:104B700001D0681E70BD0020FFF788FB0546254365
:104B800029460020FFF7A5FB0020F3E710B50446F7
:104B9000062221464FF41060FFF7BFFB042204F108
:104BA0000E019001FFF7B9FB042204F10A014FF452
:104BB000A060FFF7B2FB0422A11D4FF47060FFF765
:104BC000ACFB37480078A07435484178E1748178AF
:104BD0002175C178617533480078A07510BD10B596
:104BE0000446062221464FF41060FFF7C3FB04225F
:104BF00004F10E019001FFF7BDFB042204F10A014C
:104C00004FF4A060FFF7B6FB0422A11D4FF47060C3
:104C1000FFF7B0FBA07C22490870E07C4870207D43
:104C20008870607DC870A07D1E49087010BD70B589
:104C300005460C46062D1CD2DFE805F003070B0FD6
:104C400013172046FFF7CBFF16E02046FFF79EFF25
:104C500012E02078FFF787FF70BDFFF77FFF20701D
:104C60000AE02046FFF766FF06E02046FFF74EFF0A
:104C700002E04FF0FF30EFE700BF0020ECE770B537
:104C800004464FF43850FFF701FB0546C5F380009A
:104C9000E070C5F34000A07070BD0000C40A0020A1
:104CA000E40A0020E80A00200EB58D490968009149
:104CB0004FF40021D1F80C1201918A490968029140
:104CC0000099C1F30722114401700099C1F3074113
:104CD000009A01EB126141700199C1F3072211445E
:104CE00081700199C1F30741019A01EB1261C17012
:104CF0000299C1F30722114401710299C1F30741DE
:104D0000029A01EB12614171017801EBD1724FEA15
:104D10006202B1EB420202D00178491C01700EBD63
:104D200001B5012269461046FDF727FC08BD08B50C
:104D300000200090012269461046FDF7C2FB9DF855
:104D4000000008BD0020684948627047012066499C
:104D500048627047002080F3108800BF7047012030
:104D600080F3108800BF704710B503210120FDF7C4
:104D700045FBFFF7E7FF5D48006B20F0C0005B4993
:104D800008630846006C40F4002008645848006836
:104D900040F40020564908605448006B20F0300071
:104DA000524908630846006C40F48020086450486B
:104DB000006840F480204E49086010BD10B5FFF730
:104DC000D3FF4C494C48FFF735FC4C494C48FFF7A2
:104DD00040FC4C494C48FFF760FC4C48FFF764FF2F
:104DE00010BD1FB54A4B0FCB8DE80F00694601205F
:104DF000FFF700FE401C01D104B010BD0120FBE70D
:104E0000704710B54148801D01F01BF83F480E3037
:104E100001F024F83D480A3001F02DF83B481230EB
:104E200001F036F802203949887510BD10B53949AE
:104E3000002000F0B6FFAFF23702AFF239010846AA
:104E400000F09DF810BD08B569460F20FFF7D2FDB0
:104E5000401C00D108BD9DF80000FBE710B50446DA
:104E60002A48FFF721FF29490020FFF7E0FE2146ED
:104E70000120FFF7DCFE04222146244820F020F820
:104E800008B1002010BD0120FCE710B51848C0682B
:104E900040F400201649C8600220FCF7EDF91448E0
:104EA000806840F40020124988604FF4E160FCF70C
:104EB000E3F910BD70B504460D46AAB221460120A3
:104EC000FEF75AFC70BD70B504460D460026AAB226
:104ED00021460120FEF709FD86B2304670BD000074
:104EE0000802080010020800000007400000064801
:104EF00000000A48554D00005F4D0000454D000080
:104F00004D4D0000214D00002F4D0000A44F00200A
:104F1000C4880200A44B002010B50422F9494FF4C4
:104F20007060FFF727FA0422F7494FF4A060FFF7FB
:104F300021FA0422F5499001FFF71CFA10BD10B5C3
:104F400080210020FFF7C5F90020FFF79FF9FFF748
:104F5000E3FF0622EE494FF41060FFF70BFA10BD95
:104F600010B580210020FFF7B4F90020FFF78EF97B
:104F70000622E7494FF41060FFF7FCF910BD10B5A9
:104F8000AFF26B03E34C2360AFF24D03E24C2360BE
:104F9000AFF23303E14C236008B1DE4B186009B176
:104FA000DD4B19600AB1DD4B1A6010BD7CB50622DD
:104FB00069464FF41060FFF7B0F90120D84909683D
:104FC0000870D749096848700620D5490968887073
:104FD0000020D3490968C870D1480068051DD14830
:104FE0000068000E2870CF480068000C6870CD483B
:104FF0000068000AA870CB480068E8700020C84923
:1050000009680881C648006800F10A0580202870F8
:1050100000206870C249096808730021C048006810
:105020004173BF4800688173BD480068C1730020A8
:10503000BB49096808740021B94800684174B84840
:1050400000688174B6480068C1740020B4490968DA
:1050500008750021B24800684175B1480068817543
:10506000AF480068C1750020AD4909680876002185
:10507000AB4800684176AA4800688176A848006875
:10508000C176A3480078A64909680877A048417806
:10509000A348006841779E488178A14800688177DD
:1050A0009B48C1789E480068C177994801799C481F
:1050B000006880F82010964841799948006880F887
:1050C0002110062406E00021954800681C30015597
:1050D000601CC4B2102CF6DB002406E000219048CE
:1050E00000682C300155601CC4B2402CF6DB002453
:1050F00006E000218A4800686C300155601CC4B28B
:10510000802CF6DB63208649096881F8EC00822157
:105110008348006880F8ED1053218148006880F8CA
:10512000EE1063217E48006880F8EF107CBD7CB5EE
:105130000024FFF73BFF042435222146641C7848F5
:105140000068EC30425401222146641C7448006817
:10515000EC3042542146641C71480068EC304254E3
:105160003D222146641C6E480068EC304254072200
:105170002146641C6A480068EC30425401222146F2
:10518000641C67480068EC3042546148027821464C
:10519000641C63480068EC3042545D484278214604
:1051A000641C5F480068EC304254594882782146BC
:1051B000641C5B480068EC3042545548C278214674
:1051C000641C57480068EC3042545148027921462B
:1051D000641C53480068EC3042544D4842792146E3
:1051E000641C4F480068EC3042540C222146641C79
:1051F0004B480068EC30425400222046611C8CB2BF
:1052000047490968EC310A5400250AE04648425DE6
:105210002046611C8CB242490968EC310A54681C72
:1052200085B24148405D0028F0D13948C278204617
:10523000611C8CB23A490968EC310A54344802794D
:105240002046611C8CB236490968EC310A5430485A
:1052500042792046611C8CB231490968EC310A540C
:10526000E81CC1B2281D221A2D480068EC30815478
:1052700037222046611C8CB229490968EC310A5456
:1052800006222046611C8CB225490968EC310A547B
:1052900001222046611C8CB221490968EC310A5474
:1052A00003222046611C8CB21D490968EC310A5466
:1052B00006222046611C8CB219490968EC310A5457
:1052C0000F222046611C8CB215490968EC310A5442
:1052D0003A222046611C8CB211490968EC310A540B
:1052E0003B222046611C8CB20D490968EC310A54FE
:1052F000FF222046611C8CB209490968EC310A542E
:1053000025461AE0F00A0020F80A0020F40A0020DE
:10531000340B0020180B00201C0B0020200B002059
:10532000300B00202C0B0020100B00200021FE4829
:105330000068EC304155681C85B2B5F59C7FF5DB03
:10534000FF208DF804008DF805008DF806008DF81B
:105350000700432001AB4FF409720090F248016846
:10536000F2480078FEF74CFB7CBD7CB50024FFF7CB
:105370001DFEEF480078032803D0ED48007804288C
:105380002CD10020E849096888720021E6480068AD
:10539000C172E8480078E44909680873E548417833
:1053A000E14800684173E3488178DF480068817311
:1053B000E048C178DC480068C173DF4800788DF8A8
:1053C0000400DD4840788DF80500DB4880788DF8D2
:1053D0000600D948C0788DF8070008E0FF208DF856
:1053E00004008DF805008DF806008DF807000424F0
:1053F00035222146641CCC480068EC30425401221E
:105400002146641CC8480068EC30425403222146FF
:10541000641CC5480068EC3042543D222146641C9F
:10542000C1480068EC30425407222146641CBE4843
:105430000068EC30425401222146641CBA480068DE
:10544000EC304254BD4802782146641CB6480068DE
:10545000EC304254B94842782146641CB248006896
:10546000EC304254B54882782146641CAE4800684E
:10547000EC304254B148C2782146641CAA48006806
:10548000EC304254AD4802792146641CA6480068BD
:10549000EC304254A94842792146641CA248006875
:1054A000EC3042549DF80700FF2867D13222204695
:1054B000611C8CB29C490968EC310A5404222046D4
:1054C000611C8CB298490968EC310A5499480278F9
:1054D0002046611C8CB294490968EC310A54954805
:1054E00042782046611C8CB28F490968EC310A541D
:1054F000904882782046611C8CB28B490968EC3157
:105500000A548C48C2782046611C8CB286490968CE
:10551000EC310A5436222046611C8CB2824909685B
:10552000EC310A5404222046611C8CB27E49096881
:10553000EC310A54804802782046611C8CB27A49CA
:105540000968EC310A547C4842782046611C8CB2D0
:1055500075490968EC310A54774882782046611C05
:105560008CB271490968EC310A547348C2782046FC
:10557000611C8CB26C490968EC310A540C2220463B
:10558000611C8CB268490968EC310A54002220463B
:10559000611C8CB264490968EC310A54002509E0A9
:1055A0006748425D2046611C8CB25F490968EC3156
:1055B0000A546D1C6248405D0028F1D15F48C278F2
:1055C0002046611C8CB258490968EC310A545B488A
:1055D00002792046611C8CB253490968EC310A54A7
:1055E000564842792046611C8CB24F490968EC311B
:1055F0000A54E81CC1B2281D221A4B480068EC303E
:10560000815437222046611C8CB247490968EC312D
:105610000A5408222046611C8CB243490968EC31C7
:105620000A5401222046611C8CB23F490968EC31C2
:105630000A5403222046611C8CB23B490968EC31B4
:105640000A5406222046611C8CB237490968EC31A5
:105650000A540F222046611C8CB233490968EC3190
:105660000A543A222046611C8CB22F490968EC3159
:105670000A543B222046611C8CB22B490968EC314C
:105680000A541F222046611C8CB227490968EC315C
:105690000A5421222046611C8CB223490968EC314E
:1056A0000A54FF222046611C8CB21F490968EC3164
:1056B0000A54254605E000211B480068EC3041559E
:1056C0006D1CB5F59C7FF6DB432001AB4FF40972EE
:1056D00000901548016815480078FEF791F97CBDE7
:1056E0007CB50024FFF762FC042400200E49096801
:1056F000887200210C480068C17235222146641C62
:1057000009480068EC30425401222146641C0648D6
:105710000068EC30425404222146641C02480068B0
:10572000EC3042543D220DE0300B0020240B0020D1
:10573000000B0020F00A0020250B0020340B002075
:10574000100B00202146641CF7480068EC304254DE
:1057500007222146641CF4480068EC3042540122C0
:105760002146641CF0480068EC304254EF4802784F
:105770002146641CEC480068EC304254EB48427807
:105780002146641CE8480068EC304254E7488278BF
:105790002146641CE4480068EC304254E348C27877
:1057A0002146641CE0480068EC304254DF4802792E
:1057B0002146641CDC480068EC304254DB484279E6
:1057C0002146641CD8480068EC30425432222146FD
:1057D000641CD5480068EC30425404222046611C09
:1057E0008CB2D1490968EC310A54D148027820467C
:1057F000611C8CB2CC490968EC310A54CC4842781F
:105800002046611C8CB2C8490968EC310A54C8486A
:1058100082782046611C8CB2C3490968EC310A5475
:10582000C348C2782046611C8CB2BF490968EC317C
:105830000A5436222046611C8CB2BB490968EC31FF
:105840000A5404222046611C8CB2B7490968EC3125
:105850000A54B84802782046611C8CB2B2490968E3
:10586000EC310A54B34842782046611C8CB2AE49F0
:105870000968EC310A54AF4882782046611C8CB22A
:10588000A9490968EC310A54AA48C2782046611C2B
:105890008CB2A5490968EC310A54FF222046611CEC
:1058A0008CB2A1490968EC310A54254605E0002173
:1058B0009D480068EC3041556D1CB5F59C7FF6DBCA
:1058C000FF208DF804008DF805008DF806008DF896
:1058D0000700432001AB4FF4097200909248016821
:1058E00095480078FEF78CF87CBD2DE9FF41924881
:1058F0000078FEF7A3FD071E0BDD01A802AB3A46B8
:105900000090894801688C480078FEF763F987B2F7
:1059100003E0002004B0BDE8F081BDF80400432896
:1059200074D181480068007F80490978884224D179
:105930007D480068407F7D49497888421DD17A487A
:105940000068807F79498978884216D17648006856
:10595000C07F7649C97888420FD17348006890F8B3
:10596000200072490979884207D16F48006890F891
:1059700021006E494979884201D00020CAE74FF0E2
:10598000000869480468F034A7F1F000051989E0BF
:10599000207833284ED007DC70B1012813D00328BB
:1059A00021D0062878D132E0352807D0362861D0BA
:1059B000FF2871D12C4674E0641C72E0641C641CE6
:1059C00014F8018B6DE0641C641C14F8010B5B4936
:1059D000087014F8010B487014F8010B887014F863
:1059E000010BC8705DE0641C14F8016B14F8010B26
:1059F0005349087014F8010B487014F8010B8870B3
:105A000014F8010BC870301F04444AE04DE0641CD8
:105A100014F8016B14F8010B4A49087014F8010BD3
:105A2000487014F8010B887014F8010BC870301F0F
:105A3000044436E0641C14F8016B14F8010B42496D
:105A4000086014F8011B4048006801EB00203E4943
:105A5000086014F8011B3C48006801EB00203A493B
:105A6000086014F8011B3848006801EB0020364933
:105A7000086016E0641C14F8016B14F8010B2D4942
:105A8000087014F8010B487014F8010B887014F8B2
:105A9000010BC87005E0FFE7641C14F8016B344487
:105AA00000BF00BFAC42FFF473AF4FFA88F031E79C
:105AB0000020264908600A20254908600020254961
:105AC0000870704710B50124224890F900000228A0
:105AD00044DA1F4800681D490968884258D21E48A8
:105AE00090F90000012804D0022805D0042809D12B
:105AF00005E0FFF71CFB06E0FFF737FC03E0FFF7CC
:105B000034FC00E000BF00BF0020104908600846D8
:105B100000680A300E4908600E480078401C40B208
:105B20000C49087034E00000300B0020340B0020DA
:105B3000F00A0020250B0020240B0020F80A00208A
:105B4000F40A0020FC0A0020040B0020080B0020AF
:105B50000C0B0020010B0020000B0020D44890F912
:105B60000000012804D0022807D004280CD105E049
:105B70000020CF490870002407E000BFFFF7D7FAE4
:105B80000120CB49087000E000BF00BFFFF790FF85
:105B9000204610BD38B54FF4D850FEF777FB0546C8
:105BA00003214FF4D850FEF794FB41F28830C14BEB
:105BB0001122C1A10090C5480078FDF721FF0446DD
:105BC00029464FF4D850FEF784FB14F10D0001D1A3
:105BD000012038BDFFF784FDBD48046840F24C4009
:105BE000FBF74AFB0020F4E770B5B14800780628BF
:105BF00001D1052070BDB54909788900491C4FF4D1
:105C0000407202EBC100FEF741FB222806D00023C0
:105C100044220221AD480078FDF7A6FB0125FFF7DD
:105C200064FEC4B2A24890F90000052877D2DFE8EC
:105C300000F0030F2C4F770000209E490870487039
:105C40008870C870FFF773FA0120994908709CE0CA
:105C5000022C16D19F480068007C964908709D4828
:105C60000068407C48709B480068807C8870994838
:105C70000068C07CC870FFF778FB02208C49087070
:105C800002E0FFF71FFF05467FE0052C14D1FFF768
:105C900081FF40B1904800688047FFF709FF03206B
:105CA0008349087013E0FFF703FF8C4800688047C2
:105CB00000207F4908700AE0062C05D1FFF7F8FEA6
:105CC00001207B49087002E0FFF7FCFE05465CE01E
:105CD000042583480068401C20D07D480068804926
:105CE0000968B0EB510F19D90024724800787D493A
:105CF00008707048407848706E48807888706D48A9
:105D0000C078C87078480068401C77490860FFF781
:105D10002CFBFFF7CDFE04206549087035E033E029
:105D20000425052C24D10020704908706D480078A6
:105D300060490978884211D16A4840785D494978BC
:105D400088420BD1674880785A498978884205D1C2
:105D50006448C0785749C978884203D0032564480D
:105D600000688047FFF7A4FE0320514908700AE04D
:105D7000062C05D1FFF79CFE01204D49087002E07A
:105D8000FFF7A0FE054600E000BF00BF284631E750
:105D900010B54E480078FDF7A7FA06204449087070
:105DA00010BD38B504460D4600200090062251492A
:105DB0004FF41060FEF7B1FA4E4800784D4949782B
:105DC00008434C49897808434A49C97808434949F6
:105DD000097908434749497908430ED14549087074
:105DE00008204870DC2088700020C8700871487155
:105DF00006224FF41060FEF7BDFA344804703548AF
:105E000005603D4838490860042269464FF47060D7
:105E1000FEF7B0FA042269464FF47060FEF7AAFA62
:105E2000042269469001FEF7A5FAFFF741FE002023
:105E30001F49087038BD26480068401C2449086086
:105E400070471C49097801701A494978417019490D
:105E5000897881701749C978C170704727490978D6
:105E60000170264949784170244989788170234915
:105E7000C978C17070472249097801702049497872
:105E800041701F49897881701D49C978C170704778
:105E90001C49097801701B49497841701949897872
:105EA00081701849C978C17070470D480068704703
:105EB000000B0020F00A0020434845434B5F495047
:105EC0005F434F4E464C494354000000240B0020D2
:105ED000080B0020300B0020180B0020200B0020A6
:105EE000040B0020EC0A00202C0B0020010B0020EA
:105EF0001C0B0020340B002078563412F40A0020CA
:105F0000F80A0020FC0A0020014611F8013B1802A3
:105F10000A78024490B270470A1200F8012B00F888
:105F2000011B70472DE9F04307468C461C460025AF
:105F30000026A846614600BF11F8013B06B96D1C5A
:105F400003F0C000C0280AD106B96D1C01260878EC
:105F500003F03F0900EB0920C11911F8013B03B917
:105F60001BE0581C201A04B2002C03DA4FF0FF305B
:105F7000BDE8F08306B91D4403E011F8010B02F8F7
:105F8000010B1800A3F101091FFA89F3F5D12E20A6
:105F900002F8010B08F10108CEE700BFB8F1000FCD
:105FA00004D12E2002F8010B601E04B2002002F87A
:105FB000010B601E04B22846DAE770B593B00646BE
:105FC0000C464B236A4621463046FFF7ABFF054699
:105FD000681C01D113B070BD2C44A41CA41C204625
:105FE000F8E72DE9F04193B080460C4616464B2366
:105FF0006A4621464046FFF795FF0546681C02D1D8
:1060000013B0BDE8F0812C442046FFF77DFF074622
:10601000A41CA41C241DA41C112F59D2DFE807F0D6
:1060200058091A5858163B17181958581B27582E34
:10603000570014F8010B307014F8010B707014F84D
:10604000010BB07014F8010BF07042E000BF00BF0C
:1060500000BF00BF00BF4B236A4621464046FFF702
:1060600061FF0546681C00D1CAE72C4431E014F8F2
:10607000015B2C4414F8015B2C442AE0A41C4B2344
:106080006A4621464046FFF74DFF0546681C00D191
:10609000B6E72C441DE04B236A4621464046FFF7F5
:1060A00041FF0546681C00D1AAE72C444B236A46F1
:1060B00021464046FFF736FF0546681C00D19FE7A2
:1060C0002C44241D241D241D241D241D01E000E05A
:1060D00000BF00BF204693E72DE9F04704468946FC
:1060E00092464F46122120461FF07CF83846FFF7B3
:1060F0000BFF2080B81CFFF707FF064616F4004F81
:1061000001D00120A070C6F3C320E07016F4806FA8
:1061100001D00120207116F4007F01D001206071B0
:1061200016F4807F01D00120A07116F0800F01D0FD
:106130000120E07106F00F002072381DFFF7E4FE29
:106140006081B81DFFF7E0FEA08107F10800FFF7AE
:10615000DBFEE08107F10A00FFF7D6FE208207F19F
:106160000C0800250DE041463846FFF726FF804623
:10617000B8F1000F03D14FF0FF30BDE8F087681C85
:1061800085B26089A842EEDC00250DE0524641460A
:106190003846FFF726FF8046B8F1000F02D14FF0D6
:1061A000FF30EAE7681C85B2A089A842EEDC002532
:1061B00001E0681C85B2E089A842FADC002501E014
:1061C000681C85B2208AA842FADC207A08B901202E
:1061D000D3E70020D1E72DE9F04F95B081468B46FB
:1061E00090461C46454674480088401C7249088009
:1061F000084601882846FFF78FFE05464FF4807059
:1062000040EAC92080B2019028460199FFF784FE38
:10621000054601212846FFF77FFE05460021284656
:10622000FFF77AFE054600212846FFF775FE054672
:1062300000212846FFF770FE0546594602A81EF0C9
:106240006BFE02AF38461EF08BFE1FFA80FA00BFCD
:106250002E2138461EF018FE064616B1F01B84B2F9
:1062600000E0544605F8014B04B911E022463946D6
:1062700028461FF000F825441EB9002005F8010B40
:1062800006E0601C0744AAEB00001FFA80FADFE773
:1062900000BF01212846FFF73FFE054601212846A1
:1062A000FFF73AFE0546A5EB080000B215B0BDE8C1
:1062B000F08F42480068032812D300203F4908604D
:1062C0003F480078022804DB00203D490870401E4A
:1062D00070473B480078401C394908700020F7E7B8
:1062E0000120F5E7374A1070374A116041F2221257
:1062F000314B1A8070472DE9F04389B005460F46AF
:10630000904600231A4602212E480078FDF72CF80B
:106310004FF480732C48394602680020FFF75BFF7A
:1063200086B235202B463246009027480168254822
:106330000078FDF765FB31E022480078FEF77EF833
:10634000061E17DDB6F5807F01DD4FF4807602A8CA
:1063500003AB324600901C4801681A480078FDF7EC
:1063600039FC86B242461848016804A8FFF7B4FE1B
:10637000814614E0FFF79DFF0446002C03DA00205D
:1063800009B0BDE8F0834CB935202B463246009069
:106390000D4801680B480078FDF732FBCCE700BFE1
:1063A00008480078FCF7A0FF4846E9E70348006882
:1063B000401C024908607047460B0020480B002033
:1063C0003C0B0020440B0020400B0020704770B5B0
:1063D00004240526002514E0FEF728FD0AE0FFF757
:1063E00003FC042802D10024002601254FF4FA7092
:1063F000FAF742FF3000A6F10101CEB2EFD1FFF76C
:10640000C7FC2000A4F10101CCB2E5D1284670BD43
:1064100038B50446002000900422694681481EF0E9
:106420004FFD30B97F481238D0F8120020600120AB
:1064300038BD0020FCE770B5C0B004460D4601260B
:1064400069460220FFF74EFF04F14002214628462C
:10645000FFF751FF012800D000260220FCF744FF7F
:10646000304640B070BD2DE9F04104460D469046DF
:1064700003272EE04FF44A70FDF708FFB8B1132848
:1064800004D017280DD01C281CD10CE02A46214628
:106490000120FDF76EF8C6B216B90520BDE8F081FF
:1064A00010E00020FAE70120FCF71EFF0AE020239D
:1064B000424601210846FCF757FFC6B20EB9062036
:1064C000ECE700BF00BF781E87B24FF4FA60FAF71E
:1064D000D3FE002FCED10620E0E72DE9F04104469F
:1064E0000D46002641F2BA37FEF7CFFCFEF779FCE5
:1064F000FEF7A9FC10B90120BDE8F0814948123827
:10650000807980B947481238C07960B94548123857
:10651000007A40B943481238407A20B9FFF757FF54
:1065200008B90220E8E73F481238FEF797FC08B99F
:106530000320E1E704B11DB93B48FBF79EFC15E0E1
:1065400020461EF00DFD8046414637481EF04AFEAB
:1065500020461EF005FD80464246214632481EF088
:1065600075FD314800210164A0F844502D492E48A2
:10657000FFF761FF08B90420BEE72B48FFF726FFAD
:106580002A4800681EF062FCF9F76EFE4FF47A713B
:1065900090FBF1F201FB120041F28831084487B20E
:1065A0002148B0F844103A464030FFF75CFF0646F9
:1065B0000EB10520A0E700209EE770B5002441F24F
:1065C000BA35F9F751FE4FF47A7190FBF1F201FB05
:1065D000120041F28831084485B20120FDF768F8C5
:1065E0001420FAF749FE0120FCF77EFEFEF72BFC93
:1065F00008B9012070BD00F090F80B48B0F84410C5
:106600002A464030FFF72FFF04460CB10520F1E782
:1066100000F083F800F0D8F808B10520EAE7002080
:10662000E8E7000014500020BC4F00204C00002080
:106630002DE9F04180460D4616461C46F9F714FE3A
:1066400000EB80004FF47A7101EB8007002020609E
:10665000042E01D2BDE8F0812F60042020600020CC
:10666000F8E7014609B1086870470020FCE72DE90A
:10667000F04180460E4615465D48007828B9294607
:106680003046FEF720FCBDE8F0814FF4FA7718E0C1
:106690005848FBF7A5FD0446002C0FDDA54206D3A4
:1066A000224631465348FBF7C6FD2046EBE72A4613
:1066B00031465048FBF7BFFD2846E4E70A20FAF7C9
:1066C000DBFD3800A7F10107E2D14B48DBE770B5ED
:1066D00006460D46144600BF4548007820B92146BD
:1066E0002846FEF7E7FB04E0224629460120FAF798
:1066F00038FA204670BD70B504460D462A4621463C
:106700003E4805F0E6F870BD70B504460D462A46D1
:1067100021463A4804F0F5FF70BD38B54FF42052D9
:1067200037493448FBF742FD344805F0F7F8334861
:1067300006F047FE334806F0EDFE334807F0B1FFA0
:10674000324808F0ADFA2D4806F022FA2D4806F03E
:1067500099FE2D4807F09AFF2C4808F087FA2C483C
:1067600000681EF0FDFB044600902948274A29498D
:106770000368254808F076F92749086000B100BF92
:1067800000231A4619461F4806F083FE2249086076
:1067900000B100BF00211B4806F0C0FA1A4A1F4989
:1067A000184806F0C3FA1749144806F0F8F91A49D0
:1067B000086000B100BF0020194B1A4A0146009042
:1067C0000E4806F0B9FA38BD10B50A2409E00B48A6
:1067D00006F0D2FD08B9002010BD4FF4FA70FAF7A8
:1067E0004BFD2000A4F101010CB2F0D10120F3E730
:1067F00078050020741300200097FFFFD853002075
:10680000841300209C540020985200202050002027
:106810004C0B002039EE0000500B0020EBEB000089
:106820006F660000CF660000704770B5C2B00446C6
:10683000802122A81EF0F8FC0025802102A81EF06D
:10684000F3FC02A8FBF727FB2046FBF74AFB0AAB49
:1068500002AA9FA120461EF049F80AAB02AA9EA1F7
:1068600004F140001EF042F8802122A81EF0DCFC5A
:1068700022A912A818F076FFC5B204F140001EF05C
:106880006FFB064622AB04F18002314604F1400062
:10689000009518F0F3FE98A104F180001EF0CAFBE9
:1068A0002046FFF7C1FF42B070BD10B505249548E2
:1068B000FFF7BBFF9448FBF725FB00BF06E00CB9D0
:1068C000012010BD4FF47A70FAF7D6FC8D498E483E
:1068D00000F0EBF920B12000A4F10101CCB2EED11F
:1068E000052406E00CB90420EBE74FF47A70FAF7C0
:1068F000C3FC854800F053FA20B12000A4F1010147
:10690000CCB2EFD10020DCE710B500F031FB00285D
:1069100001DC022010BD0020FCE72DE9F041044617
:106920000D460127052621467748FBF730FB7748BF
:106930001EF016FB8046414674481EF053FC284664
:106940001EF00EFB80464246294670481EF093FC1E
:106950006D4880F8407107E016B90320BDE8F0816A
:106960004FF4FA60FAF788FC674800F07AFA20B131
:106970003000A6F10101CEB2EED10020EEE72DE904
:10698000F04704460D460027B8460A26B04674E094
:1069900007E04FF4FA70FAF76FFC5B4800F066F915
:1069A00007460A2F03DA701EC0B20600F1D1002E8E
:1069B00060D0214656481EF071FA60B9214654480D
:1069C000001D1EF06BFA30B921465148401D1EF0E3
:1069D00065FA00284CD04C49403120461EF076FC28
:1069E000A0B94CA14A48401D1EF058FA00283FD0DB
:1069F0004748401D1EF0B4FA81464A464449491DA5
:106A000028461EF023FB0520BDE8F0873F49863964
:106A100020461EF05BFC90B940A13D48401D1EF091
:106A20003DFA28B33A48401D1EF09AFA81464A467C
:106A30003749491D28461EF009FB0520E4E7334984
:106A4000463920461EF042FC90B936A13048401D20
:106A50001EF024FA60B12E48401D1EF081FA8146D6
:106A60004A462B49491D28461EF0F0FA0520CBE77F
:106A7000002702E00A2600F094FA5FEA0800A8F175
:106A8000010101F0FF0883D10620BDE72DE9F041A7
:106A900007460C4615461E4629463846FFF73DFF79
:106AA000032801D1BDE8F0811749403101EB841082
:106AB0003146FFF764FF052800D1F3E70620F1E730
:106AC00070B504460D4629462046FFF726FF70BDE7
:106AD0002573257300000000257325733B31323088
:106AE00031303132363B31316664353B32373739FC
:106AF00035343536303000003B686D616373686152
:106B000031000000F0540020C0550020065700203E
:106B1000065F002068747470000000006E7470746A
:106B2000696D6500534A595F434F554E540000004C
:106B300070B596B004460D465822F94968461EF0D5
:106B40000CFB0395B4F84201ADF8180094F841012C
:106B50008DF81A0005F14000109040301390B4F801
:106B600044116A4604F6461000F07BFD06463046A6
:106B700016B070BD2DE9F041A0B004460D460126C7
:106B8000642107A81EF050FB002004900590069099
:106B900004F1400101EB85101EF0E2F9804604F19A
:106BA000400000EB8511424607A81EF04FFA07A8E7
:106BB000049004F5A07004A90122CDE900210290FF
:106BC000B4F844113346002204F6461000F087FE64
:106BD0000746384620B0BDE8F08170B5A4B0044641
:106BE00064210BA81EF020FB0020089009900A9059
:106BF00020461EF0B5F90646324621460BA81EF087
:106C000025FA0BA8089004F5A3701EF0A9F9064612
:106C100004F5A370CDE9050608A807C802AB07C3B1
:106C200000200090019094F84031B4F844110246DD
:106C300004F6461000F023FC0546284624B070BD3B
:106C400070B504460D460C222946204600F0EFFDA3
:106C500070BD08B501464FF0FF30002200920A785F
:106C60008DF80020009AC2F3031008BD70B50446E9
:106C7000AC48007820B90120FDF7E0FB054603E0B1
:106C8000A948FBF7ADFA85B2002D0CDDB4F844112C
:106C900004F646101EF0A6FAB4F8441104F64610A5
:106CA000FFF732FD85B2284670BD2DE9F047044656
:106CB00088460027B94605256420FAF7DDFA994889
:106CC000007858B90120FDF7B9FBC7B297B1B4F805
:106CD000441104F64610FFF717FD0BE09248FBF74E
:106CE0007FFA0646002E05DDB4F8441104F646107E
:106CF000FFF70AFDB4F8441104F646101EF072FACC
:106D000041462046FFF714FF8146494604F64610E7
:106D1000FFF7F1FC3220FAF7AFFA82480078B0B9F9
:106D20000120FDF78BFBC7B20AE03220FAF7A4FA84
:106D300015B90120BDE8F0870120FDF77FFBC7B240
:106D4000DFB92800A5F101018DB2EED115E076483A
:106D5000FBF746FA06460AE04FF4FA70FAF78CFAA7
:106D60000DB90120E6E77048FBF73AFA064626B966
:106D70002800A5F101018DB2EED1B4F8441104F65A
:106D80004610FFF7C1FC814604F64610FFF761FF8D
:106D9000C7B2022F01D00120CCE70020CAE72DE9BD
:106DA000F047044600260027B046052500BF54E002
:106DB000B4F8441104F646101EF014FA3146204689
:106DC000FFF7D8FE1FFA80F8414604F64610FFF799
:106DD00092FC54480078B0B90120FDF72FFBC7B2F0
:106DE0000AE03220FAF748FA15B90220BDE8F08728
:106DF0000120FDF723FBC7B2E7B92800A5F1010187
:106E00008DB2EED116E04848FBF7EAF9814609E079
:106E10003220FAF731FA0DB90220E7E74248FBF7D2
:106E2000DFF98146B9F1000F04D12800A5F1010175
:106E30008DB2EDD1B4F8441104F64610FFF764FCAE
:106E40001FFA80F804F64610FFF703FFC7B2092FB8
:106E500001D00220CAE7701CC6B2042EA8DB0020B5
:106E6000C4E72DE9F04104460025002705264FF42C
:106E7000FA70FAF701FA2B48007858B90120FDF7AB
:106E8000DDFA05468DB1B4F8441104F64610FFF75B
:106E90003BFC0AE02448FBF7A3F985B22DB1B4F816
:106EA000441104F64610FFF72FFCB4F8441104F621
:106EB00046101EF097F92046FFF78FFE0746394629
:106EC00004F64610FFF717FC94F8400101284DD155
:106ED00014480078D0B94FF4FA70FAF7CDF90120D0
:106EE000FDF7ACFA05460AE0C820FAF7C5F916B96D
:106EF0000320BDE8F0810120FDF7A0FA05462DBB77
:106F00003000A6F101018EB2EED11FE04FF4966081
:106F1000FAF7B2F90448FBF763F985B210E0000014
:106F2000D48802007805002074130020C820FAF7E6
:106F3000A3F90EB90320DCE74348FBF751F985B20A
:106F400025B93000A6F101018EB2EFD1B4F8441199
:106F500004F64610FFF7D8FB074604F64610FFF785
:106F600078FE85B2042D01D00320C2E70020C0E7DF
:106F700010B5B2B0C82168461EF056F900240E22A2
:106F8000C821684600F053FC84B221466846FFF7EA
:106F9000B2FB84B2C82168461EF046F9204632B0E2
:106FA00010BD70B5B2B0002500260524C821684682
:106FB0001EF03AF9C8216846FFF742FE0646314600
:106FC0006846FFF798FB21480078B0B90120FDF72B
:106FD00035FA05460AE03220FAF74EF914B90420D2
:106FE00032B070BD0120FDF729FA0546EDB9200049
:106FF000A4F101018CB2EED117E01348FBF7F0F8D1
:1070000085B20CE012A01DF065FC0A20FAF734F9F5
:107010000CB90420E4E70C48FBF7E2F885B225B987
:107020002000A4F101018CB2ECD1C8216846FFF721
:107030006BFB06466846FFF70CFE85B20D2D01D0AE
:107040000420CDE70020CBE7741300207805002052
:10705000776169742070696E672061636B0D0A0047
:1070600030B50246002300BF0846CD1701EB556539
:10707000ED11A1EBC515ECB2CD1701EB5565E9118A
:10708000002901DD44F0800418465B1C14540029DB
:10709000EADC184630BD2DE9F84305460C460126CA
:1070A00000270020206000BF4FF0FF38781C074603
:1070B000042801DD00BF16E001216846A84780468C
:1070C000B8F1010F00D00EE09DF8001001F07F0133
:1070D000206801FB06002060F6019DF8000010F01A
:1070E000800FE1D100BF3846BDE8F883401C8028FE
:1070F00001DA401C0AE0B0F5804F01DA801C05E09F
:10710000D349884201DAC01C00E0001D704710B569
:107110000246002309E0CF48006800781070CD488F
:107120000068401CCB4C20605B1C8B42F3DB0846A4
:1071300010BD70B504460D46C64804602946AFF23E
:107140003100FFF7A8FF70BD30B501460A685378DB
:1071500014784FF4807505FB04300B689B1C0B60A2
:1071600030BD01460A6810780A68521C0A607047F0
:10717000026811700268521C0260704710B50A461E
:10718000CB1701EB13631B0A046823700268521CBF
:1071900002600A46CB1701EB13631B12A1EB03231A
:1071A000046823700268521C026010BD70B504466A
:1071B0000E4630461DF0D4FE054629462046FFF710
:1071C000DDFF2A46314620681DF040FF2068284434
:1071D000206070BD10B501464A780B784FF480747A
:1071E00004FB032010BD1FB50446029800280DDDE6
:1071F00020460299FFF7C2FFDDE9022120681DF059
:1072000025FF20680299084420600AE0019820B117
:1072100020460199FFF7CAFF03E000212046FFF74F
:10722000ADFF1FBD2DE9F04105460C46164600276F
:107230002068301A012812DD2046FFF785FF6860BC
:10724000206869680844B04206D82168A9602068AF
:1072500069680844206001277FA01DF03BFB0020E7
:1072600028603846BDE8F08137B50024009820B189
:1072700000981DF075FE044600E0019C20463EBDCE
:107280002DE9F04104460E460027B846206828B193
:10729000256820681DF064FE074601E0A568676860
:1072A00030461DF05DFE8046474508D13A463146DE
:1072B00028461DF074FE10B90120BDE8F0810020C1
:1072C000FBE72DE9FC4104460F4615464FF0FF3819
:1072D000002001900026009001212046A8470128A7
:1072E00000D01CE0012669462846FFF7D4FE601C4A
:1072F0000099FFF7B5FE064400983044B84200DD1F
:107300000DE0A0190099A8470099884200D006E036
:1073100020788DF804000198C0F3031800BF4046A0
:10732000BDE8FC81F8B504464FF0FF36206918B976
:107330000120A0600020E06000BF2069401C2061A7
:10734000042800DD1EE001226946D4E90030984798
:107350000546401C00D115E00DB9002612E09DF84D
:10736000001001F07F01D4E9022001FB0200E0607F
:10737000A068C001A0609DF8000010F0800FDCD173
:10738000266900BF3046F8BD2DE9F84306460F4692
:1073900014464FF0FF3800200090207D30B10128C6
:1073A00017D002282FD00020207500BF01223146BF
:1073B000D4E9003098470546401C00D144E015B997
:1073C0000020BDE8F88300202061207D401C20754E
:1073D00000BF2046FFF7A6FF0546401C00D133E062
:1073E0000DB90020EDE7701CE168FFF739FE401C85
:1073F0002061D4E903010844B84200DD24E0207D87
:10740000401C207500BFD4E9032C0CEB0601D4E925
:10741000003098470546401C00D115E00DB900200A
:10742000CFE7E068401BE060206928442061E06805
:1074300008B10020C5E730788DF800000098C0F34F
:10744000031800BF00BF00BF002020754046B8E70A
:10745000FFFF1F00540B0020000000007FB5054611
:10746000089E002401A807C8FFF7FEFE801C3044D8
:107470000444002D00DDA41C204604B070BD2DE99D
:10748000F04F87B005460F4690461C46DDE915B61D
:10749000DDE9109A0695002005900490039000966F
:1074A000204612A90EC9FFF7D9FF04900290FFF7FA
:1074B0001DFEB84203DD6FF00100039033E0059834
:1074C00020F0F00030300590059868F3C300059077
:1074D000059864F342000590059869F30000059053
:1074E0009DF8141006A8FFF743FE04990698FFF7CD
:1074F000B7FD06990844069006A812A90EC9FFF721
:1075000072FE002C03DD514606A8FFF737FE324617
:10751000594606981DF09AFD069830440690069844
:10752000401B039000BF039807B0BDE8F08F2DE922
:10753000FC4704460E4615461F46DDF8288000200D
:10754000019081460094042E02DA6FF0010924E0D4
:10755000019865F307100190019867F3C30001904B
:10756000062D01D1012100E00021019861F34200C4
:1075700001909DF804106846FFF7FAFD022100987B
:10758000FFF76EFD00990844009041466846FFF7FA
:10759000F5FD0098A0EB040900BF4846BDE8FC8754
:1075A000F8B505460E461446002304223146284607
:1075B0000094FFF7BCFFF8BDF8B506460F46144629
:1075C0001D4623460622394630460095FFF7AFFF99
:1075D000F8BDF8B505460E4614460023072231468D
:1075E00028460094FFF7A3FFF8BD000070B50446DD
:1075F0000025207A032801D10C2503E0207A0428F5
:1076000000D10A25D4E90412E068FFF72DFE801CA2
:107610000544E07E68B1D4E90A12606AFFF724FEEF
:10762000861CD4E90D12206BFFF71EFE3044801C2F
:107630000544206C08B9A06C30B1D4E91112206C5B
:10764000FFF712FE801C0544E06C08B9606D30B194
:10765000D4E91412E06CFFF707FE801C05442846AD
:1076600070BD2DE9FE4305460E46144602950020E6
:107670000190009000274FF0FF382046FFF7B6FF3B
:1076800007468146FFF732FDB04202DD6FF0010888
:107690008FE000208DF80400019820F0F0001030F9
:1076A00001909DF8041002A8FFF762FD3946029888
:1076B000FFF7D6FC029908440290207A042808D1EA
:1076C00077A102A8FFF772FD042102A8FFF750FD81
:1076D00007E075A102A8FFF769FD032102A8FFF7E3
:1076E00047FD00208DF80000A17E009861F3410065
:1076F0000090E07E08B1012100E00021009861F3D4
:10770000820000900098C0F3800058B194F83D10BA
:10771000009861F3C400009094F83C10009861F365
:1077200045100090206C08B9A06C20B1009820F0A2
:10773000800080300090E06C08B9606D20B1009846
:1077400020F04000403000909DF8001002A8FFF7A4
:107750000FFD218B02A8FFF711FD02A8D4E9042335
:10776000E168FFF740FDE07E58B102A8D4E90A23A2
:10777000616AFFF738FD02A8D4E90D23216BFFF7FA
:1077800032FD0098C0F3C01028B102A8D4E911233B
:10779000216CFFF728FD0098C0F3801028B102A8E3
:1077A000D4E91423E16CFFF71EFD0298A0EB050855
:1077B00000BF4046BDE8FE832DE9FF4704460D4665
:1077C00016469946002003900296002780460090B6
:1077D00002A8FFF7C6FC8DF80C000398C0F3031055
:1077E000022800D01FE001A90298FFF7A2FC804602
:1077F000029908440290DDE9011047180298381AEE
:10780000022800DA0FE002A8FFF7ABFC8DF80000B9
:107810000098C0F3C010207002A8FFF7A2FC2870E7
:107820004FF0010800BF404604B0BDE8F0872DE9E5
:10783000FC4104460D46164600200190471E009468
:10784000022D01DA871E15E000208DF80400019852
:1078500066F3071001909DF804106846FFF788FC56
:1078600000210098FFF7FCFB009908440090009865
:10787000071B00BF3846BDE8FC8170B504460D46C5
:107880000E2229462046FFF7D2FF70BD70B5044690
:107890000D460C2229462046FFF7C9FF70BD0000A7
:1078A0004D515454000000004D5149736470000064
:1078B0002DE9F04105460E46022700240AE004EBBC
:1078C000440006EB800393E80700FFF7CDFCC01CE3
:1078D0000744641CAC42F2DB3846BDE8F0812DE978
:1078E000FF5F05460E4617469846DDE90E9A03955A
:1078F0000020029001900090002451464846FFF776
:10790000D7FF83460190FFF7F1FBB04202DDA01ED6
:10791000009039E000208DF80800029820F0F00077
:1079200080300290029867F3C3000290029820F022
:107930000600801C02909DF8081003A8FFF718FCB1
:1079400001990398FFF78CFB039908440390414683
:1079500003A8FFF713FC002410E004EB44000AEB3B
:10796000800C03A89CE80E00FFF73DFC109850F82F
:107970002400C1B203A8FFF7FBFB641C4C45ECDB01
:107980000398401B009000BF009804B0BDE8F09F32
:107990002DE9FE4F05460E4614461F46DDE90C9BB9
:1079A00000200290CDF804908046824601A8FFF79F
:1079B000D8FB8DF808000298C0F30310092800D006
:1079C0002CE069460198FFF7B4FB82460199084410
:1079D0000190DDE9001000EB01080198A8EB000020
:1079E000022800DA1AE001A8FFF7AEFB2880002089
:1079F00020600DE02068B04202DD4FF0FF3A0DE05C
:107A000001A8FFF7AEFB2268511C216047F8220055
:107A100001984045EED34FF0010A00BF5046BDE843
:107A2000FE8F0000FE480068704770B504460D46A2
:107A30002CB9AC4201D0012070BD0020FCE70DB98B
:107A40000120F9E705E0207808B90020F4E7641C7C
:107A50006D1C20781CF01FFF064628781CF01BFFC9
:107A60008642F0D020781CF016FF064628781CF0DD
:107A700012FF301AE0E770B5044620461DF070FA98
:107A8000451C2846E74909688847060000D170BDB3
:107A90002A46214630461DF0D9FA3046F7E730B97C
:107AA000E149E04A1160E149E14A1160704701682B
:107AB00009B1016800E0DC49DA4A1160416809B1A6
:107AC000416800E0D949DA4A116000BFEEE710B51D
:107AD0002820D4490968884704461CB1282120463B
:107AE0001DF0A2FB204610BD70B5044622E02568BB
:107AF000E06810F4807F04D1A06810B1A068FFF79F
:107B0000F3FFE06810F4807F05D1206918B1C849FF
:107B1000206909688847E06810F4007F05D1206A71
:107B200018B1C349206A096888472046C0490968D6
:107B300088472C46002CDAD170BD2DE9F04F8BB070
:107B400083468A460020044605460026B94F002198
:107B5000884689460990012008909AF800002D284F
:107B600002D1B54F0AF1010A9AF80000302801D17C
:107B70000AF1010A9AF80000312822DB9AF8000085
:107B800039281EDC00BF1AF8011BA1F1300020F0DB
:107B90007CF80022A94BCDE906012046294620F0B9
:107BA000C7F8CDE90401DDE906231FF0EFFD044627
:107BB0000D469AF80000302803DB9AF800003928B7
:107BC000E1DD9AF800002E2830D19AF80100302823
:107BD0002CDB9AF80100392828DC0AF1010A00BFE1
:107BE0001AF8011BA1F1300020F04FF80022934B4E
:107BF000CDE906012046294620F09AF8CDE9040196
:107C0000DDE906231FF0C2FD04460D460022894B24
:107C10004046494620F0B2FA804689469AF800006C
:107C2000302803DB9AF800003928D9DD9AF80000E3
:107C3000652803D09AF80000452823D10AF1010AEB
:107C40009AF800002B2802D10AF1010A08E09AF8FC
:107C500000002D2804D14FF0FF3008900AF1010AEE
:107C600008E01AF8010B3038099901EB810100EBAB
:107C7000410009909AF80000302803DB9AF80000D0
:107C80003928EEDDDDE9082101FB02F01FF0FDFFE0
:107C900042464B46CDE900011FF078FD02460B46F7
:107CA000CDE90201002065491FF028F822462B4645
:107CB000CDE906013046394620F03AF8CDE9040115
:107CC000DDE9062320F034F804460D46CBE90645ED
:107CD000204629461FF0AAFFCBF814000320CBF85A
:107CE0000C0050460BB0BDE8F08F0146491E41EA3A
:107CF000610141EAA10141EA211141EA212141EA60
:107D00002141481C70472DE9F04104460E460CB154
:107D1000206810B90020BDE8F081A06806446068C2
:107D2000B04203DBA16820680844F4E73046FFF75F
:107D3000DCFF074638463B490968884705463DB998
:107D40003B49206809688847002060602060E2E7BE
:107D500025B12846D4E900121DF078F9344920688D
:107D60000968884767602560A0682844D3E770B534
:107D700004460CB1206808B9002070BDA1682068D5
:107D8000451828461DF0ECF8A1680844F5E72DE9F0
:107D9000FC47824688464FF00009DAE90645002292
:107DA0001346204629461FF005FF15D1B8F1000FF4
:107DB00005D002214046FFF7A6FF814604E00220DD
:107DC0001849096888478146B9F1000F03D01CA003
:107DD0000088A9F80000A3E0DAF814001FF055FFAE
:107DE000064622462B4620F0C9F921F00041002228
:107DF000144BCDE900011FF05FFF40D8124A134B2E
:107E0000204629461FF058FF39D80022104B204643
:107E1000294620F08BF832D8B8F1000F20D019E0B5
:107E2000600B0020580B0020B14602000F470200F3
:107E30005C0B00200000F03F0000F0BF0000244079
:107E4000300000000000B03C0000C0FFFFFFDF4139
:107E50000000E0C115214046FFF755FF814604E0D0
:107E60001520FB49096888478146B9F1000F57D0B2
:107E7000F8A14846DAF814201CF038FD50E0B8F1BB
:107E8000000F05D040214046FFF73DFF814604E04A
:107E90004020EF49096888478146B9F1000F3FD07B
:107EA000204629461EF0BCFE064622462B4620F000
:107EB00065F921F000410022E74BCDE900011FF0F8
:107EC000FBFE0FD825F000412646E44AE44B30463D
:107ED0001FF0F2FE06D222462B46E2A148461CF0D5
:107EE00005FD1DE025F000412646E04AE04B304606
:107EF0001FF0E2FE07D325F000410022DD4B3046A3
:107F000020F014F806D222462B46DBA148461CF08E
:107F1000EDFC05E022462B46D8A148461CF0E6FCC5
:107F20004846BDE8FC87014600220878302806DB79
:107F30000878392803DC08783038024415E00878DE
:107F4000412806DB0878462803DC087837380244E5
:107F50000BE00878612806DB0878662803DC0878DF
:107F60005738024401E0002070471201491C08788C
:107F7000302806DB0878392803DC087830380244DA
:107F800015E00878412806DB0878462803DC0878E5
:107F9000373802440BE00878612806DB0878662849
:107FA00003DC08785738024401E00020DCE71201C6
:107FB000491C0878302806DB0878392803DC087863
:107FC0003038024415E00878412806DB0878462856
:107FD00003DC0878373802440BE00878612806DBB8
:107FE0000878662803DC08785738024401E000204E
:107FF000BAE71201491C0878302806DB08783928CE
:1080000003DC08783038024415E00878412806DBA4
:108010000878462803DC0878373802440BE00878F3
:10802000612806DB0878662803DC087857380244A4
:1080300001E0002098E7104696E72DE9F05F8346BF
:10804000884608F10104002798F80000222805D08E
:108050008B48C0F800800020BDE8F09F04E014F8D1
:10806000011B5C2900D1641C2078222804D02078D0
:1080700010B1781C0700F2D1781C7549096888474F
:108080008146B9F1000F01D10020E5E708F10104B4
:108090004D469EE020785C2804D014F8010B05F8CA
:1080A000010B96E0641C2078722818D006DC622848
:1080B00009D066280BD06E287ED10CE0742812D02F
:1080C0007528F9D113E0082005F8010B7FE00C209A
:1080D00005F8010B7BE00A2005F8010B77E00D2085
:1080E00005F8010B73E0092005F8010B6FE0601C37
:1080F000FFF719FF0646241DB6F55C4F02D3B6F50F
:10810000604F00D306B962E0B6F5584F1CD3B6F500
:108110005C4F19D260785C2802D1A078752800D015
:1081200055E0E01CFFF7FFFE8246A41DBAF55C4F48
:1081300002D3BAF5604F00D349E0C6F309015046B7
:1081400061F39F2000F580360427802E01D201279D
:1081500008E0B6F5006F01D2022703E0B6F5803FD4
:1081600000D203273D44012F20D0022F15D0032F2A
:108170000AD0042F24D106F0BF0040F08001681E11
:1081800005460170B60900BF06F0BF0040F080014F
:10819000681E05460170B60900BF06F0BF0040F03A
:1081A0008001681E05460170B60900BF3548C05DF4
:1081B0003043C1B2681E00E005E00546017000BF13
:1081C00000BF3D4403E0207805F8010B00BF00BF6D
:1081D000641C2078222803D0207800287FF45AAF2E
:1081E000002028702078222800D1641CCBF8109041
:1081F0000420CBF80C0020462EE72DE9F05F8046E6
:1082000089460027BB46454611E02878002802DD54
:108210002878202805DB2878222802D028785C28B6
:1082200001D1012000E0002040EA0B0B6D1C2878F2
:108230000028EAD1BBF1000F3ED1A5EB0807B9F148
:10824000000F21D0F91C4846FFF75DFD064620E0EF
:10825000580B0020256400000000B03C44F3C2E449
:10826000E4E9634C252E3066000000008DEDB5A0DA
:10827000F7C6B03E65CDCD412565000025660000FE
:10828000600B00202C890200F81CFD490968884712
:10829000064616B90020BDE8F09F3446222004F8B7
:1082A000010B414620461CF037FE2220E0550021FC
:1082B000781C21543046EEE7B8F1000F16D1B9F121
:1082C000000F05D003214846FFF71DFD064604E0D8
:1082D0000320EB490968884706460EB90020DAE713
:1082E000E8A130461CF018FE3046D4E745460BE0C6
:1082F0005146E5A01CF0C8FD08B17F1C03E0BAF1AF
:10830000200F00DA7F1D6D1C95F800A0BAF1000F58
:1083100002D0781C0700EBD1B9F1000F05D0F91C91
:108320004846FFF7F0FC064604E0F81CD44909680B
:10833000884706460EB90020ADE734464546222060
:1083400004F8010B47E028781F280ADD2878222846
:1083500007D028785C2804D015F8010B04F8010B2D
:1083600039E05C2004F8010B15F8011B8A460C2942
:1083700019D006DC082912D0092920D00A2922D1D7
:1083800015E00D2917D0222905D05C291BD15C20CE
:1083900004F8010B1EE0222004F8010B1AE0622011
:1083A00004F8010B16E0662004F8010B12E06E20C1
:1083B00004F8010B0EE0722004F8010B0AE07420AF
:1083C00004F8010B06E05246B1A120461CF08EFADB
:1083D000641D00BF00BF28780028B4D1222004F813
:1083E000010B002004F8010B304654E770B5044639
:1083F0000D4629462069FFF700FF70BD00E0401CD4
:1084000020B1017811B101782029F8DD70472DE9FC
:10841000F04706460C4620787B2804D09E4804602E
:108420000020BDE8F0870620F060601CFFF7E6FF43
:10843000044620787D2801D1601CF2E7FFF747FB56
:108440000546B060B06808B90020EAE72046FFF7AB
:10845000D5FF804641462846FFF7EFFD0746FFF768
:10846000CDFF04460CB90020DBE728692862002014
:10847000286120783A2803D0874804600020D0E79C
:10848000601CFFF7BBFF80464146284600F099F884
:108490000746FFF7B3FF04460CB90020C1E731E0FF
:1084A000FFF715FB070000D1BBE72F607D603D465D
:1084B000601CFFF7A3FF814649462846FFF7BDFD34
:1084C0008046FFF79BFF04460CB90020A9E7286906
:1084D00028620020286120783A2803D06E48046082
:1084E00000209EE7601CFFF789FF81464946284629
:1084F00000F067F88046FFF781FF04460CB90020C2
:108500008FE700BF20782C28CAD020787D2801D1A1
:10851000601C86E760480460002082E72DE9F04790
:1085200005460C4620785B2804D05B480460002098
:10853000BDE8F0870520E860601CFFF75FFF044698
:1085400020785D2801D1601CF2E7FFF7C0FA0646EB
:10855000A860A86808B90020EAE72046FFF74EFFA8
:1085600080464146304600F02CF80746FFF746FFAC
:1085700004460CB90020DBE717E0FFF7A8FA070074
:1085800000D1D5E737607E603E46601CFFF736FFBE
:1085900081464946304600F014F88046FFF72EFF2A
:1085A00004460CB90020C3E700BF20782C28E4D093
:1085B00020785D2801D1601CBAE7374804600020AC
:1085C000B6E770B505460C460CB9002070BD042214
:1085D00032A120461CF0E3FC18B90220E860201DFF
:1085E000F4E705222FA120461CF0D9FC18B9002081
:1085F000E860601DEAE704222CA120461CF0CFFCB5
:1086000020B90120E8606861201DDFE7207822287A
:1086100004D121462846FFF710FDD7E720782D2802
:1086200005D02078302807DB2078392804DC214663
:108630002846FFF782FAC9E720785B2804D1214653
:108640002846FFF76BFFC1E720787B2804D121463D
:108650002846FFF7DCFEB9E70F4804600020B5E7C5
:108660002DE9F04780460D4616460024FFF72FFA05
:108670000746002008490860E7B9BDE8F087000018
:10868000580B002022220000225C080C0A0D090071
:108690007525303478000000600B00206E756C6C1E
:1086A0000000000066616C736500000074727565FF
:1086B000000000004046FFF7A1FE814649463846CB
:1086C000FFF77FFF04462CB93846FFF70DFA00206C
:1086D000BDE8F08766B12046FFF790FE044620789B
:1086E00030B13846FFF700FAFE4804600020EFE79B
:1086F00005B12C603846EBE710B504460022114660
:108700002046FFF7ADFF10BD2DE9FF4F89B0884629
:1087100016461F4600200890079006904FF0070A63
:1087200000250998D0F80890002002900190009050
:1087300004E00298401C0290D9F80090B9F1000FB3
:10874000F7D10298002835D157B116B108F10400CD
:1087500000E0032001463846FFF7D5FA069009E00D
:1087600016B108F1040100E003210846DE4909685A
:1087700088470690069818B900200DB0BDE8F08F24
:10878000069C7B2004F8010B66B10A2004F8010B5B
:10879000002503E0092004F8010B6D1CA8F101007D
:1087A000A842F7DC7D2004F8010B002004F8010B3F
:1087B0000698E2E7002F77D0BD680EB1022000E0F6
:1087C000012082460AF101013846FFF79CFA04466F
:1087D0000CB90020D1E77B2004F8010B16B10A2068
:1087E00004F8010B00202070B8685044B860099864
:1087F000D0F8089008F1010868E0B6B14146384663
:10880000FFF781FA04460CB90020B6E70020039078
:1088100005E0092004F8010B0398401C039003981D
:108820004045F6DBB8684044B8603946D9F82000C6
:10883000FFF7E3FC3846FFF79AFAB8600EB1022062
:1088400000E00120824651463846FFF75CFA0446B4
:108850000CB9002091E73A2004F8010B16B1092069
:1088600004F8010BB8685044B8603B4632464146B4
:10887000484600F078FA3846FFF779FAB8600EB14A
:10888000012000E00020D9F8001009B1012100E02A
:10889000002100EB010A0AF101013846FFF733FA23
:1088A000044614B9002068E734E0D9F8000010B19C
:1088B0002C2004F8010B16B10A2004F8010B00204B
:1088C0002070B8685044B860D9F80090B9F1000F32
:1088D00093D116B108F1010000E0022001463846AC
:1088E000FFF711FA04460CB9002046E74EB1002507
:1088F00003E0092004F8010B6D1CA8F10100A84257
:10890000F7DC7D2004F8010B002020703868284433
:10891000069005E102998800734909688847089024
:10892000089808B9002028E7029988006E4909686C
:1089300088470790079828B96C49089809688847BC
:1089400000201AE70298810008981CF06DFC02983C
:10895000810007981CF068FC0998D0F8089008F18D
:10896000010806B1C2442EE00021D9F82000FFF72B
:1089700044FC0490079941F8250000233246414603
:10898000484600F0F0F929466D1C0590089A42F817
:108990002100049898B1059888B105981CF0E0FA78
:1089A000834604981CF0DCFA0BEB0001891C16B11D
:1089B00008F1020000E000200844824401E00120A8
:1089C0000190D9F80090B9F1000FCDD1019820B9EC
:1089D00050464549096888470690069808B901201D
:1089E0000190019818B3002514E0079850F825006D
:1089F00028B1079951F825003C490968884708982B
:108A000050F8250028B1089951F825003749096820
:108A100088476D1C02988542E7DB3449079809684E
:108A2000884732490898096888470020A5E67B21D5
:108A3000069801700698441C16B10A2004F8010B30
:108A400000202070002548E05EB10020039005E082
:108A5000092004F8010B0398401C0390039840453B
:108A6000F6DB079951F825001CF07AFA0090079878
:108A700050F825102046009A1CF0E8FA00980444AB
:108A80003A2004F8010B16B1092004F8010B0898EC
:108A900050F8251020461CF03FFA089951F825009F
:108AA0001CF05EFA04440298401EA84202D02C201A
:108AB00004F8010B16B10A2004F8010B0020207005
:108AC000079951F82500094909688847089951F81C
:108AD00025000649096888476D1C02988542B3DB6A
:108AE000024905E0600B0020580B00205C0B0020C1
:108AF000079809688847F8490898096888474EB177
:108B0000002503E0092004F8010B6D1CA8F1010009
:108B1000A842F7DC7D2004F8010B002004F8010BCB
:108B200006982AE62DE9FF4F85B092461E464FF083
:108B3000000B052003900598D0F80880D946002541
:108B400000200290019003E009F10109D8F80080AB
:108B5000B8F1000FF8D1B9F1000F16D12EB10321F1
:108B60003046FFF7D0F8834604E00320DB4909686C
:108B700088478346BBF1000F03D0D9A158461CF0AB
:108B8000CBF9584609B0BDE8F08F002E57D0B56834
:108B900001213046FFF7B7F804460CB90020F1E791
:108BA0005B202070B068401CB0600598D0F8088049
:108BB0002EE0334652460699491C404600F0D3F851
:108BC0003046FFF7D4F8B060D8F80000F0B1BAF141
:108BD000000F01D0022000E0012003900399491CFE
:108BE0003046FFF790F804460CB90020CAE72C2065
:108BF00004F8010BBAF1000F02D0202004F8010B99
:108C000000202070B16803980844B060D8F8008054
:108C1000B8F1000F02D002980028CAD002213046D5
:108C2000FFF771F804460CB90020ABE75D2004F8AB
:108C3000010B00202070306800EB050B91E04FEA3B
:108C40008900A6490968884707460FB9002099E7B7
:108C50004FEA890138461CF0E7FA0598D0F80880F9
:108C600021E0002352460699491C404600F07BF85B
:108C7000049029466D1C049847F82100049870B1AF
:108C800004981CF06DF9801CBAF1000F01D001218D
:108C900000E00021014403980844039001E0012012
:108CA0000290D8F80080B8F1000F02D00298002896
:108CB000D7D0029820B98949039809688847834624
:108CC000BBF1000F01D101200290029890B1002564
:108CD00008E057F8250020B157F825007E490968BB
:108CE00088476D1C4D45F4DB38467B490968884749
:108CF000002047E75B208BF800000BF10104002007
:108D00002070002521E057F825001CF029F901907A
:108D100057F825102046019A1CF098F90198044450
:108D2000A9F10100A8420AD02C2004F8010BBAF1E5
:108D3000000F02D0202004F8010B0020207057F80B
:108D400025006549096888476D1C4D45DBDB3846C1
:108D50006149096888475D2004F8010B002004F888
:108D6000010B58460EE72DE9F04104460F469046A8
:108D70001D46002614B90020BDE8F081002D4AD020
:108D8000E068C0B2072845D2DFE800F0101C0428D4
:108D90002E343C0005212846FEF7B5FF064626B1D5
:108DA000AFF2087130461CF0B7F833E006212846D0
:108DB000FEF7A9FF064626B1AFF2187130461CF047
:108DC000ABF827E005212846FEF79DFF064626B1B1
:108DD000AFF2287130461CF09FF81BE02946204670
:108DE000FEF7D5FF064615E029462046FFF7FEFAB6
:108DF00006460FE02B46424639462046FFF792FED4
:108E0000064607E02B46424639462046FFF77CFCE3
:108E1000064600BF38E0E068C0B2072833D2DFE87A
:108E200000F00A1004161C222A00AFF29070FEF720
:108E300022FE064627E0AFF29470FEF71CFE0646BF
:108E400021E0AFF29870FEF716FE06461BE0002107
:108E50002046FEF79CFF064615E000212046FFF75E
:108E6000C5FA06460FE00023424639462046FFF782
:108E700059FE064607E00023424639462046FFF7E2
:108E800043FC064600BF00BF304675E710B50446F8
:108E90000023012219462046FFF765FF10BD10B5DB
:108EA000044600231A4619462046FFF75CFF10BD12
:108EB000FEB505460C46164620460849096888470F
:108EC00000900194002002906B4632460021284613
:108ED000FFF749FFFEBD00005C0B0020580B00208F
:108EE0005B5D000001468A68002001E0401C1268BA
:108EF000002AFBD170470246906801E0491E0068D5
:108F000008B10029FADC704770B505460E46AC681A
:108F100000E024682CB13146206AFEF786FD002867
:108F2000F7D1204670BD01604860704770B50546B6
:108F3000FEF7CDFD04460CB9002070BD282229465D
:108F400020461CF00AF900202062E06840F480709E
:108F5000E0600020606020602046EEE770B50546C6
:108F60000E46AC6806B970BD0CB9AE6009E000E011
:108F7000246814B120680028FAD131462046FFF752
:108F8000D2FF00BFEFE770B506460D46144604B9A0
:108F900070BD206A18B1F749206A096888472846D9
:108FA000FEF769FD206221463046FFF7D7FF00BF7C
:108FB000EEE770B506460D46144604B970BDE0688C
:108FC00010F4007F05D1206A18B1EA49206A0968C7
:108FD00088472562E06840F40070E0602146304632
:108FE000FFF7BCFF00BFE9E770B505460C46204619
:108FF000FFF79CFF064631462846FFF7AFFF70BDDE
:109000002DE9F04105460E4614462046FFF78EFF37
:1090100007463A4631462846FFF7B5FFBDE8F081DE
:1090200010B502460B46916801E009685B1E09B164
:10903000002BFADC09B9002010BD486810B1D1E955
:1090400000042060086810B1D1E9004060609068B9
:10905000884201D108689060002008604860084696
:10906000EAE770B504460D4629462046FFF7D8FFCB
:109070000646FEF739FD70BD2DE9F04105460F4665
:109080000026AC6801E0761C24682CB13946206AC1
:10909000FEF7CBFC0028F6D12CB131462846FFF76D
:1090A000BFFFBDE8F0810020FBE770B504460D4628
:1090B00029462046FFF7E0FF0646FEF715FD70BD86
:1090C0002DE9F04106460F461446B56801E02D68CB
:1090D0007F1E0DB1002FFADC2DB921463046FFF777
:1090E0003DFFBDE8F0812560686860606C60B06835
:1090F000A84201D1B46001E06068046000BFF0E7FD
:109100002DE9F04106460F461446B56801E02D688A
:109110007F1E0DB1002FFADC0DB9BDE8F081286883
:10912000206068686060206808B120684460B068AA
:10913000A84201D1B46001E060680460002068606A
:1091400028602846FEF7D0FC00BFE6E72DE9F04195
:1091500005460E4617464FF00008AC6802E008F1DD
:10916000010824682CB13146206AFEF75EFC002815
:10917000F5D144B13046FEF77EFC38623A464146AE
:109180002846FFF7BDFFBDE8F08110B5FEF79FFC54
:1091900004460CB10220E060204610BD10B5FEF779
:1091A00096FC04460CB10120E060204610BD10B5CD
:1091B000FEF78DFC04460CB10020E060204610BD97
:1091C00070B50546FEF783FC044624B10DB10120BD
:1091D00000E00020E060204670BD70B504460D46FA
:1091E000FEF775FC064646B10320F060C6E9064569
:1091F000204629461EF01AFD7061304670BD70B5DC
:109200000546FEF764FC04462CB10420E0602846C5
:10921000FEF731FC2061204670BD10B5FEF757FC0B
:1092200004460CB10520E060204610BD10B5FEF7E5
:109230004EFC04460CB10620E060204610BD2DE92E
:10924000F05F81468A460027BB46FFF7E6FF80466F
:10925000002611E059F826001EF017FD0446FFF71E
:10926000BCFF074616B9C8F8087003E039465846EF
:10927000FFF759FEBB46761CB8F1000F01D05645EA
:10928000E8DB4046BDE8F09F2DE9F05F81468A4665
:109290000027BB46FFF7C1FF8046002611E059F8C2
:1092A00026001FF055F80446FFF797FF074616B94A
:1092B000C8F8087003E039465846FFF734FEBB464D
:1092C000761CB8F1000F01D05645E8DB4046BDE8FA
:1092D000F09F2DE9F047074688460025A946FFF78D
:1092E0009CFF0646002410E007EBC400D0E90021F3
:1092F0001046FFF772FF05460CB9B56003E029463A
:109300004846FFF710FEA946641C0EB14445EBDB4E
:109310003046BDE8F0872DE9F0470746884600252E
:10932000A946FFF77AFF064600240DE057F824000F
:10933000FFF765FF05460CB9B56003E029464846CE
:10934000FFF7F1FDA946641C0EB14445EEDB304643
:10935000BDE8F0872DE9F047054689464FF0000843
:1093600015B90020BDE8F087FEF7B1FB04461CB933
:109370000020F7E75C0B0020E86820F48070E060D4
:1093800068696061D5E90601C4E90601286950B140
:109390002869FEF770FB2061206920B92046FEF79E
:1093A000A3FB0020DEE7286A50B1286AFEF763FBC2
:1093B0002062206A20B92046FEF796FB0020D1E704
:1093C000B9F1000F01D12046CCE7AF6816E00121CA
:1093D0003846FFF7BFFF064626B92046FEF784FB56
:1093E0000020BFE7B8F1000F05D0C8F80060C6F84C
:1093F0000480B04601E0A660B0463F68002FE6D189
:109400002046AFE7014655E00278202A01D1401CF2
:1094100050E00278092A01D1401C4BE002780D2A65
:1094200001D1401C46E002780A2A01D1401C41E0EB
:1094300002782F2A0BD142782F2A08D100E0401C55
:109440000278002A36D002780A2A33D0F7E7027869
:109450002F2A0ED142782A2A0BD100E0401C027834
:109460002AB102782A2AF9D142782F2AF6D1801C13
:1094700020E00278222A19D110F8012B01F8012BE3
:109480000AE002785C2A03D110F8012B01F8012BC5
:1094900010F8012B01F8012B027812B10278222A70
:1094A000EFD110F8012B01F8012B03E010F8012B8C
:1094B00001F8012B0278002AA6D10A70704700003B
:1094C00010B5044600BF00BF4FF48C7120461BF05E
:1094D000ABFE10BD10B5044604B910BD4FF48C713D
:1094E000204600F07FFF00BFF7E7F0B503460C46CB
:1094F000154600BF00BF00BF00BF802D05D0C02DA6
:1095000006D0B5F5807F09D105E00A20186008E093
:109510000C20186005E00E20186002E06FF01F00BC
:10952000F0BD00BF03F108015960002216E014F8F5
:109530002200012606EB8206A65D40EA06200226EE
:1095400006EB8206A65D40EA0640032606EB82068D
:10955000A65D40EA066041F82200521CB2EB551F9E
:10956000E5D318680A2804D00C2831D00E282ED153
:1095700065E0002229E0FE4E56F82260086870403F
:10958000CE68C6F30726FB4FBE5D7040CE68C6F3BB
:109590000746BE5D80EA0626C868000E385C86EA8B
:1095A0000040CE68F6B2BE5D80EA066008610E69D2
:1095B0004868704048614E698868704088618E696B
:1095C000C8687040C861521C10310A2AD3D388E0A1
:1095D000002231E0E64E56F82260086870404E697D
:1095E000C6F30726E34FBE5D70404E69C6F30746DB
:1095F000BE5D80EA06264869000E385C86EA0040B7
:109600004E69F6B2BE5D80EA066088618E69486880
:109610007040C861CE698868704008620E6AC86888
:10962000704048624E6A0869704088628E6A486974
:109630007040C862521C1831082ACBD351E0002276
:109640004CE0CB4E56F8226008687040CE69C6F3F5
:109650000726C84FBE5D7040CE69C6F30746BE5DA3
:1096600080EA0626C869000E385C86EA0040CE69AA
:10967000F6B2BE5D80EA066008620E6A4868704015
:1096800048624E6A8868704088628E6AC868704016
:10969000C862CE6AF6B2BE5D08697040CE6AC6F393
:1096A0000726BE5D80EA0620CE6AC6F30746BE5D89
:1096B00080EA0646C86A000E385C86EA00600863E5
:1096C0000E6B4869704048634E6B886970408863D0
:1096D0008E6BC8697040C863521C2031072AB0D312
:1096E00000BF00BF00201BE72DE9F04FC7B00646C2
:1096F0008A46934600BF00BF00BF00BF01A8FFF726
:10970000DFFE06F1080575605A46514601A8FFF7CD
:10971000ECFE5FEA000900D049E001983060DDE925
:10972000011000EB011401CC01C501CC01C501CC35
:1097300001C501CC01C53068471E203C2CE04FF02C
:10974000000824E02068C0B28A49085C8A4951F8C0
:1097500020002168C1F30721864A515C874A52F8EC
:10976000211048402168C1F30741824A515C844A74
:1097700052F8211048402168090E7E4A515C814A06
:1097800052F82110484001C508F10108241DB8F124
:10979000040FD7DB7F1E203C002FD0DC01CC01C59D
:1097A00001CC01C501CC01C501CC01C500BF01A898
:1097B000FFF790FE484647B0BDE8F08FF0B589B09E
:1097C00006460C461546706808902078617840EA95
:1097D0000120A17840EA0140E17840EA0160079069
:1097E000089800680899091D089107994840079052
:1097F0002079617940EA0120A17940EA0140E179CC
:1098000040EA01600690089800680899091D0891CF
:10981000069948400690207A617A40EA0120A17AB0
:1098200040EA0140E17A40EA01600590089800684A
:109830000899091D0891059948400590207B617B96
:1098400040EA0120A17B40EA0140E17B40EA01605F
:109850000490089800680899091D089104994840E7
:10986000049001213068C1EB600719E100BF08983E
:1098700000680899091D08910799C9B2424A52F82F
:10988000211048404149069AC2F3072251F822109C
:1098900048403F49059AC2F3074251F82210484018
:1098A0000499090E3B4A52F8211048400390089849
:1098B00000680899091D08910699C9B2324A52F800
:1098C000211048403149059AC2F3072251F822106D
:1098D00048402F49049AC2F3074251F822104840E9
:1098E0000799090E2B4A52F8211048400290089817
:1098F00000680899091D08910599C9B2224A52F8D1
:10990000211048402149049AC2F3072251F822103D
:1099100048401F49079AC2F3074251F822104840B5
:109920000699090E1B4A52F82110484001900898E8
:1099300000680899091D08910499C9B2124A52F8A1
:10994000211048401149079AC2F3072251F822100A
:1099500048400F49069AC2F3074251F82210484086
:109960000599090E0B4A52F821104840009013E067
:1099700034AB020034890200349B0200349F0200A1
:1099800034A3020034A70200348A0200348E02009D
:10999000349202003496020000BF00BF08980068AD
:1099A0000899091D08910399C9B2FE4A52F821107D
:1099B0004840FD49029AC2F3072251F8221048405C
:1099C000FA49019AC2F3074251F82210484000991F
:1099D000090EF74A52F8211048400790089800688D
:1099E0000899091D08910299C9B2EE4A52F821104E
:1099F0004840ED49019AC2F3072251F8221048402D
:109A0000EA49009AC2F3074251F8221048400399EC
:109A1000090EE74A52F8211048400690089800685D
:109A20000899091D08910199C9B2DE4A52F821101E
:109A30004840DD49009AC2F3072251F822104840FD
:109A4000DA49039AC2F3074251F8221048400299BA
:109A5000090ED74A52F8211048400590089800682E
:109A60000899091D08910099C9B2CE4A52F82110EF
:109A70004840CD49039AC2F3072251F822104840CA
:109A8000CA49029AC2F3074251F82210484001998C
:109A9000090EC74A52F821104840049000BF7F1EAB
:109AA000002F3FF7E3AE00BF089800680899091D32
:109AB00008910799C9B2BB4A52F821104840BA49E7
:109AC000069AC2F3072251F822104840B749059A76
:109AD000C2F3074251F8221048400499090EB44AD3
:109AE00052F8211048400390089800680899091D11
:109AF00008910699C9B2AB4A52F821104840AA49C8
:109B0000059AC2F3072251F822104840A749049A47
:109B1000C2F3074251F8221048400799090EA44A9F
:109B200052F8211048400290089800680899091DD1
:109B300008910599C9B29B4A52F8211048409A49A8
:109B4000049AC2F3072251F8221048409749079A15
:109B5000C2F3074251F8221048400699090E944A70
:109B600052F8211048400190089800680899091D92
:109B700008910499C9B28B4A52F8211048408A4989
:109B8000079AC2F3072251F8221048408749069AE3
:109B9000C2F3074251F8221048400599090E844A41
:109BA00052F821104840009000BF089800680899BA
:109BB000091D08910399C9B27E4A515C484011467B
:109BC000029AC2F30722895C80EA01217948019A4E
:109BD000C2F30742805C81EA00410098000E754A9A
:109BE000105C81EA00600790089800680899091DD8
:109BF00008910299C9B2515C48401146019AC2F3DA
:109C00000722895C80EA01206A49009AC2F3074270
:109C1000895C80EA01410398000E664A105C81EA83
:109C200000600690089800680899091D089101993C
:109C3000C9B2515C48401146009AC2F30722895CC0
:109C400080EA01215B48039AC2F30742805C81EA03
:109C500000410298000E574A105C81EA00600590AE
:109C6000089800680899091D08910099C9B2515CCB
:109C700048401146039AC2F30722895C80EA012119
:109C80004C48029AC2F30742805C81EA0041019885
:109C9000000E484A105C81EA006004900798287022
:109CA0000798000A68700798000CA8700798000EC3
:109CB000E870069828710698000A68710698000CEA
:109CC000A8710698000EE871059828720598000A98
:109CD00068720598000CA8720598000EE872049846
:109CE00028730498000A68730498000CA8730498F9
:109CF000000EE873042107A800F074FB042106A8F5
:109D000000F070FB042105A800F06CFB042104A8FE
:109D100000F068FB042103A800F064FB042102A802
:109D200000F060FB042101A800F05CFB0421684600
:109D300000F058FB042108A800F054FB002009B0F3
:109D4000F0BD70B504460D461646324629462046FB
:109D5000FFF734FD70BDF0B589B006460C461546D8
:109D6000706808902078617840EA0120A17840EA84
:109D70000140E17840EA016007900898006808997E
:109D8000091D08910799484007902079617940EAB8
:109D90000120A17940EA0140E17940EA01600690A2
:109DA000089809E0348A0200348E020034920200DE
:109DB000349602003489020000680899091D089150
:109DC000069948400690207A617A40EA0120A17AFB
:109DD00040EA0140E17A40EA016005900898006895
:109DE0000899091D0891059948400590207B617BE1
:109DF00040EA0120A17B40EA0140E17B40EA0160AA
:109E00000490089800680899091D08910499484031
:109E1000049001213068C1EB600704E100BF08989D
:109E200000680899091D08910799C9B2FE4A52F8BD
:109E300021104840FD49049AC2F3072251F822102C
:109E40004840FB49059AC2F3074251F822104840A6
:109E50000699090EF74A52F82110484003900898D5
:109E600000680899091D08910699C9B2EE4A52F88E
:109E700021104840ED49079AC2F3072251F82210F9
:109E80004840EB49049AC2F3074251F82210484077
:109E90000599090EE74A52F82110484002900898A7
:109EA00000680899091D08910599C9B2DE4A52F85F
:109EB00021104840DD49069AC2F3072251F82210CA
:109EC0004840DB49079AC2F3074251F82210484044
:109ED0000499090ED74A52F8211048400190089879
:109EE00000680899091D08910499C9B2CE4A52F830
:109EF00021104840CD49059AC2F3072251F822109B
:109F00004840CB49069AC2F3074251F82210484014
:109F10000799090EC74A52F821104840009000BF27
:109F200000BF089800680899091D08910399C9B2F3
:109F3000BD4A52F821104840BC49009AC2F307229A
:109F400051F822104840BA49019AC2F3074251F829
:109F5000221048400299090EB64A52F82110484092
:109F60000790089800680899091D08910299C9B2DC
:109F7000AD4A52F821104840AC49039AC2F3072277
:109F800051F822104840AA49009AC2F3074251F8FA
:109F9000221048400199090EA64A52F82110484063
:109FA0000690089800680899091D08910199C9B29E
:109FB0009D4A52F8211048409C49029AC2F3072258
:109FC00051F8221048409A49039AC2F3074251F8C7
:109FD000221048400099090E964A52F82110484034
:109FE0000590089800680899091D08910099C9B260
:109FF0008D4A52F8211048408C49019AC2F3072239
:10A0000051F8221048408A49029AC2F3074251F897
:10A01000221048400399090E864A52F82110484000
:10A02000049000BF7F1E002F3FF7F8AE00BF0898D6
:10A0300000680899091D08910799C9B27A4A52F82F
:10A04000211048407949049AC2F3072251F822109E
:10A0500048407749059AC2F3074251F82210484018
:10A060000699090E734A52F8211048400390089847
:10A0700000680899091D08910699C9B26A4A52F800
:10A08000211048406949079AC2F3072251F822106B
:10A0900048406749049AC2F3074251F822104840E9
:10A0A0000599090E634A52F8211048400290089819
:10A0B00000680899091D08910599C9B25A4A52F8D1
:10A0C000211048405949069AC2F3072251F822103C
:10A0D00048405749079AC2F3074251F822104840B6
:10A0E0000499090E534A52F82110484001900898EB
:10A0F00000680899091D08910499C9B24A4A52F8A2
:10A10000211048404949059AC2F3072251F822100C
:10A1100048404749069AC2F3074251F82210484086
:10A120000799090E434A52F821104840009000BF99
:10A13000089800680899091D08910399C9B23E4A18
:10A14000515C48401146009AC2F30722895C80EABC
:10A1500001213948019AC2F30742805C81EA00413B
:10A160000298000E344A105C81EA0060079008985B
:10A1700000680899091D08910299C9B2515C4840CC
:10A180001146039AC2F30722895C80EA01202A491A
:10A19000009AC2F30742895C80EA01410198000EEF
:10A1A000254A105C81EA00600690089800680899CA
:10A1B000091D08910199C9B2515C48401146029AA3
:10A1C000C2F30722895C80EA01211B48039AC2F38B
:10A1D0000742805C81EA00410098000E164A105C3C
:10A1E00081EA00600590089800680899091D0891A7
:10A1F0000099C9B2515C48401146019AC2F3072246
:10A20000895C80EA01210C48029AC2F30742805C13
:10A2100081EA00410398000E074A105C81EA006061
:10A2200004900798287009E0349B0200349F0200D4
:10A2300034A3020034A70200349A02000798000AEF
:10A2400068700798000CA8700798000EE8700698D0
:10A2500028710698000A68710698000CA871069883
:10A26000000EE871059828720598000A6872059832
:10A27000000CA8720598000EE872049828730498E0
:10A28000000A68730498000CA8730498000EE87321
:10A29000042107A800F0A6F8042106A800F0A2F8FF
:10A2A000042105A800F09EF8042104A800F09AF803
:10A2B000042103A800F096F8042102A800F092F807
:10A2C000042101A800F08EF80421684600F08AF805
:10A2D000042108A800F086F8002009B0F0BD70B590
:10A2E00004460D461646324629462046FFF733FD02
:10A2F00070BD2DE9F04107460C4615461E4600BFCD
:10A3000000BF00BF00BF00BF00BF00BF00BF012CE7
:10A3100006D1324629463846FFF750FABDE8F081AB
:10A32000324629463846FFF716FDF7E72DE9FF4785
:10A330008246894616469846DDE90C7500BF00BF87
:10A3400000BF00BF00BF00BF00BF00BF00BF00BF15
:10A3500016F00F0F04D06FF0210004B0BDE8F087B5
:10A36000B9F1000F20D11CE01022394668461AF0DE
:10A370006DFE2B463A4649465046FFF7BAFF002489
:10A3800005E0285D18F8041048402855641C102C7E
:10A39000F7DB1022694640461AF058FE1037103598
:10A3A000103E002EE0D11AE017E0002405E0385DF1
:10A3B00018F8041048402855641C102CF7DB2B4675
:10A3C0002A4649465046FFF794FF10222946404648
:10A3D0001AF03CFE10371035103E002EE5D100205B
:10A3E000BBE7000070B505460C4600BF00BF2CB1AE
:10A3F000224600212846024B1B68984770BD00008A
:10A40000640B002070B504460D46206D00B970BD88
:10A4100000BF00BFA9082A46D4E91303984700BF2C
:10A42000F5E710B50446606D08B9002010BD616DF8
:10A43000E06C8847022803D100BF00BFC01EF5E7CB
:10A440000020F3E710B5002203E004786240401CCE
:10A45000491E0029F9D1134600BF10BD30B504468E
:10A46000204615680560556845600830157A057006
:10A47000401CB2F809500580801C95692D0A0570B2
:10A4800095694570801C051B0D6030BD0146D1E902
:10A490000102904201D0012070470020FCE72DE925
:10A4A000F04705460E4617469846DDE908A93146AD
:10A4B00028461AF097FE4246394628461AF0C6FD4D
:10A4C000A6EB09000544002405E0285D1AF80410F5
:10A4D00048402855641C4C45F7D3BDE8F0872DE96A
:10A4E000FF4F9BB00D4614469A4600201A901B90D1
:10A4F00000BF00BF2DB900BF00BFFE481FB0BDE8C0
:10A50000F08F5CB1E06848B1D4E90401884205D31A
:10A51000D4E90401401AA169884203D200BF00BFF8
:10A52000F448EBE76169E0684618D4E9051008448F
:10A530002169A1EB000800BF00BF05F14C0001F04C
:10A540002BFA0746A069B0F5804F03D900BF00BFC2
:10A55000E948D3E7D4E9051008442169A1EB0008D4
:10A56000072F01D0022F3DD1E868404503D900BF35
:10A5700000BFE248C2E7D5F8CC00012822DB224622
:10A580000DA90EA8D5F8CC30FFF768FF0EA905F18C
:10A5900034000D9A0AF027FC314605F13400A26917
:10A5A0000AF021FC01A905F134000AF02DFC05F1A7
:10A5B00034000AF063FCEA68A169881901A91AF05D
:10A5C00045FD03E000BF00BFCA4897E700BF00BFDA
:10A5D000A069E9680844A061E868A8EB00081A9837
:10A5E000401C1A90062F03D0082F01D00A2F67D1E4
:10A5F0006FF06D000C902846FFF748FF089028691F
:10A60000404503D900BF00BFBC4877E7A3464FF0E1
:10A6100008095C46CDE900B905F114020C2109A82E
:10A62000AB68FFF73CFF22460DA90EA8D5F8CC3049
:10A63000FFF714FF00BF00BF00BF00BF00BF00BF97
:10A6400000BF00BF2869A169314404F11802CDE9B7
:10A650000362CDE90510A0690D99CDE900160290BD
:10A660000EAB09A905F14C006A6814F014FF0C90B8
:10A6700018B100BF00BF0C9840E700BF00BFA06941
:10A6800029690844A0612869A8EB0008089898B1D6
:10A690006069484503D200BF00BF98482EE7A6EB8B
:10A6A00009004A4659461AF0D1FC6069A0EB09003E
:10A6B0006061A0694844A0611A98401C1A907EE02D
:10A6C000022F78D16FF06D000C90A069401C696872
:10A6D000B0FBF1F201FB1200A1EB000968684845EC
:10A6E00001D14FF0000909F10100804503D200BFFC
:10A6F00000BF824802E74FF0000B05E0A169594412
:10A7000006F801900BF1010BCB45F7D909F10100D7
:10A71000A1690844A06109F10100A8EB0008D5F87F
:10A72000CC0002281EDBBAF1000F03D100BF00BF2E
:10A730007048E3E660696968884203D200BF00BFE1
:10A740006E48DBE605F114016A682898D0470C9042
:10A750000C9808B10C98D1E66A68B01A05F114019A
:10A760001AF074FC00BF00BF0BA9A069CDE901611C
:10A770000090334605F1140105F14C006A6814F0AD
:10A7800045FE0C9018B100BF00BF0C98B6E6A0695A
:10A790000B99884203D000BF00BF5648AEE66868F8
:10A7A000361A60696968401A6061A069696808447E
:10A7B000A06104E0FFE700BF00BF4E489EE61A9884
:10A7C000012803D000BF00BF4A4897E600BF00BF82
:10A7D000002093E62DE9F74FBEB00D4614464FF02A
:10A7E000000A00264FF0010900203E9000BF00BF84
:10A7F0005CB1E06848B1D4E90401884205D3D4E9EA
:10A800000401401AA169884205D200BF00BF39483F
:10A8100041B0BDE8F08F6169E068471805F18C0030
:10A8200001F0BAF88046B8F1060F05D0B8F1080F6C
:10A8300002D0B8F10A0F70D14FF0080B2846FFF78D
:10A8400025FE012811D1A069584504D200BF00BFE0
:10A8500029488038DCE72B975F4460695844606181
:10A86000A069A0EB0B00A06100E02B94A06929690E
:10A87000884204D200BF00BF1F488038C8E7A069E3
:10A880002969401AA0612B98CDE9000B05F124023B
:10A890000C212CA8AB68FFF702FE22462FA930A896
:10A8A000D5F8CC30FFF7DAFD00BF00BF00BF00BF16
:10A8B00000BF00BF2869A16939443DAACDE90372F0
:10A8C000CDE90510A0692F99CDE90017029030ABB2
:10A8D0002CA905F18C006A6814F00EFE3C9088B13A
:10A8E00000BF00BF3C9810F5C64F09D10248803820
:10A8F0008EE712E00094FFFF008FFFFF0096FFFF3E
:10A900003C9885E70AF1010AA0693D99884203D085
:10A9100000BF00BFFD487BE7DCE0B8F1020F70D15B
:10A920004FF0000BD5F8CC00022801DB68688344A7
:10A93000A06969685944884205D3A169E868584408
:10A94000401C814203D200BF00BFF14860E7A0690C
:10A950006968B0FBF1F201FB120018B100BF00BF43
:10A96000EB4855E7D5F8CC0002280FDB394605F156
:10A9700024006A681AF06AFB6868074460696968BD
:10A9800008446061A0696968401AA0613DA9A06996
:10A99000CDE9017100903B4605F1240105F18C00E1
:10A9A0006A6814F033FD3C9018B100BF00BF3C98BA
:10A9B0002EE7A0693D99884203D000BF00BFD3486D
:10A9C00026E7A069401E3E5CBAF1010F11D1701C50
:10A9D000A169814201D3012000E0002009FB00F9B8
:10A9E000701CA169814201D3012000E00020464390
:10A9F00015E0A169E8683044401C814202D301207F
:10AA000001E063E0002009FB00F9A169E868304437
:10AA1000401C814201D3012000E000204643761C07
:10AA2000D5F8CC00002849DD002100222E97D4F86B
:10AA300018C0ACEB060CCDF8B4C0D4F818C0BCF507
:10AA4000807F02D8D4F818C001E04FF4807CCDF8A4
:10AA5000B0C0D4F818E0DDF8B0C0AEEB0C03184677
:10AA60001AE0DDF8B4C0604502D34FF0010C01E0FC
:10AA70004FF0000C4CEA0202DDF8B8C01CF800C030
:10AA8000A6F1010EF44502D14FF0010C01E04FF0A8
:10AA9000000C02FB0C11401CD4F818C08445E0D80F
:10AAA000B14202D14FF0010C01E04FF0000C0CEA72
:10AAB0000909C9EB492C0CEA060603E000BF00BFF8
:10AAC0009248A5E6A069801BA06103E000BF00BF1B
:10AAD0008E489DE6BAF1000F72D1A069E968401A6C
:10AAE000A06122462FA930A8D5F8CC30FFF7B6FCDC
:10AAF000D5F8CC0000287DDD00202290A0693044EC
:10AB000001900198B0F5807F03D90198A0F580707D
:10AB100000E000200090802102A81AF085FB286C3C
:10AB20000AF030FA032806D0042805D0062804D0FD
:10AB300007281ED10FE000BF00BFA0692F9908446D
:10AB4000304408308109A0692F9A10440830A1EBE5
:10AB50009010229011E0A0692F99084430441030E1
:10AB6000C109A0692F9A10441030A1EBD010229097
:10AB700003E000BF00BF65484AE600BFC9EB0920FB
:10AB800022990840229030A905F140002F9A0AF03E
:10AB90002AF9394605F14000A2690AF024F9A169B1
:10ABA000C8193146FFF74EFC23A905F140000AF011
:10ABB0002BF905F1400009F0BFFF4FF0000B07E053
:10ABC00048E002A905F140000AF0ACF90BF1010BD5
:10ABD0002298401C8345F4D302A905F140000AF0F5
:10ABE00009F805F140000AF049F9DDE90032D21A0E
:10ABF000EB6800E005E0D118009AB818FFF722FCD6
:10AC000003E000BF00BF414802E6A069C11923AAC2
:10AC1000EB68229121924FF0000C002010E0DDF84B
:10AC200088E01EF800E0CDF880E0DDF884E01EF852
:10AC300000B0DDF880E08EEA0B0E4EEA0C0C401CF2
:10AC40009842ECD3BCF1000F01D04FF000090AF19B
:10AC5000010A00BFB9F1000F01D12D48D8E5BAF1C2
:10AC6000010F03D000BF00BF2848D1E500BF00BFDF
:10AC70000020CDE52DE9F04704460E466FF06D0546
:10AC800044F24D1800BF00BFE06938B9206A28B906
:10AC900000BF00BF1E488030BDE8F087A16D206E68
:10ACA000401AA8EB0000B04204D200BF00BF184811
:10ACB0008030F1E700BF00BF3EE0E06F371A20466A
:10ACC000FFF7AFFB08B1134D18E0206A60B1D4F86C
:10ACD0007C90226E02EB09012268936C3A46D4E91B
:10ACE00008C0E047054609E0D4F87CC0226E02EBBC
:10ACF0000C013A46E369606A9847054600BF00BF09
:10AD000000BF00BF55B90448C6E700000094FFFF2C
:10AD1000808EFFFF0098FFFF808DFFFF002D01DA7E
:10AD20002846B9E7BD4200D803E000BF00BFF7489E
:10AD3000B2E7E06F2844E067E06FB042BDD300BFE8
:10AD400000BF0020A8E70146D1F8CC00022801DAB4
:10AD500000207047D1E90102801AFAE770B5044675
:10AD60000D4604F190046068A0F10800206060685E
:10AD700000F10300A060606800F10500E060E06899
:10AD80002061A4F190043DB12846FFF7DCFFD4F820
:10AD9000A0100844C4F8A00070BD70B504466FF060
:10ADA0006D0500BF00BFA06918B900BF00BFD8483B
:10ADB00070BDD4F8AC0018B900BF00BF0020F7E7A1
:10ADC00021E000BF00BFD4F8AC10D4F89400461ABC
:10ADD0003146A369D4F8AC20606A9847054600BFA5
:10ADE00000BF002D01DC2846E2E7D4F8AC00A84201
:10ADF00000D303E000BF00BFC448D9E7D4F8AC00DB
:10AE0000401BC4F8AC00D4F8AC000028D9D1D4F869
:10AE10008C000830C4F894002046216CFFF79EFF98
:10AE200000BF00BF0020C3E710B51870597010BDF7
:10AE30002DE9F04F89B0044688464FF0000BD4F856
:10AE4000A860CDF8208000BF00BFBBF1000F7DD10E
:10AE500044F24D1AD4F894C00CF10103D4F800C0A8
:10AE6000DCF850C0CCF34002D4E90201FFF7DCFF6C
:10AE7000D4F89010D4F8B0200A60D4F8B400486038
:10AE8000300AD4F898100870D4F898104E70206CDE
:10AE9000002852D0D4F89C000490D4F88C10D4F838
:10AEA0009C00401AAAEB00000590D4F8A800079077
:10AEB000D4F8A0000499401A0690D4F890000168D4
:10AEC00001914068029023681B6DC3F340020DF1AD
:10AED0000D03D4E90201FFF7A7FFD4F8A400C0B224
:10AEE0008DF80C002068C06900902068836901AA71
:10AEF0002046216CFFF7F3FA5FEA000905D000BF96
:10AF000000BF484609B0BDE8F08F069818B100BFF1
:10AF100000BF7E48F6E79DF80C0004F19804E0605D
:10AF200007980646206107984FEA102021680870AC
:10AF3000079854F89819487000BF204600F036FD75
:10AF40008719D4F89410D4F8A40000E02FE008701A
:10AF500000BF00BF00BF00BF04F14004E06E3844F2
:10AF6000E066606D3844606554F840192046FFF78C
:10AF7000F5FE08250CE0681E04F1B001085C401CD9
:10AF800010F0FF02A5F101000A5400D004E06D1E8C
:10AF900000BF0020A842EED300BF00BF0020A8429F
:10AFA00004D100BF00BF59488030ABE700BF08980C
:10AFB000012809D12046FFF7F0FE5FEA000903D01F
:10AFC00000BF00BF48469DE700BF00BF002099E7D3
:10AFD0002DE9F04104466FF06D07D4F8A800051F75
:10AFE000D4F8A000067800BF00BFD4F8A40016284B
:10AFF00008D0D4F8A400142804D000BF00BF4348F0
:10B00000BDE8F081D4F8A400162800D12EB1A06BC1
:10B0100018B900BF00BF3D48F2E7D4F8A800B0F56A
:10B02000804F03D900BF00BF3848E9E7D4F8A40037
:10B03000162813D1280C54F8A01F4870280A21683C
:10B04000887054F8A019CD7046B1D4F8A820D4F86F
:10B05000A010A06BD0F85831204698470121204617
:10B06000FFF7E6FE070003D000BF00BF3846C7E782
:10B0700000BF00BF0020C3E70146C86E407800044F
:10B08000CA6E927840EA0220CA6ED27810437047A6
:10B0900070B5044600BF0420A16F884203D900BFE9
:10B0A00000BF1C4870BD00BF04252046FFF7E4FF29
:10B0B0002844C4F8800000BF00BFD4F88010A06FFF
:10B0C000884204D200BF00BF11488030EAE7002068
:10B0D000E8E770B50446A56B6068102808D03DB15C
:10B0E000D4F88020E16EA06BD0F858312046984704
:10B0F00070BD0146162907D0152905D0142903D0A3
:10B10000172901D0034870470020FCE70094FFFF97
:10B11000008FFFFF008EFFFF10B51C7804605C7885
:10B120000C6010BD2DE9F04F85B006460D469146E6
:10B130001C464FF0000A4FF0010B4FF001080220AF
:10B140000290082001900220009008F10207B81C2C
:10B15000814505D200BF00BFFD4805B0BDE8F08FB6
:10B1600028782072207AFFF7C4FF18B100BF00BF13
:10B17000F748F2E715F80800607208F10100295C51
:10B18000A1723068006DC0F3400204F1090303A905
:10B1900004A8FFF7C1FFB0680499884203D000BF3C
:10B1A00000BFEB48D9E7306890F84D00039988421A
:10B1B00003DA00BF00BFE648CFE7F06D0168216009
:10B1C00040686060B81C6061781C285CE95D40EAFA
:10B1D0000120A06100BF00BF00BF00BFE560D4E94F
:10B1E000050108442061A06908B9D948B5E70020E5
:10B1F000B3E72DE9F04104460D46002700BF00BF2C
:10B20000002F50D1E06B00284DD095F808802A46D9
:10B210002046E16BFFF7DEFA060004D000BF00BF56
:10B220003046BDE8F081287A404501D000BF00BF1C
:10B2300000BF00BFA869B0B9E068032806D1287A2A
:10B24000172803D000BF00BFC148EAE754F8840FB5
:10B25000401C206054F88409032807DD00BF00BFAC
:10B26000BB488030DDE70020C4F8840008210CE0F2
:10B27000481EE26D105C401C10F0FF02A1F10100BD
:10B28000E36D1A5400D004E0491E00BF002088423C
:10B29000EED300BF00BF0020884203D100BF00BF33
:10B2A000AC48BEE700BFA06FB0F5804F03D900BF28
:10B2B00000BFA748B5E70020B3E770B504466FF0BC
:10B2C0006D05606F162806D12046FFF7E1FE0500E8
:10B2D00001D0284670BD606F14280ED1A06F0128E0
:10B2E00003D000BF00BF9A48F4E7E06E0078012861
:10B2F00003D000BF00BF9648ECE7606F152829D146
:10B30000A06F022803D000BF00BF9148E2E700BF52
:10B3100000BFE06E0078022803D100BF00BF8E4856
:10B32000D8E7E06E0078012806D1E06E407818B9C1
:10B3300000BF00BF8948CDE7E06E0078012807D143
:10B34000E06E4078642803D100BF00BF0020C1E751
:10B350008348BFE70020BDE7016E0839C165016E73
:10B36000C91C4166016E491D8166816EC1667047C8
:10B3700070B588B004466FF06D0500BF0520064625
:10B3800031462046FFF776FC054625B100BF00BFD9
:10B39000284608B070BD01AB2046E26F216EFFF772
:10B3A000C1FE05460DB12846F3E720460599FFF793
:10B3B00061FC05461DB100BF00BF2846E9E700203B
:10B3C000E06701A92046FFF714FF050001D02846D9
:10B3D000DFE72046FFF7C0FF606E801CA0669DF887
:10B3E0000C0060679DF80C00216E087006990498A7
:10B3F0000844E0660798A0670798000A616E087025
:10B400000798616E48700020C3E70146886F08B155
:10B41000012070470020FCE770B50446D4F8800096
:10B4200000B3206F20B100BF00BF4A48803870BD14
:10B43000A16FD4F8800088420ED2D4F88010A06F9B
:10B44000401AA067D4F88050E36E59191846A26FCD
:10B4500019F041FE00BF01E00020A0670020C4F801
:10B46000800005E0206F08B10020E0E70020A06721
:10B470000020DCE770B505460E466FF06D0400BF96
:10B4800000BFD5F8880088BB00BF2846FFF7C4FF7F
:10B4900004460CB1204670BD2846FFF7B6FF60B9E0
:10B4A0002846FFF765FF044614F5CB4F00D109E0AD
:10B4B0001CB100BF00BF2046EDE72846FFF7FDFEA8
:10B4C000044600BF14F5CD4FDFD014F5CB4FDCD0D0
:10B4D0001CB100BF00BF2046DDE7686F16280BD106
:10B4E000012E09D12846FFF7F4FD05E0FFE700BF74
:10B4F00000BF0020C5F8880000BF00BF0020CAE7D9
:10B500002DE9F04104460D4616466FF06D070CB16B
:10B51000206810B91348BDE8F08100BF00BF00BF2C
:10B5200000BF152004F1A00460604FF00200A0608D
:10B530002068057054F8A00946704FF001012046BC
:10B54000FFF776FC07000FD000BF00BF3846E2E7E8
:10B55000008EFFFF8094FFFF8088FFFF8087FFFF42
:10B560008099FFFF008FFFFF00BF00BF0020D2E7E0
:10B5700010B50446282202212046FFF7C1FF10BD66
:10B5800070B504466FF06D0500BF00BF1420C4F80D
:10B59000A4000120C4F8A800D4F8A01008706068C6
:10B5A000401C60602046FFF713FD050003D000BF7C
:10B5B00000BF284670BD00BF00BF0020FAE770B58D
:10B5C00004466FF06D0500BF00BF01212046FFF764
:10B5D00051FF050003D000BF00BF284670BD606F5B
:10B5E000142808D000BF00BF0A2202212046FFF71E
:10B5F00087FFF248F2E700BF00BFA06CE063606B1A
:10B60000A0620021E06D016041602046FFF7A4FECA
:10B610006068401C606000BF00BF0020DEE710B51E
:10B620000446D4F88C000830C4F89400A06D0830AB
:10B63000206600212046FFF791FB2046FFF78CFE95
:10B6400010BD0146086F08B900207047886FFCE7FD
:10B650000146D1F88800012802D100BF00BF704721
:10B66000D1F8800040B18A6FD1F88000904203D2B7
:10B6700000BF00BF0120F2E7086F18B100BF00BF94
:10B680000120ECE700BF00BF0020E8E72DE9F04112
:10B6900006460025346C304600F088F9804614B91F
:10B6A0004046BDE8F08104F14C0000F075F9801EC1
:10B6B00009281ED2DFE800F00A1D1D1D0508061D21
:10B6C000070000BF00BF00BF256816E000BF00BF35
:10B6D00000BF00BFE06C08B9002001E0E06C4069E9
:10B6E0000746E06805443D44F068022800DB3D441D
:10B6F00003E000BF00BFB248D3E700BF08EB05007E
:10B70000CFE72DE9F04104460F4690466FF06D05F6
:10B710000CB1206810B9AB48BDE8F08100BF00BF94
:10B72000606810280BD0204601F026FE054615F56E
:10B73000D64F04D01DB100BF00BF2846ECE770E033
:10B74000606D48B1616DE06C8847401C04D1206891
:10B75000816C2046FEF756FE01212046FFF78AFE47
:10B76000050008D015F5E54F01D10020D4E700BF52
:10B7700000BF2846D0E7A06F88B9606F17280ED1A8
:10B7800001212046FFF776FE050008D015F5E54FAC
:10B7900001D10020C0E700BF00BF2846BCE7606FB2
:10B7A000162826D100BF00BF2068006DC0F300003E
:10B7B00060B9E06E007828B900BF0420D4F880108A
:10B7C000884203D000BF00BF7C48A5E700BF00BF90
:10B7D000E068012808DB642201212046FFF790FE83
:10B7E000050005D0284697E700BF00BF744893E7DF
:10B7F00017E0606F152803D100BF00BF72488BE7C8
:10B80000606F172803D000BF00BF6C4884E7E06E6C
:10B8100020676068102803D100212046FEF7F2FD62
:10B8200000BF206F00288BD0A06F404501D9404653
:10B8300000E0A06F064632463846216F19F006FC3C
:10B84000A06F801BA067A06F20B900202067C4F8FC
:10B85000880002E0206F3044206700BF00BF304600
:10B860005AE72DE9F041044688461546204601F086
:10B8700059FB06463746002E04DA00BF00BF3046AB
:10B88000BDE8F081BD4200D93D46D4F8AC0040B1DE
:10B890002046FFF782FA060019D000BF00BF3046ED
:10B8A000EEE704F1A004A5604FF01700606054F8C3
:10B8B000A0092A46414619F0C9FB01212046FFF79D
:10B8C000B7FA060003D000BF00BF3046D8E72846CD
:10B8D000D6E72DE9F04104460D4616466FF06D0798
:10B8E00000BF00BF0CB1206810B93648BDE8F08138
:10B8F0006068102808D0204601F03EFD070003D004
:10B9000000BF00BF3846F1E7324629462046FFF720
:10B91000A8FF074600BF00BF3846E7E770B50446FA
:10B920006FF06D050CB1206808B9264870BD00BFE6
:10B9300000BFD4F8AC0018B12046FFF72EFAF5E7A7
:10B94000606810280AD1002201212046FFF7D8FDA7
:10B95000050003D000BF00BF2846E7E700BF00BFD7
:10B960000020E3E710B5044604B910BD04F14C0013
:10B9700013F090FA04F18C0013F08CFA04F1340007
:10B9800008F0FCFF04F1400008F0F8FFD021204649
:10B99000FEF728FD00BFE8E7014600BF00BF0868CA
:10B9A00008B90020704708684078FBE70146D1F8E5
:10B9B0009420D1F89C00801A704700000089FFFF96
:10B9C0000094FFFF008FFFFF0097FFFF0146887A7A
:10B9D0000B280FD2DFE800F00E06080A0C0E0E0747
:10B9E0000E090B0000BF00BF00BF00BF00BF00BFBB
:10B9F000012070470020FCE701704170704710B5CE
:10BA00000446206E38B1206E18F081FE00202066BA
:10BA100084F86800606610BD10B5044604B910BD16
:10BA20002046FFF7ECFF70212046FEF7DBFC00BF4D
:10BA3000F5E770B505460C462846FFF7EDFF702286
:10BA40002146284619F089FB206E98B10120616ECD
:10BA500018F01AFE2866286E08B9F84870BDD4E9B7
:10BA60001812286E19F0F2FA94F8680085F8680048
:10BA7000606E68660020F1E72DE9FF4F97B09946A8
:10BA8000DDF89CB0DDF894A0002015906FF06D00FB
:10BA9000009001A808F06DFF179808F011FF0490BE
:10BAA00018B9E7481BB0BDE8F08F049809F064FAB4
:10BAB0000446484619F054FA204450441590012099
:10BAC000159918F0E1FD054615B9DC4800905CE0D9
:10BAD000484619F045FA074628193A46494619F0EA
:10BAE000B5FA2919C8195246249919F0AFFA5744E2
:10BAF000012201A8049908F0AFFF009000B144E0D2
:10BB000001A8DDE9181209F005F929193A4601A83A
:10BB100009F069F9294601A809F076F9002631E013
:10BB200001A809F0ABF9E219294601A809F05BF96F
:10BB300005A901A809F068F901A809F09FF92246B2
:10BB4000294601A809F04FF9294601A809F05CF936
:10BB50003019584504D9BBFBF4F004FB10B000E0E9
:10BB6000204616904FF0000808E005A810F80810CD
:10BB700006EB08022698815408F1010816988045C2
:10BB8000F3D326445E45CBD300BF01A808F0F6FEF0
:10BB900028461599FEF726FC402105A8FEF722FC51
:10BBA000284618F0B4FD00987CE72DE9FF470446CD
:10BBB0000D4616461F46DDE90D9ADDF83080334606
:10BBC0002A46214606208DE88007FFF755FF04B07E
:10BBD000BDE8F0872DE9FF4704460D4616461F468F
:10BBE000DDE90D9ADDF8308033462A4621460720EC
:10BBF0008DE88007FFF740FF04B0BDE8F0872DE92E
:10BC0000FE4F04460D4616461F46DDE90E9ADDF846
:10BC100034804FF0000B032C02D0042C06D102E03C
:10BC2000DFF820B205E0DFF820B202E08748BDE887
:10BC3000FE8F00BF8DE800073A46314628460C9B30
:10BC4000D847F4E72DE9FF4FC9B00446579F0020BD
:10BC5000489000265990C4F8CC704A9802F0BEFC77
:10BC60008246BAF1000F06D100BF00BF7748803886
:10BC70004DB0BDE8F08F9AF8080013F0C5F80546FE
:10BC800025B900BF00BF71488038F1E79AF8090074
:10BC900008F016FE8346BBF1000F04D100BF00BFC1
:10BCA0006A488038E4E74FF4807008A94022CDE963
:10BCB0000021029066A23021DDF830C1569B4B98DE
:10BCC000E0474890489818B100BF00BF4898CFE7B8
:10BCD00000BF00BF00BF00BF00BF00BF00BF00BF6C
:10BCE00068684FEAD0096878062805D0687808287F
:10BCF00002D068780A281CD10021E16000269AF859
:10BD00001C1011F0020F01D0082100E01021216168
:10BD10000C21616069780A2902D10C21A16001E03F
:10BD20000421A160D4E90112881A2169014421602B
:10BD300042E06878072802D06878022838D10122CA
:10BD4000594604F1340008F087FE489038B90122C2
:10BD5000594604F1400008F07FFE489010B100BF42
:10BD600000BFC1E0584609F007F90646E660E868FA
:10BD700060606878072802D1E06820601CE0E06815
:10BD80006969B0FBF1F201FB1200E1686A691144D4
:10BD9000081A2060022F01D0032F04D1D4E900013A
:10BDA0000844206008E000BF00BF254848909BE0A1
:10BDB00000BF00BF22485BE700BF00BF589818BB18
:10BDC00008A800EB4600079008A800EB460000EB2F
:10BDD000090808A8069030440590A06808B1A0683A
:10BDE00000E06068049008EB090104F11400049A73
:10BDF00019F02CF908EB090204981118024604F115
:10BE0000240019F023F904E000BF00BF0C4848905B
:10BE10006AE0012F0DDB1EB3324604F134000699AF
:10BE200008F078FF324604F14000059908F072FFEF
:10BE300016E000BF00BF0248489055E00081FFFFB8
:10BE40000094FFFFD5BB0000ABBB0000808FFFFF5D
:10BE50006B657920657870616E73696F6E000000A4
:10BE6000294604F14C0013F046F8489010B100BF89
:10BE700000BF39E0294604F18C0013F03CF84890EB
:10BE800010B100BF00BF2FE001236A6804F14C002D
:10BE9000079913F04BF8489010B100BF00BF23E0A2
:10BEA0000023414604F18C006A6813F03FF8489083
:10BEB00010B100BF00BF17E06878022813D1042139
:10BEC00004F14C0012F0FFFF489010B100BF00BF1A
:10BED0000AE0042104F18C0012F0F5FF489010B143
:10BEE00000BF00BF00E000BF4FF4807108A8FEF75C
:10BEF00079FA4898BCE62DE9F043A7B004460D4610
:10BF000016464FF00C08676B07B9276B0EB9FAA0FD
:10BF100000E0FDA0814604A809F09CFE00BF00BF20
:10BF2000A06B00F1100104A809F0A7FE00BF00BF3C
:10BF30001FA904A80AF06FFE04A809F094FE2020AF
:10BF40008DE82101A06B1FAB4A463021D0F864C1B7
:10BF500007F13000E04700BF00BF20211FA8FEF717
:10BF600041FA00BF00BF27B0BDE8F08370B59CB0B8
:10BF700004460E46154601A809F06CFE00BF00BF3E
:10BF8000A06B00F1100101A809F077FE314601A86D
:10BF90000AF041FE2020286000BF00BF00BF00BFA4
:10BFA00001A809F060FE1CB070BD2DE9F043C7B0D8
:10BFB00004460D4616464FF00C08676B07B9276B11
:10BFC0000EB9CDA000E0D0A0814604A80AF03EFF43
:10BFD00000BF00BFA06B00F1800104A80AF049FF78
:10BFE00000BF00BF3AA904A80CF02DFA04A80AF07B
:10BFF00036FF30208DE82101A06B3AAB4A46302154
:10C00000D0F864C107F13000E04700BF00BF302125
:10C010003AA8FEF7E7F900BF00BF47B0BDE8F083DC
:10C0200070B5B6B004460E46154668460AF00EFFD7
:10C0300000BF00BFA06B00F1800168460AF019FF45
:10C04000314668460CF0FFF93020286000BF00BF81
:10C0500000BF00BF68460AF002FF36B070BD03465D
:10C0600003290BD1072A09D1AB48C3F86401AB48B7
:10C07000C3F85C01AA48C3F860010DE0032909D1A7
:10C08000A848C3F86401A848C3F85C01A748C3F8EE
:10C09000600101E0A64870470020FCE72DE9FE4F53
:10C0A00004460D4617466FF06D064FF0300B0FF249
:10C0B000842804F5B8794FF0400A0027D4F8E0014D
:10C0C00020B100BF00BF0020BDE8FE8F3020CDE9C9
:10C0D00000A502904B46424604F5D870D4F864C1DE
:10C0E000D4F86C11E04706461EB100BF00BF3046D1
:10C0F000EAE700BF00BF302104F5D870FEF772F9FF
:10C100000020E1E7F0B591B004466FF06D05A06B3B
:10C11000D0F8686100BF00BF727AE168A06BFFF7DA
:10C120009EFF054625B100BF00BF284611B0F0BDF7
:10C13000626B02F130012246A06BFFF7AFFF0546AC
:10C140001DB100BF00BF2846F0E7A06B00F5B87135
:10C15000402201A819F001F8A16B01F5B870202266
:10C1600009A918F0FAFFA16B01F5C870202201A9F6
:10C1700018F0F3FF402101A8FEF734F92068006DA4
:10C18000C0F30000A26B02F5B872E168CDE90204C9
:10C19000CDE90021A76BD7F86431676B07F1300256
:10C1A0007968A06CFFF74EFD05461DB100BF00BFCA
:10C1B0002846BBE7A16B01F5B8704021FEF712F9E4
:10C1C00000BF00BF0020B1E72DE9F0470446DFF8CB
:10C1D0007481A06BD0F8689100BF00BF4846FFF79C
:10C1E000F5FB38B900BF00BF6068401C60600020EC
:10C1F000BDE8F0872068006DC0F3000048B9D4F8AE
:10C20000B80030B900BF00BF6068401C606000200B
:10C21000EEE700BF00BF072500BFA16B29B1A16BEE
:10C22000496811B1A16B486801E02168886B08B9C1
:10C23000002100E001680F4621E0BE6843F6FD7072
:10C24000401BB04203D200BF00BF3F48D0E7C6F357
:10C25000074054F8A01F4855C6F30721681C226800
:10C260001154A81C22681654ED1CF96854F8A02932
:10C270005019324618F0EAFE3544D7F85071002FB5
:10C28000DBD1E81F000C54F8A01F0871E81F000A5A
:10C2900021684871E81F21688871A56016206060D8
:10C2A0000B202168087054F89C0C401C44F89C0C2E
:10C2B000A4F1A0042046FEF78BFE5FEA000803D03D
:10C2C00000BF00BF404693E700BF00BF40468FE776
:10C2D0002DE9F047044688466FF06D09606F162817
:10C2E00036D000BF00BF0A2202212046FFF708F91E
:10C2F0001648BDE8F0870000636C69656E742066BF
:10C30000696E69736865640073657276657220662C
:10C31000696E697368656400D5BB000021C00000C8
:10C32000ABBF0000ABBB00006DBF0000F7BE00005C
:10C330000094FFFF6D6173746572207365637265AD
:10C3400074000000808FFFFF008BFFFF0089FFFF5C
:10C35000E06E00780B2806D100BF0420801DD4F8C1
:10C360008010884209D900BF00BF32220221204636
:10C37000FFF7C6F8F848BDE8F08700BF042500BF06
:10C38000A81CE16E095C681CE26E105C41EA0026A4
:10C39000E06E405D38B900BF0421F01C0844D4F8B9
:10C3A0008010884208D000BF00BF32220221204600
:10C3B000FFF7A6F8E848DEE7ED1C5AE0E81CD4F8E1
:10C3C0008010814208D200BF00BF322202212046E5
:10C3D000FFF796F8E048CEE7E06E405D40B100BF61
:10C3E00000BF322202212046FFF78AF8DA48C2E76E
:10C3F000A81CE16E095C681CE26E105C41EA002634
:10C40000ED1C802E04D3A819D4F88010884208D9D6
:10C4100000BF00BF322202212046FFF771F8CE484C
:10C42000A9E7E06E4119324640460FF071F98146A6
:10C4300019F5225F0CD042F22E6019EB000006D0F5
:10C44000AE2807D0A0F518502E3805D100BF0EE059
:10C45000502703E02B2701E02A2700BF3A4602219C
:10C460002046FFF74DF800BF00BF484683E700BFF6
:10C470003544D4F88000A842A0D800BF00BF0020F7
:10C4800079E770B504460E46A06BD0F8685128468F
:10C49000FFF79CFA08B9012070BD0020FCE730B519
:10C4A0000446002030BD2DE9F04F89B004460F4608
:10C4B00092469B460026A06BD0F8680108900020A9
:10C4C000079017B909B0BDE8F08F206930B100BFFF
:10C4D00000BFD4F81080D4F8149007E000BF00BF6C
:10C4E0002068D0F82C802068D0F830902068C56B88
:10C4F0002068006C06900DB101200790606B6C30D5
:10C5000001A9A1E8010BD4F8BC0000902068436B9E
:10C5100029465046069A10F0DAFB06460EB100BFD7
:10C5200000BF606B00F16C032068006DC0F3000079
:10C5300080F0010250460899FFF7B1FF18B100BF23
:10C5400000BF06B9844E012F06D116F51C5F02D03C
:10C5500016F5F44F00D10026079820B9022F02D11A
:10C5600000BF00BF7D4E002E4CD0606BC06E10F43B
:10C57000807F01D031253FE0606BC06E10F0040F6A
:10C5800001D02A2538E0606BC06E10F4006F01D036
:10C590002B2531E0606BC06E10F4805F01D02B253D
:10C5A0002AE0606BC06E10F4005F01D02B2523E001
:10C5B000606BC06E10F4004F01D02B251CE0606B47
:10C5C000C06E10F4803F01D02B2515E0606BC06E6B
:10C5D00010F0010F01D02D250EE0606BC06E10F041
:10C5E000020F01D02C2507E0606BC06E10F0080F21
:10C5F00001D0302500E02E252A4602212046FEF7F4
:10C600007FFF00BF30465DE72DE9F04104460D464F
:10C6100016466FF06D072021012018F035F8616B88
:10C620000866606B006E48B900BF00BF502202214F
:10C630002046FEF765FF4A48BDE8F081062008F075
:10C640003FF98046606B32462946036E404608F04B
:10C65000FBFA07460620616B81F868002020616BB9
:10C6600048663846E8E7F7B5044615460198461986
:10C670006FF06D07A16B01F1080002F085FCA06B63
:10C6800000F10802314601A811F060FB07460FB126
:10C690003448FEBD0020FCE72DE9FC5F064600257E
:10C6A0003068006DC0F3810800200190002400BFB5
:10C6B00000BF41463046FFF7E4FE0746012F02D196
:10C6C00000BF00BF5BE001213046FEF7D3FE05004E
:10C6D00002D000BF00BF52E0706BFFF790F94FF43B
:10C6E000AA71012017F0D0FF044644B900BF00BF73
:10C6F000502202213046FEF703FF194D3FE020464D
:10C700000EF0B0FF21463046FFF7E2FD054605B1C9
:10C7100035E0224641463046019BFFF7C4FE054600
:10C7200005B12CE0E0680090D4F808A0C82050F8CB
:10C730000490C42050F804B020460EF076FD204648
:10C7400017F0E5FF0024524630460099FFF75CFFE2
:10C7500005464DB113E000000086FFFF8089FFFF12
:10C760000081FFFF0094FFFF5A4649463046FFF71D
:10C770007AFF054605B102E000BF00BF00BF15B952
:10C780007068401C70602CB120460EF04EFD2046B3
:10C7900017F0BDFF2846BDE8FC9F70B504460D4666
:10C7A0001646A16B01F11000324629460AF0DAF96B
:10C7B00070BD70B504460D461646A16B01F18000B0
:10C7C000324629460BF0DCFD70BD4A7A072A04D1B7
:10C7D000FE4A836BC3F858210AE04A7A072A04D03C
:10C7E000FB4A836BC3F8582102E000BF00BF7047CB
:10C7F00000BFFCE710B50446A16B01F11000002159
:10C8000009F048FAA16B01F1800001210AF03EFB1A
:10C8100010BD70B504460D461646A16B01F110001F
:10C82000324629460AF09EF9A16B01F1800032469A
:10C8300029460BF0A5FD70BD70B50546AC6B04B97B
:10C8400070BD04F1100009F00EFA04F180000AF046
:10C8500006FB04F1080002F09DFB4FF4F87120463E
:10C86000FDF7C0FD00BFEBE710B5044600BF00BFF9
:10C870002046FFF7E1FFA06B17F049FF0020A063FF
:10C88000606C28B1606CFFF76DF8606C17F03FFFCB
:10C89000A06C60640020A06400BF00BF10BD70B534
:10C8A0000446A06BD0F8E05100BF00BF206B28B158
:10C8B000206BFFF7B1F8206B17F029FF606B206346
:10C8C000002060632068406A58B1206BC06840B1A6
:10C8D0003DB92368216BD3E90920904708B100BF17
:10C8E00000BF2046FFF7C0FF6068401C606000BFCB
:10C8F00000BF70BD70B5044600BF00BF2046A16CEC
:10C90000FEF72CFA2068006DC0F30002D4F8A000F6
:10C91000011DA06BD0F8603120469847E06808B947
:10C92000242000E00C200546281D04F1380420676F
:10C930004FF01600E0664FF01400A16E087054F836
:10C940003809D0F8E00138B12068006DC0F300006C
:10C9500028B90F20606002E06068401C606000BF82
:10C9600000BF04F18000002101634163A06C2064DA
:10C97000606BE0622046FEF72BFB060003D000BF91
:10C9800000BF304670BD00BF00BF0020FAE72DE9B0
:10C99000FE4F04466FF06D0700BF00BF2068006DBA
:10C9A000C0F3000080F00102A06B6946D0F860314E
:10C9B0002046984701212046FEF75CFD070004D081
:10C9C00000BF00BF3846BDE8FE8F606F162808D054
:10C9D00000BF00BF0A2202212046FEF791FD7D48DC
:10C9E000F1E70C25E06E0078142806D100BF042082
:10C9F0002844D4F88010884208D000BF00BF3222FB
:10CA000002212046FEF77CFD7348DCE700BF0420CE
:10CA1000E66E81196A462B468C4690460026002019
:10CA200008E01CF8009018F800A089EA0A0B4BEA0D
:10CA30000606401C9842F4D346B100BF00BF322224
:10CA400002212046FEF75CFD6348BCE7A06BD0F8EE
:10CA5000E00138B12068006DC0F3000028B90A2059
:10CA6000606002E06068401C606000BF00BF0020A2
:10CA7000A9E710B504464FF4F871204618F0D4FB2E
:10CA800004F1100009F0E6F8002104F1100009F0AB
:10CA900001F904F180000AF0D9F9012104F18000C4
:10CAA0000AF0F4F94D48C4F8580100BF00212046AF
:10CAB000FEF7A2FF00BF04F1080002F065FA10BD06
:10CAC00010B50446D021204618F0AEFB04F14C000E
:10CAD00012F0D7F904F18C0012F0D3F904F134000C
:10CAE00007F047FF04F1400007F043FF10BD10B509
:10CAF00004467021204618F097FB10BD10B504467F
:10CB0000A06C10B1A06CFEF72DFF606B10B1606BD4
:10CB1000FEF782FFA06B10B12046FFF78DFEA06CE0
:10CB200020B9D021012017F0AFFDA064606B20B9BF
:10CB30007021012017F0A8FD6063A06B28B94FF4A5
:10CB4000F871012017F0A0FDA063A06B18B1A06CD4
:10CB500008B1606B88B900BF00BFA06B17F0D7FDAC
:10CB6000A06C17F0D4FD606B17F0D1FD0020A0631E
:10CB7000A06460631848803810BD606BFFF7B7FF92
:10CB8000A06CFFF79DFFA06BFFF773FF0020F3E79A
:10CB900010B50446C421204618F046FB10BD2DE90F
:10CBA000F04104460D466FF06D0644F24D17B8464D
:10CBB00025600020C4F88C003946012017F064FD80
:10CBC000A065A06D78B900BF00BF09E0B3C7000041
:10CBD0009BC700000089FFFF8081FFFF13C8000092
:10CBE000FE4E803E19E04146012017F04DFDC4F88D
:10CBF0008C00D4F88C0020B900BF00BFF74E803EF7
:10CC00000BE02046FEF70BFD2046FFF777FF0600FE
:10CC100000D002E00020BDE8F08154F8580F17F072
:10CC200076FD606B17F073FD002044F8580C20600F
:10CC30006063A0606060E06020616061E063A063A9
:10CC400020646064A064A4F158043046E3E72DE951
:10CC5000F041044688466FF06D0544F24D163746A4
:10CC60000020606000212046FDF7CCFB0020C4F8C6
:10CC7000C00020672046FEF7D2FC002044F8740F65
:10CC80006060E0602061606120636063A063A4F184
:10CC9000740404F180004FF0000101634163084611
:10CCA000E0632064A062E0623946D4F88C0018F09A
:10CCB00099FA0020E0673146A06D18F093FA606C95
:10CCC00038B1606CFEF74EFE606C17F020FD00205E
:10CCD0006064206B38B1206BFEF79EFE206B17F06E
:10CCE00016FD002020632046FFF708FF050002D054
:10CCF0002846BDE8F0810020FBE710B5044600217E
:10CD00002046FFF7A4FF10BD026D61F3000202652B
:10CD10007047026D61F3410202657047026D61F375
:10CD2000830202657047C162026370478161C2611C
:10CD3000704701614261704710B5029C4162826197
:10CD4000C361046210BD816470472DE9F04104465F
:10CD50000F4615461E46E764256566650021204698
:10CD6000FDF750FBBDE8F08170B504460D466FF04D
:10CD70006D063CB135B1606B20B12068006DC0F329
:10CD8000000008B1964870BD2946606BFEF751FE61
:10CD9000060001D03046F6E70120A16BC1F8E001A2
:10CDA0000020F0E7016041608160C1607047032AA4
:10CDB00000D07047002B01DB032B00DDF9E740F8C2
:10CDC000231000BFF5E7416370472DE9F0410546A8
:10CDD0000E4617460C21012017F056FC04461CB9DC
:10CDE0007E488038BDE8F081266067600020A06042
:10CDF000286808B92C6007E0286800E0806881682E
:10CE00000029FBD1846000BF0020EBE770B5044629
:10CE10000D4616463246294604F13800FFF7D5FF85
:10CE200070BDC16302647047016142617047416433
:10CE300070472DE9F04104460D46002645B12846CD
:10CE400018F08EF80646FF2E02D96548BDE8F0813D
:10CE5000D4F8BC0060B154F8BC0F18F081F8074654
:10CE600039462068FDF7BEFA54F8BC0917F04FFCAC
:10CE70001DB90020C4F8BC0015E0711C012017F09A
:10CE800003FCC4F8BC00D4F8BC0010B95348803887
:10CE9000DCE732462946D4F8BC0018F0D7F8002069
:10CEA000D4F8BC1088550020D0E780F84C1080F8EA
:10CEB0004D20704780F84E1080F84F207047026D6B
:10CEC00061F30512026570470146086B10B1086BEB
:10CED000C06E7047486B10B1486BC06EF9E74FF0F9
:10CEE000FF30F6E710B504460CB1206B08B90020FE
:10CEF00010BD216B486801F07FFBF9E70146C86867
:10CF000030B1012806D0022806D0032808D105E058
:10CF100034A0704735A0FCE736A0FAE737A0F8E761
:10CF200038A0F6E701464FF480407047014609B14A
:10CF3000086B08B9002070470020FCE770B5044674
:10CF40000D463CB135B1206B20B12068006DC0F3B7
:10CF5000000008B1224870BD2846216BFEF769FD2C
:10CF6000F9E7014609B900207047086BFCE72DE995
:10CF7000FF4F8BB00D9C002002900C9860B9029876
:10CF8000401D02900E990298884205D81F480168FA
:10CF9000216000792071641D0298083002900E997A
:10CFA000029888426ED80B9805680020CDE90050A1
:10CFB0003822DDE9005009902846099917F058FCFD
:10CFC00004F8010B3022DDE900502E46089030466F
:10CFD000089917F04DFC04F8010B19E08081FFFF60
:10CFE000008FFFFF53534C76332E3000544C537652
:10CFF000312E3000544C5376312E3100544C537640
:10D00000312E3200756E6B6E6F776E00680B0020EC
:10D010002822DDE900502F4607903846079917F07F
:10D0200027FC04F8010B2022DDE90050A8460690F9
:10D030004046069917F01CFC04F8010B1822DDE9A4
:10D040000050A94605904846059917F011FC04F8D0
:10D05000010B1022DDE90050AA46049050460499C5
:10D0600017F006FC04F8010B0822DDE90050AB467E
:10D0700003905846039917F0FBFB04F8010B009D41
:10D0800004F8015B0298583002900E990298884289
:10D0900031D80B984068000A04F8010B0B984068DF
:10D0A00004F8010B0B98806804F8010B0B98C0681A
:10D0B00004F8010B20220B991031204617F0C6FF0F
:10D0C000203430220B993031204617F0BFFF303426
:10D0D0000B98C06E000E04F8010B0B98C06E000C8C
:10D0E00004F8010B0B98C06E000A04F8010B0B98B2
:10D0F000C06E04F8010B0B98006EE0B10B98406E07
:10D10000801C0299084402900E99029888421ED809
:10D110000B9890F8680004F8010B0B98406E04F827
:10D12000010B0B98D0E91812204617F08FFF0B98CF
:10D13000406E04440BE00298801C02900E99029805
:10D14000884204D8002004F8010B04F8010B189958
:10D15000029808600E990298884203D9F7480FB0E8
:10D16000BDE8F08F0020FAE7F8B507460C461546F3
:10D170001E462B462246002138460096FFF7F7FE52
:10D18000F8BD2DE9FF4F8DB007460F9EDDE90F601A
:10D1900006EB00080E9880B9A8EB0600052803D21C
:10D1A000E74811B0BDE8F08F0522E649304617F098
:10D1B00087FE08B1E448F4E7761DA8EB06000828CE
:10D1C00001D2DF48EDE796F80090002038220C905D
:10D1D00048460C9917F039FB04460D4696F801A015
:10D1E0004FF000004FF030020B9050460B9917F0B3
:10D1F0002CFB044396F802B0002028220A905846DF
:10D200000A9917F022FB0443F07800212022CDE98F
:10D21000081017F01AFB0443307900211822CDE9D9
:10D22000061017F012FB0443707900211022CDE99B
:10D23000041017F00AFB0443B07900210822CDE95D
:10D24000021017F002FB2043F179084300900836E2
:10D2500000983860A8EB0600582801D2B848A0E72B
:10D260007078317840EA01207860B61C16F8010B1E
:10D27000B86016F8010BF8602022314607F1100063
:10D2800017F0E4FE20363022314607F1300017F067
:10D29000DDFE303630780006717840EA0140B17822
:10D2A00040EA0120F1780843F866361D0020386610
:10D2B000A8EB0600022801D2A14872E716F8010B7C
:10D2C00087F8680016F8010B7866786E38B397F81F
:10D2D000680007F0F5FA04460CB9994861E7204662
:10D2E00007F04AFE796E884201D0954859E7A8EBCD
:10D2F0000601786E884201D9914852E70120796E83
:10D3000017F0C2F93866386E08B9904849E73146D7
:10D31000D7E9180217F09AFE786E064400BF46451A
:10D3200001D087483DE700203BE72DE9F041074663
:10D330000C4615462B46224600213846FFF721FFB2
:10D34000064616B13846FEF767FB3046BDE8F08169
:10D3500070B504467A4D80350CB1206808B978481C
:10D3600070BD2068006DC0F3000018B9204601F0C0
:10D37000A8F805462846F3E770B5044600250CB129
:10D38000206808B96E4870BD00BF00BF05E02046A8
:10D39000FFF7DEFF054605B102E060681028F6D110
:10D3A00000BF00BF00BF2846EDE770B505462C461C
:10D3B00004E0A668204617F0AAF93446002CF8D1FC
:10D3C00070BD70B5044604B970BD00BF00BFD4F88D
:10D3D0008C0068B144F24D1554F88C0F2946FDF7C6
:10D3E00001F8206817F093F9002044F88C0900BF79
:10D3F000A06D58B144F24D152946A06DFCF7F2FF1F
:10D40000A06D17F084F90020A06500BF606C28B102
:10D41000606CFEF7A7FA606C17F079F9A06B88B121
:10D420002046FFF709FAA06CFEF79CFA606BFEF746
:10D43000F3FAA06B17F06BF9A06C17F068F9606B4A
:10D4400017F065F9206B28B1206BFEF7E5FA206B29
:10D4500017F05DF9D4F8BC0060B154F8BC0F17F0B8
:10D460007FFD054629462068FCF7BCFF54F8BC093F
:10D4700017F04DF900BF00BFC4212046FCF7B2FFF2
:10D4800000BFA1E710B504465421204617F0CCFE9A
:10D4900010BD2DE9F04104460D4616461F462946AB
:10D4A0002046FFF731FC31462046FFF732FC25B914
:10D4B000206D20F00C0008302065022F12D10320CF
:10D4C00084F84E0084F84F0084F84C0084F84D0036
:10D4D0001F48E060A060606020601E4860631E48D6
:10D4E000606413E0032084F84E0084F84F0084F851
:10D4F0004C0084F84D0001F05BF8E060A0606060D3
:10D500002060164860631648606400BF00BF0020BA
:10D51000BDE8F08110B50446A06BFFF746FF54212B
:10D520002046FCF75FFF10BD10B5044601212046E0
:10D5300001F05AFDB0B1012010BD00000096FFFFC0
:10D54000008FFFFF680B002000A1FFFF0081FFFF9D
:10D55000840B002060B50200900B002040B5020053
:10D56000700B00200020E7E70146012904D00229C2
:10D5700005D0042905D101E00120704700BF032038
:10D58000FBE70020F9E70146012900D170470020A0
:10D59000FCE70246012902D0042904D101E01078F9
:10D5A00070475078FCE70020FAE7012902D00429EF
:10D5B00008D103E0037803B9027004E0437803B9AB
:10D5C000427000E000BF00BF70470146072911D23A
:10D5D000DFE801F0100406080A0C0E000320704773
:10D5E0000420FCE70520FAE70620F8E70720F6E725
:10D5F0000820F4E70020F2E70146C81E062810D2F2
:10D60000DFE800F0030507090B0D01207047022039
:10D61000FCE70320FAE70420F8E70520F6E70620F8
:10D62000F4E70020F2E702460B461068406C10B9A0
:10D630004FF0FF3070471068416C05E00868984271
:10D6400001D10020F6E7091D08680028F6D1401E28
:10D65000F0E70246D068032801D034487047042917
:10D6600006D0052909D13248936BC3F85C0106E066
:10D670003048936BC3F85C0101E02C48EEE700BF33
:10D680000020EBE72DE9FE4F0446884615461E466E
:10D69000DDE90C9A0027504607F012F983465846F8
:10D6A00007F06AFC286000BF00BF684607F061F918
:10D6B00000225946684607F0CFF9070002D000BFA4
:10D6C00000BF27E0684607F037FA070002D000BF26
:10D6D00000BF1FE0A06B00F5B8714022684607F05C
:10D6E0005AFA070002D000BF00BF13E04A46314695
:10D6F000684607F050FA070002D000BF00BF09E0FB
:10D700004146684607F076FA070002D000BF00BF26
:10D7100000E000BF684607F031F927B1502202212E
:10D720002046FDF7EDFE3846BDE8FE8F009AFFFF6C
:10D7300021C000006DBF00000146887A0B280ED280
:10D74000DFE800F00D0607090B0D0D0D0D080A00AE
:10D7500000BF00BF00BF00BF00BF01207047002016
:10D76000FCE703468B4202D8C81A904201D201203E
:10D7700070470020FCE70146886B28B1886B406841
:10D7800010B1886B426801E00868826B0AB900201A
:10D7900070475068FCE72DE9F05F074688469246DF
:10D7A00099464446002508F1060B0020C9F8000000
:10D7B000386890F84D00032802D00020BDE8F09FA3
:10D7C00000BF00BF3868406C08B9F948F6E7386810
:10D7D000466C09E0AD1C4FF6FE70854203D900BFD0
:10D7E00000BFF348EAE7361D30680028F2D10DB9D2
:10D7F000EF48E3E700BFAA1D51462046FFF7B1FFFF
:10D8000008B1EC48DAE700BF00253868466C0CE048
:10D810003068FFF7F1FE29466D1C0BF8010001226C
:10D8200028466D1C0BF80020361D30680028EFD10B
:10D8300004F8010B0D2004F8010BA81C000A04F8E1
:10D84000010BA81C04F8010B280A04F8010B04F8CA
:10D85000015BA81DC9F800000020AFE72DE9F041E9
:10D8600005466FF06D07A86B00F5B8740020F8F757
:10D87000F8FE0646300E04F8010B300C04F8010BDC
:10D88000300A04F8010B04F8016B00BF00BF2968DF
:10D890001C22D1E9063021469847070002D03846BD
:10D8A000BDE8F0810020FBE710B504460CB901206B
:10D8B00010BD2069984202DCA069904201DA012083
:10D8C000F6E70020F4E72DE9F04F85B005466FF04C
:10D8D0006D0004904FF0000800BF00BF2868806909
:10D8E00028B900BF00BFB44805B0BDE8F08F286874
:10D8F00090F84E00A860286890F84F00E86028680B
:10D9000090F84C0018B900BF00BFAC48ECE7D5F860
:10D91000A09009F58040029000BF47224846029936
:10D92000FFF71FFF08B1A348DEE700BF09F10404B9
:10D930002B681B6DC3F340022B6893F84D1093F8CE
:10D940004C002346FDF770FAA41C00BF00BF284618
:10D95000FFF784FF049018B100BF00BF0498C3E72D
:10D96000A86B00F5B8712022204617F06FFB00BFAE
:10D9700000BF2034686BC768102F05D3202F03D851
:10D98000A86BD0F8E00100B9002704F8017B00265D
:10D9900005E0686B1030805D04F8010B761CBE4218
:10D9A000F7D300BF00BF00BF00BFE968286850F888
:10D9B00021B00027A24600BF022220460299FFF7AD
:10D9C000D0FE08B17B488FE700BFA41C002627E0EB
:10D9D0005BF8260000F002FE0090286890F84D30B9
:10D9E00090F84F2029460098FFF75EFF00B116E03F
:10D9F00000BF00BF00BF022220460299FFF7B1FE20
:10DA000008B16C4870E700BF7F1C5BF82600000A75
:10DA100004F8010B5BF8260004F8010B00BF761C2C
:10DA20005BF826000028D3D100BF00BF00BF00BFB5
:10DA300000BF022220460299FFF793FE08B15D481D
:10DA400052E700BF002004F8010BFF2004F8010B8F
:10DA50007F1CC7F3C7100AF8010B7806000E0AF8FE
:10DA6000010B002001900198B8B100BF00BF00BFBA
:10DA700000BF00BF032220460299FFF772FE08B1E3
:10DA80004C4831E700BF022004F8010B012004F8E4
:10DA9000010B002004F8010B13E000BF00BF00BF22
:10DAA00000BF00BF022220460299FFF75AFE08B1CC
:10DAB000404819E700BF012004F8010B002004F8DA
:10DAC000010B00BF022220460299FFF74AFE08B16F
:10DAD000384809E700BFA01C00EB080103AB28464B
:10DAE000029AFFF758FE049018B100BF00BF0498D7
:10DAF000FAE60398804400BF00BFB8F1000F06D0DB
:10DB00004FEA182004F8010B04F8018B4444A4EBFD
:10DB10000900C5F8A8001620C5F8A4000120D5F812
:10DB2000A01008706868401C68602846FDF750FA2D
:10DB3000049018B100BF00BF0498D5E600BF00BF35
:10DB40000020D1E670B506460C461546012D01D1E0
:10DB5000207840B100BF00BF282202213046FDF7E7
:10DB6000CFFC174870BD0120C6F8C0000020F9E7BF
:10DB70002DE9FF5F04460020029000BF00BF012195
:10DB80002046FDF777FC039028B100BF00BF039843
:10DB900004B0BDE8F09FE66E606F162814D000BF99
:10DBA00000BF0A2202212046FDF7AAFC0548EFE744
:10DBB00080A1FFFF0096FFFF008CFFFF008FFFFF9B
:10DBC0008086FFFF0089FFFF00BF04202630D4F8C5
:10DBD0008010884202D83078022808D000BF00BFE9
:10DBE000322202212046FDF78BFCF948D0E700BF26
:10DBF0000420064400BF00BF2068006DC0F340024F
:10DC0000334604F10C01081FFDF786FA216891F8EC
:10DC10004E10A068884211DB216891F84F10E0682F
:10DC200088420BDB216891F84C10A068884205DC23
:10DC3000216891F84D10E068884208DD00BF00BF00
:10DC4000462202212046FDF75BFCE248A0E700BF28
:10DC500000BFA16B01F5C8702022B11C17F0F6F9C6
:10DC600096F8225000BF00BF202D08D900BF00BF8A
:10DC7000322202212046FDF743FCD54888E700BF49
:10DC8000042027302844D4F8801088421BD205F1A4
:10DC90002700315C401E305C41EA00270FB1042FA1
:10DCA00008D300BF0420283028443844D4F880101A
:10DCB00088421BD000BF00BF322202212046FDF760
:10DCC0001FFCC34864E700BF042026302844D4F872
:10DCD0008010884201D1002708E000BF00BF322237
:10DCE00002212046FDF70CFCB94851E705F124005C
:10DCF000315C401E305C41EA002905F1250016F830
:10DD000000A0BAF1000F08D000BF00BF2F220221EF
:10DD10002046FDF7F5FBB0483AE7484600F05EFCC8
:10DD2000A16BC1F86801A06BD0F8680148B900BFC9
:10DD300000BF502202212046FDF7E2FBA6488038B2
:10DD400026E7A06BD0F868112046FEF73EFD00BF25
:10DD500000BF00BF00BFA06BD0F8E001A8B1A5B123
:10DD6000606B4068484510D1606B806850450CD1AD
:10DD7000606BC068A84208D1616B01F110002A46AF
:10DD800006F1230117F09CF8D8B16068401C606070
:10DD90000020A16BC1F8E001F8F763FC616B08603B
:10DDA000606BC0F80490606BC0F808A0606BC56041
:10DDB000616B01F110002A4606F1230117F046F9C4
:10DDC0000FE00C2060602046FEF79CF9039040B104
:10DDD00000BF00BF502202212046FDF791FB0398AF
:10DDE000D6E600BF00BF00BF00BF00BF00BF4FF0BE
:10DDF00000091DE0E168206850F8210050F8290072
:10DE000040B900BF00BF2F2202212046FDF778FB5A
:10DE10006F48BDE6E168206850F82120484609F1C6
:10DE2000010952F82000616B4968884200D100E086
:10DE3000E0E700BF616B486800F0D0FB0190E36849
:10DE40001A4621460198FFF72FFD40B100BF00BFE1
:10DE50002F2202212046FDF753FB5D4898E600BFC4
:10DE600000BFBAF1000F08D000BF00BF2F2202216F
:10DE70002046FDF745FB56488AE6606BC0F808A0CF
:10DE800006F1280000EB050800BF00BF3BE098F852
:10DE9000010098F8001040EA0120009098F8030073
:10DEA00098F8021040EA012B0BF10400B84208D99F
:10DEB00000BF00BF322202212046FDF721FB44486B
:10DEC00066E66FF47F41009840180CD100BF00BF98
:10DED0005A4608F104012046FFF734FE039008B1CA
:10DEE000039855E602E000BF00BF00BF00BF0BF182
:10DEF00004003F1A80442FB1042F03D200BF00BF9B
:10DF0000334845E600BF002FC1D1D4F8C00048B95E
:10DF10002068006DC0F30110022803D100BF00BFCC
:10DF2000012002900298012806D1282202212046D1
:10DF3000FDF7E6FA26482BE600BF00BF002027E6E3
:10DF40002DE9FF5F04460D46164699466FF06D0BAE
:10DF5000E06808B9002000E002200746A06B00F549
:10DF6000D87000EB0908E819B0F5804F05D900BF5B
:10DF700000BF1A4804B0BDE8F09F23681B6DC3F3CF
:10DF80004002236893F84D1093F84C004346FCF789
:10DF90004BFF21682E22D1E9063008F10201984793
:10DFA0005FEA000B03D000BF00BF5846E2E7302015
:10DFB000A16BC1F86C01A06B00F1080A0121504669
:10DFC00001F012F870B900BF00BF0548D2E70000A9
:10DFD0008086FFFF8091FFFF808FFFFF0096FFFF8D
:10DFE0000093FFFF2068C06921688969C5F58042F8
:10DFF000D21BCDE90062CDE90210D4F8A00028447C
:10E00000C319A06B4146D0F86C21504601F0E5F8E9
:10E010005FEA000B03D000BF00BF5846AAE7022FFB
:10E020000ED13068C0F30720D4F8A01048553068EE
:10E03000C1B2681CD4F8A02011543068801C306034
:10E04000504600F0A7FF002094E72DE9F041044678
:10E050006FF06D06A06BD0F8685100274FF00008F4
:10E0600000BF00BFA87A012807D100BF00BF6068C9
:10E07000401C60600020BDE8F08101212046FDF7D2
:10E08000F9F9060003D000BF00BF3046F3E7606F28
:10E09000162808D000BF00BF0A2202212046FDF743
:10E0A0002FFAFE48E7E7E06E00780C2812D0A87A35
:10E0B000052802D0A87A072803D10120C4F88800D7
:10E0C00017E000BF00BF0A2202212046FDF718FA20
:10E0D000F248D0E700BF0420E16E4718D4F8801062
:10E0E000E06E00EB010800BF00BF00BF00BFEC48BE
:10E0F000C1E76068401C606000BF00BF0020BAE755
:10E100002DE9F05F04466FF06D0900250027AA464F
:10E11000A06BD0F868B100BF00BF5846FFF70CFBFA
:10E1200038B900BF00BF6068401C60600020BDE8D7
:10E13000F09F01212046FDF79DF95FEA000903D019
:10E1400000BF00BF4846F2E7606F162808D000BF46
:10E1500000BF0A2202212046FDF7D2F9CF48E6E7A8
:10E160006068401C6060E06E00780D2801D10120DD
:10E1700000E00020C4F8B80000BF00BFD4F8B80029
:10E1800018B90120C4F8880066E0E66E00BF0420DC
:10E19000D4F88010884208D300BF00BF3222022189
:10E1A0002046FDF7ADF9BF48C1E700BF0420375C4A
:10E1B0003D4600BF00BF801C2844D4F88010884230
:10E1C00008D300BF00BF322202212046FDF798F994
:10E1D000B448ACE7E068032820D100BF0420801CCD
:10E1E0002844315C0420401C2844305C41EA00286B
:10E1F00000BF0420C01C28444044D4F8801088424A
:10E2000008D300BF00BF322202212046FDF778F973
:10E21000A4488CE708F10200054400BF00BF0420B9
:10E22000801C2844315C0420401C2844305C41EAB6
:10E23000002A554400BF0420C01C2844D4F8801094
:10E24000884208D000BF00BF322202212046FDF7DD
:10E2500057F994486BE700BF00BF00BF002066E796
:10E2600070B504466FF06D0500BF00BF0121204668
:10E27000FDF700F9050003D000BF00BF284670BDC0
:10E28000606F162803D000BF00BF8448F7E700BFC7
:10E290000420D4F88010884203D1E06E00780E2864
:10E2A00008D000BF00BF322202212046FDF728F926
:10E2B0007D48E4E76068401C606000BF00BF00204C
:10E2C000DDE7F8B504466FF06D06A06BD0F8687115
:10E2D00000BF00BFB87A01280AD1042500236A468E
:10E2E00029462046FFF72CFE060005D03046F8BD33
:10E2F00000BF00BF6A48FAE700982844C4F8A800A5
:10E300001620C4F8A4001020D4F8A010087060688B
:10E31000401C60602046FCF75BFE060003D000BF97
:10E3200000BF3046E3E700BF00BF0020DFE72DE974
:10E33000F04F93B004465D4EA06BD0F8687100209A
:10E34000129000250DF118088146824600BF00BFDB
:10E350002046FDF7D7FE060005D000BF00BF3046BF
:10E3600013B0BDE8F08F3846FFF7E6F930B900BFCB
:10E3700000BF6068401C60600020F1E7D4F8B8007E
:10E3800078B100BFA16B29B1A16B496811B1A16B34
:10E39000486801E02168886B08B9002100E0016845
:10E3A00031B900BF00BF6068401C60600020D7E743
:10E3B0002046FFF7E0F918B900BF00BF3C48CFE79F
:10E3C000A06B05AA06A9D0F85C3120469847E06802
:10E3D00003281ED1A06BD0F86801407A072805D128
:10E3E00081460520D4F8A010087105E04FF0060919
:10E3F0000420D4F8A01008712046FFF7BCF983462A
:10E40000FFF792F8D4F8A01048710020059002257B
:10E4100003E000BF00BF2248A2E72046FFF7ABF9A8
:10E4200083462068C0692168896912AACDE9030A78
:10E43000CDE90121D4F8A000801D28440090424677
:10E4400049465846059B00F05CFE060003D000BF1D
:10E4500000BF304684E71298C0F3072154F8A02F7C
:10E46000281D11541298C1B2681D226811541298C7
:10E47000801D2844A060162060600F20216808706D
:10E4800054F89C0C401C44F89C0CA4F1A0042046B9
:10E49000FCF79EFD060010D000BF0BE00089FFFFD7
:10E4A0000094FFFF8085FFFF8084FFFF808FFFFFC8
:10E4B000008AFFFF00BF304652E700BF00BF304672
:10E4C0004EE770B5044600256068102801D0A06BA7
:10E4D00008B9364870BD00BF00BF2046FCF75DFCA0
:10E4E000050001D02846F5E76068102856D2DFE81D
:10E4F00000F0080B10151A1F24292E33383D42470F
:10E500004C51012060604DE02046FFF7DCF90546E4
:10E5100048E02046FFF72CFB054643E02046FEF787
:10E52000BBF805463EE02046FFF78FFD054639E083
:10E530002046FFF7E5FD054634E02046FFF790FE54
:10E5400005462FE02046FDF73FFE05462AE020461F
:10E55000FFF7B7FE054625E02046FFF7E8FE054633
:10E5600020E02046FDF70CF805461BE02046FEF7AC
:10E57000C1F9054616E02046FDF721F8054611E0F1
:10E580002046FEF704FA05460CE000BF00BF0F204E
:10E59000606007E02046FEF782F903E000BF00BF9D
:10E5A000024897E700BF284694E70000008FFFFF6E
:10E5B0003248704770B50546314C0DB9002070BD2A
:10E5C00007E02946606816F081FE08B92046F6E7A4
:10E5D000203420680028F4D100BFF0E70246284923
:10E5E00005E00868904201D108467047203108686C
:10E5F0000028F6D100BFF8E710B504462046FFF723
:10E60000EDFF03460BB91FA010BD5868FCE770B5BD
:10E6100005462846FFF7CEFF04460CB9002070BD22
:10E620002068FCE70146887A0B2811D2DFE800F069
:10E63000100607080B101009100D0E0000BF00BFD8
:10E6400000BF012070470420FCE700BF0220F9E76B
:10E650000020F7E70146887A012806D0022805D075
:10E66000032804D0042806D103E000BF00BF012026
:10E6700070470420FCE70020FAE700005CAB0200D2
:10E6800064AB0200756E6B6E6F776E0010B504465A
:10E690004FF4A071204616F0C7FD4FF0FF30206107
:10E6A00010BD10B5044604B910BD04F12000FAF7FE
:10E6B00011FF4FF4A0712046FBF794FE00BFF3E773
:10E6C00041617047816170470246D2F8380110B14C
:10E6D0006FF033007047B1F5C07F02D96FF037009B
:10E6E000F8E7B1F1004F02D36FF03700F2E71161A4
:10E6F0000020EFE7C16170472DE9F74FADF5487D88
:10E700008246164600200190B6F5C07F05D96FF00D
:10E7100037000DF54B7DBDE8F08F4FF4D07160A848
:10E7200016F082FD02A8FAF7CBFE64AC300E04F8B6
:10E73000010B300C04F8010B300A04F8010B04F84B
:10E74000016BE41C302004F8010B32462046C999C5
:10E7500016F07CFC8020A05506F1190B002502E084
:10E760004CA94D556D1C202DFADB4FF480724CA93D
:10E7700002A8FAF7BAFE019000B159E0002734E090
:10E7800060AC0020489049904A904B90D9461CE0DC
:10E79000002506E048A8405D615D484048A948550D
:10E7A0006D1C102DF6DB1034B9F1100F01D31020C1
:10E7B00000E04846A9EB000948AB48AA012102A89D
:10E7C000FBF797FD019000B132E0B9F1000FDFD106
:10E7D00054A9C819102248A916F038FC9DF88301E5
:10E7E000401CC0B28DF883011037302FC8DB4FF4C6
:10E7F000807254A902A8FAF778FE019000B117E0E0
:10E800000DF5B878544600270FE0434642460121F3
:10E8100002A8FBF76EFD019000B109E0102241460D
:10E82000204616F013FC10341037302FEDDB00BFFC
:10E8300002A8FAF74FFE4FF4D07160A8FBF7D2FDA3
:10E84000302154A8FBF7CEFD20214CA8FBF7CAFDD0
:10E85000102148A8FBF7C6FD019818B13021504699
:10E86000FBF7C0FD019854E72DE9F0438DB0054654
:10E870000E4601AF4FF00009302101A816F0D4FC7C
:10E88000C8461DE010240AE0601E285C401C10F001
:10E89000FF01A4F10100295400D002E0641E002C05
:10E8A000F2DC00BF3B462A46012105F12000FBF7C0
:10E8B00020FD5FEA000900D020E0103708F11008C1
:10E8C000B8F1300FDEDB002406E001A8005D315D09
:10E8D000484001A90855641C302CF6DB4FF48072C7
:10E8E00001A905F12000FAF700FE5FEA000900D057
:10E8F00004E009A80FC885E80F0000BF302101A877
:10E90000FBF770FD48460DB0BDE8F083F0B58DB063
:10E9100005460E4614466FF06D0714B900200DB081
:10E92000F0BD2246314601A8FFF7E6FE070000D001
:10E9300007E001A92846FFF797FF070000D000E095
:10E9400000BF302101A8FBF74DFD3846E7E770B561
:10E9500005460E461446B4F5C07F01D94FF4C07485
:10E96000224631462846FFF7D1FF70BD2DE9F0431E
:10E97000E1B00446884617461D4600266FF06D0933
:10E98000A069B0F5C07F04D96FF0370061B0BDE871
:10E99000F083A069C0F5C070A84202D26FF03700C2
:10E9A000F4E7A069C0F5C070401BB84202D26FF016
:10E9B0003700EBE74FF4C07101A816F035FC01A950
:10E9C000D4F83831A269D4F83C01984710B16FF0FF
:10E9D0003300DBE7A06906445DB12A4601A9D4F8FB
:10E9E0003831D4F83C01984710B16FF03300CDE7CF
:10E9F0002E44B8F1000F07D037B101A988193A4663
:10EA0000414616F023FB3E44324601A901A8FFF718
:10EA100073FE5FEA000900D00AE001A92046FFF773
:10EA200023FF5FEA000900D002E00120206100BF5F
:10EA30004FF4C07101A8FBF7D5FC4846A6E770B5B6
:10EA400004460D4616460023324629462046FFF767
:10EA50008DFF70BD0146302901D300207047481C4E
:10EA60004008FBE72DE9F04788B004460D461646FE
:10EA70001F46DDF840806FF06D092021684616F0D2
:10EA8000D3FB04F12000FAF71BFDC4F83851C4F899
:10EA90003C61A06908B93020A0612069002801DB31
:10EAA000206902E0A069FFF7D5FF824642F21070AC
:10EAB000E0614FF48072694604F12000FAF715FD19
:10EAC0005FEA000903D0484608B0BDE8F087534626
:10EAD000424639462046FFF749FF5FEA000901D068
:10EAE0004846F1E70020EFE72DE9F04F93B081466B
:10EAF0008A4615469B461C9F002012904C46CDF836
:10EB000014A0B5F5806F04D96FF0350013B0BDE8DF
:10EB1000F08FB7F5807F02D96FF03700F6E730212C
:10EB200006A816F081FBE1692069884201DC606972
:10EB300048B13A4659462046FFF781FF129008B186
:10EB40001298E3E7002777B13A46594606A8FFF73F
:10EB5000D3FD129000B13EE006A92046FFF784FEE7
:10EB6000129000B137E029E010260AE0701E205C08
:10EB7000401C10F0FF01A6F10100215400D002E07A
:10EB8000761E002EF2DC00BF01AB2246012104F10B
:10EB90002000FBF7AEFB129000B11CE0102D01D954
:10EBA000102000E028468046424601A9059816F04C
:10EBB0004DFA059840440590A5EB0805002DD3D1EA
:10EBC00006A92046FFF750FE129000B103E020692D
:10EBD000401C206100BF302106A8FBF703FC102178
:10EBE00001A8FBF7FFFB129890E72DE9F8430446D4
:10EBF0000D4616466FF06D07A046002003463246CC
:10EC0000294600904046FFF76FFF07463846BDE8AB
:10EC1000F8830000F0B504460D46059E0020D4F8A8
:10EC2000E010142902DB6FF03D001EE001EB810CC7
:10EC300004F1E40747F82C5001EB810C07EB8C073B
:10EC40007A6001EB810C04F1E40707EB8C07FB60B1
:10EC500001EB810C04F1E40707EB8C073E61D4F86B
:10EC6000E0707F1CC4F8E07000BFF0BD38B504460A
:10EC70000020C4F8E0004FF4C87104F1E40016F07D
:10EC8000D3FA0020206004F1080008F0DFF801202A
:10EC900020230022BB4900902046FFF7BBFF38BD70
:10ECA00010B5044604F1080008F0D9F80020C4F8B3
:10ECB000E0004FF4C87104F1E400FBF793FB00207F
:10ECC000206010BD2DE9F04792B0044688461646F4
:10ECD0001D462F46B1464FF0000A402F0CD90023A5
:10ECE00001AA2946304609F0F8FF5FEA000A00D081
:10ECF00026E00DF1040940278DF84480F8B28DF824
:10ED00004500206840B9002104F1080008F0BEF871
:10ED10005FEA000A00D013E001202060022211A95E
:10ED200004F1080009F02CFB5FEA000A00D007E0BC
:10ED30003A46494604F1080009F022FB824600BF2A
:10ED4000402101A8FBF74EFB504612B0BDE8F0870A
:10ED50002DE9F04106460C4615466FF06D072B462F
:10ED6000224614213046FFF7ADFF07463846BDE87E
:10ED7000F081F0B5A1B005466FF03B060027D5F84D
:10ED8000E00010B9301F21B0F0BD00243CE004EBDE
:10ED9000840105F1E40000EB81000069012800D145
:10EDA00001270020009004EB840205F1E40101EB4F
:10EDB000820104EB8402486805F1E40151F822C0A5
:10EDC0006B46802201A9E047060000D024E00098AD
:10EDD000C8B101AAE1B22846009BFFF773FF060005
:10EDE00001D03046CFE704EB840105F1E40000EBED
:10EDF000810080680099014404EB840205F1E4007D
:10EE000000EB82008160641CD5F8E000A042BEDC0B
:10EE10000FB96FF03C0600BF802101A8FBF7E2FAB2
:10EE20003046B0E770B504466FF06D052046FFF739
:10EE3000A0FF0546284670BD2DE9F04F91B006466B
:10EE40000F4690464FF0000B3446B8F1400F04D9FE
:10EE50006FF03B0011B0BDE8F08F00BF58460BF1DA
:10EE6000010BB0F5807F02DD6FF03B0983E02046A7
:10EE7000FFF77FFF5FEA000900D07CE001201090DF
:10EE80004FF0000A002523E005EB850104F1E400C2
:10EE900000EB810005EB8502816804F1E40000EBE2
:10EEA0008200C068814201D20020109005EB8501EC
:10EEB00004F1E40000EB81000069012807D105EBB3
:10EEC000850104F1E40000EB8100806882446D1C40
:10EED000D4F8E000A842D7DC10980028BED0BAF1E0
:10EEE000400FBBD34021684616F09EF9694604F1F5
:10EEF000080009F0A8FA5FEA000900D03BE004F13D
:10EF0000080007F0ACFF04F1080007F09FFF0021A4
:10EF100004F1080007F0BAFF5FEA000900D02AE018
:10EF20004022694604F1080009F02AFA5FEA000964
:10EF300000D020E000236A464021684609F0CDFE5B
:10EF40005FEA000900D016E0002508E0002105EB8B
:10EF5000850204F1E40000EB820081606D1CD4F8AE
:10EF6000E000A842F2DC42466946384616F06EF8E8
:10EF70004FF0000900BF40216846FBF733FA4846CE
:10EF800068E700003166000000BF00BF002101609B
:10EF90004160704710B5044604B910BD206818B12F
:10EFA000D4E90020916A884708212046FBF71AFA25
:10EFB00000BFF2E70146012901D1CB48704700208C
:10EFC000FCE770B504460D4600BF00BF0DB12068D8
:10EFD00008B1C64870BD686A8047606008B9C44817
:10EFE000F8E725600020F5E770B504460D460CB142
:10EFF000206808B9002070BD2068C168284688478D
:10F00000F9E770B505460C46206808B1002070BDD0
:10F01000284605F055FC060001D1401EF7E73046B2
:10F0200005F0AAFF20600020F1E72DE9FF4383B03F
:10F0300004460D461646DDE90F890E9F00BF00BF4E
:10F0400000BF00BF00BF00BF206820B106A928464E
:10F05000FFF7D7FF18B1A54807B0BDE8F0832068D7
:10F06000006910B9A1488038F6E7CDE90078D4E905
:10F070000010D1F810C032462946069BE047EBE766
:10F080002DE9FE4304460D4616461F46DDE90A8972
:10F0900000203B4632462946CDE9008902902046B1
:10F0A000FFF7C3FFBDE8FE832DE9FC5F04460E4673
:10F0B00015461F46DDE90EABDDE90C8900BF00BF38
:10F0C00000BF00BF00BF00BF286810B98748BDE877
:10F0D000FC9F21462846FFF787FF10B983488038F8
:10F0E000F5E7062C01D18348F1E70EB17F48EEE742
:10F0F0004B46424639462846CDE900ABFFF7C0FFF4
:10F10000E5E72DE9FF4F85B004460D46164612AFE0
:10F1100097E8800F00BF00BF00BF00BF00BF00BF67
:10F12000206820B108A92846FFF76BFF18B16F4887
:10F1300009B0BDE8F08F2068406910B96B4880388D
:10F14000F6E78DE88007D4E90010D1F814C0324604
:10F150002946089BE047EBE72DE9F04F85B00446D0
:10F160000D4616461F46DDE910ABDDE90E8900208D
:10F170003B46324629468DE8000F04902046FFF7B3
:10F18000C0FF05B0BDE8F08F2DE9FF5F04460D46D6
:10F1900016461F46DDE910ABDDE90E8900BF00BF52
:10F1A00000BF00BF00BF00BF00BF00BF206818B98C
:10F1B0004E4804B0BDE8F09F2068806910B94B4804
:10F1C0008038F6E78DE8000FD4E900103B46324660
:10F1D000D1F818C02946E047EBE72DE9FF5F044668
:10F1E0000D4616461F46DDE910ABDDE90E8900BF6E
:10F1F00000BF00BF00BF00BF00BF00BF00BF20684E
:10F2000018B93A4804B0BDE8F09F2068C06910B949
:10F2100036488038F6E78DE8000FD4E900103B4609
:10F220003246D1F81CC02946E047EBE770B50546E9
:10F230000C4600BF00BF00BF00BF286808B12068AF
:10F2400008B92A4870BD2068006A08B92948F9E75A
:10F2500020680078052806D128680078012809D0A0
:10F2600022488038EEE728682168884202D01F488B
:10F270008038E7E76168686823681A6A9047E1E7C1
:10F2800010B504460CB1206808B9002010BDD4E9BF
:10F29000002091688847F9E770B504460D4600BF25
:10F2A00000BF206808B9114870BD2068C06A10B955
:10F2B0000E488038F8E7D4E90010CA6A294690471A
:10F2C0000020F1E7014609B1086808B90AA07047B3
:10F2D00008684068FBE7014609B1086808B90020E2
:10F2E000704708680078FBE744AC020080C1FFFF6C
:10F2F00080C0FFFF80C6FFFF696E76616C69642085
:10F30000504B00000146012901D0062901D10120FE
:10F3100070470020FCE770B504462546284600F0FB
:10F3200042FCC00070BD2DE9F04F85B004460D468B
:10F3300016461F46DDE90EA86FF06D0B0494049885
:10F3400000F031FC8146C84503D2544805B0BDE801
:10F35000F08F00231A461946CDE9026ACDE900571D
:10F36000049801F0E8FA5FEA000B01D05846EDE797
:10F37000C84501D94A48E9E70020E7E72DE9F04F01
:10F3800085B004460D4616461F46DDE910ABDDE9A3
:10F390000E890494049800F006FCC9F800000123CB
:10F3A0005A465146CDE90268CDE90057049801F06C
:10F3B00032FA05B0BDE8F08F2DE9F04F85B0044674
:10F3C0000D4616461F46DDE910ABDDE90E890494B3
:10F3D000049800F0E8FBB04203D0324805B0BDE825
:10F3E000F08F01235A465146CDE90279CDE90085D7
:10F3F000049801F0CEF8F1E72DE9FF5F04460D46D1
:10F4000016461F46DDE910ABDDE90E89039403982B
:10F4100000F0C9FBC8F80000D8F80000484504D93E
:10F420001E48803804B0BDE8F09F00235A4651467C
:10F43000CDE901570096039800F044FFF2E770B55C
:10F4400004460D462946204600F011FC70BD10B55B
:10F45000AC21012015F018F9044624B10022114610
:10F46000204600F08EFB204610BD10B50446204615
:10F4700001F084FA204615F04AF910BD01220A7005
:10F4800009A24A6000F108028A600C3101220A7068
:10F4900007A24A6000F114028A60704780BCFFFF37
:10F4A00000C7FFFF80BFFFFF7273612E4E00000098
:10F4B0007273612E45000000F0B503460C461D46F0
:10F4C00026460020002106E06F5C16F801C087EA9E
:10F4D0000C073843491C9142F6D3F0BD2DE9F047A3
:10F4E00004460D4616461F46DDE908896FF06D0A91
:10F4F00000BF00BF3DB1294604F1080001F036FF0E
:10F500005FEA000A27D13EB1314604F12C0001F038
:10F510002DFF5FEA000A1ED13FB1394604F13800E1
:10F5200001F024FF5FEA000A15D1B8F1000F07D0FF
:10F53000414604F1200001F019FF5FEA000A0AD1F8
:10F54000B9F1000F0BD0494604F1140001F00EFF91
:10F550005FEA000A03D0AAF58140BDE8F08725B133
:10F5600004F1080002F0B6F860600020F5E72DE92C
:10F57000F05F04460E4693461D46DDF83C90DDF8EC
:10F5800034800B9F4FF0000A00BF00BF86B100BF60
:10F590005A46314604F1080004F02AF85FEA000AEE
:10F5A00000D03EE000BF04F1080002F093F8606074
:10F5B0005DB100BF294604F12C000A9A04F018F846
:10F5C0005FEA000A00D02CE000BF5FB100BF3946FF
:10F5D00004F138000C9A04F00BF85FEA000A00D03E
:10F5E0001FE000BFB8F1000F0BD000BF414604F18F
:10F5F00020000E9A03F0FCFF5FEA000A00D010E042
:10F6000000BFB9F1000F0BD000BF494604F1140050
:10F61000109A03F0EDFF5FEA000A00D001E000BF9E
:10F6200000BFBAF1000F03D0AAF58140BDE8F09FFA
:10F630000020FBE770B504460D46164604F10800AD
:10F6400002F048F86168884203D16068B0F5806FC5
:10F6500001D9FC4870BD002104F1080003F0B3FAA1
:10F66000002805DD002104F1080001F0A0FF08B921
:10F67000F448EFE7DDB1002104F12C0003F0A3FA18
:10F68000002812DD002104F12C0001F090FF60B190
:10F69000002104F1380003F096FA002805DD00216E
:10F6A00004F1380001F083FF08B9E648D2E70021F1
:10F6B00004F1140003F087FA002801DCE148C9E7EF
:10F6C0007DB1002104F1440003F07DFA002806DD3D
:10F6D000002104F1500003F076FA002801DCD9483B
:10F6E000B8E745B1002104F15C0003F06CFA002892
:10F6F00001DCD448AEE70020ACE72DE9F04F89B03B
:10F700000446002500BF00BF002104F1080003F0FB
:10F710005AFA08B1012000E000208246002104F1DD
:10F720002C0003F050FA08B1012000E0002006464A
:10F73000002104F1380003F046FA08B1012000E08E
:10F7400000200746002104F1200003F03CFA08B134
:10F75000012000E000208046002104F1140003F0A5
:10F7600032FA08B1012000E000208146002104F1B6
:10F77000440003F028FA08B1012000E000200890BE
:10F78000002104F1500003F01EFA08B1012000E04E
:10F7900000200790002104F15C0003F014FA08B186
:10F7A000012000E00020069046B13FB1B8F1000F03
:10F7B00004D0B9F1000F01D0012000E00020059035
:10F7C000BAF1000F09D046B93FB9B8F1000F04D023
:10F7D000B9F1000F01D0012000E00020049046B1F3
:10F7E0003FB1B8F1000F04D1B9F1000F01D00120F1
:10F7F00000E000200390BAF1000F09D046B93FB9EC
:10F80000B8F1000F04D1B9F1000F01D0012000E0E0
:10F8100000200290059818B9049808B9039808B117
:10F82000012000E000208346BBF1000F05D10298C3
:10F8300018B9844809B0BDE8F08FBAF1000F13D1B0
:10F8400096B18FB104F1380204F12C0104F10800E3
:10F8500003F00DF8050002D0A5F58140EAE704F1B8
:10F86000080001F037FF6060049880B104F13800AF
:10F8700004F12C0304F1200204F11401009030384B
:10F8800001F066F905469DB1A5F58140D2E70398E0
:10F8900070B104F1200304F1140204F1380104F101
:10F8A0002C0001F05EFA050002D0A5F58140C1E709
:10F8B000BBF1000F18D0089818B1079808B1069846
:10F8C00090B904F15C0004F1500104F1440304F127
:10F8D0002002CDE900101839303801F064FC0546EB
:10F8E00015B1A5F58140A5E7012259462046FFF74D
:10F8F000A1FE9FE72DE9FC5F0446884692461D461F
:10F90000DDE90CB6DDF844900F9F0020019000BFA8
:10F9100000BF002104F1080003F055F9C8B100212F
:10F9200004F12C0003F04FF998B1002104F13800E4
:10F9300003F049F968B1002104F1200003F043F914
:10F9400038B1002104F1140003F03DF908B10120A1
:10F9500000E000200090009828B90DB906B917B151
:10F960003848BDE8FC9FB8F1000F0AD000BF5246EE
:10F97000414604F1080003F0B4FE019000B133E009
:10F9800000BF55B100BF5A46294604F12C0003F0D0
:10F99000A8FE019000B127E000BF56B100BF31467C
:10F9A00004F138000E9A03F09CFE019000B11BE0B8
:10F9B00000BF57B100BF394604F12000109A03F090
:10F9C00090FE019000B10FE000BFB9F1000F0AD026
:10F9D00000BF494604F11400129A03F082FE019020
:10F9E00000B101E000BF00BF0198BAE72DE9F05F68
:10F9F00004460F4615461E46DDE90A896FF06D0A7A
:10FA000000BF00BF002104F1080003F0DCF8D8B10A
:10FA1000002104F12C0003F0D6F8A8B1002104F174
:10FA2000380003F0D0F878B1002104F1200003F091
:10FA3000CAF848B1002104F1140003F0C4F818B169
:10FA4000012002E080BFFFFF00208346BBF1000FD2
:10FA500007D11DB916B9B8F1000F02D0FE48BDE8B4
:10FA6000F09F3FB104F10801384601F07FFC5FEAE6
:10FA7000000A27D13DB104F12C01284601F076FCA3
:10FA80005FEA000A1ED13EB104F13801304601F0B0
:10FA90006DFC5FEA000A15D1B8F1000F07D004F140
:10FAA0002001404601F062FC5FEA000A0AD1B9F188
:10FAB000000F09D004F11401484601F057FC5FEA39
:10FAC000000A01D05046CAE70020C8E72DE9F047F8
:10FAD00004460D4616461F466FF06D0800BF00BF76
:10FAE000002104F1080003F06EF8C8B1002104F110
:10FAF0002C0003F068F898B1002104F1380003F0FD
:10FB000062F868B1002104F1200003F05CF838B11C
:10FB1000002104F1140003F056F808B1012000E0C0
:10FB200000208146B9F1000F02D1CB48BDE8F08733
:10FB30003DB104F14401284601F018FC5FEA0008D9
:10FB400011D13EB104F15001304601F00FFC5FEAE3
:10FB5000000808D157B104F15C01384601F006FCF9
:10FB60005FEA000802D0A8F58140DFE70020DDE76A
:10FB700000BF00BF00BF00BFC0F8A410C0F8A8209D
:10FB8000704770B504460D46164600BF00BF00BF63
:10FB900000BFAC21204615F047FB324629462046DF
:10FBA000FFF7E6FF70BD01464868704710B5044690
:10FBB00000BF00BF002211462046FFF73BFD08B101
:10FBC000A64810BD04F1080001F068FD802801D2AC
:10FBD000A248F6E7002104F1140001F0E8FC68B146
:10FBE00004F1140001F05AFD022807D304F10801C2
:10FBF00004F1140002F08DFF002801DB9748E0E7D4
:10FC00000020DEE73EB5044600BF00BF2046FFF7F8
:10FC1000CDFF28B9012211462046FFF70BFD08B1A0
:10FC20008E483EBD002104F11400CDE9000104F12D
:10FC3000200304F13802029104F12C010C3801F088
:10FC4000CFF908B18548ECE704F15C0004F15001FC
:10FC500004F1440304F12002CDE9001018393038D2
:10FC600001F0F9F808B17D48DBE70020D9E770B56D
:10FC700005460C4600BF00BF00BF00BF2846FFF787
:10FC800095FF18B92046FFF7BDFF08B1734870BD56
:10FC900004F1080105F1080002F03BFF30B904F15E
:10FCA000140105F1140002F034FF08B16B48EEE7CF
:10FCB0000020ECE72DE9FF410446884615466FF029
:10FCC0006D0600BF00BF00BF00BF00BF00BF002225
:10FCD00011462046FFF7AEFC18B15F4804B0BDE8FE
:10FCE000F08101A801F0BAFA00BF414601A862689C
:10FCF00003F07EFC060000D026E000BF04F10801FE
:10FD000001A802F006FF002802DB6FF003061BE0EB
:10FD1000676800BF04F1680004F1080304F11402ED
:10FD200001A9009001A803F055FE060000D00BE0E9
:10FD300000BF00BF3A46294601A803F0D2FC0600E6
:10FD400000D001E000BF00BF01A801F08FFA16B19A
:10FD5000A6F58540C2E70020C0E72DE9F843044638
:10FD60000D4616464FF00008A020005970B300BFA2
:10FD700004F18C021146084602F079FD070000D01C
:10FD800074E000BF00BF04F1080204F18C010846D2
:10FD900003F04BFD070000D068E000BF00BF04F196
:10FDA00098021146084602F062FD070000D05DE0AF
:10FDB00000BF00BF04F1080204F19801084603F0F7
:10FDC00034FD070000D051E000BF4FE000BF4046C7
:10FDD00008F101080A2802DD2148BDE8F88300BFC8
:10FDE0006068411E33462A4604F1980004F029F960
:10FDF000070000D03AE000BF00BF04F1080204F1A0
:10FE0000980104F18C0004F060F8070000D02DE0A8
:10FE100000BF012104F18C0002F0D5FE0028D6D1EC
:10FE200000BF04F1080204F1980104F18C0004F011
:10FE30004AF9070000D019E000BF00BF04F16800D4
:10FE400004F1080304F1140204F18C010090243041
:10FE500003F0C0FD070005E080BFFFFF00BEFFFF0D
:10FE600080BBFFFF00D001E000BF00BF3846B4E711
:10FE70002DE9F04FA1B004460D4616461F46DDF8A9
:10FE8000A8A06FF06D0804F1440B04F15000089035
:10FE900000BF00BF00BF00BF00BF00BF0DB1012009
:10FEA00000E00020024601212046FFF7C3FB18B105
:10FEB000FE4821B0BDE8F08F1EA801F0CFF91BA8C5
:10FEC00001F0CCF918A801F0C9F915A801F0C6F99C
:10FED0002DB10CA801F0C2F909A801F0BFF912A8D0
:10FEE00001F0BCF90FA801F0B9F905A801F0B6F9C5
:10FEF00002A801F0B3F900BF39461EA8626803F0FA
:10FF000077FB5FEA000800D036E100BF04F108018A
:10FF10001EA802F0FEFD002802DB6FF003082BE1B3
:10FF200000BF1EA905A801F021FA5FEA000800D071
:10FF300022E100BF002D75D000BF32462946204681
:10FF4000FFF70BFF5FEA000800D015E100BF00BF1C
:10FF500004F18C021EA91EA802F089FC5FEA0008C9
:10FF600000D009E100BF00BF04F108021EA91EA8CD
:10FF700003F05BFC5FEA000800D0FDE000BF00BFBB
:10FF8000012204F12C011BA801F060FD5FEA0008CA
:10FF900000D0F1E000BF00BF012204F1380118A831
:10FFA00001F054FD5FEA000800D0E5E000BF00BFAB
:10FFB00033462A461C2115A804F043F85FEA0008DE
:10FFC00000D0D9E000BF00BF15AA1BA90CA802F001
:10FFD0004EFC5FEA000800D0CEE000BF00BF04F195
:10FFE00044020CA90CA801F051FD5FEA000800D002
:10FFF000C2E000BF0DF1300B00BF33462A461C2182
:020000040001F9
:1000000015A804F01EF85FEA000800D0B4E000BFB5
:1000100000BF15AA18A909A802F029FC5FEA000888
:1000200001D0A9E00EE000BF00BF04F1500209A911
:1000300009A801F02BFD5FEA000800D09CE000BF9A
:1000400009A8089000BF04F1740004F12C035A467B
:100050001EA9009012A803F0BDFC5FEA000800D0C2
:100060008AE000BF00BF04F1800004F13803009073
:100070001EA90FA8089A03F0ADFC5FEA000800D0A3
:100080007AE000BF00BF0FAA12A91EA801F09CFCD5
:100090005FEA000800D06FE000BF00BF04F15C021F
:1000A0001EA912A802F0E3FB5FEA000800D063E09B
:1000B00000BF00BF04F12C0212A91EA803F0B5FB7B
:1000C0005FEA000800D057E000BF00BF04F138022B
:1000D0001EA912A802F0CBFB5FEA000800D04BE09B
:1000E00000BF00BF12AA0FA91EA801F0CFFC5FEA53
:1000F000000800D040E000BFBDB100BF04F198028D
:100100001EA91EA802F0B3FB5FEA000800D033E08E
:1001100000BF00BF04F108021EA91EA803F085FB62
:100120005FEA000800D027E000BF00BF04F16800CC
:1001300004F1080304F114021EA9009002A803F0C0
:1001400049FC5FEA000800D016E000BF05A902A83C
:1001500002F0DFFC10B1DFF858810DE0D4F8049014
:1001600000BF4A4651461EA803F0BBFA5FEA0008EA
:1001700000D001E000BF00BF1BA801F077F818A86D
:1001800001F074F815A801F071F82DB10CA801F078
:100190006DF809A801F06AF81EA801F067F812A826
:1001A00001F064F80FA801F061F802A801F05EF810
:1001B00005A801F05BF8B8F1000F02D0A8F5864061
:1001C00077E6002075E62DE9FF4F81B080461F4697
:1001D000109E0E9D6FF06D0B344600BF00BF00BF38
:1001E00000BF00BF00BF00BF00BF012F06D1D8F87D
:1001F000A40018B12D4805B0BDE8F08FD8F804A0D0
:1002000005F10B00A84201D3824501D22748F2E74D
:10021000AAF10300A0EB0509002004F8010B4FBB75
:10022000029808B92148E6E7022004F8010B1BE018
:100230006420009000BF01222146DDE9023098478A
:100240008346207830B90098401E009002D0BBF160
:10025000000FF0D0009810B1BBF1000F02D0ABF549
:100260008940C8E7641C00BF5FEA0900A9F10109E1
:10027000DED10BE0012004F8010B02E0FF2004F8BE
:10028000010B5FEA0900A9F10109F7D1002004F888
:10029000010B25B12A4620460F9914F0D7FE4FB91D
:1002A000324631464046FFF705FDA4E780BFFFFF19
:1002B00080BCFFFF334600964046DDE90212FFF79F
:1002C000D7FD98E72DE9FE4F04460D4616461F461A
:1002D000DDE90D9ADDF8308000BF00BF00BF00BF30
:1002E00000BF00BF00BF00BFD4F8A40048B93B4620
:1002F0003246294620468DE80007FFF764FFBDE837
:10030000FE8FFE48FBE7014648420843C00F4042CB
:1003100070470246881AC00F70472DE9F041074622
:100320000C4615463846FFF7EEFF064606EA04007F
:1003300025EA06010843BDE8F0812DE9F84F804623
:100340000C46914645460CB9BDE8F88F00271FE0E2
:10035000A4EB09003946FFF7DCFF009000260BE014
:1003600015F806A0701C15F800B05A4651460098C2
:10037000FFF7D3FFA855761C601EB042F0D8295C69
:1003800000220098FFF7C9FFC1B2601E29547F1CEC
:10039000A742DDD300BFD7E72DE9FF4FADF20C4DEB
:1003A00099466FF06D00CDF808044FF0000A002662
:1003B0004FF000084FF0000B00BF00BF00BF00BFB0
:1003C00000BF00BF00BF00BF00BF00BFDDF80C04CE
:1003D0004568A5F10B00DDF84C14884200D201E01D
:1003E000DDF84C040746B9F1010F0AD1DDF80C0421
:1003F000D0F8A40028B1C14880300DF21C4DBDE8F2
:10040000F08F102D02D3B5F5806F02D9BB48803034
:10041000F3E7B9F1000F07D102AADDF84414DDF8C3
:100420000C04FFF747FC08E002A80090DDF8443414
:100430000DF20C4007C8FFF71BFDCDF80804DDF8EE
:10044000080400B19DE09DF808000643B9F1010FD2
:100450001ED19DF8090080F002000643022414E03A
:1004600002A8005D02A9095D4942C9B20843012101
:1004700081EAE01040EA0808C8F10000C0B248EA8A
:10048000000081EAE0108244641CAC42E8D322E020
:100490009DF8090080F001000643022419E002A93A
:1004A000085D01220021FFF738FF40EA080000F054
:1004B000FF08012200214046FFF72FFF824402A8D7
:1004C000005D80F0FF0200214046FFF726FF064353
:1004D000641CAC42E3D3012200214046FFF71DFF1C
:1004E000064351460820FFF714FF0643A5EB0A0018
:1004F000C21E39463046FFF710FF8346394658463C
:10050000FFF707FF019000224FF488410198FFF7A1
:1005100004FF02464FF4824100903046FFF7FDFE93
:100520004042CDF80804019946EA0100FFF7EBFECE
:1005300006460B2405E002A8005DB04302A9085559
:10054000641CAC42F7D35A4639460198FFF7E5FEE2
:100550008346A7EB0B0202A92944C81B3946FFF7C3
:10056000ECFEDDF84C0438B102A82844C11B3A4621
:10057000DDF8480414F06AFDDDF84004C0F800B06E
:1005800000BF4FF4806102A8F9F72CFFDDF80804E2
:1005900033E72DE9FF5F04460D4616461F46DDE9A9
:1005A00010ABDDE90E8900BF00BF00BF00BF00BF78
:1005B00000BF00BF00BF00BF00BFD4F8A40050B907
:1005C0003B463246294620468DE8000FFFF7E4FE01
:1005D00004B0BDE8F09F4948FAE72DE9FC5F80468A
:1005E0000D4692461F46DDF83090002001903E46B1
:1005F0004C460090B8F1000F37D0404604F060F947
:100600008346BBF1000F03D13C488030BDE8FC9F1E
:1006100001AA6946404604F096F810B13748803088
:10062000F4E7584604F0A8FC054605F108000199D6
:100630000844802807D205F10A00A84203D3019993
:100640000144814202D22D488030DFE705F10A00E3
:1006500001990844B04202D928488030D6E705F114
:100660000A0001990844361A05E0AE4202D2234836
:100670008030CBE7761B0B2E02D220488030C5E7B6
:10068000F61E002004F8010B012004F8010BFF22E4
:100690003146204614F09EFD3444002004F8010B3E
:1006A000B8F1000F06D12A465146204614F0CEFC80
:1006B0000020ABE7302004F8010B019808302844F3
:1006C00004F8010B302004F8010B0198001D04F818
:1006D000010B062004F8010B019804F8010B2046D9
:1006E000DDE9001214F0B2FC01980444052004F87E
:1006F000010B002004F8010B042001E000BFFFFF04
:1007000004F8010B04F8015B2A465146204614F018
:100710009DFC2C4409EB0700A04205D03946484611
:10072000F9F760FEFA4871E700206FE72DE9FC5FFA
:100730000446894692461F46DDF830B00F9D6FF0A3
:100740006D00019000264FF0000800BF00BF00BF01
:1007500000BF00BF00BF00BF00BF012F05D1D4F80C
:10076000A40010B1EA48BDE8FC9F009563685846B4
:10077000DDE90D12FFF731FF019008B10198F2E7B2
:100780002FB92A4629462046FFF794FAEBE70120C5
:10079000616813F079FF064616B96FF00F00E2E7C3
:1007A0000120616813F070FF8046B8F1000F05D199
:1007B000304613F0ACFF6FF00F00D4E700BF2B46BC
:1007C0005246494620460096FFF752FB019000B181
:1007D00019E000BF00BF424631462046FFF76AFAE3
:1007E000019000B10FE000BF294640466268FEF765
:1007F00063FE10B1C748019005E0314628466268A3
:1008000014F024FC00BF304613F081FF404613F083
:100810007EFF0198A7E72DE9FF5F04460D461646C7
:100820001F46DDE910ABDDE90E8900BF00BF00BF48
:1008300000BF00BF00BF00BF00BFD4F8A40050B984
:100840003B463246294620468DE8000FFFF76EFFF3
:1008500004B0BDE8F09FAE488038F9E72DE9FF4FBE
:1008600081B007468B469846DDF844904FF0000A69
:100870000025002600BF00BF00BF00BF00BF00BFB3
:1008800000BF00BF7C68B8F1010F06D1D7F8A40003
:1008900018B19F4805B0BDE8F08F2146012013F044
:1008A000F3FE050005D02146012013F0EDFE060001
:1008B00002D16FF00F0A2CE0234600960EA807C85D
:1008C000FFF78BFE5FEA000A00D022E0B8F1000FCC
:1008D00005D12A4649463846FFF7ECF906E04B4673
:1008E000009559463846039AFFF7C2FA8246BAF194
:1008F000000F00D00DE0224631462846FEF7DCFD11
:100900005FEA000A04D0DFF80CA2AAF1800A00E036
:1009100000BF35B121462846F9F764FD284613F09B
:10092000F6FE36B121463046F9F75CFD304613F04D
:10093000EEFE5046AEE72DE9FF5F04460D46164633
:100940001F46DDE910ABDDE90E8900BF00BF00BF27
:1009500000BF00BF00BF00BF00BFD4F8A40050B963
:100960003B463246294620468DE8000FFFF776FFCA
:1009700004B0BDE8F09F66488038F9E710B504463A
:1009800004B910BD04F18C0000F070FC04F1980073
:1009900000F06CFC04F1680000F068FC04F1200039
:1009A00000F064FC04F1380000F060FC04F12C005D
:1009B00000F05CFC04F1140000F058FC04F10800A5
:1009C00000F054FC04F1800000F050FC04F17400CD
:1009D00000F04CFC04F15C0000F048FC04F1500015
:1009E00000F044FC04F1440000F040FC00BFC8E704
:1009F00070B504460D466FF06D0600BF00BF00BF26
:100A000000BF286820606868606000BF05F10801C9
:100A100004F1080000F0AAFC060000D091E000BF3D
:100A200000BF05F1140104F1140000F09FFC060062
:100A300000D086E000BF00BF05F1200104F12000D6
:100A400000F094FC060000D07BE000BF00BF05F181
:100A50002C0104F12C0000F089FC060000D070E0AD
:100A600000BF00BF05F1380104F1380000F07EFC42
:100A7000060000D065E000BF00BF05F1440104F1AD
:100A8000440000F073FC060000D05AE000BF00BF35
:100A900005F1500104F1500000F068FC060000D0A0
:100AA0004FE000BF00BF05F15C0104F15C0000F005
:100AB0005DFC060000D044E000BF00BF05F17401FA
:100AC00004F1740000F052FC060000D039E000BFD1
:100AD00000BF05F1800104F1800000F047FC060032
:100AE00000D02EE000BF00BF05F1680104F16800EE
:100AF00000F03CFC060000D023E000BF00BF05F181
:100B00008C0104F18C0000F031FC060004D018E0E8
:100B100080BFFFFF00BDFFFF00BF00BF05F19801D0
:100B200004F1980000F022FC060000D009E000BFAC
:100B3000D5F8A400C4F8A400D5F8A800C4F8A8000B
:100B400000BF16B12046FFF719FF304670BD000008
:100B50002DE9F04F97B00446884691461D46209EE9
:100B6000002016903822FBA102A814F0F6FA3620D5
:100B7000019025B11EB1A86808B9B06820B16FF026
:100B8000030017B0BDE8F08F0021204602F01BF8EB
:100B9000002817DD0121484602F015F8002811DD74
:100BA0002146484601F0B5FF00280BDA01214046F6
:100BB00002F009F8002805DD2146404601F0A9FFB2
:100BC000002802DB6FF00300DBE710A800F046FB13
:100BD00013A800F043FB00BF4246494613A801F0AA
:100BE00046FE169000B1B4E000BF00BF012213A979
:100BF00013A800F02BFF169000B1AAE000BF13A8C5
:100C000000F022FD1FFA80FABAF1000F03D16FF055
:100C1000030016909DE000BF514613A801F0EFFFBE
:100C2000169000B195E000BF0027A068006800F0B2
:100C30000700012800D1012783E002A8C15D10A8A8
:100C400000F08FFC00BF224610A9284603F03DF9B2
:100C5000169000B17DE000BF0121284601F0B3FFEE
:100C600000B16CE000BF234613AA10A910A800969B
:100C700002F0B0FE169000B16BE000BF4FF0010B28
:100C800053E0012110A801F09EFF00B94FE000BF22
:100C9000012210A910A800F03BFF169000B158E007
:100CA00000BF00BF224610A9284603F00EF9169097
:100CB00000B14EE000BF0121284601F084FF012869
:100CC00011D12146284601F024FF401C0BD100BF62
:100CD0002B4622460021304602F0C8F8169000B19B
:100CE00037E000BF35E000BF012210A910A800F0D6
:100CF000ADFE169000B12CE000BF00BF10AA10A9F5
:100D000010A801F0B4FD169000B122E000BF00BFB2
:100D1000224610A910A802F088FD169000B118E034
:100D200000BF0BF101001FFA80FBD345A9DD00BF16
:100D3000012110A801F047FF00B105E000BF781CB9
:100D400087B2362FFFF479AF00BF6FF00300169023
:100D500000BF10A800F08AFA13A800F087FA1698CE
:100D60000FE72DE9F04186B006460F4614461D46B2
:100D70004FF0000825B10021284601F024FF20B1E2
:100D80006FF0030006B0BDE8F0810121304601F0AC
:100D90001AFF00280ADD0121384601F014FF00285F
:100DA00004DD0021204601F00EFF10B96FF00300B2
:100DB000E8E703A800F052FA684600F04FFA00BFD7
:100DC0000122314603A800F041FE5FEA000800D08E
:100DD00039E000BF00BF01223946684600F036FE08
:100DE0005FEA000800D02EE000BF00BF6A4603A9FA
:100DF000284603F06AF85FEA000800D023E000BF4D
:100E000000BF6A4603A903A801F031FD5FEA0008AC
:100E100000D018E000BF00BF2B4603AA002103A8A2
:100E200002F024F85FEA000800D00CE000BF00BF29
:100E300003AA2146284603F046F95FEA000800D0DD
:100E400001E000BF00BF03A800F010FA684600F000
:100E50000DFA404696E72DE9F04786B004460E4667
:100E600092461F46DDE90E89002503A800F0F6F939
:100E7000684600F0F3F93FB30CB9444D9DE000BF64
:100E80000122214603A800F0E1FD050000D094E016
:100E900000BF00BF52463946684600F095FD050088
:100EA00000D08AE000BF00BF03AA6946684602F08E
:100EB000BCFC050000D080E000BF0021684601F0C6
:100EC00082FE08B1324D78E0B8F1000F27D00EB99C
:100ED0002E4D72E000BF0122314603A800F0B6FD9E
:100EE000050000D069E000BF00BF52464146684699
:100EF00000F06AFD050000D05FE000BF00BF03AA5C
:100F00006946684602F091FC050000D055E000BF3C
:100F10000021684601F057FE08B11D4D4DE0B9F1C2
:100F2000000F49D004B10EB9184D46E000BF32465B
:100F3000494603A801F09BFC050000D03DE000BF3E
:100F400000BF012203A903A800F080FD050021D005
:100F500033E00000020305070B0D1113171D1F25B9
:100F6000292B2F353B3D4347494F53596165676BEB
:100F70006D717F83898B95979DA3A7ADB3B5BFC1D5
:100F8000C5C7D3DFE3E5E9EFF1FB000080BFFFFF5A
:100F900000BEFFFF00BF00BF224603A903A802F066
:100FA00044FC050000D008E000BF002103A801F0C8
:100FB0000AFE08B1A44D00E000BF3DB115F5844F15
:100FC00004D015F5814F01D0A5F5844503A800F0A4
:100FD0004DF9684600F04AF9284606B0BDE8F087AA
:100FE0002DE9F04F87B006460F4614461D46DDE951
:100FF00011ABDDF840804FF0000904A800F02EF995
:1010000001A800F02BF9D7B1CCB1C6B100BF224680
:10101000394604A801F02BFC5FEA000900D0B0E0DB
:1010200000BF0121304601F0CEFD002804DD31462D
:1010300004A801F06EFD10B1DFF80C92A1E0F6B14A
:10104000EDB1B8F1000F1AD00121284601F0BBFD27
:10105000002811DD0121404601F0B5FD00280BDD1F
:101060003146284601F055FD002805DA3146404654
:1010700001F04FFD002802DBDFF8CC9181E0002F6A
:101080007ED0002C7CD0002D7AD0B8F1000F77D024
:101090000121384601F097FD002805DD0121204699
:1010A00001F091FD002802DCDFF89C9169E000BFAF
:1010B0004246294604A801F0DAFB5FEA000900D0A5
:1010C0005FE000BF00BF012204A904A800F0BEFC3D
:1010D0005FEA000900D054E000BF00BF012239469A
:1010E00001A800F0B3FC5FEA000900D049E000BFAE
:1010F00000BF01AA04A904A802F097FB5FEA000957
:1011000000D03EE000BF002104A801F05CFD10B15A
:10111000DFF8349135E000BF4246294604A801F0CB
:10112000A6FB5FEA000900D02BE000BF00BF012250
:1011300004A904A800F08AFC5FEA000900D020E0BE
:1011400000BF00BF0122214601A800F07FFC5FEA3A
:10115000000900D015E000BF00BF01AA04A904A83F
:1011600002F063FB5FEA000901D00AE008E000BF7B
:10117000002104A801F027FD10B1DFF8CC9000E0B9
:1011800000BF04A800F072F801A800F06FF8B9F1F0
:10119000000F04D019F5844F01D0A9F584494846C1
:1011A00007B0BDE8F08F2DE9FE4F0446894616468C
:1011B0001D46DDE90C784FF0000A684600F04EF855
:1011C000ADB100BF01222146684600F03FFC5FEA56
:1011D000000A00D031E000BF00BF6A463146284611
:1011E00002F023FB5FEA000A00D026E000BFAFB1A7
:1011F00000BF01224946684600F028FC5FEA000A69
:1012000000D01AE000BF00BF6A463146384602F0FF
:101210000CFB5FEA000A00D00FE000BFB8F1000F3E
:101220000AD000BF22464946404602F04CFF5FEA22
:10123000000A00D001E000BF00BF684600F016F8C9
:101240005046BDE8FE8F000000BEFFFF70B50546AA
:101250000C46A1002846F9F7C5F870BD00BF00BFD5
:1012600001210160002141608160704710B5044692
:1012700004B910BDA06830B1D4E90110FFF7E6FF52
:10128000A06813F044FA0120206000206060A06094
:1012900000BFEEE770B504460D4600BF00BF42F246
:1012A0001070854202D96FF00F0070BD6068A842CF
:1012B00019D20421284613F0E7F9060002D16FF095
:1012C0000F00F2E7A06860B1606882003046A16854
:1012D00013F043FFD4E90110FFF7B8FFA06813F043
:1012E00016FA6560A6600020DFE72DE9F0410446AC
:1012F0000E4600BF00BF42F21070864203D96FF065
:101300000F00BDE8F0816068B04204D83146204645
:10131000FFF7C0FFF5E76068451E05E0A06850F8DC
:10132000250000B102E06D1E002DF7D100BF6D1C3D
:10133000B54200D235460421284613F0A5F907002E
:1013400002D16FF00F00DCE7A06858B1AA00384660
:10135000A16813F002FFD4E90110FFF777FFA0683E
:1013600013F0D5F96560A7600020CAE72DE9F041C8
:1013700005460E46002700BF00BF00BF00BFB542B4
:1013800002D10020BDE8F081706820B92846FFF73F
:101390006DFF0020F6E77068441E05E0B06850F865
:1013A000240000B102E0641E002CF7D100BF641CD1
:1013B000306828606868A04208D200BF21462846ED
:1013C000FFF768FF070000D00EE007E0AA6802EB15
:1013D00084006A68121B910013F026FFA200B16816
:1013E000A86813F0BAFE00BF3846CBE71EB500BFB1
:1013F00000BF00BF00BF90E81C008DE81C0091E812
:101400001C0080E81C009DE81C0081E81C001EBD3B
:1014100070B5044600200BE051F82050C3F10106DE
:10142000754352F8206006FB035541F82050401CDC
:10143000A042F1D370BD2DE9F04104460E46154699
:101440004FF0000800BF00BF00BF00BF6842C0B23D
:101450002843C51100BF20467168FFF71BFF5FEAF4
:10146000000800D01EE000BFC5F10101206848431C
:10147000316801FB05002060B268A1682B467068E6
:10148000FFF7C6FF776809E0A06850F82700C5F1AC
:1014900001014843A16841F827007F1C6068B842F9
:1014A000F2D800BF4046BDE8F0812DE9F04705467F
:1014B0000E46144600BF00BF00BF00BFB54202D1B8
:1014C0000020BDE8F0876042C0B22043C41100BFD5
:1014D00028467168FFF7DEFE5FEA000A00D03EE0B2
:1014E00000BF00BF30466968FFF7D4FE5FEA000A1C
:1014F00000D034E000BFD5F80080C4F101012868B5
:101500004843316801FB04002860C4F101013068E0
:10151000484308FB0400306000271CE0A86850F82E
:101520002790A86850F82700C4F101014843B1682A
:1015300051F8271001FB0400A96841F82700B068A2
:1015400050F82700C4F10101484309FB0400B168C9
:1015500041F827007F1C6868B842DFD800BF5046BA
:10156000AFE770B504460D466FF06D0600BF00BFD3
:1015700000BF01212046FFF78DFE060000D014E0D9
:1015800000BF62689100A06813F04EFE002D01DAE2
:10159000684200E02846A1680860002D02DA4FF09A
:1015A000FF3000E00120206000BF304670BD0246E1
:1015B00000BF00BF5068B1EB401F01D3002070474F
:1015C0004B09906850F8230001F01F03D84000F049
:1015D0000100F4E72DE9F04704460F4615464FF0A9
:1015E00000097E0907F01F0800BF00BF2DB1012DC3
:1015F00003D06FF00300BDE8F0876068B7EB401FD1
:101600000CD30DB90020F6E700BF711C2046FFF790
:1016100041FE5FEA000900D014E000BFA06850F866
:101620002600012101FA08F18843A16841F826004B
:10163000A06850F8260005FA08F10843A16841F8AF
:10164000260000BF4846D6E710B50246002400BF7A
:1016500000BF00210FE000230AE0906850F821004D
:10166000D84010F0010F01D0204610BD5B1C641C57
:10167000202BF2D3491C50688842ECD80020F4E7B4
:1016800002464FF00041002004E00A4200D003E08F
:101690004908401C2028F8D300BF704770B50546A4
:1016A000686808B9002070BD6868441E05E0A86835
:1016B00050F8240000B102E0641E002CF7D100BFF6
:1016C000A96851F82400FFF7DBFFC0F1200606EB04
:1016D0004410E8E710B504462046FFF7DFFFC01DC1
:1016E000C00810BD0346FF201860302A04DB392AE9
:1016F00002DCA2F130001860412A04DB462A02DC39
:10170000A2F137001860612A04DB662A02DCA2F12C
:10171000570018601868884202D36FF005007047C0
:101720000020FCE72DE9FC5F05468A4691466FF0F4
:101730006D00019000BF00BF00BF00BF00BF00BF31
:101740004D4503D15046AA46814600BF554508D0B5
:1017500000BF51462846FFF709FE019000B160E046
:1017600000BF01202860D9F8048009E0A8F1010039
:10177000D9F8081051F8200000B104E0A8F10108E0
:10178000B8F1000FF2D100BF00BF41462846FFF775
:1017900081FD019000B144E000BFD9F8080000903D
:1017A000AC68002700261BE00098D0F800B0206845
:1017B000384420602068B84201D2012000E00020B7
:1017C00007462068584420602068584501D201200F
:1017D00000E000200744761C0098001D0090241DA6
:1017E0004645E1D31AE06868B0420BD800BF711CCF
:1017F0002846FFF74FFD019000B112E000BFA86836
:1018000000EB86042068384420602068B84201D28A
:10181000012000E000200746761C241D002FE2D1A5
:1018200000BF0198BDE8FC9FF0B503460026304696
:10183000344618E00E68864201D2012600E00026F8
:1018400035460E68361A0E600E681768BE4201D221
:10185000012600E0002670190E681768F61B0E605E
:10186000641C121D091D9C42E4D3F0BD2DE9FE430A
:101870000546884616466FF06D0900BF00BF00BFE1
:1018800000BF00BF00BF6846FFF7E8FCB5420AD1C1
:1018900000BF31466846FFF769FD5FEA000900D0E6
:1018A00044E000BF6E46454509D000BF414628468A
:1018B000FFF75CFD5FEA000900D037E000BF0120C0
:1018C00028604FF00009746806E0601EB16851F8A6
:1018D000200000B102E0641E002CF6D100BFB26807
:1018E0002046A968FFF7A0FF0746F7B107E0A86800
:1018F00050F82400401EA96841F82400641C686860
:10190000A04204D9A86850F824000028EFD06868E5
:10191000A04203D16FF00900BDE8FE83A86850F82B
:101920002400401EA96841F8240000BF6846FFF764
:101930009DFC4846F0E770B503460C4600BF00BF6B
:1019400000BF00BF596806E0481E9D6855F820009A
:1019500000B102E0491E0029F6D100BF626806E02E
:10196000501EA56855F8200000B102E0521E002A62
:10197000F6D100BF11B90AB9002070BD914201D95A
:101980000120FAE78A4202D94FF0FF30F5E717E06D
:10199000481E9D6855F82050A66856F820008542DC
:1019A00001D90120E9E7481E9D6855F82050A66836
:1019B00056F82000854202D24FF0FF30DDE7491E85
:1019C0000029E5D10020D8E72DE9F04105460C4675
:1019D000174600BF00BF00BF00BF00BF00BF2668A2
:1019E000206839684843002820DD39462046FFF743
:1019F000A2FF00280CDB00BF3A4621462846FFF72D
:101A000035FF5FEA000800D01DE000BF2E6019E03E
:101A100000BF224639462846FFF728FF5FEA000844
:101A200000D010E000BF704228600BE000BF3A46D3
:101A300021462846FFF776FE5FEA000800D002E064
:101A400000BF2E6000BF4046BDE8F0817FB505466F
:101A50000E46144600BF00BF00BF00BF002C01DAD5
:101A6000604200E020460090002C02DA4FF0FF3088
:101A700000E00120019001200290CDF80CD001AAD5
:101A800031462846FFF7A0FF04B070BD2DE9F041B4
:101A900005460C46174600BF00BF00BF00BF00BF91
:101AA00000BF2668206839684843002820DA394694
:101AB0002046FFF740FF00280CDB00BF3A462146D6
:101AC0002846FFF7D3FE5FEA000800D01DE000BF04
:101AD0002E6019E000BF224639462846FFF7C6FEB1
:101AE0005FEA000800D010E000BF704228600BE001
:101AF00000BF3A4621462846FFF714FE5FEA000879
:101B000000D002E000BF2E6000BF4046BDE8F0817B
:101B10007FB505460E46144600BF00BF00BF00BF9C
:101B2000002C01DA604200E020460090002C02DA2E
:101B30004FF0FF3000E00120019001200290CDF82D
:101B40000CD001AA31462846FFF7A0FF04B070BDB3
:101B50002DE9F84F07460C469C46002600200090D1
:101B6000EFE31FFA8CFA4FEA1C4BD4F800E01FFA9F
:101B70008EF8D4F800E04FEA1E49241D08FB0BF351
:101B800008FB0AF009FB0AF509FB0BF101EB134115
:101B900001EB15411B042D041844984202D24FF06A
:101BA000010E01E04FF0000E71442844A84202D219
:101BB0004FF0010E01E04FF0000E71443044B0428E
:101BC00002D24FF0010E01E04FF0000E7144D2F846
:101BD00000E07044D2F800E0864502D94FF0010ED3
:101BE00001E04FF0000E71440E4601C2D4F800E04F
:101BF0001FFA8EF8D4F800E04FEA1E49241D08FBB6
:101C00000BF308FB0AF009FB0AF509FB0BF101EBEA
:101C1000134101EB15411B042D041844984202D2D4
:101C20004FF0010E01E04FF0000E71442844A8422D
:101C300002D24FF0010E01E04FF0000E714430442B
:101C4000B04202D24FF0010E01E04FF0000E71449D
:101C5000D2F800E07044D2F800E0864502D94FF097
:101C6000010E01E04FF0000E71440E4601C2D4F89F
:101C700000E01FFA8EF8D4F800E04FEA1E49241D58
:101C800008FB0BF308FB0AF009FB0AF509FB0BF153
:101C900001EB134101EB15411B042D04184498423C
:101CA00002D24FF0010E01E04FF0000E71442844C3
:101CB000A84202D24FF0010E01E04FF0000E714435
:101CC0003044B04202D24FF0010E01E04FF0000E5E
:101CD0007144D2F800E07044D2F800E0864502D9A1
:101CE0004FF0010E01E04FF0000E71440E4601C2AC
:101CF000D4F800E01FFA8EF8D4F800E04FEA1E494D
:101D0000241D08FB0BF308FB0AF009FB0AF509FB8D
:101D10000BF101EB134101EB15411B042D04184499
:101D2000984202D24FF0010E01E04FF0000E7144D4
:101D30002844A84202D24FF0010E01E04FF0000EFD
:101D400071443044B04202D24FF0010E01E04FF036
:101D5000000E7144D2F800E07044D2F800E08645ED
:101D600002D94FF0010E01E04FF0000E71440E4613
:101D700001C2D4F800E01FFA8EF8D4F800E04FEA70
:101D80001E49241D08FB0BF308FB0AF009FB0AF5AA
:101D900009FB0BF101EB134101EB15411B042D0471
:101DA0001844984202D24FF0010E01E04FF0000EAD
:101DB00071442844A84202D24FF0010E01E04FF0D6
:101DC000000E71443044B04202D24FF0010E01E0E7
:101DD0004FF0000E7144D2F800E07044D2F800E0F9
:101DE000864502D94FF0010E01E04FF0000E71441C
:101DF0000E4601C2D4F800E01FFA8EF8D4F800E0D5
:101E00004FEA1E49241D08FB0BF308FB0AF009FBEF
:101E10000AF509FB0BF101EB134101EB15411B0422
:101E20002D041844984202D24FF0010E01E04FF009
:101E3000000E71442844A84202D24FF0010E01E086
:101E40004FF0000E71443044B04202D24FF0010E08
:101E500001E04FF0000E7144D2F800E07044D2F877
:101E600000E0864502D94FF0010E01E04FF0000E70
:101E700071440E4601C2D4F800E01FFA8EF8D4F87F
:101E800000E04FEA1E49241D08FB0BF308FB0AF093
:101E900009FB0AF509FB0BF101EB134101EB1541BD
:101EA0001B042D041844984202D24FF0010E01E0A9
:101EB0004FF0000E71442844A84202D24FF0010EA8
:101EC00001E04FF0000E71443044B04202D24FF0B6
:101ED000010E01E04FF0000E7144D2F800E07044B2
:101EE000D2F800E0864502D94FF0010E01E04FF034
:101EF000000E71440E4601C2D4F800E01FFA8EF8BD
:101F0000D4F800E04FEA1E49241D08FB0BF308FB40
:101F10000AF009FB0AF509FB0BF101EB134101EB98
:101F200015411B042D041844984202D24FF0010EB3
:101F300001E04FF0000E71442844A84202D24FF055
:101F4000010E01E04FF0000E71443044B04202D265
:101F50004FF0010E01E04FF0000E7144D2F800E0A6
:101F60007044D2F800E0864502D94FF0010E01E03E
:101F70004FF0000E71440E4601C2D4F800E01FFA83
:101F80008EF8D4F800E04FEA1E49241D08FB0BF33D
:101F900008FB0AF009FB0AF509FB0BF101EB134101
:101FA00001EB15411B042D041844984202D24FF056
:101FB000010E01E04FF0000E71442844A84202D205
:101FC0004FF0010E01E04FF0000E71443044B0427A
:101FD00002D24FF0010E01E04FF0000E7144D2F832
:101FE00000E07044D2F800E0864502D94FF0010EBF
:101FF00001E04FF0000E71440E4601C2D4F800E03B
:102000001FFA8EF8D4F800E04FEA1E49241D08FBA1
:102010000BF308FB0AF009FB0AF509FB0BF101EBD6
:10202000134101EB15411B042D041844984202D2C0
:102030004FF0010E01E04FF0000E71442844A84219
:1020400002D24FF0010E01E04FF0000E7144304417
:10205000B04202D24FF0010E01E04FF0000E714489
:10206000D2F800E07044D2F800E0864502D94FF083
:10207000010E01E04FF0000E71440E4601C2D4F88B
:1020800000E01FFA8EF8D4F800E04FEA1E49241D44
:1020900008FB0BF308FB0AF009FB0AF509FB0BF13F
:1020A00001EB134101EB15411B042D041844984228
:1020B00002D24FF0010E01E04FF0000E71442844AF
:1020C000A84202D24FF0010E01E04FF0000E714421
:1020D0003044B04202D24FF0010E01E04FF0000E4A
:1020E0007144D2F800E07044D2F800E0864502D98D
:1020F0004FF0010E01E04FF0000E71440E4601C298
:10210000D4F800E01FFA8EF8D4F800E04FEA1E4938
:10211000241D08FB0BF308FB0AF009FB0AF509FB79
:102120000BF101EB134101EB15411B042D04184485
:10213000984202D24FF0010E01E04FF0000E7144C0
:102140002844A84202D24FF0010E01E04FF0000EE9
:1021500071443044B04202D24FF0010E01E04FF022
:10216000000E7144D2F800E07044D2F800E08645D9
:1021700002D94FF0010E01E04FF0000E71440E46FF
:1021800001C2D4F800E01FFA8EF8D4F800E04FEA5C
:102190001E49241D08FB0BF308FB0AF009FB0AF596
:1021A00009FB0BF101EB134101EB15411B042D045D
:1021B0001844984202D24FF0010E01E04FF0000E99
:1021C00071442844A84202D24FF0010E01E04FF0C2
:1021D000000E71443044B04202D24FF0010E01E0D3
:1021E0004FF0000E7144D2F800E07044D2F800E0E5
:1021F000864502D94FF0010E01E04FF0000E714408
:102200000E4601C2D4F800E01FFA8EF8D4F800E0C0
:102210004FEA1E49241D08FB0BF308FB0AF009FBDB
:102220000AF509FB0BF101EB134101EB15411B040E
:102230002D041844984202D24FF0010E01E04FF0F5
:10224000000E71442844A84202D24FF0010E01E072
:102250004FF0000E71443044B04202D24FF0010EF4
:1022600001E04FF0000E7144D2F800E07044D2F863
:1022700000E0864502D94FF0010E01E04FF0000E5C
:1022800071440E4601C2D4F800E01FFA8EF8D4F86B
:1022900000E04FEA1E49241D08FB0BF308FB0AF07F
:1022A00009FB0AF509FB0BF101EB134101EB1541A9
:1022B0001B042D041844984202D24FF0010E01E095
:1022C0004FF0000E71442844A84202D24FF0010E94
:1022D00001E04FF0000E71443044B04202D24FF0A2
:1022E000010E01E04FF0000E7144D2F800E070449E
:1022F000D2F800E0864502D94FF0010E01E04FF020
:10230000000E71440E4601C2D4F800E01FFA8EF8A8
:10231000D4F800E04FEA1E49241D08FB0BF308FB2C
:102320000AF009FB0AF509FB0BF101EB134101EB84
:1023300015411B042D041844984203D24FF0010E9E
:1023400002E024E04FF0000E71442844A84202D27B
:102350004FF0010E01E04FF0000E71443044B042E6
:1023600002D24FF0010E01E04FF0000E7144D2F89E
:1023700000E07044D2F800E0864502D94FF0010E2B
:1023800001E04FF0000E71440E4601C2103F102FC5
:10239000BFF4E7AB0CE21FFA8CFA4FEA1C4BD4F8FF
:1023A00000E01FFA8EF8D4F800E04FEA1E49241D21
:1023B00008FB0BF308FB0AF009FB0AF509FB0BF11C
:1023C00001EB134101EB15411B042D041844984205
:1023D00002D24FF0010E01E04FF0000E714428448C
:1023E000A84202D24FF0010E01E04FF0000E7144FE
:1023F0003044B04202D24FF0010E01E04FF0000E27
:102400007144D2F800E07044D2F800E0864502D969
:102410004FF0010E01E04FF0000E71440E4601C274
:10242000D4F800E01FFA8EF8D4F800E04FEA1E4915
:10243000241D08FB0BF308FB0AF009FB0AF509FB56
:102440000BF101EB134101EB15411B042D04184462
:10245000984202D24FF0010E01E04FF0000E71449D
:102460002844A84202D24FF0010E01E04FF0000EC6
:1024700071443044B04202D24FF0010E01E04FF0FF
:10248000000E7144D2F800E07044D2F800E08645B6
:1024900002D94FF0010E01E04FF0000E71440E46DC
:1024A00001C2D4F800E01FFA8EF8D4F800E04FEA39
:1024B0001E49241D08FB0BF308FB0AF009FB0AF573
:1024C00009FB0BF101EB134101EB15411B042D043A
:1024D0001844984202D24FF0010E01E04FF0000E76
:1024E00071442844A84202D24FF0010E01E04FF09F
:1024F000000E71443044B04202D24FF0010E01E0B0
:102500004FF0000E7144D2F800E07044D2F800E0C1
:10251000864502D94FF0010E01E04FF0000E7144E4
:102520000E4601C2D4F800E01FFA8EF8D4F800E09D
:102530004FEA1E49241D08FB0BF308FB0AF009FBB8
:102540000AF509FB0BF101EB134101EB15411B04EB
:102550002D041844984202D24FF0010E01E04FF0D2
:10256000000E71442844A84202D24FF0010E01E04F
:102570004FF0000E71443044B04202D24FF0010ED1
:1025800001E04FF0000E7144D2F800E07044D2F840
:1025900000E0864502D94FF0010E01E04FF0000E39
:1025A00071440E4601C2D4F800E01FFA8EF8D4F848
:1025B00000E04FEA1E49241D08FB0BF308FB0AF05C
:1025C00009FB0AF509FB0BF101EB134101EB154186
:1025D0001B042D041844984202D24FF0010E01E072
:1025E0004FF0000E71442844A84202D24FF0010E71
:1025F00001E04FF0000E71443044B04202D24FF07F
:10260000010E01E04FF0000E7144D2F800E070447A
:10261000D2F800E0864502D94FF0010E01E04FF0FC
:10262000000E71440E4601C2D4F800E01FFA8EF885
:10263000D4F800E04FEA1E49241D08FB0BF308FB09
:102640000AF009FB0AF509FB0BF101EB134101EB61
:1026500015411B042D041844984202D24FF0010E7C
:1026600001E04FF0000E71442844A84202D24FF01E
:10267000010E01E04FF0000E71443044B04202D22E
:102680004FF0010E01E04FF0000E7144D2F800E06F
:102690007044D2F800E0864502D94FF0010E01E007
:1026A0004FF0000E71440E4601C2D4F800E01FFA4C
:1026B0008EF8D4F800E04FEA1E49241D08FB0BF306
:1026C00008FB0AF009FB0AF509FB0BF101EB1341CA
:1026D00001EB15411B042D041844984202D24FF01F
:1026E000010E01E04FF0000E71442844A84202D2CE
:1026F0004FF0010E01E04FF0000E71443044B04243
:1027000002D24FF0010E01E04FF0000E7144D2F8FA
:1027100000E07044D2F800E0864502D94FF0010E87
:1027200001E04FF0000E71440E4601C2D4F800E003
:102730001FFA8EF8D4F800E04FEA1E49241D08FB6A
:102740000BF308FB0AF009FB0AF509FB0BF101EB9F
:10275000134101EB15411B042D041844984202D289
:102760004FF0010E01E04FF0000E71442844A842E2
:1027700002D24FF0010E01E04FF0000E71443044E0
:10278000B04202D24FF0010E01E04FF0000E714452
:10279000D2F800E07044D2F800E0864502D94FF04C
:1027A000010E01E04FF0000E71440E4601C2083FD9
:1027B000082FBFF4F0AD45E01FFA8CFA4FEA1C4B2E
:1027C000D4F800E01FFA8EF8D4F800E04FEA1E4972
:1027D000241D08FB0BF308FB0AF009FB0AF509FBB3
:1027E0000BF101EB134101EB15411B042D041844BF
:1027F000984202D24FF0010E01E04FF0000E7144FA
:102800002844A84202D24FF0010E01E04FF0000E22
:1028100071443044B04202D24FF0010E01E04FF05B
:10282000000E7144D2F800E07044D2F800E0864512
:1028300002D94FF0010E01E04FF0000E71440E4638
:1028400001C27F1E002FB7D10098401C009000BF2E
:102850001068304410601068B04201D2012000E0DE
:1028600000200646121D002EF2D1BDE8F88F2DE99A
:10287000F04387B080460E4615466FF06D0900BFE5
:1028800000BF00BF00BF00BF00BF04A8FEF7E6FC0A
:1028900001A8FEF7E3FCB0450AD100BF314604A809
:1028A000FEF764FD5FEA000900D052E000BF04AE0D
:1028B000A8450AD100BF294601A8FEF757FD5FEAE7
:1028C000000900D045E000BF01AD776806E0781E42
:1028D000B16851F8200000B102E07F1E002FF6D150
:1028E00000BF6C6806E0601EA96851F8200000B1C6
:1028F00002E0641E002CF6D100BF00BF391940462B
:10290000FEF7C8FC5FEA000900D022E000BF00BF6C
:1029100000214046FEF725FE5FEA000900D018E0DE
:1029200000BF0EE0601ED5F808C05CF82030D8F873
:10293000080000EB8400021F3846B168FFF708F971
:10294000641E002CEED1306829684843C8F80000A6
:1029500000BF01A8FEF78AFC04A8FEF787FC4846E2
:1029600007B0BDE8F0837FB505460E46144600BFAC
:1029700000BF00BF00BF012001900290CDF80CD035
:10298000009401AA31462846FFF771FF04B070BDDC
:102990002DE9FF5F0546884617466FF06D0B00BFB7
:1029A00000BF00BF00BFB8F1020F02DBB8F1100F8B
:1029B00004DD6FF0030004B0BDE8F09F6846FEF749
:1029C0004DFC384612F0CCFA0646B8F1100F53D140
:1029D000B6F1804F02D36FF00300ECE71F2010EA3E
:1029E000860F01D0012000E00020C6F3DA0100EBE1
:1029F000010A00BF51462846FEF74CFC5FEA000B77
:102A000000D081E000BF00BF00212846FEF7A9FDED
:102A10005FEA000B00D077E000BF34464FF00009BA
:102A200027E0012C06D1601E385C2D2802D1A01EA3
:102A3000286020E000BF601E3A5C414603A8FEF714
:102A400051FE5FEA000B00D05EE000BF4FEAD90103
:102A5000A86850F821004FEA4971CA0E03999140C5
:102A600008434FEAD902A96841F82200641E09F11F
:102A70000109002CD5D146E000BF00212846FEF711
:102A800070FD5FEA000B00D03EE000BF002438E09C
:102A900034B9385D2D2803D14FF0FF3028602FE086
:102AA00000BF3A5D414603A8FEF71CFE5FEA000B3B
:102AB00000D029E000BF00BF424629466846FFF724
:102AC00052FF5FEA000B00D01EE000BF286801281B
:102AD0000AD100BF69462846039AFFF719F85FEA52
:102AE000000B00D010E00AE000BF69462846039AB8
:102AF000FEF7ACFF5FEA000B00D005E000BF00BFAF
:102B0000641CB442C4D300BF6846FEF7AFFB58460E
:102B100051E770B502460B4600BF00BF00BF00BFC3
:102B2000516806E0481E956855F8200000B102E0A3
:102B3000491E0029F6D100BF5C6806E0601E9D6852
:102B400055F8200000B102E0641E002CF6D100BF51
:102B500011B90CB9002070BDA14201D91068FAE783
:102B60008C4202D918684042F5E71068002804DD5D
:102B70001868002801DA0120EDE71868002805DD53
:102B80001068002802DA4FF0FF30E4E717E0481E33
:102B9000956855F820509E6856F82000854201D966
:102BA0001068D8E7481E956855F820509E6856F87A
:102BB0002000854202D210684042CCE7491E00291D
:102BC000E5D10020C7E73FB505460C4600BF00BF72
:102BD000002C01DA604200E020460090002C02DA6E
:102BE0004FF0FF3000E00120019001200290CDF86D
:102BF0000CD001A92846FFF78CFF04B030BD2DE9A9
:102C0000F047054688464FF0000A00BF00BF4FEA74
:102C1000581608F01F076868B04203D36868B042CE
:102C200006D12FB100212846FEF79BFCBDE8F087B6
:102C3000B6B1002407E0A119A86850F82100A968DE
:102C400041F82400641C6868801BA042F3D804E0AB
:102C50000020A96841F82400641C6868A042F7D8E5
:102C600007B36C681CE0601EA96851F82000C7F12A
:102C7000200100FA01F9601EA96851F82000F8400F
:102C80000A46611E42F82100601EA96851F8200022
:102C900040EA0A000A46611E42F82100CA46641E44
:102CA000002CE0D10020C1E72DE9F05F05460F467A
:102CB0006FF06D0A4FF0000B00BF00BF7E0907F0F8
:102CC0001F082846FEF7EAFCC4196868B4EB401FE9
:102CD00010D900BF14F01F0F01D0012000E0002028
:102CE00000EB54112846FEF7D5FA5FEA000A00D03F
:102CF0003CE000BF4FF0000AB6B16C6809E0A01BD1
:102D0000401EA96851F82010601EAA6842F82010E1
:102D1000641EB442F3D805E00021601EAA6842F8A0
:102D20002010641E002CF7D1B8F1000F1DD03446DE
:102D300018E0A86850F82400C8F1200120FA01F931
:102D4000A86850F8240000FA08F0A96841F82400A7
:102D5000A86850F8240040EA0B00A96841F8240054
:102D6000CB46641C6868A042E3D800BF5046BDE86B
:102D7000F09F2DE9FF4F87B005468B4614464FF470
:102D800080300690401E05900CB1A5420AD30A98E7
:102D900018B14FF0FF310A9801604FF0FF300BB0CF
:102DA000BDE8F08F2046FEF76BFC0746BC40BD40F7
:102DB000C7F120002BFA00F1784201EAE0700543E8
:102DC0000BFA07FB4FEA1448A0B204904FEA1B40ED
:102DD00001901FFA8BF00090B5FBF8F608FB165A2D
:102DE00005E0761EC244BAF5803F00D30BE0B6F58D
:102DF000803FF6D2049870434FF48032019902FB71
:102E00000A118842EDD800BF019806FB140000EBC0
:102E1000054003900398B0FBF8F9039809FB180AE2
:102E200006E0A9F10109C244BAF5803F00D30CE0E5
:102E3000B9F5803FF5D2049809FB00F04FF48032D9
:102E4000009902FB0A118842EBD800BF0A9840B1F2
:102E50000099039801EB004009FB1400F8400A991F
:102E6000086009EB06400290029898E72DE9F04FC0
:102E700093B08146884616469A466FF06D001290D0
:102E800000BF00BF00BF00BF00215046FFF79BFE00
:102E900020B96FF00B0013B0BDE8F08F0FA8FEF75C
:102EA000DDF90CA8FEF7DAF909A8FEF7D7F906A8AC
:102EB000FEF7D4F90120039003200490CDF814D03C
:102EC00051463046FEF737FD002819DAB9F1000FF8
:102ED00008D000BF00214846FEF743FB129000B126
:102EE00095E100BFB8F1000F08D000BF3146404661
:102EF000FEF73CFA129000B189E100BF0020CAE75A
:102F000000BF31460FA8FEF731FA129000B17EE102
:102F100000BF00BF51460CA8FEF728FA129000B17E
:102F200075E100BF01200C900F9000BF7068811CFC
:102F300009A8FEF7AFF9129000B168E100BF00BF29
:102F4000002109A8FEF70DFB129000B15FE100BF60
:102F500000BF022106A8FEF79DF9129000B156E1CC
:102F600000BF0CA8FEF79AFB00F01F0BBBF11F0F70
:102F700013D2CBF11F0B00BF59460FA8FFF794FEE9
:102F8000129000B143E100BF00BF59460CA8FFF703
:102F90008BFE129000B13AE101E04FF0000B109867
:102FA000471E0D98451E00BF781B41010CA8FFF776
:102FB0007BFE129000B12AE100BF12E0791B0B9852
:102FC00050F82100401C7A1B0B9941F8220000BFE9
:102FD0000CAA0FA90FA8FEF7F7FC129000B116E19A
:102FE00000BF0CA90FA8FFF794FD0028E6DA00BF88
:102FF000781B41010CA8FFF702FE129000B106E118
:1030000000BF3C46CEE0119850F824000E9951F8CC
:103010002510884207D34FF0FF31601B401E0B9AEA
:1030200042F8201011E00E9B53F82520631EDDF8B6
:1030300044C05CF823105CF824000023FFF799FEDD
:10304000611B491E0B9A42F82100022C01D200207C
:1030500003E0A01E119951F82000059908600CB9F1
:10306000002003E0601E119951F820000599486086
:10307000119850F8240005998860601B401E0B9938
:1030800051F82000401C0A46611B491E42F82100ED
:1030900000BF601B401E0B9951F82000401E0A46DD
:1030A000611B491E42F8210000BF002106A8FEF75F
:1030B00058FA129000B1AAE000BF0DB9002003E059
:1030C000681E0E9951F82000089908600E9850F873
:1030D00025000899486000BF601B401E0B9951F8FD
:1030E000202006A906A8FFF73EFC129000B18EE052
:1030F00000BF03A906A8FFF70CFD0028C9DC00BF2C
:10310000601B401E0B9951F820200CA906A8FFF760
:103110002AFC129000B17AE000BF00BF601B401E85
:10312000410106A8FFF7C0FD129000B16FE000BF9B
:1031300000BF06AA0FA90FA8FEF746FC129000B127
:1031400065E000BF00210FA8FFF73DFD002828DA49
:1031500000BF0CA906A8FEF709F9129000B156E0CD
:1031600000BF00BF601B401E410106A8FFF79CFD89
:10317000129000B14BE000BF00BF06AA0FA90FA834
:10318000FEF784FC129000B141E000BF601B401EBE
:103190000B9951F82000401E0A46611B491E42F857
:1031A0002100641EAC423FF62EAFB9F1000F0ED0E5
:1031B00000BF09A94846FEF7D9F8129000B126E0F1
:1031C00000BF3068DAF800104843C9F80000B8F1D1
:1031D000000F1BD000BF59460FA8FFF710FD12903B
:1031E00000B114E000BF30680F9000BF0FA9404647
:1031F000FEF7BCF8129000B109E000BF0021404684
:10320000FFF7E1FC10B90120C8F8000000BF0FA8CB
:10321000FEF72CF80CA8FEF729F809A8FEF726F807
:1032200006A8FEF723F80C216846F7F7DBF812989A
:1032300031E62DE9FF4105460E4617461C4600BF04
:1032400000BF002C01DA604200E020460090002C14
:1032500002DA4FF0FF3000E00120019001200290DF
:10326000CDF80CD001AB3A4631462846FFF7FEFDBB
:1032700004B0BDE8F081F0B504460B4600BF00BFC6
:1032800000BF00BF12B96FF00B00F0BD002A02DAD8
:103290006FF00900F9E7012A02D100202060F4E76D
:1032A000022A06D19868006800F001002060002022
:1032B000EBE75D68002114E0681ED3F808C05CF8F5
:1032C0002060080440EA1641B1FBF2F707FB121137
:1032D0003604080440EA1641B1FBF2F707FB12116D
:1032E0006D1E002DE8D11868002801DA01B1511ACD
:1032F00021600020C9E72DE9F84F06460F46144625
:1033000098466FF06D0A0025206800EB080900BFA1
:10331000454503D36FF00700BDE8F88F00BF3A467C
:1033200031466846FFF7A7FF5FEA000A00D02EE0AB
:1033300000BF00BF3B46324600213046FFF779FF11
:103340005FEA000A00D022E000BF00980A2807D2F6
:1033500000983030C1B2A9F101008146017006E049
:1033600000983730C1B2A9F10100814601706D1C8F
:1033700000213046FFF727FC0028C9D12A464946DC
:10338000206811F0A8FE20682844206000BF504645
:10339000C2E72DE9FF5F06460D4617469846DDF861
:1033A00038904FF0000A00BF00BF00BF00BF00BF51
:1033B00000BF022D01DB102D04DD6FF0030004B00F
:1033C000BDE8F09F3046FEF769F90446042D00DBA6
:1033D0006408102D00DB6408641C641C641C04F089
:1033E00001000444A04504D2C9F800406FF0070072
:1033F000E5E703976846FDF731FF3068401C08D1C8
:103400002D20039908700398401C0390A8F1010037
:103410008046102D4ED171684FF0000C47E0042219
:1034200042E04B1ED6F808B05BF82330A2F1010B46
:103430004FEACB0B23FA0BF3D8B230B9BCF1000F33
:1034400003D18B18022B00D02DE003464FEAE07B1E
:1034500000EB1B7B4FEA2B1B0FF6A47E1EF80BB074
:10346000DDF80CE08EF800B0DDF80CB00BF1010BCC
:10347000CDF80CB04FEAE07B00EB1B7B4FEA2B1B37
:10348000A0EB0B1B0FF6787E1EF80BB0DDF80CE0FE
:103490008EF800B0DDF80CB00BF1010BCDF80CB0DC
:1034A0004FF0010C00BF521E002ABAD1491E00295C
:1034B000B5D11AE000BF31466846FDF757FF5FEA15
:1034C000000A00D01CE000BF0098401C01D1012080
:1034D000009000BF434603AA29466846FFF70BFF4A
:1034E0005FEA000A00D00BE000BF002003990870DB
:1034F0000398401C03900398C01BC9F8000000BF4C
:103500006846FDF7B3FE504659E701B5002000229A
:10351000694605E000020B781843531CDAB2491CD7
:10352000042AF7D308BD10B504462046FFF7EDFF87
:1035300010BD2DE9F04106460F460FB9BDE8F081F8
:103540003446781E06EB80050BE02068FFF7EBFFA2
:1035500080462868FFF7E7FF2060C5F80080241D3B
:103560002D1FAC42F1D900BFE8E72DE9F047054631
:10357000884616466FF06D0916F0030F01D0012042
:1035800000E0002000EB96076868B8420FD028469C
:10359000FDF76CFE2846FDF761FE00BF3946284660
:1035A000FDF778FE5FEA000900D01EE000BF00BF13
:1035B00000212846FDF7D5FF5FEA000900D014E09E
:1035C00000BF00240EE0A108A86850F8210018F8F8
:1035D0000410A207D20E91400843A208A96841F83E
:1035E0002200641CB442EED300BF4846BDE8F08719
:1035F0002DE9F04705460F4616466FF06D0A16F0A6
:10360000030F01D0012000E0002000EB9604C6EB80
:10361000840800BF00BF00BF00BF6868A0420FD091
:103620002846FDF723FE2846FDF718FE00BF214679
:103630002846FDF72FFE5FEA000A00D018E000BF21
:1036400000BF00212846FDF78CFF5FEA000A00D08A
:103650000EE000BF5FB1D5F8089009EB08003246D4
:10366000394611F0F3FC2146A868FFF762FF00BF5E
:103670005046BDE8F0872DE9F047074689461546D4
:1036800078688600AE4201D2B04613E0A8464446B0
:103690000EE0A108B86850F82100A107C90EC84083
:1036A00010F0FF0F03D06FF00700BDE8F087641C37
:1036B000B442EED3002409E0A108B86850F8210014
:1036C000A107C90EC84009F80400641C4445F3D39F
:1036D000AE4204D2A91B09EB060011F083FD0020C5
:1036E000E3E72DE9F04780468946164600BF00BF54
:1036F00000BF00BFD8F804008700B74209D23D469A
:1037000009EB0600A0EB050A711B484611F06AFDA3
:1037100015E03546CA462C460FE0A108D8F8080047
:1037200050F82100A107C90EC84010F0FF0F03D0C8
:103730006FF00700BDE8F087641CBC42EDD30024A5
:103740000DE0A108D8F8080050F82100A107C90E23
:10375000C840C1B2281B401E0AF80010641CAC42CD
:10376000EFD30020E6E710B5024682EA0103541ABF
:1037700024EA030001EA03042043C00F10BD2DE931
:10378000F05F07468946904600BF00BF00BF00BFFC
:1037900000BF00BF7868D9F80410884203D06FF0EA
:1037A0000300BDE8F09F3868C0F3400AD9F8000074
:1037B000C0F3400B8AEA0B0505EA0A00C8F80000CE
:1037C0002E467C682DE0621EBB6853F82210D9F8A3
:1037D000083053F82200FFF7C6FF0546C6F1010086
:1037E000284000EA0A00D8F800100143C8F8001089
:1037F0002E43621ED9F8083053F82210BB6853F8E4
:103800002200FFF7B0FF0546C6F101002840CAF1CB
:1038100001010840D8F800100843C8F800002E4302
:10382000641E002CCFD10020BBE72DE9F0410546F6
:103830000E4614466FF06D0700BF00BF00BF00BF0B
:1038400000BF00BF00212046FFF7BDF9002803DAC2
:103850006FF00900BDE8F08100BF234632462946DB
:103860000020FFF703FB070000D023E000BF09E0C2
:1038700000BF224629462846FEF708F9070000D077
:1038800018E000BF00212846FFF79DF90028EFDB74
:1038900009E000BF224629462846FEF795F80700B2
:1038A00000D007E000BF21462846FFF732F9002884
:1038B000EFDA00BF3846CDE730B502460B469D68CB
:1038C000296808468D1C05F0040500EB45002024FE
:1038D00005E001FB00F5C5F1020568436408082C0A
:1038E000F7D2C5436D1C156030BD2DE9FF4F83B085
:1038F00007460E469046DDF840B0DBF80420910004
:10390000DBF8080011F090FCDBF80840D8F8045010
:103910007068A84201D2706800E0284602904FF01B
:1039200000091FE0B86850F829A02068B16809684C
:103930000AFB010006994843019053462246B168AC
:103940000298FEF705F9D8F8081022462846019B90
:10395000FEF7FEF844F804AB0021681C44F8201080
:1039600009F10109A945DDD3AA002146B86811F083
:10397000F4FB54F82500401C44F825002146284655
:10398000D8F80820FDF750FF54F82510081A44F81D
:10399000250054F82500C3B222462846B968FDF731
:1039A00037FD07B0BDE8F08FF0B585B007460C468F
:1039B00015461E460120049004980190029004A828
:1039C00003902B46224601A938460096FFF78DFF4B
:1039D00005B0F0BD2DE9FF4FADF24C6D91461E468E
:1039E000DDF880866FF06D00CDF848064FF0010AD3
:1039F00000BF00BF00BF00BF00BF00BF00BF00BFCF
:103A000000213046FFF7DFF8002804DDB0680068C9
:103A100010F0010F05D16FF003000DF25C6DBDE8F1
:103A2000F08F00214846FFF7CEF8002802DA6FF049
:103A30000300F2E731460DF23460FFF73DFF0DF26F
:103A40002460FDF70BFC0DF5C360FDF707FC03A830
:103A5000FDF704FC4FF4C06106A811F0E5FB4846F1
:103A6000FDF71CFE0446B4F5287F01D306200CE0C8
:103A7000EF2C01D9052008E04F2C01D9042004E0E7
:103A8000172C01D9032000E0012005467068471C6F
:103A900000BF3946DDF84C06FDF7FCFBCDF84806C3
:103AA00000B1EBE100BF00BF394609A8FDF7F2FB0A
:103AB000CDF8480600B1E1E100BF00BF79000DF587
:103AC000C360FDF7E7FBCDF8480600B1D6E100BFC3
:103AD000DDF850060068401C01D1012000E0002004
:103AE0000290029878B100BF03A8DDF85016FDF7E8
:103AF0003DFCCDF8480600B1C0E100BF01200390B5
:103B000003A8CDF85006B8F1000F02D0D8F808008D
:103B100058BB00BF01210DF22460FDF722FDCDF856
:103B2000480600B1AAE100BF00BF706881010DF234
:103B30002460FFF7B9F8CDF8480600B19EE100BF58
:103B400000BF32460DF224610846FFF76EFECDF845
:103B5000480600B192E100BFB8F1000F0ED00DF29F
:103B6000246007C888E8070008E0D8E90102D8F80F
:103B700000100DF5C56305C3CDF824163146DDF8F8
:103B80005006FEF7C6FF00280BDB00BF324609A82F
:103B9000DDF85016FFF749FECDF8480600B16DE19B
:103BA0000AE000BF09A8DDF85016FDF7DFFBCDF8ED
:103BB000480600B162E100BF0DF5C36000903246D7
:103BC0000DF2246109A8DDF83436FFF78EFE00BF40
:103BD0000DF22461DDF84C06FDF7C8FBCDF8480670
:103BE00000B14BE100BF0DF5C3633146DDF834266B
:103BF000DDF84C06FFF7D8FE012D6CD9681E0AFAD5
:103C000000F700BF7268511C07EB470206AB03EBDD
:103C10008200FDF73FFBCDF8480600B12EE100BF62
:103C200000BF07EB470106AA02EB810009A9FDF7D7
:103C30009DFBCDF8480600B120E100BF002411E053
:103C40000DF5C36007EB470206AB03EB820107EB00
:103C50004702009003EB82003246DDF83436FFF76E
:103C600044FE641C681EA042EAD87C1C2FE000BF02
:103C70007268511C04EB440206AB03EB8200FDF7B3
:103C800009FBCDF8480600B1F8E000BF00BF621E96
:103C900002EB420206AB03EB820104EB440203EBAE
:103CA0008200FDF763FBCDF8480600B1E6E000BFF7
:103CB0000DF5C36004EB440106AA009002EB8100FD
:103CC000324609A9DDF83436FFF70FFE641C0AFA04
:103CD00005F0A042CBD8D9F80400CDF8400600206A
:103CE000CDF83C068346CDF84406CDF8300677E0A3
:103CF000DDF83C0658B9DDF8400600B971E0DDF8A2
:103D00004006401ECDF840062020CDF83C06DDF8E8
:103D10003C06401ECDF83C06D9F80810DDF84006F8
:103D200051F82000DDF83C16C84000F00100CDF845
:103D30003806DDF8380618B9DDF8300600B94FE06E
:103D4000DDF8380678B9DDF8300601280BD10DF51D
:103D5000C36000903246DDF84C160846DDF8343674
:103D6000FFF7C3FD3CE00220CDF830060BF1010B5C
:103D7000A5EB0B01DDF838068840DDF84416084352
:103D8000CDF84406AB452AD100240BE00DF5C36005
:103D900000903246DDF84C160846DDF83436FFF761
:103DA000A4FD641CAC42F1D30DF5C3600090DDF8B6
:103DB000440600EB400006AA02EB80013246DDF823
:103DC0003436DDF84C06FFF790FDDDF83006401E76
:103DD000CDF830064FF0000B0020CDF8440600BFB0
:103DE00086E700BF002421E00DF5C3600090324655
:103DF000DDF84C160846DDF83436FFF776FDDDF8C1
:103E000044064000CDF844060AFA05F0DDF84416F1
:103E100008420AD00DF5C3600090324609A9DDF8CA
:103E20003436DDF84C06FFF760FD641C5C45DBD3DF
:103E30000DF5C3633146DDF83426DDF84C06FFF797
:103E4000B3FD0298C8B1D9F80400B0B1D9F80800A0
:103E5000006810F0010F10D04FF0FF31DDF84C0674
:103E6000016000BF3146DDF84C261046FDF70EFE1E
:103E7000CDF8480600B101E000BF00BF681E0AFA95
:103E800000F407E004EB440106AA02EB8100FDF711
:103E9000EDF9641C0AFA05F0A042F3D809A8FDF771
:103EA000E5F90DF5C360FDF7E1F903A8FDF7DEF9CB
:103EB000B8F1000F02D0D8F8080018B90DF224604C
:103EC000FDF7D4F9DDF84806A7E52DE9F04786B0FF
:103ED0000746884616466FF06D0900BF00BF00BF59
:103EE00000BF00BF00BF03A8FDF7B8F96846FDF7A3
:103EF000B5F900BF414603A8FDF738FA5FEA0009AB
:103F000000D094E000BF00BF31466846FDF72EFAAE
:103F10005FEA000900D08AE000BF03A8FDF794FB28
:103F200005466846FDF790FB0446AC4200D22546A4
:103F300000BF294603A8FEF762FE5FEA000900D031
:103F400075E000BF00BF29466846FEF758FE5FEAED
:103F5000000900D06BE000BF0120009003904BE00F
:103F600000BF03A8FDF770FB8246514603A8FEF789
:103F700046FE5FEA000900D059E000BF00BF684676
:103F8000FDF762FB824651466846FEF738FE5FEA5F
:103F9000000900D04BE000BF694603A8FEF7B9FD59
:103FA000002814DB00BF6A4603A903A8FDF75EFCE6
:103FB0005FEA000900D03AE000BF00BF012103A87A
:103FC000FEF71DFE5FEA000900D030E014E000BFFC
:103FD00003AA69466846FDF749FC5FEA000900D07C
:103FE00025E000BF00BF01216846FEF708FE5FEA3A
:103FF000000900D01BE000BF002103A8FEF7E3FD8D
:104000000028ADD100BF29466846FEF74DFE5FEAA5
:10401000000900D00BE000BF00BF69463846FDF73D
:10402000A5F95FEA000900D001E000BF00BF03A8C6
:10403000FDF71CF96846FDF719F9484606B0BDE8DA
:10404000F0872DE9F05F06460C46174698466FF05C
:104050006D0B14F0030F01D0012000E0002000EBF5
:104060009405C4EB850900BF00BF00BF00BF7068A6
:10407000A8420FD03046FDF7F9F83046FDF7EEF8CC
:1040800000BF29463046FDF705F95FEA000B00D076
:1040900016E000BF00BF00213046FDF762FA5FEA7C
:1040A000000B00D00CE000BFD6F808A00AEB090115
:1040B00022464046B8472946B068FFF73AFA00BFA3
:1040C0005846BDE8F09FF0B59BB005460E46144635
:1040D0006FF06D0700BF00BF00BF00BF00BF00BF93
:1040E00001212046FEF76FFD002802DC78111BB08D
:1040F000F0BD15A8FDF7B2F812A8FDF7AFF80FA8AC
:10410000FDF7ACF80CA8FDF7A9F818A8FDF7A6F87C
:1041100009A8FDF7A3F806A8FDF7A0F803A8FDF786
:104120009DF86846FDF79AF800BF2246314618A868
:10413000FFF7CBFE070000D045E100BF012118A822
:10414000FEF741FD10B16FF00D073CE100BF2246C4
:10415000314615A8FFF769FB070000D033E100BF27
:1041600000BF15A912A8FDF701F9070000D02AE148
:1041700000BF00BF214609A8FDF7F8F8070000D0EE
:1041800021E100BF00BF214606A8FDF7EFF80700B8
:1041900000D018E100BF00BF01210FA8FDF7E1F931
:1041A000070000D00FE100BF00BF00210CA8FDF701
:1041B000D8F9070000D006E100BF00BF002103A826
:1041C000FDF7CFF9070000D0FDE000BF00BF0121DF
:1041D0006846FDF7C6F9070000D0F4E000BF00BF55
:1041E00038E000BF012112A8FEF709FD070000D04A
:1041F000E9E000BF1198006810F0010F04D10E989B
:10420000006810F0010F13D000BF09AA0FA90FA872
:10421000FDF73CFC070000D0D5E000BF00BF15AAA9
:104220000CA90CA8FDF7D0FB070000D0CBE000BF25
:1042300000BF01210FA8FEF7E2FC070000D0C2E09A
:1042400000BF00BF01210CA8FEF7D9FC070000D079
:10425000B9E000BF1498006810F0010FC1D038E039
:1042600000BF012106A8FEF7CAFC070000D0AAE0A3
:1042700000BF0598006810F0010F04D10298006893
:1042800010F0010F13D000BF09AA03A903A8FDF77E
:10429000FDFB070000D096E000BF00BF15AA6946ED
:1042A0006846FDF791FB070000D08CE000BF00BF1F
:1042B000012103A8FEF7A3FC070000D083E000BFA4
:1042C00000BF01216846FEF79AFC070000D07AE0A3
:1042D00000BF0898006810F0010FC1D006A912A80D
:1042E000FEF717FC00281DDB00BF06AA12A912A8C2
:1042F000FDF76AFB070000D065E000BF00BF03AA1E
:104300000FA90FA8FDF760FB070000D05BE000BF1E
:1043100000BF6A460CA90CA8FDF756FB070000D0A9
:1043200051E01DE000BF12AA06A906A8FDF74CFB4C
:10433000070000D047E000BF00BF0FAA03A903A8F1
:10434000FDF742FB070000D03DE000BF00BF0CAA14
:1043500069466846FDF738FB070000D033E000BF30
:10436000002112A8FEF72FFC00287FF439AF09E0E6
:1043700000BF224603A903A8FDF788FB070000D071
:1043800021E000BF002103A8FEF71DFC0028EFDBA1
:1043900009E000BF224603A903A8FDF715FB0700AB
:1043A00000D010E000BF214603A8FEF7B2FB0028B2
:1043B000EFDA00BF03A92846FCF7D8FF070000D0BA
:1043C00001E000BF00BF15A8FCF750FF12A8FCF7E2
:1043D0004DFF0FA8FCF74AFF0CA8FCF747FF18A8F1
:1043E000FCF744FF09A8FCF741FF06A8FCF73EFFD5
:1043F00003A8FCF73BFF6846FCF738FF384676E633
:10440000303132333435363738394142434445460A
:104410000000000070B50446FE4D2E4605B10CB9F3
:10442000002070BD0DE070686168884207D1D4E952
:104430000121306810F044FD08B92846F1E7143531
:104440002E4630680028EED100BFEAE770B5064678
:104450000C463046FFF7DEFF054615B96FF02D001C
:1044600070BD286920600020FAE770B50446EA4D67
:104470002E4605B10CB9002070BD0DE07068616872
:10448000884207D1D4E90121306810F019FD08B93C
:104490002846F1E714352E4630680028EED100BFDB
:1044A000EAE770B506460C463046FFF7DEFF0546E4
:1044B00015B96FF02D0070BD286920600020FAE763
:1044C00070B50446D54D2E4605B10CB9002070BD1F
:1044D0000DE070686168884207D1D4E90121306835
:1044E00010F0EEFC08B92846F1E710352E4630688A
:1044F0000028EED100BFEAE770B506460C4630460C
:10450000FFF7DEFF054615B96FF02D0070BDE868B6
:1045100020600020FAE770B50446C14D2E4605B173
:104520000CB9002070BD0DE070686168884207D149
:10453000D4E90121306810F0C3FC08B92846F1E73E
:1045400010352E4630680028EED100BFEAE770B57E
:1045500006460C463046FFF7DEFF054615B96FF0FC
:104560002D0070BDE86820600020FAE770B50446B1
:10457000AC4D2E4605B10CB9002070BD0DE0706841
:104580006168884207D1D4E90121306810F098FCB5
:1045900008B92846F1E714352E4630680028EED1D8
:1045A00000BFEAE770B506460C463046FFF7DEFF6F
:1045B000054615B96FF02D0070BDE8682060002039
:1045C000FAE72DE9F04107460D4616463846FFF753
:1045D000CDFF04461CB96FF02D00BDE8F081207CB2
:1045E0002870607C30700020F7E730B504460D4637
:1045F0008C490CE0487CA04208D1087CA84205D137
:104600000868106048681860002030BD14310868E0
:104610000028EFD16FF02D00F7E770B50446824D0A
:104620002E4605B10CB9002070BD0DE070686168C0
:10463000884207D1D4E90121306810F041FC08B963
:104640002846F1E714352E4630680028EED100BF29
:10465000EAE770B506460C463046FFF7DEFF054632
:1046600015B96FF02D0070BD287C20700020FAE78E
:1046700010B503460C466C4909E0087C984205D108
:104680000868206048681060002010BD1431086878
:104690000028F2D16FF02D00F7E770B50446634DA6
:1046A0002E4605B10CB9002070BD0DE07068616840
:1046B000884207D1D4E90121306810F001FC08B923
:1046C0002846F1E714352E4630680028EED100BFA9
:1046D000EAE770B506460C463046FFF7DEFF0546B2
:1046E00015B96FF02D0070BD287C20700020FAE70E
:1046F00070B504464E4D2E4605B10CB9002070BD74
:104700000DE070686168884207D1D4E90121306802
:1047100010F0D6FB08B92846F1E714352E4630686C
:104720000028EED100BFEAE770B506460C463046D9
:10473000FFF7DEFF054615B96FF02D0070BD287C30
:1047400020700020FAE710B503460C46384909E00E
:10475000087C984205D108682060486810600020F5
:1047600010BD143108680028F2D16FF02D00F7E772
:1047700070B504462F4D2E4605B10CB9002070BD12
:104780000DE070686168884207D1D4E90121306882
:1047900010F096FB08B92846F1E714352E4630682C
:1047A0000028EED100BFEAE770B506460C46304659
:1047B000FFF7DEFF054615B96FF02D0070BD287CB0
:1047C00020700020FAE72DE9FE4F83468946154602
:1047D0006FF06D04DA464E46686888B3A8680078C2
:1047E000282190FBF1F201FB12000290A8680078EA
:1047F00090FBF1F00190029800900FA231465046D4
:10480000019B10F089F8044600BF002C01DBB44284
:104810001BD316E074AC020004AE020090AE02009E
:1048200010AF020030AF0200E4AF020034B002006B
:1048300070B00200FCB0020025642E256400000068
:1048400006E06FF00A00BDE8FE8F361BA24400BFF1
:1048500000274FF0010828E0C7F31800B84202D043
:104860006FF00A00EFE7FF01A86810F8080000F0F9
:104870007F000744A86810F8080010F0800F12D1DC
:104880003B460DA23146504610F046F8044600BFA4
:10489000002C01DBB44202D36FF00A00D3E7361BD1
:1048A000A24400BF002708F1010868684045D3D83A
:1048B000A9EB0600C7E700002E257500F9487047F0
:1048C0000146C81E062810D2DFE800F003050709DC
:1048D0000B0DF5487047F548FCE7F548FAE7F54851
:1048E000F8E7F548F6E7F548F4E70020F2E710B5F9
:1048F00004460CB9002010BD2146F1A010F0E6FCE2
:1049000018B90320FFF7DCFFF5E72146EDA010F012
:10491000DDFC20B12146EDA010F0D8FC18B9042030
:10492000FFF7CEFFE7E72146E9A010F0CFFC18B96A
:104930000520FFF7C5FFDEE72146E7A010F0C6FC23
:1049400018B90620FFF7BCFFD5E72146E4A010F018
:10495000BDFC18B90720FFF7B3FFCCE72146E2A062
:1049600010F0B4FC18B90820FFF7AAFFC3E7002035
:10497000C1E70021016041608160704710B50446C5
:104980000CB1206800B910BD606800B320680079E0
:10499000C01E062816D2DFE800F003070B0C10112A
:1049A000606800F004FB0EE0606804F0E0F90AE0E3
:1049B00000BF606801F057F905E000BF606802F0D1
:1049C0004EFA00E000BF00BF60680FF0A0FEA068D4
:1049D00040B1226892795100A068F5F703FDA06804
:1049E0000FF095FE0C212046F5F7FCFC00BFCAE74E
:1049F00070B505460C4645B1286830B12CB1206829
:104A000018B128682168884201D0B94870BD206873
:104A10000079C01E06281AD2DFE800F003080D0E48
:104A200013146168686800F0CCFA12E06168686885
:104A300004F0A7F90DE000BF6168686801F01DF996
:104A400007E000BF6168686802F013FA01E0A84857
:104A5000DCE700BF0020D9E770B504460D461646D6
:104A600005B10CB9A24870BD2879C01E062846D2EF
:104A7000DFE800F003132324343500BF5821012060
:104A80000FF002FE6060606810B999488038EAE76C
:104A9000606800F085FA00BF33E000BF5C210120B0
:104AA0000FF0F2FD6060606810B991488038DAE775
:104AB000606804F053F900BF23E000BF00BF6C2121
:104AC00001200FF0E1FD6060606810B9884880380F
:104AD000C9E7606801F0BEF800BF12E000BF00BF88
:104AE000D82101200FF0D0FD6060606810B98048C7
:104AF0008038B8E7606802F0A9F900BF01E07C489F
:104B0000B1E700BF66B1A97902200FF0BDFDA0603A
:104B1000A06828B92046FFF731FF75488038A2E722
:104B2000256000209FE770B504460D460122294606
:104B30002046FFF791FF70BD10B504460CB1206808
:104B400008B96B4810BD20680079C01E062820D225
:104B5000DFE800F003070B10151A606800F03AFA5E
:104B6000F0E7606804F01AF9ECE70121606801F0F1
:104B700091F8E7E70021606801F08CF8E2E7012195
:104B8000606802F083F9DDE70021606802F07EF9D9
:104B9000D8E75748D6E770B504460D4616460CB11F
:104BA000206808B9524870BD20680079C01E0628E8
:104BB0001ED2DFE800F003090F101617324629460F
:104BC000606800F01CFFEEE732462946606805F099
:104BD00099FCE8E700BF32462946606801F0C2FF51
:104BE000E1E700BF32462946606803F0C9FBDAE717
:104BF0003F48D8E770B504460D460CB1206808B9A7
:104C00003B4870BD20680079C01E06281AD2DFE834
:104C100000F003080D0E13142946606800F044FFED
:104C2000EFE72946606805F0C6FCEAE700BF2946C1
:104C3000606801F0F0FFE4E700BF2946606803F018
:104C400002FCDEE72A48DCE72DE9F04104460D4688
:104C500016461F4614B92648BDE8F0812079C01ECB
:104C6000062855D2DFE800F003090F16464D3A46F4
:104C70003146284600F0A9FFEEE73A46314628467D
:104C800005F039FDE8E701233A463146284602F0AF
:104C900099F8E1E700233A463146284602F092F8B7
:104CA000DAE70000A4B1020074B102007CB1020096
:104CB00084B102008CB1020094B102009CB10200E8
:104CC0004D44350053484131000000005348410035
:104CD00053484132323400005348413235360000E7
:104CE00053484133383400005348413531320000D5
:104CF00000AFFFFF01233A463146284603F0EDFF9F
:104D0000AAE700233A463146284603F0E6FFA3E728
:104D1000A248A1E72DE9F04790B0044688469146A5
:104D20006FF06D0A1CB1206808B1A06818B99B48E3
:104D300010B0BDE8F0872068807948451BD2204636
:104D4000FFF7FAFE5FEA000A00D046E04A46414615
:104D50002046FFF720FF5FEA000A00D03DE06946E9
:104D60002046FFF747FF5FEA000A00D035E02068E1
:104D700090F80590E846A66821688979A0684718E8
:104D8000206881793622304610F024FA2068817933
:104D90005C22384610F01EFA00250AE0705D18F813
:104DA000051048407055785D18F805104840785552
:104DB0006D1C4D45F2D32046FFF7BEFE5FEA000AA8
:104DC00000D00AE02068827931462046FFF7E3FEF2
:104DD0005FEA000A00D000E000BF40216846F5F716
:104DE00001FB5046A4E770B504460D4616461CB1BB
:104DF000206808B1A06808B9684870BD32462946E5
:104E00002046FFF7C8FEF8E7F0B591B004460E461D
:104E10006FF06D071CB1206808B1A06810B95F4839
:104E200011B0F0BD21688979A068451801A9204614
:104E3000FFF7E0FE070001D03846F1E72046FFF714
:104E40007BFE070001D03846EAE7206882792946D0
:104E50002046FFF7A0FE070001D03846E0E72068B3
:104E6000427901A92046FFF796FE070001D0384697
:104E7000D6E731462046FFF7BDFED1E770B50446C0
:104E80006FF06D061CB1206808B1A06808B94348EE
:104E900070BDA5682046FFF74FFE060001D03046E2
:104EA000F6E72068827929462046FFF774FEEFE78F
:104EB0002DE9FE4F04460E4617461D46DDE90C89D6
:104EC0006FF06D0A14B93548BDE8FE8F6846FFF7EC
:104ED00050FD012221466846FFF7BEFD5FEA000A49
:104EE00000D01AE03A4631466846FFF713FF5FEA02
:104EF000000A00D011E0424629466846FFF773FFDA
:104F00005FEA000A00D008E049466846FFF77CFFE8
:104F10005FEA000A00D000E000BF6846FFF72EFD00
:104F20005046D1E770B504460D460CB1206808B96B
:104F30001A4870BD20680079C01E06281AD2DFE822
:104F400000F003080D0E13142946606800F057F8AE
:104F5000EFE72946606803F03AFFEAE700BF294619
:104F6000606800F0CCFEE4E700BF2946606801F00D
:104F7000E6FFDEE70948DCE7014609B90020704793
:104F80004879FCE7014609B9002070470879FCE739
:104F9000014609B9002070470868FCE700AFFFFF31
:104FA00010B504465821204610F03EF910BD10B54A
:104FB000044604B910BD58212046F5F713FA00BF86
:104FC000F8E770B504460D4658222946204610F0F1
:104FD000C4F870BD0146002008604860FE48886043
:104FE000FE4ACA60C2430A61FC4AD2434A610020B9
:104FF000704700B503461846FFF7ECFF00BDF0B55B
:1050000090B006460D4628786F7840EA0720AF78C2
:1050100040EA0740EF7840EA0760009028796F790E
:1050200040EA0720AF7940EA0740EF7940EA07609D
:105030000190287A6F7A40EA0720AF7A40EA074069
:10504000EF7A40EA07600290287B6F7B40EA0720F6
:10505000AF7B40EA0740EF7B40EA07600390287C83
:105060006F7C40EA0720AF7C40EA0740EF7C40EAD3
:1050700007600490287D6F7D40EA0720AF7D40EAFD
:105080000740EF7D40EA07600590287E6F7E40EA8A
:105090000720AF7E40EA0740EF7E40EA07600690B7
:1050A000287F6F7F40EA0720AF7F40EA0740EF7F0D
:1050B00040EA0760079095F8200095F8217040EAD3
:1050C000072095F8227040EA074095F8237040EADF
:1050D0000760089095F8240095F8257040EA0720AD
:1050E00095F8267040EA074095F8277040EA076077
:1050F000099095F8280095F8297040EA072095F85E
:105100002A7040EA074095F82B7040EA07600A9041
:1051100095F82C0095F82D7040EA072095F82E7030
:1051200040EA074095F82F7040EA07600B9095F829
:10513000300095F8317040EA072095F8327040EA67
:10514000074095F8337040EA07600C9095F83400FA
:1051500095F8357040EA072095F8367040EA074028
:1051600095F8377040EA07600D9095F8380095F88B
:10517000397040EA072095F83A7040EA074095F800
:105180003B7040EA07600E9095F83C0095F83D7042
:1051900040EA072095F83E7040EA074095F83F70D6
:1051A00040EA07600F90B168F2683369746900BF24
:1051B00083EA040010406040009F3844884F384420
:1051C0000144C80140EA5160811800BF00BF82EA73
:1051D000030008405840019F3844824F384404443B
:1051E000200340EA1450441800BF00BF81EA0200C7
:1051F00020405040029F38447B4F384403445804B9
:1052000040EAD330031900BF00BF84EA0100184010
:105210004840039F3844754F38440244900540EAA3
:105220009220C21800BF00BF83EA04001040604013
:10523000049F38446E4F38440144C80140EA51602D
:10524000811800BF00BF82EA030008405840059F54
:105250003844684F38440444200340EA145044184A
:1052600000BF00BF81EA020020405040069F384442
:10527000614F38440344580440EAD330031900BF57
:1052800000BF84EA010018404840079F38445B4F44
:1052900038440244900540EA9220C21800BF00BF83
:1052A00083EA040010406040089F3844544F38445B
:1052B0000144C80140EA5160811800BF00BF82EA82
:1052C000030008405840099F38444E4F3844044476
:1052D000200340EA1450441800BF00BF81EA0200D6
:1052E000204050400A9F3844A0F524404F380344E2
:1052F000580440EAD330031900BF00BF84EA01001C
:10530000184048400B9F38443F4F384402449005B2
:1053100040EA9220C21800BF00BF83EA0400104098
:1053200060400C9F3844394F38440144C80140EA7A
:105330005160811800BF00BF82EA03000840584056
:105340000D9F3844324F38440444200340EA14503F
:10535000441800BF00BF81EA0200204050400E9F69
:1053600038442C4F38440344580440EAD3300319DE
:1053700000BF00BF84EA0100184048400F9F384436
:10538000254F38440244900540EA9220C21800BFDD
:1053900000BF82EA030020405840019F38441F4F5D
:1053A00038440144480140EAD160811800BF00BF81
:1053B00081EA020018405040069F3844184F384494
:1053C0000444600240EAD450441800BF00BF84EA9D
:1053D00001001040484025E00123456789ABCDEF2F
:1053E00078A46AD756B7C7E8DB702024EECEBDC1DB
:1053F000AF0F7CF52AC68747134630A8019546FDB6
:10540000D8988069AFF7448BBED75C892211906B26
:10541000937198FD8E4379A62108B44962251EF642
:1054200040B340C00B9F3844FE4F384403449803B8
:1054300040EA9340031900BF00BF83EA040008401C
:105440006040009F3844F84F38440244100540EA59
:105450001230C21800BF00BF82EA0300204058404B
:10546000059F3844F14F38440144480140EAD16077
:10547000811800BF00BF81EA0200184050400A9F17
:105480003844EB4F38440444600240EAD450441896
:1054900000BF00BF84EA0100104048400F9F38441D
:1054A000E44F38440344980340EA9340031900BF93
:1054B00000BF83EA040008406040049F3844DE4F88
:1054C00038440244100540EA1230C21800BF00BF41
:1054D00082EA030020405840099F3844D74F38449F
:1054E0000144480140EAD160811800BF00BF81EA51
:1054F0000200184050400E9F3844D14F38440444B5
:10550000600240EAD450441800BF00BF84EA0100A2
:1055100010404840039F3844CA4F3844034498031E
:1055200040EA9340031900BF00BF83EA040008402B
:105530006040089F3844C44F38440244100540EA94
:105540001230C21800BF00BF82EA0300204058405A
:105550000D9F3844BD4F38440144480140EAD160B2
:10556000811800BF00BF81EA020018405040029F2E
:105570003844B74F38440444600240EAD4504418D9
:1055800000BF00BF84EA010010404840079F384434
:10559000B04F38440344980340EA9340031900BFD6
:1055A00000BF83EA0400084060400C9F3844AA4FC3
:1055B00038440244100540EA1230C21800BF00BF50
:1055C00082EA03006040059F3844A44F38440144F8
:1055D000080140EA1170811800BF00BF81EA020093
:1055E0005840089F38449E4F38440444E00240EA43
:1055F0005450441800BF00BF84EA010050400B9F84
:105600003844984F38440344180440EA13400319BF
:1056100000BF00BF83EA040048400E9F3844924F09
:1056200038440244D00540EA5220C21800BF00BFEF
:1056300082EA03006040019F38448C4F38440144A3
:10564000080140EA1170811800BF00BF81EA020022
:105650005840049F3844864F38440444E00240EAEE
:105660005450441800BF00BF84EA01005040079F17
:105670003844804F38440344180440EA1340031967
:1056800000BF00BF83EA040048400A9F38447A4FB5
:1056900038440244D00540EA5220C21800BF00BF7F
:1056A00082EA030060400D9F3844744F384401443F
:1056B000080140EA1170811800BF00BF81EA0200B2
:1056C0005840009F38446E4F38440444E00240EA9A
:1056D0005450441800BF00BF84EA01005040039FAB
:1056E0003844684F38440344180440EA134003190F
:1056F00000BF00BF83EA04004840069F3844624F61
:1057000038440244D00540EA5220C21800BF00BF0E
:1057100082EA03006040099F38445C4F38440144EA
:10572000080140EA1170811800BF00BF81EA020041
:1057300058400C9F3844564F38440444E00240EA35
:105740005450441800BF00BF84EA010050400F9F2E
:105750003844504F38440344180440EA13400319B6
:1057600000BF00BF83EA04004840029F38444A4F0C
:1057700038440244D00540EA5220C21800BF00BF9E
:1057800062EA04005840009F3844444F38440144C2
:10579000880140EA9160811800BF00BF61EA030000
:1057A0005040079F38443E4F38440444A00240EA2A
:1057B0009450441800BF00BF64EA020048400E9FA6
:1057C0003844384F38440344D80340EA534003195F
:1057D00000BF00BF63EA01006040059F3844324FBC
:1057E00038440244500540EAD220C21800BF00BF2E
:1057F00062EA040058400C9F38442C4F384401445E
:10580000880140EA9160811800BF00BF61EA03008F
:105810005040039F3844264F38440444A00240EAD5
:10582000945047E0515A5E26AAC7B6E95D102FD6BC
:105830005314440281E6A1D8C8FBD3E7E6CDE121A9
:10584000D60737C3870DD5F4ED145A4505E9E3A90A
:10585000F8A3EFFCD9026F678A4C2A8D4239FAFF10
:1058600081F6718722619D6D0C38E5FD44EABEA486
:10587000A9CFDE4B604BBBF670BCBFBEC67E9B287B
:10588000FA27A1EA8530EFD4051D880439D0D4D990
:10589000E599DBE6F87CA21F6556ACC4442229F4E6
:1058A00097FF2A43A72394AB39A093FCC3595B65A8
:1058B00092CC0C8F441800BF00BF64EA020048403D
:1058C0000A9F3844D94F38440344D80340EA534030
:1058D000031900BF00BF63EA01006040019F384424
:1058E000D34F38440244500540EAD220C21800BFCA
:1058F00000BF62EA04005840089F3844CD4F384446
:105900000144880140EA9160811800BF00BF61EA4C
:10591000030050400F9F3844C74F38440444A0024E
:1059200040EA9450441800BF00BF64EA02004840B7
:10593000069F3844C14F38440344D80340EA5340DB
:10594000031900BF00BF63EA010060400D9F3844A7
:10595000BB4F38440244500540EAD220C21800BF71
:1059600000BF62EA04005840049F3844B54F3844F1
:105970000144880140EA9160811800BF00BF61EADC
:10598000030050400B9F3844AF4F38440444A002FA
:1059900040EA9450441800BF00BF64EA0200484047
:1059A000029F3844A94F38440344D80340EA534087
:1059B000031900BF00BF63EA01006040099F38443B
:1059C000A34F38440244500540EAD220C21800BF19
:1059D000B0680844B060F0688718F7603069C7188D
:1059E0003761706907197761002010B0F0BD30B5DC
:1059F00004460D4629462046FFF701FB30BD2DE940
:105A0000F0470446884615466FF06D0915B9002029
:105A1000BDE8F087206800F03F07C7F14006206826
:105A200028442060206820602068A84202D2606874
:105A3000401C6060AFB1B54213D304F11801C8191E
:105A4000324641460FF002FB04F118012046FFF7F1
:105A5000D6FA5FEA000901D04846D9E7B044AD1B49
:105A600000270BE041462046FFF7C9FA5FEA00092C
:105A700001D04846CCE708F14008403D402DF1D226
:105A800035B104F11801C8192A4641460FF0DEFA73
:105A90000020BDE770B504460D461646324629463D
:105AA0002046FFF7ACFF70BD2DE9F04704460D46D8
:105AB0006FF06D09206800F03F0680223046761CAA
:105AC00004F118010A54382E07D8C6F1380104F140
:105AD000180290190FF086FB16E0C6F1400104F1A0
:105AE000180290190FF07EFB04F118012046FFF711
:105AF00086FA5FEA000902D04846BDE8F0873821FF
:105B000004F118000FF090FB2068400F616840EA34
:105B1000C10720684FEAC00884F850804FEA182176
:105B200084F851104FEA184184F852104FEA186077
:105B300084F8530084F85470390A84F85510390CED
:105B400084F85610380E84F8570004F118012046E6
:105B5000FFF755FA5FEA000901D04846CDE7A06893
:105B60002870A068000A6870A068000CA870A0687F
:105B7000000EE870E0682871E068000A6871E0686B
:105B8000000CA871E068000EE87120692872206995
:105B9000000A68722069000CA8722069000EE87281
:105BA000606928736069000A68736069000CA873F3
:105BB0006069000EE87300209FE770B504460D464B
:105BC00029462046FFF770FF70BDF0B597B0044638
:105BD0000D4616466FF06D0701A8FFF7E1F901A821
:105BE000FFF7F8F9070000D00FE02A46214601A888
:105BF000FFF705FF070000D007E0314601A8FFF7D7
:105C000053FF070000D000E000BF01A8FFF7CFF965
:105C1000384617B0F0BD70B504460D4616463246FC
:105C200029462046FFF7D1FF70BD00007DF4EFFF4D
:105C3000D15D84854F7EA86FE0E62CFE144301A35E
:105C4000A111084E827E53F735F23ABDBBD2D72A56
:105C500091D386EB10B5044600BF00BF6C212046EF
:105C60000FF0E2FA10BD10B5044604B910BD6C2166
:105C70002046F4F7B7FB00BFF8E770B504460D46C1
:105C800000BF00BF00BF00BF6C22294620460FF0B6
:105C900064FA70BD024600BF00BF00BF00BF002015
:105CA0001060506081B9FE489060FE4BD360FE4B9F
:105CB0001361FE4B5361FE4B9361FE4BD361FE4B70
:105CC0001362FE4B53620FE0FD489060FD4BD360C2
:105CD000FD4B1361FD4B5361FD4B9361FD4BD36154
:105CE000FD4B1362FD4B536291660020704730B547
:105CF00004460D4629462046FFF7CCFF30BD2DE96E
:105D0000F041C8B005460C4600BF00BF00BF00BF51
:105D1000002106E005F1080050F821004DF82100AF
:105D2000491C0829F6D3002116E000BF14F8210011
:105D300006068800401C205C46EA00468800801C5D
:105D4000205C46EA00208E00F61CA65D304308AEBB
:105D500046F8210000BF491C1029E6D300214AE281
:105D600000BF04988009049E40EA8660F60A049FFA
:105D700046EA475670407E0E46EAC7167040079EB8
:105D80000644DDE905077840049F3840069F7840C7
:105D90003044D34E56F82160304408AE56F82160A6
:105DA000821900988008009E40EA8670760B009F5A
:105DB00046EAC7467040BE0D46EA872680EA0607D7
:105DC000DDE900063040DDE9006C46EA0C06DDF84E
:105DD00008C006EA0C0630433B18039810440390B1
:105DE000D018079000BF00BF03988009039E40EAC7
:105DF0008660F60A039F46EA475670407E0E46EAE2
:105E0000C7167040069E0644DDE904077840039FEC
:105E10003840059F78400644B14F481C57F8200091
:105E2000064408AF481C57F820003218079880082D
:105E3000079E40EA8670760B079F46EAC746704089
:105E4000BE0D46EA872680EA0607009E0798304086
:105E5000DDF800C0079E46EA0C06DDF804C006EA3D
:105E60000C0630433B18029810440290D01806905C
:105E700000BF00BF02988009029E40EA8660F60AD1
:105E8000029F46EA475670407E0E46EAC7167040AB
:105E9000059E0644DDE903077840029F3840049FD1
:105EA000784006448E4F881C57F82000064408AFFF
:105EB000881C57F82000321806988008069E40EA91
:105EC0008670760B069F46EAC7467040BE0D46EACE
:105ED000872680EA0607DDE906063040DDE9066C24
:105EE00046EA0C06DDF800C006EA0C0630433B1813
:105EF000019810440190D018059000BF00BF019890
:105F00008009019E40EA8660F60A019F46EA4756EC
:105F100070407E0E46EAC7167040049E0644DDE9D6
:105F200002077840019F3840039F784006446C4F39
:105F3000C81C57F82000064408AFC81C57F82000BA
:105F4000321805988008059E40EA8670760B059FFA
:105F500046EAC7467040BE0D46EA872680EA060735
:105F6000DDE905063040DDE9056C46EA0C06DDF8A2
:105F70001CC006EA0C0630433B1800981044009001
:105F8000D018049000BF00BF00988009009E40EA2E
:105F90008660F60A009F46EA475670407E0E46EA43
:105FA000C7167040039E0644DDE901077840009F54
:105FB0003840029F78400644494F081D57F820009A
:105FC000064408AF081D57F82000321804988008CE
:105FD000049E40EA8670760B049F46EAC7467040EE
:105FE000BE0D46EA872680EA0607DDE90406304052
:105FF000DDE9046C46EA0C06DDF818C006EA0C067A
:1060000030433B18079810440790D018039000BF06
:1060100000BF07988009079E40EA8660F60A079F3E
:1060200046EA475670407E0E46EAC7167040029E0A
:106030000644DDE900077840079F3840019F78401B
:106040000644274F481D57F82000064408AF481D56
:1060500057F82000321803988008039E40EA8670A3
:10606000760B039F46EAC7467040BE0D46EA872678
:1060700080EA0607DDE903063040DDE9036C46EA05
:106080000C06DDF814C006EA0C0630433B180698EF
:1060900010440690D018029000BF00BF069821E07F
:1060A00067E6096A85AE67BB72F36E3C3AF54FA5A9
:1060B0007F520E518C68059BABD9831F19CDE05BD5
:1060C000D89E05C107D57C3617DD703039590EF7DB
:1060D000310BC0FF11155868A78FF964A44FFABEA1
:1060E000C0B102008009069E40EA8660F60A069F5B
:1060F00046EA475670407E0E46EAC7167040019E3B
:106100000644009F07987840069F3840009F7840DB
:106110000644FE4F881D57F82000064408AF881D2E
:1061200057F82000321802988008029E40EA8670D4
:10613000760B029F46EAC7467040BE0D46EA8726A8
:1061400080EA0607DDE902063040DDE9026C46EA36
:106150000C06DDF810C006EA0C0630433B18059823
:1061600010440590D018019000BF00BF0598800929
:10617000059E40EA8660F60A059F46EA475670404B
:106180007E0E46EAC7167040009E0644DDE906070B
:106190007840059F3840079F78400644DB4FC81D74
:1061A00057F82000064408AFC81D57F820003218E1
:1061B00001988008019E40EA8670760B019F46EAAE
:1061C000C7467040BE0D46EA872680EA0607DDE92D
:1061D00001063040DDE9016C46EA0C06DDF80CC032
:1061E00006EA0C0630433B18049810440490D0187B
:1061F000009000BF08311029FFF4B2AD1021FDE37B
:1062000000BF881E08AE56F82000460C881E08AF56
:1062100057F8200046EAC0308E1E57F82660F70C6B
:106220008E1E0DF1200C5CF8266047EA4636704061
:106230008E1E08AF57F8266080EA9626C81F57F8CA
:1062400020003044A1F10F0657F82660F709A1F1AC
:106250000F065CF8266047EA4666A1F10F075CF876
:1062600027704FEA974CA1F10F070DF1200858F85D
:1062700027704CEA87377E40A1F10F07C4465CF8CF
:10628000277086EAD7060644A1F1100008AF57F838
:106290002000064408A840F8216004988009049F63
:1062A00040EA8760FF0ADDF810C047EA4C577840A3
:1062B0004FEA5C6747EACC177840079F0744DDE95F
:1062C000050C80EA0C00DDF810C000EA0C00DDF8D7
:1062D00018C080EA0C0038448C4F57F821703844BD
:1062E000321800988008009E40EA8670760B009F66
:1062F00046EAC7467040BE0D46EA872680EA060792
:10630000DDE900063040DDE9006C46EA0C06DDF808
:1063100008C006EA0C0630433B180398104403906B
:10632000D018079000BF00BF481E08AE56F82000E6
:10633000460C481E08AF57F8200046EAC036481EF3
:1063400057F82000C70C481EC4465CF8200047EAF6
:1063500040304640481E08AF57F8200086EA902695
:10636000881F57F820000644A1F10E0057F82000BE
:10637000C709A1F10E005CF8200047EA4067A1F1CF
:106380000E005CF820004FEA904CA1F10E0058F886
:1063900020004CEA80304740A1F10E00C4465CF872
:1063A000200087EAD0000644A1F10F0008AF57F89B
:1063B00020000644481C47F8206003988009039F8A
:1063C00040EA8760FF0ADDF80CC047EA4C57784086
:1063D0004FEA5C6747EACC177840069F0744DDE93F
:1063E000040C80EA0C00DDF80CC000EA0C00DDF8BB
:1063F00014C080EA0C000744DFF810C1481C5CF8A8
:1064000020003844321807988008079E40EA8670BA
:10641000760B079F46EAC7467040BE0D46EA8726C0
:1064200080EA0607009E07983040DDF800C0079E0E
:1064300046EA0C06DDF804C006EA0C0630433B18B9
:10644000029810440290D018069000BF00BF08AE1A
:1064500056F82100460C08AF57F8210046EAC0362E
:1064600057F82100C70CC4465CF8210047EA4030C9
:10647000464008AF57F8210086EA9026481F57F893
:1064800020000644A1F10D0057F82000C709A1F132
:106490000D005CF8200047EA4067A1F10D005CF8B0
:1064A00020004FEA904CA1F10D0058F820004CEA72
:1064B00080304740A1F10D00C4465CF8200087EA17
:1064C000D0000644A1F10E0008AF57F820000644A2
:1064D000881C47F8206002988009029F40EA876084
:1064E000FF0ADDF808C047EA4C5778404FEA5C677E
:1064F00047EACC177840059F0744DDE9030C80EAA2
:106500000C00DDF808C000EA0C0001E0C0B1020098
:10651000DDF810C080EA0C000744DFF82CC9881CA5
:106520005CF820003844321806988008069E40EA3D
:106530008670760B069F46EAC7467040BE0D46EA57
:10654000872680EA0607DDE906063040DDE9066CAD
:1065500046EA0C06DDF800C006EA0C0630433B189C
:10656000019810440190D018059000BF00BF481C4E
:1065700008AE56F82000460C481C08AF57F820001B
:1065800046EAC036481C57F82000C70C481CC446D1
:106590005CF8200047EA40304640481C08AF57F8F6
:1065A000200086EA9026081F57F820000644A1F133
:1065B0000C0057F82000C709A1F10C005CF820007E
:1065C00047EA4067A1F10C005CF820004FEA904CCC
:1065D000A1F10C0058F820004CEA80304740A1F1AE
:1065E0000C00C4465CF8200087EAD0000644A1F104
:1065F0000D0008AF57F820000644C81C47F820607B
:1066000001988009019F40EA8760FF0ADDF804C015
:1066100047EA4C5778404FEA5C6747EACC17784026
:10662000049F0744DDE9020C80EA0C00DDF804C099
:1066300000EA0C00DDF80CC080EA0C000744DFF82B
:1066400008C8C81C5CF82000384432180598800837
:10665000059E40EA8670760B059F46EAC746704065
:10666000BE0D46EA872680EA0607DDE905063040CA
:10667000DDE9056C46EA0C06DDF81CC006EA0C06EE
:1066800030433B18009810440090D018049000BF8D
:1066900000BF881C08AE56F82000460C881C08AFC6
:1066A00057F8200046EAC036881C57F82000C70C6F
:1066B000881CC4465CF8200047EA40304640881CED
:1066C00008AF57F8200086EA9026C81E57F8200029
:1066D0000644A1F10B0057F82000C709A1F10B00F7
:1066E0005CF8200047EA4067A1F10B005CF820004D
:1066F0004FEA904CA1F10B0058F820004CEA803092
:106700004740A1F10B00C4465CF8200087EAD000A6
:106710000644A1F10C0008AF57F820000644081DFC
:1067200047F8206000988009009F40EA8760FF0AD0
:10673000DDF800C047EA4C5778404FEA5C6747EA0B
:10674000CC177840039F0744DDE9010C80EA0C0078
:10675000DDF800C000EA0C00DDF808C080EA0C009B
:106760000744DFF8E4C6081D5CF8200038443218FE
:1067700004988008049E40EA8670760B049F46EADF
:10678000C7467040BE0D46EA872680EA0607DDE967
:1067900004063040DDE9046C46EA0C06DDF818C05A
:1067A00006EA0C0630433B18079810440790D018AF
:1067B000039000BF00BFC81C08AE56F82000460C6E
:1067C000C81C08AF57F8200046EAC036C81C57F866
:1067D0002000C70CC81CC4465CF8200047EA4030C3
:1067E0004640C81C08AF57F8200086EA9026881E4D
:1067F00057F820000644A1F10A0057F82000C70905
:10680000A1F10A005CF8200047EA4067A1F10A0004
:106810005CF820004FEA904CA1F10A0058F82000E3
:106820004CEA80304740A1F10A00C4465CF82000E1
:1068300087EAD0000644A1F10B0008AF57F820000A
:106840000644481D47F8206007988009079F40EAE2
:106850008760FF0ADDF81CC047EA4C5778404FEAD2
:106860005C6747EACC177840029F0744DDE9000CDB
:1068700080EA0C00DDF81CC000EA0C00DDF804C062
:1068800080EA0C000744DFF8C0C5481D5CF8200012
:106890003844321803988008039E40EA8670760BCD
:1068A000039F46EAC7467040BE0D46EA872680EA47
:1068B0000607DDE903063040DDE9036C46EA0C0615
:1068C000DDF814C006EA0C0630433B180698104465
:1068D0000690D018029000BF00BF081D08AE56F801
:1068E0002000460C081D08AF57F8200046EAC036C5
:1068F000081D57F82000C70C081DC4465CF820008E
:1069000047EA40304640081D08AF57F8200086EAA5
:106910009026481E57F820000644A1F1090057F8B8
:106920002000C709A1F109005CF8200047EA406790
:10693000A1F109005CF820004FEA904CA1F1090098
:1069400058F820004CEA80304740A1F10900C446C5
:106950005CF8200087EAD0000644A1F10A0008AFE5
:1069600057F820000644881D47F8206006988009E3
:10697000069F40EA8760FF0ADDF818C047EA4C57D7
:1069800078404FEA5C6747EACC177840019F07449C
:10699000DDF800C0079880EA0C00DDF818C000EAB6
:1069A0000C00DDF800C080EA0C000744DFF898C452
:1069B000881D5CF820003844321802988008029E36
:1069C00040EA8670760B029F46EAC7467040BE0DCD
:1069D00046EA872680EA0607DDE902063040DDE95F
:1069E000026C46EA0C06DDF810C006EA0C063043DD
:1069F0003B18059810440590D01800E093E00190F2
:106A000000BF00BF481D08AE56F82000460C481DC8
:106A100008AF57F8200046EAC036481D57F8200056
:106A2000C70C481DC4465CF8200047EA4030464089
:106A3000481D08AF57F8200086EA902657F8210035
:106A40000644A1F1080057F82000C709A1F1080089
:106A50005CF8200047EA4067A1F108005CF82000DC
:106A60004FEA904CA1F1080058F820004CEA803021
:106A70004740A1F10800C4465CF8200087EAD00036
:106A80000644A1F1090008AF57F820000644C81DCC
:106A900047F8206005988009059F40EA8760FF0A53
:106AA000DDF814C047EA4C5778404FEA5C6747EA84
:106AB000CC177840009F0744DDE9060C80EA0C0003
:106AC000DDF814C000EA0C00DDF81CC080EA0C0000
:106AD0000744DFF874C3C81D5CF82000384432183E
:106AE00001988008019E40EA8670760B019F46EA75
:106AF000C7467040BE0D46EA872680EA0607DDE9F4
:106B000001063040DDE9016C46EA0C06DDF80CC0F8
:106B100006EA0C0630433B18049810440490D01841
:106B2000009000BF08314029FFF46AAB00210BE060
:106B300005F1080050F821005DF82160064405F1D8
:106B4000080040F82160491C0829F1D3002048B012
:106B5000BDE8F08130B504460D4629462046FFF7D2
:106B6000CEF830BD2DE9F0470446884615466FF053
:106B70006D0900BF00BF00BF00BF15B90020BDE810
:106B8000F087206800F03F07C7F1400620682844DE
:106B90002060206820602068A84202D26068401C03
:106BA0006060AFB1B54213D304F12801C819324671
:106BB00041460EF04BFA04F128012046FFF79FF8FA
:106BC0005FEA000901D04846D9E7B044AD1B002771
:106BD0000BE041462046FFF792F85FEA000901D03A
:106BE0004846CCE708F14008403D402DF1D235B190
:106BF00004F12801C8192A4641460EF027FA002060
:106C0000BDE770B504460D46164632462946204675
:106C1000FFF7A8FF70BD2DE9F04704460D466FF061
:106C20006D0900BF00BF00BF00BF206800F03F0635
:106C300080223046761C04F128010A54382E07D8E9
:106C4000C6F1380104F1280290190EF0CBFA16E0D3
:106C5000C6F1400104F1280290190EF0C3FA04F1C4
:106C600028012046FFF74BF85FEA000902D04846AA
:106C7000BDE8F087382104F128000EF0D5FA20682D
:106C8000400F616840EAC10720684FEAC00800BFB2
:106C9000390E84F86010390C84F86110390A84F8D0
:106CA000621084F8637000BF00BF4FEA186184F877
:106CB00064104FEA184184F865104FEA182184F8EF
:106CC000661084F8678000BF04F128012046FFF7B2
:106CD00016F85FEA000901D04846C9E700BFA0687E
:106CE000000E2870A068000C6870A068000AA870E8
:106CF000A068E87000BF00BFE068000E2871E0687F
:106D0000000C6871E068000AA871E068E87100BFD3
:106D100000BF2069000E28722069000C687220698B
:106D2000000AA8722069E87200BF00BF6069000E07
:106D300028736069000C68736069000AA873606951
:106D4000E87300BF00BFA069000E2874A069000CA2
:106D50006874A069000AA874A069E87400BF00BF45
:106D6000E069000E2875E069000C6875E069000AAA
:106D7000A875E069E87500BF00BF206A000E28769C
:106D8000206A000C6876206A000AA876206AE876F5
:106D900000BFA06E60B900BF606A000E2877606A0D
:106DA000000C6877606A000AA877606AE87700BF1D
:106DB00000205DE770B504460D4629462046FFF7E2
:106DC0002AFF70BD2DE9F0419CB004460D461646E1
:106DD0001F466FF06D0800BF00BF00BF00BF00BFBF
:106DE00000BF01A8FEF736FF394601A8FEF752FFA3
:106DF0005FEA000800D011E02A46214601A8FFF70B
:106E0000B1FE5FEA000800D008E0314601A8FFF7B4
:106E100002FF5FEA000800D000E000BF01A8FEF713
:106E200022FF40461CB0BDE8F0812DE9F041044648
:106E30000D4616461F463B46324629462046FFF77A
:106E4000C1FFBDE8F0810000C0B1020010B50446EA
:106E500000BF00BFD82120460EF0E6F910BD10B5E6
:106E6000044604B910BDD8212046F3F7BBFA00BF91
:106E7000F8E770B504460D4600BF00BF00BF00BF75
:106E8000D822294620460EF068F970BD10B502469A
:106E900000BF00BF00BF00BF0020106050609060C6
:106EA000D06001BBFD4BFE48C2E90430FD4BFE48FB
:106EB000C2E90630FD48FE4BC2E90803FD4BFE481F
:106EC000C2E90A30FD4BFE48C2E90C30FD4BFE48DA
:106ED000C2E90E30FD4BFE48C2E91030FD4BFE48C2
:106EE000C2E912301FE0FD4BFD48C2E90430FD4805
:106EF000FD4BC2E90603FD4CFD48C2E90840FD4BCD
:106F0000FD48C2E90A30FD4BFD48C2E90C30FD489E
:106F1000FD4BC2E90E03FD4BFD48C2E91030FD4BAD
:106F2000FD48C2E91230C2F8D010002010BD30B5C3
:106F300004460D4629462046FFF7A8FF30BD2DE93F
:106F4000F341ADF5D46D00BF00BF00BF00BF00200E
:106F5000B4900EE0DDF8A0061030B49900EBC1014A
:106F600003C96B46B49A03EBC20203C2B498401C37
:106F7000B490B4980828EDDB0020B4907CE0B4997C
:106F8000DDF8A40610F8310000213822C191C2902A
:106F90000DF05BFC04460D464FF00101B49801EB87
:106FA000C001DDF8A406405C4FF000014FF0300254
:106FB000BF91C0900DF049FC2A4644EA000542EA20
:106FC00001040221B49801EBC001DDF8A406405C85
:106FD00000212822BD91BE900DF037FC05430C43E3
:106FE0000321B49801EBC001DDF8A406405C002148
:106FF0002022BB91BC900DF028FC05430C430421DA
:10700000B49801EBC001DDF8A406405C0021182211
:10701000B991BA900DF019FC05430C430521B498C1
:1070200001EBC001DDF8A406405C00211022B791FD
:10703000B8900DF00AFC05430C430621B49801EB0F
:10704000C001DDF8A406405C00210822B591B6908D
:107050000DF0FBFB28430C430722B49902EBC1025D
:10706000DDF8A416895C084310AAB49902EBC101AB
:1070700011C1B498401CB490B4981028FFF67FAFAB
:10708000D7E0B498801E10A901EBC000D0E9001031
:107090001322D691D5900846D5990DF0E9FB044608
:1070A0000D46B498A0F1020010A901EBC000D0E990
:1070B00000104FF02D02D491D3900846D3990DF0D3
:1070C000C4FB44EA000745EA0106B498801E10A9F3
:1070D00001EBC000D0E900103D22D291D1900846CA
:1070E000D1990DF0C5FB04460D46B498A0F10200FD
:1070F00010A901EBC000D0E900104FF00302D091BD
:10710000CF900846CF990DF0A0FB044345EA01005B
:1071100087EA040586EA0004B498801E10A901EBF2
:10712000C000D0E900100622CE91CD900846CD993E
:107130000DF09EFB45404C40B498C01F10A901EBD8
:10714000C00103C9281844EB0106CDF89C06B49889
:107150000F3810A901EBC000D0E900100122CC913A
:10716000CB900846CB990DF083FB04460D46B498AE
:10717000A0F10F0010A901EBC000D0E900104FF002
:107180003F02CA91C9900846C9990DF05EFB44EAD6
:10719000000845EA0107B4980F3810A901EBC000B8
:1071A000D0E900100822C891C7900846C7990DF091
:1071B0005FFB04460D46B498A0F10F0010A901EB47
:1071C000C000D0E900104FF03802C691C5900846C3
:1071D000C5990DF03AFB044345EA010088EA04052D
:1071E00087EA0004B4980F3810A901EBC000D0E979
:1071F00000100722C491C3900846C3990DF038FBD4
:1072000045404C40DDF89C0641196641B498103861
:1072100010AA02EBC000D0E90032C91846EB020008
:1072200010ABB49A03EBC202C2E90010B498401C40
:10723000B490B4985028FFF624AF0020B49000BF5B
:1072400000BF0E22DDE90810EE91ED900846ED99A1
:107250000DF00EFB04460D464FF03202DDE908103A
:10726000EC91EB900846EB990DF0EFFA44EA00063A
:1072700045EA01071222DDE90810EA91E990084683
:10728000E9990DF0F5FA04460D464FF02E02DDE9BE
:107290000810E891E7900846E7993FE008C9BCF379
:1072A00067E6096A3BA7CA8485AE67BB2BF894FEE4
:1072B00072F36E3CF1361D5F3AF54FA5D182E6AD13
:1072C0007F520E511F6C3E2B8C68059B6BBD41FBA2
:1072D000ABD9831F79217E1319CDE05BD89E05C100
:1072E0005D9DBBCB07D57C362A299A6217DD7030AD
:1072F0005A01599139590EF7D8EC2F15310BC0FFAF
:107300006726336711155868874AB48EA78FF964CA
:107310000D2E0CDBA44FFABE1D48B5470DF095FAB3
:1073200004430D43384686EA040780EA050629220D
:10733000DDE90810E691E5900846E5990DF098FA28
:1073400004460D464FF01702DDE90810E491E39082
:107350000846E3990DF079FA04430D43674086EA45
:107360000500DDE90E21BC1841410AA825C8684086
:107370000D9B5A40DDE9085328401A40DDE90C56C0
:1073800080EA050382EA0600E2184841FE4BB49900
:1073900003EBC1030ACB5118584110ABB49A03EB6D
:1073A000C2030CCB89185841B291B3901C22DDE97D
:1073B0000010E291E1900846E1990DF059FA044677
:1073C0000D464FF02402DDE90010E091DF90084601
:1073D000DF990DF03AFA44EA000645EA0107222255
:1073E000DDE90010DE91DD900846DD990DF040FAF0
:1073F00004460D464FF01E02DDE90010DC91DB90E3
:107400000846DB990DF021FA04430D43384686EA1D
:10741000040780EA05062722DDE90010DA91D990F9
:107420000846D9990DF024FA04460D464FF019028A
:10743000DDE90010D891D7900846D7990DF005FAEC
:1074400004430D437C4086EA0503DDE90052DDE993
:1074500002100D400240DDE90010CDF89406DDE990
:10746000027639433043CDF89816DDE904673140A0
:1074700038400D4342EA0001621943EB0100B0922B
:10748000B190DDE90632B299B39859184241CDE97D
:107490000612B19BB09AB299B39889185841CDE9B8
:1074A0000E1000BFB498401CB49000BF0E22DDE95E
:1074B00006100DF2144303C30846DDF814140DF052
:1074C000D7F904460D464FF03202DDE906100DF201
:1074D0000C4303C30846DDF80C140DF0B6F944EA7A
:1074E000000745EA01061222DDE906100DF2044309
:1074F00003C30846DDF804140DF0BAF904460D463E
:107500004FF02E02DDE90610FFAB03C30846FF99DA
:107510000DF09BF904430D4367406E402922DDE9DD
:107520000610FE91FD900846FD990DF0A1F9044664
:107530000D464FF01702DDE90610FC91FB9008465E
:10754000FB990DF082F904430D43674086EA05007C
:10755000DDE90C127B185041DDE90A54DDE9082110
:107560006A406140DDE906542A402140DDE90A54C1
:107570006A404C4099186041834BB49A03EBC203B4
:107580000CCB8918584110ABB49A03EBC2030CCB57
:1075900089185841B291B3901C22DDE90E10FA917E
:1075A000F9900846F9990DF063F904460D464FF03D
:1075B0002402DDE90E10F891F7900846F7990DF0D6
:1075C00044F944EA000745EA01062222DDE90E10EB
:1075D000F691F5900846F5990DF04AF904460D46E6
:1075E0004FF01E02DDE90E10F491F3900846F39976
:1075F0000DF02BF904430D4367406E402722DDE96F
:107600000E10F291F1900846F1990DF031F904460F
:107610000D464FF01902DDE90E10F091EF9008468B
:10762000EF990DF012F9044345EA010087EA0405D9
:1076300086EA0004DDE90E32DDE9000103400A407C
:10764000DDE90E10CDF88C06DDE9007639433043D4
:10765000CDF89016DDE90267314038400B4342EA2D
:107660000001EA1844EB0100B092B190DDE9043268
:10767000B299B39859184241CDE90412B19BB09A1E
:10768000B299B39889185841CDE90C1000BFB4984D
:10769000401CB49000BF0E22DDE904100DF27443CB
:1076A00003C30846DDF874140DF0E2F804460D46F5
:1076B0004FF03202DDE904100DF26C4303C30846BB
:1076C000DDF86C140DF0C1F844EA000745EA010644
:1076D0001222DDE904100DF2644303C30846DDF80D
:1076E00064140DF0C5F804460D464FF02E02DDE996
:1076F00004100DF25C4303C30846DDF85C140DF082
:10770000A4F804430D43304687EA040680EA0507DF
:107710002922DDE904100DF2544303C30846DDF8C5
:1077200054140DF0A5F804460D464FF01702DDE99C
:1077300004100DF24C4303C30846DDF84C140DF061
:1077400084F804430D43664087EA0501DDE90A0237
:1077500033185141DDE90854DDE906206A406040F4
:10776000DDE904542A402040DDE908546A404440E1
:1077700098186141044BB49A03EBC2030CCB8218F6
:1077800041EB030010AB01E0C0B20200B49903EB7F
:10779000C1030ACB51185841B291B3901C22DDE9C4
:1077A0000C100DF2444303C30846DDF844140DF0F9
:1077B0005FF804460D464FF02402DDE90C100DF28F
:1077C0003C4303C30846DDF83C140DF03EF844EAA0
:1077D000000745EA01062222DDE90C100DF23443D0
:1077E00003C30846DDF834140DF042F804460D4694
:1077F0004FF01E02DDE90C100DF22C4303C30846C6
:10780000DDF82C140DF021F804430D43304687EACF
:10781000040680EA05072722DDE90C100DF2244357
:1078200003C30846DDF824140DF022F804460D4683
:107830004FF01902DDE90C100DF21C4303C308469A
:10784000DDF81C140DF001F804430D4386EA040230
:1078500087EA0503DDE90C54DDE90E100D40044014
:10786000DDE90C10CDF88406DDE90E7639433043AE
:10787000CDF88816DDE90076394030400D430443E9
:10788000521943EB0400B092B190DDE90232B29993
:10789000B39859184241CDE90212B29BB09AB199FE
:1078A000B3989A184841CDE90A2000BFB498401C0B
:1078B000B49000BF0E22DDE902100DF2D44303C3E1
:1078C0000846DDF8D4140CF0D3FF04460D464FF003
:1078D0003202DDE902100DF2CC4303C30846DDF8A5
:1078E000CC140CF0B2FF44EA000745EA010612226C
:1078F000DDE902100DF2C44303C30846DDF8C414E9
:107900000CF0B6FF04460D464FF02E02DDE90210E2
:107910000DF2BC4303C30846DDF8BC140CF095FF20
:1079200004430D4367406E402922DDE902100DF249
:10793000B44303C30846DDF8B4140CF099FF0446C1
:107940000D464FF01702DDE902100DF2AC4303C300
:107950000846DDF8AC140CF078FF04430D43674093
:1079600086EA0501DDE908023C18514104A825C852
:107970006840079B5A40DDE9025328401340DDE987
:10798000066580EA060283EA0500A3184841FE4A1C
:10799000B49902EBC10206CA5B18504110AAB4990F
:1079A00002EBC10206CA59185041B291B3901C2291
:1079B000DDE90A100DF2A44303C30846DDF8A41460
:1079C0000CF056FF04460D464FF02402DDE90A1084
:1079D0000DF29C4303C30846DDF89C140CF035FF00
:1079E00044EA000745EA01062222DDE90A100DF209
:1079F000944303C30846DDF894140CF039FF0446A1
:107A00000D464FF01E02DDE90A100DF28C4303C350
:107A10000846DDF88C140CF018FF04430D43304683
:107A200087EA040680EA05072722DDE90A100DF23D
:107A3000844303C30846DDF884140CF019FF0446A0
:107A40000D464FF01902DDE90A100DF27C4303C325
:107A50000846DDF87C140CF0F8FE04430D4386EA7A
:107A600004027D40DDE90A43DDE90C0104400B40DE
:107A7000DDE90A10CDF87C06DDE90C7639433043A8
:107A8000CDF88016DDE90E76394030400C4343EAEC
:107A90000001131945EB0100B093B190DDE900320C
:107AA000B299B39859184241CDE90012B09BB29AED
:107AB000B199B398D2184841CDE9082000BFB498D5
:107AC000401CB49000BF0E22DDE900100DF23453CB
:107AD00003C30846DDF834150CF0CAFE04460D4613
:107AE0004FF03202DDE900100DF22C5303C30846BB
:107AF000DDF82C150CF0A9FE44EA000745EA010662
:107B00001222DDE900100DF2245303C30846DDF80C
:107B100024150CF0ADFE04460D464FF02E02DDE9B3
:107B200000100DF21C5303C30846DDF81C150CF0C1
:107B30008CFE04430D4367406E402922DDE90010AE
:107B40000DF2145303C30846DDF814150CF090FE33
:107B500004460D464FF01702DDE900100DF20C53FC
:107B600003C30846DDF80C150CF06FFE04430D430B
:107B7000674086EA0500DDE90621BC1840EB0102FA
:107B8000DDE90453DDE9021069405840DDE90053A6
:107B900029400340DDE9046581EA06006B402418B2
:107BA0005A417949B49801EBC0000AC810461A46F8
:107BB0006318504110AAB49902EBC10206CA5918C1
:107BC0005041B291B3901C22DDE908100DF204532C
:107BD00003C30846DDF804150CF04AFE04460D46C2
:107BE0004FF02402DDE908100DF2FC4303C3084600
:107BF000DDF8FC140CF029FE44EA000745EA010612
:107C00002222DDE908100DF2F44303C30846DDF833
:107C1000F4140CF02DFE04460D464FF01E02DDE973
:107C200008100DF2EC4303C30846DDF8EC140CF029
:107C30000CFE04430D43304687EA040680EA05073C
:107C40002722DDE908100DF2E44303C30846DDF8FE
:107C5000E4140CF00DFE04460D464FF01902DDE968
:107C600008100DF2DC4303C30846DDF8DC140CF009
:107C7000ECFD044345EA010086EA040587EA0004B6
:107C8000DDE90832DDE90A0103400A40DDE90810B8
:107C9000CDF87406DDE90A7639433043CDF878161D
:107CA000DDE90C76394030400B430243EB1844EBDE
:107CB0000200B093B190DDE90E32B299B398591831
:107CC0004241CDE90E12B09BB29AB199B398D21845
:107CD0004841CDE9062000BFB498401CB49000BFD5
:107CE0000E22DDE90E100DF2945303C30846DDF8B1
:107CF00094150CF0BDFD04460D464FF03202DDE94F
:107D00000E100DF28C5303C30846DDF88C150CF0F1
:107D10009CFD44EA000745EA01061222DDE90E1047
:107D20000DF2845303C30846DDF884150CF0A0FD62
:107D300004460D464FF02E02DDE90E100DF27C5385
:107D400003C30846DDF87C150CF07FFD04430D43AA
:107D500067406E402922DDE90E100DF2745303C313
:107D60000846DDF874150CF083FD04460D464FF00F
:107D70001702DDE90E100DF26C5303C30846DDF85F
:107D80006C150CF062FD01E0C0B2020004430D432B
:107D9000674086EA0501DDE904023C185141DDE94E
:107DA0000253DDE900206A405840DDE90E5602EA40
:107DB000050300EA0602DDE9026583EA060082EABD
:107DC0000503221841EB0300FE4BB49903EBC103FA
:107DD00012CB5318604110AAB49902EBC10206CA33
:107DE00059185041B291B3901C22DDE906100DF2F2
:107DF000645303C30846DDF864150CF039FD0446EE
:107E00000D464FF02402DDE906100DF25C5303C36A
:107E10000846DDF85C150CF018FD44EA000745EA59
:107E200001062222DDE906100DF2545303C3084671
:107E3000DDF854150CF01CFD04460D464FF01E02F3
:107E4000DDE906100DF24C5303C30846DDF84C156E
:107E50000CF0FBFC04430D4367406E402722DDE934
:107E600006100DF2445303C30846DDF844150CF028
:107E7000FFFC04460D464FF01902DDE906100DF235
:107E80003C5303C30846DDF83C150CF0DEFC04430C
:107E90000D4387EA040286EA0504DDE90635DDE9DB
:107EA000080103400D40DDE90610CDF86C06DDE960
:107EB000087639433043CDF87016DDE90A67314062
:107EC00038400B430543D11844EB0500B091B19005
:107ED000DDE90C32B299B39859184241CDE90C1240
:107EE000B0A90EC9B39859185041CDE9041000BF8C
:107EF000B498401CB49000BF0E22DDE90C100DF2C6
:107F0000F45303C30846DDF8F4150CF0B1FC044645
:107F10000D464FF03202DDE90C100DF2EC5303C3B5
:107F20000846DDF8EC150CF090FC44EA000745EA41
:107F300001061222DDE90C100DF2E45303C30846DA
:107F4000DDF8E4150CF094FC04460D464FF02E02CB
:107F5000DDE90C100DF2DC5303C30846DDF8DC1537
:107F60000CF073FC04430D4367406E402922DDE9A9
:107F70000C100DF2D45303C30846DDF8D4150CF0F1
:107F800077FC04460D464FF01702DDE90C100DF2A8
:107F9000CC5303C30846DDF8CC150CF056FC044363
:107FA0000D43674086EA0501DDE90220BC18414126
:107FB000DDE90053DDE90E0268405A400346DDE981
:107FC0000C6533402A40DDE9006583EA06006A401B
:107FD000201851417B4BB49A03EBC20314CB831896
:107FE00041EB040010AAB49902EBC10206CA591869
:107FF0005041B291B3901C22DDE904100DF2C4533C
:1080000003C30846DDF8C4150CF032FC04460D46E7
:108010004FF02402DDE904100DF2BC5303C30846FF
:10802000DDF8BC150CF011FC44EA000745EA010636
:108030002222DDE904100DF2B45303C30846DDF833
:10804000B4150CF015FC04460D464FF01E02DDE998
:1080500004100DF2AC5303C30846DDF8AC150CF068
:10806000F4FB04430D43304687EA040680EA050723
:108070002722DDE904100DF2A45303C30846DDF8FE
:10808000A4150CF0F5FB04460D464FF01902DDE98E
:1080900004100DF29C5303C30846DDF89C150CF048
:1080A000D4FB04430D4386EA040287EA0504DDE9B4
:1080B0000435DDE9060103400D40DDE90410CDF88B
:1080C0006406DDE9067639433043CDF86816DDE90C
:1080D0000867314038400B430543D11844EB050095
:1080E000B091B190DDE90A32B299B3985918424182
:1080F000CDE90A12B0A90EC9B39859185041CDE97B
:10810000021000BFB498401CB49000BF0E22DDE9FD
:108110000A100DF2546303C30846DDF854160CF040
:10812000A7FB04460D464FF03202DDE90A100DF2BE
:108130004C6303C30846DDF84C160CF086FB44EA9A
:10814000000745EA01061222DDE90A100DF2446338
:1081500003C30846DDF844160CF08AFB04460D46BE
:108160004FF02E02DDE90A100DF23C6303C308460E
:10817000DDF83C160CF069FB04430D4367406E408C
:108180002922DDE90A100DF2346303C30846DDF845
:1081900034160CF06DFB04460D464FF01702DDE976
:1081A0000A100DF22C6303C30846DDF82C160CF000
:1081B0004CFB04430D43674086EA0500DDE90012ED
:1081C0007B1801E0C0B202005041DDE90E54DDE948
:1081D0000C216A406140DDE90A542A402140DDE972
:1081E0000E546A4061409B184841FE4AB49902EB24
:1081F000C101D1E900219A18484110ABB49903EBB1
:10820000C10118C9D1186041B291B3901C22DDE9B7
:108210000201CDF82416CDF828060CF029FB0446FF
:108220000D464FF02402DDE902100DF21C6303C37A
:108230000846DDF81C160CF008FB44EA000745EA86
:1082400001062222DDE902100DF2146303C3084681
:10825000DDF814160CF00CFB04460D464FF01E0220
:10826000DDE902100DF20C6303C30846DDF80C16BD
:108270000CF0EBFA04430D4367406E402722DDE922
:1082800002100DF2046303C30846DDF804160CF077
:10829000EFFA04460D464FF01902DDE902100DF227
:1082A000FC5303C30846DDF8FC150CF0CEFA04437A
:1082B00045EA010087EA040586EA0004DDE90223B5
:1082C000DDE9040102400B40DDE90210CDF85C0657
:1082D000DDE904673143CDF8601640EA0701DDE9C6
:1082E0000676DDF860063840314002430B43AA1899
:1082F00044EB0300B092B190DDE90832B299B39833
:1083000059184241CDE90812B29BB09AB199B3987D
:108310009A184841CDE9002000BFB498401CB490A1
:10832000B4985028FEF68CAF0020B49018E0DDF829
:10833000A0061030B49900EBC100D0E900306A46C5
:1083400002EBC10212CA5A186041DDF8A0161031C2
:10835000B49B01EBC301C1E90020B498401CB49068
:10836000B4980828E3DB00200DF5D56DBDE8F08159
:1083700070B504460D4629462046FEF7E0FD70BD67
:108380002DE9F0470546884614466FF06D0900BF99
:1083900000BF00BF00BF14B90020BDE8F0877F21F7
:1083A000286800EA0106C6F18007D5E90020121905
:1083B00040F10000C5E90020D5E90020121B70F152
:1083C000000006D2D5E90220521C40F10000C5E9A8
:1083D0000220AEB1BC4213D305F1500188193A46D0
:1083E00041460CF033FE05F150012846FEF7A7FD8B
:1083F0005FEA000901D04846CFE7B844E41B0026F5
:108400000BE041462846FEF79AFD5FEA000901D0DD
:108410004846C2E708F18008803C802CF1D234B194
:1084200005F150018819224641460CF00FFE00204C
:10843000B3E770B504460D46164632462946204637
:10844000FFF79EFF70BD33B5ADF51B7D6FF06D007E
:10845000079000BF00BF00BF00BF9B9800687F214E
:108460000840069080220699481C06909B98503040
:108470004254069870280CD80698C0F170000190FC
:108480009B98503006990844009001990CF0AAFE80
:108490001BE00698C0F1800001909B98503006992F
:1084A0000844009001990CF09DFE9B9950319B98D7
:1084B000FEF745FD079018B107980DF51D7D30BDFD
:1084C00070219B9850300CF0AFFE9B98D0E90010C3
:1084D0003D22CDE92801084628990CF0C9F9044647
:1084E0000D469B98D0E902104FF00302CDE926011A
:1084F000084626990CF0A9F920432943CDE9040147
:108500009B98D0E900100322CDE924010846249964
:108510000CF09BF9CDE902013822DDE90401CDE937
:1085200022100CF0A5F9C1B29B9880F8C01030223F
:10853000DDE90401CDE920100CF09AF9C1B29B9855
:1085400080F8C1102822DDE90401CDE91E100CF0ED
:108550008FF9C1B29B9880F8C2102022DDE9040196
:10856000CDE91C100CF084F9C1B29B9880F8C310BF
:108570001822DDE90401CDE91A100CF079F9C1B235
:108580009B9880F8C4101022DDE90401CDE9181091
:108590000CF06EF9C1B29B9880F8C5100822DDE995
:1085A0000401CDE916100CF063F9C1B29B9880F874
:1085B000C6100498C1B29B9880F8C7103822DDE934
:1085C0000201CDE914100CF053F9C1B29B9880F868
:1085D000C8103022DDE90201CDE912100CF048F993
:1085E000C1B201E0C0B202009B9880F8C9102822F5
:1085F000DDE90201CDE910100CF03AF9C1B29B9807
:1086000080F8CA102022DDE90201CDE90E100CF03D
:108610002FF9C1B29B9880F8CB101822DDE9020136
:10862000CDE90C100CF024F9C1B29B9880F8CC1065
:108630001022DDE90201CDE90A100CF019F9C1B2EE
:108640009B9880F8CD100822DDE90201CDE90810E1
:108650000CF00EF9C1B29B9880F8CE100298C1B20E
:108660009B9880F8CF109B9950319B98FEF767FC40
:10867000079008B1079820E79B98D0E904103822AA
:108680007D917C9008467C990CF0F2F8C1B29C98E0
:1086900001709B98D0E9041030227B917A900846B3
:1086A0007A990CF0E5F8C1B29C9841709B98D0E99A
:1086B0000410282279917890084678990CF0D8F81F
:1086C000C1B29C9881709B98D0E9041020227791C8
:1086D0007690084676990CF0CBF8C1B29C98C170A0
:1086E0009B98D0E9041018227591749008467499EB
:1086F0000CF0BEF8C1B29C9801719B98D0E90410AF
:10870000102273917290084672990CF0B1F8C1B2C0
:108710009C9841719B98D0E9041008227191709047
:10872000084670990CF0A4F8C1B29C9881719B988E
:108730000069C1B29C98C1719B98D0E9061038229B
:108740006F916E9008466E990CF092F8C1B29C98A9
:1087500001729B98D0E9061030226D916C9008460A
:108760006C990CF085F8C1B29C9841729B98D0E945
:10877000061028226B916A9008466A990CF078F8E6
:10878000C1B29C9881729B98D0E906102022699111
:108790006890084668990CF06BF8C1B29C98C17259
:1087A0009B98D0E906101822679166900846669952
:1087B0000CF05EF8C1B29C9801739B98D0E906104A
:1087C000102265916490084664990CF051F8C1B28A
:1087D0009C9841739B98D0E906100822639162909F
:1087E000084662990CF044F8C1B29C9881739B983A
:1087F0008069C1B29C98C1739B98D0E90810382257
:1088000061916090084660990CF032F8C1B29C9872
:1088100001749B98D0E9081030225F915E90084661
:108820005E990CF025F8C1B29C9841749B98D0E9F0
:10883000081028225D915C9008465C990CF018F8AD
:10884000C1B29C9881749B98D0E9081020225B915A
:108850005A9008465A990CF00BF8C1B29C98C17412
:108860009B98D0E9081018225991589008465899B9
:108870000BF0FEFFC1B29C9801759B98D0E90810DF
:10888000102257915690084656990BF0F1FFC1B24D
:108890009C9841759B98D0E90810082255915490F6
:1088A000084654990BF0E4FFC1B29C9881759B98DF
:1088B000006AC1B29C98C1759B98D0E90A10382211
:1088C00053915290084652990BF0D2FFC1B29C9836
:1088D00001769B98D0E90A103022519150900846B9
:1088E00050990BF0C5FFC1B29C9841769B98D0E996
:1088F0000A1028224F914E9008464E990BF0B8FF6F
:10890000C1B29C9881769B98D0E90A1020224D91A3
:108910004C9008464C990BF0ABFFC1B29C98C176C5
:108920009B98D0E90A1018224B914A9008464A9920
:108930000BF09EFFC1B29C9801779B98D0E90A107A
:10894000102249914890084648990BF091FFC1B216
:108950009C9841779B98D0E90A100822479146904D
:10896000084646990BF084FFC1B29C9881779B988A
:10897000806AC1B29C98C1779B9800F11001006B8E
:10898000496A3822449145900BF072FFC1B29C981D
:1089900080F820109B98D0E90C103022439142902F
:1089A000084642990BF064FFC1B29C9880F82110F0
:1089B0009B98D0E90C10282241914090084640999C
:1089C0000BF056FFC1B29C9880F822109B98D0E91A
:1089D0000C102022CDE93E0108463E990BF048FFDD
:1089E000C1B29C9880F823109B98D0E90C101822F3
:1089F000CDE93C0108463C990BF03AFFC1B29C9886
:108A000080F824109B98D0E90C101022CDE93A018F
:108A100008463A990BF02CFFC1B29C9880F82510BB
:108A20009B98D0E90C100822CDE938010846389906
:108A30000BF01EFFC1B29C9880F826109B98006B2B
:108A4000C1B29C9880F827109B98D0E90E1038226C
:108A5000CDE93601084636990BF00AFFC1B29C9861
:108A600080F828109B98D0E90E103022CDE934010F
:108A7000084634990BF0FCFEC1B29C9880F829108E
:108A80009B98D0E90E102822CDE932010846329990
:108A90000BF0EEFEC1B29C9880F82A109B98D0E9AA
:108AA0000E102022CDE93001084630990BF0E0FE8F
:108AB000C1B29C9880F82B109B98D0E90E10182218
:108AC000CDE92E0108462E990BF0D2FEC1B29C983A
:108AD00080F82C109B98D0E90E101022CDE92C01C3
:108AE00008462C990BF0C4FEC1B29C9880F82D105A
:108AF0009B98D0E90E100822CDE92A0108462A9950
:108B00000BF0B6FEC1B29C9880F82E109B98806B3B
:108B1000C1B29C9880F82F109B98D0F8D000002804
:108B20007ED19B98D0E910103822999198900846F0
:108B300098990BF09DFEC1B29C9880F830109B98DC
:108B4000D0E91010302297919690084696990BF034
:108B50008FFEC1B29C9880F831109B98D0E910101C
:108B6000282295919490084694990BF081FEC1B209
:108B70009C9880F832109B98D0E910102022939195
:108B80009290084692990BF073FEC1B29C9880F8BF
:108B900033109B98D0E910101822919190900846BC
:108BA00090990BF065FEC1B29C9880F834109B98A8
:108BB000D0E9101010228F918E9008468E990BF0FC
:108BC00057FEC1B29C9880F835109B98D0E91010E0
:108BD00008228D918C9008468C990BF049FEC1B209
:108BE0009C9880F836109B98006CC1B29C9880F8D5
:108BF00037109B98D0E9121038228B918A90084642
:108C00008A990BF035FEC1B29C9880F838109B9879
:108C1000D0E912103022899188900846889900E0A6
:108C200051E00BF025FEC1B29C9880F839109B985A
:108C3000D0E91210282287918690084686990BF079
:108C400017FEC1B29C9880F83A109B98D0E9121098
:108C5000202285918490084684990BF009FEC1B2C8
:108C60009C9880F83B109B98D0E9121018228391B1
:108C70008290084682990BF0FBFDC1B29C9880F867
:108C80003C109B98D0E912101022819180900846E8
:108C900080990BF0EDFDC1B29C9880F83D109B9837
:108CA000D0E9121008227F917E9008467E990BF041
:108CB000DFFDC1B29C9880F83E109B98806CC1B2D9
:108CC0009C9880F83F100020D5E470B504460D460E
:108CD00029462046FFF7B7FB70BD2DE9F041B6B03D
:108CE00004460D4616461F466FF06D0800BF00BFD4
:108CF00000BF00BF00BF00BF6846FEF7A7F83946B7
:108D00006846FEF7C3F85FEA000800D011E02A4683
:108D100021466846FFF734FB5FEA000800D008E010
:108D200031466846FFF78FFB5FEA000800D000E09D
:108D300000BF6846FEF793F8404636B0BDE8F081C4
:108D40002DE9F04104460D4616461F463B46324685
:108D500029462046FFF7C1FFBDE8F08110B5044663
:108D600000BF00BF5C2120460CF05EFA10BD10B5BC
:108D7000044604B910BD5C212046F1F733FB00BF67
:108D8000F8E770B504460D4600BF00BF00BF00BF46
:108D90005C22294620460CF0E0F970BD014600BF78
:108DA00000BF002008604860FE488860FE4ACA6034
:108DB000C2430A61FC4AD2434A61FC4A8A610020EC
:108DC000704700B503461846FFF7E8FF00BD2DE9E0
:108DD000F04390B084460F4600BF00BF00BF00BF05
:108DE0003878000697F8018040EA084097F802803A
:108DF00040EA082097F8038040EA0800009038799C
:108E0000000697F8058040EA084097F8068040EA97
:108E1000082097F8078040EA08000190387A000699
:108E200097F8098040EA084097F80A8040EA08204D
:108E300097F80B8040EA08000290387B000697F80C
:108E40000D8040EA084097F80E8040EA082097F825
:108E50000F8040EA08000390387C000697F81180E4
:108E600040EA084097F8128040EA082097F81380FB
:108E700040EA08000490387D000697F8158040EA23
:108E8000084097F8168040EA082097F8178040EAD3
:108E900008000590387E000697F8198040EA0840DF
:108EA00097F81A8040EA082097F81B8040EA0800EB
:108EB0000690387F000697F81D8040EA084097F832
:108EC0001E8040EA082097F81F8040EA08000790BB
:108ED00097F82000000697F8218040EA084097F8AC
:108EE000228040EA082097F8238040EA0800089092
:108EF00097F82400000697F8258040EA084097F884
:108F0000268040EA082097F8278040EA0800099068
:108F100097F82800000697F8298040EA084097F85B
:108F20002A8040EA082097F82B8040EA08000A903F
:108F300097F82C00000697F82D8040EA084097F833
:108F40002E8040EA082097F82F8040EA08000B9016
:108F500097F83000000697F8318040EA084097F80B
:108F6000328040EA082097F8338040EA08000C90ED
:108F700097F83400000697F8358040EA084097F8E3
:108F8000368040EA082097F8378040EA08000D90C4
:108F900097F83800000697F8398040EA084097F8BB
:108FA0003A8040EA082097F83B8040EA08000E909B
:108FB00097F83C00000697F83D8040EA084097F893
:108FC0003E8040EA082097F83F8040EA08000F9072
:108FD000DCF80810DCF80C20DCF81030DCF8144069
:108FE000DCF8185000BF480140EAD16883EA040069
:108FF000104060404044DFF8B8814044DDF8008014
:1090000040440544900740EA920200BF00BF680157
:1090100040EAD56882EA0300084058404044DFF83F
:1090200090814044DDF8048040440444880740EACD
:10903000910100BF00BF600140EAD46881EA0200EC
:10904000284050404044DFF868814044DDF8088003
:1090500040440344A80740EA950500BF00BF5801FB
:1090600040EAD36885EA0100204048404044DFF8E8
:1090700040814044DDF80C8040440244A00740EAAF
:10908000940400BF00BF500140EAD26884EA0500A2
:10909000184068404044DFF818814044DDF81080F3
:1090A00040440144980740EA930300BF00BF4801D1
:1090B00040EAD16883EA0400104060404044DFF891
:1090C000F0804044DDF8148040440544900740EAB5
:1090D000920200BF00BF680140EAD56882EA03003F
:1090E000084058404044DFF8C8804044DDF818800C
:1090F00040440444880740EA910100BF00BF60017A
:1091000040EAD46881EA0200284050404044DFF839
:10911000A0804044DDF81C8040440344A80740EA96
:10912000950500BF00BF580140EAD36885EA0100F9
:10913000204048404044DFF878804044DDF82080FB
:1091400040440244A00740EA940400BF00BF50011D
:1091500040EAD26884EA0500184068404044DFF8DD
:1091600050804044DDF8248040440144980740EAA0
:10917000930300BF00BF480140EAD16883EA0400BE
:10918000104060404044DFF828804044DDF82880EB
:1091900040440544900740EA920200BF00BF6801C6
:1091A00008E000000123456789ABCDEFF0E1D2C3B1
:1091B0009979825A40EAD56882EA0300084058400B
:1091C0004044DFF8F88F4044DDF82C8040440444EC
:1091D000880740EA910100BF00BF600140EAD468FF
:1091E00081EA0200284050404044DFF8D08F4044DC
:1091F000DDF8308040440344A80740EA950500BFED
:1092000000BF580140EAD36885EA01002040484089
:109210004044DFF8A88F4044DDF8348040440244E5
:10922000A00740EA940400BF00BF500140EAD268A2
:1092300084EA0500184068404044DFF8808F4044CD
:10924000DDF8388040440144980740EA930300BFAA
:1092500000BF480140EAD16883EA04001040604042
:109260004044DFF8588F4044DDF83C8040440544DA
:10927000900740EA920200BF00BFDDF820800D9801
:1092800080EA0800DDF8088080EA0800DDF8008048
:1092900080EA0806700040EAD678680140EAD5699D
:1092A00082EA0300084058404844DFF8109F4844D1
:1092B00040440444CDF80080880740EA910100BF93
:1092C00000BFDDF824800E9880EA0800DDF80C80ED
:1092D00080EA0800DDF8048080EA0806700040EAB1
:1092E000D678600140EAD46981EA02002840504003
:1092F0004844DFF8C89E484440440344CDF8048005
:10930000A80740EA950500BF00BFDDF828800F9848
:1093100080EA0800DDF8108080EA0800DDF80880A7
:1093200080EA0806700040EAD678580140EAD3691E
:1093300085EA0100204048404844DFF8809E4844C8
:1093400040440244CDF80880A00740EA940400BFDE
:1093500000BFDDF82C80009880EA0800DDF814805A
:1093600080EA0800DDF80C8080EA0806700040EA18
:10937000D678500140EAD26984EA05001840684076
:109380004844DFF8389E484440440144CDF80C80FE
:10939000980740EA930300BF00BFDDF830800198D2
:1093A00080EA0800DDF8188080EA0800DDF8108007
:1093B00080EA0806700040EAD678480140EAD169A0
:1093C00082EA030060404844DFF8F49D484440448A
:1093D0000544CDF81080900740EA920200BF00BF1C
:1093E000DDF83480029880EA0800DDF81C8080EA0D
:1093F0000800DDF8148080EA0806700040EAD6789C
:10940000680140EAD56981EA020058404844DFF823
:10941000B09D484440440444CDF81480880740EA95
:10942000910100BF00BFDDF83880039880EA080092
:10943000DDF8208080EA0800DDF8188080EA080660
:10944000700040EAD678600140EAD46985EA0100FC
:1094500050404844DFF8689D484440440344CDF8F8
:109460001880A80740EA950500BF00BFDDF83C80E2
:10947000049880EA0800DDF8248080EA0800DDF81E
:109480001C8080EA0806700040EAD678580140EA5D
:10949000D36984EA050048404844DFF8249D4844E5
:1094A00040440244CDF81C80A00740EA940400BF69
:1094B00000BFDDF80080059880EA0800DDF828800C
:1094C00080EA0800DDF8208080EA0806700040EAA3
:1094D000D678500140EAD26983EA040068404844E3
:1094E000DFF8DC9C484440440144CDF820809807D4
:1094F00040EA930300BF00BFDDF80480069880EACD
:109500000800DDF82C8080EA0800DDF8248080EA7D
:109510000806700040EAD678480140EAD16982EA3C
:10952000030060404844DFF8989C484440440544A8
:10953000CDF82480900740EA920200BF00BFDDF81A
:109540000880079880EA0800DDF8308080EA08008B
:10955000DDF8288080EA0806700040EAD6786801C5
:1095600040EAD56981EA020058404844DFF8509C3F
:10957000484440440444CDF82880880740EA9101DB
:1095800000BF00BFDDF80C80089880EA0800DDF815
:10959000348080EA0800DDF82C8080EA080670003C
:1095A00040EAD678600140EAD46985EA010050407B
:1095B0004844DFF80C9C484440440344CDF82C80D8
:1095C000A80740EA950500BF00BFDDF810800998A4
:1095D00080EA0800DDF8388080EA0800DDF8308095
:1095E00080EA0806700040EAD678580140EAD3695C
:1095F00084EA050048404844DFF8C49B484440449E
:109600000244CDF83080A00740EA940400BF00BFB8
:10961000DDF814800A9880EA0800DDF83C8080EAD2
:109620000800DDF8348080EA0806700040EAD67849
:10963000500140EAD26983EA040068404844DFF8F8
:10964000809B484440440144CDF83480980740EA68
:10965000930300BF00BFDDF818800B9880EA080074
:10966000DDF8008080EA0800DDF8388080EA08062E
:10967000700040EAD678480140EAD16982EA0300E6
:1096800060404844DFF8389B484440440544CDF8E6
:109690003880900740EA920200BF00BFDDF81C80CE
:1096A0000C9880EA0800DDF8048080EA0800DDF804
:1096B0003C8080EA0806700040EAD678680140EAFB
:1096C000D56981EA020058404844DFF8F49A4844DA
:1096D00040440444CDF83C80880740EA910100BF33
:1096E00000BFDDF820800D9880EA0800DDF80880D2
:1096F00080EA0800DDF8008080EA0806700040EA91
:10970000D678600140EAD46985EA010050404844B7
:10971000DFF8AC9A484440440344CDF80080A807E1
:1097200040EA950500BF00BFDDF824800E9880EA6E
:109730000800DDF80C8080EA0800DDF8048080EA8B
:109740000806700040EAD678580140EAD36984EAF6
:10975000050048404844DFF8689A484440440244C1
:10976000CDF80480A00740EA940400BF00BFDDF8F4
:1097700028800F9880EA0800DDF8108080EA080051
:10978000DDF8088080EA0806700040EAD6785001CB
:1097900040EAD26983EA040068404844DFF8209A2E
:1097A000484440440144CDF80880980740EA9303B8
:1097B00000BF00BFDDF82C80009880EA0800DDF8CB
:1097C000148080EA0800DDF80C8080EA080670004A
:1097D00040EAD678480140EAD16982EA0300604055
:1097E0004844DFF8DC99484440440544CDF80C80F7
:1097F000900740EA920200BF00BFDDF83080019878
:1098000080EA0800DDF8188080EA0800DDF81080A2
:1098100080EA0806700040EAD678680140EAD56917
:1098200081EA020058404844DFF894994844404493
:109830000444CDF81080880740EA910100BF00BFC2
:10984000DDF83480029880EA0800DDF81C8080EAA8
:109850000800DDF8148080EA0806700040EAD67837
:10986000600140EAD46985EA010050404844DFF8CD
:109870005099484440440344CDF81480A80740EA76
:10988000950500BF00BFDDF83880039880EA080026
:10989000DDF8208080EA0800DDF8188080EA0806FC
:1098A000700040EAD678580140EAD36984EA05009E
:1098B00048404844DFF80899484440440244CDF801
:1098C0001880A00740EA940400BF00BFDDF83C8088
:1098D000049880EA0800DDF8248080EA0800DDF8BA
:1098E0001C8080EA0806700040EAD678500140EA01
:1098F000D26983EA040068404844DFF8C4984844C9
:1099000040440144CDF81C80980740EA930300BF0F
:1099100000BF480140EAD16902EA030042EA0308B5
:1099200008EA040840EA08004844DFF898888044C0
:10993000DDF80090059880EA0900DDF8289080EABB
:109940000900DDF8209080EA0906700040EAD67030
:10995000089040440544900740EA920200BF00BFCF
:10996000680140EAD56901EA020041EA020808EA12
:10997000030840EA08004844DFF848888044DDF8DE
:109980000490069880EA0900DDF82C9080EA09002E
:10999000DDF8249080EA0906700040EAD67009904C
:1099A00040440444880740EA910100BF00BF6001C1
:1099B00040EAD46905EA010045EA010808EA02081C
:1099C00040EA08004844DFF8FC878044DDF808904E
:1099D000079880EA0900DDF8309080EA0900DDF898
:1099E000289080EA0906700040EAD6700A90404448
:1099F0000344A80740EA950500BF00BF580140EAAC
:109A0000D36904EA050044EA050808EA010840EAC7
:109A100008004844DFF8AC878044DDF80C900898D3
:109A200080EA0900DDF8349080EA0900DDF82C9026
:109A300080EA0906700040EAD6700B904044024468
:109A4000A00740EA940400BF00BF500140EAD26979
:109A500003EA040043EA040808EA050840EA0800AB
:109A60004844DFF860878044DDF81090099880EA68
:109A70000900DDF8389080EA0900DDF8309080EACE
:109A80000906700040EAD6700C90404401449807E3
:109A900040EA930300BF00BF480140EAD16902EAEF
:109AA000030042EA030808EA040840EA08004844C0
:109AB000DFF810878044DDF814900A9880EA0900E6
:109AC000DDF83C9080EA0900DDF8349080EA090670
:109AD000700040EAD6700D9040440544900740EA7B
:109AE000920200BF00BF680140EAD56901EA0200A6
:109AF00041EA020808EA030840EA08004844DFF89F
:109B0000C4868044DDF818900B9880EA0900DDF8DF
:109B1000009080EA0900DDF8389080EA09067000BC
:109B200040EAD6700E9040440444880740EA910110
:109B300000BF00BF600140EAD46905EA010045EAC0
:109B4000010808EA020840EA08004844DFF8748681
:109B50008044DDF81C900C9880EA0900DDF8049040
:109B600080EA0900DDF83C9080EA0906700040EACE
:109B7000D6700F9040440344A80740EA950500BF03
:109B800000BF580140EAD36904EA050044EA050829
:109B900008EA010840EA08004844DFF828868044C3
:109BA000DDF820900D9880EA0900DDF8089080EA41
:109BB0000900DDF8009080EA0906700040EAD670DE
:109BC000009040440244A00740EA940400BF00BF54
:109BD000500140EAD26903EA040043EA040808EAB3
:109BE000050840EA08004844DFF8D8858044DDF8DD
:109BF00024900E9880EA0900DDF80C9080EA0900B4
:109C0000DDF8049080EA0906700040EAD670019001
:109C100040440144980740EA930300BF00BF480155
:109C200040EAD16902EA030042EA030808EA0408AC
:109C300040EA08004844DFF88C858044DDF828902D
:109C40000F9880EA0900DDF8109080EA0900DDF83D
:109C5000089080EA0906700040EAD67002904044FD
:109C60000544900740EA920200BF00BF680140EA45
:109C7000D56901EA020041EA020808EA030840EA5D
:109C800008004844DFF83C858044DDF82C900098BB
:109C900080EA0900DDF8149080EA0900DDF80C90F4
:109CA00080EA0906700040EAD670039040440444FC
:109CB000880740EA910100BF00BF600140EAD46913
:109CC00005EA010045EA010808EA020840EA08003E
:109CD0004844DFF8F0848044DDF83090019880EA51
:109CE0000900DDF8189080EA0900DDF8109080EA9C
:109CF0000906700040EAD670049040440344A80767
:109D000040EA950500BF00BF580140EAD36904EA64
:109D1000050044EA050808EA010840EA080048444A
:109D2000DFF8A0848044DDF83490029880EA0900CE
:109D3000DDF81C9080EA0900DDF8149080EA09063D
:109D4000700040EAD670059040440244A00740EA03
:109D5000940400BF00BF500140EAD26903EA040046
:109D600043EA040808EA050840EA08004844DFF826
:109D700054848044DDF83890039880EA0900DDF8C7
:109D8000209080EA0900DDF8189080EA090670004A
:109D900040EAD670069040440144980740EA930395
:109DA00000BF00BF480140EAD16902EA030042EA6D
:109DB000030808EA040840EA08004844DFF804847D
:109DC0008044DDF83C90049880EA0900DDF8249096
:109DD00080EA0900DDF81C9080EA0906700040EA7C
:109DE000D670079040440544900740EA920200BFB5
:109DF00000BF680140EAD56901EA020041EA0208B1
:109E000008EA030840EA08004844DFF8B8838044C1
:109E1000DDF80090059880EA0900DDF8289080EAD6
:109E20000900DDF8209080EA0906700040EAD6704B
:109E3000089040440444880740EA910100BF00BFF5
:109E4000600140EAD46905EA010045EA010808EA30
:109E5000020840EA08004844DFF868838044DDF8DF
:109E60000490069880EA0900DDF82C9080EA090049
:109E7000DDF8249080EA0906700040EAD670099067
:109E800040440344A80740EA950500BF00BF5801BD
:109E900040EAD36904EA050044EA050808EA010833
:109EA00040EA08004844DFF81C838044DDF808904D
:109EB000079880EA0900DDF8309080EA0900DDF8B3
:109EC000289080EA0906700040EAD6700A90404463
:109ED0000244A00740EA940400BF00BF500140EADA
:109EE000D26903EA040043EA040808EA050840EAE4
:109EF00008004844DFF8CC828044DDF80C900898D4
:109F000080EA0900DDF8349080EA0900DDF82C9041
:109F100080EA0906700040EAD6700B904044014484
:109F2000980740EA930300BF00BFDDF8108009984E
:109F300080EA0800DDF8388080EA0800DDF830802B
:109F400080EA0806700040EAD678480140EAD16904
:109F500082EA030060404844DFF86C924844404481
:109F60000544CDF83080900740EA920200BF00BF60
:109F7000DDF814800A9880EA0800DDF83C8080EA69
:109F80000800DDF8348080EA0806700040EAD678E0
:109F9000680140EAD56981EA020058404844DFF888
:109FA0002892484440440444CDF83480880740EA6D
:109FB000910100BF00BFDDF818800B9880EA08000F
:109FC000DDF8008080EA0800DDF8388080EA0806C5
:109FD000700040EAD678600140EAD46985EA010061
:109FE00050404844DFF8E091484440440344CDF8F1
:109FF0003880A80740EA950500BF00BFDDF81C8047
:10A000000C9880EA0800DDF8048080EA0800DDF89A
:10A010003C8080EA0806700040EAD678580140EAA1
:10A02000D36984EA050048404844DFF89C914844DD
:10A0300040440244CDF83C80A00740EA940400BFAD
:10A0400000BFDDF820800D9880EA0800DDF8088068
:10A0500080EA0800DDF8008080EA0806700040EA27
:10A06000D678500140EAD26983EA04006840484447
:10A07000DFF85491484440440144CDF800809807EB
:10A0800040EA930300BF00BFDDF824800E9880EA09
:10A090000800DDF80C8080EA0800DDF8048080EA22
:10A0A0000806700040EAD678480140EAD16982EAA1
:10A0B000030060404844DFF81091484440440544A0
:10A0C000CDF80480900740EA920200BF00BFDDF89F
:10A0D00028800F9880EA0800DDF8108080EA0800E8
:10A0E000DDF8088080EA0806700040EAD67868014A
:10A0F00040EAD56981EA020058404844DFF8C89038
:10A10000484440440444CDF80880880740EA91015F
:10A1100000BF00BFDDF82C80009880EA0800DDF861
:10A12000148080EA0800DDF80C8080EA08067000E0
:10A1300040EAD678600140EAD46985EA01005040DF
:10A140004844DFF88490484440440344CDF80C80F0
:10A15000A80740EA950500BF00BFDDF830800198F0
:10A1600080EA0800DDF8188080EA0800DDF8108039
:10A1700080EA0806700040EAD678580140EAD369C0
:10A1800084EA050048404844DFF83C904844404495
:10A190000244CDF81080A00740EA940400BF00BF3D
:10A1A000DDF83480029880EA0800DDF81C8080EA3F
:10A1B0000800DDF8148080EA080607E09979825AE1
:10A1C000A1EBD96EDCBC1B8FD6C162CA700040EA1D
:10A1D000D678500140EAD26983EA040068404844D6
:10A1E000DFF87C95484440440144CDF8148098073A
:10A1F00040EA930300BF00BFDDF83880039880EA8F
:10A200000800DDF8208080EA0800DDF8188080EA88
:10A210000806700040EAD678480140EAD16982EA2F
:10A22000030060404844DFF8389548444044054402
:10A23000CDF81880900740EA920200BF00BFDDF819
:10A240003C80049880EA0800DDF8248080EA080059
:10A25000DDF81C8080EA0806700040EAD6786801C4
:10A2600040EAD56981EA020058404844DFF8F0949A
:10A27000484440440444CDF81C80880740EA9101DA
:10A2800000BF00BFDDF80080059880EA0800DDF817
:10A29000288080EA0800DDF8208080EA0806700047
:10A2A00040EAD678600140EAD46985EA010050406E
:10A2B0004844DFF8AC94484440440344CDF820803F
:10A2C000A80740EA950500BF00BFDDF804800698A6
:10A2D00080EA0800DDF82C8080EA0800DDF82480A0
:10A2E00080EA0806700040EAD678580140EAD3694F
:10A2F00084EA050048404844DFF8649448444044F8
:10A300000244CDF82480A00740EA940400BF00BFB7
:10A31000DDF80880079880EA0800DDF8308080EAE0
:10A320000800DDF8288080EA0806700040EAD67848
:10A33000500140EAD26983EA040068404844DFF8EB
:10A340002094484440440144CDF82880980740EACE
:10A35000930300BF00BFDDF80C80089880EA080076
:10A36000DDF8348080EA0800DDF82C8080EA0806F9
:10A37000700040EAD678480140EAD16982EA0300D9
:10A3800060404844DFF8D893484440440544CDF841
:10A390002C80900740EA920200BF00BFDDF81080D9
:10A3A000099880EA0800DDF8388080EA0800DDF8C6
:10A3B000308080EA0806700040EAD678680140EAFA
:10A3C000D56981EA020058404844DFF89493484434
:10A3D00040440444CDF83080880740EA910100BF32
:10A3E00000BFDDF814800A9880EA0800DDF83C80A0
:10A3F00080EA0800DDF8348080EA0806700040EA50
:10A40000D678600140EAD46985EA010050404844AA
:10A41000DFF84C93484440440344CDF83480A80707
:10A4200040EA950500BF00BFDDF818800B9880EA70
:10A430000800DDF8008080EA0800DDF8388080EA56
:10A440000806700040EAD678580140EAD36984EAE9
:10A45000050048404844DFF808934844404402441B
:10A46000CDF83880A00740EA940400BF00BFDDF8B3
:10A470001C800C9880EA0800DDF8048080EA08005F
:10A48000DDF83C8080EA0806700040EAD67850018A
:10A4900040EAD26983EA040068404844DFF8C09289
:10A4A000484440440144CDF83C80980740EA930377
:10A4B00000BFDCF808000844CCF80800DCF80C0009
:10A4C00000EB0208CCF80C80DCF8100000EB03086D
:10A4D000CCF81080DCF8140000EB0408CCF81480F1
:10A4E000DCF8180000EB0508CCF81880002010B04C
:10A4F000BDE8F08330B504460D4629462046FEF7F8
:10A5000066FC30BD2DE9F0470446884615466FF0DD
:10A510006D0900BF00BF00BF00BF15B90020BDE836
:10A52000F087206800F03F07C7F140062068284404
:10A530002060206820602068A84202D26068401C29
:10A540006060AFB1B54213D304F11C01C8193246A3
:10A5500041460AF07BFD04F11C012046FEF737FC62
:10A560005FEA000901D04846D9E7B044AD1B002797
:10A570000BE041462046FEF72AFC5FEA000901D0C5
:10A580004846CCE708F14008403D402DF1D235B1B6
:10A5900004F11C01C8192A4641460AF057FD002063
:10A5A000BDE770B504460D4616463246294620469C
:10A5B000FFF7A8FF70BD2DE9F04704460D466FF088
:10A5C0006D0900BF00BF00BF00BF206800F03F065C
:10A5D00080223046761C04F11C010A54382E07D81C
:10A5E000C6F1380104F11C0290190AF0FBFD16E0D7
:10A5F000C6F1400104F11C0290190AF0F3FD04F1C8
:10A600001C012046FEF7E3FB5FEA000902D0484642
:10A61000BDE8F087382104F11C000AF005FE20682F
:10A62000400F616840EAC10720684FEAC008390E50
:10A6300084F85410390C84F85510390A84F85610EF
:10A6400084F857704FEA186184F858104FEA18419F
:10A6500084F859104FEA182184F85A1084F85B8066
:10A6600004F11C012046FEF7B2FB5FEA000901D0AD
:10A670004846CDE7A068000E2870A068000C6870FE
:10A68000A068000AA870A068E870E068000E287151
:10A69000E068000C6871E068000AA871E068E87181
:10A6A0002069000E28722069000C68722069000A77
:10A6B000A8722069E8726069000E28736069000C56
:10A6C00068736069000AA8736069E873A069000E86
:10A6D0002874A069000C6874A069000AA874A069B5
:10A6E000E874002094E770B504460D4629462046DC
:10A6F000FFF761FF70BDF0B597B004460D461646F2
:10A700006FF06D0700BF00BF00BF00BF6846FEF7D7
:10A7100025FB6846FEF742FB070000D00FE02A4603
:10A7200021466846FFF7EEFE070000D007E03146FD
:10A730006846FFF740FF070000D000E000BF684612
:10A74000FEF715FB384617B0F0BD70B504460D4650
:10A750001646324629462046FFF7CDFF70BD000061
:10A76000D6C162CA10B5024611B94FF0FF3010BD14
:10A770004B1E01249C401068204201D00020F6E7C7
:10A780004FF0FF30F3E710B5024611B94FF0FF303C
:10A7900010BD4B1E01249C405068204201D0002077
:10A7A000F6E74FF0FF30F3E770B504460D46284654
:10A7B000F4F791FD0646012E01D0062E0AD1284657
:10A7C000F4F75EFDE168884201D3002070BD4FF0D0
:10A7D000FF30FBE74FF0FF30F8E7F0B504460D46D9
:10A7E000164622462F46002119E0505C17F801C09A
:10A7F00080EA0C0303B911E0202B0CD1505C6128D6
:10A8000002DB505C7A2805DD505C412803DB505C9C
:10A810005A2800DC02E04FF0FF30F0BD491CB14285
:10A82000E3D30020F9E72DE9F04106460C46002766
:10A8300030460AF095FB80466068032807D3A0687D
:10A8400000782A2803D1A06840782E2803D04FF042
:10A85000FF30BDE8F081002505E0705D2E2801D1B4
:10A860002F4602E06D1C4545F7D300BF17B94FF0E6
:10A87000FF30EEE7A8EB07016068401E814209D176
:10A8800063685A1EF119A368581CFFF7A6FF08B9A0
:10A890000020DEE74FF0FF30DBE770B505460C46E1
:10A8A0002868216888420BD168686168884207D1AE
:10A8B000D4E90121A8680AF003FB08B9002070BDA3
:10A8C00028680C2802D02868132811D120680C2889
:10A8D00002D0206813280BD168686168884207D1CC
:10A8E000D4E90121A868FFF778FF08B90020E6E75E
:10A8F0004FF0FF30E3E770B505460C4628E005B1A0
:10A9000014B94FF0FF3070BD28682168884209D122
:10A9100068686168884205D1D4E90121A8680AF015
:10A92000CFFA10B14FF0FF30EDE704F10C0105F163
:10A930000C00FFF7B2FF10B14FF0FF30E3E7287FC4
:10A94000217F884202D04FF0FF30DCE7AD69A46977
:10A95000002DD4D1002CD2D10020D4E7002107E073
:10A96000002240F83120521E00EBC1035A60491CFE
:10A970000A29F5D3002202657047F8B504460E4651
:10A9800017466FF06D05A0236A463146204602F057
:10A990006CFE050007D015F1620001D13860F8BDEA
:10A9A000A5F50650FBE72068009946183A4631465F
:10A9B000204602F0EAFE050002D0A5F50850EEE7B9
:10A9C0002068B04201D0FE48E9E70020E7E72DE922
:10A9D000F84304460D4690461E466FF06D0730233F
:10A9E0006A462946204602F040FE070003D0A7F53C
:10A9F0001050BDE8F8832068009945184246294662
:10AA0000204602F0B5FB070001D03846F1E7324698
:10AA10002946204602F0ACFB070001D03846E8E7A3
:10AA20002068A84201D0E748E3E70020E1E72DE9EC
:10AA3000F04104460E4615461F466FF06D0820682B
:10AA4000B04202D10020BDE8F08120680078286083
:10AA500047F0A0032A1D3146204602F006FE5FEAB9
:10AA6000000806D018F1620000D1ECE7A8F5065006
:10AA7000E9E72068A8602068696808442060002031
:10AA8000E1E72DE9F84306460F4690461C466FF075
:10AA90006D050020C8F80000206030236A46394662
:10AAA000304602F0E2FD050003D0A5F51450BDE8E4
:10AAB000F8833068B84201D10020F8E742463946B1
:10AAC000304602F0EEFD050012D015F1620005D10E
:10AAD00042463946304602F058FE054615B1A5F506
:10AAE0001450E4E7D8F8000010B10120C8F80000C5
:10AAF0003068B84201D10020D9E7224639463046B5
:10AB000002F043FE050002D0A5F51450CFE73068EF
:10AB1000B84201D0AC48CAE76FF0004120688842D3
:10AB200002D1A948801CC2E72068401C2060002098
:10AB3000BDE7FEB505460E4614466FF06D070020D2
:10AB40000090019002906A463146284602F04FFE7E
:10AB5000070002D0A7F51450FEBD0098012802D0CE
:10AB60009948801CF8E70298007820700020F3E7ED
:10AB70002DE9FE4306460F4615466FF06D0800208E
:10AB80000090019002906A463946304602F02FFE4E
:10AB90005FEA000803D0A8F51450BDE8FE830098D2
:10ABA00010B98948801CF8E700202860002407E0DD
:10ABB0000298005DE1008840296808432860641C11
:10ABC0000098A04201D9042CF2D30020E5E72DE93A
:10ABD000F04105460E4614466FF06D0706232246E7
:10ABE0003146284602F0D8FE070003D0A7F51450DE
:10ABF000BDE8F081A06810B97348801CF8E7002018
:10AC0000F6E7F0B585B006460C460025B06803901F
:10AC1000706803994718306800F0DF00802802D080
:10AC20006A4805B0F0BD062304AA394603A802F01D
:10AC30001CFD050002D0A5F51450F2E70620009097
:10AC400003980290049801900198082805D160A00B
:10AC5000DDE901210AF034F908B1012000E000200B
:10AC600008B15E48DDE7DDE903010844B84205D3D9
:10AC700024212046EFF7B6FB5348D2E7DDE9030174
:10AC800008440390A02304AA394603A802F0EDFC6F
:10AC9000050002D0A5F51450C3E7302304AA3946B5
:10ACA00003A802F0E2FC050002D0A5F51450B8E7B5
:10ACB000062304AA394603A802F0D7FC050002D0F7
:10ACC000A5F51450ADE70620E06003996161049991
:10ACD0002161DDE903010844B84205D3242120465F
:10ACE000EFF780FB38489CE7DDE903010844039057
:10ACF000042304AA394603A802F0B7FC050002D0D9
:10AD0000A5F514508DE70421A161039921620499EE
:10AD1000E161DDE90301084403900398B84205D0DE
:10AD200024212046EFF75EFB27487AE7002078E7EA
:10AD300070B58AB005460C466FF06D06286800F0C5
:10AD4000DF00802802D0822820D114E001A9284603
:10AD5000FFF757FF064616B130460AB070BD2821EE
:10AD600020460AF061FA00202060242201A9201D5B
:10AD70000AF0F3F90CE0282120460AF055FA0220E7
:10AD8000206095E80700231D07C301E01348E4E7AE
:10AD900000BF0020E1E72DE9F04F8DB00546884661
:10ADA00091466FF06D064C4630230CAA414628466A
:10ADB00002F05BFC060015D0A6F514500DB00FE0B4
:10ADC0009ADDFFFF9ADBFFFF9ADAFFFF00D8FFFF53
:10ADD0002B060105050708040000000080DFFFFFC7
:10ADE000BDE8F08F28680C990844404501D0FC4824
:10ADF000E4E758E0282168460AF016FA2868007847
:10AE00000A902868401C28600BAA4146284602F098
:10AE1000ADFB060002D0A6F51450CFE70A9800F06B
:10AE2000C000802802D0EE48001DC7E769462046D2
:10AE3000FFF77EFF0646BEB116F5025F14D0D9F8C3
:10AE40000CA009E0D346DAF80CA010215846EFF721
:10AE5000C9FA584609F05BFCBAF1000FF2D10020A4
:10AE6000C9F80C003046A9E7A06878B1E06810B1D5
:10AE7000DB486630A2E71021012009F005FCE06004
:10AE8000E06810B9D648001F98E7E46827463C46BA
:10AE90000A9838602868B8600B98786028687968E4
:10AEA0000844286000BF28684045A3D30020E06024
:10AEB0002868404501D0CA4880E700207EE72DE998
:10AEC000FF5F04460F4692464FF0000B5546302375
:10AED00003AA3946204602F0C8FB064626B1A6F56D
:10AEE000145004B0BDE8F09F206803990844B842AC
:10AEF00001D0BB48F5E7039808B9B948F1E767E026
:10AF0000302303AA3946204602F0AFFB060002D0E8
:10AF1000A6F51450E5E72068039900EB0109062324
:10AF200003AA4946204602F0A0FB060002D0A6F57F
:10AF30001450D6E7062000900398019020680290F4
:10AF40000198042805D1A7A0DDE9012109F0B8FF87
:10AF500008B1012000E0002008B1DFF890B2A86835
:10AF600078B1E86810B19E486630BAE71021012038
:10AF700009F08AFBE860E86810B99948001FB0E75B
:10AF8000ED68A84645460098C8F800000298C8F841
:10AF900008000198C8F8040020680399084420605C
:10AFA000206848450ED2302303AA4946204602F0C5
:10AFB0005CFB060002D0A6F5145092E720680399C6
:10AFC000084420602068484501D0854889E700BFD3
:10AFD0002068B84294D30020E8602068B84201D0CD
:10AFE0007F487EE758467CE72DE9F04F89B005465B
:10AFF0008946144698466FF06D062868484503D187
:10B00000002009B0BDE8F08F032304F1EC024946AB
:10B01000284602F02CF9060001D03046F1E7F42072
:10B020000159F020005901EB0009F3E000200590E0
:10B030000690079004900390302308AA49462846BA
:10B0400002F013FB060002D0A6F51450D9E72868D9
:10B05000089900EB010A062306AA5146284602F089
:10B0600004FB060002D0A6F51450CAE7062005909E
:10B0700028680790286806990844286004AA514661
:10B08000284602F00EFB060005D016F1620002D041
:10B09000A6F51450B5E7042308AA5146284602F045
:10B0A000E4FA060002D0A6F51450AAE7D5F800B0DD
:10B0B000286808994718574501D04948A1E703A9CE
:10B0C00005A8F9F7EEF90646CEB1B8F1000F0FD09A
:10B0D0002868CDE9000705AA2146049B1298C047BD
:10B0E00006461EB1049808B130468AE72F6091E009
:10B0F0002F60049810B13A48001D82E78AE0D4F826
:10B1000018010399084202D03548663079E7D4F82F
:10B11000180103990843C4F818010398B0F5807F1B
:10B120000ED006DC042817D0082841D0202869D189
:10B1300028E0B0F5006F1AD0B0F5803F62D12CE066
:10B1400004F590731A1F39462846FFF79AFC06004B
:10B1500001D0304655E75BE004F592723946284647
:10B16000FFF706FD060001D030464AE750E004F53F
:10B17000947239462846FFF72AFD060001D0304672
:10B180003FE745E004F1F80239462846FFF703FEA1
:10B19000060001D0304634E73AE004F59C723946A7
:10B1A0002846FFF7C6FC060001D0304629E72FE00D
:10B1B00004F5847239462846FFF781FE060020D048
:10B1C00016F5025F14D1B8F1000F11D0CDE900B728
:10B1D00005AA2146049B1298C04748B918E011E01F
:10B1E0009ADAFFFF551D20000000000080DFFFFFFE
:10B1F000049808B1304604E716F5025F01D03046E6
:10B20000FFE605E0049808B1F948FAE62F6000BFB0
:10B2100000BF00BF28684845FFF408AF28684845CC
:10B2200001D0F448EDE60020EBE62DE9F0470746B3
:10B230003C460FB9BDE8F08700BF04F1CC00F3F73E
:10B24000A9FEA66E08E0B246B66920215046EFF787
:10B25000C9F8504609F05BFA002EF4D1882006594F
:10B2600008E0B246B66920215046EFF7BBF85046D9
:10B2700009F04DFA002EF4D14FF49A70055908E008
:10B28000A946ED6810214846EFF7ACF8484609F0AA
:10B290003EFA002DF4D14FF48270055908E0A9461A
:10B2A000ED6810214846EFF79DF8484609F02FFA5F
:10B2B000002DF4D14FF48A70055908E0A946ED68D5
:10B2C00010214846EFF78EF8484609F020FA002D85
:10B2D000F4D1E06840B1206830B1D4E90210EFF752
:10B2E00081F8E06809F013FAD4F85041002CA4D199
:10B2F0003C4600BFA046D4F850414FF4AA714046E6
:10B30000EFF770F8B84502D0404609F000FA002C7B
:10B31000F0D100BF8EE72DE9F04F8DB004460F4607
:10B3200091469A46DDF85CB06FF06D0500200890FC
:10B3300009900A900590069007900290039004905F
:10B3400004B11FB9AC480DB0BDE8F08F0B97CDF834
:10B350003090DDE90B01461830230CAA31460BA8CA
:10B3600002F083F9050004D02046FFF75EFFA348F2
:10B37000E9E7DDE90B0100EB01084646A8EB070110
:10B38000A160BAF1000F1DD00120A16809F07CF97D
:10B390000B90E060E06810B997488038D3E73946F1
:10B3A000D4E9022009F052FE01202060A0680C9927
:10B3B000401A0B9908440B90DDE90B0108448046C4
:10B3C000064602E0E760002020600B99A16130236F
:10B3D0000CAA31460BA802F048F9050005D020461A
:10B3E000FFF723FFA5F50650ADE7DDE90B01461891
:10B3F000A069311A616104F11C0231460BA8FFF704
:10B40000BCFA050010D104F1200231460BA801F06E
:10B410007DFC050008D108AB04F12C0231460BA8D5
:10B4200001F0B8FC050004D02046FFF7FEFE2846D8
:10B4300089E7E069002802DBE069022805DD204693
:10B44000FFF7F3FE6B481A387DE7E069401CE061C6
:10B4500004F5A670C31E021F08A9009004F12C0079
:10B4600001F0DFFE050004D02046FFF7DEFE28468F
:10B4700069E70B99216430230CAA31460BA802F02E
:10B48000F4F8050005D02046FFF7CFFEA5F50650DD
:10B4900059E7DDE90B02811804F150020BA801F015
:10B4A0000DFD050004D02046FFF7BFFE28464AE701
:10B4B000206C0B99091AE16304F1A80304F19002CE
:10B4C00031460BA8FFF783FA050004D02046FFF7AA
:10B4D000ACFE284637E70B99E16430230CAA3146CD
:10B4E0000BA802F0C2F8050005D02046FFF79DFE2C
:10B4F000A5F5065027E70C9870B1DDE90B0281181D
:10B5000004F170020BA801F0D9FC050004D020461C
:10B51000FFF78BFE284616E7E06C0B99091AA16429
:10B52000C8200B99015104F1CC0231460BA802F05E
:10B530000DFC050004D02046FFF777FE284602E701
:10B54000C82000590B99091AC4200151E06902284A
:10B5500002D0E06903280DD1012304F1D402314661
:10B560000BA8FFF764FA054625B12046FFF75DFEFC
:10B570002846E8E6E069022802D0E06903280DD1F8
:10B58000022304F1E00231460BA8FFF750FA05460A
:10B5900025B12046FFF749FE2846D4E6E069032896
:10B5A0000ED1CDF800B0224631460BA8169BFFF70E
:10B5B0001BFD054625B12046FFF737FE2846C2E6AB
:10B5C0000B98B04205D02046FFF72FFE0B48663897
:10B5D000B9E6464605AB02AA31460BA801F0DAFBF4
:10B5E00005000DD02046FFF720FE2846ABE6000000
:10B5F00080DFFFFF9ADAFFFF00D8FFFF80DEFFFF4A
:10B60000206B0399884211D1226B0499606B09F079
:10B6100057FC58B906990998884207D1099850B142
:10B62000DDE90920079909F04BFC20B12046FFF71E
:10B63000FCFDFE4887E604F59E7231460BA801F03A
:10B64000C9FD050004D02046FFF7EFFD28467AE645
:10B650000B98B04204D02046FFF7E7FDF44872E6AD
:10B66000002070E610B504464FF4AA71204609F098
:10B67000DBFD10BD2DE9FF4F83B006460F46914616
:10B68000DDE910AB6FF06D083446002504B11FB939
:10B69000E84807B0BDE8F08F02E02546D4F85041F5
:10B6A000E06918B1D4F850010028F6D1E069B0B1D2
:10B6B000D4F8500198B94FF4AA71012008F0E4FFC2
:10B6C000C4F85001D4F8500110B9DA488038E0E7E6
:10B6D0002546D4F85001FFF7C5FFD4F85041CDE915
:10B6E00000AB4A4639462046069BFFF714FE8046CB
:10B6F000B8F1000F0AD015B10020C5F85001B442CE
:10B7000002D0204609F003F84046C2E70020C0E717
:10B710007CB504460D46164600200090034632468E
:10B72000294601902046FFF7A5FF7CBD2DE9FC4787
:10B7300004460D4616461F46DDE90A893B46324659
:10B7400029462046CDE90089FFF794FFBDE8FC8734
:10B750007CB504460D461646002000900123324673
:10B76000294601902046FFF785FF7CBD70B5044651
:10B770000D46164604B10DB9AE4870BD3246294695
:10B780002046FFF7E5FFF8E72DE9FF4F8BB0824633
:10B790008B466FF06D04DBF80050DAF80060DDF8DE
:10B7A0003480E9E0282101A809F03EFD01A94046C6
:10B7B000FFF7BEFA8146B9F1000F29D019F5025FF3
:10B7C00012D19DA2294630460E9B09F0A5F80446E9
:10B7D00000BF002C01DBAC4203D39D480FB0BDE895
:10B7E000F08F2D1B264410E09AA2294630460E9B6E
:10B7F00009F092F8044600BF002C01DBAC4201D3F3
:10B800009348EBE72D1B264400BFD8F80C80B3E02B
:10B81000019810B1022876D176E002AF92A22946B3
:10B8200030460E9B09F078F8044600BF002C01DB7F
:10B83000AC4201D38648D1E72D1B264400BF3869AE
:10B84000082806D1AFF67820D7E9042109F038FBA3
:10B8500008B1012000E00020002853D087A229462B
:10B8600030460E9B09F058F8044600BF002C01DB5F
:10B87000AC4201D37648B1E72D1B264400BF88A215
:10B88000294630460E9B09F047F8044600BF002CBD
:10B8900001DBAC4201D36E48A0E72D1B264400BF5C
:10B8A00007F10C0229463046F8F78DFF044600BF29
:10B8B000002C01DBAC4201D365488FE72D1B2644E9
:10B8C00000BF82A2294630460E9B09F025F80446A7
:10B8D00000BF002C01DBAC4201D35D487EE72D1B8D
:10B8E000264400BFF869A84203D3002030705848AE
:10B8F00074E73046D7E9072109F0A8FBF869064448
:10B90000F8692D1A34E021E07BA2294630460E9BCF
:10B9100009F002F8044600BF002C01DBAC4201D361
:10B920004B485BE72D1B264400BF0398A84203D376
:10B9300000203070464851E73046DDE9032109F028
:10B9400085FB0398064403982D1A11E03AA2294674
:10B9500030460E9B08F0E0FF044600BF002C01DBE0
:10B96000AC4201D33A4839E72D1B264400BF00BF43
:10B9700000BFD8F80C8000BFB8F1000F7FF412AF01
:10B9800000203070CBF80050CAF8006000BF25E7F7
:10B990002DE9F0478046894617466FF06D04D9F8C7
:10B9A0000050D8F800600FF2A40A17F0800F13D0EF
:10B9B000534656A22946304608F0AEFF044600BF63
:10B9C000002C01DBAC4202D32148BDE8F0872D1BDF
:10B9D000264400BF0FF2441A17F0400F12D053460E
:10B9E0004FA22946304608F097FF044600BF002CBE
:10B9F00001DBAC4201D31648E7E72D1B264400BF0C
:10BA00000FF2181A17F0200F0DD0534648A22946FE
:10BA1000304608F081FF044600BF002C01DBAC4239
:10BA200002D30B48D1E78CE086E0000080D9FFFF0D
:10BA30001ADEFFFF00D8FFFF0A2573202020203CDC
:10BA4000756E737570706F727465643E00000000EF
:10BA500080D6FFFF0A2573202020203C6D616C6694
:10BA60006F726D65643E00000A2573202020206FF0
:10BA7000746865724E616D65203A00000A25732076
:10BA80002020202020202068617264776172652068
:10BA90006D6F64756C65206E616D65203A00000005
:10BAA0000A2573202020202020202020202020680C
:10BAB000617264776172652074797065202020203E
:10BAC0002020202020203A20000000000A2573209A
:10BAD00020202020202020202020206861726477F0
:10BAE0006172652073657269616C206E756D626547
:10BAF00072203A20000000000A25732020202064D4
:10BB00004E534E616D65203A20000000257353535B
:10BB10004C20436C69656E74000000002C2000000E
:10BB2000257353534C2053657276657200000000F4
:10BB30002573456D61696C002D1B264400BFAFF273
:10BB4000240A17F0100F12D05346FEA229463046A1
:10BB500008F0E2FE044600BF002C01DBAC4201D33A
:10BB6000FD4832E72D1B264400BFAFF2500A17F004
:10BB7000080F12D05346F9A22946304608F0CCFEF1
:10BB8000044600BF002C01DBAC4201D3F2481CE7A5
:10BB90002D1B264400BFAFF27C0A17F0040F12D011
:10BBA0005346F1A22946304608F0B6FE044600BFCF
:10BBB000002C01DBAC4201D3E74806E72D1B2644ED
:10BBC00000BFAFF2A80A17F0020F12D05346E9A245
:10BBD0002946304608F0A0FE044600BF002C01DBD9
:10BBE000AC4201D3DC48F0E62D1B264400BFAFF287
:10BBF000D40A17F0010F12D05346E1A2294630466D
:10BC000008F08AFE044600BF002C01DBAC4201D3E1
:10BC1000D148DAE62D1B264400BFAFF2001AC9F85E
:10BC20000050C8F800600020CFE62DE9F0478046BC
:10BC3000894617466FF06D04D9F80050D8F80060B7
:10BC40000FF2103A17F0800F13D05346D1A22946B5
:10BC5000304608F061FE044600BF002C01DBAC4218
:10BC600002D3BD48BDE8F0872D1B264400BFAFF2CC
:10BC7000541A17F0400F12D05346CBA22946304633
:10BC800008F04AFE044600BF002C01DBAC4201D3A1
:10BC9000B148E7E72D1B264400BFAFF2801A17F02A
:10BCA000200F12D05346C5A22946304608F034FE74
:10BCB000044600BF002C01DBAC4201D3A648D1E70B
:10BCC0002D1B264400BFAFF2AC1A17F0100F12D094
:10BCD0005346BFA22946304608F01EFE044600BF68
:10BCE000002C01DBAC4201D39B48BBE72D1B264453
:10BCF00000BFAFF2D81A17F0080F12D05346B9A2FE
:10BD00002946304608F008FE044600BF002C01DB3F
:10BD1000AC4201D39048A5E72D1B264400BFAFF2EB
:10BD2000042A17F0040F12D05346B2A22946304617
:10BD300008F0F2FD044600BF002C01DBAC4201D349
:10BD400085488FE72D1B264400BFAFF2302A17F03D
:10BD5000020F12D05346ABA22946304608F0DCFD54
:10BD6000044600BF002C01DBAC4201D37A4879E7DE
:10BD70002D1B264400BFAFF25C2A17F0010F12D032
:10BD80005346A3A22946304608F0C6FD044600BF2C
:10BD9000002C01DBAC4201D36F4863E72D1B264426
:10BDA00000BFAFF2882A17F4004F12D053469CA26E
:10BDB0002946304608F0B0FD044600BF002C01DBE8
:10BDC000AC4201D364484DE72D1B264400BFAFF2BF
:10BDD000B42AC9F80050C8F80060002042E72DE9F5
:10BDE000FC5F06460F4692466FF06D043D68D6F83C
:10BDF0000080D1460FF25C1B1EE001A94846F8F70F
:10BE00007BFB08B18AA0019001985B4689A2294674
:10BE10000090404608F080FD044600BF002C01DB86
:10BE2000AC4202D34C48BDE8FC9F2D1BA04400BF90
:10BE3000AFF2183BD9F80C90B9F1000FDDD13D609D
:10BE4000C6F800800020EEE72DE9FC5F06460F46AD
:10BE500092466FF06D043D68D6F80080D1460FF22F
:10BE6000F40B1EE001A94846F8F771FB08B170A079
:10BE7000019001985B466FA229460090404608F069
:10BE80004BFD044600BF002C01DBAC4202D332481C
:10BE9000BDE8FC9F2D1BA04400BFAFF2803BD9F84A
:10BEA0000C90B9F1000FDDD13D60C6F80080002094
:10BEB000EEE72DE9F0438DB007460E4690461D464D
:10BEC0006FF06D040B970C96CDB95CA2DDE90B0108
:10BED00008F022FD044600BF002C02DB0C988442CF
:10BEE00003D31D480DB0BDE8F0830C98001B0C90E7
:10BEF0000B9820440B9000BF0C98301AF2E7E869C9
:10BF0000434656A20090DDE90B0108F005FD04460A
:10BF100000BF002C02DB0C98844201D30E48E1E7FD
:10BF20000C98001B0C900B9820440B9000BF4346CC
:10BF300051A2DDE90B0108F0EFFC044600BF002C24
:10BF4000A6E0000025734F626A6563742053696739
:10BF50006E696E670000000080D6FFFF2573526592
:10BF60007365727665640000257353534C2043411A
:10BF7000000000002573456D61696C20434100009D
:10BF800025734F626A656374205369676E696E67D3
:10BF90002043410025734469676974616C205369CB
:10BFA000676E61747572650025734E6F6E20526501
:10BFB000707564696174696F6E00000025734B656C
:10BFC0007920456E6369706865726D656E740000F6
:10BFD00025734461746120456E6369706865726D94
:10BFE000656E740025734B65792041677265656DD8
:10BFF000656E740025734B65792043657274205318
:10C0000069676E00257343524C205369676E0000C8
:10C010002573456E636970686572204F6E6C790098
:10C0200025734465636970686572204F6E6C790092
:10C030003F3F3F0025732573000000000A436572EF
:10C04000746966696361746520697320756E696ED1
:10C05000697469616C69736564210A00257363659D
:10C0600072742E2076657273696F6E2020202020F6
:10C070003A2025640A000000257373657269616CBB
:10C08000206E756D62657220202020203A2000000D
:10C0900002DB0C98844201D3FD4823E70C98001B77
:10C0A0000C900B9820440B9000BF05F12002DDE9B5
:10C0B0000B0101F093F9044600BF002C02DB0C9841
:10C0C000844201D3F2480DE70C98001B0C900B98AA
:10C0D00020440B9000BF4346EEA2DDE90B0108F0BF
:10C0E0001BFC044600BF002C02DB0C98844201D3E9
:10C0F000E748F7E60C98001B0C900B9820440B9037
:10C1000000BF05F15002DDE90B0101F0E2F8044641
:10C1100000BF002C02DB0C98844201D3DC48E1E62E
:10C120000C98001B0C900B9820440B9000BF4346CA
:10C13000DEA2DDE90B0108F0EFFB044600BF002C96
:10C1400002DB0C98844201D3D148CBE60C98001B4B
:10C150000C900B9820440B9000BF05F17002DDE9B4
:10C160000B0101F0B6F8044600BF002C02DB0C986E
:10C17000844201D3C648B5E60C98001B0C900B987E
:10C1800020440B9000BFA4204059A02149599C2273
:10C19000525998235B59CDE90232CDE9041094201D
:10C1A0004059D5F890104346C6A2CDE90010DDE90C
:10C1B0000B0108F0B1FB044600BF002C02DB0C9819
:10C1C000844201D3B2488DE60C98001B0C900B986A
:10C1D00020440B9000BFBC204059B8214959B422DB
:10C1E0005259B0235B59CDE90232CDE90410AC209D
:10C1F0004059D5F8A8104346C0A2CDE90010DDE9AA
:10C200000B0108F089FB044600BF002C02DB0C98F0
:10C21000844201D39E4865E60C98001B0C900B9855
:10C2200020440B9000BF4346C2A2DDE90B0108F099
:10C2300073FB044600BF002C02DB0C98844201D340
:10C2400093484FE60C98001B0C900B9820440B90E1
:10C2500000BF95F84811D5F84C01CDE9001095F8CC
:10C26000493105F12C02DDE90B0101F006F9044624
:10C2700000BF002C02DB0C98844201D3844831E6D5
:10C280000C98001B0C900B9820440B9000BF05F1FC
:10C29000CC00F3F717F881464A46122106A801F0B0
:10C2A0001AF9040001D020461CE605F1CC00F2F793
:10C2B000E7FF814606A84346A4A2CDE90009DDE9CF
:10C2C0000B0108F029FB044600BF002C02DB0C9890
:10C2D000844201D36E4805E60C98001B0C900B9825
:10C2E00020440B9000BFD5F8180110F4807F38D09F
:10C2F000D5F81C0108B19AA000E09BA043469CA27F
:10C300000090DDE90B0108F007FB044600BF002C9C
:10C3100002DB0C98844201D35D48E3E50C98001BD6
:10C320000C900B9820440B9000BFD5F820010028FA
:10C3300017DDD5F82001431E95A2DDE90B0108F0B9
:10C34000EBFA044600BF002C02DB0C98844201D3B8
:10C350004F48C7E50C98001B0C900B9820440B909D
:10C3600000BFD5F8180110F0200F20D043468DA251
:10C37000DDE90B0108F0D0FA044600BF002C02DB17
:10C380000C98844201D34248ACE50C98001B0C90F9
:10C390000B9820440B9000BF434605F1F8020CA90E
:10C3A0000BA8FFF7F1F9040001D020469AE5D5F873
:10C3B000180110F4803F1FD0434680A2DDE90B0135
:10C3C00008F0AAFA044600BF002C02DB0C98844255
:10C3D00001D32F4886E50C98001B0C900B98204445
:10C3E0000B9000BF95F838210CA90BA8FFF7D0FAE5
:10C3F000040001D0204675E5D5F8180110F0040FAF
:10C400001FD0434673A2DDE90B0108F085FA04460C
:10C4100000BF002C02DB0C98844201D31C4861E56C
:10C420000C98001B0C900B9820440B9000BF0CA99B
:10C430000BA8D5F82421FFF7F8FB040001D0204613
:10C4400050E5D5F8180110F4006F1FD0434667A2DD
:10C45000DDE90B0108F060FA044600BF002C02DBA6
:10C460000C98844201D30A483CE50C98001B0C90C0
:10C470000B9820440B9000BF05F594720CA90BA8F3
:10C48000FFF7ADFC040001D020462BE5BAE0000028
:10C4900080D6FFFF0A2573697373756572206E611C
:10C4A0006D65202020202020203A20000A2573736B
:10C4B00075626A656374206E616D6520202020209E
:10C4C000203A20000A257369737375656420206F14
:10C4D0006E20202020202020203A20253034642D7A
:10C4E000253032642D2530326420253032643A25DF
:10C4F0003032643A25303264000000000A2573654A
:10C50000787069726573206F6E20202020202020B3
:10C51000203A20253034642D253032642D253032E8
:10C520006420253032643A253032643A2530326452
:10C53000000000000A25737369676E6564207573D7
:10C54000696E672020202020203A20000A257325CC
:10C550002D3138733A20256420626974730000001D
:10C56000747275650000000066616C736500000000
:10C570000A2573626173696320636F6E73747261FD
:10C58000696E7473203A2043413D2573000000001A
:10C590002C206D61785F706174686C656E3D2564F8
:10C5A000000000000A25737375626A656374206178
:10C5B0006C74206E616D6520203A00000A2573635B
:10C5C0006572742E20747970652020202020202030
:10C5D000203A20000A25736B6579207573616765C1
:10C5E0002020202020202020203A20000A257365CA
:10C5F0007874206B65792075736167652020202031
:10C60000203A2000D5F8180110F0080F1FD043463B
:10C61000FCA2DDE90B0108F07FF9044600BF002C05
:10C6200002DB0C98844201D3FD485BE40C98001BAC
:10C630000C900B9820440B9000BF05F584720CA958
:10C640000BA8FFF701FC040001D020464AE4AFF23A
:10C65000DC52DDE90B0108F05FF9044600BF002C55
:10C6600002DB0C98844201D3ED483BE40C98001B9C
:10C670000C900B9820440B9000BF0C98301A31E4BA
:10C680002DE9F84F8246884693461F466FF06D04A9
:10C69000D1464546E34E1BE03068384200D116E0F3
:10C6A00070685B46E0A229460090484608F034F9DD
:10C6B000044600BF002C01DBAC4202D3D848BDE8E1
:10C6C000F88F2D1BA14400BF3068474000BF0836DB
:10C6D00070680028E0D187B15B46D5A2294648465C
:10C6E00008F01AF9044600BF002C01DBAC4201D36C
:10C6F000CB48E4E72D1BA14400BFA8EB0500DEE713
:10C700002DE9F04194B004460D46904694F8480156
:10C71000F8F7D6F807463846F8F72EFC064604AB7D
:10C720003846D4E90521F8F78FFA20B14FF0FF30F1
:10C7300014B0BDE8F08194F8491105F1CC00F2F78E
:10C7400053FC10B94FF0FF30F2E74FF4A0700059DE
:10C750004FF4A271095904AACDE90026CDE90210CF
:10C7600094F8483194F8490105F1CC02D4F84C1101
:10C77000F2F79AFCDCE72DE9F04107460C46154636
:10C7800004F1700107F15000FEF7B5F818B14FF051
:10C79000FF30BDE8F08101261DB1E069032800DA11
:10C7A00000262EB1D4F81C0110B94FF0FF30F0E78D
:10C7B0000020EEE72DE9FF4F81B0884615461E4662
:10C7C000DDF838906FF06D0B0027BA46002000901E
:10C7D00044463AE04A4621460198FFF7CCFF00B1B3
:10C7E00031E0D4F82001002808DDD4F820210F988A
:10C7F000401C1099401A824200D224E02146119A2E
:10C800000198FFF77DFF8346BBF1000F01D10120A6
:10C8100000E000200746B9F1000F01D007B912E08F
:10C8200004F1A80000F074FE20B904F1900000F0BB
:10C8300072FE28B1BAF1000F01D1A246009702E0C2
:10C840002C60376003E0D4F85041002CC2D100BF07
:10C850001CB9C5F800A000983060002005B0BDE804
:10C86000F08F2DE9F04F87B00646884615461C46E6
:10C8700010AF97E8800E6FF06D00069001202060E9
:10C8800017E0206808B1404601E0D6F85001059055
:10C8900020683B462A468DE8010E30460599FFF791
:10C8A00089FF0690286808B9206800B902E00020D6
:10C8B0002060E6E700BF286810B9002020603860DB
:10C8C000002007B0BDE8F08F70B504460E4604F1B5
:10C8D000700104F15000FEF70EF810B14FF0FF3078
:10C8E00070BD35460DE0A168A868814207D1A268F5
:10C8F000E968E06808F0E4FA08B90020F0E7D5F844
:10C900005051002DEFD1681EEAE72DE9F04F8BB0B2
:10C9100080468946DDE915B56FF06D000A9000206C
:10C9200005904646824608900790B1E0286D05EBD9
:10C93000C0073E6000207860286D401C28653C1DC3
:10C9400006F1A80000F0E4FD18B1206840F00100F5
:10C95000206006F1900000F0DEFD18B1206840F480
:10C9600000702060079818B100200BB0BDE8F08F70
:10C9700096F848115846FDF7F5FE18B1206840F4C6
:10C980008040206096F849115846FDF7FCFE18B12A
:10C99000206840F400402060286D012806D14946F7
:10C9A0003046FFF791FF08B90020DEE7CDF814907C
:10C9B0001799286D401E06AA08ABCDE902A1CDE962
:10C9C000002009AA30460599FFF74BFF0A90099805
:10C9D00028B9206840F0080020600020C5E7286DD5
:10C9E000012808D006F1700106F15000FDF783FF21
:10C9F00008B90AF1010A089890BB286D082830D9B7
:10CA00001648B2E70A2573636572746966696361E3
:10CA1000746520706F6C6963696573203A2000004B
:10CA200080D6FFFF70B50200257325730A00000051
:10CA30002573556E6B6E6F776E20726561736F6EC6
:10CA40002028746869732073686F756C64206E6F3A
:10CA5000742068617070656E290A000000D0FFFFC5
:10CA6000FFE7069818B9206840F00800206009998F
:10CA7000CC315846FDF798FE18B1206840F480305C
:10CA80002060099E002009900898079000200690D9
:10CA90004CE770B504460D4616466068B04207D1B3
:10CAA00032462846A168FDF798FE08B9002070BDFF
:10CAB00021462846FDF7B7FE08B90020F7E74FF0FA
:10CAC000FF30F4E72DE9F047074688461546404613
:10CAD00008F046FA8146D7F8180110F0200F13D05D
:10CAE00007F1F80607E04A4641463046FFF7D1FF16
:10CAF00000B902E0F668002EF5D100BF2EBB286811
:10CB000040F00400286020E007F1700415E0606840
:10CB1000032805D178A0D4E9012108F0D1F908B1A2
:10CB2000012000E0002038B94A46414604F10C00DB
:10CB3000FFF7AFFF00B902E0A469002CE7D100BF06
:10CB40001CB9286840F004002860BDE8F0872DE992
:10CB5000F84F05460E46174699466FF06D0A346D3C
:10CB600017E0601E06EBC008D8F8040000905FB123
:10CB7000621E6B464846D8F80010B8475FEA000AC4
:10CB800002D05046BDE8F88F286800990843286015
:10CB9000641E002CE5D10020F4E72DE9FF4F9BB087
:10CBA000064689469246DDE928B7DDE92A846FF01A
:10CBB0006D0500202060049005A8FDF7CFFE0FB999
:10CBC0004E4D3AE0B8F1000F04D004AA4146304679
:10CBD000FFF778FF06F1CC00F2F77DFB1A9038469C
:10CBE0001A99FDF7D0FD18B1049840F40040049064
:10CBF00006F1CC013846FDF7D7FD18B1049840F492
:10CC00008030049005A92E98CDE900B7CDE9021037
:10CC10005246494630461E9BFFF777FE054605B152
:10CC20000BE0049906980843069005A92046DDE923
:10CC30002C23FFF78CFF054600BF15F51C5F00D1C4
:10CC40002F4D35B14FF0FF30206028461FB0BDE8B2
:10CC5000F08F206808B12B48F8E70020F6E72DE9AF
:10CC6000F04788B005460E4617461C46DDE9119A86
:10CC7000DDF840800020CDE9049ACDF80C800690C4
:10CC8000214800210B463A46CDE901040091314686
:10CC90002846FFF782FF08B0BDE8F0872DE9F04F86
:10CCA00087B005460E4617461C46DDE912ABDDE9A6
:10CCB00010890020CDE905B003463A4631468DE89B
:10CCC00011072846FFF769FF07B0BDE8F08F2DE98F
:10CCD000FF4F87B005460E461C4614AF97E8800FFD
:10CCE000002003468DE8910F31462846099AFFF748
:10CCF00054FF0BB0BDE8F08F5504030000D8FFFFD0
:10CD000000D0FFFF00D9FFFF40B502002DE9F04140
:10CD100004460E4615466FF06D072068301A01284C
:10CD200002DAFC48BDE8F08120680078822806D04D
:10CD300020680078022802D0F648801EF2E72168B9
:10CD4000481C2060087828602A1D3146204600F0E3
:10CD50000DFC070002D0A7F50A50E3E72068A860A1
:10CD600020686968084420600020DBE72DE9F04175
:10CD700004460D4616466FF06D073246294620469A
:10CD800000F07FFE070003D0A7F50C50BDE8F0814E
:10CD90000020FBE72DE9F04104460D4616461F46EC
:10CDA0006FF06D083B4632462946204600F010FEE3
:10CDB0005FEA000803D0A8F50C50BDE8F081002020
:10CDC000FBE72DE9F8430446884615466FF06D09E8
:10CDD00030236A464146204600F047FC5FEA0009DE
:10CDE00003D0A9F50E50BDE8F8832068009900EB48
:10CDF00001082068A8EB0000012801DAC648F2E724
:10CE00002E462068007830600623321D41462046B9
:10CE100000F02BFC5FEA000902D0A9F50E50E2E712
:10CE20002068B06020687168084420602068A8EB22
:10CE30000000012801DAB848D5E7206800781E28EC
:10CE40001AD0206800780C2816D0206800781428A2
:10CE500012D02068007813280ED020680078162899
:10CE60000AD0206800781C2806D0206800780328A3
:10CE700002D0A948801EB6E705F10C072168481CBE
:10CE80002060087838603A1D4146204600F06EFB6D
:10CE90005FEA000902D0A9F50E50A4E72068B86047
:10CEA00020687968084420602068404502D09A488C
:10CEB000801F98E70020A86100BF94E72DE9F843A0
:10CEC00005460F4614466FF06D083AE031236A4676
:10CED0003946284600F0C9FB5FEA000803D0A8F5F0
:10CEE0000E50BDE8F88328680099461818E02246DD
:10CEF00031462846FFF765FF5FEA000801D040464B
:10CF0000EFE72868B04200D10BE001202077202114
:10CF100007F0BAFBA061A06908B98048E1E7A469FD
:10CF2000E5E700BF2868B84201D10020D9E72021F9
:10CF3000012007F0A9FBA061A06908B97748D0E7F4
:10CF4000A469C3E710B503460020106018E0186814
:10CF50000078302803DB18680078392802DD6E4835
:10CF6000203810BD106800EB8000400010601C6885
:10CF7000601C186020783038146820441060491E06
:10CF80000029E4D10020ECE770B50146624B203B5C
:10CF900000BF0868002804DB42F20F740868A04252
:10CFA00001DD184670BD00BF00BFC868002802DB65
:10CFB000C868172801DD1846F4E700BF00BF0869FC
:10CFC000002802DB08693B2801DD1846EAE700BFBC
:10CFD00000BF4869002802DB48693B2801DD18468C
:10CFE000E0E700BF48680D2830D2DFE800F02F07E7
:10CFF00014080F09100A0B110C120D0000BF00BF1E
:10D0000000BF00BF00BF00BF1F2221E000BF00BF64
:10D0100000BF1E221CE00868C41700EB9474A41023
:10D02000B0EB840406D164250C6894FBF5F605FB8F
:10D0300016443CB94FF4C8750C6894FBF5F605FB33
:10D0400016440CB91D2200E01C2201E01846A9E795
:10D0500000BF00BF8868012802DB8868904201DDBC
:10D0600018469FE700BF00209CE72DE9F0410746E6
:10D070000D4616461C466FF06D0806F10800854205
:10D0800003D225482038BDE8F08106F108002D1AAA
:10D09000224631463846FFF755FF5FEA000801D0C7
:10D0A0004046F0E7022E09D12068322802DA2068D3
:10D0B00064302060206800F26C702060221D022124
:10D0C0003846FFF73FFF5FEA000801D04046DAE745
:10D0D00004F1080202213846FFF734FF5FEA000836
:10D0E00001D04046CFE704F10C0202213846FFF799
:10D0F00029FF5FEA000801D04046C4E704F11002AE
:10D1000002213846FFF71EFF5FEA000808D04046BC
:10D11000B9E7000020DDFFFF20DCFFFF80D7FFFF25
:10D12000022D0CD304F1140202213846FFF70AFF46
:10D130005FEA000801D04046A5E7AD1E01E0F748D0
:10D14000A1E7012D07D1386800785A2803D1386843
:10D15000401C38606D1E0DB1F04894E72046FFF783
:10D1600013FF5FEA000801D040468CE700208AE701
:10D170002DE9F84304460F4690466FF06D0920688C
:10D18000381A012803DAE5486038BDE8F8832068DA
:10D190000678172E01D1022506E0182E01D10425AC
:10D1A00002E0DE486238F0E72068401C20606A46F2
:10D1B0003946204600F0DAF98146B9F1000F02D075
:10D1C000A9F51050E1E743462A4620460099FFF7AB
:10D1D0004CFFDAE72DE9F84304460E4615466FF09A
:10D1E0006D082068301A012803DACC48E038BDE821
:10D1F000F883206807786A463146204600F07AFBBB
:10D200005FEA000802D0A8F51250F0E72F600098FE
:10D2100068602068A86020680099084420600020A9
:10D22000E5E72DE9F04707460C4615461E46DDF8B2
:10D2300020806FF06D09D8F8000010B1B848BDE843
:10D24000F087324629463846F7F7BBF95FEA00090E
:10D2500002D0A9F51850F2E72068052801D020680F
:10D2600008B9606808B1AF48E9E70020E7E72DE9B1
:10D27000F8430546884614461E466FF06D0746F093
:10D28000A003221D4146284600F0EFF907461FB1D2
:10D29000A7F51450BDE8F88346F0A0002060286888
:10D2A000A0602868616800EB010830236A464146A7
:10D2B000284600F0DAF9070002D0A7F51450E9E794
:10D2C000286800990844404501D09748E2E70020CB
:10D2D000E0E72DE9F74FC2B08A4693466FF06D0440
:10D2E0000020419040904FF48071684607F09CFF09
:10D2F0005D46DDF8089156466BE0A86808B9AD694F
:10D3000067E05D4516D0419808B188A000E088A08C
:10D3100002463146484607F0FFFA044600BF002C9B
:10D3200001DBB44203D3834845B0BDE8F08F361B20
:10D33000A14400BF40A92846F7F788F804463CB945
:10D340007DA231464846409B07F0E6FA044605E0D8
:10D350007AA23146484607F0DFFA044600BF002CA7
:10D3600001DBB44201D37348DEE7361BA14400BFA2
:10D37000002712E0FF2F00D312E0686910F8078041
:10D38000B8F1200F02DBB8F17F0F03DB3F200DF86F
:10D39000070001E00DF807807F1C2869B842E9D832
:10D3A00000BF00200DF807006B4665A231464846D5
:10D3B00007F0B2FA044600BF002C01DBB44201D3EF
:10D3C0005C48B1E7361BA14400BF287F4190AD699E
:10D3D00000BF002D91D1AAEB0600A5E72DE9F84F7B
:10D3E0008346894616466FF06D04DA464F467068EC
:10D3F000202801D8706800E01C208046002524E029
:10D4000035B9B8F1010F03D9B068405D00B91BE030
:10D41000A8F10100A84201D94AA000E04AA000906A
:10D42000B068435D49A23946504607F075FA044694
:10D4300000BF002C01DBBC4202D33E48BDE8F88FA0
:10D440003F1BA24400BF00BF6D1C4545D8D3706888
:10D4500040450FD03FA23946504607F05DFA0446DA
:10D4600000BF002C01DBBC4201D33248E6E73F1B82
:10D47000A24400BFA9EB0700E0E72DE9F84F0746FB
:10D480000E469046DDE90AAB6FF06D04B9463546AD
:10D490000020009069464046F7F784F8044634B10E
:10D4A0002EA22946484607F037FA044606E024A291
:10D4B00029464846009B07F02FFA044600BF002C7F
:10D4C00001DBAC4202D31B48BDE8F88F2D1BA14401
:10D4D00000BF701BF8E72DE9F04706460F4690465F
:10D4E000B1463D466FF06D0443461DA229464846AD
:10D4F00007F012FA044600BF002C01DBAC4202D355
:10D500000C48BDE8F0872D1BA14400BF0020F8E7C0
:10D5100001460020704701460020704700DCFFFFF5
:10D5200000D8FFFF00DDFFFF9ADAFFFF202B20006D
:10D530002C20000080D6FFFF25733D003F3F3D00BB
:10D54000257300003A00000000000000253032582A
:10D55000257300002E2E2E2E000000003F3F3F00BE
:10D560002573206B65792073697A650010B50346D1
:10D570001868081A012802DA6FF05F0010BD1868F9
:10D58000007810F0800F05D11C68601C18602078AE
:10D59000106060E01868007800F07F00012806D075
:10D5A000022812D0032822D0042850D135E0186870
:10D5B000081A022802DA6FF05F00DFE71868407887
:10D5C00010601868801C186044E01868081A032866
:10D5D00002DA6FF05F00D1E7186880781C68647821
:10D5E00040EA042010601868C01C186032E0186817
:10D5F000081A042802DA6FF05F00BFE71868407865
:10D6000000041C68A47840EA04201C68E4782043E5
:10D6100010601868001D18601CE01868081A0528BA
:10D6200002DA6FF05F00A9E71868407800061C680E
:10D63000A47840EA04401C68E47840EA04201C68AE
:10D640002479204310601868401D186002E06FF0D4
:10D65000630093E700BF10681C680C1BA04202D94E
:10D660006FF05F008AE7002088E7F0B504460D46BA
:10D6700017461E462068281A012802DA6FF05F005C
:10D68000F0BD20680078B04202D06FF06100F7E78B
:10D690002068401C20603A4629462046FFF766FF76
:10D6A000EEE7F8B504460E4615466FF06D07012308
:10D6B0006A4631462046FFF7D8FF070001D03846BA
:10D6C000F8BD0098012802D06FF06300F8E72068E9
:10D6D000007808B1012000E0002028602068401C8C
:10D6E00020600020ECE72DE9F84104460F4616467D
:10D6F0001D466FF06D0833466A4639462046FFF7EF
:10D70000B4FF5FEA000802D04046BDE8F881009807
:10D7100010B96FF06300F8E72068007810F0800F10
:10D7200002D06FF06300F0E705E02068401C206045
:10D730000098401E0090009818B1206800780028DA
:10D74000F3D00098042802D96FF06300DDE7009859
:10D75000042807D12068007810F0800F02D06FF005
:10D760006300D2E70020286008E02068007829687C
:10D7700040EA012028602068401C20600099481E73
:10D7800000900029F1D10020BFE770B505460E4694
:10D7900014462346022231462846FFF7A4FF70BDF7
:10D7A00070B505460E46144623460A2231462846E1
:10D7B000FFF799FF70BDF8B504460E4615466FF0A9
:10D7C0006D0702236A4631462046FFF74EFF0700E9
:10D7D00001D03846F8BD21682846009AF5F708FFC1
:10D7E000074620680099084420603846F2E7F0B503
:10D7F00004460E4615466FF06D0703232A46314650
:10D800002046FFF732FF070001D03846F0BD2868F8
:10D8100010B96FF05F00F9E72868401E28602068A3
:10D82000007828712879072802DD6FF06300EDE7A2
:10D830002068401C20602068A8602068296808448F
:10D8400020602068B04202D06FF06500DEE7002063
:10D85000DCE72DE9F84F04460D4617469846DDF8FB
:10D8600028B0DDF8309030236A4629462046FFF77D
:10D87000FCFE5FEA000A02D05046BDE8F88F20683F
:10D8800000990844A84202D06FF06500F5E72CE04B
:10D890002168481C20600E7806EA0700404502D047
:10D8A0006FF06100E9E76A4629462046FFF75EFE11
:10D8B0005FEA000A01D05046DFE706EA0B000B9949
:10D8C00088420DD1B9F1000F0AD022683146009B81
:10D8D0000D98C8478246BAF1000F01D05046CCE7F8
:10D8E000206800990844206000BF2068A842CFD378
:10D8F0000020C2E7F0B504460E4615466FF06D07EE
:10D9000003232A4631462046FFF7AFFE070001D029
:10D910003846F0BD286810B96FF06700F9E728684D
:10D92000401E28602068007810B16FF06700F0E7B3
:10D930002068401C20600020EBE770B5044609E039
:10D94000E56810212046ECF74DFD204606F0DFFE8D
:10D950002C4600BF002CF3D170BD2DE9F0470546E1
:10D960000E4617469846A946D9F80440A06858B113
:10D970001021012006F088FEE060E06818B96FF021
:10D980006900BDE8F087E468A760C4F804802660F9
:10D99000C9F804400020F4E7F0B587B006460F460A
:10D9A00014461D4606940595002020606060A06026
:10D9B000E06005A85D4900220092EBB2CDE90121AB
:10D9C0000390FF2239463046FFF743FF07B0F0BD12
:10D9D0002DE9F84304460F4616461D466FF06D08C4
:10D9E00030236A4639462046FFF73FFE5FEA0008CB
:10D9F00002D04046BDE8F8832068381A012802DAD0
:10DA00006FF05F00F6E720680078306020680099CA
:10DA100047180623321D39462046FFF726FE5FEAE7
:10DA2000000801D04046E5E72068B06020687168D2
:10DA3000084420602068B84205D10C212846ECF744
:10DA4000D1FC0020D6E72068007828602068401CC0
:10DA500020602A1D39462046FFF788FD5FEA00084E
:10DA600001D04046C6E72068A8602068696808447D
:10DA700020602068B84202D06FF06500BAE700204D
:10DA8000B8E7FEB504460D4616466FF06D07002058
:10DA90000090019002906B46324629462046FFF7DF
:10DAA00097FF070001D03846FEBD0098052801D039
:10DAB000009808B9019810B16FF06700F4E70020F2
:10DAC000F2E710B5044604B910BDA06806F01FFEC9
:10DAD000606906F01CFE20212046ECF783FC00BFA5
:10DAE000F2E770B5044607E0A86920602846FFF712
:10DAF000E8FF284606F00BFE2568002DF4D170BD26
:10DB000070B504460E4615460AE06068A84206D184
:10DB10002A463146A06807F0D3F900B902E0A469AB
:10DB2000002CF2D100BF204670BD00005BD901007F
:10DB300010B54FF4C471012006F0A6FD044614B1DF
:10DB4000204600F061FB204610BD10B5044620467B
:10DB500001F028F9204606F0DAFD10BD2DE9F0416C
:10DB600004460D4616461F463B4632462946204689
:10DB7000ECF7BFFBBDE8F0812DE9FC4704460D46FC
:10DB800016461F46DDE90A893B46324629462046AD
:10DB9000CDE90089ECF7CAFBBDE8FC8770B5044607
:10DBA0000D461646324629462046EBF79DFD70BDD0
:10DBB00070B504460D461646324629462046EBF718
:10DBC00094FC70BD10B54FF48C71012006F05CFD23
:10DBD00004460CB9002010BD2046EBF771FC20462E
:10DBE000F9E710B504462046EBF774FC204606F032
:10DBF0008EFD10BD70B506460C4615462B462246D6
:10DC00000221304600F010FC70BD0000F0B589B074
:10DC100004460D4617466FF06D06302308AA2946C4
:10DC20002046FFF722FD060003D0A6F56C5009B090
:10DC3000F0BD206808990844A84201D0FE48F6E7E4
:10DC4000022308AA29462046FFF70FFD060002D04E
:10DC5000A6F56C50EBE70020039004900590069029
:10DC6000009001900290034621683846089AF1F727
:10DC70007EFC060002D0F0486630D8E7206808999C
:10DC800008442060022308AA29462046FFF7EDFC3D
:10DC9000060002D0A6F56C50C9E70899002220685A
:10DCA0000392CDE90420009201921346029206915C
:10DCB00011463846F1F75BFC060002D0DE486630BC
:10DCC000B5E720680899084420603846F1F715FD4B
:10DCD00018B93846F1F76AFF10B1D7486630A6E7A1
:10DCE0002068A84201D0D448A1E700209FE72DE991
:10DCF000FE4306460F4615461C466FF06D08002091
:10DD000020606060A06023466A4639463046FFF7CF
:10DD10005FFE5FEA000803D0A8F56A50BDE8FE8305
:10DD200029466846F6F795FC08B1C448F6E7287816
:10DD3000012809D12068052801D0206808B9606849
:10DD400010B1BD48E630E9E70020E7E72DE9F043F0
:10DD500087B005460E4617466FF06D04002002900E
:10DD600000BF00BF00BF00BF00BF00BF00BF00BFBB
:10DD7000302306AA31462846FFF777FC040004D07A
:10DD8000A4F5745007B0BDE8F083286806994618DA
:10DD900003AB02AA31462846FFF7A9FF040001D0D1
:10DDA0002046EFE706AA31462846FFF7A3FD040008
:10DDB00002D0A4F56C50E5E7286806990844B04203
:10DDC00001D09D48DEE79DF80800F1F7F3F85FEA1F
:10DDD000000901D19948D5E749463846F1F7F1F8ED
:10DDE000040001D02046CDE79DF8080001280CD1A1
:10DDF000D7E90001CDE9000101988046424631464D
:10DE00002846FFF703FF044600E08C4C1CB9286845
:10DE1000B04200D0884C14B13846F1F7BBF8204628
:10DE2000B0E72DE9F04106460F4614462246394632
:10DE30003046FFF7C0FC054615B12846BDE8F08125
:10DE400000212046F4F7BFFE10B97C488038F5E782
:10DE50000020F3E72DE9F04188B005460E4617464D
:10DE600002A8F3F7FBF90596059800EB07083023A5
:10DE700006AA414605A8FFF7F8FB040004D0A4F564
:10DE8000745008B0BDE8F081DDE9050100EB010840
:10DE900007AA414605A8FFF778FC040002D0A4F5C4
:10DEA0007450EEE7079808B16548EAE702AA4146D0
:10DEB00005A8FFF7B6FF040009D10090034602460B
:10DEC00002A901902846F1F709FB040000D087E081
:10DED00002AA414605A8FFF7A4FF04000AD102A840
:10DEE00000210B460A46CDE900102846F1F7F6FA64
:10DEF000040000D074E002AA414605A8FFF791FF94
:10DF000004000AD102A903460246CDE900100146E9
:10DF10002846F1F7E3FA040000D061E002AA414686
:10DF200005A8FFF77EFF040009D10090034602AA6E
:10DF3000014601902846F1F7D1FA040000D04FE0E5
:10DF400002AA414605A8FFF76CFF040009D1009022
:10DF500002AB0246014601902846F1F7BFFA0400E1
:10DF600000D03DE002AA414605A8FFF75AFF040091
:10DF700006D102A905F14400F3F7F8F9040000D036
:10DF80002EE002AA414605A8FFF74BFF040006D188
:10DF900002A905F15000F3F7E9F9040000D01FE0F1
:10DFA00002AA414605A8FFF73CFF040006D102A9DA
:10DFB00005F15C00F3F7DAF9040000D010E0284620
:10DFC000F1F79BFB040004D12846F1F7EFFD0400B4
:10DFD00000D005E00598404501D0194C1A3400BF27
:10DFE00002A8F3F743F95CB14FF68070044202D106
:10DFF000A4F5745401E0114C803C2846F2F7BEFCB5
:10E0000020463EE72DE9F0478AB005460E46174602
:10E010000496049800EB070800200390302308AA18
:10E02000414604A8FFF721FB04000BD0A4F574506F
:10E030000AB0BDE8F08700009AC4FFFF80C3FFFF6D
:10E0400080C2FFFF0899049800EB010809AA414625
:10E0500004A8FFF79AFB040002D0A4F57450E7E788
:10E06000099810B1A4F57650E2E705AB03AA414642
:10E0700004A8FFF73CFE040002D0A4F57450D7E7D3
:10E08000042308AA414604A8FFF7EFFA040002D0CF
:10E09000A4F57450CCE7089808B95948C8E79DF82A
:10E0A0000C00F0F787FF5FEA000A02D15448E03025
:10E0B000BEE751462846F0F784FF040001D0204611
:10E0C000B6E79DF80C00012810D1D5E90001CDE993
:10E0D000010102988146089A0499FFF7BBFE0400EB
:10E0E00007D02846F0F756FF2046A1E74448E03025
:10E0F0009EE700209CE72DE9FC5F04460E4615468E
:10E100009B46DDF830806FF06D0900BF00BF1DB980
:10E110003B486030BDE8FC9F00BF00BF2A46314647
:10E120002046FFF76FFF5FEA000900D1F2E72046C3
:10E13000F0F730FF2046F0F727FF0120F0F73AFF15
:10E14000824651462046F0F73CFF60B9D4E9000111
:10E15000CDE90001019807462A463146FFF77AFECD
:10E1600008B90020D6E72046F0F714FF2046F0F764
:10E170000BFF23486030CDE72DE9FE4305460E46F0
:10E1800014466FF06D0700BF00BF1CB91C4860301B
:10E19000BDE8FE8300BF00BF0120F0F70BFF5FEA80
:10E1A000000902D11648E030F2E749462846F0F768
:10E1B00008FF070001D03846EAE70296D5E90001DA
:10E1C000CDE900010198804602980119424602A853
:10E1D000FFF71CFD07460FB93846D9E72846F0F788
:10E1E000D9FE0848874201D03846D1E70296029806
:10E1F00001192A4602A8FFF7A9FD07463846C7E7D6
:10E20000A0C2FFFF9EC4FFFF10B5044600BF00BFC1
:10E210004FF4C471204607F007F810BD2DE9F04F08
:10E2200099B08246002001900290039004900590DE
:10E2300001A802AB102202A90090504600F007FF8F
:10E240000B9018B10B9819B0BDE8F08F9DF808003D
:10E2500000069DF8091040EA01409DF80A1040EAC6
:10E2600001209DF80B1008430021CDE908019DF81D
:10E270000C0000069DF80D1040EA01409DF80E10BC
:10E2800040EA01209DF80F1008430021CDE9060166
:10E290002022DDE90801CDE90E1006F0D6FADDE90D
:10E2A000063240EA030841EA02099DF81000000620
:10E2B0009DF8111040EA01409DF8121040EA01203B
:10E2C0009DF8131008430021CDE908019DF81400C2
:10E2D00000069DF8151040EA01409DF8161040EA2E
:10E2E00001209DF8171008430021CDE906012022E6
:10E2F000DDE90801CDE90C1006F0A7FADDE90632E8
:10E3000040EA030641EA02070AF14000C0E910674B
:10E31000CAF80491CAF800810021CAF8C010CAF8EE
:10E32000C410CAF84010CAF844104FF0040B3EE085
:10E33000012030404FF06141A0FB010100903F22DD
:10E3400040464946CDE9169806F07FFA04460D4648
:10E350004FF0010230463946CDE9147606F088FACE
:10E3600044EA000645EA0107012240464946CDE954
:10E37000129806F07DFA04460D464FF000014FF06A
:10E3800020020098CDE9101006F05FFA84EA000838
:10E3900085EA01090AF1400000EBCB00C0C00AF198
:10E3A000C00000EBCB00C0E900894FEA6B0BBBF16A
:10E3B000000FBDDC4FF0020B31E00AF1400202EB2E
:10E3C000CB00803202EBCB01D1E90089D0E90067B4
:10E3D00001220A921EE00AF1C0020A9B02EBC3036B
:10E3E0000CCB82EA080283EA09030A9C01EBC4040D
:10E3F0000CC40AF140020A9B02EBC302D2E90032CC
:10E4000073407A400A9C00EBC404C4E900320A9AC3
:10E41000521C0A920A9A5A45DDDB4FEA4B0BBBF1BC
:10E42000080FCADD00200EE72DE9F04780460E46B2
:10E4300017461D466FF06D0900BF00BF00BF00BF4B
:10E4400000BF00BF01222946304600F000FD04460F
:10E450001CB96FF01300BDE8F0876069102802D086
:10E460006FF01300F7E7404600F014FD21464046E8
:10E4700000F041FD5FEA000901D04846EBE70123C7
:10E480002A463946404600F051FD5FEA000901D0B6
:10E490004846E0E74046FFF7C1FE5FEA000901D0C9
:10E4A0004846D8E70020D6E72DE9F74FBCB09246A2
:10E4B000002004903D98C07B00F00F0003903C9832
:10E4C000C030039900EBC101C0C93C9840300399AA
:10E4D00000EBC101D1E900890F20049096E0049976
:10E4E0003D98405C00F00F00039004993D98405C1B
:10E4F0000009029004980F2842D008F00F00019004
:10E500003C2230463946CDE90B7606F09EF90446AA
:10E510000D464FF0040240464946CDE9099806F001
:10E52000A7F944EA000845EA0109042230463946C1
:10E53000CDE9077606F09CF906460F46FE4901989C
:10E5400001EBC000D0E900103022CDE905010846FA
:10E55000059906F07AF946404F403C98C03003993F
:10E5600000EBC10103C946404F403C98403003993D
:10E5700000EBC100D0E9001081EA080880EA09092F
:10E5800008F00F0001903C2230463946CDE9137661
:10E5900006F05BF904460D464FF00402404649463A
:10E5A000CDE9119806F064F944EA000845EA01094A
:10E5B000042230463946CDE90F7606F059F9064671
:10E5C0000F46DD49019801EBC000D0E90010302270
:10E5D000CDE90D0108460D9906F037F946404F4048
:10E5E0003C98C030029900EBC100D0E900104E40C9
:10E5F00047403C984030029900EBC10103C980EAD2
:10E60000080881EA09090498401E0490049800282B
:10E61000BFF665AF2022B346584639463B9706F011
:10E6200027F91822CDE9391006F022F98AF80000FE
:10E63000202230463946CDE9377606F019F9102206
:10E64000CDE9351006F014F98AF801002022304691
:10E650003946CDE9337606F00BF90822CDE93110C1
:10E6600006F006F98AF80200202230463946CDE944
:10E670002F7606F0FDF88AF8030018223046394656
:10E68000CDE92D7606F0F4F88AF804001022304621
:10E690003946CDE92B7606F0EBF88AF8050008221A
:10E6A00030463946CDE9297606F0E2F88AF80600C8
:10E6B0008AF80760202240464946CDE9279806F0AF
:10E6C000D7F81822CDE9251006F0D2F88AF808000C
:10E6D000202240464946CDE9239806F0C9F8102289
:10E6E000CDE9211006F0C4F88AF80900202240463E
:10E6F0004946CDE91F9806F0BBF80822CDE91D1068
:10E7000006F0B6F88AF80A00202240464946CDE9CC
:10E710001B9806F0ADF88AF80B00182240464946CF
:10E72000CDE9199806F0A4F88AF80C0010224046AA
:10E730004946CDE9179806F09BF88AF80D000822A3
:10E7400040464946CDE9159806F092F88AF80E0041
:10E750008AF80F803FB0BDE8F08F2DE9FF4F89B0F8
:10E7600004461E46179F6FF06D0006900020019032
:10E7700000BF00BF00BF00BF00BF00BFBEB13D2251
:10E78000B24607905046079906F072F800235840A9
:10E79000594008430BD13D22BB4608905846089982
:10E7A00006F066F8002358405940084304D06FF043
:10E7B00013000DB0BDE8F08F04F5807000210166F4
:10E7C00041668166C166016741678167C16704F57B
:10E7D000A0740A98206421606160A160E160A4F5E2
:10E7E000A0740C2E0AD1324604F5B0700B9906F0D5
:10E7F0002DFC012140F26F1001554CE000200290E9
:10E80000039004900590C6F347508DF81400C6F3AA
:10E810004F30C0B28DF81500C6F35710C0B28DF856
:10E820001600F006000E8DF81700DDF82C901CE0A5
:10E83000102E01D2304600E010208046002509E06D
:10E8400004F5B070405D19F80510484004F5B0714A
:10E8500048556D1C4545F3D304F5B072114620466A
:10E86000FFF722FEA6EB0806C144002EE0D10025EA
:10E8700009E004F5B070405D02A9495D484004F527
:10E88000B07148556D1C102DF3D304F5B0721146CC
:10E890002046FFF709FE01A804F5A873102204F52D
:10E8A000B0710090204600F0D2FB069008B10698A7
:10E8B0007FE70020C4F84871C4F84C01DDF8589097
:10E8C0001CE0102F01D2384600E0102080460025C1
:10E8D00009E004F5B870405D19F80510484004F5EA
:10E8E000B87148556D1C4545F3D304F5B87211460F
:10E8F0002046FFF7D9FDA7EB0807C144002FE0D160
:10E90000002056E72DE9F04F87B004460E46174623
:10E9100098466FF06D000690C3460020019000BF3E
:10E9200000BF00BF00BF00BF00BFB8450BD9A8EBB8
:10E930000700B04207D201E0A0B702006FF0130059
:10E9400007B0BDE8F08FD4F84021D4F84401921903
:10E9500040F10000D4F84031D4F84411D21A884173
:10E960000CD3D4F84021D4F84401921940F10000AE
:10E970006FF01F030F219A1A814102D26FF013002A
:10E98000DEE7D4F84021D4F84401921940F10000A8
:10E99000C4F84021C4F84401B94653E0102E01D216
:10E9A000304600E01020824610250CE0681E04F579
:10E9B000B071085C401C10F0FF02A5F101000A5480
:10E9C00000D002E06D1E0C2DF0D800BF01A802ABF4
:10E9D000102204F5B0710090204600F038FB06903C
:10E9E00008B10698ACE7002520E0D4F8800140B9D2
:10E9F00004F5B870405D19F80510484004F5B87189
:10EA0000485502A8405D19F8051048400BF805006C
:10EA1000D4F88001012808D104F5B870405D1BF8D6
:10EA20000510484004F5B87148556D1C5545DCD3B8
:10EA300004F5B87211462046FFF736FDA6EB0A062C
:10EA4000D144D344002EA9D1002079E72DE9F74F16
:10EA5000AAB000BF00BF00BF00BF2A9901F5A07196
:10EA600003C908220023A0FB024C01FB02C100FBEA
:10EA700003152A98082100F5A4700CC80020A2FBF9
:10EA8000016C03FB01C102FB00172C98102802D86F
:10EA90002C98042804D26FF013002DB0BDE8F08F3D
:10EAA0002A9901F5A871DDE92B0206F0CFFA0021C1
:10EAB00084EA01006940084305D1002186EA01008B
:10EAC000794008437ED00020029003900490059086
:10EAD0002022B04640463946299705F0C9FE182243
:10EAE000CDE9271005F0C4FEC0B28DF80800202241
:10EAF000B14648463946269705F0BAFE1022CDE9C0
:10EB0000241005F0B5FEC0B28DF809002022B246EF
:10EB100050463946239705F0ABFE0822CDE9211077
:10EB200005F0A6FEC0B28DF80A002022B346584672
:10EB30003946209705F09CFEC0B28DF80B001822D4
:10EB400030463946CDE91E7605F092FEC0B28DF80A
:10EB50000C00102230463946CDE91C7605F088FEBF
:10EB6000C0B28DF80D00082230463946CDE91A763C
:10EB700005F07EFEC0B28DF80E00F0B28DF80F00E9
:10EB8000202220462946CDE9185405F071FE1822AE
:10EB9000CDE9161005F06CFEC0B28DF810002022F1
:10EBA00020462946CDE9145405F062FE1022CDE935
:10EBB000121005F05DFEC0B28DF811002022204633
:10EBC000294600E06AE0CDE9105405F051FE082224
:10EBD000CDE90E1005F04CFEC0B28DF812002022D7
:10EBE00020462946CDE90C5405F042FEC0B28DF80E
:10EBF0001300182220462946CDE90A5405F038FEB4
:10EC0000C0B28DF81400102220462946CDE90854E0
:10EC100005F02EFEC0B28DF81500082220462946C8
:10EC2000CDE9065405F024FEC0B28DF81600E0B21E
:10EC30008DF81700002001900FE02A9800F5B870B9
:10EC40000199405C02AA515C41402A9800F5B870D5
:10EC5000019A81540198401C019001981028ECD32E
:10EC60002A9A02F5B8722A9901F5B8712A98FFF725
:10EC70001BFC002001900DE001992B98415C2A9823
:10EC800000F5B870019A805C41402B98815401983E
:10EC9000401C01902C9901988842EDD30020FCE69D
:10ECA0002DE9FE4F06460F4614461D46DDE90EAB24
:10ECB000DDE90C896FF06D00029000BF00BF00BF5E
:10ECC00000BF00BF00BF00BF00BF00BF00BF00BF4C
:10ECD00000BF43462A4639463046CDE9009AFFF741
:10ECE0003CFD029010B10298BDE8FE8F5A462146C5
:10ECF0003046109BFFF706FE029008B10298F3E73A
:10ED00003046DDE91121FFF7A1FE029008B102981B
:10ED1000EAE70020E8E72DE9FF4F8DB00E461746E1
:10ED20009846DDF868B0DDF87CA0DDF874906FF0EF
:10ED30006D000C9000BF00BF00BF00BF00BF00BF50
:10ED400000BF00BF00BF00BF00BF00BF08A91E98E2
:10ED5000CDE904A9069103901B983B463246002159
:10ED6000CDE9008B02900D98FFF79AFF0C9018B137
:10ED70000C9811B0BDE8F08F0025002406E01C9827
:10ED8000005D08A9095D48400543641C4C45F6D365
:10ED900035B131465046EBF725FB6FF01100E8E73F
:10EDA0000020E6E710B5044604B910BD204600F087
:10EDB00071F84FF4C4712046EBF714FB00BFF4E781
:10EDC000F0B503460C461D4626460020002106E00D
:10EDD0006F5C16F801C087EA0C073843491C914262
:10EDE000F6D3F0BDFE48006860B9FE4AFE4902E075
:10EDF00012F8080B01C110780028F9D10860012031
:10EE0000F74B1860F84870470246F64905E0087865
:10EE1000904201D148687047083148680028F6D10F
:10EE200000BFF8E770B505460DB9002070BDED4C88
:10EE300008E061688868294606F048FA08B9606801
:10EE4000F4E7083460680028F3D100BFEEE710B59E
:10EE500003460C46E3490FE0486880690078984211
:10EE600009D148684068A04205D14868407890427E
:10EE700001D1486810BD083148680028ECD100BFB6
:10EE8000F8E710B5044600BF00BF4021204606F059
:10EE9000CBF910BD10B5044604B910BDE06B20B12C
:10EEA0002268E06B92699169884740212046EBF720
:10EEB00099FA00BFF1E7034603B10AB9CB4870479E
:10EEC00011600020FBE7024600BF00BF106818B1C8
:10EED00010684078022801D0C4487047042904D142
:10EEE0000020D060C248106102E0C0488030F4E7E2
:10EEF00000BF0020F1E770B505460C4600BF00BF1B
:10EF00000CB9BA4870BD4021284606F08DF9A169B8
:10EF100048698047E86310B9B4488038F2E72C604C
:10EF200004212846FFF7CFFF0020EBE72DE9F04151
:10EF300004460F4616461D4600BF00BF00BF00BF77
:10EF400000BF00BF206810B9A848BDE8F081206864
:10EF5000006910F0020F05D120684068B04201D06E
:10EF6000A248F2E766602572012D0BD02068407838
:10EF7000032807D020684078042803D02068407810
:10EF8000052807D1D4E90012E06B8969CB683946BE
:10EF90009847DAE73DB9D4E90012E06B89690B695B
:10EFA00039469847D1E79148CFE72DE9F04104462B
:10EFB0000F46164600BF00BF00BF00BF206810B953
:10EFC0008A48BDE8F081102E02D988488030F8E7E1
:10EFD0002068006910F0010F01D0354605E0206877
:10EFE000C568B54201D98148EBE735B12A463946B3
:10EFF00004F1280006F02AF8A5630020E1E70146A5
:10F0000000BF00BF086808B9784870470020486210
:10F0100000BFFAE77CB504460D46164600BF00BFA8
:10F0200000BF00BF206808B970487CBD20684078E8
:10F0300006280AD1CDE9005694F9081004F12802F7
:10F04000D4E90E30FFF789FBEFE70020EDE72DE96B
:10F05000FC5F0446894615469A460C9F6FF06D0B7F
:10F0600000BF00BF00BF00BF00BF00BF00BF00BFA8
:10F07000206810B95D48BDE8FC9F0020386020463C
:10F0800000F079FA06460EB95A48F4E7206840784D
:10F09000012815D1B54201D05748ECE73D6094F9FD
:10F0A00008102268E06B92695346D2F804C04A46C1
:10F0B000E0475FEA000B01D05846DCE70020DAE7C2
:10F0C00020684078062807D13D6053464A462946C5
:10F0D000E06BFFF717FCCEE7D14508D1606A20B995
:10F0E000B5FBF6F006FB105008B14048C3E72068B6
:10F0F0004078022872D14FF00008207A28B9E068E1
:10F1000018B1606A301AA8420ED2207A28B9E06895
:10F1100018B9606A301AA84206D8207A012810D19E
:10F12000606A301AA8420CD904F11401626A5018BE
:10F130002A46494605F08AFF606A2844606200203A
:10F1400099E7606A38B3606AA6EB000804F114011D
:10F15000626A50184246494605F078FF04F11400EF
:10F16000CDE9000A94F908102268E06B926904F175
:10F170002803D2F808C03246E0475FEA000B01D00E
:10F18000584678E7386830443860B24400206062FE
:10F19000C144A5EB0805CDB1B5FBF6F006FB105850
:10F1A000B8F1000F04D1207A10B9E06800B1B04680
:10F1B000A5EB080000EB0901424604F1140005F03C
:10F1C00045FF606A40446062A5EB08052DB3CDE9B8
:10F1D000009A94F908102268E06B0FE01FE000002D
:10F1E0009C0B00204CB702006C670020009FFFFFC3
:10F1F000B7EE0100809CFFFF809DFFFF926904F144
:10F200002803D2F808C02A46E0475FEA000B01D085
:10F21000584630E738682844386000202BE7DB4840
:10F2200029E72DE9FC4104460D46164600BF00BF04
:10F2300000BF00BF00BF00BF206818B9D3488038A6
:10F24000BDE8FC810020306020684078032813D09E
:10F250002068407804280FD02068407805280BD01B
:10F2600020684078062807D020684078092803D015
:10F2700020684078072801D10020E1E72068007865
:10F28000482803D020680078492801D10020D7E71A
:10F2900020684078012805D1606A08B1BC48CFE7F2
:10F2A0000020CDE720684078022858D10027207A36
:10F2B00001281DD1E06828B9606A08B1B448BFE7E9
:10F2C0000020BDE700BF00BF00BF00BF206808B935
:10F2D000002005E0A06B08B1A06B01E02068C068C9
:10F2E0008046414604F11400E368626A98470DE0E5
:10F2F000204600F040F9616A884207D0E06818B9FA
:10F30000606A08B900209BE7A14899E7204600F011
:10F3100032F9804604F11400CDE9000594F9081093
:10F320002268E06B926904F12803D2F808C04246D3
:10F33000E047070001D0384682E7207A48B92046E6
:10F3400000F019F98046324641462846236998471D
:10F3500076E7204600F00FF93060002070E78B4818
:10F360006EE770B504460D46164600BF00BF00BFED
:10F3700000BF206810B98548803870BD207A012808
:10F3800002D082488038F8E720684078062805D106
:10F3900032462946E06BFFF759FBEEE70020ECE729
:10F3A0002DE9FF4104460D4616466FF06D0700BF7C
:10F3B00000BF00BF00BF206820B97448803804B087
:10F3C000BDE8F081207A10B170488038F7E72068F6
:10F3D0004078062818D1102E02D96C488038EEE704
:10F3E00032466946E06BFFF731FB070001D0384633
:10F3F000E5E7324669462846FFF7E2FC10B164486B
:10F400008038DCE70020DAE70020D8E72DE9FC5F50
:10F410000746884691461D46DDE90CA60E9C6FF016
:10F420006D0B00BF00BF00BF00BF00BF00BF00BF2B
:10F4300000BF00BF00BF4A4641463846FFF7B5FD52
:10F440005FEA000B02D05846BDE8FC9F3846FFF744
:10F45000D6FD5FEA000B01D05846F5E73346524629
:10F46000294638460094FFF7F2FD5FEA000B01D011
:10F470005846E9E72068811901AA3846FFF7D1FE0E
:10F480005FEA000B01D05846DEE720680199084486
:10F4900020600020D8E72DE9F04F87B004460D46E4
:10F4A00016461F46DDE9128BDDE9109A00BF00BF4A
:10F4B00000BF00BF00BF00BF00BF00BF00BF00BF54
:10F4C00000BF00BF00BF00BF20684078062811D1F0
:10F4D0001498C0F80080DDE915018DE8C00ECDE973
:10F4E00005102B4642460121E06BFFF7D9FB07B020
:10F4F000BDE8F08F2548FAE72DE9F04F87B00446C4
:10F500000D4616461F46DDE9128BDDF844A000BF0C
:10F5100000BF00BF00BF00BF00BF00BF00BF00BFF3
:10F5200000BF00BF00BF00BF00BF206840780628B2
:10F530001FD16FF06D091498C0F80080DDE9150146
:10F54000CDE904ABCDE902011098CDE90070334656
:10F550002A464146E06BFFF7DEFB814619F11200B7
:10F5600003D1DFF82C90A9F18009484607B0BDE827
:10F57000F08F0648FAE7014600BF00BF086808B9E7
:10F580000020704708684069FBE70000809FFFFF8C
:10F59000809DFFFF2DE9F043BBB006468846154627
:10F5A0001F46DDF808910EB105B117B93BB0BDE8B3
:10F5B000F083B9F1400F00DDF8E740212BA805F0FA
:10F5C00033FE40211BA805F02FFE4A4639462BA8E2
:10F5D00005F03CFD4A4639461BA805F037FD0024DE
:10F5E0000CE02BA8005D80F036002BA908551BA865
:10F5F000005D80F05C001BA90855641C402CF0DB0A
:10F6000001A800F040F901A800F057F940222BA909
:10F6100001A800F0EAFD4246314601A800F0E5FDF0
:10F6200017A901A800F01FFE01A800F02CF901A8FD
:10F6300000F043F940221BA901A800F0D6FD1022DA
:10F6400017A901A800F0D1FD17A901A800F00BFE31
:10F6500000240FE017A9095D081100F084FE05F8E9
:10F66000140017A9085D00F07EFE012101EB4401A2
:10F670006854641C102CEDDB00BF97E72DE9F043C4
:10F68000BDB00646884615461F46DDF810910EB1FE
:10F6900005B117B93DB0BDE8F083B9F1400F00DD09
:10F6A000F8E7402116A805F0BFFD402106A805F0A7
:10F6B000BBFD4A46394616A805F0C8FC4A463946FD
:10F6C00006A805F0C3FC00240CE016A8005D80F03D
:10F6D000360016A9085506A8005D80F05C0006A952
:10F6E0000855641C402CF0DB26A800F056FE26A826
:10F6F00000F06DFE402216A926A802F00CFB42463F
:10F70000314626A802F007FB01A926A802F041FB1A
:10F7100026A800F042FE26A800F059FE402206A9C5
:10F7200026A802F0F8FA142201A926A802F0F3FA9A
:10F7300001A926A802F02DFB00240FE001A9095D14
:10F74000081100F010FE05F8140001A9085D00F092
:10F750000AFE012101EB44016854641C142CEDDB0A
:10F7600000BF97E72DE9F84305460F460026B0464F
:10F7700074E0FF220421684605F02CFD002409E016
:10F780003A480068005DA95D884201D18DF80040CB
:10F79000601CC4B2402CF3DB00240AE0334800684C
:10F7A000015D701C285C814201D18DF80140601C14
:10F7B000C4B2402CF2DB00240AE02C480068015D52
:10F7C000B01C285C814201D18DF80240601CC4B29B
:10F7D000402CF2DB00240AE024480068015DF01CA4
:10F7E000285C814201D18DF80340601CC4B2402CDA
:10F7F000F2DB9DF80000800000F0FC009DF8011095
:10F80000C1F301110843414608F101087854B01CC6
:10F81000285C3D2800D124E09DF80100000100F0A3
:10F82000F0009DF80210C1F383010843414608F13E
:10F8300001087854F01C285C3D2800D111E09DF8A7
:10F840000200800100F0F0009DF8031001F03F017C
:10F850000843414608F101087854361DA85D002888
:10F8600087D100BF4046BDE8F8830000A00B002010
:10F8700010B5024602E0002302F8013B0B00A1F1A3
:10F880000101F8D110BD10B504465821204605F0FD
:10F89000CBFC10BD10B5044604B910BD582120465C
:10F8A000FFF7E6FF00BFF8E770B504460D465822A3
:10F8B0002946204605F051FC70BD002101604160E1
:10F8C000FE498160FE4AC260CA430261FC4AD243DB
:10F8D00042617047F0B590B005460C4626786778CF
:10F8E00046EA0726A77846EA0746E77846EA076623
:10F8F00000962679677946EA0726A77946EA0746F9
:10F90000E77946EA07660196267A677A46EA072685
:10F91000A77A46EA0746E77A46EA07660296267B12
:10F92000677B46EA0726A77B46EA0746E77B46EA67
:10F9300007660396267C677C46EA0726A77C46EA8C
:10F940000746E77C46EA07660496267D677D46EA19
:10F950000726A77D46EA0746E77D46EA076605963D
:10F96000267E677E46EA0726A77E46EA0746E77EAA
:10F9700046EA07660696267F677F46EA0726A77F40
:10F9800046EA0746E77F46EA0766079694F820604E
:10F9900094F8217046EA072694F8227046EA074652
:10F9A00094F8237046EA0766089694F8246094F861
:10F9B000257046EA072694F8267046EA074694F82A
:10F9C000277046EA0766099694F8286094F829702B
:10F9D00046EA072694F82A7046EA074694F82B7000
:10F9E00046EA07660A9694F82C6094F82D7046EA69
:10F9F000072694F82E7046EA074694F82F7046EAD8
:10FA000007660B9694F8306094F8317046EA072642
:10FA100094F8327046EA074694F8337046EA07666F
:10FA20000C9694F8346094F8357046EA072694F8FA
:10FA3000367046EA074694F8377046EA07660D9630
:10FA400094F8386094F8397046EA072694F83A70CA
:10FA500046EA074694F83B7046EA07660E9694F825
:10FA60003C6094F83D7046EA072694F83E7046EAFA
:10FA7000074694F83F7046EA07660F96A868E9685B
:10FA80002A696B6982EA03060E405E40009F3E448D
:10FA90008C4F3E443044C60146EA5066701881EAF5
:10FAA000020606405640019F3E44874F3E44334481
:10FAB0001E0346EA1356331880EA01061E404E40E4
:10FAC000029F3E44814F3E443244560446EAD236B9
:10FAD000F21883EA000616404640039F3E447C4FDE
:10FAE0003E4431448E0546EA9126B11882EA030667
:10FAF0000E405E40049F3E44764F3E443044C60173
:10FB000046EA5066701881EA020606405640059F94
:10FB10003E44714F3E4433441E0346EA13563318A5
:10FB200080EA01061E404E40069F3E446B4F3E4415
:10FB30003244560446EAD236F21883EA00061640EA
:10FB40004640079F3E44664F3E4431448E0546EA98
:10FB50009126B11882EA03060E405E40089F3E449B
:10FB6000604F3E443044C60146EA5066701881EA50
:10FB7000020606405640099F3E445B4F3E443344D4
:10FB80001E0346EA1356331880EA01061E404E4013
:10FB90000A9F3E44A6F524464F3E3244560446EAA8
:10FBA000D236F21883EA0006164046400B9F3E44C8
:10FBB0004E4F3E4431448E0546EA9126B11882EA02
:10FBC00003060E405E400C9F3E44494F3E44304485
:10FBD000C60146EA5066701881EA020606405640A1
:10FBE0000D9F3E44434F3E4433441E0346EA1356A2
:10FBF000331880EA01061E404E400E9F3E443E4FA1
:10FC00003E443244560446EAD236F21883EA0006ED
:10FC1000164046400F9F3E44384F3E4431448E05C7
:10FC200046EA9126B11881EA02061E405640019F1D
:10FC30003E44334F3E443044460146EAD066701895
:10FC400080EA010616404E40069F3E442D4F3E443A
:10FC500033445E0246EAD356331883EA00060E4068
:10FC600046400B9F3E44284F3E443244960346EAAA
:10FC70009246F21882EA030606405E40009F3E4428
:10FC8000224F3E4431440E0546EA1136B11881EA4E
:10FC900002061E405640059F3E441D4F3E443044E0
:10FCA000460146EAD066701880EA010616404E40CA
:10FCB0000A9F3E44174F3E4433442DE001234567DD
:10FCC00089ABCDEF78A46AD756B7C7E8DB7020249C
:10FCD000EECEBDC1AF0F7CF52AC68747134630A8CC
:10FCE000019546FDD8988069AFF7448BBED75C89F3
:10FCF0002211906B937198FD8E4379A62108B44927
:10FD000062251EF640B340C0515A5E26AAC7B6E926
:10FD10005D102FD6531444025E0246EAD3563318C0
:10FD200083EA00060E4046400F9F3E44FE4F3E448D
:10FD30003244960346EA9246F21882EA03060640E7
:10FD40005E40049F3E44F94F3E4431440E0546EA6E
:10FD50001136B11881EA02061E405640099F3E4402
:10FD6000F34F3E443044460146EAD066701880EABC
:10FD7000010616404E400E9F3E44EE4F3E44334433
:10FD80005E0246EAD356331883EA00060E40464028
:10FD9000039F3E44E84F3E443244960346EA92466F
:10FDA000F21882EA030606405E40089F3E44E34F95
:10FDB0003E4431440E0546EA1136B11881EA020686
:10FDC0001E4056400D9F3E44DD4F3E4430444601A8
:10FDD00046EAD066701880EA010616404E40029F3F
:10FDE0003E44D84F3E4433445E0246EAD35633186D
:10FDF00083EA00060E404640079F3E44D24F3E44F1
:10FE00003244960346EA9246F21882EA0306064016
:10FE10005E400C9F3E44CD4F3E4431440E0546EAC1
:10FE20001136B11881EA02065E40059F3E44C84F74
:10FE30003E443044060146EA1076701880EA010616
:10FE40005640089F3E44C34F3E443344DE0246EAD8
:10FE50005356331883EA00064E400B9F3E44BE4F74
:10FE60003E443244160446EA1246F21882EA030679
:10FE700046400E9F3E44B94F3E443144CE0546EACB
:10FE80005126B11881EA02065E40019F3E44B44FFC
:10FE90003E443044060146EA1076701880EA0106B6
:10FEA0005640049F3E44AF4F3E443344DE0246EA90
:10FEB0005356331883EA00064E40079F3E44AA4F2C
:10FEC0003E443244160446EA1246F21882EA030619
:10FED00046400A9F3E44A54F3E443144CE0546EA83
:10FEE0005126B11881EA02065E400D9F3E44A04FA4
:10FEF0003E443044060146EA1076701880EA010656
:10FF00005640009F3E449B4F3E443344DE0246EA47
:10FF10005356331883EA00064E40039F3E44964FE3
:10FF20003E443244160446EA1246F21882EA0306B8
:10FF30004640069F3E44914F3E443144CE0546EA3A
:10FF40005126B11881EA02065E40099F3E448C4F5B
:10FF50003E443044060146EA1076701880EA0106F5
:10FF600056400C9F3E44874F3E443344DE0246EAEF
:10FF70005356331883EA00064E400F9F3E44824F8B
:10FF80003E443244160446EA1246F21882EA030658
:10FF90004640029F3E447D4F3E443144CE0546EAF2
:10FFA0005126B11861EA03065640009F3E44784F3F
:10FFB0003E443044860146EA9066701860EA0206C4
:10FFC0004E40079F3E44734F3E4433449E0246EAF0
:10FFD0009356331863EA010646400E9F3E446E4F27
:10FFE0003E443244D60346EA5246F21862EA00061C
:10FFF0005E40059F3E44694F3E4431444E0546EA0B
:020000040002F8
:10000000D126B11861EA030656400C9F3E44644F66
:100010003E443044860146EA9066701860EA020663
:100020004E40039F3E445F4F3E4433449E0246EAA7
:100030009356331863EA010646400A9F3E445A4FDE
:100040003E443244D60346EA5246F21862EA0006BB
:100050005E40019F3E44554F3E4431444E0546EAC2
:10006000D126B11861EA03065640089F3E44504F1E
:100070003E443044860146EA9066701860EA020603
:100080004E400F9F3E444B4F3E4433449E0246EA4F
:100090009356331863EA01064640069F3E44464F96
:1000A0003E443244D60346EA5246F21862EA00065B
:1000B0005E400D9F3E44414F3E4431444E0546EA6A
:1000C000D126B11861EA03065640049F3E443C4FD6
:1000D0003E443044860146EA9066701860EA0206A3
:1000E0004E400B9F3E44374F3E4433449E0246EA07
:1000F0009356331863EA01064640029F3E44324F4E
:100100003E443244D60346EA5246F21862EA0006FA
:100110005E40099F3E442D4F3E4431444E0546EA21
:10012000D126B118AE6853E081E6A1D8C8FBD3E769
:10013000E6CDE121D60737C3870DD5F4ED145A4536
:1001400005E9E3A9F8A3EFFCD9026F678A4C2A8D71
:100150004239FAFF81F6718722619D6D0C38E5FD09
:1001600044EABEA4A9CFDE4B604BBBF670BCBFBE59
:10017000C67E9B28FA27A1EA8530EFD4051D8804A6
:1001800039D0D4D9E599DBE6F87CA21F6556ACC41A
:10019000442229F497FF2A43A72394AB39A093FC68
:1001A000C3595B6592CC0C8F7DF4EFFFD15D8485E4
:1001B0004F7EA86FE0E62CFE144301A3A111084E68
:1001C000827E53F735F23ABDBBD2D72A91D386EB64
:1001D0000644AE60EE687718EF602E69B7182F619D
:1001E0006E69F7186F6110B0F0BD2DE9F04104465B
:1001F000884615460DB9BDE8F081206800F03F073C
:10020000C7F14006206828442060206820602068EC
:10021000A84202D26068401C606087B1B5420ED32C
:1002200004F11801C8193246414604F00FFF04F1E9
:1002300018012046FFF74EFBB044AD1B002706E037
:1002400041462046FFF746FB08F14008403D402D5F
:10025000F6D235B104F11801C8192A46414604F016
:10026000F5FE00BFC7E72DE9FC4704460D462068B0
:10027000400F616840EAC1062068C700F8B28DF8F7
:100280000000380A8DF80100380C8DF80200380E95
:100290008DF80300F0B28DF80400300A8DF80500E7
:1002A000300C8DF80600300E8DF80700206800F045
:1002B0003F08B8F1380F02D2C8F1380001E0C8F1A8
:1002C000780081464A462E492046FFF78EFF0822D5
:1002D00069462046FFF789FFA0682870A068000AD9
:1002E0006870A068000CA870A068000EE870E06854
:1002F0002871E068000A6871E068000CA871E06885
:10030000000EE871206928722069000A687220696D
:10031000000CA8722069000EE87260692873606999
:10032000000A68736069000CA8736069000EE873C6
:10033000BDE8FC8770B596B004460D461646684683
:10034000FFF7A1FA6846FFF7B8FA2A462146684641
:10035000FFF74BFF31466846FFF785FF6846FFF71A
:1003600099FA16B070BD014601F00F010A2902DAB0
:1003700001F1300001E001F1570040B27047000088
:1003800020B8020010B5024602E0002302F8013B4B
:100390000B00A1F10101F8D110BD10B504465C219C
:1003A000204604F041FF10BD10B5044604B910BD4D
:1003B0005C212046FFF7E6FF00BFF8E770B5044672
:1003C0000D465C222946204604F0C7FE70BD002180
:1003D00001604160FE498160FE4AC260CA43026119
:1003E000FC4AD2434261FC4A826170472DE9F043E6
:1003F00090B007460E4696F800C04FEA0C6C96F88F
:1004000001804CEA084C96F802804CEA082C96F8D9
:1004100003804CEA080CCDF800C096F804C04FEAFF
:100420000C6C96F805804CEA084C96F806804CEA6D
:10043000082C96F807804CEA080CCDF804C096F812
:1004400008C04FEA0C6C96F809804CEA084C96F804
:100450000A804CEA082C96F80B804CEA080CCDF880
:1004600008C096F80CC04FEA0C6C96F80D804CEA68
:10047000084C96F80E804CEA082C96F80F804CEA4F
:10048000080CCDF80CC096F810C04FEA0C6C96F82A
:1004900011804CEA084C96F812804CEA082C96F829
:1004A00013804CEA080CCDF810C096F814C04FEA3F
:1004B0000C6C96F815804CEA084C96F816804CEABD
:1004C000082C96F817804CEA080CCDF814C096F862
:1004D00018C04FEA0C6C96F819804CEA084C96F854
:1004E0001A804CEA082C96F81B804CEA080CCDF8D0
:1004F00018C096F81CC04FEA0C6C96F81D804CEAA8
:10050000084C96F81E804CEA082C96F81F804CEA9E
:10051000080CCDF81CC096F820C04FEA0C6C96F879
:1005200021804CEA084C96F822804CEA082C96F878
:1005300023804CEA080CCDF820C096F824C04FEA7E
:100540000C6C96F825804CEA084C96F826804CEA0C
:10055000082C96F827804CEA080CCDF824C096F8B1
:1005600028C04FEA0C6C96F829804CEA084C96F8A3
:100570002A804CEA082C96F82B804CEA080CCDF81F
:1005800028C096F82CC04FEA0C6C96F82D804CEAE7
:10059000084C96F82E804CEA082C96F82F804CEAEE
:1005A000080CCDF82CC096F830C04FEA0C6C96F8C9
:1005B00031804CEA084C96F832804CEA082C96F8C8
:1005C00033804CEA080CCDF830C096F834C04FEABE
:1005D0000C6C96F835804CEA084C96F836804CEA5C
:1005E000082C96F837804CEA080CCDF834C096F801
:1005F00038C04FEA0C6C96F839804CEA084C96F8F3
:100600003A804CEA082C96F83B804CEA080CCDF86E
:1006100038C096F83CC04FEA0C6C96F83D804CEA26
:10062000084C96F83E804CEA082C96F83F804CEA3D
:10063000080CCDF83CC0B868F9683A697B69BC69B8
:100640004FEA401C4CEAD06882EA030C0CEA010C29
:100650008CEA030CC444DFF88481C444DDF80080D4
:10066000C44464444FEA817C4CEA91014FEA441C43
:100670004CEAD46881EA020C0CEA000C8CEA020C09
:10068000C444DFF85881C444DDF80480C4446344A2
:100690004FEA807C4CEA90004FEA431C4CEAD36856
:1006A00080EA010C0CEA040C8CEA010CC444DFF86B
:1006B0002C81C444DDF80880C44462444FEA847C41
:1006C0004CEA94044FEA421C4CEAD26884EA000CDB
:1006D0000CEA030C8CEA000CC444DFF80081C4442B
:1006E000DDF80C80C44461444FEA837C4CEA9303F8
:1006F0004FEA411C4CEAD16883EA040C0CEA020C74
:100700008CEA040CC444DFF8D480C444DDF81080C3
:10071000C44460444FEA827C4CEA92024FEA401C97
:100720004CEAD06882EA030C0CEA010C8CEA030C58
:10073000C444DFF8A880C444DDF81480C444644491
:100740004FEA817C4CEA91014FEA441C4CEAD468A0
:1007500081EA020C0CEA000C8CEA020CC444DFF8BB
:100760007C80C444DDF81880C44463444FEA807C34
:100770004CEA90004FEA431C4CEAD36880EA010C33
:100780000CEA040C8CEA010CC444DFF85080C44429
:10079000DDF81C80C44462444FEA847C4CEA940433
:1007A0004FEA421C4CEAD26884EA000C0CEA030CC3
:1007B0008CEA000CC444DFF82480C444DDF82080B7
:1007C000C44461444FEA837C4CEA930308E0000090
:1007D0000123456789ABCDEFF0E1D2C39979825A05
:1007E0004FEA411C4CEAD16883EA040C0CEA020C83
:1007F0008CEA040CC444DFF8F88FC444DDF824808C
:10080000C44460444FEA827C4CEA92024FEA401CA6
:100810004CEAD06882EA030C0CEA010C8CEA030C67
:10082000C444DFF8CC8FC444DDF82880C444644459
:100830004FEA817C4CEA91014FEA441C4CEAD468AF
:1008400081EA020C0CEA000C8CEA020CC444DFF8CA
:10085000A08FC444DDF82C80C44463444FEA807CFC
:100860004CEA90004FEA431C4CEAD36880EA010C42
:100870000CEA040C8CEA010CC444DFF8748FC44405
:10088000DDF83080C44462444FEA847C4CEA94042E
:100890004FEA421C4CEAD26884EA000C0CEA030CD2
:1008A0008CEA000CC444DFF8488FC444DDF834807F
:1008B000C44461444FEA837C4CEA93034FEA411CF1
:1008C0004CEAD16883EA040C0CEA020C8CEA040CB2
:1008D000C444DFF81C8FC444DDF83880C44460444D
:1008E0004FEA827C4CEA92024FEA401C4CEAD06804
:1008F00082EA030C0CEA010C8CEA030CC444DFF816
:10090000F08EC444DDF83C80C44464444FEA817CEA
:100910004CEA9101DDF834C0DDF820808CEA080C47
:10092000DDF808808CEA080CDDF800808CEA080508
:100930004FEA450C4CEAD5784FEA441C4CEAD4699E
:1009400081EA020C0CEA000C8CEA020CCC44DFF8C1
:10095000A09ECC44C4446344CDF800804FEA807C20
:100960004CEA9000DDF838C0DDF824808CEA080CF1
:10097000DDF80C808CEA080CDDF804808CEA0805B0
:100980004FEA450C4CEAD5784FEA431C4CEAD36950
:1009900080EA010C0CEA040C8CEA010CCC44DFF870
:1009A000509ECC44C4446244CDF804804FEA847C19
:1009B0004CEA9404DDF83CC0DDF828808CEA080C91
:1009C000DDF810808CEA080CDDF808808CEA080558
:1009D0004FEA450C4CEAD5784FEA421C4CEAD26902
:1009E00084EA000C0CEA030C8CEA000CCC44DFF81F
:1009F000009ECC44C4446144CDF808804FEA837C17
:100A00004CEA9303DDF800C0DDF82C808CEA080C7A
:100A1000DDF814808CEA080CDDF80C808CEA0805FF
:100A20004FEA450C4CEAD5784FEA411C4CEAD169B3
:100A300083EA040C0CEA020C8CEA040CCC44DFF8C8
:100A4000B09DCC44C4446044CDF80C804FEA827C15
:100A50004CEA9202DDF804C0DDF830808CEA080C24
:100A6000DDF818808CEA080CDDF810808CEA0805A7
:100A70004FEA450C4CEAD5784FEA401C4CEAD06965
:100A800081EA020C8CEA030CCC44DFF8689DCC446C
:100A9000C4446444CDF810804FEA817C4CEA910153
:100AA000DDF808C0DDF834808CEA080CDDF81C8025
:100AB0008CEA080CDDF814808CEA08054FEA450C36
:100AC0004CEAD5784FEA441C4CEAD46980EA010C20
:100AD0008CEA020CCC44DFF81C9DCC44C444634433
:100AE000CDF814804FEA807C4CEA9000DDF80CC011
:100AF000DDF838808CEA080CDDF820808CEA080CE0
:100B0000DDF818808CEA08054FEA450C4CEAD578E8
:100B10004FEA431C4CEAD36984EA000C8CEA010CCE
:100B2000CC44DFF8D09CCC44C4446244CDF8188057
:100B30004FEA847C4CEA9404DDF810C0DDF83C8078
:100B40008CEA080CDDF824808CEA080CDDF81C80A7
:100B50008CEA08054FEA450C4CEAD5784FEA421C6E
:100B60004CEAD26983EA040C8CEA000CCC44DFF82E
:100B7000849CCC44C4446144CDF81C804FEA837CFF
:100B80004CEA9303DDF814C0DDF800808CEA080C11
:100B9000DDF828808CEA080CDDF820808CEA080556
:100BA0004FEA450C4CEAD5784FEA411C4CEAD16932
:100BB00082EA030C8CEA040CCC44DFF8389CCC4469
:100BC000C4446044CDF820804FEA827C4CEA920213
:100BD000DDF818C0DDF804808CEA080CDDF82C8004
:100BE0008CEA080CDDF824808CEA08054FEA450CF5
:100BF0004CEAD5784FEA401C4CEAD06981EA020CF5
:100C00008CEA030CCC44DFF8EC9BCC44C444644431
:100C1000CDF824804FEA817C4CEA9101DDF81CC0BC
:100C2000DDF808808CEA080CDDF830808CEA080CCE
:100C3000DDF828808CEA08054FEA450C4CEAD578A7
:100C40004FEA441C4CEAD46980EA010C8CEA020C9D
:100C5000CC44DFF8A09BCC44C4446344CDF8288046
:100C60004FEA807C4CEA9000DDF820C0DDF80C8073
:100C70008CEA080CDDF834808CEA080CDDF82C8056
:100C80008CEA08054FEA450C4CEAD5784FEA431C3C
:100C90004CEAD36984EA000C8CEA010CCC44DFF8FE
:100CA000549BCC44C4446244CDF82C804FEA847CED
:100CB0004CEA9404DDF824C0DDF810808CEA080CBE
:100CC000DDF838808CEA080CDDF830808CEA080505
:100CD0004FEA450C4CEAD5784FEA421C4CEAD269FF
:100CE00083EA040C8CEA000CCC44DFF8089BCC446B
:100CF000C4446144CDF830804FEA837C4CEA9303CE
:100D0000DDF828C0DDF814808CEA080CDDF83C80A2
:100D10008CEA080CDDF834808CEA08054FEA450CB3
:100D20004CEAD5784FEA411C4CEAD16982EA030CBF
:100D30008CEA040CCC44DFF8BC9ACC44C444604434
:100D4000CDF834804FEA827C4CEA9202DDF82CC068
:100D5000DDF818808CEA080CDDF800808CEA080CBD
:100D6000DDF838808CEA08054FEA450C4CEAD57866
:100D70004FEA401C4CEAD06981EA020C8CEA030C71
:100D8000CC44DFF8709ACC44C4446444CDF8388035
:100D90004FEA817C4CEA9101DDF830C0DDF81C801F
:100DA0008CEA080CDDF804808CEA080CDDF83C8045
:100DB0008CEA08054FEA450C4CEAD5784FEA441C0A
:100DC0004CEAD46980EA010C8CEA020CCC44DFF8CE
:100DD000249ACC44C4446344CDF83C804FEA807CE0
:100DE0004CEA9000DDF834C0DDF820808CEA080C75
:100DF000DDF808808CEA080CDDF800808CEA080534
:100E00004FEA450C4CEAD5784FEA431C4CEAD369CB
:100E100084EA000C8CEA010CCC44DFF8D899CC446D
:100E2000C4446244CDF800804FEA847C4CEA9404C8
:100E3000DDF838C0DDF824808CEA080CDDF80C8081
:100E40008CEA080CDDF804808CEA08054FEA450CB2
:100E50004CEAD5784FEA421C4CEAD26983EA040C8A
:100E60008CEA000CCC44DFF88C99CC44C444614437
:100E7000CDF804804FEA837C4CEA9303DDF83CC054
:100E8000DDF828808CEA080CDDF810808CEA080C6C
:100E9000DDF808808CEA08054FEA450C4CEAD57865
:100EA0004FEA411C4CEAD16982EA030C8CEA040C3B
:100EB000CC44DFF84099CC44C4446044CDF8088069
:100EC0004FEA827C4CEA9202DDF800C0DDF82C800B
:100ED0008CEA080CDDF814808CEA080CDDF80C8034
:100EE0008CEA08054FEA450C4CEAD5784FEA401CDD
:100EF0004CEAD06981EA020C8CEA030CCC44DFF89E
:100F0000F498CC44C4446444CDF80C804FEA817C0E
:100F10004CEA9101DDF804C0DDF830808CEA080C61
:100F2000DDF818808CEA080CDDF810808CEA0805E2
:100F30004FEA450C4CEAD5784FEA441C4CEAD46998
:100F400080EA010C8CEA020CCC44DFF8A898CC446F
:100F5000C4446344CDF810804FEA807C4CEA900092
:100F6000DDF808C0DDF834808CEA080CDDF81C8060
:100F70008CEA080CDDF814808CEA08054FEA450C71
:100F80004CEAD5784FEA431C4CEAD36984EA000C5A
:100F90008CEA010CCC44DFF85C98CC44C444624435
:100FA000CDF814804FEA847C4CEA9404DDF80CC040
:100FB000DDF838808CEA080CDDF820808CEA080C1B
:100FC000DDF818808CEA08054FEA450C4CEAD57824
:100FD0004FEA421C4CEAD26983EA040C8CEA000C0A
:100FE000CC44DFF81098CC44C4446144CDF8188058
:100FF0004FEA837C4CEA9303DDF810C0DDF83C80B7
:101000008CEA080CDDF824808CEA080CDDF81C80E2
:101010008CEA08054FEA450C4CEAD5784FEA411CAA
:101020004CEAD16982EA030C8CEA040CCC44DFF868
:10103000C497CC44C4446044CDF81C804FEA827C01
:101040004CEA92024FEA401C4CEAD06901EA020CD9
:1010500041EA020808EA03084CEA080CCC44DFF82D
:101060009887E044DDF814C0DDF800908CEA090CA4
:10107000DDF828908CEA090CDDF820908CEA09054F
:101080004FEA450C4CEAD57CCDF820C0C4446444FA
:101090004FEA817C4CEA91014FEA441C4CEAD46946
:1010A00000EA010C40EA010808EA02084CEA080CD0
:1010B000CC44DFF84487E044DDF818C0DDF8049044
:1010C0008CEA090CDDF82C908CEA090CDDF82490F0
:1010D0008CEA09054FEA450C4CEAD57CCDF824C0D2
:1010E000C44463444FEA807C4CEA90004FEA431CBE
:1010F0004CEAD36904EA000C44EA000808EA010853
:101100004CEA080CCC44DFF8F086E044DDF81CC063
:10111000DDF808908CEA090CDDF830908CEA090CB7
:10112000DDF828908CEA09054FEA450C4CEAD57C9D
:10113000CDF828C0C44462444FEA847C4CEA94044D
:101140004FEA421C4CEAD26903EA040C43EA040861
:1011500008EA00084CEA080CCC44DFF89C86E0441E
:10116000DDF820C0DDF80C908CEA090CDDF8349035
:101170008CEA090CDDF82C908CEA09054FEA450C45
:101180004CEAD57CCDF82CC0C44461444FEA837C42
:101190004CEA93034FEA411C4CEAD16902EA030C82
:1011A00042EA030808EA04084CEA080CCC44DFF8D9
:1011B0004886E044DDF824C0DDF810908CEA090C84
:1011C000DDF838908CEA090CDDF830908CEA0905DE
:1011D0004FEA450C4CEAD57CCDF830C0C44460449D
:1011E0004FEA827C4CEA92024FEA401C4CEAD069FA
:1011F00001EA020C41EA020808EA03084CEA080C7A
:10120000CC44DFF8F485E044DDF828C0DDF8149024
:101210008CEA090CDDF83C908CEA090CDDF834907E
:101220008CEA09054FEA450C4CEAD57CCDF834C070
:10123000C44464444FEA817C4CEA91014FEA441C67
:101240004CEAD46900EA010C40EA010808EA020805
:101250004CEA080CCC44DFF8A085E044DDF82CC053
:10126000DDF818908CEA090CDDF800908CEA090C86
:10127000DDF838908CEA09054FEA450C4CEAD57C3C
:10128000CDF838C0C44463444FEA807C4CEA9000F7
:101290004FEA431C4CEAD36904EA000C44EA000814
:1012A00008EA01084CEA080CCC44DFF84C85E0441D
:1012B000DDF830C0DDF81C908CEA090CDDF80490F4
:1012C0008CEA090CDDF83C908CEA09054FEA450CE4
:1012D0004CEAD57CCDF83CC0C44462444FEA847CDF
:1012E0004CEA94044FEA421C4CEAD26903EA040C2B
:1012F00043EA040808EA00084CEA080CCC44DFF88A
:10130000F884E044DDF834C0DDF820908CEA090C64
:10131000DDF808908CEA090CDDF800908CEA0905EC
:101320004FEA450C4CEAD57CCDF800C0C44461447A
:101330004FEA837C4CEA93034FEA411C4CEAD169A3
:1013400002EA030C42EA030808EA04084CEA080C23
:10135000CC44DFF8A484E044DDF838C0DDF8249004
:101360008CEA090CDDF80C908CEA090CDDF804908D
:101370008CEA09054FEA450C4CEAD57CCDF804C04F
:10138000C44460444FEA827C4CEA92024FEA401C1B
:101390004CEAD06901EA020C41EA020808EA0308B3
:1013A0004CEA080CCC44DFF85084E044DDF83CC043
:1013B000DDF828908CEA090CDDF810908CEA090C15
:1013C000DDF808908CEA09054FEA450C4CEAD57C1B
:1013D000CDF808C0C44464444FEA817C4CEA9101D2
:1013E0004FEA441C4CEAD46900EA010C40EA0108C7
:1013F00008EA02084CEA080CCC44DFF8FC83E0441D
:10140000DDF800C0DDF82C908CEA090CDDF81490B2
:101410008CEA090CDDF80C908CEA09054FEA450CC2
:101420004CEAD57CCDF80CC0C44463444FEA807CC0
:101430004CEA90004FEA431C4CEAD36904EA000CE2
:1014400044EA000808EA01084CEA080CCC44DFF83A
:10145000A883E044DDF804C0DDF830908CEA090C84
:10146000DDF818908CEA090CDDF810908CEA09057B
:101470004FEA450C4CEAD57CCDF810C0C444624418
:101480004FEA847C4CEA94044FEA421C4CEAD2694D
:1014900003EA040C43EA040808EA00084CEA080CD2
:1014A000CC44DFF85483E044DDF808C0DDF8349024
:1014B0008CEA090CDDF81C908CEA090CDDF814901C
:1014C0008CEA09054FEA450C4CEAD57CCDF814C0EE
:1014D000C44461444FEA837C4CEA93034FEA411CC5
:1014E0004CEAD16902EA030C42EA030808EA04085C
:1014F0004CEA080CCC44DFF80083E044DDF80CC073
:10150000DDF838908CEA090CDDF820908CEA090CA3
:10151000DDF818908CEA09054FEA450C4CEAD57CB9
:10152000CDF818C0C44460444FEA827C4CEA920271
:101530004FEA401C4CEAD06901EA020C41EA020879
:1015400008EA03084CEA080CCC44DFF8AC82E0441B
:10155000DDF810C0DDF83C908CEA090CDDF8249031
:101560008CEA090CDDF81C908CEA09054FEA450C61
:101570004CEAD57CCDF81CC0C44464444FEA817C5D
:101580004CEA91014FEA441C4CEAD46900EA010C90
:1015900040EA010808EA02084CEA080CCC44DFF8EB
:1015A0005882E044DDF814C0DDF800908CEA090CA4
:1015B000DDF828908CEA090CDDF820908CEA09050A
:1015C0004FEA450C4CEAD57CCDF820C0C4446344B6
:1015D0004FEA807C4CEA90004FEA431C4CEAD36906
:1015E00004EA000C44EA000808EA01084CEA080C86
:1015F000CC44DFF80482E044DDF818C0DDF8049044
:101600008CEA090CDDF82C908CEA090CDDF82490AA
:101610008CEA09054FEA450C4CEAD57CCDF824C08C
:10162000C44462444FEA847C4CEA94044FEA421C6E
:101630004CEAD26903EA040C43EA040808EA000809
:101640004CEA080CCC44DFF8B081E044DDF81CC063
:10165000DDF808908CEA090CDDF830908CEA090C72
:10166000DDF828908CEA09054FEA450C4CEAD57C58
:10167000CDF828C0C44461444FEA837C4CEA93030C
:101680004FEA411C4CEAD16902EA030C42EA030822
:1016900008EA04084CEA080CCC44DFF85C81E0441A
:1016A000DDF820C0DDF80C908CEA090CDDF83490F0
:1016B0008CEA090CDDF82C908CEA09054FEA450C00
:1016C0004CEAD57CCDF82CC0C44460444FEA827CFF
:1016D0004CEA9202DDF824C0DDF810808CEA080C98
:1016E000DDF838808CEA080CDDF830808CEA0805DB
:1016F0004FEA450C4CEAD5784FEA401C4CEAD069D9
:1017000081EA020C8CEA030CCC44DFF8F090CC4464
:10171000C4446444CDF830804FEA817C4CEA9101A6
:10172000DDF828C0DDF814808CEA080CDDF83C8078
:101730008CEA080CDDF834808CEA08054FEA450C89
:101740004CEAD5784FEA441C4CEAD46980EA010C93
:101750008CEA020CCC44DFF8A490CC44C44463442B
:10176000CDF834804FEA807C4CEA9000DDF82CC044
:10177000DDF818808CEA080CDDF800808CEA080C93
:10178000DDF838808CEA08054FEA450C4CEAD5783C
:101790004FEA431C4CEAD36984EA000C8CEA010C42
:1017A000CC44DFF85890CC44C4446244CDF838802F
:1017B0004FEA847C4CEA9404DDF830C0DDF81C80EC
:1017C0008CEA080CDDF804808CEA080CDDF83C801B
:1017D0008CEA08054FEA450C4CEAD5784FEA421CE2
:1017E0004CEAD26983EA040C8CEA000CCC4407E092
:1017F0009979825AA1EBD96EDCBC1B8FD6C162CA23
:10180000DFF8A496CC44C4446144CDF83C804FEA50
:10181000837C4CEA9303DDF834C0DDF820808CEA49
:10182000080CDDF808808CEA080CDDF800808CEAF2
:1018300008054FEA450C4CEAD5784FEA411C4CEAC2
:10184000D16982EA030C8CEA040CCC44DFF8589688
:10185000CC44C4446044CDF800804FEA827C4CEA1A
:101860009202DDF838C0DDF824808CEA080CDDF83F
:101870000C808CEA080CDDF804808CEA08054FEA3D
:10188000450C4CEAD5784FEA401C4CEAD06981EA15
:10189000020C8CEA030CCC44DFF80C96CC44C44414
:1018A0006444CDF804804FEA817C4CEA9101DDF874
:1018B0003CC0DDF828808CEA080CDDF810808CEA4A
:1018C000080CDDF808808CEA08054FEA450C4CEA64
:1018D000D5784FEA441C4CEAD46980EA010C8CEAC2
:1018E000020CCC44DFF8C095CC44C4446344CDF82A
:1018F00008804FEA807C4CEA9000DDF800C0DDF8FB
:101900002C808CEA080CDDF814808CEA080CDDF8D9
:101910000C808CEA08054FEA450C4CEAD5784FEA72
:10192000431C4CEAD36984EA000C8CEA010CCC44D9
:10193000DFF87495CC44C4446244CDF80C804FEA7F
:10194000847C4CEA9404DDF804C0DDF830808CEA35
:10195000080CDDF818808CEA080CDDF810808CEAA1
:1019600008054FEA450C4CEAD5784FEA421C4CEA90
:10197000D26983EA040C8CEA000CCC44DFF8289589
:10198000CC44C4446144CDF810804FEA837C4CEAD7
:101990009303DDF808C0DDF834808CEA080CDDF82C
:1019A0001C808CEA080CDDF814808CEA08054FEAEC
:1019B000450C4CEAD5784FEA411C4CEAD16982EAE1
:1019C000030C8CEA040CCC44DFF8DC94CC44C44413
:1019D0006044CDF814804FEA827C4CEA9202DDF834
:1019E0000CC0DDF838808CEA080CDDF820808CEA29
:1019F000080CDDF818808CEA08054FEA450C4CEA23
:101A0000D5784FEA401C4CEAD06981EA020C8CEA96
:101A1000030CCC44DFF89094CC44C4446444CDF827
:101A200018804FEA817C4CEA9101DDF810C0DDF8A6
:101A30003C808CEA080CDDF824808CEA080CDDF888
:101A40001C808CEA08054FEA450C4CEAD5784FEA31
:101A5000441C4CEAD46980EA010C8CEA020CCC44A8
:101A6000DFF84494CC44C4446344CDF81C804FEA6E
:101A7000807C4CEA9000DDF814C0DDF800808CEA30
:101A8000080CDDF828808CEA080CDDF820808CEA50
:101A900008054FEA450C4CEAD5784FEA431C4CEA5E
:101AA000D36984EA000C8CEA010CCC44DFF8F8938B
:101AB000CC44C4446244CDF820804FEA847C4CEA94
:101AC0009404DDF818C0DDF804808CEA080CDDF819
:101AD0002C808CEA080CDDF824808CEA08054FEA9B
:101AE000450C4CEAD5784FEA421C4CEAD26983EAAD
:101AF000040C8CEA000CCC44DFF8AC93CC44C44416
:101B00006144CDF824804FEA837C4CEA9303DDF8EE
:101B10001CC0DDF808808CEA080CDDF830808CEA07
:101B2000080CDDF828808CEA08054FEA450C4CEAE1
:101B3000D5784FEA411C4CEAD16982EA030C8CEA61
:101B4000040CCC44DFF86093CC44C4446044CDF82A
:101B500028804FEA827C4CEA9202DDF820C0DDF852
:101B60000C808CEA080CDDF834808CEA080CDDF877
:101B70002C808CEA08054FEA450C4CEAD5784FEAF0
:101B8000401C4CEAD06981EA020C8CEA030CCC447C
:101B9000DFF81493CC44C4446444CDF82C804FEA5D
:101BA000817C4CEA9101DDF824C0DDF810808CEADC
:101BB000080CDDF838808CEA080CDDF830808CEAFF
:101BC00008054FEA450C4CEAD5784FEA441C4CEA2C
:101BD000D46980EA010C8CEA020CCC44DFF8C8928C
:101BE000CC44C4446344CDF830804FEA807C4CEA56
:101BF0009000DDF828C0DDF814808CEA080CDDF8D0
:101C00003C808CEA080CDDF834808CEA08054FEA49
:101C1000450C4CEAD5784FEA431C4CEAD36984EA78
:101C2000000C8CEA010CCC44DFF87C92CC44C44418
:101C30006244CDF834804FEA847C4CEA9404DDF8A9
:101C40002CC0DDF818808CEA080CDDF800808CEAE6
:101C5000080CDDF838808CEA08054FEA450C4CEAA0
:101C6000D5784FEA421C4CEAD26983EA040C8CEA2C
:101C7000000CCC44DFF83092CC44C4446144CDF82D
:101C800038804FEA837C4CEA9303DDF830C0DDF8FE
:101C90001C808CEA080CDDF804808CEA080CDDF866
:101CA0003C808CEA08054FEA450C4CEAD5784FEAAF
:101CB000411C4CEAD16982EA030C8CEA040CCC4446
:101CC000DFF8E491CC44C4446044CDF83C804FEA52
:101CD000827C4CEA9202D7F808C08444C7F808C056
:101CE000D7F80CC00CEB0108C7F80C80D7F810C06F
:101CF0000CEB0208C7F81080D7F814C00CEB0308EF
:101D0000C7F81480D7F818C00CEB0408C7F818807F
:101D100010B0BDE8F0832DE9F04104468846154631
:101D20000DB9BDE8F081206800F03F07C7F140061B
:101D3000206828442060206820602068A84202D2E1
:101D40006068401C606087B1B5420ED304F11C018D
:101D5000C8193246414603F079F904F11C012046C6
:101D6000FEF744FBB044AD1B002706E04146204689
:101D7000FEF73CFB08F14008403D402DF6D235B15E
:101D800004F11C01C8192A46414603F05FF900BF5F
:101D9000C7E72DE9FC4704460D462068400F6168FF
:101DA00040EAC1062068C700300E8DF80000300CF4
:101DB0008DF80100300A8DF80200F0B28DF80300B2
:101DC000380E8DF80400380C8DF80500380A8DF8AF
:101DD0000600F8B28DF80700206800F03F08B8F15F
:101DE000380F02D2C8F1380001E0C8F1780081460E
:101DF0004A462E492046FFF78EFF082269462046B4
:101E0000FFF789FFA068000E2870A068000C6870BA
:101E1000A068000AA870A068E870E068000E287149
:101E2000E068000C6871E068000AA871E068E87179
:101E30002069000E28722069000C68722069000A6F
:101E4000A8722069E8726069000E28736069000C4E
:101E500068736069000AA8736069E873A069000E7E
:101E60002874A069000C6874A069000AA874A069AD
:101E7000E874BDE8FC8770B598B004460D46164678
:101E800001A8FEF78AFA01A8FEF7A1FA2A46214620
:101E900001A8FFF740FF314601A8FFF77AFF01A82C
:101EA000FEF782FA18B070BDD6C162CA60B80200EF
:101EB00010B54FF40071FE4803F094F90C22FDA117
:101EC000FB485D3003F0D7F943F23540F849A1F8FB
:101ED000410010BD10B5E4F717FD0120E1F7E8FB64
:101EE0000120E1F701FA10BD00B5ADF2044D4FF449
:101EF000806101A803F098F9F248F3A2F44943681D
:101F000001A802F0F3FC01A9F2A0E4F7D9FD0DF25B
:101F1000044D00BD10B50024E4F7FFFBF448007841
:101F200038B900210846E4F7D8FA04465CB101202C
:101F300010BD642242F2B321EEA001F077FA04460C
:101F40000CB10120F4E7E4F7E8FBE4F73DFC58B1FD
:101F5000E4F7E3FBE4F738FC30B1E4F7DEFBE4F749
:101F600033FC08B10220E3E7E4F79FFC04460CB120
:101F70000320DDE70020DBE700B5ADF2044D4FF4B0
:101F8000806101A803F050F903E017200DF2044D21
:101F900000BDFFF7BFFF0028F7D1C54A5D32DEA1C3
:101FA00001A802F0A3FC01A9E9A0E4F789FDFFF76D
:101FB0009BFFFFF78FFF0020E8E710B5ADF5007D30
:101FC0004FF4FF71BA48E0F72FF804462012B849E1
:101FD00081F8FE01084680F8FF416A464FF400711F
:101FE000E0F74CF84FF4007200216846E0F7CDFEB0
:101FF0000DF5007D10BD00B5ADF2044D4FF48061CC
:1020000001A803F011F903E017200DF2044D00BD03
:10201000FFF780FF0028F7D1FFF74AFFFFF7CDFF5A
:10202000A34A5D32BCA101A802F060FC01A9C8A0CE
:10203000E4F746FDFFF758FFFFF74CFF0020E4E709
:1020400000B5ADF5097DC7A1D1E90023D1E90201B1
:10205000CDE90523CDE90701C6A3D3E90021D3E9E2
:102060000203CDE90303CDE90121E2F70EFFE2F718
:10207000EAFE18B100209E49087002E001209C4948
:102080000870102205A9012001F0DCFC102201A932
:10209000042001F0D7FCE0F78DFFFFF7ACFF28B17B
:1020A000E0F7F2FE01200DF5097D00BD002080491A
:1020B00081F8400009AA4FF40071B248DEF72DFE06
:1020C0007B4890F840008DF8340009AA4FF4007165
:1020D000AC48DEF73AFE0020E5E77A48406880B277
:1020E000704710B5ADF5007D6A464FF40071A54804
:1020F000DEF713FE73489DE81E001EC0103800680E
:10210000A149884212D06F4800210160416081607E
:10211000C1609D486B4908600B460FCB8DE80F00EE
:102120006A464FF400719748DEF70FFE0DF5007D0B
:1021300010BD30B5ADF5017D05460C46614880689F
:10214000A84226D05F48007B28B15E484068204402
:102150005C49486001E05B4844605A488560012062
:102160005849087301AA41028648DEF7D6FD554B4F
:102170000FCBCDE90323CDE9010101AA4FF4007192
:102180008048DEF7E2FDFFF7AFFE1D200DF5017D73
:1021900030BD1E20FAE770B5142400251420DFF7A7
:1021A0006BF80120E2F74AF905460BE00120E2F75F
:1021B00045F90546601EC4B20CB9062070BD0A2060
:1021C000DFF75AF8002DF1D01120F7E72DE9F04F95
:1021D000ADF2CC4D4FF4806133A803F025F8C8214F
:1021E00001A803F021F869A101A802F07FFB33AB3D
:1021F00001AA02216EA0E4F749FC052804D00C20B6
:102200000DF2CC4DBDE8F08F33AE33A802F0A8FE3E
:1022100000EB060900E0761C4E4502D230787B28A0
:10222000F9D14E4501D30520EAE73046E6F764FAD6
:102230008046B8F1000F01D10520E1E762A14046D8
:10224000E6F762FE074627B94046E5F74DFC052054
:10225000D6E7D7E90621104606F0F2F804460D4607
:102260004FF47A7200232046294602F077FA82461C
:10227000DFF7A3FA4046E5F737FC0020C0E72DE979
:10228000F04FADF2DC4D4FF4806137A802F0CCFF87
:10229000C82105A802F0C8FF054A5D321EA105A8A5
:1022A00002F024FB37AB05AA002129A092E0000030
:1022B000721100203030303030303030303030303B
:1022C00000000000286A002056315F300000000046
:1022D000A0B80200247468696E672F75702F707241
:1022E0006F70657274792F25732F257300000000BD
:1022F00078050020696F74636C6F75642D6D71745F
:10230000742E677A2E74656E63656E746465766983
:102310006365732E636F6D007B2274797065223A5A
:1023200020227265706F72745F76657273696F6E6A
:10233000222C227265706F7274223A7B227665724B
:1023400073696F6E223A20222573227D7D00000082
:10235000246F74612F7265706F72742F25732F252F
:1023600073000000E5889DE5A78BE58C96E4B8AD89
:102370002E2E2E00496E697469616C697A696E67E8
:102380002E2E2E0000FE0200464546457B22747923
:102390007065223A2022676574222C227265736F61
:1023A00075726365223A5B2274696D65225D7D00FA
:1023B000247379732F6F7065726174696F6E2F2546
:1023C000732F2573000000006E747074696D6532A0
:1023D00000000000E4F75AFB052804D00C200DF2A1
:1023E000DC4DBDE8F08F37AE37A802F0B9FD871994
:1023F00000E0761CBE4202D230787B28F9D1BE4282
:1024000001D30520EBE73046E6F776F98146B9F1CE
:10241000000F01D10520E2E7FDA14846E6F774FD73
:102420008246FEA14846E6F76FFD0490FDA14846AE
:10243000E6F76AFD0390FDA14846E6F765FD0290C8
:10244000FCA14846E6F760FD0190FCA14846E6F78E
:102450005BFD8346FAA14846E6F756FD8046BAF191
:10246000000F05D0BBF1000F02D0B8F1000F04D16E
:102470004846E5F739FB0520B1E7F349DAF81400DF
:102480000860039840220169EF48001D02F0F3FE46
:102490000D22EE48D8F8101002F0EDFEDBF81040E7
:1024A000204602F05DFD071900E0641CBC4205D225
:1024B00020782F28F9D160782F28F6D1BC4204D398
:1024C0004846E5F711FB042089E7A41C2546284669
:1024D00002F046FD2C46071900E06D1CBD4202D2F9
:1024E00028782F28F9D1BD4204D34846E5F7FCFAF5
:1024F000042074E72A1B2146D348443002F0BBFE77
:1025000000212A1BD048443081542946403002F033
:1025100003FDCE4802F024FD0246CC490090CC4891
:1025200002F0A9FE4846E5F7DFFA002057E72DE95B
:10253000F04FADF2044D4FF4806101A802F074FE3B
:1025400001ABC4A20321CBA0E4F7A0FA052804D074
:102550000C200DF2044DBDE8F08F01AC01A802F093
:10256000FFFC00EB040B00E0641C5C4502D2207809
:102570007B28F9D15C4501D30520EAE72046E6F740
:10258000BBF807460FB90520E3E7C0A13846E6F7D8
:10259000BBFC8046B8F1000F04D13846E5F7A4FA39
:1025A0000520D6E7A6A14046E6F7AEFC054625B9CC
:1025B0003846E5F799FA0520CBE7B6A14046E6F79D
:1025C000A3FC8146B9F1000F04D13846E5F78CFA37
:1025D0000520BEE7B1A14846E6F796FC8246BAF16F
:1025E000000F04D13846E5F77FFA0520B1E7ADA129
:1025F0005046E6F789FC064626B93846E5F774FAF0
:102600000520A6E771696869FFF793FD1D2804D0CE
:102610003846E5F769FA1E209BE73846E5F764FA85
:102620001D2096E72DE9F04FADF6242D0E2400274E
:102630000020CDF8200ACDF81C0A4FF00509CDF88E
:10264000180A80464FF4FA6AE0F757FD002102208D
:1026500001F061FAE4F761F89548007860B940F25A
:10266000BB1179484430E3F738FF04467CB10120C0
:102670000DF6242DBDE8F08F642240F2BB117248A4
:10268000443000F0D3FE04460CB10120F0E7E4F73B
:1026900044F8E4F799F858B1E4F73FF8E4F794F810
:1026A00030B1E4F73AF8E4F78FF808B10220DFE739
:1026B0006748503890F8400028B16548503890F885
:1026C0004000022802D14FF4007001E04FF4007086
:1026D00004905D48006840F60201B0FBF1F087B25B
:1026E00059480068B0FBF1F201FB120008B1781CF8
:1026F00087B270480068B84202D16E48406820B97D
:102700006C48076000206B4948605CE14FF00509A8
:102710000E246848406800EB802045006548416809
:102720000068401E814202D005F6010602E04648DC
:102730000068461E00BF40F6042105A802F074FDA3
:10274000414B443303F140025BA105A8CDE900569B
:1027500002F0CCF805A802F003FC0146029005A89F
:10276000E3F7C9FF5248007828B9FFF714FD06289F
:1027700024D106242EE14FF0960A5C48DFF730FDA5
:1027800003900EE00A20DEF777FD711B039881426B
:1027900003D20A20DEF770FD0AE05448DFF720FD7F
:1027A00003905FEA0A00AAF101011FFA81FAE9D158
:1027B00000BFBAF1000F01D106240BE140F604215D
:1027C00005A802F031FD40F6022105A8E3F79CFFC1
:1027D00047A105A802F062FB002815D04CA105A86E
:1027E00002F05CFB0DF61C231A1D4DA1029002F0B5
:1027F00067FA022809D1DDF8200AA84203D1DDF8E2
:102800001C0AB04202D09BE0D6E0D7E09AE000007C
:1028100066696C655F73697A6500000066775F744E
:10282000797065006D643573756D00007461736B4C
:102830005F696400747970650000000075726C0057
:1028400076657273696F6E0094670020186A0020C5
:10285000C21100207B2274797065223A2267657468
:10286000222C22636C69656E74546F6B656E223A1C
:10287000317D000024736861646F772F6F7065721B
:102880006174696F6E2F25732F2573007061796CE9
:102890006F6164007374617465000000646573693E
:1028A00072656400534A595F434F554E540000000F
:1028B00078050020A40B00204745542025732048AC
:1028C0005454502F312E310D0A484F53543A20257D
:1028D000730D0A52616E67653A2062797465733DC3
:1028E00025642D25640D0A0D0A00000074130020D4
:1028F000485454502F312E312032303620506172DE
:102900007469616C20436F6E74656E740D0A00000B
:10291000436F6E74656E742D52616E6765000000C2
:10292000436F6E74656E742D52616E67653A2062F6
:10293000797465732025642D25642F252A64000091
:10294000062447E03AA105A802F0A8FA00F104081D
:102950004FF400614046DFF767FBCDF8180A701BA3
:1029600018F80010701B401E18F8000001EB002141
:10297000DDF8180A814201D007242BE0701B401EAD
:1029800082B22D484068049B03EBC0214046E0F72B
:10299000FCF908B108241DE027484068401C642168
:1029A000484325490968B0FBF1F000F0FF0B594698
:1029B000022001F0B0F801E006240BE01E48406858
:1029C000401C1D4948601C4840681B4909688842F2
:1029D000FFF49CAE00BF062C02D0072C18D10DE0EE
:1029E000E3F7EBFD04460CB91224A4E6052C01D153
:1029F000062402E0012C00D10A2409E05FEA090064
:102A0000A9F1010101F0FF0901D0072493E600BFFD
:102A100000BF0A48007810B90120E0F749FE0E2CEB
:102A200004D10F24002004490860486020461FE6B6
:102A30000D0A0D0A00000000A40B002078050020FC
:102A40002DE9F04FADF20C4D0120E0F756FB1920B7
:102A5000DEF712FC0021022001F05DF8F84890F842
:102A6000400020B1F64890F84000022802D14FF40F
:102A7000007001E04FF4007081464FF40072494647
:102A800083A8DFF70AFF03AA4FF4007183A8DFF7DA
:102A900040FB4FF4FF7103A8DFF7C6FA04469DF828
:102AA0000B029DF80A1200EB0121A14204D015206F
:102AB0000DF20C4DBDE8F08F2121022001F02BF822
:102AC0009DF8270000069DF8261000EB01409DF8B8
:102AD000251000EB01209DF82410084400EB090AA2
:102AE0009DF82B0000069DF82A1000EB01409DF890
:102AF000291000EB01209DF828100844484402905A
:102B00009DF8470000069DF8461000EB01409DF837
:102B1000451000EB01209DF84410084400EB090B20
:102B20009DF84B0000069DF84A1000EB01409DF80F
:102B3000491000EB01209DF84810084448440190DA
:102B40000298A0EB0A060198A0EB0B07F005C00D58
:102B500006D0C6F30800C0F500703044009000E0D5
:102B6000009600984FEA50280024002547E00AEB21
:102B700045214FF4007283A8DFF78FFE03AA4FF4BC
:102B8000007183A8DFF7C5FAA8F10100A8422DD192
:102B9000F005C00D18D0C6F30800821E03A9E0435B
:102BA00080B2DFF756FA0446C6F30800401E03A9B8
:102BB000095CC6F30800801E03AA105C01EB00202C
:102BC000A0421BD0152073E74FF4FF7203A9E04326
:102BD00080B2DFF73EFA04469DF80B029DF80A1218
:102BE00000EB0120A04209D0152061E74FF40072EC
:102BF00003A9E04380B2DFF72CFA04466D1C45457B
:102C0000B5D34221022000F086FFF805C00D06D0A2
:102C1000C7F30800C0F500703844009000E000974A
:102C200000984FEA50280024002547E00BEB45218F
:102C30004FF4007283A8DFF730FE03AA4FF400714F
:102C400083A8DFF766FAA8F10100A8422DD1F805A4
:102C5000C00D18D0C7F30800821E03A9E04380B25C
:102C6000DFF7F7F90446C7F30800401E03A9095C23
:102C7000C7F30800801E03AA105C01EB0020A042ED
:102C80001BD0152014E74FF4FF7203A9E04380B274
:102C9000DFF7DFF904469DF80B029DF80A1200EBFE
:102CA0000120A04209D0152002E74FF4007203A9C9
:102CB000E04380B2DFF7CDF904466D1C4545B5D33E
:102CC0004FF40072494683A8DFF7E7FD03AA4FF4EB
:102CD000007183A8DFF71DFA4FF4FF7103A8DFF737
:102CE000A3F904469DF80B029DF80A1200EB01209F
:102CF000A04201D01520DBE60C225149503101F1F0
:102D00000D0002F0B8FAFFF737F938B10C224DA1E7
:102D10004B485D3002F0AFFA1720C9E6402203A904
:102D2000474802F093F94648C0F818A04449029871
:102D3000C86101F12000C0F818B020310198C861C5
:102D40003F4890F8400020B13D4890F840000228EC
:102D500001D1012000E00220394981F84000FFF74D
:102D60002CF96421022000F0D6FE1620A0E610B552
:102D70000446606810F07F4F17D12068354908403D
:102D8000B0F1005F11D1012080F3108800BF6068AE
:102D9000314908602068DDF763FA2F4800688047F2
:102DA000002080F3108800BF00BF10BD2DE9F04F58
:102DB000ADF2044D0220E0F7A0F9214890F8400060
:102DC00020B919200DF2044DBDE8F08F0021062036
:102DD00000F0A1FE1A488669D0F81C90A9EB060500
:102DE000E805C00D05D0C5F30800C0F5007047190F
:102DF00000E02F464FEA572800245BE006EB442111
:102E00004FF4007281A8DFF748FD01AA4FF400716A
:102E100081A8DFF77EF9A8F10100A0422AD1E805D8
:102E2000C00D1BD0C5F30802911E4FF4403202EBD7
:102E3000442001AADDF789FF40B31B20C2E7000050
:102E4000721100203030303030303030303030309F
:102E5000000000000000FE2FAC0B00204FF44031BA
:102E600001EB442001AA4FF4FF71DDF76EFF68B15A
:102E70001B20A7E74FF4403101EB442001AA4FF497
:102E80000071DDF762FF08B11B209BE7601C4FEA71
:102E9000402AAA4500D9AA4664200AFB00F0B0FBEC
:102EA000F5FB1420DEF7E8F91FFA8BF1062000F09D
:102EB00032FE641C4445A1D3E0F79FF94FF4403043
:102EC000FFF755FF1A207DE710B5F74A2421F74890
:102ED000DDF723FFF44A24322421F4483030DDF7B3
:102EE0001CFF10BDF248006B20F44010F04908634D
:102EF000F048006840F08060EE490860704710B507
:102F0000FFF7F0FFEB48C06840F08060E949C86017
:102F10003220DEF7B1F9E748806840F08060E5498B
:102F2000886040F2DC50DEF7A7F910BD2DE9F041D2
:102F3000ADF5106D06460D4600274FF4006140A820
:102F400002F072F900BF3246DBA1684601F0CEFC08
:102F50008046B8F1000F04DD424669460120DDF7E6
:102F600000FE00BF16E00A20DEF786F9D448DFF73E
:102F700037F90446002C0DDD40A8C1192246D0487F
:102F8000DFF759F9381987B2CEA140A801F086FFC2
:102F900000B104E02800A5F101010DB2E3D100BFAA
:102FA000002D04DC01200DF5106DBDE8F08100203E
:102FB000F9E72DE9F043ADF54B7D06464FF400717E
:102FC00019A802F031F9202111A802F02DF94021B1
:102FD00001A802F029F999ADBBA70FF2F8280FF26A
:102FE000F82919AA4FF40071BC48DDF796FE20229B
:102FF00029A911A802F0B1F8202231A901A802F0F4
:10300000ACF811A820B101A810B19DF8440020B976
:1030100001200DF54B7DBDE8F0833C4603E014F83C
:10302000010B05F8010B20780028F8D111AC03E062
:1030300014F8010B05F8010B20780028F8D144465C
:1030400003E014F8010B05F8010B20780028F8D1F3
:1030500001AC03E014F8010B05F8010B20780028FF
:10306000F8D14C4603E014F8010B05F8010B207869
:103070000028F8D12870314699A8FFF757FF08B10A
:103080000220C6E70020C4E72DE9F04782460E463D
:1030900093A1504601F002FF074693A1504601F06C
:1030A000FDFE80464921304602F09CF817B1B8F188
:1030B000000F02D10120BDE8F0877F1D08F109084B
:1030C0003C46454607E0641C20780D2803D1607813
:1030D0000A2800D102E020780028F4D100BFE01BCC
:1030E00000F0FF09B9F1200F01DD0220E3E74A46B5
:1030F0003946304601F0AAFF07E06D1C28780D28FC
:1031000003D168780A2800D102E028780028F4D199
:1031100000BFA5EB080000F0FF09B9F1200F01DDA9
:103120000320C8E74A46414606F1240001F08EFF1D
:10313000324624215D48DDF7BCFD06F1240224213E
:103140005A483030DDF7B5FD0020B4E770B5ADF575
:10315000007D5A2500260A2166A0FFF7E7FE18B178
:1031600001200DF5007D70BD322163A0FFF7DEFE6A
:1031700008B10220F5E70A2161A0FFF7D7FE08B1E8
:103180000320EEE7322161A0FFF7D0FE08B1042052
:10319000E7E740F2DC50FFF70CFF18B9DFF7F3FF69
:1031A0000020DEE732215DA0FFF7C0FE08B1062057
:1031B000D7E74FF40071684602F036F82DE0681E3C
:1031C00085B20A20DEF758F83D48DFF709F80446D3
:1031D000002C21DD0DEB060122463948DFF72BF8E4
:1031E000301986B252A1684601F058FE00B914E0C9
:1031F00054A1684601F052FE70B1322155A0FFF78C
:1032000095FE08B10520ACE727496846FFF73CFF6B
:1032100008B10620A5E702E000BF002DCFD100BF16
:10322000002D01DC06209CE7DFF7BCFF002098E7BB
:103230002DE9F043ADF5417D06460F4615464FF0AA
:1032400000084FF4007141A801F0EEFF00BF3B46BB
:10325000324644A101A801F049FB8146B9F1000FB3
:1032600004DD4A4601A90120DDF77BFC00BF9CE09C
:103270006420DEF701F81248DEF7B2FF0446002CA6
:1032800011DD41A800EB080122460D48DEF7D3FF0F
:1032900008EB04001FFA80F839A141A801F0FEFDF7
:1032A00000B188E070E080E0B00B00201030020038
:1032B0000000064800000A4825730D0A00000000BF
:1032C000741300204F4B000041542B43574A415088
:1032D0003D220000222C22002200000000FE0200FD
:1032E000737369643A00000070617373776F72647E
:1032F0003A000000415400004154453000000000F5
:1033000041542B43574D4F44453D310041542B43CD
:10331000574155544F434F4E4E3D300041542B437F
:10332000575354415254534D4152543D32000000C2
:10333000536D6172742067657420776966692069CE
:103340006E666F00636F6E6E656374656420776987
:103350006669000041542B435753544F50534D411D
:103360005254000041542B43495053544152543D50
:1033700022544350222C222573222C25640D0A004E
:10338000434F4E4E4543540066A141A801F086FDCF
:1033900020B101200DF5417DBDE8F08363A141A876
:1033A00001F07CFD08B10220F4E72800A5F101013D
:1033B0000DB27FF45DAF00BF002D01DC0320E9E713
:1033C00005215FA0FFF7B2FD08B10420E2E7642009
:1033D000DDF752FF0020DDE730B5C1B0052418E06D
:1033E00000BF5AA101A801F081FA0546002D04DDB5
:1033F0002A4601A90120DDF7B4FB00BF4FF47A7023
:10340000DDF73AFF3221AFF21410FFF78FFD00B95C
:1034100004E02000A4F101010CB2E1D100BF002CB6
:1034200002DC012041B030BD0020FBE72DE9F04176
:1034300005460E4617464648C06840F0806044493D
:10344000C8603220DDF718FF4148806840F0806096
:103450003F49886040F2DC50DDF70EFF4FF4205208
:103460003C493D48DEF7A2FE3C4890F8480050B980
:10347000FFF76CFE20B90120384981F848002AE0A6
:103480000B20BDE8F0810A21AFF29810FFF74EFD46
:1034900008B10120F5E73221AFF2A410FFF746FD95
:1034A00008B10220EDE70A21AFF2AC10FFF73EFDB4
:1034B00008B10320E5E73221AFF2B010FFF736FD87
:1034C00008B10420DDE740F6B830FFF772FD08B11F
:1034D0000520D6E700BF322121A0FFF727FD08B164
:1034E0000620CEE7322127A0FFF720FD08B10720F4
:1034F000C7E7322127A0FFF719FD08B10820C0E770
:10350000322128A0FFF712FD08B10920B9E73A4699
:1035100031462846FFF78CFE04460CB10A20B0E77E
:103520000020AEE7434C4F5345440000414C524508
:1035300041445920434F4E4E4543544544000000FA
:1035400041542B43495053454E4400002B2B2B0034
:1035500000000A488413002074130020B00B0020E0
:1035600041542B434950534E54504346473D312C10
:10357000382C226E7470312E616C6979756E2E63F1
:103580006F6D220041542B434950534E54505449BF
:103590004D453F0041542B4349504D4F44453D312B
:1035A0000000000041542B4349504D55583D300018
:1035B000002041494880088040490860404908800F
:1035C000704701463C4B1B88581CC31700EBD35374
:1035D0005B12A0EB43239AB237484088904205D053
:1035E00035480388001DC154001F02807047014602
:1035F00031484088304A128890420FD02E48428885
:10360000001D805C08702C4A5288501CC21700EBC9
:10361000D2525212A0EB4222274B5A8070472648C2
:10362000008800F50070244A5288811AC81701EBFF
:10363000D0504012A1EB402080B27047F8B504464C
:103640000D4616460027002000902FE06846FFF741
:10365000CEFF1B48008820B99DF80000B04200D082
:1036600024E017480088A84208DA9DF800101448A2
:1036700002880088401C124B1880A1549DF800005D
:103680000E49096840EA01200C49086008460068B4
:1036900000F54031491C08D1094807880020074936
:1036A0000860074908803846F8BD00BFFFF7B7FF3C
:1036B0000028CBDC0020F7E7386A0020FC0B002054
:1036C000000C002010B504462046DDF7A2FA10BD1C
:1036D00010B504462012DDF79CFAE0B2DDF799FA46
:1036E00010BD10B50446200CFFF7F2FFA0B2FFF7A3
:1036F000EFFF10BD10B504462046DDF78AFA10BD75
:1037000010B504462012FFF7F5FFE0B2FFF7F2FF15
:1037100010BD10B50446200CFFF7F2FFA0B2FFF772
:10372000EFFF10BD10B5044603E02078FFF7E2FF7D
:10373000641C20780028F8D110BD70B505460E46EF
:10374000002404E0285DFFF7D5FF601C84B2B4427A
:10375000F8DB70BD70B505460E46002405E035F86F
:103760001400FFF7CDFF601C84B2B442F7DB70BDDC
:1037700010B5EE20DDF74DFA0420FFF7BBFF6FF424
:103780004030FFF7C6FF10BD10B5EE20DDF741FA5F
:103790005520FFF7AFFF6FF44030FFF7BAFF10BDC1
:1037A00070B505460C46EE20DDF733FA0520FFF72D
:1037B000A1FF2846FFF7A4FF2046FFF7A1FF6FF403
:1037C0004030FFF7A6FF70BD10B5EE20DDF721FAFF
:1037D0000620FFF78FFF6FF44030FFF79AFF10BD10
:1037E00010B50446EE20DDF714FA0720FFF782FF3C
:1037F0002046FFF785FF6FF44030FFF78AFF10BDCA
:1038000010B5EE20DDF705FA0820FFF773FF6FF41F
:103810004030FFF77EFF10BD10B50446EE20DDF707
:10382000F8F90920FFF766FF2046FFF769FF6FF4FC
:103830004030FFF76EFF10BD2DE9F04107460C4602
:1038400015461E46EE20DDF7E4F90B20FFF752FF88
:103850003846FFF755FF2046FFF752FF2846FFF78F
:103860004FFF3046FFF74CFF6FF44030FFF751FF3A
:10387000BDE8F08110B5EE20DDF7CBF90C20FFF7A5
:1038800039FF6FF44030FFF744FF10BD10B5044618
:10389000EE20DDF7BEF90F20FFF72CFF2046FFF7E3
:1038A0002FFF6FF44030FFF734FF10BD70B50546B1
:1038B0000C46EE20DDF7ADF91020FFF71BFF284680
:1038C000FFF71EFF2046FFF71BFF6FF44030FFF7A6
:1038D00020FF70BD10B5EE20DDF79BF91120FFF73A
:1038E00009FF6FF44030FFF714FF10BD10B5044618
:1038F000EE20DDF78EF91220FFF7FCFE2046FFF7E1
:10390000FFFE6FF44030FFF704FF10BD10B5EE204E
:10391000DDF77FF91320FFF7EDFE6FF44030FFF77E
:10392000F8FE10BD70B505460C46EE20DDF771F9C6
:103930001420FFF7DFFE2846FFF7E2FE2046FFF7E0
:10394000E8FE6FF44030FFF7E4FE70BD10B50446AA
:10395000EE20DDF75EF91520FFF7CCFE2046FFF7DD
:10396000CFFE6FF44030FFF7D4FE10BD10B5044613
:10397000EE20DDF74EF91720FFF7BCFE2046FFF7DB
:10398000BFFE6FF44030FFF7C4FE10BD70B50546B2
:103990000C46EE20DDF73DF98120FFF7ABFE01205C
:1039A000FFF7A8FE2846FFF7ABFE2046FFF7A8FE6C
:1039B0006FF44030FFF7ADFE70BD70B505460C46A4
:1039C000EE20DDF726F98120FFF794FE0220FFF7B5
:1039D00091FE2846FFF794FE2046FFF791FE6FF414
:1039E0004030FFF796FE70BD70B505460C46EE20E0
:1039F000DDF70FF98120FFF77DFE0320FFF77AFE48
:103A00002846FFF77DFE2046FFF77AFE6FF4403030
:103A1000FFF77FFE70BD70B505460C46EE20DDF762
:103A2000F8F88120FFF766FE0420FFF763FE2846C2
:103A3000FFF766FE2046FFF763FE6FF44030FFF7A6
:103A400068FE70BD70B506460C461546EE20DDF7E3
:103A5000E0F88120FFF74EFE0520FFF74BFE3046D1
:103A6000FFF74EFE29462046FFF767FE0020FFF7CE
:103A700041FE6FF44030FFF74CFE70BD70B5064656
:103A80000C461546EE20DDF7C4F88120FFF732FE24
:103A90000620FFF72FFE3046FFF732FE2046FFF7E5
:103AA0002FFE2846FFF735FE6FF44030FFF731FE5A
:103AB00070BD70B506460C461546EE20DDF7A9F838
:103AC0008120FFF717FE0720FFF714FE3046FFF7AF
:103AD00017FE2046FFF714FE2846FFF71AFE6FF484
:103AE0004030FFF716FE70BD70B505460C46EE205F
:103AF000DDF78FF88120FFF7FDFD0820FFF7FAFDC5
:103B00002846FFF7FDFD2046FFF703FE6FF4403027
:103B1000FFF7FFFD70BD70B505460C46EE20DDF7E2
:103B200078F88120FFF7E6FD0920FFF7E3FD28463E
:103B3000FFF7E6FD2046FFF7E3FD6FF44030FFF7A7
:103B4000E8FD70BD70B506460C461546EE20DDF763
:103B500060F88120FFF7CEFD0A20FFF7CBFD30464D
:103B6000FFF7CEFD2046FFF7CBFD2846FFF7D1FD3E
:103B70006FF44030FFF7CDFD70BD10B50446EE2068
:103B8000DDF747F88220FFF7B5FD0120FFF7B2FD12
:103B90002046FFF7B5FD6FF44030FFF7BAFD10BDCA
:103BA00010B50446EE20DDF734F88220FFF7A2FDC1
:103BB0000220FFF79FFD2046FFF7A2FD6FF4403083
:103BC000FFF7A7FD10BD10B50446EE20DDF721F884
:103BD0008220FFF78FFD0320FFF78CFD2046FFF7C3
:103BE0008FFD6FF44030FFF794FD10BD10B5044613
:103BF000EE20DDF70EF88220FFF77CFD0420FFF7B2
:103C000079FD2046FFF77CFD6FF44030FFF781FD22
:103C100010BD10B50446EE20DCF7FBFF8220FFF755
:103C200069FD0520FFF766FD2046FFF769FD6FF48B
:103C30004030FFF76EFD10BD70B505460C46EE2016
:103C4000DCF7E7FF8220FFF755FD0620FFF752FD66
:103C50002846FFF755FD2046FFF752FD6FF4403030
:103C6000FFF757FD70BD70B505460C46EE20DCF73A
:103C7000D0FF8220FFF73EFD0720FFF73BFD2846DF
:103C8000FFF73EFD2046FFF73BFD6FF44030FFF7A6
:103C900040FD70BD10B50446EE20DCF7BAFF82206F
:103CA000FFF728FD0820FFF725FD2046FFF728FD38
:103CB0006FF44030FFF72DFD10BD10B50446EE2027
:103CC000DCF7A7FF8220FFF715FD0920FFF712FDA3
:103CD0002046FFF715FD6FF44030FFF71AFD10BDC9
:103CE00010B502210B20FFF75BFD10BDFEB5FEA74E
:103CF000E0CF8DE8E0001C4600BF0A2591FBF5F6F9
:103D000005FB16151DF80560651EEDB22C464655DF
:103D10000A2591FBF5F5A9B29442EED0FEBDF0B5AF
:103D20000446002006E00F5C1546561CF2B26755AB
:103D3000451CE8B29842F6DBF0BD10B5ED49EE48FF
:103D40000078801C095CEB4AEB480078401C105C52
:103D500041EA002404230022E8A1EA48FFF7DFFF3C
:103D6000062305222146E748FFF7C0FF0622E54962
:103D70001020FFF767FE10BD70B5ADF5007D04465D
:103D80000E46DC49DC480078401C085CDE490870BF
:103D9000D849D9480078C01C095CD64AD648007872
:103DA000801C105C41EA0020D8490880651CD2487C
:103DB0000078C01C0544D6480078062804D008289E
:103DC00005D082286BD106E0FFF7B7FF68E0CC2072
:103DD000D049087064E0CC48007805285CD1CB4815
:103DE0000088012804D0022810D0042852D12FE0E6
:103DF0002946C94801F090F8CC20C6490870022035
:103E0000FFF707FFEE20C349087043E02946C34887
:103E100001F082F86A464FF40071C148DCF77DFF7B
:103E20002022BD4910A801F026FA2022BB4918A87B
:103E300001F021FA6A464FF40071B948DCF785FFBA
:103E4000FFF74EFFDDF772FFCC20B249087021E08A
:103E50002946B44801F060F800210420FFF7A0FCD7
:103E60000422B049B04801F02BF810B9DDF717FF74
:103E70000CE00D22AD490120FFF7E4FD1E20DDF727
:103E8000FBF90F22AA490420FFF7DCFDCC20A14951
:103E9000087000BF00BF00E000BF00BF00E000BF2F
:103EA00000BF0DF5007D70BD10B500210846FFF77D
:103EB00077FC10BD70B500210620FFF771FC1420BF
:103EC000DDF7DAF9DDF7D6FF064601F049F884B2EE
:103ED000DDF7D0FF0546224629460620FFF7B2FD52
:103EE0001E20DDF7C9F9052292A10720FFF7AAFDE0
:103EF0001E20DDF7C1F9914801F032F884B2224664
:103F00008E490820FFF79EFD70BD70B5ADF5027DAE
:103F100005460E46774978480078801C095C754A4A
:103F200075480078401C105C41EA002084490880F4
:103F3000114671480078001D095C6F480078C01C6C
:103F4000105C41EA00207149088011466A480078F7
:103F50000A30095C684800780930105C41EA0020AA
:103F6000784908806A48007806286ED1744800882D
:103F700010BB664800880A281DD2DFE800F01C0547
:103F80000A0F1C1C1C1C141900210C20FFF708FC34
:103F900011E000210220FFF703FC0CE000210E20BD
:103FA000FFF7FEFB07E000210720FFF7F9FB02E027
:103FB000FFF780FF00BF00BF61480088012819D1CA
:103FC00052480088012806D002280BD003280AD0C6
:103FD00004280ED10CE00420FFF71BFEEE204D4913
:103FE000087006E005E000210E20FFF7D9FB00E095
:103FF00000BF00BF52480088022814D143480088FF
:10400000012802D003280DD109E000210D20FFF77F
:10401000C7FB1E20DDF730F9DDF715FE02E0FFF7E4
:1040200043FF00BF00BF46480088032814D137482B
:104030000088052802D006280DD107E00120FFF7EF
:10404000E8FDEE203349087005E05EE200210E2015
:10405000FFF7A6FB00BF00BF39480088042807D13E
:104060002A480088022802D1FFF71EFF00BF00BFC8
:1040700033480088052805D124480088022800D14B
:1040800000BF00BF2E480088062809D11F480088BD
:10409000092804D100210846FFF782FB00BF00BFBA
:1040A0002748008807280BD118480088032806D124
:1040B00000210920FFF774FBDDF74CFD00BF00BFB6
:1040C0001F480088082807D110480088032802D11B
:1040D000FFF7EAFE00BF00BF19480088092838D161
:1040E0000A48008803282FE0303132333435363720
:1040F00038390000AE6C00201A110020506167654D
:10410000000000003C6C002013110020161100205C
:1041100012110020101100206E6C00208E6C002007
:1041200000FE02001F1100201B110020FD0D0020C9
:10413000B110002056315F3000000000CF11002088
:10414000141100201811002002D1FFF7ADFE00BFAE
:1041500000BFFE4800880A280BD1FD4800880228CD
:1041600006D100210820FFF71BFBDDF73DFD00BF56
:1041700000BFF64800880B2807D1F54800880328BF
:1041800002D1FFF791FE00BF00BFF04800880C2865
:1041900007D1EF480088032802D1DDF793FD00BF67
:1041A00000BFEA4800880D2807D1E94800880328A5
:1041B00002D1FFF779FE00BF00BFE44800880E2857
:1041C0005BD1E3480088072819D006DC012809D014
:1041D00003280CD006284FD10CE00B2819D00E284C
:1041E0004AD111E000210120FFF7DAFA44E0FFF79D
:1041F0005BFE41E000211020FFF7D2FA3CE00021F5
:104200000320FFF7CDFA37E000212020FFF7C8FA9E
:1042100032E002AA4FF40071CE48DCF77EFDCE48B2
:10422000007890B91E20FFF761FB0120CA49087091
:10423000084600788DF8280002AA4FF40071C5489E
:10424000DCF783FDFFF716FB15E0C3480078012873
:1042500011D10020FFF74AFB0020BF490870084633
:1042600000788DF8280002AA4FF40071B948DCF7F5
:104270006CFDFFF7FFFA00BF00BFB44800880F28AD
:1042800007D1B3480088032802D1FFF70DFE00BF15
:1042900000BFAE48008810284DD1AD4800880128E5
:1042A00002D0042846D122E0AC480078FA2803DB8B
:1042B000FA20AA49087008E0A8480078FA2804DA29
:1042C000A64800780A30A5490870A4480078FFF78E
:1042D00087FAA24800788DF8380000208DF8390060
:1042E00002AA4FF400719B48DCF72FFD22E09B48A7
:1042F00000780A2803DC0A209849087008E09748EB
:1043000000780A2804DD954800780A389349087037
:1043100092480078FFF764FA904800788DF83800EA
:1043200000208DF8390002AA4FF400718948DCF7AB
:104330000CFD00BF00BF85480088202862D102AA7A
:1043400001018448DCF7E9FC81480088012804D099
:10435000022807D0052853D130E000210E20FFF7B6
:104360001FFA4DE000212120FFF71AFA1E20DCF78A
:1043700083FF9DF88C00012817D1002412E07848B3
:1043800050F8240077490968884209D104F13100C6
:10439000C0B20190012201A90B20FFF753FB03E0FB
:1043A000601CC4B2052CEADB07E033200190012237
:1043B00001A90B20FFF746FB22E021E0002122208B
:1043C000FFF7EEF91E20DCF757FF9DF8A900012842
:1043D0000ED19DF8A8006449087008460078303076
:1043E000C0B20190012201A90B20FFF72BFB06E0D0
:1043F00033200190012201A90B20FFF723FB00BF0E
:1044000000BF00BF5148008821284BD102AA4FF4B9
:1044100000715048DCF781FC4D480088012804D128
:1044200000212020FFF7BCF900BF00BF48480088EA
:10443000022836DB46480088062832DC44480088DB
:10444000801EC4B2464850F82400464908604448DB
:1044500050F824004549086004F13100C0B20190D1
:10446000012201A90B20FFF7EDFA40480068C0B215
:104470008DF888003D480068000A8DF889003B48A7
:104480000068000C8DF88A0038480068000E8DF82E
:104490008B0001208DF88C0002AA41022D48DCF728
:1044A00054FC00BF2948008822282DD128480088C4
:1044B000012804D100212020FFF772F900BF00BFBE
:1044C0002348008802281EDB2148008804281ADCC3
:1044D0001F480088801EC4B204F13100C0B20190B0
:1044E000012201A90B20FFF7ADFA601CC0B28DF8C4
:1044F000A80001208DF8A90002AA41021548DCF7A6
:1045000024FCDCF74BFE00BF00E000BF00BF0DF550
:10451000027D70BD10B500241548006820B1144814
:104520000068401E1249086012480278C8211248EB
:10453000FFF784F80446002C40DD0F4800780F494F
:1045400008700D480E490978405C1BE014110020EA
:104550001611002000FE020024110020800500201A
:104560002C110020281100205E0000207C05002076
:104570004411002010110020AE6C00201111002009
:104580001A1100203949087039480078CC2802D027
:10459000EE2812D10CE03748006800B10DE0364833
:1045A00000683449086021463448FFF7AEFC04E057
:1045B00021463248FFF7E0FB00BF00BF10BD70B5D9
:1045C00041F28830DCF758FE00210620FFF7E8F8BA
:1045D0002820DCF751FEDDF74DFC064600F0C0FC5C
:1045E00084B2DDF747FC0546224629460620FFF740
:1045F00029FA3220DCF740FE0522AFF2C84107203D
:10460000FFF720FA2820DCF737FE1D4800F0A8FC51
:1046100084B222461A490820FFF714FA70BD10B57B
:10462000ADF5007D6A464FF400711648DCF775FB66
:104630009DF80040882C07D1FFF73CFC4FF4007137
:104640001048DCF721FB01E0FFF7B9FF0DF5007D15
:1046500010BD10B502210920FFF7A2F810BD10B55A
:1046600000210A20FFF79CF810BD00001211002065
:10467000111100204411002028110020AE6C0020F0
:10468000CF11002000F6070070B5A0FB0140B4F187
:10469000805170F1000024BF002070BD204600F062
:1046A00007F805001CBF214600F09CFD284670BDA0
:1046B00070B5064600F056FE056806F10B0020F0C6
:1046C0000704B4429CBF002070BD2B466A68BAB193
:1046D0001068A04210D304F1080188423CBF506822
:1046E000586007D35168101941601168091B0160B7
:1046F00058601460101D70BD13465268002AE7D13F
:104700002146284600F036FE0028DED170BD70B587
:104710000446051F00F026FE0068002C14BF446804
:1047200070BD002C18BFA54284BF20466468F8D82D
:1047300001680A18AA4218BF456003D12A680546D5
:104740001144016028684119A1421CBF6C6070BD12
:104750006168696021680844286070BD53EA020CF2
:1047600000F069802DE9F04B4FF00006002B1FBFD1
:10477000B3FA83F503FA05F424FA05F65E4012BF96
:104780001643B2FA82F502FA05F4C5F120051EBF00
:1047900022FA05FC44EA0C04203556EA044C4FEAA0
:1047A000144418BF641C4FF000084FF000099042F9
:1047B00071EB030C39D3002919BFB1FA81F701FA63
:1047C00007F6B0FA80F700FA07F6C7F120071EBF18
:1047D00020FA07FC46EA0C062037B6FBF4FCA7EBF0
:1047E0000507103F07F01F0BCBF120060CFA0BFB5F
:1047F0002CFA06F644BFB3460026202FA4BF5E461F
:104800004FF0000B5BEA060C08BF4FF0010B19EBF1
:104810000B09ABFB027C48EB0608C01B06FB02CC75
:104820000BFB03CC71EB0C01C1E70B460246414682
:104830004846BDE8F08B13B54FF000004FF0000183
:10484000AFF30080BDE81C407047B2F120030AD5E9
:10485000C2F1200301FA02F120FA03F300FA02F098
:1048600041EA0301704700FA03F14FF0000070477E
:10487000B2F120030AD5C2F1200320FA02F001FAB6
:1048800003F321FA02F140EA0300704721FA03F032
:104890004FF00001704710B5044600F05BFD006862
:1048A000005DC00602D504F1200010BD204610BDF9
:1048B0001CB50C46064B7B4469460090204601F02F
:1048C00032F804460020694601F040F820461CBD3D
:1048D000931000000FB4044910B503AA029801F028
:1048E00059F810BC5DF814FB540000200FB41CB53F
:1048F000084B06AA7B4469460090059801F013F81E
:1049000004460020694601F021F820461CBC5DF8F1
:1049100014FB0000551000000FB47CB50C0009AA70
:10492000009001D02044401E084B7B446946019012
:10493000089800F0F8FF05461CB10020694601F018
:1049400005F828467CBC5DF814FB00002910000027
:1049500070B5044685690068C10601D5302600E0BF
:104960002026C00708D070BDD4E901213046904709
:10497000206A00F1010020626D1EF5D570BD70B592
:10498000044685690068C00708D170BDD4E90121DB
:1049900020209047206A00F1010020626D1EF5D5AD
:1049A00070BD70B505460C46012A05D02868800602
:1049B00000D5EA69002302E0012305E05B1C934275
:1049C00002D2E05C0028F9D1A869E618C01AA861F3
:1049D000286A184428622846FFF7BAFF04E0D5E9A0
:1049E000012114F8010B9047B442F8D32846FFF791
:1049F000C6FF70BD2DE9F0410746002510687529F6
:104A0000394616A411D000F00AFD002803DAC0F1DF
:104A1000000013A407E039688A0701D511A402E059
:104A2000490704D510A4012501E000F001FD002193
:104A30000A2307F1240607E0B0FBF3F203FB1200A0
:104A4000303070541046491C0028F5D12B462246C0
:104A50003846BDE8F04100F0F4BC00000000000062
:104A60002D0000002B0000002000000011680268EB
:104A7000006A530501D508700BE0D30501D5088005
:104A800007E0130603D5C217C1E9000201E0520690
:104A90000860012070470000F0B40F460168090566
:104AA00002D5234C7C4402E0214C7C440E3400218E
:104AB00000F124050BE002F00F064FEA1212A65D8A
:104AC00042EA03724FEA13136E5401F1010152EAF4
:104AD0000306F0D1224604680023240704D5702F72
:104AE00005D009B111320223F0BC00F0AABC10328B
:104AF0000123F9E770B504460D462146106800F021
:104B000097FC024629462046BDE870400023C3E7D3
:104B1000D21D22F00703D3E90023BDE70368126822
:104B200043F0200303600823C3610023B4E70000BF
:104B30005B6E00002DE9F05F044689464FF0000AE5
:104B4000DFF878B1FB44C0F820A02046E168884730
:104B5000002875D0252806D0D4E901219047206A85
:104B6000401C2062F1E700265F462046E168884746
:104B70002028054608DB312D06D207EB050010F88A
:104B8000200C08B10643F0E7B00701D526F0040673
:104B9000C4F81CA00027C4F818A02A2D09D0284664
:104BA00002F036F838B304EB8708303DC8F81850E7
:104BB00019E059F8041B204604EB87029161E16873
:104BC0008847012F054618D1E069002820DA26F031
:104BD00020061DE0D8F8180000EB800005EB40002F
:104BE0003038C8F818002046E1688847054602F0CA
:104BF0000FF80028EED1012F0AD02E2D08D1204623
:104C0000E16888477F1C0546022F46F02006C4DB7A
:104C1000A069002803DA404246F00106A061F007CF
:104C200001D026F010066C2D0BD0682D09D04C2D2C
:104C300039D06A2D35D0742D35D07A2D33D016E089
:104C400038E0E1682F4620468847B842054609D13A
:104C50006C2F26D04FF48060E168064320468847D9
:104C6000054604E06C2F1AD04FF4807006430DB354
:104C7000A5F14100192802D8203546F400664A46BD
:104C80002946204626604E46DBF778FA80B1012897
:104C90000BD0F61D26F0070000F1080955E740206B
:104CA000E4E78020D8E70020D6E706F104094CE7C6
:104CB000284651E7206ABDE8F09F0000E36D000040
:104CC0000FB400B58DB010A9099000910B904FF072
:104CD000FF300A9000200C90064878440690064861
:104CE00078446A4607900F9909A800F04FFF0DB06D
:104CF0005DF814FBD30E0000EB0E00002DE9FF5F02
:104D00001D464FF0FF3B91464FF000085F46D5E946
:104D10000146A96901987F1C8847296A824688470D
:104D20000028F6D11AF101000CD0002E24F4C06442
:104D300019DD600614D5BAF12B0F09D0BAF12D0F89
:104D40000ED103E0584604B0BDE8F09F44F48064FF
:104D5000A96901987F1C8847761E8246002E02DDD5
:104D6000BAF1300F03D0B9F1000F26D032E0A969B3
:104D7000761E01987F1C44F400748847002E8246FA
:104D800005DDBAF1780F06D0BAF1580F03D0B9F1AA
:104D9000000F10D01EE0B9F1000F02D0B9F1100FD2
:104DA00018D1A969761E01987F1C24F400748847E5
:104DB0008246102002E0082000E00A20814609E037
:104DC000A96908FB0908761E01987F1C44F4007449
:104DD00088478246002E05DD4946504600F0C2FE57
:104DE0000028EDDAE96901988847A00502D46FF040
:104DF0000100A8E7E00727D1600614D5600502D5B9
:104E0000C8F1000000E04046296801F104022A6070
:104E10000968220501D5087016E0220701D508802F
:104E200012E0086010E0286800F1040129600068C1
:104E3000210502D580F8008006E0210702D5A0F800
:104E4000008001E0C0F8008038467CE70B4910B5CF
:104E5000A1F17C020A4BC2E93712372106E000EBD0
:104E6000104442F82140074C00FB04300C1EA1F115
:104E70000101F4DC10BD0120E8E70000F46D002022
:104E8000E119D666CD0D0100401ECAB210F8011F0F
:104E90008A4202D00029F9D10020704730B505467A
:104EA0000B462A4613F8014B12F8010B08B1A04239
:104EB000F8D01CB1002802D06D1CF1E7284630BDA7
:104EC00040EA010310B59B070FD1042A0DD310C887
:104ED00008C9121F9C42F8D020BA19BA884201D9D9
:104EE000012010BD4FF0FF3010BD1AB1D30703D021
:104EF000521C07E0002010BD10F8013B11F8014BD7
:104F00001B1B07D110F8013B11F8014B1B1B01D1F2
:104F1000921EF1D1184610BD40EA0103024630B599
:104F20009B0710D14FF0013400E008C208C91D1BD7
:104F30009D4315EAC41FF8D013F0FF0102F8011BCE
:104F40000DD01B0AF8E711F8013B002B02F8013BDA
:104F500005D011F8013B002B02F8013BF3D130BD25
:104F600010B5431C02E010F8011B71B18107FAD1A2
:104F70004FF0013202C88C1A8C4314EAC211F9D0E6
:104F8000C01A0A0603D0C01E10BDC01A10BD0A0404
:104F900001D0801E10BD0902FCD0401E10BD40EAA9
:104FA000010370B59B072ED14FF00136042A2AD396
:104FB00008C810C9121F9D1B9D4315EAC61517D0BE
:104FC000D8B2E1B2401A50EA056110D198B2A1B24C
:104FD000401A50EA05410AD123F07F4024F07F4176
:104FE000401A50EA052102D1180EA0EB146070BDE2
:104FF000A342DBD018BA21BA884201D9012070BD82
:105000004FF0FF3070BD0AB9002070BD10F8013BB1
:1050100011F8014B63B1A3420AD1521E08D010F817
:10502000013B11F8014B1BB1A34201D1521EEDD13E
:10503000181B70BD421E12F8013F002BFBD111F866
:10504000013B002B02F8013BF9D17047032A40F2E3
:10505000308010F0030C00F0158011F8013BBCF11A
:10506000020F624498BF11F801CB00F8013B38BF32
:1050700011F8013BA2F1040298BF00F801CB38BF40
:1050800000F8013B11F0030300F06780083AC0F01C
:10509000088051F8043B083A51F804CBA0E8081006
:1050A000F5E7121D5CBF51F8043B40F8043BAFF339
:1050B0000080D20724BF11F8013B11F801CB48BF93
:1050C00011F8012B24BF00F8013B00F801CB48BFC9
:1050D00000F8012B7047431A28BF9A427FF6B6AFFB
:1050E000032A1044114440F2268010F0030F1EBF23
:1050F00011F8013D521E00F8013D10F0030F7FF43E
:10510000F6AF11F0030300F08685083AC0F00B807B
:1051100051F8043D083A51F804CD40F8043D40F8F8
:1051200004CDFFF7F3BF121D5CBF51F8043D40F8FA
:10513000043DAFF30080D20724BF11F8013D11F800
:1051400001CD48BF11F8012C24BF00F8013D00F843
:1051500001CD48BF00F8012C704710B5203AC0F0CF
:105160000B80B1E81850203AA0E81850B1E8185068
:10517000A0E81850BFF4F5AF5FEA027C24BFB1E8A5
:105180001850A0E8185044BF18C918C0BDE8104016
:105190005FEA827C24BF51F8043B40F8043B08BF1F
:1051A0007047D20728BF31F8023B48BF11F8012BE6
:1051B00028BF20F8023B48BF00F8012B704701F0E0
:1051C000FF03114601B543EA032242EA024200F01E
:1051D0000BF801BD02F0FF0343EA032242EA024258
:1051E00000F002B84FF000020429C0F0128010F065
:1051F000030C00F01B80CCF1040CBCF1020F18BFB3
:1052000000F8012BA8BF20F8022BA1EB0C0100F045
:105210000DB85FEAC17C24BF00F8012B00F8012B18
:1052200048BF00F8012B70474FF0000200B513464D
:1052300094469646203922BFA0E80C50A0E80C50B6
:10524000B1F12001BFF4F7AF090728BFA0E80C5067
:1052500048BF0CC05DF804EB890028BF40F8042B60
:1052600008BF704748BF20F8022B11F0804F18BFCD
:1052700000F8012B704710B5044610F0030F08BF6B
:1052800011F0030F40F015804FF0013E121FC0F2E5
:105290000E8051F8043BA3EB0E0C2CEA030C1CEA25
:1052A000CE1C08BF40F8043BF0D0A1F1040102F18C
:1052B0000402521E08DB11F8013B002B00F8013BF1
:1052C000F7D11146FFF78EFF204610BD4FF0013C8D
:1052D00050F8042B51F8043B9A4221D1A2EB0C0365
:1052E000934313EACC1317D150F8042B51F8043B25
:1052F0009A4215D1A2EB0C03934313EACC130BD1C2
:1053000050F8042B51F8043B9A4209D1A2EB0C034C
:10531000934313EACC13DBD04FF00000704700BF7B
:10532000D01A01BAB1FA81F101F0180122FA01F0A4
:10533000CB40C1F12001DBB2C0B2C01A2CFA01F39C
:10534000D11A914311EAC311E6D1704770477047F3
:105350007047000010B500F08DFC001D10BD00BFAF
:10536000D523000000487047646E002070477047E6
:105370007047704738B504460A4600206946AFF3C7
:105380000080002808BF38BD02460099204600F082
:1053900079FC012038BD012000F084BFF8B5AFF3DF
:1053A0000080054600200C46102000BF0646A819C4
:1053B000A0420DD9324669460020AFF300800700B5
:1053C00008BF00F06FFF0098A04218BF0546C4193F
:1053D000FFF7C8FF05600746F01D20F007004619DB
:1053E000284600F00AF8B44208BFF8BDA21B3146B7
:1053F0003868BDE8F84000F045BC00210160C0E914
:10540000011070471020704710B500F037FC00689D
:1054100010BD10B5044600F031FC046010BD0968F1
:105420004A0501D540B27047C905FCD500B27047A6
:1054300009684A0501D5C0B27047C905FCD580B2DC
:1054400070472DE9F0470D4604469246994600F113
:1054500024080168880604D5E06921F01001216064
:1054600000E00120A84202DDA0EB050700E00027D4
:10547000A16907EB050202EB0900A1EB0000A061A6
:105480002068C00602D42046FFF762FA002608E032
:10549000D4E901211AF806009047206A401C761CC6
:1054A00020624E45F4DB2068C0060AD52046FFF78F
:1054B0004FFA06E0D4E9012130209047206A401CD1
:1054C0002062381EA7F10107F4DC07E0D4E90121CE
:1054D00018F805009047206A401C2062281EA5F19C
:1054E0000105F3DC2046FFF74AFA2068000602D5E2
:1054F0000220BDE8F0870120FBE770472DE9FF4F50
:105500000C461E464FF0FF378BB0D2E90001DDF8A4
:1055100060800A908A46C1F30A5505B93D460021CC
:1055200008464FF00000BAF1000F00F4400005DA21
:1055300000EB80004FF4400101EA50004FEA90591F
:10554000B9F1010F00DDB9460A9850EA4A000FD0C0
:1055500044F61050A5F2FF3545432F14B8F1000F63
:105560001FD07542291E1FDD4846C9F100021CE00C
:10557000B8F1010F4FF0000001D1F24307E03021F4
:1055800001E02154401CB042FBDB304600220021E8
:1055900021540B99C1F80880C1E900200FB0BDE883
:1055A000F08FBD1B6D1CDDE74A4600DA694206A894
:1055B00000F0E2FD06AB07CB03AB07C350460A99E8
:1055C00000F0FAFE8DE80700A0F500501F380090AB
:1055D0000398002D09DD42F21F014A46084403A941
:1055E0000390684601F059F908E0A0F500504A46DA
:1055F0001F3803A90390684601F063F98DE807009E
:105600000004000C03D04FF0FF30410800E01046CA
:10561000B8F1000F03D00022009215461FE0751E5E
:1056200006D400F049FB02F1300262556D1EF8D538
:10563000B3460122084302D000227F1C04E02078F8
:10564000302801D100227F1E002A099786D01DE054
:10565000112D07DA00F030FB303262556D1C50EA34
:105660000102F5D108430FD10021681E05E0235C3B
:10567000625C6354491C2254401E8142F7DBAB46F6
:10568000A81B401E099001E0009848B1002004F8D2
:105690000B000B98099AC0F80880C0E9002B7DE741
:1056A00011264FF0000859E72DE9F04F88460446CF
:1056B000D21D22F0070191B0D1E90001CDE90A0124
:1056C00001F035FA02460B98C00F01D02D2007E0FB
:1056D0002068810701D52B2002E0202101EAC000CB
:1056E000032A099001D0072A05DB034641462046DC
:1056F00000F030FB0EE12068800601D5E06900E093
:105700000620B8F1650F814606D0B8F1660F18D0B3
:10571000B8F1670F72D132E00020B9F1110F00909B
:1057200001DB112301E009F101030AAA01A90CA878
:10573000FFF7E4FEDDE90C70002609F10105834660
:1057400048E001204B4600904FF000470AAA01A90B
:105750000CA8FFF7D3FEDDE90C050E990026AB4639
:1057600019B909F1010100EB0105B9EB050003D4FA
:10577000C0F1FF3609F10105A5EB09002BE0B9F1F5
:10578000010F01DA4FF001090020B9F1110F00906B
:10579000484601DD112300E003460AAA01A90CA82E
:1057A000FFF7ACFEDDE90C704D460026834620680D
:1057B00000070AD4AB4500DA5D4601A8012D04DDDF
:1057C000411911F8011C302907D04F4502DA17F1B1
:1057D000040F04DA0120824610E06D1EEEE7002F70
:1057E00002DCED1B3E4403E0781CA84200DD0546C8
:1057F000A7EB060000F1010A4FF000472068000700
:1058000003D4AA4501DB4FF0FF3A0021B7F1004F66
:105810000DF143088DF8431022D002202B23002FD6
:1058200001DA7F422D230A22011EA0F1010000DCD3
:105830004FB197FBF2F102FB117C0F460CF1300CDB
:1058400008F801CDF0E7A8F101000370216809050F
:1058500001D5452100E06521A0F1010800F8011CF7
:1058600009980FA9A1EB080707F1070700B101206C
:1058700000EB050101EBEA70A1693844A1EB0000DF
:10588000A0F10100A0612068C00602D42046FFF705
:105890005FF8099830B1D4E901219047206A00F1FE
:1058A000010020622068C00620D52046FFF750F88E
:1058B0001CE0002E04DBB34502DD01A8805D00E0A2
:1058C0003020D4E901219047206A761C401CBAF1AF
:1058D000010A20620AD100F0CDF9C0680168405C7D
:1058E000D4E901219047206A401C2062281EA5F1BE
:1058F0000105DEDC07E0D4E9012118F8010B90472F
:10590000206A401C2062381EA7F10107F3DC204604
:10591000FFF735F8022011B041E6000001694A1C8A
:1059200002610878704700B58FB0CDE901310021E0
:10593000059105497944CDE9031011466846FFF702
:10594000F9F80FB000BD0000E5FFFFFF0A6802F89C
:10595000010B0A607047D1E900239A4202D2531C1E
:105960000B601070704710B5436913B1AFF300803E
:1059700001E0FFF716F8012010BD126800F12401C4
:105980000A7000224A700122EDE711684FF0FF32E1
:10599000E9E70000074B70B50C467B44FFF7C3FFF7
:1059A0000546204600F05AFC10B14FF0FF3070BDA4
:1059B000284670BDFFB1FDFF2DE9FF5F04468A4612
:1059C0001546DFF8AC80F8440027D8E900103E46C1
:1059D000CDE9001011E03AF816106A4602A800F06E
:1059E00041FC411C07D02168890603D5E2693918BA
:1059F00091420ED8074406F101062068800602D5C0
:105A0000E069B84205DDAE42E5DB3AF81600002851
:105A1000E1D1A069C01BA0612046FEF799FFD8E93B
:105A20000010CDE90010002016E03AF818106A4680
:105A300002A800F017FC8146401C0BD000250DF198
:105A4000080B05E0D4E901211BF8050090476D1C07
:105A50004D45F7D308F10100B0428046E5DB206AEE
:105A6000384420622046FEF78AFFBDE8FF9F000011
:105A7000FE5F00002DE9F0418046D21D22F00702B2
:105A80000026D2E90002F52914A512D0002A06DA70
:105A90000023D0EB030063EB020211A508E0D8F865
:105AA00000108B0701D50FA502E0490701D50EA50F
:105AB00001261146002408F1240704E000F0FCF858
:105AC00030323A55641C50EA0102F7D133462A4677
:105AD00021464046BDE8F041FFF7B3BC000000009E
:105AE0002D0000002B0000002000000030B4002139
:105AF00000F124040CE002F0070505F130054FEA3F
:105B0000D20242EA4372655401F101014FEAD30324
:105B100052EA0305EFD10468002310A2250708D537
:105B200004F020040C4304D0C46901230CA2641EB9
:105B3000C46130BCFFF785BC10B50446214610682F
:105B4000FFF776FC02462046BDE810400023CDE773
:105B5000D21D22F00701D1E90023C7E700000000B1
:105B6000300000003A2800D2303820F02002412ACC
:105B700001D3A2F13700884201D34FF0FF307047C4
:105B80000268114413780160184670470B461146AD
:105B9000054A7A444A61054A7A440A620022C1E908
:105BA000033200F02DB90000EBFFFFFFA70100005A
:105BB000426842B1016811F8013B23B1521EC0E9AD
:105BC0000012184670470121C160881E7047416865
:105BD00059B1C368026843B98368934205D0521E25
:105BE000491CC0E90021002070474FF0FF3070478A
:105BF000431A28BF9A427FF6B0AA104410F0030F50
:105C000011441EBF11F8013D521E00F8013D10F075
:105C1000030F7FF4F6AF103AC0F00A8010B531E9F7
:105C20001850103A20E91850BFF4F9AFBDE8104001
:105C3000530724BF31E9081020E9081044BF51F888
:105C4000043D40F8043D12F0030F08BF7047D2072F
:105C500028BF31F8023D48BF11F8012C28BF20F8B9
:105C6000023D48BF00F8012C704700000048704713
:105C70005C6E0020004870477C6E00200048704732
:105C80005C6E0020034640688C46002818BF8142A5
:105C900084BF03464068F8D818681844884207D083
:105CA0000CF1030020F00700001D411A521A0146B2
:105CB000081D0A60FEF72BBD30B5B0F10A024FEAAD
:105CC000900E71F100034EEA817EB0EB0E0061EBA5
:105CD00091014FEA101E4EEA017E10EB0E0041EBDF
:105CE00011114FEA102E4EEA016E10EB0E0041EB3F
:105CF00011214FEA104E4EEA014E10EB0E0041EB1F
:105D00001141401841F100014FEAD00040EA4170D2
:105D10004FEAD10110EB80054FEA810444EA907408
:105D200044EB01046D1944EB0404521BA3414FF0F2
:105D3000000348BF0A3200D530BD401C41F10001CC
:105D400030BD10B50446FFF705FB0068005D00F0AC
:105D5000010010BD2DE9F04104461F4603260168ED
:105D6000072A01F4006004DB08B116A505E016A5BA
:105D700003E008B115A500E015A521F01000206092
:105D8000A069C01EA0610FB1401EA0612046FEF7B1
:105D9000DFFD4FB1D4E9012138469047206A401C0D
:105DA0002062C01C206206E0206AFAE7D4E90121E3
:105DB00015F8010B9047761EF8D22046FEF7DFFD5E
:105DC000BDE8F0814E414E006E616E00494E4600C6
:105DD000696E660010B5436913B1AFF3008001E04E
:105DE000FFF7EAFD012010BD126800F12401828452
:105DF0000022C2840122EDE711684FF0FF32E9E78B
:105E00002DE9F34F4FF0000A0C4656468FB00120A3
:105E10000DF1100B0D9001F10C00039062690398D5
:105E20000121904705002DD0252D2CD0216A8847CF
:105E3000C0B16269039801219047216A8847002810
:105E4000F7D16269411E0398904700E0761CA16972
:105E50000F988847216A88470028F7D1E1690F9891
:105E60008847DBE7A1690F988847A842074601D118
:105E7000761CD3E7E1690F9888477F1C02D1BAF1FD
:105E8000000F6FD06BE16269039800273D463946E9
:105E900090472A2804D1626903980121904701257F
:105EA000DFF8D0826269039801219047A0F13001A8
:105EB0000A290AD24745E5DC07EB870100EB4107D9
:105EC000303FDFD445F01005ECE7E90601D46FF070
:105ED00000476C280AD04C2814D0682815D06A28AE
:105EE0000DD074281CD07A281AD01DE0626903985E
:105EF000012190476C2802D045F0040514E045F0DC
:105F000002050DE045F020050AE0626903980121D1
:105F10009047682802D045F0080505E045F4006583
:105F20006269039801219047C4E9015765283DD073
:105F300019DC582879D00CDC452837D004DC25281A
:105F400026D041289ED131E046282FD0472899D12C
:105F50002CE05B287FD0612828D063287BD0642880
:105F600023D159E0F6E06F2847D008DC66281DD021
:105F700067281BD0692821D06E2816D127E0702809
:105F800044D0732867D0752846D078280DD14CE0CE
:105F9000A1690F988847252805463FF469AFE16954
:105FA0000F9888476D1C3FF46AAFD8E00F992346DD
:105FB0006A466FF00100AFF30080C5E045F0400095
:105FC00023464FF000026060A80735D43DE020680A
:105FD00000F1040121600068290501D506701DE764
:105FE000290701D5068019E7A90704D54FEAE6710C
:105FF000C0E9006112E7066010E745F04000234663
:106000004FF008026060A80716D41EE040F60E01AB
:1060100025EA0100606016E045F0400023464FF09D
:106020000A026060A80707D40FE045F040006060F6
:10603000A80708D5234610220F996FF00100AFF38F
:10604000008081E007E0102223460F996FF00100E5
:10605000FEF754FE78E04FF0000963284F46C8462B
:106060004B46CDF8309002D05B2806D02FE0E806F2
:1060700001D40120A060012729E062690398012171
:1060800090475E2805D14FF001094946626903989F
:106090009047216979B3E168891E0C9160B3216949
:1060A00059B308F1010862690398012190475D28FE
:1060B000F4D1B9F1000F09D05946002051F8202041
:1060C000D24341F82020401C0828F7DB04AB2069AC
:1060D000002860684FEA407027D02246CDF8008043
:1060E000CDE901970C9B0F9900286FF0010029DA88
:1060F000AFF3008028E001E031E007E000235A46DA
:1061000042F82130491C0829FADBC7E7C11700EB28
:10611000D1635A1123F01F030BEB8201C31A0A68E3
:106120000120984002430A60BDE7009722460F997C
:1061300000286FF0010002DAAFF3008004E0AFF353
:10614000008001E0AFF3008000280ADA401C06D18D
:106150000D9820B14FF0FF3011B0BDE8F08F5046E0
:10616000FAE7E90701D10AF1010A064400200D907F
:1061700054E60000CCCCCC0C2DE9F0478146164605
:106180008AB035487844D0E9002380680092CDE990
:106190000130314878440C38D0E902230069039279
:1061A0004FF03702CDE9043041F69B30014491FBBA
:1061B000F2F0A0F1800502FB10141B3C02D56442F2
:1061C000012000E00020DFF890A080460027FA447C
:1061D000AAF1C60A0DE0E00709D03246684607EB8F
:1061E00047010AEB810100F06CFB8DE807006410A9
:1061F0007F1C002CEFD1184F7F44B43F17E0E80715
:1062000013D007EB04100DF1180A90E80E00AAE86D
:106210000E00C068F04201D198190890324606A9D4
:1062200003A800F04EFB03AB07C36D10641C002DE8
:10623000E5D132466946B8F1000F03A802D000F05C
:106240002CFB01E000F03DFBC9E90001C9F8082082
:106250000AB0BDE8F0870000CC580000C06800F02C
:106260008000704770B505460C461646FFF772F879
:10627000036893F80101012806D0FF2C0FD8185DA0
:1062800068B101202C7070BDD3F807013246214659
:1062900003442846BDE8704003F2071318474FF047
:1062A000FF3070BD10B500F035F8BDE8104000F0CB
:1062B0002CB870477546FFF7D9FCAE460500694615
:1062C000534620F00700854618B020B5D9F7F2FFF5
:1062D000BDE820404FF000064FF000074FF00008E7
:1062E0004FF0000B21F00701AC46ACE8C009ACE868
:1062F000C009ACE8C009ACE8C0098D467047044647
:10630000AFF300802046D9F7A4FF002801D000F0A9
:1063100029B8704710B5012805D0002103A000F06E
:1063200027F8012010BD09A1F8E7000053494752A2
:10633000544D454D3A204F7574206F662068656155
:1063400070206D656D6F7279000000003A2048651D
:106350006170206D656D6F727920636F72727570F8
:106360007465640001491820ABBEFEE726000200F8
:1063700070B505460C460A2000E06D1C00F011F8CF
:1063800035B128780028F8D102E0641C00F009F843
:1063900014B120780028F8D1BDE870400A20AFF38E
:1063A000008008B569468DF800000320ABBE08BD2B
:1063B00000487047606E00205FEA400C08BF91F013
:1063C000000F4FEA8C234FEAC12243EA51514FEAB2
:1063D0001C5018BF00F5F0404FEA300018BF41F0E4
:1063E00000415FEA6C5C00F02980BCF1FF3F08BF10
:1063F00040F080407047130C06BF12044FF0100CA1
:106400004FF0000C130E04BF12020CF1080C130F16
:1064100004BF12010CF1040C930F04BF92000CF1A5
:10642000020CD30F04BF52000CF1010C11464FF0C7
:106430000002A0F11F00A0EB0C00704711F0004F0C
:1064400008BF704731F000413FF4D5AF0B0C06BFD9
:1064500009044FF0100C4FF0000C0B0E04BF0902A2
:106460000CF1080C0B0F04BF09010CF1040C8B0F8D
:1064700004BF89000CF1020CCB0F04BF49000CF1E2
:10648000010CCCF12003A0EB0C0022FA03F302FA7A
:106490000CF241EA030100F10100704720F07F4C4B
:1064A00080EA030023F07F47ACEB070303F57C533E
:1064B00000F0004003F1FF032DE980494FEA154B3E
:1064C00009B44FEA144325EA0B4E24EA03480FF2BD
:1064D000042606EB132749083E785FEA320203FBE5
:1064E0000667C7F5000707FB06F64FEA54374FEA81
:1064F000D64606F1020607FB066CCCF1005C4FEABB
:106500001C472CEA074C07FB06F40CFB06F504EBD2
:1065100015464FEA961634BF00204FF000404FEA70
:10652000D13706FB07FC4FEA1C4C0CFB0BF7D21BC8
:1065300003FB0CF761EB07010CFB0EF7B0EB074018
:1065400072EB17420CFB08F734BFA2EB0742B2EB29
:10655000074261EB17414FEA0C444FEA910706FBF3
:1065600007FC4FEA1C4C0CFB0BF7B0EBC74072EB7F
:10657000573203FB0CF734BFA2EBC742B2EBC74262
:1065800061EB57310CFB0EF7B0EBC70072EB5772A3
:106590000CFB08F734BFA2EBC702B2EBC70261EBFA
:1065A0005771039F4FEA816141EA921104EBCC04D9
:1065B0004FEAD1374FEA826206FB07FC42EA9012AB
:1065C0004FEA80604FEA1C4C0CFB0BF7D21B03FB1D
:1065D0000CF761EB07010CFB0EF7B0EB074072EB19
:1065E00017420CFB08F734BFA2EB0742B2EB07429D
:1065F00061EB17414FEA8C554FEA910704EB9C245D
:1066000006FB07FC4FEA1C4C0CFB0BF7B0EBC7403A
:1066100072EB573203FB0CF734BFA2EBC742B2EB6D
:10662000C74261EB57310CFB0EF7B0EBC70072EBC2
:1066300057720CFB08F734BFA2EBC702B2EBC702DC
:1066400061EB577115EB4C254FEA816141EA9211DC
:106650004FEA82624FEAD13742EA901206FB07FC0A
:1066600044F100044FEA80604FEA1C4C0CFB0BF72E
:10667000D21B03FB0CF761EB07010CFB0EF7B0EB31
:10668000074072EB17420CFB08F734BFA2EB07423E
:10669000B2EB074261EB174115EB1C154FEA813154
:1066A00041EA92414FEA823242EA90424FEA803018
:1066B0004FEA0C7644F1000448EA03434EEA0B48E3
:1066C0004FF0000EB2EB080C71EB030724BF6246DB
:1066D00039464EEB0E0E4FF0000B00185241494167
:1066E0004BEB0B0BB2EB080C71EB03077BF1000BD0
:1066F00024BF624639464EEB0E0E4FF0000B0018D9
:10670000524149414BEB0B0BB2EB080C71EB030709
:106710007BF1000B24BF624639464EEB0E0E51EA68
:10672000020718BF46F0010616EB0E7655F100027F
:1067300054F1000103D5BDE88901BDE80088BDE83A
:106740008901BDE80048B619524141EB0101A3F1AE
:106750000103704780807F7E7D7C7B7A79787776B5
:1067600076757473727171706F6E6E6D6C6C6B6A2E
:106770006A696868676666656464636362616160CC
:10678000605F5F5E5E5D5D5C5C5B5B5A5A59595849
:1067900058575756565555555454535352525251B3
:1067A000515050504F4F4F4E4E4D4D4D4C4C4C4B09
:1067B0004B4B4A4A4A494949484848474747474650
:1067C000464645454544444444434343434242428C
:1067D00042414141002B26D4770021D01CB54FEA1D
:1067E000370703B44FF010004FF010014FF00000D6
:1067F0000FBCBDE810400BF1010BBBF1010F08BF4E
:106800005FEA170722BF12F1010211F101014FF0F7
:10681000004143F1000300F0004043EA00007047EC
:10682000F9D35708DAE746EA064613F1400F4FEA74
:1068300016461FDD13F1200FDFBF16430A46002165
:1068400020335B42C8D0C3F1200746EA064602FA6D
:1068500007F74FEA164646EA0706C3F1200722FA71
:1068600003F201FA07F721FA03F14FF0000342EABD
:106870000702B1E746EA020646EA06464FEA16462E
:1068800046EA0106BCBF46EA0646360C4FF0000356
:106890004FF000024FF000019EE72DE9C0489346FB
:1068A00030B491E8380007C831EA400C48BF34EAF8
:1068B000430C03D5FFF7F2FDFFF78CFFF0BCBDE8FA
:1068C00000882DE9C048934630B491E8380007C8E5
:1068D00010F0804F08BF13F0804F03D100F005F88F
:1068E000FFF778FFF0BCBDE8008820F07F4780EA22
:1068F000030023F07F4C07EB0C03A3F57C5300F05F
:106900000040A3F1FE0392F0000F00F0B38095F079
:10691000000F00F077802DE901494FEA11404FEA5E
:10692000144621EA004800FB06FC24EA064708FB5F
:1069300006F607FB08F800FB07F718EB06484CEBD8
:10694000164C4FEA124B18EB07484FEA15464CEB32
:10695000174022EA0B4E0BFB06FC25EA06470EFB0E
:1069600006F607FB0EFE0BFB07F71EEB064E4CEB85
:10697000164C4FF000061EEB074E4CEB174B18EB76
:106980000B0840F1000018EB0E0B58EB000840F12B
:1069900000008F1A4FF000013CBFC943661B14BFB3
:1069A000B5EB040C00213CBFC943F61B4FEA17446A
:1069B0004EEA8E0E27EA04454FEA1C4704FB0762A5
:1069C0002CEA074C05FB07F70CFB05F604FB0CFC57
:1069D00016EB074642EB174216EB0C4642EB1C4205
:1069E0001BEB060658EB0202414146EA9E0601D522
:1069F000BDE80189B619524141EB0101A3F1010340
:106A0000BDE801894FEA14454FEA114724EA0546DB
:106A100021EA074C05FB07F406FB07F70CFB06F120
:106A200005FB0CFC11EB074144EB17444FEA1247FE
:106A300011EB0C4144EB1C4422EA074C05FB07F226
:106A400006FB07F70CFB06F605FB0CFC16EB0746EE
:106A500042EB174216EB0C4642EB1C456A1854F108
:106A6000000148BF7047B619524141EB0101A3F143
:106A70000103704795F0000F37D04FEA11424FEAFB
:106A8000144721EA024624EA074C02FB07F106FB01
:106A900007F70CFB06F402FB0CFC14EB074441EB7C
:106AA00017414FEA154714EB0C4441EB1C4125EA12
:106AB000074C02FB07F506FB07F70CFB06F602FB8B
:106AC0000CFC16EB074645EB174516EB0C4645EB61
:106AD0001C42121951F1000148BF7047B6195241CA
:106AE00041EB0101A3F1010370474FEA14454FEA5E
:106AF000114724EA054621EA074C05FB07F106FB8E
:106B000007F70CFB06F24FF0000605FB0CFC12EB3E
:106B1000074241EB174112EB0C4251EB1C4148BFBD
:106B20007047921841EB0101A3F10103704749003E
:106B300050EAC12018BF04204A0D18BF40F00100E0
:106B400040F2FF72B2EB515F08BF40F00200012833
:106B500008BF052070472DE9F0414F1E00EBC7012B
:106B60000446D1E9000115461E4637F006020DD055
:106B70002A46334601F0DCF87F1E04EBC703D3E955
:106B8000002300F003FE37F00602F1D1022F25D0DA
:106B9000042F13D0062F18BFBDE8F0812A463346D4
:106BA00001F0C6F8D4E90A2300F0F0FD2A46334686
:106BB00001F0BEF8D4E9082300F0E8FD2A46334688
:106BC00001F0B6F8D4E9062300F0E0FD2A4633468A
:106BD00001F0AEF8D4E9042300F0D8FD2A4633468C
:106BE00001F0A6F8D4E9022300F0D0FD2A4633468E
:106BF00001F09EF8D4E90023BDE8F04100F0C6BDE5
:106C0000024A0020110701F08BBC000001FDFFFFCC
:106C100030380A2801D20120704700207047000058
:106C20002DE9F041C1F30A52A2F2FF362F4A304B50
:106C30000D460446142E2FDA002E12DA00F0A6FDBF
:106C40000022134601F072F94CD2002DA4BF00249B
:106C5000254647DA25F00040204318BF254D41D096
:106C600018E0DFF894C02CFA06F705EA070C5CEA96
:106C7000040C08BFBDE8F08100F088FD0022134637
:106C800001F054F92ED2002D03DA4FF48010F040B9
:106C90000544BD43002425E0332EC8BFBDE8F08184
:106CA000A6F1140C4FF0FF3727FA0CF73C4208BF4F
:106CB000BDE8F08101F070F90022134601F036F9C9
:106CC00010D2002D0DDA142E08BF6D1C09D0C6F1AC
:106CD0003400012101FA00F02044A04238BF6D1CAD
:106CE0000446BC4329462046BDE8F0819C750088D7
:106CF0003CE4377E0000F0BFFFFF0F002DE9F04DB0
:106D000016460F460546020096B01C4621F000418B
:106D100023F0004014BF4FF0010C4FF0000C0CEBBF
:106D2000470CFE4B0CEB03084FEA630CC4452DD80F
:106D30005FEA060818BF4FF0010808EB44089844C2
:106D4000F74B434522D8F74B50EA060C02D09F423E
:106D500005D14AB916B000201946BDE8F08D002AC9
:106D600008BF4FF0000C01D04FF0010C0CEB4703B3
:106D700013F5001F0AD8002E14BF4FF0010C4FF07E
:106D8000000C0CEB440313F5001F08D916B0324673
:106D9000234628463946BDE8F04D00F0F7BCDFF841
:106DA00088B34FF0000A002FB8BF584523DADF4BF5
:106DB0009842A8BF4FF0020A1DDADA4B98421ADB5C
:106DC000DB4B03EB2053142B08DDC3F1340C26FA04
:106DD0000CF303FA0CFCB4450DD108E05EB9C3F125
:106DE000140C20FA0CF303FA0CFC844503D103F0D5
:106DF0000103C3F1020A51EA020321D1002C1FDA78
:106E0000002F18BFBAF1020F02D0BAF1010F0BD058
:106E10000220FEF7FEFA16B00022BDE8F04D134640
:106E20001046C04900F06EBD0220FEF7F2FA16B01F
:106E30002A463B46BDE8F04D0020BA4900F062BD4D
:106E4000330076D1584525D107F1804010F58010E8
:106E500001BF002A0020B34916B008BFBDE8F08D7D
:106E6000B048814207DB002CA1BF1846214616B06E
:106E7000BDE8F08D07E0201E05DA80F0004116B075
:106E80001846BDE8F08DAB497944D1E9000116B050
:106E9000BDE8F08DDFF88CC260452FD1002C28DAD8
:106EA00039B159451CD1002A04BF002002460CD03C
:106EB0001FE06AB10220FEF7ACFA40F20132002076
:106EC0004FF0E04101F02CFB0A46394600F0DEBAF3
:106ED000954A394616B0002062F31E01BDE8F08DD8
:106EE00007DA16B03B46BDE8F04D0020614600F0E1
:106EF00009BD16B010463946BDE8F08D8B4518DD4A
:106F0000B4F1804F0DD0A4F10053B3F1FF5310D171
:106F10003B1E0EDB16B01046BDE8F04D194600F0E2
:106F2000E3BB3B4616B01046BDE8F04D194600F0F5
:106F3000FFBE27F00043A2BBE1B1594538D1002F75
:106F400006DD002CA1BF0020594616B0BDE8F08D2B
:106F5000002F01DD002C1FDB002F16DA002C14DBC4
:106F6000BAF1010F4FF000000CBF73496E4916B023
:106F7000BDE8F08DBAF1020F18BF002F0CD0BAF1A6
:106F8000010F09D1002F07DA0CE0002FB8BF002C49
:106F90000EDABAF1010F05D0002016B00146BDE8A7
:106FA000F08D05E016B000204FF00041BDE8F08DF7
:106FB0004FF0010C0CEBE7720F9252EA0A020BD071
:106FC0005E4A90427DDD5E4B5E4A984216DD9142FC
:106FD0000EDC002C1CDB2CE00120FEF71AFA16B0A8
:106FE0000022BDE8F04D13461046114600F08ABC61
:106FF0004C48884202DC002C0ADC1AE08A4202DD9E
:10700000002C05DB15E0474B99421EDD002C10DDFE
:107010000220FEF7FEF940F2013200204FF0E0417D
:1070200001F07EFA404A16B061F31E021146BDE837
:10703000F08D0220FEF7EDF9FFF7E2FD394A16B0B8
:1070400061F31E021146BDE8F08D00222846394644
:1070500001F094F805460F466FF0010201F060FA66
:107060004FF05532384B00F097FF2A463B4600F070
:107070005FFE0022354B00F08FFF8B4680462A468C
:107080003B461046194600F053FE42465B4600F070
:107090004FFE80460B914FF0C0422D4B284639469B
:1070A00000F046FE834605912A4A294B40460B993B
:1070B00000F03EFE88460290274A284B2846394673
:1070C00000E01BE000F034FE4346029A01F056F85F
:1070D000054602460B460B915846059900F056FBB3
:1070E000002788465A463846059B01F047F82A464D
:1070F0000B9B00F051FF024600F073B90020B1F580
:10710000801F07DA35222846194601F009FA05469C
:107110006FF0340000EB215022E00000FFFF1F0061
:10712000FFFF0F000000F03F0000F07F0000404331
:1071300001FCFFFF444B00000000F0FF0000E041B5
:107140000000F043FFFFEF3F5555D53F0000E03F03
:107150004715F73FFE822B6544DF5DF80BAE543ECA
:10716000A0F2FF300190C1F3130040F07F6141F0C5
:1071700040510291FE498842D8BF4FF0000B0EDD0E
:10718000FC498142C8BF4FF0010B08DC01984FF069
:10719000000B401C01900298A0F580100290F64868
:1071A0000299784400EBCB0009910790D0E90023C5
:1071B000284600F0E3FF059100900798D0E90023EE
:1071C0002846099900F0E2FA02460B460020EB49F6
:1071D00000F098FB0B910B4602460690059900982B
:1071E00000F0A6FD0A90E64888460027784400682B
:1071F0000C9002994FF0005040EA610000EB8B4088
:1072000000F5002102910798D0E900230C9800F0C6
:10721000B5FF2A46099B00F0BFFE3A46434600F000
:1072200087FD0791054638464146029B0C9A00F0BF
:107230007FFD059B009A00F0AFFE2A46079B00F0F9
:107240009DFF0B9B069A00F073FD0A9A0691089029
:1072500043461046194600F06BFD05460246C948F4
:107260000B46079106217844FFF775FC0290079BB7
:107270002A4605911046194600F05AFD059B029AD0
:1072800000F056FD059105464346384619460A9AD0
:1072900000F07CFA069B089A00F04AFD2A46059BFE
:1072A00000F074FA3A46434605911290104619468A
:1072B00000F03EFD0022B44B0791009000F066FA0A
:1072C000059B129A00F062FA0D463A46AE4B3846DC
:1072D00000F054FF079B009A00F050FF059B129AA4
:1072E00000F05AFE3A46079112902B46104641464E
:1072F00000F01EFD0591009043460A9A07991298E6
:1073000000F016FD804607912B463A4606990898EC
:1073100000F00EFD4246079B00F038FA88460690C2
:10732000059B009A00F032FA00200F460546059BA7
:10733000009A00F023FF4346069A00F02DFE804697
:107340000D914FF06042914B2846394600F0F0FC19
:10735000059100908E4A8D4B40460D9900F0E8FC57
:10736000804604918B4A8C4B2846394600F0E0FC5D
:107370004246049B00F00AFA884A7A4402EBCB03A7
:10738000D3E9002300F002FA02900491019800F082
:107390007CFC0791DDE904310546029A009800F073
:1073A000F5F97F4A7A4402EBCB0BDBE9002300F0CE
:1073B000EDF92A46079B00F0E9F9002788462A469E
:1073C0003846079B00F0DAFEDBE9002300F0D6FE2A
:1073D000059B009A00F0D2FE049B029A00F0DCFDAF
:1073E000024600200A900F98644DAAF10103184349
:1073F00001D16C4D0A9000200B4602903046214688
:1074000000F096FC82468B46234630461946029A87
:1074100000F0B4FE3A46434600F08AFC52465B4612
:1074200000F0B4F906468A463A4643462146029899
:1074300000F07EFC04460F463246534600F0A6F9A3
:10744000594A8B46914226DBABEB020353EA00021A
:1074500010D122463B4600F091FE80460391534AEC
:10746000534B3046514600F091F94246039B00F0E1
:107470005DFD2CD20220FDF7CCFF40F2013200204E
:107480004FF0E04101F04CF80A46294616B062F38D
:107490001E01BDE8F08D474B2BF000429A4216D3F7
:1074A000454A0BEB020353EA000208D122463B4651
:1074B00000F064FE3246534600F038FD07D8022043
:1074C000FDF7A7FFFFF79CFB0A462946DEE72BF0F6
:1074D00000403A493A4A01EB20514FF000089042EF
:1074E00023DD481C4FF4801121FA00F05844C0F30A
:1074F0000A51344AA1F2FF317A44334B1268CB402F
:1075000020EA0303C0F3130040F4801CC1F114000F
:107510002CFA00F8BBF1000FB8BFC8F100082046F4
:10752000394600F02BFE04460F4622463B463046C5
:10753000514600F02BF94FF0000B5A46234B5846AA
:10754000079100F0F5FB05910090214A214B584628
:10755000079900F0EDFBCDE9020122463B46584673
:10756000079900F00BFE3246534600F015FD33E05C
:107570008E9803007AB60B009A4700000000F03F97
:10758000E0470000064700000000084009C7EE3F42
:10759000FD033ADCF5015B14E02F3EBEE24500003E
:1075A000A84500000000F0BF00009040FE822B655F
:1075B0004715973C00CC904000346F3F01FCFFFF23
:1075C0000000E03FD4440000FFFF0F00432EE63FE1
:1075D000396CA80C615C20BE3F4A404B00F0A8FB10
:1075E000DDE9022300F0D2F807468A46059B009A9F
:1075F00000F0CCF804460E46059B009A00F0BEFD54
:107600003A46534600F0C8FC0746224633460B91E3
:107610001046194600F08CFB8346024630488A46E5
:107620000B4605217844FFF796FA5A46534600F078
:107630007FFB2246334600F0AFFC82468B463A463B
:10764000204631460B9B00F073FB3A460B9B00F043
:107650009DF800910C9000224FF08043504659460F
:1076600000F08CFD0746039152465B4620463146AA
:1076700000F05EFB3A46039B00F044F9009B0C9A35
:1076800000F07CFD2246334600F078FD0022154BC9
:1076900000F082FC0E46044601EB08510815002854
:1076A00010DC42462046314600F03AFFFFF73FFA31
:1076B000042808BFFFF7A4FA42462046314600F0EE
:1076C0002FFF04460A980B4616B022462946BDE80D
:1076D000F04D00F02DBB0000EF39FAFE422EE63FE0
:1076E000784300000000F03F2DE9F04106460F46C8
:1076F00000F05EFC0D46040018BF0120284320F076
:107700000040C0F17F6010F1E0400FD5002E14BFA3
:1077100001200020384320F00040C0F17F6000F1DC
:10772000E0400028A4BF0120FDF773FE2046294653
:10773000BDE8F08110B500290AD00878002807D0EC
:1077400005487844FDF7C2FD002801D0002010BD97
:107750000248784410BD0000BA500000B25000004A
:1077600010B500290AD00878002807D005487844C9
:10777000FDF7ACFD002801D0002010BD0248784480
:1077800010BD00009E5100009651000010B591EA16
:10779000030F48BF83F0004300F1F884841A71EBB3
:1077A000030C05D2121943EB0C03001B61EB0C0117
:1077B000DFF824E14FEA1154A4EB135C1EEA430FF7
:1077C00018BF9EEA445F73D023EA0E03DCF1200E5B
:1077D00021EA045143F4801332D322FA0CFE10EB59
:1077E0000E0023FA0CFE41EB0E01CCF1200E03FA41
:1077F0000EFE10EB0E0051F10001B1F5801FCCF12F
:10780000200E32D201EB045112FA0EF2BDE8104004
:1078100058BF7047401C38BF5FEA420218BF70472C
:10782000002814BF20F0010041F100014FEA41039C
:1078300013F5001F38BF7047A1F1C04100F070BBC5
:10784000012A43EB0302ACF1200CDCF11F0E32BF26
:107850004FF0000E23FA0CF310EB030041EB045140
:10786000B4EB115FD0D0A1EB045101F580114908B0
:107870005FEA300001EB04510ED350F1000038BF35
:1078800012FA0EFE08D1BDE81040C9E7401C38BF0F
:107890005FEA4202CAD1C3E7BDE810404FEA4103A4
:1078A00013F5001F38BF7047A1F1C04100F038BB8D
:1078B0009EEA445F08D011EA5E0FBDE8104004BFA5
:1078C00001F0004100207047BDE8104070B500F0A5
:1078D000D9FA00BF64FBBE3E0000E0FF02494FF052
:1078E000000000F0EBBD00BF0000F87F491058BF5A
:1078F000C1F140415B1058BFC3F140438B42EFF3ED
:10790000008070472DE9C04130B4DFF8A0C23CEAE6
:10791000111418BF3CEA131400F0EC8081EA03054F
:107920001CEA111444EAD57418BF1CEA131500F0C0
:10793000C780A4EB05044FF0004545EAC12145EAA4
:10794000C32341EA505143EA525304F17F749942F0
:1079500004F500344FEAC0204FEAC22208BF90422B
:1079600000F09C804FEA13650FF24016765D4FEAF7
:10797000134506FB05F7C7F1807706FB07F74FEACB
:10798000D737A7FB03687642C8F58038A7FB06CE39
:1079900038BFA8F1010807FB08E64FF0000EA6FB70
:1079A000028CE6FB03CEDCF1000CCEF1004E38BFBA
:1079B000AEF1010EA6FB0C584FF000074FF000058A
:1079C000E6FB0E87A1FB08C6A0FB07CE16EB0E0652
:1079D00045F10005E1FB076515F1E04E7EBFA4F51A
:1079E00080345FEA46066D4116F1800745F10005D7
:1079F0004FEA17274FEA066647EA0567A6F1DE4613
:107A0000B6F1805F4FEA15251FD9384624F0010CE6
:107A100005EBC471BCF1FE6F01EB0C1102D8F0BC98
:107A2000BDE8008124425CBF01F5801E9EEAC47F50
:107A300002D4F0BCBDE80081244238D4F0BCA1F1EE
:107A4000C041BDE8004100F06BBA4FEAD22242EAE1
:107A500043524FEAD323A7FB02864FEAD02040EAE5
:107A6000415007FB03661EEA0E0F4FEAD12105FBCA
:107A7000026658BFA6EB0056B6EB00564FEA520E10
:107A80004EEAC37E18EB0E0E56EB530EBDD518EB27
:107A900002085E417F1C55F10005B6E74FF48015E2
:107AA0004FF000074FF000064FF00008ADE7F0BCC4
:107AB0004FF0000001F1C04101F00041BDE800813C
:107AC00011EA0C1F0CEA131500D00CE013EA0C1F8E
:107AD00000F025804FF00000F0BC81EA030101F0C6
:107AE0000041BDE80081F0BCBDE8004181EA03012E
:107AF00000F016BAF0BCBDE8004170B500F0C2F964
:107B0000097EFC3E00F007B881EA03014FF0000057
:107B100001F00041704781EA030100F001BAF0BCB6
:107B2000BDE800414FF0000021497047FFFDFBF91F
:107B3000F7F5F4F2F0EEEDEBE9E8E6E4E3E1E0DEA0
:107B4000DDDBDAD8D7D5D4D3D1D0CFCDCCCBCAC812
:107B5000C7C6C5C4C2C1C0BFBEBDBCBBBAB9B8B739
:107B6000B6B5B4B3B2B1B0AFAEADACABAAA9A8A82C
:107B7000A7A6A5A4A3A3A2A1A09F9F9E9D9C9C9BFA
:107B80009A999998979796959594939392919190A5
:107B90008F8F8E8E8D8C8C8B8B8A89898888878736
:107BA0008685858484838382828181800000FF07AB
:107BB0000000F87F51EA030C17D41CF5801F58BF52
:107BC000BCF5801F00F10680994218BF704708BFBE
:107BD0009042704707D711F5801F58BF13F5801FDB
:107BE00019D499427047894270471CF5801F08D507
:107BF000BCF5801FF7D58B4218BF704708BF824283
:107C000070474FF4001C1CEB410F38BF1CEB430FB7
:107C100001D28B42704770B500F034F992244900CC
:107C20004FF000514FF08053FFF760BE4FEA410321
:107C30004FEA5353A3F58063D3F11E03C8BFD3F1BA
:107C4000210C0CDD4FF0004242EAC12242EA5052C0
:107C500032FA03FC8CEAE17CACEBE1707047102B4C
:107C6000C4BF0020704703F5787CBCF1FF3F04D00F
:107C70006FF0004282EA2100704770B500F002F90F
:107C80004992248000207047F2E710F0004248BF7C
:107C90004042B0FA80F310FA03F10AD0C3F11D0399
:107CA00003F580634FEA415002EB035202EBD1210E
:107CB00070474FF00000704751EA030C17D41CF5D1
:107CC000801F58BFBCF5801F00F10680994218BF85
:107CD000704708BF9042704707D711F5801F58BF03
:107CE00013F5801F19D499427047894270471CF5DB
:107CF000801F08D5BCF5801FF7D58B4218BF704791
:107D000008BF824270474FF4001C1CEB410F38BF84
:107D10001CEB430F01D28B42704770B500F0B2F8F4
:107D2000922449004FF000514FF08053FFF7DEBD21
:107D3000DFF848C170B51CEA111E1EBF1CEA1315FE
:107D40009EEA0C0F95EA0C0F00F06F8081EA0304A5
:107D500023EA4C134EEAD47E21EA4C1141F48011FF
:107D600043F48013AE44A1FB024CA0FB0365AEF1CB
:107D70007F7E361955EB0C05A1FB034C4CF100033B
:107D8000A0FB021C16EB0C06654153F100030942EF
:107D900018BF46F0010613F4007F0BD14FEA033100
:107DA0004FEA0530340341EA155140EA16506FF0AE
:107DB00003020AE04FEAC3214FEAC520F40241EA78
:107DC000555140EA56506FF0020202EB2E4201EB91
:107DD000025585EACE710AD05FEA440C18BF24F040
:107DE000004450F1000041F1000120EAD47040F25B
:107DF000FE7C624500D270BDA84214BF4FF08044A3
:107E00004FF04044002E08BF0024BEF1806FA8BF91
:107E1000A1F1C041BDE8704080F282804FF00000C7
:107E200001F1C04101F0004170479EEA0C0F0CEADD
:107E3000131518BF95EA0C0F06D04FF0000081EA29
:107E4000030E0EF0004170BD00F01CF88900013EE9
:107E500000F007B800F009B84FEA430C5FEA5C5C39
:107E600008D081EA030100F05BB84FEA410C5FEAF9
:107E70005C5CF6D14FF00000014970470000FF073D
:107E80000000F87F0EF1020E2EF0030E5EF8046B78
:107E9000364205D4012A43EB030515F5001F12D81D
:107EA000012841EB010C1CF5001F0CD80ED14FEA44
:107EB000D17C15F5001F0CEB4C0C0CF1020C08BF2B
:107EC0004CEBD37C04E04FF0080C01E04FEAD37C8C
:107ED0000CEB4C0526FA05F606F00706B6F1040C85
:107EE00006D20EEB860CBDE870404CF0010C6047EA
:107EF000DFE80CF0090B02024FF000414FF00000E8
:107F0000A1F5002170BD19461046012851EB01046E
:107F100018BFD4F5001484BF002001F0004170BDEB
:107F20000808A0F500114FEA3101704753EA010C2F
:107F300017D41CF5801F58BFBCF5801F00F10680C8
:107F40008B4218BF704708BF8242704707D713F5AE
:107F5000801F58BF11F5801F19D48B4270479B4278
:107F600070471CF5801F08D5BCF5801FF7D59942D6
:107F700018BF704708BF904270474FF4001C1CEBBD
:107F8000430F38BF1CEB410F01D2994270470FB429
:107F90000CBC03BCFFF7C1BE91EA030F10B581F022
:107FA00000413FF5FBAB83F0004300F0EFB8000069
:107FB0002DE9F04101F5801CBCF5001FC0F2C38023
:107FC0004FEA115C21EA0C510CF1FD0C41F48011D7
:107FD0005FEA5C0C0CF5C07C01D3400049413DA434
:107FE000890241EA905187028E0E0A0CA45D04FBBF
:107FF00004F602FB06F6C6F14046A4FB0662F60D47
:1080000046EA422606FB06F4A4FB01235242C3F1D2
:10801000404338BF5B1EA6FB02420024E6FB03245C
:10802000D20B42EA4446A6FB0623A1FB02E2A3FBD5
:1080300007E4A4184FF0000252F10002E3FB0142F2
:108040006442C2F1404E38BFAEF1010EA6FB0423DC
:108050004FF00002E6FB0E32A2FB03464FF0000495
:10806000B61954F10004E2FB0264A1FB06E6A4FB8E
:1080700007E816EB08064FF0000858F10008E4FB8B
:1080800001687642C8F1405838BFA8F10108A2FB48
:1080900006E4A3FB08E52D194FF0000454F1000499
:1080A000E2FB0854A1FB05E6A7FB04E818EB060871
:1080B0004FF0000656F10006E1FB048618F120059A
:1080C00056F10006A809A8F11B08B10908F03F08FD
:1080D000B8F10A0F40EA86601CD901EB0C51BDE8EB
:1080E000F08100BFFCF5EEE8E2DDD8D3CFCBC7C30B
:1080F000C0BDB9B6B4B1AEACA9A7A5A3A19F9D9BC5
:108100009A9896959392908F8D8C8B898887868587
:1081100084838281A0FB006800FB01F208EB420827
:10812000B8EB872807D5341858EB0104D5D5401C87
:1081300051F10001D1E7341A78EB0104CDD4401E8F
:1081400071F10001C9E75FEA4C0C5FEA9C5C0DD15C
:1081500005D34FF0000001F00041BDE8F081BDE81B
:10816000F04170B5FFF78EFE6DDBFFBEBDE8F0415C
:108170004FF00000004970470000F87F10B591EA09
:10818000030F48BF83F000433FF508AB841A71EB3F
:10819000030C07D212198CF0004C43EB0C03001BAC
:1081A00061EB0C01DFF8A4E14FEA1154A4EB135C7E
:1081B0001EEA430F18BF9EEA445F00F0B08023EA36
:1081C0006E03524221EA0451C3EB6E0338BF5B1EBB
:1081D000DCF1200E25D322FA0CFE10EB0E0043FA40
:1081E0000CFE41EB0E01CCF1200E03FA0EFE10EB5B
:1081F0000E0051F10001CCF1200E29D412FA0EF23A
:1082000001EB0451BDE8104058BF7047401C1CBF33
:10821000B2F1004F704700280CBF491C20F001004C
:10822000704712EB020E43EB030218BF4FF0010E32
:108230004EEA4202ACF1200CDCF11E0E54D943FA96
:108240000CFE10EB0E0051F1FF31CCF11E0ED5D516
:108250000EF1010E12FA0EFE404141EB010101EB5D
:10826000445C5FEA5C5C10D910EBDE7001EB0451FA
:1082700038BFBEF1004FBDE8104018BF704700285E
:108280000CBF491C20F00100704730D24FEAD42CBB
:1082900011F5001124F400641BD0B1FA81F20B3AFD
:1082A000A41AA41ED2F12003914030FA03F319431B
:1082B000904001EBCC71002C01EB0451BDE8104063
:1082C000A8BF704701F1C0414FF0000001F000412C
:1082D0007047B0FA80F310FA03F100D110BDE41A30
:1082E000173C4805C90AE4E701EB045110BD4910E9
:1082F00001EB0451BDE810404FEA300002E04FF0BE
:10830000000170474A0008BF0042F8D0B2F5001FD4
:1083100028BF704701F000414FF0000070479EEA0F
:10832000445F07D011EA5E0FBDE8104004BF002192
:1083300000207047BDE8104070B5FFF7A3FD00BFF7
:1083400040DFF63E83F00041104670470000E0FF3A
:1083500043004FEAD30C4FEA3C0C43401FBF400799
:108360000CF1605113F0FE4F70471CF0006F03D109
:1083700000200CF0004170470CF0004343EA5070BD
:1083800010B540EACC0000F00EF800BF00000092EB
:108390004FEA0001FFF7C4BD4FF000414FF000006D
:1083A000A1F5002170470EF1020E2EF0030E5EF8CB
:1083B000044B244204D44FEA4102B2F17F4F11D85A
:1083C0004FEA4003B3F17F4F0CD80ED14FEAD07C77
:1083D000B2F17F4F0CEB4C0C0CF1020C08BF4CEBD4
:1083E000D17C04E04FF0080C01E04FEAD17C0CEBAB
:1083F0004C0324FA03F404F00704B4F1040C06D28D
:108400000EEB840CBDE810404CF0010C6047DFE837
:108410000CF0070802024FF00040A0F5800010BDEC
:108420000846420018BFD2F1807288BF00F00040B9
:1084300010BD10B5FDF7BCFF4FF00001016010BD8D
:108440004FEAC1230A1543EA50534FEAC02C18BF24
:1084500043F000431BD4A2F24E02D2F57C72C0F26C
:108460002080502AA8BF502223FA02F12CFA02F0F1
:1084700060B4D2F1200284BF03FA02F52843C2F1AE
:1084800000029CBF23FA02F5284360BC704701F14B
:10849000804212F5801F04DA4FF000004FF0000117
:1084A000704770B5FFF7EEFC49922480002001E090
:1084B0006FEAE17001467047FDF7F6B80CF00F0364
:1084C000092B08BF082000F059800A2B0BD0082B7D
:1084D00018BF704708BF1CF0400F0AD04FF00000D3
:1084E0004FF0000170471CF0400F18BF4FF00040E4
:1084F00070471CF0100F08D020F0704300F07F424E
:1085000042EAD3014FEA4370704700F0604021F027
:108510007F4242EA000201F07F4040EA72707047F9
:108520004FF0FF0C4CF4E06C1CEA11531CBF9CEAAA
:10853000030C9445C2BFDA4201EB02517047002B95
:108540000DD0BCF1000F0FD0002A01F00041A4BFF4
:1085500041F0E04141F07F614FF00000704701F0D1
:1085600000414FF00000704750EA01334FF09B0C80
:1085700018BF4CF0806C7FF4B1A970471CF4801FC9
:1085800011D01CF4E02F03D06FEACC3149007047C2
:108590004FF04050EFF3008222F0704242EA0002B6
:1085A00082F3008870474FF0000070470003030615
:1085B00001040602050003051F1C1F1E1F1E1F1FAE
:1085C0001E1F1E1F246F74612F7570646174652FE8
:1085D00025732F257300000000000000000000003C
:1085E000000000000000000000000000000000008B
:1085F000000000000000000000000000000000007B
:1086000000000000247468696E672F646F776E2F16
:1086100070726F70657274792F25732F2573000047
:10862000000000000000000000000000000000004A
:10863000000000000000000000000000000000003A
:1086400000000000247379732F6F70657261746984
:108650006F6E2F726573756C742F25732F257300E1
:10866000000000000000000000000000000000000A
:1086700000000000000000000000000000000000FA
:108680000000000024736861646F772F6F7065725B
:108690006174696F6E2F726573756C742F25732FFB
:1086A0002573000000000000000000000000000032
:1086B00000000000000000000000000000000000BA
:1086C000000000000000891112239B322446AD57A0
:1086D0003665BF74488CC19D5AAFD3BE6CCAE5DB0A
:1086E0007EE9F7F88110080193331A22A5562C472A
:1086F000B7753E64C99C408DDBBF52AEEDDA64CBEA
:10870000FFF976E802218B30100299132667AF76C5
:108710003444BD554AADC3BC588ED19F6EEBE7FAC9
:108720007CC8F5D983310A2091121803A7772E66E9
:10873000B5543C45CBBD42ACD99E508FEFFB66EAA9
:10874000FDD874C904428D5316619F702004A91589
:108750003227BB364CCEC5DF5EEDD7FC6888E19989
:108760007AABF3BA85520C4397711E60A1142805A9
:10877000B3373A26CDDE44CFDFFD56ECE998608969
:10878000FBBB72AA06638F7214409D512225AB3445
:108790003006B9174EEFC7FE5CCCD5DD6AA9E3B849
:1087A000788AF19B87730E6295501C41A3352A2469
:1087B000B1163807CFFF46EEDDDC54CDEBB962A829
:1087C000F99A708B088481951AA793B62CC2A5D309
:1087D0003EE1B7F04008C919522BDB3A644EED5F19
:1087E000766DFF7C899400859BB712A6ADD224C319
:1087F000BFF136E0C1184809D33B5A2AE55E6C4FF9
:10880000F77D7E6C0AA583B4188691972EE3A7F2B4
:108810003CC0B5D14229CB38500AD91B666FEF7ED8
:10882000744CFD5D8BB502A499961087AFF326E2D8
:10883000BDD034C1C3394A28D11A580BE77F6E6EB8
:10884000F55C7C4D0CC685D71EE597F42880A19178
:108850003AA3B3B2444ACD5B5669DF78600CE91D98
:10886000722FFB3E8DD604C79FF516E4A990208198
:10887000BBB332A2C55A4C4BD7795E68E11C680D78
:10888000F33F7A2E0EE787F61CC495D52AA1A3B034
:108890003882B193466BCF7A5448DD59622DEB3C58
:1088A000700EF91F8FF706E69DD414C5ABB122A058
:1088B000B9923083C77B4E6AD5585C49E33D6A2C38
:1088C000F11E780F020202020202020202040202F8
:1088D000020201014D515443000000000400000059
:1088E0000000000000000000000000003C0001004B
:1088F0004D5154570000000000000000000000002F
:108900000000000000000000000000000000000067
:108910000000000000000000000000000000000057
:108920000000000000000000000000000000C0E0A7
:10893000F0F8FC00637C777BF26B6FC53001672B2E
:10894000FED7AB76CA82C97DFA5947F0ADD4A2AF43
:108950009CA472C0B7FD9326363FF7CC34A5E5F151
:1089600071D8311504C723C31896059A071280E2FF
:10897000EB27B27509832C1A1B6E5AA0523BD6B353
:1089800029E32F8453D100ED20FCB15B6ACBBE39C3
:108990004A4C58CFD0EFAAFB434D338545F9027FAF
:1089A000503C9FA851A3408F929D38F5BCB6DA2168
:1089B00010FFF3D2CD0C13EC5F974417C4A77E3D94
:1089C000645D197360814FDC222A908846EEB814EA
:1089D000DE5E0BDBE0323A0A4906245CC2D3AC62AD
:1089E0009195E479E7C8376D8DD54EA96C56F4EAB8
:1089F000657AAE08BA78252E1CA6B4C6E8DD741FC9
:108A00004BBD8B8A703EB5664803F60E613557B98B
:108A100086C11D9EE1F8981169D98E949B1E87E945
:108A2000CE5528DF8CA1890DBFE6426841992D0FF4
:108A3000B054BB16C66363A5F87C7C84EE77779947
:108A4000F67B7B8DFFF2F20DD66B6BBDDE6F6FB1E7
:108A500091C5C5546030305002010103CE6767A94B
:108A6000562B2B7DE7FEFE19B5D7D7624DABABE693
:108A7000EC76769A8FCACA451F82829D89C9C94001
:108A8000FA7D7D87EFFAFA15B25959EB8E4747C93F
:108A9000FBF0F00B41ADADECB3D4D4675FA2A2FD07
:108AA00045AFAFEA239C9CBF53A4A4F7E47272962F
:108AB0009BC0C05B75B7B7C2E1FDFD1C3D9393AE93
:108AC0004C26266A6C36365A7E3F3F41F5F7F70250
:108AD00083CCCC4F6834345C51A5A5F4D1E5E534A2
:108AE000F9F1F108E2717193ABD8D8736231315367
:108AF0002A15153F0804040C95C7C7524623236561
:108B00009DC3C35E30181828379696A10A05050F35
:108B10002F9A9AB50E070709241212361B80809BE4
:108B2000DFE2E23DCDEBEB264E2727697FB2B2CDE7
:108B3000EA75759F1209091B1D83839E582C2C749E
:108B4000341A1A2E361B1B2DDC6E6EB2B45A5AEE36
:108B50005BA0A0FBA45252F6763B3B4DB7D6D66144
:108B60007DB3B3CE5229297BDDE3E33E5E2F2F7127
:108B700013848497A65353F5B9D1D168000000003F
:108B8000C1EDED2C40202060E3FCFC1F79B1B1C8A1
:108B9000B65B5BEDD46A6ABE8DCBCB4667BEBED9F1
:108BA0007239394B944A4ADE984C4CD4B05858E844
:108BB00085CFCF4ABBD0D06BC5EFEF2A4FAAAAE52D
:108BC000EDFBFB16864343C59A4D4DD766333355AF
:108BD000118585948A4545CFE9F9F910040202060A
:108BE000FE7F7F81A05050F0783C3C44259F9FBA87
:108BF0004BA8A8E3A25151F35DA3A3FE804040C05F
:108C0000058F8F8A3F9292AD219D9DBC7038384868
:108C1000F1F5F50463BCBCDF77B6B6C1AFDADA753F
:108C20004221216320101030E5FFFF1AFDF3F30EFF
:108C3000BFD2D26D81CDCD4C180C0C142613133538
:108C4000C3ECEC2FBE5F5FE1359797A2884444CC1C
:108C50002E17173993C4C45755A7A7F2FC7E7E82FE
:108C60007A3D3D47C86464ACBA5D5DE73219192BA3
:108C7000E6737395C06060A0198181989E4F4FD1B3
:108C8000A3DCDC7F44222266542A2A7E3B9090ABF0
:108C90000B8888838C4646CAC7EEEE296BB8B8D3DA
:108CA0002814143CA7DEDE79BC5E5EE2160B0B1DB9
:108CB000ADDBDB76DBE0E03B64323256743A3A4EB1
:108CC000140A0A1E924949DB0C06060A4824246C41
:108CD000B85C5CE49FC2C25DBDD3D36E43ACACEF65
:108CE000C46262A6399191A8319595A4D3E4E43782
:108CF000F279798BD5E7E7328BC8C8436E3737599D
:108D0000DA6D6DB7018D8D8CB1D5D5649C4E4ED288
:108D100049A9A9E0D86C6CB4AC5656FAF3F4F40740
:108D2000CFEAEA25CA6565AFF47A7A8E47AEAEE936
:108D3000100808186FBABAD5F07878884A25256FD8
:108D40005C2E2E72381C1C2457A6A6F173B4B4C72F
:108D500097C6C651CBE8E823A1DDDD7CE874749C9E
:108D60003E1F1F21964B4BDD61BDBDDC0D8B8B86FD
:108D70000F8A8A85E07070907C3E3E4271B5B5C422
:108D8000CC6666AA904848D806030305F7F6F601B4
:108D90001C0E0E12C26161A36A35355FAE5757F9DA
:108DA00069B9B9D01786869199C1C1583A1D1D2756
:108DB000279E9EB9D9E1E138EBF8F8132B9898B3C8
:108DC00022111133D26969BBA9D9D970078E8E8956
:108DD000339494A72D9B9BB63C1E1E221587879229
:108DE000C9E9E92087CECE49AA5555FF50282878F1
:108DF000A5DFDF7A038C8C8F59A1A1F809898980BE
:108E00001A0D0D1765BFBFDAD7E6E631844242C6B8
:108E1000D06868B8824141C3299999B05A2D2D77FD
:108E20001E0F0F117BB0B0CBA85454FC6DBBBBD64A
:108E30002C16163AA5C6636384F87C7C99EE777786
:108E40008DF67B7B0DFFF2F2BDD66B6BB1DE6F6FE3
:108E50005491C5C55060303003020101A9CE676747
:108E60007D562B2B19E7FEFE62B5D7D7E64DABAB8F
:108E70009AEC7676458FCACA9D1F82824089C9C9FD
:108E800087FA7D7D15EFFAFAEBB25959C98E47473B
:108E90000BFBF0F0EC41ADAD67B3D4D4FD5FA2A203
:108EA000EA45AFAFBF239C9CF753A4A496E472722B
:108EB0005B9BC0C0C275B7B71CE1FDFDAE3D93938F
:108EC0006A4C26265A6C3636417E3F3F02F5F7F74C
:108ED0004F83CCCC5C683434F451A5A534D1E5E59E
:108EE00008F9F1F193E2717173ABD8D85362313163
:108EF0003F2A15150C0804045295C7C7654623235D
:108F00005E9DC3C328301818A13796960F0A050531
:108F1000B52F9A9A090E0707362412129B1B8080E0
:108F20003DDFE2E226CDEBEB694E2727CD7FB2B2E3
:108F30009FEA75751B1209099E1D838374582C2C9A
:108F40002E341A1A2D361B1BB2DC6E6EEEB45A5A32
:108F5000FB5BA0A0F6A452524D763B3B61B7D6D640
:108F6000CE7DB3B37B5229293EDDE3E3715E2F2F23
:108F700097138484F5A6535368B9D1D1000000003B
:108F80002CC1EDED604020201FE3FCFCC879B1B19D
:108F9000EDB65B5BBED46A6A468DCBCBD967BEBEED
:108FA0004B723939DE944A4AD4984C4CE8B0585840
:108FB0004A85CFCF6BBBD0D02AC5EFEFE54FAAAA29
:108FC00016EDFBFBC5864343D79A4D4D55663333AB
:108FD00094118585CF8A454510E9F9F90604020206
:108FE00081FE7F7FF0A0505044783C3CBA259F9F83
:108FF000E34BA8A8F3A25151FE5DA3A3C08040405B
:109000008A058F8FAD3F9292BC219D9D4870383864
:1090100004F1F5F5DF63BCBCC177B6B675AFDADA3B
:1090200063422121302010101AE5FFFF0EFDF3F3FB
:109030006DBFD2D24C81CDCD14180C0C3526131334
:109040002FC3ECECE1BE5F5FA2359797CC88444418
:10905000392E17175793C4C4F255A7A782FC7E7EFA
:10906000477A3D3DACC86464E7BA5D5D2B3219199F
:1090700095E67373A0C0606098198181D19E4F4FAF
:109080007FA3DCDC664422227E542A2AAB3B9090EC
:10909000830B8888CA8C464629C7EEEED36BB8B8D6
:1090A0003C28141479A7DEDEE2BC5E5E1D160B0BB5
:1090B00076ADDBDB3BDBE0E0566432324E743A3AAD
:1090C0001E140A0ADB9249490A0C06066C4824243D
:1090D000E4B85C5C5D9FC2C26EBDD3D3EF43ACAC61
:1090E000A6C46262A8399191A431959537D3E4E47E
:1090F0008BF2797932D5E7E7438BC8C8596E373799
:10910000B7DA6D6D8C018D8D64B1D5D5D29C4E4E84
:10911000E049A9A9B4D86C6CFAAC565607F3F4F43C
:1091200025CFEAEAAFCA65658EF47A7AE947AEAE32
:1091300018100808D56FBABA88F078786F4A2525D4
:10914000725C2E2E24381C1CF157A6A6C773B4B42B
:109150005197C6C623CBE8E87CA1DDDD9CE874749A
:10916000213E1F1FDD964B4BDC61BDBD860D8B8BF9
:10917000850F8A8A90E07070427C3E3EC471B5B51E
:10918000AACC6666D89048480506030301F7F6F6B0
:10919000121C0E0EA3C261615F6A3535F9AE5757D6
:1091A000D069B9B9911786865899C1C1273A1D1D52
:1091B000B9279E9E38D9E1E113EBF8F8B32B9898C4
:1091C00033221111BBD2696970A9D9D989078E8E52
:1091D000A7339494B62D9B9B223C1E1E9215878725
:1091E00020C9E9E94987CECEFFAA555578502828ED
:1091F0007AA5DFDF8F038C8CF859A1A180098989BA
:10920000171A0D0DDA65BFBF31D7E6E6C6844242B4
:10921000B8D06868C3824141B0299999775A2D2DF9
:10922000111E0F0FCB7BB0B0FCA85454D66DBBBB46
:109230003A2C161663A5C6637C84F87C7799EE7782
:109240007B8DF67BF20DFFF26BBDD66B6FB1DE6FDF
:10925000C55491C5305060300103020167A9CE6743
:109260002B7D562BFE19E7FED762B5D7ABE64DAB8B
:10927000769AEC76CA458FCA829D1F82C94089C9F9
:109280007D87FA7DFA15EFFA59EBB25947C98E4737
:10929000F00BFBF0ADEC41ADD467B3D4A2FD5FA2FF
:1092A000AFEA45AF9CBF239CA4F753A47296E47227
:1092B000C05B9BC0B7C275B7FD1CE1FD93AE3D938B
:1092C000266A4C26365A6C363F417E3FF702F5F748
:1092D000CC4F83CC345C6834A5F451A5E534D1E59A
:1092E000F108F9F17193E271D873ABD8315362315F
:1092F000153F2A15040C0804C75295C72365462359
:10930000C35E9DC31828301896A13796050F0A052D
:109310009AB52F9A07090E0712362412809B1B80DC
:10932000E23DDFE2EB26CDEB27694E27B2CD7FB2DF
:10933000759FEA75091B1209839E1D832C74582C96
:109340001A2E341A1B2D361B6EB2DC6E5AEEB45A2E
:10935000A0FB5BA052F6A4523B4D763BD661B7D63C
:10936000B3CE7DB3297B5229E33EDDE32F715E2F1F
:109370008497138453F5A653D168B9D10000000037
:10938000ED2CC1ED20604020FC1FE3FCB1C879B199
:109390005BEDB65B6ABED46ACB468DCBBED967BEE9
:1093A000394B72394ADE944A4CD4984C58E8B0583C
:1093B000CF4A85CFD06BBBD0EF2AC5EFAAE54FAA25
:1093C000FB16EDFB43C586434DD79A4D33556633A7
:1093D0008594118545CF8A45F910E9F90206040202
:1093E0007F81FE7F50F0A0503C44783C9FBA259F7F
:1093F000A8E34BA851F3A251A3FE5DA340C0804057
:109400008F8A058F92AD3F929DBC219D3848703860
:10941000F504F1F5BCDF63BCB6C177B6DA75AFDA37
:109420002163422110302010FF1AE5FFF30EFDF3F7
:10943000D26DBFD2CD4C81CD0C14180C1335261330
:10944000EC2FC3EC5FE1BE5F97A2359744CC884414
:1094500017392E17C45793C4A7F255A77E82FC7EF6
:109460003D477A3D64ACC8645DE7BA5D192B32199B
:109470007395E67360A0C060819819814FD19E4FAB
:10948000DC7FA3DC226644222A7E542A90AB3B90E8
:1094900088830B8846CA8C46EE29C7EEB8D36BB8D2
:1094A000143C2814DE79A7DE5EE2BC5E0B1D160BB1
:1094B000DB76ADDBE03BDBE0325664323A4E743AA9
:1094C0000A1E140A49DB9249060A0C06246C482439
:1094D0005CE4B85CC25D9FC2D36EBDD3ACEF43AC5D
:1094E00062A6C46291A8399195A43195E437D3E47A
:1094F000798BF279E732D5E7C8438BC837596E3795
:109500006DB7DA6D8D8C018DD564B1D54ED29C4E80
:10951000A9E049A96CB4D86C56FAAC56F407F3F438
:10952000EA25CFEA65AFCA657A8EF47AAEE947AE2E
:1095300008181008BAD56FBA7888F078256F4A25D0
:109540002E725C2E1C24381CA6F157A6B4C773B427
:10955000C65197C6E823CBE8DD7CA1DD749CE87496
:109560001F213E1F4BDD964BBDDC61BD8B860D8BF5
:109570008A850F8A7090E0703E427C3EB5C471B51A
:1095800066AACC6648D8904803050603F601F7F6AC
:109590000E121C0E61A3C261355F6A3557F9AE57D2
:1095A000B9D069B986911786C15899C11D273A1D4E
:1095B0009EB9279EE138D9E1F813EBF898B32B98C0
:1095C0001133221169BBD269D970A9D98E89078E4E
:1095D00094A733949BB62D9B1E223C1E8792158721
:1095E000E920C9E9CE4987CE55FFAA5528785028E9
:1095F000DF7AA5DF8C8F038CA1F859A189800989B6
:109600000D171A0DBFDA65BFE631D7E642C68442B0
:1096100068B8D06841C3824199B029992D775A2DF5
:109620000F111E0FB0CB7BB054FCA854BBD66DBB42
:10963000163A2C166363A5C67C7C84F8777799EE7E
:109640007B7B8DF6F2F20DFF6B6BBDD66F6FB1DEDB
:10965000C5C5549130305060010103026767A9CE3F
:109660002B2B7D56FEFE19E7D7D762B5ABABE64D87
:1096700076769AECCACA458F82829D1FC9C94089F5
:109680007D7D87FAFAFA15EF5959EBB24747C98E33
:10969000F0F00BFBADADEC41D4D467B3A2A2FD5FFB
:1096A000AFAFEA459C9CBF23A4A4F753727296E423
:1096B000C0C05B9BB7B7C275FDFD1CE19393AE3D87
:1096C00026266A4C36365A6C3F3F417EF7F702F544
:1096D000CCCC4F8334345C68A5A5F451E5E534D196
:1096E000F1F108F9717193E2D8D873AB313153625B
:1096F00015153F2A04040C08C7C752952323654655
:10970000C3C35E9D181828309696A13705050F0A29
:109710009A9AB52F0707090E1212362480809B1BD8
:10972000E2E23DDFEBEB26CD2727694EB2B2CD7FDB
:1097300075759FEA09091B1283839E1D2C2C745892
:109740001A1A2E341B1B2D366E6EB2DC5A5AEEB42A
:10975000A0A0FB5B5252F6A43B3B4D76D6D661B738
:10976000B3B3CE7D29297B52E3E33EDD2F2F715E1B
:10977000848497135353F5A6D1D168B90000000033
:10978000EDED2CC120206040FCFC1FE3B1B1C87995
:109790005B5BEDB66A6ABED4CBCB468DBEBED967E5
:1097A00039394B724A4ADE944C4CD4985858E8B038
:1097B000CFCF4A85D0D06BBBEFEF2AC5AAAAE54F21
:1097C000FBFB16ED4343C5864D4DD79A33335566A3
:1097D000858594114545CF8AF9F910E902020604FE
:1097E0007F7F81FE5050F0A03C3C44789F9FBA257B
:1097F000A8A8E34B5151F3A2A3A3FE5D4040C08053
:109800008F8F8A059292AD3F9D9DBC21383848705C
:10981000F5F504F1BCBCDF63B6B6C177DADA75AF33
:109820002121634210103020FFFF1AE5F3F30EFDF3
:10983000D2D26DBFCDCD4C810C0C1418131335262C
:10984000ECEC2FC35F5FE1BE9797A2354444CC8810
:109850001717392EC4C45793A7A7F2557E7E82FCF2
:109860003D3D477A6464ACC85D5DE7BA19192B3297
:10987000737395E66060A0C0818198194F4FD19EA7
:10988000DCDC7FA3222266442A2A7E549090AB3BE4
:109890008888830B4646CA8CEEEE29C7B8B8D36BCE
:1098A00014143C28DEDE79A75E5EE2BC0B0B1D16AD
:1098B000DBDB76ADE0E03BDB323256643A3A4E74A5
:1098C0000A0A1E144949DB9206060A0C24246C4835
:1098D0005C5CE4B8C2C25D9FD3D36EBDACACEF4359
:1098E0006262A6C49191A8399595A431E4E437D376
:1098F00079798BF2E7E732D5C8C8438B3737596E91
:109900006D6DB7DA8D8D8C01D5D564B14E4ED29C7C
:10991000A9A9E0496C6CB4D85656FAACF4F407F334
:10992000EAEA25CF6565AFCA7A7A8EF4AEAEE9472A
:1099300008081810BABAD56F787888F025256F4ACC
:109940002E2E725C1C1C2438A6A6F157B4B4C77323
:10995000C6C65197E8E823CBDDDD7CA174749CE892
:109960001F1F213E4B4BDD96BDBDDC618B8B860DF1
:109970008A8A850F707090E03E3E427CB5B5C47116
:109980006666AACC4848D89003030506F6F601F7A8
:109990000E0E121C6161A3C235355F6A5757F9AECE
:1099A000B9B9D06986869117C1C158991D1D273A4A
:1099B0009E9EB927E1E138D9F8F813EB9898B32BBC
:1099C000111133226969BBD2D9D970A98E8E89074A
:1099D0009494A7339B9BB62D1E1E223C878792151D
:1099E000E9E920C9CECE49875555FFAA28287850E5
:1099F000DFDF7AA58C8C8F03A1A1F85989898009B2
:109A00000D0D171ABFBFDA65E6E631D74242C684AC
:109A10006868B8D04141C3829999B0292D2D775AF1
:109A20000F0F111EB0B0CB7B5454FCA8BBBBD66D3E
:109A300016163A2C52096AD53036A538BF40A39E77
:109A400081F3D7FB7CE339829B2FFF87348E43441D
:109A5000C4DEE9CB547B9432A6C2233DEE4C950B79
:109A600042FAC34E082EA16628D924B2765BA249D9
:109A70006D8BD12572F8F66486689816D4A45CCCF8
:109A80005D65B6926C704850FDEDB9DA5E154657CB
:109A9000A78D9D8490D8AB008CBCD30AF7E4580501
:109AA000B8B34506D02C1E8FCA3F0F02C1AFBD030D
:109AB00001138A6B3A9111414F67DCEA97F2CFCEDE
:109AC000F0B4E67396AC7422E7AD3585E2F937E879
:109AD0001C75DF6E47F11A711D29C5896FB7620EBB
:109AE000AA18BE1BFC563E4BC6D279209ADBC0FE9C
:109AF00078CD5AF41FDDA8338807C731B112105949
:109B00002780EC5F60517FA919B54A0D2DE57A9F3A
:109B100093C99CEFA0E03B4DAE2AF5B0C8EBBB3C2F
:109B200083539961172B047EBA77D626E1691463B3
:109B300055210C7D51F4A7507E4165531A17A4C3DB
:109B40003A275E963BAB6BCB1F9D45F1ACFA58AB09
:109B50004BE303932030FA55AD766DF688CC7691C1
:109B6000F5024C254FE5D7FCC52ACBD726354480D6
:109B7000B562A38FDEB15A4925BA1B6745EA0E9834
:109B80005DFEC0E1C32F7502814CF0128D4697A394
:109B90006BD3F9C6038F5FE715929C95BF6D7AEB87
:109BA000955259DAD4BE832D587421D349E06929DE
:109BB0008EC9C84475C2896AF48E797899583E6B0B
:109BC00027B971DDBEE14FB6F088AD17C920AC668C
:109BD0007DCE3AB463DF4A18E51A3182975133607B
:109BE00062537F45B16477E0BB6BAE84FE81A01CFD
:109BF000F9082B94704868588F45FD1994DE6C87DE
:109C0000527BF8B7AB73D323724B02E2E31F8F573B
:109C10006655AB2AB2EB28072FB5C20386C57B9ADF
:109C2000D33708A5302887F223BFA5B202036ABA4A
:109C3000ED16825C8ACF1C2BA779B492F307F2F061
:109C40004E69E2A165DAF4CD0605BED5D134621FB6
:109C5000C4A6FE8A342E539DA2F355A0058AE13294
:109C6000A4F6EB750B83EC394060EFAA5E719F069A
:109C7000BD6E10513E218AF996DD063DDD3E05AEF2
:109C80004DE6BD4691548DB571C45D050406D46F93
:109C9000605015FF1998FB24D6BDE997894043CC45
:109CA00067D99E77B0E842BD07898B88E7195B3892
:109CB00079C8EEDBA17C0A477C420FE9F8841EC913
:109CC0000000000009808683322BED481E1170AC25
:109CD0006C5A724EFD0EFFFB0F8538563DAED51EF9
:109CE000362D39270A0FD964685CA6219B5B54D1B5
:109CF00024362E3A0C0A67B19357E70FB4EE96D28A
:109D00001B9B919E80C0C54F61DC20A25A774B6996
:109D10001C121A16E293BA0AC0A02AE53C22E043BC
:109D2000121B171D0E090D0BF28BC7AD2DB6A8B96E
:109D3000141EA9C857F11985AF75074CEE99DDBB04
:109D4000A37F60FDF701269F5C72F5BC44663BC5AE
:109D50005BFB7E348B432976CB23C6DCB6EDFC68F7
:109D6000B8E4F163D731DCCA42638510139722400F
:109D700084C61120854A247DD2BB3DF8AEF932114C
:109D8000C729A16D1D9E2F4BDCB230F30D8652EC1E
:109D900077C1E3D02BB3166CA970B999119448FA26
:109DA00047E96422A8FC8CC4A0F03F1A567D2CD849
:109DB000223390EF87494EC7D938D1C18CCAA2FE51
:109DC00098D40B36A6F581CFA57ADE28DAB78E2691
:109DD0003FADBFA42C3A9DE45078920D6A5FCC9BB6
:109DE000547E4662F68D13C290D8B8E82E39F75EDD
:109DF00082C3AFF59F5D80BE69D0937C6FD52DA9DE
:109E0000CF2512B3C8AC993B10187DA7E89C636EB0
:109E1000DB3BBB7BCD2678096E5918F4EC9AB70171
:109E2000834F9AA8E6956E65AAFFE67E21BCCF080F
:109E3000EF15E8E6BAE79BD94A6F36CEEA9F09D418
:109E400029B07CD631A4B2AF2A3F2331C6A59430C5
:109E500035A266C0744EBC37FC82CAA6E090D0B072
:109E600033A7D815F104984A41ECDAF77FCD500EAC
:109E70001791F62F764DD68D43EFB04DCCAA4D54A9
:109E8000E49604DF9ED1B5E34C6A881BC12C1FB851
:109E90004665517F9D5EEA04018C355DFA877473D7
:109EA000FB0B412EB3671D5A92DBD252E910563399
:109EB0006DD647139AD7618C37A10C7A59F8148E56
:109EC000EB133C89CEA927EEB761C935E11CE5ED5E
:109ED0007A47B13C9CD2DF5955F2733F1814CE79C2
:109EE00073C737BF53F7CDEA5FFDAA5BDF3D6F1441
:109EF0007844DB86CAAFF381B968C43E3824342C79
:109F0000C2A3405F161DC372BCE2250C283C498BDE
:109F1000FF0D954139A80171080CB3DED8B4E49C5B
:109F20006456C1907BCB8461D532B670486C5C744A
:109F3000D0B857425051F4A7537E4165C31A17A4B5
:109F4000963A275ECB3BAB6BF11F9D45ABACFA5805
:109F5000934BE303552030FAF6AD766D9188CC76BD
:109F600025F5024CFC4FE5D7D7C52ACB80263544D2
:109F70008FB562A349DEB15A6725BA1B9845EA0E30
:109F8000E15DFEC002C32F7512814CF0A38D469790
:109F9000C66BD3F9E7038F5F9515929CEBBF6D7A83
:109FA000DA9552592DD4BE83D35874212949E069DA
:109FB000448EC9C86A75C28978F48E796B99583E07
:109FC000DD27B971B6BEE14F17F088AD66C920AC88
:109FD000B47DCE3A1863DF4A82E51A316097513377
:109FE0004562537FE0B1647784BB6BAE1CFE81A0F9
:109FF00094F9082B58704868198F45FD8794DE6CDA
:10A00000B7527BF823AB73D3E2724B0257E31F8F37
:10A010002A6655AB07B2EB28032FB5C29A86C57BDB
:10A02000A5D33708F2302887B223BFA5BA02036A46
:10A030005CED16822B8ACF1C92A779B4F0F307F25D
:10A04000A14E69E2CD65DAF4D50605BE1FD13462B2
:10A050008AC4A6FE9D342E53A0A2F35532058AE190
:10A0600075A4F6EB390B83ECAA4060EF065E719F96
:10A0700051BD6E10F93E218A3D96DD06AEDD3E05EE
:10A08000464DE6BDB591548D0571C45D6F0406D48F
:10A09000FF605015241998FB97D6BDE9CC89404341
:10A0A0007767D99EBDB0E8428807898B38E7195B8E
:10A0B000DB79C8EE47A17C0AE97C420FC9F8841E0F
:10A0C000000000008309808648322BEDAC1E117021
:10A0D0004E6C5A72FBFD0EFF560F85381E3DAED5F5
:10A0E00027362D39640A0FD921685CA6D19B5B54B1
:10A0F0003A24362EB10C0A670F9357E7D2B4EE9686
:10A100009E1B9B914F80C0C5A261DC20695A774B92
:10A11000161C121A0AE293BAE5C0A02A433C22E0B8
:10A120001D121B170B0E090DADF28BC7B92DB6A86A
:10A13000C8141EA98557F1194CAF7507BBEE99DD00
:10A14000FDA37F609FF70126BC5C72F5C544663BAA
:10A15000345BFB7E768B4329DCCB23C668B6EDFCF3
:10A1600063B8E4F1CAD731DC10426385401397220B
:10A170002084C6117D854A24F8D2BB3D11AEF93248
:10A180006DC729A14B1D9E2FF3DCB230EC0D86521A
:10A19000D077C1E36C2BB31699A970B9FA11944822
:10A1A0002247E964C4A8FC8C1AA0F03FD8567D2C45
:10A1B000EF223390C787494EC1D938D1FE8CCAA24D
:10A1C0003698D40BCFA6F58128A57ADE26DAB78E8D
:10A1D000A43FADBFE42C3A9D0D5078929B6A5FCCB2
:10A1E00062547E46C2F68D13E890D8B85E2E39F7D9
:10A1F000F582C3AFBE9F5D807C69D093A96FD52DDA
:10A20000B3CF25123BC8AC99A710187D6EE89C63AC
:10A210007BDB3BBB09CD2678F46E591801EC9AB76D
:10A22000A8834F9A65E6956E7EAAFFE60821BCCF0B
:10A23000E6EF15E8D9BAE79BCE4A6F36D4EA9F0914
:10A24000D629B07CAF31A4B2312A3F2330C6A594C1
:10A25000C035A26637744EBCA6FC82CAB0E090D06E
:10A260001533A7D84AF10498F741ECDA0E7FCD50A8
:10A270002F1791F68D764DD64D43EFB054CCAA4DA5
:10A28000DFE49604E39ED1B51B4C6A88B8C12C1F4D
:10A290007F466551049D5EEA5D018C3573FA8774D3
:10A2A0002EFB0B415AB3671D5292DBD233E9105695
:10A2B000136DD6478C9AD7617A37A10C8E59F81452
:10A2C00089EB133CEECEA92735B761C9EDE11CE55A
:10A2D0003C7A47B1599CD2DF3F55F273791814CEBE
:10A2E000BF73C737EA53F7CD5B5FFDAA14DF3D6F3D
:10A2F000867844DB81CAAFF33EB968C42C38243475
:10A300005FC2A34072161DC30CBCE2258B283C49DA
:10A3100041FF0D957139A801DE080CB39CD8B4E457
:10A32000906456C1617BCB8470D532B674486C5C46
:10A3300042D0B857A75051F465537E41A4C31A17B1
:10A340005E963A276BCB3BAB45F11F9D58ABACFA01
:10A3500003934BE3FA5520306DF6AD76769188CCB9
:10A360004C25F502D7FC4FE5CBD7C52A44802635CE
:10A37000A38FB5625A49DEB11B6725BA0E9845EA2C
:10A38000C0E15DFE7502C32FF012814C97A38D468C
:10A39000F9C66BD35FE7038F9C9515927AEBBF6D7F
:10A3A00059DA9552832DD4BE21D35874692949E0D6
:10A3B000C8448EC9896A75C27978F48E3E6B995803
:10A3C00071DD27B94FB6BEE1AD17F088AC66C92084
:10A3D0003AB47DCE4A1863DF3182E51A3360975173
:10A3E0007F45625377E0B164AE84BB6BA01CFE81F5
:10A3F0002B94F90868587048FD198F456C8794DED6
:10A40000F8B7527BD323AB7302E2724B8F57E31F33
:10A41000AB2A66552807B2EBC2032FB57B9A86C5D7
:10A4200008A5D33787F23028A5B223BF6ABA020342
:10A43000825CED161C2B8ACFB492A779F2F0F30759
:10A44000E2A14E69F4CD65DABED50605621FD134AE
:10A45000FE8AC4A6539D342E55A0A2F3E132058A8C
:10A46000EB75A4F6EC390B83EFAA40609F065E7192
:10A470001051BD6E8AF93E21063D96DD05AEDD3EEA
:10A48000BD464DE68DB591545D0571C4D46F04068B
:10A4900015FF6050FB241998E997D6BD43CC89403D
:10A4A0009E7767D942BDB0E88B8807895B38E7198A
:10A4B000EEDB79C80A47A17C0FE97C421EC9F8840B
:10A4C0000000000086830980ED48322B70AC1E111D
:10A4D000724E6C5AFFFBFD0E38560F85D51E3DAEF1
:10A4E0003927362DD9640A0FA621685C54D19B5BAD
:10A4F0002E3A243667B10C0AE70F935796D2B4EE82
:10A50000919E1B9BC54F80C020A261DC4B695A778E
:10A510001A161C12BA0AE2932AE5C0A0E0433C22B4
:10A52000171D121B0D0B0E09C7ADF28BA8B92DB666
:10A53000A9C8141E198557F1074CAF75DDBBEE99FC
:10A5400060FDA37F269FF701F5BC5C723BC54466A6
:10A550007E345BFB29768B43C6DCCB23FC68B6EDEF
:10A56000F163B8E4DCCAD731851042632240139707
:10A57000112084C6247D854A3DF8D2BB3211AEF944
:10A58000A16DC7292F4B1D9E30F3DCB252EC0D8616
:10A59000E3D077C1166C2BB3B999A97048FA11941E
:10A5A000642247E98CC4A8FC3F1AA0F02CD8567D41
:10A5B00090EF22334EC78749D1C1D938A2FE8CCA49
:10A5C0000B3698D481CFA6F5DE28A57A8E26DAB789
:10A5D000BFA43FAD9DE42C3A920D5078CC9B6A5FAE
:10A5E0004662547E13C2F68DB8E890D8F75E2E39D5
:10A5F000AFF582C380BE9F5D937C69D02DA96FD5D6
:10A6000012B3CF25993BC8AC7DA71018636EE89CA8
:10A61000BB7BDB3B7809CD2618F46E59B701EC9A69
:10A620009AA8834F6E65E695E67EAAFFCF0821BC07
:10A63000E8E6EF159BD9BAE736CE4A6F09D4EA9F10
:10A640007CD629B0B2AF31A423312A3F9430C6A5BD
:10A6500066C035A2BC37744ECAA6FC82D0B0E0906A
:10A66000D81533A7984AF104DAF741EC500E7FCDA4
:10A67000F62F1791D68D764DB04D43EF4D54CCAAA1
:10A6800004DFE496B5E39ED1881B4C6A1FB8C12C49
:10A69000517F4665EA049D5E355D018C7473FA87CF
:10A6A000412EFB0B1D5AB367D25292DB5633E91091
:10A6B00047136DD6618C9AD70C7A37A1148E59F84E
:10A6C0003C89EB1327EECEA9C935B761E5EDE11C56
:10A6D000B13C7A47DF599CD2733F55F2CE791814BA
:10A6E00037BF73C7CDEA53F7AA5B5FFD6F14DF3D39
:10A6F000DB867844F381CAAFC43EB968342C382471
:10A70000405FC2A3C372161D250CBCE2498B283CD6
:10A710009541FF0D017139A8B3DE080CE49CD8B453
:10A72000C190645684617BCBB670D5325C74486C42
:10A730005742D0B8F4A750514165537E17A4C31AAD
:10A74000275E963AAB6BCB3B9D45F11FFA58ABACFD
:10A75000E303934B30FA5520766DF6ADCC769188B5
:10A76000024C25F5E5D7FC4F2ACBD7C535448026CA
:10A7700062A38FB5B15A49DEBA1B6725EA0E984528
:10A78000FEC0E15D2F7502C34CF012814697A38D88
:10A79000D3F9C66B8F5FE703929C95156D7AEBBF7B
:10A7A0005259DA95BE832DD47421D358E0692949D2
:10A7B000C9C8448EC2896A758E7978F4583E6B99FF
:10A7C000B971DD27E14FB6BE88AD17F020AC66C980
:10A7D000CE3AB47DDF4A18631A3182E5513360976F
:10A7E000537F45626477E0B16BAE84BB81A01CFEF1
:10A7F000082B94F94868587045FD198FDE6C8794D2
:10A800007BF8B75273D323AB4B02E2721F8F57E32F
:10A8100055AB2A66EB2807B2B5C2032FC57B9A86D3
:10A820003708A5D32887F230BFA5B223036ABA023E
:10A8300016825CEDCF1C2B8A79B492A707F2F0F355
:10A8400069E2A14EDAF4CD6505BED50634621FD1AA
:10A85000A6FE8AC42E539D34F355A0A28AE1320588
:10A86000F6EB75A483EC390B60EFAA40719F065E8E
:10A870006E1051BD218AF93EDD063D963E05AEDDE6
:10A88000E6BD464D548DB591C45D057106D46F0487
:10A890005015FF6098FB2419BDE997D64043CC8939
:10A8A000D99E7767E842BDB0898B8807195B38E786
:10A8B000C8EEDB797C0A47A1420FE97C841EC9F807
:10A8C00000000000808683092BED48321170AC1E19
:10A8D0005A724E6C0EFFFBFD8538560FAED51E3DED
:10A8E0002D3927360FD9640A5CA621685B54D19BA9
:10A8F000362E3A240A67B10C57E70F93EE96D2B47E
:10A900009B919E1BC0C54F80DC20A261774B695A8A
:10A91000121A161C93BA0AE2A02AE5C022E0433CB0
:10A920001B171D12090D0B0E8BC7ADF2B6A8B92D62
:10A930001EA9C814F119855775074CAF99DDBBEEF8
:10A940007F60FDA301269FF772F5BC5C663BC544A2
:10A95000FB7E345B4329768B23C6DCCBEDFC68B6EB
:10A96000E4F163B831DCCAD7638510429722401303
:10A97000C61120844A247D85BB3DF8D2F93211AE40
:10A9800029A16DC79E2F4B1DB230F3DC8652EC0D12
:10A99000C1E3D077B3166C2B70B999A99448FA111A
:10A9A000E9642247FC8CC4A8F03F1AA07D2CD8563D
:10A9B0003390EF22494EC78738D1C1D9CAA2FE8C45
:10A9C000D40B3698F581CFA67ADE28A5B78E26DA85
:10A9D000ADBFA43F3A9DE42C78920D505FCC9B6AAA
:10A9E0007E4662548D13C2F6D8B8E89039F75E2ED1
:10A9F000C3AFF5825D80BE9FD0937C69D52DA96FD2
:10AA00002512B3CFAC993BC8187DA7109C636EE8A4
:10AA10003BBB7BDB267809CD5918F46E9AB701EC65
:10AA20004F9AA883956E65E6FFE67EAABCCF082103
:10AA300015E8E6EFE79BD9BA6F36CE4A9F09D4EA0C
:10AA4000B07CD629A4B2AF313F23312AA59430C6B9
:10AA5000A266C0354EBC377482CAA6FC90D0B0E066
:10AA6000A7D8153304984AF1ECDAF741CD500E7FA0
:10AA700091F62F174DD68D76EFB04D43AA4D54CC9D
:10AA80009604DFE4D1B5E39E6A881B4C2C1FB8C145
:10AA900065517F465EEA049D8C355D01877473FACB
:10AAA0000B412EFB671D5AB3DBD25292105633E98D
:10AAB000D647136DD7618C9AA10C7A37F8148E594A
:10AAC000133C89EBA927EECE61C935B71CE5EDE152
:10AAD00047B13C7AD2DF599CF2733F5514CE7918B6
:10AAE000C737BF73F7CDEA53FDAA5B5F3D6F14DF35
:10AAF00044DB8678AFF381CA68C43EB924342C386D
:10AB0000A3405FC21DC37216E2250CBC3C498B28D2
:10AB10000D9541FFA80171390CB3DE08B4E49CD84F
:10AB200056C19064CB84617B32B670D56C5C74483E
:10AB3000B85742D0010000000200000004000000ED
:10AB4000080000001000000020000000400000008D
:10AB5000800000001B000000360000003D000000E7
:10AB6000000000009D00000078BA020010070100FC
:10AB700003000000030000000300000003000000C9
:10AB8000000000009C000000D8BA02000E06010080
:10AB900003000000030000000300000003000000A9
:10ABA000000000003C000000B8BA020005060100E9
:10ABB0000300000003000000030000000300000089
:10ABC000000000003D00000098BA020007060100E6
:10ABD0000300000003000000030000000300000069
:10ABE000000000002F00000015BB0200050401005A
:10ABF000030000000000000003000000030000004C
:10AC00000000000035000000F8BA0200070401004F
:10AC1000030000000000000003000000030000002B
:10AC2000000000000000000047C302000000000018
:10AC30000000000000000000000000000000000014
:10AC4000000000000100000032BB020017F300000A
:10AC500005F3000027F300007DF30000B9F30000C6
:10AC6000F9F300003FF400004FF400006BF4000023
:10AC70007DF400009FBB02000300000014BF02002F
:10AC8000D0BE0200DBC50200DBBB020003000000F7
:10AC900065BF020028C3020014BE0200F7BB020019
:10ACA0000300000039C3020030C302002EBE0200C0
:10ACB0000DBC020003000000BFBF0200B9BF0200CC
:10ACC00043BE020036BC020003000000FDBE0200CD
:10ACD000A2C0020036BE02004DBC0200030000000C
:10ACE00033BF0200C8C2020046BE020065BB0200BC
:10ACF0000900000074C2020090C2020074C2020087
:10AD0000D7BB02000300000071C1020084C1020031
:10AD100077C102007DBC02000300000060C2020097
:10AD200081C2020066C2020081BC02000300000072
:10AD30006DBE02007EBE020073BE0200C0BB0200F8
:10AD40000300000025BF020082BF020033BE0200E4
:10AD5000D5BC020003000000EDBE020077BF020078
:10AD600030BE0200D9BC02000300000051C2020044
:10AD700048C2020057C20200DDBC0200030000000E
:10AD8000A4C10200DBC10200AAC1020061BC020032
:10AD900003000000C4BE0200BEBE0200CABE020024
:10ADA000E5BC02000300000092C10200BEC1020027
:10ADB00098C10200F3BD02000300000056C002006B
:10ADC0004CC002005CC002008DBC02000A00000002
:10ADD000D1C20200E4C2020013BE0200E1BC0200C4
:10ADE0000300000002C20200F0C1020008C202001B
:10ADF0000000000000000000000000000000000053
:10AE00000000000089BC020003000000B1C2020083
:10AE10009FC202000001000079BC02000300000094
:10AE2000AFBE020093BE020004000000A8BC0200F6
:10AE3000030000009DBE02008ABE02000008000060
:10AE400085BC02000300000050BF0200DCBE02000F
:10AE50002000000040BB020009000000A4BF020067
:10AE60008ABF020000000100A4BC02000300000031
:10AE70002EC2020019C202000800000000000000FB
:10AE800000000000000000000000000000000000C2
:10AE90005CBB0200080000002AC0020066C002007D
:10AEA00083BB0200080000003BC0020084C0020017
:10AEB00096BB020008000000F7BF0200D8BF0200E6
:10AEC000B7BB020008000000C1C00200AFC0020012
:10AED00004BC02000800000017C0020009C0020004
:10AEE0001ABC020008000000E5BF0200CBBF020050
:10AEF0006FBB02000900000056BE0200ACBC02009D
:10AF00000000000000000000000000000000000041
:10AF1000D7C702000400000000C30200F5C202000F
:10AF20000000000000000000000000000000000021
:10AF3000A3BB02000900000036C10200ACBD020044
:10AF400003010000C4BB020009000000D7C00200DA
:10AF5000F4BC0200040100006FBC02000900000004
:10AF600006C1020046BD0200050100003ABC020015
:10AF7000090000004BC10200C0BD02000601000034
:10AF800051BC0200090000001EC1020079BD020090
:10AF90000701000065BC020009000000EEC00200CD
:10AFA00013BD0200080100009EBC02000500000065
:10AFB000D7C00200F4BC02000401000023BC020060
:10AFC0000900000038BE020038BE02000006000082
:10AFD0000000000000000000000000000000000071
:10AFE0000000000036BB02000900000063C102003F
:10AFF00032BB02000100000054BB02000700000049
:10B000000AC3020019C30200020000005BBC020078
:10B010000500000026BE020016BE0200030000006C
:10B020000000000000000000000000000000000020
:10B0300000000000DFBB0200050000000CBE0200A3
:10B0400004BE020021000000EEBB02000800000068
:10B0500049BE0200F7BD020025000000000000000C
:10B0600000000000000000000000000000000000E0
:10B07000CEBB020008000000B9BD0200B5BD020051
:10B080000300000098BC0200050000000BBD020098
:10B09000EEBC020004000000ADBB0200090000008D
:10B0A0006FBD02005CBD0200050000004ABB02004B
:10B0B00009000000E9BD0200D6BD02000600000044
:10B0C00079BB020009000000A2BD02008FBD020092
:10B0D000070000008CBB0200090000003CBD02001C
:10B0E00029BD020008000000000000000000000070
:10B0F000000000000000000000000000E5BB0200AE
:10B100000800000002BD0200E9BC020004000000CB
:10B11000FBBB02000800000064BD020057BD020036
:10B120000500000011BC020008000000DEBD0200A6
:10B13000D1BD0200060000002DBC02000800000086
:10B1400097BD02008ABD02000700000044BC020057
:10B150000800000031BD020024BD0200080000000C
:10B1600000000000000000000000000000000000DF
:10B1700000000000B5BD02000310400006BD020043
:10B180000414400068BD0200051C4000E2BD02003E
:10B19000062040009BBD02000730800035BD020044
:10B1A00008408000080000000700000006000000C2
:10B1B0000500000004000000030000000000000083
:10B1C000982F8A4291443771CFFBC0B5A5DBB5E912
:10B1D0005BC25639F111F159A4823F92D55E1CAB86
:10B1E00098AA07D8015B8312BE853124C37D0C5514
:10B1F000745DBE72FEB1DE80A706DC9B74F19BC15C
:10B20000C1699BE48647BEEFC69DC10FCCA10C244B
:10B210006F2CE92DAA84744ADCA9B05CDA88F9762F
:10B2200052513E986DC631A8C82703B0C77F59BF99
:10B23000F30BE0C64791A7D55163CA0667292914C5
:10B24000850AB72738211B2EFC6D2C4D130D385362
:10B2500054730A65BB0A6A762EC9C281852C729224
:10B26000A1E8BFA24B661AA8708B4BC2A3516CC752
:10B2700019E892D1240699D685350EF470A06A108B
:10B2800016C1A419086C371E4C774827B5BCB034DA
:10B29000B30C1C394AAAD84E4FCA9C5BF36F2E6878
:10B2A000EE828F746F63A5781478C8840802C78C07
:10B2B000FAFFBE90EB6C50A4F7A3F9BEF27871C60A
:10B2C00022AE28D7982F8A42CD65EF23914437715B
:10B2D0002F3B4DECCFFBC0B5BCDB8981A5DBB5E9CD
:10B2E00038B548F35BC2563919D005B6F111F1599A
:10B2F0009B4F19AFA4823F9218816DDAD55E1CABCB
:10B30000420203A398AA07D8BE6F7045015B83125F
:10B310008CB2E44EBE853124E2B4FFD5C37D0C551A
:10B320006F897BF2745DBE72B196163BFEB1DE8012
:10B330003512C725A706DC9B942669CF74F19BC103
:10B34000D24AF19EC1699BE4E3254F388647BEEFA0
:10B35000B5D58C8BC69DC10F659CAC77CCA10C2458
:10B3600075022B596F2CE92D83E4A66EAA84744ACA
:10B37000D4FB41BDDCA9B05CB5531183DA88F97602
:10B38000ABDF66EE52513E981032B42D6DC631A837
:10B390003F21FB98C82703B0E40EEFBEC77F59BF1B
:10B3A000C28FA83DF30BE0C625A70A934791A7D506
:10B3B0006F8203E05163CA06706E0E0A6729291472
:10B3C000FC2FD246850AB72726C9265C38211B2EBA
:10B3D000ED2AC45AFC6D2C4DDFB3959D130D3853E7
:10B3E000DE63AF8B54730A65A8B2773CBB0A6A76FA
:10B3F000E6AEED472EC9C2813B358214852C729290
:10B400006403F14CA1E8BFA2013042BC4B661AA80C
:10B410009197F8D0708B4BC230BE5406A3516CC7C5
:10B420001852EFD619E892D110A96555240699D67D
:10B430002A20715785350EF4B8D1BB3270A06A103E
:10B44000C8D0D2B816C1A41953AB4151086C371EED
:10B4500099EB8EDF4C774827A8489BE1B5BCB03408
:10B46000635AC9C5B30C1C39CB8A41E34AAAD84EEA
:10B4700073E363774FCA9C5BA3B8B2D6F36F2E68B1
:10B48000FCB2EF5DEE828F74602F17436F63A57877
:10B4900072ABF0A11478C884EC39641A0802C78C26
:10B4A000281E6323FAFFBE90E9BD82DEEB6C50A438
:10B4B0001579C6B2F7A3F9BE2B5372E3F27871C6C1
:10B4C0009C6126EACE3E27CA07C2C021C7B886D1F2
:10B4D0001EEBE0CDD67DDAEA78D16EEE7F4F7DF5BA
:10B4E000BA6F1772AA67F006A698C8A2C57D630A4C
:10B4F000AE0DF9BE04983F111B471C13350B711B91
:10B50000847D0423F577DB289324C7407BABCA32C4
:10B51000BCBEC9150ABE9E3C4C0D109CC4671D43A1
:10B52000B6423ECBBED4C54C2A7E65FC9C297F59D1
:10B53000ECFAD63AAB6FCB5F1758474A8C19446C7C
:10B54000F0000000FFFFFF0FFFFFFF0F00080000EB
:10B55000E0000000FFFFFF0F0000000000080000F7
:10B56000600000000A000000000000000000000071
:10B570000100000003C602000200000048C30200F0
:10B580000400000099C50200080000005FC5020029
:10B59000100000002DC502002000000028C6020097
:10B5A0004000000084C6020080000000DEC50200EA
:10B5B0000001000077C302000002000056C602002E
:10B5C000000400003BC6020000080000D0C60200D4
:10B5D000001000009CC6020000200000FCC6020013
:10B5E00000400000F8C4020000800000E6C3020032
:10B5F0000000010079C4020000000200CBC4020078
:10B6000000000400A5C30200000008002FC40200CF
:10B610000000000000000000020000005DDB0100EF
:10B6200079DB0100B1DB01009DDB0100C5DB01001E
:10B63000E3DB0100020100008000000042C70200BD
:10B6400000000000000000001000000018B602001A
:10B6500003010000C00000002AC702000000000033
:10B66000000000001000000018B6020004010000F5
:10B670000001000036C702000000000000000000CA
:10B680001000000018B60200050200008000000053
:10B6900066C702001000000000000000100000005B
:10B6A00018B6020006020000C00000004EC70200EB
:10B6B00010000000000000001000000018B602009A
:10B6C00007020000000100005AC70200100000003D
:10B6D000000000001000000018B602000200000088
:10B6E0000000000000000000F5DB0100F5DB0100B8
:10B6F00031DB01004BDB01000E0600008000000082
:10B700008AC702000C0000000100000010000000C9
:10B71000DCB602000F060000C000000072C7020085
:10B720000C0000000100000010000000DCB6020068
:10B7300010060000000100007EC702000C0000009F
:10B740000100000010000000DCB602000200000052
:10B7500034B602000300000050B6020004000000EE
:10B760006CB602000500000088B60200060000006A
:10B77000A4B6020007000000C0B602000E000000E0
:10B78000F8B602000F00000014B70200100000001D
:10B7900030B70200000000000000000000000000C0
:10B7A0000000000000000000201C0000000000005D
:10B7B000403800000000000060240000000000008D
:10B7C0008070000000000000A06C0000000000007D
:10B7D000C048000000000000E0540000000000002D
:10B7E00000E100000000000020FD0000000000005B
:10B7F00040D900000000000060C50000000000000B
:10B800008091000000000000A08D000000000000FA
:10B81000C0A9000000000000E0B50000000000002A
:10B820008000000000000000000000000000000098
:10B830000000000000000000000000000000000008
:10B8400000000000000000000000000000000000F8
:10B8500000000000000000000000000000000000E8
:10B860008000000000000000000000000000000058
:10B8700000000000000000000000000000000000C8
:10B8800000000000000000000000000000000000B8
:10B8900000000000000000000000000000000000A8
:10B8A0007B226D6574686F64223A227265706F72D4
:10B8B00074222C22636C69656E74546F6B656E2202
:10B8C0003A22313233222C2274696D657374616DB2
:10B8D00070223A313632383634363738332C2270CB
:10B8E0006172616D73223A7B224456223A2225739B
:10B8F000222C22534A595F434F554E54223A256415
:10B900007D7D00303132333435363738394142436A
:10B9100044454640305800303132333435363738BC
:10B920003961626364656640307800040000080095
:10B9300000000000000002000100001000000000F4
:10B94000000000000000F03F000000000000F83F91
:10B9500000000000000000000000004003B8E23FCB
:10B96000000000000000000006D0CF43EBFD4C3E7D
:10B97000033333333333E33FFFAB6FDBB66DDB3F72
:10B980004D268F515555D53F01411DA96074D13FBA
:10B9900065DBC9934A86CD3FEF4E454A287ECA3FB4
:10B9A0003E5555555555C53F93BDBE166CC166BF36
:10B9B0002CDE25AF6A56113FF16BD2C541BDBBBE2F
:10B9C000D0A4BE726937663E00000000000000008F
:10B9D000000000000000000002400000000000A085
:10B9E0000000000005400000000000C8000000004A
:10B9F0000C4000000000409C0000000019400000C6
:10BA00000020BCBE0000000034400000BFC91B8EF7
:10BA100000000004B5400000504BCFD06607E2CFD5
:10BA2000010000006C4100003E8251AADFEEA73405
:10BA300001000000D9420000DCB5A0E23A301F97B7
:10BA4000FFFFFFFFB4450000FD25A0C8E9A3C14FDB
:10BA5000FFFFFFFFFF3F000000000080000000002C
:10BA6000FF3F0000000000800000000073736C5F67
:10BA7000636C69656E743100544C532D5253412DE3
:10BA8000574954482D4145532D3235362D47434DA6
:10BA90002D53484133383400544C532D5253412DCB
:10BAA000574954482D4145532D3235362D43424395
:10BAB0002D53484132353600544C532D5253412DAD
:10BAC000574954482D4145532D3132382D43424377
:10BAD0002D53484132353600544C532D5253412D8D
:10BAE000574954482D4145532D3132382D47434D48
:10BAF0002D53484132353600544C532D5253412D6D
:10BB0000574954482D4145532D3235362D43424334
:10BB10002D53484100544C532D5253412D574954F5
:10BB2000482D4145532D3132382D4342432D534842
:10BB30004100525341002A864886F70D0101010059
:10BB40006086480186F8420101006086480165036D
:10BB5000040201002A8648CE3D0201002B060105A1
:10BB600005070301002A864886F70D010901002B0D
:10BB70000601040182E42501006086480165030492
:10BB80000202002B0601050507030200608648013A
:10BB90006503040203002B06010505070303005596
:10BBA0000403002A864886F70D01010400608648D8
:10BBB000016503040204002B0601050507030400C8
:10BBC000550404002A864886F70D010105002A86DF
:10BBD0004886F70D02050055040500550406002BA4
:10BBE0000E030207002A864886F70D0207002A8600
:10BBF0004886F70D030700550407002A864886F794
:10BC00000D0208002B06010505070308005504086E
:10BC1000002A864886F70D0209002B060105050754
:10BC20000309002A864886F70D01010A002A864882
:10BC300086F70D020A0055040A002A864886F70D89
:10BC400001010B002A864886F70D020B0055040BF4
:10BC5000002A864886F70D01010C002B8104010C97
:10BC60000055040C002A864886F70D01010D002AB4
:10BC7000864886F70D01010E00551D0F0055041072
:10BC80000055041100551D1100551D130009922681
:10BC90008993F22C640119002B0E03021A002B0E5B
:10BCA00003021D00551D2000551D250057692D5309
:10BCB000554E20416C6C69616E6365204669656C08
:10BCC000642041726561204E6574776F726B202825
:10BCD00046414E290055042A0055042B0055042CDA
:10BCE0000055042D0055042E00484D41432D534866
:10BCF000412D3100525341207769746820534841E7
:10BD00003100686D6163534841310069642D736887
:10BD10006131005253412077697468205348412DA6
:10BD200035313200484D41432D5348412D35313294
:10BD300000686D61635348413531320069642D7389
:10BD4000686135313200525341207769746820535D
:10BD500048412D32323400484D41432D5348412D46
:10BD600032323400686D61635348413232340069C5
:10BD7000642D736861323234005253412077697404
:10BD800068205348412D33383400484D41432D53EA
:10BD900048412D33383400686D616353484133386E
:10BDA000340069642D736861333834005253412084
:10BDB00077697468204D44350069642D6D643500E1
:10BDC0005253412077697468205348412D323536EB
:10BDD00000484D41432D5348412D32353600686DA2
:10BDE00061635348413235360069642D73686132AE
:10BDF000353600550441004445532D454445332D07
:10BE0000434243004445532D43424300646573431A
:10BE10004243004443004543206B657920666F72BE
:10BE200020454344480069642D65634448004C0044
:10BE3000474E00534E004F005253415353412D5033
:10BE40005353005354004F55006465732D6564656A
:10BE5000332D6362630069642D6B702D7769737590
:10BE60006E2D66616E2D6465766963650069642D6B
:10BE700061742D706F7374616C436F646500506FF3
:10BE80007374616C20636F646500457874656E64DB
:10BE90006564204B65792055736167650069642D81
:10BEA00063652D6578744B657955736167650069C5
:10BEB000642D63652D6B6579557361676500546901
:10BEC000746C650069642D61742D7469746C65000F
:10BED000436F6D6D6F6E204E616D65005375626AC4
:10BEE00065637420416C74204E616D650069642D3A
:10BEF00061742D676976656E4E616D650069642DAC
:10BF000061742D6F7267616E697A6174696F6E4ECC
:10BF1000616D650069642D61742D636F6D6D6F6E69
:10BF20004E616D650069642D61742D7375724E618B
:10BF30006D650069642D61742D6F7267616E697A39
:10BF40006174696F6E616C556E69744E616D6500E8
:10BF500069642D63652D7375626A656374416C74E1
:10BF60004E616D650069642D61742D636F756E742B
:10BF700072794E616D6500476976656E206E616D00
:10BF800065005375726E616D65004E657473636113
:10BF900070652043657274696669636174652054D5
:10BFA0007970650069642D6E657473636170652DC9
:10BFB00063657274747970650053746174650069A7
:10BFC000642D61742D7374617465004F4353502068
:10BFD0005369676E696E6700436F646520536967D4
:10BFE0006E696E670069642D6B702D4F435350531B
:10BFF00069676E696E670069642D6B702D636F648D
:10C00000655369676E696E670054696D6520537486
:10C01000616D70696E670069642D6B702D74696D58
:10C02000655374616D70696E670069642D6B702D66
:10C03000736572766572417574680069642D6B7002
:10C040002D636C69656E7441757468005073657515
:10C05000646F6E796D0069642D61742D7073657500
:10C06000646F6E796D00544C5320576562205365A0
:10C07000727665722041757468656E746963617467
:10C08000696F6E00544C532057656220436C69659C
:10C090006E742041757468656E7469636174696F4C
:10C0A0006E004F7267616E697A6174696F6E0045E8
:10C0B0002D6D61696C2050726F74656374696F6E69
:10C0C0000069642D6B702D656D61696C50726F74C1
:10C0D000656374696F6E007368612D3157697468A8
:10C0E000525341456E6372797074696F6E00736864
:10C0F0006135313257697468525341456E637279C4
:10C100007074696F6E007368613232345769746895
:10C11000525341456E6372797074696F6E00736833
:10C120006133383457697468525341456E6372798C
:10C130007074696F6E006D6435576974685253414D
:10C14000456E6372797074696F6E00736861323521
:10C150003657697468525341456E637279707469D9
:10C160006F6E00727361456E6372797074696F6E81
:10C170000069642D61742D73657269616C4E756D13
:10C180006265720053657269616C206E756D6265DF
:10C19000720069642D61742D646E5175616C6966FD
:10C1A0006965720069642D61742D67656E657261E1
:10C1B00074696F6E5175616C696669657200446976
:10C1C0007374696E67756973686564204E616D6527
:10C1D000207175616C69666965720047656E65728C
:10C1E0006174696F6E207175616C69666965720052
:10C1F000556E69717565204964656E746966696517
:10C20000720069642D61742D756E6971756549647C
:10C21000656E746966696572004365727469666902
:10C220006361746520506F6C69636965730069644C
:10C230002D63652D63657274696669636174655009
:10C240006F6C696369657300496E697469616C73C9
:10C250000069642D61742D696E697469616C730085
:10C2600069642D61742D706F7374616C41646472C4
:10C2700065737300656D61696C41646472657373A5
:10C2800000506F7374616C20616464726573730035
:10C29000452D6D61696C2061646472657373004241
:10C2A0006173696320436F6E73747261696E747336
:10C2B0000069642D63652D6261736963436F6E73FA
:10C2C000747261696E7473004F726720556E697481
:10C2D0000069642D646F6D61696E436F6D706F6E80
:10C2E000656E7400446F6D61696E20636F6D706F71
:10C2F0006E656E7400416E7920506F6C69637900D1
:10C30000616E79506F6C6963790069642D65635063
:10C3100075626C69634B65790047656E6572696328
:10C32000204543206B657900436F756E7472790008
:10C330004C6F63616C6974790069642D61742D6C54
:10C340006F63616C69747900546865206365727409
:10C350006966696361746520686173206265656EF2
:10C36000207265766F6B656420286973206F6E207C
:10C37000612043524C29004F7468657220726561D8
:10C38000736F6E202863616E20626520757365642B
:10C39000206279207665726966792063616C6C62CF
:10C3A00061636B29005468652043524C20697320F7
:10C3B0007369676E6564207769746820616E2075A3
:10C3C0006E61636365707461626C6520504B2061BF
:10C3D0006C672028656720525341207673204543BF
:10C3E000445341292E005468652063657274696660
:10C3F0006963617465206973207369676E65642081
:10C400007769746820616E20756E6163636570740E
:10C4100061626C6520504B20616C67202865672045
:10C42000525341207673204543445341292E0054F2
:10C4300068652043524C206973207369676E656498
:10C44000207769746820616E20756E616363657022
:10C450007461626C65206B65792028656720626174
:10C46000642063757276652C2052534120746F6F7F
:10C470002073686F7274292E00546865206365729A
:10C480007469666963617465206973207369676E96
:10C490006564207769746820616E20756E616363DE
:10C4A00065707461626C65206B6579202865672012
:10C4B0006261642063757276652C2052534120744A
:10C4C0006F6F2073686F7274292E00546865204363
:10C4D000524C206973207369676E656420776974B4
:10C4E0006820616E20756E61636365707461626C53
:10C4F0006520686173682E005468652063657274F6
:10C5000069666963617465206973207369676E6524
:10C5100064207769746820616E20756E616363655D
:10C52000707461626C6520686173682E0054686580
:10C530002043524C206973206E6F7420636F7272B7
:10C540006563746C79207369676E65642062792015
:10C550007468652074727573746564204341005477
:10C5600068652063657274696669636174652069D2
:10C5700073206E6F7420636F72726563746C7920C0
:10C580007369676E656420627920746865207472CF
:10C590007573746564204341005468652063657257
:10C5A000746966696361746520436F6D6D6F6E2099
:10C5B0004E616D652028434E2920646F6573206E9F
:10C5C0006F74206D61746368207769746820746883
:10C5D0006520657870656374656420434E0043652B
:10C5E00072746966696361746520766572696669EB
:10C5F000636174696F6E2077617320736B6970700B
:10C600006564005468652063657274696669636176
:10C6100074652076616C696469747920686173203F
:10C6200065787069726564005468652043524C20D7
:10C630006973206578706972656400546865204389
:10C64000524C2069732066726F6D20746865206695
:10C6500075747572650054686520636572746966E7
:10C6600069636174652076616C69646974792073AB
:10C67000746172747320696E2074686520667574C5
:10C6800075726500436572746966696361746520DB
:10C69000776173206D697373696E670055736167A5
:10C6A0006520646F6573206E6F74206D61746368BC
:10C6B0002074686520657874656E6465644B65797F
:10C6C000557361676520657874656E73696F6E0078
:10C6D000557361676520646F6573206E6F74206D9C
:10C6E0006174636820746865206B65795573616750
:10C6F0006520657874656E73696F6E005573616748
:10C700006520646F6573206E6F74206D617463685B
:10C7100020746865206E7343657274547970652067
:10C72000657874656E73696F6E004145532D3139BC
:10C73000322D454342004145532D3235362D454378
:10C7400042004145532D3132382D45434200414589
:10C75000532D3139322D434243004145532D32355B
:10C76000362D434243004145532D3132382D43424B
:10C7700043004145532D3139322D47434D0041454A
:10C78000532D3235362D47434D004145532D31321F
:10C79000382D47434D004142434445464748494AA6
:10C7A0004B4C4D4E4F505152535455565758595A61
:10C7B0006162636465666768696A6B6C6D6E6F70F1
:10C7C0007172737475767778797A303132333435A3
:10C7D000363738392B2F00551D20000028C902009C
:10C7E0004000002008110000FC00000060CD0200A5
:10C7F0004811002078750100600100001001000060
:10C8000043000000F8FFFFFF004040404040404030
:10C810004040414141414140404040404040404013
:10C8200040404040404040404005020202020202B7
:10C830000202020202020202022020202020202006
:10C84000202020020202020202029090909090901A
:10C8500010101010101010101010101010101010D8
:10C86000101010100202020202028888888888884C
:10C870000808080808080808080808080808080838
:10C880000808080802020202400000000000000040
:10C890000000000000000000000000000000000098
:10C8A0000000000000000000000000000000000088
:10C8B0000000000000000000000000000000000078
:10C8C0000000000000000000000000000000000068
:10C8D0000000000000000000000000000000000058
:10C8E0000000000000000000000000000000000048
:10C8F0000000000000000000000000000000000038
:10C900000000000000000000000000001C0000000B
:10C9100043000000F8FFFFFF0C0000000E000000C5
:10C920000F0000002E000000021D0001200920263B
:10C930000108202430020C5019E6ADA3E59CA8E8BC
:10C94000BF9EE68EA5E7BD91E7BB9CE4B8AD2E2E59
:10C950002E194007E6A380E6B58B192007E78AB6B3
:10C96000E680811C412FA008E68890E58A9F003C64
:10C970005011E5A4B1E8B4A500E5889DE5A78BE5D5
:10C980008C9623000D11E69BB4E696B0E782B9E6DB
:10C9900095B0134136A01A2CE99499E8AFAFE4BBE7
:10C9A000A3E7A081E4B8BAEFBC9A00005749464912
:10C9B0006E5021EFBC8CE8AFB7E7A88DE5908E00F4
:10C9C00000E88EB7E58F96E59BBAE4BBB6E4BFA15D
:10C9D000E681AF814007E4B88BE8BDBD195194B042
:10C9E00007E6A0A1E9AA8C131200825111138C85CD
:10C9F0005A4007E698AFE590A63C514361E48006B3
:10CA0000AEBEE7BDAE0D4404E5A4870E1008E5BC3C
:10CA100082E5B8B80094400DE681A2E5A48DE587D3
:10CA2000BAE58E822F1007E5B9B6E9878D64A18E2D
:10CA30001572479CAA5653E5887E600800E8B7B394
:10CA4000E8BDAC96B007E58699E585A5CA65943141
:10CA5000C455A12407E7AD89E5BE858F1404E98597
:10CA60008DBB55594404E5B7B2922404E887B33E20
:10CA7000511E5506153D11941408E8AF9500E5AF19
:10CA80008668457431C01194569FC741EF15124115
:10CA9000C3312F10098DB3E5B086E8BF9B9B218B76
:10CAA000400B00E781B5E6958FE5BAA6ED45B120CC
:10CAB000195C3000436F6E6E656374696E67207435
:10CAC0006F206E6574776F726BBD50044465741887
:10CAD00051152008207374617475731C61355010F2
:10CAE0006F6E207375636365737366756C004E2893
:10CAF00082631EE0126661696C656400496E697448
:10CB000069616C697A6134000E18506F696E7473D4
:10CB10002075706461746519414810082C20657295
:10CB2000726F7261380464653A6C616C9365645528
:10CB300030056C7900463021D26014676574206638
:10CB400069726D7761726520696E666F00460E606E
:10CB500009646F776E6C6F6164A67119A0097665C0
:10CB6000726966696361C380044E657748700970B5
:10CB700061636B6167652C4360043F00444D91DD48
:10CB80003404536574599524540744657669636584
:10CB90004B10102061626E6F726D616C0052657394
:10CBA000746FA110046661630840047920733A1120
:10CBB0002280076E642072652DAB51BD8004004E4B
:10CBC0006FD73664AB11A560054A756D70B17404FA
:10CBD00057726939719E115429992256E152790D83
:10CBE0001757619D411895C2B36669B876436815B9
:10CBF0005439A8D12C51761007506C65617365B318
:10CC0000100474727983126FFE1005706173732AB9
:10CC1000A8086400436865636B51652021E5113005
:10CC2000240E20616761696E000041626F7574BCFB
:10CC30003806656E746572BE100553656E73A61076
:10CC4000057669747936126CEE0C05153A00000110
:10CC500030050C17FF4552524F52002F2F623233CE
:10CC60002E74762F746A7937567A423C050DFF3C54
:10CC7000050DFF3C050DFF3C050DFF3C057D3C050A
:10CC8000CF00C0640A100E01025735353030001D48
:10CC90004600001F041221041223041225040F1E53
:10CCA0002B46A20A10040000FF012DAC0A120A5BF9
:10CCB000100457495AA610080000194F00003F04FD
:10CCC000000427614F000170046CBA02544007B1A0
:10CCD0004602000F4710100ABF5102000217000061
:10CCE00003641208041207041206045E05F4051218
:10CCF0002BD0522CD45206206148B00496C702644F
:10CD000000041F585859881F676F64081D080800E1
:10CD1000052279646179B80DFF5C060DFF5C060D94
:10CD2000FF5C060DFF5C060DFF5C065D980B8ECC6C
:10CD300056062C0531323334C3102E1E980B300C9E
:10CD4000400D0300A0860100F049020C1C0890D0A1
:10CD50000300E093047C062DD605030000000000CC
:04000005000000C136
:00000001FF
