:020000040000FA
:10000000404D0120DD000000E1000000E3000000A1
:10001000E5000000E7000000E9000000000000002B
:10002000000000000000000000000000EB000000E5
:10003000ED00000000000000EF00000027070000B6
:10004000F3000000F3000000000000001B080000A7
:100050005D1F00007B1F0000F3000000F3000000A4
:1000600000000000F3000000F3000000F3000000B7
:10007000F300000000000000F3000000F3000000A7
:10008000F3000000F3000000F3000000F3000000A4
:10009000F300000075080000F3000000F30000000A
:1000A000F300000000000000F3000000F300000077
:1000B000000000000000000000000000F30000004D
:1000C000DFF80CD024F050FA00480047B9190000BE
:1000D000404D012080F30888704700000548004724
:1000E000FEE7FEE7FEE7FEE7FEE7FEE7FEE7FEE7E8
:1000F000FEE7FEE7C1000000F84910F4001F05D03C
:10010000F74A526822F00042F54B5A6010F4801F03
:1001100005D0F34A526822F00052F14B5A6010F4B5
:10012000004F05D0EE4A526822F04002EC4B5A6074
:1001300010F4807F05D0EA4A526822F02002E84B92
:100140005A6010F0010F05D0E54A526822F004020F
:10015000E34B5A6010F4804F05D0E14A526822F018
:100160001002DF4B5A6010F4007F05D0DC4A526861
:1001700022F00302DA4B5A60D94A1268C3430B4398
:100180001A40D74B1A607047D44910F4001F05D0AD
:10019000D34A526842F00042D14B5A6010F4801F9B
:1001A00005D0CF4A526842F00052CD4B5A6010F44D
:1001B000004F05D0CA4A526842F04002C84B5A600C
:1001C00010F4807F05D0C64A526842F02002C44B2A
:1001D0005A6010F0010F05D0C14A526842F0040283
:1001E000BF4B5A6010F4804F05D0BD4A526842F0B0
:1001F0001002BB4B5A6010F4007F05D0B84A526819
:1002000042F00302B64B5A60B54A126820EA010375
:100210001A43B34B1A607047F0B50024002500263E
:1002200000220C281FD80C27B7FBF0FC00FB1C7722
:1002300007B1F0BDAA4F7F68DFF8A8C207EA0C0734
:1002400047F08047DFF898C2CCF804700C27B7FB62
:10025000F0F14F1E47F4887747F4405747F40017F2
:10026000CCF8087084E050282AD00CDC32281BD04F
:1002700004DC1E2810D0302836D111E03C2817D0DD
:10028000462831D118E05A281ED0642820D06E2884
:1002900022D0782828D123E028240225032624E030
:1002A00040240225032620E03224032502261CE0F8
:1002B0003C240325022618E046240325022614E0E8
:1002C00050240325022610E05A24032502260CE0C0
:1002D00032240325012608E037240325012604E003
:1002E0003C240325012600E0A3E700BF4FF480175C
:1002F0003F6827F4F85747F400674FF4801CCCF8A8
:100300000070774F7F68DFF8DCC107EA0C07DFF881
:10031000D0C1CCF80470B70447EA8537274347F0CB
:10032000C057CCF80C706746FF6827F00047CCF840
:100330000C706746FF6847F48007CCF80C7000BF6C
:10034000674FFF6817F0804FFAD0674FDFF890C112
:10035000CCF8087067467F68DFF888C107EA0C07A9
:10036000DFF888C147EA0C07DFF874C1CCF80470E5
:100370005B4F7F68DFF878C107EA0C07A0F1010C3A
:1003800047EA4C37DFF858C1CCF80470594F47435F
:10039000DFF864C1CCF80070514FBF6807F00F0759
:1003A000791C67463F684F43DFF850C1CCF80070B6
:1003B0004B4FBF68C7F30317791C4F4F3F68B7FB1C
:1003C000F1F7DFF83CC1CCF800704B4F3F68DFF825
:1003D00024C1B7FBFCF334275F434FF47A7CB7FBAF
:1003E000FCF7FAB24FF480173F6827F4F85747EA52
:1003F00002274FF4801CCCF8007000BF19E72DE9EC
:10040000F04100250026002700230C2825D84FF0B6
:100410000C0CBCFBF0F800FB18CCBCF1000F01D0B9
:10042000BDE8F081DFF8B8C0DCF804C0DFF8B480C4
:100430000CEA080CDFF8A880C8F804C04FF0300CB4
:10044000BCFBF0F2A2F1010C4CF4887C4CF4405C53
:100450004CF4001CC8F808C0A3E050282AD00CDCDB
:1004600032281BD004DC1E2810D030284AD111E0DD
:100470003C2817D0462845D118E05A281ED06428B9
:1004800020D06E2822D078283CD123E028250226CF
:10049000032738E040250226032734E032250326CF
:1004A000022730E03C25032602272CE046250326C0
:1004B000022728E050250326022724E05A25032698
:1004C000022720E03225032601271CE037250326DA
:1004D000012718E03C250326012714E001813000A4
:1004E00000000648FFE6FFBF103120000001004079
:1004F000FF1F00E040420F004000002044000020A9
:10050000480000208CE700BF4FF4801CDCF800C0DE
:100510002CF4F85C4CF4006C4FF48018C8F800C060
:10052000DFF810C2DCF804C0DFF80C820CEA080C1B
:10053000DFF80082C8F804C04FEA874C4CEA863CDA
:100540004CEA050C4CF0C05CC8F80CC0C446DCF8A2
:100550000CC04CF0004CC8F80CC0C446DCF80CC011
:100560004CF4800CC8F80CC000BFDFF8C8C1DCF840
:100570000CC01CF0804FF8D0DFF8C0C1DFF8B481A8
:10058000C8F808C0C446DCF804C0DFF8AC810CEA47
:10059000080CDFF8AC814CEA080CDFF89881C8F849
:1005A00004C0DFF890C1DCF804C0DFF898810CEAE1
:1005B000080CA0F101084CEA483CDFF87881C8F843
:1005C00004C04FF4002CDCF82C1240F6F63C6145D8
:1005D0000ED240F6BE2C61450AD94FF47A7C01FB5D
:1005E0000CFC0CFB00FC4FF00308BCFBF8F103E033
:1005F000DFF854C100FB0CF1DFF850C1CCF800105B
:10060000DFF830C1DCF808C00CF00F0C0CF101026F
:10061000DFF838C1DCF800C00CFB02FCDFF83081E9
:10062000C8F800C0DFF80CC1DCF808C0CCF3031C2C
:100630000CF10102DFF814C1DCF800C0BCFBF2FCD5
:10064000DFF81081C8F800C0DFF800C1DCF800C096
:10065000DFF8F480BCFBF8F44FF0340C04FB0CFC26
:100660004FF47A78BCFBF8FC0CF0FF034FF4801CCD
:10067000DCF800C02CF4F85C4CEA032C4FF4801832
:10068000C8F800C000BFCBE610B504462046FFF70F
:10069000C3FD10BD032030490860704700202E497B
:1006A0000860704770B52D482249086108464069C6
:1006B00040F0010048610A2000F077FE00201D494B
:1006C00008610846406920F0010048614FF0FF30A2
:1006D000FFF712FD6E20FFF7D7FF2149481EB0F14A
:1006E000807F00D31BE0481E4FF0E022506150177E
:1006F0000722002807DA53071D0E1A4B00F00F04DB
:10070000241F1D5503E053071C0E174B1C5400BF3C
:1007100000204FF0E02290610720106100BFFFF73A
:10072000B9FF70BD704711480068401C0F49086050
:100730007047000000000648FFE6FFBF10312000B0
:1007400000010040FF1F00E040420F004000002079
:10075000440000204800002000D008407462966CDD
:10076000B0AD010018ED00E000E400E04C00002016
:1007700010B50346002002E00C5C1C54401C904263
:10078000FAD310BD10B50346002001E01954401CF7
:100790009042FBD310BD30B503460C46002106E065
:1007A000585C655CA84201D0012030BD491C9142D3
:1007B000F6D30020F9E701460A78CB780B70CA70AF
:1007C0004A788B784B708A70704730B502460B467A
:1007D0001046D518691E05E004780D7800F8015B15
:1007E00001F801498142F7D830BD000010B500245E
:1007F00000BF0EE0A748007838B1142000F08CFD4F
:100800000020A5490870A34908701E2000F084FD4F
:10081000641CB4F57A7FEDD310BDA049C86B10F00D
:10082000100F15D00DE09D4909689D4A9A4B1B7821
:10083000D15499490978491C974A11700121954A68
:1008400011709649896901F010011029EBD110E06F
:1008500010F0200F09D09149896901F080018029A9
:1008600007D101218F4A117003E040F6FF718B4AD6
:10087000516470478C49C86B10F0100F15D00DE013
:1008800089490968864A844B1B78D1548249097882
:10089000491C814A117001217E4A1170824989697F
:1008A00001F010011029EBD110E010F0200F09D059
:1008B0007D49896901F08001802907D10121794AA8
:1008C000117003E040F6FF71774A516470472DE9DB
:1008D000F04103461001B1FBF0F5B1FBF0F700FB6E
:1008E0001716F701B7FBF0F7781C440805EB9417CF
:1008F00003EB430CDFF8A48108EB8C4CCCF824709C
:1009000004F03F0703EB430C08EB8C4CCCF8287049
:10091000BDE8F08170B504460E467CB963480568B1
:100920006348C06A20F00F00401D6149C86203207F
:1009300000F0A7F8032000F098F816E05C48806803
:10094000C0F30360401C5B490968B1FBF0F55848EF
:10095000406B20F4701040F4A010554948631520F6
:1009600000F08FF8152000F080F800204D49087045
:100970004849087004EB4400484901EB8040006B93
:1009800020F0010004EB4401444A02EB814108637A
:10099000324629462046FFF79AFF602004EB4401C7
:1009A0003E4A02EB8141C86240F2013004EB44014F
:1009B00002EB81410863102004EB440102EB81410A
:1009C000886340F6FF7004EB440102EB8141486408
:1009D0004FF47A7000F082FC70BD00EB40022F4BA8
:1009E00003EB8242116000BF00EB40022B4B03EB94
:1009F0008242926912F0080FF6D17047F0B50746AF
:100A00000C461546002606E014F8011B3846FFF791
:100A1000E4FF701CC6B2AE42F6D3F0BD10B504467A
:100A200009E0207830B1012221460020FFF7E6FFDF
:100A3000641C00E010BDF4E730B504460D46E1B299
:100A40000120FFF7CAFF204630BD70B505460E46AF
:100A5000002404E0295D18A023F0C4FF641CB44204
:100A6000F8D317A023F0BEFF70BD00F01F020121D4
:100A7000914042094FF0E02303EB8202C2F80011DB
:100A8000704700F01F02012191400E4A430942F8CD
:100A90002310704751000020520000200000014840
:100AA000C40300205000002000000D484800002032
:100AB0000000064844000020253032582000000085
:100AC0000A00000080E200E070B505460C466FF3B6
:100AD00008050AE028464C498847B4F5007F00D253
:100AE00070BD05F50075A4F50074002CF2D100BFAF
:100AF000F6E72DE9F04107460E4615466FF3080765
:100B0000B6F5007F02D94FF4007602E0042E00D241
:100B1000042600241CE0002000EB8400285C012156
:100B200001EB8401695C00EB0120022101EB8401EF
:100B3000695C00EB0140032101EB8401695C00EB7F
:100B4000016807EB840041462F4A323A9047641C03
:100B5000B4EB960FDFD3BDE8F08110B503466FF319
:100B60000803B1F5007F02D94FF4007102E00429B7
:100B700000D20421002004E053F820401460121D2C
:100B8000401CB0EB910FF7D310BD2DE9F04706469E
:100B90000F46154639463046FFF796FF6FF30806B5
:100BA000B7F5007F02D94FF4007702E0042F00D29E
:100BB0000427002423E0002000EB8400285C0121AE
:100BC00001EB8401695C00EB0120022101EB84014F
:100BD000695C00EB0140032101EB8401695C00EBDF
:100BE000016806EB84004146074A323A904756F8BE
:100BF0002490C84502D00120BDE8F087641CB4EB06
:100C0000970FD8D30020F7E76B1C00122DE9FE4F99
:100C100006460F4692469B46F9A103C9CDE901015C
:100C2000F9A00068009040220021F848FFF7AAFDD3
:100C3000002405E001A8005DF4490855601CC4B219
:100C4000052CF7DBB0464646642098FBF0F03030C8
:100C5000C2B22046611CCCB2EC490A54642098FB15
:100C6000F0F100FB11600A2190FBF1F03030C2B2CC
:100C70002046611CCCB2E5490A540A2098FBF0F1E9
:100C800000FB11603030C2B22046611CCCB2DF499B
:100C90000A542C222046611CCCB2DC490A54B946C5
:100CA0004F46642099FBF0F03030C2B22046611C00
:100CB000CCB2D6490A54642099FBF0F100FB1170C4
:100CC0000A2190FBF1F03030C2B22046611CCCB258
:100CD000CE490A540A2099FBF0F100FB1170303024
:100CE000C2B22046611CCCB2C8490A542C2220460C
:100CF000611CCCB2C5490A5427222046611CCCB2E3
:100D0000C2490A54002506E01AF805006119BF4AD5
:100D10005054681CC5B21AF805000028F4D16019B7
:100D2000C4B227222046611CCCB2B8490A542C22F6
:100D30002046611CCCB2B5490A540A209BFBF0F056
:100D40003030C2B22046611CCCB2B0490A540A20ED
:100D50009BFBF0F100FB11B03030C2B22046611CA9
:100D6000CCB2AA490A54002506E01DF80500611915
:100D7000A64A5054681CC5B2042DF6DB6019C4B2F3
:100D8000A248BDE8FE8F2DE9FF4F83B006460F460F
:100D90009246DDF840B09AA103C9CDE901019AA0BD
:100DA00000680090402200219848FFF7EBFC0024E7
:100DB00005E001A8005D95490855601CC4B2052CEA
:100DC000F7DBB0464646642098FBF0F03030C2B204
:100DD0002046611CCCB28D490A54642098FBF0F186
:100DE00000FB11600A2190FBF1F03030C2B22046C6
:100DF000611CCCB285490A540A2098FBF0F100FB33
:100E000011603030C2B22046611CCCB27F490A5416
:100E10002C222046611CCCB27C490A54B9464F466C
:100E2000642099FBF0F03030C2B22046611CCCB295
:100E300076490A54642099FBF0F100FB11700A21F5
:100E400090FBF1F03030C2B22046611CCCB26F4949
:100E50000A540A2099FBF0F100FB11703030C2B245
:100E60002046611CCCB269490A542C222046611CE0
:100E7000CCB266490A5427222046611CCCB2634991
:100E80000A54002506E01AF8050061195F4A50541B
:100E9000681CC5B206988542F5D36019C4B22722F2
:100EA0002046611CCCB259490A542C222046611CB0
:100EB000CCB256490A540A209BFBF0F03030C2B243
:100EC0002046611CCCB251490A540A209BFBF0F128
:100ED00000FB11B03030C2B22046611CCCB24B498D
:100EE0000A54002506E01DF805006119474A5054D0
:100EF000681CC5B2042DF6DB6019C4B2434807B0C4
:100F0000BDE8F08F2DE9FE4F06460F4692469B4600
:100F10003FA103C9CDE901013BA000680090402238
:100F200000213A48FFF72EFC002405E001A8005DEF
:100F300036490855601CC4B2052CF7DBB04646465E
:100F4000642098FBF0F03030C2B22046611CCCB275
:100F50002E490A54642098FBF0F100FB11600A212D
:100F600090FBF1F03030C2B22046611CCCB2274970
:100F70000A540A2098FBF0F100FB11603030C2B235
:100F80002046611CCCB221490A542C222046611C07
:100F9000CCB21E490A54B9464F46642099FBF0F082
:100FA0003030C2B22046611CCCB218490A546420C9
:100FB00099FBF0F100FB11700A2190FBF1F0303049
:100FC000C2B22046611CCCB210490A540A2099FBD7
:100FD000F0F100FB11703030C2B22046611CCCB27F
:100FE0000A490A542C222046611CCCB207490A54F3
:100FF00027222046611CCCB204490A54002512E085
:101000004443313628000000293B0D0AF803002034
:1010100044433234280000001AF805006119854A5B
:101020005054681CC5B21AF805000028F4D16019A4
:10103000C4B227222046611CCCB27E490A542C221D
:101040002046611CCCB27B490A540A209BFBF0F07D
:101050003030C2B22046611CCCB276490A540A2014
:101060009BFBF0F100FB11B03030C2B22046611C96
:10107000CCB270490A54002506E01DF8050061193C
:101080006C4A5054681CC5B2042DF6DB6019C4B21A
:101090006848BDE8FE8F2DE9FE4F06460F46924692
:1010A0009B4665A103C9CDE90101AFF2A400006828
:1010B0000090402200215F48FFF764FB002405E018
:1010C00001A8005D5B490855601CC4B2052CF7DB24
:1010D000B0464646642098FBF0F03030C2B220465D
:1010E000611CCCB253490A54642098FBF0F100FB18
:1010F00011600A2190FBF1F03030C2B22046611C31
:10110000CCB24C490A540A2098FBF0F100FB116064
:101110003030C2B22046611CCCB246490A542C225F
:101120002046611CCCB243490A54B9464F4664205C
:1011300099FBF0F03030C2B22046611CCCB23D4980
:101140000A54642099FBF0F100FB11700A2190FB16
:10115000F1F03030C2B22046611CCCB235490A549D
:101160000A2099FBF0F100FB11703030C2B220462A
:10117000611CCCB22F490A542C222046611CCCB2EF
:101180002C490A5427222046611CCCB229490A5412
:10119000002506E01AF805006119264A5054681C1B
:1011A000C5B21AF805000028F4D16019C4B227228C
:1011B0002046611CCCB21F490A542C222046611CD7
:1011C000CCB21C490A540A209BFBF0F03030C2B26A
:1011D0002046611CCCB217490A540A209BFBF0F14F
:1011E00000FB11B03030C2B22046611CCCB21149B4
:1011F0000A54002506E01DF8050061190D4A5054F7
:10120000681CC5B2042DF6DB6019C4B20948BDE8FC
:10121000FE8F10B504462046FFF700FCFFF7E6FA04
:1012200010BD10B506A0FFF7F4FF08A0FFF7F1FF0F
:1012300010BD0000F80300204443333228000000B2
:10124000434C522830293B0D0A00000044495228E3
:1012500031293B0D0A0000001448006B20F47F4048
:10126000124908631248006820F4700010490860B1
:101270000846406940F470004861704770B500BF8F
:101280000B48406900F47004012000F027F808487A
:10129000406900F47005B4F5700FF1D0B5F5700F2A
:1012A000EED0AC42ECD1204670BD000000000648F4
:1012B00000000A484048006820F000603E4908608D
:1012C0003E48806820F001003C4988601E2088600C
:1012D0000846006D20F007000865704710B5384BD0
:1012E0001A68364B9B6823F00103344CA3604FF41B
:1012F0007A73B2FBF3F141434B1E236023469B6894
:1013000043F00103A36000BF2C4BDB68002BFBD034
:10131000FF232A4C236110BD10B5294B1A68274BB7
:101320009B6823F00103254CA360264BB2FBF3F12D
:1013300041434B1E236023469B6843F00103A36097
:1013400000BF1E4BDB68002BFBD0FF231B4C23612F
:1013500010BD1A48806820F00100184988603220CA
:1013600008600846806840F00100886000BF1348AC
:10137000C0680028FBD0FF201049086170470F4863
:10138000806820F001000D498860AF2008600846A1
:10139000806840F00100886000BF0848C0680028ED
:1013A000FBD0FF2005490861704700BF0100A0F194
:1013B0000100FBD170470000000006480000034810
:1013C0004800002040420F00FE48406B20F0707043
:1013D000FC494863FC48006840F4C050FA49086082
:1013E000F848406B20F00300F6494863F64800686F
:1013F00040F00100F44908600846C06840F400600D
:10140000C8600846806840F4805088600846C0681C
:1014100040F00100C860704770B504460E46EA48C7
:10142000C06840F00100E849C8600A20FFF7BDFF2E
:10143000E548806840F00100E349886004F0FE045C
:101440000846006840F4805008600A20FFF7ADFFAE
:10145000002524E014F0010F06D0DB48806840F43A
:101460008050D949886005E0D748C06840F4805072
:10147000D549C860D448806840F40060D24988608B
:101480000A20FFF792FFD048C06840F40060CE49C0
:10149000C8600A20FFF789FF6410681CC5B2082DD8
:1014A000D8DB002524E016F0010F06D0C64880687E
:1014B00040F48050C449886005E0C348C06840F4E7
:1014C0008050C149C860C048806840F40060BE498F
:1014D00088600A20FFF769FFBB48C06840F40060DD
:1014E000B949C8600A20FFF760FF7610681CC5B2D2
:1014F000082DD8DBB448C06840F00100B249C8608C
:1015000070BD70B504460025AF48C06840F00100CA
:10151000AD49C8600A20FFF748FFAB48806840F03B
:101520000100A949886044F001040846006840F4BD
:10153000805008600A20FFF738FF002624E014F0EE
:10154000010F06D0A048806840F480509E49886012
:1015500005E09D48C06840F480509B49C8609A48A7
:10156000806840F40060984988600A20FFF71DFFFA
:101570009548C06840F400609349C8600A20FFF7AE
:1015800014FF6410701CC6B2082ED8DB8E480068A9
:1015900020F480508C4908600A20FFF706FF0026DF
:1015A0001EE06D108848406910F4805F02D045F05D
:1015B000800501E005F07F058348806840F4006005
:1015C000814988600A20FFF7F0FE7F48C06840F438
:1015D00000607D49C8600A20FFF7E7FE701CC6B2B4
:1015E000082EDEDB7848C06840F001007649C8600C
:1015F000284670BD10B5044600218E20FFF70CFF71
:1016000080210846FFF708FF61788C20FFF704FF70
:10161000A1788820FFF700FFE1788620FFF7FCFE25
:1016200021798420FFF7F8FE61798220FFF7F4FE2C
:10163000A1798020FFF7F0FEE1798A20FFF7ECFE28
:1016400080218E20FFF7E8FE10BD10B504468C20E7
:10165000FFF757FF60708820FFF753FFA0708620C8
:10166000FFF74FFFE0708420FFF74BFF20718220CF
:10167000FFF747FF60718020FFF743FF00F07F0016
:10168000A0718A20FFF73DFFE07110BD1CB5044634
:101690006846FFF7DAFF9DF80100001100EB8000BB
:1016A0004FF4FA6101EB40009DF8011001F00F01C9
:1016B0000844A0809DF8020000F00F009DF8021081
:1016C000091101EB810100EB4100A0719DF80300BD
:1016D00000F00F009DF80310091101EB810100EBF0
:1016E0004100E0719DF8040000F00F009DF8041027
:1016F000091101EB810100EB410020709DF805000C
:1017000000F00F009DF80510091101EB810100EBBD
:10171000410060709DF8060000F00F009DF8061073
:10172000091101EB810100EB4100A0709DF8070059
:1017300000F0070020721CBD0146002203E0521C8D
:10174000A1F10A00C1B20A29F9D2100741EA1060DA
:101750007047014600BF080900EB8000420001F01D
:101760000F001044C0B270470146CA1701EB9272D5
:101770009210B1EB820212D1642091FBF0F200FBD7
:10178000121050B94FF4C87091FBF0F200FB121028
:1017900008B9012070470020FCE70120FAE700208B
:1017A000F8E7F0B503460C461546642093FBF0F0CD
:1017B000C6B2642093FBF0F700FB1730C1B2132EC2
:1017C00007DD03E00000064800000B4801F164005B
:1017D000C1B20846CF1701EB977701EBA7020720AC
:1017E00092FBF0F700FB172082B25719601EDFF85A
:1017F000B0C11CF80000384482B2CF1701EB9777D4
:10180000BF10B1EB870703D1032C01DA501E82B25F
:10181000072092FBF0F700FB1720C0B2F0BD2DE9C6
:10182000F04104460D464FF0000637465D4A4FF042
:1018300000032046294622F0C7F906465A48008888
:10184000B0423CD058490E8040F2B27710E03846A2
:10185000FFF78AFF40B1B6F5B77F02D3A6F5B7769A
:1018600004E0781C87B206E0A6F26D16781C87B2F9
:10187000B6F5B67FEBD800BF4C488780002716E04E
:101880004A498888FFF770FF30B1012F04D11D2E1F
:1018900001D31D3E09E00CE04548C05DB04203D8CD
:1018A0004348C05D361A00E003E0781C87B21C2E66
:1018B000E6D200BF781C3D498871701CC871394A56
:1018C00000232046294622F07FF916464FF4616036
:1018D000B6FBF0F0354908704FF46160B6FBF0F1EB
:1018E00000FB11603C21B0FBF1F0304948704FF42F
:1018F0006160B6FBF0F100FB11603C21B0FBF1F23E
:1019000001FB1200294988700B46DA799979988889
:10191000FFF747FF2549087208468088642190FB3D
:10192000F1F0C3B21846FFF707FF224908701F48BD
:101930008088642190FBF1F201FB1200C3B21846CB
:10194000FFF7FAFE1B49487018498879FFF7F4FE43
:10195000184988701549C879FFF7EEFE1549C87017
:10196000124909780831C8B2FFF7E6FE114908713B
:101970000E494878FFF7E0FE0E4948710B49887818
:10198000FFF7DAFE0B4988710849087AFFF7D4FEA1
:101990000849C8710846FFF72DFE0020BDE8F08118
:1019A000086002008051010064000020380400201B
:1019B000146002005C000020002080F3108800BF4B
:1019C000FEF770FEFFF776FC4FF4E1310020FEF7E2
:1019D000A1FF00F0B1FC04F04DFAFFF7F5FCFFF7B2
:1019E0003BFC00F005F801E001F011F8FCE7000015
:1019F00030B5ADF5017D01F033FA4FF400720021EE
:101A00006E4800F0FAFC01AA4FF400716B4800F038
:101A100058FA4FF4007201A9684822F03DF94FF4DA
:101A2000FF71664800F0D8F90446644890F8FF0159
:101A3000624991F8FE1100EB012085B25F48B0F8D1
:101A40004100A0F55051353901D1AC4204D021F00C
:101A5000A3F901205A49087001F0D6F921F045FA9E
:101A600000F0B0F801F006FA0DF5017D30BD70B55B
:101A7000032553480078012803D101F087FA1C2080
:101A800070BD01F0DBFF08E02800A5F10101CDB237
:101A900003D101F060FA1720F2E721F0AFF9002836
:101AA000F2D121F097FA21F0EEFA044624B1204653
:101AB00001F08CFC2046E3E7002002F043FAB0F589
:101AC000500F01D11820DBE721F0AAFC04460F2CAF
:101AD00004D0204601F0A6FC2046D1E721F032FEDA
:101AE0000446162C04D0204601F0C8FC2046C7E767
:101AF000002001F0B4FF2046C2E770B5032430484F
:101B00000078012803D101F041FA1C2070BD01F0DA
:101B100095FF08E02000A4F10101CCB203D101F04F
:101B20001AFA1720F2E721F069F90028F2D121F022
:101B3000FBFB054621F042F9284601F0E9FF284663
:101B4000E4E710B50446204601F044F901F070F9CD
:101B500010BD10B5012002F0F5F9B0F5500F01D11C
:101B6000182010BD01F06AFF21F0A8F9012803D167
:101B700001F0F1F91720F4E7012001F070FF0020D7
:101B80000F49087000BFECE710B5022002F0DAF947
:101B9000B0F5500F01D1182010BD09480078012878
:101BA00003D101F0F3F91C20F6E721F07EFF044693
:101BB000204601F07BFF2046EEE7000042040020B3
:101BC0006600002000B589B004226DA101A822F0B2
:101BD000BAF86C4800789DF80410884219D1694819
:101BE000401C00789DF80510884212D16548801C81
:101BF00000789DF8061088420BD14FF43F306249BF
:101C000008606048614908605E48203060490860AB
:101C100006E060485C4908605C4908605C4908600F
:101C200009B000BD59480068704710B50446272226
:101C300059A1204622F030F80020206442F2B3205F
:101C4000A4F8440010BD70B504464F48006822F067
:101C50008FF8451C2A464C480168204622F073F84C
:101C60004A48006822F084F8451C2A464748016823
:101C700004F1200022F067F84548006822F078F867
:101C8000451C2A464248016804F1400022F05BF8F6
:101C900070BD10B504464021204622F024F84021B2
:101CA00004F1400022F01FF8502104F1800022F0DE
:101CB0001AF810BD30B591B004460025402101A8A6
:101CC00022F011F812223EA1204621F0E5FF00BFCC
:101CD00017E0402101A822F006F83E4800EB8511EC
:101CE0002A4803682848026801A822F09FFE04F1F0
:101CF000400101EB8510402201A921F0CDFF681CB5
:101D0000C5B2042DE5DB002084F840014FF47A7061
:101D1000A4F84201012084F8410140F6640104F670
:101D2000461021F0E0FF40F66400A4F844014FF4AF
:101D3000006104F5A37021F0D6FF11B030BD70B57D
:101D400090B005460C464021684621F0CCFFA4B176
:101D50000E4803680C4821460268684622F066FE79
:101D60004021284621F0BFFF684622F001F80646D0
:101D700032466946284621F08FFF10B070BD000042
:101D8000534C590020FC0200680000206C00002029
:101D90007000002074000020473043374A305A3327
:101DA000424F2E696F74636C6F75642E74656E6339
:101DB000656E74646576696365732E636F6D00008C
:101DC000246F74612F7265706F72742F25732F25C5
:101DD000730000002060020010B502460B464FF66B
:101DE000FF7109E010784840C0B20F4C34F8100081
:101DF00080EA21215B1E521C002BF3D1C84380B224
:101E000010BD10B5034609E008785840C0B2064C32
:101E100034F8100080EA2323521E491C002AF3D113
:101E2000D84380B210BD0000206102002DE9F047C8
:101E3000C6B006460C4617464FF00008C24620467C
:101E4000E11704EB11710911A4EB0111C1F1100AA2
:101E5000BAF1100F03D0012046B0BDE8F08720464C
:101E6000E11704EB11714FEA2119684608F09CFA5A
:101E700080223949684608F0ACFA8046B8F1000F74
:101E800004D0684608F09AFA0220E5E7002511E040
:101E900007EB051306EB05120121684609F09DF9D1
:101EA0008046B8F1000F04D0684608F087FA032096
:101EB000D2E76D1C4D45EBD3684608F07FFAE0B2DF
:101EC000CAE72DE9F047C6B006460C4617464FF064
:101ED0000008C2462046E11704EB11710911A4EB7A
:101EE0000111C1F1100ABAF1100F03D0012046B060
:101EF000BDE8F0872046E11704EB11714FEA211984
:101F0000684608F051FA80221349684608F060FBE1
:101F10008046B8F1000F04D0684608F04FFA02205E
:101F2000E5E7002511E007EB051306EB051200219C
:101F3000684609F052F98046B8F1000F04D06846AF
:101F400008F03CFA0420D2E76D1C4D45EBD36846FF
:101F500008F034FAE0B2CAE77A000020F04880695D
:101F600010F0020F08D00120EE490870EC4880699B
:101F700040F00200EA4988617047EB48806910F040
:101F8000020F08D00120E9490870E748806940F055
:101F90000200E5498861704770B504460D4684B972
:101FA000042000F0B3F9042000F0A4F9E048C06A6E
:101FB0004FF6F071884345F210510844DC49C8627D
:101FC00014E0052000F0A2F9052000F093F9D848AC
:101FD000C06A20F0704040F0A040D549C862084671
:101FE000006B20F0FF0040F055000863A800CC49CA
:101FF0004FF4803202FB04118860012C06D140F2BC
:102000000220C74902FB0411486007E040F20220A9
:10201000C3494FF4803202FB041148600120C049DB
:10202000020402FB04118862BD48114601FB040052
:10203000806840F00100BA4902FB0411886070BD5D
:102040000021B74A4FF4803303FB002251627047EE
:102050000121B34A0B0403FB00225162704770B5A3
:10206000C2F30902AE4C4FF4803505FB0044A4696D
:1020700044F00204AA4D4FF4803606FB0055AC61D3
:10208000A74C354605FB00442262A54C05FB0044E5
:10209000246944F00104A24D06FB00552C61012483
:1020A0009F4D06FB00556C62002310E000BF9C4C66
:1020B0004FF4803505FB0044A46914F0100FF6D1ED
:1020C000974C05FB004424780C70491C5B1C934220
:1020D000ECD300BF924C4FF4803505FB0044A4695B
:1020E00014F0020FF6D08E4C05FB0044A46944F0B6
:1020F00002048B4D4FF4803606FB0055AC61884CD2
:10210000354605FB0044246924F00104844D06FB98
:1021100000552C6170BD70B5C2F30902804C4FF4BC
:10212000803505FB0044A46944F002047C4D4FF463
:10213000803606FB0055AC61794C354605FB004402
:102140002262774C05FB0044E46844F00104744DBE
:1021500006FB0055EC600124714D06FB00556C62D6
:10216000002312E000BF6E4C4FF4803505FB0044A5
:10217000A46914F0080FF6D10C78694D4FF480363D
:1021800006FB00552C70491C5B1C9342EAD300BF30
:10219000634C4FF4803505FB0044A46914F0020F32
:1021A000F6D05F4C05FB0044A46944F002045C4D8A
:1021B0004FF4803606FB0055AC61594C354605FBA3
:1021C0000044E46824F00104554D06FB0055EC6022
:1021D00070BDF0B50024524D4FF4803606FB00551B
:1021E000AD6945F002054E4E4FF4803707FB00669F
:1021F000B5614B4D3E4606FB00552B62484D06FB34
:102200000055ED6845F00105454E07FB0066F56099
:10221000434D3E4606FB00552D6945F00105404EF5
:1022200007FB0066356101253D4E07FB00667562C0
:1022300022E09C4211D23A4D4FF4803606FB005505
:10224000AD6915F0080F08D10D78354E4FF4803781
:1022500007FB00663570491C641C314D4FF4803615
:1022600006FB0055AD6915F0100F05D12C4D06FB8E
:1022700000552D781570521C294D4FF4803606FB01
:102280000055AD6915F0020FD3D007E0244D4FF48F
:10229000803606FB00552D781570521C204D4FF4EA
:1022A000803606FB0055AD6915F0100FEED01C4DC1
:1022B00006FB0055AD6945F00205194E4FF4803715
:1022C00007FB0066B561164D3E4606FB0055ED68FE
:1022D00025F00105124E07FB0066F560104D3E46E5
:1022E00006FB00552D6925F001050D4E07FB006624
:1022F0003561F0BD00F01F020121914042094FF00D
:10230000E02303EB8202C2F80011704700F01F02C5
:1023100001219140074A430942F823107047000009
:10232000000006408A000020000007408B000020CB
:102330000000064880E200E010B500210846FFF7E3
:102340002BFEFE48C06A20F44050FC49C862FC489D
:10235000006840F04000FA4908600846C06840F054
:102360004000C860F548C06A20F0C000F349C86268
:10237000F348006840F00800F149086008468068AA
:1023800040F008008860ED48C06A20F44040EB4906
:10239000C862EB48006840F08000E94908600846E0
:1023A000806840F08000886010BD08B5E448C068CF
:1023B00040F00800E249C8600846C06840F00800E4
:1023C000C8609020DF490870002048708870C8708D
:1023D0000422FFF7A0FE022269460020FFF73FFE1D
:1023E000D748806840F00800D54988609DF8010012
:1023F0009DF8001040EA012008BD2DE9F041074694
:102400000D461646CE48C06840F00800CC49C8606A
:102410000320CC490870280C4870280A8870CD70B9
:1024200004220020FFF777FE4FEA1628002408E078
:1024300007EB04214FF480720020FFF710FE601CB0
:1024400084B24445F4D316F0FF0F05D0F2B207EB87
:1024500004210020FFF703FEB948806840F008001F
:10246000B7498860BDE8F08110B5B548C06840F054
:102470000800B349C8600620B24908700122002054
:10248000FFF749FEAE48806840F00800AC4988601C
:1024900010BD10B5AA48C06840F00800A849C8603F
:1024A0000420A849087001220020FFF734FEA44848
:1024B000806840F00800A249886010BD10B5A048AF
:1024C000C06840F008009E49C86005209D4908701A
:1024D00001220020FFF71FFE01229A490020FFF78A
:1024E000BEFD9748806840F008009549886095488F
:1024F000007810BD10B54FF4FA7409E00120FEF722
:10250000EDFEFFF7DBFF10F0010F01D1002010BD41
:102510002000A4F101018CB2F0D10120F7E710B541
:1025200004462403FFF7A0FFFFF7E4FF08B10120F2
:1025300010BD8348C06840F008008149C860202071
:1025400080490870200C4870200A8870CC700422E2
:102550000020FFF7E0FD7A48806840F008007849E5
:102560008860FFF7C7FF08B10120E1E70020DFE73F
:1025700010B504462404FFF777FFFFF7BBFF08B14F
:10258000012010BD6E48C06840F008006C49C8606A
:10259000D8206C490870200C4870200A8870CC70D4
:1025A00004220020FFF7B7FD6548806840F008006E
:1025B00063498860FFF79EFF08B10120E1E7002032
:1025C000DFE710B5FFF750FFFFF794FF08B10120D8
:1025D00010BD5B48C06840F008005949C860C7207A
:1025E0005849087001220020FFF795FD5448806883
:1025F00040F0080052498860FFF77CFF08B10120D5
:10260000E6E70020E4E770B505460C461646FFF7FE
:102610002BFF4B48C06840F008004949C8600220C1
:1026200048490870200C4870200A8870CC70042239
:102630000020FFF770FD324629460020FFF76BFDB2
:102640003F48806840F008003D498860FFF752FF2E
:1026500008B1012070BD0020FCE72DE9F0410746DC
:102660000E461446F0B2C0F58075AC4200DC25463B
:1026700016E02A4631463846FFF7C5FF10B1012063
:10268000BDE8F081AC4200D10BE02F442E44601B2A
:1026900084B2B4F5807F02DD4FF4807500E02546FA
:1026A000E7E700BF0020EBE72DE9F05F81468846B1
:1026B0001646DFF894B04FEA1837C8F30B0ACAF58C
:1026C0008054A64200DC34466AE039034FF480525D
:1026D0005846FFF792FE002508E00AEB05001BF8BC
:1026E0000000FF2800D003E0681C85B2A542F4DB9F
:1026F00000BFA54233DA3846FFF711FF40B1FFF7BC
:102700001BFE3846FFF70BFF10B10120BDE8F09F1C
:10271000002507E019F8050005EB0A010BF8010098
:10272000681C85B2A542F5DB39034FF48052584648
:10273000FFF793FF18B3FFF7FFFD07E0000006481F
:1027400000000A48420600205206002039034FF4D8
:1027500080525846FFF781FF88B10120D6E7224614
:1027600041464846FFF779FF48B1FFF7E5FD2246AD
:1027700041464846FFF771FF08B10120C6E7A6426F
:1027800000D10EE07F1C4FF0000AA144A044301B92
:1027900086B2B6F5805F02DD4FF4805400E0344627
:1027A00093E700BF0020B1E72DE9F04704464FF062
:1027B0000008F54800680078F4490870F44800788B
:1027C000F4490870F448007800283ED0F3A0FEF7E2
:1027D00025F9FEF70BF8F4A0FEF720F9FEF706F84E
:1027E00000BFEB4807782BE008F10100F8490978B1
:1027F000884202D14FF0060901E04FF0040907EBCF
:10280000470000EB0710E04B1B6803EB8000401C07
:10281000C4EB041300EB430208EBC8003C2303EBBA
:1028200080014B46A020FEF76DFB8246FEF7F6F8CE
:10283000FDF7DCFF08F1010000F0FF08781CC7B2CB
:10284000E44800788742CFDB7FE0E3480078401E11
:10285000C5B2CF480078284400EB400303EB0010DA
:10286000C94B1B6803EB8000401CC4EB041300EB56
:10287000430205EBC5003C2303EB80010023A020AD
:10288000FEF740FB8246FEF7C9F8FDF7AFFFC048F0
:102890000078284400EB400303EB0010BA4B1B68A0
:1028A00003EB8000401CC4EB041300EB430205EB78
:1028B000C5003C2303EB80010423A020FEF722FB8C
:1028C0008246FEF7ABF8FDF791FFC1480078401E45
:1028D000C6B2AF480078304400EB400303EB001071
:1028E000A94B1B6803EB8000401CC4EB041300EBF6
:1028F000430206EBC6003C2303EB80010023A0202B
:10290000FEF700FB8246FEF789F8FDF76FFFA0484F
:102910000078304400EB400303EB00109A4B1B6837
:1029200003EB8000401CC4EB041300EB430206EBF6
:10293000C6003C2303EB80010623A020FEF7E2FA49
:102940008246FEF76BF8FDF751FF0020A34908709F
:102950009F480078A0490870BDE8F08710B553E0A3
:102960000024FEF78BFC0446B4F5600F28D19C4888
:10297000007800EB400101EB00108349096801EB8E
:10298000800090F84800062818D2DFE800F006031F
:10299000090C1014FFF76BF811E0FFF7F5F80EE0E3
:1029A000FFF7ABF80BE00020FFF7CBF807E00120C2
:1029B000FFF7C7F803E0FFF7CCF800E000BF23E023
:1029C000B4F5500F20D186480078714908708448CA
:1029D0000078401D7F490870084600786B490978E7
:1029E000884210DD694800787A49087067480078A5
:1029F000052805DB65480078401F6549087002E03E
:102A000000206349087000E0AAE700BF10BD05E0A0
:102A10000024FEF733FC044604B100E0F8E700BFF1
:102A20004FF49670FEF75AFC6E4857490860002034
:102A30006B4908705649087053480068007853493C
:102A4000087008460078052190FBF1F018B10520C8
:102A50006049087003E04D4800785E490870012025
:102A60004D4908705A49087000F0DFF905462846BC
:102A7000FFF79AFE9BE10024FEF700FC0446B4F544
:102A8000E00F75D0B4F5300F73D0B4F5500F43D0CC
:102A9000B4F5600F6ED1012050490870504800789D
:102AA00000EB400101EB00103749096801EB8000A1
:102AB000006C4D49884202D1FFF750FF2BE0484897
:102AC000007800EB400101EB00102F49096801EB91
:102AD0008000006C444988421DD041480078434939
:102AE00008702B480078424908703A4800784149FC
:102AF00008703B48007800EB400101EB00102249D0
:102B0000096801EB8000006C1F490860002034490F
:102B100008701F4908708DE00120304908701A487C
:102B20000068406C3049884225D017480068406CE6
:102B30002C4988420AD114480068406C1249086048
:102B4000002027490870124908701CE00E480068F0
:102B5000406C0D49086025480078214908702448D8
:102B600000780B490870234800781A4908700AE079
:102B700050E041E05DE004480068406C1A4988423A
:102B800001D100F077F955E0A8020020B002002042
:102B9000AC020020AF020020B7020020434C5228B4
:102BA00030293B0D0A0000004443323428313134CF
:102BB0002C34302C27506C656173652073656C650F
:102BC00063742074797065272C3135293B0D0A0018
:102BD000B1020020AD020020B3020020B2020020AA
:102BE000AE0200208C00002054160020B402002009
:102BF000B5020020B60200206D480078401E6C49E6
:102C0000087008460078FF2803D16A480078401E03
:102C100008700FE066480078401C65490870084657
:102C2000007864490978884202D100206049087020
:102C300000E000BF00BF5E48007850BB5E480078EF
:102C400038BB5E480078022806D15D48007818B984
:102C500000205C49087002E001205A4908700020F9
:102C6000554908705848006800785249087008466D
:102C70000078052190FBF1F018B105205349087048
:102C800003E04C4800785149087001205049087011
:102C90007EE04748007848490978884211DB44487B
:102CA00000784A49097888420BDA002045490870C3
:102CB0003F48007840490978401A401C4449087050
:102CC00066E03B4800783C490978884231DA0120C7
:102CD0003C4908703648007806281CDC34480078E7
:102CE00018B901203A49087003E0334800783849A0
:102CF00008700020304908702E480078052190FBAC
:102D0000F1F018B105203149087041E029480078F8
:102D10002E4908703CE028480078801F264908703A
:102D200008460078801D2949087006202849087047
:102D30002EE01F48007825490978884228DB0120C9
:102D4000204908701B48007819490978401A05285D
:102D500011DA17480078C01D16490978401A1C4935
:102D6000087014480078801F1349087011480078D3
:102D7000164908700CE010480078801D0E49087054
:102D800008460078801D114908700120104908701C
:102D90000B480078012801D10A49087000F045F875
:102DA00005462846FFF700FD6420FEF797FA62E625
:102DB000AE020020B0020020AC020020B3020020CE
:102DC000B2020020B7020020A8020020AD020020BD
:102DD000B102002010B5ADF5007D04466A464FF4FF
:102DE00000717648FDF7B9FE8DF810406A464FF441
:102DF00000717248FDF7C9FE7048103000787049C4
:102E000008700DF5007D10BD10B56C4810300078CD
:102E10006B4908700846007830B1084600780128F0
:102E200002D00120FFF7D6FF10BD6548007870473B
:102E300010B5FEF7F6F962480078012806D161A0C6
:102E4000FEF7E7F967A0FEF7E4F908E05C480078D0
:102E500028B96EA0FEF7DDF976A0FEF7DAF910BD0D
:102E600010B5FEF7DEF97DA0FEF7D3F985A0FEF7D9
:102E7000D0F910BD70B50A20FEF730FAFEF7D1F98F
:102E80004F48007801282DD187A0FEF7C2F98EA007
:102E9000FEF7BFF9FEF7C6FE06460423324652216E
:102EA000D220FEF72FF80546FEF7B3F98DA0FEF706
:102EB000B0F9042393A28621D220FEF723F8054619
:102EC000FEF7A7F991A0FEF7A4F90423974ABA21C7
:102ED000D220FEF717F80546FEF79BF994A0FEF7FF
:102EE00098F92CE09CA0FEF794F9A2A0FEF791F9C6
:102EF000FEF798FE0646042332465221D220FEF702
:102F000001F80546FEF785F9A1A0FEF782F9042332
:102F10007CA28621D220FDF7F5FF0546FEF779F960
:102F2000A3A0FEF776F90423804ABA21D220FDF748
:102F3000E9FF0546FEF76DF9A5A0FEF76AF907E07F
:102F40000024FEF79BF90446B4F5600F00D100E0C1
:102F5000F6E700BF70BD10B5FEF763F918480078BA
:102F6000012809D1A4A0FEF754F9AEA0FEF751F94B
:102F7000B6A0FEF74EF908E0BEA0FEF74AF9C7A0DA
:102F8000FEF747F9CEA0FEF744F910BD10B5FEF7E5
:102F900048F90B48007801280CD1D3A0FEF739F985
:102FA000DAA0FEF736F9E4A0FEF733F9EFA0FEF75A
:102FB00030F90AE2F7A0FEF72CF9FDE100FE02006D
:102FC000B802002044433234283139322C39372CAE
:102FD00027C9E8D6C3B3C9B9A6272C32293B0D0AA5
:102FE0000000000044433234283135362C3135316D
:102FF0002C272D202243616E63656C22B7B5BBD8A8
:10300000202D272C34293B0D0A0000004443323484
:10301000283135362C39372C275365742053756386
:103020006365737366756C6C79272C32293B0D0AC6
:103030000000000044433234283135362C3135311C
:103040002C272D202243616E63656C2252657475B6
:10305000726E202D272C34293B0D0A004443323454
:10306000283135302C3132342C27C9E8B1B8B3F5CA
:10307000CABCBBAFD6D02E2E2E272C32293B0D0A30
:103080000000000044433234283135362C313634C8
:103090002C2764657669636520696E69742E2E2E0F
:1030A000272C32293B0D0A00444333322831343077
:1030B0002C31302C27486F6D652050616765272CB7
:1030C00032293B0D0A000000444332342839302CA9
:1030D00038322C274465766963653A272C34293BBE
:1030E0000D0A0000444332342839302C3133342C5B
:1030F000274465766963655665723A272C34293B07
:103100000D0A000056315F310000000044433234A4
:103110002839302C3138362C274669726D77617228
:10312000653A272C34293B0D0A0000009F0400203B
:1031300044433234283136302C3232302C272D2083
:1031400022456E746572224E657874202D272C34CA
:10315000293B0D0A0000000044433332283230344A
:103160002C31302C27D6F7D2B3272C32293B0D0A2D
:1031700000000000444332342839302C38322C27E8
:10318000C9E8B1B8C3FB3A272C34293B0D0A00002B
:10319000444332342839302C3133342C27C9E8B138
:1031A000B8B0E6B1BE3A272C34293B0D0A00000026
:1031B000444332342839302C3138362C27B9CCBC32
:1031C000FEB0E6B1BE3A272C34293B0D0A000000C0
:1031D00044433234283135302C3232302C272D20E4
:1031E00022456E746572224E657874202D272C342A
:1031F000293B0D0A000000004443323428313236A6
:103200002C38382C27506C656173652063686563C2
:103210006B206E6574776F726B272C31293B0D0A1A
:103220000000000044433234283134342C3133362A
:103230002C27616E64206E6574776F726B206361FA
:10324000626C65272C31293B0D0A0000444332345F
:10325000283135302C3138342C272D202243616E13
:1032600063656C2252657475726E202D272C34298B
:103270003B0D0A0044433234283134342C38382C86
:1032800027C7EBBCECB2E9CDF8CFDFCAC7B7F1C1B5
:10329000ACBDD3272C31293B0D0A00004443323406
:1032A000283136382C3133362C27B2A2BCECB2E9A7
:1032B000CDF8C2E7D7B4CCAC272C31293B0D0A009E
:1032C00044433234283135302C3138342C272D20EA
:1032D0002243616E63656C22B7B5BBD8202D272CC5
:1032E00034293B0D0A00000044433234283135367E
:1032F0002C39342C274465766963652041626E6FF2
:10330000726D616C272C31293B0D0A004443323425
:10331000283133322C3133382C27506C656173657A
:1033200020466163746F7279205265736574272C2F
:1033300031293B0D0A000000444332342831303239
:103340002C3138322C27416E6420446F776E6C6FBD
:103350006164204669726D776172652041676169B9
:103360006E272C31293B0D0A000000004443323403
:10337000283135302C3232362C272D202243616EF5
:1033800063656C2252657475726E202D272C34296A
:103390003B0D0A0044433234283136382C39342C62
:1033A00027C9E8B1B8D7B4CCACD2ECB3A3272C3141
:1033B000293B0D0A000000008CA0FDF72AFF94A015
:1033C000FDF727FF9BA0FDF724FF10BD7FB5044646
:1033D00000200090019002900390FDF722FF22460A
:1033E0009EA1684621F022FBA048007801280CD15C
:1033F0009FA0FDF70EFF01236A469D219620FDF751
:1034000081FD0546FDF705FF0BE0A3A0FDF701FFD9
:1034100001236A469D219620FDF774FD0546FDF7C0
:10342000F8FE7FBD7FB50446002000900190029019
:103430000390FDF7F6FE224688A1684621F0F6FAD1
:103440008A48007801280CD19DA0FDF7E2FE0123F7
:103450006A469D219620FDF755FD0546FDF7D9FEEC
:103460000BE0A2A0FDF7D5FE01236A469D21962020
:10347000FDF748FD0546FDF7CCFE7FBD7FB5044650
:1034800000200090019002900390FDF7CAFE2246B2
:1034900072A1684621F0CAFA7448007801280CD15C
:1034A0009BA0FDF7B6FE01236A469D219620FDF7FD
:1034B00029FD0546FDF7ADFE0BE09FA0FDF7A9FE37
:1034C00001236A469D219620FDF71CFD0546FDF768
:1034D000A0FE7FBD10B588B000240CE004F12802E6
:1034E0009EA1684621F0A2FA6846FDF792FE0A20E6
:1034F000FDF7F4FE641D192CF0DB5C480078012810
:1035000003D19EA0FDF785FE02E0A2A0FDF781FE9B
:1035100008B010BD30B589B0A5A0FDF77AFEA7A010
:10352000FDF777FEA8A0FDF774FEADA0FDF771FED4
:10353000B1A0FDF76EFEB6A0FDF76BFEBAA0FDF7D9
:1035400068FEBFA0FDF765FEC3A0FDF762FEC9A03F
:10355000FDF75FFECDA0FDF75CFE1E240DE0A4F19B
:103560001E00422101EB40052A46CFA101A821F00F
:103570005DFA01A8FDF74DFEE41C5A2CEFDB232475
:103580000DE0A4F119009B2101EB40052A46CAA1D8
:1035900001A821F04BFA01A8FDF73BFEE41C6E2CBC
:1035A000EFDBC9A0FDF735FECCA0FDF732FED0A0C1
:1035B000FDF72FFED3A0FDF72CFED7A0FDF729FEC7
:1035C000DBA0FDF726FEE1A0FDF723FEE5A0FDF759
:1035D00020FEEBA0FDF71DFEF0A0FDF71AFEF6A001
:1035E000FDF717FEFBA0FDF714FE01E24443323461
:1035F000283135362C3133382C27C7EBBBD6B8B43D
:10360000B3F6B3A7C9E8D6C3272C31293B0D0A006E
:1036100044433234283135362C3138322C27B2A28B
:10362000D6D8D0C2CFC2D4D8B9CCBCFE272C312931
:103630003B0D0A0044433234283135302C323236C7
:103640002C272D202243616E63656C22B7B5BBD851
:10365000202D272C34293B0D0A0000004572726F83
:103660007220436F6465202564000000B8020020CA
:1036700044433234283134342C3131352C274765DA
:1036800074204669726D7761726520457272272CCD
:1036900031293B0D0A0000004443323428313536CD
:1036A0002C3131352C27BBF1C8A1B9CCBCFED0C51B
:1036B000CFA2CAA7B0DC272C31293B0D0A0000009D
:1036C00044433234283133322C3131352C27446F86
:1036D000776E6C6F6164204669726D7761726520E8
:1036E000457272272C31293B0D0A000044433234C5
:1036F000283139322C3131352C27CFC2D4D8B9CC2E
:10370000BCFECAA7B0DC272C31293B0D0A00000003
:1037100044433234283134342C3131352C2756652A
:10372000726966204669726D7761726520457272B2
:10373000272C31293B0D0A004443323428313932D9
:103740002C3131352C27D1E9D6A4B9CCBCFECAA77F
:10375000B0DC272C31293B0D0A00000053424328DE
:1037600030293B44433234283239302C25642C270D
:10377000A1FD272C32293B0D0A00000044433234BE
:10378000283332342C34302C274E6574272C3229C0
:103790003B0D0A0044433234283330342C34302C6F
:1037A00027CDF8BFDA272C32293B0D0A0000000094
:1037B000434C522830293B0D0A000000444952284E
:1037C00031293B0D0A000000504C283137352C368A
:1037D000362C3332352C36362C32293B0D0A00007C
:1037E000504C283135352C38362C3330352C383682
:1037F0002C32293B0D0A0000504C283137352C362D
:10380000362C3135352C38362C32293B0D0A000048
:10381000504C283332352C36362C3330352C383654
:103820002C32293B0D0A0000504C283135352C38FC
:10383000362C3135352C3230362C32293B0D0A00EE
:10384000504C283330352C38362C3330352C323030
:10385000362C32293B0D0A00504C283135352C329C
:1038600030362C3330352C3230362C32293B0D0A91
:1038700000000000504C283332352C36362C3332C1
:10388000352C3138362C32293B0D0A00504C283368
:1038900030352C3230362C3332352C3138362C3210
:1038A000293B0D0A000000005053283137352C25E4
:1038B000642C32293B0D0A0050532825642C3138E2
:1038C000362C32293B0D0A005053283135392C3221
:1038D00030322C32293B0D0A0000000050532831B1
:1038E00036332C3139382C32293B0D0A00000000C8
:1038F0005053283136372C3139342C32293B0D0ABC
:10390000000000005053283137312C3139302C322F
:10391000293B0D0A00000000504C283332352C386A
:10392000362C3330352C3130362C34293B0D0A00FF
:10393000504C283332352C3130362C3330352C3145
:1039400032362C34293B0D0A00000000504C28333D
:1039500032352C38362C3332352C3130362C342954
:103960003B0D0A00504C283330352C3130362C3387
:1039700030352C3132362C34293B0D0A0000000042
:10398000504C283332352C3134362C3330352C31F1
:1039900036362C34293B0D0A00000000504C2833E9
:1039A00032352C3136362C3330352C3138362C34F8
:1039B000293B0D0A00000000504C283332352C31D1
:1039C00034362C3332352C3136362C34293B0D0A23
:1039D00000000000504C283330352C3136362C3363
:1039E00030352C3138362C34293B0D0A00000000CC
:1039F00055A0FDF70EFC5AA0FDF70BFC5EA0FDF7ED
:103A000008FC63A0FDF705FC67A0FDF702FC6CA0B5
:103A1000FDF7FFFB70A0FDF7FCFB75A0FDF7F9FBC0
:103A200079A0FDF7F6FB7EA0FDF7F3FB82A0FDF782
:103A3000F0FB87A0FDF7EDFB09B030BD10B5FFF737
:103A400069FDFFF747FD88480078012803D187A06A
:103A5000FDF7DFFB02E08EA0FDF7DBFB10BD10B52C
:103A60000446FDF7DEFB80480078012810D134B908
:103A700090A0FDF7CEFB97A0FDF7CBFB04E0012C57
:103A800002D19DA0FDF7C5FBA5A0FDF7C2FB0CE090
:103A90001CB9ADA0FDF7BDFB04E0012C02D1B2A022
:103AA000FDF7B7FBB8A0FDF7B4FB10BD10B5044699
:103AB000FDF7B7FB6C480078012814D1192C03D10D
:103AC000BBA0FDF7A6FB0AE01A2C03D1C1A0FDF7AD
:103AD000A0FB04E01B2C02D1C6A0FDF79AFBCEA0F0
:103AE000FDF797FB13E0192C03D1D5A0FDF791FB4F
:103AF0000AE01A2C03D1DBA0FDF78BFB04E01B2CA2
:103B000002D1E0A0FDF785FBE6A0FDF782FB10BD2A
:103B10007FB5044600200090019002900390FDF7CD
:103B200080FB2246AFF2CC41684620F07FFF4E4832
:103B30000078012806D11D2C03D1E4A0FDF769FB14
:103B4000E6E1D9E1E8E10000504C283236392C3664
:103B5000362C3234392C38362C34293B0D0A0000EF
:103B6000504C283234392C36362C3232392C3836F7
:103B70002C34293B0D0A0000504C283236392C36A3
:103B8000362C3234392C36362C34293B0D0A0000C1
:103B9000504C283232392C38362C3234392C3636C7
:103BA0002C34293B0D0A0000504C283231352C367C
:103BB000362C3139352C38362C34293B0D0A00008F
:103BC000504C283139352C36362C3137352C383697
:103BD0002C34293B0D0A0000504C283231352C364C
:103BE000362C3139352C36362C34293B0D0A000061
:103BF000504C283137352C38362C3139352C363667
:103C00002C34293B0D0A0000504C283235392C3613
:103C1000362C3233392C38362C34293B0D0A00002F
:103C2000504C283233392C36362C3231392C383638
:103C30002C34293B0D0A0000504C283235392C36E3
:103C4000362C3233392C36362C34293B0D0A000001
:103C5000504C283231392C38362C3233392C363608
:103C60002C34293B0D0A0000B802002044433234B2
:103C7000283136382C3132342C27436F6E6E656311
:103C800074696E672E2E2E272C32293B0D0A0000F8
:103C900044433234283137342C3132342C27D5FD8B
:103CA000D4DAC1ACBDD32E2E2E272C32293B0D0ADF
:103CB0000000000044433234283139322C39372C8B
:103CC00027446F776E6C6F6164272C32293B0D0A95
:103CD0000000000044433234283137342C31343171
:103CE0002C275375636365737366756C6C79272C29
:103CF00032293B0D0A000000444332342831353666
:103D00002C3131392C2753657420537563636573E7
:103D10007366756C6C79272C32293B0D0A00000004
:103D200044433234283135302C3138332C272D2080
:103D30002243616E63656C2252657475726E202D2C
:103D4000272C34293B0D0A004443323428313932C0
:103D50002C3131392C27CFC2D4D8B3C9B9A6272CDE
:103D600032293B0D0A0000004443323428313932F5
:103D70002C3131392C27C9E8D6C3B3C9B9A6272CB1
:103D800032293B0D0A0000004443323428313530DB
:103D90002C3138332C272D202243616E63656C2231
:103DA000B7B5BBD8202D272C34293B0D0A000000C5
:103DB00044433234283136322C3132342C27466990
:103DC000726D7761726520456D707479272C312989
:103DD0003B0D0A0044433234283136322C31323420
:103DE0002C274A756D70204572726F72272C31290D
:103DF0003B0D0A0044433234283136322C31323400
:103E00002C275772697465204572726F72272C31A6
:103E1000293B0D0A0000000044433234283135307C
:103E20002C3135342C272D202243616E63656C22A2
:103E300052657475726E202D272C34293B0D0A00B3
:103E400044433234283138302C3132342C27CEB42C
:103E5000BCECB2E2B5BDB9CCBCFE272C31293B0D80
:103E60000A00000044433234283139322C313234D4
:103E70002C27CCF8D7AACAA7B0DC272C31293B0DB8
:103E80000A00000044433234283139322C313234B4
:103E90002C27D0B4C8EBCAA7B0DC272C31293B0DA6
:103EA0000A00000044433234283135302C31353497
:103EB0002C272D202243616E63656C22B7B5BBD8D9
:103EC000202D272C34293B0D0A00000044433234B6
:103ED000283136382C3132342C27557064617465A2
:103EE00020436F756E742053756363657373272C5D
:103EF00032293B0D0A00000058A0FDF78AF9012382
:103F00006A469621C220FCF7FDFF0546FDF781F9C0
:103F10005CA0FDF77EF914E01D2C03D163A0FDF732
:103F200078F90BE06AA0FDF774F901236A4696213F
:103F3000C220FCF7E7FF0546FDF76BF96DA0FDF722
:103F400068F97FBD70B50446FDF76BF973480078DA
:103F5000012816D11CB972A0FDF75BF90AE0012C0B
:103F600003D179A0FDF755F904E0022C02D180A01D
:103F7000FDF74FF986A0FDF74CF98FA0FDF749F941
:103F800015E01CB996A0FDF744F90AE0012C03D115
:103F90009DA0FDF73EF904E0022C02D1A4A0FDF79C
:103FA00038F9ADA0FDF735F9B5A0FDF732F90AE013
:103FB0000025FDF763F90546B5F5600F02D0B5F5AC
:103FC000500F00D100E0F3E700BF284670BD10B5E8
:103FD0000446FDF726F951480078012810D11CB994
:103FE000B1A0FDF716F91BE0012C03D1B7A0FDF736
:103FF00010F915E0022C13D1BCA0FDF70AF90FE06F
:104000001CB9C2A0FDF705F90AE0012C03D1C7A035
:10401000FDF7FFF804E0022C02D1CCA0FDF7F9F87F
:10402000D1A0FDF7F6F810BD70B588B004460D4676
:10403000202168461FF057FE4FF48C706843B0FB98
:10404000F4F000F164063246CEA1684620F0EEFCA2
:104050006846FDF7DEF808B070BD00004443323416
:10406000283136382C3132342C2755706461746510
:1040700020436F756E7420457272272C31293B0DD9
:104080000A00000044433234283136382C313534AC
:104090002C272D202243616E63656C225265747556
:1040A000726E202D272C34293B0D0A0044433234F4
:1040B000283136382C3132342C27B8FCD0C2B5E345
:1040C000CAFDB3C9B9A6272C32293B0D0A0000004E
:1040D00044433234283136382C3132342C27B8FC62
:1040E000D0C2B5E3CAFDCAA7B0DC272C31293B0DED
:1040F0000A00000044433234283136382C3135343C
:104100002C272D202243616E63656C22B7B5BBD886
:10411000202D272C34293B0D0A000000B802002076
:1041200044433234283134342C38382C27446F77C8
:104130006E6C6F6164204669726D77617265272CC1
:1041400032293B0D0A000000444332342831343414
:104150002C38382C27526573746F72652046616362
:10416000746F7279203F272C32293B0D0A00000022
:1041700044433234283134342C38382C274A554DB6
:104180005020415050203F272C32293B0D0A00007F
:1041900044433234283134342C3133322C272D200F
:1041A00022456E746572224E657874202D272C345A
:1041B000293B0D0A000000004443323428313434D6
:1041C0002C3136362C272D202243616E63656C22FC
:1041D00052657475726E202D272C34293B0D0A0010
:1041E00044433234283134342C38382C27D0C2B9E7
:1041F000CCBCFEB0FCA3ACCAC7B7F1CFC2D4D827A1
:104200002C32293B0D0A0000444332342831343427
:104210002C38382C27CAC7B7F1BBD6B8B4B3F6B31D
:10422000A7C9E8D6C3272C32293B0D0A000000009D
:1042300044433234283134342C38382C27CAC7B799
:10424000F1BDF8C8EBD3A6D3C3B3CCD0F2272C3240
:10425000293B0D0A00000000444332342831343435
:104260002C3133322C272D2022456E74657222BCEE
:10427000CCD0F8202D272C34293B0D0A000000005B
:1042800044433234283134342C3136362C272D2017
:104290002243616E63656C22B7B5BBD8202D272CF5
:1042A00034293B0D0A0000004443323428313836AB
:1042B0002C39382C27446F776E6C6F6164696E6798
:1042C0002E2E2E272C35293B0D0A00004443323474
:1042D000283138362C39382C275570646174696E52
:1042E000672E2E2E272C35293B0D0A0044433234ED
:1042F000283138362C39382C275761746974696E27
:10430000672E2E2E272C35293B0D0A0044433234CC
:10431000283138362C39382C27CFC2D4D8D6D02ED5
:104320002E2E272C35293B0D0A0000004443323441
:10433000283138362C39382C27D0A3D1E9D6D02EC5
:104340002E2E272C35293B0D0A0000004443323421
:10435000283138362C39382C27B5C8B4FD2E2E2EEE
:10436000272C35293B0D0A00424F58283130302C7C
:104370003136302C3338302C3138302C3136293B23
:104380000D0A0000424F5846283130302C3136306B
:104390002C25642C3138302C35293B0D0A000000C7
:1043A00010B5044600BF082C02DD4FF0FF3010BDF1
:1043B00000BFA100491C4FF4807202EBC100102124
:1043C00000F0E3FF00BFA100491C4FF4807202EB34
:1043D000C10000F0B7FF0028F5D1A100491C4FF43F
:1043E000007202EBC1001F2100F0CFFF0120A040AE
:1043F000FB4909888143FA4801800020F94921F8E6
:104400001400F949085500BFA100491C4FF440723F
:1044100002EBC10000F096FF0028F5D10120C6E7AD
:104420002DE9F04104460E4617461D4600BF082CF4
:1044300003DD4FF0FF30BDE8F08100BF012E04D056
:10444000022E03D0042E03D101E000BF00BF02E022
:104450006FF00400EFE700BF15F0060F02D06FF019
:104460000500E8E705B3012E02D0022E1AD106E0BE
:1044700015F0210F02D16FF00500DCE713E015F015
:10448000200F05D015F0800F02D16FF00500D2E7A4
:1044900015F0100F05D015F0800F02D16FF0050058
:1044A000C9E700E000BF00BF2046FFF779FF05F035
:1044B000F00242EA0601A200521C002303EBC200F4
:1044C00000F063FF7FB9C94807880088401CC749CE
:1044D000088008460088A0F57F41F03903D14FF4E9
:1044E0004040C24908803912A200521C4FF4806338
:1044F00003EBC20000F049FFA100491C4FF48062A9
:1045000002EBC10101F58070F9B200F03EFFA1009D
:10451000491C4FF4807202EBC100012100F035FF0D
:1045200000BFA100491C4FF4807202EBC10000F0F3
:1045300009FF0028F5D105F00100A040AC49098829
:104540000843AB4908800120A040A5490988814360
:10455000A34801800020A34921F81400A24908556E
:1045600000BFA100491C4FF4407202EBC10000F0F3
:10457000E9FE0028F5D060B25DE710B5044600BF43
:10458000082C02DD4FF0FF3010BD00BF00BFA100BE
:10459000491C002202EBC10000F0D4FE00F00F0025
:1045A000012802D06FF00400EEE700BF00BFA100B9
:1045B000491C4FF4407202EBC10000F0C3FE132807
:1045C00002D06FF00200DFE700BFA100491C4FF4EA
:1045D000807202EBC100022100F0D7FE00BFA100F3
:1045E000491C4FF4807202EBC10000F0ABFE0028C2
:1045F000F5D10EE0A100491C4FF4807202EBC1001E
:1046000000F0A0FE28B92046FFF7CAFE6FF00300B5
:10461000BAE7A100491C4FF4407202EBC10000F060
:1046200091FE1428E6D10120AEE770B504460D4690
:10463000164600BF082C02DD4FF0FF3070BD00BFF2
:1046400000BFA100491C002202EBC10000F07AFE6D
:1046500000F00F00012802D06FF00400EEE700BF69
:1046600000BFA100491C4FF4407202EBC10000F0F2
:1046700069FE132802D06FF00200DFE700BF29783F
:10468000687861F31F200146A87861F31F20014676
:10469000287861F31F200146481C00D011B96FF043
:1046A0000B00CBE716B96FF00A00C7E7A100491C61
:1046B0004FF4406202EBC1000422294600F0B6FE2E
:1046C0003112A200521C4FF4805303EBC20000F0E1
:1046D0005CFEA100491C4FF4805202EBC10101F5C0
:1046E0008070F1B200F051FEA100491C4FF48072BD
:1046F00002EBC100042100F048FE00BFA100491CEC
:104700004FF4807202EBC10000F01CFE0028F5D1CE
:104710000120A04036490988084201D000208DE7D9
:1047200016E0A100491C4FF4007202EBC10000F03A
:1047300009FE10F0080F0BD0A100491C4FF40072C5
:1047400002EBC100082100F020FE6FF00C0075E7BD
:10475000A100491C4FF4407202EBC10000F0F2FDD1
:104760001728DED1012069E710B5044600BF082CE8
:1047700002DD4FF0FF3010BD00BF00BFA100491C9B
:10478000002202EBC10000F0DDFD00F00F00012867
:1047900002D06FF00400EEE700BFA100491C4FF407
:1047A000807202EBC100082100F0EFFD00BFA10004
:1047B000491C4FF4807202EBC10000F0C3FD0028D9
:1047C000F5D10120A04006490988814304480180B1
:1047D0000120A0400649098808420BD00020CAE702
:1047E000BE020020A0160020C0020020BA02002055
:1047F000BC02002010E0A100491C4FF4007202EB43
:10480000C10000F09FFD10F0080F05D02046FFF713
:10481000C7FD6FF00C00AEE7A100491C4FF44072D9
:1048200002EBC10000F08EFD0028E4D10120A2E7D8
:104830002DE9F0410446884615460026002700BFB2
:10484000082C02DD701EBDE8F08100BF00BFA10092
:10485000491C002202EBC10000F074FD00F00F00C3
:10486000012802D06FF00400EDE700BF00BF15B9CA
:104870006FF00D00E7E700BFA100491C4FF4407244
:1048800002EBC10000F05EFD0646172E04D01C2E80
:1048900002D06FF00600D6E70120A040F749098852
:1048A000084228D0A100491C4FF4007202EBC1005D
:1048B00000F048FD00F01F0616F0100F10D0A10008
:1048C000491C4FF4007202EBC100102100F05DFDA5
:1048D0000120A040E94909888143E84801800AE0B5
:1048E00016F0080F05D02046FFF75AFD6FF00C00B8
:1048F000A9E70020A7E7A100491C4FF4F85202EBFA
:10490000C10000F01FFD8006070CBD4200DD3D46E2
:1049100023E0204600F0B8FD0746A100491C4FF4F3
:10492000407202EBC10000F00DFD0646172E07D0C5
:104930001C2E05D02046FFF733FD6FF0060082E7FE
:104940000120A040CE490988084203D0BD4201DDC4
:10495000002078E7BD4200DC00E0DAE700BF2A462D
:104960004146204600F0FCFDA100491C4FF4807236
:1049700002EBC100202100F008FD00BFA100491C8E
:104980004FF4807202EBC10000F0DCFC0028F5D18E
:104990000120A040B94909880843B8490880284641
:1049A00051E72DE9F04704468846164600270025C2
:1049B00000BF082C02DD681EBDE8F08700BF00BF05
:1049C000A100491C002202EBC10000F0BBFC00F07A
:1049D0000F00012802D06FF00400EDE700BF00BF18
:1049E00016B96FF00D00E7E700BFA100491C4FF4B6
:1049F000F05202EBC10000F0A5FC8006050CB542A8
:104A000000DA2E4638E0204600F074FD0546A1008D
:104A1000491C4FF4407202EBC10000F093FC0746C2
:104A2000172F1ED01C2F16D105B126E0204600F00E
:104A30002BFD8146A100491C4FF4F85202EBC10046
:104A400000F080FCB9EB802F0BD12046FFF7A8FCCB
:104A50006FF00600B0E72046FFF7A2FC6FF00600FB
:104A6000AAE70120A04086490988084202D00DB972
:104A70000020A1E705B100E0C5E700BFB54200DABC
:104A80002E4632464146204600F0ACFDA100491CAE
:104A90004FF4807202EBC100402100F076FC00BFB1
:104AA000A100491C4FF4807202EBC10000F04AFCE7
:104AB0000028F5D130467FE72DE9F04704468A46C5
:104AC00016461D46DDF820900027B84600BF082C8A
:104AD00002DD781EBDE8F08700BFA100491C00225E
:104AE00002EBC10000F02EFC00F00F00022802D003
:104AF000042802D100E000BF02E06FF00400E9E703
:104B000000BF00BF16B96FF00D00E3E700BF2878C3
:104B1000697860F31F210846A97860F31F210846D1
:104B2000E97860F31F210846286810B96FF00B0080
:104B3000D0E7B9F1000F02D16FF00A00CAE7A10077
:104B4000491C4FF4407202EBC10000F0FBFB07462A
:104B5000422F04D0222F02D06FF00600BAE7A10046
:104B6000491C4FF4406202EBC1000422294600F0C8
:104B70005DFC4FEA2921A200521C4FF4805303EB45
:104B8000C20000F002FCA100491C4FF4805202EB6D
:104B9000C10101F5807009F0FF0100F0F6FBA100F2
:104BA000491C4FF4F85202EBC10000F0CBFB800629
:104BB0004FEA1048464500DD46461CE0204600F01E
:104BC00063FC8046A100491C4FF4407202EBC10017
:104BD00000F0B8FB10B96FF003007BE70120A040A4
:104BE00027490988084203D0464501DD002071E7C6
:104BF000464500DC00E0E1E700BF32465146204672
:104C000000F0AEFCA100491C4FF4807202EBC10021
:104C1000202100F0BAFB00BFA100491C4FF48072B4
:104C200002EBC10000F08EFB0028F5D12AE0A100C4
:104C3000491C4FF4007202EBC10000F083FB00F04E
:104C40001F0717F0100F09D0A100491C4FF4007284
:104C500002EBC100102100F098FB14E017F0080FE0
:104C600010D0A100491C4FF4007202EBC1000821D2
:104C700000F08BFB6FF00C002CE70000BE02002060
:104C8000BC020020D3E700BF304623E72DE9FC47F4
:104C900004468A4616461F46DDF82880002500BFD8
:104CA000082C02DD681EBDE8FC8700BFA100491C7E
:104CB000002202EBC10000F045FB814600F00F002E
:104CC000022802D0042802D100E000BF02E06FF009
:104CD0000400E8E700BF00BF16B96FF00D00E2E77F
:104CE00000BFF84830F81400E8B91AE0204600F098
:104CF00001FC0546A100491C4FF4407202EBC100C3
:104D000000F020FB10B96FF00300CCE70120A040B9
:104D1000ED490988084202D00DB90020C3E705B16A
:104D200000E0E3E700BF0020E849085509F007006C
:104D3000022802D004287DD157E0E24830F8140060
:104D4000E8BB08226946204600F04CFCA100491C43
:104D50004FF4807202EBC100402100F016FB00BF4F
:104D6000A100491C4FF4807202EBC10000F0EAFA86
:104D70000028F5D19DF8000038709DF8010078708A
:104D80009DF80200B8709DF80300F8709DF80400CB
:104D9000A8F800009DF80500B8F8001000EB01200D
:104DA000A8F800009DF80600C64921F814009DF8F7
:104DB000070031F8141000EB0120C24900E004E0C4
:104DC00021F814008020C1490855BE4830F814006D
:104DD000B04201DD354602E0BA4830F814502A46A8
:104DE0005146204600F0FEFB55E0B64830F814006E
:104DF000A8BB02226946204600F0F4FBA100491C32
:104E00004FF4807202EBC100402100F0BEFA00BFF7
:104E1000A100491C4FF4807202EBC10000F092FA2D
:104E20000028F5D19DF80000A64921F814009DF84E
:104E3000010000E027E031F8141000EB0120A14947
:104E400021F81400084630F8140040F2EA51884274
:104E500006DD2046FFF7A4FA6FF47A7023E702E03C
:104E600080209A490855974830F81400B04201DD77
:104E7000354602E0934830F814502A465146204601
:104E800000F0B0FB07E02946204600F0EDFB8D481E
:104E900020F8145000BF00BFA100491C4FF48072DD
:104EA00002EBC100402100F070FA00BFA100491CD4
:104EB0004FF4807202EBC10000F044FA0028F5D1F3
:104EC000804830F81400401B7E4921F81400084641
:104ED00030F8140028B17D48005D40F001007B49A6
:104EE00008552846DFE62DE9F04104460E461546F2
:104EF000002700BF082C02DD781EBDE8F08100BF4E
:104F0000082E78D2DFE806F0041C232F3B4D596BA6
:104F10002F78012F07D10120A0406B490988084351
:104F2000694908800BE03FB90120A0406649098823
:104F300081436548018002E06FF00900DDE75DE034
:104F400061480088204100F00100287056E0A1006F
:104F5000491C4FF4F85202EBC10000F0F3F980064F
:104F6000000C28804AE0A100491C4FF4F05202EBEB
:104F7000C10000F0E7F98006000C28803EE02878A8
:104F80001F2802DD6FF00900B7E72A7802F01F0141
:104F9000A200521C4FF4007303EBC20000F0F5F9BD
:104FA0002CE0A100491C4FF4007202EBC10000F09C
:104FB000C9F900F01F00287020E028781F2802DDC2
:104FC0006FF0090099E72A7802F01F01A200521C35
:104FD0004FF4305303EBC20000F0D7F90EE0A1000C
:104FE000491C4FF4305202EBC10000F0ABF900F065
:104FF0001F00287000BF6FF009007EE700BF01208E
:105000007BE770B504460E46154600BF082C02DD4E
:105010004FF0FF3070BD00BF082E75D2DFE806F0FC
:10502000BB040E182F3A58A12978A200521C4FF445
:10503000B05303EBC20000F0A8F9AFE02978A2005A
:10504000521C4FF4A85303EBC20000F09EF9A5E0F8
:105050002A881112A200521C4FF4905303EBC20095
:1050600000F093F92A88D1B2A200521C4FF4905359
:1050700003EBC20202F5807000F087F98EE0A10018
:10508000491C4FF4406202EBC1000422294600F0A3
:10509000CDF983E02A881112A200521C4FF48053EC
:1050A00003EBC20000F071F92A88D1B2A200521CB1
:1050B0004FF4805303EBC20202F5807000F065F9F3
:1050C0006CE00000A0160020BC020020C0020020FE
:1050D00000BFA100491C002202EBC10000F032F920
:1050E00000F00F00012802D06FF0040092E700BF2B
:1050F000A100491C4FF43C5202EBC10000F022F920
:1051000018B16FF0010085E745E0A100491C4FF49C
:10511000807202EBC100222100F037F916E0A100F5
:10512000491C4FF4007202EBC10000F00BF910F0C3
:10513000080F0BD0A100491C4FF4007202EBC10014
:10514000082100F022F96FF00C0063E7A100491C70
:105150004FF4807202EBC10000F0F4F80028DED1B9
:105160001CE000BFA100491C002202EBC10000F0BE
:10517000E9F800F00F00012802D06FF0040049E7C1
:1051800000BF2978A200521C4FF43C5303EBC2002D
:1051900000F0FBF802E06FF009003BE700BF0120E0
:1051A00038E72DE9F04104460E46154600BF082CAD
:1051B00003DD4FF0FF30BDE8F08100BF0D2E6FD250
:1051C000DFE806F007121C263D48B55F7A7F848E23
:1051D000A100A100491C002202EBC10000F0B2F8BE
:1051E00000F0F0002870A5E0A100491C4FF4B05277
:1051F00002EBC10000F0A6F828709BE0A100491C5A
:105200004FF4A85202EBC10000F09CF8287091E026
:10521000A100491C4FF4905202EBC10101F58070CE
:1052200000F090F80746A100491C4FF4905202EBA1
:10523000C10000F087F807EB0020287000BFA10034
:10524000491C4FF4406202EBC1000422294600F0E1
:10525000C0F86FE0A100491C4FF4805202EBC1017D
:1052600001F5807000F06EF80746A100491C4FF46C
:10527000805202EBC10000F065F807EB00202880A7
:1052800058E000BFA100491C002202EBC10000F061
:1052900059F800F00F00012803D06FF004008AE7EE
:1052A00045E000BFA100491C4FF43C5202EBC10095
:1052B00000F048F828803DE0204600F0E5F828801E
:1052C00000BF204600F016F9288000BFA100491C4D
:1052D0004FF4407202EBC10000F034F8287029E06E
:1052E000A100491C002202EBC10000F02BF80128AC
:1052F00004D1204600F0FEF8288003E00F4830F883
:105300001400288016E000BFA100491C002202EB17
:10531000C10000F017F800F00F00012802D06FF074
:10532000040048E700BF0648005D287002E06FF007
:10533000010040E700BF01203DE70000A01600206B
:10534000C002002070B50446E14988688047E04902
:105350000869804700BFDE48C169C4F30740884739
:10536000DB48C169C4F307208847E0B2D84AD16955
:105370008847D749886980470546D54948698047A5
:10538000D349C8688047284670BD70B504460D46AD
:10539000CF4988688047CE490869804744F00404B3
:1053A000CB48C169C4F307408847C948C169C4F301
:1053B00007208847E0B2C64AD1698847C448C16916
:1053C00028468847C24948698047C149C86880471C
:1053D00070BD2DE9F04104460E4617460025BC4934
:1053E00088688047BA490869804700BFB848C169E2
:1053F000C4F307408847B648C169C4F3072088470B
:10540000E0B2B34AD169884700BF05E0B049886976
:1054100080477055681C85B2BD42F7DBAC494869CE
:105420008047AB49C8688047BDE8F0812DE9F0416D
:1054300004460E4617460025A54988688047A449BA
:105440000869804744F00404A148C169C4F30740D7
:1054500088479F48C169C4F307208847E0B29C4A47
:10546000D169884700BF05E0705D994AD1698847D6
:10547000681C85B2BD42F7DB95494869804794496D
:10548000C8688047BDE8F08170B504460025002655
:1054900000BFA100491C4FF4005202EBC100FFF70E
:1054A00051FF0646A100491C4FF4005202EBC10116
:1054B00001F58070FFF746FF00EB062086B2AEB123
:1054C000A100491C4FF4005202EBC100FFF73AFF64
:1054D0000546A100491C4FF4005202EBC10101F541
:1054E0008070FFF72FFF00EB052085B2B542D0D1C9
:1054F000284670BD70B504460025002600BFA100F7
:10550000491C4FF4185202EBC100FFF71BFF06467F
:10551000A100491C4FF4185202EBC10101F5807043
:10552000FFF710FF00EB062086B2AEB1A100491CC8
:105530004FF4185202EBC100FFF704FF0546A1002B
:10554000491C4FF4185202EBC10101F58070FFF7BE
:10555000F9FE00EB052085B2B542D0D1284670BDDA
:105560002DE9F04704460F4616460025A8460EB919
:10557000BDE8F087A100491C4FF4105202EBC101B5
:1055800001F58070FFF7DEFE8146A100491C4FF453
:10559000105202EBC100FFF7D5FE09EB002085B2E7
:1055A0002902A000801C01EBC00832463946404663
:1055B000FFF73CFFA81985B22912A200521C4FF434
:1055C000105303EBC200FFF7E0FEA100491C4FF4AB
:1055D000105202EBC10101F58070E9B2FFF7D5FE70
:1055E00000BFC5E72DE9F04704460F4616460025E3
:1055F000A8460EB9BDE8F087A100491C4FF420521F
:1056000002EBC10101F58070FFF79CFE8146A1000D
:10561000491C4FF4205202EBC100FFF793FE09EB47
:10562000002085B22902A000C01C01EBC008324650
:1056300039464046FFF7CDFEA81985B22912A200CF
:10564000521C4FF4205303EBC200FFF79EFEA10053
:10565000491C4FF4205202EBC10101F58070E9B200
:10566000FFF793FE00BFC5E72DE9F04104460E4663
:105670000025A100491C4FF4205202EBC10101F5A5
:105680008070FFF75FFE0746A100491C4FF42052CF
:1056900002EBC100FFF756FE07EB002085B2A81908
:1056A00085B22912A200521C4FF4205303EBC20012
:1056B000FFF76BFEA100491C4FF4205202EBC10121
:1056C00001F58070E9B2FFF760FEBDE8F0810000EF
:1056D000C80200207047704770477047014608783D
:1056E00070470170704700207047704700B141B9A2
:1056F000AFF21F02F94B9A60AFF22503F74AD3606D
:1057000002E0F64A9060D160704700B141B9AFF253
:105710003702F24B1A61AFF23D03F04A536102E0E7
:10572000EE4A10615161704700BFEC4A128812F4D2
:10573000807FFAD000B141B9AFF25F02E74B9A61C6
:10574000AFF26103E54AD36102E0E44A9061D161BE
:10575000704700BFE14A128812F4007FFAD000B10E
:1057600041B9AFF27D02DD4B9A61AFF28103DB4AB2
:10577000D36102E0D94A9061D161704710B54FF40E
:105780003850FFF7DFFD10F0010F01D0012400E0D9
:105790000024204610BD10B500244FF43850FFF708
:1057A000D1FD10F0300F01D0012400E0002420468C
:1057B00010BD10B54FF43850FFF7C4FD044624F077
:1057C000800421464FF43850FFF7DFFD4FF4385086
:1057D000FFF7B8FD044644F0800421464FF43850EA
:1057E000FFF7D3FD10BD70B5054600244FF43850C7
:1057F000FFF7A8FD044614F0400F02D14FF0FF3030
:1058000070BD24F03804012D02D144F0300401E0D1
:1058100044F0380421464FF43850FFF7B6FDFFF747
:10582000C8FF4FF43850FFF78DFD0446012D04D119
:1058300014F0300F06D00020E2E714F0380F01D04A
:105840000020DDE74FF0FF30DAE770B504460025B1
:105850004FF43850FFF776FD0546C5F380102070F1
:1058600005F03800202802D0382803D100BF0120DD
:10587000607002E00020607000BF00BF05F03800DB
:10588000102805D0182802D0202804D100BF00BF5E
:105890000120A07002E00020A07000BF00BF05F052
:1058A0003800082805D0182802D0202804D100BFCD
:1058B00000BF0120E07002E00020E07000BF00BFE8
:1058C00070BD70B5054600242878012802D144F047
:1058D000400401E024F040046878012802D144F03B
:1058E000380412E0E878012808D1A878012802D10C
:1058F00044F0180409E044F0080406E0A878012800
:1059000002D144F0100400E000BF21464FF43850AB
:10591000FFF73BFDFFF74DFF70BD70B5002600247B
:1059200000254FF4B050FFF70DFD06464FF4C05070
:10593000FFF708FD0446254606EB052085B22846FC
:1059400070BD70B50446E5B2261229464FF4B0503A
:10595000FFF71BFD31464FF4C050FFF716FD70BD39
:1059600070B50026002400254FF4A850FFF7EAFC8C
:1059700000F0F0064FF4B850FFF7E4FC044625466B
:1059800006EB052085B2284670BD70B50446E5B229
:10599000261205F0F0014FF4A850FFF7F6FC31464F
:1059A0004FF4B850FFF7F1FC70BD00B585B006228A
:1059B00069464FF41060FFF70CFD042204A9900122
:1059C000FFF707FD042203A94FF4A060FFF701FDD4
:1059D000042202A94FF47060FFF7FBFC8021002035
:1059E000FFF7D3FC0020FFF7ADFC062269464FF419
:1059F0001060FFF71BFD042204A99001FFF716FDBC
:105A0000042203A94FF4A060FFF710FD042202A9AD
:105A10004FF47060FFF70AFD05B000BD2DE9F041BD
:105A200005460E460027FFF7C0FFF5B100BF002472
:105A300004E0285D384447B2601C44B2082CF8DB0F
:105A4000102F03DD4FF0FF30BDE8F08100240AE0A5
:105A5000295DA200521C4FF4F85303EBC200FFF77C
:105A600094FC601C44B2082CF2DBEEB10027002449
:105A700004E0305D384447B2601C44B2082CF8DBC7
:105A8000102F02DD4FF0FF30DEE700240AE0315D29
:105A9000A200521C4FF4F05303EBC200FFF775FC59
:105AA000601C44B2082CF2DB0020CDE72DE9FC415C
:105AB00006460C460025002000900190102E7BD257
:105AC000DFE806F0080E1D19212529364355585CDC
:105AD00060616570FFF769FF71E00000C802002097
:105AE0001CB10094009808300190DDE90001FFF737
:105AF00095FFBDE8FC812088FFF747FF5FE0FFF7D7
:105B00002FFF20805BE02088FFF71BFF57E0FFF7A7
:105B100004FF208053E0208801124FF49850FFF7D3
:105B200034FC2088C1B24FF4A050FFF72EFC46E0B1
:105B30004FF4A050FFF706FC07464FF49850FFF7CC
:105B400001FC07EB0020208039E08248807820703B
:105B50008048C07860707F480079A0707D484079A7
:105B6000E0707C48807920710020607127E0FFF7A9
:105B700020FE24E02046FFF7A4FE20E02046FFF7A9
:105B800064FE1CE01BE02078FFF72DFEB1E7FFF775
:105B900002FEC5B268B2401C02D1401EA9E70BE06C
:105BA00025700CE0FFF7EAFDC5B268B2401C01D1D8
:105BB000401E9EE7257002E04FF0FF3099E700BFDE
:105BC000002096E770B504464FF4D850FFF7BAFBB3
:105BD00020704FF4D050FFF7B5FB05464FF4C85086
:105BE000FFF7B0FB05EB0020608070BD10B50446E8
:105BF00021784FF4D850FFF7C8FB608801124FF4AA
:105C0000C850FFF7C2FB6088C1B24FF4D050FFF715
:105C1000BCFB10BD10B50020FFF794FB10BD70B5A4
:105C20000446002534F03A0001D0681E70BD002003
:105C3000FFF788FB0546254329460020FFF7A5FB13
:105C40000020F3E710B50446062221464FF4106009
:105C5000FFF7BFFB042204F10E019001FFF7B9FB2F
:105C6000042204F10A014FF4A060FFF7B2FB042202
:105C7000A11D4FF47060FFF7ACFB37480078A074AB
:105C800035484178E17481782175C1786175334870
:105C90000078A07510BD10B50446062221464FF4C9
:105CA0001060FFF7C3FB042204F10E019001FFF71F
:105CB000BDFB042204F10A014FF4A060FFF7B6FB1C
:105CC0000422A11D4FF47060FFF7B0FBA07C2249B5
:105CD0000870E07C4870207D8870607DC870A07D71
:105CE0001E49087010BD70B505460C46062D1CD225
:105CF000DFE805F003070B0F13172046FFF7CBFF74
:105D000016E02046FFF79EFF12E02078FFF787FF9E
:105D100070BDFFF77FFF20700AE02046FFF766FFA7
:105D200006E02046FFF74EFF02E04FF0FF30EFE7BE
:105D300000BF0020ECE770B504464FF43850FFF781
:105D400001FB0546C5F38000E070C5F34000A0707C
:105D500070BD0000C8020020E8020020EC02002014
:105D60000EB58D49096800914FF40021D1F80C124D
:105D700001918A49096802910099C1F307221144EF
:105D800001700099C1F30741009A01EB1261417063
:105D90000199C1F30722114481700199C1F30741B0
:105DA000019A01EB1261C1700299C1F307221144FB
:105DB00001710299C1F30741029A01EB126141712D
:105DC000017801EBD1724FEA6202B1EB420202D0DC
:105DD0000178491C01700EBD01B5012269461046CB
:105DE000FCF799F908BD08B500200090012269462A
:105DF0001046FCF734F99DF8000008BD0020684902
:105E0000486270470120664948627047002080F36D
:105E1000108800BF7047012080F3108800BF7047D2
:105E200010B503210120FCF7B7F8FFF7E7FF5D4845
:105E3000006B20F0C0005B4908630846006C40F42A
:105E4000002008645848006840F400205649086063
:105E50005448006B20F03000524908630846006C3B
:105E600040F4802008645048006840F480204E4987
:105E7000086010BD10B5FFF7D3FF4C494C48FFF741
:105E800035FC4C494C48FFF740FC4C494C48FFF767
:105E900060FC4C48FFF764FF10BD1FB54A4B0FCBA9
:105EA0008DE80F0069460120FFF700FE401C01D17C
:105EB00004B010BD0120FBE7704710B54148801DBC
:105EC00001F01BF83F480E3001F024F83D480A303D
:105ED00001F02DF83B48123001F036F80220394924
:105EE000887510BD10B53949002000F0B6FFAFF23B
:105EF0003702AFF23901084600F09DF810BD08B531
:105F000069460F20FFF7D2FD401C00D108BD9DF867
:105F10000000FBE710B504462A48FFF721FF294996
:105F20000020FFF7E0FE21460120FFF7DCFE0422FF
:105F3000214624481DF032FF08B1002010BD012089
:105F4000FCE710B51848C06840F400201649C86046
:105F50000220FBF7C3F91448806840F4002012497E
:105F600088604FF4E160FBF7B9F910BD70B50446E5
:105F70000D46AAB221460120FEF75AFC70BD70B54D
:105F800004460D460026AAB221460120FEF709FD6F
:105F900086B2304670BD00000802080010020800FA
:105FA000000007400000064800000A480D5E00009F
:105FB000175E0000FD5D0000055E0000D95D000079
:105FC000E75D0000B01A002020630200B016002038
:105FD00010B50422F9494FF47060FFF727FA042244
:105FE000F7494FF4A060FFF721FA0422F549900128
:105FF000FFF71CFA10BD10B580210020FFF7C5F98E
:106000000020FFF79FF9FFF7E3FF0622EE494FF468
:106010001060FFF70BFA10BD10B580210020FFF7CC
:10602000B4F90020FFF78EF90622E7494FF410601B
:10603000FFF7FCF910BD10B5AFF26B03E34C236022
:10604000AFF24D03E24C2360AFF23303E14C236027
:1060500008B1DE4B186009B1DD4B19600AB1DD4BA8
:106060001A6010BD7CB5062269464FF41060FFF738
:10607000B0F90120D84909680870D7490968487003
:106080000620D549096888700020D3490968C8707E
:10609000D1480068051DD1480068000E2870CF481F
:1060A0000068000C6870CD480068000AA870CB48F2
:1060B0000068E8700020C84909680881C64800687F
:1060C00000F10A058020287000206870C249096824
:1060D00008730021C04800684173BF48006881739D
:1060E000BD480068C1730020BB49096808740021DD
:1060F000B94800684174B84800688174B6480068BF
:10610000C1740020B449096808750021B2480068CC
:106110004175B14800688175AF480068C1750020BD
:10612000AD49096808760021AB4800684176AA4865
:1061300000688176A8480068C176A3480078A6491F
:1061400009680877A0484178A348006841779E48CD
:106150008178A148006881779B48C1789E48006893
:10616000C177994801799C48006880F820109648CA
:1061700041799948006880F82110062406E0002142
:10618000954800681C300155601CC4B2102CF6DB29
:10619000002406E00021904800682C300155601C66
:1061A000C4B2402CF6DB002406E000218A480068D7
:1061B0006C300155601CC4B2802CF6DB632086492C
:1061C000096881F8EC0082218348006880F8ED10AE
:1061D00053218148006880F8EE1063217E480068F2
:1061E00080F8EF107CBD7CB50024FFF73BFF042452
:1061F00035222146641C78480068EC304254012264
:106200002146641C74480068EC3042542146641CEA
:1062100071480068EC3042543D222146641C6E48AF
:106220000068EC30425407222146641C6A4800682A
:10623000EC30425401222146641C67480068EC306F
:106240004254614802782146641C63480068EC307F
:1062500042545D4842782146641C5F480068EC3037
:106260004254594882782146641C5B480068EC30EF
:1062700042545548C2782146641C57480068EC30A7
:106280004254514802792146641C53480068EC305E
:1062900042544D4842792146641C4F480068EC3016
:1062A00042540C222146641C4B480068EC30425496
:1062B00000222046611C8CB247490968EC310A541F
:1062C00000250AE04648425D2046611C8CB24249E6
:1062D0000968EC310A54681C85B24148405D0028C9
:1062E000F0D13948C2782046611C8CB23A4909681D
:1062F000EC310A54344802792046611C8CB236498C
:106300000968EC310A54304842792046611C8CB24D
:1063100031490968EC310A54E81CC1B2281D221A1F
:106320002D480068EC30815437222046611C8CB225
:1063300029490968EC310A5406222046611C8CB2B6
:1063400025490968EC310A5401222046611C8CB2AF
:1063500021490968EC310A5403222046611C8CB2A1
:106360001D490968EC310A5406222046611C8CB292
:1063700019490968EC310A540F222046611C8CB27D
:1063800015490968EC310A543A222046611C8CB246
:1063900011490968EC310A543B222046611C8CB239
:1063A0000D490968EC310A54FF222046611C8CB269
:1063B00009490968EC310A5425461AE0F402002024
:1063C000FC020020F8020020380300201C030020FB
:1063D0002003002024030020340300203003002089
:1063E000140300200021FE480068EC304155681C71
:1063F00085B2B5F59C7FF5DBFF208DF804008DF8A4
:1064000005008DF806008DF80700432001AB4FF41E
:1064100009720090F2480168F2480078FEF74CFBE0
:106420007CBD7CB50024FFF71DFEEF4800780328F3
:1064300003D0ED48007804282CD10020E8490968F1
:1064400088720021E6480068C172E8480078E44993
:1064500009680873E5484178E14800684173E348FA
:106460008178DF4800688173E048C178DC480068C3
:10647000C173DF4800788DF80400DD4840788DF85E
:106480000500DB4880788DF80600D948C0788DF883
:10649000070008E0FF208DF804008DF805008DF856
:1064A00006008DF80700042435222146641CCC48E0
:1064B0000068EC30425401222146641CC848006840
:1064C000EC30425403222146641CC5480068EC307D
:1064D00042543D222146641CC1480068EC304254BD
:1064E00007222146641CBE480068EC304254012259
:1064F0002146641CBA480068EC304254BD4802781A
:106500002146641CB6480068EC304254B9484278D1
:106510002146641CB2480068EC304254B548827889
:106520002146641CAE480068EC304254B148C27841
:106530002146641CAA480068EC304254AD480279F8
:106540002146641CA6480068EC304254A9484279B0
:106550002146641CA2480068EC3042549DF80700B4
:10656000FF2867D132222046611C8CB29C49096801
:10657000EC310A5404222046611C8CB29849096807
:10658000EC310A54994802782046611C8CB2944937
:106590000968EC310A54954842782046611C8CB257
:1065A0008F490968EC310A54904882782046611C72
:1065B0008CB28B490968EC310A548C48C278204669
:1065C000611C8CB286490968EC310A543622204697
:1065D000611C8CB282490968EC310A5404222046BD
:1065E000611C8CB27E490968EC310A5480480278FB
:1065F0002046611C8CB27A490968EC310A547C4807
:1066000042782046611C8CB275490968EC310A5405
:10661000774882782046611C8CB271490968EC3158
:106620000A547348C2782046611C8CB26C490968D0
:10663000EC310A540C222046611C8CB2684909686E
:10664000EC310A5400222046611C8CB2644909686E
:10665000EC310A54002509E06748425D2046611C80
:106660008CB25F490968EC310A546D1C6248405D88
:106670000028F1D15F48C2782046611C8CB258498D
:106680000968EC310A545B4802792046611C8CB2DF
:1066900053490968EC310A54564842792046611C36
:1066A0008CB24F490968EC310A54E81CC1B2281D6C
:1066B000221A4B480068EC30815437222046611C76
:1066C0008CB247490968EC310A5408222046611C03
:1066D0008CB243490968EC310A5401222046611CFE
:1066E0008CB23F490968EC310A5403222046611CF0
:1066F0008CB23B490968EC310A5406222046611CE1
:106700008CB237490968EC310A540F222046611CCB
:106710008CB233490968EC310A543A222046611C94
:106720008CB22F490968EC310A543B222046611C87
:106730008CB22B490968EC310A541F222046611C97
:106740008CB227490968EC310A5421222046611C89
:106750008CB223490968EC310A54FF222046611C9F
:106760008CB21F490968EC310A54254605E0002126
:106770001B480068EC3041556D1CB5F59C7FF6DB7D
:10678000432001AB4FF40972009015480168154889
:106790000078FEF791F97CBD7CB50024FFF762FC20
:1067A000042400200E490968887200210C48006802
:1067B000C17235222146641C09480068EC304254FD
:1067C00001222146641C06480068EC304254042231
:1067D0002146641C02480068EC3042543D220DE022
:1067E000340300202803002004030020F4020020CA
:1067F0002903002038030020140300202146641CD4
:10680000F7480068EC30425407222146641CF448E3
:106810000068EC30425401222146641CF0480068B4
:10682000EC304254EF4802782146641CEC48006882
:10683000EC304254EB4842782146641CE84800683A
:10684000EC304254E74882782146641CE4480068F2
:10685000EC304254E348C2782146641CE0480068AA
:10686000EC304254DF4802792146641CDC48006861
:10687000EC304254DB4842792146641CD848006819
:10688000EC30425432222146641CD5480068EC307A
:10689000425404222046611C8CB2D1490968EC3173
:1068A0000A54D14802782046611C8CB2CC49096850
:1068B000EC310A54CC4842782046611C8CB2C8495D
:1068C0000968EC310A54C84882782046611C8CB2B1
:1068D000C3490968EC310A54C348C2782046611C98
:1068E0008CB2BF490968EC310A5436222046611C3B
:1068F0008CB2BB490968EC310A5404222046611C61
:106900008CB2B7490968EC310A54B848027820467D
:10691000611C8CB2B2490968EC310A54B348427820
:106920002046611C8CB2AE490968EC310A54AF486C
:1069300082782046611C8CB2A9490968EC310A545E
:10694000AA48C2782046611C8CB2A5490968EC317E
:106950000A54FF222046611C8CB2A1490968EC311F
:106960000A54254605E000219D480068EC30415559
:106970006D1CB5F59C7FF6DBFF208DF804008DF8CB
:1069800005008DF806008DF80700432001AB4FF499
:10699000097200909248016895480078FEF78CF8DB
:1069A0007CBD2DE9FF4192480078FEF7A3FD071E4C
:1069B0000BDD01A802AB3A460090894801688C487B
:1069C0000078FEF763F987B203E0002004B0BDE869
:1069D000F081BDF80400432874D181480068007F2D
:1069E00080490978884224D17D480068407F7D49EC
:1069F000497888421DD17A480068807F7949897832
:106A0000884216D176480068C07F7649C9788842A6
:106A10000FD17348006890F82000724909798842C4
:106A200007D16F48006890F821006E494979884283
:106A300001D00020CAE74FF0000869480468F0342C
:106A4000A7F1F000051989E0207833284ED007DC43
:106A500070B1012813D0032821D0062878D132E064
:106A6000352807D0362861D0FF2871D12C4674E034
:106A7000641C72E0641C641C14F8018B6DE0641CDF
:106A8000641C14F8010B5B49087014F8010B487082
:106A900014F8010B887014F8010BC8705DE0641CD9
:106AA00014F8016B14F8010B5349087014F8010B2A
:106AB000487014F8010B887014F8010BC870301F6F
:106AC00004444AE04DE0641C14F8016B14F8010B17
:106AD0004A49087014F8010B487014F8010B8870CB
:106AE00014F8010BC870301F044436E0641C14F81D
:106AF000016B14F8010B4249086014F8011B40486F
:106B0000006801EB00203E49086014F8011B3C4876
:106B1000006801EB00203A49086014F8011B38486E
:106B2000006801EB00203649086016E0641C14F888
:106B3000016B14F8010B2D49087014F8010B487013
:106B400014F8010B887014F8010BC87005E0FFE71A
:106B5000641C14F8016B344400BF00BFAC42FFF466
:106B600073AF4FFA88F031E70020264908600A2009
:106B700025490860002025490870704710B5012498
:106B8000224890F90000022844DA1F4800681D4995
:106B90000968884258D21E4890F90000012804D0A4
:106BA000022805D0042809D105E0FFF71CFB06E008
:106BB000FFF737FC03E0FFF734FC00E000BF00BF45
:106BC000002010490860084600680A300E49086035
:106BD0000E480078401C40B20C49087034E00000B8
:106BE0003403002038030020F40200202903002091
:106BF00028030020FC020020F802002000030020EF
:106C0000080300200C0300201003002005030020CF
:106C100004030020D44890F90000012804D0022881
:106C200007D004280CD105E00020CF4908700024CB
:106C300007E000BFFFF7D7FA0120CB49087000E05A
:106C400000BF00BFFFF790FF204610BD38B54FF4DE
:106C5000D850FEF777FB054603214FF4D850FEF7D6
:106C600094FB41F28830C14B1122C1A10090C5486C
:106C70000078FDF721FF044629464FF4D850FEF76F
:106C800084FB14F10D0001D1012038BDFFF784FD14
:106C9000BD48046840F24C40FAF720FB0020F4E7BE
:106CA00070B5B1480078062801D1052070BDB549FE
:106CB00009788900491C4FF4407202EBC100FEF7CD
:106CC00041FB222806D0002344220221AD4800784F
:106CD000FDF7A6FB0125FFF764FEC4B2A24890F9B8
:106CE0000000052877D2DFE800F0030F2C4F770073
:106CF00000209E49087048708870C870FFF773FACA
:106D00000120994908709CE0022C16D19F48006828
:106D1000007C964908709D480068407C48709B48FC
:106D20000068807C887099480068C07CC870FFF754
:106D300078FB02208C49087002E0FFF71FFF054630
:106D40007FE0052C14D1FFF781FF40B19048006827
:106D50008047FFF709FF03208349087013E0FFF71E
:106D600003FF8C480068804700207F4908700AE0D4
:106D7000062C05D1FFF7F8FE01207B49087002E0E0
:106D8000FFF7FCFE05465CE0042583480068401CD4
:106D900020D07D48006880490968B0EB510F19D9AF
:106DA0000024724800787D49087070484078487027
:106DB0006E48807888706D48C078C87078480068E0
:106DC000401C77490860FFF72CFBFFF7CDFE04203D
:106DD0006549087035E033E00425052C24D10020F6
:106DE000704908706D48007860490978884211D16F
:106DF0006A4840785D49497888420BD16748807875
:106E00005A498978884205D16448C0785749C97879
:106E1000884203D00325644800688047FFF7A4FE3A
:106E20000320514908700AE0062C05D1FFF79CFEAB
:106E300001204D49087002E0FFF7A0FE054600E082
:106E400000BF00BF284631E710B54E480078FDF777
:106E5000A7FA06204449087010BD38B504460D460F
:106E600000200090062251494FF41060FEF7B1FA5D
:106E70004E4800784D49497808434C498978084381
:106E80004A49C97808434949097908434749497932
:106E900008430ED14549087008204870DC208870EE
:106EA0000020C8700871487106224FF41060FEF788
:106EB000BDFA34480470354805603D4838490860DB
:106EC000042269464FF47060FEF7B0FA0422694666
:106ED0004FF47060FEF7AAFA042269469001FEF7AB
:106EE000A5FAFFF741FE00201F49087038BD26486B
:106EF0000068401C2449086070471C4909780170EB
:106F00001A49497841701949897881701749C978B7
:106F1000C170704727490978017026494978417046
:106F20002449897881702349C978C1707047224902
:106F3000097801702049497841701F49897881702A
:106F40001D49C978C17070471C49097801701B49F7
:106F5000497841701949897881701849C978C17098
:106F600070470D480068704704030020F4020020B9
:106F7000434845434B5F49505F434F4E464C49435E
:106F800054000000280300200C03002034030020DC
:106F90001C0300202403002008030020F00200202E
:106FA00030030020050300202003002038030020C8
:106FB00078563412F8020020FC0200200003002062
:106FC000014611F8013B18020A78024490B270475A
:106FD0000A1200F8012B00F8011B70472DE9F0435D
:106FE00007468C461C4600250026A846614600BF81
:106FF00011F8013B06B96D1C03F0C000C0280AD18E
:1070000006B96D1C0126087803F03F0900EB092042
:10701000C11911F8013B03B91BE0581C201A04B236
:10702000002C03DA4FF0FF30BDE8F08306B91D44B1
:1070300003E011F8010B02F8010B1800A3F101099C
:107040001FFA89F3F5D12E2002F8010B08F101088F
:10705000CEE700BFB8F1000F04D12E2002F8010BDB
:10706000601E04B2002002F8010B601E04B2284624
:10707000DAE770B593B006460C464B236A462146C4
:107080003046FFF7ABFF0546681C01D113B070BD59
:107090002C44A41CA41C2046F8E72DE9F04193B031
:1070A00080460C4616464B236A4621464046FFF76B
:1070B00095FF0546681C02D113B0BDE8F0812C4451
:1070C0002046FFF77DFF0746A41CA41C241DA41C1A
:1070D000112F59D2DFE807F058091A5858163B17F4
:1070E000181958581B27582E570014F8010B3070E8
:1070F00014F8010B707014F8010BB07014F8010B48
:10710000F07042E000BF00BF00BF00BF00BF4B23D4
:107110006A4621464046FFF761FF0546681C00D1DC
:10712000CAE72C4431E014F8015B2C4414F8015BED
:107130002C442AE0A41C4B236A4621464046FFF714
:107140004DFF0546681C00D1B6E72C441DE04B23DB
:107150006A4621464046FFF741FF0546681C00D1BC
:10716000AAE72C444B236A4621464046FFF736FFE8
:107170000546681C00D19FE72C44241D241D241DB6
:10718000241D241D01E000E000BF00BF204693E75E
:107190002DE9F0470446894692464F461221204683
:1071A0001CF0A1FD3846FFF70BFF2080B81CFFF74D
:1071B00007FF064616F4004F01D00120A070C6F369
:1071C000C320E07016F4806F01D00120207116F406
:1071D000007F01D00120607116F4807F01D0012072
:1071E000A07116F0800F01D00120E07106F00F00B1
:1071F0002072381DFFF7E4FE6081B81DFFF7E0FE46
:10720000A08107F10800FFF7DBFEE08107F10A002B
:10721000FFF7D6FE208207F10C0800250DE041465D
:107220003846FFF726FF8046B8F1000F03D14FF034
:10723000FF30BDE8F087681C85B26089A842EEDCAB
:1072400000250DE0524641463846FFF726FF8046AE
:10725000B8F1000F02D14FF0FF30EAE7681C85B2A9
:10726000A089A842EEDC002501E0681C85B2E08917
:10727000A842FADC002501E0681C85B2208AA842F9
:10728000FADC207A08B90120D3E70020D1E72DE904
:10729000F04F95B081468B4690461C464546744853
:1072A0000088401C72490880084601882846FFF77C
:1072B0008FFE05464FF4807040EAC92080B20190ED
:1072C00028460199FFF784FE054601212846FFF76D
:1072D0007FFE054600212846FFF77AFE054600217D
:1072E0002846FFF775FE054600212846FFF770FE89
:1072F0000546594602A81CF05EFD02AF38461CF058
:1073000037FD1FFA80FA00BF2E2138461CF027FDFA
:10731000064616B1F01B84B200E0544605F8014B56
:1073200004B911E02246394628461CF00CFD2544DC
:107330001EB9002005F8010B06E0601C0744AAEB0B
:1073400000001FFA80FADFE700BF01212846FFF79F
:107350003FFE054601212846FFF73AFE0546A5EB0C
:10736000080000B215B0BDE8F08F4248006803285D
:1073700012D300203F4908603F480078022804DB10
:1073800000203D490870401E70473B480078401C73
:10739000394908700020F7E70120F5E7374A1070F7
:1073A000374A116041F22212314B1A8070472DE9A1
:1073B000F04389B005460F46904600231A46022145
:1073C0002E480078FDF72CF84FF480732C4839468E
:1073D00002680020FFF75BFF86B235202B4632465D
:1073E00000902748016825480078FDF765FB31E0EB
:1073F00022480078FEF77EF8061E17DDB6F5807F7E
:1074000001DD4FF4807602A803AB324600901C48A1
:1074100001681A480078FDF739FC86B242461848E0
:10742000016804A8FFF7B4FE814614E0FFF79DFF52
:107430000446002C03DA002009B0BDE8F0834CB903
:1074400035202B46324600900D4801680B480078E5
:10745000FDF732FBCCE700BF08480078FCF7A0FF3F
:107460004846E9E703480068401C02490860704745
:107470004A0300204C030020400300204803002062
:1074800044030020704770B504240526002514E04D
:10749000FEF728FD0AE0FFF703FC042802D10024D0
:1074A000002601254FF4FA70F9F718FF3000A6F115
:1074B0000101CEB2EFD1FFF7C7FC2000A4F101011A
:1074C000CCB2E5D1284670BD38B504460020009006
:1074D0000422694680481CF061FC30B97E481238AD
:1074E000D0F812002060012038BD0020FCE770B504
:1074F000C0B004460D46012669460220FFF74EFF44
:1075000004F1400221462846FFF751FF012800D030
:1075100000260220FCF744FF304640B070BD2DE944
:10752000F04104460D46904603272EE04FF44A7082
:10753000FDF708FFB8B1132804D017280DD01C2878
:107540001CD10CE02A4621460120FDF76EF8C6B298
:1075500016B90520BDE8F08110E00020FAE701200F
:10756000FCF71EFF0AE02023424601210846FCF7F3
:1075700057FFC6B20EB90620ECE700BF00BF781E69
:1075800087B24FF4FA60F9F7A9FE002FCED106209A
:10759000E0E72DE9F04104460D46002641F2BA37F6
:1075A000FEF7CFFCFEF779FCFEF7A9FC10B901202D
:1075B000BDE8F08148481238807980B946481238D1
:1075C000C07960B944481238007A40B9424812384C
:1075D000407A20B9FFF757FF08B90220E8E73E4894
:1075E0001238FEF797FC08B90320E1E704B11DB992
:1075F0003A48FAF71AFB15E020461CF0B9FB804622
:10760000414636481CF06FFB20461CF0B1FB80461B
:107610004246214631481CF03FFB304800210164BE
:10762000A0F844502C492D48FFF761FF08B9042009
:10763000BEE72A48FFF726FF294800681CF024FB14
:107640001CF018FB4FF47A7190FBF1F201FB120071
:1076500041F28831084487B22048B0F844103A46D5
:107660004030FFF75CFF06460EB10520A0E7002082
:107670009EE770B5002441F2BA351CF0FBFA4FF4D6
:107680007A7190FBF1F201FB120041F2883108445B
:1076900085B20120FDF768F81420F9F71FFE0120DC
:1076A000FCF77EFEFEF72BFC08B9012070BD00F050
:1076B0005EF80A48B0F844102A464030FFF72FFF22
:1076C00004460CB10520F1E700F0A2F808B105204E
:1076D000ECE70020EAE70000201B0020C81A002089
:1076E0004C0000202DE9F04180460D4616461C4610
:1076F0001CF0C0FA00EB80004FF47A7101EB8007B8
:1077000000202060042E01D2BDE8F0812F6004200B
:1077100020600020F8E7014609B1086870470020A2
:10772000FCE770B506460C46154629462046FEF78E
:1077300026FC70BD70B506460D46144600BF2146B6
:107740002846FEF713FC204670BD70B504460D4672
:107750002A462146384805F030F870BD70B5044619
:107760000D462A462146344804F03FFF70BD38B527
:10777000314805F047F8304806F097FD2F4806F0ED
:107780003DFE2F4807F001FF2E4808F0FDF92A487A
:1077900006F072F9294806F0E9FD294807F0EAFEEB
:1077A000284808F0D7F9284800681CF0E1FA044698
:1077B00000902548234A25490368214808F0C6F867
:1077C0002349086000B100BF00231A4619461B4830
:1077D00006F0D3FD1E49086000B100BF0021174824
:1077E00006F010FA164A1B49144806F013FA13491A
:1077F000114806F048F91649086000B100BF0020A2
:10780000154B164A014600900B4806F009FA38BDA0
:1078100010B50A2409E0084806F022FD08B9002046
:1078200010BD4FF4FA70F9F759FD2000A4F10101E1
:107830000CB2F0D10120F3E7E01E0020A41F0020CD
:10784000A01D0020281B00205003002021FD000067
:1078500054030020D3FA000023770000357700009E
:10786000704770B5C2B00446802122A81CF03BFAD4
:107870000025802102A81CF036FA02A8FAF7E3F9E5
:107880002046FAF706FA0AAB02AA9FA120461DF08D
:10789000CDF80AAB02AA9EA104F140001DF0C6F883
:1078A000802122A81CF01FFA22A912A818F0CEFEEF
:1078B000C5B204F140001CF05BFA064622AB04F1AD
:1078C0008002314604F14000009518F04BFE98A16B
:1078D00004F180001CF013FA2046FFF7C1FF42B00C
:1078E00070BD10B505249548FFF7BBFF9448FAF723
:1078F000E1F900BF06E00CB9012010BD4FF47A7029
:10790000F9F7ECFC8D498E4800F0E3F920B1200036
:10791000A4F10101CCB2EED1052406E00CB904209B
:10792000EBE74FF47A70F9F7D9FC854800F01EFABE
:1079300020B12000A4F10101CCB2EFD10020DCE79E
:1079400010B500F0AEFA002801DC022010BD0020C6
:10795000FCE72DE9F04104460D46012705262146A6
:107960007748FAF7ECF977481CF002FA804641466E
:1079700074481CF0B8F928461CF0FAF980464246D3
:10798000294670481CF0DFF96D4880F8407107E027
:1079900016B90320BDE8F0814FF4FA60F9F79EFCB8
:1079A000674800F02AFA20B13000A6F10101CEB2FA
:1079B000EED10020EEE72DE9F04704460D46002702
:1079C000B8460A26B04674E007E04FF4FA70F9F7BB
:1079D00085FC5B4800F066F907460A2F03DA701E43
:1079E000C0B20600F1D1002E60D0214656481CF0EE
:1079F00094F960B921465448001D1CF08EF930B945
:107A000021465148401D1CF088F900284CD04C49B3
:107A1000403120461CF0B4F9A0B94CA14A48401DA1
:107A20001CF07BF900283FD04748401D1CF0A0F90E
:107A300081464A464449491D28461CF02DF9052037
:107A4000BDE8F0873F49863920461CF099F990B986
:107A500040A13D48401D1CF060F928B33A48401D44
:107A60001CF086F981464A463749491D28461CF0D4
:107A700013F90520E4E73349463920461CF080F924
:107A800090B936A13048401D1CF047F960B12E482E
:107A9000401D1CF06DF981464A462B49491D284678
:107AA0001CF0FAF80520CBE7002702E00A2600F0D8
:107AB00011FA5FEA0800A8F1010101F0FF0883D183
:107AC0000620BDE72DE9F04107460C4615461E4647
:107AD00029463846FFF73DFF032801D1BDE8F08174
:107AE0001749403101EB84103146FFF764FF052848
:107AF00000D1F3E70620F1E770B504460D462946AC
:107B00002046FFF726FF70BD257325730000000097
:107B1000257325733B31323031303132363B3131D0
:107B20006664353B3237373935343536303000000E
:107B30003B686D616373686131000000F81F0020CD
:107B4000C82000200E2200200E2A002068747470C5
:107B5000000000006E747074696D6500534A595FCF
:107B6000434F554E5400000070B596B004460D4684
:107B70005822F44968461CF08FF80395B4F8420186
:107B8000ADF8180094F841018DF81A0005F1400095
:107B9000109040301390B4F844116A4604F6461031
:107BA00000F0D3FC0646304616B070BD2DE9F0411A
:107BB000A0B004460D460126642107A81CF093F8E6
:107BC000002004900590069004F1400101EB85101F
:107BD0001CF0CEF8804604F1400000EB85114246CF
:107BE00007A81CF059F807A8049004F5A07004A990
:107BF0000122CDE900210290B4F84411334600225D
:107C000004F6461000F0DFFD0746384620B0BDE818
:107C1000F08170B5A4B0044664210BA81CF063F891
:107C20000020089009900A9020461CF0A1F8064612
:107C3000324621460BA81CF02FF80BA8089004F53B
:107C4000A3701CF095F8064604F5A370CDE905066F
:107C500008A807C802AB07C300200090019094F861
:107C60004031B4F84411024604F6461000F07BFBA4
:107C70000546284624B070BD70B504460D460C225A
:107C80002946204600F047FD70BD08B501464FF07B
:107C9000FF30002200920A788DF80020009AC2F38B
:107CA000031008BD70B504460120FDF723FC05460E
:107CB000002D0CDDB4F8441104F646101CF013F846
:107CC000B4F8441104F64610FFF748FD85B2284683
:107CD00070BD2DE9F04104460F460025A846052653
:107CE0000120FDF707FCC5B22DB1B4F8441104F62C
:107CF0004610FFF733FDB4F8441104F646101BF0AC
:107D0000F2FF39462046FFF72FFF8046414604F632
:107D10004610FFF71AFD3220F9F7E0FA0120FDF7CF
:107D2000E9FBC5B20AE03220F9F7D8FA16B901200A
:107D3000BDE8F0810120FDF7DDFBC5B225B93000BB
:107D4000A6F101018EB2EED1B4F8441104F646104A
:107D5000FFF704FD804604F64610FFF796FFC5B214
:107D6000022D01D00120E3E70020E1E72DE9F041F9
:107D7000044600250026A846052700BF39E0B4F8D0
:107D8000441104F646101BF0AEFF29462046FFF7CB
:107D90000DFF1FFA80F8414604F64610FFF7D5FCA8
:107DA0000120FDF7A7FBC6B20AE03220F9F796FAE8
:107DB00017B90220BDE8F0810120FDF79BFBC6B298
:107DC00026B93800A7F101018FB2EED1B4F8441101
:107DD00004F64610FFF7C2FC1FFA80F804F64610BE
:107DE000FFF753FFC6B2092E01D00220E2E7681C5C
:107DF000C5B2042DC3DB0020DCE72DE9F0410446C9
:107E00000025002705264FF4FA70F9F767FA0120DC
:107E1000FDF770FB05462DB1B4F8441104F6461089
:107E2000FFF79CFCB4F8441104F646101BF05BFF0E
:107E30002046FFF7EEFE0746394604F64610FFF7E8
:107E400084FC94F84001012829D14FF4FA70F9F725
:107E500045FA0120FDF74EFB05460AE0C820F9F778
:107E60003DFA16B90320BDE8F0810120FDF742FB81
:107E7000054625B93000A6F101018EB2EED1B4F865
:107E8000441104F64610FFF769FC074604F6461055
:107E9000FFF7FBFE85B2042D01D00320E3E70020AD
:107EA000E1E710B5B2B0C82168461BF01CFF002402
:107EB0000E22C821684600F02EFC84B22146684696
:107EC000FFF743FC84B2C82168461BF00CFF204634
:107ED00032B010BD70B5B2B0002400260525C8210F
:107EE00068461BF000FFC8216846FFF7C5FE06463E
:107EF00031466846FFF729FC0120FDF7FBFA0446EE
:107F00000AE03220F9F7EAF915B9042032B070BD61
:107F10000120FDF7EFFA044624B92800A5F101017C
:107F20008DB2EED1C8216846FFF718FC06466846B8
:107F3000FFF7ABFE84B20D2C01D00420E6E7002051
:107F4000E4E700003063020030B50246002300BFC2
:107F50000846CD1701EB5565ED11A1EBC515ECB247
:107F6000CD1701EB5565E911002901DD44F08004CE
:107F700018465B1C14540029EADC184630BD2DE974
:107F8000F84305460C46012600270020206000BF6C
:107F90004FF0FF38781C0746042801DD00BF16E0CB
:107FA00001216846A8478046B8F1010F00D00EE0D5
:107FB0009DF8001001F07F01206801FB06002060A1
:107FC000F6019DF8000010F0800FE1D100BF3846A7
:107FD000BDE8F883401C802801DA401C0AE0B0F5B7
:107FE000804F01DA801C05E0D349884201DAC01CC9
:107FF00000E0001D704710B50246002309E0CF489D
:10800000006800781070CD480068401CCB4C2060A0
:108010005B1C8B42F3DB084610BD70B504460D4671
:10802000C64804602946AFF23100FFF7A8FF70BDD3
:1080300030B501460A68537814784FF4807505FB13
:1080400004300B689B1C0B6030BD01460A68107839
:108050000A68521C0A607047026811700268521C5C
:108060000260704710B50A46CB1701EB13631B0A79
:10807000046823700268521C02600A46CB1701EBA9
:1080800013631B12A1EB0323046823700268521CC4
:10809000026010BD70B504460E4630461BF068FE07
:1080A000054629462046FFF7DDFF2A46314620686F
:1080B0001BF0F2FD20682844206070BD10B5014619
:1080C0004A780B784FF4807404FB032010BD1FB571
:1080D0000446029800280DDD20460299FFF7C2FFF2
:1080E000DDE9022120681BF0D7FD206802990844D1
:1080F00020600AE0019820B120460199FFF7CAFFED
:1081000003E000212046FFF7ADFF1FBD2DE9F04140
:1081100005460C46164600272068301A012812DD55
:108120002046FFF785FF6860206869680844B04210
:1081300006D82168A9602068696808442060012782
:108140007FA01CF04FFC002028603846BDE8F0817D
:1081500037B50024009820B100981BF009FE0446B2
:1081600000E0019C20463EBD2DE9F04104460E464C
:108170000027B846206828B1256820681BF0F8FD64
:10818000074601E0A568676830461BF0F1FD8046B0
:10819000474508D13A46314628461BF015FE10B92E
:1081A0000120BDE8F0810020FBE72DE9FC410446F9
:1081B0000F4615464FF0FF38002001900026009032
:1081C00001212046A847012800D01CE0012669466D
:1081D0002846FFF7D4FE601C0099FFF7B5FE064461
:1081E00000983044B84200DD0DE0A0190099A8477E
:1081F0000099884200D006E020788DF804000198AC
:10820000C0F3031800BF4046BDE8FC81F8B5044642
:108210004FF0FF36206918B90120A0600020E0600F
:1082200000BF2069401C2061042800DD1EE00122FF
:108230006946D4E9003098470546401C00D115E056
:108240000DB9002612E09DF8001001F07F01D4E97D
:10825000022001FB0200E060A068C001A0609DF860
:10826000000010F0800FDCD1266900BF3046F8BD59
:108270002DE9F84306460F4614464FF0FF3800201C
:108280000090207D30B1012817D002282FD0002087
:10829000207500BF01223146D4E9003098470546D9
:1082A000401C00D144E015B90020BDE8F88300204F
:1082B0002061207D401C207500BF2046FFF7A6FFEF
:1082C0000546401C00D133E00DB90020EDE7701CDD
:1082D000E168FFF739FE401C2061D4E9030108443E
:1082E000B84200DD24E0207D401C207500BFD4E9A9
:1082F000032C0CEB0601D4E9003098470546401CDE
:1083000000D115E00DB90020CFE7E068401BE06028
:10831000206928442061E06808B10020C5E7307872
:108320008DF800000098C0F3031800BF00BF00BF25
:10833000002020754046B8E7FFFF1F0058030020CB
:10834000000000007FB50546089E002401A807C86C
:10835000FFF7FEFE801C30440444002D00DDA41C09
:10836000204604B070BD2DE9F04F87B005460F469A
:1083700090461C46DDE915B6DDE9109A0695002009
:108380000590049003900096204612A90EC9FFF7AD
:10839000D9FF04900290FFF71DFEB84203DD6FF095
:1083A0000100039033E0059820F0F0003030059094
:1083B000059868F3C3000590059864F342000590A2
:1083C000059869F3000005909DF8141006A8FFF7C2
:1083D00043FE04990698FFF7B7FD069908440690F6
:1083E00006A812A90EC9FFF772FE002C03DD514644
:1083F00006A8FFF737FE3246594606981BF04CFC9C
:108400000698304406900698401B039000BF0398DE
:1084100007B0BDE8F08F2DE9FC4704460E4615462F
:108420001F46DDF828800020019081460094042E2C
:1084300002DA6FF0010924E0019865F3071001905A
:10844000019867F3C3000190062D01D1012100E0DE
:108450000021019861F3420001909DF804106846E4
:10846000FFF7FAFD02210098FFF76EFD009908441E
:10847000009041466846FFF7F5FD0098A0EB04091F
:1084800000BF4846BDE8FC87F8B505460E461446D1
:1084900000230422314628460094FFF7BCFFF8BDB4
:1084A000F8B506460F4614461D46234606223946B1
:1084B00030460095FFF7AFFFF8BDF8B505460E460C
:1084C000144600230722314628460094FFF7A3FFF5
:1084D000F8BD000070B504460025207A032801D1BC
:1084E0000C2503E0207A042800D10A25D4E90412DF
:1084F000E068FFF72DFE801C0544E07E68B1D4E9FA
:108500000A12606AFFF724FE861CD4E90D12206B64
:10851000FFF71EFE3044801C0544206C08B9A06C97
:1085200030B1D4E91112206CFFF712FE801C054413
:10853000E06C08B9606D30B1D4E91412E06CFFF75B
:1085400007FE801C0544284670BD2DE9FE43054604
:108550000E461446029500200190009000274FF02F
:10856000FF382046FFF7B6FF07468146FFF732FD8A
:10857000B04202DD6FF001088FE000208DF80400AA
:10858000019820F0F000103001909DF8041002A82E
:10859000FFF762FD39460298FFF7D6FC02990844BE
:1085A0000290207A042808D177A102A8FFF772FD73
:1085B000042102A8FFF750FD07E075A102A8FFF70C
:1085C00069FD032102A8FFF747FD00208DF8000098
:1085D000A17E009861F341000090E07E08B1012186
:1085E00000E00021009861F3820000900098C0F341
:1085F000800058B194F83D10009861F3C4000090D9
:1086000094F83C10009861F345100090206C08B974
:10861000A06C20B1009820F0800080300090E06CC9
:1086200008B9606D20B1009820F040004030009003
:108630009DF8001002A8FFF70FFD218B02A8FFF79D
:1086400011FD02A8D4E90423E168FFF740FDE07EB4
:1086500058B102A8D4E90A23616AFFF738FD02A8DD
:10866000D4E90D23216BFFF732FD0098C0F3C01051
:1086700028B102A8D4E91123216CFFF728FD009846
:10868000C0F3801028B102A8D4E91423E16CFFF7ED
:108690001EFD0298A0EB050800BF4046BDE8FE8322
:1086A0002DE9FF4704460D461646994600200390E3
:1086B000029600278046009002A8FFF7C6FC8DF8BE
:1086C0000C000398C0F30310022800D01FE001A99A
:1086D0000298FFF7A2FC8046029908440290DDE967
:1086E000011047180298381A022800DA0FE002A891
:1086F000FFF7ABFC8DF800000098C0F3C0102070AD
:1087000002A8FFF7A2FC28704FF0010800BF404606
:1087100004B0BDE8F0872DE9FC4104460D4616463D
:1087200000200190471E0094022D01DA871E15E0FB
:1087300000208DF80400019866F3071001909DF861
:1087400004106846FFF788FC00210098FFF7FCFB47
:108750000099084400900098071B00BF3846BDE808
:10876000FC8170B504460D460E2229462046FFF7CF
:10877000D2FF70BD70B504460D460C222946204636
:10878000FFF7C9FF70BD00004D51545400000000B8
:108790004D514973647000002DE9F04105460E46C5
:1087A000022700240AE004EB440006EB800393E870
:1087B0000700FFF7CDFCC01C0744641CAC42F2DB91
:1087C0003846BDE8F0812DE9FF5F05460E461746A5
:1087D0009846DDE90E9A03950020029001900090E2
:1087E000002451464846FFF7D7FF83460190FFF724
:1087F000F1FBB04202DDA01E009039E000208DF8B0
:108800000800029820F0F00080300290029867F390
:10881000C3000290029820F00600801C02909DF890
:10882000081003A8FFF718FC01990398FFF78CFBC9
:10883000039908440390414603A8FFF713FC002462
:1088400010E004EB44000AEB800C03A89CE80E0047
:10885000FFF73DFC109850F82400C1B203A8FFF7C1
:10886000FBFB641C4C45ECDB0398401B009000BFF5
:10887000009804B0BDE8F09F2DE9FE4F05460E4676
:1088800014461F46DDE90C9B00200290CDF80490B1
:108890008046824601A8FFF7D8FB8DF808000298B1
:1088A000C0F30310092800D02CE069460198FFF7B7
:1088B000B4FB8246019908440190DDE9001000EB09
:1088C00001080198A8EB0000022800DA1AE001A8CC
:1088D000FFF7AEFB2880002020600DE02068B0424A
:1088E00002DD4FF0FF3A0DE001A8FFF7AEFB226872
:1088F000511C216047F8220001984045EED34FF00B
:10890000010A00BF5046BDE8FE8F0000FE48006827
:10891000704770B504460D462CB9AC4201D0012019
:1089200070BD0020FCE70DB90120F9E705E02078D3
:1089300008B90020F4E7641C6D1C20781BF094F942
:10894000064628781BF090F98642F0D020781BF07C
:108950008BF9064628781BF087F9301AE0E770B5E6
:10896000044620461BF004FA451C2846E7490968DE
:108970008847060000D170BD2A46214630461BF0CC
:108980008BF93046F7E730B9E149E04A1160E14937
:10899000E14A11607047016809B1016800E0DC49F3
:1089A000DA4A1160416809B1416800E0D949DA4A00
:1089B000116000BFEEE710B52820D4490968884748
:1089C00004461CB1282120461BF08DF9204610BD1D
:1089D00070B5044622E02568E06810F4807F04D179
:1089E000A06810B1A068FFF7F3FFE06810F4807F83
:1089F00005D1206918B1C849206909688847E0682D
:108A000010F4007F05D1206A18B1C349206A0968B3
:108A100088472046C049096888472C46002CDAD18F
:108A200070BD2DE9F04F8BB083468A460020044686
:108A300005460026B94F0021884689460990012045
:108A400008909AF800002D2802D1B54F0AF1010ACA
:108A50009AF80000302801D10AF1010A9AF80000C2
:108A6000312822DB9AF8000039281EDC00BF1AF8F2
:108A7000011BA1F130001BF09FFB0022A94BCDE9A7
:108A80000601204629461BF027FBCDE90401DDE95C
:108A900006231BF07BFA04460D469AF800003028A6
:108AA00003DB9AF800003928E1DD9AF800002E284F
:108AB00030D19AF8010030282CDB9AF801003928CF
:108AC00028DC0AF1010A00BF1AF8011BA1F13000ED
:108AD0001BF072FB0022934BCDE90601204629468C
:108AE0001BF0FAFACDE90401DDE906231BF04EFA8A
:108AF00004460D460022894B404649461BF0E6FAE3
:108B0000804689469AF80000302803DB9AF8000076
:108B10003928D9DD9AF80000652803D09AF80000BA
:108B2000452823D10AF1010A9AF800002B2802D126
:108B30000AF1010A08E09AF800002D2804D14FF04C
:108B4000FF3008900AF1010A08E01AF8010B3038EA
:108B5000099901EB810100EB410009909AF80000AE
:108B6000302803DB9AF800003928EEDDDDE9082122
:108B700001FB02F01BF020FB42464B46CDE9000111
:108B80001BF004FA02460B46CDE9020100206549BC
:108B90001CF01EFD22462B46CDE906013046394623
:108BA0001BF09AFACDE90401DDE906231BF094FAE3
:108BB00004460D46CBE90645204629461BF00DFB31
:108BC000CBF814000320CBF80C0050460BB0BDE8E6
:108BD000F08F0146491E41EA610141EAA10141EAE3
:108BE000211141EA212141EA2141481C70472DE928
:108BF000F04104460E460CB1206810B90020BDE8D3
:108C0000F081A06806446068B04203DBA168206878
:108C10000844F4E73046FFF7DCFF074638463B4997
:108C20000968884705463DB93B4920680968884777
:108C3000002060602060E2E725B12846D4E90012F8
:108C40001BF02AF834492068096888476760256066
:108C5000A0682844D3E770B504460CB1206808B971
:108C6000002070BDA1682068451828461BF080F8D8
:108C7000A1680844F5E72DE9FC47824688464FF095
:108C80000009DAE9064500221346204629461BF072
:108C9000F1FA15D1B8F1000F05D002214046FFF7D7
:108CA000A6FF814604E002201849096888478146EA
:108CB000B9F1000F03D01CA00088A9F80000A3E0C0
:108CC000DAF814001BF078FA064622462B461BF011
:108CD000FDF921F000410022144BCDE900011BF009
:108CE000C9FA40D8124A134B204629461BF0C2FA53
:108CF00039D80022104B204629461BF0CFFA32D833
:108D0000B8F1000F20D019E0640300205C030020BC
:108D10006555020015550200600300200000F03F79
:108D20000000F0BF00002440300000000000B03C14
:108D30000000C0FFFFFFDF410000E0C115214046F9
:108D4000FFF755FF814604E01520FB490968884775
:108D50008146B9F1000F57D0F8A14846DAF814203F
:108D60001BF064FE50E0B8F1000F05D040214046F2
:108D7000FFF73DFF814604E04020EF49096888473E
:108D80008146B9F1000F3FD0204629461CF054FB24
:108D9000064622462B461BF099F921F0004100229D
:108DA000E74BCDE900011BF065FA0FD825F0004133
:108DB0002646E44AE44B30461BF05CFA06D22246D3
:108DC0002B46E2A148461BF031FE1DE025F0004194
:108DD0002646E04AE04B30461BF04CFA07D325F01C
:108DE00000410022DD4B30461BF058FA06D22246E5
:108DF0002B46DBA148461BF019FE05E022462B4618
:108E0000D8A148461BF012FE4846BDE8FC87014643
:108E100000220878302806DB0878392803DC087837
:108E20003038024415E00878412806DB08784628E7
:108E300003DC0878373802440BE00878612806DB49
:108E40000878662803DC08785738024401E00020DF
:108E500070471201491C0878302806DB0878392849
:108E600003DC08783038024415E00878412806DB36
:108E70000878462803DC0878373802440BE0087885
:108E8000612806DB0878662803DC08785738024436
:108E900001E00020DCE71201491C0878302806DBDD
:108EA0000878392803DC08783038024415E008785F
:108EB000412806DB0878462803DC08783738024466
:108EC0000BE00878612806DB0878662803DC087860
:108ED0005738024401E00020BAE71201491C087823
:108EE000302806DB0878392803DC0878303802445B
:108EF00015E00878412806DB0878462803DC087866
:108F0000373802440BE00878612806DB08786628C9
:108F100003DC08785738024401E0002098E7104647
:108F200096E72DE9F05F8346884608F101040027A3
:108F300098F80000222805D08B48C0F80080002057
:108F4000BDE8F09F04E014F8011B5C2900D1641C0B
:108F50002078222804D0207810B1781C0700F2D1A4
:108F6000781C7549096888478146B9F1000F01D11D
:108F70000020E5E708F101044D469EE020785C28DA
:108F800004D014F8010B05F8010B96E0641C20785E
:108F9000722818D006DC622809D066280BD06E280B
:108FA0007ED10CE0742812D07528F9D113E0082086
:108FB00005F8010B7FE00C2005F8010B7BE00A208F
:108FC00005F8010B77E00D2005F8010B73E009208F
:108FD00005F8010B6FE0601CFFF719FF0646241D22
:108FE000B6F55C4F02D3B6F5604F00D306B962E028
:108FF000B6F5584F1CD3B6F55C4F19D260785C2893
:1090000002D1A078752800D055E0E01CFFF7FFFEE4
:109010008246A41DBAF55C4F02D3BAF5604F00D367
:1090200049E0C6F30901504661F39F2000F5803600
:109030000427802E01D2012708E0B6F5006F01D287
:10904000022703E0B6F5803F00D203273D44012FFD
:1090500020D0022F15D0032F0AD0042F24D106F0E0
:10906000BF0040F08001681E05460170B60900BFD0
:1090700006F0BF0040F08001681E05460170B60989
:1090800000BF06F0BF0040F08001681E0546017079
:10909000B60900BF3548C05D3043C1B2681E00E06C
:1090A00005E00546017000BF00BF3D4403E02078A5
:1090B00005F8010B00BF00BF641C2078222803D0F4
:1090C000207800287FF45AAF0020287020782228CA
:1090D00000D1641CCBF810900420CBF80C00204683
:1090E0002EE72DE9F05F804689460027BB464546BE
:1090F00011E02878002802DD2878202805DB287870
:10910000222802D028785C2801D1012000E000202C
:1091100040EA0B0B6D1C28780028EAD1BBF1000F48
:109120003ED1A5EB0807B9F1000F21D0F91C484644
:10913000FFF75DFD064620E05C030020256400008B
:109140000000B03C44F3C2E4E4E9634C252E3066F1
:10915000000000008DEDB5A0F7C6B03E65CDCD4155
:109160002565000025660000640300208863020076
:10917000F81CFD4909688847064616B90020BDE875
:10918000F09F3446222004F8010B414620461AF095
:1091900012FE2220E0550021781C21543046EEE7D3
:1091A000B8F1000F16D1B9F1000F05D003214846E0
:1091B000FFF71DFD064604E00320EB4909688847D8
:1091C00006460EB90020DAE7E8A130461AF0F3FDB2
:1091D0003046D4E745460BE05146E5A01AF0BFFD06
:1091E00008B17F1C03E0BAF1200F00DA7F1D6D1C6F
:1091F00095F800A0BAF1000F02D0781C0700EBD15F
:10920000B9F1000F05D0F91C4846FFF7F0FC0646FF
:1092100004E0F81CD4490968884706460EB90020C6
:10922000ADE734464546222004F8010B47E0287894
:109230001F280ADD2878222807D028785C2804D047
:1092400015F8010B04F8010B39E05C2004F8010B60
:1092500015F8011B8A460C2919D006DC082912D002
:10926000092920D00A2922D115E00D2917D0222959
:1092700005D05C291BD15C2004F8010B1EE02220E4
:1092800004F8010B1AE0622004F8010B16E06620D6
:1092900004F8010B12E06E2004F8010B0EE07220BE
:1092A00004F8010B0AE0742004F8010B06E05246B2
:1092B000B1A120461BF0BAFB641D00BF00BF287897
:1092C0000028B4D1222004F8010B002004F8010B7F
:1092D000304654E770B504460D4629462069FFF72D
:1092E00000FF70BD00E0401C20B1017811B1017891
:1092F0002029F8DD70472DE9F04706460C46207816
:109300007B2804D09E4804600020BDE8F08706203A
:10931000F060601CFFF7E6FF044620787D2801D14D
:10932000601CF2E7FFF747FB0546B060B06808B97C
:109330000020EAE72046FFF7D5FF80464146284651
:10934000FFF7EFFD0746FFF7CDFF04460CB90020FD
:10935000DBE7286928620020286120783A2803D0BA
:10936000874804600020D0E7601CFFF7BBFF804601
:109370004146284600F099F80746FFF7B3FF044638
:109380000CB90020C1E731E0FFF715FB070000D161
:10939000BBE72F607D603D46601CFFF7A3FF814661
:1093A00049462846FFF7BDFD8046FFF79BFF044670
:1093B0000CB90020A9E728692862002028612078DC
:1093C0003A2803D06E48046000209EE7601CFFF737
:1093D00089FF81464946284600F067F88046FFF736
:1093E00081FF04460CB900208FE700BF20782C28AD
:1093F000CAD020787D2801D1601C86E760480460CF
:10940000002082E72DE9F04705460C4620785B28CE
:1094100004D05B4804600020BDE8F0870520E860C8
:10942000601CFFF75FFF044620785D2801D1601CB7
:10943000F2E7FFF7C0FA0646A860A86808B900205E
:10944000EAE72046FFF74EFF80464146304600F0EF
:109450002CF80746FFF746FF04460CB90020DBE76F
:1094600017E0FFF7A8FA070000D1D5E737607E6064
:109470003E46601CFFF736FF81464946304600F005
:1094800014F88046FFF72EFF04460CB90020C3E70E
:1094900000BF20782C28E4D020785D2801D1601C02
:1094A000BAE7374804600020B6E770B505460C46B9
:1094B0000CB9002070BD042232A120461AF084FCB1
:1094C00018B90220E860201DF4E705222FA12046EC
:1094D0001AF07AFC18B90020E860601DEAE704225F
:1094E0002CA120461AF070FC20B90120E8606861C8
:1094F000201DDFE72078222804D121462846FFF7E7
:1095000010FDD7E720782D2805D02078302807DBFC
:109510002078392804DC21462846FFF782FAC9E77B
:1095200020785B2804D121462846FFF76BFFC1E76E
:1095300020787B2804D121462846FFF7DCFEB9E7D6
:109540000F4804600020B5E72DE9F04780460D463E
:1095500016460024FFF72FFA074600200849086046
:10956000E7B9BDE8F08700005C030020222200007C
:10957000225C080C0A0D09007525303478000000C3
:10958000640300206E756C6C0000000066616C73F3
:109590006500000074727565000000004046FFF72A
:1095A000A1FE814649463846FFF77FFF04462CB9A5
:1095B0003846FFF70DFA0020BDE8F08766B1204677
:1095C000FFF790FE0446207830B13846FFF700FAE6
:1095D000FE4804600020EFE705B12C603846EBE759
:1095E00010B50446002211462046FFF7ADFF10BD1E
:1095F0002DE9FF4F89B0884616461F460020089087
:10960000079006904FF0070A00250998D0F80890B7
:10961000002002900190009004E00298401C02900B
:10962000D9F80090B9F1000FF7D10298002835D190
:1096300057B116B108F1040000E003200146384696
:10964000FFF7D5FA069009E016B108F1040100E031
:1096500003210846DE49096888470690069818B92C
:1096600000200DB0BDE8F08F069C7B2004F8010BB4
:1096700066B10A2004F8010B002503E0092004F874
:10968000010B6D1CA8F10100A842F7DC7D2004F855
:10969000010B002004F8010B0698E2E7002F77D0B9
:1096A000BD680EB1022000E0012082460AF10101EE
:1096B0003846FFF79CFA04460CB90020D1E77B201E
:1096C00004F8010B16B10A2004F8010B00202070E9
:1096D000B8685044B8600998D0F8089008F10108BB
:1096E00068E0B6B141463846FFF781FA04460CB946
:1096F0000020B6E70020039005E0092004F8010BE4
:109700000398401C039003984045F6DBB86840443A
:10971000B8603946D9F82000FFF7E3FC3846FFF778
:109720009AFAB8600EB1022000E00120824651464C
:109730003846FFF75CFA04460CB9002091E73A205E
:1097400004F8010B16B1092004F8010BB868504465
:10975000B8603B4632464146484600F078FA384603
:10976000FFF779FAB8600EB1012000E00020D9F8C7
:10977000001009B1012100E0002100EB010A0AF10B
:1097800001013846FFF733FA044614B9002068E7B0
:1097900034E0D9F8000010B12C2004F8010B16B108
:1097A0000A2004F8010B00202070B8685044B8600B
:1097B000D9F80090B9F1000F93D116B108F101006A
:1097C00000E0022001463846FFF711FA04460CB9C2
:1097D000002046E74EB1002503E0092004F8010B04
:1097E0006D1CA8F10100A842F7DC7D2004F8010BF4
:1097F0000020207038682844069005E1029988000E
:109800007349096888470890089808B9002028E734
:10981000029988006E49096888470790079828B917
:109820006C4908980968884700201AE70298810067
:1098300008981AF058FA0298810007981AF053FA1B
:109840000998D0F8089008F1010806B1C2442EE04A
:109850000021D9F82000FFF744FC0490079941F853
:109860002500002332464146484600F0F0F92946DB
:109870006D1C0590089A42F82100049898B105984B
:1098800088B105981AF074FA834604981AF070FAB1
:109890000BEB0001891C16B108F1020000E000206A
:1098A0000844824401E001200190D9F80090B9F108
:1098B000000FCDD1019820B9504645490968884725
:1098C0000690069808B901200190019818B3002568
:1098D00014E0079850F8250028B1079951F82500A1
:1098E0003C4909688847089850F8250028B108992C
:1098F00051F825003749096888476D1C0298854250
:10990000E7DB3449079809688847324908980968AD
:1099100088470020A5E67B21069801700698441C24
:1099200016B10A2004F8010B00202070002548E041
:109930005EB10020039005E0092004F8010B0398B4
:10994000401C039003984045F6DB079951F8250029
:109950001AF00EFA0090079850F825102046009A49
:109960001AF09AF9009804443A2004F8010B16B151
:10997000092004F8010B089850F8251020461AF029
:109980001AFA089951F825001AF0F2F904440298DD
:10999000401EA84202D02C2004F8010B16B10A2068
:1099A00004F8010B00202070079951F8250009499F
:1099B00009688847089951F82500064909688847C9
:1099C0006D1C02988542B3DB024905E06403002068
:1099D0005C03002060030020079809688847F84965
:1099E0000898096888474EB1002503E0092004F86B
:1099F000010B6D1CA8F10100A842F7DC7D2004F8E2
:109A0000010B002004F8010B06982AE62DE9FF4F10
:109A100085B092461E464FF0000B05200390059836
:109A2000D0F80880D946002500200290019003E07C
:109A300009F10109D8F80080B8F1000FF8D1B9F1A7
:109A4000000F16D12EB103213046FFF7D0F8834620
:109A500004E00320DB49096888478346BBF1000F17
:109A600003D0D9A158461AF0A6F9584609B0BDE866
:109A7000F08F002E57D0B56801213046FFF7B7F8B8
:109A800004460CB90020F1E75B202070B068401C50
:109A9000B0600598D0F808802EE03346524606990B
:109AA000491C404600F0D3F83046FFF7D4F8B060C8
:109AB000D8F80000F0B1BAF1000F01D0022000E0A8
:109AC000012003900399491C3046FFF790F80446A3
:109AD0000CB90020CAE72C2004F8010BBAF1000FE2
:109AE00002D0202004F8010B00202070B1680398F8
:109AF0000844B060D8F80080B8F1000F02D0029896
:109B00000028CAD002213046FFF771F804460CB98C
:109B10000020ABE75D2004F8010B002020703068C6
:109B200000EB050B91E04FEA8900A64909688847D8
:109B300007460FB9002099E74FEA890138461AF025
:109B4000D2F80598D0F8088021E000235246069903
:109B5000491C404600F07BF8049029466D1C04988F
:109B600047F82100049870B104981AF001F9801C9C
:109B7000BAF1000F01D0012100E000210144039857
:109B80000844039001E001200290D8F80080B8F169
:109B9000000F02D002980028D7D0029820B9894936
:109BA0000398096888478346BBF1000F01D1012063
:109BB0000290029890B1002508E057F8250020B1E6
:109BC00057F825007E49096888476D1C4D45F4DB30
:109BD00038467B4909688847002047E75B208BF8B7
:109BE00000000BF1010400202070002521E057F84F
:109BF00025001AF0BDF8019057F825102046019A6B
:109C00001AF04AF801980444A9F10100A8420AD0C8
:109C10002C2004F8010BBAF1000F02D0202004F828
:109C2000010B0020207057F8250065490968884716
:109C30006D1C4D45DBDB38466149096888475D206E
:109C400004F8010B002004F8010B58460EE72DE93B
:109C5000F04104460F4690461D46002614B90020E8
:109C6000BDE8F081002D4AD0E068C0B2072845D297
:109C7000DFE800F0101C04282E343C0005212846A3
:109C8000FEF7B5FF064626B1AFF2087130461AF06E
:109C900092F833E006212846FEF7A9FF064626B1D2
:109CA000AFF2187130461AF086F827E005212846F1
:109CB000FEF79DFF064626B1AFF2287130461AF036
:109CC0007AF81BE029462046FEF7D5FF064615E048
:109CD00029462046FFF7FEFA06460FE02B4642468D
:109CE00039462046FFF792FE064607E02B464246DD
:109CF00039462046FFF77CFC064600BF38E0E068A6
:109D0000C0B2072833D2DFE800F00A1004161C2284
:109D10002A00AFF29070FEF722FE064627E0AFF26F
:109D20009470FEF71CFE064621E0AFF29870FEF735
:109D300016FE06461BE000212046FEF79CFF064665
:109D400015E000212046FFF7C5FA06460FE0002384
:109D5000424639462046FFF759FE064607E00023F3
:109D6000424639462046FFF743FC064600BF00BF87
:109D7000304675E710B504460023012219462046F7
:109D8000FFF765FF10BD10B5044600231A461946BB
:109D90002046FFF75CFF10BDFEB505460C46164693
:109DA00020460849096888470090019400200290E5
:109DB0006B46324600212846FFF749FFFEBD0000F2
:109DC000600300205C0300205B5D000001468A68A0
:109DD000002001E0401C1268002AFBD170470246B7
:109DE000906801E0491E006808B10029FADC70475C
:109DF00070B505460E46AC6800E024682CB13146CB
:109E0000206AFEF786FD0028F7D1204670BD01606C
:109E10004860704770B50546FEF7CDFD04460CB9A5
:109E2000002070BD28222946204619F035FF002069
:109E30002062E06840F48070E06000206060206094
:109E40002046EEE770B505460E46AC6806B970BD13
:109E50000CB9AE6009E000E0246814B12068002865
:109E6000FAD131462046FFF7D2FF00BFEFE770B5C9
:109E700006460D46144604B970BD206A18B1F7496C
:109E8000206A096888472846FEF769FD2062214656
:109E90003046FFF7D7FF00BFEEE770B506460D4628
:109EA000144604B970BDE06810F4007F05D1206A43
:109EB00018B1EA49206A096888472562E06840F4D9
:109EC0000070E06021463046FFF7BCFF00BFE9E7C5
:109ED00070B505460C462046FFF79CFF0646314606
:109EE0002846FFF7AFFF70BD2DE9F04105460E464D
:109EF00014462046FFF78EFF07463A46314628466D
:109F0000FFF7B5FFBDE8F08110B502460B4691683A
:109F100001E009685B1E09B1002BFADC09B90020D9
:109F200010BD486810B1D1E900042060086810B184
:109F3000D1E9004060609068884201D10868906073
:109F40000020086048600846EAE770B504460D4600
:109F500029462046FFF7D8FF0646FEF739FD70BDBB
:109F60002DE9F04105460F460026AC6801E0761C5D
:109F700024682CB13946206AFEF7CBFC0028F6D1C4
:109F80002CB131462846FFF7BFFFBDE8F081002025
:109F9000FBE770B504460D4629462046FFF7E0FF73
:109FA0000646FEF715FD70BD2DE9F04106460F4649
:109FB0001446B56801E02D687F1E0DB1002FFADC54
:109FC0002DB921463046FFF73DFFBDE8F081256001
:109FD000686860606C60B068A84201D1B46001E05C
:109FE0006068046000BFF0E72DE9F04106460F46C7
:109FF0001446B56801E02D687F1E0DB1002FFADC14
:10A000000DB9BDE8F081286820606868606020684C
:10A0100008B120684460B068A84201D1B46001E092
:10A02000606804600020686028602846FEF7D0FC65
:10A0300000BFE6E72DE9F04105460E4617464FF012
:10A040000008AC6802E008F1010824682CB1314630
:10A05000206AFEF75EFC0028F5D144B13046FEF7D9
:10A060007EFC38623A4641462846FFF7BDFFBDE810
:10A07000F08110B5FEF79FFC04460CB10220E060B1
:10A08000204610BD10B5FEF796FC04460CB1012029
:10A09000E060204610BD10B5FEF78DFC04460CB103
:10A0A0000020E060204610BD70B50546FEF783FC39
:10A0B000044624B10DB1012000E00020E0602046FC
:10A0C00070BD70B504460D46FEF775FC064646B1F8
:10A0D0000320F060C6E90645204629461AF07DF8BF
:10A0E0007061304670BD70B50546FEF764FC0446ED
:10A0F0002CB10420E0602846FEF731FC20612046A8
:10A1000070BD10B5FEF757FC04460CB10520E060A9
:10A11000204610BD10B5FEF74EFC04460CB10620DB
:10A12000E060204610BD2DE9F05F81468A46002799
:10A13000BB46FFF7E6FF8046002611E059F82600EF
:10A140001AF03AF80446FFF7BCFF074616B9C8F8FC
:10A15000087003E039465846FFF759FEBB46761CA7
:10A16000B8F1000F01D05645E8DB4046BDE8F09F4E
:10A170002DE9F05F81468A460027BB46FFF7C1FF05
:10A180008046002611E059F826001AF05DF80446D2
:10A19000FFF797FF074616B9C8F8087003E039467D
:10A1A0005846FFF734FEBB46761CB8F1000F01D0CD
:10A1B0005645E8DB4046BDE8F09F2DE9F0470746ED
:10A1C00088460025A946FFF79CFF0646002410E0BC
:10A1D00007EBC400D0E900211046FFF772FF0546E7
:10A1E0000CB9B56003E029464846FFF710FEA946C2
:10A1F000641C0EB14445EBDB3046BDE8F0872DE929
:10A20000F047074688460025A946FFF77AFF06462D
:10A2100000240DE057F82400FFF765FF05460CB950
:10A22000B56003E029464846FFF7F1FDA946641CE6
:10A230000EB14445EEDB3046BDE8F0872DE9F0472E
:10A24000054689464FF0000815B90020BDE8F087A3
:10A25000FEF7B1FB04461CB90020F7E760030020BD
:10A26000E86820F48070E06068696061D5E9060103
:10A27000C4E90601286950B12869FEF770FB206126
:10A28000206920B92046FEF7A3FB0020DEE7286AFC
:10A2900050B1286AFEF763FB2062206A20B920468D
:10A2A000FEF796FB0020D1E7B9F1000F01D120465F
:10A2B000CCE7AF6816E001213846FFF7BFFF06463E
:10A2C00026B92046FEF784FB0020BFE7B8F1000F57
:10A2D00005D0C8F80060C6F80480B04601E0A6606A
:10A2E000B0463F68002FE6D12046AFE7014655E073
:10A2F0000278202A01D1401C50E00278092A01D1BD
:10A30000401C4BE002780D2A01D1401C46E0027847
:10A310000A2A01D1401C41E002782F2A0BD1427851
:10A320002F2A08D100E0401C0278002A36D002789B
:10A330000A2A33D0F7E702782F2A0ED142782A2A48
:10A340000BD100E0401C02782AB102782A2AF9D108
:10A3500042782F2AF6D1801C20E00278222A19D1D7
:10A3600010F8012B01F8012B0AE002785C2A03D1D6
:10A3700010F8012B01F8012B10F8012B01F8012B2B
:10A38000027812B10278222AEFD110F8012B01F8DD
:10A39000012B03E010F8012B01F8012B0278002AB1
:10A3A000A6D10A707047000010B5044600BF00BF78
:10A3B0004FF48C71204619F096FC10BD10B5044680
:10A3C00004B910BD4FF48C71204600F07FFF00BF30
:10A3D000F7E7F0B503460C46154600BF00BF00BFC7
:10A3E00000BF802D05D0C02D06D0B5F5807F09D1E6
:10A3F00005E00A20186008E00C20186005E00E2037
:10A40000186002E06FF01F00F0BD00BF03F108010B
:10A410005960002216E014F82200012606EB82069D
:10A42000A65D40EA0620022606EB8206A65D40EA0B
:10A430000640032606EB8206A65D40EA066041F868
:10A440002200521CB2EB551FE5D318680A2804D02D
:10A450000C2831D00E282ED165E0002229E0FE4ED6
:10A4600056F8226008687040CE68C6F30726FB4F96
:10A47000BE5D7040CE68C6F30746BE5D80EA062624
:10A48000C868000E385C86EA0040CE68F6B2BE5D51
:10A4900080EA066008610E694868704048614E694C
:10A4A0008868704088618E69C8687040C861521CB5
:10A4B00010310A2AD3D388E0002231E0E64E56F864
:10A4C0002260086870404E69C6F30726E34FBE5D00
:10A4D00070404E69C6F30746BE5D80EA06264869AD
:10A4E000000E385C86EA00404E69F6B2BE5D80EA36
:10A4F000066088618E6948687040C861CE69886866
:10A50000704008620E6AC868704048624E6A086906
:10A51000704088628E6A48697040C862521C183167
:10A52000082ACBD351E000224CE0CB4E56F82260F3
:10A5300008687040CE69C6F30726C84FBE5D7040FC
:10A54000CE69C6F30746BE5D80EA0626C869000EDE
:10A55000385C86EA0040CE69F6B2BE5D80EA0660ED
:10A5600008620E6A4868704048624E6A88687040A7
:10A5700088628E6AC8687040C862CE6AF6B2BE5DF4
:10A5800008697040CE6AC6F30726BE5D80EA0620E1
:10A59000CE6AC6F30746BE5D80EA0646C86A000E6C
:10A5A000385C86EA006008630E6B48697040486357
:10A5B0004E6B8869704088638E6BC8697040C86351
:10A5C000521C2031072AB0D300BF00BF00201BE778
:10A5D0002DE9F04FC7B006468A46934600BF00BF3C
:10A5E00000BF00BF01A8FFF7DFFE06F10805756098
:10A5F0005A46514601A8FFF7ECFE5FEA000900D079
:10A6000049E001983060DDE9011000EB011401CC54
:10A6100001C501CC01C501CC01C501CC01C5306823
:10A62000471E203C2CE04FF0000824E02068C0B218
:10A630008A49085C8A4951F820002168C1F3072142
:10A64000864A515C874A52F8211048402168C1F37C
:10A650000741824A515C844A52F8211048402168DF
:10A66000090E7E4A515C814A52F82110484001C5CA
:10A6700008F10108241DB8F1040FD7DB7F1E203C30
:10A68000002FD0DC01CC01C501CC01C501CC01C536
:10A6900001CC01C500BF01A8FFF790FE484647B0B6
:10A6A000BDE8F08FF0B589B006460C4615467068D7
:10A6B00008902078617840EA0120A17840EA0140C2
:10A6C000E17840EA01600790089800680899091D40
:10A6D00008910799484007902079617940EA012064
:10A6E000A17940EA0140E17940EA016006900898CA
:10A6F00000680899091D0891069948400690207A3B
:10A70000617A40EA0120A17A40EA0140E17A40EA18
:10A7100001600590089800680899091D089105993D
:10A7200048400590207B617B40EA0120A17B40EA04
:10A730000140E17B40EA01600490089800680899B4
:10A74000091D089104994840049001213068C1EB2B
:10A75000600719E100BF089800680899091D089171
:10A760000799C9B2424A52F8211048404149069A15
:10A77000C2F3072251F8221048403F49059AC2F31C
:10A78000074251F8221048400499090E3B4A52F8FA
:10A79000211048400390089800680899091D089105
:10A7A0000699C9B2324A52F8211048403149059AF7
:10A7B000C2F3072251F8221048402F49049AC2F3ED
:10A7C000074251F8221048400799090E2B4A52F8C7
:10A7D000211048400290089800680899091D0891C6
:10A7E0000599C9B2224A52F8211048402149049AD9
:10A7F000C2F3072251F8221048401F49079AC2F3BA
:10A80000074251F8221048400699090E1B4A52F897
:10A81000211048400190089800680899091D089186
:10A820000499C9B2124A52F8211048401149079AB6
:10A83000C2F3072251F8221048400F49069AC2F38A
:10A84000074251F8221048400599090E0B4A52F868
:10A8500021104840009013E09085020090630200B0
:10A860009075020090790200907D020090810200B4
:10A870009064020090680200906C020090700200E8
:10A8800000BF00BF089800680899091D0891039946
:10A89000C9B2FE4A52F821104840FD49029AC2F35B
:10A8A000072251F822104840FA49019AC2F30742A0
:10A8B00051F8221048400099090EF74A52F8211029
:10A8C00048400790089800680899091D0891029966
:10A8D000C9B2EE4A52F821104840ED49019AC2F33C
:10A8E000072251F822104840EA49009AC2F3074271
:10A8F00051F8221048400399090EE74A52F82110F6
:10A9000048400690089800680899091D0891019927
:10A91000C9B2DE4A52F821104840DD49009AC2F31C
:10A92000072251F822104840DA49039AC2F307423D
:10A9300051F8221048400299090ED74A52F82110C6
:10A9400048400590089800680899091D08910099E9
:10A95000C9B2CE4A52F821104840CD49039AC2F3F9
:10A96000072251F822104840CA49029AC2F307420E
:10A9700051F8221048400199090EC74A52F8211097
:10A980004840049000BF7F1E002F3FF7E3AE00BF9A
:10A99000089800680899091D08910799C9B2BB4A2F
:10A9A00052F821104840BA49069AC2F3072251F8DA
:10A9B00022104840B749059AC2F3074251F82210C5
:10A9C00048400499090EB44A52F8211048400390B7
:10A9D000089800680899091D08910699C9B2AB4A00
:10A9E00052F821104840AA49059AC2F3072251F8AB
:10A9F00022104840A749049AC2F3074251F8221096
:10AA000048400799090EA44A52F821104840029084
:10AA1000089800680899091D08910599C9B29B4AD0
:10AA200052F8211048409A49049AC2F3072251F87B
:10AA3000221048409749079AC2F3074251F8221062
:10AA400048400699090E944A52F821104840019056
:10AA5000089800680899091D08910499C9B28B4AA1
:10AA600052F8211048408A49079AC2F3072251F848
:10AA7000221048408749069AC2F3074251F8221033
:10AA800048400599090E844A52F821104840009028
:10AA900000BF089800680899091D08910399C9B278
:10AAA0007E4A515C48401146029AC2F30722895CF3
:10AAB00080EA01217948019AC2F30742805C81EA69
:10AAC00000410098000E754A105C81EA0060079012
:10AAD000089800680899091D08910299C9B2515C4B
:10AAE00048401146019AC2F30722895C80EA01209E
:10AAF0006A49009AC2F30742895C80EA01410398DF
:10AB0000000E664A105C81EA0060069008980068B2
:10AB10000899091D08910199C9B2515C4840114634
:10AB2000009AC2F30722895C80EA01215B48039AFC
:10AB3000C2F30742805C81EA00410298000E574A46
:10AB4000105C81EA00600590089800680899091D6A
:10AB500008910099C9B2515C48401146039AC2F36A
:10AB60000722895C80EA01214C48029AC2F307421D
:10AB7000805C81EA00410198000E484A105C81EA3D
:10AB800000600490079828700798000A687007987A
:10AB9000000CA8700798000EE870069828710698B7
:10ABA000000A68710698000CA8710698000EE871FA
:10ABB000059828720598000A68720598000CA8721A
:10ABC0000598000EE872049828730498000A6873C8
:10ABD0000498000CA8730498000EE873042107A8D9
:10ABE00000F074FB042106A800F070FB042105A806
:10ABF00000F06CFB042104A800F068FB042103A80A
:10AC000000F064FB042102A800F060FB042101A80D
:10AC100000F05CFB0421684600F058FB042108A802
:10AC200000F054FB002009B0F0BD70B504460D469D
:10AC30001646324629462046FFF734FD70BDF0B572
:10AC400089B006460C4615467068089020786178F1
:10AC500040EA0120A17840EA0140E17840EA016041
:10AC60000790089800680899091D089107994840BD
:10AC700007902079617940EA0120A17940EA0140FA
:10AC8000E17940EA01600690089809E090640200CA
:10AC900090680200906C02009070020090630200C5
:10ACA00000680899091D0891069948400690207A85
:10ACB000617A40EA0120A17A40EA0140E17A40EA63
:10ACC00001600590089800680899091D0891059988
:10ACD00048400590207B617B40EA0120A17B40EA4F
:10ACE0000140E17B40EA01600490089800680899FF
:10ACF000091D089104994840049001213068C1EB76
:10AD0000600704E100BF089800680899091D0891D0
:10AD10000799C9B2FE4A52F821104840FD49049AE9
:10AD2000C2F3072251F822104840FB49059AC2F3AA
:10AD3000074251F8221048400699090EF74A52F886
:10AD4000211048400390089800680899091D08914F
:10AD50000699C9B2EE4A52F821104840ED49079AC7
:10AD6000C2F3072251F822104840EB49049AC2F37B
:10AD7000074251F8221048400599090EE74A52F857
:10AD8000211048400290089800680899091D089110
:10AD90000599C9B2DE4A52F821104840DD49069AA9
:10ADA000C2F3072251F822104840DB49079AC2F348
:10ADB000074251F8221048400499090ED74A52F828
:10ADC000211048400190089800680899091D0891D1
:10ADD0000499C9B2CE4A52F821104840CD49059A8B
:10ADE000C2F3072251F822104840CB49069AC2F319
:10ADF000074251F8221048400799090EC74A52F8F5
:10AE000021104840009000BF00BF089800680899D2
:10AE1000091D08910399C9B2BD4A52F82110484052
:10AE2000BC49009AC2F3072251F822104840BA499F
:10AE3000019AC2F3074251F8221048400299090EC4
:10AE4000B64A52F8211048400790089800680899BF
:10AE5000091D08910299C9B2AD4A52F82110484023
:10AE6000AC49039AC2F3072251F822104840AA497C
:10AE7000009AC2F3074251F8221048400199090E86
:10AE8000A64A52F821104840069008980068089990
:10AE9000091D08910199C9B29D4A52F821104840F4
:10AEA0009C49029AC2F3072251F8221048409A495D
:10AEB000039AC2F3074251F8221048400099090E44
:10AEC000964A52F821104840059008980068089961
:10AED000091D08910099C9B28D4A52F821104840C5
:10AEE0008C49019AC2F3072251F8221048408A493E
:10AEF000029AC2F3074251F8221048400399090E02
:10AF0000864A52F821104840049000BF7F1E002F4F
:10AF10003FF7F8AE00BF089800680899091D08912E
:10AF20000799C9B27A4A52F8211048407949049ADF
:10AF3000C2F3072251F8221048407749059AC2F31C
:10AF4000074251F8221048400699090E734A52F8F8
:10AF5000211048400390089800680899091D08913D
:10AF60000699C9B26A4A52F8211048406949079ABD
:10AF7000C2F3072251F8221048406749049AC2F3ED
:10AF8000074251F8221048400599090E634A52F8C9
:10AF9000211048400290089800680899091D0891FE
:10AFA0000599C9B25A4A52F8211048405949069A9F
:10AFB000C2F3072251F8221048405749079AC2F3BA
:10AFC000074251F8221048400499090E534A52F89A
:10AFD000211048400190089800680899091D0891BF
:10AFE0000499C9B24A4A52F8211048404949059A81
:10AFF000C2F3072251F8221048404749069AC2F38B
:10B00000074251F8221048400799090E434A52F866
:10B0100021104840009000BF089800680899091D59
:10B0200008910399C9B23E4A515C48401146009AC2
:10B03000C2F30722895C80EA01213948019AC2F3F0
:10B040000742805C81EA00410298000E344A105C9D
:10B0500081EA00600790089800680899091D089126
:10B060000299C9B2515C48401146039AC2F30722C3
:10B07000895C80EA01202A49009AC2F30742895C70
:10B0800080EA01410198000E254A105C81EA0060C7
:10B090000690089800680899091D08910199C9B29D
:10B0A000515C48401146029AC2F30722895C80EA4B
:10B0B00001211B48039AC2F30742805C81EA0041E8
:10B0C0000098000E164A105C81EA0060059008980E
:10B0D00000680899091D08910099C9B2515C48405F
:10B0E0001146019AC2F30722895C80EA01210C48CB
:10B0F000029AC2F30742805C81EA00410398000E85
:10B10000074A105C81EA006004900798287009E003
:10B110009075020090790200907D020090810200FB
:10B12000907402000798000A68700798000CA870D5
:10B130000798000EE870069828710698000A687152
:10B140000698000CA8710698000EE8710598287200
:10B150000598000A68720598000CA8720598000E00
:10B16000E872049828730498000A68730498000C25
:10B17000A8730498000EE873042107A800F0A6F84D
:10B18000042106A800F0A2F8042105A800F09EF80A
:10B19000042104A800F09AF8042103A800F096F80E
:10B1A000042102A800F092F8042101A800F08EF812
:10B1B0000421684600F08AF8042108A800F086F807
:10B1C000002009B0F0BD70B504460D461646324663
:10B1D00029462046FFF733FD70BD2DE9F0410746B3
:10B1E0000C4615461E4600BF00BF00BF00BF00BF93
:10B1F00000BF00BF00BF012C06D1324629463846A9
:10B20000FFF750FABDE8F081324629463846FFF78D
:10B2100016FDF7E72DE9FF47824689461646984610
:10B22000DDE90C7500BF00BF00BF00BF00BF00BF5D
:10B2300000BF00BF00BF00BF16F00F0F04D06FF0BB
:10B24000210004B0BDE8F087B9F1000F20D11CE067
:10B2500010223946684618F01FFD2B463A464946EB
:10B260005046FFF7BAFF002405E0285D18F80410E7
:10B2700048402855641C102CF7DB102269464046D4
:10B2800018F00AFD10371035103E002EE0D11AE0FC
:10B2900017E0002405E0385D18F8041048402855F0
:10B2A000641C102CF7DB2B462A4649465046FFF714
:10B2B00094FF10222946404618F0EEFC1037103556
:10B2C000103E002EE5D10020BBE7000070B505461A
:10B2D0000C4600BF00BF2CB1224600212846024B7D
:10B2E0001B68984770BD00006803002070B50446D5
:10B2F0000D46206D00B970BD00BF00BFA9082A46E9
:10B30000D4E91303984700BFF5E710B50446606D14
:10B3100008B9002010BD616DE06C8847022803D198
:10B3200000BF00BFC01EF5E70020F3E710B5002204
:10B3300003E004786240401C491E0029F9D11346FD
:10B3400000BF10BD30B5044620461568056055683D
:10B3500045600830157A0570401CB2F80950058028
:10B36000801C95692D0A057095694570801C051B28
:10B370000D6030BD0146D1E90102904201D00120AB
:10B3800070470020FCE72DE9F04705460E461746BA
:10B390009846DDE908A93146284618F0A4FC424643
:10B3A0003946284618F078FCA6EB0900054400242D
:10B3B00005E0285D1AF8041048402855641C4C45E7
:10B3C000F7D3BDE8F0872DE9FF4F9BB00D4614463B
:10B3D0009A4600201A901B9000BF00BF2DB900BFF5
:10B3E00000BFFE481FB0BDE8F08F5CB1E06848B117
:10B3F000D4E90401884205D3D4E90401401AA169C3
:10B40000884203D200BF00BFF448EBE76169E068FF
:10B410004618D4E9051008442169A1EB000800BFD3
:10B4200000BF05F14C0001F02BFA0746A069B0F50A
:10B43000804F03D900BF00BFE948D3E7D4E9051026
:10B4400008442169A1EB0008072F01D0022F3DD14C
:10B45000E868404503D900BF00BFE248C2E7D5F81D
:10B46000CC00012822DB22460DA90EA8D5F8CC304D
:10B47000FFF768FF0EA905F134000D9A0AF027FCCA
:10B48000314605F13400A2690AF021FC01A905F159
:10B4900034000AF02DFC05F134000AF063FCEA6880
:10B4A000A169881901A918F0F7FB03E000BF00BFEC
:10B4B000CA4897E700BF00BFA069E9680844A061D7
:10B4C000E868A8EB00081A98401C1A90062F03D0D1
:10B4D000082F01D00A2F67D16FF06D000C9028461D
:10B4E000FFF748FF08902869404503D900BF00BF17
:10B4F000BC4877E7A3464FF008095C46CDE900B9A0
:10B5000005F114020C2109A8AB68FFF73CFF2246A5
:10B510000DA90EA8D5F8CC30FFF714FF00BF00BF6F
:10B5200000BF00BF00BF00BF00BF00BF2869A16906
:10B53000314404F11802CDE90362CDE90510A06998
:10B540000D99CDE9001602900EAB09A905F14C004A
:10B550006A6814F014FF0C9018B100BF00BF0C987B
:10B5600040E700BF00BFA06929690844A0612869BD
:10B57000A8EB0008089898B16069484503D200BF5D
:10B5800000BF98482EE7A6EB09004A46594618F036
:10B5900083FB6069A0EB09006061A0694844A06179
:10B5A0001A98401C1A907EE0022F78D16FF06D003F
:10B5B0000C90A069401C6968B0FBF1F201FB12001D
:10B5C000A1EB00096868484501D14FF0000909F175
:10B5D0000100804503D200BF00BF824802E74FF060
:10B5E000000B05E0A169594406F801900BF1010B2D
:10B5F000CB45F7D909F10100A1690844A06109F11F
:10B600000100A8EB0008D5F8CC0002281EDBBAF137
:10B61000000F03D100BF00BF7048E3E660696968AE
:10B62000884203D200BF00BF6E48DBE605F114017B
:10B630006A682898D0470C900C9808B10C98D1E60D
:10B640006A68B01A05F1140118F026FB00BF00BFAC
:10B650000BA9A069CDE901610090334605F1140101
:10B6600005F14C006A6814F045FE0C9018B100BF5B
:10B6700000BF0C98B6E6A0690B99884203D000BFC2
:10B6800000BF5648AEE66868361A60696968401AB5
:10B690006061A06969680844A06104E0FFE700BF39
:10B6A00000BF4E489EE61A98012803D000BF00BF95
:10B6B0004A4897E600BF00BF002093E62DE9F74F08
:10B6C000BEB00D4614464FF0000A00264FF00109A7
:10B6D00000203E9000BF00BF5CB1E06848B1D4E9F3
:10B6E0000401884205D3D4E90401401AA1698842C3
:10B6F00005D200BF00BF394841B0BDE8F08F616995
:10B70000E068471805F18C0001F0BAF88046B8F1FE
:10B71000060F05D0B8F1080F02D0B8F10A0F70D1AA
:10B720004FF0080B2846FFF725FE012811D1A0692C
:10B73000584504D200BF00BF29488038DCE72B976A
:10B740005F44606958446061A069A0EB0B00A06190
:10B7500000E02B94A0692969884204D200BF00BF91
:10B760001F488038C8E7A0692969401AA0612B9852
:10B77000CDE9000B05F124020C212CA8AB68FFF7E2
:10B7800002FE22462FA930A8D5F8CC30FFF7DAFD0B
:10B7900000BF00BF00BF00BF00BF00BF2869A16994
:10B7A00039443DAACDE90372CDE90510A0692F996E
:10B7B000CDE90017029030AB2CA905F18C006A6826
:10B7C00014F00EFE3C9088B100BF00BF3C9810F50D
:10B7D000C64F09D1024880388EE712E00094FFFF7F
:10B7E000008FFFFF0096FFFF3C9885E70AF1010AF2
:10B7F000A0693D99884203D000BF00BFFD487BE7A8
:10B80000DCE0B8F1020F70D14FF0000BD5F8CC009E
:10B81000022801DB68688344A0696968594488424A
:10B8200005D3A169E8685844401C814203D200BF97
:10B8300000BFF14860E7A0696968B0FBF1F201FB65
:10B84000120018B100BF00BFEB4855E7D5F8CC0097
:10B8500002280FDB394605F124006A6818F01CFA4B
:10B86000686807446069696808446061A06969683C
:10B87000401AA0613DA9A069CDE9017100903B4645
:10B8800005F1240105F18C006A6814F033FD3C9049
:10B8900018B100BF00BF3C982EE7A0693D998842CF
:10B8A00003D000BF00BFD34826E7A069401E3E5C1E
:10B8B000BAF1010F11D1701CA169814201D301209D
:10B8C00000E0002009FB00F9701CA169814201D34E
:10B8D000012000E00020464315E0A169E8683044FB
:10B8E000401C814202D3012001E063E0002009FBFB
:10B8F00000F9A169E8683044401C814201D301206D
:10B9000000E000204643761CD5F8CC00002849DD35
:10B91000002100222E97D4F818C0ACEB060CCDF80D
:10B92000B4C0D4F818C0BCF5807F02D8D4F818C0D1
:10B9300001E04FF4807CCDF8B0C0D4F818E0DDF819
:10B94000B0C0AEEB0C0318461AE0DDF8B4C0604599
:10B9500002D34FF0010C01E04FF0000C4CEA020260
:10B96000DDF8B8C01CF800C0A6F1010EF44502D104
:10B970004FF0010C01E04FF0000C02FB0C11401CD9
:10B98000D4F818C08445E0D8B14202D14FF0010C80
:10B9900001E04FF0000C0CEA0909C9EB492C0CEA54
:10B9A000060603E000BF00BF9248A5E6A069801B21
:10B9B000A06103E000BF00BF8E489DE6BAF1000F12
:10B9C00072D1A069E968401AA06122462FA930A867
:10B9D000D5F8CC30FFF7B6FCD5F8CC0000287DDDDB
:10B9E00000202290A069304401900198B0F5807F3A
:10B9F00003D90198A0F5807000E00020009080211C
:10BA000002A818F070F9286C0AF030FA032806D062
:10BA1000042805D0062804D007281ED10FE000BF57
:10BA200000BFA0692F990844304408308109A069FB
:10BA30002F9A10440830A1EB9010229011E0A069D9
:10BA40002F99084430441030C109A0692F9A10443E
:10BA50001030A1EBD010229003E000BF00BF65487A
:10BA60004AE600BFC9EB092022990840229030A97C
:10BA700005F140002F9A0AF02AF9394605F14000F5
:10BA8000A2690AF024F9A169C8193146FFF74EFCF2
:10BA900023A905F140000AF02BF905F1400009F057
:10BAA000BFFF4FF0000B07E048E002A905F140009E
:10BAB0000AF0ACF90BF1010B2298401C8345F4D33A
:10BAC00002A905F140000AF009F805F140000AF06A
:10BAD00049F9DDE90032D21AEB6800E005E0D1183F
:10BAE000009AB818FFF722FC03E000BF00BF4148EE
:10BAF00002E6A069C11923AAEB68229121924FF0B6
:10BB0000000C002010E0DDF888E01EF800E0CDF821
:10BB100080E0DDF884E01EF800B0DDF880E08EEA19
:10BB20000B0E4EEA0C0C401C9842ECD3BCF1000FFB
:10BB300001D04FF000090AF1010A00BFB9F1000F6E
:10BB400001D12D48D8E5BAF1010F03D000BF00BFE5
:10BB50002848D1E500BF00BF0020CDE52DE9F04722
:10BB600004460E466FF06D0544F24D1800BF00BF4D
:10BB7000E06938B9206A28B900BF00BF1E4880308C
:10BB8000BDE8F087A16D206E401AA8EB0000B0421E
:10BB900004D200BF00BF18488030F1E700BF00BFEB
:10BBA0003EE0E06F371A2046FFF7AFFB08B1134DB8
:10BBB00018E0206A60B1D4F87C90226E02EB090193
:10BBC0002268936C3A46D4E908C0E047054609E08C
:10BBD000D4F87CC0226E02EB0C013A46E369606A3D
:10BBE0009847054600BF00BF00BF00BF55B90448D5
:10BBF000C6E700000094FFFF808EFFFF0098FFFF64
:10BC0000808DFFFF002D01DA2846B9E7BD4200D83C
:10BC100003E000BF00BFF748B2E7E06F2844E067E9
:10BC2000E06FB042BDD300BF00BF0020A8E70146CF
:10BC3000D1F8CC00022801DA00207047D1E90102D6
:10BC4000801AFAE770B504460D4604F19004606866
:10BC5000A0F108002060606800F10300A060606847
:10BC600000F10500E060E0682061A4F190043DB1BE
:10BC70002846FFF7DCFFD4F8A0100844C4F8A00061
:10BC800070BD70B504466FF06D0500BF00BFA069C0
:10BC900018B900BF00BFD84870BDD4F8AC0018B9BF
:10BCA00000BF00BF0020F7E721E000BF00BFD4F8CD
:10BCB000AC10D4F89400461A3146A369D4F8AC20ED
:10BCC000606A9847054600BF00BF002D01DC28468A
:10BCD000E2E7D4F8AC00A84200D303E000BF00BF05
:10BCE000C448D9E7D4F8AC00401BC4F8AC00D4F881
:10BCF000AC000028D9D1D4F88C000830C4F89400E6
:10BD00002046216CFFF79EFF00BF00BF0020C3E765
:10BD100010B51870597010BD2DE9F04F89B0044668
:10BD200088464FF0000BD4F8A860CDF8208000BF03
:10BD300000BFBBF1000F7DD144F24D1AD4F894C07E
:10BD40000CF10103D4F800C0DCF850C0CCF3400281
:10BD5000D4E90201FFF7DCFFD4F89010D4F8B0204A
:10BD60000A60D4F8B4004860300AD4F8981008701B
:10BD7000D4F898104E70206C002852D0D4F89C0053
:10BD80000490D4F88C10D4F89C00401AAAEB000060
:10BD90000590D4F8A8000790D4F8A0000499401AA0
:10BDA0000690D4F8900001680191406802902368E1
:10BDB0001B6DC3F340020DF10D03D4E90201FFF73F
:10BDC000A7FFD4F8A400C0B28DF80C002068C069A9
:10BDD00000902068836901AA2046216CFFF7F3FADE
:10BDE0005FEA000905D000BF00BF484609B0BDE8C2
:10BDF000F08F069818B100BF00BF7E48F6E79DF8A7
:10BE00000C0004F19804E06007980646206107984A
:10BE10004FEA102021680870079854F89819487064
:10BE200000BF204600F036FD8719D4F89410D4F8EE
:10BE3000A40000E02FE0087000BF00BF00BF00BFFB
:10BE400004F14004E06E3844E066606D384460659B
:10BE500054F840192046FFF7F5FE08250CE0681E4F
:10BE600004F1B001085C401C10F0FF02A5F10100D4
:10BE70000A5400D004E06D1E00BF0020A842EED39B
:10BE800000BF00BF0020A84204D100BF00BF594836
:10BE90008030ABE700BF0898012809D12046FFF7A2
:10BEA000F0FE5FEA000903D000BF00BF48469DE7EF
:10BEB00000BF00BF002099E72DE9F04104466FF074
:10BEC0006D07D4F8A800051FD4F8A000067800BFBD
:10BED00000BFD4F8A400162808D0D4F8A400142871
:10BEE00004D000BF00BF4348BDE8F081D4F8A400EF
:10BEF000162800D12EB1A06B18B900BF00BF3D4875
:10BF0000F2E7D4F8A800B0F5804F03D900BF00BF16
:10BF10003848E9E7D4F8A400162813D1280C54F8BF
:10BF2000A01F4870280A2168887054F8A019CD70A5
:10BF300046B1D4F8A820D4F8A010A06BD0F858319E
:10BF40002046984701212046FFF7E6FE070003D070
:10BF500000BF00BF3846C7E700BF00BF0020C3E7EF
:10BF60000146C86E40780004CA6E927840EA02200A
:10BF7000CA6ED2781043704770B5044600BF0420E3
:10BF8000A16F884203D900BF00BF1C4870BD00BF2D
:10BF900004252046FFF7E4FF2844C4F8800000BFD2
:10BFA00000BFD4F88010A06F884204D200BF00BF49
:10BFB00011488030EAE70020E8E770B50446A56B39
:10BFC0006068102808D03DB1D4F88020E16EA06BE5
:10BFD000D0F858312046984770BD0146162907D041
:10BFE000152905D0142903D0172901D0034870471B
:10BFF0000020FCE70094FFFF008FFFFF008EFFFF93
:10C0000010B51C7804605C780C6010BD2DE9F04F11
:10C0100085B006460D4691461C464FF0000A4FF08B
:10C02000010B4FF00108022002900820019002202D
:10C03000009008F10207B81C814505D200BF00BF7F
:10C04000FD4805B0BDE8F08F28782072207AFFF710
:10C05000C4FF18B100BF00BFF748F2E715F80800A9
:10C06000607208F10100295CA1723068006DC0F3B4
:10C07000400204F1090303A904A8FFF7C1FFB06857
:10C080000499884203D000BF00BFEB48D9E730686D
:10C0900090F84D000399884203DA00BF00BFE648DC
:10C0A000CFE7F06D0168216040686060B81C606196
:10C0B000781C285CE95D40EA0120A06100BF00BF58
:10C0C00000BF00BFE560D4E9050108442061A06914
:10C0D00008B9D948B5E70020B3E72DE9F041044697
:10C0E0000D46002700BF00BF002F50D1E06B002895
:10C0F0004DD095F808802A462046E16BFFF7DEFA1E
:10C10000060004D000BF00BF3046BDE8F081287AA9
:10C11000404501D000BF00BF00BF00BFA869B0B953
:10C12000E068032806D1287A172803D000BF00BF93
:10C13000C148EAE754F8840F401C206054F8840991
:10C14000032807DD00BF00BFBB488030DDE70020CB
:10C15000C4F8840008210CE0481EE26D105C401C0D
:10C1600010F0FF02A1F10100E36D1A5400D004E0C9
:10C17000491E00BF00208842EED300BF00BF002050
:10C18000884203D100BF00BFAC48BEE700BFA06F2C
:10C19000B0F5804F03D900BF00BFA748B5E7002026
:10C1A000B3E770B504466FF06D05606F162806D1D1
:10C1B0002046FFF7E1FE050001D0284670BD606F04
:10C1C00014280ED1A06F012803D000BF00BF9A48E9
:10C1D000F4E7E06E0078012803D000BF00BF964866
:10C1E000ECE7606F152829D1A06F022803D000BFAB
:10C1F00000BF9148E2E700BF00BFE06E0078022870
:10C2000003D100BF00BF8E48D8E7E06E0078012858
:10C2100006D1E06E407818B900BF00BF8948CDE76D
:10C22000E06E0078012807D1E06E4078642803D1E1
:10C2300000BF00BF0020C1E78348BFE70020BDE783
:10C24000016E0839C165016EC91C4166016E491D48
:10C250008166816EC166704770B588B004466FF024
:10C260006D0500BF0520064631462046FFF776FCE7
:10C27000054625B100BF00BF284608B070BD01AB20
:10C280002046E26F216EFFF7C1FE05460DB128463C
:10C29000F3E720460599FFF761FC05461DB100BF95
:10C2A00000BF2846E9E70020E06701A92046FFF724
:10C2B00014FF050001D02846DFE72046FFF7C0FF46
:10C2C000606E801CA0669DF80C0060679DF80C00F5
:10C2D000216E0870069904980844E0660798A067E4
:10C2E0000798000A616E08700798616E4870002018
:10C2F000C3E70146886F08B1012070470020FCE7C2
:10C3000070B50446D4F8800000B3206F20B100BFA0
:10C3100000BF4A48803870BDA16FD4F880008842C1
:10C320000ED2D4F88010A06F401AA067D4F88050C5
:10C33000E36E59191846A26F17F0AEFC00BF01E07A
:10C340000020A0670020C4F8800005E0206F08B13D
:10C350000020E0E70020A0670020DCE770B505467C
:10C360000E466FF06D0400BF00BFD5F8880088BB93
:10C3700000BF2846FFF7C4FF04460CB1204670BD3D
:10C380002846FFF7B6FF60B92846FFF765FF044669
:10C3900014F5CB4F00D109E01CB100BF00BF20460F
:10C3A000EDE72846FFF7FDFE044600BF14F5CD4F2C
:10C3B000DFD014F5CB4FDCD01CB100BF00BF20464E
:10C3C000DDE7686F16280BD1012E09D12846FFF74B
:10C3D000F4FD05E0FFE700BF00BF0020C5F88800BE
:10C3E00000BF00BF0020CAE72DE9F04104460D461A
:10C3F00016466FF06D070CB1206810B91348BDE800
:10C40000F08100BF00BF00BF00BF152004F1A004F1
:10C4100060604FF00200A0602068057054F8A00929
:10C4200046704FF001012046FFF776FC07000FD061
:10C4300000BF00BF3846E2E7008EFFFF8094FFFF99
:10C440008088FFFF8087FFFF8099FFFF008FFFFF3D
:10C4500000BF00BF0020D2E710B504462822022109
:10C460002046FFF7C1FF10BD70B504466FF06D05A3
:10C4700000BF00BF1420C4F8A4000120C4F8A80025
:10C48000D4F8A01008706068401C60602046FFF778
:10C4900013FD050003D000BF00BF284670BD00BFDC
:10C4A00000BF0020FAE770B504466FF06D0500BFCD
:10C4B00000BF01212046FFF751FF050003D000BF58
:10C4C00000BF284670BD606F142808D000BF00BFB1
:10C4D0000A2202212046FFF787FFF248F2E700BF59
:10C4E00000BFA06CE063606BA0620021E06D0160A2
:10C4F00041602046FFF7A4FE6068401C606000BFFA
:10C5000000BF0020DEE710B50446D4F88C000830E8
:10C51000C4F89400A06D0830206600212046FFF783
:10C5200091FB2046FFF78CFE10BD0146086F08B94D
:10C5300000207047886FFCE70146D1F88800012889
:10C5400002D100BF00BF7047D1F8800040B18A6FB0
:10C55000D1F88000904203D200BF00BF0120F2E773
:10C56000086F18B100BF00BF0120ECE700BF00BF9B
:10C570000020E8E72DE9F04106460025346C3046FE
:10C5800000F088F9804614B94046BDE8F08104F116
:10C590004C0000F075F9801E09281ED2DFE800F07B
:10C5A0000A1D1D1D0508061D070000BF00BF00BFB6
:10C5B000256816E000BF00BF00BF00BFE06C08B9EF
:10C5C000002001E0E06C40690746E06805443D4416
:10C5D000F068022800DB3D4403E000BF00BFB24822
:10C5E000D3E700BF08EB0500CFE72DE9F041044693
:10C5F0000F4690466FF06D050CB1206810B9AB483E
:10C60000BDE8F08100BF00BF606810280BD0204655
:10C6100001F026FE054615F5D64F04D01DB100BF2A
:10C6200000BF2846ECE770E0606D48B1616DE06CDA
:10C630008847401C04D12068816C2046FEF756FED6
:10C6400001212046FFF78AFE050008D015F5E54FC9
:10C6500001D10020D4E700BF00BF2846D0E7A06F7B
:10C6600088B9606F17280ED101212046FFF776FEAA
:10C67000050008D015F5E54F01D10020C0E700BF47
:10C6800000BF2846BCE7606F162826D100BF00BF58
:10C690002068006DC0F3000060B9E06E007828B932
:10C6A00000BF0420D4F88010884203D000BF00BF30
:10C6B0007C48A5E700BF00BFE068012808DB6422D2
:10C6C00001212046FFF790FE050005D0284697E798
:10C6D00000BF00BF744893E717E0606F152803D1CF
:10C6E00000BF00BF72488BE7606F172803D000BF00
:10C6F00000BF6C4884E7E06E20676068102803D1B3
:10C7000000212046FEF7F2FD00BF206F00288BD0ED
:10C71000A06F404501D9404600E0A06F0646324672
:10C720003846216F17F0B8FAA06F801BA067A06F82
:10C7300020B900202067C4F8880002E0206F304450
:10C74000206700BF00BF30465AE72DE9F04104469C
:10C7500088461546204601F059FB06463746002E0E
:10C7600004DA00BF00BF3046BDE8F081BD4200D909
:10C770003D46D4F8AC0040B12046FFF782FA0600EF
:10C7800019D000BF00BF3046EEE704F1A004A56059
:10C790004FF01700606054F8A0092A46414617F090
:10C7A0007BFA01212046FFF7B7FA060003D000BF4D
:10C7B00000BF3046D8E72846D6E72DE9F0410446C9
:10C7C0000D4616466FF06D0700BF00BF0CB1206824
:10C7D00010B93648BDE8F0816068102808D02046BE
:10C7E00001F03EFD070003D000BF00BF3846F1E76F
:10C7F000324629462046FFF7A8FF074600BF00BF84
:10C800003846E7E770B504466FF06D050CB1206857
:10C8100008B9264870BD00BF00BFD4F8AC0018B1FD
:10C820002046FFF72EFAF5E7606810280AD10022AB
:10C8300001212046FFF7D8FD050003D000BF00BF4F
:10C840002846E7E700BF00BF0020E3E710B5044635
:10C8500004B910BD04F14C0013F090FA04F18C00FF
:10C8600013F08CFA04F1340008F0FCFF04F14000EE
:10C8700008F0F8FFD0212046FEF728FD00BFE8E7CA
:10C88000014600BF00BF086808B90020704708686B
:10C890004078FBE70146D1F89420D1F89C00801A3B
:10C8A000704700000089FFFF0094FFFF008FFFFF2B
:10C8B0000097FFFF0146887A0B280FD2DFE800F0CF
:10C8C0000E06080A0C0E0E070E090B0000BF00BF73
:10C8D00000BF00BF00BF00BF012070470020FCE781
:10C8E00001704170704710B50446206E38B1206E5B
:10C8F00018F010FE0020206684F86800606610BD05
:10C9000010B5044604B910BD2046FFF7ECFF7021B6
:10C910002046FEF7DBFC00BFF5E770B505460C4688
:10C920002846FFF7EDFF70222146284617F0B4F99C
:10C93000206E98B10120616E17F055FA2866286EB6
:10C9400008B9F84870BDD4E91812286E17F0A4F998
:10C9500094F8680085F86800606E68660020F1E76A
:10C960002DE9FF4F97B09946DDF89CB0DDF894A013
:10C97000002015906FF06D00009001A808F06DFF89
:10C98000179808F011FF049018B9E7481BB0BDE8EC
:10C99000F08F049809F064FA0446484617F0E8F965
:10C9A0002044504415900120159917F01CFA0546B3
:10C9B00015B9DC4800905CE0484617F0D9F9074605
:10C9C00028193A46494617F067F92919C8195246F5
:10C9D000249917F061F95744012201A8049908F03D
:10C9E000AFFF009000B144E001A8DDE9181209F0A2
:10C9F00005F929193A4601A809F069F9294601A85B
:10CA000009F076F9002631E001A809F0ABF9E21946
:10CA1000294601A809F05BF905A901A809F068F900
:10CA200001A809F09FF92246294601A809F04FF90B
:10CA3000294601A809F05CF93019584504D9BBFB17
:10CA4000F4F004FB10B000E0204616904FF0000810
:10CA500008E005A810F8081006EB08022698815493
:10CA600008F1010816988045F3D326445E45CBD3E0
:10CA700000BF01A808F0F6FE28461599FEF726FC2F
:10CA8000402105A8FEF722FC284618F043FD009837
:10CA90007CE72DE9FF4704460D4616461F46DDE9B3
:10CAA0000D9ADDF8308033462A46214606208DE86F
:10CAB0008007FFF755FF04B0BDE8F0872DE9FF4779
:10CAC00004460D4616461F46DDE90D9ADDF8308016
:10CAD00033462A46214607208DE88007FFF740FFAE
:10CAE00004B0BDE8F0872DE9FE4F04460D4616461A
:10CAF0001F46DDE90E9ADDF834804FF0000B032C61
:10CB000002D0042C06D102E0DFF820B205E0DFF805
:10CB100020B202E08748BDE8FE8F00BF8DE8000725
:10CB20003A46314628460C9BD847F4E72DE9FF4F9B
:10CB3000C9B00446579F0020489000265990C4F879
:10CB4000CC704A9802F0BEFC8246BAF1000F06D1C2
:10CB500000BF00BF774880384DB0BDE8F08F9AF82D
:10CB6000080013F0C5F8054625B900BF00BF71489D
:10CB70008038F1E79AF8090008F016FE8346BBF109
:10CB8000000F04D100BF00BF6A488038E4E74FF4CB
:10CB9000807008A94022CDE90021029066A23021D0
:10CBA000DDF830C1569B4B98E0474890489818B143
:10CBB00000BF00BF4898CFE700BF00BF00BF00BF65
:10CBC00000BF00BF00BF00BF68684FEAD0096878A7
:10CBD000062805D06878082802D068780A281CD171
:10CBE0000021E16000269AF81C1011F0020F01D01C
:10CBF000082100E0102121610C21616069780A2977
:10CC000002D10C21A16001E00421A160D4E901124C
:10CC1000881A21690144216042E06878072802D01F
:10CC20006878022838D10122594604F1340008F00E
:10CC300087FE489038B90122594604F1400008F0B7
:10CC40007FFE489010B100BF00BFC1E0584609F018
:10CC500007F90646E660E86860606878072802D150
:10CC6000E06820601CE0E0686969B0FBF1F201FB5C
:10CC70001200E1686A691144081A2060022F01D08D
:10CC8000032F04D1D4E900010844206008E000BF6C
:10CC900000BF254848909BE000BF00BF22485BE7EB
:10CCA00000BF00BF589818BB08A800EB46000790CB
:10CCB00008A800EB460000EB090808A806903044DD
:10CCC0000590A06808B1A06800E06068049008EBD7
:10CCD000090104F11400049A16F0DEFF08EB0902C2
:10CCE00004981118024604F1240016F0D5FF04E060
:10CCF00000BF00BF0C4848906AE0012F0DDB1EB357
:10CD0000324604F13400069908F078FF324604F107
:10CD10004000059908F072FF16E000BF00BF02480E
:10CD2000489055E00081FFFF0094FFFFBDCA00005E
:10CD300093CA0000808FFFFF6B6579206578706172
:10CD40006E73696F6E000000294604F14C0013F009
:10CD500046F8489010B100BF00BF39E0294604F101
:10CD60008C0013F03CF8489010B100BF00BF2FE0DA
:10CD700001236A6804F14C00079913F04BF84890BE
:10CD800010B100BF00BF23E00023414604F18C0036
:10CD90006A6813F03FF8489010B100BF00BF17E079
:10CDA0006878022813D1042104F14C0012F0FFFF2F
:10CDB000489010B100BF00BF0AE0042104F18C00CC
:10CDC00012F0F5FF489010B100BF00BF00E000BFB7
:10CDD0004FF4807108A8FEF779FA4898BCE62DE96F
:10CDE000F043A7B004460D4616464FF00C08676B9B
:10CDF00007B9276B0EB9FAA000E0FDA0814604A890
:10CE000009F09CFE00BF00BFA06B00F1100104A858
:10CE100009F0A7FE00BF00BF1FA904A80AF06FFE1B
:10CE200004A809F094FE20208DE82101A06B1FAB1F
:10CE30004A463021D0F864C107F13000E04700BF16
:10CE400000BF20211FA8FEF741FA00BF00BF27B096
:10CE5000BDE8F08370B59CB004460E46154601A8A7
:10CE600009F06CFE00BF00BFA06B00F1100101A82B
:10CE700009F077FE314601A80AF041FE2020286023
:10CE800000BF00BF00BF00BF01A809F060FE1CB0DA
:10CE900070BD2DE9F043C7B004460D4616464FF06D
:10CEA0000C08676B07B9276B0EB9CDA000E0D0A0C6
:10CEB000814604A80AF03EFF00BF00BFA06B00F14E
:10CEC000800104A80AF049FF00BF00BF3AA904A8E6
:10CED0000CF02DFA04A80AF036FF30208DE821016D
:10CEE000A06B3AAB4A463021D0F864C107F130005C
:10CEF000E04700BF00BF30213AA8FEF7E7F900BFC6
:10CF000000BF47B0BDE8F08370B5B6B004460E462A
:10CF1000154668460AF00EFF00BF00BFA06B00F187
:10CF2000800168460AF019FF314668460CF0FFF9A7
:10CF30003020286000BF00BF00BF00BF68460AF075
:10CF400002FF36B070BD034603290BD1072A09D171
:10CF5000AB48C3F86401AB48C3F85C01AA48C3F806
:10CF600060010DE0032909D1A848C3F86401A8486D
:10CF7000C3F85C01A748C3F8600101E0A648704708
:10CF80000020FCE72DE9FE4F04460D4617466FF0E2
:10CF90006D064FF0300B0FF2842804F5B8794FF08E
:10CFA000400A0027D4F8E00120B100BF00BF0020F4
:10CFB000BDE8FE8F3020CDE900A502904B464246E9
:10CFC00004F5D870D4F864C1D4F86C11E047064673
:10CFD0001EB100BF00BF3046EAE700BF00BF3021EE
:10CFE00004F5D870FEF772F90020E1E7F0B591B0D2
:10CFF00004466FF06D05A06BD0F8686100BF00BFFC
:10D00000727AE168A06BFFF79EFF054625B100BF6D
:10D0100000BF284611B0F0BD626B02F1300122461C
:10D02000A06BFFF7AFFF05461DB100BF00BF28464C
:10D03000F0E7A06B00F5B871402201A816F02CFEB5
:10D04000A16B01F5B870202209A916F025FEA16B8D
:10D0500001F5C870202201A916F01EFE402101A88A
:10D06000FEF734F92068006DC0F30000A26B02F5F2
:10D07000B872E168CDE90204CDE90021A76BD7F8C9
:10D080006431676B07F130027968A06CFFF74EFDE1
:10D0900005461DB100BF00BF2846BBE7A16B01F5E7
:10D0A000B8704021FEF712F900BF00BF0020B1E7C1
:10D0B0002DE9F0470446DFF87481A06BD0F8689141
:10D0C00000BF00BF4846FFF7F5FB38B900BF00BFFF
:10D0D0006068401C60600020BDE8F0872068006D3B
:10D0E000C0F3000048B9D4F8B80030B900BF00BFA1
:10D0F0006068401C60600020EEE700BF00BF0725AD
:10D1000000BFA16B29B1A16B496811B1A16B48683F
:10D1100001E02168886B08B9002100E001680F4632
:10D1200021E0BE6843F6FD70401BB04203D200BF51
:10D1300000BF3F48D0E7C6F3074054F8A01F48554A
:10D14000C6F30721681C22681154A81C22681654D3
:10D15000ED1CF96854F8A0295019324616F09CFDD0
:10D160003544D7F85071002FDBD1E81F000C54F87C
:10D17000A01F0871E81F000A21684871E81F216894
:10D180008871A560162060600B202168087054F833
:10D190009C0C401C44F89C0CA4F1A0042046FEF713
:10D1A0008BFE5FEA000803D000BF00BF404693E754
:10D1B00000BF00BF40468FE72DE9F0470446884690
:10D1C0006FF06D09606F162836D000BF00BF0A22CD
:10D1D00002212046FFF708F91648BDE8F087000055
:10D1E000636C69656E742066696E69736865640056
:10D1F0007365727665722066696E6973686564002E
:10D20000BDCA000009CF000093CE000093CA000001
:10D2100055CE0000DFCD00000094FFFF6D617374F8
:10D22000657220736563726574000000808FFFFF74
:10D23000008BFFFF0089FFFFE06E00780B2806D10E
:10D2400000BF0420801DD4F88010884209D900BF97
:10D2500000BF322202212046FFF7C6F8F848BDE899
:10D26000F08700BF042500BFA81CE16E095C681CA4
:10D27000E26E105C41EA0026E06E405D38B900BF06
:10D280000421F01C0844D4F88010884208D000BF64
:10D2900000BF322202212046FFF7A6F8E848DEE769
:10D2A000ED1C5AE0E81CD4F88010814208D200BF7F
:10D2B00000BF322202212046FFF796F8E048CEE771
:10D2C000E06E405D40B100BF00BF32220221204627
:10D2D000FFF78AF8DA48C2E7A81CE16E095C681C0F
:10D2E000E26E105C41EA0026ED1C802E04D3A819E2
:10D2F000D4F88010884208D900BF00BF3222022132
:10D300002046FFF771F8CE48A9E7E06E4119324692
:10D3100040460FF071F9814619F5225F0CD042F2B8
:10D320002E6019EB000006D0AE2807D0A0F51850EB
:10D330002E3805D100BF0EE0502703E02B2701E077
:10D340002A2700BF3A4602212046FFF74DF800BFCA
:10D3500000BF484683E700BF3544D4F88000A842A8
:10D36000A0D800BF00BF002079E770B504460E4684
:10D37000A06BD0F868512846FFF79CFA08B9012045
:10D3800070BD0020FCE730B50446002030BD2DE91B
:10D39000F04F89B004460F4692469B460026A06B8C
:10D3A000D0F8680108900020079017B909B0BDE8CF
:10D3B000F08F206930B100BF00BFD4F81080D4F8DE
:10D3C000149007E000BF00BF2068D0F82C802068D0
:10D3D000D0F830902068C56B2068006C06900DB1C5
:10D3E00001200790606B6C3001A9A1E8010BD4F813
:10D3F000BC0000902068436B29465046069A10F006
:10D40000DAFB06460EB100BF00BF606B00F16C0393
:10D410002068006DC0F3000080F0010250460899BA
:10D42000FFF7B1FF18B100BF00BF06B9844E012F4E
:10D4300006D116F51C5F02D016F5F44F00D1002678
:10D44000079820B9022F02D100BF00BF7D4E002EE9
:10D450004CD0606BC06E10F4807F01D031253FE06E
:10D46000606BC06E10F0040F01D02A2538E0606BAD
:10D47000C06E10F4006F01D02B2531E0606BC06EE0
:10D4800010F4805F01D02B252AE0606BC06E10F491
:10D49000005F01D02B2523E0606BC06E10F4004FBD
:10D4A00001D02B251CE0606BC06E10F4803F01D0D2
:10D4B0002B2515E0606BC06E10F0010F01D02D25FB
:10D4C0000EE0606BC06E10F0020F01D02C2507E05B
:10D4D000606BC06E10F0080F01D0302500E02E25E3
:10D4E0002A4602212046FEF77FFF00BF30465DE757
:10D4F0002DE9F04104460D4616466FF06D072021D8
:10D50000012016F070FC616B0866606B006E48B914
:10D5100000BF00BF502202212046FEF765FF4A48A7
:10D52000BDE8F081062008F03FF98046606B324686
:10D530002946036E404608F0FBFA07460620616B59
:10D5400081F868002020616B48663846E8E7F7B547
:10D5500004461546019846196FF06D07A16B01F15D
:10D56000080002F085FCA06B00F10802314601A81A
:10D5700011F060FB07460FB13448FEBD0020FCE708
:10D580002DE9FC5F064600253068006DC0F3810878
:10D5900000200190002400BF00BF41463046FFF745
:10D5A000E4FE0746012F02D100BF00BF5BE001216E
:10D5B0003046FEF7D3FE050002D000BF00BF52E0A8
:10D5C000706BFFF790F94FF4AA71012016F00BFC75
:10D5D000044644B900BF00BF502202213046FEF786
:10D5E00003FF194D3FE020460EF0B0FF21463046C4
:10D5F000FFF7E2FD054605B135E0224641463046DB
:10D60000019BFFF7C4FE054605B12CE0E0680090E1
:10D61000D4F808A0C82050F80490C42050F804B0F2
:10D6200020460EF076FD204617F074FF0024524687
:10D6300030460099FFF75CFF05464DB113E000004E
:10D640000086FFFF8089FFFF0081FFFF0094FFFF3E
:10D650005A4649463046FFF77AFF054605B102E0D3
:10D6600000BF00BF00BF15B97068401C70602CB1CE
:10D6700020460EF04EFD204617F04CFF2846BDE830
:10D68000FC9F70B504460D461646A16B01F11000D3
:10D69000324629460AF0DAF970BD70B504460D46E7
:10D6A0001646A16B01F18000324629460BF0DCFDE5
:10D6B00070BD4A7A072A04D1FE4A836BC3F8582109
:10D6C0000AE04A7A072A04D0FB4A836BC3F8582140
:10D6D00002E000BF00BF704700BFFCE710B5044682
:10D6E000A16B01F11000002109F048FAA16B01F1D2
:10D6F000800001210AF03EFB10BD70B504460D46C6
:10D700001646A16B01F11000324629460AF09EF937
:10D71000A16B01F18000324629460BF0A5FD70BDDA
:10D7200070B50546AC6B04B970BD04F1100009F08A
:10D730000EFA04F180000AF006FB04F1080002F082
:10D740009DFB4FF4F8712046FDF7C0FD00BFEBE7ED
:10D7500010B5044600BF00BF2046FFF7E1FFA06BF5
:10D7600017F0D8FE0020A063606C28B1606CFFF752
:10D770006DF8606C17F0CEFEA06C60640020A064B1
:10D7800000BF00BF10BD70B50446A06BD0F8E051DB
:10D7900000BF00BF206B28B1206BFFF7B1F8206BF2
:10D7A00017F0B8FE606B2063002060632068406A59
:10D7B00058B1206BC06840B13DB92368216BD3E9F3
:10D7C0000920904708B100BF00BF2046FFF7C0FF07
:10D7D0006068401C606000BF00BF70BD70B504464B
:10D7E00000BF00BF2046A16CFEF72CFA2068006D38
:10D7F000C0F30002D4F8A000011DA06BD0F8603186
:10D8000020469847E06808B9242000E00C2005462F
:10D81000281D04F1380420674FF01600E0664FF031
:10D820001400A16E087054F83809D0F8E00138B13E
:10D830002068006DC0F3000028B90F20606002E08E
:10D840006068401C606000BF00BF04F180000021E0
:10D8500001634163A06C2064606BE0622046FEF7C8
:10D860002BFB060003D000BF00BF304670BD00BFD9
:10D8700000BF0020FAE72DE9FE4F04466FF06D0768
:10D8800000BF00BF2068006DC0F3000080F00102FF
:10D89000A06B6946D0F860312046984701212046A8
:10D8A000FEF75CFD070004D000BF00BF3846BDE8AE
:10D8B000FE8F606F162808D000BF00BF0A22022129
:10D8C0002046FEF791FD7D48F1E70C25E06E0078DB
:10D8D000142806D100BF04202844D4F880108842C0
:10D8E00008D000BF00BF322202212046FEF77CFD97
:10D8F0007348DCE700BF0420E66E81196A462B46B8
:10D900008C4690460026002008E01CF8009018F88D
:10D9100000A089EA0A0B4BEA0606401C9842F4D3A1
:10D9200046B100BF00BF322202212046FEF75CFD57
:10D930006348BCE7A06BD0F8E00138B12068006D07
:10D94000C0F3000028B90A20606002E06068401C53
:10D95000606000BF00BF0020A9E710B504464FF487
:10D96000F871204616F0BFF904F1100009F0E6F84E
:10D97000002104F1100009F001F904F180000AF01F
:10D98000D9F9012104F180000AF0F4F94D48C4F8F6
:10D99000580100BF00212046FEF7A2FF00BF04F19E
:10D9A000080002F065FA10BD10B50446D0212046EB
:10D9B00016F099F904F14C0012F0D7F904F18C003B
:10D9C00012F0D3F904F1340007F047FF04F14000EE
:10D9D00007F043FF10BD10B504467021204616F035
:10D9E00082F910BD10B50446A06C10B1A06CFEF712
:10D9F0002DFF606B10B1606BFEF782FFA06B10B162
:10DA00002046FFF78DFEA06C20B9D021012016F032
:10DA1000EAF9A064606B20B97021012016F0E3F9E7
:10DA20006063A06B28B94FF4F871012016F0DBF9A0
:10DA3000A063A06B18B1A06C08B1606B88B900BF7F
:10DA400000BFA06B17F066FDA06C17F063FD606B64
:10DA500017F060FD0020A063A06460631848803860
:10DA600010BD606BFFF7B7FFA06CFFF79DFFA06BC9
:10DA7000FFF773FF0020F3E710B50446C4212046EA
:10DA800016F031F910BD2DE9F04104460D466FF056
:10DA90006D0644F24D17B84625600020C4F88C008E
:10DAA0003946012016F09FF9A065A06D78B900BF36
:10DAB00000BF09E09BD6000083D600000089FFFF6D
:10DAC0008081FFFFFBD60000FE4E803E19E04146FC
:10DAD000012016F088F9C4F88C00D4F88C0020B925
:10DAE00000BF00BFF74E803E0BE02046FEF70BFD67
:10DAF0002046FFF777FF060000D002E00020BDE8D7
:10DB0000F08154F8580F17F005FD606B17F002FD17
:10DB1000002044F8580C20606063A0606060E06002
:10DB200020616061E063A06320646064A064A4F18C
:10DB300058043046E3E72DE9F041044688466FF08B
:10DB40006D0544F24D1637460020606000212046E6
:10DB5000FDF7CCFB0020C4F8C00020672046FEF78C
:10DB6000D2FC002044F8740F6060E06020616061C6
:10DB700020636063A063A4F1740404F180004FF09B
:10DB80000001016341630846E0632064A062E06233
:10DB90003946D4F88C0016F0A6F80020E06731462C
:10DBA000A06D16F0A0F8606C38B1606CFEF74EFE08
:10DBB000606C17F0AFFC00206064206B38B1206B04
:10DBC000FEF79EFE206B17F0A5FC00202063204688
:10DBD000FFF708FF050002D02846BDE8F0810020CD
:10DBE000FBE710B5044600212046FFF7A4FF10BD57
:10DBF000026D61F3000202657047026D61F341023C
:10DC000002657047026D61F3830202657047C1626D
:10DC1000026370478161C261704701614261704770
:10DC200010B5029C41628261C361046210BD8164CF
:10DC300070472DE9F04104460F4615461E46E7643D
:10DC40002565666500212046FDF750FBBDE8F081A3
:10DC500070B504460D466FF06D063CB135B1606B92
:10DC600020B12068006DC0F3000008B1964870BD77
:10DC70002946606BFEF751FE060001D03046F6E7FC
:10DC80000120A16BC1F8E0010020F0E701604160D4
:10DC90008160C1607047032A00D07047002B01DB10
:10DCA000032B00DDF9E740F8231000BFF5E74163DF
:10DCB00070472DE9F04105460E4617460C2101201C
:10DCC00016F091F804461CB97E488038BDE8F08112
:10DCD000266067600020A060286808B92C6007E013
:10DCE000286800E0806881680029FBD1846000BF5B
:10DCF0000020EBE770B504460D461646324629462D
:10DD000004F13800FFF7D5FF70BDC16302647047AE
:10DD1000016142617047416470472DE9F04104465A
:10DD20000D46002645B1284616F022F80646FF2E7D
:10DD300002D96548BDE8F081D4F8BC0060B154F860
:10DD4000BC0F16F015F8074639462068FDF7BEFAF5
:10DD500054F8BC0917F0DEFB1DB90020C4F8BC0064
:10DD600015E0711C012016F03EF8C4F8BC00D4F890
:10DD7000BC0010B953488038DCE732462946D4F855
:10DD8000BC0015F089FF0020D4F8BC108855002095
:10DD9000D0E780F84C1080F84D20704780F84E1086
:10DDA00080F84F207047026D61F3051202657047DD
:10DDB0000146086B10B1086BC06E7047486B10B11C
:10DDC000486BC06EF9E74FF0FF30F6E710B5044638
:10DDD0000CB1206B08B9002010BD216B486801F020
:10DDE0007FFBF9E70146C86830B1012806D0022858
:10DDF00006D0032808D105E034A0704735A0FCE721
:10DE000036A0FAE737A0F8E738A0F6E701464FF466
:10DE100080407047014609B1086B08B9002070477F
:10DE20000020FCE770B504460D463CB135B1206BCF
:10DE300020B12068006DC0F3000008B1224870BD19
:10DE40002846216BFEF769FDF9E7014609B9002074
:10DE50007047086BFCE72DE9FF4F8BB00D9C00204D
:10DE600002900C9860B90298401D02900E99029899
:10DE7000884205D81F480168216000792071641D1F
:10DE80000298083002900E99029888426ED80B983A
:10DE900005680020CDE900503822DDE900500990E6
:10DEA0002846099915F0D0FE04F8010B3022DDE96F
:10DEB00000502E4608903046089915F0C5FE04F82B
:10DEC000010B19E08081FFFF008FFFFF53534C7659
:10DED000332E3000544C5376312E3000544C537650
:10DEE000312E3100544C5376312E3200756E6B6EEC
:10DEF0006F776E006C0300202822DDE900502F466A
:10DF000007903846079915F09FFE04F8010B202270
:10DF1000DDE90050A84606904046069915F094FEAB
:10DF200004F8010B1822DDE90050A9460590484687
:10DF3000059915F089FE04F8010B1022DDE9005067
:10DF4000AA4604905046049915F07EFE04F8010B91
:10DF50000822DDE90050AB4603905846039915F0BE
:10DF600073FE04F8010B009D04F8015B0298583021
:10DF700002900E990298884231D80B984068000AA6
:10DF800004F8010B0B98406804F8010B0B988068AB
:10DF900004F8010B0B98C06804F8010B20220B99C0
:10DFA0001031204615F078FE203430220B993031A4
:10DFB000204615F071FE30340B98C06E000E04F848
:10DFC000010B0B98C06E000C04F8010B0B98C06E8F
:10DFD000000A04F8010B0B98C06E04F8010B0B98B3
:10DFE000006EE0B10B98406E801C029908440290CC
:10DFF0000E99029888421ED80B9890F8680004F891
:10E00000010B0B98406E04F8010B0B98D0E9181225
:10E01000204615F041FE0B98406E04440BE0029838
:10E02000801C02900E990298884204D8002004F8BF
:10E03000010B04F8010B1899029808600E990298D8
:10E04000884203D9F7480FB0BDE8F08F0020FAE707
:10E05000F8B507460C4615461E462B4622460021BB
:10E0600038460096FFF7F7FEF8BD2DE9FF4F8DB05B
:10E0700007460F9EDDE90F6006EB00080E9880B999
:10E08000A8EB0600052803D2E74811B0BDE8F08FE1
:10E090000522E649304615F081FE08B1E448F4E770
:10E0A000761DA8EB0600082801D2DF48EDE796F8B8
:10E0B0000090002038220C9048460C9915F0B5FDD0
:10E0C00004460D4696F801A04FF000004FF03002D4
:10E0D0000B9050460B9915F0A8FD044396F802B03A
:10E0E000002028220A9058460A9915F09EFD044304
:10E0F000F07800212022CDE9081015F096FD0443A8
:10E10000307900211822CDE9061015F08EFD044368
:10E11000707900211022CDE9041015F086FD04432A
:10E12000B07900210822CDE9021015F07EFD2043D0
:10E13000F17908430090083600983860A8EB060093
:10E14000582801D2B848A0E77078317840EA012019
:10E150007860B61C16F8010BB86016F8010BF86071
:10E160002022314607F1100015F096FD20363022AE
:10E17000314607F1300015F08FFD3036307800065B
:10E18000717840EA0140B17840EA0120F178084313
:10E19000F866361D00203866A8EB0600022801D27A
:10E1A000A14872E716F8010B87F8680016F8010B12
:10E1B0007866786E38B397F8680007F0F5FA044689
:10E1C0000CB9994861E7204607F04AFE796E88420B
:10E1D00001D0954859E7A8EB0601786E884201D92D
:10E1E000914852E70120796E15F0FDFD3866386ED2
:10E1F00008B9904849E73146D7E9180215F04CFDB7
:10E20000786E064400BF464501D087483DE70020B0
:10E210003BE72DE9F04107460C4615462B462246C2
:10E2200000213846FFF721FF064616B13846FEF7B3
:10E2300067FB3046BDE8F08170B504467A4D803505
:10E240000CB1206808B9784870BD2068006DC0F333
:10E25000000018B9204601F0A8F805462846F3E763
:10E2600070B5044600250CB1206808B96E4870BD31
:10E2700000BF00BF05E02046FFF7DEFF054605B101
:10E2800002E060681028F6D100BF00BF00BF28463A
:10E29000EDE770B505462C4604E0A668204617F069
:10E2A00039F93446002CF8D170BD70B5044604B974
:10E2B00070BD00BF00BFD4F88C0068B144F24D15AA
:10E2C00054F88C0F2946FDF701F8206817F022F961
:10E2D000002044F88C0900BFA06D58B144F24D15E0
:10E2E0002946A06DFCF7F2FFA06D17F013F900208E
:10E2F000A06500BF606C28B1606CFEF7A7FA606C87
:10E3000017F008F9A06B88B12046FFF709FAA06C56
:10E31000FEF79CFA606BFEF7F3FAA06B17F0FAF8C1
:10E32000A06C17F0F7F8606B17F0F4F8206B28B1C9
:10E33000206BFEF7E5FA206B17F0ECF8D4F8BC0080
:10E3400060B154F8BC0F15F013FD0546294620684E
:10E35000FCF7BCFF54F8BC0917F0DCF800BF00BFA5
:10E36000C4212046FCF7B2FF00BFA1E710B5044668
:10E370005421204615F0B7FC10BD2DE9F0410446AC
:10E380000D4616461F4629462046FFF731FC31460A
:10E390002046FFF732FC25B9206D20F00C00083034
:10E3A0002065022F12D1032084F84E0084F84F001C
:10E3B00084F84C0084F84D001F48E060A060606065
:10E3C00020601E4860631E48606413E0032084F8E8
:10E3D0004E0084F84F0084F84C0084F84D0001F0A2
:10E3E0005BF8E060A06060602060164860631648DB
:10E3F000606400BF00BF0020BDE8F08110B5044696
:10E40000A06BFFF746FF54212046FCF75FFF10BDCD
:10E4100010B504460121204601F05AFDB0B101209B
:10E4200010BD00000096FFFF008FFFFF6C0300206F
:10E4300000A1FFFF0081FFFF88030020C08F0200C2
:10E4400094030020A08F0200740300200020E7E75F
:10E450000146012904D0022905D0042905D101E093
:10E460000120704700BF0320FBE70020F9E70146C9
:10E47000012900D170470020FCE70246012902D0A3
:10E48000042904D101E0107870475078FCE700209F
:10E49000FAE7012902D0042908D103E0037803B97F
:10E4A000027004E0437803B9427000E000BF00BF8F
:10E4B00070470146072911D2DFE801F01004060871
:10E4C0000A0C0E00032070470420FCE70520FAE741
:10E4D0000620F8E70720F6E70820F4E70020F2E737
:10E4E0000146C81E062810D2DFE800F00305070920
:10E4F0000B0D012070470220FCE70320FAE70420FF
:10E50000F8E70520F6E70620F4E70020F2E70246E8
:10E510000B461068406C10B94FF0FF307047106820
:10E52000416C05E00868984201D10020F6E7091D1A
:10E5300008680028F6D1401EF0E70246D06803289C
:10E5400001D034487047042906D0052909D1324842
:10E55000936BC3F85C0106E03048936BC3F85C0131
:10E5600001E02C48EEE700BF0020EBE72DE9FE4F6D
:10E570000446884615461E46DDE90C9A002750469B
:10E5800007F012F98346584607F06AFC286000BF7E
:10E5900000BF684607F061F900225946684607F057
:10E5A000CFF9070002D000BF00BF27E0684607F0A0
:10E5B00037FA070002D000BF00BF1FE0A06B00F5D4
:10E5C000B8714022684607F05AFA070002D000BF2F
:10E5D00000BF13E04A463146684607F050FA07008C
:10E5E00002D000BF00BF09E04146684607F076FA56
:10E5F000070002D000BF00BF00E000BF684607F080
:10E6000031F927B1502202212046FDF7EDFE3846B0
:10E61000BDE8FE8F009AFFFF09CF000055CE000035
:10E620000146887A0B280ED2DFE800F00D060709B4
:10E630000B0D0D0D0D080A0000BF00BF00BF00BF8D
:10E6400000BF012070470020FCE703468B4202D840
:10E65000C81A904201D2012070470020FCE7014611
:10E66000886B28B1886B406810B1886B426801E004
:10E670000868826B0AB9002070475068FCE72DE9F2
:10E68000F05F07468846924699464446002508F1C1
:10E69000060B0020C9F80000386890F84D000328E8
:10E6A00002D00020BDE8F09F00BF00BF3868406C7A
:10E6B00008B9F948F6E73868466C09E0AD1C4FF632
:10E6C000FE70854203D900BF00BFF348EAE7361D5C
:10E6D00030680028F2D10DB9EF48E3E700BFAA1D6A
:10E6E00051462046FFF7B1FF08B1EC48DAE700BF1A
:10E6F00000253868466C0CE03068FFF7F1FE2946CB
:10E700006D1C0BF80100012228466D1C0BF800203F
:10E71000361D30680028EFD104F8010B0D2004F8F5
:10E72000010BA81C000A04F8010BA81C04F8010B3B
:10E73000280A04F8010B04F8015BA81DC9F80000C1
:10E740000020AFE72DE9F04105466FF06D07A86B9B
:10E7500000F5B8740020F8F7DEFF0646300E04F826
:10E76000010B300C04F8010B300A04F8010B04F81B
:10E77000016B00BF00BF29681C22D1E90630214689
:10E780009847070002D03846BDE8F0810020FBE73B
:10E7900010B504460CB9012010BD2069984202DC76
:10E7A000A069904201DA0120F6E70020F4E72DE9A4
:10E7B000F04F85B005466FF06D0004904FF00008F3
:10E7C00000BF00BF2868806928B900BF00BFB448F7
:10E7D00005B0BDE8F08F286890F84E00A860286862
:10E7E00090F84F00E860286890F84C0018B900BF16
:10E7F00000BFAC48ECE7D5F8A09009F58040029046
:10E8000000BF472248460299FFF71FFF08B1A348FF
:10E81000DEE700BF09F104042B681B6DC3F340025F
:10E820002B6893F84D1093F84C002346FDF770FACF
:10E83000A41C00BF00BF2846FFF784FF049018B156
:10E8400000BF00BF0498C3E7A86B00F5B871202291
:10E85000204615F021FA00BF00BF2034686BC7685E
:10E86000102F05D3202F03D8A86BD0F8E00100B9F2
:10E87000002704F8017B002605E0686B1030805DFE
:10E8800004F8010B761CBE42F7D300BF00BF00BFE7
:10E8900000BFE968286850F821B00027A24600BFF1
:10E8A000022220460299FFF7D0FE08B17B488FE78D
:10E8B00000BFA41C002627E05BF8260000F002FE43
:10E8C0000090286890F84D3090F84F202946009825
:10E8D000FFF75EFF00B116E000BF00BF00BF0222DD
:10E8E00020460299FFF7B1FE08B16C4870E700BFFF
:10E8F0007F1C5BF82600000A04F8010B5BF8260079
:10E9000004F8010B00BF761C5BF826000028D3D169
:10E9100000BF00BF00BF00BF00BF02222046029917
:10E92000FFF793FE08B15D4852E700BF002004F8EE
:10E93000010BFF2004F8010B7F1CC7F3C7100AF876
:10E94000010B7806000E0AF8010B002001900198D7
:10E95000B8B100BF00BF00BF00BF00BF0322204608
:10E960000299FFF772FE08B14C4831E700BF022060
:10E9700004F8010B012004F8010B002004F8010B3E
:10E9800013E000BF00BF00BF00BF00BF022220464F
:10E990000299FFF75AFE08B1404819E700BF01206D
:10E9A00004F8010B002004F8010B00BF02222046EE
:10E9B0000299FFF74AFE08B1384809E700BFA01CDA
:10E9C00000EB080103AB2846029AFFF758FE0490BB
:10E9D00018B100BF00BF0498FAE60398804400BF56
:10E9E00000BFB8F1000F06D04FEA182004F8010B61
:10E9F00004F8018B4444A4EB0900C5F8A8001620D4
:10EA0000C5F8A4000120D5F8A01008706868401C63
:10EA100068602846FDF750FA049018B100BF00BFA7
:10EA20000498D5E600BF00BF0020D1E670B50646C9
:10EA30000C461546012D01D1207840B100BF00BF22
:10EA4000282202213046FDF7CFFC174870BD012077
:10EA5000C6F8C0000020F9E72DE9FF5F044600205A
:10EA6000029000BF00BF01212046FDF777FC039014
:10EA700028B100BF00BF039804B0BDE8F09FE66E68
:10EA8000606F162814D000BF00BF0A220221204662
:10EA9000FDF7AAFC0548EFE780A1FFFF0096FFFF06
:10EAA000008CFFFF008FFFFF8086FFFF0089FFFFC4
:10EAB00000BF04202630D4F88010884202D8307875
:10EAC000022808D000BF00BF322202212046FDF7F5
:10EAD0008BFCF948D0E700BF0420064400BF00BF0C
:10EAE0002068006DC0F34002334604F10C01081F9A
:10EAF000FDF786FA216891F84E10A068884211DB74
:10EB0000216891F84F10E06888420BDB216891F88A
:10EB10004C10A068884205DC216891F84D10E0682F
:10EB2000884208DD00BF00BF462202212046FDF7D3
:10EB30005BFCE248A0E700BF00BFA16B01F5C87015
:10EB40002022B11C15F0A8F896F8225000BF00BF93
:10EB5000202D08D900BF00BF322202212046FDF738
:10EB600043FCD54888E700BF042027302844D4F868
:10EB7000801088421BD205F12700315C401E305CBA
:10EB800041EA00270FB1042F08D300BF042028302A
:10EB900028443844D4F8801088421BD000BF00BFFE
:10EBA000322202212046FDF71FFCC34864E700BF64
:10EBB000042026302844D4F88010884201D1002750
:10EBC00008E000BF00BF322202212046FDF70CFC06
:10EBD000B94851E705F12400315C401E305C41EA40
:10EBE000002905F1250016F800A0BAF1000F08D0A1
:10EBF00000BF00BF2F2202212046FDF7F5FBB048E1
:10EC00003AE7484600F05EFCA16BC1F86801A06BD2
:10EC1000D0F8680148B900BF00BF50220221204649
:10EC2000FDF7E2FBA648803826E7A06BD0F8681114
:10EC30002046FEF73EFD00BF00BF00BF00BFA06B37
:10EC4000D0F8E001A8B1A5B1606B4068484510D18B
:10EC5000606B806850450CD1606BC068A84208D1D9
:10EC6000616B01F110002A4606F1230115F096F8B8
:10EC7000D8B16068401C60600020A16BC1F8E00161
:10EC8000F8F749FD616B0860606BC0F80490606B39
:10EC9000C0F808A0606BC560616B01F110002A46E6
:10ECA00006F1230114F0F8FF0FE00C20606020460D
:10ECB000FEF79CF9039040B100BF00BF5022022133
:10ECC0002046FDF791FB0398D6E600BF00BF00BFCA
:10ECD00000BF00BF00BF4FF000091DE0E1682068E1
:10ECE00050F8210050F8290040B900BF00BF2F2282
:10ECF00002212046FDF778FB6F48BDE6E1682068F9
:10ED000050F82120484609F1010952F82000616BB2
:10ED10004968884200D100E0E0E700BF616B4868C5
:10ED200000F0D0FB0190E3681A4621460198FFF7F6
:10ED30002FFD40B100BF00BF2F2202212046FDF76A
:10ED400053FB5D4898E600BF00BFBAF1000F08D042
:10ED500000BF00BF2F2202212046FDF745FB564889
:10ED60008AE6606BC0F808A006F1280000EB0508F1
:10ED700000BF00BF3BE098F8010098F8001040EA9F
:10ED80000120009098F8030098F8021040EA012B47
:10ED90000BF10400B84208D900BF00BF32220221A3
:10EDA0002046FDF721FB444866E66FF47F4100985A
:10EDB00040180CD100BF00BF5A4608F1040120469C
:10EDC000FFF734FE039008B1039855E602E000BF58
:10EDD00000BF00BF00BF0BF104003F1A80442FB1F9
:10EDE000042F03D200BF00BF334845E600BF002F09
:10EDF000C1D1D4F8C00048B92068006DC0F301103B
:10EE0000022803D100BF00BF012002900298012810
:10EE100006D1282202212046FDF7E6FA26482BE6F5
:10EE200000BF00BF002027E62DE9FF5F04460D4626
:10EE3000164699466FF06D0BE06808B9002000E0B7
:10EE400002200746A06B00F5D87000EB0908E8190E
:10EE5000B0F5804F05D900BF00BF1A4804B0BDE827
:10EE6000F09F23681B6DC3F34002236893F84D1095
:10EE700093F84C004346FCF74BFF21682E22D1E962
:10EE8000063008F1020198475FEA000B03D000BF8B
:10EE900000BF5846E2E73020A16BC1F86C01A06BBF
:10EEA00000F1080A0121504601F012F870B900BFC4
:10EEB00000BF0548D2E700008086FFFF8091FFFF7A
:10EEC000808FFFFF0096FFFF0093FFFF2068C0695F
:10EED00021688969C5F58042D21BCDE90062CDE980
:10EEE0000210D4F8A0002844C319A06B4146D0F802
:10EEF0006C21504601F0E5F85FEA000B03D000BF3B
:10EF000000BF5846AAE7022F0ED13068C0F3072091
:10EF1000D4F8A01048553068C1B2681CD4F8A020BD
:10EF200011543068801C3060504600F0A7FF00206C
:10EF300094E72DE9F04104466FF06D06A06BD0F820
:10EF4000685100274FF0000800BF00BFA87A0128D1
:10EF500007D100BF00BF6068401C60600020BDE8B2
:10EF6000F08101212046FDF7F9F9060003D000BF2A
:10EF700000BF3046F3E7606F162808D000BF00BF1F
:10EF80000A2202212046FDF72FFAFE48E7E7E06E4D
:10EF900000780C2812D0A87A052802D0A87A072871
:10EFA00003D10120C4F8880017E000BF00BF0A2287
:10EFB00002212046FDF718FAF248D0E700BF0420EE
:10EFC000E16E4718D4F88010E06E00EB010800BF36
:10EFD00000BF00BF00BFEC48C1E76068401C606034
:10EFE00000BF00BF0020BAE72DE9F05F04466FF0D4
:10EFF0006D0900250027AA46A06BD0F868B100BFB4
:10F0000000BF5846FFF70CFB38B900BF00BF60686F
:10F01000401C60600020BDE8F09F01212046FDF704
:10F020009DF95FEA000903D000BF00BF4846F2E740
:10F03000606F162808D000BF00BF0A2202212046B8
:10F04000FDF7D2F9CF48E6E76068401C6060E06EEB
:10F0500000780D2801D1012000E00020C4F8B8009C
:10F0600000BF00BFD4F8B80018B90120C4F8880068
:10F0700066E0E66E00BF0420D4F88010884208D312
:10F0800000BF00BF322202212046FDF7ADF9BF4884
:10F09000C1E700BF0420375C3D4600BF00BF801CB5
:10F0A0002844D4F88010884208D300BF00BF322221
:10F0B00002212046FDF798F9B448ACE7E068032840
:10F0C00020D100BF0420801C2844315C0420401C57
:10F0D0002844305C41EA002800BF0420C01C2844BA
:10F0E0004044D4F88010884208D300BF00BF3222C9
:10F0F00002212046FDF778F9A4488CE708F10200C8
:10F10000054400BF00BF0420801C2844315C04205B
:10F11000401C2844305C41EA002A554400BF0420CA
:10F12000C01C2844D4F88010884208D000BF00BF1B
:10F13000322202212046FDF757F994486BE700BFC1
:10F1400000BF00BF002066E770B504466FF06D0594
:10F1500000BF00BF01212046FDF700F9050003D0E4
:10F1600000BF00BF284670BD606F162803D000BFE7
:10F1700000BF8448F7E700BF0420D4F8801088421D
:10F1800003D1E06E00780E2808D000BF00BF322205
:10F1900002212046FDF728F97D48E4E76068401C1D
:10F1A000606000BF00BF0020DDE7F8B504466FF0E7
:10F1B0006D06A06BD0F8687100BF00BFB87A012857
:10F1C0000AD1042500236A4629462046FFF72CFE73
:10F1D000060005D03046F8BD00BF00BF6A48FAE718
:10F1E00000982844C4F8A8001620C4F8A4001020F1
:10F1F000D4F8A01008706068401C60602046FCF7DE
:10F200005BFE060003D000BF00BF3046E3E700BF4F
:10F2100000BF0020DFE72DE9F04F93B004465D4EBC
:10F22000A06BD0F868710020129000250DF118082D
:10F230008146824600BF00BF2046FDF7D7FE06008C
:10F2400005D000BF00BF304613B0BDE8F08F384690
:10F25000FFF7E6F930B900BF00BF6068401C60608E
:10F260000020F1E7D4F8B80078B100BFA16B29B154
:10F27000A16B496811B1A16B486801E02168886BF6
:10F2800008B9002100E0016831B900BF00BF606823
:10F29000401C60600020D7E72046FFF7E0F918B96E
:10F2A00000BF00BF3C48CFE7A06B05AA06A9D0F875
:10F2B0005C3120469847E06803281ED1A06BD0F847
:10F2C0006801407A072805D181460520D4F8A010AE
:10F2D000087105E04FF006090420D4F8A010087169
:10F2E0002046FFF7BCF98346FFF792F8D4F8A01048
:10F2F000487100200590022503E000BF00BF2248AE
:10F30000A2E72046FFF7ABF983462068C069216871
:10F31000896912AACDE9030ACDE90121D4F8A00038
:10F32000801D28440090424649465846059B00F0FF
:10F330005CFE060003D000BF00BF304684E7129891
:10F34000C0F3072154F8A02F281D11541298C1B200
:10F35000681D226811541298801D2844A060162050
:10F3600060600F202168087054F89C0C401C44F821
:10F370009C0CA4F1A0042046FCF79EFD060010D0D2
:10F3800000BF0BE00089FFFF0094FFFF8085FFFFB7
:10F390008084FFFF808FFFFF008AFFFF00BF3046A1
:10F3A00052E700BF00BF30464EE770B50446002567
:10F3B0006068102801D0A06B08B9364870BD00BF46
:10F3C00000BF2046FCF75DFC050001D02846F5E7AC
:10F3D0006068102856D2DFE800F0080B10151A1FDD
:10F3E00024292E33383D42474C51012060604DE0C6
:10F3F0002046FFF7DCF9054648E02046FFF72CFBE6
:10F40000054643E02046FEF7BBF805463EE02046B1
:10F41000FFF78FFD054639E02046FFF7E5FD05467D
:10F4200034E02046FFF790FE05462FE02046FDF72A
:10F430003FFE05462AE02046FFF7B7FE054625E0D9
:10F440002046FFF7E8FE054620E02046FDF70CF8D1
:10F4500005461BE02046FEF7C1F9054616E02046AA
:10F46000FDF721F8054611E02046FEF704FA0546AF
:10F470000CE000BF00BF0F20606007E02046FEF7F1
:10F4800082F903E000BF00BF024897E700BF2846AB
:10F4900094E70000008FFFFF3248704770B50546C3
:10F4A000314C0DB9002070BD07E02946606814F0AA
:10F4B00067FC08B92046F6E7203420680028F4D11C
:10F4C00000BFF0E70246284905E00868904201D1F4
:10F4D00008467047203108680028F6D100BFF8E7D9
:10F4E00010B504462046FFF7EDFF03460BB91FA0F9
:10F4F00010BD5868FCE770B505462846FFF7CEFFFB
:10F5000004460CB9002070BD2068FCE70146887AEB
:10F510000B2811D2DFE800F0100607080B101009C5
:10F52000100D0E0000BF00BF00BF01207047042077
:10F53000FCE700BF0220F9E70020F7E70146887AE0
:10F54000012806D0022805D0032804D0042806D1BB
:10F5500003E000BF00BF012070470420FCE700204B
:10F56000FAE70000B8850200C0850200756E6B6E78
:10F570006F776E0010B504464FF4A071204614F06A
:10F58000B2FB4FF0FF30206110BD10B5044604B946
:10F5900010BD04F12000FAF711FF4FF4A0712046CE
:10F5A000FBF794FE00BFF3E741617047816170474C
:10F5B0000246D2F8380110B16FF033007047B1F550
:10F5C000C07F02D96FF03700F8E7B1F1004F02D3E6
:10F5D0006FF03700F2E711610020EFE7C16170477B
:10F5E0002DE9F74FADF5487D824616460020019083
:10F5F000B6F5C07F05D96FF037000DF54B7DBDE83E
:10F60000F08F4FF4D07160A814F06DFB02A8FAF7E8
:10F61000CBFE64AC300E04F8010B300C04F8010B87
:10F62000300A04F8010B04F8016BE41C302004F8E4
:10F63000010B32462046C99914F02EFB8020A055BC
:10F6400006F1190B002502E04CA94D556D1C202D2B
:10F65000FADB4FF480724CA902A8FAF7BAFE0190C7
:10F6600000B159E0002734E060AC00204890499098
:10F670004A904B90D9461CE0002506E048A8405D22
:10F68000615D484048A948556D1C102DF6DB1034CB
:10F69000B9F1100F01D3102000E04846A9EB000992
:10F6A00048AB48AA012102A8FBF797FD019000B1E1
:10F6B00032E0B9F1000FDFD154A9C819102248A9CE
:10F6C00014F0EAFA9DF88301401CC0B28DF8830162
:10F6D0001037302FC8DB4FF4807254A902A8FAF714
:10F6E00078FE019000B117E00DF5B8785446002778
:10F6F0000FE043464246012102A8FBF76EFD019050
:10F7000000B109E010224146204614F0C5FA103439
:10F710001037302FEDDB00BF02A8FAF74FFE4FF491
:10F72000D07160A8FBF7D2FD302154A8FBF7CEFDC5
:10F7300020214CA8FBF7CAFD102148A8FBF7C6FD05
:10F74000019818B130215046FBF7C0FD019854E7ED
:10F750002DE9F0438DB005460E4601AF4FF000098C
:10F76000302101A814F0BFFAC8461DE010240AE0B9
:10F77000601E285C401C10F0FF01A4F10100295418
:10F7800000D002E0641E002CF2DC00BF3B462A469B
:10F79000012105F12000FBF720FD5FEA000900D000
:10F7A00020E0103708F11008B8F1300FDEDB00243C
:10F7B00006E001A8005D315D484001A90855641CC0
:10F7C000302CF6DB4FF4807201A905F12000FAF726
:10F7D00000FE5FEA000900D004E009A80FC885E830
:10F7E0000F0000BF302101A8FBF770FD48460DB0A7
:10F7F000BDE8F083F0B58DB005460E4614466FF0B7
:10F800006D0714B900200DB0F0BD2246314601A8A5
:10F81000FFF7E6FE070000D007E001A92846FFF742
:10F8200097FF070000D000E000BF302101A8FBF7E0
:10F830004DFD3846E7E770B505460E461446B4F56B
:10F84000C07F01D94FF4C074224631462846FFF7E5
:10F85000D1FF70BD2DE9F043E1B00446884617465C
:10F860001D4600266FF06D09A069B0F5C07F04D970
:10F870006FF0370061B0BDE8F083A069C0F5C070DB
:10F88000A84202D26FF03700F4E7A069C0F5C0705B
:10F89000401BB84202D26FF03700EBE74FF4C07163
:10F8A00001A814F020FA01A9D4F83831A269D4F8DB
:10F8B0003C01984710B16FF03300DBE7A0690644C4
:10F8C0005DB12A4601A9D4F83831D4F83C019847F3
:10F8D00010B16FF03300CDE72E44B8F1000F07D020
:10F8E00037B101A988193A46414614F0D5F93E448A
:10F8F000324601A901A8FFF773FE5FEA000900D0B4
:10F900000AE001A92046FFF723FF5FEA000900D0C3
:10F9100002E00120206100BF4FF4C07101A8FBF795
:10F92000D5FC4846A6E770B504460D4616460023AA
:10F93000324629462046FFF78DFF70BD014630292B
:10F9400001D300207047481C4008FBE72DE9F04731
:10F9500088B004460D4616461F46DDF840806FF01D
:10F960006D092021684614F0BEF904F12000FAF771
:10F970001BFDC4F83851C4F83C61A06908B93020B7
:10F98000A0612069002801DB206902E0A069FFF77F
:10F99000D5FF824642F21070E0614FF480726946F2
:10F9A00004F12000FAF715FD5FEA000903D048468C
:10F9B00008B0BDE8F0875346424639462046FFF777
:10F9C00049FF5FEA000901D04846F1E70020EFE770
:10F9D0002DE9F04F93B081468A4615469B461C9F01
:10F9E000002012904C46CDF814A0B5F5806F04D9D4
:10F9F0006FF0350013B0BDE8F08FB7F5807F02D906
:10FA00006FF03700F6E7302106A814F06CF9E169D1
:10FA10002069884201DC606948B13A46594620466F
:10FA2000FFF781FF129008B11298E3E7002777B142
:10FA30003A46594606A8FFF7D3FD129000B13EE0C2
:10FA400006A92046FFF784FE129000B137E029E0B6
:10FA500010260AE0701E205C401C10F0FF01A6F189
:10FA60000100215400D002E0761E002EF2DC00BF1F
:10FA700001AB2246012104F12000FBF7AEFB1290FE
:10FA800000B11CE0102D01D9102000E0284680466E
:10FA9000424601A9059814F0FFF8059840440590E6
:10FAA000A5EB0805002DD3D106A92046FFF750FE8F
:10FAB000129000B103E02069401C206100BF30219A
:10FAC00006A8FBF703FC102101A8FBF7FFFB129827
:10FAD00090E72DE9F84304460D4616466FF06D0792
:10FAE000A046002003463246294600904046FFF7D4
:10FAF0006FFF07463846BDE8F8830000F0B50446BE
:10FB00000D46059E0020D4F8E010142902DB6FF0AA
:10FB10003D001EE001EB810C04F1E40747F82C5096
:10FB200001EB810C07EB8C077A6001EB810C04F18F
:10FB3000E40707EB8C07FB6001EB810C04F1E407A1
:10FB400007EB8C073E61D4F8E0707F1CC4F8E070CE
:10FB500000BFF0BD38B504460020C4F8E0004FF403
:10FB6000C87104F1E40014F0BEF80020206004F134
:10FB7000080008F0DFF8012020230022BB49009094
:10FB80002046FFF7BBFF38BD10B5044604F108005E
:10FB900008F0D9F80020C4F8E0004FF4C87104F16F
:10FBA000E400FBF793FB0020206010BD2DE9F04737
:10FBB00092B00446884616461D462F46B1464FF081
:10FBC000000A402F0CD9002301AA2946304609F02B
:10FBD000F8FF5FEA000A00D026E00DF10409402793
:10FBE0008DF84480F8B28DF84500206840B90021B6
:10FBF00004F1080008F0BEF85FEA000A00D013E044
:10FC000001202060022211A904F1080009F02CFB58
:10FC10005FEA000A00D007E03A46494604F10800CE
:10FC200009F022FB824600BF402101A8FBF74EFBF2
:10FC3000504612B0BDE8F0872DE9F04106460C466B
:10FC400015466FF06D072B46224614213046FFF70C
:10FC5000ADFF07463846BDE8F081F0B5A1B00546D6
:10FC60006FF03B060027D5F8E00010B9301F21B037
:10FC7000F0BD00243CE004EB840105F1E40000EB5E
:10FC800081000069012800D101270020009004EBC9
:10FC9000840205F1E40101EB820104EB840248686F
:10FCA00005F1E40151F822C06B46802201A9E0472A
:10FCB000060000D024E00098C8B101AAE1B22846AD
:10FCC000009BFFF773FF060001D03046CFE704EB3F
:10FCD000840105F1E40000EB810080680099014493
:10FCE00004EB840205F1E40000EB82008160641CF7
:10FCF000D5F8E000A042BEDC0FB96FF03C0600BFB3
:10FD0000802101A8FBF7E2FA3046B0E770B504465F
:10FD10006FF06D052046FFF7A0FF0546284670BD31
:10FD20002DE9F04F91B006460F4690464FF0000B7C
:10FD30003446B8F1400F04D96FF03B0011B0BDE874
:10FD4000F08F00BF58460BF1010BB0F5807F02DD4C
:10FD50006FF03B0983E02046FFF77FFF5FEA000971
:10FD600000D07CE0012010904FF0000A002523E035
:10FD700005EB850104F1E40000EB810005EB850251
:10FD8000816804F1E40000EB8200C068814201D286
:10FD90000020109005EB850104F1E40000EB8100E8
:10FDA0000069012807D105EB850104F1E40000EBAF
:10FDB0008100806882446D1CD4F8E000A842D7DC42
:10FDC00010980028BED0BAF1400FBBD3402168463E
:10FDD00013F089FF694604F1080009F0A8FA5FEA08
:10FDE000000900D03BE004F1080007F0ACFF04F18B
:10FDF000080007F09FFF002104F1080007F0BAFF98
:10FE00005FEA000900D02AE04022694604F10800B8
:10FE100009F02AFA5FEA000900D020E000236A46D0
:10FE20004021684609F0CDFE5FEA000900D016E0E7
:10FE3000002508E0002105EB850204F1E40000EB59
:10FE4000820081606D1CD4F8E000A842F2DC4246DA
:10FE50006946384613F020FF4FF0000900BF4021EB
:10FE60006846FBF733FA484668E70000E57600008D
:10FE700000BF00BF002101604160704710B504461B
:10FE800004B910BD206818B1D4E90020916A8847F0
:10FE900008212046FBF71AFA00BFF2E701460129C4
:10FEA00001D1CB4870470020FCE770B504460D46F1
:10FEB00000BF00BF0DB1206808B1C64870BD686AB8
:10FEC0008047606008B9C448F8E725600020F5E77E
:10FED00070B504460D460CB1206808B9002070BD0D
:10FEE0002068C16828468847F9E770B505460C4682
:10FEF000206808B1002070BD284605F055FC0600BA
:10FF000001D1401EF7E7304605F0AAFF206000202F
:10FF1000F1E72DE9FF4383B004460D461646DDE9BF
:10FF20000F890E9F00BF00BF00BF00BF00BF00BF12
:10FF3000206820B106A92846FFF7D7FF18B1A548C9
:10FF400007B0BDE8F0832068006910B9A148803887
:10FF5000F6E7CDE90078D4E90010D1F810C03246B8
:10FF60002946069BE047EBE72DE9FE4304460D4694
:10FF700016461F46DDE90A8900203B4632462946DF
:10FF8000CDE9008902902046FFF7C3FFBDE8FE835C
:10FF90002DE9FC5F04460E4615461F46DDE90EAB13
:10FFA000DDE90C8900BF00BF00BF00BF00BF00BF7C
:10FFB000286810B98748BDE8FC9F21462846FFF70E
:10FFC00087FF10B983488038F5E7062C01D18348B4
:10FFD000F1E70EB17F48EEE74B46424639462846E8
:10FFE000CDE900ABFFF7C0FFE5E72DE9FF4F85B096
:10FFF00004460D46164612AF97E8800F00BF00BFBB
:020000040001F9
:1000000000BF00BF00BF00BF206820B108A928467C
:10001000FFF76BFF18B16F4809B0BDE8F08F20689B
:10002000406910B96B488038F6E78DE88007D4E95D
:100030000010D1F814C032462946089BE047EBE790
:100040002DE9F04F85B004460D4616461F46DDE902
:1000500010ABDDE90E8900203B46324629468DE88B
:10006000000F04902046FFF7C0FF05B0BDE8F08FF9
:100070002DE9FF5F04460D4616461F46DDE910AB2D
:10008000DDE90E8900BF00BF00BF00BF00BF00BF99
:1000900000BF00BF206818B94E4804B0BDE8F09F0B
:1000A0002068806910B94B488038F6E78DE8000F6A
:1000B000D4E900103B463246D1F818C02946E04743
:1000C000EBE72DE9FF5F04460D4616461F46DDE9C6
:1000D00010ABDDE90E8900BF00BF00BF00BF00BF4D
:1000E00000BF00BF00BF206818B93A4804B0BDE89F
:1000F000F09F2068C06910B936488038F6E78DE86F
:10010000000FD4E900103B463246D1F81CC0294606
:10011000E047EBE770B505460C4600BF00BF00BFE7
:1001200000BF286808B1206808B92A4870BD206857
:10013000006A08B92948F9E720680078052806D13F
:1001400028680078012809D022488038EEE728681E
:100150002168884202D01F488038E7E761686868F4
:1001600023681A6A9047E1E710B504460CB120688D
:1001700008B9002010BDD4E9002091688847F9E74C
:1001800070B504460D4600BF00BF206808B911488D
:1001900070BD2068C06A10B90E488038F8E7D4E90D
:1001A0000010CA6A294690470020F1E7014609B1CC
:1001B000086808B90AA0704708684068FBE701466C
:1001C00009B1086808B90020704708680078FBE7A3
:1001D000A086020080C1FFFF80C0FFFF80C6FFFF36
:1001E000696E76616C696420504B000001460129FC
:1001F00001D0062901D1012070470020FCE770B52D
:1002000004462546284600F042FCC00070BD2DE99A
:10021000F04F85B004460D4616461F46DDE90EA890
:100220006FF06D0B0494049800F031FC8146C845D2
:1002300003D2544805B0BDE8F08F00231A46194692
:10024000CDE9026ACDE90057049801F0E8FA5FEAC7
:10025000000B01D05846EDE7C84501D94A48E9E707
:100260000020E7E72DE9F04F85B004460D4616461D
:100270001F46DDE910ABDDE90E890494049800F017
:1002800006FCC9F8000001235A465146CDE9026830
:10029000CDE90057049801F032FA05B0BDE8F08FBF
:1002A0002DE9F04F85B004460D4616461F46DDE9A0
:1002B00010ABDDE90E890494049800F0E8FBB0422D
:1002C00003D0324805B0BDE8F08F01235A465146AD
:1002D000CDE90279CDE90085049801F0CEF8F1E787
:1002E0002DE9FF5F04460D4616461F46DDE910ABBB
:1002F000DDE90E890394039800F0C9FBC8F80000FB
:10030000D8F80000484504D91E48803804B0BDE83C
:10031000F09F00235A465146CDE9015700960398B5
:1003200000F044FFF2E770B504460D46294620462A
:1003300000F011FC70BD10B5AC21012013F053FD8D
:10034000044624B100221146204600F08EFB2046D0
:1003500010BD10B50446204601F084FA204615F081
:10036000D9F810BD01220A7009A24A6000F1080202
:100370008A600C3101220A7007A24A6000F114025F
:100380008A60704780BCFFFF00C7FFFF80BFFFFF90
:100390007273612E4E0000007273612E45000000E2
:1003A000F0B503460C461D4626460020002106E017
:1003B0006F5C16F801C087EA0C073843491C91426C
:1003C000F6D3F0BD2DE9F04704460D4616461F460C
:1003D000DDE908896FF06D0A00BF00BF3DB1294615
:1003E00004F1080001F036FF5FEA000A27D13EB1B0
:1003F000314604F12C0001F02DFF5FEA000A1ED106
:100400003FB1394604F1380001F024FF5FEA000AE9
:1004100015D1B8F1000F07D0414604F1200001F0DA
:1004200019FF5FEA000A0AD1B9F1000F0BD0494663
:1004300004F1140001F00EFF5FEA000A03D0AAF5F0
:100440008140BDE8F08725B104F1080002F0B6F85C
:1004500060600020F5E72DE9F05F04460E46934604
:100460001D46DDF83C90DDF834800B9F4FF0000A0C
:1004700000BF00BF86B100BF5A46314604F10800F4
:1004800004F02AF85FEA000A00D03EE000BF04F161
:10049000080002F093F860605DB100BF294604F1E6
:1004A0002C000A9A04F018F85FEA000A00D02CE049
:1004B00000BF5FB100BF394604F138000C9A04F068
:1004C0000BF85FEA000A00D01FE000BFB8F1000F90
:1004D0000BD000BF414604F120000E9A03F0FCFF50
:1004E0005FEA000A00D010E000BFB9F1000F0BD0A6
:1004F00000BF494604F11400109A03F0EDFF5FEAD3
:10050000000A00D001E000BF00BFBAF1000F03D025
:10051000AAF58140BDE8F09F0020FBE770B50446D6
:100520000D46164604F1080002F048F8616888425A
:1005300003D16068B0F5806F01D9FC4870BD00211F
:1005400004F1080003F0B3FA002805DD002104F1EE
:10055000080001F0A0FF08B9F448EFE7DDB1002181
:1005600004F12C0003F0A3FA002812DD002104F1AD
:100570002C0001F090FF60B1002104F1380003F07D
:1005800096FA002805DD002104F1380001F083FF10
:1005900008B9E648D2E7002104F1140003F087FA15
:1005A000002801DCE148C9E77DB1002104F14400E5
:1005B00003F07DFA002806DD002104F1500003F06D
:1005C00076FA002801DCD948B8E745B1002104F1EA
:1005D0005C0003F06CFA002801DCD448AEE7002090
:1005E000ACE72DE9F04F89B00446002500BF00BFFD
:1005F000002104F1080003F05AFA08B1012000E0DC
:1006000000208246002104F12C0003F050FA08B1CA
:10061000012000E000200646002104F1380003F02C
:1006200046FA08B1012000E000200746002104F14D
:10063000200003F03CFA08B1012000E000208046D1
:10064000002104F1140003F032FA08B1012000E0A7
:1006500000208146002104F1440003F028FA08B18B
:10066000012000E000200890002104F1500003F078
:100670001EFA08B1012000E000200790002104F1DB
:100680005C0003F014FA08B1012000E0002006909D
:1006900046B13FB1B8F1000F04D0B9F1000F01D05D
:1006A000012000E000200590BAF1000F09D046B902
:1006B0003FB9B8F1000F04D0B9F1000F01D001200B
:1006C00000E00020049046B13FB1B8F1000F04D122
:1006D000B9F1000F01D0012000E000200390BAF131
:1006E000000F09D046B93FB9B8F1000F04D1B9F1F4
:1006F000000F01D0012000E000200290059818B9F9
:10070000049808B9039808B1012000E0002083464E
:10071000BBF1000F05D1029818B9844809B0BDE8B3
:10072000F08FBAF1000F13D196B18FB104F13802F6
:1007300004F12C0104F1080003F00DF8050002D0CB
:10074000A5F58140EAE704F1080001F037FF606099
:10075000049880B104F1380004F12C0304F1200264
:1007600004F114010090303801F066F905469DB19E
:10077000A5F58140D2E7039870B104F1200304F19C
:10078000140204F1380104F12C0001F05EFA0500B6
:1007900002D0A5F58140C1E7BBF1000F18D0089841
:1007A00018B1079808B1069890B904F15C0004F1FB
:1007B000500104F1440304F12002CDE9001018397E
:1007C000303801F064FC054615B1A5F58140A5E778
:1007D000012259462046FFF7A1FE9FE72DE9FC5F65
:1007E0000446884692461D46DDE90CB6DDF8449085
:1007F0000F9F0020019000BF00BF002104F10800FE
:1008000003F055F9C8B1002104F12C0003F04FF9B1
:1008100098B1002104F1380003F049F968B10021D2
:1008200004F1200003F043F938B1002104F1140071
:1008300003F03DF908B1012000E00020009000988D
:1008400028B90DB906B917B13848BDE8FC9FB8F111
:10085000000F0AD000BF5246414604F1080003F0E1
:10086000B4FE019000B133E000BF55B100BF5A465D
:10087000294604F12C0003F0A8FE019000B127E006
:1008800000BF56B100BF314604F138000E9A03F0A4
:100890009CFE019000B11BE000BF57B100BF39467C
:1008A00004F12000109A03F090FE019000B10FE0D7
:1008B00000BFB9F1000F0AD000BF494604F114008F
:1008C000129A03F082FE019000B101E000BF00BF68
:1008D0000198BAE72DE9F05F04460F4615461E461B
:1008E000DDE90A896FF06D0A00BF00BF002104F145
:1008F000080003F0DCF8D8B1002104F12C0003F06B
:10090000D6F8A8B1002104F1380003F0D0F878B18E
:10091000002104F1200003F0CAF848B1002104F1DD
:10092000140003F0C4F818B1012002E080BFFFFFFB
:1009300000208346BBF1000F07D11DB916B9B8F1ED
:10094000000F02D0FE48BDE8F09F3FB104F108015E
:10095000384601F07FFC5FEA000A27D13DB104F17F
:100960002C01284601F076FC5FEA000A1ED13EB158
:1009700004F13801304601F06DFC5FEA000A15D140
:10098000B8F1000F07D004F12001404601F062FCED
:100990005FEA000A0AD1B9F1000F09D004F114018D
:1009A000484601F057FC5FEA000A01D05046CAE70A
:1009B0000020C8E72DE9F04704460D4616461F46BD
:1009C0006FF06D0800BF00BF002104F1080003F0C4
:1009D0006EF8C8B1002104F12C0003F068F898B15A
:1009E000002104F1380003F062F868B1002104F13D
:1009F000200003F05CF838B1002104F1140003F08A
:100A000056F808B1012000E000208146B9F1000F3E
:100A100002D1CB48BDE8F0873DB104F1440128463E
:100A200001F018FC5FEA000811D13EB104F1500159
:100A3000304601F00FFC5FEA000808D157B104F11D
:100A40005C01384601F006FC5FEA000802D0A8F518
:100A50008140DFE70020DDE700BF00BF00BF00BF2F
:100A6000C0F8A410C0F8A820704770B504460D4621
:100A7000164600BF00BF00BF00BFAC21204613F0E8
:100A800032F9324629462046FFF7E6FF70BD01469F
:100A90004868704710B5044600BF00BF00221146E9
:100AA0002046FFF73BFD08B1A64810BD04F1080041
:100AB00001F068FD802801D2A248F6E7002104F188
:100AC000140001F0E8FC68B104F1140001F05AFDD3
:100AD000022807D304F1080104F1140002F08DFF8D
:100AE000002801DB9748E0E70020DEE73EB504463A
:100AF00000BF00BF2046FFF7CDFF28B901221146F5
:100B00002046FFF70BFD08B18E483EBD002104F1E1
:100B10001400CDE9000104F1200304F13802029130
:100B200004F12C010C3801F0CFF908B18548ECE74D
:100B300004F15C0004F1500104F1440304F12002CB
:100B4000CDE900101839303801F0F9F808B17D48C6
:100B5000DBE70020D9E770B505460C4600BF00BFB3
:100B600000BF00BF2846FFF795FF18B92046FFF7E2
:100B7000BDFF08B1734870BD04F1080105F108001C
:100B800002F03BFF30B904F1140105F1140002F04A
:100B900034FF08B16B48EEE70020ECE72DE9FF4198
:100BA0000446884615466FF06D0600BF00BF00BFC3
:100BB00000BF00BF00BF002211462046FFF7AEFC79
:100BC00018B15F4804B0BDE8F08101A801F0BAFA9D
:100BD00000BF414601A8626803F07EFC060000D019
:100BE00026E000BF04F1080101A802F006FF00287A
:100BF00002DB6FF003061BE0676800BF04F16800CA
:100C000004F1080304F1140201A9009001A803F003
:100C100055FE060000D00BE000BF00BF3A46294653
:100C200001A803F0D2FC060000D001E000BF00BF25
:100C300001A801F08FFA16B1A6F58540C2E70020A1
:100C4000C0E72DE9F84304460D4616464FF000086C
:100C5000A020005970B300BF04F18C021146084671
:100C600002F079FD070000D074E000BF00BF04F17E
:100C7000080204F18C01084603F04BFD070000D088
:100C800068E000BF00BF04F198021146084602F078
:100C900062FD070000D05DE000BF00BF04F1080264
:100CA00004F19801084603F034FD070000D051E03C
:100CB00000BF4FE000BF404608F101080A2802DDEE
:100CC0002148BDE8F88300BF6068411E33462A46CC
:100CD00004F1980004F029F9070000D03AE000BFC1
:100CE00000BF04F1080204F1980104F18C0004F043
:100CF00060F8070000D02DE000BF012104F18C0056
:100D000002F0D5FE0028D6D100BF04F1080204F19C
:100D1000980104F18C0004F04AF9070000D019E0B2
:100D200000BF00BF04F1680004F1080304F11402DD
:100D300004F18C010090243003F0C0FD070005E0B1
:100D400080BFFFFF00BEFFFF80BBFFFF00D001E0C0
:100D500000BF00BF3846B4E72DE9F04FA1B004460C
:100D60000D4616461F46DDF8A8A06FF06D0804F189
:100D7000440B04F15000089000BF00BF00BF00BF4B
:100D800000BF00BF0DB1012000E00020024601219C
:100D90002046FFF7C3FB18B1FE4821B0BDE8F08F35
:100DA0001EA801F0CFF91BA801F0CCF918A801F09A
:100DB000C9F915A801F0C6F92DB10CA801F0C2F9C6
:100DC00009A801F0BFF912A801F0BCF90FA801F0C1
:100DD000B9F905A801F0B6F902A801F0B3F900BF0E
:100DE00039461EA8626803F077FB5FEA000800D06E
:100DF00036E100BF04F108011EA802F0FEFD002844
:100E000002DB6FF003082BE100BF1EA905A801F06B
:100E100021FA5FEA000800D022E100BF002D75D062
:100E200000BF324629462046FFF70BFF5FEA000865
:100E300000D015E100BF00BF04F18C021EA91EA85E
:100E400002F089FC5FEA000800D009E100BF00BFA2
:100E500004F108021EA91EA803F05BFC5FEA00086B
:100E600000D0FDE000BF00BF012204F12C011BA84F
:100E700001F060FD5FEA000800D0F1E000BF00BFB4
:100E8000012204F1380118A801F054FD5FEA0008BE
:100E900000D0E5E000BF00BF33462A461C2115A85C
:100EA00004F043F85FEA000800D0D9E000BF00BFBB
:100EB00015AA1BA90CA802F04EFC5FEA000800D09E
:100EC000CEE000BF00BF04F144020CA90CA801F061
:100ED00051FD5FEA000800D0C2E000BF0DF1300B09
:100EE00000BF33462A461C2115A804F01EF85FEA0D
:100EF000000800D0B4E000BF00BF15AA18A909A8D7
:100F000002F029FC5FEA000801D0A9E00EE000BF72
:100F100000BF04F1500209A909A801F02BFD5FEA06
:100F2000000800D09CE000BF09A8089000BF04F1B1
:100F3000740004F12C035A461EA9009012A803F075
:100F4000BDFC5FEA000800D08AE000BF00BF04F1EA
:100F5000800004F1380300901EA90FA8089A03F03E
:100F6000ADFC5FEA000800D07AE000BF00BF0FAA26
:100F700012A91EA801F09CFC5FEA000800D06FE0F7
:100F800000BF00BF04F15C021EA912A802F0E3FB3F
:100F90005FEA000800D063E000BF00BF04F12C024C
:100FA00012A91EA803F0B5FB5FEA000800D057E0C5
:100FB00000BF00BF04F138021EA912A802F0CBFB4B
:100FC0005FEA000800D04BE000BF00BF12AA0FA9E3
:100FD0001EA801F0CFFC5FEA000800D040E000BF8F
:100FE000BDB100BF04F198021EA91EA802F0B3FB18
:100FF0005FEA000800D033E000BF00BF04F1080240
:101000001EA91EA803F085FB5FEA000800D027E0B8
:1010100000BF00BF04F1680004F1080304F11402EA
:101020001EA9009002A803F049FC5FEA000800D066
:1010300016E000BF05A902A802F0DFFC10B1DFF83E
:1010400058810DE0D4F8049000BF4A4651461EA8CE
:1010500003F0BBFA5FEA000800D001E000BF00BF68
:101060001BA801F077F818A801F074F815A801F092
:1010700071F82DB10CA801F06DF809A801F06AF81B
:101080001EA801F067F812A801F064F80FA801F09B
:1010900061F802A801F05EF805A801F05BF8B8F16C
:1010A000000F02D0A8F5864077E6002075E62DE90E
:1010B000FF4F81B080461F46109E0E9D6FF06D0B56
:1010C000344600BF00BF00BF00BF00BF00BF00BF6D
:1010D00000BF012F06D1D8F8A40018B12D4805B0E3
:1010E000BDE8F08FD8F804A005F10B00A84201D3A9
:1010F000824501D22748F2E7AAF10300A0EB0509D7
:10110000002004F8010B4FBB029808B92148E6E71C
:10111000022004F8010B1BE06420009000BF0122B4
:101120002146DDE9023098478346207830B900989F
:10113000401E009002D0BBF1000FF0D0009810B11B
:10114000BBF1000F02D0ABF58940C8E7641C00BFBB
:101150005FEA0900A9F10109DED10BE0012004F8E2
:10116000010B02E0FF2004F8010B5FEA0900A9F17E
:101170000109F7D1002004F8010B25B12A462046C9
:101180000F9912F089FD4FB9324631464046FFF7BC
:1011900005FDA4E780BFFFFF80BCFFFF334600963C
:1011A0004046DDE90212FFF7D7FD98E72DE9FE4F33
:1011B00004460D4616461F46DDE90D9ADDF83080DF
:1011C00000BF00BF00BF00BF00BF00BF00BF00BF27
:1011D000D4F8A40048B93B463246294620468DE85B
:1011E0000007FFF764FFBDE8FE8FFE48FBE70146FE
:1011F00048420843C00F404270470246881AC00F59
:1012000070472DE9F04107460C4615463846FFF772
:10121000EEFF064606EA040025EA06010843BDE89B
:10122000F0812DE9F84F80460C46914645460CB9B1
:10123000BDE8F88F00271FE0A4EB09003946FFF74F
:10124000DCFF009000260BE015F806A0701C15F8D6
:1012500000B05A4651460098FFF7D3FFA855761CB8
:10126000601EB042F0D8295C00220098FFF7C9FF49
:10127000C1B2601E29547F1CA742DDD300BFD7E74F
:101280002DE9FF4FADF20C4D99466FF06D00CDF892
:1012900008044FF0000A00264FF000084FF0000B42
:1012A00000BF00BF00BF00BF00BF00BF00BF00BF46
:1012B00000BF00BFDDF80C044568A5F10B00DDF8A8
:1012C0004C14884200D201E0DDF84C040746B9F125
:1012D000010F0AD1DDF80C04D0F8A40028B1C148F0
:1012E00080300DF21C4DBDE8F08F102D02D3B5F506
:1012F000806F02D9BB488030F3E7B9F1000F07D106
:1013000002AADDF84414DDF80C04FFF747FC08E0FE
:1013100002A80090DDF844340DF20C4007C8FFF736
:101320001BFDCDF80804DDF8080400B19DE09DF830
:1013300008000643B9F1010F1ED19DF8090080F0A5
:1013400002000643022414E002A8005D02A9095D20
:101350004942C9B20843012181EAE01040EA080885
:10136000C8F10000C0B248EA000081EAE0108244FF
:10137000641CAC42E8D322E09DF8090080F0010033
:101380000643022419E002A9085D01220021FFF7AB
:1013900038FF40EA080000F0FF0801220021404623
:1013A000FFF72FFF824402A8005D80F0FF020021BA
:1013B0004046FFF726FF0643641CAC42E3D30122FC
:1013C00000214046FFF71DFF064351460820FFF766
:1013D00014FF0643A5EB0A00C21E39463046FFF74C
:1013E00010FF834639465846FFF707FF0190002259
:1013F0004FF488410198FFF704FF02464FF4824101
:1014000000903046FFF7FDFE4042CDF808040199F8
:1014100046EA0100FFF7EBFE06460B2405E002A8B2
:10142000005DB04302A90855641CAC42F7D35A468C
:1014300039460198FFF7E5FE8346A7EB0B0202A9A8
:101440002944C81B3946FFF7ECFEDDF84C0438B1DF
:1014500002A82844C11B3A46DDF8480412F01CFCDF
:10146000DDF84004C0F800B000BF4FF4806102A86E
:10147000F9F72CFFDDF8080433E72DE9FF5F044698
:101480000D4616461F46DDE910ABDDE90E8900BFAB
:1014900000BF00BF00BF00BF00BF00BF00BF00BF54
:1014A00000BFD4F8A40050B93B4632462946204636
:1014B0008DE8000FFFF7E4FE04B0BDE8F09F494857
:1014C000FAE72DE9FC5F80460D4692461F46DDF89F
:1014D0003090002001903E464C460090B8F1000F3D
:1014E00037D0404604F060F98346BBF1000F03D1CA
:1014F0003C488030BDE8FC9F01AA6946404604F0A4
:1015000096F810B137488030F4E7584604F0A8FC4C
:10151000054605F1080001990844802807D205F125
:101520000A00A84203D301990144814202D22D4806
:101530008030DFE705F10A0001990844B04202D982
:1015400028488030D6E705F10A0001990844361A88
:1015500005E0AE4202D223488030CBE7761B0B2E4B
:1015600002D220488030C5E7F61E002004F8010BA7
:10157000012004F8010BFF223146204612F0ACFB9B
:101580003444002004F8010BB8F1000F06D12A46BC
:101590005146204612F080FB0020ABE7302004F8D3
:1015A000010B01980830284404F8010B302004F89E
:1015B000010B0198001D04F8010B062004F8010B33
:1015C000019804F8010B2046DDE9001212F064FBDB
:1015D00001980444052004F8010B002004F8010BD5
:1015E000042001E000BFFFFF04F8010B04F8015BD9
:1015F0002A465146204612F04FFB2C4409EB0700C7
:10160000A04205D039464846F9F760FEFA4871E72E
:1016100000206FE72DE9FC5F0446894692461F468D
:10162000DDF830B00F9D6FF06D00019000264FF097
:10163000000800BF00BF00BF00BF00BF00BF00BF69
:1016400000BF012F05D1D4F8A40010B1EA48BDE8CD
:10165000FC9F009563685846DDE90D12FFF731FFE6
:10166000019008B10198F2E72FB92A462946204691
:10167000FFF794FAEBE70120616812F0B4FB06462D
:1016800016B96FF00F00E2E70120616812F0ABFBC2
:101690008046B8F1000F05D1304613F03BFF6FF0E4
:1016A0000F00D4E700BF2B4652464946204600961D
:1016B000FFF752FB019000B119E000BF00BF4246A6
:1016C00031462046FFF76AFA019000B10FE000BFF3
:1016D000294640466268FEF763FE10B1C748019094
:1016E00005E031462846626812F0D6FA00BF30465F
:1016F00013F010FF404613F00DFF0198A7E72DE906
:10170000FF5F04460D4616461F46DDE910ABDDE9D6
:101710000E8900BF00BF00BF00BF00BF00BF00BFF9
:1017200000BFD4F8A40050B93B46324629462046B3
:101730008DE8000FFFF76EFF04B0BDE8F09FAE48E4
:101740008038F9E72DE9FF4F81B007468B46984670
:10175000DDF844904FF0000A0025002600BF00BFCE
:1017600000BF00BF00BF00BF00BF00BF7C68B8F172
:10177000010F06D1D7F8A40018B19F4805B0BDE805
:10178000F08F2146012012F02EFB050005D02146E6
:10179000012012F028FB060002D16FF00F0A2CE0A6
:1017A000234600960EA807C8FFF78BFE5FEA000AE3
:1017B00000D022E0B8F1000F05D12A46494638464C
:1017C000FFF7ECF906E04B46009559463846039A78
:1017D000FFF7C2FA8246BAF1000F00D00DE02246B0
:1017E00031462846FEF7DCFD5FEA000A04D0DFF848
:1017F0000CA2AAF1800A00E000BF35B121462846BC
:10180000F9F764FD284613F085FE36B121463046CF
:10181000F9F75CFD304613F07DFE5046AEE72DE94A
:10182000FF5F04460D4616461F46DDE910ABDDE9B5
:101830000E8900BF00BF00BF00BF00BF00BF00BFD8
:1018400000BFD4F8A40050B93B4632462946204692
:101850008DE8000FFFF776FF04B0BDE8F09F664803
:101860008038F9E710B5044604B910BD04F18C00C6
:1018700000F070FC04F1980000F06CFC04F16800CA
:1018800000F068FC04F1200000F064FC04F1380072
:1018900000F060FC04F12C0000F05CFC04F114008A
:1018A00000F058FC04F1080000F054FC04F1800042
:1018B00000F050FC04F1740000F04CFC04F15C00FA
:1018C00000F048FC04F1500000F044FC04F1440036
:1018D00000F040FC00BFC8E770B504460D466FF04D
:1018E0006D0600BF00BF00BF00BF286820606868A9
:1018F000606000BF05F1080104F1080000F0AAFCD7
:10190000060000D091E000BF00BF05F1140104F112
:10191000140000F09FFC060000D086E000BF00BF6E
:1019200005F1200104F1200000F094FC060000D035
:101930007BE000BF00BF05F12C0104F12C0000F09A
:1019400089FC060000D070E000BF00BF05F138013F
:1019500004F1380000F07EFC060000D065E000BF16
:1019600000BF05F1440104F1440000F073FC0600DF
:1019700000D05AE000BF00BF05F1500104F1500053
:1019800000F068FC060000D04FE000BF00BF05F18A
:101990005C0104F15C0000F05DFC060000D044E056
:1019A00000BF00BF05F1740104F1740000F052FCA7
:1019B000060000D039E000BF00BF05F1800104F14E
:1019C000800000F047FC060000D02EE000BF00BF02
:1019D00005F1680104F1680000F03CFC060000D04D
:1019E00023E000BF00BF05F18C0104F18C0000F082
:1019F00031FC060004D018E080BFFFFF00BDFFFFF0
:101A000000BF00BF05F1980104F1980000F022FC2E
:101A1000060000D009E000BFD5F8A400C4F8A40077
:101A2000D5F8A800C4F8A80000BF16B12046FFF7FB
:101A300019FF304670BD00002DE9F04F97B0044605
:101A4000884691461D46209E002016903822FBA114
:101A500002A812F021F93620019025B11EB1A86824
:101A600008B9B06820B16FF0030017B0BDE8F08F7F
:101A70000021204602F01BF8002817DD012148460E
:101A800002F015F8002811DD2146484601F0B5FFA7
:101A900000280BDA0121404602F009F8002805DD94
:101AA0002146404601F0A9FF002802DB6FF0030049
:101AB000DBE710A800F046FB13A800F043FB00BFD3
:101AC0004246494613A801F046FE169000B1B4E024
:101AD00000BF00BF012213A913A800F02BFF16902E
:101AE00000B1AAE000BF13A800F022FD1FFA80FA9F
:101AF000BAF1000F03D16FF0030016909DE000BF14
:101B0000514613A801F0EFFF169000B195E000BF19
:101B10000027A068006800F00700012800D1012715
:101B200083E002A8C15D10A800F08FFC00BF224630
:101B300010A9284603F03DF9169000B17DE000BFE2
:101B40000121284601F0B3FF00B16CE000BF23463D
:101B500013AA10A910A8009602F0B0FE169000B1CA
:101B60006BE000BF4FF0010B53E0012110A801F022
:101B70009EFF00B94FE000BF012210A910A800F09D
:101B80003BFF169000B158E000BF00BF224610A9ED
:101B9000284603F00EF9169000B14EE000BF012177
:101BA000284601F084FF012811D12146284601F082
:101BB00024FF401C0BD100BF2B462246002130469B
:101BC00002F0C8F8169000B137E000BF35E000BF62
:101BD000012210A910A800F0ADFE169000B12CE073
:101BE00000BF00BF10AA10A910A801F0B4FD169004
:101BF00000B122E000BF00BF224610A910A802F0E9
:101C000088FD169000B118E000BF0BF101001FFA2B
:101C100080FBD345A9DD00BF012110A801F047FFDB
:101C200000B105E000BF781C87B2362FFFF479AF12
:101C300000BF6FF00300169000BF10A800F08AFAF2
:101C400013A800F087FA16980FE72DE9F04186B047
:101C500006460F4614461D464FF0000825B10021E8
:101C6000284601F024FF20B16FF0030006B0BDE864
:101C7000F0810121304601F01AFF00280ADD012120
:101C8000384601F014FF002804DD0021204601F051
:101C90000EFF10B96FF00300E8E703A800F052FA56
:101CA000684600F04FFA00BF0122314603A800F059
:101CB00041FE5FEA000800D039E000BF00BF01220A
:101CC0003946684600F036FE5FEA000800D02EE094
:101CD00000BF00BF6A4603A9284603F06AF85FEA1E
:101CE000000800D023E000BF00BF6A4603A903A894
:101CF00001F031FD5FEA000800D018E000BF00BF2E
:101D00002B4603AA002103A802F024F85FEA00088A
:101D100000D00CE000BF00BF03AA2146284603F014
:101D200046F95FEA000800D001E000BF00BF03A849
:101D300000F010FA684600F00DFA404696E72DE9EB
:101D4000F04786B004460E4692461F46DDE90E89EE
:101D5000002503A800F0F6F9684600F0F3F93FB358
:101D60000CB9444D9DE000BF0122214603A800F0BC
:101D7000E1FD050000D094E000BF00BF52463946A7
:101D8000684600F095FD050000D08AE000BF00BF66
:101D900003AA6946684602F0BCFC050000D080E05A
:101DA00000BF0021684601F082FE08B1324D78E0A4
:101DB000B8F1000F27D00EB92E4D72E000BF0122FE
:101DC000314603A800F0B6FD050000D069E000BF71
:101DD00000BF52464146684600F06AFD050000D04B
:101DE0005FE000BF00BF03AA6946684602F091FCAD
:101DF000050000D055E000BF0021684601F057FE05
:101E000008B11D4D4DE0B9F1000F49D004B10EB934
:101E1000184D46E000BF3246494603A801F09BFC3E
:101E2000050000D03DE000BF00BF012203A903A8C8
:101E300000F080FD050021D033E00000020305071B
:101E40000B0D1113171D1F25292B2F353B3D434724
:101E5000494F53596165676B6D717F83898B959786
:101E60009DA3A7ADB3B5BFC1C5C7D3DFE3E5E9EF18
:101E7000F1FB000080BFFFFF00BEFFFF00BF00BFFF
:101E8000224603A903A802F044FC050000D008E0A4
:101E900000BF002103A801F00AFE08B1A44D00E034
:101EA00000BF3DB115F5844F04D015F5814F01D029
:101EB000A5F5844503A800F04DF9684600F04AF9FD
:101EC000284606B0BDE8F0872DE9F04F87B00646FA
:101ED0000F4614461D46DDE911ABDDF840804FF09A
:101EE000000904A800F02EF901A800F02BF9D7B1E1
:101EF000CCB1C6B100BF2246394604A801F02BFC84
:101F00005FEA000900D0B0E000BF0121304601F0D7
:101F1000CEFD002804DD314604A801F06EFD10B1AD
:101F2000DFF80C92A1E0F6B1EDB1B8F1000F1AD0D4
:101F30000121284601F0BBFD002811DD01214046AA
:101F400001F0B5FD00280BDD3146284601F055FDB6
:101F5000002805DA3146404601F04FFD002802DB3B
:101F6000DFF8CC9181E0002F7ED0002C7CD0002DBA
:101F70007AD0B8F1000F77D00121384601F097FDF3
:101F8000002805DD0121204601F091FD002802DC3A
:101F9000DFF89C9169E000BF4246294604A801F0A1
:101FA000DAFB5FEA000900D05FE000BF00BF01225A
:101FB00004A904A800F0BEFC5FEA000900D054E0C8
:101FC00000BF00BF0122394601A800F0B3FC5FEA60
:101FD000000900D049E000BF00BF01AA04A904A87D
:101FE00002F097FB5FEA000900D03EE000BF00214D
:101FF00004A801F05CFD10B1DFF8349135E000BFBA
:102000004246294604A801F0A6FB5FEA000900D079
:102010002BE000BF00BF012204A904A800F08AFC45
:102020005FEA000900D020E000BF00BF0122214686
:1020300001A800F07FFC5FEA000900D015E000BFB6
:1020400000BF01AA04A904A802F063FB5FEA00092B
:1020500001D00AE008E000BF002104A801F027FD3C
:1020600010B1DFF8CC9000E000BF04A800F072F8D7
:1020700001A800F06FF8B9F1000F04D019F5844FF2
:1020800001D0A9F58449484607B0BDE8F08F2DE995
:10209000FE4F0446894616461D46DDE90C784FF092
:1020A000000A684600F04EF8ADB100BF012221469B
:1020B000684600F03FFC5FEA000A00D031E000BF54
:1020C00000BF6A463146284602F023FB5FEA000A59
:1020D00000D026E000BFAFB100BF012249466846EC
:1020E00000F028FC5FEA000A00D01AE000BF00BF41
:1020F0006A463146384602F00CFB5FEA000A00D01F
:102100000FE000BFB8F1000F0AD000BF22464946D9
:10211000404602F04CFF5FEA000A00D001E000BF39
:1021200000BF684600F016F85046BDE8FE8F00007C
:1021300000BEFFFF70B505460C46A1002846F9F722
:10214000C5F870BD00BF00BF0121016000214160E2
:102150008160704710B5044604B910BDA06830B165
:10216000D4E90110FFF7E6FFA06813F0D3F90120CE
:10217000206000206060A06000BFEEE770B50446FC
:102180000D4600BF00BF42F21070854202D96FF0C9
:102190000F0070BD6068A84219D20421284611F0D2
:1021A00022FE060002D16FF00F00F2E7A06860B1D6
:1021B000606882003046A16811F06EFDD4E901101C
:1021C000FFF7B8FFA06813F0A5F96560A6600020CE
:1021D000DFE72DE9F04104460E4600BF00BF42F2A2
:1021E0001070864203D96FF00F00BDE8F08160687F
:1021F000B04204D831462046FFF7C0FFF5E76068DB
:10220000451E05E0A06850F8250000B102E06D1EF3
:10221000002DF7D100BF6D1CB54200D23546042118
:10222000284611F0E0FD070002D16FF00F00DCE757
:10223000A06858B1AA003846A16811F02DFDD4E974
:102240000110FFF777FFA06813F064F96560A760DD
:102250000020CAE72DE9F04105460E46002700BFE1
:1022600000BF00BF00BFB54202D10020BDE8F08131
:10227000706820B92846FFF76DFF0020F6E7706808
:10228000441E05E0B06850F8240000B102E0641E6E
:10229000002CF7D100BF641C306828606868A04239
:1022A00008D200BF21462846FFF768FF070000D08C
:1022B0000EE007E0AA6802EB84006A68121B910036
:1022C00011F011FDA200B168A86811F0E5FC00BF93
:1022D0003846CBE71EB500BF00BF00BF00BF90E887
:1022E0001C008DE81C0091E81C0080E81C009DE8A3
:1022F0001C0081E81C001EBD70B5044600200BE0E8
:1023000051F82050C3F10106754352F8206006FBD6
:10231000035541F82050401CA042F1D370BD2DE977
:10232000F04104460E4615464FF0000800BF00BFBE
:1023300000BF00BF6842C0B22843C51100BF20469D
:102340007168FFF71BFF5FEA000800D01EE000BFC6
:10235000C5F1010120684843316801FB0500206098
:10236000B268A1682B467068FFF7C6FF776809E07E
:10237000A06850F82700C5F101014843A16841F861
:1023800027007F1C6068B842F2D800BF4046BDE815
:10239000F0812DE9F04705460E46144600BF00BF08
:1023A00000BF00BFB54202D10020BDE8F087604207
:1023B000C0B22043C41100BF28467168FFF7DEFE9B
:1023C0005FEA000A00D03EE000BF00BF3046696807
:1023D000FFF7D4FE5FEA000A00D034E000BFD5F872
:1023E0000080C4F1010128684843316801FB040002
:1023F0002860C4F101013068484308FB04003060E4
:1024000000271CE0A86850F82790A86850F827001B
:10241000C4F101014843B16851F8271001FB0400E1
:10242000A96841F82700B06850F82700C4F10101FD
:10243000484309FB0400B16841F827007F1C686825
:10244000B842DFD800BF5046AFE770B504460D462E
:102450006FF06D0600BF00BF00BF01212046FFF7EF
:102460008DFE060000D014E000BF62689100A068F5
:1024700011F039FC002D01DA684200E02846A1681D
:102480000860002D02DA4FF0FF3000E001202060EC
:1024900000BF304670BD024600BF00BF5068B1EBC0
:1024A000401F01D3002070474B09906850F823006B
:1024B00001F01F03D84000F00100F4E72DE9F047D8
:1024C00004460F4615464FF000097E0907F01F0825
:1024D00000BF00BF2DB1012D03D06FF00300BDE898
:1024E000F0876068B7EB401F0CD30DB90020F6E70A
:1024F00000BF711C2046FFF741FE5FEA000900D0D3
:1025000014E000BFA06850F82600012101FA08F18C
:102510008843A16841F82600A06850F8260005FA13
:1025200008F10843A16841F8260000BF4846D6E7F5
:1025300010B50246002400BF00BF00210FE00023B9
:102540000AE0906850F82100D84010F0010F01D047
:10255000204610BD5B1C641C202BF2D3491C506824
:102560008842ECD80020F4E702464FF000410020FA
:1025700004E00A4200D003E04908401C2028F8D3B8
:1025800000BF704770B50546686808B9002070BD87
:102590006868441E05E0A86850F8240000B102E015
:1025A000641E002CF7D100BFA96851F82400FFF782
:1025B000DBFFC0F1200606EB4410E8E710B5044647
:1025C0002046FFF7DFFFC01DC00810BD0346FF20F7
:1025D0001860302A04DB392A02DCA2F130001860CE
:1025E000412A04DB462A02DCA2F137001860612A86
:1025F00004DB662A02DCA2F15700186018688842E2
:1026000002D36FF0050070470020FCE72DE9FC5F66
:1026100005468A4691466FF06D00019000BF00BFED
:1026200000BF00BF00BF00BF4D4503D15046AA46C2
:10263000814600BF554508D000BF51462846FFF7E8
:1026400009FE019000B160E000BF01202860D9F8C8
:10265000048009E0A8F10100D9F8081051F8200021
:1026600000B104E0A8F10108B8F1000FF2D100BFF9
:1026700000BF41462846FFF781FD019000B144E0CC
:1026800000BFD9F808000090AC68002700261BE0C6
:102690000098D0F800B02068384420602068B84224
:1026A00001D2012000E00020074620685844206045
:1026B0002068584501D2012000E000200744761C24
:1026C0000098001D0090241D4645E1D31AE068687B
:1026D000B0420BD800BF711C2846FFF74FFD019098
:1026E00000B112E000BFA86800EB860420683844FF
:1026F00020602068B84201D2012000E00020074697
:10270000761C241D002FE2D100BF0198BDE8FC9F7C
:10271000F0B5034600263046344618E00E6886427F
:1027200001D2012600E0002635460E68361A0E60FA
:102730000E681768BE4201D2012600E0002670191B
:102740000E681768F61B0E60641C121D091D9C4262
:10275000E4D3F0BD2DE9FE430546884616466FF0EA
:102760006D0900BF00BF00BF00BF00BF00BF6846CB
:10277000FFF7E8FCB5420AD100BF31466846FFF7D3
:1027800069FD5FEA000900D044E000BF6E464545A0
:1027900009D000BF41462846FFF75CFD5FEA00090B
:1027A00000D037E000BF012028604FF000097468B6
:1027B00006E0601EB16851F8200000B102E0641E1E
:1027C000002CF6D100BFB2682046A968FFF7A0FF31
:1027D0000746F7B107E0A86850F82400401EA96832
:1027E00041F82400641C6868A04204D9A86850F825
:1027F00024000028EFD06868A04203D16FF00900E0
:10280000BDE8FE83A86850F82400401EA96841F87E
:10281000240000BF6846FFF79DFC4846F0E770B50E
:1028200003460C4600BF00BF00BF00BF596806E06A
:10283000481E9D6855F8200000B102E0491E00299D
:10284000F6D100BF626806E0501EA56855F820006A
:1028500000B102E0521E002AF6D100BF11B90AB938
:10286000002070BD914201D90120FAE78A4202D9C5
:102870004FF0FF30F5E717E0481E9D6855F82050EF
:10288000A66856F82000854201D90120E9E7481ED4
:102890009D6855F82050A66856F82000854202D25F
:1028A0004FF0FF30DDE7491E0029E5D10020D8E7D1
:1028B0002DE9F04105460C46174600BF00BF00BF9A
:1028C00000BF00BF00BF2668206839684843002861
:1028D00020DD39462046FFF7A2FF00280CDB00BFB1
:1028E0003A4621462846FFF735FF5FEA000800D048
:1028F0001DE000BF2E6019E000BF22463946284681
:10290000FFF728FF5FEA000800D010E000BF704228
:1029100028600BE000BF3A4621462846FFF776FEC6
:102920005FEA000800D002E000BF2E6000BF404612
:10293000BDE8F0817FB505460E46144600BF00BFD6
:1029400000BF00BF002C01DA604200E0204600908A
:10295000002C02DA4FF0FF3000E00120019001204E
:102960000290CDF80CD001AA31462846FFF7A0FF0F
:1029700004B070BD2DE9F04105460C46174600BF76
:1029800000BF00BF00BF00BF00BF266820683968D5
:102990004843002820DA39462046FFF740FF002848
:1029A0000CDB00BF3A4621462846FFF7D3FE5FEA1C
:1029B000000800D01DE000BF2E6019E000BF2246D5
:1029C00039462846FFF7C6FE5FEA000800D010E04F
:1029D00000BF704228600BE000BF3A4621462846FF
:1029E000FFF714FE5FEA000800D002E000BF2E608F
:1029F00000BF4046BDE8F0817FB505460E4614464F
:102A000000BF00BF00BF00BF002C01DA604200E041
:102A100020460090002C02DA4FF0FF3000E0012049
:102A2000019001200290CDF80CD001AA3146284631
:102A3000FFF7A0FF04B070BD2DE9F84F07460C4624
:102A40009C46002600200090EFE31FFA8CFA4FEA24
:102A50001C4BD4F800E01FFA8EF8D4F800E04FEADF
:102A60001E49241D08FB0BF308FB0AF009FB0AF5BD
:102A700009FB0BF101EB134101EB15411B042D0484
:102A80001844984202D24FF0010E01E04FF0000EC0
:102A900071442844A84202D24FF0010E01E04FF0E9
:102AA000000E71443044B04202D24FF0010E01E0FA
:102AB0004FF0000E7144D2F800E07044D2F800E00C
:102AC000864502D94FF0010E01E04FF0000E71442F
:102AD0000E4601C2D4F800E01FFA8EF8D4F800E0E8
:102AE0004FEA1E49241D08FB0BF308FB0AF009FB03
:102AF0000AF509FB0BF101EB134101EB15411B0436
:102B00002D041844984202D24FF0010E01E04FF01C
:102B1000000E71442844A84202D24FF0010E01E099
:102B20004FF0000E71443044B04202D24FF0010E1B
:102B300001E04FF0000E7144D2F800E07044D2F88A
:102B400000E0864502D94FF0010E01E04FF0000E83
:102B500071440E4601C2D4F800E01FFA8EF8D4F892
:102B600000E04FEA1E49241D08FB0BF308FB0AF0A6
:102B700009FB0AF509FB0BF101EB134101EB1541D0
:102B80001B042D041844984202D24FF0010E01E0BC
:102B90004FF0000E71442844A84202D24FF0010EBB
:102BA00001E04FF0000E71443044B04202D24FF0C9
:102BB000010E01E04FF0000E7144D2F800E07044C5
:102BC000D2F800E0864502D94FF0010E01E04FF047
:102BD000000E71440E4601C2D4F800E01FFA8EF8D0
:102BE000D4F800E04FEA1E49241D08FB0BF308FB54
:102BF0000AF009FB0AF509FB0BF101EB134101EBAC
:102C000015411B042D041844984202D24FF0010EC6
:102C100001E04FF0000E71442844A84202D24FF068
:102C2000010E01E04FF0000E71443044B04202D278
:102C30004FF0010E01E04FF0000E7144D2F800E0B9
:102C40007044D2F800E0864502D94FF0010E01E051
:102C50004FF0000E71440E4601C2D4F800E01FFA96
:102C60008EF8D4F800E04FEA1E49241D08FB0BF350
:102C700008FB0AF009FB0AF509FB0BF101EB134114
:102C800001EB15411B042D041844984202D24FF069
:102C9000010E01E04FF0000E71442844A84202D218
:102CA0004FF0010E01E04FF0000E71443044B0428D
:102CB00002D24FF0010E01E04FF0000E7144D2F845
:102CC00000E07044D2F800E0864502D94FF0010ED2
:102CD00001E04FF0000E71440E4601C2D4F800E04E
:102CE0001FFA8EF8D4F800E04FEA1E49241D08FBB5
:102CF0000BF308FB0AF009FB0AF509FB0BF101EBEA
:102D0000134101EB15411B042D041844984202D2D3
:102D10004FF0010E01E04FF0000E71442844A8422C
:102D200002D24FF0010E01E04FF0000E714430442A
:102D3000B04202D24FF0010E01E04FF0000E71449C
:102D4000D2F800E07044D2F800E0864502D94FF096
:102D5000010E01E04FF0000E71440E4601C2D4F89E
:102D600000E01FFA8EF8D4F800E04FEA1E49241D57
:102D700008FB0BF308FB0AF009FB0AF509FB0BF152
:102D800001EB134101EB15411B042D04184498423B
:102D900002D24FF0010E01E04FF0000E71442844C2
:102DA000A84202D24FF0010E01E04FF0000E714434
:102DB0003044B04202D24FF0010E01E04FF0000E5D
:102DC0007144D2F800E07044D2F800E0864502D9A0
:102DD0004FF0010E01E04FF0000E71440E4601C2AB
:102DE000D4F800E01FFA8EF8D4F800E04FEA1E494C
:102DF000241D08FB0BF308FB0AF009FB0AF509FB8D
:102E00000BF101EB134101EB15411B042D04184498
:102E1000984202D24FF0010E01E04FF0000E7144D3
:102E20002844A84202D24FF0010E01E04FF0000EFC
:102E300071443044B04202D24FF0010E01E04FF035
:102E4000000E7144D2F800E07044D2F800E08645EC
:102E500002D94FF0010E01E04FF0000E71440E4612
:102E600001C2D4F800E01FFA8EF8D4F800E04FEA6F
:102E70001E49241D08FB0BF308FB0AF009FB0AF5A9
:102E800009FB0BF101EB134101EB15411B042D0470
:102E90001844984202D24FF0010E01E04FF0000EAC
:102EA00071442844A84202D24FF0010E01E04FF0D5
:102EB000000E71443044B04202D24FF0010E01E0E6
:102EC0004FF0000E7144D2F800E07044D2F800E0F8
:102ED000864502D94FF0010E01E04FF0000E71441B
:102EE0000E4601C2D4F800E01FFA8EF8D4F800E0D4
:102EF0004FEA1E49241D08FB0BF308FB0AF009FBEF
:102F00000AF509FB0BF101EB134101EB15411B0421
:102F10002D041844984202D24FF0010E01E04FF008
:102F2000000E71442844A84202D24FF0010E01E085
:102F30004FF0000E71443044B04202D24FF0010E07
:102F400001E04FF0000E7144D2F800E07044D2F876
:102F500000E0864502D94FF0010E01E04FF0000E6F
:102F600071440E4601C2D4F800E01FFA8EF8D4F87E
:102F700000E04FEA1E49241D08FB0BF308FB0AF092
:102F800009FB0AF509FB0BF101EB134101EB1541BC
:102F90001B042D041844984202D24FF0010E01E0A8
:102FA0004FF0000E71442844A84202D24FF0010EA7
:102FB00001E04FF0000E71443044B04202D24FF0B5
:102FC000010E01E04FF0000E7144D2F800E07044B1
:102FD000D2F800E0864502D94FF0010E01E04FF033
:102FE000000E71440E4601C2D4F800E01FFA8EF8BC
:102FF000D4F800E04FEA1E49241D08FB0BF308FB40
:103000000AF009FB0AF509FB0BF101EB134101EB97
:1030100015411B042D041844984202D24FF0010EB2
:1030200001E04FF0000E71442844A84202D24FF054
:10303000010E01E04FF0000E71443044B04202D264
:103040004FF0010E01E04FF0000E7144D2F800E0A5
:103050007044D2F800E0864502D94FF0010E01E03D
:103060004FF0000E71440E4601C2D4F800E01FFA82
:103070008EF8D4F800E04FEA1E49241D08FB0BF33C
:1030800008FB0AF009FB0AF509FB0BF101EB134100
:1030900001EB15411B042D041844984202D24FF055
:1030A000010E01E04FF0000E71442844A84202D204
:1030B0004FF0010E01E04FF0000E71443044B04279
:1030C00002D24FF0010E01E04FF0000E7144D2F831
:1030D00000E07044D2F800E0864502D94FF0010EBE
:1030E00001E04FF0000E71440E4601C2D4F800E03A
:1030F0001FFA8EF8D4F800E04FEA1E49241D08FBA1
:103100000BF308FB0AF009FB0AF509FB0BF101EBD5
:10311000134101EB15411B042D041844984202D2BF
:103120004FF0010E01E04FF0000E71442844A84218
:1031300002D24FF0010E01E04FF0000E7144304416
:10314000B04202D24FF0010E01E04FF0000E714488
:10315000D2F800E07044D2F800E0864502D94FF082
:10316000010E01E04FF0000E71440E4601C2D4F88A
:1031700000E01FFA8EF8D4F800E04FEA1E49241D43
:1031800008FB0BF308FB0AF009FB0AF509FB0BF13E
:1031900001EB134101EB15411B042D041844984227
:1031A00002D24FF0010E01E04FF0000E71442844AE
:1031B000A84202D24FF0010E01E04FF0000E714420
:1031C0003044B04202D24FF0010E01E04FF0000E49
:1031D0007144D2F800E07044D2F800E0864502D98C
:1031E0004FF0010E01E04FF0000E71440E4601C297
:1031F000D4F800E01FFA8EF8D4F800E04FEA1E4938
:10320000241D08FB0BF308FB0AF009FB0AF509FB78
:103210000BF101EB134101EB15411B042D04184484
:10322000984203D24FF0010E02E024E04FF0000E6E
:1032300071442844A84202D24FF0010E01E04FF041
:10324000000E71443044B04202D24FF0010E01E052
:103250004FF0000E7144D2F800E07044D2F800E064
:10326000864502D94FF0010E01E04FF0000E714487
:103270000E4601C2103F102FBFF4E7AB0CE21FFA5D
:103280008CFA4FEA1C4BD4F800E01FFA8EF8D4F801
:1032900000E04FEA1E49241D08FB0BF308FB0AF06F
:1032A00009FB0AF509FB0BF101EB134101EB154199
:1032B0001B042D041844984202D24FF0010E01E085
:1032C0004FF0000E71442844A84202D24FF0010E84
:1032D00001E04FF0000E71443044B04202D24FF092
:1032E000010E01E04FF0000E7144D2F800E070448E
:1032F000D2F800E0864502D94FF0010E01E04FF010
:10330000000E71440E4601C2D4F800E01FFA8EF898
:10331000D4F800E04FEA1E49241D08FB0BF308FB1C
:103320000AF009FB0AF509FB0BF101EB134101EB74
:1033300015411B042D041844984202D24FF0010E8F
:1033400001E04FF0000E71442844A84202D24FF031
:10335000010E01E04FF0000E71443044B04202D241
:103360004FF0010E01E04FF0000E7144D2F800E082
:103370007044D2F800E0864502D94FF0010E01E01A
:103380004FF0000E71440E4601C2D4F800E01FFA5F
:103390008EF8D4F800E04FEA1E49241D08FB0BF319
:1033A00008FB0AF009FB0AF509FB0BF101EB1341DD
:1033B00001EB15411B042D041844984202D24FF032
:1033C000010E01E04FF0000E71442844A84202D2E1
:1033D0004FF0010E01E04FF0000E71443044B04256
:1033E00002D24FF0010E01E04FF0000E7144D2F80E
:1033F00000E07044D2F800E0864502D94FF0010E9B
:1034000001E04FF0000E71440E4601C2D4F800E016
:103410001FFA8EF8D4F800E04FEA1E49241D08FB7D
:103420000BF308FB0AF009FB0AF509FB0BF101EBB2
:10343000134101EB15411B042D041844984202D29C
:103440004FF0010E01E04FF0000E71442844A842F5
:1034500002D24FF0010E01E04FF0000E71443044F3
:10346000B04202D24FF0010E01E04FF0000E714465
:10347000D2F800E07044D2F800E0864502D94FF05F
:10348000010E01E04FF0000E71440E4601C2D4F867
:1034900000E01FFA8EF8D4F800E04FEA1E49241D20
:1034A00008FB0BF308FB0AF009FB0AF509FB0BF11B
:1034B00001EB134101EB15411B042D041844984204
:1034C00002D24FF0010E01E04FF0000E714428448B
:1034D000A84202D24FF0010E01E04FF0000E7144FD
:1034E0003044B04202D24FF0010E01E04FF0000E26
:1034F0007144D2F800E07044D2F800E0864502D969
:103500004FF0010E01E04FF0000E71440E4601C273
:10351000D4F800E01FFA8EF8D4F800E04FEA1E4914
:10352000241D08FB0BF308FB0AF009FB0AF509FB55
:103530000BF101EB134101EB15411B042D04184461
:10354000984202D24FF0010E01E04FF0000E71449C
:103550002844A84202D24FF0010E01E04FF0000EC5
:1035600071443044B04202D24FF0010E01E04FF0FE
:10357000000E7144D2F800E07044D2F800E08645B5
:1035800002D94FF0010E01E04FF0000E71440E46DB
:1035900001C2D4F800E01FFA8EF8D4F800E04FEA38
:1035A0001E49241D08FB0BF308FB0AF009FB0AF572
:1035B00009FB0BF101EB134101EB15411B042D0439
:1035C0001844984202D24FF0010E01E04FF0000E75
:1035D00071442844A84202D24FF0010E01E04FF09E
:1035E000000E71443044B04202D24FF0010E01E0AF
:1035F0004FF0000E7144D2F800E07044D2F800E0C1
:10360000864502D94FF0010E01E04FF0000E7144E3
:103610000E4601C2D4F800E01FFA8EF8D4F800E09C
:103620004FEA1E49241D08FB0BF308FB0AF009FBB7
:103630000AF509FB0BF101EB134101EB15411B04EA
:103640002D041844984202D24FF0010E01E04FF0D1
:10365000000E71442844A84202D24FF0010E01E04E
:103660004FF0000E71443044B04202D24FF0010ED0
:1036700001E04FF0000E7144D2F800E07044D2F83F
:1036800000E0864502D94FF0010E01E04FF0000E38
:1036900071440E4601C2083F082FBFF4F0AD45E06B
:1036A0001FFA8CFA4FEA1C4BD4F800E01FFA8EF890
:1036B000D4F800E04FEA1E49241D08FB0BF308FB79
:1036C0000AF009FB0AF509FB0BF101EB134101EBD1
:1036D00015411B042D041844984202D24FF0010EEC
:1036E00001E04FF0000E71442844A84202D24FF08E
:1036F000010E01E04FF0000E71443044B04202D29E
:103700004FF0010E01E04FF0000E7144D2F800E0DE
:103710007044D2F800E0864502D94FF0010E01E076
:103720004FF0000E71440E4601C27F1E002FB7D12C
:103730000098401C009000BF106830441060106872
:10374000B04201D2012000E000200646121D002EEA
:10375000F2D1BDE8F88F2DE9F04387B080460E46E0
:1037600015466FF06D0900BF00BF00BF00BF00BF6E
:1037700000BF04A8FEF7E6FC01A8FEF7E3FCB04595
:103780000AD100BF314604A8FEF764FD5FEA0009D4
:1037900000D052E000BF04AEA8450AD100BF2946C0
:1037A00001A8FEF757FD5FEA000900D045E000BF21
:1037B00001AD776806E0781EB16851F8200000B1CD
:1037C00002E07F1E002FF6D100BF6C6806E0601E8D
:1037D000A96851F8200000B102E0641E002CF6D167
:1037E00000BF00BF39194046FEF7C8FC5FEA000978
:1037F00000D022E000BF00BF00214046FEF725FEBA
:103800005FEA000900D018E000BF0EE0601ED5F8A6
:1038100008C05CF82030D8F8080000EB8400021FD4
:103820003846B168FFF708F9641E002CEED1306805
:1038300029684843C8F8000000BF01A8FEF78AFCC9
:1038400004A8FEF787FC484607B0BDE8F0837FB5C3
:1038500005460E46144600BF00BF00BF00BF012052
:1038600001900290CDF80CD0009401AA3146284670
:10387000FFF771FF04B070BD2DE9FF5F0546884674
:1038800017466FF06D0B00BF00BF00BF00BFB8F15F
:10389000020F02DBB8F1100F04DD6FF0030004B07B
:1038A000BDE8F09F6846FEF74DFC384610F060FA20
:1038B0000646B8F1100F53D1B6F1804F02D36FF026
:1038C0000300ECE71F2010EA860F01D0012000E082
:1038D0000020C6F3DA0100EB010A00BF514628467A
:1038E000FEF74CFC5FEA000B00D081E000BF00BF98
:1038F00000212846FEF7A9FD5FEA000B00D077E023
:1039000000BF34464FF0000927E0012C06D1601EAD
:10391000385C2D2802D1A01E286020E000BF601E68
:103920003A5C414603A8FEF751FE5FEA000B00D067
:103930005EE000BF4FEAD901A86850F821004FEAC5
:103940004971CA0E0399914008434FEAD902A96808
:1039500041F82200641E09F10109002CD5D146E08E
:1039600000BF00212846FEF770FD5FEA000B00D083
:103970003EE000BF002438E034B9385D2D2803D183
:103980004FF0FF3028602FE000BF3A5D414603A8AA
:10399000FEF71CFE5FEA000B00D029E000BF00BF6D
:1039A000424629466846FFF752FF5FEA000B00D007
:1039B0001EE000BF286801280AD100BF69462846DA
:1039C000039AFFF719F85FEA000B00D010E00AE055
:1039D00000BF69462846039AFEF7ACFF5FEA000B7A
:1039E00000D005E000BF00BF641CB442C4D300BFD8
:1039F0006846FEF7AFFB584651E770B502460B46E6
:103A000000BF00BF00BF00BF516806E0481E9568B8
:103A100055F8200000B102E0491E0029F6D100BF90
:103A20005C6806E0601E9D6855F8200000B102E069
:103A3000641E002CF6D100BF11B90CB9002070BD76
:103A4000A14201D91068FAE78C4202D918684042B5
:103A5000F5E71068002804DD1868002801DA012065
:103A6000EDE71868002805DD1068002802DA4FF03D
:103A7000FF30E4E717E0481E956855F820509E682F
:103A800056F82000854201D91068D8E7481E95688D
:103A900055F820509E6856F82000854202D21068E2
:103AA0004042CCE7491E0029E5D10020C7E73FB5D9
:103AB00005460C4600BF00BF002C01DA604200E062
:103AC00020460090002C02DA4FF0FF3000E0012089
:103AD000019001200290CDF80CD001A92846FFF7F3
:103AE0008CFF04B030BD2DE9F047054688464FF005
:103AF000000A00BF00BF4FEA581608F01F076868A9
:103B0000B04203D36868B04206D12FB100212846E5
:103B1000FEF79BFCBDE8F087B6B1002407E0A119D1
:103B2000A86850F82100A96841F82400641C68685E
:103B3000801BA042F3D804E00020A96841F82400CB
:103B4000641C6868A042F7D807B36C681CE0601E6C
:103B5000A96851F82000C7F1200100FA01F9601EA0
:103B6000A96851F82000F8400A46611E42F8210079
:103B7000601EA96851F8200040EA0A000A46611E4A
:103B800042F82100CA46641E002CE0D10020C1E7A3
:103B90002DE9F05F05460F466FF06D0A4FF0000B00
:103BA00000BF00BF7E0907F01F082846FEF7EAFCA9
:103BB000C4196868B4EB401F10D900BF14F01F0F80
:103BC00001D0012000E0002000EB54112846FEF750
:103BD000D5FA5FEA000A00D03CE000BF4FF0000ACF
:103BE000B6B16C6809E0A01B401EA96851F820100E
:103BF000601EAA6842F82010641EB442F3D805E0A3
:103C00000021601EAA6842F82010641E002CF7D123
:103C1000B8F1000F1DD0344618E0A86850F8240011
:103C2000C8F1200120FA01F9A86850F8240000FA30
:103C300008F0A96841F82400A86850F8240040EA78
:103C40000B00A96841F82400CB46641C6868A042B8
:103C5000E3D800BF5046BDE8F09F2DE9FF4F87B085
:103C600005468B4614464FF480300690401E059062
:103C70000CB1A5420AD30A9818B14FF0FF310A9847
:103C800001604FF0FF300BB0BDE8F08F2046FEF72B
:103C90006BFC0746BC40BD40C7F120002BFA00F189
:103CA000784201EAE07005430BFA07FB4FEA14483B
:103CB000A0B204904FEA1B4001901FFA8BF00090D5
:103CC000B5FBF8F608FB165A05E0761EC244BAF5B5
:103CD000803F00D30BE0B6F5803FF6D204987043E6
:103CE0004FF48032019902FB0A118842EDD800BFDF
:103CF000019806FB140000EB054003900398B0FB0D
:103D0000F8F9039809FB180A06E0A9F10109C24471
:103D1000BAF5803F00D30CE0B9F5803FF5D20498A6
:103D200009FB00F04FF48032009902FB0A1188422F
:103D3000EBD800BF0A9840B10099039801EB00400E
:103D400009FB1400F8400A99086009EB064002904C
:103D5000029898E72DE9F04F93B0814688461646C1
:103D60009A466FF06D00129000BF00BF00BF00BF09
:103D700000215046FFF79BFE20B96FF00B0013B0F7
:103D8000BDE8F08F0FA8FEF7DDF90CA8FEF7DAF911
:103D900009A8FEF7D7F906A8FEF7D4F90120039089
:103DA00003200490CDF814D051463046FEF737FD7D
:103DB000002819DAB9F1000F08D000BF00214846E9
:103DC000FEF743FB129000B195E100BFB8F1000F80
:103DD00008D000BF31464046FEF73CFA129000B1D1
:103DE00089E100BF0020CAE700BF31460FA8FEF7F7
:103DF00031FA129000B17EE100BF00BF51460CA81D
:103E0000FEF728FA129000B175E100BF01200C9076
:103E10000F9000BF7068811C09A8FEF7AFF91290DF
:103E200000B168E100BF00BF002109A8FEF70DFB4B
:103E3000129000B15FE100BF00BF022106A8FEF7AB
:103E40009DF9129000B156E100BF0CA8FEF79AFB55
:103E500000F01F0BBBF11F0F13D2CBF11F0B00BFE4
:103E600059460FA8FFF794FE129000B143E100BF3E
:103E700000BF59460CA8FFF78BFE129000B13AE143
:103E800001E04FF0000B1098471E0D98451E00BF33
:103E9000781B41010CA8FFF77BFE129000B12AE1CC
:103EA00000BF12E0791B0B9850F82100401C7A1BD0
:103EB0000B9941F8220000BF0CAA0FA90FA8FEF72A
:103EC000F7FC129000B116E100BF0CA90FA8FFF794
:103ED00094FD0028E6DA00BF781B41010CA8FFF72B
:103EE00002FE129000B106E100BF3C46CEE0119800
:103EF00050F824000E9951F82510884207D34FF04E
:103F0000FF31601B401E0B9A42F8201011E00E9BFF
:103F100053F82520631EDDF844C05CF823105CF8DC
:103F200024000023FFF799FE611B491E0B9A42F8FB
:103F30002100022C01D2002003E0A01E119951F8AB
:103F40002000059908600CB9002003E0601E11995B
:103F500051F8200005994860119850F824000599FF
:103F60008860601B401E0B9951F82000401C0A46D7
:103F7000611B491E42F8210000BF601B401E0B99C7
:103F800051F82000401E0A46611B491E42F82100DC
:103F900000BF002106A8FEF758FA129000B1AAE06F
:103FA00000BF0DB9002003E0681E0E9951F82000F3
:103FB000089908600E9850F825000899486000BFDD
:103FC000601B401E0B9951F8202006A906A8FFF798
:103FD0003EFC129000B18EE000BF03A906A8FFF7D7
:103FE0000CFD0028C9DC00BF601B401E0B9951F876
:103FF00020200CA906A8FFF72AFC129000B17AE055
:1040000000BF00BF601B401E410106A8FFF7C0FDB6
:10401000129000B16FE000BF00BF06AA0FA90FA861
:10402000FEF746FC129000B165E000BF00210FA82A
:10403000FFF73DFD002828DA00BF0CA906A8FEF70F
:1040400009F9129000B156E000BF00BF601B401E8E
:10405000410106A8FFF79CFD129000B14BE000BFA4
:1040600000BF06AA0FA90FA8FEF784FC129000B1AA
:1040700041E000BF601B401E0B9951F82000401E1C
:104080000A46611B491E42F82100641EAC423FF6FD
:104090002EAFB9F1000F0ED000BF09A94846FEF7B8
:1040A000D9F8129000B126E000BF3068DAF80010AD
:1040B0004843C9F80000B8F1000F1BD000BF5946B3
:1040C0000FA8FFF710FD129000B114E000BF306898
:1040D0000F9000BF0FA94046FEF7BCF8129000B148
:1040E00009E000BF00214046FFF7E1FC10B90120C4
:1040F000C8F8000000BF0FA8FEF72CF80CA8FEF7C8
:1041000029F809A8FEF726F806A8FEF723F80C21DF
:104110006846F7F7DBF8129831E62DE9FF410546CE
:104120000E4617461C4600BF00BF002C01DA604255
:1041300000E020460090002C02DA4FF0FF3000E053
:104140000120019001200290CDF80CD001AB3A463D
:1041500031462846FFF7FEFD04B0BDE8F081F0B51A
:1041600004460B4600BF00BF00BF00BF12B96FF08E
:104170000B00F0BD002A02DA6FF00900F9E7012A0E
:1041800002D100202060F4E7022A06D19868006876
:1041900000F0010020600020EBE75D68002114E0E2
:1041A000681ED3F808C05CF82060080440EA164195
:1041B000B1FBF2F707FB12113604080440EA16417E
:1041C000B1FBF2F707FB12116D1E002DE8D1186844
:1041D000002801DA01B1511A21600020C9E72DE958
:1041E000F84F06460F46144698466FF06D0A0025B4
:1041F000206800EB080900BF454503D36FF00700B6
:10420000BDE8F88F00BF3A4631466846FFF7A7FF82
:104210005FEA000A00D02EE000BF00BF3B463246F6
:1042200000213046FFF779FF5FEA000A00D022E064
:1042300000BF00980A2807D200983030C1B2A9F117
:1042400001008146017006E000983730C1B2A9F143
:104250000100814601706D1C00213046FFF727FCEC
:104260000028C9D12A46494620680FF015FD20686C
:104270002844206000BF5046C2E72DE9FF5F064694
:104280000D4617469846DDF838904FF0000A00BFFB
:1042900000BF00BF00BF00BF00BF022D01DB102D1B
:1042A00004DD6FF0030004B0BDE8F09F3046FEF778
:1042B00069F90446042D00DB6408102D00DB640856
:1042C000641C641C641C04F001000444A04504D276
:1042D000C9F800406FF00700E5E703976846FDF76F
:1042E00031FF3068401C08D12D20039908700398D5
:1042F000401C0390A8F101008046102D4ED171683A
:104300004FF0000C47E0042242E04B1ED6F808B004
:104310005BF82330A2F1010B4FEACB0B23FA0BF32E
:10432000D8B230B9BCF1000F03D18B18022B00D0EA
:104330002DE003464FEAE07B00EB1B7B4FEA2B1B93
:104340000FF6A47E1EF80BB0DDF80CE08EF800B07E
:10435000DDF80CB00BF1010BCDF80CB04FEAE07BAF
:1043600000EB1B7B4FEA2B1BA0EB0B1B0FF6787EA1
:104370001EF80BB0DDF80CE08EF800B0DDF80CB0E4
:104380000BF1010BCDF80CB04FF0010C00BF521E29
:10439000002ABAD1491E0029B5D11AE000BF314622
:1043A0006846FDF757FF5FEA000A00D01CE000BF37
:1043B0000098401C01D10120009000BF434603AA91
:1043C00029466846FFF70BFF5FEA000A00D00BE0C2
:1043D00000BF0020039908700398401C03900398C5
:1043E000C01BC9F8000000BF6846FDF7B3FE504689
:1043F00059E701B500200022694605E000020B786C
:104400001843531CDAB2491C042AF7D308BD10B56F
:1044100004462046FFF7EDFF10BD2DE9F0410646AA
:104420000F460FB9BDE8F0813446781E06EB8005D3
:104430000BE02068FFF7EBFF80462868FFF7E7FFF7
:104440002060C5F80080241D2D1FAC42F1D900BFAB
:10445000E8E72DE9F0470546884616466FF06D09F6
:1044600016F0030F01D0012000E0002000EB9607BA
:104470006868B8420FD02846FDF76CFE2846FDF765
:1044800061FE00BF39462846FDF778FE5FEA000965
:1044900000D01EE000BF00BF00212846FDF7D5FF79
:1044A0005FEA000900D014E000BF00240EE0A1087C
:1044B000A86850F8210018F80410A207D20E914005
:1044C0000843A208A96841F82200641CB442EED354
:1044D00000BF4846BDE8F0872DE9F04705460F4686
:1044E00016466FF06D0A16F0030F01D0012000E0B0
:1044F000002000EB9604C6EB840800BF00BF00BF9D
:1045000000BF6868A0420FD02846FDF723FE28466A
:10451000FDF718FE00BF21462846FDF72FFE5FEA93
:10452000000A00D018E000BF00BF00212846FDF7B8
:104530008CFF5FEA000A00D00EE000BF5FB1D5F843
:10454000089009EB0800324639460FF0A5FB2146DA
:10455000A868FFF762FF00BF5046BDE8F0872DE96D
:10456000F04707468946154678688600AE4201D274
:10457000B04613E0A84644460EE0A108B86850F8DB
:104580002100A107C90EC84010F0FF0F03D06FF043
:104590000700BDE8F087641CB442EED3002409E0B4
:1045A000A108B86850F82100A107C90EC84009F851
:1045B0000400641C4445F3D3AE4204D2A91B09EBAA
:1045C00006000FF090FB0020E3E72DE9F04780465E
:1045D0008946164600BF00BF00BF00BFD8F80400E0
:1045E0008700B74209D23D4609EB0600A0EB050A59
:1045F000711B48460FF077FB15E03546CA462C463E
:104600000FE0A108D8F8080050F82100A107C90E52
:10461000C84010F0FF0F03D06FF00700BDE8F0872F
:10462000641CBC42EDD300240DE0A108D8F80800BA
:1046300050F82100A107C90EC840C1B2281B401E76
:104640000AF80010641CAC42EFD30020E6E710B576
:10465000024682EA0103541A24EA030001EA030431
:104660002043C00F10BD2DE9F05F074689469046F4
:1046700000BF00BF00BF00BF00BF00BF7868D9F80F
:104680000410884203D06FF00300BDE8F09F386843
:10469000C0F3400AD9F80000C0F3400B8AEA0B05CA
:1046A00005EA0A00C8F800002E467C682DE0621E6C
:1046B000BB6853F82210D9F8083053F82200FFF7EE
:1046C000C6FF0546C6F10100284000EA0A00D8F8F6
:1046D00000100143C8F800102E43621ED9F80830BC
:1046E00053F82210BB6853F82200FFF7B0FF0546CD
:1046F000C6F101002840CAF101010840D8F80010B5
:104700000843C8F800002E43641E002CCFD10020BF
:10471000BBE72DE9F04105460E4614466FF06D07E4
:1047200000BF00BF00BF00BF00BF00BF0021204688
:10473000FFF7BDF9002803DA6FF00900BDE8F0814A
:1047400000BF2346324629460020FFF703FB07003F
:1047500000D023E000BF09E000BF224629462846DA
:10476000FEF708F9070000D018E000BF0021284636
:10477000FFF79DF90028EFDB09E000BF224629463C
:104780002846FEF795F8070000D007E000BF214655
:104790002846FFF732F90028EFDA00BF3846CDE7A8
:1047A00030B502460B469D68296808468D1C05F009
:1047B000040500EB4500202405E001FB00F5C5F1F0
:1047C000020568436408082CF7D2C5436D1C1560C8
:1047D00030BD2DE9FF4F83B007460E469046DDF809
:1047E00040B0DBF804209100DBF808000FF07BFA02
:1047F000DBF80840D8F804507068A84201D270680D
:1048000000E0284602904FF000091FE0B86850F819
:1048100029A02068B16809680AFB0100069948438D
:10482000019053462246B1680298FEF705F9D8F880
:10483000081022462846019BFEF7FEF844F804AB18
:104840000021681C44F8201009F10109A945DDD3B5
:10485000AA002146B8680FF01FFA54F82500401C42
:1048600044F8250021462846D8F80820FDF750FFD7
:1048700054F82510081A44F8250054F82500C3B24E
:1048800022462846B968FDF737FD07B0BDE8F08F2E
:10489000F0B585B007460C4615461E46012004902B
:1048A00004980190029004A803902B46224601A987
:1048B00038460096FFF78DFF05B0F0BD2DE9FF4F9C
:1048C000ADF24C6D91461E46DDF880866FF06D00AE
:1048D000CDF848064FF0010A00BF00BF00BF00BF7F
:1048E00000BF00BF00BF00BF00213046FFF7DFF868
:1048F000002804DDB068006810F0010F05D16FF0EA
:1049000003000DF25C6DBDE8F08F00214846FFF713
:10491000CEF8002802DA6FF00300F2E731460DF21C
:104920003460FFF73DFF0DF22460FDF70BFC0DF541
:10493000C360FDF707FC03A8FDF704FC4FF4C0615A
:1049400006A80FF0D0F94846FDF71CFE0446B4F562
:10495000287F01D306200CE0EF2C01D9052008E0C8
:104960004F2C01D9042004E0172C01D9032000E0CA
:10497000012005467068471C00BF3946DDF84C062B
:10498000FDF7FCFBCDF8480600B1EBE100BF00BF2E
:10499000394609A8FDF7F2FBCDF8480600B1E1E180
:1049A00000BF00BF79000DF5C360FDF7E7FBCDF850
:1049B000480600B1D6E100BFDDF850060068401C93
:1049C00001D1012000E000200290029878B100BFE0
:1049D00003A8DDF85016FDF73DFCCDF8480600B100
:1049E000C0E100BF0120039003A8CDF85006B8F144
:1049F000000F02D0D8F8080058BB00BF01210DF20B
:104A00002460FDF722FDCDF8480600B1AAE100BF01
:104A100000BF706881010DF22460FFF7B9F8CDF88E
:104A2000480600B19EE100BF00BF32460DF224618E
:104A30000846FFF76EFECDF8480600B192E100BFD0
:104A4000B8F1000F0ED00DF2246007C888E8070007
:104A500008E0D8E90102D8F800100DF5C56305C3D8
:104A6000CDF824163146DDF85006FEF7C6FF0028C3
:104A70000BDB00BF324609A8DDF85016FFF749FEF0
:104A8000CDF8480600B16DE10AE000BF09A8DDF8E5
:104A90005016FDF7DFFBCDF8480600B162E100BF1C
:104AA0000DF5C360009032460DF2246109A8DDF8CF
:104AB0003436FFF78EFE00BF0DF22461DDF84C06A0
:104AC000FDF7C8FBCDF8480600B14BE100BF0DF57E
:104AD000C3633146DDF83426DDF84C06FFF7D8FE17
:104AE000012D6CD9681E0AFA00F700BF7268511CCC
:104AF00007EB470206AB03EB8200FDF73FFBCDF867
:104B0000480600B12EE100BF00BF07EB470106AA2F
:104B100002EB810009A9FDF79DFBCDF8480600B125
:104B200020E100BF002411E00DF5C36007EB470250
:104B300006AB03EB820107EB4702009003EB820018
:104B40003246DDF83436FFF744FE641C681EA0428E
:104B5000EAD87C1C2FE000BF7268511C04EB4402B1
:104B600006AB03EB8200FDF709FBCDF8480600B168
:104B7000F8E000BF00BF621E02EB420206AB03EB8F
:104B8000820104EB440203EB8200FDF763FBCDF8E6
:104B9000480600B1E6E000BF0DF5C36004EB440138
:104BA00006AA009002EB8100324609A9DDF83436EE
:104BB000FFF70FFE641C0AFA05F0A042CBD8D9F823
:104BC0000400CDF840060020CDF83C068346CDF821
:104BD0004406CDF8300677E0DDF83C0658B9DDF83C
:104BE000400600B971E0DDF84006401ECDF84006F1
:104BF0002020CDF83C06DDF83C06401ECDF83C06F2
:104C0000D9F80810DDF8400651F82000DDF83C1610
:104C1000C84000F00100CDF83806DDF8380618B9B4
:104C2000DDF8300600B94FE0DDF8380678B9DDF878
:104C3000300601280BD10DF5C36000903246DDF837
:104C40004C160846DDF83436FFF7C3FD3CE0022081
:104C5000CDF830060BF1010BA5EB0B01DDF83806A2
:104C60008840DDF844160843CDF84406AB452AD108
:104C700000240BE00DF5C36000903246DDF84C16C1
:104C80000846DDF83436FFF7A4FD641CAC42F1D3CE
:104C90000DF5C3600090DDF8440600EB400006AA65
:104CA00002EB80013246DDF83436DDF84C06FFF7C2
:104CB00090FDDDF83006401ECDF830064FF0000BB9
:104CC0000020CDF8440600BF86E700BF002421E0A5
:104CD0000DF5C36000903246DDF84C160846DDF84D
:104CE0003436FFF776FDDDF844064000CDF8440683
:104CF0000AFA05F0DDF8441608420AD00DF5C36043
:104D00000090324609A9DDF83436DDF84C06FFF78D
:104D100060FD641C5C45DBD30DF5C3633146DDF8F3
:104D20003426DDF84C06FFF7B3FD0298C8B1D9F878
:104D30000400B0B1D9F80800006810F0010F10D0DD
:104D40004FF0FF31DDF84C06016000BF3146DDF861
:104D50004C261046FDF70EFECDF8480600B101E0E6
:104D600000BF00BF681E0AFA00F407E004EB44012C
:104D700006AA02EB8100FDF7EDF9641C0AFA05F0C2
:104D8000A042F3D809A8FDF7E5F90DF5C360FDF7DA
:104D9000E1F903A8FDF7DEF9B8F1000F02D0D8F869
:104DA000080018B90DF22460FDF7D4F9DDF84806C3
:104DB000A7E52DE9F04786B00746884616466FF00E
:104DC0006D0900BF00BF00BF00BF00BF00BF03A848
:104DD000FDF7B8F96846FDF7B5F900BF414603A8ED
:104DE000FDF738FA5FEA000900D094E000BF00BF89
:104DF00031466846FDF72EFA5FEA000900D08AE0E6
:104E000000BF03A8FDF794FB05466846FDF790FB3D
:104E10000446AC4200D2254600BF294603A8FEF74F
:104E200062FE5FEA000900D075E000BF00BF2946BE
:104E30006846FEF758FE5FEA000900D06BE000BF4D
:104E40000120009003904BE000BF03A8FDF770FB2A
:104E50008246514603A8FEF746FE5FEA000900D0ED
:104E600059E000BF00BF6846FDF762FB824651462D
:104E70006846FEF738FE5FEA000900D04BE000BF4D
:104E8000694603A8FEF7B9FD002814DB00BF6A4697
:104E900003A903A8FDF75EFC5FEA000900D03AE031
:104EA00000BF00BF012103A8FEF71DFE5FEA000955
:104EB00000D030E014E000BF03AA69466846FDF761
:104EC00049FC5FEA000900D025E000BF00BF0121D6
:104ED0006846FEF708FE5FEA000900D01BE000BF4D
:104EE000002103A8FEF7E3FD0028ADD100BF29464D
:104EF0006846FEF74DFE5FEA000900D00BE000BFF8
:104F000000BF69463846FDF7A5F95FEA000900D001
:104F100001E000BF00BF03A8FDF71CF96846FDF7DC
:104F200019F9484606B0BDE8F0872DE9F05F06465E
:104F30000C46174698466FF06D0B14F0030F01D026
:104F4000012000E0002000EB9405C4EB850900BFC0
:104F500000BF00BF00BF7068A8420FD03046FDF709
:104F6000F9F83046FDF7EEF800BF29463046FDF768
:104F700005F95FEA000B00D016E000BF00BF00217A
:104F80003046FDF762FA5FEA000B00D00CE000BF8C
:104F9000D6F808A00AEB090122464046B847294640
:104FA000B068FFF73AFA00BF5846BDE8F09FF0B589
:104FB0009BB005460E4614466FF06D0700BF00BF5C
:104FC00000BF00BF00BF00BF01212046FEF76FFDFC
:104FD000002802DC78111BB0F0BD15A8FDF7B2F86F
:104FE00012A8FDF7AFF80FA8FDF7ACF80CA8FDF775
:104FF000A9F818A8FDF7A6F809A8FDF7A3F806A8D0
:10500000FDF7A0F803A8FDF79DF86846FDF79AF8AC
:1050100000BF2246314618A8FFF7CBFE070000D09C
:1050200045E100BF012118A8FEF741FD10B16FF066
:105030000D073CE100BF2246314615A8FFF769FB8A
:10504000070000D033E100BF00BF15A912A8FDF78B
:1050500001F9070000D02AE100BF00BF214609A8DE
:10506000FDF7F8F8070000D021E100BF00BF21469E
:1050700006A8FDF7EFF8070000D018E100BF00BF59
:1050800001210FA8FDF7E1F9070000D00FE100BFF3
:1050900000BF00210CA8FDF7D8F9070000D006E1F9
:1050A00000BF00BF002103A8FDF7CFF9070000D023
:1050B000FDE000BF00BF01216846FDF7C6F907000B
:1050C00000D0F4E000BF00BF38E000BF012112A80B
:1050D000FEF709FD070000D0E9E000BF1198006865
:1050E00010F0010F04D10E98006810F0010F13D0DA
:1050F00000BF09AA0FA90FA8FDF73CFC070000D0CC
:10510000D5E000BF00BF15AA0CA90CA8FDF7D0FB85
:10511000070000D0CBE000BF00BF01210FA8FEF7C1
:10512000E2FC070000D0C2E000BF00BF01210CA8D4
:10513000FEF7D9FC070000D0B9E000BF1498006862
:1051400010F0010FC1D038E000BF012106A8FEF722
:10515000CAFC070000D0AAE000BF0598006810F064
:10516000010F04D10298006810F0010F13D000BFA6
:1051700009AA03A903A8FDF7FDFB070000D096E0EC
:1051800000BF00BF15AA69466846FDF791FB0700FE
:1051900000D08CE000BF00BF012103A8FEF7A3FCF4
:1051A000070000D083E000BF00BF01216846FEF782
:1051B0009AFC070000D07AE000BF0898006810F061
:1051C000010FC1D006A912A8FEF717FC00281DDBAD
:1051D00000BF06AA12A912A8FDF76AFB070000D0BB
:1051E00065E000BF00BF03AA0FA90FA8FDF760FB91
:1051F000070000D05BE000BF00BF6A460CA90CA806
:10520000FDF756FB070000D051E01DE000BF12AAD9
:1052100006A906A8FDF74CFB070000D047E000BF39
:1052200000BF0FAA03A903A8FDF742FB070000D0A7
:105230003DE000BF00BF0CAA69466846FDF738FB99
:10524000070000D033E000BF002112A8FEF72FFCBA
:1052500000287FF439AF09E000BF224603A903A864
:10526000FDF788FB070000D021E000BF002103A864
:10527000FEF71DFC0028EFDB09E000BF224603A972
:1052800003A8FDF715FB070000D010E000BF214682
:1052900003A8FEF7B2FB0028EFDA00BF03A92846F7
:1052A000FCF7D8FF070000D001E000BF00BF15A841
:1052B000FCF750FF12A8FCF74DFF0FA8FCF74AFFC0
:1052C0000CA8FCF747FF18A8FCF744FF09A8FCF757
:1052D00041FF06A8FCF73EFF03A8FCF73BFF68462A
:1052E000FCF738FF384676E630313233343536371E
:1052F00038394142434445460000000070B5044639
:10530000FE4D2E4605B10CB9002070BD0DE0706851
:105310006168884207D1D4E9012130680EF03EFD72
:1053200008B92846F1E714352E4630680028EED13A
:1053300000BFEAE770B506460C463046FFF7DEFFD1
:10534000054615B96FF02D0070BD2869206000205A
:10535000FAE770B50446EA4D2E4605B10CB90020B7
:1053600070BD0DE070686168884207D1D4E9012101
:1053700030680EF013FD08B92846F1E714352E46C3
:1053800030680028EED100BFEAE770B506460C464B
:105390003046FFF7DEFF054615B96FF02D0070BDF2
:1053A000286920600020FAE770B50446D54D2E46E6
:1053B00005B10CB9002070BD0DE0706861688842CD
:1053C00007D1D4E9012130680EF0E8FC08B928467D
:1053D000F1E710352E4630680028EED100BFEAE72D
:1053E00070B506460C463046FFF7DEFF054615B998
:1053F0006FF02D0070BDE86820600020FAE770B5FE
:105400000446C14D2E4605B10CB9002070BD0DE01B
:1054100070686168884207D1D4E9012130680EF0D4
:10542000BDFC08B92846F1E710352E463068002843
:10543000EED100BFEAE770B506460C463046FFF7EE
:10544000DEFF054615B96FF02D0070BDE8682060DD
:105450000020FAE770B50446AC4D2E4605B10CB9F4
:10546000002070BD0DE070686168884207D1D4E902
:10547000012130680EF092FC08B92846F1E7143596
:105480002E4630680028EED100BFEAE770B5064628
:105490000C463046FFF7DEFF054615B96FF02D00CC
:1054A00070BDE86820600020FAE72DE9F04107466A
:1054B0000D4616463846FFF7CDFF04461CB96FF07F
:1054C0002D00BDE8F081207C2870607C30700020C9
:1054D000F7E730B504460D468C490CE0487CA04205
:1054E00008D1087CA84205D1086810604868186097
:1054F000002030BD143108680028EFD16FF02D0076
:10550000F7E770B50446824D2E4605B10CB9002070
:1055100070BD0DE070686168884207D1D4E901214F
:1055200030680EF03BFC08B92846F1E714352E46EA
:1055300030680028EED100BFEAE770B506460C4699
:105540003046FFF7DEFF054615B96FF02D0070BD40
:10555000287C20700020FAE710B503460C466C4901
:1055600009E0087C984205D108682060486810600E
:10557000002010BD143108680028F2D16FF02D0012
:10558000F7E770B50446634D2E4605B10CB900200F
:1055900070BD0DE070686168884207D1D4E90121CF
:1055A00030680EF0FBFB08B92846F1E714352E46AB
:1055B00030680028EED100BFEAE770B506460C4619
:1055C0003046FFF7DEFF054615B96FF02D0070BDC0
:1055D000287C20700020FAE770B504464E4D2E4618
:1055E00005B10CB9002070BD0DE07068616888429B
:1055F00007D1D4E9012130680EF0D0FB08B9284664
:10560000F1E714352E4630680028EED100BFEAE7F6
:1056100070B506460C463046FFF7DEFF054615B965
:105620006FF02D0070BD287C20700020FAE710B5C7
:1056300003460C46384909E0087C984205D10868C1
:10564000206048681060002010BD143108680028F0
:10565000F2D16FF02D00F7E770B504462F4D2E46BE
:1056600005B10CB9002070BD0DE07068616888421A
:1056700007D1D4E9012130680EF090FB08B9284623
:10568000F1E714352E4630680028EED100BFEAE776
:1056900070B506460C463046FFF7DEFF054615B9E5
:1056A0006FF02D0070BD287C20700020FAE72DE9F6
:1056B000FE4F8346894615466FF06D04DA464E4626
:1056C000686888B3A8680078282190FBF1F201FB94
:1056D00012000290A868007890FBF1F00190029807
:1056E00000900FA231465046019B0FF08BF9044603
:1056F00000BF002C01DBB4421BD316E0D0860200B1
:1057000060880200EC8802006C8902008C8902002B
:10571000408A0200908A0200CC8A0200588B020064
:1057200025642E256400000006E06FF00A00BDE845
:10573000FE8F361BA24400BF00274FF0010828E06F
:10574000C7F31800B84202D06FF00A00EFE7FF017C
:10575000A86810F8080000F07F000744A86810F857
:10576000080010F0800F12D13B460DA23146504682
:105770000FF048F9044600BF002C01DBB44202D30D
:105780006FF00A00D3E7361BA24400BF002708F1E0
:10579000010868684045D3D8A9EB0600C7E70000B8
:1057A0002E257500F94870470146C81E062810D2FC
:1057B000DFE800F0030507090B0DF5487047F548D1
:1057C000FCE7F548FAE7F548F8E7F548F6E7F54865
:1057D000F4E70020F2E710B504460CB9002010BD34
:1057E0002146F1A00EF0CCFA18B90320FFF7DCFF38
:1057F000F5E72146EDA00EF0C3FA20B12146EDA059
:105800000EF0BEFA18B90420FFF7CEFFE7E72146F5
:10581000E9A00EF0B5FA18B90520FFF7C5FFDEE7DD
:105820002146E7A00EF0ACFA18B90620FFF7BCFF3E
:10583000D5E72146E4A00EF0A3FA18B90720FFF738
:10584000B3FFCCE72146E2A00EF09AFA18B908207F
:10585000FFF7AAFFC3E70020C1E700210160416014
:105860008160704710B504460CB1206800B910BDC6
:10587000606800B320680079C01E062816D2DFE8F1
:1058800000F003070B0C1011606800F004FB0EE041
:10589000606804F0E0F90AE000BF606801F057F9C1
:1058A00005E000BF606802F04EFA00E000BF00BFF4
:1058B00060680FF02FFEA06840B122689279510015
:1058C000A068F5F703FDA0680FF024FE0C21204628
:1058D000F5F7FCFC00BFCAE770B505460C4645B1BC
:1058E000286830B12CB1206818B128682168884236
:1058F00001D0B94870BD20680079C01E06281AD2B0
:10590000DFE800F003080D0E13146168686800F00A
:10591000CCFA12E06168686804F0A7F90DE000BFF6
:105920006168686801F01DF907E000BF6168686898
:1059300002F013FA01E0A848DCE700BF0020D9E735
:1059400070B504460D46164605B10CB9A24870BDA7
:105950002879C01E062846D2DFE800F0031323246E
:10596000343500BF582101200EF03DFA60606068B8
:1059700010B999488038EAE7606800F085FA00BFFE
:1059800033E000BF5C2101200EF02DFA60606068FA
:1059900010B991488038DAE7606804F053F900BF25
:1059A00023E000BF00BF6C2101200EF01CFA6060F4
:1059B000606810B988488038C9E7606801F0BEF8AF
:1059C00000BF12E000BF00BFD82101200EF00BFA8B
:1059D0006060606810B980488038B8E7606802F09D
:1059E000A9F900BF01E07C48B1E700BF66B1A97921
:1059F00002200EF0F8F9A060A06828B92046FFF751
:105A000031FF75488038A2E7256000209FE770B518
:105A100004460D46012229462046FFF791FF70BD3E
:105A200010B504460CB1206808B96B4810BD206859
:105A30000079C01E062820D2DFE800F003070B1013
:105A4000151A606800F03AFAF0E7606804F01AF995
:105A5000ECE70121606801F091F8E7E70021606858
:105A600001F08CF8E2E70121606802F083F9DDE7DC
:105A70000021606802F07EF9D8E75748D6E770B594
:105A800004460D4616460CB1206808B9524870BD50
:105A900020680079C01E06281ED2DFE800F0030946
:105AA0000F10161732462946606800F01CFFEEE71B
:105AB00032462946606805F099FCE8E700BF3246A7
:105AC0002946606801F0C2FFE1E700BF324629467F
:105AD000606803F0C9FBDAE73F48D8E770B50446D1
:105AE0000D460CB1206808B93B4870BD20680079AC
:105AF000C01E06281AD2DFE800F003080D0E1314AA
:105B00002946606800F044FFEFE72946606805F029
:105B1000C6FCEAE700BF2946606801F0F0FFE4E751
:105B200000BF2946606803F002FCDEE72A48DCE794
:105B30002DE9F04104460D4616461F4614B9264885
:105B4000BDE8F0812079C01E062855D2DFE800F0BC
:105B500003090F16464D3A463146284600F0A9FF84
:105B6000EEE73A463146284605F039FDE8E70123DD
:105B70003A463146284602F099F8E1E700233A46D2
:105B80003146284602F092F8DAE70000008C020065
:105B9000D08B0200D88B0200E08B0200E88B020061
:105BA000F08B0200F88B02004D4435005348413120
:105BB0000000000053484100534841323234000095
:105BC00053484132353600005348413338340000E1
:105BD000534841353132000000AFFFFF01233A4600
:105BE0003146284603F0EDFFAAE700233A46314646
:105BF000284603F0E6FFA3E7A248A1E72DE9F04716
:105C000090B00446884691466FF06D0A1CB120683A
:105C100008B1A06818B99B4810B0BDE8F0872068AB
:105C2000807948451BD22046FFF7FAFE5FEA000A5A
:105C300000D046E04A4641462046FFF720FF5FEA93
:105C4000000A00D03DE069462046FFF747FF5FEAC3
:105C5000000A00D035E0206890F80590E846A66874
:105C600021688979A06847182068817936223046F2
:105C70000EF032F8206881795C2238460EF02CF85C
:105C800000250AE0705D18F8051048407055785DF1
:105C900018F80510484078556D1C4D45F2D3204644
:105CA000FFF7BEFE5FEA000A00D00AE020688279B2
:105CB00031462046FFF7E3FE5FEA000A00D000E02D
:105CC00000BF40216846F5F701FB5046A4E770B5D8
:105CD00004460D4616461CB1206808B1A06808B9F4
:105CE000684870BD324629462046FFF7C8FEF8E7EF
:105CF000F0B591B004460E466FF06D071CB12068F8
:105D000008B1A06810B95F4811B0F0BD2168897969
:105D1000A068451801A92046FFF7E0FE070001D062
:105D20003846F1E72046FFF77BFE070001D03846F2
:105D3000EAE72068827929462046FFF7A0FE07009F
:105D400001D03846E0E72068427901A92046FFF7F4
:105D500096FE070001D03846D6E731462046FFF7C9
:105D6000BDFED1E770B504466FF06D061CB120682A
:105D700008B1A06808B9434870BDA5682046FFF780
:105D80004FFE060001D03046F6E7206882792946AA
:105D90002046FFF774FEEFE72DE9FE4F04460E465E
:105DA00017461D46DDE90C896FF06D0A14B93548B8
:105DB000BDE8FE8F6846FFF750FD01222146684688
:105DC000FFF7BEFD5FEA000A00D01AE03A4631460E
:105DD0006846FFF713FF5FEA000A00D011E0424671
:105DE00029466846FFF773FF5FEA000A00D008E023
:105DF00049466846FFF77CFF5FEA000A00D000E0F2
:105E000000BF6846FFF72EFD5046D1E770B5044647
:105E10000D460CB1206808B91A4870BD2068007999
:105E2000C01E06281AD2DFE800F003080D0E131476
:105E30002946606800F057F8EFE72946606803F0EC
:105E40003AFFEAE700BF2946606800F0CCFEE4E7CD
:105E500000BF2946606801F0E6FFDEE70948DCE79D
:105E6000014609B9002070474879FCE7014609B9A5
:105E7000002070470879FCE7014609B90020704707
:105E80000868FCE700AFFFFF10B504465821204624
:105E90000DF029FF10BD10B5044604B910BD5821FE
:105EA0002046F5F713FA00BFF8E770B504460D4633
:105EB0005822294620460DF0EFFE70BD0146002015
:105EC00008604860FE488860FE4ACA60C2430A61B2
:105ED000FC4AD2434A610020704700B50346184689
:105EE000FFF7ECFF00BDF0B590B006460D462878F0
:105EF0006F7840EA0720AF7840EA0740EF7840EA41
:105F00000760009028796F7940EA0720AF7940EA6E
:105F10000740EF7940EA07600190287A6F7A40EAFB
:105F20000720AF7A40EA0740EF7A40EA0760029024
:105F3000287B6F7B40EA0720AF7B40EA0740EF7B7E
:105F400040EA07600390287C6F7C40EA0720AF7C22
:105F500040EA0740EF7C40EA07600490287D6F7DAF
:105F600040EA0720AF7D40EA0740EF7D40EA076046
:105F70000590287E6F7E40EA0720AF7E40EA07400A
:105F8000EF7E40EA07600690287F6F7F40EA072097
:105F9000AF7F40EA0740EF7F40EA0760079095F83F
:105FA000200095F8217040EA072095F8227040EA19
:105FB000074095F8237040EA0760089095F82400A0
:105FC00095F8257040EA072095F8267040EA0740CA
:105FD00095F8277040EA0760099095F8280095F831
:105FE000297040EA072095F82A7040EA074095F8A2
:105FF0002B7040EA07600A9095F82C0095F82D70F8
:1060000040EA072095F82E7040EA074095F82F7077
:1060100040EA07600B9095F8300095F8317040EA3F
:10602000072095F8327040EA074095F8337040EA4F
:1060300007600C9095F8340095F8357040EA072019
:1060400095F8367040EA074095F8377040EA0760E7
:106050000D9095F8380095F8397040EA072095F8CA
:106060003A7040EA074095F83B7040EA07600E90AE
:1060700095F83C0095F83D7040EA072095F83E7091
:1060800040EA074095F83F7040EA07600F90B1681A
:10609000F2683369746900BF83EA0400104060400D
:1060A000009F3844884F38440144C80140EA516099
:1060B000811800BF00BF82EA030008405840019FDA
:1060C0003844824F38440444200340EA14504418B2
:1060D00000BF00BF81EA020020405040029F3844C8
:1060E0007B4F38440344580440EAD330031900BFBF
:1060F00000BF84EA010018404840039F3844754FB0
:1061000038440244900540EA9220C21800BF00BF04
:1061100083EA040010406040049F38446E4F3844C6
:106120000144C80140EA5160811800BF00BF82EA03
:10613000030008405840059F3844684F38440444E1
:10614000200340EA1450441800BF00BF81EA020057
:1061500020405040069F3844614F3844034458045F
:1061600040EAD330031900BF00BF84EA01001840A1
:106170004840079F38445B4F38440244900540EA4A
:106180009220C21800BF00BF83EA040010406040A4
:10619000089F3844544F38440144C80140EA5160D4
:1061A000811800BF00BF82EA030008405840099FE1
:1061B00038444E4F38440444200340EA14504418F5
:1061C00000BF00BF81EA0200204050400A9F3844CF
:1061D000A0F524404F380344580440EAD330031953
:1061E00000BF00BF84EA0100184048400B9F3844BC
:1061F0003F4F38440244900540EA9220C21800BF45
:1062000000BF83EA0400104060400C9F3844394FBF
:1062100038440144C80140EA5160811800BF00BF02
:1062200082EA0300084058400D9F3844324F3844FA
:106230000444200340EA1450441800BF00BF81EA20
:106240000200204050400E9F38442C4F38440344F5
:10625000580440EAD330031900BF00BF84EA0100AC
:10626000184048400F9F3844254F38440244900559
:1062700040EA9220C21800BF00BF82EA030020401B
:106280005840019F38441F4F38440144480140EAB8
:10629000D160811800BF00BF81EA02001840504061
:1062A000069F3844184F38440444600240EAD450F2
:1062B000441800BF00BF84EA01001040484025E0B8
:1062C0000123456789ABCDEF78A46AD756B7C7E8F5
:1062D000DB702024EECEBDC1AF0F7CF52AC6874708
:1062E000134630A8019546FDD8988069AFF7448BD6
:1062F000BED75C892211906B937198FD8E4379A66D
:106300002108B44962251EF640B340C00B9F3844B3
:10631000FE4F38440344980340EA9340031900BFFA
:1063200000BF83EA040008406040009F3844F84FF3
:1063300038440244100540EA1230C21800BF00BFC2
:1063400082EA030020405840059F3844F14F38440A
:106350000144480140EAD160811800BF00BF81EAD2
:106360000200184050400A9F3844EB4F3844044420
:10637000600240EAD450441800BF00BF84EA010024
:10638000104048400F9F3844E44F3844034498037A
:1063900040EA9340031900BF00BF83EA04000840AD
:1063A0006040049F3844DE4F38440244100540EA00
:1063B0001230C21800BF00BF82EA030020405840DC
:1063C000099F3844D74F38440144480140EAD1601E
:1063D000811800BF00BF81EA0200184050400E9FA4
:1063E0003844D14F38440444600240EAD450441841
:1063F00000BF00BF84EA010010404840039F3844BA
:10640000CA4F38440344980340EA9340031900BF3D
:1064100000BF83EA040008406040089F3844C44F2E
:1064200038440244100540EA1230C21800BF00BFD1
:1064300082EA0300204058400D9F3844BD4F384445
:106440000144480140EAD160811800BF00BF81EAE1
:10645000020018405040029F3844B74F384404446B
:10646000600240EAD450441800BF00BF84EA010033
:1064700010404840079F3844B04F384403449803C5
:1064800040EA9340031900BF00BF83EA04000840BC
:1064900060400C9F3844AA4F38440244100540EA3B
:1064A0001230C21800BF00BF82EA03006040059F9F
:1064B0003844A44F38440144080140EA117081185F
:1064C00000BF00BF81EA02005840089F38449E4F39
:1064D00038440444E00240EA5450441800BF00BF6E
:1064E00084EA010050400B9F3844984F38440344DD
:1064F000180440EA1340031900BF00BF83EA0400F8
:1065000048400E9F3844924F38440244D00540EA38
:106510005220C21800BF00BF82EA03006040019F02
:1065200038448C4F38440144080140EA1170811806
:1065300000BF00BF81EA02005840049F3844864FE4
:1065400038440444E00240EA5450441800BF00BFFD
:1065500084EA01005040079F3844804F3844034488
:10656000180440EA1340031900BF00BF83EA040087
:1065700048400A9F38447A4F38440244D00540EAE4
:106580005220C21800BF00BF82EA030060400D9F86
:106590003844744F38440144080140EA11708118AE
:1065A00000BF00BF81EA02005840009F38446E4F90
:1065B00038440444E00240EA5450441800BF00BF8D
:1065C00084EA01005040039F3844684F3844034434
:1065D000180440EA1340031900BF00BF83EA040017
:1065E0004840069F3844624F38440244D00540EA90
:1065F0005220C21800BF00BF82EA03006040099F1A
:1066000038445C4F38440144080140EA1170811855
:1066100000BF00BF81EA020058400C9F3844564F2B
:1066200038440444E00240EA5450441800BF00BF1C
:1066300084EA010050400F9F3844504F38440344CF
:10664000180440EA1340031900BF00BF83EA0400A6
:106650004840029F38444A4F38440244D00540EA3B
:106660005220C21800BF00BF62EA04005840009FD9
:106670003844444F38440144880140EA916081180D
:1066800000BF00BF61EA03005040079F38443E4FFF
:1066900038440444A00240EA9450441800BF00BFAC
:1066A00064EA020048400E9F3844384F384403449F
:1066B000D80340EA5340031900BF00BF63EA01005A
:1066C0006040059F3844324F38440244500540EA48
:1066D000D220C21800BF00BF62EA040058400C9FDD
:1066E00038442C4F38440144880140EA91608118B5
:1066F00000BF00BF61EA03005040039F3844264FAB
:1067000038440444A00240EA945047E0515A5E26BF
:10671000AAC7B6E95D102FD65314440281E6A1D86A
:10672000C8FBD3E7E6CDE121D60737C3870DD5F403
:10673000ED145A4505E9E3A9F8A3EFFCD9026F6708
:106740008A4C2A8D4239FAFF81F6718722619D6D4C
:106750000C38E5FD44EABEA4A9CFDE4B604BBBF686
:1067600070BCBFBEC67E9B28FA27A1EA8530EFD455
:10677000051D880439D0D4D9E599DBE6F87CA21F41
:106780006556ACC4442229F497FF2A43A72394AB4F
:1067900039A093FCC3595B6592CC0C8F441800BFA1
:1067A00000BF64EA020048400A9F3844D94F384489
:1067B0000344D80340EA5340031900BF00BF63EA13
:1067C00001006040019F3844D34F384402445005D3
:1067D00040EAD220C21800BF00BF62EA040058405D
:1067E000089F3844CD4F38440144880140EA916005
:1067F000811800BF00BF61EA030050400F9F38447A
:10680000C74F38440444A00240EA9450441800BFE3
:1068100000BF64EA02004840069F3844C14F384434
:106820000344D80340EA5340031900BF00BF63EAA2
:10683000010060400D9F3844BB4F3844024450056E
:1068400040EAD220C21800BF00BF62EA04005840EC
:10685000049F3844B54F38440144880140EA9160B0
:10686000811800BF00BF61EA030050400B9F38440D
:10687000AF4F38440444A00240EA9450441800BF8B
:1068800000BF64EA02004840029F3844A94F3844E0
:106890000344D80340EA5340031900BF00BF63EA32
:1068A00001006040099F3844A34F3844024450051A
:1068B00040EAD220C21800BFB0680844B060F06857
:1068C0008718F7603069C7183761706907197761F1
:1068D000002010B0F0BD30B504460D4629462046D4
:1068E000FFF701FB30BD2DE9F04704468846154609
:1068F0006FF06D0915B90020BDE8F087206800F041
:106900003F07C7F1400620682844206020682060C7
:106910002068A84202D26068401C6060AFB1B542F6
:1069200013D304F11801C819324641460DF0B4F9E9
:1069300004F118012046FFF7D6FA5FEA000901D0FA
:106940004846D9E7B044AD1B00270BE0414620463E
:10695000FFF7C9FA5FEA000901D04846CCE708F121
:106960004008403D402DF1D235B104F11801C8195D
:106970002A4641460DF090F90020BDE770B5044667
:106980000D461646324629462046FFF7ACFF70BD3D
:106990002DE9F04704460D466FF06D09206800F0C0
:1069A0003F0680223046761C04F118010A54382E26
:1069B00007D8C6F1380104F1180290190DF093F9C7
:1069C00016E0C6F1400104F1180290190DF08BF9A0
:1069D00004F118012046FFF786FA5FEA000902D0A9
:1069E0004846BDE8F087382104F118000DF07BF926
:1069F0002068400F616840EAC10720684FEAC0087C
:106A000084F850804FEA182184F851104FEA184159
:106A100084F852104FEA186084F8530084F85470D8
:106A2000390A84F85510390C84F85610380E84F859
:106A3000570004F118012046FFF755FA5FEA0009F4
:106A400001D04846CDE7A0682870A068000A6870A9
:106A5000A068000CA870A068000EE870E0682871BB
:106A6000E068000A6871E068000CA871E068000E38
:106A7000E871206928722069000A68722069000C98
:106A8000A8722069000EE872606928736069000AC4
:106A900068736069000CA8736069000EE8730020D9
:106AA0009FE770B504460D4629462046FFF770FF64
:106AB00070BDF0B597B004460D4616466FF06D07F1
:106AC00001A8FFF7E1F901A8FFF7F8F9070000D0E6
:106AD0000FE02A46214601A8FFF705FF070000D076
:106AE00007E0314601A8FFF753FF070000D000E0A0
:106AF00000BF01A8FFF7CFF9384617B0F0BD70B559
:106B000004460D461646324629462046FFF7D1FF79
:106B100070BD00007DF4EFFFD15D84854F7EA86FCE
:106B2000E0E62CFE144301A3A111084E827E53F728
:106B300035F23ABDBBD2D72A91D386EB10B50446C5
:106B400000BF00BF6C2120460DF0CDF810BD10B580
:106B5000044604B910BD6C212046F4F7B7FB00BF12
:106B6000F8E770B504460D4600BF00BF00BF00BF88
:106B70006C22294620460DF08FF870BD024600BFFA
:106B800000BF00BF00BF00201060506081B9FE4808
:106B90009060FE4BD360FE4B1361FE4B5361FE4B86
:106BA0009361FE4BD361FE4B1362FE4B53620FE0C9
:106BB000FD489060FD4BD360FD4B1361FD4B53616D
:106BC000FD4B9361FD4BD361FD4B1362FD4B536253
:106BD00091660020704730B504460D462946204690
:106BE000FFF7CCFF30BD2DE9F041C8B005460C469B
:106BF00000BF00BF00BF00BF002106E005F1080094
:106C000050F821004DF82100491C0829F6D3002135
:106C100016E000BF14F8210006068800401C205C26
:106C200046EA00468800801C205C46EA00208E0070
:106C3000F61CA65D304308AE46F8210000BF491C93
:106C40001029E6D300214AE200BF04988009049E7F
:106C500040EA8660F60A049F46EA475670407E0E78
:106C600046EAC7167040079E0644DDE905077840EE
:106C7000049F3840069F78403044D34E56F8216038
:106C8000304408AE56F82160821900988008009EB2
:106C900040EA8670760B009F46EAC7467040BE0DFC
:106CA00046EA872680EA0607DDE900063040DDE98E
:106CB000006C46EA0C06DDF808C006EA0C06304314
:106CC0003B18039810440390D018079000BF00BFF2
:106CD00003988009039E40EA8660F60A039F46EA0D
:106CE000475670407E0E46EAC7167040069E064420
:106CF000DDE904077840039F3840059F784006444B
:106D0000B14F481C57F82000064408AF481C57F8FC
:106D10002000321807988008079E40EA8670760B9C
:106D2000079F46EAC7467040BE0D46EA872680EABE
:106D30000607009E07983040DDF800C0079E46EA2F
:106D40000C06DDF804C006EA0C0630433B18029836
:106D500010440290D018069000BF00BF029880092E
:106D6000029E40EA8660F60A029F46EA4756704055
:106D70007E0E46EAC7167040059E0644DDE903070D
:106D80007840029F3840049F784006448E4F881C0C
:106D900057F82000064408AF881C57F82000321826
:106DA00006988008069E40EA8670760B069F46EAA3
:106DB000C7467040BE0D46EA872680EA0607DDE931
:106DC00006063040DDE9066C46EA0C06DDF800C038
:106DD00006EA0C0630433B18019810440190D01885
:106DE000059000BF00BF01988009019E40EA8660BF
:106DF000F60A019F46EA475670407E0E46EAC716DD
:106E00007040049E0644DDE902077840019F384047
:106E1000039F784006446C4FC81C57F82000064476
:106E200008AFC81C57F82000321805988008059E46
:106E300040EA8670760B059F46EAC7467040BE0D55
:106E400046EA872680EA0607DDE905063040DDE9E7
:106E5000056C46EA0C06DDF81CC006EA0C06304359
:106E60003B18009810440090D018049000BF00BF59
:106E700000988009009E40EA8660F60A009F46EA74
:106E8000475670407E0E46EAC7167040039E064481
:106E9000DDE901077840009F3840029F78400644B2
:106EA000494F081D57F82000064408AF081D57F841
:106EB0002000321804988008049E40EA8670760B01
:106EC000049F46EAC7467040BE0D46EA872680EA20
:106ED0000607DDE904063040DDE9046C46EA0C06ED
:106EE000DDF818C006EA0C0630433B18079810443A
:106EF0000790D018039000BF00BF07988009079E35
:106F000040EA8660F60A079F46EA475670407E0EC2
:106F100046EAC7167040029E0644DDE90007784045
:106F2000079F3840019F78400644274F481D57F877
:106F30002000064408AF481D57F820003218039877
:106F40008008039E40EA8670760B039F46EAC74698
:106F50007040BE0D46EA872680EA0607DDE9030693
:106F60003040DDE9036C46EA0C06DDF814C006EAA1
:106F70000C0630433B18069810440690D018029037
:106F800000BF00BF069821E067E6096A85AE67BBCF
:106F900072F36E3C3AF54FA57F520E518C68059BFB
:106FA000ABD9831F19CDE05BD89E05C107D57C36D0
:106FB00017DD703039590EF7310BC0FF11155868C5
:106FC000A78FF964A44FFABE1C8C02008009069EAC
:106FD00040EA8660F60A069F46EA475670407E0EF3
:106FE00046EAC7167040019E0644009F0798784005
:106FF000069F3840009F78400644FE4F881D57F892
:107000002000064408AF881D57F820003218029867
:107010008008029E40EA8670760B029F46EAC746C9
:107020007040BE0D46EA872680EA0607DDE90206C3
:107030003040DDE9026C46EA0C06DDF810C006EAD5
:107040000C0630433B18059810440590D018019069
:1070500000BF00BF05988009059E40EA8660F60AD9
:10706000059F46EA475670407E0E46EAC7167040B6
:10707000009E0644DDE906077840059F3840079FDB
:1070800078400644DB4FC81D57F82000064408AF7F
:10709000C81D57F82000321801988008019E40EA68
:1070A0008670760B019F46EAC7467040BE0D46EAE1
:1070B000872680EA0607DDE901063040DDE9016C3C
:1070C00046EA0C06DDF80CC006EA0C0630433B1815
:1070D000049810440490D018009000BF0831102983
:1070E000FFF4B2AD1021FDE300BF881E08AE56F8D4
:1070F0002000460C881E08AF57F8200046EAC03032
:107100008E1E57F82660F70C8E1E0DF1200C5CF8D1
:10711000266047EA463670408E1E08AF57F8266054
:1071200080EA9626C81F57F820003044A1F10F06C8
:1071300057F82660F709A1F10F065CF8266047EAC8
:107140004666A1F10F075CF827704FEA974CA1F152
:107150000F070DF1200858F827704CEA87377E405A
:10716000A1F10F07C4465CF8277086EAD7060644EB
:10717000A1F1100008AF57F82000064408A840F815
:10718000216004988009049F40EA8760FF0ADDF8C7
:1071900010C047EA4C5778404FEA5C6747EACC1783
:1071A0007840079F0744DDE9050C80EA0C00DDF814
:1071B00010C000EA0C00DDF818C080EA0C0038446A
:1071C0008C4F57F821703844321800988008009E80
:1071D00040EA8670760B009F46EAC7467040BE0DB7
:1071E00046EA872680EA0607DDE900063040DDE949
:1071F000006C46EA0C06DDF808C006EA0C063043CF
:107200003B18039810440390D018079000BF00BFAC
:10721000481E08AE56F82000460C481E08AF57F826
:10722000200046EAC036481E57F82000C70C481E0A
:10723000C4465CF8200047EA40304640481E08AF8C
:1072400057F8200086EA9026881F57F82000064449
:10725000A1F10E0057F82000C709A1F10E005CF85B
:10726000200047EA4067A1F10E005CF820004FEAD9
:10727000904CA1F10E0058F820004CEA80304740B5
:10728000A1F10E00C4465CF8200087EAD000064455
:10729000A1F10F0008AF57F820000644481C47F83A
:1072A000206003988009039F40EA8760FF0ADDF8A9
:1072B0000CC047EA4C5778404FEA5C6747EACC1766
:1072C0007840069F0744DDE9040C80EA0C00DDF8F5
:1072D0000CC000EA0C00DDF814C080EA0C00074482
:1072E000DFF810C1481C5CF82000384432180798B9
:1072F0008008079E40EA8670760B079F46EAC746DD
:107300007040BE0D46EA872680EA0607009E079871
:107310003040DDF800C0079E46EA0C06DDF804C0E8
:1073200006EA0C0630433B18029810440290D0182D
:10733000069000BF00BF08AE56F82100460C08AF0B
:1073400057F8210046EAC03657F82100C70CC4465A
:107350005CF8210047EA4030464008AF57F821006A
:1073600086EA9026481F57F820000644A1F10D0038
:1073700057F82000C709A1F10D005CF8200047EA8A
:107380004067A1F10D005CF820004FEA904CA1F19C
:107390000D0058F820004CEA80304740A1F10D0064
:1073A000C4465CF8200087EAD0000644A1F10E0034
:1073B00008AF57F820000644881C47F82060029860
:1073C0008009029F40EA8760FF0ADDF808C047EAAB
:1073D0004C5778404FEA5C6747EACC177840059FE6
:1073E0000744DDE9030C80EA0C00DDF808C000EA80
:1073F0000C0001E01C8C0200DDF810C080EA0C00DB
:107400000744DFF82CC9881C5CF820003844321887
:1074100006988008069E40EA8670760B069F46EA2C
:10742000C7467040BE0D46EA872680EA0607DDE9BA
:1074300006063040DDE9066C46EA0C06DDF800C0C1
:1074400006EA0C0630433B18019810440190D0180E
:10745000059000BF00BF481C08AE56F82000460C3F
:10746000481C08AF57F8200046EAC036481C57F8B9
:107470002000C70C481CC4465CF8200047EA403096
:107480004640481C08AF57F8200086EA9026081F9F
:1074900057F820000644A1F10C0057F82000C70956
:1074A000A1F10C005CF8200047EA4067A1F10C0054
:1074B0005CF820004FEA904CA1F10C0058F8200035
:1074C0004CEA80304740A1F10C00C4465CF8200033
:1074D00087EAD0000644A1F10D0008AF57F820005C
:1074E0000644C81C47F8206001988009019F40EAC3
:1074F0008760FF0ADDF804C047EA4C5778404FEA3E
:107500005C6747EACC177840049F0744DDE9020C2A
:1075100080EA0C00DDF804C000EA0C00DDF80CC0C5
:1075200080EA0C000744DFF808C8C81C5CF820009B
:107530003844321805988008059E40EA8670760B1C
:10754000059F46EAC7467040BE0D46EA872680EA98
:107550000607DDE905063040DDE9056C46EA0C0664
:10756000DDF81CC006EA0C0630433B1800981044B6
:107570000090D018049000BF00BF881C08AE56F8D9
:107580002000460C881C08AF57F8200046EAC03699
:10759000881C57F82000C70C881CC4465CF82000E3
:1075A00047EA40304640881C08AF57F8200086EA7A
:1075B0009026C81E57F820000644A1F10B0057F88A
:1075C0002000C709A1F10B005CF8200047EA4067E2
:1075D000A1F10B005CF820004FEA904CA1F10B00E8
:1075E00058F820004CEA80304740A1F10B00C44617
:1075F0005CF8200087EAD0000644A1F10C0008AF37
:1076000057F820000644081D47F8206000988009BC
:10761000009F40EA8760FF0ADDF800C047EA4C5748
:1076200078404FEA5C6747EACC177840039F0744ED
:10763000DDE9010C80EA0C00DDF800C000EA0C0076
:10764000DDF808C080EA0C000744DFF8E4C6081D36
:107650005CF820003844321804988008049E40EA00
:107660008670760B049F46EAC7467040BE0D46EA18
:10767000872680EA0607DDE904063040DDE9046C70
:1076800046EA0C06DDF818C006EA0C0630433B1843
:10769000079810440790D018039000BF00BFC81C83
:1076A00008AE56F82000460CC81C08AF57F820005A
:1076B00046EAC036C81C57F82000C70CC81CC44690
:1076C0005CF8200047EA40304640C81C08AF57F835
:1076D000200086EA9026881E57F820000644A1F173
:1076E0000A0057F82000C709A1F10A005CF8200041
:1076F00047EA4067A1F10A005CF820004FEA904C8D
:10770000A1F10A0058F820004CEA80304740A1F16E
:107710000A00C4465CF8200087EAD0000644A1F1C4
:107720000B0008AF57F820000644481D47F82060BA
:1077300007988009079F40EA8760FF0ADDF81CC0B0
:1077400047EA4C5778404FEA5C6747EACC177840E5
:10775000029F0744DDE9000C80EA0C00DDF81CC044
:1077600000EA0C00DDF804C080EA0C000744DFF8F2
:10777000C0C5481D5CF820003844321803988008C2
:10778000039E40EA8670760B039F46EAC746704028
:10779000BE0D46EA872680EA0607DDE9030630408B
:1077A000DDE9036C46EA0C06DDF814C006EA0C06B7
:1077B00030433B18069810440690D018029000BF42
:1077C00000BF081D08AE56F82000460C081D08AF83
:1077D00057F8200046EAC036081D57F82000C70CAD
:1077E000081DC4465CF8200047EA40304640081DAA
:1077F00008AF57F8200086EA9026481E57F8200068
:107800000644A1F1090057F82000C709A1F10900B9
:107810005CF8200047EA4067A1F109005CF820000D
:107820004FEA904CA1F1090058F820004CEA803052
:107830004740A1F10900C4465CF8200087EAD00067
:107840000644A1F10A0008AF57F820000644881D3D
:1078500047F8206006988009069F40EA8760FF0A83
:10786000DDF818C047EA4C5778404FEA5C6747EAB2
:10787000CC177840019F0744DDF800C0079880EAE4
:107880000C00DDF818C000EA0C00DDF800C080EA4A
:107890000C000744DFF898C4881D5CF820003844C9
:1078A000321802988008029E40EA8670760B029F8A
:1078B00046EAC7467040BE0D46EA872680EA0607BC
:1078C000DDE902063040DDE9026C46EA0C06DDF82F
:1078D00010C006EA0C0630433B180598104405908A
:1078E000D01800E093E0019000BF00BF481D08AE33
:1078F00056F82000460C481D08AF57F8200046EA0D
:10790000C036481D57F82000C70C481DC4465CF817
:10791000200047EA40304640481D08AF57F8200095
:1079200086EA902657F821000644A1F1080057F88E
:107930002000C709A1F108005CF8200047EA406771
:10794000A1F108005CF820004FEA904CA1F108007A
:1079500058F820004CEA80304740A1F10800C446A6
:107960005CF8200087EAD0000644A1F1090008AFC6
:1079700057F820000644C81D47F820600598800984
:10798000059F40EA8760FF0ADDF814C047EA4C57BC
:1079900078404FEA5C6747EACC177840009F07447D
:1079A000DDE9060C80EA0C00DDF814C000EA0C00EA
:1079B000DDF81CC080EA0C000744DFF874C3C81D62
:1079C0005CF820003844321801988008019E40EA93
:1079D0008670760B019F46EAC7467040BE0D46EAA8
:1079E000872680EA0607DDE901063040DDE9016C03
:1079F00046EA0C06DDF80CC006EA0C0630433B18DC
:107A0000049810440490D018009000BF0831402919
:107A1000FFF46AAB00210BE005F1080050F82100EB
:107A20005DF82160064405F1080040F82160491C1A
:107A30000829F1D3002048B0BDE8F08130B50446F4
:107A40000D4629462046FFF7CEF830BD2DE9F04718
:107A50000446884615466FF06D0900BF00BF00BFA1
:107A600000BF15B90020BDE8F087206800F03F078F
:107A7000C7F1400620682844206020682060206804
:107A8000A84202D26068401C6060AFB1B54213D317
:107A900004F12801C819324641460CF0FDF804F102
:107AA00028012046FFF79FF85FEA000901D0484609
:107AB000D9E7B044AD1B00270BE041462046FFF755
:107AC00092F85FEA000901D04846CCE708F1400887
:107AD000403D402DF1D235B104F12801C8192A46A4
:107AE00041460CF0D9F80020BDE770B504460D46BC
:107AF0001646324629462046FFF7A8FF70BD2DE9FD
:107B0000F04704460D466FF06D0900BF00BF00BF8F
:107B100000BF206800F03F0680223046761C04F14A
:107B200028010A54382E07D8C6F1380104F128027A
:107B300090190CF0D8F816E0C6F1400104F12802C3
:107B400090190CF0D0F804F128012046FFF74BF80B
:107B50005FEA000902D04846BDE8F087382104F109
:107B600028000CF0C0F82068400F616840EAC107A7
:107B700020684FEAC00800BF390E84F86010390C45
:107B800084F86110390A84F8621084F8637000BFC9
:107B900000BF4FEA186184F864104FEA184184F876
:107BA00065104FEA182184F8661084F8678000BFDA
:107BB00004F128012046FFF716F85FEA000901D01A
:107BC0004846C9E700BFA068000E2870A068000CF6
:107BD0006870A068000AA870A068E87000BF00BFC5
:107BE000E068000E2871E068000C6871E068000A27
:107BF000A871E068E87100BF00BF2069000E28721C
:107C00002069000C68722069000AA8722069E87275
:107C100000BF00BF6069000E28736069000C6873C4
:107C20006069000AA8736069E87300BF00BFA069BB
:107C3000000E2874A069000C6874A069000AA8747A
:107C4000A069E87400BF00BFE069000E2875E06914
:107C5000000C6875E069000AA875E069E87500BF66
:107C600000BF206A000E2876206A000C6876206A21
:107C7000000AA876206AE87600BFA06E60B900BF4F
:107C8000606A000E2877606A000C6877606A000AF4
:107C9000A877606AE87700BF00205DE770B504460A
:107CA0000D4629462046FFF72AFF70BD2DE9F04119
:107CB0009CB004460D4616461F466FF06D0800BF87
:107CC00000BF00BF00BF00BF00BF01A8FEF736FF26
:107CD000394601A8FEF752FF5FEA000800D011E024
:107CE0002A46214601A8FFF7B1FE5FEA000800D04E
:107CF00008E0314601A8FFF702FF5FEA000800D064
:107D000000E000BF01A8FEF722FF40461CB0BDE81E
:107D1000F0812DE9F04104460D4616461F463B46CC
:107D2000324629462046FFF7C1FFBDE8F08100003A
:107D30001C8C020010B5044600BF00BFD8212046AD
:107D40000BF0D1FF10BD10B5044604B910BDD82109
:107D50002046F3F7BBFA00BFF8E770B504460D46BE
:107D600000BF00BF00BF00BFD822294620460BF04D
:107D700093FF70BD10B5024600BF00BF00BF00BF3B
:107D80000020106050609060D06001BBFD4BFE4849
:107D9000C2E90430FD4BFE48C2E90630FD48FE4B07
:107DA000C2E90803FD4BFE48C2E90A30FD4BFE481C
:107DB000C2E90C30FD4BFE48C2E90E30FD4BFE48D7
:107DC000C2E91030FD4BFE48C2E912301FE0FD4B06
:107DD000FD48C2E90430FD48FD4BC2E90603FD4CF5
:107DE000FD48C2E90840FD4BFD48C2E90A30FD4BA1
:107DF000FD48C2E90C30FD48FD4BC2E90E03FD4BC6
:107E0000FD48C2E91030FD4BFD48C2E91230C2F80E
:107E1000D010002010BD30B504460D46294620463E
:107E2000FFF7A8FF30BD2DE9F341ADF5D46D00BFDC
:107E300000BF00BF00BF0020B4900EE0DDF8A00638
:107E40001030B49900EBC10103C96B46B49A03EB3F
:107E5000C20203C2B498401CB490B4980828EDDB69
:107E60000020B4907CE0B499DDF8A40610F831004D
:107E700000213822C191C2900BF0D7FE04460D4676
:107E80004FF00101B49801EBC001DDF8A406405C9D
:107E90004FF000014FF03002BF91C0900BF0C5FED3
:107EA0002A4644EA000542EA01040221B49801EBA3
:107EB000C001DDF8A406405C00212822BD91BE90DF
:107EC0000BF0B3FE05430C430321B49801EBC00152
:107ED000DDF8A406405C00212022BB91BC900BF091
:107EE000A4FE05430C430421B49801EBC001DDF866
:107EF000A406405C00211822B991BA900BF095FEBF
:107F000005430C430521B49801EBC001DDF8A4063C
:107F1000405C00211022B791B8900BF086FE05431B
:107F20000C430621B49801EBC001DDF8A406405CC7
:107F300000210822B591B6900BF077FE28430C4340
:107F40000722B49902EBC102DDF8A416895C08434C
:107F500010AAB49902EBC10111C1B498401CB490AD
:107F6000B4981028FFF67FAFD7E0B498801E10A910
:107F700001EBC000D0E900101322D691D59008463D
:107F8000D5990BF061FE04460D46B498A0F10200AD
:107F900010A901EBC000D0E900104FF02D02D491E0
:107FA000D3900846D3990BF040FE44EA000745EA17
:107FB0000106B498801E10A901EBC000D0E90010A2
:107FC0003D22D291D1900846D1990BF03DFE044656
:107FD0000D46B498A0F1020010A901EBC000D0E951
:107FE00000104FF00302D091CF900846CF990BF0CC
:107FF0001CFE044345EA010087EA040586EA000402
:10800000B498801E10A901EBC000D0E90010062230
:10801000CE91CD900846CD990BF016FE45404C40D0
:10802000B498C01F10A901EBC00103C9281844EB84
:108030000106CDF89C06B4980F3810A901EBC000DA
:10804000D0E900100122CC91CB900846CB990BF0DF
:10805000FBFD04460D46B498A0F10F0010A901EBFA
:10806000C000D0E900104FF03F02CA91C990084605
:10807000C9990BF0DAFD44EA000845EA0107B49813
:108080000F3810A901EBC000D0E900100822C891F8
:10809000C7900846C7990BF0D7FD04460D46B49823
:1080A000A0F10F0010A901EBC000D0E900104FF0C3
:1080B0003802C691C5900846C5990BF0B6FD044339
:1080C00045EA010088EA040587EA0004B4980F38FD
:1080D00010A901EBC000D0E900100722C491C390A1
:1080E0000846C3990BF0B0FD45404C40DDF89C06B6
:1080F00041196641B498103810AA02EBC000D0E9CB
:108100000032C91846EB020010ABB49A03EBC2026E
:10811000C2E90010B498401CB490B4985028FFF6FF
:1081200024AF0020B49000BF00BF0E22DDE908108C
:10813000EE91ED900846ED990BF086FD04460D4654
:108140004FF03202DDE90810EC91EB900846EB9914
:108150000BF06BFD44EA000645EA01071222DDE957
:108160000810EA91E9900846E9990BF06DFD044684
:108170000D464FF02E02DDE90810E891E790084621
:10818000E7993FE008C9BCF367E6096A3BA7CA84E0
:1081900085AE67BB2BF894FE72F36E3CF1361D5F23
:1081A0003AF54FA5D182E6AD7F520E511F6C3E2BA2
:1081B0008C68059B6BBD41FBABD9831F79217E1376
:1081C00019CDE05BD89E05C15D9DBBCB07D57C3644
:1081D0002A299A6217DD70305A01599139590EF7E0
:1081E000D8EC2F15310BC0FF67263367111558687F
:1081F000874AB48EA78FF9640D2E0CDBA44FFABE0C
:108200001D48B5470BF011FD04430D43384686EA7F
:10821000040780EA05062922DDE90810E691E590C9
:108220000846E5990BF010FD04460D464FF0170285
:10823000DDE90810E491E3900846E3990BF0F5FCC2
:1082400004430D43674086EA0500DDE90E21BC18B2
:1082500041410AA825C868400D9B5A40DDE90853F2
:1082600028401A40DDE90C5680EA050382EA060040
:10827000E2184841FE4BB49903EBC1030ACB5118F5
:10828000584110ABB49A03EBC2030CCB8918584188
:10829000B291B3901C22DDE90010E291E190084612
:1082A000E1990BF0D1FC04460D464FF02402DDE9C4
:1082B0000010E091DF900846DF990BF0B6FC44EA2D
:1082C000000645EA01072222DDE90010DE91DD907B
:1082D0000846DD990BF0B8FC04460D464FF01E022F
:1082E000DDE90010DC91DB900846DB990BF09DFC8A
:1082F00004430D43384686EA040780EA0506272230
:10830000DDE90010DA91D9900846D9990BF09CFC70
:1083100004460D464FF01902DDE90010D891D790C0
:108320000846D7990BF081FC04430D437C4086EA54
:108330000503DDE90052DDE902100D400240DDE9F0
:108340000010CDF89406DDE9027639433043CDF8CC
:108350009816DDE90467314038400D4342EA0001D8
:10836000621943EB0100B092B190DDE90632B29997
:10837000B39859184241CDE90612B19BB09AB2990F
:10838000B39889185841CDE90E1000BFB498401C2D
:10839000B49000BF0E22DDE906100DF2144303C3B2
:1083A0000846DDF814140BF04FFC04460D464FF060
:1083B0003202DDE906100DF20C4303C30846DDF876
:1083C0000C140BF032FC44EA000745EA01061222C5
:1083D000DDE906100DF2044303C30846DDF804147A
:1083E0000BF032FC04460D464FF02E02DDE906107C
:1083F000FFAB03C30846FF990BF017FC04430D4382
:1084000067406E402922DDE90610FE91FD90084686
:10841000FD990BF019FC04460D464FF01702DDE9FB
:108420000610FC91FB900846FB990BF0FEFB044301
:108430000D43674086EA0500DDE90C127B185041C8
:10844000DDE90A54DDE908216A406140DDE90654AE
:108450002A402140DDE90A546A404C4099186041A5
:10846000834BB49A03EBC2030CCB8918584110AB71
:10847000B49A03EBC2030CCB89185841B291B39064
:108480001C22DDE90E10FA91F9900846F9990BF0DB
:10849000DBFB04460D464FF02402DDE90E10F89197
:1084A000F7900846F7990BF0C0FB44EA000745EA4D
:1084B00001062222DDE90E10F691F5900846F599A5
:1084C0000BF0C2FB04460D464FF01E02DDE90E1014
:1084D000F491F3900846F3990BF0A7FB04430D4386
:1084E00067406E402722DDE90E10F291F1900846B8
:1084F000F1990BF0A9FB04460D464FF01902DDE996
:108500000E10F091EF900846EF990BF08EFB0443AC
:1085100045EA010087EA040586EA0004DDE90E3237
:10852000DDE9000103400A40DDE90E10CDF88C06BC
:10853000DDE9007639433043CDF89016DDE9026776
:10854000314038400B4342EA0001EA1844EB010095
:10855000B092B190DDE90432B299B3985918424112
:10856000CDE90412B19BB09AB299B39889185841D9
:10857000CDE90C1000BFB498401CB49000BF0E228F
:10858000DDE904100DF2744303C30846DDF87414EA
:108590000BF05AFB04460D464FF03202DDE90410A1
:1085A0000DF26C4303C30846DDF86C140BF03DFB81
:1085B00044EA000745EA01061222DDE904100DF243
:1085C000644303C30846DDF864140BF03DFB044626
:1085D0000D464FF02E02DDE904100DF25C4303C39B
:1085E0000846DDF85C140BF020FB04430D433046D5
:1085F00087EA040680EA05072922DDE904100DF266
:10860000544303C30846DDF854140BF01DFB044625
:108610000D464FF01702DDE904100DF24C4303C381
:108620000846DDF84C140BF000FB04430D43664094
:1086300087EA0501DDE90A0233185141DDE90854F2
:10864000DDE906206A406040DDE904542A4020400C
:10865000DDE908546A40444098186141044BB49ADB
:1086600003EBC2030CCB821841EB030010AB01E01B
:10867000208D0200B49903EBC1030ACB5118584175
:10868000B291B3901C22DDE90C100DF2444303C3F8
:108690000846DDF844140BF0D7FA04460D464FF0B7
:1086A0002402DDE90C100DF23C4303C30846DDF85B
:1086B0003C140BF0BAFA44EA000745EA010622220C
:1086C000DDE90C100DF2344303C30846DDF8341421
:1086D0000BF0BAFA04460D464FF01E02DDE90C100D
:1086E0000DF22C4303C30846DDF82C140BF09DFA61
:1086F00004430D43304687EA040680EA0507272233
:10870000DDE90C100DF2244303C30846DDF8241400
:108710000BF09AFA04460D464FF01902DDE90C10F1
:108720000DF21C4303C30846DDF81C140BF07DFA60
:1087300004430D4386EA040287EA0503DDE90C548D
:10874000DDE90E100D400440DDE90C10CDF8840683
:10875000DDE90E7639433043CDF88816DDE9007641
:10876000394030400D430443521943EB0400B092AA
:10877000B190DDE90232B299B39859184241CDE97E
:108780000212B29BB09AB199B3989A184841CDE9B8
:108790000A2000BFB498401CB49000BF0E22DDE94F
:1087A00002100DF2D44303C30846DDF8D4140BF0D5
:1087B0004BFA04460D464FF03202DDE902100DF28D
:1087C000CC4303C30846DDF8CC140BF02EFA44EA80
:1087D000000745EA01061222DDE902100DF2C4434A
:1087E00003C30846DDF8C4140BF02EFA04460D4608
:1087F0004FF02E02DDE902100DF2BC4303C3084620
:10880000DDF8BC140BF011FA04430D4367406E40D1
:108810002922DDE902100DF2B44303C30846DDF856
:10882000B4140BF011FA04460D464FF01702DDE9BF
:1088300002100DF2AC4303C30846DDF8AC140BF094
:10884000F4F904430D43674086EA0501DDE90802B7
:108850003C18514104A825C86840079B5A40DDE9EF
:10886000025328401340DDE9066580EA060283EAE8
:108870000500A3184841FE4AB49902EBC10206CA9A
:108880005B18504110AAB49902EBC10206CA5918EC
:108890005041B291B3901C22DDE90A100DF2A443BD
:1088A00003C30846DDF8A4140BF0CEF904460D46C8
:1088B0004FF02402DDE90A100DF29C4303C3084681
:1088C000DDF89C140BF0B1F944EA000745EA010613
:1088D0002222DDE90A100DF2944303C30846DDF8B5
:1088E00094140BF0B1F904460D464FF01E02DDE979
:1088F0000A100DF28C4303C30846DDF88C140BF00C
:1089000094F904430D43304687EA040680EA0507DC
:108910002722DDE90A100DF2844303C30846DDF87F
:1089200084140BF091F904460D464FF01902DDE96D
:108930000A100DF27C4303C30846DDF87C140BF0EB
:1089400074F904430D4386EA04027D40DDE90A43DD
:10895000DDE90C0104400B40DDE90A10CDF87C068E
:10896000DDE90C7639433043CDF88016DDE90E762B
:10897000394030400C4343EA0001131945EB010034
:10898000B093B190DDE90032B299B39859184241E1
:10899000CDE90012B09BB29AB199B398D218484170
:1089A000CDE9082000BFB498401CB49000BF0E224F
:1089B000DDE900100DF2345303C30846DDF8341529
:1089C0000BF042F904460D464FF03202DDE900108B
:1089D0000DF22C5303C30846DDF82C150BF025F9D6
:1089E00044EA000745EA01061222DDE900100DF213
:1089F000245303C30846DDF824150BF025F904467B
:108A00000D464FF02E02DDE900100DF21C5303C39A
:108A10000846DDF81C150BF008F904430D436740C8
:108A20006E402922DDE900100DF2145303C30846FD
:108A3000DDF814150BF008F904460D464FF0170247
:108A4000DDE900100DF20C5303C30846DDF80C15E8
:108A50000BF0EBF804430D43674086EA0500DDE9BF
:108A60000621BC1840EB0102DDE90453DDE90210E8
:108A700069405840DDE9005329400340DDE90465C1
:108A800081EA06006B4024185A417949B49801EBF9
:108A9000C0000AC810461A466318504110AAB4997B
:108AA00002EBC10206CA59185041B291B3901C2280
:108AB000DDE908100DF2045303C30846DDF8041580
:108AC0000BF0C2F804460D464FF02402DDE9081011
:108AD0000DF2FC4303C30846DDF8FC140BF0A5F8C7
:108AE00044EA000745EA01062222DDE908100DF2FA
:108AF000F44303C30846DDF8F4140BF0A5F804466C
:108B00000D464FF01E02DDE908100DF2EC4303C3E1
:108B10000846DDF8EC140BF088F804430D433046AA
:108B200087EA040680EA05072722DDE908100DF22E
:108B3000E44303C30846DDF8E4140BF085F804466B
:108B40000D464FF01902DDE908100DF2DC4303C3B6
:108B50000846DDF8DC140BF068F8044345EA010030
:108B600086EA040587EA0004DDE90832DDE90A0146
:108B700003400A40DDE90810CDF87406DDE90A7605
:108B800039433043CDF87816DDE90C763940304072
:108B90000B430243EB1844EB0200B093B190DDE9C4
:108BA0000E32B299B39859184241CDE90E12B09BDA
:108BB000B29AB199B398D2184841CDE9062000BFC6
:108BC000B498401CB49000BF0E22DDE90E100DF2E7
:108BD000945303C30846DDF894150BF035F80446AA
:108BE0000D464FF03202DDE90E100DF28C5303C337
:108BF0000846DDF88C150BF018F844EA000745EA42
:108C000001061222DDE90E100DF2845303C308465B
:108C1000DDF884150BF018F804460D464FF02E02CF
:108C2000DDE90E100DF27C5303C30846DDF87C1518
:108C30000AF0FBFF04430D4367406E402922DDE943
:108C40000E100DF2745303C30846DDF874150AF0D4
:108C5000FBFF04460D464FF01702DDE90E100DF242
:108C60006C5303C30846DDF86C150AF0DEFF01E023
:108C7000208D020004430D43674086EA0501DDE9CB
:108C800004023C185141DDE90253DDE900206A404D
:108C90005840DDE90E5602EA050300EA0602DDE966
:108CA000026583EA060082EA0503221841EB03000D
:108CB000FE4BB49903EBC10312CB5318604110AAC9
:108CC000B49902EBC10206CA59185041B291B3904F
:108CD0001C22DDE906100DF2645303C30846DDF8DB
:108CE00064150AF0B1FF04460D464FF02402DDE999
:108CF00006100DF25C5303C30846DDF85C150AF05C
:108D000094FF44EA000745EA01062222DDE9061045
:108D10000DF2545303C30846DDF854150AF094FFCE
:108D200004460D464FF01E02DDE906100DF24C53CD
:108D300003C30846DDF84C150AF077FF04430D43E2
:108D400067406E402722DDE906100DF2445303C34D
:108D50000846DDF844150AF077FF04460D464FF04B
:108D60001902DDE906100DF23C5303C30846DDF895
:108D70003C150AF05AFF04430D4387EA040286EAD1
:108D80000504DDE90635DDE9080103400D40DDE9B4
:108D90000610CDF86C06DDE9087639433043CDF88E
:108DA0007016DDE90A67314038400B430543D1189E
:108DB00044EB0500B091B190DDE90C32B299B39863
:108DC00059184241CDE90C12B0A90EC9B3985918EF
:108DD0005041CDE9041000BFB498401CB49000BFCE
:108DE0000E22DDE90C100DF2F45303C30846DDF842
:108DF000F4150AF029FF04460D464FF03202DDE972
:108E00000C100DF2EC5303C30846DDF8EC150AF024
:108E10000CFF44EA000745EA01061222DDE90C10C6
:108E20000DF2E45303C30846DDF8E4150AF00CFF25
:108E300004460D464FF02E02DDE90C100DF2DC5316
:108E400003C30846DDF8DC150AF0EFFE04430D43CA
:108E500067406E402922DDE90C100DF2D45303C3A4
:108E60000846DDF8D4150AF0EFFE04460D464FF033
:108E70001702DDE90C100DF2CC5303C30846DDF8F0
:108E8000CC150AF0D2FE04430D43674086EA050183
:108E9000DDE90220BC184141DDE90053DDE90E02A5
:108EA00068405A400346DDE90C6533402A40DDE95D
:108EB000006583EA06006A40201851417B4BB49A52
:108EC00003EBC20314CB831841EB040010AAB4993E
:108ED00002EBC10206CA59185041B291B3901C224C
:108EE000DDE904100DF2C45303C30846DDF8C415D0
:108EF0000AF0AAFE04460D464FF02402DDE90410F4
:108F00000DF2BC5303C30846DDF8BC150AF08DFE14
:108F100044EA000745EA01062222DDE904100DF2C9
:108F2000B45303C30846DDF8B4150AF08DFE0446B9
:108F30000D464FF01E02DDE904100DF2AC5303C3E1
:108F40000846DDF8AC150AF070FE04430D433046C8
:108F500087EA040680EA05072722DDE904100DF2FE
:108F6000A45303C30846DDF8A4150AF06DFE0446B9
:108F70000D464FF01902DDE904100DF29C5303C3B6
:108F80000846DDF89C150AF050FE04430D4386EABE
:108F9000040287EA0504DDE90435DDE90601034042
:108FA0000D40DDE90410CDF86406DDE906763943AD
:108FB0003043CDF86816DDE90867314038400B438F
:108FC0000543D11844EB0500B091B190DDE90A32B8
:108FD000B299B39859184241CDE90A12B0A90EC905
:108FE000B39859185041CDE9021000BFB498401C05
:108FF000B49000BF0E22DDE90A100DF2546303C3E2
:109000000846DDF854160AF01FFE04460D464FF0E0
:109010003202DDE90A100DF24C6303C30846DDF8A5
:109020004C160AF002FE44EA000745EA0106122245
:10903000DDE90A100DF2446303C30846DDF8441667
:109040000AF002FE04460D464FF02E02DDE90A103A
:109050000DF23C6303C30846DDF83C160AF0E5FD5B
:1090600004430D4367406E402922DDE90A100DF2EA
:10907000346303C30846DDF834160AF0E5FD044600
:109080000D464FF01702DDE90A100DF22C6303C301
:109090000846DDF82C160AF0C8FD04430D4367406E
:1090A00086EA0500DDE900127B1801E0208D020050
:1090B0005041DDE90E54DDE90C216A406140DDE9F3
:1090C0000A542A402140DDE90E546A4061409B1851
:1090D0004841FE4AB49902EBC101D1E900219A1836
:1090E000484110ABB49903EBC10118C9D1186041D4
:1090F000B291B3901C22DDE90201CDF82416CDF81F
:1091000028060AF0A1FD04460D464FF02402DDE9D1
:1091100002100DF21C6303C30846DDF81C160AF0AA
:1091200084FD44EA000745EA01062222DDE9021037
:109130000DF2146303C30846DDF814160AF084FD2B
:1091400004460D464FF01E02DDE902100DF20C63DD
:1091500003C30846DDF80C160AF067FD04430D430F
:1091600067406E402722DDE902100DF2046303C35D
:109170000846DDF804160AF067FD04460D464FF078
:109180001902DDE902100DF2FC5303C30846DDF8B5
:10919000FC150AF04AFD044345EA010087EA04058C
:1091A00086EA0004DDE90223DDE9040102400B4008
:1091B000DDE90210CDF85C06DDE904673143CDF846
:1091C000601640EA0701DDE90676DDF86006384002
:1091D000314002430B43AA1844EB0300B092B19014
:1091E000DDE90832B299B39859184241CDE9081225
:1091F000B29BB09AB199B3989A184841CDE9002032
:1092000000BFB498401CB490B4985028FEF68CAFC0
:109210000020B49018E0DDF8A0061030B49900EBFF
:10922000C100D0E900306A4602EBC10212CA5A18E6
:109230006041DDF8A0161031B49B01EBC301C1E918
:109240000020B498401CB490B4980828E3DB0020B8
:109250000DF5D56DBDE8F08170B504460D46294683
:109260002046FEF7E0FD70BD2DE9F0470546884633
:1092700014466FF06D0900BF00BF00BF00BF14B9F6
:109280000020BDE8F0877F21286800EA0106C6F1CA
:109290008007D5E90020121940F10000C5E900203F
:1092A000D5E90020121B70F1000006D2D5E902209A
:1092B000521C40F10000C5E90220AEB1BC4213D3FC
:1092C00005F1500188193A4641460AF0E5FC05F1DE
:1092D00050012846FEF7A7FD5FEA000901D0484685
:1092E000CFE7B844E41B00260BE041462846FEF7D2
:1092F0009AFD5FEA000901D04846C2E708F18008FC
:10930000803C802CF1D234B105F1500188192246FD
:1093100041460AF0C1FC0020B3E770B504460D4693
:109320001646324629462046FFF79EFF70BD33B5EC
:10933000ADF51B7D6FF06D00079000BF00BF00BF53
:1093400000BF9B9800687F21084006908022069904
:10935000481C06909B9850304254069870280CD8B0
:109360000698C0F1700001909B985030069908440F
:10937000009001990AF0B7FC1BE00698C0F180004C
:1093800001909B98503006990844009001990AF08A
:10939000AAFC9B9950319B98FEF745FD079018B1A8
:1093A00007980DF51D7D30BD70219B9850300AF057
:1093B0009AFC9B98D0E900103D22CDE9280108468F
:1093C00028990AF041FC04460D469B98D0E902100A
:1093D0004FF00302CDE92601084626990AF025FC44
:1093E00020432943CDE904019B98D0E900100322D2
:1093F000CDE92401084624990AF017FCCDE90201C1
:109400003822DDE90401CDE922100AF01DFCC1B2C9
:109410009B9880F8C0103022DDE90401CDE92010CE
:109420000AF012FCC1B29B9880F8C1102822DDE935
:109430000401CDE91E100AF007FCC1B29B9880F828
:10944000C2102022DDE90401CDE91C100AF0FCFB6A
:10945000C1B29B9880F8C3101822DDE90401CDE960
:109460001A100AF0F1FBC1B29B9880F8C4101022C8
:10947000DDE90401CDE918100AF0E6FBC1B29B98C2
:1094800080F8C5100822DDE90401CDE916100AF0C4
:10949000DBFBC1B29B9880F8C6100498C1B29B98C0
:1094A00080F8C7103822DDE90201CDE914100AF076
:1094B000CBFBC1B29B9880F8C8103022DDE90201D5
:1094C000CDE912100AF0C0FBC1B201E0208D02000C
:1094D0009B9880F8C9102822DDE90201CDE910101F
:1094E0000AF0B2FBC1B29B9880F8CA102022DDE9D5
:1094F0000201CDE90E100AF0A7FBC1B29B9880F8DB
:10950000CB101822DDE90201CDE90C100AF09CFB1A
:10951000C1B29B9880F8CC101022DDE90201CDE9A0
:109520000A100AF091FBC1B29B9880F8CD10082276
:10953000DDE90201CDE908100AF086FBC1B29B9873
:1095400080F8CE100298C1B29B9880F8CF109B99FA
:1095500050319B98FEF767FC079008B1079820E709
:109560009B98D0E9041038227D917C9008467C9924
:109570000AF06AFBC1B29C9801709B98D0E9041074
:1095800030227B917A9008467A990AF05DFBC1B24D
:109590009C9841709B98D0E904102822799178908A
:1095A000084678990AF050FBC1B29C9881709B984C
:1095B000D0E90410202277917690084676990AF037
:1095C00043FBC1B29C98C1709B98D0E9041018224B
:1095D00075917490084674990AF036FBC1B29C9854
:1095E00001719B98D0E90410102273917290084683
:1095F00072990AF029FBC1B29C9841719B98D0E9FD
:109600000410082271917090084670990AF01CFBB2
:10961000C1B29C9881719B980069C1B29C98C1713C
:109620009B98D0E9061038226F916E9008466E998B
:109630000AF00AFBC1B29C9801729B98D0E906100F
:1096400030226D916C9008466C990AF0FDFAC1B217
:109650009C9841729B98D0E9061028226B916A90E1
:1096600008466A990AF0F0FAC1B29C9881729B98F8
:10967000D0E90610202269916890084668990AF09E
:10968000E3FAC1B29C98C1729B98D0E906101822E7
:1096900067916690084666990AF0D6FAC1B29C981E
:1096A00001739B98D0E906101022659164900846DA
:1096B00064990AF0C9FAC1B29C9841739B98D0E9A9
:1096C0000610082263916290084662990AF0BCFA7B
:1096D000C1B29C9881739B988069C1B29C98C173F8
:1096E0009B98D0E9081038226191609008466099F3
:1096F0000AF0AAFAC1B29C9801749B98D0E90810AC
:1097000030225F915E9008465E990AF09DFAC1B2E0
:109710009C9841749B98D0E9081028225D915C9038
:1097200008465C990AF090FAC1B29C9881749B98A3
:10973000D0E9081020225B915A9008465A990AF005
:1097400083FAC1B29C98C1749B98D0E90810182282
:1097500059915890084658990AF076FAC1B29C98E7
:1097600001759B98D0E90810102257915690084631
:1097700056990AF069FAC1B29C9841759B98D0E954
:109780000810082255915490084654990AF05CFA42
:10979000C1B29C9881759B98006AC1B29C98C175B2
:1097A0009B98D0E90A10382253915290084652995A
:1097B0000AF04AFAC1B29C9801769B98D0E90A1047
:1097C000302251915090084650990AF03DFAC1B2AA
:1097D0009C9841769B98D0E90A1028224F914E9090
:1097E00008464E990AF030FAC1B29C9881769B984F
:1097F000D0E90A1020224D914C9008464C990AF06D
:1098000023FAC1B29C98C1769B98D0E90A1018221D
:109810004B914A9008464A990AF016FAC1B29C98B0
:1098200001779B98D0E90A10102249914890084688
:1098300048990AF009FAC1B29C9841779B98D0E9FF
:109840000A10082247914690084646990AF0FCF90A
:10985000C1B29C9881779B98806AC1B29C98C1776D
:109860009B9800F11001006B496A382244914590A1
:109870000AF0EAF9C1B29C9880F820109B98D0E9D0
:109880000C10302243914290084642990AF0DCF9CC
:10989000C1B29C9880F821109B98D0E90C10282226
:1098A00041914090084640990AF0CEF9C1B29C9887
:1098B00080F822109B98D0E90C102022CDE93E01BF
:1098C00008463E990AF0C0F9C1B29C9880F823106E
:1098D0009B98D0E90C101822CDE93C0108463C9930
:1098E0000AF0B2F9C1B29C9880F824109B98D0E994
:1098F0000C101022CDE93A0108463A990AF0A4F971
:10990000C1B29C9880F825109B98D0E90C100822D1
:10991000CDE93801084638990AF096F9C1B29C9809
:1099200080F826109B98006BC1B29C9880F8271095
:109930009B98D0E90E103822CDE9360108463699B9
:109940000AF082F9C1B29C9880F828109B98D0E95F
:109950000E103022CDE93401084634990AF074F92A
:10996000C1B29C9880F829109B98D0E90E1028224B
:10997000CDE93201084632990AF066F9C1B29C98E5
:1099800080F82A109B98D0E90E102022CDE93001F2
:10999000084630990AF058F9C1B29C9880F82B100B
:1099A0009B98D0E90E101822CDE92E0108462E9979
:1099B0000AF04AF9C1B29C9880F82C109B98D0E923
:1099C0000E101022CDE92C0108462C990AF03CF922
:1099D000C1B29C9880F82D109B98D0E90E100822F7
:1099E000CDE92A0108462A990AF02EF9C1B29C98BD
:1099F00080F82E109B98806BC1B29C9880F82F1035
:109A00009B98D0F8D00000287ED19B98D0E9101008
:109A1000382299919890084698990AF015F9C1B2A0
:109A20009C9880F830109B98D0E9101030229791C4
:109A30009690084696990AF007F9C1B29C9880F86A
:109A400031109B98D0E910102822959194900846E7
:109A500094990AF0F9F8C1B29C9880F832109B985A
:109A6000D0E91010202293919290084692990AF022
:109A7000EBF8C1B29C9880F833109B98D0E9101095
:109A8000182291919090084690990AF0DDF8C1B2A1
:109A90009C9880F834109B98D0E9101010228F9178
:109AA0008E9008468E990AF0CFF8C1B29C9880F843
:109AB00035109B98D0E9101008228D918C900846A3
:109AC0008C990AF0C1F8C1B29C9880F836109B9826
:109AD000006CC1B29C9880F837109B98D0E91210A6
:109AE00038228B918A9008468A990AF0ADF8C1B263
:109AF0009C9880F838109B98D0E9121030228991F8
:109B000088900846889900E051E00AF09DF8C1B2BB
:109B10009C9880F839109B98D0E9121028228791E0
:109B20008690084686990AF08FF8C1B29C9880F812
:109B30003A109B98D0E91210202285918490084613
:109B400084990AF081F8C1B29C9880F83B109B98E8
:109B5000D0E91210182283918290084682990AF067
:109B600073F8C1B29C9880F83C109B98D0E9121011
:109B7000102281918090084680990AF065F8C1B260
:109B80009C9880F83D109B98D0E9121008227F9194
:109B90007E9008467E990AF057F8C1B29C9880F8EA
:109BA0003E109B98806CC1B29C9880F83F100020BA
:109BB000D5E470B504460D4629462046FFF7B7FBAD
:109BC00070BD2DE9F041B6B004460D4616461F465D
:109BD0006FF06D0800BF00BF00BF00BF00BF00BF37
:109BE0006846FEF7A7F839466846FEF7C3F85FEA0D
:109BF000000800D011E02A4621466846FFF734FBF2
:109C00005FEA000800D008E031466846FFF78FFBA6
:109C10005FEA000800D000E000BF6846FEF793F856
:109C2000404636B0BDE8F0812DE9F04104460D46CE
:109C300016461F463B46324629462046FFF7C1FFDF
:109C4000BDE8F08110B5044600BF00BF5C2120468E
:109C50000AF049F810BD10B5044604B910BD5C21E6
:109C60002046F1F733FB00BFF8E770B504460D4618
:109C700000BF00BF00BF00BF5C22294620460AF09B
:109C80000BF870BD014600BF00BF002008604860AF
:109C9000FE488860FE4ACA60C2430A61FC4AD24359
:109CA0004A61FC4A8A610020704700B503461846A5
:109CB000FFF7E8FF00BD2DE9F04390B084460F4662
:109CC00000BF00BF00BF00BF3878000697F80180D2
:109CD00040EA084097F8028040EA082097F803809D
:109CE00040EA080000903879000697F8058040EABD
:109CF000084097F8068040EA082097F8078040EA75
:109D000008000190387A000697F8098040EA084078
:109D100097F80A8040EA082097F80B8040EA08008C
:109D20000290387B000697F80D8040EA084097F8CB
:109D30000E8040EA082097F80F8040EA0800039060
:109D4000387C000697F8118040EA084097F81280A6
:109D500040EA082097F8138040EA08000490387D14
:109D6000000697F8158040EA084097F8168040EA08
:109D7000082097F8178040EA08000590387E000612
:109D800097F8198040EA084097F81A8040EA0820BE
:109D900097F81B8040EA08000690387F000697F885
:109DA0001D8040EA084097F81E8040EA082097F896
:109DB0001F8040EA0800079097F82000000697F8F7
:109DC000218040EA084097F8228040EA082097F86E
:109DD000238040EA0800089097F82400000697F8CE
:109DE000258040EA084097F8268040EA082097F846
:109DF000278040EA0800099097F82800000697F8A5
:109E0000298040EA084097F82A8040EA082097F81D
:109E10002B8040EA08000A9097F82C00000697F87B
:109E20002D8040EA084097F82E8040EA082097F8F5
:109E30002F8040EA08000B9097F83000000697F852
:109E4000318040EA084097F8328040EA082097F8CD
:109E5000338040EA08000C9097F83400000697F829
:109E6000358040EA084097F8368040EA082097F8A5
:109E7000378040EA08000D9097F83800000697F800
:109E8000398040EA084097F83A8040EA082097F87D
:109E90003B8040EA08000E9097F83C00000697F8D7
:109EA0003D8040EA084097F83E8040EA082097F855
:109EB0003F8040EA08000F90DCF80810DCF80C2026
:109EC000DCF81030DCF81440DCF8185000BF480112
:109ED00040EAD16883EA0400104060404044DFF863
:109EE000B8814044DDF8008040440544900740EAD2
:109EF000920200BF00BF680140EAD56882EA030011
:109F0000084058404044DFF890814044DDF8048028
:109F100040440444880740EA910100BF00BF60014B
:109F200040EAD46881EA0200284050404044DFF80B
:109F300068814044DDF8088040440344A80740EAB3
:109F4000950500BF00BF580140EAD36885EA0100CB
:109F5000204048404044DFF840814044DDF80C8018
:109F600040440244A00740EA940400BF00BF5001EF
:109F700040EAD26884EA0500184068404044DFF8AF
:109F800018814044DDF8108040440144980740EABD
:109F9000930300BF00BF480140EAD16883EA040090
:109FA000104060404044DFF8F0804044DDF8148009
:109FB00040440544900740EA920200BF00BF680198
:109FC00040EAD56882EA0300084058404044DFF880
:109FD000C8804044DDF8188040440444880740EAC3
:109FE000910100BF00BF600140EAD46881EA02002D
:109FF000284050404044DFF8A0804044DDF81C80F9
:10A0000040440344A80740EA950500BF00BF58013B
:10A0100040EAD36885EA0100204048404044DFF828
:10A0200078804044DDF8208040440244A00740EAA4
:10A03000940400BF00BF500140EAD26884EA0500E2
:10A04000184068404044DFF850804044DDF82480E8
:10A0500040440144980740EA930300BF00BF480111
:10A0600040EAD16883EA0400104060404044DFF8D1
:10A0700028804044DDF8288040440544900740EAA9
:10A08000920200BF00BF680108E00000012345679D
:10A0900089ABCDEFF0E1D2C39979825A40EAD56815
:10A0A00082EA0300084058404044DFF8F88F4044FB
:10A0B000DDF82C8040440444880740EA910100BF49
:10A0C00000BF600140EAD46881EA020028405040A5
:10A0D0004044DFF8D08F4044DDF8308040440344F2
:10A0E000A80740EA950500BF00BF580140EAD368C1
:10A0F00085EA0100204048404044DFF8A88F4044F2
:10A10000DDF8348040440244A00740EA940400BFD4
:10A1100000BF500140EAD26884EA05001840684058
:10A120004044DFF8808F4044DDF8388040440144EB
:10A13000980740EA930300BF00BF480140EAD16896
:10A1400083EA0400104060404044DFF8588F4044E8
:10A15000DDF83C8040440544900740EA920200BF8D
:10A1600000BFDDF820800D9880EA0800DDF8088047
:10A1700080EA0800DDF8008080EA0806700040EA06
:10A18000D678680140EAD56982EA03000840584061
:10A190004844DFF8109F484440440444CDF8008010
:10A1A000880740EA910100BF00BFDDF824800E98C7
:10A1B00080EA0800DDF80C8080EA0800DDF8048001
:10A1C00080EA0806700040EAD678600140EAD46967
:10A1D00081EA0200284050404844DFF8C89E4844C5
:10A1E00040440344CDF80480A80740EA950500BF29
:10A1F00000BFDDF828800F9880EA0800DDF81080A5
:10A2000080EA0800DDF8088080EA0806700040EA6D
:10A21000D678580140EAD36985EA010020404840D9
:10A220004844DFF8809E484440440244CDF808800A
:10A23000A00740EA940400BF00BFDDF82C8000981E
:10A2400080EA0800DDF8148080EA0800DDF80C8060
:10A2500080EA0806700040EAD678500140EAD269E8
:10A2600084EA0500184068404844DFF8389E4844B6
:10A2700040440144CDF80C80980740EA930300BFA6
:10A2800000BFDDF83080019880EA0800DDF8188012
:10A2900080EA0800DDF8108080EA0806700040EAD5
:10A2A000D678480140EAD16982EA03006040484418
:10A2B000DFF8F49D484440440544CDF810809007F1
:10A2C00040EA920200BF00BFDDF83480029880EAC5
:10A2D0000800DDF81C8080EA0800DDF8148080EAC0
:10A2E0000806700040EAD678680140EAD56981EA3C
:10A2F000020058404844DFF8B09D484440440444BC
:10A30000CDF81480880740EA910100BF00BFDDF856
:10A310003880039880EA0800DDF8208080EA080091
:10A32000DDF8188080EA0806700040EAD6786001FF
:10A3300040EAD46985EA010050404844DFF8689D4E
:10A34000484440440344CDF81880A80740EA9505E6
:10A3500000BF00BFDDF83C80049880EA0800DDF80B
:10A36000248080EA0800DDF81C8080EA080670007E
:10A3700040EAD678580140EAD36984EA05004840AB
:10A380004844DFF8249D484440440244CDF81C80F2
:10A39000A00740EA940400BF00BFDDF800800598E4
:10A3A00080EA0800DDF8288080EA0800DDF82080D7
:10A3B00080EA0806700040EAD678500140EAD26987
:10A3C00083EA040068404844DFF8DC9C4844404489
:10A3D0000144CDF82080980740EA930300BF00BFF6
:10A3E000DDF80480069880EA0800DDF82C8080EA19
:10A3F0000800DDF8248080EA0806700040EAD6787C
:10A40000480140EAD16982EA030060404844DFF82D
:10A41000989C484440440544CDF82480900740EA85
:10A42000920200BF00BFDDF80880079880EA0800AC
:10A43000DDF8308080EA0800DDF8288080EA080630
:10A44000700040EAD678680140EAD56981EA0200E6
:10A4500058404844DFF8509C484440440444CDF8F8
:10A460002880880740EA910100BF00BFDDF80C801A
:10A47000089880EA0800DDF8348080EA0800DDF8FA
:10A480002C8080EA0806700040EAD678600140EA35
:10A49000D46985EA010050404844DFF80C9C4844E8
:10A4A00040440344CDF82C80A80740EA950500BF3E
:10A4B00000BFDDF81080099880EA0800DDF83880D8
:10A4C00080EA0800DDF8308080EA0806700040EA83
:10A4D000D678580140EAD36984EA050048404844E8
:10A4E000DFF8C49B484440440244CDF83080A007C4
:10A4F00040EA940400BF00BFDDF814800A9880EAA7
:10A500000800DDF83C8080EA0800DDF8348080EA4D
:10A510000806700040EAD678500140EAD26983EA22
:10A52000040068404844DFF8809B484440440144AC
:10A53000CDF83480980740EA930300BF00BFDDF8F0
:10A5400018800B9880EA0800DDF8008080EA080097
:10A55000DDF8388080EA0806700040EAD6784801C5
:10A5600040EAD16982EA030060404844DFF8389B42
:10A57000484440440544CDF83880900740EA9202B0
:10A5800000BF00BFDDF81C800C9880EA0800DDF8F1
:10A59000048080EA0800DDF83C8080EA080670004C
:10A5A00040EAD678680140EAD56981EA020058405D
:10A5B0004844DFF8F49A484440440444CDF83C80D1
:10A5C000880740EA910100BF00BFDDF820800D98A8
:10A5D00080EA0800DDF8088080EA0800DDF80080E5
:10A5E00080EA0806700040EAD678600140EAD46943
:10A5F00085EA010050404844DFF8AC9A48444044A2
:10A600000344CDF80080A80740EA950500BF00BFCD
:10A61000DDF824800E9880EA0800DDF80C8080EADE
:10A620000800DDF8048080EA0806700040EAD67869
:10A63000580140EAD36984EA050048404844DFF8FD
:10A64000689A484440440244CDF80480A00740EA98
:10A65000940400BF00BFDDF828800F9880EA08004E
:10A66000DDF8108080EA0800DDF8088080EA08063E
:10A67000700040EAD678500140EAD26983EA0400CB
:10A6800068404844DFF8209A484440440144CDF8EB
:10A690000880980740EA930300BF00BFDDF82C80D4
:10A6A000009880EA0800DDF8148080EA0800DDF8F0
:10A6B0000C8080EA0806700040EAD678480140EA3B
:10A6C000D16982EA030060404844DFF8DC994844DD
:10A6D00040440544CDF80C80900740EA920200BF48
:10A6E00000BFDDF83080019880EA0800DDF81880AE
:10A6F00080EA0800DDF8108080EA0806700040EA71
:10A70000D678680140EAD56981EA02005840484499
:10A71000DFF89499484440440444CDF810808807F9
:10A7200040EA910100BF00BFDDF83480029880EA62
:10A730000800DDF81C8080EA0800DDF8148080EA5B
:10A740000806700040EAD678600140EAD46985EADC
:10A75000010050404844DFF85099484440440344C5
:10A76000CDF81480A80740EA950500BF00BFDDF8CA
:10A770003880039880EA0800DDF8208080EA08002D
:10A78000DDF8188080EA0806700040EAD6785801A3
:10A7900040EAD36984EA050048404844DFF8089954
:10A7A000484440440244CDF81880A00740EA94048D
:10A7B00000BF00BFDDF83C80049880EA0800DDF8A7
:10A7C000248080EA0800DDF81C8080EA080670001A
:10A7D00040EAD678500140EAD26983EA0400684032
:10A7E0004844DFF8C498484440440144CDF81C80F4
:10A7F000980740EA930300BF00BF480140EAD169CF
:10A8000002EA030042EA030808EA040840EA0800F2
:10A810004844DFF898888044DDF80090059880EA85
:10A820000900DDF8289080EA0900DDF8209080EA30
:10A830000906700040EAD67008904044054490072D
:10A8400040EA920200BF00BF680140EAD56901EA10
:10A85000020041EA020808EA030840EA0800484406
:10A86000DFF848888044DDF80490069880EA090003
:10A87000DDF82C9080EA0900DDF8249080EA0906D2
:10A88000700040EAD670099040440444880740EACA
:10A89000910100BF00BF600140EAD46905EA0100F0
:10A8A00045EA010808EA020840EA08004844DFF8DF
:10A8B000FC878044DDF80890079880EA0900DDF8FD
:10A8C000309080EA0900DDF8289080EA09067000DF
:10A8D00040EAD6700A9040440344A80740EA950530
:10A8E00000BF00BF580140EAD36904EA050044EA0A
:10A8F000050808EA010840EA08004844DFF8AC8788
:10A900008044DDF80C90089880EA0900DDF8349066
:10A9100080EA0900DDF82C9080EA0906700040EA20
:10A92000D6700B9040440244A00740EA940400BF54
:10A9300000BF500140EAD26903EA040043EA040878
:10A9400008EA050840EA08004844DFF860878044C8
:10A95000DDF81090099880EA0900DDF8389080EA67
:10A960000900DDF8309080EA0906700040EAD670F0
:10A970000C9040440144980740EA930300BF00BF95
:10A98000480140EAD16902EA030042EA030808EA02
:10A99000040840EA08004844DFF810878044DDF8E6
:10A9A00014900A9880EA0900DDF83C9080EA0900DA
:10A9B000DDF8349080EA0906700040EAD6700D9008
:10A9C00040440544900740EA920200BF00BF68017E
:10A9D00040EAD56901EA020041EA020808EA0308F0
:10A9E00040EA08004844DFF8C4868044DDF8189047
:10A9F0000B9880EA0900DDF8009080EA0900DDF894
:10AA0000389080EA0906700040EAD6700E90404403
:10AA10000444880740EA910100BF00BF600140EA9A
:10AA2000D46905EA010045EA010808EA020840EA9B
:10AA300008004844DFF874868044DDF81C900C98C8
:10AA400080EA0900DDF8049080EA0900DDF83C9016
:10AA500080EA0906700040EAD6700F904044034433
:10AA6000A80740EA950500BF00BF580140EAD36936
:10AA700004EA050044EA050808EA010840EA08007B
:10AA80004844DFF828868044DDF820900D9880EA5D
:10AA90000900DDF8089080EA0900DDF8009080EAFE
:10AAA0000906700040EAD670009040440244A007B6
:10AAB00040EA940400BF00BF500140EAD26903EAB3
:10AAC000040043EA040808EA050840EA080048448C
:10AAD000DFF8D8858044DDF824900E9880EA0900DC
:10AAE000DDF80C9080EA0900DDF8049080EA0906A0
:10AAF000700040EAD670019040440144980740EA53
:10AB0000930300BF00BF480140EAD16902EA030095
:10AB100042EA030808EA040840EA08004844DFF86B
:10AB20008C858044DDF828900F9880EA0900DDF8D4
:10AB3000109080EA0900DDF8089080EA09067000AC
:10AB400040EAD670029040440544900740EA9202E1
:10AB500000BF00BF680140EAD56901EA020041EA8E
:10AB6000020808EA030840EA08004844DFF83C8588
:10AB70008044DDF82C90009880EA0900DDF81490FC
:10AB800080EA0900DDF80C9080EA0906700040EACE
:10AB9000D670039040440444880740EA910100BF06
:10ABA00000BF600140EAD46905EA010045EA0108F6
:10ABB00008EA020840EA08004844DFF8F0848044CC
:10ABC000DDF83090019880EA0900DDF8189080EAFD
:10ABD0000900DDF8109080EA0906700040EAD6709E
:10ABE000049040440344A80740EA950500BF00BF15
:10ABF000580140EAD36904EA050044EA050808EA76
:10AC0000010840EA08004844DFF8A0848044DDF8E9
:10AC10003490029880EA0900DDF81C9080EA09006F
:10AC2000DDF8149080EA0906700040EAD6700590BD
:10AC300040440244A00740EA940400BF00BF500112
:10AC400040EAD26903EA040043EA040808EA050876
:10AC500040EA08004844DFF854848044DDF8389026
:10AC6000039880EA0900DDF8209080EA0900DDF809
:10AC7000189080EA0906700040EAD67006904044B9
:10AC80000144980740EA930300BF00BF480140EA2F
:10AC9000D16902EA030042EA030808EA040840EA2C
:10ACA00008004844DFF804848044DDF83C900498B0
:10ACB00080EA0900DDF8249080EA0900DDF81C90A4
:10ACC00080EA0906700040EAD670079040440544C7
:10ACD000900740EA920200BF00BF680140EAD569D0
:10ACE00001EA020041EA020808EA030840EA080013
:10ACF0004844DFF8B8838044DDF80090059880EA86
:10AD00000900DDF8289080EA0900DDF8209080EA4B
:10AD10000906700040EAD670089040440444880751
:10AD200040EA910100BF00BF600140EAD46905EA32
:10AD3000010045EA010808EA020840EA0800484420
:10AD4000DFF868838044DDF80490069880EA090003
:10AD5000DDF82C9080EA0900DDF8249080EA0906ED
:10AD6000700040EAD670099040440344A80740EAC6
:10AD7000950500BF00BF580140EAD36904EA050009
:10AD800044EA050808EA010840EA08004844DFF8F8
:10AD90001C838044DDF80890079880EA0900DDF8FC
:10ADA000309080EA0900DDF8289080EA09067000FA
:10ADB00040EAD6700A9040440244A00740EA940456
:10ADC00000BF00BF500140EAD26903EA040043EA31
:10ADD000040808EA050840EA08004844DFF8CC8285
:10ADE0008044DDF80C90089880EA0900DDF8349082
:10ADF00080EA0900DDF82C9080EA0906700040EA3C
:10AE0000D6700B9040440144980740EA930300BF7A
:10AE100000BFDDF81080099880EA0800DDF838806E
:10AE200080EA0800DDF8308080EA0806700040EA19
:10AE3000D678480140EAD16982EA0300604048447C
:10AE4000DFF86C92484440440544CDF830809007C8
:10AE500040EA920200BF00BFDDF814800A9880EA41
:10AE60000800DDF83C8080EA0800DDF8348080EAE4
:10AE70000806700040EAD678680140EAD56981EAA0
:10AE8000020058404844DFF82892484440440444B3
:10AE9000CDF83480880740EA910100BF00BFDDF89B
:10AEA00018800B9880EA0800DDF8008080EA08002E
:10AEB000DDF8388080EA0806700040EAD678600144
:10AEC00040EAD46985EA010050404844DFF8E09147
:10AED000484440440344CDF83880A80740EA95052B
:10AEE00000BF00BFDDF81C800C9880EA0800DDF888
:10AEF000048080EA0800DDF83C8080EA08067000E3
:10AF000040EAD678580140EAD36984EA050048400F
:10AF10004844DFF89C91484440440244CDF83C80CA
:10AF2000A00740EA940400BF00BFDDF820800D9820
:10AF300080EA0800DDF8088080EA0800DDF800807B
:10AF400080EA0806700040EAD678500140EAD269EB
:10AF500083EA040068404844DFF854914844404480
:10AF60000144CDF80080980740EA930300BF00BF7A
:10AF7000DDF824800E9880EA0800DDF80C8080EA75
:10AF80000800DDF8048080EA0806700040EAD67800
:10AF9000480140EAD16982EA030060404844DFF892
:10AFA0001091484440440544CDF80480900740EA9D
:10AFB000920200BF00BFDDF828800F9880EA0800E9
:10AFC000DDF8108080EA0800DDF8088080EA0806D5
:10AFD000700040EAD678680140EAD56981EA02004B
:10AFE00058404844DFF8C890484440440444CDF8F1
:10AFF0000880880740EA910100BF00BFDDF82C807F
:10B00000009880EA0800DDF8148080EA0800DDF886
:10B010000C8080EA0806700040EAD678600140EAB9
:10B02000D46985EA010050404844DFF884904844E0
:10B0300040440344CDF80C80A80740EA950500BFC2
:10B0400000BFDDF83080019880EA0800DDF8188044
:10B0500080EA0800DDF8108080EA0806700040EA07
:10B06000D678580140EAD36984EA0500484048444C
:10B07000DFF83C90484440440244CDF81080A007DB
:10B0800040EA940400BF00BFDDF83480029880EAF3
:10B090000800DDF81C8080EA0800DDF8148080EAF2
:10B0A000080607E09979825AA1EBD96EDCBC1B8FA8
:10B0B000D6C162CA700040EAD678500140EAD2692F
:10B0C00083EA040068404844DFF87C9548444044E3
:10B0D0000144CDF81480980740EA930300BF00BFF5
:10B0E000DDF83880039880EA0800DDF8208080EAE7
:10B0F0000800DDF8188080EA0806700040EAD6787B
:10B10000480140EAD16982EA030060404844DFF820
:10B110003895484440440544CDF81880900740EAEB
:10B12000920200BF00BFDDF83C80049880EA08006E
:10B13000DDF8248080EA0800DDF81C8080EA08063B
:10B14000700040EAD678680140EAD56981EA0200D9
:10B1500058404844DFF8F094484440440444CDF853
:10B160001C80880740EA910100BF00BFDDF8008025
:10B17000059880EA0800DDF8288080EA0800DDF8FC
:10B18000208080EA0806700040EAD678600140EA34
:10B19000D46985EA010050404844DFF8AC94484443
:10B1A00040440344CDF82080A80740EA950500BF3D
:10B1B00000BFDDF80480069880EA0800DDF82C80E6
:10B1C00080EA0800DDF8248080EA0806700040EA82
:10B1D000D678580140EAD36984EA050048404844DB
:10B1E000DFF86494484440440244CDF82480A0072A
:10B1F00040EA940400BF00BFDDF80880079880EAA9
:10B200000800DDF8308080EA0800DDF8288080EA58
:10B210000806700040EAD678500140EAD26983EA15
:10B22000040068404844DFF8209448444044014406
:10B23000CDF82880980740EA930300BF00BFDDF8EF
:10B240000C80089880EA0800DDF8348080EA080065
:10B25000DDF82C8080EA0806700040EAD6784801C4
:10B2600040EAD16982EA030060404844DFF8D8939D
:10B27000484440440544CDF82C80900740EA9202AF
:10B2800000BF00BFDDF81080099880EA0800DDF8F3
:10B29000388080EA0800DDF8308080EA0806700017
:10B2A00040EAD678680140EAD56981EA0200584050
:10B2B0004844DFF89493484440440444CDF8308037
:10B2C000880740EA910100BF00BFDDF814800A98AA
:10B2D00080EA0800DDF83C8080EA0800DDF8348070
:10B2E00080EA0806700040EAD678600140EAD46936
:10B2F00085EA010050404844DFF84C9348444044FC
:10B300000344CDF83480A80740EA950500BF00BF8C
:10B31000DDF818800B9880EA0800DDF8008080EAEC
:10B320000800DDF8388080EA0806700040EAD67828
:10B33000580140EAD36984EA050048404844DFF8F0
:10B340000893484440440244CDF83880A00740EABE
:10B35000940400BF00BFDDF81C800C9880EA080050
:10B36000DDF8048080EA0800DDF83C8080EA080609
:10B37000700040EAD678500140EAD26983EA0400BE
:10B3800068404844DFF8C092484440440144CDF846
:10B390003C80980740EA930300BFDCF808000844AB
:10B3A000CCF80800DCF80C0000EB0208CCF80C80AC
:10B3B000DCF8100000EB0308CCF81080DCF8140077
:10B3C00000EB0408CCF81480DCF8180000EB05084A
:10B3D000CCF81880002010B0BDE8F08330B50446EA
:10B3E0000D4629462046FEF766FC30BD2DE9F047A4
:10B3F0000446884615466FF06D0900BF00BF00BFC8
:10B4000000BF15B90020BDE8F087206800F03F07B5
:10B41000C7F140062068284420602068206020682A
:10B42000A84202D26068401C6060AFB1B54213D33D
:10B4300004F11C01C8193246414608F02DFC04F104
:10B440001C012046FEF737FC5FEA000901D04846A0
:10B45000D9E7B044AD1B00270BE041462046FEF77C
:10B460002AFC5FEA000901D04846CCE708F1400811
:10B47000403D402DF1D235B104F11C01C8192A46D6
:10B48000414608F009FC0020BDE770B504460D46B2
:10B490001646324629462046FFF7A8FF70BD2DE923
:10B4A000F04704460D466FF06D0900BF00BF00BFB6
:10B4B00000BF206800F03F0680223046761C04F171
:10B4C0001C010A54382E07D8C6F1380104F11C02B9
:10B4D000901908F008FC16E0C6F1400104F11C02C6
:10B4E000901908F000FC04F11C012046FEF7E3FB74
:10B4F0005FEA000902D04846BDE8F087382104F130
:10B500001C0008F0F0FB2068400F616840EAC107AA
:10B5100020684FEAC008390E84F85410390C84F8BA
:10B520005510390A84F8561084F857704FEA18619C
:10B5300084F858104FEA184184F859104FEA18213E
:10B5400084F85A1084F85B8004F11C012046FEF751
:10B55000B2FB5FEA000901D04846CDE7A068000EC3
:10B560002870A068000C6870A068000AA870A06825
:10B57000E870E068000E2871E068000C6871E0680F
:10B58000000AA871E068E8712069000E287220693D
:10B59000000C68722069000AA8722069E87260696C
:10B5A000000E28736069000C68736069000AA87354
:10B5B0006069E873A069000E2874A069000C6874C3
:10B5C000A069000AA874A069E874002094E770B527
:10B5D00004460D4629462046FFF761FF70BDF0B5D1
:10B5E00097B004460D4616466FF06D0700BF00BFCA
:10B5F00000BF00BF6846FEF725FB6846FEF742FB2A
:10B60000070000D00FE02A4621466846FFF7EEFE0D
:10B61000070000D007E031466846FFF740FF07000B
:10B6200000D000E000BF6846FEF715FB384617B0B3
:10B63000F0BD70B504460D461646324629462046F2
:10B64000FFF7CDFF70BD0000D6C162CA10B502463B
:10B6500011B94FF0FF3010BD4B1E01249C40106803
:10B66000204201D00020F6E74FF0FF30F3E710B59D
:10B67000024611B94FF0FF3010BD4B1E01249C4013
:10B680005068204201D00020F6E74FF0FF30F3E78A
:10B6900070B504460D462846F4F791FD0646012E86
:10B6A00001D0062E0AD12846F4F75EFDE1688842F3
:10B6B00001D3002070BD4FF0FF30FBE74FF0FF30AB
:10B6C000F8E7F0B504460D46164622462F460021FF
:10B6D00019E0505C17F801C080EA0C0303B911E0CF
:10B6E000202B0CD1505C612802DB505C7A2805DDF0
:10B6F000505C412803DB505C5A2800DC02E04FF02C
:10B70000FF30F0BD491CB142E3D30020F9E72DE939
:10B71000F04106460C460027304608F029FB8046DB
:10B720006068032807D3A06800782A2803D1A0689E
:10B7300040782E2803D04FF0FF30BDE8F08100257F
:10B7400005E0705D2E2801D12F4602E06D1C4545B5
:10B75000F7D300BF17B94FF0FF30EEE7A8EB0701B2
:10B760006068401E814209D163685A1EF119A368BE
:10B77000581CFFF7A6FF08B90020DEE74FF0FF30A6
:10B78000DBE770B505460C462868216888420BD176
:10B7900068686168884207D1D4E90121A86808F087
:10B7A000FDFA08B9002070BD28680C2802D028686E
:10B7B000132811D120680C2802D0206813280BD13F
:10B7C00068686168884207D1D4E90121A868FFF759
:10B7D00078FF08B90020E6E74FF0FF30E3E770B5E7
:10B7E00005460C4628E005B114B94FF0FF3070BD96
:10B7F00028682168884209D168686168884205D153
:10B80000D4E90121A86808F0C9FA10B14FF0FF305F
:10B81000EDE704F10C0105F10C00FFF7B2FF10B1E8
:10B820004FF0FF30E3E7287F217F884202D04FF0BE
:10B83000FF30DCE7AD69A469002DD4D1002CD2D152
:10B840000020D4E7002107E0002240F83120521EFA
:10B8500000EBC1035A60491C0A29F5D30022026596
:10B860007047F8B504460E4617466FF06D05A023E5
:10B870006A463146204602F06CFE050007D015F1FD
:10B88000620001D13860F8BDA5F50650FBE72068DD
:10B89000009946183A463146204602F0EAFE050075
:10B8A00002D0A5F50850EEE72068B04201D0FE486E
:10B8B000E9E70020E7E72DE9F84304460D46904606
:10B8C0001E466FF06D0730236A462946204602F077
:10B8D00040FE070003D0A7F51050BDE8F8832068AC
:10B8E0000099451842462946204602F0B5FB07005C
:10B8F00001D03846F1E732462946204602F0ACFB3B
:10B90000070001D03846E8E72068A84201D0E748A0
:10B91000E3E70020E1E72DE9F04104460E46154635
:10B920001F466FF06D082068B04202D10020BDE8CC
:10B93000F08120680078286047F0A0032A1D314676
:10B94000204602F006FE5FEA000806D018F1620009
:10B9500000D1ECE7A8F50650E9E72068A860206868
:10B960006968084420600020E1E72DE9F8430646B5
:10B970000F4690461C466FF06D050020C8F8000089
:10B98000206030236A463946304602F0E2FD050069
:10B9900003D0A5F51450BDE8F8833068B84201D152
:10B9A0000020F8E742463946304602F0EEFD050039
:10B9B00012D015F1620005D142463946304602F0F8
:10B9C00058FE054615B1A5F51450E4E7D8F8000077
:10B9D00010B10120C8F800003068B84201D1002041
:10B9E000D9E722463946304602F043FE050002D030
:10B9F000A5F51450CFE73068B84201D0AC48CAE78B
:10BA00006FF000412068884202D1A948801CC2E73B
:10BA10002068401C20600020BDE7FEB505460E46AC
:10BA200014466FF06D0700200090019002906A4666
:10BA30003146284602F04FFE070002D0A7F5145009
:10BA4000FEBD0098012802D09948801CF8E70298B2
:10BA5000007820700020F3E72DE9FE4306460F46EC
:10BA600015466FF06D0800200090019002906A4624
:10BA70003946304602F02FFE5FEA000803D0A8F5F1
:10BA80001450BDE8FE83009810B98948801CF8E77F
:10BA900000202860002407E00298005DE100884053
:10BAA000296808432860641C0098A04201D9042C2E
:10BAB000F2D30020E5E72DE9F04105460E46144695
:10BAC0006FF06D07062322463146284602F0D8FE65
:10BAD000070003D0A7F51450BDE8F081A06810B9A5
:10BAE0007348801CF8E70020F6E7F0B585B00646FD
:10BAF0000C460025B06803907068039947183068B9
:10BB000000F0DF00802802D06A4805B0F0BD0623AF
:10BB100004AA394603A802F01CFD050002D0A5F5D1
:10BB20001450F2E7062000900398029004980190C8
:10BB30000198082805D160A0DDE9012108F02EF95F
:10BB400008B1012000E0002008B15E48DDE7DDE932
:10BB500003010844B84205D324212046EFF7B6FB81
:10BB60005348D2E7DDE9030108440390A02304AA67
:10BB7000394603A802F0EDFC050002D0A5F51450EB
:10BB8000C3E7302304AA394603A802F0E2FC05000B
:10BB900002D0A5F51450B8E7062304AA394603A835
:10BBA00002F0D7FC050002D0A5F51450ADE7062041
:10BBB000E0600399616104992161DDE903010844B2
:10BBC000B84205D324212046EFF780FB38489CE794
:10BBD000DDE9030108440390042304AA394603A8BD
:10BBE00002F0B7FC050002D0A5F514508DE7042142
:10BBF000A161039921620499E161DDE9030108442F
:10BC000003900398B84205D024212046EFF75EFB4D
:10BC100027487AE7002078E770B58AB005460C46D9
:10BC20006FF06D06286800F0DF00802802D08228BF
:10BC300020D114E001A92846FFF757FF064616B1A8
:10BC400030460AB070BD2821204608F04CF800208C
:10BC50002060242201A9201D08F01EF80CE02821F4
:10BC6000204608F040F80220206095E80700231DD8
:10BC700007C301E01348E4E700BF0020E1E72DE936
:10BC8000F04F8DB00546884691466FF06D064C46E4
:10BC900030230CAA4146284602F05BFC060015D072
:10BCA000A6F514500DB00FE09ADDFFFF9ADBFFFF01
:10BCB0009ADAFFFF00D8FFFF2B06010505070804ED
:10BCC0000000000080DFFFFFBDE8F08F28680C99BE
:10BCD0000844404501D0FC48E4E758E02821684684
:10BCE00008F001F8286800780A902868401C28604D
:10BCF0000BAA4146284602F0ADFB060002D0A6F58D
:10BD00001450CFE70A9800F0C000802802D0EE4817
:10BD1000001DC7E769462046FFF77EFF0646BEB115
:10BD200016F5025F14D0D9F80CA009E0D346DAF872
:10BD30000CA010215846EFF7C9FA584609F0EAFB63
:10BD4000BAF1000FF2D10020C9F80C003046A9E783
:10BD5000A06878B1E06810B1DB486630A2E7102136
:10BD6000012008F040F8E060E06810B9D648001FF4
:10BD700098E7E46827463C460A9838602868B86027
:10BD80000B987860286879680844286000BF2868A4
:10BD90004045A3D30020E0602868404501D0CA4850
:10BDA00080E700207EE72DE9FF5F04460F469246BC
:10BDB0004FF0000B5546302303AA3946204602F0C7
:10BDC000C8FB064626B1A6F5145004B0BDE8F09FA6
:10BDD000206803990844B84201D0BB48F5E70398AE
:10BDE00008B9B948F1E767E0302303AA394620468D
:10BDF00002F0AFFB060002D0A6F51450E5E720687C
:10BE0000039900EB0109062303AA4946204602F0E4
:10BE1000A0FB060002D0A6F51450D6E7062000903D
:10BE200003980190206802900198042805D1A7A0EA
:10BE3000DDE9012107F0B2FF08B1012000E0002098
:10BE400008B1DFF890B2A86878B1E86810B19E48F0
:10BE50006630BAE71021012007F0C5FFE860E86806
:10BE600010B99948001FB0E7ED68A846454600980C
:10BE7000C8F800000298C8F808000198C8F8040043
:10BE80002068039908442060206848450ED230237A
:10BE900003AA4946204602F05CFB060002D0A6F544
:10BEA000145092E7206803990844206020684845B0
:10BEB00001D0854889E700BF2068B84294D30020AC
:10BEC000E8602068B84201D07F487EE758467CE7AA
:10BED0002DE9F04F89B005468946144698466FF023
:10BEE0006D062868484503D1002009B0BDE8F08FF1
:10BEF000032304F1EC024946284602F02CF906001F
:10BF000001D03046F1E7F4200159F020005901EB4F
:10BF10000009F3E00020059006900790049003903C
:10BF2000302308AA4946284602F013FB060002D037
:10BF3000A6F51450D9E72868089900EB010A0623F2
:10BF400006AA5146284602F004FB060002D0A6F5D8
:10BF50001450CAE7062005902868079028680699BB
:10BF60000844286004AA5146284602F00EFB060049
:10BF700005D016F1620002D0A6F51450B5E70423EF
:10BF800008AA5146284602F0E4FA060002D0A6F5B7
:10BF90001450AAE7D5F800B0286808994718574503
:10BFA00001D04948A1E703A905A8F9F7EEF906462B
:10BFB000CEB1B8F1000F0FD02868CDE9000705AA6F
:10BFC0002146049B1298C04706461EB1049808B14A
:10BFD00030468AE72F6091E02F60049810B13A480C
:10BFE000001D82E78AE0D4F818010399084202D0C4
:10BFF0003548663079E7D4F8180103990843C4F846
:10C0000018010398B0F5807F0ED006DC042817D005
:10C01000082841D0202869D128E0B0F5006F1AD057
:10C02000B0F5803F62D12CE004F590731A1F3946B9
:10C030002846FFF79AFC060001D0304655E75BE042
:10C0400004F5927239462846FFF706FD060001D036
:10C0500030464AE750E004F5947239462846FFF727
:10C060002AFD060001D030463FE745E004F1F80222
:10C0700039462846FFF703FE060001D0304634E774
:10C080003AE004F59C7239462846FFF7C6FC0600E4
:10C0900001D0304629E72FE004F58472394628465E
:10C0A000FFF781FE060020D016F5025F14D1B8F12B
:10C0B000000F11D0CDE900B705AA2146049B1298C4
:10C0C000C04748B918E011E09ADAFFFF551D20007B
:10C0D0000000000080DFFFFF049808B1304604E74D
:10C0E00016F5025F01D03046FFE605E0049808B17E
:10C0F000F948FAE62F6000BF00BF00BF2868484536
:10C10000FFF408AF2868484501D0F448EDE6002068
:10C11000EBE62DE9F04707463C460FB9BDE8F0874E
:10C1200000BF04F1CC00F3F7A9FEA66E08E0B2460A
:10C13000B66920215046EFF7C9F8504609F0EAF9F0
:10C14000002EF4D18820065908E0B246B6692021B5
:10C150005046EFF7BBF8504609F0DCF9002EF4D159
:10C160004FF49A70055908E0A946ED681021484639
:10C17000EFF7ACF8484609F0CDF9002DF4D14FF4B3
:10C180008270055908E0A946ED6810214846EFF78E
:10C190009DF8484609F0BEF9002DF4D14FF48A709D
:10C1A000055908E0A946ED6810214846EFF78EF8DA
:10C1B000484609F0AFF9002DF4D1E06840B120689D
:10C1C00030B1D4E90210EFF781F8E06809F0A2F984
:10C1D000D4F85041002CA4D13C4600BFA046D4F86E
:10C1E00050414FF4AA714046EFF770F8B84502D0BD
:10C1F000404609F08FF9002CF0D100BF8EE72DE901
:10C20000F04F8DB004460F4691469A46DDF85CB07B
:10C210006FF06D050020089009900A900590069037
:10C22000079002900390049004B11FB9AC480DB080
:10C23000BDE8F08F0B97CDF83090DDE90B01461883
:10C2400030230CAA31460BA802F083F9050004D074
:10C250002046FFF75EFFA348E9E7DDE90B0100EBAD
:10C2600001084646A8EB0701A160BAF1000F1DD0F6
:10C270000120A16807F0B7FD0B90E060E06810B9FD
:10C2800097488038D3E73946D4E9022007F004FD07
:10C2900001202060A0680C99401A0B9908440B906B
:10C2A000DDE90B0108448046064602E0E760002015
:10C2B00020600B99A16130230CAA31460BA802F033
:10C2C00048F9050005D02046FFF723FFA5F50650E5
:10C2D000ADE7DDE90B014618A069311A616104F18F
:10C2E0001C0231460BA8FFF7BCFA050010D104F17F
:10C2F000200231460BA801F07DFC050008D108ABF7
:10C3000004F12C0231460BA801F0B8FC050004D062
:10C310002046FFF7FEFE284689E7E069002802DB99
:10C32000E069022805DD2046FFF7F3FE6B481A3866
:10C330007DE7E069401CE06104F5A670C31E021FA2
:10C3400008A9009004F12C0001F0DFFE050004D0E4
:10C350002046FFF7DEFE284669E70B99216430236B
:10C360000CAA31460BA802F0F4F8050005D02046CF
:10C37000FFF7CFFEA5F5065059E7DDE90B0281185E
:10C3800004F150020BA801F00DFD050004D0204679
:10C39000FFF7BFFE28464AE7206C0B99091AE163B4
:10C3A00004F1A80304F1900231460BA8FFF783FAC9
:10C3B000050004D02046FFF7ACFE284637E70B996E
:10C3C000E16430230CAA31460BA802F0C2F8050044
:10C3D00005D02046FFF79DFEA5F5065027E70C98EF
:10C3E00070B1DDE90B02811804F170020BA801F0B5
:10C3F000D9FC050004D02046FFF78BFE284616E73F
:10C40000E06C0B99091AA164C8200B99015104F141
:10C41000CC0231460BA802F00DFC050004D02046EA
:10C42000FFF777FE284602E7C82000590B99091A42
:10C43000C4200151E069022802D0E06903280DD12F
:10C44000012304F1D40231460BA8FFF764FA054634
:10C4500025B12046FFF75DFE2846E8E6E0690228A0
:10C4600002D0E06903280DD1022304F1E002314635
:10C470000BA8FFF750FA054625B12046FFF749FE05
:10C480002846D4E6E06903280ED1CDF800B0224654
:10C4900031460BA8169BFFF71BFD054625B120462C
:10C4A000FFF737FE2846C2E60B98B04205D020467B
:10C4B000FFF72FFE0B486638B9E6464605AB02AAE1
:10C4C00031460BA801F0DAFB05000DD02046FFF73E
:10C4D00020FE2846ABE6000080DFFFFF9ADAFFFF70
:10C4E00000D8FFFF80DEFFFF206B0399884211D147
:10C4F000226B0499606B07F051FC58B906990998B2
:10C50000884207D1099850B1DDE90920079907F061
:10C5100045FC20B12046FFF7FCFDFE4887E604F508
:10C520009E7231460BA801F0C9FD050004D02046DB
:10C53000FFF7EFFD28467AE60B98B04204D020467C
:10C54000FFF7E7FDF44872E6002070E610B50446F8
:10C550004FF4AA71204607F0C6FB10BD2DE9FF4F2E
:10C5600083B006460F469146DDE910AB6FF06D08CB
:10C570003446002504B11FB9E84807B0BDE8F08F84
:10C5800002E02546D4F85041E06918B1D4F85001D2
:10C590000028F6D1E069B0B1D4F8500198B94FF451
:10C5A000AA71012007F01FFCC4F85001D4F8500113
:10C5B00010B9DA488038E0E72546D4F85001FFF793
:10C5C000C5FFD4F85041CDE900AB4A463946204674
:10C5D000069BFFF714FE8046B8F1000F0AD015B194
:10C5E0000020C5F85001B44202D0204608F092FF66
:10C5F0004046C2E70020C0E77CB504460D4616461B
:10C600000020009003463246294601902046FFF75D
:10C61000A5FF7CBD2DE9FC4704460D4616461F4686
:10C62000DDE90A893B46324629462046CDE90089A4
:10C63000FFF794FFBDE8FC877CB504460D4616461F
:10C640000020009001233246294601902046FFF742
:10C6500085FF7CBD70B504460D46164604B10DB984
:10C66000AE4870BD324629462046FFF7E5FFF8E7A1
:10C670002DE9FF4F8BB082468B466FF06D04DBF8DF
:10C680000050DAF80060DDF83480E9E0282101A8E4
:10C6900007F029FB01A94046FFF7BEFA8146B9F130
:10C6A000000F29D019F5025F12D19DA2294630460C
:10C6B0000E9B08F0A7F9044600BF002C01DBAC423A
:10C6C00003D39D480FB0BDE8F08F2D1B264410E02A
:10C6D0009AA2294630460E9B08F094F9044600BF02
:10C6E000002C01DBAC4201D39348EBE72D1B264421
:10C6F00000BFD8F80C80B3E0019810B1022876D1C1
:10C7000076E002AF92A2294630460E9B08F07AF9F5
:10C71000044600BF002C01DBAC4201D38648D1E7C0
:10C720002D1B264400BF3869082806D1AFF67820B3
:10C73000D7E9042107F032FB08B1012000E0002016
:10C74000002853D087A2294630460E9B08F05AF99C
:10C75000044600BF002C01DBAC4201D37648B1E7B0
:10C760002D1B264400BF88A2294630460E9B08F0A8
:10C7700049F9044600BF002C01DBAC4201D36E48EE
:10C78000A0E72D1B264400BF07F10C0229463046C6
:10C79000F8F78DFF044600BF002C01DBAC4201D34B
:10C7A00065488FE72D1B264400BF82A229463046EC
:10C7B0000E9B08F027F9044600BF002C01DBAC42B9
:10C7C00001D35D487EE72D1B264400BFF869A842CF
:10C7D00003D300203070584874E73046D7E907216A
:10C7E00007F05AFAF8690644F8692D1A34E021E096
:10C7F0007BA2294630460E9B08F004F9044600BF90
:10C80000002C01DBAC4201D34B485BE72D1B2644D7
:10C8100000BF0398A84203D300203070464851E778
:10C820003046DDE9032107F037FA03980644039800
:10C830002D1A11E03AA2294630460E9B08F0E2F884
:10C84000044600BF002C01DBAC4201D33A4839E773
:10C850002D1B264400BF00BF00BFD8F80C8000BFCE
:10C86000B8F1000F7FF412AF00203070CBF8005009
:10C87000CAF8006000BF25E72DE9F04780468946E9
:10C8800017466FF06D04D9F80050D8F800600FF229
:10C89000A40A17F0800F13D0534656A229463046FB
:10C8A00008F0B0F8044600BF002C01DBAC4202D314
:10C8B0002148BDE8F0872D1B264400BF0FF2441A23
:10C8C00017F0400F12D053464FA22946304608F0C9
:10C8D00099F8044600BF002C01DBAC4201D3164896
:10C8E000E7E72D1B264400BF0FF2181A17F0200FA0
:10C8F0000DD0534648A22946304608F083F8044636
:10C9000000BF002C01DBAC4202D30B48D1E78CE026
:10C9100086E0000080D9FFFF1ADEFFFF00D8FFFF8E
:10C920000A2573202020203C756E737570706F721D
:10C930007465643E0000000080D6FFFF0A25732066
:10C940002020203C6D616C666F726D65643E000056
:10C950000A2573202020206F746865724E616D6512
:10C96000203A00000A257320202020202020206863
:10C9700061726477617265206D6F64756C65206E9D
:10C98000616D65203A0000000A25732020202020D8
:10C990002020202020202068617264776172652049
:10C9A00074797065202020202020202020203A202B
:10C9B000000000000A2573202020202020202020B5
:10C9C00020202068617264776172652073657269E6
:10C9D000616C206E756D626572203A200000000067
:10C9E0000A257320202020644E534E616D65203A45
:10C9F00020000000257353534C20436C69656E740E
:10CA0000000000002C200000257353534C20536578
:10CA100072766572000000002573456D61696C00D7
:10CA20002D1B264400BFAFF2240A17F0100F12D0BE
:10CA30005346FEA22946304607F0E4FF044600BFF5
:10CA4000002C01DBAC4201D3FD4832E72D1B26440C
:10CA500000BFAFF2500A17F0080F12D05346F9A2E8
:10CA60002946304607F0CEFF044600BF002C01DB0C
:10CA7000AC4201D3F2481CE72D1B264400BFAFF2A5
:10CA80007C0A17F0040F12D05346F1A22946304613
:10CA900007F0B8FF044600BF002C01DBAC4201D315
:10CAA000E74806E72D1B264400BFAFF2A80A17F09F
:10CAB000020F12D05346E9A22946304607F0A2FFE2
:10CAC000044600BF002C01DBAC4201D3DC48F0E699
:10CAD0002D1B264400BFAFF2D40A17F0010F12D06D
:10CAE0005346E1A22946304607F08CFF044600BFBA
:10CAF000002C01DBAC4201D3D148DAE62D1B2644E1
:10CB000000BFAFF2001AC9F80050C8F8006000205A
:10CB1000CFE62DE9F0478046894617466FF06D0451
:10CB2000D9F80050D8F800600FF2103A17F0800FD3
:10CB300013D05346D1A22946304607F063FF04467E
:10CB400000BF002C01DBAC4202D3BD48BDE8F0873A
:10CB50002D1B264400BFAFF2541A17F0400F12D01D
:10CB60005346CBA22946304607F04CFF044600BF8F
:10CB7000002C01DBAC4201D3B148E7E72D1B264472
:10CB800000BFAFF2801A17F0200F12D05346C5A293
:10CB90002946304607F036FF044600BF002C01DB73
:10CBA000AC4201D3A648D1E72D1B264400BFAFF20B
:10CBB000AC1A17F0100F12D05346BFA229463046C8
:10CBC00007F020FF044600BF002C01DBAC4201D37C
:10CBD0009B48BBE72D1B264400BFAFF2D81A17F0C5
:10CBE000080F12D05346B9A22946304607F00AFF73
:10CBF000044600BF002C01DBAC4201D39048A5E7FE
:10CC00002D1B264400BFAFF2042A17F0040F12D0E8
:10CC10005346B2A22946304607F0F4FE044600BF50
:10CC2000002C01DBAC4201D385488FE72D1B264445
:10CC300000BFAFF2302A17F0020F12D05346ABA25A
:10CC40002946304607F0DEFE044600BF002C01DB1B
:10CC5000AC4201D37A4879E72D1B264400BFAFF2DE
:10CC60005C2A17F0010F12D05346A3A22946304682
:10CC700007F0C8FE044600BF002C01DBAC4201D324
:10CC80006F4863E72D1B264400BFAFF2882A17F4D4
:10CC9000004F12D053469CA22946304607F0B2FE00
:10CCA000044600BF002C01DBAC4201D364484DE7D1
:10CCB0002D1B264400BFAFF2B42AC9F80050C8F8B3
:10CCC0000060002042E72DE9FC5F06460F469246D1
:10CCD0006FF06D043D68D6F80080D1460FF25C1B02
:10CCE0001EE001A94846F8F77BFB08B18AA0019035
:10CCF00001985B4689A229460090404607F082FED3
:10CD0000044600BF002C01DBAC4202D34C48BDE816
:10CD1000FC9F2D1BA04400BFAFF2183BD9F80C902C
:10CD2000B9F1000FDDD13D60C6F800800020EEE7CC
:10CD30002DE9FC5F06460F4692466FF06D043D6894
:10CD4000D6F80080D1460FF2F40B1EE001A9484648
:10CD5000F8F771FB08B170A0019001985B466FA2D3
:10CD600029460090404607F04DFE044600BF002CC7
:10CD700001DBAC4202D33248BDE8FC9F2D1BA0442E
:10CD800000BFAFF2803BD9F80C90B9F1000FDDD1B4
:10CD90003D60C6F800800020EEE72DE9F0438DB03D
:10CDA00007460E4690461D466FF06D040B970C9695
:10CDB000CDB95CA2DDE90B0107F024FE044600BFFB
:10CDC000002C02DB0C98844203D31D480DB0BDE853
:10CDD000F0830C98001B0C900B9820440B9000BF24
:10CDE0000C98301AF2E7E869434656A20090DDE954
:10CDF0000B0107F007FE044600BF002C02DB0C9875
:10CE0000844201D30E48E1E70C98001B0C900B986C
:10CE100020440B9000BF434651A2DDE90B0107F00F
:10CE2000F1FD044600BF002CA6E0000025734F6210
:10CE30006A656374205369676E696E67000000005D
:10CE400080D6FFFF257352657365727665640000B6
:10CE5000257353534C204341000000002573456D5A
:10CE600061696C204341000025734F626A656374F9
:10CE7000205369676E696E672043410025734469DA
:10CE8000676974616C205369676E617475726500BF
:10CE900025734E6F6E205265707564696174696F99
:10CEA0006E00000025734B657920456E63697068DC
:10CEB00065726D656E740000257344617461204570
:10CEC0006E6369706865726D656E740025734B657D
:10CED000792041677265656D656E740025734B65D9
:10CEE000792043657274205369676E00257343523D
:10CEF0004C205369676E00002573456E6369706846
:10CF00006572204F6E6C79002573446563697068A3
:10CF10006572204F6E6C79003F3F3F00257325738B
:10CF2000000000000A436572746966696361746594
:10CF300020697320756E696E697469616C697365C7
:10CF400064210A002573636572742E2076657273FE
:10CF5000696F6E20202020203A2025640A000000FE
:10CF6000257373657269616C206E756D62657220E0
:10CF7000202020203A20000002DB0C98844201D3BC
:10CF8000FD4823E70C98001B0C900B9820440B9055
:10CF900000BF05F12002DDE90B0101F093F9044621
:10CFA00000BF002C02DB0C98844201D3F2480DE74D
:10CFB0000C98001B0C900B9820440B9000BF43462C
:10CFC000EEA2DDE90B0107F01DFD044600BF002CB9
:10CFD00002DB0C98844201D3E748F7E60C98001B6B
:10CFE0000C900B9820440B9000BF05F15002DDE936
:10CFF0000B0101F0E2F8044600BF002C02DB0C98A4
:10D00000844201D3DC48E1E60C98001B0C900B989D
:10D0100020440B9000BF4346DEA2DDE90B0107F080
:10D02000F1FC044600BF002C02DB0C98844201D3C3
:10D03000D148CBE60C98001B0C900B9820440B9029
:10D0400000BF05F17002DDE90B0101F0B6F80446FE
:10D0500000BF002C02DB0C98844201D3C648B5E621
:10D060000C98001B0C900B9820440B9000BFA42040
:10D070004059A02149599C22525998235B59CDE926
:10D080000232CDE9041094204059D5F8901043465F
:10D09000C6A2CDE90010DDE90B0107F0B3FC0446A0
:10D0A00000BF002C02DB0C98844201D3B2488DE60D
:10D0B0000C98001B0C900B9820440B9000BFBC20D8
:10D0C0004059B8214959B4225259B0235B59CDE98E
:10D0D0000232CDE90410AC204059D5F8A8104346DF
:10D0E000C0A2CDE90010DDE90B0107F08BFC04467E
:10D0F00000BF002C02DB0C98844201D39E4865E6F9
:10D100000C98001B0C900B9820440B9000BF4346DA
:10D11000C2A2DDE90B0107F075FC044600BF002C3C
:10D1200002DB0C98844201D393484FE60C98001B15
:10D130000C900B9820440B9000BF95F84811D5F83F
:10D140004C01CDE9001095F8493105F12C02DDE9DB
:10D150000B0101F006F9044600BF002C02DB0C981D
:10D16000844201D3844831E60C98001B0C900B9844
:10D1700020440B9000BF05F1CC00F3F717F881466F
:10D180004A46122106A801F01AF9040001D02046EF
:10D190001CE605F1CC00F2F7E7FF814606A84346FE
:10D1A000A4A2CDE90009DDE90B0107F02BFC044640
:10D1B00000BF002C02DB0C98844201D36E4805E6C8
:10D1C0000C98001B0C900B9820440B9000BFD5F8D6
:10D1D000180110F4807F38D0D5F81C0108B19AA04E
:10D1E00000E09BA043469CA20090DDE90B0107F004
:10D1F00009FC044600BF002C02DB0C98844201D3DA
:10D200005D48E3E50C98001B0C900B9820440B90B4
:10D2100000BFD5F82001002817DDD5F82001431EF6
:10D2200095A2DDE90B0107F0EDFB044600BF002CE1
:10D2300002DB0C98844201D34F48C7E50C98001BD1
:10D240000C900B9820440B9000BFD5F8180110F0FB
:10D25000200F20D043468DA2DDE90B0107F0D2FB61
:10D26000044600BF002C02DB0C98844201D34248E4
:10D27000ACE50C98001B0C900B9820440B9000BF61
:10D28000434605F1F8020CA90BA8FFF7F1F90400D9
:10D2900001D020469AE5D5F8180110F4803F1FD040
:10D2A000434680A2DDE90B0107F0ACFB044600BF5A
:10D2B000002C02DB0C98844201D32F4886E50C98A1
:10D2C000001B0C900B9820440B9000BF95F8382160
:10D2D0000CA90BA8FFF7D0FA040001D0204675E591
:10D2E000D5F8180110F0040F1FD0434673A2DDE9F2
:10D2F0000B0107F087FB044600BF002C02DB0C98F3
:10D30000844201D31C4861E50C98001B0C900B98DB
:10D3100020440B9000BF0CA90BA8D5F82421FFF7DF
:10D32000F8FB040001D0204650E5D5F8180110F4B0
:10D33000006F1FD0434667A2DDE90B0107F062FBD7
:10D34000044600BF002C02DB0C98844201D30A483B
:10D350003CE50C98001B0C900B9820440B9000BFF0
:10D3600005F594720CA90BA8FFF7ADFC040001D0E1
:10D3700020462BE5BAE0000080D6FFFF0A2573693E
:10D380007373756572206E616D65202020202020EA
:10D39000203A20000A25737375626A656374206EF3
:10D3A000616D652020202020203A20000A25736925
:10D3B000737375656420206F6E202020202020204C
:10D3C000203A20253034642D253032642D2530322A
:10D3D0006420253032643A253032643A2530326494
:10D3E000000000000A257365787069726573206F0C
:10D3F0006E20202020202020203A20253034642D4B
:10D40000253032642D2530326420253032643A25AF
:10D410003032643A25303264000000000A2573730C
:10D4200069676E6564207573696E6720202020200F
:10D43000203A20000A2573252D3138733A202564BF
:10D44000206269747300000074727565000000004A
:10D4500066616C73650000000A257362617369631D
:10D4600020636F6E73747261696E7473203A204327
:10D47000413D2573000000002C206D61785F7061D4
:10D4800074686C656E3D2564000000000A257373A6
:10D4900075626A65637420616C74206E616D6520CD
:10D4A000203A00000A2573636572742E2074797027
:10D4B0006520202020202020203A20000A25736BA0
:10D4C0006579207573616765202020202020202049
:10D4D000203A20000A2573657874206B65792075E1
:10D4E0007361676520202020203A2000D5F81801BC
:10D4F00010F0080F1FD04346FCA2DDE90B0107F036
:10D5000081FA044600BF002C02DB0C98844201D350
:10D51000FD485BE40C98001B0C900B9820440B908A
:10D5200000BF05F584720CA90BA8FFF701FC0400ED
:10D5300001D020464AE4AFF2DC52DDE90B0107F0EE
:10D5400061FA044600BF002C02DB0C98844201D330
:10D55000ED483BE40C98001B0C900B9820440B907A
:10D5600000BF0C98301A31E42DE9F84F8246884606
:10D5700093461F466FF06D04D1464546E34E1BE0CF
:10D580003068384200D116E070685B46E0A2294658
:10D590000090484607F036FA044600BF002C01DB35
:10D5A000AC4202D3D848BDE8F88F2D1BA14400BF80
:10D5B0003068474000BF083670680028E0D187B166
:10D5C0005B46D5A22946484607F01CFA044600BF30
:10D5D000002C01DBAC4201D3CB48E4E72D1BA14476
:10D5E00000BFA8EB0500DEE72DE9F04194B004464A
:10D5F0000D46904694F84801F8F7D6F807463846A5
:10D60000F8F72EFC064604AB3846D4E90521F8F7B6
:10D610008FFA20B14FF0FF3014B0BDE8F08194F8DC
:10D62000491105F1CC00F2F753FC10B94FF0FF306F
:10D63000F2E74FF4A07000594FF4A271095904AAFF
:10D64000CDE90026CDE9021094F8483194F849015B
:10D6500005F1CC02D4F84C11F2F79AFCDCE72DE985
:10D66000F04107460C46154604F1700107F15000E1
:10D67000FEF7B5F818B14FF0FF30BDE8F081012694
:10D680001DB1E069032800DA00262EB1D4F81C0190
:10D6900010B94FF0FF30F0E70020EEE72DE9FF4F23
:10D6A00081B0884615461E46DDF838906FF06D0B48
:10D6B0000027BA460020009044463AE04A462146F8
:10D6C0000198FFF7CCFF00B131E0D4F82001002829
:10D6D00008DDD4F820210F98401C1099401A82428E
:10D6E00000D224E02146119A0198FFF77DFF83467E
:10D6F000BBF1000F01D1012000E000200746B9F185
:10D70000000F01D007B912E004F1A80000F074FE88
:10D7100020B904F1900000F072FE28B1BAF1000FB8
:10D7200001D1A246009702E02C60376003E0D4F8F4
:10D730005041002CC2D100BF1CB9C5F800A0009810
:10D740003060002005B0BDE8F08F2DE9F04F87B0C4
:10D750000646884615461C4610AF97E8800E6FF0C7
:10D760006D0006900120206017E0206808B1404657
:10D7700001E0D6F85001059020683B462A468DE826
:10D78000010E30460599FFF789FF0690286808B911
:10D79000206800B902E000202060E6E700BF2868AA
:10D7A00010B9002020603860002007B0BDE8F08F7D
:10D7B00070B504460E4604F1700104F15000FEF706
:10D7C0000EF810B14FF0FF3070BD35460DE0A16886
:10D7D000A868814207D1A268E968E06806F0DEFA2D
:10D7E00008B90020F0E7D5F85051002DEFD1681EA0
:10D7F000EAE72DE9F04F8BB080468946DDE915B5A3
:10D800006FF06D000A900020059046468246089011
:10D810000790B1E0286D05EBC0073E6000207860FE
:10D82000286D401C28653C1D06F1A80000F0E4FDB1
:10D8300018B1206840F00100206006F1900000F06F
:10D84000DEFD18B1206840F400702060079818B120
:10D8500000200BB0BDE8F08F96F848115846FDF750
:10D86000F5FE18B1206840F48040206096F8491118
:10D870005846FDF7FCFE18B1206840F400402060D7
:10D88000286D012806D149463046FFF791FF08B9B7
:10D890000020DEE7CDF814901799286D401E06AAE7
:10D8A00008ABCDE902A1CDE9002009AA30460599CF
:10D8B000FFF74BFF0A90099828B9206840F008004C
:10D8C00020600020C5E7286D012808D006F170010E
:10D8D00006F15000FDF783FF08B90AF1010A089824
:10D8E00090BB286D082830D91648B2E70A25736323
:10D8F0006572746966696361746520706F6C6963D1
:10D90000696573203A20000080D6FFFFD08F0200A7
:10D91000257325730A0000002573556E6B6E6F77B3
:10D920006E20726561736F6E20287468697320734E
:10D93000686F756C64206E6F742068617070656EBE
:10D94000290A000000D0FFFFFFE7069818B92068F9
:10D9500040F0080020600999CC315846FDF798FE48
:10D9600018B1206840F480302060099E00200990A2
:10D9700008980790002006904CE770B504460D46C5
:10D9800016466068B04207D132462846A168FDF7C6
:10D9900098FE08B9002070BD21462846FDF7B7FE65
:10D9A00008B90020F7E74FF0FF30F4E72DE9F04722
:10D9B000074688461546404606F0DAF98146D7F80C
:10D9C000180110F0200F13D007F1F80607E04A46BF
:10D9D00041463046FFF7D1FF00B902E0F668002E5D
:10D9E000F5D100BF2EBB286840F00400286020E07D
:10D9F00007F1700415E06068032805D178A0D4E928
:10DA0000012106F0CBF908B1012000E0002038B96F
:10DA10004A46414604F10C00FFF7AFFF00B902E0AF
:10DA2000A469002CE7D100BF1CB9286840F00400AD
:10DA30002860BDE8F0872DE9F84F05460E461746E9
:10DA400099466FF06D0A346D17E0601E06EBC00852
:10DA5000D8F8040000905FB1621E6B464846D8F8C3
:10DA60000010B8475FEA000A02D05046BDE8F88FC0
:10DA70002868009908432860641E002CE5D1002026
:10DA8000F4E72DE9FF4F9BB0064689469246DDE953
:10DA900028B7DDE92A846FF06D050020206004902E
:10DAA00005A8FDF7CFFE0FB94E4D3AE0B8F1000FD3
:10DAB00004D004AA41463046FFF778FF06F1CC00B7
:10DAC000F2F77DFB1A9038461A99FDF7D0FD18B190
:10DAD000049840F40040049006F1CC013846FDF76C
:10DAE000D7FD18B1049840F48030049005A92E9811
:10DAF000CDE900B7CDE902105246494630461E9B9B
:10DB0000FFF777FE054605B10BE004990698084338
:10DB1000069005A92046DDE92C23FFF78CFF05467A
:10DB200000BF15F51C5F00D12F4D35B14FF0FF3010
:10DB3000206028461FB0BDE8F08F206808B12B4850
:10DB4000F8E70020F6E72DE9F04788B005460E46D5
:10DB500017461C46DDE9119ADDF840800020CDE92A
:10DB6000049ACDF80C800690214800210B463A46D5
:10DB7000CDE90104009131462846FFF782FF08B045
:10DB8000BDE8F0872DE9F04F87B005460E461746F1
:10DB90001C46DDE912ABDDE910890020CDE905B0B6
:10DBA00003463A4631468DE811072846FFF769FFDC
:10DBB00007B0BDE8F08F2DE9FF4F87B005460E4650
:10DBC0001C4614AF97E8800F002003468DE8910FA4
:10DBD00031462846099AFFF754FF0BB0BDE8F08F95
:10DBE0005504030000D8FFFF00D0FFFF00D9FFFF5E
:10DBF000A08F02002DE9F04104460E4615466FF055
:10DC00006D072068301A012802DAFC48BDE8F0816F
:10DC100020680078822806D020680078022802D088
:10DC2000F648801EF2E72168481C206008782860CA
:10DC30002A1D3146204600F00DFC070002D0A7F552
:10DC40000A50E3E72068A8602068696808442060FB
:10DC50000020DBE72DE9F04104460D4616466FF043
:10DC60006D0732462946204600F07FFE070003D0AC
:10DC7000A7F50C50BDE8F0810020FBE72DE9F0414D
:10DC800004460D4616461F466FF06D083B46324669
:10DC90002946204600F010FE5FEA000803D0A8F5F0
:10DCA0000C50BDE8F0810020FBE72DE9F843044665
:10DCB000884615466FF06D0930236A464146204676
:10DCC00000F047FC5FEA000903D0A9F50E50BDE85B
:10DCD000F8832068009900EB01082068A8EB000099
:10DCE000012801DAC648F2E72E4620680078306045
:10DCF0000623321D4146204600F02BFC5FEA000956
:10DD000002D0A9F50E50E2E72068B0602068716883
:10DD1000084420602068A8EB0000012801DAB84818
:10DD2000D5E7206800781E281AD0206800780C28D3
:10DD300016D020680078142812D0206800781328A4
:10DD40000ED02068007816280AD0206800781C2899
:10DD500006D020680078032802D0A948801EB6E7C4
:10DD600005F10C072168481C2060087838603A1DCE
:10DD70004146204600F06EFB5FEA000902D0A9F59B
:10DD80000E50A4E72068B8602068796808442060D5
:10DD90002068404502D09A48801F98E70020A8617B
:10DDA00000BF94E72DE9F84305460F4614466FF08F
:10DDB0006D083AE031236A463946284600F0C9FB2F
:10DDC0005FEA000803D0A8F50E50BDE8F883286884
:10DDD0000099461818E0224631462846FFF765FFAD
:10DDE0005FEA000801D04046EFE72868B04200D162
:10DDF0000BE001202077202105F0F5FFA061A0694C
:10DE000008B98048E1E7A469E5E700BF2868B8429F
:10DE100001D10020D9E72021012005F0E4FFA06115
:10DE2000A06908B97748D0E7A469C3E710B50346ED
:10DE30000020106018E018680078302803DB1868AC
:10DE40000078392802DD6E48203810BD106800EBDC
:10DE50008000400010601C68601C1860207830381A
:10DE6000146820441060491E0029E4D10020ECE72A
:10DE700070B50146624B203B00BF0868002804DBF8
:10DE800042F20F740868A04201DD184670BD00BF61
:10DE900000BFC868002802DBC868172801DD1846E3
:10DEA000F4E700BF00BF0869002802DB08693B28CF
:10DEB00001DD1846EAE700BF00BF4869002802DB21
:10DEC00048693B2801DD1846E0E700BF48680D2897
:10DED00030D2DFE800F02F0714080F09100A0B11E9
:10DEE0000C120D0000BF00BF00BF00BF00BF00BF8D
:10DEF0001F2221E000BF00BF00BF1E221CE00868F7
:10DF0000C41700EB9474A410B0EB840406D164250C
:10DF10000C6894FBF5F605FB16443CB94FF4C87544
:10DF20000C6894FBF5F605FB16440CB91D2200E0C5
:10DF30001C2201E01846A9E700BF00BF886801283D
:10DF400002DB8868904201DD18469FE700BF002091
:10DF50009CE72DE9F04107460D4616461C466FF03A
:10DF60006D0806F10800854203D225482038BDE837
:10DF7000F08106F108002D1A224631463846FFF797
:10DF800055FF5FEA000801D04046F0E7022E09D1B4
:10DF90002068322802DA206864302060206800F2AD
:10DFA0006C702060221D02213846FFF73FFF5FEAB8
:10DFB000000801D04046DAE704F1080202213846A1
:10DFC000FFF734FF5FEA000801D04046CFE704F1D5
:10DFD0000C0202213846FFF729FF5FEA000801D052
:10DFE0004046C4E704F1100202213846FFF71EFF45
:10DFF0005FEA000808D04046B9E7000020DDFFFFD7
:10E0000020DCFFFF80D7FFFF022D0CD304F11402A8
:10E0100002213846FFF70AFF5FEA000801D04046B8
:10E02000A5E7AD1E01E0F748A1E7012D07D138684B
:10E0300000785A2803D13868401C38606D1E0DB135
:10E04000F04894E72046FFF713FF5FEA000801D08D
:10E0500040468CE700208AE72DE9F84304460F4646
:10E0600090466FF06D092068381A012803DAE548F8
:10E070006038BDE8F88320680678172E01D10225A4
:10E0800006E0182E01D1042502E0DE486238F0E7F0
:10E090002068401C20606A463946204600F0DAF9C4
:10E0A0008146B9F1000F02D0A9F51050E1E74346CF
:10E0B0002A4620460099FFF74CFFDAE72DE9F8439E
:10E0C00004460E4615466FF06D082068301A012888
:10E0D00003DACC48E038BDE8F883206807786A4660
:10E0E0003146204600F07AFB5FEA000802D0A8F52E
:10E0F0001250F0E72F60009868602068A8602068E0
:10E100000099084420600020E5E72DE9F047074624
:10E110000C4615461E46DDF820806FF06D09D8F8D4
:10E12000000010B1B848BDE8F087324629463846AD
:10E13000F7F7BBF95FEA000902D0A9F51850F2E73A
:10E140002068052801D0206808B9606808B1AF4888
:10E15000E9E70020E7E72DE9F8430546884614463D
:10E160001E466FF06D0746F0A003221D414628466B
:10E1700000F0EFF907461FB1A7F51450BDE8F8838A
:10E1800046F0A00020602868A0602868616800EB65
:10E19000010830236A464146284600F0DAF90700B4
:10E1A00002D0A7F51450E9E72868009908444045D3
:10E1B00001D09748E2E70020E0E72DE9F74FC2B031
:10E1C0008A4693466FF06D040020419040904FF4D2
:10E1D0008071684605F087FD5D46DDF8089156467A
:10E1E0006BE0A86808B9AD6967E05D4516D0419855
:10E1F00008B188A000E088A002463146484606F0F3
:10E2000001FC044600BF002C01DBB44203D3834869
:10E2100045B0BDE8F08F361BA14400BF40A9284699
:10E22000F7F788F804463CB97DA231464846409B42
:10E2300006F0E8FB044605E07AA23146484606F0BF
:10E24000E1FB044600BF002C01DBB44201D373485C
:10E25000DEE7361BA14400BF002712E0FF2F00D3EA
:10E2600012E0686910F80780B8F1200F02DBB8F1FE
:10E270007F0F03DB3F200DF8070001E00DF807805A
:10E280007F1C2869B842E9D800BF00200DF80700BC
:10E290006B4665A23146484606F0B4FB044600BF13
:10E2A000002C01DBB44201D35C48B1E7361BA1442A
:10E2B00000BF287F4190AD6900BF002D91D1AAEB2E
:10E2C0000600A5E72DE9F84F8346894616466FF00C
:10E2D0006D04DA464F467068202801D8706800E067
:10E2E0001C208046002524E035B9B8F1010F03D980
:10E2F000B068405D00B91BE0A8F10100A84201D957
:10E300004AA000E04AA00090B068435D49A23946A7
:10E31000504606F077FB044600BF002C01DBBC42F0
:10E3200002D33E48BDE8F88F3F1BA24400BF00BFA8
:10E330006D1C4545D8D3706840450FD03FA2394683
:10E34000504606F05FFB044600BF002C01DBBC42D8
:10E3500001D33248E6E73F1BA24400BFA9EB070008
:10E36000E0E72DE9F84F07460E469046DDE90AAB97
:10E370006FF06D04B946354600200090694640466E
:10E38000F7F784F8044634B12EA22946484606F031
:10E3900039FB044606E024A229464846009B06F0C5
:10E3A00031FB044600BF002C01DBAC4202D31B480A
:10E3B000BDE8F88F2D1BA14400BF701BF8E72DE9C5
:10E3C000F04706460F469046B1463D466FF06D0455
:10E3D00043461DA22946484606F014FB044600BFEA
:10E3E000002C01DBAC4202D30C48BDE8F0872D1BAA
:10E3F000A14400BF0020F8E7014600207047014615
:10E400000020704700DCFFFF00D8FFFF00DDFFFFAA
:10E410009ADAFFFF202B20002C20000080D6FFFF7F
:10E4200025733D003F3F3D00257300003A0000008A
:10E430000000000025303258257300002E2E2E2EAD
:10E44000000000003F3F3F002573206B657920737B
:10E45000697A650010B503461868081A012802DABF
:10E460006FF05F0010BD1868007810F0800F05D1C4
:10E470001C68601C18602078106060E018680078E4
:10E4800000F07F00012806D0022812D0032822D0F5
:10E49000042850D135E01868081A022802DA6FF013
:10E4A0005F00DFE71868407810601868801C18600B
:10E4B00044E01868081A032802DA6FF05F00D1E719
:10E4C000186880781C68647840EA04201060186836
:10E4D000C01C186032E01868081A042802DA6FF0CD
:10E4E0005F00BFE71868407800041C68A47840EA21
:10E4F00004201C68E478204310601868001D186030
:10E500001CE01868081A052802DA6FF05F00A9E716
:10E510001868407800061C68A47840EA04401C682B
:10E52000E47840EA04201C682479204310601868CD
:10E53000401D186002E06FF0630093E700BF1068B1
:10E540001C680C1BA04202D96FF05F008AE7002014
:10E5500088E7F0B504460D4617461E462068281A7F
:10E56000012802DA6FF05F00F0BD20680078B04249
:10E5700002D06FF06100F7E72068401C20603A4647
:10E5800029462046FFF766FFEEE7F8B504460E463B
:10E5900015466FF06D0701236A4631462046FFF7A6
:10E5A000D8FF070001D03846F8BD0098012802D0F6
:10E5B0006FF06300F8E72068007808B1012000E000
:10E5C000002028602068401C20600020ECE72DE936
:10E5D000F84104460F4616461D466FF06D08334657
:10E5E0006A4639462046FFF7B4FF5FEA000802D0CA
:10E5F0004046BDE8F881009810B96FF06300F8E775
:10E600002068007810F0800F02D06FF06300F0E710
:10E6100005E02068401C20600098401E0090009893
:10E6200018B1206800780028F3D00098042802D997
:10E630006FF06300DDE70098042807D120680078B8
:10E6400010F0800F02D06FF06300D2E70020286046
:10E6500008E020680078296840EA012028602068E6
:10E66000401C20600099481E00900029F1D1002034
:10E67000BFE770B505460E461446234602223146D2
:10E680002846FFF7A4FF70BD70B505460E46144638
:10E6900023460A2231462846FFF799FF70BDF8B598
:10E6A00004460E4615466FF06D0702236A46314652
:10E6B0002046FFF74EFF070001D03846F8BD21681D
:10E6C0002846009AF5F708FF074620680099084495
:10E6D00020603846F2E7F0B504460E4615466FF066
:10E6E0006D0703232A4631462046FFF732FF070015
:10E6F00001D03846F0BD286810B96FF05F00F9E727
:10E700002868401E2860206800782871287907282A
:10E7100002DD6FF06300EDE72068401C2060206898
:10E72000A86020682968084420602068B04202D0B0
:10E730006FF06500DEE70020DCE72DE9F84F0446C6
:10E740000D4617469846DDF828B0DDF830903023A6
:10E750006A4629462046FFF7FCFE5FEA000A02D01F
:10E760005046BDE8F88F206800990844A84202D0BE
:10E770006FF06500F5E72CE02168481C20600E78FA
:10E7800006EA0700404502D06FF06100E9E76A46FB
:10E7900029462046FFF75EFE5FEA000A01D0504698
:10E7A000DFE706EA0B000B9988420DD1B9F1000FA3
:10E7B0000AD022683146009B0D98C8478246BAF1BC
:10E7C000000F01D05046CCE7206800990844206033
:10E7D00000BF2068A842CFD30020C2E7F0B50446AE
:10E7E0000E4615466FF06D0703232A463146204634
:10E7F000FFF7AFFE070001D03846F0BD286810B91A
:10E800006FF06700F9E72868401E286020680078EC
:10E8100010B16FF06700F0E72068401C2060002016
:10E82000EBE770B5044609E0E56810212046ECF7F7
:10E830004DFD204606F06EFE2C4600BF002CF3D1A5
:10E8400070BD2DE9F04705460E4617469846A94685
:10E85000D9F80440A06858B11021012005F0C3FA8E
:10E86000E060E06818B96FF06900BDE8F087E4681F
:10E87000A760C4F804802660C9F804400020F4E7CB
:10E88000F0B587B006460F4614461D46069405951A
:10E89000002020606060A060E06005A85D49002263
:10E8A0000092EBB2CDE901210390FF2239463046B8
:10E8B000FFF743FF07B0F0BD2DE9F84304460F46CC
:10E8C00016461D466FF06D0830236A4639462046CD
:10E8D000FFF73FFE5FEA000802D04046BDE8F8833C
:10E8E0002068381A012802DA6FF05F00F6E7206826
:10E8F000007830602068009947180623321D394699
:10E900002046FFF726FE5FEA000801D04046E5E713
:10E910002068B06020687168084420602068B842B0
:10E9200005D10C212846ECF7D1FC0020D6E7206861
:10E93000007828602068401C20602A1D3946204647
:10E94000FFF788FD5FEA000801D04046C6E720686F
:10E95000A86020686968084420602068B84202D036
:10E960006FF06500BAE70020B8E7FEB504460D4633
:10E9700016466FF06D0700200090019002906B46E4
:10E98000324629462046FFF797FF070001D0384658
:10E99000FEBD0098052801D0009808B9019810B173
:10E9A0006FF06700F4E70020F2E710B5044604B901
:10E9B00010BDA06806F0AEFD606906F0ABFD202139
:10E9C0002046ECF783FC00BFF2E770B5044607E091
:10E9D000A86920602846FFF7E8FF284606F09AFD60
:10E9E0002568002DF4D170BD70B504460E4615465D
:10E9F0000AE06068A84206D12A463146A06805F0C0
:10EA0000CDF900B902E0A469002CF2D100BF204684
:10EA100070BD000043E8010010B54FF4C47101203F
:10EA200005F0E1F9044614B1204600F061FB2046F0
:10EA300010BD10B50446204601F028F9204606F026
:10EA400069FD10BD2DE9F04104460D4616461F46EE
:10EA50003B46324629462046ECF7BFFBBDE8F08135
:10EA60002DE9FC4704460D4616461F46DDE90A8996
:10EA70003B46324629462046CDE90089ECF7CAFBE1
:10EA8000BDE8FC8770B504460D4616463246294659
:10EA90002046EBF79DFD70BD70B504460D46164649
:10EAA000324629462046EBF794FC70BD10B54FF472
:10EAB0008C71012005F097F904460CB9002010BDB7
:10EAC0002046EBF771FC2046F9E710B504462046D6
:10EAD000EBF774FC204606F01DFD10BD70B5064630
:10EAE0000C4615462B4622460221304600F010FC0B
:10EAF00070BD0000F0B589B004460D4617466FF0B2
:10EB00006D06302308AA29462046FFF722FD06009D
:10EB100003D0A6F56C5009B0F0BD206808990844F0
:10EB2000A84201D0FE48F6E7022308AA294620465B
:10EB3000FFF70FFD060002D0A6F56C50EBE70020B2
:10EB40000390049005900690009001900290034677
:10EB500021683846089AF1F77EFC060002D0F0489A
:10EB60006630D8E72068089908442060022308AA84
:10EB700029462046FFF7EDFC060002D0A6F56C50B2
:10EB8000C9E70899002220680392CDE90420009289
:10EB9000019213460292069111463846F1F75BFC4A
:10EBA000060002D0DE486630B5E7206808990844C0
:10EBB00020603846F1F715FD18B93846F1F76AFFBD
:10EBC00010B1D7486630A6E72068A84201D0D448E3
:10EBD000A1E700209FE72DE9FE4306460F461546B4
:10EBE0001C466FF06D08002020606060A060234626
:10EBF0006A4639463046FFF75FFE5FEA000803D0F9
:10EC0000A8F56A50BDE8FE8329466846F6F795FCEC
:10EC100008B1C448F6E72878012809D120680528FA
:10EC200001D0206808B9606810B1BD48E630E9E756
:10EC30000020E7E72DE9F04387B005460E4617466A
:10EC40006FF06D040020029000BF00BF00BF00BF46
:10EC500000BF00BF00BF00BF302306AA31462846D0
:10EC6000FFF777FC040004D0A4F5745007B0BDE8AA
:10EC7000F08328680699461803AB02AA3146284655
:10EC8000FFF7A9FF040001D02046EFE706AA3146AE
:10EC90002846FFF7A3FD040002D0A4F56C50E5E779
:10ECA000286806990844B04201D09D48DEE79DF8E7
:10ECB0000800F1F7F3F85FEA000901D19948D5E7B8
:10ECC00049463846F1F7F1F8040001D02046CDE777
:10ECD0009DF8080001280CD1D7E90001CDE9000119
:10ECE00001988046424631462846FFF703FF044616
:10ECF00000E08C4C1CB92868B04200D0884C14B19C
:10ED00003846F1F7BBF82046B0E72DE9F04106465A
:10ED10000F461446224639463046FFF7C0FC0546EA
:10ED200015B12846BDE8F08100212046F4F7BFFE6A
:10ED300010B97C488038F5E70020F3E72DE9F04171
:10ED400088B005460E46174602A8F3F7FBF905966C
:10ED5000059800EB0708302306AA414605A8FFF7EF
:10ED6000F8FB040004D0A4F5745008B0BDE8F081AD
:10ED7000DDE9050100EB010807AA414605A8FFF7F8
:10ED800078FC040002D0A4F57450EEE7079808B1AF
:10ED90006548EAE702AA414605A8FFF7B6FF040066
:10EDA00009D100900346024602A901902846F1F7D6
:10EDB00009FB040000D087E002AA414605A8FFF73E
:10EDC000A4FF04000AD102A800210B460A46CDE99F
:10EDD00000102846F1F7F6FA040000D074E002AA09
:10EDE000414605A8FFF791FF04000AD102A9034696
:10EDF0000246CDE9001001462846F1F7E3FA040087
:10EE000000D061E002AA414605A8FFF77EFF04009A
:10EE100009D10090034602AA014601902846F1F765
:10EE2000D1FA040000D04FE002AA414605A8FFF73E
:10EE30006CFF040009D1009002AB0246014601902C
:10EE40002846F1F7BFFA040000D03DE002AA41468F
:10EE500005A8FFF75AFF040006D102A905F14400F6
:10EE6000F3F7F8F9040000D02EE002AA414605A805
:10EE7000FFF74BFF040006D102A905F15000F3F79C
:10EE8000E9F9040000D01FE002AA414605A8FFF7F7
:10EE90003CFF040006D102A905F15C00F3F7DAF9A2
:10EEA000040000D010E02846F1F79BFB040004D1D9
:10EEB0002846F1F7EFFD040000D005E00598404535
:10EEC00001D0194C1A3400BF02A8F3F743F95CB122
:10EED0004FF68070044202D1A4F5745401E0114C45
:10EEE000803C2846F2F7BEFC20463EE72DE9F0477D
:10EEF0008AB005460E4617460496049800EB0708AC
:10EF000000200390302308AA414604A8FFF721FB04
:10EF100004000BD0A4F574500AB0BDE8F0870000DF
:10EF20009AC4FFFF80C3FFFF80C2FFFF08990498C7
:10EF300000EB010809AA414604A8FFF79AFB040068
:10EF400002D0A4F57450E7E7099810B1A4F5765003
:10EF5000E2E705AB03AA414604A8FFF73CFE040024
:10EF600002D0A4F57450D7E7042308AA414604A8A8
:10EF7000FFF7EFFA040002D0A4F57450CCE708982C
:10EF800008B95948C8E79DF80C00F0F787FF5FEA19
:10EF9000000A02D15448E030BEE751462846F0F757
:10EFA00084FF040001D02046B6E79DF80C0001283C
:10EFB00010D1D5E90001CDE9010102988146089AF6
:10EFC0000499FFF7BBFE040007D02846F0F756FF70
:10EFD0002046A1E74448E0309EE700209CE72DE969
:10EFE000FC5F04460E4615469B46DDF830806FF008
:10EFF0006D0900BF00BF1DB93B486030BDE8FC9FF4
:10F0000000BF00BF2A4631462046FFF76FFF5FEA88
:10F01000000900D1F2E72046F0F730FF2046F0F774
:10F0200027FF0120F0F73AFF824651462046F0F7CD
:10F030003CFF60B9D4E90001CDE900010198074621
:10F040002A463146FFF77AFE08B90020D6E7204667
:10F05000F0F714FF2046F0F70BFF23486030CDE7B0
:10F060002DE9FE4305460E4614466FF06D0700BFBE
:10F0700000BF1CB91C486030BDE8FE8300BF00BF64
:10F080000120F0F70BFF5FEA000902D11648E030DB
:10F09000F2E749462846F0F708FF070001D0384656
:10F0A000EAE70296D5E90001CDE900010198804622
:10F0B00002980119424602A8FFF71CFD07460FB946
:10F0C0003846D9E72846F0F7D9FE0848874201D0EC
:10F0D0003846D1E70296029801192A4602A8FFF79E
:10F0E000A9FD07463846C7E7A0C2FFFF9EC4FFFF41
:10F0F00010B5044600BF00BF4FF4C471204604F0B1
:10F10000F2FD10BD2DE9F04F99B08246002001902C
:10F11000029003900490059001A802AB102202A96E
:10F120000090504600F007FF0B9018B10B9819B0F3
:10F13000BDE8F08F9DF8080000069DF8091040EA30
:10F1400001409DF80A1040EA01209DF80B10084389
:10F150000021CDE908019DF80C0000069DF80D1076
:10F1600040EA01409DF80E1040EA01209DF80F1082
:10F1700008430021CDE906012022DDE90801CDE99F
:10F180000E1004F052FDDDE9063240EA030841EAC0
:10F1900002099DF8100000069DF8111040EA014098
:10F1A0009DF8121040EA01209DF813100843002139
:10F1B000CDE908019DF8140000069DF8151040EAFD
:10F1C00001409DF8161040EA01209DF817100843F1
:10F1D0000021CDE906012022DDE90801CDE90C106E
:10F1E00004F023FDDDE9063240EA030641EA0207A6
:10F1F0000AF14000C0E91067CAF80491CAF800811A
:10F200000021CAF8C010CAF8C410CAF84010CAF8E1
:10F2100044104FF0040B3EE0012030404FF06141BC
:10F22000A0FB010100903F2240464946CDE91698D7
:10F2300004F0FBFC04460D464FF00102304639460F
:10F24000CDE9147604F000FD44EA000645EA010722
:10F25000012240464946CDE9129804F0F5FC0446E7
:10F260000D464FF000014FF020020098CDE910103C
:10F2700004F0DBFC84EA000885EA01090AF1400099
:10F2800000EBCB00C0C00AF1C00000EBCB00C0E92E
:10F2900000894FEA6B0BBBF1000FBDDC4FF0020B96
:10F2A00031E00AF1400202EBCB00803202EBCB01ED
:10F2B000D1E90089D0E9006701220A921EE00AF133
:10F2C000C0020A9B02EBC3030CCB82EA080283EA6A
:10F2D00009030A9C01EBC4040CC40AF140020A9B16
:10F2E00002EBC302D2E9003273407A400A9C00EB81
:10F2F000C404C4E900320A9A521C0A920A9A5A4576
:10F30000DDDB4FEA4B0BBBF1080FCADD00200EE737
:10F310002DE9F04780460E4617461D466FF06D09F1
:10F3200000BF00BF00BF00BF00BF00BF01222946D1
:10F33000304600F000FD04461CB96FF01300BDE834
:10F34000F0876069102802D06FF01300F7E740469D
:10F3500000F014FD2146404600F041FD5FEA00093F
:10F3600001D04846EBE701232A463946404600F0E3
:10F3700051FD5FEA000901D04846E0E74046FFF74B
:10F38000C1FE5FEA000901D04846D8E70020D6E771
:10F390002DE9F74FBCB09246002004903D98C07B09
:10F3A00000F00F0003903C98C030039900EBC101BE
:10F3B000C0C93C984030039900EBC101D1E90089F4
:10F3C0000F20049096E004993D98405C00F00F00F7
:10F3D000039004993D98405C0009029004980F281E
:10F3E00042D008F00F0001903C2230463946CDE96A
:10F3F0000B7604F01AFC04460D464FF0040240461A
:10F400004946CDE9099804F01FFC44EA000845EAA2
:10F410000109042230463946CDE9077604F014FC90
:10F4200006460F46FE49019801EBC000D0E90010E6
:10F430003022CDE905010846059904F0F6FB464067
:10F440004F403C98C030039900EBC10103C94640CE
:10F450004F403C984030039900EBC100D0E90010C8
:10F4600081EA080880EA090908F00F0001903C22AF
:10F4700030463946CDE9137604F0D7FB04460D46F5
:10F480004FF0040240464946CDE9119804F0DCFBF8
:10F4900044EA000845EA0109042230463946CDE92C
:10F4A0000F7604F0D1FB06460F46DD49019801EBCB
:10F4B000C000D0E900103022CDE90D0108460D99B9
:10F4C00004F0B3FB46404F403C98C030029900EB3B
:10F4D000C100D0E900104E4047403C9840300299AE
:10F4E00000EBC10103C980EA080881EA0909049810
:10F4F000401E049004980028BFF665AF2022B34652
:10F50000584639463B9704F09FFB1822CDE9391045
:10F5100004F09AFB8AF80000202230463946CDE9F3
:10F52000377604F091FB1022CDE9351004F08CFB06
:10F530008AF80100202230463946CDE9337604F0BE
:10F5400083FB0822CDE9311004F07EFB8AF802002B
:10F55000202230463946CDE92F7604F075FB8AF833
:10F560000300182230463946CDE92D7604F06CFBB5
:10F570008AF80400102230463946CDE92B7604F093
:10F5800063FB8AF80500082230463946CDE9297622
:10F5900004F05AFB8AF806008AF8076020224046E9
:10F5A0004946CDE9279804F04FFB1822CDE92510F4
:10F5B00004F04AFB8AF80800202240464946CDE97B
:10F5C000239804F041FB1022CDE9211004F03CFB0C
:10F5D0008AF80900202240464946CDE91F9804F0E8
:10F5E00033FB0822CDE91D1004F02EFB8AF80A0037
:10F5F000202240464946CDE91B9804F025FB8AF8B5
:10F600000B00182240464946CDE9199804F01CFB2E
:10F610008AF80C00102240464946CDE9179804F0BC
:10F6200013FB8AF80D00082240464946CDE915989B
:10F6300004F00AFB8AF80E008AF80F803FB0BDE89C
:10F64000F08F2DE9FF4F89B004461E46179F6FF0DB
:10F650006D0006900020019000BF00BF00BF00BFFA
:10F6600000BF00BFBEB13D22B24607905046079989
:10F6700004F0EAFA00235840594008430BD13D22D8
:10F68000BB4608905846089904F0DEFA002358401B
:10F690005940084304D06FF013000DB0BDE8F08F5F
:10F6A00004F580700021016641668166C1660167CC
:10F6B00041678167C16704F5A0740A9820642160DE
:10F6C0006160A160E160A4F5A0740C2E0AD13246FD
:10F6D00004F5B0700B9904F0DFFA012140F26F10CD
:10F6E00001554CE000200290039004900590C6F371
:10F6F00047508DF81400C6F34F30C0B28DF8150096
:10F70000C6F35710C0B28DF81600F006000E8DF843
:10F710001700DDF82C901CE0102E01D2304600E0DE
:10F7200010208046002509E004F5B070405D19F80E
:10F730000510484004F5B07148556D1C4545F3D39C
:10F7400004F5B07211462046FFF722FEA6EB08062C
:10F75000C144002EE0D1002509E004F5B070405D01
:10F7600002A9495D484004F5B07148556D1C102D43
:10F77000F3D304F5B07211462046FFF709FE01A845
:10F7800004F5A873102204F5B0710090204600F033
:10F79000D2FB069008B106987FE70020C4F84871B4
:10F7A000C4F84C01DDF858901CE0102F01D2384607
:10F7B00000E010208046002509E004F5B870405DA7
:10F7C00019F80510484004F5B87148556D1C4545B9
:10F7D000F3D304F5B87211462046FFF7D9FDA7EB25
:10F7E0000807C144002FE0D1002056E72DE9F04F73
:10F7F00087B004460E46174698466FF06D00069097
:10F80000C3460020019000BF00BF00BF00BF00BF83
:10F8100000BFB8450BD9A8EB0700B04207D201E002
:10F82000009202006FF0130007B0BDE8F08FD4F82B
:10F830004021D4F84401921940F10000D4F840313D
:10F84000D4F84411D21A88410CD3D4F84021D4F80A
:10F850004401921940F100006FF01F030F219A1A22
:10F86000814102D26FF01300DEE7D4F84021D4F8D2
:10F870004401921940F10000C4F84021C4F8440149
:10F88000B94653E0102E01D2304600E010208246E7
:10F8900010250CE0681E04F5B071085C401C10F0E7
:10F8A000FF02A5F101000A5400D002E06D1E0C2DEC
:10F8B000F0D800BF01A802AB102204F5B07100908F
:10F8C000204600F038FB069008B10698ACE700250A
:10F8D00020E0D4F8800140B904F5B870405D19F813
:10F8E0000510484004F5B871485502A8405D19F864
:10F8F000051048400BF80500D4F88001012808D114
:10F9000004F5B870405D1BF80510484004F5B87167
:10F9100048556D1C5545DCD304F5B8721146204698
:10F92000FFF736FDA6EB0A06D144D344002EA9D139
:10F93000002079E72DE9F74FAAB000BF00BF00BF54
:10F9400000BF2A9901F5A07103C908220023A0FB7A
:10F95000024C01FB02C100FB03152A98082100F5A7
:10F96000A4700CC80020A2FB016C03FB01C102FBC8
:10F9700000172C98102802D82C98042804D26FF075
:10F9800013002DB0BDE8F08F2A9901F5A871DDE9CB
:10F990002B0204F081F9002184EA01006940084348
:10F9A00005D1002186EA0100794008437ED000207D
:10F9B00002900390049005902022B04640463946BC
:10F9C000299704F041F91822CDE9271004F03CF9F9
:10F9D000C0B28DF808002022B14648463946269725
:10F9E00004F032F91022CDE9241004F02DF9C0B250
:10F9F0008DF809002022B24650463946239704F07C
:10FA000023F90822CDE9211004F01EF9C0B28DF8C7
:10FA10000A002022B34658463946209704F014F9CC
:10FA2000C0B28DF80B00182230463946CDE91E765B
:10FA300004F00AF9C0B28DF80C00102230463946A5
:10FA4000CDE91C7604F000F9C0B28DF80D00082253
:10FA500030463946CDE91A7604F0F6F8C0B28DF892
:10FA60000E00F0B28DF80F00202220462946CDE985
:10FA7000185404F0E9F81822CDE9161004F0E4F85F
:10FA8000C0B28DF81000202220462946CDE914543A
:10FA900004F0DAF81022CDE9121004F0D5F8C0B263
:10FAA0008DF8110020222046294600E06AE0CDE9C9
:10FAB000105404F0C9F80822CDE90E1004F0C4F87F
:10FAC000C0B28DF81200202220462946CDE90C5400
:10FAD00004F0BAF8C0B28DF8130018222046294667
:10FAE000CDE90A5404F0B0F8C0B28DF81400102229
:10FAF00020462946CDE9085404F0A6F8C0B28DF896
:10FB00001500082220462946CDE9065404F09CF849
:10FB1000C0B28DF81600E0B28DF8170000200190F9
:10FB20000FE02A9800F5B8700199405C02AA515C78
:10FB300041402A9800F5B870019A81540198401C00
:10FB4000019001981028ECD32A9A02F5B8722A99EC
:10FB500001F5B8712A98FFF71BFC002001900DE019
:10FB600001992B98415C2A9800F5B870019A805C45
:10FB700041402B9881540198401C01902C99019888
:10FB80008842EDD30020FCE62DE9FE4F06460F46E5
:10FB900014461D46DDE90EABDDE90C896FF06D0002
:10FBA000029000BF00BF00BF00BF00BF00BF00BF8A
:10FBB00000BF00BF00BF00BF00BF43462A46394612
:10FBC0003046CDE9009AFFF73CFD029010B1029853
:10FBD000BDE8FE8F5A4621463046109BFFF706FED1
:10FBE000029008B10298F3E73046DDE91121FFF7F2
:10FBF000A1FE029008B10298EAE70020E8E72DE9AB
:10FC0000FF4F8DB00E4617469846DDF868B0DDF818
:10FC10007CA0DDF874906FF06D000C9000BF00BF09
:10FC200000BF00BF00BF00BF00BF00BF00BF00BFDC
:10FC300000BF00BF08A91E98CDE904A90691039052
:10FC40001B983B4632460021CDE9008B02900D986F
:10FC5000FFF79AFF0C9018B10C9811B0BDE8F08F27
:10FC60000025002406E01C98005D08A9095D4840B5
:10FC70000543641C4C45F6D335B131465046EBF78D
:10FC800025FB6FF01100E8E70020E6E710B5044619
:10FC900004B910BD204600F071F84FF4C47120463D
:10FCA000EBF714FB00BFF4E7F0B503460C461D4626
:10FCB00026460020002106E06F5C16F801C087EAA6
:10FCC0000C073843491C9142F6D3F0BDFE4800684A
:10FCD00060B9FE4AFE4902E012F8080B01C1107833
:10FCE0000028F9D108600120F74B1860F8487047E8
:10FCF0000246F64905E00878904201D1486870470D
:10FD0000083148680028F6D100BFF8E770B505460D
:10FD10000DB9002070BDED4C08E061688868294687
:10FD200004F02EF808B96068F4E708346068002829
:10FD3000F3D100BFEEE710B503460C46E3490FE0F0
:10FD4000486880690078984209D148684068A042B4
:10FD500005D148684078904201D1486810BD08310B
:10FD600048680028ECD100BFF8E710B5044600BF92
:10FD700000BF4021204603F0B6FF10BD10B5044679
:10FD800004B910BDE06B20B12268E06B9269916903
:10FD9000884740212046EBF799FA00BFF1E7034678
:10FDA00003B10AB9CB48704711600020FBE7024657
:10FDB00000BF00BF106818B110684078022801D059
:10FDC000C4487047042904D10020D060C2481061A3
:10FDD00002E0C0488030F4E700BF0020F1E770B5D2
:10FDE00005460C4600BF00BF0CB9BA4870BD4021A3
:10FDF000284603F078FFA16948698047E86310B995
:10FE0000B4488038F2E72C6004212846FFF7CFFF82
:10FE10000020EBE72DE9F04104460F4616461D464B
:10FE200000BF00BF00BF00BF00BF00BF206810B907
:10FE3000A848BDE8F0812068006910F0020F05D1E4
:10FE400020684068B04201D0A248F2E7666025729F
:10FE5000012D0BD020684078032807D02068407817
:10FE6000042803D020684078052807D1D4E900127F
:10FE7000E06B8969CB6839469847DAE73DB9D4E940
:10FE80000012E06B89690B6939469847D1E79148C0
:10FE9000CFE72DE9F04104460F46164600BF00BFEC
:10FEA00000BF00BF206810B98A48BDE8F081102E5D
:10FEB00002D988488030F8E72068006910F0010F07
:10FEC00001D0354605E02068C568B54201D98148B2
:10FED000EBE735B12A46394604F1280003F0DCFE91
:10FEE000A5630020E1E7014600BF00BF086808B92C
:10FEF000784870470020486200BFFAE77CB50446A6
:10FF00000D46164600BF00BF00BF00BF206808B9FD
:10FF100070487CBD2068407806280AD1CDE900569B
:10FF200094F9081004F12802D4E90E30FFF789FB98
:10FF3000EFE70020EDE72DE9FC5F04468946154612
:10FF40009A460C9F6FF06D0B00BF00BF00BF00BF53
:10FF500000BF00BF00BF00BF206810B95D48BDE80A
:10FF6000FC9F00203860204600F079FA06460EB962
:10FF70005A48F4E720684078012815D1B54201D0ED
:10FF80005748ECE73D6094F908102268E06B9269ED
:10FF90005346D2F804C04A46E0475FEA000B01D05E
:10FFA0005846DCE70020DAE720684078062807D1C9
:10FFB0003D6053464A462946E06BFFF717FCCEE703
:10FFC000D14508D1606A20B9B5FBF6F006FB1050A8
:10FFD00008B14048C3E720684078022872D14FF04A
:10FFE0000008207A28B9E06818B1606A301AA8427F
:10FFF0000ED2207A28B9E06818B9606A301AA8428F
:020000040002F8
:1000000006D8207A012810D1606A301AA8420CD98B
:1000100004F11401626A50182A46494603F03CFE76
:10002000606A28446062002099E7606A38B3606AB9
:10003000A6EB000804F11401626A501842464946D2
:1000400003F02AFE04F11400CDE9000A94F9081027
:100050002268E06B926904F12803D2F808C03246A6
:10006000E0475FEA000B01D0584678E73868304433
:100070003860B24400206062C144A5EB0805CDB1F0
:10008000B5FBF6F006FB1058B8F1000F04D1207A4A
:1000900010B9E06800B1B046A5EB080000EB09011B
:1000A000424604F1140003F0F7FD606A40446062C8
:1000B000A5EB08052DB3CDE9009A94F90810226844
:1000C000E06B0FE01FE00000A0030020AC910200F5
:1000D00074320020009FFFFF9FFD0100809CFFFF06
:1000E000809DFFFF926904F12803D2F808C02A46D8
:1000F000E0475FEA000B01D0584630E738682844F3
:10010000386000202BE7DB4829E72DE9FC41044655
:100110000D46164600BF00BF00BF00BF00BF00BFB6
:10012000206818B9D3488038BDE8FC8100203060D1
:1001300020684078032813D02068407804280FD026
:100140002068407805280BD020684078062807D022
:1001500020684078092803D020684078072801D11A
:100160000020E1E720680078482803D02068007864
:10017000492801D10020D7E720684078012805D11F
:10018000606A08B1BC48CFE70020CDE7206840781E
:10019000022858D10027207A01281DD1E06828B90B
:1001A000606A08B1B448BFE70020BDE700BF00BFE8
:1001B00000BF00BF206808B9002005E0A06B08B1AF
:1001C000A06B01E02068C0688046414604F114003D
:1001D000E368626A98470DE0204600F040F9616AE2
:1001E000884207D0E06818B9606A08B900209BE728
:1001F000A14899E7204600F032F9804604F1140046
:10020000CDE9000594F908102268E06B926904F1C9
:100210002803D2F808C04246E047070001D038461C
:1002200082E7207A48B9204600F019F98046324624
:10023000414628462369984776E7204600F00FF9A3
:100240003060002070E78B486EE770B504460D46BD
:10025000164600BF00BF00BF00BF206810B9854828
:10026000803870BD207A012802D082488038F8E7B3
:1002700020684078062805D132462946E06BFFF712
:1002800059FBEEE70020ECE72DE9FF4104460D465F
:1002900016466FF06D0700BF00BF00BF00BF2068AB
:1002A00020B97448803804B0BDE8F081207A10B1DC
:1002B00070488038F7E720684078062818D1102E5B
:1002C00002D96C488038EEE732466946E06BFFF7AA
:1002D00031FB070001D03846E5E73246694628463B
:1002E000FFF7E2FC10B164488038DCE70020DAE771
:1002F0000020D8E72DE9FC5F0746884691461D4659
:10030000DDE90CA60E9C6FF06D0B00BF00BF00BFB7
:1003100000BF00BF00BF00BF00BF00BF00BF4A4614
:1003200041463846FFF7B5FD5FEA000B02D058465C
:10033000BDE8FC9F3846FFF7D6FD5FEA000B01D011
:100340005846F5E733465246294638460094FFF7AB
:10035000F2FD5FEA000B01D05846E9E720688119F9
:1003600001AA3846FFF7D1FE5FEA000B01D05846DC
:10037000DEE720680199084420600020D8E72DE9D5
:10038000F04F87B004460D4616461F46DDE9128B36
:10039000DDE9109A00BF00BF00BF00BF00BF00BF73
:1003A00000BF00BF00BF00BF00BF00BF00BF00BF55
:1003B00020684078062811D11498C0F80080DDE943
:1003C00015018DE8C00ECDE905102B4642460121EE
:1003D000E06BFFF7D9FB07B0BDE8F08F2548FAE7DF
:1003E0002DE9F04F87B004460D4616461F46DDE95D
:1003F000128BDDF844A000BF00BF00BF00BF00BFEC
:1004000000BF00BF00BF00BF00BF00BF00BF00BFF4
:1004100000BF2068407806281FD16FF06D0914983E
:10042000C0F80080DDE91501CDE904ABCDE902019A
:100430001098CDE9007033462A464146E06BFFF73D
:10044000DEFB814619F1120003D1DFF82C90A9F1EF
:100450008009484607B0BDE8F08F0648FAE7014634
:1004600000BF00BF086808B90020704708684069ED
:10047000FBE70000809FFFFF809DFFFF2DE9F04319
:10048000BBB00646884615461F46DDF808910EB1FA
:1004900005B117B93BB0BDE8F083B9F1400F00DDFD
:1004A000F8E740212BA803F01EFC40211BA803F015
:1004B0001AFC4A4639462BA803F0EEFB4A46394659
:1004C0001BA803F0E9FB00240CE02BA8005D80F0E2
:1004D00036002BA908551BA8005D80F05C001BA905
:1004E0000855641C402CF0DB01A800F040F901A87D
:1004F00000F057F940222BA901A800F0EAFD42467E
:10050000314601A800F0E5FD17A901A800F01FFE83
:1005100001A800F02CF901A800F043F940221BA922
:1005200001A800F0D6FD102217A901A800F0D1FD06
:1005300017A901A800F00BFE00240FE017A9095D20
:10054000081100F084FE05F8140017A9085D00F0FA
:100550007EFE012101EB44016854641C102CEDDB8C
:1005600000BF97E72DE9F043BDB006468846154623
:100570001F46DDF810910EB105B117B93DB0BDE8C9
:10058000F083B9F1400F00DDF8E7402116A803F031
:10059000AAFB402106A803F0A6FB4A46394616A846
:1005A00003F07AFB4A46394606A803F075FB00249F
:1005B0000CE016A8005D80F0360016A9085506A8C4
:1005C000005D80F05C0006A90855641C402CF0DB3F
:1005D00026A800F056FE26A800F06DFE402216A9BF
:1005E00026A802F00CFB4246314626A802F007FB83
:1005F00001A926A802F041FB26A800F042FE26A889
:1006000000F059FE402206A926A802F0F8FA1422AA
:1006100001A926A802F0F3FA01A926A802F02DFBF1
:1006200000240FE001A9095D081100F010FE05F893
:10063000140001A9085D00F00AFE012101EB44014C
:100640006854641C142CEDDB00BF97E72DE9F843D8
:1006500005460F460026B04674E0FF220421684696
:1006600003F03AFB002409E03A480068005DA95D08
:10067000884201D18DF80040601CC4B2402CF3DBED
:1006800000240AE033480068015D701C285C814248
:1006900001D18DF80140601CC4B2402CF2DB002473
:1006A0000AE02C480068015DB01C285C814201D141
:1006B0008DF80240601CC4B2402CF2DB00240AE03A
:1006C00024480068015DF01C285C814201D18DF84E
:1006D0000340601CC4B2402CF2DB9DF80000800097
:1006E00000F0FC009DF80110C1F3011108434146E0
:1006F00008F101087854B01C285C3D2800D124E0A2
:100700009DF80100000100F0F0009DF80210C1F317
:1007100083010843414608F101087854F01C285C25
:100720003D2800D111E09DF80200800100F0F000AA
:100730009DF8031001F03F010843414608F101080C
:100740007854361DA85D002887D100BF4046BDE81B
:10075000F8830000A403002010B5024602E0002345
:1007600002F8013B0B00A1F10101F8D110BD10B559
:1007700004465821204603F0B6FA10BD10B50446D1
:1007800004B910BD58212046FFF7E6FF00BFF8E787
:1007900070B504460D4658222946204603F07CFADF
:1007A00070BD002101604160FE498160FE4AC26067
:1007B000CA430261FC4AD24342617047F0B590B02F
:1007C00005460C462678677846EA0726A77846EA63
:1007D0000746E77846EA076600962679677946EA8B
:1007E0000726A77946EA0746E77946EA07660196AB
:1007F000267A677A46EA0726A77A46EA0746E77A1C
:1008000046EA07660296267B677B46EA0726A77BB1
:1008100046EA0746E77B46EA07660396267C677C3E
:1008200046EA0726A77C46EA0746E77C46EA0766CB
:100830000496267D677D46EA0726A77D46EA074699
:10084000E77D46EA07660596267E677E46EA072626
:10085000A77E46EA0746E77E46EA07660696267FB3
:10086000677F46EA0726A77F46EA0746E77F46EA0C
:100870000766079694F8206094F8217046EA0726E8
:1008800094F8227046EA074694F8237046EA076611
:10089000089694F8246094F8257046EA072694F8A0
:1008A000267046EA074694F8277046EA07660996D6
:1008B00094F8286094F8297046EA072694F82A707C
:1008C00046EA074694F82B7046EA07660A9694F8BB
:1008D0002C6094F82D7046EA072694F82E7046EAAC
:1008E000074694F82F7046EA07660B9694F8306036
:1008F00094F8317046EA072694F8327046EA0746C3
:1009000094F8337046EA07660C9694F8346094F8CD
:10091000357046EA072694F8367046EA074694F89A
:10092000377046EA07660D9694F8386094F8397087
:1009300046EA072694F83A7046EA074694F83B7070
:1009400046EA07660E9694F83C6094F83D7046EAD5
:10095000072694F83E7046EA074694F83F7046EA48
:1009600007660F96A868E9682A696B6982EA030638
:100970000E405E40009F3E448C4F3E443044C601D2
:1009800046EA5066701881EA020606405640019F0A
:100990003E44874F3E4433441E0346EA1356331801
:1009A00080EA01061E404E40029F3E44814F3E4475
:1009B0003244560446EAD236F21883EA000616405C
:1009C0004640039F3E447C4F3E4431448E0546EAF8
:1009D0009126B11882EA03060E405E40049F3E4411
:1009E000764F3E443044C60146EA5066701881EAAC
:1009F000020606405640059F3E44714F3E44334434
:100A00001E0346EA1356331880EA01061E404E4084
:100A1000069F3E446B4F3E443244560446EAD2366B
:100A2000F21883EA000616404640079F3E44664F90
:100A30003E4431448E0546EA9126B11882EA030607
:100A40000E405E40089F3E44604F3E443044C60125
:100A500046EA5066701881EA020606405640099F31
:100A60003E445B4F3E4433441E0346EA135633185C
:100A700080EA01061E404E400A9F3E44A6F52446E9
:100A80004F3E3244560446EAD236F21883EA000654
:100A9000164046400B9F3E444E4F3E4431448E0527
:100AA00046EA9126B11882EA03060E405E400C9F8A
:100AB0003E44494F3E443044C60146EA50667018F1
:100AC00081EA0206064056400D9F3E44434F3E4495
:100AD00033441E0346EA1356331880EA01061E40CB
:100AE0004E400E9F3E443E4F3E443244560446EA3A
:100AF000D236F21883EA0006164046400F9F3E4465
:100B0000384F3E4431448E0546EA9126B11881EAB9
:100B100002061E405640019F3E44334F3E4430443F
:100B2000460146EAD066701880EA010616404E403B
:100B3000069F3E442D4F3E4433445E0246EAD35660
:100B4000331883EA00060E4046400B9F3E44284F70
:100B50003E443244960346EA9246F21882EA03067D
:100B600006405E40009F3E44224F3E4431440E0505
:100B700046EA1136B11881EA02061E405640059F2A
:100B80003E441D4F3E443044460146EAD06670184C
:100B900080EA010616404E400A9F3E44174F3E44ED
:100BA00033442DE00123456789ABCDEF78A46AD7A4
:100BB00056B7C7E8DB702024EECEBDC1AF0F7CF581
:100BC0002AC68747134630A8019546FDD898806904
:100BD000AFF7448BBED75C892211906B937198FD5F
:100BE0008E4379A62108B44962251EF640B340C061
:100BF000515A5E26AAC7B6E95D102FD65314440297
:100C00005E0246EAD356331883EA00060E40464099
:100C10000F9F3E44FE4F3E443244960346EA9246BE
:100C2000F21882EA030606405E40049F3E44F94FF4
:100C30003E4431440E0546EA1136B11881EA0206F7
:100C40001E405640099F3E44F34F3E443044460107
:100C500046EAD066701880EA010616404E400E9FA4
:100C60003E44EE4F3E4433445E0246EAD3563318C8
:100C700083EA00060E404640039F3E44E84F3E4450
:100C80003244960346EA9246F21882EA0306064088
:100C90005E40089F3E44E34F3E4431440E0546EA21
:100CA0001136B11881EA02061E4056400D9F3E449F
:100CB000DD4F3E443044460146EAD066701880EA73
:100CC000010616404E40029F3E44D84F3E443344F6
:100CD0005E0246EAD356331883EA00060E404640C9
:100CE000079F3E44D24F3E443244960346EA924622
:100CF000F21882EA030606405E400C9F3E44CD4F48
:100D00003E4431440E0546EA1136B11881EA020626
:100D10005E40059F3E44C84F3E443044060146EACB
:100D20001076701880EA01065640089F3E44C34F73
:100D30003E443344DE0246EA5356331883EA000643
:100D40004E400B9F3E44BE4F3E443244160446EA9A
:100D50001246F21882EA030646400E9F3E44B94FFF
:100D60003E443144CE0546EA5126B11881EA0206D6
:100D70005E40019F3E44B44F3E443044060146EA83
:100D80001076701880EA01065640049F3E44AF4F2B
:100D90003E443344DE0246EA5356331883EA0006E3
:100DA0004E40079F3E44AA4F3E443244160446EA52
:100DB0001246F21882EA030646400A9F3E44A54FB7
:100DC0003E443144CE0546EA5126B11881EA020676
:100DD0005E400D9F3E44A04F3E443044060146EA2B
:100DE0001076701880EA01065640009F3E449B4FE3
:100DF0003E443344DE0246EA5356331883EA000683
:100E00004E40039F3E44964F3E443244160446EA09
:100E10001246F21882EA03064640069F3E44914F6E
:100E20003E443144CE0546EA5126B11881EA020615
:100E30005E40099F3E448C4F3E443044060146EAE2
:100E40001076701880EA010656400C9F3E44874F8A
:100E50003E443344DE0246EA5356331883EA000622
:100E60004E400F9F3E44824F3E443244160446EAB1
:100E70001246F21882EA03064640029F3E447D4F26
:100E80003E443144CE0546EA5126B11861EA0306D4
:100E90005640009F3E44784F3E443044860146EA27
:100EA0009066701860EA02064E40079F3E44734FFA
:100EB0003E4433449E0246EA9356331863EA0106E1
:100EC00046400E9F3E446E4F3E443244D60346EAAF
:100ED0005246F21862EA00065E40059F3E44694FA2
:100EE0003E4431444E0546EAD126B11861EA030674
:100EF00056400C9F3E44644F3E443044860146EACF
:100F00009066701860EA02064E40039F3E445F4FB1
:100F10003E4433449E0246EA9356331863EA010680
:100F200046400A9F3E445A4F3E443244D60346EA66
:100F30005246F21862EA00065E40019F3E44554F59
:100F40003E4431444E0546EAD126B11861EA030613
:100F50005640089F3E44504F3E443044860146EA86
:100F60009066701860EA02064E400F9F3E444B4F59
:100F70003E4433449E0246EA9356331863EA010620
:100F80004640069F3E44464F3E443244D60346EA1E
:100F90005246F21862EA00065E400D9F3E44414F01
:100FA0003E4431444E0546EAD126B11861EA0306B3
:100FB0005640049F3E443C4F3E443044860146EA3E
:100FC0009066701860EA02064E400B9F3E44374F11
:100FD0003E4433449E0246EA9356331863EA0106C0
:100FE0004640029F3E44324F3E443244D60346EAD6
:100FF0005246F21862EA00065E40099F3E442D4FB9
:101000003E4431444E0546EAD126B118AE6853E05D
:1010100081E6A1D8C8FBD3E7E6CDE121D60737C3E7
:10102000870DD5F4ED145A4505E9E3A9F8A3EFFCC3
:10103000D9026F678A4C2A8D4239FAFF81F671878F
:1010400022619D6D0C38E5FD44EABEA4A9CFDE4BBC
:10105000604BBBF670BCBFBEC67E9B28FA27A1EAD8
:101060008530EFD4051D880439D0D4D9E599DBE665
:10107000F87CA21F6556ACC4442229F497FF2A438A
:10108000A72394AB39A093FCC3595B6592CC0C8F1A
:101090007DF4EFFFD15D84854F7EA86FE0E62CFEE6
:1010A000144301A3A111084E827E53F735F23ABDD5
:1010B000BBD2D72A91D386EB0644AE60EE68771890
:1010C000EF602E69B7182F616E69F7186F6110B065
:1010D000F0BD2DE9F0410446884615460DB9BDE83E
:1010E000F081206800F03F07C7F1400620682844DF
:1010F0002060206820602068A84202D26068401CFE
:10110000606087B1B5420ED304F11801C8193246A8
:10111000414602F0C1FD04F118012046FFF74EFBE5
:10112000B044AD1B002706E041462046FFF746FBD2
:1011300008F14008403D402DF6D235B104F11801C8
:10114000C8192A46414602F0A7FD00BFC7E72DE9AE
:10115000FC4704460D462068400F616840EAC1061E
:101160002068C700F8B28DF80000380A8DF8010039
:10117000380C8DF80200380E8DF80300F0B28DF8AF
:101180000400300A8DF80500300C8DF80600300E92
:101190008DF80700206800F03F08B8F1380F02D240
:1011A000C8F1380001E0C8F1780081464A462E496E
:1011B0002046FFF78EFF082269462046FFF789FF89
:1011C000A0682870A068000A6870A068000CA87069
:1011D000A068000EE870E0682871E068000A687195
:1011E000E068000CA871E068000EE87120692872C0
:1011F0002069000A68722069000CA8722069000E3C
:10120000E872606928736069000A68736069000C9D
:10121000A8736069000EE873BDE8FC8770B596B0EE
:1012200004460D4616466846FFF7A1FA6846FFF7E2
:10123000B8FA2A4621466846FFF74BFF3146684612
:10124000FFF785FF6846FFF799FA16B070BD0146B3
:1012500001F00F010A2902DA01F1300001E001F189
:10126000570040B2704700008092020010B502465D
:1012700002E0002302F8013B0B00A1F10101F8D1CB
:1012800010BD10B504465C21204602F02CFD10BDB7
:1012900010B5044604B910BD5C212046FFF7E6FFF7
:1012A00000BFF8E770B504460D465C22294620468B
:1012B00002F0F2FC70BD002101604160FE498160D6
:1012C000FE4AC260CA430261FC4AD2434261FC4A00
:1012D000826170472DE9F04390B007460E4696F8BC
:1012E00000C04FEA0C6C96F801804CEA084C96F866
:1012F00002804CEA082C96F803804CEA080CCDF8E2
:1013000000C096F804C04FEA0C6C96F805804CEAD1
:10131000084C96F806804CEA082C96F807804CEAB0
:10132000080CCDF804C096F808C04FEA0C6C96F88B
:1013300009804CEA084C96F80A804CEA082C96F88A
:101340000B804CEA080CCDF808C096F80CC04FEAA8
:101350000C6C96F80D804CEA084C96F80E804CEA1E
:10136000082C96F80F804CEA080CCDF80CC096F8C3
:1013700010C04FEA0C6C96F811804CEA084C96F8B5
:1013800012804CEA082C96F813804CEA080CCDF831
:1013900010C096F814C04FEA0C6C96F815804CEA11
:1013A000084C96F816804CEA082C96F817804CEA00
:1013B000080CCDF814C096F818C04FEA0C6C96F8DB
:1013C00019804CEA084C96F81A804CEA082C96F8DA
:1013D0001B804CEA080CCDF818C096F81CC04FEAE8
:1013E0000C6C96F81D804CEA084C96F81E804CEA6E
:1013F000082C96F81F804CEA080CCDF81CC096F813
:1014000020C04FEA0C6C96F821804CEA084C96F804
:1014100022804CEA082C96F823804CEA080CCDF880
:1014200020C096F824C04FEA0C6C96F825804CEA50
:10143000084C96F826804CEA082C96F827804CEA4F
:10144000080CCDF824C096F828C04FEA0C6C96F82A
:1014500029804CEA084C96F82A804CEA082C96F829
:101460002B804CEA080CCDF828C096F82CC04FEA27
:101470000C6C96F82D804CEA084C96F82E804CEABD
:10148000082C96F82F804CEA080CCDF82CC096F862
:1014900030C04FEA0C6C96F831804CEA084C96F854
:1014A00032804CEA082C96F833804CEA080CCDF8D0
:1014B00030C096F834C04FEA0C6C96F835804CEA90
:1014C000084C96F836804CEA082C96F837804CEA9F
:1014D000080CCDF834C096F838C04FEA0C6C96F87A
:1014E00039804CEA084C96F83A804CEA082C96F879
:1014F0003B804CEA080CCDF838C096F83CC04FEA67
:101500000C6C96F83D804CEA084C96F83E804CEA0C
:10151000082C96F83F804CEA080CCDF83CC0B8681F
:10152000F9683A697B69BC694FEA401C4CEAD068AB
:1015300082EA030C0CEA010C8CEA030CC444DFF8C9
:101540008481C444DDF80080C44464444FEA817C53
:101550004CEA91014FEA441C4CEAD46881EA020C3F
:101560000CEA000C8CEA020CC444DFF85881C44435
:10157000DDF80480C44463444FEA807C4CEA900068
:101580004FEA431C4CEAD36880EA010C0CEA040CD5
:101590008CEA010CC444DFF82C81C444DDF80880D7
:1015A000C44462444FEA847C4CEA94044FEA421CEF
:1015B0004CEAD26884EA000C0CEA030C8CEA000CBA
:1015C000C444DFF80081C444DDF80C80C4446144A5
:1015D0004FEA837C4CEA93034FEA411C4CEAD16802
:1015E00083EA040C0CEA020C8CEA040CC444DFF815
:1015F000D480C444DDF81080C44460444FEA827C47
:101600004CEA92024FEA401C4CEAD06882EA030C92
:101610000CEA010C8CEA030CC444DFF8A880C44433
:10162000DDF81480C44464444FEA817C4CEA9101A3
:101630004FEA441C4CEAD46881EA020C0CEA000C24
:101640008CEA020CC444DFF87C80C444DDF81880C6
:10165000C44463444FEA807C4CEA90004FEA431C48
:101660004CEAD36880EA010C0CEA040C8CEA010C09
:10167000C444DFF85080C444DDF81C80C444624494
:101680004FEA847C4CEA94044FEA421C4CEAD2684C
:1016900084EA000C0CEA030C8CEA000CC444DFF86A
:1016A0002480C444DDF82080C44461444FEA837C34
:1016B0004CEA930308E000000123456789ABCDEFB6
:1016C000F0E1D2C39979825A4FEA411C4CEAD168C1
:1016D00083EA040C0CEA020C8CEA040CC444DFF824
:1016E000F88FC444DDF82480C44460444FEA827C0F
:1016F0004CEA92024FEA401C4CEAD06882EA030CA2
:101700000CEA010C8CEA030CC444DFF8CC8FC4440F
:10171000DDF82880C44464444FEA817C4CEA91019E
:101720004FEA441C4CEAD46881EA020C0CEA000C33
:101730008CEA020CC444DFF8A08FC444DDF82C808E
:10174000C44463444FEA807C4CEA90004FEA431C57
:101750004CEAD36880EA010C0CEA040C8CEA010C18
:10176000C444DFF8748FC444DDF83080C44462445C
:101770004FEA847C4CEA94044FEA421C4CEAD2685B
:1017800084EA000C0CEA030C8CEA000CC444DFF879
:10179000488FC444DDF83480C44461444FEA837CFC
:1017A0004CEA93034FEA411C4CEAD16883EA040CEB
:1017B0000CEA020C8CEA040CC444DFF81C8FC4440D
:1017C000DDF83880C44460444FEA827C4CEA9202DF
:1017D0004FEA401C4CEAD06882EA030C0CEA010C88
:1017E0008CEA030CC444DFF8F08EC444DDF83C807E
:1017F000C44464444FEA817C4CEA9101DDF834C072
:10180000DDF820808CEA080CDDF808808CEA080CF2
:10181000DDF800808CEA08054FEA450C4CEAD578E3
:101820004FEA441C4CEAD46981EA020C0CEA000C31
:101830008CEA020CCC44DFF8A09ECC44C444634440
:10184000CDF800804FEA807C4CEA9000DDF838C08B
:10185000DDF824808CEA080CDDF80C808CEA080C9A
:10186000DDF804808CEA08054FEA450C4CEAD5788F
:101870004FEA431C4CEAD36980EA010C0CEA040CE1
:101880008CEA010CCC44DFF8509ECC44C444624442
:10189000CDF804804FEA847C4CEA9404DDF83CC027
:1018A000DDF828808CEA080CDDF810808CEA080C42
:1018B000DDF808808CEA08054FEA450C4CEAD5783B
:1018C0004FEA421C4CEAD26984EA000C0CEA030C91
:1018D0008CEA000CCC44DFF8009ECC44C444614444
:1018E000CDF808804FEA837C4CEA9303DDF800C012
:1018F000DDF82C808CEA080CDDF814808CEA080CEA
:10190000DDF80C808CEA08054FEA450C4CEAD578E6
:101910004FEA411C4CEAD16983EA040C0CEA020C40
:101920008CEA040CCC44DFF8B09DCC44C444604441
:10193000CDF80C804FEA827C4CEA9202DDF804C0BC
:10194000DDF830808CEA080CDDF818808CEA080C91
:10195000DDF810808CEA08054FEA450C4CEAD57892
:101960004FEA401C4CEAD06981EA020C8CEA030C75
:10197000CC44DFF8689DCC44C4446444CDF8108066
:101980004FEA817C4CEA9101DDF808C0DDF8348033
:101990008CEA080CDDF81C808CEA080CDDF8148059
:1019A0008CEA08054FEA450C4CEAD5784FEA441C0E
:1019B0004CEAD46980EA010C8CEA020CCC44DFF8D2
:1019C0001C9DCC44C4446344CDF814804FEA807C11
:1019D0004CEA9000DDF80CC0DDF838808CEA080C89
:1019E000DDF820808CEA080CDDF818808CEA080508
:1019F0004FEA450C4CEAD5784FEA431C4CEAD369D0
:101A000084EA000C8CEA010CCC44DFF8D09CCC4476
:101A1000C4446244CDF818804FEA847C4CEA9404B4
:101A2000DDF810C0DDF83C808CEA080CDDF824807D
:101A30008CEA080CDDF81C808CEA08054FEA450C9E
:101A40004CEAD5784FEA421C4CEAD26983EA040C8E
:101A50008CEA000CCC44DFF8849CCC44C444614440
:101A6000CDF81C804FEA837C4CEA9303DDF814C068
:101A7000DDF800808CEA080CDDF828808CEA080C80
:101A8000DDF820808CEA08054FEA450C4CEAD57851
:101A90004FEA411C4CEAD16982EA030C8CEA040C3F
:101AA000CC44DFF8389CCC44C4446044CDF820805A
:101AB0004FEA827C4CEA9202DDF818C0DDF804801F
:101AC0008CEA080CDDF82C808CEA080CDDF8248008
:101AD0008CEA08054FEA450C4CEAD5784FEA401CE1
:101AE0004CEAD06981EA020C8CEA030CCC44DFF8A2
:101AF000EC9BCC44C4446444CDF824804FEA817C00
:101B00004CEA9101DDF81CC0DDF808808CEA080C75
:101B1000DDF830808CEA080CDDF828808CEA0805B6
:101B20004FEA450C4CEAD5784FEA441C4CEAD4699C
:101B300080EA010C8CEA020CCC44DFF8A09BCC4478
:101B4000C4446344CDF828804FEA807C4CEA90007E
:101B5000DDF820C0DDF80C808CEA080CDDF834805C
:101B60008CEA080CDDF82C808CEA08054FEA450C5D
:101B70004CEAD5784FEA431C4CEAD36984EA000C5E
:101B80008CEA010CCC44DFF8549BCC44C44462443E
:101B9000CDF82C804FEA847C4CEA9404DDF824C014
:101BA000DDF810808CEA080CDDF838808CEA080C2F
:101BB000DDF830808CEA08054FEA450C4CEAD57810
:101BC0004FEA421C4CEAD26983EA040C8CEA000C0E
:101BD000CC44DFF8089BCC44C4446144CDF8308049
:101BE0004FEA837C4CEA9303DDF828C0DDF81480CB
:101BF0008CEA080CDDF83C808CEA080CDDF83480B7
:101C00008CEA08054FEA450C4CEAD5784FEA411CAE
:101C10004CEAD16982EA030C8CEA040CCC44DFF86C
:101C2000BC9ACC44C4446044CDF834804FEA827CF2
:101C30004CEA9202DDF82CC0DDF818808CEA080C22
:101C4000DDF800808CEA080CDDF838808CEA0805A5
:101C50004FEA450C4CEAD5784FEA401C4CEAD06973
:101C600081EA020C8CEA030CCC44DFF8709ACC4475
:101C7000C4446444CDF838804FEA817C4CEA910139
:101C8000DDF830C0DDF81C808CEA080CDDF804803B
:101C90008CEA080CDDF83C808CEA08054FEA450C1C
:101CA0004CEAD5784FEA441C4CEAD46980EA010C2E
:101CB0008CEA020CCC44DFF8249ACC44C44463443C
:101CC000CDF83C804FEA807C4CEA9000DDF834C0CF
:101CD000DDF820808CEA080CDDF808808CEA080C1E
:101CE000DDF800808CEA08054FEA450C4CEAD5780F
:101CF0004FEA431C4CEAD36984EA000C8CEA010CDD
:101D0000CC44DFF8D899CC44C4446244CDF8008078
:101D10004FEA847C4CEA9404DDF838C0DDF8248076
:101D20008CEA080CDDF80C808CEA080CDDF80480E5
:101D30008CEA08054FEA450C4CEAD5784FEA421C7C
:101D40004CEAD26983EA040C8CEA000CCC44DFF83C
:101D50008C99CC44C4446144CDF804804FEA837C20
:101D60004CEA9303DDF83CC0DDF828808CEA080CCF
:101D7000DDF810808CEA080CDDF808808CEA080594
:101D80004FEA450C4CEAD5784FEA411C4CEAD16940
:101D900082EA030C8CEA040CCC44DFF84099CC4472
:101DA000C4446044CDF808804FEA827C4CEA920239
:101DB000DDF800C0DDF82C808CEA080CDDF814801A
:101DC0008CEA080CDDF80C808CEA08054FEA450C1B
:101DD0004CEAD5784FEA401C4CEAD06981EA020C03
:101DE0008CEA030CCC44DFF8F498CC44C44464443B
:101DF000CDF80C804FEA817C4CEA9101DDF804C0FB
:101E0000DDF830808CEA080CDDF818808CEA080CCC
:101E1000DDF810808CEA08054FEA450C4CEAD578CD
:101E20004FEA441C4CEAD46980EA010C8CEA020CAB
:101E3000CC44DFF8A898CC44C4446344CDF8108067
:101E40004FEA807C4CEA9000DDF808C0DDF8348071
:101E50008CEA080CDDF81C808CEA080CDDF8148094
:101E60008CEA08054FEA450C4CEAD5784FEA431C4A
:101E70004CEAD36984EA000C8CEA010CCC44DFF80C
:101E80005C98CC44C4446244CDF814804FEA847C0E
:101E90004CEA9404DDF80CC0DDF838808CEA080CBC
:101EA000DDF820808CEA080CDDF818808CEA080543
:101EB0004FEA450C4CEAD5784FEA421C4CEAD2690D
:101EC00083EA040C8CEA000CCC44DFF81098CC4474
:101ED000C4446144CDF818804FEA837C4CEA9303F4
:101EE000DDF810C0DDF83C808CEA080CDDF82480B9
:101EF0008CEA080CDDF81C808CEA08054FEA450CDA
:101F00004CEAD5784FEA411C4CEAD16982EA030CCD
:101F10008CEA040CCC44DFF8C497CC44C44460443D
:101F2000CDF81C804FEA827C4CEA92024FEA401CBA
:101F30004CEAD06901EA020C41EA020808EA030807
:101F40004CEA080CCC44DFF89887E044DDF814C074
:101F5000DDF800908CEA090CDDF828908CEA090C79
:101F6000DDF820908CEA09054FEA450C4CEAD57C57
:101F7000CDF820C0C44464444FEA817C4CEA91010E
:101F80004FEA441C4CEAD46900EA010C40EA01081B
:101F900008EA02084CEA080CCC44DFF84487E04425
:101FA000DDF818C0DDF804908CEA090CDDF82C90FF
:101FB0008CEA090CDDF824908CEA09054FEA450CFF
:101FC0004CEAD57CCDF824C0C44463444FEA807CFD
:101FD0004CEA90004FEA431C4CEAD36904EA000C37
:101FE00044EA000808EA01084CEA080CCC44DFF88F
:101FF000F086E044DDF81CC0DDF808908CEA090C9E
:10200000DDF830908CEA090CDDF828908CEA09059F
:102010004FEA450C4CEAD57CCDF828C0C444624454
:102020004FEA847C4CEA94044FEA421C4CEAD269A1
:1020300003EA040C43EA040808EA00084CEA080C26
:10204000CC44DFF89C86E044DDF820C0DDF80C903D
:102050008CEA090CDDF834908CEA090CDDF82C9040
:102060008CEA09054FEA450C4CEAD57CCDF82CC02A
:10207000C44461444FEA837C4CEA93034FEA411C19
:102080004CEAD16902EA030C42EA030808EA0408B0
:102090004CEA080CCC44DFF84886E044DDF824C064
:1020A000DDF810908CEA090CDDF838908CEA090C08
:1020B000DDF830908CEA09054FEA450C4CEAD57CF6
:1020C000CDF830C0C44460444FEA827C4CEA9202AE
:1020D0004FEA401C4CEAD06901EA020C41EA0208CE
:1020E00008EA03084CEA080CCC44DFF8F485E04425
:1020F000DDF828C0DDF814908CEA090CDDF83C907E
:102100008CEA090CDDF834908CEA09054FEA450C9D
:102110004CEAD57CCDF834C0C44464444FEA817C99
:102120004CEA91014FEA441C4CEAD46900EA010CE4
:1021300040EA010808EA02084CEA080CCC44DFF83F
:10214000A085E044DDF82CC0DDF818908CEA090C7D
:10215000DDF800908CEA090CDDF838908CEA09056E
:102160004FEA450C4CEAD57CCDF838C0C4446344F2
:102170004FEA807C4CEA90004FEA431C4CEAD3695A
:1021800004EA000C44EA000808EA01084CEA080CDA
:10219000CC44DFF84C85E044DDF830C0DDF81C901D
:1021A0008CEA090CDDF804908CEA090CDDF83C900F
:1021B0008CEA09054FEA450C4CEAD57CCDF83CC0C9
:1021C000C44462444FEA847C4CEA94044FEA421CC3
:1021D0004CEAD26903EA040C43EA040808EA00085E
:1021E0004CEA080CCC44DFF8F884E044DDF834C055
:1021F000DDF820908CEA090CDDF808908CEA090CD7
:10220000DDF800908CEA09054FEA450C4CEAD57CD4
:10221000CDF800C0C44461444FEA837C4CEA930388
:102220004FEA411C4CEAD16902EA030C42EA030876
:1022300008EA04084CEA080CCC44DFF8A484E04423
:10224000DDF838C0DDF824908CEA090CDDF80C903C
:102250008CEA090CDDF804908CEA09054FEA450C7C
:102260004CEAD57CCDF804C0C44460444FEA827C7B
:102270004CEA92024FEA401C4CEAD06901EA020C97
:1022800041EA020808EA03084CEA080CCC44DFF8EB
:102290005084E044DDF83CC0DDF828908CEA090C5D
:1022A000DDF810908CEA090CDDF808908CEA09053D
:1022B0004FEA450C4CEAD57CCDF808C0C4446444D0
:1022C0004FEA817C4CEA91014FEA441C4CEAD46904
:1022D00000EA010C40EA010808EA02084CEA080C8E
:1022E000CC44DFF8FC83E044DDF800C0DDF82C903E
:1022F0008CEA090CDDF814908CEA090CDDF80C90DE
:102300008CEA09054FEA450C4CEAD57CCDF80CC0A7
:10231000C44463444FEA807C4CEA90004FEA431C7B
:102320004CEAD36904EA000C44EA000808EA010810
:102330004CEA080CCC44DFF8A883E044DDF804C084
:10234000DDF830908CEA090CDDF818908CEA090C65
:10235000DDF810908CEA09054FEA450C4CEAD57C73
:10236000CDF810C0C44462444FEA847C4CEA940423
:102370004FEA421C4CEAD26903EA040C43EA04081F
:1023800008EA00084CEA080CCC44DFF85483E04427
:10239000DDF808C0DDF834908CEA090CDDF81C90FB
:1023A0008CEA090CDDF814908CEA09054FEA450C1B
:1023B0004CEAD57CCDF814C0C44461444FEA837C18
:1023C0004CEA93034FEA411C4CEAD16902EA030C40
:1023D00042EA030808EA04084CEA080CCC44DFF897
:1023E0000083E044DDF80CC0DDF838908CEA090C7D
:1023F000DDF820908CEA090CDDF818908CEA0905CC
:102400004FEA450C4CEAD57CCDF818C0C444604472
:102410004FEA827C4CEA92024FEA401C4CEAD069B7
:1024200001EA020C41EA020808EA03084CEA080C37
:10243000CC44DFF8AC82E044DDF810C0DDF83C901D
:102440008CEA090CDDF824908CEA090CDDF81C906C
:102450008CEA09054FEA450C4CEAD57CCDF81CC046
:10246000C44464444FEA817C4CEA91014FEA441C25
:102470004CEAD46900EA010C40EA010808EA0208C3
:102480004CEA080CCC44DFF85882E044DDF814C074
:10249000DDF800908CEA090CDDF828908CEA090C34
:1024A000DDF820908CEA09054FEA450C4CEAD57C12
:1024B000CDF820C0C44463444FEA807C4CEA9000CD
:1024C0004FEA431C4CEAD36904EA000C44EA0008D2
:1024D00008EA01084CEA080CCC44DFF80482E04426
:1024E000DDF818C0DDF804908CEA090CDDF82C90BA
:1024F0008CEA090CDDF824908CEA09054FEA450CBA
:102500004CEAD57CCDF824C0C44462444FEA847CB4
:102510004CEA94044FEA421C4CEAD26903EA040CE8
:1025200043EA040808EA00084CEA080CCC44DFF847
:10253000B081E044DDF81CC0DDF808908CEA090C9D
:10254000DDF830908CEA090CDDF828908CEA09055A
:102550004FEA450C4CEAD57CCDF828C0C444614410
:102560004FEA837C4CEA93034FEA411C4CEAD16961
:1025700002EA030C42EA030808EA04084CEA080CE1
:10258000CC44DFF85C81E044DDF820C0DDF80C903D
:102590008CEA090CDDF834908CEA090CDDF82C90FB
:1025A0008CEA09054FEA450C4CEAD57CCDF82CC0E5
:1025B000C44460444FEA827C4CEA9202DDF824C0B5
:1025C000DDF810808CEA080CDDF838808CEA080C05
:1025D000DDF830808CEA08054FEA450C4CEAD578E6
:1025E0004FEA401C4CEAD06981EA020C8CEA030CE9
:1025F000CC44DFF8F090CC44C4446444CDF830803F
:102600004FEA817C4CEA9101DDF828C0DDF81480A6
:102610008CEA080CDDF83C808CEA080CDDF834808C
:102620008CEA08054FEA450C4CEAD5784FEA441C81
:102630004CEAD46980EA010C8CEA020CCC44DFF845
:10264000A490CC44C4446344CDF834804FEA807CE9
:102650004CEA9000DDF82CC0DDF818808CEA080CFC
:10266000DDF800808CEA080CDDF838808CEA08057B
:102670004FEA450C4CEAD5784FEA431C4CEAD36943
:1026800084EA000C8CEA010CCC44DFF85890CC446E
:10269000C4446244CDF838804FEA847C4CEA940408
:1026A000DDF830C0DDF81C808CEA080CDDF8048011
:1026B0008CEA080CDDF83C808CEA08054FEA450CF2
:1026C0004CEAD5784FEA421C4CEAD26983EA040C02
:1026D0008CEA000CCC4407E09979825AA1EBD96EC0
:1026E000DCBC1B8FD6C162CADFF8A496CC44C444BC
:1026F0006144CDF83C804FEA837C4CEA9303DDF8DB
:1027000034C0DDF820808CEA080CDDF808808CEA03
:10271000080CDDF800808CEA08054FEA450C4CEA0D
:10272000D5784FEA411C4CEAD16982EA030C8CEA65
:10273000040CCC44DFF85896CC44C4446044CDF833
:1027400000804FEA827C4CEA9202DDF838C0DDF866
:1027500024808CEA080CDDF80C808CEA080CDDF88B
:1027600004808CEA08054FEA450C4CEAD5784FEA1C
:10277000401C4CEAD06981EA020C8CEA030CCC4480
:10278000DFF80C96CC44C4446444CDF804804FEA8E
:10279000817C4CEA9101DDF83CC0DDF828808CEAB0
:1027A000080CDDF810808CEA080CDDF808808CEA53
:1027B00008054FEA450C4CEAD5784FEA441C4CEA30
:1027C000D46980EA010C8CEA020CCC44DFF8C09595
:1027D000CC44C4446344CDF808804FEA807C4CEA82
:1027E0009000DDF800C0DDF82C808CEA080CDDF8E4
:1027F00014808CEA080CDDF80C808CEA08054FEA9E
:10280000450C4CEAD5784FEA431C4CEAD36984EA7C
:10281000000C8CEA010CCC44DFF87495CC44C44421
:102820006244CDF80C804FEA847C4CEA9404DDF8D5
:1028300004C0DDF830808CEA080CDDF818808CEAE2
:10284000080CDDF810808CEA08054FEA450C4CEACC
:10285000D5784FEA421C4CEAD26983EA040C8CEA30
:10286000000CCC44DFF82895CC44C4446144CDF836
:1028700010804FEA837C4CEA9303DDF808C0DDF852
:1028800034808CEA080CDDF81C808CEA080CDDF83A
:1028900014808CEA08054FEA450C4CEAD5784FEADB
:1028A000411C4CEAD16982EA030C8CEA040CCC444A
:1028B000DFF8DC94CC44C4446044CDF814804FEA83
:1028C000827C4CEA9202DDF80CC0DDF838808CEA9C
:1028D000080CDDF820808CEA080CDDF818808CEA02
:1028E00008054FEA450C4CEAD5784FEA401C4CEA03
:1028F000D06981EA020C8CEA030CCC44DFF8909496
:10290000CC44C4446444CDF818804FEA817C4CEA3E
:102910009101DDF810C0DDF83C808CEA080CDDF890
:1029200024808CEA080CDDF81C808CEA08054FEA4C
:10293000450C4CEAD5784FEA441C4CEAD46980EA4D
:10294000010C8CEA020CCC44DFF84494CC44C4441F
:102950006344CDF81C804FEA807C4CEA9000DDF89F
:1029600014C0DDF800808CEA080CDDF828808CEAC1
:10297000080CDDF820808CEA08054FEA450C4CEA8B
:10298000D5784FEA431C4CEAD36984EA000C8CEA00
:10299000010CCC44DFF8F893CC44C4446244CDF835
:1029A00020804FEA847C4CEA9404DDF818C0DDF8FE
:1029B00004808CEA080CDDF82C808CEA080CDDF829
:1029C00024808CEA08054FEA450C4CEAD5784FEA9A
:1029D000421C4CEAD26983EA040C8CEA000CCC4419
:1029E000DFF8AC93CC44C4446144CDF824804FEA72
:1029F000837C4CEA9303DDF81CC0DDF808808CEA88
:102A0000080CDDF830808CEA080CDDF828808CEAB0
:102A100008054FEA450C4CEAD5784FEA411C4CEAD0
:102A2000D16982EA030C8CEA040CCC44DFF8609391
:102A3000CC44C4446044CDF828804FEA827C4CEA00
:102A40009202DDF820C0DDF80C808CEA080CDDF87D
:102A500034808CEA080CDDF82C808CEA08054FEAFB
:102A6000450C4CEAD5784FEA401C4CEAD06981EA23
:102A7000020C8CEA030CCC44DFF81493CC44C4441D
:102A80006444CDF82C804FEA817C4CEA9101DDF85A
:102A900024C0DDF810808CEA080CDDF838808CEA60
:102AA000080CDDF830808CEA08054FEA450C4CEA4A
:102AB000D5784FEA441C4CEAD46980EA010C8CEAD0
:102AC000020CCC44DFF8C892CC44C4446344CDF833
:102AD00030804FEA807C4CEA9000DDF828C0DDF8B9
:102AE00014808CEA080CDDF83C808CEA080CDDF8D8
:102AF00034808CEA08054FEA450C4CEAD5784FEA59
:102B0000431C4CEAD36984EA000C8CEA010CCC44E7
:102B1000DFF87C92CC44C4446244CDF834804FEA60
:102B2000847C4CEA9404DDF82CC0DDF818808CEA33
:102B3000080CDDF800808CEA080CDDF838808CEA9F
:102B400008054FEA450C4CEAD5784FEA421C4CEA9E
:102B5000D26983EA040C8CEA000CCC44DFF8309292
:102B6000CC44C4446144CDF838804FEA837C4CEABD
:102B70009303DDF830C0DDF81C808CEA080CDDF82A
:102B800004808CEA080CDDF83C808CEA08054FEAEA
:102B9000450C4CEAD5784FEA411C4CEAD16982EAEF
:102BA000030C8CEA040CCC44DFF8E491CC44C4441C
:102BB0006044CDF83C804FEA827C4CEA9202D7F820
:102BC00008C08444C7F808C0D7F80CC00CEB010853
:102BD000C7F80C80D7F810C00CEB0208C7F81080BB
:102BE000D7F814C00CEB0308C7F81480D7F818C046
:102BF0000CEB0408C7F8188010B0BDE8F0832DE98D
:102C0000F0410446884615460DB9BDE8F0812068BC
:102C100000F03F07C7F14006206828442060206884
:102C200020602068A84202D26068401C606087B1C2
:102C3000B5420ED304F11C01C8193246414601F0D9
:102C40002BF804F11C012046FEF744FBB044AD1BF9
:102C5000002706E041462046FEF73CFB08F140080D
:102C6000403D402DF6D235B104F11C01C8192A4669
:102C7000414601F011F800BFC7E72DE9FC470446C3
:102C80000D462068400F616840EAC1062068C70011
:102C9000300E8DF80000300C8DF80100300A8DF8F0
:102CA0000200F0B28DF80300380E8DF80400380CE5
:102CB0008DF80500380A8DF80600F8B28DF8070087
:102CC000206800F03F08B8F1380F02D2C8F1380090
:102CD00001E0C8F1780081464A462E492046FFF7B8
:102CE0008EFF082269462046FFF789FFA068000E84
:102CF0002870A068000C6870A068000AA870A0681E
:102D0000E870E068000E2871E068000C6871E06807
:102D1000000AA871E068E8712069000E2872206935
:102D2000000C68722069000AA8722069E872606964
:102D3000000E28736069000C68736069000AA8734C
:102D40006069E873A069000E2874A069000C6874BB
:102D5000A069000AA874A069E874BDE8FC8770B592
:102D600098B004460D46164601A8FEF78AFA01A857
:102D7000FEF7A1FA2A46214601A8FFF740FF314697
:102D800001A8FFF77AFF01A8FEF782FA18B070BD1C
:102D9000D6C162CAC092020010B54FF40071FB4860
:102DA00000F0A1FF0C22FAA1F8485D3000F0CBFF43
:102DB00043F23540F549A1F8410010BD10B5E4F7E4
:102DC000BFFD0120E1F7D0FC0120E1F7E9FA10BDD9
:102DD00000B5ADF2044D4FF4806101A800F083FF0F
:102DE000EF48F0A2F149436801A801F01FFE01A9D4
:102DF000EFA0E4F781FE0DF2044D00BD10B50024F4
:102E0000E4F7B5FC00210846E4F7C3FB04460CB127
:102E1000012010BDE4F7FCFC08B10220F9E7E4F75B
:102E200060FD04460CB10320F3E70020F1E710B584
:102E3000ADF5806D4FF48061684600F054FF0324C7
:102E40000AE02000A4F10101CCB205D1E0F783F83B
:102E500017200DF5806D10BDFFF7D0FF0028F0D1D1
:102E6000CA4A5D32D9A1684601F0E0FD6946E5A095
:102E7000E4F742FEFFF7ACFFFFF7A0FF0020E8E712
:102E800010B5ADF5007D4FF4FF71C048DEF7A4FF2B
:102E900004462012BD4981F8FE01084680F8FF4132
:102EA0006A464FF40071DEF7C1FF4FF40072002153
:102EB0006846DFF7F9FB0DF5007D10BD10B5E3F7AF
:102EC00040F8E3F71CF808B9012010BDFFF764FFD4
:102ED000FFF7D6FFFFF7ABFF08B10120F5E70020B1
:102EE000F3E7AF48406880B2704710B5ADF5007D9C
:102EF0006A464FF40071C848DDF72FFEA8489DE8E8
:102F00001E001EC010380068C449884212D0A44870
:102F10000021016041608160C160C048A049086033
:102F20000B460FCB8DE80F006A464FF40071BA488C
:102F3000DDF72BFE0DF5007D10BD30B5ADF5017D43
:102F400005460C4696488068A84226D09448007BE7
:102F500028B19348406820449149486001E0904876
:102F600044608F48856001208D49087301AA4102A1
:102F7000A948DDF7F2FD8A4B0FCBCDE90323CDE95C
:102F8000010101AA4FF40071A348DDF7FEFDFFF730
:102F90001FFF1D200DF5017D30BD1E20FAE770B525
:102FA000142400251420DEF799F90120E2F7A2FA93
:102FB00005460BE00120E2F79DFA0546601EC4B20B
:102FC0000CB9062070BD0A20DEF788F9002DF1D07B
:102FD0001120F7E72DE9F04FADF2CC4D4FF48061B1
:102FE00033A800F080FEC82101A800F07CFE8CA16F
:102FF00001A801F01BFD33AB01AA022191A0E4F767
:1030000061FD052804D00C200DF2CC4DBDE8F08FF9
:1030100033AE33A800F0ACFE00EB060900E0761CEE
:103020004E4502D230787B28F9D14E4501D3052098
:10303000EAE73046E6F7D4FA8046B8F1000F01D14E
:103040000520E1E785A14046E6F7D2FE074627B90D
:103050004046E5F7BDFC0520D6E7D7E90621104636
:1030600001F0DAF804460D464FF47A720023204648
:10307000294600F0A9FD8246DEF7D1FB4046E5F780
:10308000A7FC0020C0E72DE9F04FADF2DC4D4FF476
:10309000806137A800F027FEC82105A800F023FEB4
:1030A0003A4A5D3249A105A801F0C0FC37AB05AA38
:1030B000002154A0E4F706FD052804D00C200DF2F1
:1030C000DC4DBDE8F08F37AE37A800F051FE871910
:1030D00000E0761CBE4202D230787B28F9D1BE4295
:1030E00001D30520EBE73046E6F77AFA8146B9F1DD
:1030F000000F01D10520E2E75BA14846E6F778FE24
:1031000082465CA14846E6F773FE04905BA1484600
:10311000E6F76EFE03905BA14846E6F769FE029073
:103120005AA14846E6F764FE01905AA14846E6F7E0
:103130005FFE834658A14846E6F75AFE8046BAF13C
:10314000000F05D0BBF1000F02D0B8F1000F04D181
:103150004846E5F73DFC0520B1E75149DAF814008F
:1031600008600398402201694D48001D00F0EBFD06
:103170000D224C48D8F8101000F0E5FDDBF81040A7
:10318000204600F0F5FD07198FE000004204002002
:1031900030303030303030303030303000000000EF
:1031A0003035002056315F310000000000930200EE
:1031B000247468696E672F75702F70726F706572F6
:1031C00074792F25732F2573000000007B227479FA
:1031D0007065223A20227265706F72745F76657234
:1031E00073696F6E222C227265706F7274223A7B43
:1031F0002276657273696F6E223A20222573227DD2
:103200007D000000246F74612F7265706F72742FDF
:1032100025732F257300000000FE02004645464539
:103220007B2274797065223A2022676574222C22F1
:103230007265736F75726365223A5B2274696D659E
:10324000225D7D00247379732F6F706572617469DC
:103250006F6E2F25732F2573000000006E7470743D
:10326000696D65320000000066696C655F73697A9C
:103270006500000066775F74797065006D64357372
:10328000756D00007461736B5F69640074797065BB
:103290000000000075726C0076657273696F6E00D5
:1032A0009C32002020350020641CBC4205D22078CE
:1032B0002F28F9D160782F28F6D1BC4204D3484694
:1032C000E5F786FB0420FAE6A41C2546284600F014
:1032D0004FFD2C46071900E06D1CBD4202D2287834
:1032E0002F28F9D1BD4204D34846E5F771FB0420ED
:1032F000E5E62A1B2146D44800F025FD00212A1BC3
:10330000D14881542946403000F055FDCF4800F0A7
:103310002FFD0246CD490090CD4800F014FD4846EF
:10332000E5F756FB0020CAE62DE9F04FADF2044D5B
:103330004FF4806101A800F0D6FC01ABC5A20321C7
:10334000CCA0E4F7BFFB052804D00C200DF2044DFF
:10335000BDE8F08F01AC01A800F00AFD00EB040B02
:1033600000E0641C5C4502D220787B28F9D15C45E2
:1033700001D30520EAE72046E6F732F907460FB900
:103380000520E3E7C1A13846E6F732FD8046B8F1F3
:10339000000F04D13846E5F71BFB0520D6E7AFF256
:1033A00008114046E6F724FD054625B93846E5F7FD
:1033B0000FFB0520CAE7B7A14046E6F719FD814695
:1033C000B9F1000F04D13846E5F702FB0520BDE74F
:1033D000B2A14846E6F70CFD8246BAF1000F04D1CF
:1033E0003846E5F7F5FA0520B0E7AEA15046E6F716
:1033F000FFFC064626B93846E5F7EAFA0520A5E7B8
:1034000071696869FFF799FD1D2804D03846E5F712
:10341000DFFA1E209AE73846E5F7DAFA1D2095E72D
:103420002DE9F04FADF6142D0E2400270020CDF825
:10343000100ACDF80C0A4FF0050982468046E0F7E5
:10344000C6FDE4F794F940F2BB117F48E4F7A1F818
:10345000044624B101200DF6142DBDE8F08FE4F7E9
:10346000D7F908B10220F6E77948503890F84000C3
:1034700028B17748503890F84000022802D14FF424
:10348000007000E08A4883466F484438006840F680
:103490000201B0FBF1F087B26B4844380068B0FB22
:1034A000F1F201FB120008B1781C87B28148006874
:1034B000B84202D17F48406820B97E4807600020AA
:1034C0007C4948608DE04FF005090E24794840683A
:1034D00000EB80204500774841680068401E81422B
:1034E00002D005F6010603E0574844380068461E3E
:1034F00000BF40F6042102A800F0F5FB524B03F197
:1035000040026DA102A8CDE9005601F08FFA02A891
:1035100000F02EFC0146019002A8E4F716F9FFF72F
:103520003EFD062801D1062462E040F6042102A8EF
:1035300000F0D9FB40F6022102A8E4F70FF96BA1D5
:1035400002A800F0EAFB002844D070A102A800F015
:10355000E4FB0DF60C231A1D70A1019000F052FC43
:10356000022839D1DDF8100AA84203D1DDF80C0A8F
:10357000B04201D006243BE070A102A800F0CDFBD0
:1035800000F104084FF400614046DEF725FC824656
:10359000701B18F80010701B401E18F8000001EB9B
:1035A0000020504501D0072422E0701B401E82B24B
:1035B000404840680BEBC0214046DFF775F808B182
:1035C000082415E03B4A5268511C3A4A1068E0F75B
:1035D0002BFD01E006240BE036484068401C3549CD
:1035E000486034484068334909688842FFF46BAF4B
:1035F00000BF062C02D0072C18D10DE0E4F739F8F3
:1036000004460CB9122474E7052C01D1062402E00B
:10361000012C00D10A2409E05FEA0900A9F10101A7
:1036200001F0FF0901D0072463E700BF00BF0120BC
:10363000E1F79AF80E2C04D10F2400201D490860F0
:103640004860204607E70000E032002020350020D7
:10365000920400207B2274797065223A2267657497
:10366000222C22636C69656E74546F6B656E223A0E
:10367000317D000024736861646F772F6F7065720D
:103680006174696F6E2F25732F2573007061796CDB
:103690006F61640073746174650000006465736930
:1036A00072656400534A595F434F554E5400000001
:1036B00000028000A80300204745542025732048BD
:1036C0005454502F312E310D0A484F53543A20256F
:1036D000730D0A52616E67653A2062797465733DB5
:1036E00025642D25640D0A0D0A000000485454502D
:1036F0002F312E3120323036205061727469616C66
:1037000020436F6E74656E740D0A0000436F6E7413
:10371000656E742D52616E6765000000436F6E74B4
:10372000656E742D52616E67653A206279746573B7
:103730002025642D25642F252A6400000D0A0D0A1A
:10374000000000002DE9F04FADF20C4D0120E0F734
:103750003EFCF84890F8400020B1F64890F8400050
:10376000022802D14FF4007000E0F34881464FF484
:103770000072494683A8DEF740FE03AA4FF40071A9
:1037800083A8DEF79EFB4FF4FF7103A8DEF724FB4E
:1037900004469DF80B029DF80A1200EB0121A1429C
:1037A00004D015200DF20C4DBDE8F08F012103204F
:1037B000E0F73AFC9DF8270000069DF8261000EB84
:1037C00001409DF8251000EB01209DF824100844CD
:1037D00000EB090A9DF82B0000069DF82A1000EB6B
:1037E00001409DF8291000EB01209DF828100844A5
:1037F000484402909DF8570000069DF8561000EBD3
:1038000001409DF8451000EB01209DF8441008444C
:1038100000EB090B9DF84B0000069DF84A1000EBE9
:1038200001409DF8491000EB01209DF84810084424
:10383000484401900298A0EB0A060198A0EB0B0700
:10384000F005C00D06D0C6F30800C0F50070304486
:10385000009000E0009600984FEA502800240025D0
:1038600047E00AEB45214FF4007283A8DEF7C5FD5F
:1038700003AA4FF4007183A8DEF723FBA8F101002F
:10388000A8422DD1F005C00D18D0C6F30800821E45
:1038900003A9E04380B2DEF7B4FA0446C6F3080099
:1038A000401E03A9095CC6F30800801E03AA105C31
:1038B00001EB0020A0421BD0152073E74FF4FF72EC
:1038C00003A9E04380B2DEF79CFA04469DF80B02A0
:1038D0009DF80A1200EB0120A04209D0152061E7F3
:1038E0004FF4007203A9E04380B2DEF78AFA04467F
:1038F0006D1C4545B5D302210320E0F795FBF80583
:10390000C00D06D0C7F30800C0F500703844009021
:1039100000E0009700984FEA50280024002547E077
:103920000BEB45214FF4007283A8DEF766FD03AA76
:103930004FF4007183A8DEF7C4FAA8F10100A84291
:103940002DD1F805C00D18D0C7F30800821E03A9B9
:10395000E04380B2DEF755FA0446C7F30800401E84
:1039600003A9095CC7F30800801E03AA105C01EBE1
:103970000020A0421BD0152014E74FF4FF7203A9CA
:10398000E04380B2DEF73DFA04469DF80B029DF855
:103990000A1200EB0120A04209D0152002E74FF4E3
:1039A000007203A9E04380B2DEF72BFA04466D1CD7
:1039B0004545B5D34FF40072494683A8DEF71DFD97
:1039C00003AA4FF4007183A8DEF77BFA4FF4FF716E
:1039D00003A8DEF701FA04469DF80B029DF80A12CF
:1039E00000EB0120A04201D01520DBE60C2251495A
:1039F000503101F10D0000F0A6F9FFF718FA38B1C7
:103A00000C224EA14B485D3000F09DF91720C9E60D
:103A1000402203A9474800F03FF94648C0F818A0E3
:103A200044490298C86101F12000C0F818B0203163
:103A30000198C8613F4890F8400020B13D4890F897
:103A40004000022801D1012000E00220394981F81C
:103A50004000FFF715FA03210846E0F7E5FA1620C3
:103A6000A0E610B50446606810F07F4F1CD12068B6
:103A700036490840B0F1005F16D1012080F310886C
:103A800000BF6068324908602068DCF723FB3048DB
:103A900000688047DDF7C5FB2EA0DDF7BAFB0020EC
:103AA00080F3108800BF00BF10BD2DE9F043ADF2D8
:103AB000044D0220E0F78BFA1E4890F8400020B930
:103AC00019200DF2044DBDE8F0831A488769D0F83B
:103AD0001C90A9EB0705E805C00D06D0C5F308004A
:103AE000C0F5007000EB050800E0A8464FEA582634
:103AF000002461E007EB44214FF4007281A8DEF757
:103B00007CFC01AA4FF4007181A8DEF7DAF9701E7F
:103B1000A04240D1E805C00D30D0C5F30802911E87
:103B20004FF4403202EB442001AADDF72EF888B3AF
:103B30001B20C6E7420400200002800030303030F5
:103B40003030303030303030000000000000FE2FC8
:103B5000B00300204443313628302C33392C275011
:103B60006C6561736520636865636B206E6574774F
:103B70006F726B272C31293B0D0A00004FF4403146
:103B800001EB442001AA4FF4FF71DCF7FEFF08B1FE
:103B90001B2096E70BE04FF4403101EB442001AAD3
:103BA0004FF40071DCF7F1FF08B11B2089E7611CBD
:103BB0003046E0F739FA641CB4429BD34FF44030EE
:103BC000FFF74FFF1A207CE72DE9F05F0546002044
:103BD00092469B4688460646814640241BE028467E
:103BE00041464746224600F02FF852465B46801A6F
:103BF000994110D310461946224600F016F82D1AA6
:103C000067EB01084F4622460120002100F00DF825
:103C100017EB00094E41201EA4F10104DFDC4846E9
:103C200031462A464346BDE8F09F202A04DB203A6D
:103C300000FA02F1002070479140C2F1200320FAFF
:103C400003F3194390407047202A04DB203A21FAFD
:103C500002F00021704721FA02F3D040C2F12002A5
:103C60009140084319467047A0F14101192900D835
:103C7000203070470649074A0868504343F239022A
:103C80001044086040087047014908607047000010
:103C9000B40300206D4EC64110B5431A934209D2B9
:103CA0008318881803E010F8011D03F8011D521E47
:103CB000F9D210BD40EA01039B0703D009E008C90F
:103CC000121F08C0042AFAD203E011F8013B00F8E1
:103CD000013B521EF9D210BDD2B201E000F8012B17
:103CE000491EFBD270470022F6E710B5044608468D
:103CF000114602462046FFF7EFFF204610BD03465F
:103D000000E0401C0278002AFBD111F8012B00F8DA
:103D1000012B002AF9D11846704730B50EE0034652
:103D20000A4601E05B1C521C1C781578AC4201D19C
:103D3000002CF7D115F0FF0F04D0401C0278002AA8
:103D4000EDD1002030BD10B5044604E00B7800F83A
:103D5000013B03B1491C521EF8D2204610BDCAB225
:103D60000178914203D009B1401CF9E70020704767
:103D70000146002000E0401C0A5C002AFBD170478D
:103D800010B5002200E0521C835C8C5CA34201D180
:103D9000002BF8D1D8B2E1B2401A10BD30B50446BC
:103DA0000020034600E05B1C934203D2E05CCD5C44
:103DB000401BF8D030BD034611F8012B00F8012B51
:103DC000002AF9D11846704730B505460020034651
:103DD00000E05B1C934205D2EC5CC85C201A01D168
:103DE000002CF6D130BD10B54843044601F0BAFBB3
:103DF000002805D00021002C02D0641E0155FAE7EE
:103E000010BD00000FB400B58DB010A909900B9043
:103E100000914FF0FF300A9000200C90054806906A
:103E2000054807906A4609A80F9900F087FA0DB077
:103E30005DF814FB5D4302007B4302002DE9FF5F48
:103E40001D464FF0FF3BD5E9014691465F464FF0D6
:103E50000008A9697F1C01988847296A824688471B
:103E60000028F6D11AF101000CD024F4C064002E11
:103E700019DD600614D5BAF12B0F09D0BAF12D0F58
:103E80000ED103E0584604B0BDE8F09F44F48064CE
:103E9000A9697F1C01988847761E8246002E02DDA4
:103EA000BAF1300F03D0B9F1000F26D032E0761E00
:103EB000A96944F400747F1C019888478246002E4B
:103EC00005DDBAF1780F06D0BAF1580F03D0B9F179
:103ED000000F10D01EE0B9F1000F02D0B9F1100FA1
:103EE00018D1761EA96924F400747F1C01988847B4
:103EF0008246102002E0082000E00A20814609E006
:103F000008FB0908761EA96944F400747F1C019817
:103F100088478246002E05DD4946504600F0FAF9F2
:103F20000028EDDAE96901988847A00502D46FF00E
:103F30000100A8E7E00727D1600614D5600502D587
:103F4000C8F1000000E04046296801F104022A603F
:103F50000968220501D5087016E0220701D50880FE
:103F600012E0086010E0286800F104012960006890
:103F7000210502D580F8008006E0210702D5A0F8CF
:103F8000008001E0C0F8008038467CE72DE9FE4F54
:103F9000074681EA0300C00F0E46019021F0004160
:103FA00023F00044B81AA14105D2384631461746DD
:103FB0001E460B46024623F00040104304D138460B
:103FC000314603B0BDE8F08F350DC5F30A00C3F3E9
:103FD0000A510290401A0090402868DAC3F3130097
:103FE00040F4801B0198924620B10023D2EB030AD3
:103FF00063EB0B0B00985946C0F140025046FFF7A7
:1040000014FE80460C4650465946009A00F070F95E
:10401000C0197141EF1785EA11533B4340D0019A13
:1040200052B3009A012A11DC0022801A4FF000439B
:1040300061EB055103EA05538018CDE9002341F5F2
:1040400080114246234600F0B6F9BAE72E05002556
:10405000401B61EB0601401941F5801200185241E6
:104060002818A6F5001343EB020140EAD470294357
:1040700018EB0808644113E064084FEA38084FF071
:10408000000244EAC0744FEA0553801A61EB030151
:10409000801841F5801149084FEA300080185941D5
:1040A0004246234603B0BDE8F04F00F077B90198CF
:1040B000012240000023D0EB020263EBE073019881
:1040C0004FEAE074381A66EB0401EBE783F0004333
:1040D0005CE781F0004159E72DE9FE4F81EA0304D6
:1040E00021F0004504F0004423F000414FF0000AA5
:1040F000009450EA050302D052EA010304D10020E3
:10410000014603B0BDE8F08FC1F30A53C5F30A546A
:104110001C44A0FB02B3C5F3130545F4801CC1F396
:10412000130141F480180CFB023300FB083EA4F29B
:10413000F334810A930A41EA8C5143EA885301948B
:10414000A1FB03474FEA9C2505FB03734FEA982622
:1041500001FB06373D05260545EA1435BBEB060194
:104160006EEB0503850E920E45EA8C1542EA881225
:10417000A5FB0206261E67EB00070C0D44EA03347C
:10418000A41947EB1350C1F313064FF0000319466F
:104190004FEA033343EA165343EA0403019CE5FB69
:1041A0000201A4F10C040294009C4FEA0632CDE90E
:1041B00000A400F000F9A4E70EB5C10F80EAE0709A
:1041C0000844CA07002140F233438DE80E000A4636
:1041D0000B4600F0F0F803B000BD70B5C1F30A5211
:1041E00001F000450024C1F3130140F2FF3341F414
:1041F00080119A4201DA002070BD40F233439A42A6
:10420000A2F2334203DC5242FFF71EFD00E0904071
:104210002C43F1D0404270BDC1F30A52C1F31301E7
:1042200040F2FF3341F480119A4202DA0020014645
:10423000704740F233439A42A2F2334202DC5242C8
:10424000FFF702BDFFF7F1BC00F0004230F0004084
:104250000DD0C10D01F5607142EA01510022C0F399
:104260001600520742EAD00240071143704700206F
:104270000146704730B5002904DB4FF0004440424E
:1042800064EB0101002B04DB4FF00044524264EB6D
:1042900003038B4208BF824230BD000030B50029C5
:1042A00004DB4FF00044404264EB0101002B04DBCF
:1042B0004FF00044524264EB0303994208BF90421E
:1042C00030BD000030B50B460146002020220124FD
:1042D00009E021FA02F59D4205D303FA02F5491BD4
:1042E00004FA02F52844151EA2F10102F1DC30BDEA
:1042F000202A06DBCB17203A41FA02F043EAE071AC
:10430000704741FA02F3D040C2F1200291400843C5
:10431000194670473A2800D2303820F02002412A4E
:1043200001D3A2F13700884201D34FF0FF3070472C
:104330000268114413780160184670470B46114615
:10434000044A4A61044A0A620022C1E9033200F0C9
:1043500023B90000314302008D450200426842B19A
:10436000016811F8013B23B1521EC0E90012184642
:1043700070470121C160881E7047416859B1C36808
:10438000026843B98368934205D0521E491CC0E9B4
:104390000021002070474FF0FF30704710B5002B10
:1043A00008DA401C41F1000192185B411A4301D127
:1043B00020F0010010BD2DE9F04D92469B4611B151
:1043C000B1FA81F202E0B0FA80F220329046FFF7B3
:1043D0002CFC06460F4640EA0A0041EA0B01524611
:1043E0005B46084303D130463946BDE8F08D194697
:1043F00052EA010015D0C8F140025046FFF724FCF4
:1044000004460D46504659464246FFF70EFC084307
:1044100001D0012000E00020044345EAE075264376
:104420002F430A984FEAD625A0EB08000A304FEA3E
:1044300046534FF0000245EA47554FEAD72402D5CC
:1044400000200146D1E7010550196141DDE9084529
:1044500000196941BDE8F04DA0E72DE9F04D81EA72
:10446000030404F0004B21F0004714464FF0000A0B
:1044700023F0004150EA070220D054EA01021DD087
:10448000C1F30A550246C1F31300C7F30A56C7F336
:10449000130340F4801143F48013A6EB0508101BAE
:1044A000D64608F2FD3873EB010002D308F101088B
:1044B00001E092185B41B8F1000F03DA00200146D9
:1044C000BDE8F08D00204FF48015064607460EE04B
:1044D000B2EB040C73EB010C04D3121B064363EB29
:1044E00001032F436D084FEA300092185B4150EAF8
:1044F000050CEDD152EA030012D082EA040083EAEF
:104500000105284303D100224FF0004308E0101BAF
:104510008B4102D20122002302E06FF0010253100E
:104520001AEB060047EB085110EB0A0041EB0B01B8
:10453000BDE8F04DFFF732BF70B521F000430343F3
:104540000CD0C1F30A540026D4EB060566EB060333
:10455000D417AD1AA34102DB0020014670BD001C38
:1045600041EB025170BD0000064C074D06E0E068CB
:1045700040F0010394E8070098471034AC42F6D3AA
:10458000DBF7A2FDA8A10200C8A102004FF4F05180
:10459000C0B200F0E5B900002DE9F34F8BB04FF049
:1045A000000801F10C000C464FF0010B46460DF1DE
:1045B000080A0190626901210198904705002DD0F9
:1045C000252D2CD0216A8847C0B16269012101984C
:1045D0009047216A88470028F7D1411E62690198F7
:1045E000904700E0761CA1690B988847216A8847AC
:1045F0000028F7D1E1690B988847DBE7A1690B98A0
:1046000088470746A84201D1761CD3E7E1690B9899
:1046100088477F1C02D1B8F1000F6FD042E100271C
:1046200062693D463946019890472A2804D162695B
:104630000121019890470125DFF87C9262690121F0
:1046400001989047A0F130010A290AD24F45E5DCD4
:1046500007EB870100EB4107303FDFD445F0100541
:10466000ECE7E90601D46FF000476C280AD04C282B
:1046700014D0682815D06A280DD074281CD07A2848
:104680001AD01DE062690121019890476C2802D080
:1046900045F0040514E045F002050DE045F0200565
:1046A0000AE06269012101989047682802D045F02C
:1046B000080505E045F4006562690121019890470D
:1046C000C4E9015765283DD019DC582879D00CDCA5
:1046D000452837D004DC252826D0412831D131E0C7
:1046E00046282FD047282CD12CE05B287FD061288A
:1046F00028D063287BD0642823D159E0CCE06F28F0
:1047000047D008DC66281DD067281BD0692821D037
:104710006E2816D127E0702844D0732867D07528FA
:1047200046D078280DD14CE0A1690B988847054602
:1047300025283FF469AFE1690B9888476D1C3FF469
:104740006AAFAFE023466A466FF001000B99AFF302
:1047500000809AE045F040006060A80723464FF0D3
:10476000000235D43DE0206800F1040121600068BA
:10477000290501D506701DE7290701D5068019E72F
:10478000A90704D54FEAE671C0E9006112E70660A7
:1047900010E745F040006060A80723464FF008028C
:1047A00016D41EE040F60E0125EA0100606016E016
:1047B00045F040006060A80723464FF00A0207D486
:1047C0000FE045F040006060A80708D5234610229E
:1047D0006FF001000B99AFF3008056E007E023462D
:1047E00010226FF001000B99FFF728FB4DE0002726
:1047F000B9463B46632802D05B2807D03DE0E80677
:1048000001D40120A0604FF0010936E06269012166
:10481000019890475E2804D10127626939460198C2
:104820009047216931B90023524642F82130491C92
:104830000829FADBA8B3216969B9C11700EBD16374
:104840005A110AEB820123F01F03C31A01200A68E0
:10485000984002430A6062690121019890475D28EF
:10486000E8D14FB10020514651F82020D24341F801
:104870002020401C0828F7DB02AB2246CDF8009030
:104880006FF001000B99AFF3008000280CDA401C98
:1048900008D1BBF1000F05D04FF0FF300DB0BDE8DF
:1048A000F08FFFE74046F9E7E90701D108F1010879
:1048B00006444FF0000B7DE6CCCCCC0C2DE9F04D3E
:1048C00000231A461B1A8A4103DB00200146BDE87B
:1048D000F08DC1F30A52C1F3130141F480154FF07A
:1048E000000BD10702D100186D41521E002604466C
:1048F00040F2FF11304601EB620A3746804602461D
:1049000000204FF48011FFF79FF980197941331887
:1049100047EB0102B4EB030C75EB020C04D3E41A71
:1049200065EB020506460F46241908F101006D41AA
:1049300080463428E3DDB11947EB0700091BA84185
:1049400003D24FF0FF32134601E0002213461BEB67
:10495000060047EB0A51BDE8F04DFFF71FBD000010
:104960007F2801D9002208E0064A02EB5002C00766
:10497000127800D1120902F00F0201209040084085
:1049800070470000F893020070B501EB020410F8C4
:10499000015B15F0070301D110F8013B2A1106D184
:1049A00010F8012B03E010F8016B01F8016B5B1E9E
:1049B000F9D12B0705D40023521E0FD401F8013B77
:1049C000FAE710F8013B02F10202A1EB030303E056
:1049D00013F8015B01F8015B521EF9D5A142D6D351
:1049E000002070BD0FB4054B10B503A9044A02980E
:1049F00000F064F910BC5DF814FB0000390A0000F7
:104A0000540000200FB41CB50A46521ECDE9000226
:104A100007A9054B6A46069800F050F9009A002154
:104A200011701CBC5DF814FB175402000FB4084B46
:104A300010B504A902AA039800F040F9044602A99F
:104A4000002000F0F3FC204610BC5DF814FB0000D1
:104A50002D540200490050EAC12018BF04204A0D1D
:104A600018BF40F0010040F2FF72B2EB515F08BF87
:104A700040F00200012808BF052070472DE9F041F1
:104A80004F1E00EBC7010446D1E9000115461E4642
:104A900037F006020DD02A463346FFF71DFB7F1E76
:104AA00004EBC703D3E90023FFF770FA37F00602DF
:104AB000F1D1022F25D0042F13D0062F18BFBDE847
:104AC000F0812A463346FFF707FBD4E90A23FFF7B4
:104AD0005DFA2A463346FFF7FFFAD4E90823FFF7C9
:104AE00055FA2A463346FFF7F7FAD4E90623FFF7CB
:104AF0004DFA2A463346FFF7EFFAD4E90423FFF7CD
:104B000045FA2A463346FFF7E7FAD4E90223FFF7CE
:104B10003DFA2A463346FFF7DFFAD4E90023BDE821
:104B2000F041FFF733BA0000024A00201107FFF7F7
:104B300003BD000001FDFFFF02E008C8121F08C10D
:104B4000002AFAD170477047002001E001C1121F0E
:104B5000002AFBD17047000001490860704700003F
:104B6000C00300202DE9FF5FDDE90210020DDDF832
:104B700038B001430FD10F9801244BA3012807D06F
:104B800000980F9AC0E90031C0E90242BDE8FF9FDA
:104B90006FEA0B01F4E7A2F2FF3244F610504243F1
:104BA00015140F9801280ED0A5EB0B00401C4FF0F8
:104BB00000043E4EDFF8F890B0F1000AA04605DA96
:104BC000CAF1000717E0CBF10000F0E7074612E05A
:104BD000F80707D02246334640464946FFF77CFA9D
:104BE000804689462246334610461946FFF774FA36
:104BF00004460E467F10002FEAD1DDE90201BAF12A
:104C0000000F42464B4602DAFFF766FA01E0FFF773
:104C100024FC04460E460022264BFFF73FFB03D838
:104C20004FF0FF30014607E00022234B204631467B
:104C3000FFF7ACF9FFF7F0FA102409E0002C0ADBCB
:104C40000A220023FEF7C0FF019B30321A55641E72
:104C500050EA0102F2D1641C019AC4F11103144418
:104C60000F9A012A09D00122084301D15B450FDDCB
:104C70004FF0000205F101050DE0084303D1A3EB5D
:104C80000B056D1E09E000204FF0110B0F9088E717
:104C900001DA00226D1E002A83D000980F99C0E926
:104CA0000231C0E9004571E73000000000002440F7
:104CB0000000F03F0000F0430000E03F2DE9FF4F0F
:104CC00095B006469A468946002521E2252801D05E
:104CD0001799A6E00024F9492746761C4FF00108F1
:104CE00003943278203A08FA02F0084202D00443D2
:104CF000761CF6E730782A2811D06FF02F02307832
:104D0000A0F13001092916D8039944F0020401EBFF
:104D1000810102EB41010844761C0390EFE759F84A
:104D2000041B0391002903DA484244F40054039021
:104D300044F00204761C30782E2816D116F8010FA4
:104D400044F004042A280DD06FF02F013078A0F130
:104D50003002092A09D807EB870201EB42028718C3
:104D6000761CF3E759F8047B761C30786C280FD05A
:104D700006DC4C2817D068280DD06A2814D104E02E
:104D8000742810D07A280FD10DE044F400140AE002
:104D900044F4801401E044F440147178814202D15B
:104DA000761C04F58014761C96F800C0BCF1660FE2
:104DB00010D01ADCBCF1580F70D00CDCBCF1000F25
:104DC0006DD0BCF1450FF3D0BCF1460FF0D0BCF173
:104DD000470F24D1A4E1BCF1630F40D0BCF1640FB4
:104DE00074D0BCF1650F1AD19AE1BCF1700F6ED08E
:104DF0000CDCBCF1670FEDD0BCF1690F75D0BCF1D4
:104E00006E0F12D0BCF16F0F09D1B3E0BCF1730F7C
:104E10002FD0BCF1750F76D0BCF1780F74D01799F4
:104E20006046524690476D1C70E1C4F30250022860
:104E300009D003280DD0D9F8001004280DD00D603A
:104E400009F1040962E1D9F80010EA17C1E900523A
:104E5000F6E7D9F800100D80F2E70D70F0E759F889
:104E6000041B8DF8001000208DF80100EB46012096
:104E700003E059F804BB4FF0FF3061074FF0000129
:104E800002D40FE008F101018846B94211DA8045E9
:104E9000F8DB1BF808100029F4D10AE060E03BE1E0
:104EA00008F1010188468142FADB1BF8081000294D
:104EB000F6D103985346A0EB080721463846179AC7
:104EC00000F091FA284400EB080506E00DE049E007
:104ED0001BF8010B524617999047B8F10108F7D219
:104EE000534621463846179A0DE10A21C4F302526F
:104EF0004FF0000B0091022A07D059F8040BC1179C
:104F0000032A0AD00BE024E025E009F1070020F095
:104F10000702F2E80201914605E000B2C117042A37
:104F200001D140B2C117002906DA0A4600214042E9
:104F300061EB02012D2202E0220504D52B228DF81F
:104F40000420012203E0E20701D02022F7E7904687
:104F500054E00A2100E010214FF0000B00910DE019
:104F6000102008E010204FF0000B44F00404082744
:104F7000009003E008204FF0000B0090C4F30252B1
:104F8000022A05D059F8040B0021032A08D009E0B1
:104F900009F1070020F00702F2E80201914605E05E
:104FA00080B20021042A01D1C0B200214FF00008D4
:104FB000220723D5BCF1700F28D0009B83F010038B
:104FC00053EA0B0309D150EA010206D030228DF8D2
:104FD00004208DF805C002229046009B83F0080350
:104FE00053EA0B030AD150EA010201D1620705D549
:104FF00030228DF804204FF001087F1EBCF1580FBD
:1050000009D02FA20C920CAA029211E040228DF836
:1050100004200122E0E72FA2F4E75B46009AFEF7A6
:10502000D3FD0C9B9B5C029AA2F1010202921370C9
:1050300050EA0102F1D1029804A9A1EB000000F1AD
:10504000200B600702D524F4803400E001275F457F
:1050500002DDA7EB0B0000E0002000EB0B0100904D
:1050600003984144A0EB01000390E00306D45346AB
:105070002146179A039800F0B6F90544002706E088
:1050800001A85246C05D179990476D1C7F1C47458B
:10509000F6DBE0030CD553462146179A039800F03F
:1050A000A2F9054404E030205246179990476D1C40
:1050B0000099481E00900029F5DC1EE00928010037
:1050C000303132333435363738396162636465667E
:1050D0000000000030313233343536373839414240
:1050E0004344454600000000029802995246007869
:1050F000491C0291179990476D1CBBF10001ABF15F
:10510000010BF1DC50E100F05BF9054406F101060A
:10511000307800287FF4DAAD19B02846BDE8F08F6A
:10512000600700D4062709F1070020F00701F1E825
:105130000220894600F00043190001D09DA109E03A
:10514000210501D59CA105E0E10701D09BA101E06B
:10515000AFF2840120F000431391BCF1650F11D030
:1051600009DCBCF1450F0DD0BCF1460F20D0BCF1DD
:10517000470F3ED13EE0BCF1660F19D0BCF1670F7E
:105180007CD137E00021112F01DB112000E0781CD9
:10519000CDE9000104A90CA8FFF7E4FCDDE90D014D
:1051A0000C9A4FF0000B07F10108109200914CE0AF
:1051B0004FF000400097CDE9018004A90CA8FFF74B
:1051C000D1FCDDE90E20DDE90C314FF0000B9046FB
:1051D0001093009218B907F1010001EB0008B7EB3A
:1051E000080003D4C0F1FF3B07F10108A8EB07005A
:1051F000019043E0012F00DA01270021112F01DD8A
:10520000112000E03846CDE9000104A90CA8FFF701
:10521000A9FCDDE90D010C9A00914FF0000BB84696
:10522000109221070CD40099414500DA8846B8F164
:10523000010F05DD109AA8F10101515C302908D059
:10524000B84202DA10F1040F06DA0121CDE90110AB
:1052500014E0A8F10101E9E7002803DC8344A8EB8E
:10526000000102E0411C414500DD8846A0EB0B0037
:1052700000F1010001904FF000400290200705D49A
:105280000198404502DB4FF0FF30019000208DF87F
:105290004B0002980DF14B07B0F1004F26D00220D1
:1052A0000C902B200D90029800280CDA40420290BE
:1052B0002D200D9007E00A210298FFF703F8303106
:1052C000029007F8011D0C99481E0C900029F2DC91
:1052D00002980028EFD1A7F101010D9808703078ED
:1052E00000F0200040F0450007F8020D11A8A0EBE7
:1052F000070000F1070002901398007800B1012028
:1053000000EB0801019801EBE07102980144039859
:10531000A0EB0100A0F101000390E00306D4534686
:105320002146179A039800F05EF805441398007818
:1053300020B152461799904705F10105E00322D5A7
:1053400053462146179A039800F04DF805441AE099
:10535000BBF1000F07DB0098584504DD1098179942
:1053600010F80B0001E01799302052469047019841
:105370006D1C401E0BF1010B019004D12E205246F2
:10538000179990476D1CB8F10001A8F10108DFDC06
:1053900005E017F8010B5246179990476D1C0299CA
:1053A000481E02900029F4DC53462146179A0398C0
:1053B000A9E600002D0000002B00000020000000E6
:1053C0002DE9F0410446002517461E46880405D401
:1053D00006E039462020B04705F10105641EF8D5E6
:1053E0002846BDE8F0812DE9F041044600259046AD
:1053F0001E46C80301D5302700E02027880405D5C4
:1054000006E041463846B04705F10105641EF8D56F
:105410002846BDE8F0814A68002A06D00A68531C75
:105420000B6010704868401E486070470A68531C43
:105430000B601070704700002DE9F041C1F30A5273
:10544000A2F2FF362F4A304B0D460446142E2FDAB7
:10545000002E12DAFEF79AFD00221346FEF71EFF19
:105460004CD2002DA4BF0024254647DA25F0004089
:10547000204318BF254D41D018E0DFF894C02CFA26
:1054800006F705EA070C5CEA040C08BFBDE8F081EA
:10549000FEF77CFD00221346FEF700FF2ED2002D02
:1054A00003DA4FF48010F0400544BD43002425E0AA
:1054B000332EC8BFBDE8F081A6F1140C4FF0FF37C2
:1054C00027FA0CF73C4208BFBDE8F081FEF701FE69
:1054D00000221346FEF7E2FE10D2002D0DDA142E44
:1054E00008BF6D1C09D0C6F13400012101FA00F09B
:1054F0002044A04238BF6D1C0446BC4329462046C8
:10550000BDE8F0819C7500883CE4377E0000F0BF68
:10551000FFFF0F0010B5002821D0114B001F002203
:10552000196803E0814203D80A4649680029F9D185
:1055300052B11368841A9C4204D100681844106068
:10554000104602E0506000E0186039B102680B1AA2
:10555000934203D10B681A4402604968416010BD50
:10556000B8030020F0B50B30154F20F007010026DE
:10557000144A0FE003688B420BD38B4205D95C1AA7
:1055800043184568C3E9004500E04368136002C062
:1055900004E0021D10680028ECD13046002802D13A
:1055A000386808B10020F0BD064A07481060074A75
:1055B000121A22F00702C0E9002601203860D7E75E
:1055C000BC030020B80300204435002040D7002051
:1055D0002DE9F04D16460F460546020096B01C46D2
:1055E00021F0004123F0004014BF4FF0010C4FF0B8
:1055F000000C0CEB470CFE4B0CEB03084FEA630C62
:10560000C4452DD85FEA060818BF4FF0010808EB23
:1056100044089844F74B434522D8F74B50EA060C10
:1056200002D09F4205D14AB916B000201946BDE804
:10563000F08D002A08BF4FF0000C01D04FF0010C94
:105640000CEB470313F5001F0AD8002E14BF4FF0D0
:10565000010C4FF0000C0CEB440313F5001F08D9AC
:1056600016B03246234628463946BDE8F04DFEF7CF
:105670008DBCDFF888B34FF0000A002FB8BF584543
:1056800023DADF4B9842A8BF4FF0020A1DDADA4B4B
:1056900098421ADBDB4B03EB2053142B08DDC3F1DC
:1056A000340C26FA0CF303FA0CFCB4450DD108E0D7
:1056B0005EB9C3F1140C20FA0CF303FA0CFC844518
:1056C00003D103F00103C3F1020A51EA020321D11D
:1056D000002C1FDA002F18BFBAF1020F02D0BAF166
:1056E000010F0BD00220FFF737FA16B00022BDE8F9
:1056F000F04D13461046C049FEF7AFBE0220FFF73B
:105700002BFA16B02A463B46BDE8F04D0020BA49B8
:10571000FEF7A3BE330076D1584525D107F180406E
:1057200010F5801001BF002A0020B34916B008BF51
:10573000BDE8F08DB048814207DB002CA1BF1846C0
:10574000214616B0BDE8F08D07E0201E05DA80F096
:10575000004116B01846BDE8F08DAB497944D1E957
:10576000000116B0BDE8F08DDFF88CC260452FD186
:10577000002C28DA39B159451CD1002A04BF002079
:1057800002460CD01FE06AB10220FFF7E5F940F2B3
:10579000013200204FF0E041FEF7CEFE0A463946C6
:1057A00000F0DEBA954A394616B0002062F31E01B9
:1057B000BDE8F08D07DA16B03B46BDE8F04D00209D
:1057C0006146FEF74ABE16B010463946BDE8F08D78
:1057D0008B4518DDB4F1804F0DD0A4F10053B3F127
:1057E000FF5310D13B1E0EDB16B01046BDE8F04D46
:1057F000194600F0E3BB3B4616B01046BDE8F04D3D
:105800001946FEF769BC27F00043A2BBE1B1594538
:1058100038D1002F06DD002CA1BF0020594616B05C
:10582000BDE8F08D002F01DD002C1FDB002F16DA04
:10583000002C14DBBAF1010F4FF000000CBF7349CC
:105840006E4916B0BDE8F08DBAF1020F18BF002FF7
:105850000CD0BAF1010F09D1002F07DA0CE0002FAC
:10586000B8BF002C0EDABAF1010F05D0002016B037
:105870000146BDE8F08D05E016B000204FF0004174
:10588000BDE8F08D4FF0010C0CEBE7720F9252EA7D
:105890000A020BD05E4A90427DDD5E4B5E4A984222
:1058A00016DD91420EDC002C1CDB2CE00120FFF702
:1058B00053F916B00022BDE8F04D134610461146CC
:1058C000FEF7CBBD4C48884202DC002C0ADC1AE013
:1058D0008A4202DD002C05DB15E0474B99421EDDB4
:1058E000002C10DD0220FFF737F940F201320020D2
:1058F0004FF0E041FEF720FE404A16B061F31E0271
:105900001146BDE8F08D0220FFF726F9FFF70CF9EC
:10591000394A16B061F31E021146BDE8F08D00222F
:1059200028463946FEF7D2FB05460F466FF00102C6
:10593000FEF702FE4FF05532384BFEF7CAFB2A46FF
:105940003B46FEF7C9FB0022354BFEF7C2FB8B46F8
:1059500080462A463B4610461946FEF7BDFB4246A6
:105960005B46FEF7B9FB80460B914FF0C0422D4BD2
:1059700028463946FEF7B0FB834605912A4A294B53
:1059800040460B99FEF7A8FB88460290274A284B11
:105990002846394600E01BE0FEF79EFB4346029A8C
:1059A000FEF794FB054602460B460B9158460599B7
:1059B000FEF7ECFA002788465A463846059BFEF764
:1059C00085FB2A460B9BFEF784FB024600F073B969
:1059D0000020B1F5801F07DA352228461946FEF768
:1059E000ABFD05466FF0340000EB215022E00000D3
:1059F000FFFF1F00FFFF0F000000F03F0000F07FDF
:105A00000000404301FCFFFF903C00000000F0FF5D
:105A10000000E0410000F043FFFFEF3F5555D53F48
:105A20000000E03F4715F73FFE822B6544DF5DF83D
:105A30000BAE543EA0F2FF300190C1F3130040F0D2
:105A40007F6141F040510291FE498842D8BF4FF03A
:105A5000000B0EDDFC498142C8BF4FF0010B08DC92
:105A600001984FF0000B401C01900298A0F58010A7
:105A70000290F6480299784400EBCB000991079018
:105A8000D0E900232846FEF721FB059100900798F6
:105A9000D0E9002328460999FEF778FA02460B461A
:105AA0000020EB49FEF7D9FC0B910B46024606900D
:105AB00005990098FEF710FB0A90E64888460027F3
:105AC000784400680C9002994FF0005040EA610061
:105AD00000EB8B4000F5002102910798D0E90023EC
:105AE0000C98FEF7F3FA2A46099BFEF7F2FA3A46BB
:105AF0004346FEF7F1FA0791054638464146029BB8
:105B00000C9AFEF7E9FA059B009AFEF7E2FA2A469C
:105B1000079BFEF7DBFA0B9B069AFEF7DDFA0A9A63
:105B200006910890434610461946FEF7D5FA0546F9
:105B30000246C9480B46079106217844FEF79EFFAE
:105B40000290079B2A46059110461946FEF7C4FAB3
:105B5000059B029AFEF7C0FA059105464346384672
:105B600019460A9AFEF712FA069B089AFEF7B4FA4B
:105B70002A46059BFEF70AFA3A46434605911290DB
:105B800010461946FEF7A8FA0022B44B0791009080
:105B9000FEF7FCF9059B129AFEF7F8F90D463A4616
:105BA000AE4B3846FEF792FA079B009AFEF78EFA44
:105BB000059B129AFEF78DFA3A46079112902B46F2
:105BC00010464146FEF788FA0591009043460A9A2E
:105BD00007991298FEF780FA804607912B463A46BD
:105BE00006990898FEF778FA4246079BFEF7CEF929
:105BF00088460690059B009AFEF7C8F900200F46DC
:105C00000546059B009AFEF761FA4346069AFEF7A1
:105C100060FA80460D914FF06042914B284639461C
:105C2000FEF75AFA059100908E4A8D4B40460D9929
:105C3000FEF752FA804604918B4A8C4B284639462F
:105C4000FEF74AFA4246049BFEF7A0F9884A7A44D6
:105C500002EBCB03D3E90023FEF798F902900491FD
:105C60000198FEF7A9FA0791DDE904310546029A89
:105C70000098FEF78BF97F4A7A4402EBCB0BDBE905
:105C80000023FEF783F92A46079BFEF77FF90027DA
:105C900088462A463846079BFEF718FADBE90023B8
:105CA000FEF714FA059B009AFEF710FA049B029A7D
:105CB000FEF70FFA024600200A900F98644DAAF1F1
:105CC0000103184301D16C4D0A9000200B4602904D
:105CD00030462146FEF700FA82468B462346304680
:105CE0001946029AFEF7F2F93A464346FEF7F4F9EE
:105CF00052465B46FEF74AF906468A463A4643460E
:105D000021460298FEF7E8F904460F46324653460C
:105D1000FEF73CF9594A8B46914226DBABEB020376
:105D200053EA000210D122463B46FEF7CFF98046E7
:105D30000391534A534B30465146FEF727F94246EA
:105D4000039BFEF7ABFA2CD20220FEF705FF40F2D0
:105D5000013200204FF0E041FEF7EEFB0A462946F3
:105D600016B062F31E01BDE8F08D474B2BF00042E8
:105D70009A4216D3454A0BEB020353EA000208D1BC
:105D800022463B46FEF7A2F932465346FEF786FA14
:105D900007D80220FEF7E0FEFEF7C6FE0A462946B7
:105DA000DEE72BF000403A493A4A01EB20514FF030
:105DB0000008904223DD481C4FF4801121FA00F0C6
:105DC0005844C0F30A51344AA1F2FF317A44334BAC
:105DD0001268CB4020EA0303C0F3130040F4801C98
:105DE000C1F114002CFA00F8BBF1000FB8BFC8F1E4
:105DF000000820463946FEF769F904460F46224658
:105E00003B4630465146FEF7C1F84FF0000B5A466C
:105E1000234B58460791FEF75FF905910090214A00
:105E2000214B58460799FEF757F9CDE90201224662
:105E30003B4658460799FEF749F932465346FEF766
:105E400048F933E08E9803007AB60B00EE38000074
:105E50000000F03F2C3900005A38000000000840D4
:105E600009C7EE3FFD033ADCF5015B14E02F3EBEAF
:105E700036370000FC3600000000F0BF0000904004
:105E8000FE822B654715973C00CC904000346F3F55
:105E900001FCFFFF0000E03F20360000FFFF0F0085
:105EA000432EE63F396CA80C615C20BE3F4A404B54
:105EB000FEF712F9DDE90223FEF768F807468A4685
:105EC000059B009AFEF762F804460E46059B009A71
:105ED000FEF7FCF83A465346FEF7FBF80746224623
:105EE00033460B9110461946FEF7F6F883460246F4
:105EF00030488A460B4605217844FEF7BFFD5A46D6
:105F00005346FEF7E9F822463346FEF7E2F88246AA
:105F10008B463A46204631460B9BFEF7DDF83A4663
:105F20000B9BFEF733F800910C9000224FF080435A
:105F300050465946FEF7CAF80746039152465B465B
:105F400020463146FEF7C8F83A46039BFEF785FA2D
:105F5000009B0C9AFEF7BAF822463346FEF7B6F8D5
:105F60000022154BFEF7B5F80E46044601EB08512A
:105F70000815002810DC424620463146FEF7DCFAC0
:105F8000FEF768FD042808BFFEF7CEFD4246204616
:105F90003146FEF7D1FA04460A980B4616B022465F
:105FA0002946BDE8F04DFEF797B80000EF39FAFE3C
:105FB000422EE63FCC3400000000F03F2DE9F041D6
:105FC00006460F46FEF77AFC0D46040018BF012076
:105FD000284320F00040C0F17F6010F1E0400FD571
:105FE000002E14BF01200020384320F00040C0F1F3
:105FF0007F6000F1E0400028A4BF0120FEF7ACFD67
:1060000020462946BDE8F08100030306010406028C
:10601000050003051F1C1F1E1F1E1F1F1E1F1E1F06
:10602000246F74612F7570646174652F25732F253B
:1060300073000000000000000000000000000000ED
:106040000000000000000000000000000000000050
:106050000000000000000000000000000000000040
:10606000247468696E672F646F776E2F70726F701B
:10607000657274792F25732F2573000000000000CE
:106080000000000000000000000000000000000010
:106090000000000000000000000000000000000000
:1060A000247379732F6F7065726174696F6E2F72CC
:1060B0006573756C742F25732F2573000000000025
:1060C00000000000000000000000000000000000D0
:1060D00000000000000000000000000000000000C0
:1060E00024736861646F772F6F7065726174696F74
:1060F0006E2F726573756C742F25732F25730000D6
:10610000000000000000000000000000000000008F
:10611000000000000000000000000000000000007F
:106120000000891112239B322446AD573665BF7497
:10613000488CC19D5AAFD3BE6CCAE5DB7EE9F7F847
:106140008110080193331A22A5562C47B7753E6477
:10615000C99C408DDBBF52AEEDDA64CBFFF976E827
:1061600002218B30100299132667AF763444BD5557
:106170004AADC3BC588ED19F6EEBE7FA7CC8F5D907
:1061800083310A2091121803A7772E66B5543C4537
:10619000CBBD42ACD99E508FEFFB66EAFDD874C9E7
:1061A00004428D5316619F702004A9153227BB3617
:1061B0004CCEC5DF5EEDD7FC6888E1997AABF3BAC7
:1061C00085520C4397711E60A1142805B3373A26F7
:1061D000CDDE44CFDFFD56ECE9986089FBBB72AAA7
:1061E00006638F7214409D512225AB343006B917D7
:1061F0004EEFC7FE5CCCD5DD6AA9E3B8788AF19B87
:1062000087730E6295501C41A3352A24B1163807B6
:10621000CFFF46EEDDDC54CDEBB962A8F99A708B66
:10622000088481951AA793B62CC2A5D33EE1B7F096
:106230004008C919522BDB3A644EED5F766DFF7C46
:10624000899400859BB712A6ADD224C3BFF136E076
:10625000C1184809D33B5A2AE55E6C4FF77D7E6C26
:106260000AA583B4188691972EE3A7F23CC0B5D156
:106270004229CB38500AD91B666FEF7E744CFD5D06
:106280008BB502A499961087AFF326E2BDD034C136
:10629000C3394A28D11A580BE77F6E6EF55C7C4DE6
:1062A0000CC685D71EE597F42880A1913AA3B3B216
:1062B000444ACD5B5669DF78600CE91D722FFB3EC6
:1062C0008DD604C79FF516E4A9902081BBB332A2F6
:1062D000C55A4C4BD7795E68E11C680DF33F7A2EA6
:1062E0000EE787F61CC495D52AA1A3B03882B193D6
:1062F000466BCF7A5448DD59622DEB3C700EF91F86
:106300008FF706E69DD414C5ABB122A0B9923083B5
:10631000C77B4E6AD5585C49E33D6A2CF11E780F65
:10632000020202020202020202040202020201014D
:106330004D51544300000000040000000000000024
:1063400000000000000000003C0001004D515457C7
:10635000000000000000000000000000000000003D
:10636000000000000000000000000000000000002D
:10637000000000000000000000000000000000001D
:1063800000000000000000000000C0E0F0F8FC0089
:10639000637C777BF26B6FC53001672BFED7AB76E2
:1063A000CA82C97DFA5947F0ADD4A2AF9CA472C08D
:1063B000B7FD9326363FF7CC34A5E5F171D83115FA
:1063C00004C723C31896059A071280E2EB27B2751B
:1063D00009832C1A1B6E5AA0523BD6B329E32F8493
:1063E00053D100ED20FCB15B6ACBBE394A4C58CF8B
:1063F000D0EFAAFB434D338545F9027F503C9FA85F
:1064000051A3408F929D38F5BCB6DA2110FFF3D22C
:10641000CD0C13EC5F974417C4A77E3D645D1973E0
:1064200060814FDC222A908846EEB814DE5E0BDBDA
:10643000E0323A0A4906245CC2D3AC629195E47911
:10644000E7C8376D8DD54EA96C56F4EA657AAE086B
:10645000BA78252E1CA6B4C6E8DD741F4BBD8B8A06
:10646000703EB5664803F60E613557B986C11D9E6C
:10647000E1F8981169D98E949B1E87E9CE5528DFE3
:106480008CA1890DBFE6426841992D0FB054BB160F
:10649000C66363A5F87C7C84EE777799F67B7B8D69
:1064A000FFF2F20DD66B6BBDDE6F6FB191C5C554B7
:1064B0006030305002010103CE6767A9562B2B7D57
:1064C000E7FEFE19B5D7D7624DABABE6EC76769A10
:1064D0008FCACA451F82829D89C9C940FA7D7D87BE
:1064E000EFFAFA15B25959EB8E4747C9FBF0F00B9A
:1064F00041ADADECB3D4D4675FA2A2FD45AFAFEA26
:10650000239C9CBF53A4A4F7E47272969BC0C05B0B
:1065100075B7B7C2E1FDFD1C3D9393AE4C26266ACC
:106520006C36365A7E3F3F41F5F7F70283CCCC4FAD
:106530006834345C51A5A5F4D1E5E534F9F1F108EE
:10654000E2717193ABD8D873623131532A15153F7C
:106550000804040C95C7C752462323659DC3C35E38
:1065600030181828379696A10A05050F2F9A9AB564
:106570000E070709241212361B80809BDFE2E23DE2
:10658000CDEBEB264E2727697FB2B2CDEA75759F1A
:106590001209091B1D83839E582C2C74341A1A2E41
:1065A000361B1B2DDC6E6EB2B45A5AEE5BA0A0FBFC
:1065B000A45252F6763B3B4DB7D6D6617DB3B3CEEF
:1065C0005229297BDDE3E33E5E2F2F7113848497EC
:1065D000A65353F5B9D1D16800000000C1EDED2CF0
:1065E00040202060E3FCFC1F79B1B1C8B65B5BEDD5
:1065F000D46A6ABE8DCBCB4667BEBED97239394BE1
:10660000944A4ADE984C4CD4B05858E885CFCF4ACB
:10661000BBD0D06BC5EFEF2A4FAAAAE5EDFBFB1666
:10662000864343C59A4D4DD76633335511858594BE
:106630008A4545CFE9F9F91004020206FE7F7F8101
:10664000A05050F0783C3C44259F9FBA4BA8A8E34B
:10665000A25151F35DA3A3FE804040C0058F8F8AF5
:106660003F9292AD219D9DBC70383848F1F5F504FC
:1066700063BCBCDF77B6B6C1AFDADA7542212163FD
:1066800020101030E5FFFF1AFDF3F30EBFD2D26DDC
:1066900081CDCD4C180C0C1426131335C3ECEC2F04
:1066A000BE5F5FE1359797A2884444CC2E17173917
:1066B00093C4C45755A7A7F2FC7E7E827A3D3D471E
:1066C000C86464ACBA5D5DE73219192BE673739543
:1066D000C06060A0198181989E4F4FD1A3DCDC7F00
:1066E00044222266542A2A7E3B9090AB0B888883F2
:1066F0008C4646CAC7EEEE296BB8B8D32814143CB2
:10670000A7DEDE79BC5E5EE2160B0B1DADDBDB7631
:10671000DBE0E03B64323256743A3A4E140A0A1E09
:10672000924949DB0C06060A4824246CB85C5CE4F8
:106730009FC2C25DBDD3D36E43ACACEFC46262A650
:10674000399191A8319595A4D3E4E437F279798B06
:10675000D5E7E7328BC8C8436E373759DA6D6DB766
:10676000018D8D8CB1D5D5649C4E4ED249A9A9E03E
:10677000D86C6CB4AC5656FAF3F4F407CFEAEA25B9
:10678000CA6565AFF47A7A8E47AEAEE9100808188C
:106790006FBABAD5F07878884A25256F5C2E2E72AC
:1067A000381C1C2457A6A6F173B4B4C797C6C651AB
:1067B000CBE8E823A1DDDD7CE874749C3E1F1F213B
:1067C000964B4BDD61BDBDDC0D8B8B860F8A8A85B8
:1067D000E07070907C3E3E4271B5B5C4CC6666AA4E
:1067E000904848D806030305F7F6F6011C0E0E1272
:1067F000C26161A36A35355FAE5757F969B9B9D03F
:106800001786869199C1C1583A1D1D27279E9EB9AA
:10681000D9E1E138EBF8F8132B9898B32211113332
:10682000D26969BBA9D9D970078E8E89339494A790
:106830002D9B9BB63C1E1E2215878792C9E9E92035
:1068400087CECE49AA5555FF50282878A5DFDF7A94
:10685000038C8C8F59A1A1F8098989801A0D0D1715
:1068600065BFBFDAD7E6E631844242C6D06868B871
:10687000824141C3299999B05A2D2D771E0F0F11CE
:106880007BB0B0CBA85454FC6DBBBBD62C16163ACB
:10689000A5C6636384F87C7C99EE77778DF67B7B65
:1068A0000DFFF2F2BDD66B6BB1DE6F6F5491C5C5B3
:1068B0005060303003020101A9CE67677D562B2B53
:1068C00019E7FEFE62B5D7D7E64DABAB9AEC76760C
:1068D000458FCACA9D1F82824089C9C987FA7D7DBA
:1068E00015EFFAFAEBB25959C98E47470BFBF0F096
:1068F000EC41ADAD67B3D4D4FD5FA2A2EA45AFAF22
:10690000BF239C9CF753A4A496E472725B9BC0C007
:10691000C275B7B71CE1FDFDAE3D93936A4C2626C8
:106920005A6C3636417E3F3F02F5F7F74F83CCCCA9
:106930005C683434F451A5A534D1E5E508F9F1F1EA
:1069400093E2717173ABD8D8536231313F2A151578
:106950000C0804045295C7C7654623235E9DC3C334
:1069600028301818A13796960F0A0505B52F9A9A60
:10697000090E0707362412129B1B80803DDFE2E2DE
:1069800026CDEBEB694E2727CD7FB2B29FEA757516
:106990001B1209099E1D838374582C2C2E341A1A3D
:1069A0002D361B1BB2DC6E6EEEB45A5AFB5BA0A0F8
:1069B000F6A452524D763B3B61B7D6D6CE7DB3B3EB
:1069C0007B5229293EDDE3E3715E2F2F97138484E8
:1069D000F5A6535368B9D1D1000000002CC1EDEDEC
:1069E000604020201FE3FCFCC879B1B1EDB65B5BD1
:1069F000BED46A6A468DCBCBD967BEBE4B723939DD
:106A0000DE944A4AD4984C4CE8B058584A85CFCFC7
:106A10006BBBD0D02AC5EFEFE54FAAAA16EDFBFB62
:106A2000C5864343D79A4D4D5566333394118585BA
:106A3000CF8A454510E9F9F90604020281FE7F7FFD
:106A4000F0A0505044783C3CBA259F9FE34BA8A847
:106A5000F3A25151FE5DA3A3C08040408A058F8FF1
:106A6000AD3F9292BC219D9D4870383804F1F5F5F8
:106A7000DF63BCBCC177B6B675AFDADA63422121F9
:106A8000302010101AE5FFFF0EFDF3F36DBFD2D2D8
:106A90004C81CDCD14180C0C352613132FC3ECEC00
:106AA000E1BE5F5FA2359797CC884444392E171713
:106AB0005793C4C4F255A7A782FC7E7E477A3D3D1A
:106AC000ACC86464E7BA5D5D2B32191995E673733F
:106AD000A0C0606098198181D19E4F4F7FA3DCDCFC
:106AE000664422227E542A2AAB3B9090830B8888EE
:106AF000CA8C464629C7EEEED36BB8B83C281414AE
:106B000079A7DEDEE2BC5E5E1D160B0B76ADDBDB2D
:106B10003BDBE0E0566432324E743A3A1E140A0A05
:106B2000DB9249490A0C06066C482424E4B85C5CF4
:106B30005D9FC2C26EBDD3D3EF43ACACA6C462624C
:106B4000A8399191A431959537D3E4E48BF2797902
:106B500032D5E7E7438BC8C8596E3737B7DA6D6D62
:106B60008C018D8D64B1D5D5D29C4E4EE049A9A93A
:106B7000B4D86C6CFAAC565607F3F4F425CFEAEAB5
:106B8000AFCA65658EF47A7AE947AEAE1810080888
:106B9000D56FBABA88F078786F4A2525725C2E2EA8
:106BA00024381C1CF157A6A6C773B4B45197C6C6A7
:106BB00023CBE8E87CA1DDDD9CE87474213E1F1F37
:106BC000DD964B4BDC61BDBD860D8B8B850F8A8AB4
:106BD00090E07070427C3E3EC471B5B5AACC66664A
:106BE000D89048480506030301F7F6F6121C0E0E6E
:106BF000A3C261615F6A3535F9AE5757D069B9B93B
:106C0000911786865899C1C1273A1D1DB9279E9EA6
:106C100038D9E1E113EBF8F8B32B9898332211112E
:106C2000BBD2696970A9D9D989078E8EA73394948C
:106C3000B62D9B9B223C1E1E9215878720C9E9E931
:106C40004987CECEFFAA5555785028287AA5DFDF90
:106C50008F038C8CF859A1A180098989171A0D0D11
:106C6000DA65BFBF31D7E6E6C6844242B8D068686D
:106C7000C3824141B0299999775A2D2D111E0F0FCA
:106C8000CB7BB0B0FCA85454D66DBBBB3A2C1616C7
:106C900063A5C6637C84F87C7799EE777B8DF67B61
:106CA000F20DFFF26BBDD66B6FB1DE6FC55491C5AF
:106CB000305060300103020167A9CE672B7D562B4F
:106CC000FE19E7FED762B5D7ABE64DAB769AEC7608
:106CD000CA458FCA829D1F82C94089C97D87FA7DB6
:106CE000FA15EFFA59EBB25947C98E47F00BFBF092
:106CF000ADEC41ADD467B3D4A2FD5FA2AFEA45AF1E
:106D00009CBF239CA4F753A47296E472C05B9BC003
:106D1000B7C275B7FD1CE1FD93AE3D93266A4C26C4
:106D2000365A6C363F417E3FF702F5F7CC4F83CCA5
:106D3000345C6834A5F451A5E534D1E5F108F9F1E6
:106D40007193E271D873ABD831536231153F2A1574
:106D5000040C0804C75295C723654623C35E9DC330
:106D60001828301896A13796050F0A059AB52F9A5C
:106D700007090E0712362412809B1B80E23DDFE2DA
:106D8000EB26CDEB27694E27B2CD7FB2759FEA7512
:106D9000091B1209839E1D832C74582C1A2E341A39
:106DA0001B2D361B6EB2DC6E5AEEB45AA0FB5BA0F4
:106DB00052F6A4523B4D763BD661B7D6B3CE7DB3E7
:106DC000297B5229E33EDDE32F715E2F84971384E4
:106DD00053F5A653D168B9D100000000ED2CC1EDE8
:106DE00020604020FC1FE3FCB1C879B15BEDB65BCD
:106DF0006ABED46ACB468DCBBED967BE394B7239D9
:106E00004ADE944A4CD4984C58E8B058CF4A85CFC3
:106E1000D06BBBD0EF2AC5EFAAE54FAAFB16EDFB5E
:106E200043C586434DD79A4D3355663385941185B6
:106E300045CF8A45F910E9F9020604027F81FE7FF9
:106E400050F0A0503C44783C9FBA259FA8E34BA843
:106E500051F3A251A3FE5DA340C080408F8A058FED
:106E600092AD3F929DBC219D38487038F504F1F5F4
:106E7000BCDF63BCB6C177B6DA75AFDA21634221F5
:106E800010302010FF1AE5FFF30EFDF3D26DBFD2D4
:106E9000CD4C81CD0C14180C13352613EC2FC3ECFC
:106EA0005FE1BE5F97A2359744CC884417392E170F
:106EB000C45793C4A7F255A77E82FC7E3D477A3D16
:106EC00064ACC8645DE7BA5D192B32197395E6733B
:106ED00060A0C060819819814FD19E4FDC7FA3DCF8
:106EE000226644222A7E542A90AB3B9088830B88EA
:106EF00046CA8C46EE29C7EEB8D36BB8143C2814AA
:106F0000DE79A7DE5EE2BC5E0B1D160BDB76ADDB29
:106F1000E03BDBE0325664323A4E743A0A1E140A01
:106F200049DB9249060A0C06246C48245CE4B85CF0
:106F3000C25D9FC2D36EBDD3ACEF43AC62A6C46248
:106F400091A8399195A43195E437D3E4798BF279FE
:106F5000E732D5E7C8438BC837596E376DB7DA6D5E
:106F60008D8C018DD564B1D54ED29C4EA9E049A936
:106F70006CB4D86C56FAAC56F407F3F4EA25CFEAB1
:106F800065AFCA657A8EF47AAEE947AE0818100884
:106F9000BAD56FBA7888F078256F4A252E725C2EA4
:106FA0001C24381CA6F157A6B4C773B4C65197C6A3
:106FB000E823CBE8DD7CA1DD749CE8741F213E1F33
:106FC0004BDD964BBDDC61BD8B860D8B8A850F8AB0
:106FD0007090E0703E427C3EB5C471B566AACC6646
:106FE00048D8904803050603F601F7F60E121C0E6A
:106FF00061A3C261355F6A3557F9AE57B9D069B937
:1070000086911786C15899C11D273A1D9EB9279EA2
:10701000E138D9E1F813EBF898B32B98113322112A
:1070200069BBD269D970A9D98E89078E94A7339488
:107030009BB62D9B1E223C1E87921587E920C9E92D
:10704000CE4987CE55FFAA5528785028DF7AA5DF8C
:107050008C8F038CA1F859A1898009890D171A0D0D
:10706000BFDA65BFE631D7E642C6844268B8D06869
:1070700041C3824199B029992D775A2D0F111E0FC6
:10708000B0CB7BB054FCA854BBD66DBB163A2C16C3
:107090006363A5C67C7C84F8777799EE7B7B8DF65D
:1070A000F2F20DFF6B6BBDD66F6FB1DEC5C55491AB
:1070B00030305060010103026767A9CE2B2B7D564B
:1070C000FEFE19E7D7D762B5ABABE64D76769AEC04
:1070D000CACA458F82829D1FC9C940897D7D87FAB2
:1070E000FAFA15EF5959EBB24747C98EF0F00BFB8E
:1070F000ADADEC41D4D467B3A2A2FD5FAFAFEA451A
:107100009C9CBF23A4A4F753727296E4C0C05B9BFF
:10711000B7B7C275FDFD1CE19393AE3D26266A4CC0
:1071200036365A6C3F3F417EF7F702F5CCCC4F83A1
:1071300034345C68A5A5F451E5E534D1F1F108F9E2
:10714000717193E2D8D873AB3131536215153F2A70
:1071500004040C08C7C7529523236546C3C35E9D2C
:10716000181828309696A13705050F0A9A9AB52F58
:107170000707090E1212362480809B1BE2E23DDFD6
:10718000EBEB26CD2727694EB2B2CD7F75759FEA0E
:1071900009091B1283839E1D2C2C74581A1A2E3435
:1071A0001B1B2D366E6EB2DC5A5AEEB4A0A0FB5BF0
:1071B0005252F6A43B3B4D76D6D661B7B3B3CE7DE3
:1071C00029297B52E3E33EDD2F2F715E84849713E0
:1071D0005353F5A6D1D168B900000000EDED2CC1E4
:1071E00020206040FCFC1FE3B1B1C8795B5BEDB6C9
:1071F0006A6ABED4CBCB468DBEBED96739394B72D5
:107200004A4ADE944C4CD4985858E8B0CFCF4A85BF
:10721000D0D06BBBEFEF2AC5AAAAE54FFBFB16ED5A
:107220004343C5864D4DD79A3333556685859411B2
:107230004545CF8AF9F910E9020206047F7F81FEF5
:107240005050F0A03C3C44789F9FBA25A8A8E34B3F
:107250005151F3A2A3A3FE5D4040C0808F8F8A05E9
:107260009292AD3F9D9DBC2138384870F5F504F1F0
:10727000BCBCDF63B6B6C177DADA75AF21216342F1
:1072800010103020FFFF1AE5F3F30EFDD2D26DBFD0
:10729000CDCD4C810C0C141813133526ECEC2FC3F8
:1072A0005F5FE1BE9797A2354444CC881717392E0B
:1072B000C4C45793A7A7F2557E7E82FC3D3D477A12
:1072C0006464ACC85D5DE7BA19192B32737395E637
:1072D0006060A0C0818198194F4FD19EDCDC7FA3F4
:1072E000222266442A2A7E549090AB3B8888830BE6
:1072F0004646CA8CEEEE29C7B8B8D36B14143C28A6
:10730000DEDE79A75E5EE2BC0B0B1D16DBDB76AD25
:10731000E0E03BDB323256643A3A4E740A0A1E14FD
:107320004949DB9206060A0C24246C485C5CE4B8EC
:10733000C2C25D9FD3D36EBDACACEF436262A6C444
:107340009191A8399595A431E4E437D379798BF2FA
:10735000E7E732D5C8C8438B3737596E6D6DB7DA5A
:107360008D8D8C01D5D564B14E4ED29CA9A9E04932
:107370006C6CB4D85656FAACF4F407F3EAEA25CFAD
:107380006565AFCA7A7A8EF4AEAEE9470808181080
:10739000BABAD56F787888F025256F4A2E2E725CA0
:1073A0001C1C2438A6A6F157B4B4C773C6C651979F
:1073B000E8E823CBDDDD7CA174749CE81F1F213E2F
:1073C0004B4BDD96BDBDDC618B8B860D8A8A850FAC
:1073D000707090E03E3E427CB5B5C4716666AACC42
:1073E0004848D89003030506F6F601F70E0E121C66
:1073F0006161A3C235355F6A5757F9AEB9B9D06933
:1074000086869117C1C158991D1D273A9E9EB9279E
:10741000E1E138D9F8F813EB9898B32B1111332226
:107420006969BBD2D9D970A98E8E89079494A73384
:107430009B9BB62D1E1E223C87879215E9E920C929
:10744000CECE49875555FFAA28287850DFDF7AA588
:107450008C8C8F03A1A1F859898980090D0D171A09
:10746000BFBFDA65E6E631D74242C6846868B8D065
:107470004141C3829999B0292D2D775A0F0F111EC2
:10748000B0B0CB7B5454FCA8BBBBD66D16163A2CBF
:1074900052096AD53036A538BF40A39E81F3D7FB89
:1074A0007CE339829B2FFF87348E4344C4DEE9CBD3
:1074B000547B9432A6C2233DEE4C950B42FAC34E48
:1074C000082EA16628D924B2765BA2496D8BD125FE
:1074D00072F8F66486689816D4A45CCC5D65B692A2
:1074E0006C704850FDEDB9DA5E154657A78D9D8446
:1074F00090D8AB008CBCD30AF7E45805B8B3450666
:10750000D02C1E8FCA3F0F02C1AFBD0301138A6B7F
:107510003A9111414F67DCEA97F2CFCEF0B4E673AF
:1075200096AC7422E7AD3585E2F937E81C75DF6E5D
:1075300047F11A711D29C5896FB7620EAA18BE1BC3
:10754000FC563E4BC6D279209ADBC0FE78CD5AF469
:107550001FDDA8338807C731B11210592780EC5FAF
:1075600060517FA919B54A0D2DE57A9F93C99CEF0B
:10757000A0E03B4DAE2AF5B0C8EBBB3C835399610C
:10758000172B047EBA77D626E169146355210C7D4A
:1075900051F4A7507E4165531A17A4C33A275E964B
:1075A0003BAB6BCB1F9D45F1ACFA58AB4BE3039360
:1075B0002030FA55AD766DF688CC7691F5024C25E3
:1075C0004FE5D7FCC52ACBD726354480B562A38FBB
:1075D000DEB15A4925BA1B6745EA0E985DFEC0E147
:1075E000C32F7502814CF0128D4697A36BD3F9C659
:1075F000038F5FE715929C95BF6D7AEB955259DA30
:10760000D4BE832D587421D349E069298EC9C8445A
:1076100075C2896AF48E797899583E6B27B971DD05
:10762000BEE14FB6F088AD17C920AC667DCE3AB446
:1076300063DF4A18E51A31829751336062537F4500
:10764000B16477E0BB6BAE84FE81A01CF9082B947B
:10765000704868588F45FD1994DE6C87527BF8B7E7
:10766000AB73D323724B02E2E31F8F576655AB2AED
:10767000B2EB28072FB5C20386C57B9AD33708A57E
:10768000302887F223BFA5B202036ABAED16825CE6
:107690008ACF1C2BA779B492F307F2F04E69E2A1CE
:1076A00065DAF4CD0605BED5D134621FC4A6FE8AC4
:1076B000342E539DA2F355A0058AE132A4F6EB7552
:1076C0000B83EC394060EFAA5E719F06BD6E1051CE
:1076D0003E218AF996DD063DDD3E05AE4DE6BD460E
:1076E00091548DB571C45D050406D46F605015FFCB
:1076F0001998FB24D6BDE997894043CC67D99E777A
:10770000B0E842BD07898B88E7195B3879C8EEDBA2
:10771000A17C0A477C420FE9F8841EC900000000E2
:1077200009808683322BED481E1170AC6C5A724E64
:10773000FD0EFFFB0F8538563DAED51E362D392781
:107740000A0FD964685CA6219B5B54D124362E3A7B
:107750000C0A67B19357E70FB4EE96D21B9B919E2C
:1077600080C0C54F61DC20A25A774B691C121A16E3
:10777000E293BA0AC0A02AE53C22E043121B171D7F
:107780000E090D0BF28BC7AD2DB6A8B9141EA9C8F2
:1077900057F11985AF75074CEE99DDBBA37F60FDEE
:1077A000F701269F5C72F5BC44663BC55BFB7E34EB
:1077B0008B432976CB23C6DCB6EDFC68B8E4F163D5
:1077C000D731DCCA426385101397224084C611204A
:1077D000854A247DD2BB3DF8AEF93211C729A16D8F
:1077E0001D9E2F4BDCB230F30D8652EC77C1E3D0F7
:1077F0002BB3166CA970B999119448FA47E9642221
:10780000A8FC8CC4A0F03F1A567D2CD8223390EFF0
:1078100087494EC7D938D1C18CCAA2FE98D40B363D
:10782000A6F581CFA57ADE28DAB78E263FADBFA4B4
:107830002C3A9DE45078920D6A5FCC9B547E466250
:10784000F68D13C290D8B8E82E39F75E82C3AFF533
:107850009F5D80BE69D0937C6FD52DA9CF2512B3D3
:10786000C8AC993B10187DA7E89C636EDB3BBB7BE3
:10787000CD2678096E5918F4EC9AB701834F9AA86F
:10788000E6956E65AAFFE67E21BCCF08EF15E8E617
:10789000BAE79BD94A6F36CEEA9F09D429B07CD685
:1078A00031A4B2AF2A3F2331C6A5943035A266C0B9
:1078B000744EBC37FC82CAA6E090D0B033A7D8156E
:1078C000F104984A41ECDAF77FCD500E1791F62F6C
:1078D000764DD68D43EFB04DCCAA4D54E49604DFDF
:1078E0009ED1B5E34C6A881BC12C1FB84665517FF9
:1078F0009D5EEA04018C355DFA877473FB0B412EA3
:10790000B3671D5A92DBD252E91056336DD6471336
:107910009AD7618C37A10C7A59F8148EEB133C89F5
:10792000CEA927EEB761C935E11CE5ED7A47B13C38
:107930009CD2DF5955F2733F1814CE7973C737BF05
:1079400053F7CDEA5FFDAA5BDF3D6F147844DB8619
:10795000CAAFF381B968C43E3824342CC2A3405F57
:10796000161DC372BCE2250C283C498BFF0D9541C6
:1079700039A80171080CB3DED8B4E49C6456C190F8
:107980007BCB8461D532B670486C5C74D0B85742FA
:107990005051F4A7537E4165C31A17A4963A275E47
:1079A000CB3BAB6BF11F9D45ABACFA58934BE3035C
:1079B000552030FAF6AD766D9188CC7625F5024CDF
:1079C000FC4FE5D7D7C52ACB802635448FB562A3B7
:1079D00049DEB15A6725BA1B9845EA0EE15DFEC043
:1079E00002C32F7512814CF0A38D4697C66BD3F955
:1079F000E7038F5F9515929CEBBF6D7ADA9552592C
:107A00002DD4BE83D35874212949E069448EC9C856
:107A10006A75C28978F48E796B99583EDD27B97101
:107A2000B6BEE14F17F088AD66C920ACB47DCE3A42
:107A30001863DF4A82E51A31609751334562537FFC
:107A4000E0B1647784BB6BAE1CFE81A094F9082B77
:107A500058704868198F45FD8794DE6CB7527BF8E3
:107A600023AB73D3E2724B0257E31F8F2A6655ABE9
:107A700007B2EB28032FB5C29A86C57BA5D337087A
:107A8000F2302887B223BFA5BA02036A5CED1682E2
:107A90002B8ACF1C92A779B4F0F307F2A14E69E2CA
:107AA000CD65DAF4D50605BE1FD134628AC4A6FEC0
:107AB0009D342E53A0A2F35532058AE175A4F6EB4E
:107AC000390B83ECAA4060EF065E719F51BD6E10CA
:107AD000F93E218A3D96DD06AEDD3E05464DE6BD0A
:107AE000B591548D0571C45D6F0406D4FF605015C7
:107AF000241998FB97D6BDE9CC8940437767D99E76
:107B0000BDB0E8428807898B38E7195BDB79C8EE9E
:107B100047A17C0AE97C420FC9F8841E00000000DE
:107B20008309808648322BEDAC1E11704E6C5A7260
:107B3000FBFD0EFF560F85381E3DAED527362D397D
:107B4000640A0FD921685CA6D19B5B543A24362E77
:107B5000B10C0A670F9357E7D2B4EE969E1B9B9128
:107B60004F80C0C5A261DC20695A774B161C121ADF
:107B70000AE293BAE5C0A02A433C22E01D121B177B
:107B80000B0E090DADF28BC7B92DB6A8C8141EA9EE
:107B90008557F1194CAF7507BBEE99DDFDA37F60EA
:107BA0009FF70126BC5C72F5C544663B345BFB7EE7
:107BB000768B4329DCCB23C668B6EDFC63B8E4F1D1
:107BC000CAD731DC10426385401397222084C61146
:107BD0007D854A24F8D2BB3D11AEF9326DC729A18B
:107BE0004B1D9E2FF3DCB230EC0D8652D077C1E3F3
:107BF0006C2BB31699A970B9FA1194482247E9641D
:107C0000C4A8FC8C1AA0F03FD8567D2CEF223390EC
:107C1000C787494EC1D938D1FE8CCAA23698D40B39
:107C2000CFA6F58128A57ADE26DAB78EA43FADBFB0
:107C3000E42C3A9D0D5078929B6A5FCC62547E464C
:107C4000C2F68D13E890D8B85E2E39F7F582C3AF2F
:107C5000BE9F5D807C69D093A96FD52DB3CF2512CF
:107C60003BC8AC99A710187D6EE89C637BDB3BBBDF
:107C700009CD2678F46E591801EC9AB7A8834F9A6B
:107C800065E6956E7EAAFFE60821BCCFE6EF15E813
:107C9000D9BAE79BCE4A6F36D4EA9F09D629B07C81
:107CA000AF31A4B2312A3F2330C6A594C035A266B5
:107CB00037744EBCA6FC82CAB0E090D01533A7D86A
:107CC0004AF10498F741ECDA0E7FCD502F1791F668
:107CD0008D764DD64D43EFB054CCAA4DDFE49604DB
:107CE000E39ED1B51B4C6A88B8C12C1F7F466551F5
:107CF000049D5EEA5D018C3573FA87742EFB0B419F
:107D00005AB3671D5292DBD233E91056136DD64732
:107D10008C9AD7617A37A10C8E59F81489EB133CF1
:107D2000EECEA92735B761C9EDE11CE53C7A47B134
:107D3000599CD2DF3F55F273791814CEBF73C73701
:107D4000EA53F7CD5B5FFDAA14DF3D6F867844DB15
:107D500081CAAFF33EB968C42C3824345FC2A34053
:107D600072161DC30CBCE2258B283C4941FF0D95C2
:107D70007139A801DE080CB39CD8B4E4906456C1F4
:107D8000617BCB8470D532B674486C5C42D0B857F6
:107D9000A75051F465537E41A4C31A175E963A2743
:107DA0006BCB3BAB45F11F9D58ABACFA03934BE358
:107DB000FA5520306DF6AD76769188CC4C25F502DB
:107DC000D7FC4FE5CBD7C52A44802635A38FB562B3
:107DD0005A49DEB11B6725BA0E9845EAC0E15DFE3F
:107DE0007502C32FF012814C97A38D46F9C66BD351
:107DF0005FE7038F9C9515927AEBBF6D59DA955228
:107E0000832DD4BE21D35874692949E0C8448EC952
:107E1000896A75C27978F48E3E6B995871DD27B9FD
:107E20004FB6BEE1AD17F088AC66C9203AB47DCE3E
:107E30004A1863DF3182E51A336097517F456253F8
:107E400077E0B164AE84BB6BA01CFE812B94F90873
:107E500068587048FD198F456C8794DEF8B7527BDF
:107E6000D323AB7302E2724B8F57E31FAB2A6655E5
:107E70002807B2EBC2032FB57B9A86C508A5D33776
:107E800087F23028A5B223BF6ABA0203825CED16DE
:107E90001C2B8ACFB492A779F2F0F307E2A14E69C6
:107EA000F4CD65DABED50605621FD134FE8AC4A6BC
:107EB000539D342E55A0A2F3E132058AEB75A4F64A
:107EC000EC390B83EFAA40609F065E711051BD6EC6
:107ED0008AF93E21063D96DD05AEDD3EBD464DE606
:107EE0008DB591545D0571C4D46F040615FF6050C3
:107EF000FB241998E997D6BD43CC89409E7767D972
:107F000042BDB0E88B8807895B38E719EEDB79C89A
:107F10000A47A17C0FE97C421EC9F88400000000DA
:107F200086830980ED48322B70AC1E11724E6C5A5C
:107F3000FFFBFD0E38560F85D51E3DAE3927362D79
:107F4000D9640A0FA621685C54D19B5B2E3A243673
:107F500067B10C0AE70F935796D2B4EE919E1B9B24
:107F6000C54F80C020A261DC4B695A771A161C12DB
:107F7000BA0AE2932AE5C0A0E0433C22171D121B77
:107F80000D0B0E09C7ADF28BA8B92DB6A9C8141EEA
:107F9000198557F1074CAF75DDBBEE9960FDA37FE6
:107FA000269FF701F5BC5C723BC544667E345BFBE3
:107FB00029768B43C6DCCB23FC68B6EDF163B8E4CD
:107FC000DCCAD7318510426322401397112084C642
:107FD000247D854A3DF8D2BB3211AEF9A16DC72987
:107FE0002F4B1D9E30F3DCB252EC0D86E3D077C1EF
:107FF000166C2BB3B999A97048FA1194642247E919
:108000008CC4A8FC3F1AA0F02CD8567D90EF2233E8
:108010004EC78749D1C1D938A2FE8CCA0B3698D435
:1080200081CFA6F5DE28A57A8E26DAB7BFA43FADAC
:108030009DE42C3A920D5078CC9B6A5F4662547E48
:1080400013C2F68DB8E890D8F75E2E39AFF582C32B
:1080500080BE9F5D937C69D02DA96FD512B3CF25CB
:10806000993BC8AC7DA71018636EE89CBB7BDB3BDB
:108070007809CD2618F46E59B701EC9A9AA8834F67
:108080006E65E695E67EAAFFCF0821BCE8E6EF150F
:108090009BD9BAE736CE4A6F09D4EA9F7CD629B07D
:1080A000B2AF31A423312A3F9430C6A566C035A2B1
:1080B000BC37744ECAA6FC82D0B0E090D81533A766
:1080C000984AF104DAF741EC500E7FCDF62F179164
:1080D000D68D764DB04D43EF4D54CCAA04DFE496D7
:1080E000B5E39ED1881B4C6A1FB8C12C517F4665F1
:1080F000EA049D5E355D018C7473FA87412EFB0B9B
:108100001D5AB367D25292DB5633E91047136DD62E
:10811000618C9AD70C7A37A1148E59F83C89EB13ED
:1081200027EECEA9C935B761E5EDE11CB13C7A4730
:10813000DF599CD2733F55F2CE79181437BF73C7FD
:10814000CDEA53F7AA5B5FFD6F14DF3DDB86784411
:10815000F381CAAFC43EB968342C3824405FC2A34F
:10816000C372161D250CBCE2498B283C9541FF0DBE
:10817000017139A8B3DE080CE49CD8B4C1906456F0
:1081800084617BCBB670D5325C74486C5742D0B8F2
:10819000F4A750514165537E17A4C31A275E963A3F
:1081A000AB6BCB3B9D45F11FFA58ABACE303934B54
:1081B00030FA5520766DF6ADCC769188024C25F5D7
:1081C000E5D7FC4F2ACBD7C53544802662A38FB5AF
:1081D000B15A49DEBA1B6725EA0E9845FEC0E15D3B
:1081E0002F7502C34CF012814697A38DD3F9C66B4D
:1081F0008F5FE703929C95156D7AEBBF5259DA9524
:10820000BE832DD47421D358E0692949C9C8448E4E
:10821000C2896A758E7978F4583E6B99B971DD27F9
:10822000E14FB6BE88AD17F020AC66C9CE3AB47D3A
:10823000DF4A18631A3182E551336097537F4562F4
:108240006477E0B16BAE84BB81A01CFE082B94F96F
:108250004868587045FD198FDE6C87947BF8B752DB
:1082600073D323AB4B02E2721F8F57E355AB2A66E1
:10827000EB2807B2B5C2032FC57B9A863708A5D372
:108280002887F230BFA5B223036ABA0216825CEDDA
:10829000CF1C2B8A79B492A707F2F0F369E2A14EC2
:1082A000DAF4CD6505BED50634621FD1A6FE8AC4B8
:1082B0002E539D34F355A0A28AE13205F6EB75A446
:1082C00083EC390B60EFAA40719F065E6E1051BDC2
:1082D000218AF93EDD063D963E05AEDDE6BD464D02
:1082E000548DB591C45D057106D46F045015FF60BF
:1082F00098FB2419BDE997D64043CC89D99E77676E
:10830000E842BDB0898B8807195B38E7C8EEDB7996
:108310007C0A47A1420FE97C841EC9F800000000D6
:10832000808683092BED48321170AC1E5A724E6C58
:108330000EFFFBFD8538560FAED51E3D2D39273675
:108340000FD9640A5CA621685B54D19B362E3A246F
:108350000A67B10C57E70F93EE96D2B49B919E1B20
:10836000C0C54F80DC20A261774B695A121A161CD7
:1083700093BA0AE2A02AE5C022E0433C1B171D1273
:10838000090D0B0E8BC7ADF2B6A8B92D1EA9C814E6
:10839000F119855775074CAF99DDBBEE7F60FDA3E2
:1083A00001269FF772F5BC5C663BC544FB7E345BDF
:1083B0004329768B23C6DCCBEDFC68B6E4F163B8C9
:1083C00031DCCAD76385104297224013C61120843E
:1083D0004A247D85BB3DF8D2F93211AE29A16DC783
:1083E0009E2F4B1DB230F3DC8652EC0DC1E3D077EB
:1083F000B3166C2B70B999A99448FA11E964224715
:10840000FC8CC4A8F03F1AA07D2CD8563390EF22E4
:10841000494EC78738D1C1D9CAA2FE8CD40B369831
:10842000F581CFA67ADE28A5B78E26DAADBFA43FA8
:108430003A9DE42C78920D505FCC9B6A7E46625444
:108440008D13C2F6D8B8E89039F75E2EC3AFF58227
:108450005D80BE9FD0937C69D52DA96F2512B3CFC7
:10846000AC993BC8187DA7109C636EE83BBB7BDBD7
:10847000267809CD5918F46E9AB701EC4F9AA88363
:10848000956E65E6FFE67EAABCCF082115E8E6EF0B
:10849000E79BD9BA6F36CE4A9F09D4EAB07CD62979
:1084A000A4B2AF313F23312AA59430C6A266C035AD
:1084B0004EBC377482CAA6FC90D0B0E0A7D8153362
:1084C00004984AF1ECDAF741CD500E7F91F62F1760
:1084D0004DD68D76EFB04D43AA4D54CC9604DFE4D3
:1084E000D1B5E39E6A881B4C2C1FB8C165517F46ED
:1084F0005EEA049D8C355D01877473FA0B412EFB97
:10850000671D5AB3DBD25292105633E9D647136D2A
:10851000D7618C9AA10C7A37F8148E59133C89EBE9
:10852000A927EECE61C935B71CE5EDE147B13C7A2C
:10853000D2DF599CF2733F5514CE7918C737BF73F9
:10854000F7CDEA53FDAA5B5F3D6F14DF44DB86780D
:10855000AFF381CA68C43EB924342C38A3405FC24B
:108560001DC37216E2250CBC3C498B280D9541FFBA
:10857000A80171390CB3DE08B4E49CD856C19064EC
:10858000CB84617B32B670D56C5C7448B85742D0EE
:1085900001000000020000000400000008000000CC
:1085A00010000000200000004000000080000000DB
:1085B0001B000000360000003D000000000000002D
:1085C0009D00000044940200100701000300000019
:1085D0000300000003000000030000000000000092
:1085E0009C000000A49402000E060100030000009D
:1085F0000300000003000000030000000000000072
:108600003C00000084940200050601000300000005
:108610000300000003000000030000000000000051
:108620003D00000064940200070601000300000002
:108630000300000003000000030000000000000031
:108640002F000000E1940200050401000300000077
:108650000000000003000000030000000000000014
:1086600035000000C494020007040100030000006C
:1086700000000000030000000300000000000000F4
:1086800000000000139D0200000000000000000038
:1086900000000000000000000000000000000000DA
:1086A00001000000FE940200FF010100ED01010045
:1086B0000F02010065020100A1020100E1020100B8
:1086C0002703010037030100530301006503010084
:1086D0006B95020003000000E09802009C980200E5
:1086E000A79F0200A7950200030000003199020035
:1086F000F49C0200E0970200C39502000300000012
:10870000059D0200FC9C0200FA970200D995020028
:10871000030000008B990200859902000F98020067
:108720000296020003000000C99802006E9A02003F
:10873000029802001996020003000000FF98020050
:10874000949C02001298020031950200090000007A
:10875000409C02005C9C0200409C0200A395020029
:10876000030000003D9B0200509B0200439B02005F
:1087700049960200030000002C9C02004D9C020060
:10878000329C02004D96020003000000399802005E
:108790004A9802003F9802008C95020003000000F6
:1087A000F19802004E990200FF970200A196020084
:1087B00003000000B998020043990200FC970200F0
:1087C000A5960200030000001D9C0200149C0200FC
:1087D000239C0200A996020003000000709B020087
:1087E000A79B0200769B02002D960200030000006A
:1087F000909802008A98020096980200B1960200B2
:10880000030000005E9B02008A9B0200649B020042
:10881000BF97020003000000229A0200189A02008B
:10882000289A0200599602000A0000009D9C02004E
:10883000B09C0200DF970200AD960200030000002A
:10884000CE9B0200BC9B0200D49B020000000000F3
:108850000000000000000000000000000000000018
:1088600055960200030000007D9C02006B9C0200F4
:108870000001000045960200030000007B98020002
:108880005F980200040000007496020003000000DC
:1088900069980200569802000008000051960200F4
:1088A000030000001C990200A898020020000000AC
:1088B0000C95020009000000709902005699020010
:1088C000000001007096020003000000FA9B020005
:1088D000E59B02000800000000000000000000000E
:1088E00000000000000000000000000028950200C9
:1088F00008000000F6990200329A02004F9502002B
:1089000008000000079A0200509A020062950200D7
:1089100008000000C3990200A49902008395020098
:10892000080000008D9A02007B9A0200D095020098
:1089300008000000E3990200D5990200E6950200C4
:1089400008000000B1990200979902003B950200CF
:108950000900000022980200789602000000000042
:10896000000000000000000000000000A3A10200C1
:1089700004000000CC9C0200C19C0200000000002A
:108980000000000000000000000000006F950200E1
:1089900009000000029B020078970200030100001A
:1089A0009095020009000000A39A0200C096020000
:1089B000040100003B96020009000000D29A020068
:1089C000129702000501000006960200090000004F
:1089D000179B02008C970200060100001D96020002
:1089E00009000000EA9A0200459702000701000012
:1089F0003196020009000000BA9A0200DF960200D8
:108A0000080100006A96020005000000A39A020017
:108A1000C096020004010000EF950200090000006A
:108A20000498020004980200000600000000000004
:108A30000000000000000000000000000000000036
:108A400002950200090000002F9B0200FE94020024
:108A5000010000002095020007000000D69C0200E3
:108A6000E59C0200020000002796020005000000BD
:108A7000F2970200E29702000300000000000000ED
:108A800000000000000000000000000000000000E6
:108A9000AB95020005000000D8970200D0970200B5
:108AA00021000000BA95020008000000159802009D
:108AB000C397020025000000000000000000000035
:108AC0000000000000000000000000009A95020075
:108AD0000800000085970200819702000300000053
:108AE0006496020005000000D7960200BA960200C4
:108AF0000400000079950200090000003B97020085
:108B000028970200050000001695020009000000E9
:108B1000B5970200A29702000600000045950200EA
:108B2000090000006E9702005B970200070000003A
:108B3000589502000900000008970200F59602000F
:108B4000080000000000000000000000000000001D
:108B50000000000000000000B195020008000000C5
:108B6000CE960200B596020004000000C7950200F0
:108B70000800000030970200239702000500000063
:108B8000DD95020008000000AA9702009D970200F0
:108B900006000000F995020008000000639702003B
:108BA000569702000700000010960200080000001F
:108BB000FD960200F0960200080000000000000090
:108BC00000000000000000000000000000000000A5
:108BD0008197020003104000D29602000414400066
:108BE00034970200051C4000AE97020006204000AA
:108BF000679702000730800001970200084080005C
:108C0000080000000700000006000000050000004A
:108C1000040000000300000000000000982F8A42BA
:108C200091443771CFFBC0B5A5DBB5E95BC25639BE
:108C3000F111F159A4823F92D55E1CAB98AA07D8D6
:108C4000015B8312BE853124C37D0C55745DBE72F9
:108C5000FEB1DE80A706DC9B74F19BC1C1699BE479
:108C60008647BEEFC69DC10FCCA10C246F2CE92D09
:108C7000AA84744ADCA9B05CDA88F97652513E982D
:108C80006DC631A8C82703B0C77F59BFF30BE0C634
:108C90004791A7D55163CA0667292914850AB727C2
:108CA00038211B2EFC6D2C4D130D385354730A655F
:108CB000BB0A6A762EC9C281852C7292A1E8BFA236
:108CC0004B661AA8708B4BC2A3516CC719E892D19E
:108CD000240699D685350EF470A06A1016C1A41921
:108CE000086C371E4C774827B5BCB034B30C1C3920
:108CF0004AAAD84E4FCA9C5BF36F2E68EE828F74DF
:108D00006F63A5781478C8840802C78CFAFFBE90F8
:108D1000EB6C50A4F7A3F9BEF27871C60000000016
:108D200022AE28D7982F8A42CD65EF239144377120
:108D30002F3B4DECCFFBC0B5BCDB8981A5DBB5E992
:108D400038B548F35BC2563919D005B6F111F1595F
:108D50009B4F19AFA4823F9218816DDAD55E1CAB90
:108D6000420203A398AA07D8BE6F7045015B831225
:108D70008CB2E44EBE853124E2B4FFD5C37D0C55E0
:108D80006F897BF2745DBE72B196163BFEB1DE80D8
:108D90003512C725A706DC9B942669CF74F19BC1C9
:108DA000D24AF19EC1699BE4E3254F388647BEEF66
:108DB000B5D58C8BC69DC10F659CAC77CCA10C241E
:108DC00075022B596F2CE92D83E4A66EAA84744A90
:108DD000D4FB41BDDCA9B05CB5531183DA88F976C8
:108DE000ABDF66EE52513E981032B42D6DC631A8FD
:108DF0003F21FB98C82703B0E40EEFBEC77F59BFE1
:108E0000C28FA83DF30BE0C625A70A934791A7D5CB
:108E10006F8203E05163CA06706E0E0A6729291437
:108E2000FC2FD246850AB72726C9265C38211B2E7F
:108E3000ED2AC45AFC6D2C4DDFB3959D130D3853AC
:108E4000DE63AF8B54730A65A8B2773CBB0A6A76BF
:108E5000E6AEED472EC9C2813B358214852C729255
:108E60006403F14CA1E8BFA2013042BC4B661AA8D2
:108E70009197F8D0708B4BC230BE5406A3516CC78B
:108E80001852EFD619E892D110A96555240699D643
:108E90002A20715785350EF4B8D1BB3270A06A1004
:108EA000C8D0D2B816C1A41953AB4151086C371EB3
:108EB00099EB8EDF4C774827A8489BE1B5BCB034CE
:108EC000635AC9C5B30C1C39CB8A41E34AAAD84EB0
:108ED00073E363774FCA9C5BA3B8B2D6F36F2E6877
:108EE000FCB2EF5DEE828F74602F17436F63A5783D
:108EF00072ABF0A11478C884EC39641A0802C78CEC
:108F0000281E6323FAFFBE90E9BD82DEEB6C50A4FD
:108F10001579C6B2F7A3F9BE2B5372E3F27871C686
:108F20009C6126EACE3E27CA07C2C021C7B886D1B7
:108F30001EEBE0CDD67DDAEA78D16EEE7F4F7DF57F
:108F4000BA6F1772AA67F006A698C8A2C57D630A11
:108F5000AE0DF9BE04983F111B471C13350B711B56
:108F6000847D0423F577DB289324C7407BABCA328A
:108F7000BCBEC9150ABE9E3C4C0D109CC4671D4367
:108F8000B6423ECBBED4C54C2A7E65FC9C297F5997
:108F9000ECFAD63AAB6FCB5F1758474A8C19446C42
:108FA000F0000000FFFFFF0FFFFFFF0F00080000B1
:108FB000E0000000FFFFFF0F0000000000080000BD
:108FC000600000000A000000000000000000000037
:108FD00001000000CF9F020002000000149D02006B
:108FE00004000000659F0200080000002B9F0200A3
:108FF00010000000F99E020020000000F49F020013
:109000004000000050A0020080000000AA9F020063
:1090100000010000439D02000002000022A00200A7
:109020000004000007A00200000800009CA002004D
:109030000010000068A0020000200000C8A002008C
:1090400000400000C49E020000800000B29D0200AB
:1090500000000100459E020000000200979E0200F1
:1090600000000400719D020000000800FB9D02004A
:1090700000000000000000000200000045EA0100BE
:1090800061EA010099EA010085EA0100ADEA010008
:10909000CBEA010002010000800000000EA10200E6
:1090A00000000000000000001000000078900200A6
:1090B00003010000C0000000F6A002000000000054
:1090C0000000000010000000789002000401000081
:1090D0000001000002A102000000000000000000EA
:1090E00010000000789002000502000080000000DF
:1090F00032A102001000000000000000100000007B
:109100007890020006020000C00000001AA10200D0
:109110001000000000000000100000007890020025
:10912000070200000001000026A10200100000005C
:109130000000000010000000789002000200000013
:109140000000000000000000DDEA0100DDEA01008F
:1091500019EA010033EA01000E0600008000000059
:1091600056A102000C0000000100000010000000E9
:109170003C9102000F060000C00000003EA102006A
:109180000C00000001000000100000003C910200F3
:1091900010060000000100004AA102000C000000BF
:1091A00001000000100000003C91020002000000DD
:1091B0009490020003000000B09002000400000040
:1091C000CC90020005000000E890020006000000BC
:1091D0000491020007000000209102000E00000030
:1091E000589102000F00000074910200100000006E
:1091F000909102000000000000000000000000004C
:109200000000000000000000201C00000000000022
:109210004038000000000000602400000000000052
:109220008070000000000000A06C00000000000042
:10923000C048000000000000E054000000000000F2
:1092400000E100000000000020FD00000000000020
:1092500040D900000000000060C5000000000000D0
:109260008091000000000000A08D000000000000C0
:10927000C0A9000000000000E0B5000000000000F0
:10928000800000000000000000000000000000005E
:1092900000000000000000000000000000000000CE
:1092A00000000000000000000000000000000000BE
:1092B00000000000000000000000000000000000AE
:1092C000800000000000000000000000000000001E
:1092D000000000000000000000000000000000008E
:1092E000000000000000000000000000000000007E
:1092F000000000000000000000000000000000006E
:109300007B226D6574686F64223A227265706F7299
:1093100074222C22636C69656E74546F6B656E22C7
:109320003A22313233222C2274696D657374616D77
:1093300070223A313632383634363738332C227090
:109340006172616D73223A7B224456223A22257360
:10935000222C22534A595F434F554E54223A2564DA
:109360007D7D000000000000000000000000F03FD4
:10937000000000000000F83F0000000000000000B6
:109380000000004003B8E23F0000000000000000C1
:1093900006D0CF43EBFD4C3E033333333333E33F4F
:1093A000FFAB6FDBB66DDB3F4D268F515555D53F7B
:1093B00001411DA96074D13F65DBC9934A86CD3F49
:1093C000EF4E454A287ECA3F3E5555555555C53F37
:1093D00093BDBE166CC166BF2CDE25AF6A56113F29
:1093E000F16BD2C541BDBBBED0A4BE726937663E2B
:1093F0000000000000000000DDDDDDDDDCBBBBDDCA
:10940000DDDDDDDDDDDDDDDD988888888888888824
:109410007777777777888888855555566666666644
:109420006666666666688888833333322222222223
:10943000222222222228888D73736C5F636C6965F7
:109440006E743100544C532D5253412D574954489A
:109450002D4145532D3235362D47434D2D5348412F
:1094600033383400544C532D5253412D57495448EE
:109470002D4145532D3235362D4342432D5348411E
:1094800032353600544C532D5253412D57495448D0
:109490002D4145532D3132382D4342432D53484100
:1094A00032353600544C532D5253412D57495448B0
:1094B0002D4145532D3132382D47434D2D534841D1
:1094C00032353600544C532D5253412D5749544890
:1094D0002D4145532D3235362D4342432D534841BE
:1094E00000544C532D5253412D574954482D41455A
:1094F000532D3132382D4342432D534841005253AE
:1095000041002A864886F70D010101006086480166
:1095100086F84201010060864801650304020100EB
:109520002A8648CE3D0201002B06010505070301EE
:10953000002A864886F70D010901002B0601040167
:1095400082E4250100608648016503040202002BC5
:109550000601050507030200608648016503040251
:1095600003002B0601050507030300550403002A29
:10957000864886F70D0101040060864801650304F2
:109580000204002B0601050507030400550404002E
:109590002A864886F70D010105002A864886F70DC0
:1095A00002050055040500550406002B0E030207B2
:1095B000002A864886F70D0207002A864886F70D9E
:1095C000030700550407002A864886F70D020800A5
:1095D0002B0601050507030800550408002A8648E4
:1095E00086F70D0209002B06010505070309002A6D
:1095F000864886F70D01010A002A864886F70D0283
:109600000A0055040A002A864886F70D01010B005E
:109610002A864886F70D020B0055040B002A86485F
:1096200086F70D01010C002B8104010C0055040C80
:10963000002A864886F70D01010D002A864886F724
:109640000D01010E00551D0F0055041000550411A9
:1096500000551D1100551D13000992268993F22C07
:10966000640119002B0E03021A002B0E03021D00C9
:10967000551D2000551D250057692D53554E20417D
:109680006C6C69616E6365204669656C642041722B
:109690006561204E6574776F726B202846414E29B4
:1096A0000055042A0055042B0055042C0055042DA8
:1096B0000055042E00484D41432D5348412D3100A3
:1096C0005253412077697468205348413100686DD6
:1096D0006163534841310069642D73686131005200
:1096E00053412077697468205348412D3531320049
:1096F000484D41432D5348412D35313200686D614D
:10970000635348413531320069642D7368613531E6
:1097100032005253412077697468205348412D32FA
:10972000323400484D41432D5348412D32323400EC
:10973000686D61635348413232340069642D736847
:1097400061323234005253412077697468205348A3
:10975000412D33383400484D41432D5348412D337A
:10976000383400686D6163534841333834006964AC
:109770002D7368613338340052534120776974681F
:10978000204D44350069642D6D64350052534120ED
:1097900077697468205348412D32353600484D4171
:1097A000432D5348412D32353600686D616353486F
:1097B000413235360069642D7368613235360055A3
:1097C0000441004445532D454445332D4342430055
:1097D0004445532D43424300646573434243004470
:1097E00043004543206B657920666F7220454344F2
:1097F000480069642D65634448004C00474E00539F
:109800004E004F005253415353412D505353005378
:1098100054004F55006465732D656465332D636294
:10982000630069642D6B702D776973756E2D6661A9
:109830006E2D6465766963650069642D61742D70B1
:109840006F7374616C436F646500506F7374616C07
:1098500020636F646500457874656E646564204BB1
:1098600065792055736167650069642D63652D65B1
:1098700078744B657955736167650069642D63651C
:109880002D6B65795573616765005469746C65006B
:1098900069642D61742D7469746C6500436F6D6D1E
:1098A0006F6E204E616D65005375626A656374204A
:1098B000416C74204E616D650069642D61742D6783
:1098C0006976656E4E616D650069642D61742D6FFA
:1098D0007267616E697A6174696F6E4E616D650061
:1098E00069642D61742D636F6D6D6F6E4E616D6572
:1098F0000069642D61742D7375724E616D65006928
:10990000642D61742D6F7267616E697A6174696F1D
:109910006E616C556E69744E616D650069642D638E
:10992000652D7375626A656374416C744E616D6513
:109930000069642D61742D636F756E7472794E6168
:109940006D6500476976656E206E616D65005375C3
:10995000726E616D65004E6574736361706520435E
:109960006572746966696361746520547970650015
:1099700069642D6E657473636170652D63657274BF
:10998000747970650053746174650069642D617445
:109990002D7374617465004F435350205369676E93
:1099A000696E6700436F6465205369676E696E670F
:1099B0000069642D6B702D4F4353505369676E6976
:1099C0006E670069642D6B702D636F646553696702
:1099D0006E696E670054696D65205374616D7069BE
:1099E0006E670069642D6B702D74696D65537461C9
:1099F0006D70696E670069642D6B702D736572768A
:109A00006572417574680069642D6B702D636C69B3
:109A1000656E74417574680050736575646F6E7916
:109A20006D0069642D61742D70736575646F6E7956
:109A30006D00544C532057656220536572766572F1
:109A40002041757468656E7469636174696F6E0036
:109A5000544C532057656220436C69656E742041F5
:109A6000757468656E7469636174696F6E004F72B6
:109A700067616E697A6174696F6E00452D6D616909
:109A80006C2050726F74656374696F6E0069642D29
:109A90006B702D656D61696C50726F74656374696C
:109AA0006F6E007368612D31576974685253414578
:109AB0006E6372797074696F6E00736861353132EC
:109AC00057697468525341456E6372797074696F57
:109AD0006E0073686132323457697468525341457D
:109AE0006E6372797074696F6E00736861333834B5
:109AF00057697468525341456E6372797074696F27
:109B00006E006D643557697468525341456E6372D7
:109B1000797074696F6E0073686132353657697495
:109B200068525341456E6372797074696F6E00724A
:109B30007361456E6372797074696F6E0069642D2C
:109B400061742D73657269616C4E756D626572002A
:109B500053657269616C206E756D6265720069642F
:109B60002D61742D646E5175616C69666965720052
:109B700069642D61742D67656E65726174696F6EBD
:109B80005175616C69666965720044697374696EC8
:109B900067756973686564204E616D6520717561D4
:109BA0006C69666965720047656E65726174696F9C
:109BB0006E207175616C696669657200556E6971B8
:109BC0007565204964656E746966696572006964CB
:109BD0002D61742D756E697175654964656E746962
:109BE000666965720043657274696669636174656C
:109BF00020506F6C69636965730069642D63652D1E
:109C00006365727469666963617465506F6C6963DA
:109C100069657300496E697469616C730069642DCC
:109C200061742D696E697469616C730069642D617A
:109C3000742D706F7374616C41646472657373002A
:109C4000656D61696C4164647265737300506F7314
:109C500074616C206164647265737300452D6D617D
:109C6000696C206164647265737300426173696337
:109C700020436F6E73747261696E74730069642D32
:109C800063652D6261736963436F6E73747261699A
:109C90006E7473004F726720556E69740069642D8D
:109CA000646F6D61696E436F6D706F6E656E740089
:109CB000446F6D61696E20636F6D706F6E656E7459
:109CC00000416E7920506F6C69637900616E795044
:109CD0006F6C6963790069642D65635075626C69A6
:109CE000634B65790047656E657269632045432063
:109CF0006B657900436F756E747279004C6F6361A8
:109D00006C6974790069642D61742D6C6F63616C8A
:109D10006974790054686520636572746966696363
:109D200061746520686173206265656E2072657676
:109D30006F6B656420286973206F6E206120435229
:109D40004C29004F7468657220726561736F6E20D4
:109D50002863616E206265207573656420627920D6
:109D60007665726966792063616C6C6261636B29E8
:109D7000005468652043524C206973207369676EF4
:109D80006564207769746820616E20756E61636315
:109D900065707461626C6520504B20616C6720288F
:109DA000656720525341207673204543445341292F
:109DB0002E00546865206365727469666963617416
:109DC00065206973207369676E65642077697468BC
:109DD00020616E20756E61636365707461626C658D
:109DE00020504B20616C672028656720525341202A
:109DF0007673204543445341292E0054686520431F
:109E0000524C206973207369676E656420776974AA
:109E10006820616E20756E61636365707461626C49
:109E200065206B6579202865672062616420637511
:109E30007276652C2052534120746F6F2073686FC7
:109E40007274292E005468652063657274696669AE
:109E500063617465206973207369676E6564207738
:109E600069746820616E20756E61636365707461EA
:109E7000626C65206B6579202865672062616420CB
:109E800063757276652C2052534120746F6F207376
:109E9000686F7274292E005468652043524C206903
:109EA00073207369676E6564207769746820616EDA
:109EB00020756E61636365707461626C65206861B2
:109EC00073682E00546865206365727469666963FF
:109ED000617465206973207369676E6564207769B2
:109EE000746820616E20756E616363657074616271
:109EF0006C6520686173682E005468652043524C7D
:109F0000206973206E6F7420636F72726563746C66
:109F100079207369676E65642062792074686520B2
:109F200074727573746564204341005468652063DE
:109F300065727469666963617465206973206E6F08
:109F40007420636F72726563746C79207369676ED5
:109F50006564206279207468652074727573746515
:109F600064204341005468652063657274696669C2
:109F70006361746520436F6D6D6F6E204E616D651A
:109F80002028434E2920646F6573206E6F74206D06
:109F900061746368207769746820746865206578E7
:109FA00070656374656420434E004365727469662E
:109FB0006963617465207665726966696361746955
:109FC0006F6E2077617320736B69707065640054E5
:109FD000686520636572746966696361746520767B
:109FE000616C69646974792068617320657870694F
:109FF000726564005468652043524C206973206583
:10A00000787069726564005468652043524C206919
:10A01000732066726F6D2074686520667574757242
:10A02000650054686520636572746966696361746C
:10A03000652076616C6964697479207374617274E7
:10A040007320696E2074686520667574757265008A
:10A050004365727469666963617465207761732012
:10A060006D697373696E6700557361676520646F0E
:10A070006573206E6F74206D617463682074686509
:10A0800020657874656E6465644B657955736167A6
:10A090006520657874656E73696F6E0055736167CE
:10A0A0006520646F6573206E6F74206D61746368E2
:10A0B00020746865206B65795573616765206578E4
:10A0C00074656E73696F6E00557361676520646FA8
:10A0D0006573206E6F74206D6174636820746865A9
:10A0E000206E734365727454797065206578746569
:10A0F0006E73696F6E004145532D3139322D4543E2
:10A1000042004145532D3235362D454342004145ED
:10A11000532D3132382D454342004145532D3139BD
:10A12000322D434243004145532D3235362D4342B3
:10A1300043004145532D3132382D434243004145C0
:10A14000532D3139322D47434D004145532D323582
:10A15000362D47434D004145532D3132382D47436D
:10A160004D004142434445464748494A4B4C4D4EB9
:10A170004F505152535455565758595A616263645F
:10A1800065666768696A6B6C6D6E6F707172737407
:10A1900075767778797A30313233343536373839E5
:10A1A0002B2F00551D200000C8A1020040000020F8
:10A1B00084030000884902002CA30200C40300208D
:10A1C0007C490100484B0200011C000910202601B7
:10A1D0000820243002164552524F5220112F2F6270
:10A1E00032332E74762F746A7937567A42000D1303
:10A1F0000530312ED3A6D3C3C8EBBFDA191E000A2F
:10A200001541505020456E7472791354162A20045B
:10A2100041080D120530322EB8FCD0C2B9CCBCFEBC
:10A220004C081116322E5570646174654669726D62
:10A23000776172654C3A014C3A334C0D12B5E3CA62
:10A24000FD4C5A334C0E19436F756E74983A024C9C
:10A25000080B12342ED3EFD1D4D1A1D4F14CF80A8B
:10A26000342E4C616E6775616792614B08024C3AFF
:10A27000064CE80F352EBBD6B8B4B3F6B3A7C9E881
:10A28000D6C34C080E11352E466163746F72795235
:10A290006573659969983205000B1502312E456E7C
:10A2A000676C697368091C1E594C228C2B20044C66
:10A2B0000718322ED6D0CEC4091C1E994C32034B3F
:10A2C000FFFF042910F1C2C01008010257353530D4
:10A2D0003023D5561AD7041AD9041ADB041ADD0420
:10A2E0001AE30401201AFF0141320A2757495A6E26
:10A2F000657423D15F1AF704032A19609438940215
:10A30000146555021A15044114EB3C022302172967
:10A31000D432083207320672051A2BCE5A2CD229B3
:0CA32000182920818B62A1540114000058
:04000005000000C136
:00000001FF
