:020000040000FA
:10000000404D0120DD000000E1000000E3000000A1
:10001000E5000000E7000000E9000000000000002B
:10002000000000000000000000000000EB000000E5
:10003000ED00000000000000EF00000027070000B6
:10004000F3000000F3000000000000001B080000A7
:10005000A91F0000C71F0000F3000000F30000000C
:1000600000000000F3000000F3000000F3000000B7
:10007000F300000000000000F3000000F3000000A7
:10008000F3000000F3000000F3000000F3000000A4
:10009000F300000075080000F3000000F30000000A
:1000A000F300000000000000F3000000F300000077
:1000B000000000000000000000000000F30000004D
:1000C000DFF80CD024F0D2FB00480047B91900003B
:1000D000404D012080F30888704700000548004724
:1000E000FEE7FEE7FEE7FEE7FEE7FEE7FEE7FEE7E8
:1000F000FEE7FEE7C1000000F84910F4001F05D03C
:10010000F74A526822F00042F54B5A6010F4801F03
:1001100005D0F34A526822F00052F14B5A6010F4B5
:10012000004F05D0EE4A526822F04002EC4B5A6074
:1001300010F4807F05D0EA4A526822F02002E84B92
:100140005A6010F0010F05D0E54A526822F004020F
:10015000E34B5A6010F4804F05D0E14A526822F018
:100160001002DF4B5A6010F4007F05D0DC4A526861
:1001700022F00302DA4B5A60D94A1268C3430B4398
:100180001A40D74B1A607047D44910F4001F05D0AD
:10019000D34A526842F00042D14B5A6010F4801F9B
:1001A00005D0CF4A526842F00052CD4B5A6010F44D
:1001B000004F05D0CA4A526842F04002C84B5A600C
:1001C00010F4807F05D0C64A526842F02002C44B2A
:1001D0005A6010F0010F05D0C14A526842F0040283
:1001E000BF4B5A6010F4804F05D0BD4A526842F0B0
:1001F0001002BB4B5A6010F4007F05D0B84A526819
:1002000042F00302B64B5A60B54A126820EA010375
:100210001A43B34B1A607047F0B50024002500263E
:1002200000220C281FD80C27B7FBF0FC00FB1C7722
:1002300007B1F0BDAA4F7F68DFF8A8C207EA0C0734
:1002400047F08047DFF898C2CCF804700C27B7FB62
:10025000F0F14F1E47F4887747F4405747F40017F2
:10026000CCF8087084E050282AD00CDC32281BD04F
:1002700004DC1E2810D0302836D111E03C2817D0DD
:10028000462831D118E05A281ED0642820D06E2884
:1002900022D0782828D123E028240225032624E030
:1002A00040240225032620E03224032502261CE0F8
:1002B0003C240325022618E046240325022614E0E8
:1002C00050240325022610E05A24032502260CE0C0
:1002D00032240325012608E037240325012604E003
:1002E0003C240325012600E0A3E700BF4FF480175C
:1002F0003F6827F4F85747F400674FF4801CCCF8A8
:100300000070774F7F68DFF8DCC107EA0C07DFF881
:10031000D0C1CCF80470B70447EA8537274347F0CB
:10032000C057CCF80C706746FF6827F00047CCF840
:100330000C706746FF6847F48007CCF80C7000BF6C
:10034000674FFF6817F0804FFAD0674FDFF890C112
:10035000CCF8087067467F68DFF888C107EA0C07A9
:10036000DFF888C147EA0C07DFF874C1CCF80470E5
:100370005B4F7F68DFF878C107EA0C07A0F1010C3A
:1003800047EA4C37DFF858C1CCF80470594F47435F
:10039000DFF864C1CCF80070514FBF6807F00F0759
:1003A000791C67463F684F43DFF850C1CCF80070B6
:1003B0004B4FBF68C7F30317791C4F4F3F68B7FB1C
:1003C000F1F7DFF83CC1CCF800704B4F3F68DFF825
:1003D00024C1B7FBFCF334275F434FF47A7CB7FBAF
:1003E000FCF7FAB24FF480173F6827F4F85747EA52
:1003F00002274FF4801CCCF8007000BF19E72DE9EC
:10040000F04100250026002700230C2825D84FF0B6
:100410000C0CBCFBF0F800FB18CCBCF1000F01D0B9
:10042000BDE8F081DFF8B8C0DCF804C0DFF8B480C4
:100430000CEA080CDFF8A880C8F804C04FF0300CB4
:10044000BCFBF0F2A2F1010C4CF4887C4CF4405C53
:100450004CF4001CC8F808C0A3E050282AD00CDCDB
:1004600032281BD004DC1E2810D030284AD111E0DD
:100470003C2817D0462845D118E05A281ED06428B9
:1004800020D06E2822D078283CD123E028250226CF
:10049000032738E040250226032734E032250326CF
:1004A000022730E03C25032602272CE046250326C0
:1004B000022728E050250326022724E05A25032698
:1004C000022720E03225032601271CE037250326DA
:1004D000012718E03C250326012714E001813000A4
:1004E00000000648FFE6FFBF103120000001004079
:1004F000FF1F00E040420F004000002044000020A9
:10050000480000208CE700BF4FF4801CDCF800C0DE
:100510002CF4F85C4CF4006C4FF48018C8F800C060
:10052000DFF810C2DCF804C0DFF80C820CEA080C1B
:10053000DFF80082C8F804C04FEA874C4CEA863CDA
:100540004CEA050C4CF0C05CC8F80CC0C446DCF8A2
:100550000CC04CF0004CC8F80CC0C446DCF80CC011
:100560004CF4800CC8F80CC000BFDFF8C8C1DCF840
:100570000CC01CF0804FF8D0DFF8C0C1DFF8B481A8
:10058000C8F808C0C446DCF804C0DFF8AC810CEA47
:10059000080CDFF8AC814CEA080CDFF89881C8F849
:1005A00004C0DFF890C1DCF804C0DFF898810CEAE1
:1005B000080CA0F101084CEA483CDFF87881C8F843
:1005C00004C04FF4002CDCF82C1240F6F63C6145D8
:1005D0000ED240F6BE2C61450AD94FF47A7C01FB5D
:1005E0000CFC0CFB00FC4FF00308BCFBF8F103E033
:1005F000DFF854C100FB0CF1DFF850C1CCF800105B
:10060000DFF830C1DCF808C00CF00F0C0CF101026F
:10061000DFF838C1DCF800C00CFB02FCDFF83081E9
:10062000C8F800C0DFF80CC1DCF808C0CCF3031C2C
:100630000CF10102DFF814C1DCF800C0BCFBF2FCD5
:10064000DFF81081C8F800C0DFF800C1DCF800C096
:10065000DFF8F480BCFBF8F44FF0340C04FB0CFC26
:100660004FF47A78BCFBF8FC0CF0FF034FF4801CCD
:10067000DCF800C02CF4F85C4CEA032C4FF4801832
:10068000C8F800C000BFCBE610B504462046FFF70F
:10069000C3FD10BD032030490860704700202E497B
:1006A0000860704770B52D482249086108464069C6
:1006B00040F0010048610A2000F077FE00201D494B
:1006C00008610846406920F0010048614FF0FF30A2
:1006D000FFF712FD6E20FFF7D7FF2149481EB0F14A
:1006E000807F00D31BE0481E4FF0E022506150177E
:1006F0000722002807DA53071D0E1A4B00F00F04DB
:10070000241F1D5503E053071C0E174B1C5400BF3C
:1007100000204FF0E02290610720106100BFFFF73A
:10072000B9FF70BD704711480068401C0F49086050
:100730007047000000000648FFE6FFBF10312000B0
:1007400000010040FF1F00E040420F004000002079
:10075000440000204800002000D008407462966CDD
:10076000B0AD010018ED00E000E400E04C00002016
:1007700010B50346002002E00C5C1C54401C904263
:10078000FAD310BD10B50346002001E01954401CF7
:100790009042FBD310BD30B503460C46002106E065
:1007A000585C655CA84201D0012030BD491C9142D3
:1007B000F6D30020F9E701460A78CB780B70CA70AF
:1007C0004A788B784B708A70704730B502460B467A
:1007D0001046D518691E05E004780D7800F8015B15
:1007E00001F801498142F7D830BD000010B500245E
:1007F00000BF0EE0A748007838B1142000F08CFD4F
:100800000020A5490870A34908701E2000F084FD4F
:10081000641CB4F57A7FEDD310BDA049C86B10F00D
:10082000100F15D00DE09D4909689D4A9A4B1B7821
:10083000D15499490978491C974A11700121954A68
:1008400011709649896901F010011029EBD110E06F
:1008500010F0200F09D09149896901F080018029A9
:1008600007D101218F4A117003E040F6FF718B4AD6
:10087000516470478C49C86B10F0100F15D00DE013
:1008800089490968864A844B1B78D1548249097882
:10089000491C814A117001217E4A1170824989697F
:1008A00001F010011029EBD110E010F0200F09D059
:1008B0007D49896901F08001802907D10121794AA8
:1008C000117003E040F6FF71774A516470472DE9DB
:1008D000F04103461001B1FBF0F5B1FBF0F700FB6E
:1008E0001716F701B7FBF0F7781C440805EB9417CF
:1008F00003EB430CDFF8A48108EB8C4CCCF824709C
:1009000004F03F0703EB430C08EB8C4CCCF8287049
:10091000BDE8F08170B504460E467CB963480568B1
:100920006348C06A20F00F00401D6149C86203207F
:1009300000F0A7F8032000F098F816E05C48806803
:10094000C0F30360401C5B490968B1FBF0F55848EF
:10095000406B20F4701040F4A010554948631520F6
:1009600000F08FF8152000F080F800204D49087045
:100970004849087004EB4400484901EB8040006B93
:1009800020F0010004EB4401444A02EB814108637A
:10099000324629462046FFF79AFF602004EB4401C7
:1009A0003E4A02EB8141C86240F2013004EB44014F
:1009B00002EB81410863102004EB440102EB81410A
:1009C000886340F6FF7004EB440102EB8141486408
:1009D0004FF47A7000F082FC70BD00EB40022F4BA8
:1009E00003EB8242116000BF00EB40022B4B03EB94
:1009F0008242926912F0080FF6D17047F0B50746AF
:100A00000C461546002606E014F8011B3846FFF791
:100A1000E4FF701CC6B2AE42F6D3F0BD10B504467A
:100A200009E0207830B1012221460020FFF7E6FFDF
:100A3000641C00E010BDF4E730B504460D46E1B299
:100A40000120FFF7CAFF204630BD70B505460E46AF
:100A5000002404E0295D18A024F046F9641CB44287
:100A6000F8D317A024F040F970BD00F01F02012157
:100A7000914042094FF0E02303EB8202C2F80011DB
:100A8000704700F01F02012191400E4A430942F8CD
:100A90002310704751000020520000200000014840
:100AA000C40300205000002000000D484800002032
:100AB0000000064844000020253032582000000085
:100AC0000A00000080E200E070B505460C466FF3B6
:100AD00008050AE028464C498847B4F5007F00D253
:100AE00070BD05F50075A4F50074002CF2D100BFAF
:100AF000F6E72DE9F04107460E4615466FF3080765
:100B0000B6F5007F02D94FF4007602E0042E00D241
:100B1000042600241CE0002000EB8400285C012156
:100B200001EB8401695C00EB0120022101EB8401EF
:100B3000695C00EB0140032101EB8401695C00EB7F
:100B4000016807EB840041462F4A323A9047641C03
:100B5000B4EB960FDFD3BDE8F08110B503466FF319
:100B60000803B1F5007F02D94FF4007102E00429B7
:100B700000D20421002004E053F820401460121D2C
:100B8000401CB0EB910FF7D310BD2DE9F04706469E
:100B90000F46154639463046FFF796FF6FF30806B5
:100BA000B7F5007F02D94FF4007702E0042F00D29E
:100BB0000427002423E0002000EB8400285C0121AE
:100BC00001EB8401695C00EB0120022101EB84014F
:100BD000695C00EB0140032101EB8401695C00EBDF
:100BE000016806EB84004146074A323A904756F8BE
:100BF0002490C84502D00120BDE8F087641CB4EB06
:100C0000970FD8D30020F7E76B1C00122DE9FE4F99
:100C100006460F4692469B46F9A103C9CDE901015C
:100C2000F9A00068009040220021F848FFF7AAFDD3
:100C3000002405E001A8005DF4490855601CC4B219
:100C4000052CF7DBB0464646642098FBF0F03030C8
:100C5000C2B22046611CCCB2EC490A54642098FB15
:100C6000F0F100FB11600A2190FBF1F03030C2B2CC
:100C70002046611CCCB2E5490A540A2098FBF0F1E9
:100C800000FB11603030C2B22046611CCCB2DF499B
:100C90000A542C222046611CCCB2DC490A54B946C5
:100CA0004F46642099FBF0F03030C2B22046611C00
:100CB000CCB2D6490A54642099FBF0F100FB1170C4
:100CC0000A2190FBF1F03030C2B22046611CCCB258
:100CD000CE490A540A2099FBF0F100FB1170303024
:100CE000C2B22046611CCCB2C8490A542C2220460C
:100CF000611CCCB2C5490A5427222046611CCCB2E3
:100D0000C2490A54002506E01AF805006119BF4AD5
:100D10005054681CC5B21AF805000028F4D16019B7
:100D2000C4B227222046611CCCB2B8490A542C22F6
:100D30002046611CCCB2B5490A540A209BFBF0F056
:100D40003030C2B22046611CCCB2B0490A540A20ED
:100D50009BFBF0F100FB11B03030C2B22046611CA9
:100D6000CCB2AA490A54002506E01DF80500611915
:100D7000A64A5054681CC5B2042DF6DB6019C4B2F3
:100D8000A248BDE8FE8F2DE9FF4F83B006460F460F
:100D90009246DDF840B09AA103C9CDE901019AA0BD
:100DA00000680090402200219848FFF7EBFC0024E7
:100DB00005E001A8005D95490855601CC4B2052CEA
:100DC000F7DBB0464646642098FBF0F03030C2B204
:100DD0002046611CCCB28D490A54642098FBF0F186
:100DE00000FB11600A2190FBF1F03030C2B22046C6
:100DF000611CCCB285490A540A2098FBF0F100FB33
:100E000011603030C2B22046611CCCB27F490A5416
:100E10002C222046611CCCB27C490A54B9464F466C
:100E2000642099FBF0F03030C2B22046611CCCB295
:100E300076490A54642099FBF0F100FB11700A21F5
:100E400090FBF1F03030C2B22046611CCCB26F4949
:100E50000A540A2099FBF0F100FB11703030C2B245
:100E60002046611CCCB269490A542C222046611CE0
:100E7000CCB266490A5427222046611CCCB2634991
:100E80000A54002506E01AF8050061195F4A50541B
:100E9000681CC5B206988542F5D36019C4B22722F2
:100EA0002046611CCCB259490A542C222046611CB0
:100EB000CCB256490A540A209BFBF0F03030C2B243
:100EC0002046611CCCB251490A540A209BFBF0F128
:100ED00000FB11B03030C2B22046611CCCB24B498D
:100EE0000A54002506E01DF805006119474A5054D0
:100EF000681CC5B2042DF6DB6019C4B2434807B0C4
:100F0000BDE8F08F2DE9FE4F06460F4692469B4600
:100F10003FA103C9CDE901013BA000680090402238
:100F200000213A48FFF72EFC002405E001A8005DEF
:100F300036490855601CC4B2052CF7DBB04646465E
:100F4000642098FBF0F03030C2B22046611CCCB275
:100F50002E490A54642098FBF0F100FB11600A212D
:100F600090FBF1F03030C2B22046611CCCB2274970
:100F70000A540A2098FBF0F100FB11603030C2B235
:100F80002046611CCCB221490A542C222046611C07
:100F9000CCB21E490A54B9464F46642099FBF0F082
:100FA0003030C2B22046611CCCB218490A546420C9
:100FB00099FBF0F100FB11700A2190FBF1F0303049
:100FC000C2B22046611CCCB210490A540A2099FBD7
:100FD000F0F100FB11703030C2B22046611CCCB27F
:100FE0000A490A542C222046611CCCB207490A54F3
:100FF00027222046611CCCB204490A54002512E085
:101000004443313628000000293B0D0AF803002034
:1010100044433234280000001AF805006119854A5B
:101020005054681CC5B21AF805000028F4D16019A4
:10103000C4B227222046611CCCB27E490A542C221D
:101040002046611CCCB27B490A540A209BFBF0F07D
:101050003030C2B22046611CCCB276490A540A2014
:101060009BFBF0F100FB11B03030C2B22046611C96
:10107000CCB270490A54002506E01DF8050061193C
:101080006C4A5054681CC5B2042DF6DB6019C4B21A
:101090006848BDE8FE8F2DE9FE4F06460F46924692
:1010A0009B4665A103C9CDE90101AFF2A400006828
:1010B0000090402200215F48FFF764FB002405E018
:1010C00001A8005D5B490855601CC4B2052CF7DB24
:1010D000B0464646642098FBF0F03030C2B220465D
:1010E000611CCCB253490A54642098FBF0F100FB18
:1010F00011600A2190FBF1F03030C2B22046611C31
:10110000CCB24C490A540A2098FBF0F100FB116064
:101110003030C2B22046611CCCB246490A542C225F
:101120002046611CCCB243490A54B9464F4664205C
:1011300099FBF0F03030C2B22046611CCCB23D4980
:101140000A54642099FBF0F100FB11700A2190FB16
:10115000F1F03030C2B22046611CCCB235490A549D
:101160000A2099FBF0F100FB11703030C2B220462A
:10117000611CCCB22F490A542C222046611CCCB2EF
:101180002C490A5427222046611CCCB229490A5412
:10119000002506E01AF805006119264A5054681C1B
:1011A000C5B21AF805000028F4D16019C4B227228C
:1011B0002046611CCCB21F490A542C222046611CD7
:1011C000CCB21C490A540A209BFBF0F03030C2B26A
:1011D0002046611CCCB217490A540A209BFBF0F14F
:1011E00000FB11B03030C2B22046611CCCB21149B4
:1011F0000A54002506E01DF8050061190D4A5054F7
:10120000681CC5B2042DF6DB6019C4B20948BDE8FC
:10121000FE8F10B504462046FFF700FCFFF7E6FA04
:1012200010BD10B506A0FFF7F4FF08A0FFF7F1FF0F
:1012300010BD0000F80300204443333228000000B2
:10124000434C522830293B0D0A00000044495228E3
:1012500031293B0D0A0000001448006B20F47F4048
:10126000124908631248006820F4700010490860B1
:101270000846406940F470004861704770B500BF8F
:101280000B48406900F47004012000F027F808487A
:10129000406900F47005B4F5700FF1D0B5F5700F2A
:1012A000EED0AC42ECD1204670BD000000000648F4
:1012B00000000A484048006820F000603E4908608D
:1012C0003E48806820F001003C4988601E2088600C
:1012D0000846006D20F007000865704710B5384BD0
:1012E0001A68364B9B6823F00103344CA3604FF41B
:1012F0007A73B2FBF3F141434B1E236023469B6894
:1013000043F00103A36000BF2C4BDB68002BFBD034
:10131000FF232A4C236110BD10B5294B1A68274BB7
:101320009B6823F00103254CA360264BB2FBF3F12D
:1013300041434B1E236023469B6843F00103A36097
:1013400000BF1E4BDB68002BFBD0FF231B4C23612F
:1013500010BD1A48806820F00100184988603220CA
:1013600008600846806840F00100886000BF1348AC
:10137000C0680028FBD0FF201049086170470F4863
:10138000806820F001000D498860AF2008600846A1
:10139000806840F00100886000BF0848C0680028ED
:1013A000FBD0FF2005490861704700BF0100A0F194
:1013B0000100FBD170470000000006480000034810
:1013C0004800002040420F00FE48406B20F0707043
:1013D000FC494863FC48006840F4C050FA49086082
:1013E000F848406B20F00300F6494863F64800686F
:1013F00040F00100F44908600846C06840F400600D
:10140000C8600846806840F4805088600846C0681C
:1014100040F00100C860704770B504460E46EA48C7
:10142000C06840F00100E849C8600A20FFF7BDFF2E
:10143000E548806840F00100E349886004F0FE045C
:101440000846006840F4805008600A20FFF7ADFFAE
:10145000002524E014F0010F06D0DB48806840F43A
:101460008050D949886005E0D748C06840F4805072
:10147000D549C860D448806840F40060D24988608B
:101480000A20FFF792FFD048C06840F40060CE49C0
:10149000C8600A20FFF789FF6410681CC5B2082DD8
:1014A000D8DB002524E016F0010F06D0C64880687E
:1014B00040F48050C449886005E0C348C06840F4E7
:1014C0008050C149C860C048806840F40060BE498F
:1014D00088600A20FFF769FFBB48C06840F40060DD
:1014E000B949C8600A20FFF760FF7610681CC5B2D2
:1014F000082DD8DBB448C06840F00100B249C8608C
:1015000070BD70B504460025AF48C06840F00100CA
:10151000AD49C8600A20FFF748FFAB48806840F03B
:101520000100A949886044F001040846006840F4BD
:10153000805008600A20FFF738FF002624E014F0EE
:10154000010F06D0A048806840F480509E49886012
:1015500005E09D48C06840F480509B49C8609A48A7
:10156000806840F40060984988600A20FFF71DFFFA
:101570009548C06840F400609349C8600A20FFF7AE
:1015800014FF6410701CC6B2082ED8DB8E480068A9
:1015900020F480508C4908600A20FFF706FF0026DF
:1015A0001EE06D108848406910F4805F02D045F05D
:1015B000800501E005F07F058348806840F4006005
:1015C000814988600A20FFF7F0FE7F48C06840F438
:1015D00000607D49C8600A20FFF7E7FE701CC6B2B4
:1015E000082EDEDB7848C06840F001007649C8600C
:1015F000284670BD10B5044600218E20FFF70CFF71
:1016000080210846FFF708FF61788C20FFF704FF70
:10161000A1788820FFF700FFE1788620FFF7FCFE25
:1016200021798420FFF7F8FE61798220FFF7F4FE2C
:10163000A1798020FFF7F0FEE1798A20FFF7ECFE28
:1016400080218E20FFF7E8FE10BD10B504468C20E7
:10165000FFF757FF60708820FFF753FFA0708620C8
:10166000FFF74FFFE0708420FFF74BFF20718220CF
:10167000FFF747FF60718020FFF743FF00F07F0016
:10168000A0718A20FFF73DFFE07110BD1CB5044634
:101690006846FFF7DAFF9DF80100001100EB8000BB
:1016A0004FF4FA6101EB40009DF8011001F00F01C9
:1016B0000844A0809DF8020000F00F009DF8021081
:1016C000091101EB810100EB4100A0719DF80300BD
:1016D00000F00F009DF80310091101EB810100EBF0
:1016E0004100E0719DF8040000F00F009DF8041027
:1016F000091101EB810100EB410020709DF805000C
:1017000000F00F009DF80510091101EB810100EBBD
:10171000410060709DF8060000F00F009DF8061073
:10172000091101EB810100EB4100A0709DF8070059
:1017300000F0070020721CBD0146002203E0521C8D
:10174000A1F10A00C1B20A29F9D2100741EA1060DA
:101750007047014600BF080900EB8000420001F01D
:101760000F001044C0B270470146CA1701EB9272D5
:101770009210B1EB820212D1642091FBF0F200FBD7
:10178000121050B94FF4C87091FBF0F200FB121028
:1017900008B9012070470020FCE70120FAE700208B
:1017A000F8E7F0B503460C461546642093FBF0F0CD
:1017B000C6B2642093FBF0F700FB1730C1B2132EC2
:1017C00007DD03E00000064800000B4801F164005B
:1017D000C1B20846CF1701EB977701EBA7020720AC
:1017E00092FBF0F700FB172082B25719601EDFF85A
:1017F000B0C11CF80000384482B2CF1701EB9777D4
:10180000BF10B1EB870703D1032C01DA501E82B25F
:10181000072092FBF0F700FB1720C0B2F0BD2DE9C6
:10182000F04104460D464FF0000637465D4A4FF042
:1018300000032046294622F048FB06465A48008805
:10184000B0423CD058490E8040F2B27710E03846A2
:10185000FFF78AFF40B1B6F5B77F02D3A6F5B7769A
:1018600004E0781C87B206E0A6F26D16781C87B2F9
:10187000B6F5B67FEBD800BF4C488780002716E04E
:101880004A498888FFF770FF30B1012F04D11D2E1F
:1018900001D31D3E09E00CE04548C05DB04203D8CD
:1018A0004348C05D361A00E003E0781C87B21C2E66
:1018B000E6D200BF781C3D498871701CC871394A56
:1018C00000232046294622F000FB16464FF46160B3
:1018D000B6FBF0F0354908704FF46160B6FBF0F1EB
:1018E00000FB11603C21B0FBF1F0304948704FF42F
:1018F0006160B6FBF0F100FB11603C21B0FBF1F23E
:1019000001FB1200294988700B46DA799979988889
:10191000FFF747FF2549087208468088642190FB3D
:10192000F1F0C3B21846FFF707FF224908701F48BD
:101930008088642190FBF1F201FB1200C3B21846CB
:10194000FFF7FAFE1B49487018498879FFF7F4FE43
:10195000184988701549C879FFF7EEFE1549C87017
:10196000124909780831C8B2FFF7E6FE114908713B
:101970000E494878FFF7E0FE0E4948710B49887818
:10198000FFF7DAFE0B4988710849087AFFF7D4FEA1
:101990000849C8710846FFF72DFE0020BDE8F08118
:1019A0000C63020080510100640000203804002014
:1019B000186302005C000020002080F3108800BF44
:1019C000FEF770FEFFF776FC4FF4E1310020FEF7E2
:1019D000A1FF00F0D7FC04F0B1FBFFF7F5FCFFF727
:1019E0003BFC00F007F800F016F801E001F073F995
:1019F000FCE7000000B5ADF5017D01AA4FF40071D0
:101A00008048FFF7AAF89DF804007F4981F840005C
:101A10000DF5017D00BD70B5ADF5007D002601F02E
:101A200083FB4FF400720021774800F02AFD6A46DC
:101A30004FF40071744800F06AFA4FF4007269467E
:101A4000714822F0ABFA4FF4FF716F4800F0EAF9E9
:101A500004466D4890F8FF016B4991F8FE1100EBC8
:101A6000012085B26848B0F84100A0F550513539E1
:101A700002D1AC4200D1012626B921F0F1FA0120B1
:101A80006249087001F024FB21F0B0FB00F0C0F8BF
:101A900001F054FB0DF5007D70BD30B5ADF5017D55
:101AA00003255A480078012805D101F0D3FB1C20FA
:101AB0000DF5017D30BD02F027F908E02800A5F101
:101AC0000101CDB203D101F0AAFB1720F0E721F00C
:101AD000F9FA0028F2D121F0FEFB21F055FC044672
:101AE00024B1204601F0D6FD2046E1E7002002F0B7
:101AF000B5FBB0F5500F01D11820D9E721F012FE47
:101B000004460F2C04D0204601F0F0FD2046CFE71C
:101B100021F098FF04463C4890F840008DF80400FE
:101B200001AA4FF400713748FFF72FF8162C04D0A4
:101B3000204601F007FE2046BAE7002002F0F5F843
:101B40002046B5E770B5032430480078012803D15A
:101B500001F080FB1C2070BD02F0D6F808E02000E8
:101B6000A4F10101CCB203D101F059FB1720F2E737
:101B700021F0A8FA0028F2D121F058FD054621F005
:101B800081FA284602F02AF92846E4E710B504460F
:101B9000204601F083FA01F0AFFA10BD10B5012024
:101BA00002F05CFBB0F5500F01D1182010BD02F01F
:101BB000ABF821F004FB012803D101F030FB172022
:101BC000F4E7012002F0B1F800201049087000BFCE
:101BD000ECE710B5022002F041FBB0F5500F01D147
:101BE000182010BD09480078012803D101F032FB0C
:101BF0001C20F6E722F0DAF80446204602F0BCF892
:101C00002046EEE7000208004204002066000020A3
:101C100000B589B004226DA101A822F016FA6C4823
:101C200000789DF80410884219D16948401C00785A
:101C30009DF80510884212D16548801C00789DF8F7
:101C4000061088420BD14FF43F306249086060486B
:101C5000614908605E4820306049086006E06048DD
:101C60005C4908605C4908605C49086009B000BDD7
:101C700059480068704710B50446272259A12046EC
:101C800022F08CF90020206442F2B320A4F8440032
:101C900010BD70B504464F48006822F0EBF9451CB2
:101CA0002A464C480168204622F0CFF94A4800688D
:101CB00022F0E0F9451C2A464748016804F120005B
:101CC00022F0C3F94548006822F0D4F9451C2A46A1
:101CD0004248016804F1400022F0B7F970BD10B528
:101CE00004464021204622F080F9402104F14000C2
:101CF00022F07BF9502104F1800022F076F910BD2A
:101D000030B591B004460025402101A822F06DF9BC
:101D100012223EA1204622F041F900BF17E04021E7
:101D200001A822F062F93E4800EB85112A480368B9
:101D30002848026801A822F0FBFF04F1400101EBF2
:101D40008510402201A922F029F9681CC5B2042D92
:101D5000E5DB002084F840014FF47A70A4F84201DA
:101D6000012084F8410140F6640104F6461022F097
:101D70003CF940F66400A4F844014FF4006104F516
:101D8000A37022F032F911B030BD70B590B00546A5
:101D90000C464021684622F028F9A4B10E48036899
:101DA0000C4821460268684622F0C2FF40212846BE
:101DB00022F01BF9684622F05DF906463246694674
:101DC000284622F0EBF810B070BD0000534C5900CB
:101DD00020FC0200680000206C0000207000002041
:101DE00074000020473043374A305A33424F2E693F
:101DF0006F74636C6F75642E74656E63656E746466
:101E00006576696365732E636F6D0000246F74617E
:101E10002F7265706F72742F25732F257300000069
:101E20002463020010B502460B464FF6FF7109E02D
:101E300010784840C0B20F4C34F8100080EA2121DD
:101E40005B1E521C002BF3D1C84380B210BD10B5ED
:101E5000034609E008785840C0B2064C34F8100038
:101E600080EA2323521E491C002AF3D1D84380B2B2
:101E700010BD0000246402002DE9F047C6B00646FC
:101E80000C4617464FF00008C2462046E11704EB07
:101E900011710911A4EB0111C1F1100ABAF1100F6F
:101EA00003D0012046B0BDE8F0872046E11704EBDF
:101EB00011714FEA2119684608F0DAFB802239498E
:101EC000684608F0EAFB8046B8F1000F04D0684687
:101ED00008F0D8FB0220E5E7002511E007EB051329
:101EE00006EB05120121684609F0DBFA8046B8F1DD
:101EF000000F04D0684608F0C5FB0320D2E76D1C34
:101F00004D45EBD3684608F0BDFBE0B2CAE72DE9CA
:101F1000F047C6B006460C4617464FF00008C246CA
:101F20002046E11704EB11710911A4EB0111C1F175
:101F3000100ABAF1100F03D0012046B0BDE8F087B7
:101F40002046E11704EB11714FEA2119684608F0A9
:101F50008FFB80221349684608F09EFC8046B8F14A
:101F6000000F04D0684608F08DFB0220E5E700254D
:101F700011E007EB051306EB05120021684609F096
:101F800090FA8046B8F1000F04D0684608F07AFB5A
:101F90000420D2E76D1C4D45EBD3684608F072FB78
:101FA000E0B2CAE77A000020F048806910F0020F22
:101FB00008D00120EE490870EC48806940F002002A
:101FC000EA4988617047EB48806910F0020F08D039
:101FD0000120E9490870E748806940F00200E549BE
:101FE0008861704770B504460D4684B9042000F03E
:101FF000B3F9042000F0A4F9E048C06A4FF6F0718C
:10200000884345F210510844DC49C86214E00520B9
:1020100000F0A2F9052000F093F9D848C06A20F03A
:10202000704040F0A040D549C8620846006B20F0DF
:10203000FF0040F055000863A800CC494FF48032FF
:1020400002FB04118860012C06D140F20220C7492E
:1020500002FB0411486007E040F20220C3494FF43C
:10206000803202FB041148600120C049020402FBD7
:1020700004118862BD48114601FB0400806840F0ED
:102080000100BA4902FB0411886070BD0021B74A03
:102090004FF4803303FB0022516270470121B34AA1
:1020A0000B0403FB00225162704770B5C2F30902B2
:1020B000AE4C4FF4803505FB0044A46944F00204A3
:1020C000AA4D4FF4803606FB0055AC61A74C35464F
:1020D00005FB00442262A54C05FB0044246944F042
:1020E0000104A24D06FB00552C6101249F4D06FB07
:1020F00000556C62002310E000BF9C4C4FF480350B
:1021000005FB0044A46914F0100FF6D1974C05FBB1
:10211000004424780C70491C5B1C9342ECD300BF34
:10212000924C4FF4803505FB0044A46914F0020F73
:10213000F6D08E4C05FB0044A46944F002048B4D9C
:102140004FF4803606FB0055AC61884C354605FBE4
:102150000044246924F00104844D06FB00552C61E1
:1021600070BD70B5C2F30902804C4FF4803505FB99
:102170000044A46944F002047C4D4FF4803606FB11
:102180000055AC61794C354605FB00442262774C22
:1021900005FB0044E46844F00104744D06FB00555F
:1021A000EC600124714D06FB00556C62002312E0C7
:1021B00000BF6E4C4FF4803505FB0044A46914F059
:1021C000080FF6D10C78694D4FF4803606FB0055A8
:1021D0002C70491C5B1C9342EAD300BF634C4FF444
:1021E000803505FB0044A46914F0020FF6D05F4C63
:1021F00005FB0044A46944F002045C4D4FF48036B2
:1022000006FB0055AC61594C354605FB0044E468BB
:1022100024F00104554D06FB0055EC6070BDF0B58F
:102220000024524D4FF4803606FB0055AD6945F051
:1022300002054E4E4FF4803707FB0066B5614B4DEB
:102240003E4606FB00552B62484D06FB0055ED68E7
:1022500045F00105454E07FB0066F560434D3E46DF
:1022600006FB00552D6945F00105404E07FB006651
:10227000356101253D4E07FB0066756222E09C42F8
:1022800011D23A4D4FF4803606FB0055AD6915F07A
:10229000080F08D10D78354E4FF4803707FB0066E4
:1022A0003570491C641C314D4FF4803606FB0055D7
:1022B000AD6915F0100F05D12C4D06FB00552D789A
:1022C0001570521C294D4FF4803606FB0055AD6940
:1022D00015F0020FD3D007E0244D4FF4803606FBF3
:1022E00000552D781570521C204D4FF4803606FB9A
:1022F0000055AD6915F0100FEED01C4D06FB0055D2
:10230000AD6945F00205194E4FF4803707FB0066B2
:10231000B561164D3E4606FB0055ED6825F00105FA
:10232000124E07FB0066F560104D3E4606FB005559
:102330002D6925F001050D4E07FB00663561F0BDE6
:1023400000F01F020121914042094FF0E02303EB0E
:102350008202C2F80011704700F01F020121914073
:10236000074A430942F82310704700000000064066
:102370008A000020000007408B0000200000064873
:1023800080E200E010B500210846FFF72BFEF74879
:10239000C06A20F44050F549C862F548006840F032
:1023A0004000F34908600846C06840F04000C8603B
:1023B000EE48C06A20F0C000EC49C862EC480068F2
:1023C00040F00800EA4908600846806840F00800CC
:1023D0008860E648C06A20F44040E449C862E448A6
:1023E000006840F08000E24908600846806840F0DC
:1023F0008000886010BD08B500BFDE4890F840003E
:1024000020B1DC4890F8400002280BD1D848C068C1
:1024100040F00800D649C8600846806840F0800057
:1024200088600AE0D248C06840F08000D049C860A7
:102430000846806840F00800886000BF9020CE49C0
:102440000870002048708870C8700422FFF789FE69
:10245000022269460020FFF728FE00BFC4488068BA
:1024600040F00800C24988600846806840F080005B
:10247000886000BF9DF801009DF8001040EA01202F
:1024800008BD2DE9F04107460D46164600BFB94884
:1024900090F8400020B1B74890F8400002280BD1D6
:1024A000B348C06840F00800B149C8600846806879
:1024B00040F0800088600AE0AD48C06840F08000CD
:1024C000AB49C8600846806840F00800886000BFDB
:1024D0000320A9490870280C4870280A8870CD701C
:1024E00004220020FFF73DFE4FEA1628002408E0F2
:1024F00007EB04214FF480720020FFF7D6FD601C2B
:1025000084B24445F4D316F0FF0F05D0F2B207EBC6
:1025100004210020FFF7C9FD00BF9548806840F006
:102520000800934988600846806840F08000886011
:1025300000BFBDE8F08110B500BF8E4890F84000A4
:1025400020B18C4890F8400002280BD18848C06820
:1025500040F008008649C8600846806840F0800066
:1025600088600AE08248C06840F080008049C86006
:102570000846806840F00800886000BF06207E4959
:10258000087001220020FFF7ECFD00BF784880684A
:1025900040F00800764988600846806840F0800076
:1025A000886000BF10BD10B500BF724890F84000B1
:1025B00020B1704890F8400002280BD16C48C068E8
:1025C00040F008006A49C8600846806840F0800012
:1025D00088600AE06648C06840F080006449C860CE
:1025E0000846806840F00800886000BF0420624907
:1025F000087001220020FFF7B4FD00BF5C4880682E
:1026000040F008005A4988600846806840F0800021
:10261000886000BF10BD10B500BF564890F840005C
:1026200020B1544890F8400002280BD15048C068AF
:1026300040F008004E49C8600846806840F08000BD
:1026400088600AE04A48C06840F080004849C86095
:102650000846806840F00800886000BF05204649B1
:10266000087001220020FFF77CFD01224249002072
:10267000FFF71BFD00BF3E48806840F008003C4962
:1026800088600846806840F08000886000BF3A4853
:10269000007810BD10B54FF4FA7409E00120FEF780
:1026A0001DFEFFF7B8FF10F0010F01D1002010BD93
:1026B0002000A4F101018CB2F0D10120F7E710B5A0
:1026C00004462403FFF737FFFFF7E4FF08B10120BA
:1026D00010BD00BF274890F8400020B1254890F871
:1026E000400002280BD12248C06840F00800204971
:1026F000C8600846806840F0800088600AE01C4896
:10270000C06840F080001A49C8600846806840F000
:102710000800886000BF202017490870200C48700E
:10272000200A8870CC7004220020FFF71AFD00BF39
:102730000F48806840F008000D49886008468068AE
:1027400040F08000886000BFFFF7A4FF08B10120BF
:10275000BEE70020BCE710B504462404FFF7EBFEFB
:10276000FFF798FF50B1012010BD0000000006489F
:1027700000000A48420400204206002000BFB8487A
:1027800090F8400020B1B64890F8400002280BD1E4
:10279000B448C06840F00800B249C8600846806884
:1027A00040F0800088600AE0AE48C06840F08000D9
:1027B000AC49C8600846806840F00800886000BFE7
:1027C000D820A9490870200C4870200A8870CC7065
:1027D00004220020FFF7C5FC00BFA248806840F03B
:1027E0000800A04988600846806840F08000886042
:1027F00000BFFFF74FFF08B10120B5E70020B3E7A6
:1028000010B5FFF798FEFFF745FF08B1012010BD96
:1028100000BF934890F8400020B1914890F84000E4
:1028200002280BD18F48C06840F008008D49C8606D
:102830000846806840F0800088600AE08948C068E7
:1028400040F080008749C8600846806840F0080072
:10285000886000BFC7208449087001220020FFF76C
:1028600080FC00BF7F48806840F008007D49886098
:102870000846806840F08000886000BFFFF70AFFCC
:1028800008B10120C3E70020C1E770B505460C463A
:102890001646FFF750FE00BF714890F8400020B187
:1028A0006F4890F8400002280BD16E48C06840F095
:1028B00008006C49C8600846806840F08000886065
:1028C0000AE06848C06840F080006649C860084671
:1028D000806840F00800886000BF022062490870EC
:1028E000200C4870200A8870CC7004220020FFF76A
:1028F00038FC324629460020FFF733FC00BF594818
:10290000806840F00800574988600846806840F0B9
:102910008000886000BFFFF7BDFE08B1012070BDD8
:102920000020FCE72DE9F04107460E461446F0B2C0
:10293000C0F58075AC4200DC254616E02A463146DB
:102940003846FFF7A2FF10B10120BDE8F081AC428C
:1029500000D10BE02F442E44601B84B2B4F5807F7D
:1029600002DD4FF4807500E02546E7E700BF002058
:10297000EBE72DE9F05F814688461646DFF8ECB0BC
:102980004FEA1837C8F30B0ACAF58054A64200DC98
:10299000344661E039034FF480525846FFF771FD29
:1029A000002508E00AEB05001BF80000FF2800D016
:1029B00003E0681C85B2A542F4DB00BFA5422ADA19
:1029C0003846FFF77CFE40B1FFF7DCFC3846FFF7E6
:1029D00076FE10B10120BDE8F09F002507E019F850
:1029E000050005EB0A010BF80100681C85B2A54241
:1029F000F5DB39034FF480525846FFF793FFD0B10F
:102A0000FFF7C0FC39034FF480525846FFF78AFFA6
:102A100088B10120DFE7224641464846FFF782FFA2
:102A200048B1FFF7AFFC224641464846FFF77AFF20
:102A300008B10120CFE7A64200D10EE07F1C4FF085
:102A4000000AA144A044301B86B2B6F5805F02DDC7
:102A50004FF4805400E034469CE700BF0020BAE702
:102A60004204002000000A484206002052060020CE
:102A70002DE9F04704464FF00008F548006800785B
:102A8000F4490870F4480078F4490870F448007874
:102A900000283ED0F3A0FDF7C1FFFDF7A7FEF4A08C
:102AA000FDF7BCFFFDF7A2FE00BFEB4807782BE067
:102AB00008F10100F8490978884202D14FF006096F
:102AC00001E04FF0040907EB470000EB0710E04B73
:102AD0001B6803EB8000401CC4EB041300EB4302B3
:102AE00008EBC8003C2303EB80014B46A020FEF717
:102AF00009FA8246FDF792FFFDF778FE08F1010022
:102B000000F0FF08781CC7B2E44800788742CFDBAA
:102B10007FE0E3480078401EC5B2CF4800782844E3
:102B200000EB400303EB0010C94B1B6803EB800074
:102B3000401CC4EB041300EB430205EBC5003C232F
:102B400003EB80010023A020FEF7DCF98246FDF7AD
:102B500065FFFDF74BFEC0480078284400EB4003BA
:102B600003EB0010BA4B1B6803EB8000401CC4EB66
:102B7000041300EB430205EBC5003C2303EB80018B
:102B80000423A020FEF7BEF98246FDF747FFFDF7BC
:102B90002DFEC1480078401EC6B2AF4800783044D0
:102BA00000EB400303EB0010A94B1B6803EB800014
:102BB000401CC4EB041300EB430206EBC6003C23AD
:102BC00003EB80010023A020FEF79CF98246FDF76D
:102BD00025FFFDF70BFEA0480078304400EB4003D2
:102BE00003EB00109A4B1B6803EB8000401CC4EB06
:102BF000041300EB430206EBC6003C2303EB800109
:102C00000623A020FEF77EF98246FDF707FFFDF7B9
:102C1000EDFD0020A34908709F480078A049087086
:102C2000BDE8F08710B553E00024FEF727FB04460B
:102C3000B4F5600F28D19C48007800EB400101EB0F
:102C400000108349096801EB800090F848000628CD
:102C500018D2DFE800F00603090C1014FEF71DFF80
:102C600011E0FEF7B6FF0EE0FEF76CFF0BE0002070
:102C7000FEF78CFF07E00120FEF788FF03E0FEF778
:102C80008DFF00E000BF23E0B4F5500F20D186484F
:102C900000787149087084480078401D7F490870A9
:102CA000084600786B490978884210DD6948007849
:102CB0007A49087067480078052805DB6548007880
:102CC000401F6549087002E000206349087000E079
:102CD000AAE700BF10BD05E00024FEF7CFFA0446C6
:102CE00004B100E0F8E700BF4FF49670FEF7F6FA83
:102CF0006E485749086000206B49087056490870B3
:102D00005348006800785349087008460078052148
:102D100090FBF1F018B105206049087003E04D48C0
:102D200000785E49087001204D4908705A490870C2
:102D300000F0DFF905462846FFF79AFE9BE10024E4
:102D4000FEF79CFA0446B4F5E00F75D0B4F5300FE9
:102D500073D0B4F5500F43D0B4F5600F6ED101209D
:102D6000504908705048007800EB400101EB00101A
:102D70003749096801EB8000006C4D49884202D157
:102D8000FFF750FF2BE04848007800EB400101EBD3
:102D900000102F49096801EB8000006C444988420B
:102DA0001DD041480078434908702B4800784249BB
:102DB00008703A480078414908703B48007800EBB9
:102DC000400101EB00102249096801EB8000006C12
:102DD0001F4908600020344908701F4908708DE0C1
:102DE0000120304908701A480068406C3049884218
:102DF00025D017480068406C2C4988420AD11448F5
:102E00000068406C12490860002027490870124988
:102E100008701CE00E480068406C0D4908602548A9
:102E2000007821490870244800780B49087023482D
:102E300000781A4908700AE050E041E05DE004487B
:102E40000068406C1A49884201D100F077F955E0DA
:102E5000A8020020B0020020AC020020AF02002037
:102E6000B7020020434C522830293B0D0A000000D5
:102E700044433234283131342C34302C27506C65A3
:102E80006173652073656C65637420747970652760
:102E90002C3135293B0D0A00B1020020AD02002083
:102EA000B3020020B2020020AE0200208C000020FD
:102EB00054160020B4020020B5020020B602002003
:102EC0006D480078401E6C49087008460078FF285D
:102ED00003D16A480078401E08700FE06648007809
:102EE000401C6549087008460078644909788842A2
:102EF00002D100206049087000E000BF00BF5E48BA
:102F0000007850BB5E48007838BB5E4800780228E5
:102F100006D15D48007818B900205C49087002E0CD
:102F200001205A4908700020554908705848006827
:102F300000785249087008460078052190FBF1F0AE
:102F400018B105205349087003E04C4800785149F6
:102F500008700120504908707EE0474800784849D1
:102F60000978884211DB444800784A490978884248
:102F70000BDA0020454908703F480078404909783D
:102F8000401A401C4449087066E03B4800783C49C0
:102F90000978884231DA01203C49087036480078C7
:102FA00006281CDC3448007818B901203A4908701A
:102FB00003E0334800783849087000203049087031
:102FC0002E480078052190FBF1F018B10520314919
:102FD000087041E0294800782E4908703CE02848F4
:102FE0000078801F2649087008460078801D29490E
:102FF00008700620284908702EE01F4800782549EF
:103000000978884228DB0120204908701B48007895
:1030100019490978401A052811DA17480078C01DA7
:1030200016490978401A1C49087014480078801F16
:103030001349087011480078164908700CE01048D0
:103040000078801D0E49087008460078801D1149DF
:1030500008700120104908700B480078012801D140
:103060000A49087000F045F805462846FFF700FDBC
:103070006420FEF733F962E6AE020020B0020020C1
:10308000AC020020B3020020B2020020B7020020F0
:10309000A8020020AD020020B102002010B5ADF55D
:1030A000007D04466A464FF400717648FDF755FDF1
:1030B0008DF810406A464FF400717248FDF765FDC7
:1030C000704810300078704908700DF5007D10BD13
:1030D00010B56C48103000786B49087008460078CD
:1030E00030B108460078012802D00120FFF7D6FF52
:1030F00010BD65480078704710B5FEF792F8624839
:103100000078012806D161A0FEF783F867A0FEF7DA
:1031100080F808E05C48007828B96EA0FEF779F8DE
:1031200076A0FEF776F810BD10B5FEF77AF87DA010
:10313000FEF76FF885A0FEF76CF810BD70B50A2099
:10314000FEF7CCF8FEF76DF84F48007801282DD136
:1031500087A0FEF75EF88EA0FEF75BF8FEF788FD0D
:103160000646042332465221D220FDF7CBFE054607
:10317000FEF74FF88DA0FEF74CF8042393A28621AA
:10318000D220FDF7BFFE0546FEF743F891A0FEF7FB
:1031900040F80423974ABA21D220FDF7B3FE054632
:1031A000FEF737F894A0FEF734F82CE09CA0FEF769
:1031B00030F8A2A0FEF72DF8FEF75AFD06460423CC
:1031C00032465221D220FDF79DFE0546FEF721F83A
:1031D000A1A0FEF71EF804237CA28621D220FDF7D1
:1031E00091FE0546FEF715F8A3A0FEF712F804239A
:1031F000804ABA21D220FDF785FE0546FEF709F880
:10320000A5A0FEF706F807E00024FEF737F804460D
:10321000B4F5600F00D100E0F6E700BF70BD10B557
:10322000FDF7FFFF18480078012809D1A4A0FDF799
:10323000F0FFAEA0FDF7EDFFB6A0FDF7EAFF08E056
:10324000BEA0FDF7E6FFC7A0FDF7E3FFCEA0FDF7A8
:10325000E0FF10BD10B5FDF7E4FF0B480078012832
:103260000CD1D3A0FDF7D5FFDAA0FDF7D2FFE4A083
:10327000FDF7CFFFEFA0FDF7CCFF0AE2F7A0FDF7C7
:10328000C8FFFDE100FE0200B802002044433234D2
:10329000283139322C39372C27C9E8D6C3B3C9B9FC
:1032A000A6272C32293B0D0A00000000444332348B
:1032B000283135362C3135312C272D202243616EB3
:1032C00063656C22B7B5BBD8202D272C34293B0D64
:1032D0000A00000044433234283135362C39372C6B
:1032E00027536574205375636365737366756C6CDF
:1032F00079272C32293B0D0A000000004443323468
:10330000283135362C3135312C272D202243616E62
:1033100063656C2252657475726E202D272C3429DA
:103320003B0D0A0044433234283135302C313234DD
:103330002C27C9E8B1B8B3F5CABCBBAFD6D02E2E86
:103340002E272C32293B0D0A000000004443323462
:10335000283135362C3136342C276465766963651F
:1033600020696E69742E2E2E272C32293B0D0A00FF
:1033700044433332283134302C31302C27486F6DA0
:10338000652050616765272C32293B0D0A0000003B
:10339000444332342839302C38322C27446576693E
:1033A00063653A272C34293B0D0A0000444332342C
:1033B0002839302C3133342C2744657669636556BF
:1033C00065723A272C34293B0D0A000056315F31D3
:1033D00000000000444332342839302C3138362C78
:1033E000274669726D776172653A272C34293B0D47
:1033F0000A0000009F040020444332342831363054
:103400002C3232302C272D2022456E746572224ECC
:10341000657874202D272C34293B0D0A000000000C
:1034200044433332283230342C31302C27D6F7D273
:10343000B3272C32293B0D0A0000000044433234EC
:103440002839302C38322C27C9E8B1B8C3FB3A27C9
:103450002C34293B0D0A0000444332342839302CE7
:103460003133342C27C9E8B1B8B0E6B1BE3A272CC5
:1034700034293B0D0A000000444332342839302CF3
:103480003138362C27B9CCBCFEB0E6B1BE3A272C79
:1034900034293B0D0A0000004443323428313530D2
:1034A0002C3232302C272D2022456E746572224E2C
:1034B000657874202D272C34293B0D0A000000006C
:1034C00044433234283132362C38382C27506C653E
:1034D00061736520636865636B206E6574776F72D6
:1034E0006B272C31293B0D0A000000004443323485
:1034F000283134342C3133362C27616E64206E65CC
:1035000074776F726B206361626C65272C31293B85
:103510000D0A000044433234283135302C31383420
:103520002C272D202243616E63656C2252657475D1
:10353000726E202D272C34293B0D0A00444332346F
:10354000283134342C38382C27C7EBBCECB2E9CD09
:10355000F8CFDFCAC7B7F1C1ACBDD3272C31293BA7
:103560000D0A000044433234283136382C313336CA
:103570002C27B2A2BCECB2E9CDF8C2E7D7B4CCACF0
:10358000272C31293B0D0A00444332342831353091
:103590002C3138342C272D202243616E63656C2238
:1035A000B7B5BBD8202D272C34293B0D0A000000CD
:1035B00044433234283135362C39342C274465764F
:1035C0006963652041626E6F726D616C272C3129D1
:1035D0003B0D0A0044433234283133322C31333826
:1035E0002C27506C6561736520466163746F727936
:1035F000205265736574272C31293B0D0A000000A9
:1036000044433234283130322C3138322C27416E49
:103610006420446F776E6C6F6164204669726D77C9
:1036200061726520416761696E272C31293B0D0A63
:103630000000000044433234283135302C32323619
:103640002C272D202243616E63656C2252657475B0
:10365000726E202D272C34293B0D0A00444332344E
:10366000283136382C39342C27C9E8B1B8D7B4CC36
:10367000ACD2ECB3A3272C31293B0D0A000000008B
:103680008FA0FDF7C6FD97A0FDF7C3FD9EA0FDF737
:10369000C0FD10BD7FB5044600200090019002904F
:1036A0000390FDF7BEFD2246A1A1684621F040FB34
:1036B000A348007801280CD1A2A0FDF7AAFD0123A0
:1036C0006A469D219620FDF71DFC0546FDF7A1FDEC
:1036D0000BE0A6A0FDF79DFD01236A469D219620E3
:1036E000FDF710FC0546FDF794FD7FBD7FB5044650
:1036F00000200090019002900390FDF792FD224679
:103700008BA1684621F014FB8D48007801280CD16C
:10371000A0A0FDF77EFD01236A469D219620FDF7BE
:10372000F1FB0546FDF775FD0BE0A5A0FDF771FD6A
:1037300001236A469D219620FDF7E4FB0546FDF72F
:1037400068FD7FBD7FB50446002000900190029087
:103750000390FDF766FD224675A1684621F0E8FA60
:103760007748007801280CD19EA0FDF752FD012377
:103770006A469D219620FDF7C5FB0546FDF749FDEC
:103780000BE0A2A0FDF745FD01236A469D2196208E
:10379000FDF7B8FB0546FDF73CFD7FBD10B588B0D1
:1037A00000240CE004F11E02A1A1684621F0C0FA39
:1037B0006846FDF72EFD0A20FDF790FD641D192CCB
:1037C000F0DB5F480078012803D1A1A0FDF721FDBF
:1037D00002E0A5A0FDF71DFD08B010BD30B589B011
:1037E000A8A0FDF716FDAAA0FDF713FDABA0FDF7FD
:1037F00010FDB0A0FDF70DFDB4A0FDF70AFDB9A0C6
:10380000FDF707FDBDA0FDF704FDC2A0FDF701FD1A
:10381000C6A0FDF7FEFCCCA0FDF7FBFCD0A0FDF799
:10382000F8FC1E2410E0A4F11E0000EB800505EB5F
:10383000D570401000F13102D0A101A821F078FA32
:1038400001A8FDF7E6FCE41C5A2CECDB232410E075
:10385000A4F1190000EB800505EBD570401000F1D4
:103860008602CAA101A821F063FA01A8FDF7D1FCE4
:10387000E41C6E2CECDBC9A0FDF7CBFCCCA0FDF763
:10388000C8FCD0A0FDF7C5FCD3A0FDF7C2FCD7A0B3
:10389000FDF7BFFCDBA0FDF7BCFCE0A0FDF7B9FC29
:1038A000E4A0FDF7B6FCE9A0FDF7B3FCEEA0FDF740
:1038B000B0FCF4A0FDF7ADFCF9A0FDF7AAFCFDE11A
:1038C00044433234283135362C3133382C27C7EB7A
:1038D000BBD6B8B4B3F6B3A7C9E8D6C3272C3129F1
:1038E0003B0D0A0044433234283135362C3138320E
:1038F0002C27B2A2D6D8D0C2CFC2D4D8B9CCBCFE65
:10390000272C31293B0D0A0044433234283135300D
:103910002C3232362C272D202243616E63656C22B7
:10392000B7B5BBD8202D272C34293B0D0A00000049
:103930004572726F7220436F646520256400000039
:10394000B802002044433234283134342C3131352C
:103950002C27476574204669726D77617265204532
:103960007272272C31293B0D0A0000004443323487
:10397000283135362C3131352C27BBF1C8A1B9CCD3
:10398000BCFED0C5CFA2CAA7B0DC272C31293B0D85
:103990000A00000044433234283133322C313135AF
:1039A0002C27446F776E6C6F6164204669726D7767
:1039B00061726520457272272C31293B0D0A000087
:1039C00044433234283139322C3131352C27CFC29F
:1039D000D4D8B9CCBCFECAA7B0DC272C31293B0D0A
:1039E0000A00000044433234283134342C3131355C
:1039F0002C275665726966204669726D776172651B
:103A000020457272272C31293B0D0A004443323481
:103A1000283139322C3131352C27D1E9D6A4B9CC13
:103A2000BCFECAA7B0DC272C31293B0D0A000000E0
:103A30005342432830293B44433234283331302C1D
:103A400025642C27A1FD272C32293B0D0A000000FC
:103A500044433234283335342C32302C274E6574AD
:103A6000272C32293B0D0A004443323428333334A7
:103A70002C32302C27CDF8BFDA272C32293B0D0A07
:103A800000000000434C522830293B0D0A00000082
:103A90004449522831293B0D0A000000504C28317E
:103AA00035392C34392C3334362C34392C32293BEB
:103AB0000D0A0000504C283133342C37342C33326B
:103AC000312C37342C32293B0D0A0000504C283160
:103AD00035392C34392C3133342C37342C32293BC2
:103AE0000D0A0000504C283334362C34392C333234
:103AF000312C37342C32293B0D0A0000504C283130
:103B000033342C37342C3133342C3232342C3229A8
:103B10003B0D0A00504C283332312C37342C3332D1
:103B2000312C3232342C32293B0D0A00504C2831D2
:103B300033342C3232342C3332312C3232342C3276
:103B4000293B0D0A00000000504C283334362C3439
:103B5000392C3334362C3139392C32293B0D0A00BB
:103B6000504C283332312C3232342C3334362C3111
:103B700039392C32293B0D0A0000000050532831FE
:103B800035392C25642C32293B0D0A005053282549
:103B9000642C3139392C32293B0D0A00505328311D
:103BA00033392C3231392C32293B0D0A0000000008
:103BB0005053283134342C3231342C32293B0D0A05
:103BC000000000005053283134392C3230392C3267
:103BD000293B0D0A000000005053283135342C32A7
:103BE00030342C32293B0D0A00000000504C2833A1
:103BF00034362C37342C3332312C39392C34293BA0
:103C00000D0A0000504C283334362C39392C33320D
:103C1000312C3132342C34293B0D0A00504C2833DE
:103C200034362C37342C3334362C39392C34293B68
:103C30000D0A0000504C283332312C39392C3332E4
:103C4000312C3132342C34293B0D0A00504C2833AE
:103C500034362C3134392C3332312C3137342C3446
:103C6000293B0D0A00000000504C283334362C311B
:103C700037342C3332312C3139392C34293B0D0A6D
:103C800000000000504C283334362C3134392C33AA
:103C900034362C3137342C34293B0D0A0000000017
:103CA000504C283332312C3137342C3332312C31D3
:103CB00039392C34293B0D0A000000005CA0FDF7C7
:103CC000A8FA61A0FDF7A5FA65A0FDF7A2FA6AA01F
:103CD000FDF79FFA6EA0FDF79CFA73A0FDF799FA25
:103CE00077A0FDF796FA7CA0FDF793FA80A0FDF788
:103CF00090FA85A0FDF78DFA89A0FDF78AFA8EA0CB
:103D0000FDF787FA09B030BD10B5FFF767FDFFF783
:103D100045FD8F480078012803D18EA0FDF779FA80
:103D200002E095A0FDF775FA10BD10B50446FDF749
:103D300078FA87480078012810D134B997A0FDF7A8
:103D400068FA9EA0FDF765FA04E0012C02D1A4A058
:103D5000FDF75FFAACA0FDF75CFA0CE01CB9B4A06B
:103D6000FDF757FA04E0012C02D1B9A0FDF751FA92
:103D7000BFA0FDF74EFA10BD10B50446FDF751FA8D
:103D800073480078012814D1192C03D1C2A0FDF783
:103D900040FA0AE01A2C03D1C8A0FDF73AFA04E071
:103DA0001B2C02D1CDA0FDF734FAD5A0FDF731FAD6
:103DB00013E0192C03D1DCA0FDF72BFA0AE01A2C32
:103DC00003D1E2A0FDF725FA04E01B2C02D1E7A005
:103DD000FDF71FFAEDA0FDF71CFA10BD7FB50446F4
:103DE00000200090019002900390FDF71AFA2246FD
:103DF000AFF2C441684620F09BFF55480078012887
:103E000015D11D2C03D1EBA0FDF703FA0BE0F4A0B4
:103E1000FDF7FFF901236A469621C220FDF772F8EB
:103E20000546FDF7F6F9F8A0FDF7F3F915E2FFE115
:103E3000504C283332362C34392C3330312C373433
:103E40002C34293B0D0A0000504C283330312C34DF
:103E5000392C3237362C37342C34293B0D0A0000EC
:103E6000504C283332362C34392C3330312C343901
:103E70002C34293B0D0A0000504C283237362C37A1
:103E8000342C3330312C34392C34293B0D0A0000CA
:103E9000504C283139362C34392C3137312C3734C9
:103EA0002C34293B0D0A0000504C283137312C347A
:103EB000392C3134362C37342C34293B0D0A000090
:103EC000504C283139362C34392C3137312C343997
:103ED0002C34293B0D0A0000504C283134362C3745
:103EE000342C3137312C34392C34293B0D0A000065
:103EF000504C283235312C34392C3232362C373470
:103F00002C34293B0D0A0000504C283232362C3418
:103F1000392C3230312C37342C34293B0D0A000037
:103F2000504C283235312C34392C3232362C34393D
:103F30002C34293B0D0A0000504C283230312C37EC
:103F4000342C3232362C34392C34293B0D0A000003
:103F5000B802002044433234283136382C31323410
:103F60002C27436F6E6E656374696E672E2E2E2745
:103F70002C32293B0D0A00004443323428313734B7
:103F80002C3132342C27D5FDD4DAC1ACBDD32E2E42
:103F90002E272C32293B0D0A000000004443323406
:103FA000283139322C39372C27446F776E6C6F618A
:103FB00064272C32293B0D0A0000000044433234B0
:103FC000283137342C3134312C27537563636573B2
:103FD0007366756C6C79272C32293B0D0A00000042
:103FE00044433234283135362C3131392C2753654E
:103FF00074205375636365737366756C6C79272CD5
:1040000032293B0D0A000000444332342831353058
:104010002C3138332C272D202243616E63656C22AE
:1040200052657475726E202D272C34293B0D0A00C1
:1040300044433234283139322C3131392C27CFC224
:10404000D4D8B3C9B9A6272C32293B0D0A000000E9
:1040500044433234283139322C3131392C27C9E8E4
:10406000D6C3B3C9B9A6272C32293B0D0A000000DC
:1040700044433234283135302C3138332C272D202D
:104080002243616E63656C22B7B5BBD8202D272C07
:1040900034293B0D0A0000004443323428313632C3
:1040A0002C3132342C274669726D77617265204558
:1040B0006D707479272C31293B0D0A00444332344A
:1040C000283136322C3132342C274A756D70204518
:1040D00072726F72272C31293B0D0A00444332342F
:1040E000283136322C3132342C27577269746520CE
:1040F0004572726F72272C31293B0D0A00000000B7
:1041000044433234283135302C3135342C272D209E
:104110002243616E63656C2252657475726E202D48
:10412000272C34293B0D0A004443323428313830DF
:104130002C3132342C27CEB4BCECB2E2B5BDB9CCB4
:10414000BCFE272C31293B0D0A00000044433234C9
:10415000283139322C3132342C27CCF8D7AACAA7CF
:10416000B0DC272C31293B0D0A00000044433234D7
:10417000283139322C3132342C27D0B4C8EBCAA7BD
:10418000B0DC272C31293B0D0A00000044433234B7
:10419000283135302C3135342C272D202243616EC7
:1041A00063656C22B7B5BBD8202D272C34293B0D75
:1041B0000A00000044433234283136382C3132347E
:1041C0002C2755706461746520436F756E7420539D
:1041D000756363657373272C32293B0D0A00000059
:1041E00044433234283136382C3132342C27557040
:1041F0006461746520436F756E7420457272272C5C
:1042000031293B0D0A00000044433234283136384E
:104210002C3135342C272D202243616E63656C22AE
:1042200052657475726E202D272C34293B0D0A00BF
:104230001D2C03D14FA0FCF7ECFF0BE056A0FCF7C0
:10424000E8FF01236A469621C220FCF75BFE054683
:10425000FCF7DFFF59A0FCF7DCFF7FBD70B504461B
:10426000FCF7DFFF5F480078012816D11CB95EA07B
:10427000FCF7CFFF0AE0012C03D165A0FCF7C9FFD2
:1042800004E0022C02D16CA0FCF7C3FF72A0FCF783
:10429000C0FF7BA0FCF7BDFF15E01CB982A0FCF7B6
:1042A000B8FF0AE0012C03D189A0FCF7B2FF04E0BB
:1042B000022C02D190A0FCF7ACFF99A0FCF7A9FF5B
:1042C000A1A0FCF7A6FF0AE00025FCF7D7FF0546F2
:1042D000B5F5600F02D0B5F5500F00D100E0F3E75F
:1042E00000BF284670BD10B50446FCF79AFF3D4854
:1042F0000078012810D11CB99DA0FCF78AFF1BE0B3
:10430000012C03D1A3A0FCF784FF15E0022C13D1EC
:10431000A8A0FCF77EFF0FE01CB9AEA0FCF779FF68
:104320000AE0012C03D1B3A0FCF773FF04E0022CD8
:1043300002D1B8A0FCF76DFFBDA0FCF76AFF10BD6D
:1043400070B588B004460D46202168461FF04DFE2A
:104350004FF48C706843B0FBF4F000F16406324611
:10436000BAA1684620F0E4FC6846FCF752FF08B0AA
:1043700070BD000044433234283136382C31323499
:104380002C27B8FCD0C2B5E3CAFDB3C9B9A6272C07
:1043900032293B0D0A0000004443323428313638BC
:1043A0002C3132342C27B8FCD0C2B5E3CAFDCAA7E1
:1043B000B0DC272C31293B0D0A0000004443323485
:1043C000283134382C3138342C272D202243616E8B
:1043D00063656C22B7B5BBD8202D272C34293B0D43
:1043E0000A000000B802002044433234283134343B
:1043F0002C38382C27446F776E6C6F6164204669C7
:10440000726D77617265272C32293B0D0A0000001E
:1044100044433234283134342C38382C27526573D5
:10442000746F726520466163746F7279203F272C28
:1044300032293B0D0A000000444332342831343421
:104440002C38382C274A554D5020415050203F27BA
:104450002C32293B0D0A00004443323428313434D5
:104460002C3133322C272D2022456E746572224E5A
:10447000657874202D272C34293B0D0A000000009C
:1044800044433234283134342C3136362C272D2015
:104490002243616E63656C2252657475726E202DC5
:1044A000272C34293B0D0A0044433234283134345C
:1044B0002C38382C27D0C2B9CCBCFEB0FCA3ACCA77
:1044C000C7B7F1CFC2D4D8272C32293B0D0A000040
:1044D00044433234283134342C38382C27CAC7B7F7
:1044E000F1BBD6B8B4B3F6B3A7C9E8D6C3272C320C
:1044F000293B0D0A00000000444332342831343493
:104500002C38382C27CAC7B7F1BDF8C8EBD3A6D3CF
:10451000C3B3CCD0F2272C32293B0D0A0000000097
:1045200044433234283134342C3133322C272D207B
:1045300022456E74657222BCCCD0F8202D272C3415
:10454000293B0D0A00000000444332342831343442
:104550002C3136362C272D202243616E63656C2268
:10456000B7B5BBD8202D272C34293B0D0A000000FD
:1045700044433234283136362C39382C27446F776F
:104580006E6C6F6164696E672E2E2E272C35293B69
:104590000D0A000044433234283136362C39382C89
:1045A000275570646174696E672E2E2E272C35296D
:1045B0003B0D0A0044433234283136362C39382C2E
:1045C000275761746974696E672E2E2E272C352942
:1045D0003B0D0A0044433234283136362C39382C0E
:1045E00027CFC2D4D8D6D02E2E2E272C35293B0D3E
:1045F0000A00000044433234283136362C39382C36
:1046000027D0A3D1E9D6D02E2E2E272C35293B0D2D
:104610000A00000044433234283136362C39382C15
:1046200027B5C8B4FD2E2E2E272C35293B0D0A00A8
:10463000424F58283130302C3136302C3338302C22
:104640003138302C3136293B0D0A0000424F584694
:10465000283130302C3136302C25642C3138302C38
:1046600035293B0D0A00000010B5044600BF082C98
:1046700002DD4FF0FF3010BD00BFA100491C4FF418
:10468000807202EBC100102100F0E3FF00BFA10027
:10469000491C4FF4807202EBC10000F0B7FF002804
:1046A000F5D1A100491C4FF4007202EBC1001F219B
:1046B00000F0CFFF0120A040FB4909888143FA4860
:1046C00001800020F94921F81400F949085500BF7C
:1046D000A100491C4FF4407202EBC10000F096FFAC
:1046E0000028F5D10120C6E72DE9F04104460E4629
:1046F00017461D4600BF082C03DD4FF0FF30BDE814
:10470000F08100BF012E04D0022E03D0042E03D16D
:1047100001E000BF00BF02E06FF00400EFE700BF60
:1047200015F0060F02D06FF00500E8E705B3012E83
:1047300002D0022E1AD106E015F0210F02D16FF03F
:104740000500DCE713E015F0200F05D015F0800F11
:1047500002D16FF00500D2E715F0100F05D015F06B
:10476000800F02D16FF00500C9E700E000BF00BF75
:104770002046FFF779FF05F0F00242EA0601A200A9
:10478000521C002303EBC20000F063FF7FB9C9484D
:1047900007880088401CC749088008460088A0F5A3
:1047A0007F41F03903D14FF44040C24908803912AB
:1047B000A200521C4FF4806303EBC20000F049FFDB
:1047C000A100491C4FF4806202EBC10101F5807029
:1047D000F9B200F03EFFA100491C4FF4807202EBD9
:1047E000C100012100F035FF00BFA100491C4FF4BA
:1047F000807202EBC10000F009FF0028F5D105F03E
:104800000100A040AC4909880843AB490880012059
:10481000A040A54909888143A34801800020A349FD
:1048200021F81400A249085500BFA100491C4FF40B
:10483000407202EBC10000F0E9FE0028F5D060B242
:104840005DE710B5044600BF082C02DD4FF0FF30D5
:1048500010BD00BF00BFA100491C002202EBC10037
:1048600000F0D4FE00F00F00012802D06FF0040029
:10487000EEE700BF00BFA100491C4FF4407202EBFD
:10488000C10000F0C3FE132802D06FF00200DFE782
:1048900000BFA100491C4FF4807202EBC10002214D
:1048A00000F0D7FE00BFA100491C4FF4807202EB5C
:1048B000C10000F0ABFE0028F5D10EE0A100491CBC
:1048C0004FF4807202EBC10000F0A0FE28B9204630
:1048D000FFF7CAFE6FF00300BAE7A100491C4FF4CE
:1048E000407202EBC10000F091FE1428E6D10120D5
:1048F000AEE770B504460D46164600BF082C02DD33
:104900004FF0FF3070BD00BF00BFA100491C002266
:1049100002EBC10000F07AFE00F00F00012802D087
:104920006FF00400EEE700BF00BFA100491C4FF488
:10493000407202EBC10000F069FE132802D06FF054
:104940000200DFE700BF2978687861F31F20014685
:10495000A87861F31F200146287861F31F200146E3
:10496000481C00D011B96FF00B00CBE716B96FF0FF
:104970000A00C7E7A100491C4FF4406202EBC100E6
:104980000422294600F0B6FE3112A200521C4FF458
:10499000805303EBC20000F05CFEA100491C4FF401
:1049A000805202EBC10101F58070F1B200F051FEBE
:1049B000A100491C4FF4807202EBC100042100F0F9
:1049C00048FE00BFA100491C4FF4807202EBC100F9
:1049D00000F01CFE0028F5D10120A04036490988CE
:1049E000084201D000208DE716E0A100491C4FF4D9
:1049F000007202EBC10000F009FE10F0080F0BD0AE
:104A0000A100491C4FF4007202EBC100082100F024
:104A100020FE6FF00C0075E7A100491C4FF44072B6
:104A200002EBC10000F0F2FD1728DED1012069E79A
:104A300010B5044600BF082C02DD4FF0FF3010BD5A
:104A400000BF00BFA100491C002202EBC10000F022
:104A5000DDFD00F00F00012802D06FF00400EEE74A
:104A600000BFA100491C4FF4807202EBC100082175
:104A700000F0EFFD00BFA100491C4FF4807202EB73
:104A8000C10000F0C3FD0028F5D10120A040064977
:104A900009888143044801800120A0400649098813
:104AA00008420BD00020CAE7BE020020A01600205A
:104AB000C0020020BA020020BC02002010E0A100C9
:104AC000491C4FF4007202EBC10000F09FFD10F092
:104AD000080F05D02046FFF7C7FD6FF00C00AEE7CA
:104AE000A100491C4FF4407202EBC10000F08EFDA2
:104AF0000028E4D10120A2E72DE9F04104468846D0
:104B000015460026002700BF082C02DD701EBDE8F8
:104B1000F08100BF00BFA100491C002202EBC100D0
:104B200000F074FD00F00F00012802D06FF00400C7
:104B3000EDE700BF00BF15B96FF00D00E7E700BF5C
:104B4000A100491C4FF4407202EBC10000F05EFD71
:104B50000646172E04D01C2E02D06FF00600D6E7B2
:104B60000120A040F7490988084228D0A100491C2B
:104B70004FF4007202EBC10000F048FD00F01F0688
:104B800016F0100F10D0A100491C4FF4007202EB78
:104B9000C100102100F05DFD0120A040E949098815
:104BA0008143E84801800AE016F0080F05D020464E
:104BB000FFF75AFD6FF00C00A9E70020A7E7A1005E
:104BC000491C4FF4F85202EBC10000F01FFD8006B3
:104BD000070CBD4200DD3D4623E0204600F0B8FD55
:104BE0000746A100491C4FF4407202EBC10000F0DF
:104BF0000DFD0646172E07D01C2E05D02046FFF7C8
:104C000033FD6FF0060082E70120A040CE490988FD
:104C1000084203D0BD4201DD002078E7BD4200DC40
:104C200000E0DAE700BF2A464146204600F0FCFDDE
:104C3000A100491C4FF4807202EBC100202100F05A
:104C400008FD00BFA100491C4FF4807202EBC100B7
:104C500000F0DCFC0028F5D10120A040B94909880A
:104C60000843B8490880284651E72DE9F047044633
:104C7000884616460027002500BF082C02DD681E66
:104C8000BDE8F08700BF00BFA100491C002202EB75
:104C9000C10000F0BBFC00F00F00012802D06FF053
:104CA0000400EDE700BF00BF16B96FF00D00E7E7A5
:104CB00000BFA100491C4FF4F05202EBC10000F00C
:104CC000A5FC8006050CB54200DA2E4638E02046E9
:104CD00000F074FD0546A100491C4FF4407202EB40
:104CE000C10000F093FC0746172F1ED01C2F16D1D1
:104CF00005B126E0204600F02BFD8146A100491CAD
:104D00004FF4F85202EBC10000F080FCB9EB802FA9
:104D10000BD12046FFF7A8FC6FF00600B0E7204655
:104D2000FFF7A2FC6FF00600AAE70120A040864929
:104D30000988084202D00DB90020A1E705B100E0C2
:104D4000C5E700BFB54200DA2E463246414620464E
:104D500000F0ACFDA100491C4FF4807202EBC100D1
:104D6000402100F076FC00BFA100491C4FF4807286
:104D700002EBC10000F04AFC0028F5D130467FE785
:104D80002DE9F04704468A4616461D46DDF8209078
:104D90000027B84600BF082C02DD781EBDE8F0876A
:104DA00000BFA100491C002202EBC10000F02EFC54
:104DB00000F00F00022802D0042802D100E000BF5A
:104DC00002E06FF00400E9E700BF00BF16B96FF022
:104DD0000D00E3E700BF2878697860F31F210846DB
:104DE000A97860F31F210846E97860F31F2108467F
:104DF000286810B96FF00B00D0E7B9F1000F02D1AD
:104E00006FF00A00CAE7A100491C4FF4407202EBA0
:104E1000C10000F0FBFB0746422F04D0222F02D036
:104E20006FF00600BAE7A100491C4FF4406202EBA4
:104E3000C1000422294600F05DFC4FEA2921A200AE
:104E4000521C4FF4805303EBC20000F002FCA1009F
:104E5000491C4FF4805202EBC10101F5807009F04A
:104E6000FF0100F0F6FBA100491C4FF4F85202EBE1
:104E7000C10000F0CBFB80064FEA1048464500DD3C
:104E800046461CE0204600F063FC8046A100491C19
:104E90004FF4407202EBC10000F0B8FB10B96FF0A4
:104EA00003007BE70120A04027490988084203D07E
:104EB000464501DD002071E7464500DC00E0E1E702
:104EC00000BF32465146204600F0AEFCA100491C0E
:104ED0004FF4807202EBC100202100F0BAFB00BF4A
:104EE000A100491C4FF4807202EBC10000F08EFB60
:104EF0000028F5D12AE0A100491C4FF4007202EB12
:104F0000C10000F083FB00F01F0717F0100F09D05D
:104F1000A100491C4FF4007202EBC100102100F007
:104F200098FB14E017F0080F10D0A100491C4FF4B3
:104F3000007202EBC100082100F08BFB6FF00C0047
:104F40002CE70000BE020020BC020020D3E700BF17
:104F5000304623E72DE9FC4704468A4616461F469D
:104F6000DDF82880002500BF082C02DD681EBDE8A2
:104F7000FC8700BFA100491C002202EBC10000F029
:104F800045FB814600F00F00022802D0042802D120
:104F900000E000BF02E06FF00400E8E700BF00BFE0
:104FA00016B96FF00D00E2E700BFF84830F81400C2
:104FB000E8B91AE0204600F001FC0546A100491CB2
:104FC0004FF4407202EBC10000F020FB10B96FF00B
:104FD0000300CCE70120A040ED490988084202D037
:104FE0000DB90020C3E705B100E0E3E700BF0020F2
:104FF000E849085509F00700022802D004287DD1AD
:1050000057E0E24830F81400E8BB08226946204621
:1050100000F04CFCA100491C4FF4807202EBC1006F
:10502000402100F016FB00BFA100491C4FF4807224
:1050300002EBC10000F0EAFA0028F5D19DF800006B
:1050400038709DF8010078709DF80200B8709DF8E6
:105050000300F8709DF80400A8F800009DF8050012
:10506000B8F8001000EB0120A8F800009DF8060039
:10507000C64921F814009DF8070031F8141000EB20
:105080000120C24900E004E021F814008020C14959
:105090000855BE4830F81400B04201DD354602E044
:1050A000BA4830F814502A465146204600F0FEFB1C
:1050B00055E0B64830F81400A8BB022269462046E5
:1050C00000F0F4FBA100491C4FF4807202EBC10018
:1050D000402100F0BEFA00BFA100491C4FF48072CD
:1050E00002EBC10000F092FA0028F5D19DF8000013
:1050F000A64921F814009DF8010000E027E031F8EE
:10510000141000EB0120A14921F81400084630F8E2
:10511000140040F2EA51884206DD2046FFF7A4FA67
:105120006FF47A7023E702E080209A490855974887
:1051300030F81400B04201DD354602E0934830F803
:1051400014502A465146204600F0B0FB07E029469D
:10515000204600F0EDFB8D4820F8145000BF00BF42
:10516000A100491C4FF4807202EBC100402100F005
:1051700070FA00BFA100491C4FF4807202EBC1001D
:1051800000F044FA0028F5D1804830F81400401BA4
:105190007E4921F81400084630F8140028B17D48F3
:1051A000005D40F001007B4908552846DFE62DE907
:1051B000F04104460E461546002700BF082C02DDCC
:1051C000781EBDE8F08100BF082E78D2DFE806F037
:1051D000041C232F3B4D596B2F78012F07D1012041
:1051E000A0406B4909880843694908800BE03FB932
:1051F0000120A0406649098881436548018002E09A
:105200006FF00900DDE75DE061480088204100F0B3
:105210000100287056E0A100491C4FF4F85202EB3F
:10522000C10000F0F3F98006000C28804AE0A100DC
:10523000491C4FF4F05202EBC10000F0E7F9800680
:10524000000C28803EE028781F2802DD6FF009005E
:10525000B7E72A7802F01F01A200521C4FF4007336
:1052600003EBC20000F0F5F92CE0A100491C4FF45B
:10527000007202EBC10000F0C9F900F01F002870B5
:1052800020E028781F2802DD6FF0090099E72A78CE
:1052900002F01F01A200521C4FF4305303EBC20076
:1052A00000F0D7F90EE0A100491C4FF4305202EB98
:1052B000C10000F0ABF900F01F00287000BF6FF0D4
:1052C00009007EE700BF01207BE770B504460E466B
:1052D000154600BF082C02DD4FF0FF3070BD00BF47
:1052E000082E75D2DFE806F0BB040E182F3A58A13D
:1052F0002978A200521C4FF4B05303EBC20000F017
:10530000A8F9AFE02978A200521C4FF4A85303EB90
:10531000C20000F09EF9A5E02A881112A200521CDA
:105320004FF4905303EBC20000F093F92A88D1B2F6
:10533000A200521C4FF4905303EBC20202F580709E
:1053400000F087F98EE0A100491C4FF4406202EBA7
:10535000C1000422294600F0CDF983E02A88111209
:10536000A200521C4FF4805303EBC20000F071F90D
:105370002A88D1B2A200521C4FF4805303EBC20220
:1053800002F5807000F065F96CE00000A0160020C6
:10539000BC020020C002002000BFA100491C002266
:1053A00002EBC10000F032F900F00F00012802D03A
:1053B0006FF0040092E700BFA100491C4FF43C527B
:1053C00002EBC10000F022F918B16FF0010085E78F
:1053D00045E0A100491C4FF4807202EBC10022217C
:1053E00000F037F916E0A100491C4FF4007202EBFF
:1053F000C10000F00BF910F0080F0BD0A100491C00
:105400004FF4007202EBC100082100F022F96FF0A6
:105410000C0063E7A100491C4FF4807202EBC1004D
:1054200000F0F4F80028DED11CE000BFA100491C08
:10543000002202EBC10000F0E9F800F00F000128A3
:1054400002D06FF0040049E700BF2978A200521C87
:105450004FF43C5303EBC20000F0FBF802E06FF0A6
:1054600009003BE700BF012038E72DE9F041044681
:105470000E46154600BF082C03DD4FF0FF30BDE897
:10548000F08100BF0D2E6FD2DFE806F007121C2658
:105490003D48B55F7A7F848EA100A100491C00229F
:1054A00002EBC10000F0B2F800F0F0002870A5E0B7
:1054B000A100491C4FF4B05202EBC10000F0A6F865
:1054C00028709BE0A100491C4FF4A85202EBC100D8
:1054D00000F09CF8287091E0A100491C4FF4905214
:1054E00002EBC10101F5807000F090F80746A100C1
:1054F000491C4FF4905202EBC10000F087F807EB13
:105500000020287000BFA100491C4FF4406202EB4C
:10551000C1000422294600F0C0F86FE0A100491C38
:105520004FF4805202EBC10101F5807000F06EF87B
:105530000746A100491C4FF4805202EBC10000F065
:1055400065F807EB0020288058E000BFA100491C47
:10555000002202EBC10000F059F800F00F00012812
:1055600003D06FF004008AE745E000BFA100491CAA
:105570004FF43C5202EBC10000F048F828803DE0B7
:10558000204600F0E5F8288000BF204600F016F91C
:10559000288000BFA100491C4FF4407202EBC100FB
:1055A00000F034F8287029E0A100491C002202EB29
:1055B000C10000F02BF8012804D1204600F0FEF8CD
:1055C000288003E00F4830F81400288016E000BF60
:1055D000A100491C002202EBC10000F017F800F006
:1055E0000F00012802D06FF0040048E700BF064812
:1055F000005D287002E06FF0010040E700BF01206D
:105600003DE70000A0160020C002002070B504464F
:10561000E14988688047E0490869804700BFDE4863
:10562000C169C4F307408847DB48C169C4F3072058
:105630008847E0B2D84AD1698847D7498869804706
:105640000546D54948698047D349C86880472846F8
:1056500070BD70B504460D46CF4988688047CE4975
:105660000869804744F00404CB48C169C4F307408B
:105670008847C948C169C4F307208847E0B2C64AD1
:10568000D1698847C448C16928468847C2494869E2
:105690008047C149C868804770BD2DE9F041044684
:1056A0000E4617460025BC4988688047BA490869F4
:1056B000804700BFB848C169C4F307408847B6486F
:1056C000C169C4F307208847E0B2B34AD16988476B
:1056D00000BF05E0B049886980477055681C85B2F5
:1056E000BD42F7DBAC4948698047AB49C868804791
:1056F000BDE8F0812DE9F04104460E46174600252D
:10570000A54988688047A4490869804744F0040493
:10571000A148C169C4F3074088479F48C169C4F3E1
:1057200007208847E0B29C4AD169884700BF05E05E
:10573000705D994AD1698847681C85B2BD42F7DB24
:105740009549486980479449C8688047BDE8F08119
:1057500070B504460025002600BFA100491C4FF487
:10576000005202EBC100FFF751FF0646A100491CA1
:105770004FF4005202EBC10101F58070FFF746FFC4
:1057800000EB062086B2AEB1A100491C4FF40052D6
:1057900002EBC100FFF73AFF0546A100491C4FF498
:1057A000005202EBC10101F58070FFF72FFF00EB03
:1057B000052085B2B542D0D1284670BD70B50446EB
:1057C0000025002600BFA100491C4FF4185202EB2F
:1057D000C100FFF71BFF0646A100491C4FF41852F9
:1057E00002EBC10101F58070FFF710FF00EB06200E
:1057F00086B2AEB1A100491C4FF4185202EBC100B1
:10580000FFF704FF0546A100491C4FF4185202EBB4
:10581000C10101F58070FFF7F9FE00EB052085B2AC
:10582000B542D0D1284670BD2DE9F04704460F4659
:1058300016460025A8460EB9BDE8F087A100491C10
:105840004FF4105202EBC10101F58070FFF7DEFE4C
:105850008146A100491C4FF4105202EBC100FFF732
:10586000D5FE09EB002085B22902A000801C01EBC7
:10587000C008324639464046FFF73CFFA81985B2BA
:105880002912A200521C4FF4105303EBC200FFF781
:10589000E0FEA100491C4FF4105202EBC10101F5DA
:1058A0008070E9B2FFF7D5FE00BFC5E72DE9F047EC
:1058B00004460F4616460025A8460EB9BDE8F087F7
:1058C000A100491C4FF4205202EBC10101F5807088
:1058D000FFF79CFE8146A100491C4FF4205202EBC9
:1058E000C100FFF793FE09EB002085B22902A0005A
:1058F000C01C01EBC008324639464046FFF7CDFEDA
:10590000A81985B22912A200521C4FF4205303EBB0
:10591000C200FFF79EFEA100491C4FF4205202EB8B
:10592000C10101F58070E9B2FFF793FE00BFC5E742
:105930002DE9F04104460E460025A100491C4FF414
:10594000205202EBC10101F58070FFF75FFE0746B0
:10595000A100491C4FF4205202EBC100FFF756FE94
:1059600007EB002085B2A81985B22912A200521CAB
:105970004FF4205303EBC200FFF76BFEA100491C5C
:105980004FF4205202EBC10101F58070E9B2FFF73C
:1059900060FEBDE8F0810000C8020020704770473B
:1059A00070477047014608787047017070470020C3
:1059B0007047704700B141B9AFF21F02F94B9A60CE
:1059C000AFF22503F74AD36002E0F64A9060D16057
:1059D000704700B141B9AFF23702F24B1A61AFF232
:1059E0003D03F04A536102E0EE4A10615161704795
:1059F00000BFEC4A128812F4807FFAD000B141B99E
:105A0000AFF25F02E74B9A61AFF26103E54AD361FF
:105A100002E0E44A9061D161704700BFE14A128818
:105A200012F4007FFAD000B141B9AFF27D02DD4B34
:105A30009A61AFF28103DB4AD36102E0D94A9061F7
:105A4000D161704710B54FF43850FFF7DFFD10F00B
:105A5000010F01D0012400E00024204610BD10B544
:105A600000244FF43850FFF7D1FD10F0300F01D073
:105A7000012400E00024204610BD10B54FF438503A
:105A8000FFF7C4FD044624F0800421464FF438504B
:105A9000FFF7DFFD4FF43850FFF7B8FD044644F040
:105AA000800421464FF43850FFF7D3FD10BD70B588
:105AB000054600244FF43850FFF7A8FD044614F0C3
:105AC000400F02D14FF0FF3070BD24F03804012D9B
:105AD00002D144F0300401E044F0380421464FF490
:105AE0003850FFF7B6FDFFF7C8FF4FF43850FFF707
:105AF0008DFD0446012D04D114F0300F06D0002096
:105B0000E2E714F0380F01D00020DDE74FF0FF305E
:105B1000DAE770B5044600254FF43850FFF776FDFC
:105B20000546C5F38010207005F03800202802D00B
:105B3000382803D100BF0120607002E000206070AF
:105B400000BF00BF05F03800102805D0182802D08B
:105B5000202804D100BF00BF0120A07002E0002077
:105B6000A07000BF00BF05F03800082805D0182835
:105B700002D0202804D100BF00BF0120E07002E065
:105B80000020E07000BF00BF70BD70B50546002466
:105B90002878012802D144F0400401E024F04004B8
:105BA0006878012802D144F0380412E0E87801282E
:105BB00008D1A878012802D144F0180409E044F083
:105BC000080406E0A878012802D144F0100400E09F
:105BD00000BF21464FF43850FFF73BFDFFF74DFF64
:105BE00070BD70B50026002400254FF4B050FFF7BB
:105BF0000DFD06464FF4C050FFF708FD044625464C
:105C000006EB052085B2284670BD70B50446E5B2A6
:105C1000261229464FF4B050FFF71BFD31464FF4D2
:105C2000C050FFF716FD70BD70B50026002400259A
:105C30004FF4A850FFF7EAFC00F0F0064FF4B8501C
:105C4000FFF7E4FC0446254606EB052085B228460E
:105C500070BD70B50446E5B2261205F0F0014FF4B0
:105C6000A850FFF7F6FC31464FF4B850FFF7F1FCAF
:105C700070BD00B585B0062269464FF41060FFF78D
:105C80000CFD042204A99001FFF707FD042203A9DB
:105C90004FF4A060FFF701FD042202A94FF47060E9
:105CA000FFF7FBFC80210020FFF7D3FC0020FFF76B
:105CB000ADFC062269464FF41060FFF71BFD04227D
:105CC00004A99001FFF716FD042203A94FF4A06078
:105CD000FFF710FD042202A94FF47060FFF70AFDE0
:105CE00005B000BD2DE9F04105460E460027FFF73F
:105CF000C0FFF5B100BF002404E0285D384447B27E
:105D0000601C44B2082CF8DB102F03DD4FF0FF308D
:105D1000BDE8F08100240AE0295DA200521C4FF486
:105D2000F85303EBC200FFF794FC601C44B2082C4C
:105D3000F2DBEEB10027002404E0305D384447B2C6
:105D4000601C44B2082CF8DB102F02DD4FF0FF304E
:105D5000DEE700240AE0315DA200521C4FF4F0534C
:105D600003EBC200FFF775FC601C44B2082CF2DBA9
:105D70000020CDE72DE9FC4106460C460025002019
:105D800000900190102E7BD2DFE806F0080E1D195E
:105D9000212529364355585C60616570FFF769FF1E
:105DA00071E00000C80200201CB100940098083087
:105DB0000190DDE90001FFF795FFBDE8FC81208837
:105DC000FFF747FF5FE0FFF72FFF20805BE02088B1
:105DD000FFF71BFF57E0FFF704FF208053E0208808
:105DE00001124FF49850FFF734FC2088C1B24FF4F1
:105DF000A050FFF72EFC46E04FF4A050FFF706FC42
:105E000007464FF49850FFF701FC07EB0020208075
:105E100039E08248807820708048C07860707F4880
:105E20000079A0707D484079E0707C4880792071CD
:105E30000020607127E0FFF720FE24E02046FFF7F6
:105E4000A4FE20E02046FFF764FE1CE01BE0207863
:105E5000FFF72DFEB1E7FFF702FEC5B268B2401CA6
:105E600002D1401EA9E70BE025700CE0FFF7EAFD28
:105E7000C5B268B2401C01D1401E9EE7257002E009
:105E80004FF0FF3099E700BF002096E770B5044659
:105E90004FF4D850FFF7BAFB20704FF4D050FFF703
:105EA000B5FB05464FF4C850FFF7B0FB05EB0020EB
:105EB000608070BD10B5044621784FF4D850FFF7CC
:105EC000C8FB608801124FF4C850FFF7C2FB60881E
:105ED000C1B24FF4D050FFF7BCFB10BD10B500208D
:105EE000FFF794FB10BD70B50446002534F03A006E
:105EF00001D0681E70BD0020FFF788FB05462543D2
:105F000029460020FFF7A5FB0020F3E710B5044663
:105F1000062221464FF41060FFF7BFFB042204F174
:105F20000E019001FFF7B9FB042204F10A014FF4BE
:105F3000A060FFF7B2FB0422A11D4FF47060FFF7D1
:105F4000ACFB37480078A07435484178E17481781B
:105F50002175C178617533480078A07510BD10B502
:105F60000446062221464FF41060FFF7C3FB0422CB
:105F700004F10E019001FFF7BDFB042204F10A01B8
:105F80004FF4A060FFF7B6FB0422A11D4FF4706030
:105F9000FFF7B0FBA07C22490870E07C4870207DB0
:105FA0008870607DC870A07D1E49087010BD70B5F6
:105FB00005460C46062D1CD2DFE805F003070B0F43
:105FC00013172046FFF7CBFF16E02046FFF79EFF92
:105FD00012E02078FFF787FF70BDFFF77FFF20708A
:105FE0000AE02046FFF766FF06E02046FFF74EFF77
:105FF00002E04FF0FF30EFE700BF0020ECE770B5A4
:1060000004464FF43850FFF701FB0546C5F3800006
:10601000E070C5F34000A07070BD0000C802002011
:10602000E8020020EC0200200EB58D4909680091BD
:106030004FF40021D1F80C1201918A4909680291AC
:106040000099C1F30722114401700099C1F307417F
:10605000009A01EB126141700199C1F307221144CA
:1060600081700199C1F30741019A01EB1261C1707E
:106070000299C1F30722114401710299C1F307414A
:10608000029A01EB12614171017801EBD1724FEA82
:106090006202B1EB420202D00178491C01700EBDD0
:1060A00001B5012269461046FCF75BF808BD08B54A
:1060B00000200090012269461046FBF7F6FF9DF88C
:1060C000000008BD00206849486270470120664909
:1060D00048627047002080F3108800BF704701209D
:1060E00080F3108800BF704710B503210120FBF733
:1060F00079FFFFF7E7FF5D48006B20F0C0005B49C8
:1061000008630846006C40F40020086458480068A2
:1061100040F40020564908605448006B20F03000DD
:10612000524908630846006C40F4802008645048D7
:10613000006840F480204E49086010BD10B5FFF79C
:10614000D3FF4C494C48FFF735FC4C494C48FFF70E
:1061500040FC4C494C48FFF760FC4C48FFF764FF9B
:1061600010BD1FB54A4B0FCB8DE80F0069460120CB
:10617000FFF700FE401C01D104B010BD0120FBE779
:10618000704710B54148801D01F01BF83F480E30A4
:1061900001F024F83D480A3001F02DF83B48123058
:1061A00001F036F802203949887510BD10B539491B
:1061B000002000F0B6FFAFF23702AFF23901084617
:1061C00000F09DF810BD08B569460F20FFF7D2FD1D
:1061D000401C00D108BD9DF80000FBE710B5044647
:1061E0002A48FFF721FF29490020FFF7E0FE21465A
:1061F0000120FFF7DCFE0422214624481DF050FF59
:1062000008B1002010BD0120FCE710B51848C06897
:1062100040F400201649C8600220FBF75FF81448DC
:10622000806840F40020124988604FF4E160FBF779
:1062300055F810BD70B504460D46AAB2214601209E
:10624000FEF75AFC70BD70B504460D460026AAB292
:1062500021460120FEF709FD86B2304670BD0000E0
:10626000080208001002080000000740000006486D
:1062700000000A48D5600000DF600000C560000033
:10628000CD600000A1600000AF600000B01A0020E7
:1062900024660200B016002010B50422F9494FF41C
:1062A0007060FFF727FA0422F7494FF4A060FFF768
:1062B00021FA0422F5499001FFF71CFA10BD10B530
:1062C00080210020FFF7C5F90020FFF79FF9FFF7B5
:1062D000E3FF0622EE494FF41060FFF70BFA10BD02
:1062E00010B580210020FFF7B4F90020FFF78EF9E8
:1062F0000622E7494FF41060FFF7FCF910BD10B516
:10630000AFF26B03E34C2360AFF24D03E24C23602A
:10631000AFF23303E14C236008B1DE4B186009B1E2
:10632000DD4B19600AB1DD4B1A6010BD7CB5062249
:1063300069464FF41060FFF7B0F90120D8490968A9
:106340000870D749096848700620D54909688870DF
:106350000020D3490968C870D1480068051DD1489C
:106360000068000E2870CF480068000C6870CD48A7
:106370000068000AA870CB480068E8700020C8498F
:1063800009680881C648006800F10A058020287065
:1063900000206870C249096808730021C04800687D
:1063A0004173BF4800688173BD480068C173002015
:1063B000BB49096808740021B94800684174B848AD
:1063C00000688174B6480068C1740020B449096847
:1063D00008750021B24800684175B14800688175B0
:1063E000AF480068C1750020AD49096808760021F2
:1063F000AB4800684176AA4800688176A8480068E2
:10640000C176A3480078A64909680877A048417872
:10641000A348006841779E488178A1480068817749
:106420009B48C1789E480068C177994801799C488B
:10643000006880F82010964841799948006880F8F3
:106440002110062406E00021954800681C30015503
:10645000601CC4B2102CF6DB002406E0002190483A
:1064600000682C300155601CC4B2402CF6DB0024BF
:1064700006E000218A4800686C300155601CC4B2F7
:10648000802CF6DB63208649096881F8EC008221C4
:106490008348006880F8ED1053218148006880F837
:1064A000EE1063217E48006880F8EF107CBD7CB55B
:1064B0000024FFF73BFF042435222146641C784862
:1064C0000068EC30425401222146641C7448006884
:1064D000EC3042542146641C71480068EC30425450
:1064E0003D222146641C6E480068EC30425407226D
:1064F0002146641C6A480068EC304254012221465F
:10650000641C67480068EC304254614802782146B8
:10651000641C63480068EC3042545D484278214670
:10652000641C5F480068EC30425459488278214628
:10653000641C5B480068EC3042545548C2782146E0
:10654000641C57480068EC30425451480279214697
:10655000641C53480068EC3042544D48427921464F
:10656000641C4F480068EC3042540C222146641CE5
:106570004B480068EC30425400222046611C8CB22B
:1065800047490968EC310A5400250AE04648425D53
:106590002046611C8CB242490968EC310A54681CDF
:1065A00085B24148405D0028F0D13948C278204684
:1065B000611C8CB23A490968EC310A5434480279BA
:1065C0002046611C8CB236490968EC310A543048C7
:1065D00042792046611C8CB231490968EC310A5479
:1065E000E81CC1B2281D221A2D480068EC308154E5
:1065F00037222046611C8CB229490968EC310A54C3
:1066000006222046611C8CB225490968EC310A54E7
:1066100001222046611C8CB221490968EC310A54E0
:1066200003222046611C8CB21D490968EC310A54D2
:1066300006222046611C8CB219490968EC310A54C3
:106640000F222046611C8CB215490968EC310A54AE
:106650003A222046611C8CB211490968EC310A5477
:106660003B222046611C8CB20D490968EC310A546A
:10667000FF222046611C8CB209490968EC310A549A
:1066800025461AE0F4020020FC020020F802002057
:10669000380300201C0300202003002024030020D6
:1066A0003403002030030020140300200021FE48A2
:1066B0000068EC304155681C85B2B5F59C7FF5DB70
:1066C000FF208DF804008DF805008DF806008DF888
:1066D0000700432001AB4FF409720090F2480168B3
:1066E000F2480078FEF74CFB7CBD7CB50024FFF738
:1066F0001DFEEF480078032803D0ED4800780428F9
:106700002CD10020E849096888720021E648006819
:10671000C172E8480078E44909680873E54841789F
:10672000E14800684173E3488178DF48006881737D
:10673000E048C178DC480068C173DF4800788DF814
:106740000400DD4840788DF80500DB4880788DF83E
:106750000600D948C0788DF8070008E0FF208DF8C2
:1067600004008DF805008DF806008DF8070004245C
:1067700035222146641CCC480068EC30425401228A
:106780002146641CC8480068EC304254032221466C
:10679000641CC5480068EC3042543D222146641C0C
:1067A000C1480068EC30425407222146641CBE48B0
:1067B0000068EC30425401222146641CBA4800684B
:1067C000EC304254BD4802782146641CB64800684B
:1067D000EC304254B94842782146641CB248006803
:1067E000EC304254B54882782146641CAE480068BB
:1067F000EC304254B148C2782146641CAA48006873
:10680000EC304254AD4802792146641CA648006829
:10681000EC304254A94842792146641CA2480068E1
:10682000EC3042549DF80700FF2867D13222204601
:10683000611C8CB29C490968EC310A540422204640
:10684000611C8CB298490968EC310A549948027865
:106850002046611C8CB294490968EC310A54954871
:1068600042782046611C8CB28F490968EC310A5489
:10687000904882782046611C8CB28B490968EC31C3
:106880000A548C48C2782046611C8CB2864909683B
:10689000EC310A5436222046611C8CB282490968C8
:1068A000EC310A5404222046611C8CB27E490968EE
:1068B000EC310A54804802782046611C8CB27A4937
:1068C0000968EC310A547C4842782046611C8CB23D
:1068D00075490968EC310A54774882782046611C72
:1068E0008CB271490968EC310A547348C278204669
:1068F000611C8CB26C490968EC310A540C222046A8
:10690000611C8CB268490968EC310A5400222046A7
:10691000611C8CB264490968EC310A54002509E015
:106920006748425D2046611C8CB25F490968EC31C2
:106930000A546D1C6248405D0028F1D15F48C2785E
:106940002046611C8CB258490968EC310A545B48F6
:1069500002792046611C8CB253490968EC310A5413
:10696000564842792046611C8CB24F490968EC3187
:106970000A54E81CC1B2281D221A4B480068EC30AA
:10698000815437222046611C8CB247490968EC319A
:106990000A5408222046611C8CB243490968EC3134
:1069A0000A5401222046611C8CB23F490968EC312F
:1069B0000A5403222046611C8CB23B490968EC3121
:1069C0000A5406222046611C8CB237490968EC3112
:1069D0000A540F222046611C8CB233490968EC31FD
:1069E0000A543A222046611C8CB22F490968EC31C6
:1069F0000A543B222046611C8CB22B490968EC31B9
:106A00000A541F222046611C8CB227490968EC31C8
:106A10000A5421222046611C8CB223490968EC31BA
:106A20000A54FF222046611C8CB21F490968EC31D0
:106A30000A54254605E000211B480068EC3041550A
:106A40006D1CB5F59C7FF6DB432001AB4FF409725A
:106A500000901548016815480078FEF791F97CBD53
:106A60007CB50024FFF762FC042400200E4909686D
:106A7000887200210C480068C17235222146641CCE
:106A800009480068EC30425401222146641C064843
:106A90000068EC30425404222146641C024800681D
:106AA000EC3042543D220DE0340300202803002046
:106AB00004030020F40200202903002038030020F2
:106AC000140300202146641CF7480068EC3042544F
:106AD00007222146641CF4480068EC30425401222D
:106AE0002146641CF0480068EC304254EF480278BC
:106AF0002146641CEC480068EC304254EB48427874
:106B00002146641CE8480068EC304254E74882782B
:106B10002146641CE4480068EC304254E348C278E3
:106B20002146641CE0480068EC304254DF4802799A
:106B30002146641CDC480068EC304254DB48427952
:106B40002146641CD8480068EC3042543222214669
:106B5000641CD5480068EC30425404222046611C75
:106B60008CB2D1490968EC310A54D14802782046E8
:106B7000611C8CB2CC490968EC310A54CC4842788B
:106B80002046611C8CB2C8490968EC310A54C848D7
:106B900082782046611C8CB2C3490968EC310A54E2
:106BA000C348C2782046611C8CB2BF490968EC31E9
:106BB0000A5436222046611C8CB2BB490968EC316C
:106BC0000A5404222046611C8CB2B7490968EC3192
:106BD0000A54B84802782046611C8CB2B249096850
:106BE000EC310A54B34842782046611C8CB2AE495D
:106BF0000968EC310A54AF4882782046611C8CB297
:106C0000A9490968EC310A54AA48C2782046611C97
:106C10008CB2A5490968EC310A54FF222046611C58
:106C20008CB2A1490968EC310A54254605E00021DF
:106C30009D480068EC3041556D1CB5F59C7FF6DB36
:106C4000FF208DF804008DF805008DF806008DF802
:106C50000700432001AB4FF409720090924801688D
:106C600095480078FEF78CF87CBD2DE9FF419248ED
:106C70000078FEF7A3FD071E0BDD01A802AB3A4624
:106C80000090894801688C480078FEF763F987B264
:106C900003E0002004B0BDE8F081BDF80400432803
:106CA00074D181480068007F80490978884224D1E6
:106CB0007D480068407F7D49497888421DD17A48E7
:106CC0000068807F79498978884216D176480068C3
:106CD000C07F7649C97888420FD17348006890F820
:106CE000200072490979884207D16F48006890F8FE
:106CF00021006E494979884201D00020CAE74FF04F
:106D0000000869480468F034A7F1F000051989E02B
:106D1000207833284ED007DC70B1012813D0032827
:106D200021D0062878D132E0352807D0362861D026
:106D3000FF2871D12C4674E0641C72E0641C641C52
:106D400014F8018B6DE0641C641C14F8010B5B49A2
:106D5000087014F8010B487014F8010B887014F8CF
:106D6000010BC8705DE0641C14F8016B14F8010B92
:106D70005349087014F8010B487014F8010B88701F
:106D800014F8010BC870301F04444AE04DE0641C45
:106D900014F8016B14F8010B4A49087014F8010B40
:106DA000487014F8010B887014F8010BC870301F7C
:106DB000044436E0641C14F8016B14F8010B4249DA
:106DC000086014F8011B4048006801EB00203E49B0
:106DD000086014F8011B3C48006801EB00203A49A8
:106DE000086014F8011B3848006801EB00203649A0
:106DF000086016E0641C14F8016B14F8010B2D49AF
:106E0000087014F8010B487014F8010B887014F81E
:106E1000010BC87005E0FFE7641C14F8016B3444F3
:106E200000BF00BFAC42FFF473AF4FFA88F031E708
:106E30000020264908600A202549086000202549CD
:106E40000870704710B50124224890F9000002280C
:106E500044DA1F4800681D490968884258D21E4814
:106E600090F90000012804D0022805D0042809D197
:106E700005E0FFF71CFB06E0FFF737FC03E0FFF738
:106E800034FC00E000BF00BF002010490860084645
:106E900000680A300E4908600E480078401C40B275
:106EA0000C49087034E0000034030020380300204F
:106EB000F40200202903002028030020FC02002007
:106EC000F802002000030020080300200C0300202B
:106ED000100300200503002004030020D44890F98B
:106EE0000000012804D0022807D004280CD105E0B6
:106EF0000020CF490870002407E000BFFFF7D7FA51
:106F00000120CB49087000E000BF00BFFFF790FFF1
:106F1000204610BD38B54FF4D850FEF777FB054634
:106F200003214FF4D850FEF794FB41F28830C14B57
:106F30001122C1A10090C5480078FDF721FF044649
:106F400029464FF4D850FEF784FB14F10D0001D10F
:106F5000012038BDFFF784FDBD48046840F24C4075
:106F6000FAF7BCF90020F4E770B5B14800780628BC
:106F700001D1052070BDB54909788900491C4FF43D
:106F8000407202EBC100FEF741FB222806D000232D
:106F900044220221AD480078FDF7A6FB0125FFF74A
:106FA00064FEC4B2A24890F90000052877D2DFE859
:106FB00000F0030F2C4F770000209E4908704870A6
:106FC0008870C870FFF773FA0120994908709CE037
:106FD000022C16D19F480068007C964908709D4895
:106FE0000068407C48709B480068807C88709948A5
:106FF0000068C07CC870FFF778FB02208C490870DD
:1070000002E0FFF71FFF05467FE0052C14D1FFF7D4
:1070100081FF40B1904800688047FFF709FF0320D7
:107020008349087013E0FFF703FF8C48006880472E
:1070300000207F4908700AE0062C05D1FFF7F8FE12
:1070400001207B49087002E0FFF7FCFE05465CE08A
:10705000042583480068401C20D07D480068804992
:107060000968B0EB510F19D90024724800787D49A6
:1070700008707048407848706E48807888706D4815
:10708000C078C87078480068401C77490860FFF7EE
:107090002CFBFFF7CDFE04206549087035E033E096
:1070A0000425052C24D10020704908706D48007813
:1070B00060490978884211D16A4840785D49497829
:1070C00088420BD1674880785A498978884205D12F
:1070D0006448C0785749C978884203D0032564487A
:1070E00000688047FFF7A4FE0320514908700AE0BA
:1070F000062C05D1FFF79CFE01204D49087002E0E7
:10710000FFF7A0FE054600E000BF00BF284631E7BC
:1071100010B54E480078FDF7A7FA062044490870DC
:1071200010BD38B504460D46002000900622514996
:107130004FF41060FEF7B1FA4E4800784D49497897
:1071400008434C49897808434A49C9780843494962
:10715000097908434749497908430ED145490870E0
:1071600008204870DC2088700020C87008714871C1
:1071700006224FF41060FEF7BDFA3448047035481B
:1071800005603D4838490860042269464FF4706044
:10719000FEF7B0FA042269464FF47060FEF7AAFACF
:1071A000042269469001FEF7A5FAFFF741FE002090
:1071B0001F49087038BD26480068401C24490860F3
:1071C00070471C49097801701A494978417019497A
:1071D000897881701749C978C17070472749097843
:1071E0000170264949784170244989788170234982
:1071F000C978C170704722490978017020494978DF
:1072000041701F49897881701D49C978C1707047E4
:107210001C49097801701B494978417019498978DE
:1072200081701849C978C17070470D48006870476F
:1072300004030020F4020020434845434B5F4950BB
:107240005F434F4E464C4943540000002803002042
:107250000C030020340300201C0300202403002022
:1072600008030020F0020020300300200503002066
:10727000200300203803002078563412F802002042
:10728000FC02002000030020014611F8013B180217
:107290000A78024490B270470A1200F8012B00F8F5
:1072A000011B70472DE9F04307468C461C4600251C
:1072B0000026A846614600BF11F8013B06B96D1CC7
:1072C00003F0C000C0280AD106B96D1C0126087859
:1072D00003F03F0900EB0920C11911F8013B03B984
:1072E0001BE0581C201A04B2002C03DA4FF0FF30C8
:1072F000BDE8F08306B91D4403E011F8010B02F864
:10730000010B1800A3F101091FFA89F3F5D12E2012
:1073100002F8010B08F10108CEE700BFB8F1000F39
:1073200004D12E2002F8010B601E04B2002002F8E6
:10733000010B601E04B22846DAE770B593B006462A
:107340000C464B236A4621463046FFF7ABFF054605
:10735000681C01D113B070BD2C44A41CA41C204691
:10736000F8E72DE9F04193B080460C4616464B23D2
:107370006A4621464046FFF795FF0546681C02D144
:1073800013B0BDE8F0812C442046FFF77DFF07468F
:10739000A41CA41C241DA41C112F59D2DFE807F043
:1073A00058091A5858163B17181958581B27582EA1
:1073B000570014F8010B307014F8010B707014F8BA
:1073C000010BB07014F8010BF07042E000BF00BF79
:1073D00000BF00BF00BF4B236A4621464046FFF76F
:1073E00061FF0546681C00D1CAE72C4431E014F85F
:1073F000015B2C4414F8015B2C442AE0A41C4B23B1
:107400006A4621464046FFF74DFF0546681C00D1FD
:10741000B6E72C441DE04B236A4621464046FFF761
:1074200041FF0546681C00D1AAE72C444B236A465D
:1074300021464046FFF736FF0546681C00D19FE70E
:107440002C44241D241D241D241D241D01E000E0C6
:1074500000BF00BF204693E72DE9F0470446894668
:1074600092464F46122120461CF0BFFD3846FFF7DA
:107470000BFF2080B81CFFF707FF064616F4004FED
:1074800001D00120A070C6F3C320E07016F4806F15
:1074900001D00120207116F4007F01D0012060711D
:1074A00016F4807F01D00120A07116F0800F01D06A
:1074B0000120E07106F00F002072381DFFF7E4FE96
:1074C0006081B81DFFF7E0FEA08107F10800FFF71B
:1074D000DBFEE08107F10A00FFF7D6FE208207F10C
:1074E0000C0800250DE041463846FFF726FF804690
:1074F000B8F1000F03D14FF0FF30BDE8F087681CF2
:1075000085B26089A842EEDC00250DE05246414676
:107510003846FFF726FF8046B8F1000F02D14FF042
:10752000FF30EAE7681C85B2A089A842EEDC00259E
:1075300001E0681C85B2E089A842FADC002501E080
:10754000681C85B2208AA842FADC207A08B901209A
:10755000D3E70020D1E72DE9F04F95B081468B4667
:1075600090461C46454674480088401C7249088075
:10757000084601882846FFF78FFE05464FF48070C5
:1075800040EAC92080B2019028460199FFF784FEA5
:10759000054601212846FFF77FFE054600212846C3
:1075A000FFF77AFE054600212846FFF775FE0546DF
:1075B00000212846FFF770FE0546594602A81CF038
:1075C0007CFD02AF38461CF055FD1FFA80FA00BF63
:1075D0002E2138461CF045FD064616B1F01B84B23C
:1075E00000E0544605F8014B04B911E02246394643
:1075F00028461CF02AFD25441EB9002005F8010B81
:1076000006E0601C0744AAEB00001FFA80FADFE7DF
:1076100000BF01212846FFF73FFE0546012128460D
:10762000FFF73AFE0546A5EB080000B215B0BDE82D
:10763000F08F42480068032812D300203F490860B9
:107640003F480078022804DB00203D490870401EB6
:1076500070473B480078401C394908700020F7E724
:107660000120F5E7374A1070374A116041F22212C3
:10767000314B1A8070472DE9F04389B005460F461B
:10768000904600231A4602212E480078FDF72CF878
:107690004FF480732C48394602680020FFF75BFFE7
:1076A00086B235202B46324600902748016825488F
:1076B0000078FDF765FB31E022480078FEF77EF8A0
:1076C000061E17DDB6F5807F01DD4FF4807602A837
:1076D00003AB324600901C4801681A480078FDF759
:1076E00039FC86B242461848016804A8FFF7B4FE88
:1076F000814614E0FFF79DFF0446002C03DA0020CA
:1077000009B0BDE8F0834CB935202B4632460090D5
:107710000D4801680B480078FDF732FBCCE700BF4D
:1077200008480078FCF7A0FF4846E9E703480068EE
:10773000401C0249086070474A0300204C030020A7
:10774000400300204803002044030020704770B528
:1077500004240526002514E0FEF728FD0AE0FFF7C3
:1077600003FC042802D10024002601254FF4FA70FE
:10777000F9F7B4FD3000A6F10101CEB2EFD1FFF769
:10778000C7FC2000A4F10101CCB2E5D1284670BDB0
:1077900038B50446002000900422694680481CF059
:1077A0007FFC30B97E481238D0F8120020600120EA
:1077B00038BD0020FCE770B5C0B004460D46012678
:1077C00069460220FFF74EFF04F140022146284699
:1077D000FFF751FF012800D000260220FCF744FFEC
:1077E000304640B070BD2DE9F04104460D4690464C
:1077F00003272EE04FF44A70FDF708FFB8B11328B5
:1078000004D017280DD01C281CD10CE02A46214694
:107810000120FDF76EF8C6B216B90520BDE8F0816B
:1078200010E00020FAE70120FCF71EFF0AE0202309
:10783000424601210846FCF757FFC6B20EB90620A2
:10784000ECE700BF00BF781E87B24FF4FA60F9F78B
:1078500045FD002FCED10620E0E72DE9F04104469A
:107860000D46002641F2BA37FEF7CFFCFEF779FC51
:10787000FEF7A9FC10B90120BDE8F0814848123894
:10788000807980B946481238C07960B944481238C6
:10789000007A40B942481238407A20B9FFF757FFC2
:1078A00008B90220E8E73E481238FEF797FC08B90D
:1078B0000320E1E704B11DB93A48FAF7DCF915E015
:1078C00020461CF0D7FB8046414636481CF08DFB15
:1078D00020461CF0CFFB80464246214631481CF032
:1078E0005DFB304800210164A0F844502C492D482C
:1078F000FFF761FF08B90420BEE72A48FFF726FF1B
:10790000294800681CF042FB1CF036FB4FF47A71EA
:1079100090FBF1F201FB120041F28831084487B27A
:107920002048B0F844103A464030FFF75CFF064666
:107930000EB10520A0E700209EE770B5002441F2BB
:10794000BA351CF019FB4FF47A7190FBF1F201FB90
:10795000120041F28831084485B20120FDF768F831
:107960001420F9F7BBFC0120FCF77EFEFEF72BFC90
:1079700008B9012070BD00F05EF80A48B0F8441064
:107980002A464030FFF72FFF04460CB10520F1E7EF
:1079900000F0A2F808B10520ECE70020EAE70000BB
:1079A000201B0020C81A00204C0000202DE9F041C7
:1079B00080460D4616461C461CF0DEFA00EB8000A1
:1079C0004FF47A7101EB800700202060042E01D271
:1079D000BDE8F0812F60042020600020F8E7014618
:1079E00009B1086870470020FCE770B506460C46F0
:1079F000154629462046FEF726FC70BD70B50646A2
:107A00000D46144600BF21462846FEF713FC2046CB
:107A100070BD70B504460D462A462146384805F02B
:107A200030F870BD70B504460D462A4621463448EC
:107A300004F03FFF70BD38B5314805F047F83048D5
:107A400006F097FD2F4806F03DFE2F4807F001FF96
:107A50002E4808F0FDF92A4806F072F9294806F088
:107A6000E9FD294807F0EAFE284808F0D7F9284838
:107A700000681CF0FFFA044600902548234A254977
:107A80000368214808F0C6F82349086000B100BF28
:107A900000231A4619461B4806F0D3FD1E4908600C
:107AA00000B100BF0021174806F010FA164A1B4922
:107AB000144806F013FA1349114806F048F916491C
:107AC000086000B100BF0020154B164A0146009027
:107AD0000B4806F009FA38BD10B50A2409E0084839
:107AE00006F022FD08B9002010BD4FF4FA70F9F736
:107AF000F5FB2000A4F101010CB2F0D10120F3E765
:107B0000E01E0020A41F0020A01D0020281B002034
:107B100050030020E9FF0000540300209BFD0000FB
:107B2000EB790000FD790000704770B5C2B00446E3
:107B3000802122A81CF059FA0025802102A81CF0FF
:107B400054FA02A8FAF7A5F82046FAF7C8F80AABE3
:107B500002AA9FA120461DF0EBF80AAB02AA9EA143
:107B600004F140001DF0E4F8802122A81CF03DFA49
:107B700022A912A818F0CEFEC5B204F140001CF0F4
:107B800079FA064622AB04F18002314604F1400046
:107B9000009518F04BFE98A104F180001CF031FA1A
:107BA0002046FFF7C1FF42B070BD10B505249548CF
:107BB000FFF7BBFF9448FAF7A3F800BF06E00CB943
:107BC000012010BD4FF47A70F9F788FB8D498E487B
:107BD00000F0E3F920B12000A4F10101CCB2EED114
:107BE000052406E00CB90420EBE74FF47A70F9F7AE
:107BF00075FB854800F01EFA20B12000A4F10101B8
:107C0000CCB2EFD10020DCE710B500F0AEFA0028CE
:107C100001DC022010BD0020FCE72DE9F041044604
:107C20000D460127052621467748FAF7AEF8774832
:107C30001CF020FA8046414674481CF0D6F92846CC
:107C40001CF018FA80464246294670481CF0FDF99F
:107C50006D4880F8407107E016B90320BDE8F08157
:107C60004FF4FA60F9F73AFB674800F02AFA20B1BE
:107C70003000A6F10101CEB2EED10020EEE72DE9F1
:107C8000F04704460D460027B8460A26B04674E081
:107C900007E04FF4FA70F9F721FB5B4800F066F952
:107CA00007460A2F03DA701EC0B20600F1D1002E7B
:107CB00060D0214656481CF0B2F960B921465448BC
:107CC000001D1CF0ACF930B921465148401D1CF094
:107CD000A6F900284CD04C49403120461CF0D2F97E
:107CE000A0B94CA14A48401D1CF099F900283FD08A
:107CF0004748401D1CF0BEF981464A464449491D8B
:107D000028461CF04BF90520BDE8F0873F4986392D
:107D100020461CF0B7F990B940A13D48401D1CF029
:107D20007EF928B33A48401D1CF0A4F981464A4622
:107D30003749491D28461CF031F90520E4E733494D
:107D4000463920461CF09EF990B936A13048401DB6
:107D50001CF065F960B12E48401D1CF08BF981467E
:107D60004A462B49491D28461CF018F90520CBE747
:107D7000002702E00A2600F011FA5FEA0800A8F1E5
:107D8000010101F0FF0883D10620BDE72DE9F04194
:107D900007460C4615461E4629463846FFF73DFF66
:107DA000032801D1BDE8F0811749403101EB84106F
:107DB0003146FFF764FF052800D1F3E70620F1E71D
:107DC00070B504460D4629462046FFF726FF70BDD4
:107DD0002573257300000000257325733B31323075
:107DE00031303132363B31316664353B32373739E9
:107DF00035343536303000003B686D61637368613F
:107E000031000000F81F0020C82000200E220020B2
:107E10000E2A002068747470000000006E74707484
:107E2000696D6500534A595F434F554E5400000039
:107E300070B596B004460D465822F44968461CF0C9
:107E4000ADF80395B4F84201ADF8180094F841017B
:107E50008DF81A0005F14000109040301390B4F8EE
:107E600044116A4604F6461000F0D3FC064630463C
:107E700016B070BD2DE9F041A0B004460D460126B4
:107E8000642107A81CF0B1F800200490059006902A
:107E900004F1400101EB85101CF0ECF8804604F180
:107EA000400000EB8511424607A81CF077F807A8B0
:107EB000049004F5A07004A90122CDE900210290EC
:107EC000B4F844113346002204F6461000F0DFFDFA
:107ED0000746384620B0BDE8F08170B5A4B004462E
:107EE00064210BA81CF081F80020089009900A90EA
:107EF00020461CF0BFF80646324621460BA81CF06F
:107F00004DF80BA8089004F5A3701CF0B3F80646D2
:107F100004F5A370CDE9050608A807C802AB07C39E
:107F200000200090019094F84031B4F844110246CA
:107F300004F6461000F07BFB0546284624B070BDD1
:107F400070B504460D460C222946204600F047FD38
:107F500070BD08B501464FF0FF30002200920A784C
:107F60008DF80020009AC2F3031008BD70B50446D6
:107F70000120FDF723FC0546002D0CDDB4F844116B
:107F800004F646101CF031F8B4F8441104F646101B
:107F9000FFF748FD85B2284670BD2DE9F041044643
:107FA0000F460025A84605260120FDF707FCC5B2AF
:107FB0002DB1B4F8441104F64610FFF733FDB4F8C0
:107FC000441104F646101CF010F839462046FFF71D
:107FD0002FFF8046414604F64610FFF71AFD322077
:107FE000F9F77CF90120FDF7E9FBC5B20AE0322080
:107FF000F9F774F916B90120BDE8F0810120FDF709
:10800000DDFBC5B225B93000A6F101018EB2EED17B
:10801000B4F8441104F64610FFF704FD804604F658
:108020004610FFF796FFC5B2022D01D00120E3E70D
:108030000020E1E72DE9F041044600250026A8468E
:10804000052700BF39E0B4F8441104F646101BF0D0
:10805000CCFF29462046FFF70DFF1FFA80F8414666
:1080600004F64610FFF7D5FC0120FDF7A7FBC6B2CA
:108070000AE03220F9F732F917B90220BDE8F081A1
:108080000120FDF79BFBC6B226B93800A7F101011C
:108090008FB2EED1B4F8441104F64610FFF7C2FCDB
:1080A0001FFA80F804F64610FFF753FFC6B2092EF8
:1080B00001D00220E2E7681CC5B2042DC3DB00201A
:1080C000DCE72DE9F04104460025002705264FF4A2
:1080D000FA70F9F703F90120FDF770FB05462DB1A1
:1080E000B4F8441104F64610FFF79CFCB4F84411B0
:1080F00004F646101BF079FF2046FFF7EEFE074618
:10810000394604F64610FFF784FC94F84001012834
:1081100029D14FF4FA70F9F7E1F80120FDF74EFB91
:1081200005460AE0C820F9F7D9F816B90320BDE8DA
:10813000F0810120FDF742FB054625B93000A6F18C
:1081400001018EB2EED1B4F8441104F64610FFF7E7
:1081500069FC074604F64610FFF7FBFE85B2042DC6
:1081600001D00320E3E70020E1E710B5B2B0C82159
:1081700068461BF03AFF00240E22C821684600F032
:108180002EFC84B221466846FFF743FC84B2C82126
:1081900068461BF02AFF204632B010BD70B5B2B061
:1081A000002400260525C82168461BF01EFFC821B3
:1081B0006846FFF7C5FE064631466846FFF729FCCC
:1081C0000120FDF7FBFA04460AE03220F9F786F8B1
:1081D00015B9042032B070BD0120FDF7EFFA044656
:1081E00024B92800A5F101018DB2EED1C82168465D
:1081F000FFF718FC06466846FFF7ABFE84B20D2C6D
:1082000001D00420E6E70020E4E700003466020025
:1082100030B50246002300BF0846CD1701EB556577
:10822000ED11A1EBC515ECB2CD1701EB5565E911C8
:10823000002901DD44F0800418465B1C1454002919
:10824000EADC184630BD2DE9F84305460C46012608
:1082500000270020206000BF4FF0FF38781C074641
:10826000042801DD00BF16E001216846A8478046CA
:10827000B8F1010F00D00EE09DF8001001F07F0171
:10828000206801FB06002060F6019DF8000010F058
:10829000800FE1D100BF3846BDE8F883401C80283C
:1082A00001DA401C0AE0B0F5804F01DA801C05E0DD
:1082B000D349884201DAC01C00E0001D704710B5A8
:1082C0000246002309E0CF48006800781070CD48CE
:1082D0000068401CCB4C20605B1C8B42F3DB0846E3
:1082E00010BD70B504460D46C64804602946AFF27D
:1082F0003100FFF7A8FF70BD30B501460A6853781A
:1083000014784FF4807505FB04300B689B1C0B60E0
:1083100030BD01460A6810780A68521C0A6070472E
:10832000026811700268521C0260704710B50A465C
:10833000CB1701EB13631B0A046823700268521CFD
:1083400002600A46CB1701EB13631B12A1EB032358
:10835000046823700268521C026010BD70B50446A8
:108360000E4630461BF086FE054629462046FFF79E
:10837000DDFF2A46314620681BF010FE20682844A5
:10838000206070BD10B501464A780B784FF48074B8
:1083900004FB032010BD1FB50446029800280DDD24
:1083A00020460299FFF7C2FFDDE9022120681BF099
:1083B000F5FD20680299084420600AE0019820B188
:1083C00020460199FFF7CAFF03E000212046FFF78E
:1083D000ADFF1FBD2DE9F04105460C4616460027AE
:1083E0002068301A012812DD2046FFF785FF6860FB
:1083F000206869680844B04206D82168A9602068EE
:1084000069680844206001277FA01CF06DFC0020F3
:1084100028603846BDE8F08137B50024009820B1C7
:1084200000981BF027FE044600E0019C20463EBD5C
:108430002DE9F04104460E460027B846206828B1D1
:10844000256820681BF016FE074601E0A5686768EE
:1084500030461BF00FFE8046474508D13A4631466C
:1084600028461BF033FE10B90120BDE8F081002042
:10847000FBE72DE9FC4104460F4615464FF0FF3857
:10848000002001900026009001212046A8470128E5
:1084900000D01CE0012669462846FFF7D4FE601C88
:1084A0000099FFF7B5FE064400983044B84200DD5D
:1084B0000DE0A0190099A8470099884200D006E075
:1084C00020788DF804000198C0F3031800BF4046DF
:1084D000BDE8FC81F8B504464FF0FF36206918B9B5
:1084E0000120A0600020E06000BF2069401C2061E6
:1084F000042800DD1EE001226946D4E900309847D7
:108500000546401C00D115E00DB9002612E09DF88B
:10851000001001F07F01D4E9022001FB0200E060BD
:10852000A068C001A0609DF8000010F0800FDCD1B1
:10853000266900BF3046F8BD2DE9F84306460F46D0
:1085400014464FF0FF3800200090207D30B1012804
:1085500017D002282FD00020207500BF01223146FD
:10856000D4E9003098470546401C00D144E015B9D5
:108570000020BDE8F88300202061207D401C20758C
:1085800000BF2046FFF7A6FF0546401C00D133E0A0
:108590000DB90020EDE7701CE168FFF739FE401CC3
:1085A0002061D4E903010844B84200DD24E0207DC5
:1085B000401C207500BFD4E9032C0CEB0601D4E964
:1085C000003098470546401C00D115E00DB9002049
:1085D000CFE7E068401BE060206928442061E06844
:1085E00008B10020C5E730788DF800000098C0F38E
:1085F000031800BF00BF00BF002020754046B8E749
:10860000FFFF1F0058030020000000007FB5054653
:10861000089E002401A807C8FFF7FEFE801C304416
:108620000444002D00DDA41C204604B070BD2DE9DB
:10863000F04F87B005460F4690461C46DDE915B65B
:10864000DDE9109A069500200590049003900096AD
:10865000204612A90EC9FFF7D9FF04900290FFF738
:108660001DFEB84203DD6FF00100039033E0059872
:1086700020F0F00030300590059868F3C3000590B5
:10868000059864F342000590059869F30000059091
:108690009DF8141006A8FFF743FE04990698FFF70B
:1086A000B7FD06990844069006A812A90EC9FFF75F
:1086B00072FE002C03DD514606A8FFF737FE324656
:1086C000594606981BF06AFC0698304406900698B6
:1086D000401B039000BF039807B0BDE8F08F2DE961
:1086E000FC4704460E4615461F46DDF8288000204C
:1086F000019081460094042E02DA6FF0010924E013
:10870000019865F307100190019867F3C300019089
:10871000062D01D1012100E00021019861F3420002
:1087200001909DF804106846FFF7FAFD02210098B9
:10873000FFF76EFD00990844009041466846FFF738
:10874000F5FD0098A0EB040900BF4846BDE8FC8792
:10875000F8B505460E461446002304223146284645
:108760000094FFF7BCFFF8BDF8B506460F46144667
:108770001D4623460622394630460095FFF7AFFFD7
:10878000F8BDF8B505460E461446002307223146CB
:1087900028460094FFF7A3FFF8BD000070B504461B
:1087A0000025207A032801D10C2503E0207A042833
:1087B00000D10A25D4E90412E068FFF72DFE801CE1
:1087C0000544E07E68B1D4E90A12606AFFF724FE2E
:1087D000861CD4E90D12206BFFF71EFE3044801C6E
:1087E0000544206C08B9A06C30B1D4E91112206C9A
:1087F000FFF712FE801C0544E06C08B9606D30B1D3
:10880000D4E91412E06CFFF707FE801C05442846EB
:1088100070BD2DE9FE4305460E4614460295002024
:108820000190009000274FF0FF382046FFF7B6FF79
:1088300007468146FFF732FDB04202DD6FF00108C6
:108840008FE000208DF80400019820F0F000103037
:1088500001909DF8041002A8FFF762FD39460298C6
:10886000FFF7D6FC029908440290207A042808D128
:1088700077A102A8FFF772FD042102A8FFF750FDBF
:1088800007E075A102A8FFF769FD032102A8FFF721
:1088900047FD00208DF80000A17E009861F34100A3
:1088A0000090E07E08B1012100E00021009861F312
:1088B000820000900098C0F3800058B194F83D10F9
:1088C000009861F3C400009094F83C10009861F3A4
:1088D00045100090206C08B9A06C20B1009820F0E1
:1088E000800080300090E06C08B9606D20B1009885
:1088F00020F04000403000909DF8001002A8FFF7E3
:108900000FFD218B02A8FFF711FD02A8D4E9042373
:10891000E168FFF740FDE07E58B102A8D4E90A23E0
:10892000616AFFF738FD02A8D4E90D23216BFFF738
:1089300032FD0098C0F3C01028B102A8D4E9112379
:10894000216CFFF728FD0098C0F3801028B102A821
:10895000D4E91423E16CFFF71EFD0298A0EB050893
:1089600000BF4046BDE8FE832DE9FF4704460D46A3
:1089700016469946002003900296002780460090F4
:1089800002A8FFF7C6FC8DF80C000398C0F3031093
:10899000022800D01FE001A90298FFF7A2FC804640
:1089A000029908440290DDE9011047180298381A2C
:1089B000022800DA0FE002A8FFF7ABFC8DF80000F8
:1089C0000098C0F3C010207002A8FFF7A2FC287026
:1089D0004FF0010800BF404604B0BDE8F0872DE924
:1089E000FC4104460D46164600200190471E0094A7
:1089F000022D01DA871E15E000208DF80400019891
:108A000066F3071001909DF804106846FFF788FC94
:108A100000210098FFF7FCFB0099084400900098A3
:108A2000071B00BF3846BDE8FC8170B504460D4603
:108A30000E2229462046FFF7D2FF70BD70B50446CE
:108A40000D460C2229462046FFF7C9FF70BD0000E5
:108A50004D515454000000004D51497364700000A2
:108A60002DE9F04105460E46022700240AE004EBFA
:108A7000440006EB800393E80700FFF7CDFCC01C21
:108A80000744641CAC42F2DB3846BDE8F0812DE9B6
:108A9000FF5F05460E4617469846DDE90E9A039598
:108AA0000020029001900090002451464846FFF7B4
:108AB000D7FF83460190FFF7F1FBB04202DDA01E15
:108AC000009039E000208DF80800029820F0F000B6
:108AD00080300290029867F3C3000290029820F061
:108AE0000600801C02909DF8081003A8FFF718FCF0
:108AF00001990398FFF78CFB0399084403904146C2
:108B000003A8FFF713FC002410E004EB44000AEB79
:108B1000800C03A89CE80E00FFF73DFC109850F86D
:108B20002400C1B203A8FFF7FBFB641C4C45ECDB3F
:108B30000398401B009000BF009804B0BDE8F09F70
:108B40002DE9FE4F05460E4614461F46DDE90C9BF7
:108B500000200290CDF804908046824601A8FFF7DD
:108B6000D8FB8DF808000298C0F30310092800D044
:108B70002CE069460198FFF7B4FB8246019908444E
:108B80000190DDE9001000EB01080198A8EB00005E
:108B9000022800DA1AE001A8FFF7AEFB28800020C7
:108BA00020600DE02068B04202DD4FF0FF3A0DE09A
:108BB00001A8FFF7AEFB2268511C216047F8220094
:108BC00001984045EED34FF0010A00BF5046BDE882
:108BD000FE8F0000FE480068704770B504460D46E1
:108BE0002CB9AC4201D0012070BD0020FCE70DB9CA
:108BF0000120F9E705E0207808B90020F4E7641CBB
:108C00006D1C20781BF0B1F9064628781BF0ADF9F1
:108C10008642F0D020781BF0A8F9064628781BF091
:108C2000A4F9301AE0E770B5044620461BF022FA9A
:108C3000451C2846E74909688847060000D170BDF1
:108C40002A46214630461BF0A9F93046F7E730B9ED
:108C5000E149E04A1160E149E14A11607047016869
:108C600009B1016800E0DC49DA4A1160416809B1E4
:108C7000416800E0D949DA4A116000BFEEE710B55B
:108C80002820D4490968884704461CB12821204679
:108C90001BF0ABF9204610BD70B5044622E02568F4
:108CA000E06810F4807F04D1A06810B1A068FFF7DD
:108CB000F3FFE06810F4807F05D1206918B1C8493E
:108CC000206909688847E06810F4007F05D1206AB0
:108CD00018B1C349206A096888472046C049096815
:108CE00088472C46002CDAD170BD2DE9F04F8BB0AF
:108CF00083468A460020044605460026B94F0021D7
:108D0000884689460990012008909AF800002D288D
:108D100002D1B54F0AF1010A9AF80000302801D1BA
:108D20000AF1010A9AF80000312822DB9AF80000C3
:108D300039281EDC00BF1AF8011BA1F130001BF01E
:108D4000BDFB0022A94BCDE90601204629461BF0B8
:108D500045FBCDE90401DDE906231BF099FA044641
:108D60000D469AF80000302803DB9AF800003928F5
:108D7000E1DD9AF800002E2830D19AF80100302861
:108D80002CDB9AF80100392828DC0AF1010A00BF1F
:108D90001AF8011BA1F130001BF090FB0022934B4D
:108DA000CDE90601204629461BF018FBCDE9040158
:108DB000DDE906231BF06CFA04460D460022894BC0
:108DC000404649461BF004FB804689469AF800005D
:108DD000302803DB9AF800003928D9DD9AF8000022
:108DE000652803D09AF80000452823D10AF1010A2A
:108DF0009AF800002B2802D10AF1010A08E09AF83B
:108E000000002D2804D14FF0FF3008900AF1010A2C
:108E100008E01AF8010B3038099901EB810100EBE9
:108E2000410009909AF80000302803DB9AF800000E
:108E30003928EEDDDDE9082101FB02F01BF03EFBE5
:108E400042464B46CDE900011BF022FA02460B4692
:108E5000CDE90201002065491CF03CFD22462B466D
:108E6000CDE90601304639461BF0B8FACDE90401D8
:108E7000DDE906231BF0B2FA04460D46CBE90645B0
:108E8000204629461BF02BFBCBF814000320CBF81F
:108E90000C0050460BB0BDE8F08F0146491E41EA78
:108EA000610141EAA10141EA211141EA212141EA9E
:108EB0002141481C70472DE9F04104460E460CB193
:108EC000206810B90020BDE8F081A0680644606801
:108ED000B04203DBA16820680844F4E73046FFF79E
:108EE000DCFF074638463B490968884705463DB9D7
:108EF0003B49206809688847002060602060E2E7FD
:108F000025B12846D4E900121BF048F834492068FE
:108F10000968884767602560A0682844D3E770B572
:108F200004460CB1206808B9002070BDA168206813
:108F3000451828461BF09EF8A1680844F5E72DE97E
:108F4000FC47824688464FF00009DAE906450022D0
:108F50001346204629461BF00FFB15D1B8F1000F30
:108F600005D002214046FFF7A6FF814604E002201B
:108F70001849096888478146B9F1000F03D01CA041
:108F80000088A9F80000A3E0DAF814001BF096FAB4
:108F9000064622462B461BF01BFA21F00041002218
:108FA000144BCDE900011BF0E7FA40D8124A134BED
:108FB000204629461BF0E0FA39D80022104B204603
:108FC00029461BF0EDFA32D8B8F1000F20D019E095
:108FD000640300205C030020695802001958020055
:108FE000600300200000F03F0000F0BF00002440BC
:108FF000300000000000B03C0000C0FFFFFFDF4178
:109000000000E0C115214046FFF755FF814604E00E
:109010001520FB49096888478146B9F1000F57D0F0
:10902000F8A14846DAF814201BF082FE50E0B8F1AF
:10903000000F05D040214046FFF73DFF814604E088
:109040004020EF49096888478146B9F1000F3FD0B9
:10905000204629461CF072FB064622462B461BF092
:10906000B7F921F000410022E74BCDE900011BF0E8
:1090700083FA0FD825F000412646E44AE44B3046F7
:109080001BF07AFA06D222462B46E2A148461BF094
:109090004FFE1DE025F000412646E04AE04B3046F9
:1090A0001BF06AFA07D325F000410022DD4B304661
:1090B0001BF076FA06D222462B46DBA148461BF06F
:1090C00037FE05E022462B46D8A148461BF030FE6D
:1090D0004846BDE8FC87014600220878302806DBB8
:1090E0000878392803DC08783038024415E008781D
:1090F000412806DB0878462803DC08783738024424
:109100000BE00878612806DB0878662803DC08781D
:109110005738024401E0002070471201491C0878CA
:10912000302806DB0878392803DC08783038024418
:1091300015E00878412806DB0878462803DC087823
:10914000373802440BE00878612806DB0878662887
:1091500003DC08785738024401E00020DCE7120104
:10916000491C0878302806DB0878392803DC0878A1
:109170003038024415E00878412806DB0878462894
:1091800003DC0878373802440BE00878612806DBF6
:109190000878662803DC08785738024401E000208C
:1091A000BAE71201491C0878302806DB087839280C
:1091B00003DC08783038024415E00878412806DBE3
:1091C0000878462803DC0878373802440BE0087832
:1091D000612806DB0878662803DC087857380244E3
:1091E00001E0002098E7104696E72DE9F05F8346FE
:1091F000884608F10104002798F80000222805D0CD
:109200008B48C0F800800020BDE8F09F04E014F80F
:10921000011B5C2900D1641C2078222804D020780E
:1092200010B1781C0700F2D1781C7549096888478D
:109230008146B9F1000F01D10020E5E708F10104F2
:109240004D469EE020785C2804D014F8010B05F808
:10925000010B96E0641C2078722818D006DC622886
:1092600009D066280BD06E287ED10CE0742812D06D
:109270007528F9D113E0082005F8010B7FE00C20D8
:1092800005F8010B7BE00A2005F8010B77E00D20C3
:1092900005F8010B73E0092005F8010B6FE0601C75
:1092A000FFF719FF0646241DB6F55C4F02D3B6F54D
:1092B000604F00D306B962E0B6F5584F1CD3B6F53F
:1092C0005C4F19D260785C2802D1A078752800D054
:1092D00055E0E01CFFF7FFFE8246A41DBAF55C4F87
:1092E00002D3BAF5604F00D349E0C6F309015046F6
:1092F00061F39F2000F580360427802E01D20127DC
:1093000008E0B6F5006F01D2022703E0B6F5803F12
:1093100000D203273D44012F20D0022F15D0032F68
:109320000AD0042F24D106F0BF0040F08001681E4F
:1093300005460170B60900BF06F0BF0040F080018D
:10934000681E05460170B60900BF06F0BF0040F078
:109350008001681E05460170B60900BF3548C05D32
:109360003043C1B2681E00E005E00546017000BF51
:1093700000BF3D4403E0207805F8010B00BF00BFAB
:10938000641C2078222803D0207800287FF45AAF6C
:10939000002028702078222800D1641CCBF810907F
:1093A0000420CBF80C0020462EE72DE9F05F804624
:1093B00089460027BB46454611E02878002802DD93
:1093C0002878202805DB2878222802D028785C28F5
:1093D00001D1012000E0002040EA0B0B6D1C287831
:1093E0000028EAD1BBF1000F3ED1A5EB0807B9F187
:1093F000000F21D0F91C4846FFF75DFD064620E02E
:109400005C030020256400000000B03C44F3C2E48B
:10941000E4E9634C252E3066000000008DEDB5A018
:10942000F7C6B03E65CDCD4125650000256600003C
:10943000640300208C660200F81CFD490968884717
:10944000064616B90020BDE8F09F3446222004F8F5
:10945000010B414620461AF030FE2220E055002143
:10946000781C21543046EEE7B8F1000F16D1B9F15F
:10947000000F05D003214846FFF71DFD064604E016
:109480000320EB490968884706460EB90020DAE751
:10949000E8A130461AF011FE3046D4E745460BE00D
:1094A0005146E5A01AF0DDFD08B17F1C03E0BAF1DA
:1094B000200F00DA7F1D6D1C95F800A0BAF1000F97
:1094C00002D0781C0700EBD1B9F1000F05D0F91CD0
:1094D0004846FFF7F0FC064604E0F81CD44909684A
:1094E000884706460EB90020ADE73446454622209F
:1094F00004F8010B47E028781F280ADD2878222885
:1095000007D028785C2804D015F8010B04F8010B6B
:1095100039E05C2004F8010B15F8011B8A460C2980
:1095200019D006DC082912D0092920D00A2922D115
:1095300015E00D2917D0222905D05C291BD15C200C
:1095400004F8010B1EE0222004F8010B1AE062204F
:1095500004F8010B16E0662004F8010B12E06E20FF
:1095600004F8010B0EE0722004F8010B0AE07420ED
:1095700004F8010B06E05246B1A120461BF0D8FBCF
:10958000641D00BF00BF28780028B4D1222004F851
:10959000010B002004F8010B304654E770B5044677
:1095A0000D4629462069FFF700FF70BD00E0401C12
:1095B00020B1017811B101782029F8DD70472DE93B
:1095C000F04706460C4620787B2804D09E4804606D
:1095D0000020BDE8F0870620F060601CFFF7E6FF82
:1095E000044620787D2801D1601CF2E7FFF747FB95
:1095F0000546B060B06808B90020EAE72046FFF7EA
:10960000D5FF804641462846FFF7EFFD0746FFF7A6
:10961000CDFF04460CB90020DBE728692862002052
:10962000286120783A2803D0874804600020D0E7DA
:10963000601CFFF7BBFF80464146284600F099F8C2
:109640000746FFF7B3FF04460CB90020C1E731E03D
:10965000FFF715FB070000D1BBE72F607D603D469B
:10966000601CFFF7A3FF814649462846FFF7BDFD72
:109670008046FFF79BFF04460CB90020A9E7286944
:1096800028620020286120783A2803D06E480460C0
:1096900000209EE7601CFFF789FF81464946284667
:1096A00000F067F88046FFF781FF04460CB9002000
:1096B0008FE700BF20782C28CAD020787D2801D1E0
:1096C000601C86E760480460002082E72DE9F047CF
:1096D00005460C4620785B2804D05B4804600020D7
:1096E000BDE8F0870520E860601CFFF75FFF0446D7
:1096F00020785D2801D1601CF2E7FFF7C0FA06462A
:10970000A860A86808B90020EAE72046FFF74EFFE6
:1097100080464146304600F02CF80746FFF746FFEA
:1097200004460CB90020DBE717E0FFF7A8FA0700B2
:1097300000D1D5E737607E603E46601CFFF736FFFC
:1097400081464946304600F014F88046FFF72EFF68
:1097500004460CB90020C3E700BF20782C28E4D0D1
:1097600020785D2801D1601CBAE7374804600020EA
:10977000B6E770B505460C460CB9002070BD042252
:1097800032A120461AF0A2FC18B90220E860201D80
:10979000F4E705222FA120461AF098FC18B9002002
:1097A000E860601DEAE704222CA120461AF08EFC36
:1097B00020B90120E8606861201DDFE720782228B9
:1097C00004D121462846FFF710FDD7E720782D2841
:1097D00005D02078302807DB2078392804DC2146A2
:1097E0002846FFF782FAC9E720785B2804D1214692
:1097F0002846FFF76BFFC1E720787B2804D121467C
:109800002846FFF7DCFEB9E70F4804600020B5E703
:109810002DE9F04780460D4616460024FFF72FFA43
:109820000746002008490860E7B9BDE8F087000056
:109830005C03002022220000225C080C0A0D0900B3
:109840007525303478000000640300206E756C6C60
:109850000000000066616C7365000000747275653D
:10986000000000004046FFF7A1FE81464946384609
:10987000FFF77FFF04462CB93846FFF70DFA0020AA
:10988000BDE8F08766B12046FFF790FE04462078D9
:1098900030B13846FFF700FAFE4804600020EFE7D9
:1098A00005B12C603846EBE710B50446002211469E
:1098B0002046FFF7ADFF10BD2DE9FF4F89B0884668
:1098C00016461F4600200890079006904FF0070AA2
:1098D00000250998D0F8089000200290019000908F
:1098E00004E00298401C0290D9F80090B9F1000FF2
:1098F000F7D10298002835D157B116B108F104000C
:1099000000E0032001463846FFF7D5FA069009E04B
:1099100016B108F1040100E003210846DE49096898
:1099200088470690069818B900200DB0BDE8F08F62
:10993000069C7B2004F8010B66B10A2004F8010B99
:10994000002503E0092004F8010B6D1CA8F10100BB
:10995000A842F7DC7D2004F8010B002004F8010B7D
:109960000698E2E7002F77D0BD680EB1022000E034
:10997000012082460AF101013846FFF79CFA0446AD
:109980000CB90020D1E77B2004F8010B16B10A20A6
:1099900004F8010B00202070B8685044B8600998A2
:1099A000D0F8089008F1010868E0B6B141463846A1
:1099B000FFF781FA04460CB90020B6E700200390B7
:1099C00005E0092004F8010B0398401C039003985C
:1099D0004045F6DBB8684044B8603946D9F8200005
:1099E000FFF7E3FC3846FFF79AFAB8600EB10220A1
:1099F00000E00120824651463846FFF75CFA0446F3
:109A00000CB9002091E73A2004F8010B16B10920A7
:109A100004F8010BB8685044B8603B4632464146F2
:109A2000484600F078FA3846FFF779FAB8600EB188
:109A3000012000E00020D9F8001009B1012100E068
:109A4000002100EB010A0AF101013846FFF733FA61
:109A5000044614B9002068E734E0D9F8000010B1DA
:109A60002C2004F8010B16B10A2004F8010B002089
:109A70002070B8685044B860D9F80090B9F1000F70
:109A800093D116B108F1010000E0022001463846EA
:109A9000FFF711FA04460CB9002046E74EB1002545
:109AA00003E0092004F8010B6D1CA8F10100A84295
:109AB000F7DC7D2004F8010B002020703868284472
:109AC000069005E102998800734909688847089063
:109AD000089808B9002028E7029988006E490968AB
:109AE00088470790079828B96C49089809688847FB
:109AF00000201AE70298810008981AF076FA029876
:109B0000810007981AF071FA0998D0F8089008F1C6
:109B1000010806B1C2442EE00021D9F82000FFF769
:109B200044FC0490079941F8250000233246414641
:109B3000484600F0F0F929466D1C0590089A42F855
:109B40002100049898B1059888B105981AF092FA06
:109B5000834604981AF08EFA0BEB0001891C16B1AB
:109B600008F1020000E000200844824401E00120E6
:109B70000190D9F80090B9F1000FCDD1019820B92A
:109B800050464549096888470690069808B901205B
:109B90000190019818B3002514E0079850F82500AB
:109BA00028B1079951F825003C4909688847089869
:109BB00050F8250028B1089951F82500374909685F
:109BC00088476D1C02988542E7DB3449079809688D
:109BD000884732490898096888470020A5E67B2114
:109BE000069801700698441C16B10A2004F8010B6F
:109BF00000202070002548E05EB10020039005E0C1
:109C0000092004F8010B0398401C03900398404579
:109C1000F6DB079951F825001AF02CFA0090079806
:109C200050F825102046009A1AF0B8F9009804441C
:109C30003A2004F8010B16B1092004F8010B08982A
:109C400050F8251020461AF038FA089951F82500E6
:109C50001AF010FA04440298401EA84202D02C20A8
:109C600004F8010B16B10A2004F8010B0020207043
:109C7000079951F82500094909688847089951F85A
:109C800025000649096888476D1C02988542B3DBA8
:109C9000024905E0640300205C030020600300200B
:109CA000079809688847F8490898096888474EB1B5
:109CB000002503E0092004F8010B6D1CA8F1010048
:109CC000A842F7DC7D2004F8010B002004F8010B0A
:109CD00006982AE62DE9FF4F85B092461E464FF0C2
:109CE000000B052003900598D0F80880D946002580
:109CF00000200290019003E009F10109D8F80080EA
:109D0000B8F1000FF8D1B9F1000F16D12EB103212F
:109D10003046FFF7D0F8834604E00320DB490968AA
:109D200088478346BBF1000F03D0D9A158461AF0EB
:109D3000C4F9584609B0BDE8F08F002E57D0B56879
:109D400001213046FFF7B7F804460CB90020F1E7CF
:109D50005B202070B068401CB0600598D0F8088087
:109D60002EE0334652460699491C404600F0D3F88F
:109D70003046FFF7D4F8B060D8F80000F0B1BAF17F
:109D8000000F01D0022000E0012003900399491C3C
:109D90003046FFF790F804460CB90020CAE72C20A3
:109DA00004F8010BBAF1000F02D0202004F8010BD7
:109DB00000202070B16803980844B060D8F8008093
:109DC000B8F1000F02D002980028CAD00221304614
:109DD000FFF771F804460CB90020ABE75D2004F8EA
:109DE000010B00202070306800EB050B91E04FEA7A
:109DF0008900A6490968884707460FB9002099E7F6
:109E00004FEA890138461AF0F0F80598D0F8088032
:109E100021E0002352460699491C404600F07BF899
:109E2000049029466D1C049847F82100049870B1ED
:109E300004981AF01FF9801CBAF1000F01D001211B
:109E400000E00021014403980844039001E0012050
:109E50000290D8F80080B8F1000F02D002980028D4
:109E6000D7D0029820B98949039809688847834662
:109E7000BBF1000F01D101200290029890B10025A2
:109E800008E057F8250020B157F825007E490968F9
:109E900088476D1C4D45F4DB38467B490968884787
:109EA000002047E75B208BF800000BF10104002045
:109EB0002070002521E057F825001AF0DBF801900A
:109EC00057F825102046019A1AF068F801980444C2
:109ED000A9F10100A8420AD02C2004F8010BBAF124
:109EE000000F02D0202004F8010B0020207057F84A
:109EF00025006549096888476D1C4D45DBDB384600
:109F00006149096888475D2004F8010B002004F8C6
:109F1000010B58460EE72DE9F04104460F469046E6
:109F20001D46002614B90020BDE8F081002D4AD05E
:109F3000E068C0B2072845D2DFE800F0101C042812
:109F40002E343C0005212846FEF7B5FF064626B113
:109F5000AFF2087130461AF0B0F833E00621284617
:109F6000FEF7A9FF064626B1AFF2187130461AF087
:109F7000A4F827E005212846FEF79DFF064626B1F6
:109F8000AFF2287130461AF098F81BE029462046B7
:109F9000FEF7D5FF064615E029462046FFF7FEFAF4
:109FA00006460FE02B46424639462046FFF792FE12
:109FB000064607E02B46424639462046FFF77CFC22
:109FC000064600BF38E0E068C0B2072833D2DFE8B9
:109FD00000F00A1004161C222A00AFF29070FEF75F
:109FE00022FE064627E0AFF29470FEF71CFE0646FE
:109FF00021E0AFF29870FEF716FE06461BE0002146
:10A000002046FEF79CFF064615E000212046FFF79C
:10A01000C5FA06460FE00023424639462046FFF7C0
:10A0200059FE064607E00023424639462046FFF720
:10A0300043FC064600BF00BF304675E710B5044636
:10A040000023012219462046FFF765FF10BD10B519
:10A05000044600231A4619462046FFF75CFF10BD50
:10A06000FEB505460C46164620460849096888474D
:10A0700000900194002002906B4632460021284651
:10A08000FFF749FFFEBD0000600300205C030020D5
:10A090005B5D000001468A68002001E0401C1268F8
:10A0A000002AFBD170470246906801E0491E006813
:10A0B00008B10029FADC704770B505460E46AC6859
:10A0C00000E024682CB13146206AFEF786FD0028A6
:10A0D000F7D1204670BD01604860704770B50546F5
:10A0E000FEF7CDFD04460CB9002070BD282229469C
:10A0F000204619F053FF00202062E06840F4807091
:10A10000E0600020606020602046EEE770B5054604
:10A110000E46AC6806B970BD0CB9AE6009E000E04F
:10A12000246814B120680028FAD131462046FFF790
:10A13000D2FF00BFEFE770B506460D46144604B9DE
:10A1400070BD206A18B1F749206A09688847284617
:10A15000FEF769FD206221463046FFF7D7FF00BFBA
:10A16000EEE770B506460D46144604B970BDE068CA
:10A1700010F4007F05D1206A18B1EA49206A096805
:10A1800088472562E06840F40070E0602146304670
:10A19000FFF7BCFF00BFE9E770B505460C46204657
:10A1A000FFF79CFF064631462846FFF7AFFF70BD1C
:10A1B0002DE9F04105460E4614462046FFF78EFF76
:10A1C00007463A4631462846FFF7B5FFBDE8F0811D
:10A1D00010B502460B46916801E009685B1E09B1A3
:10A1E000002BFADC09B9002010BD486810B1D1E994
:10A1F00000042060086810B1D1E9004060609068F8
:10A20000884201D1086890600020086048600846D4
:10A21000EAE770B504460D4629462046FFF7D8FF09
:10A220000646FEF739FD70BD2DE9F04105460F46A3
:10A230000026AC6801E0761C24682CB13946206AFF
:10A24000FEF7CBFC0028F6D12CB131462846FFF7AB
:10A25000BFFFBDE8F0810020FBE770B504460D4666
:10A2600029462046FFF7E0FF0646FEF715FD70BDC4
:10A270002DE9F04106460F461446B56801E02D6809
:10A280007F1E0DB1002FFADC2DB921463046FFF7B5
:10A290003DFFBDE8F0812560686860606C60B06873
:10A2A000A84201D1B46001E06068046000BFF0E73B
:10A2B0002DE9F04106460F461446B56801E02D68C9
:10A2C0007F1E0DB1002FFADC0DB9BDE8F0812868C2
:10A2D000206068686060206808B120684460B068E9
:10A2E000A84201D1B46001E06068046000206860A9
:10A2F00028602846FEF7D0FC00BFE6E72DE9F041D4
:10A3000005460E4617464FF00008AC6802E008F11B
:10A31000010824682CB13146206AFEF75EFC002853
:10A32000F5D144B13046FEF77EFC38623A464146EC
:10A330002846FFF7BDFFBDE8F08110B5FEF79FFC92
:10A3400004460CB10220E060204610BD10B5FEF7B7
:10A3500096FC04460CB10120E060204610BD10B50B
:10A36000FEF78DFC04460CB10020E060204610BDD5
:10A3700070B50546FEF783FC044624B10DB10120FB
:10A3800000E00020E060204670BD70B504460D4638
:10A39000FEF775FC064646B10320F060C6E90645A7
:10A3A000204629461AF09BF87061304670BD70B5A2
:10A3B0000546FEF764FC04462CB10420E060284604
:10A3C000FEF731FC2061204670BD10B5FEF757FC4A
:10A3D00004460CB10520E060204610BD10B5FEF724
:10A3E0004EFC04460CB10620E060204610BD2DE96D
:10A3F000F05F81468A460027BB46FFF7E6FF8046AE
:10A40000002611E059F826001AF058F80446FFF724
:10A41000BCFF074616B9C8F8087003E0394658462D
:10A42000FFF759FEBB46761CB8F1000F01D0564528
:10A43000E8DB4046BDE8F09F2DE9F05F81468A46A3
:10A440000027BB46FFF7C1FF8046002611E059F800
:10A4500026001AF07BF80446FFF797FF074616B967
:10A46000C8F8087003E039465846FFF734FEBB468B
:10A47000761CB8F1000F01D05645E8DB4046BDE838
:10A48000F09F2DE9F047074688460025A946FFF7CB
:10A490009CFF0646002410E007EBC400D0E9002131
:10A4A0001046FFF772FF05460CB9B56003E0294678
:10A4B0004846FFF710FEA946641C0EB14445EBDB8D
:10A4C0003046BDE8F0872DE9F0470746884600256D
:10A4D000A946FFF77AFF064600240DE057F824004E
:10A4E000FFF765FF05460CB9B56003E0294648460D
:10A4F000FFF7F1FDA946641C0EB14445EEDB304682
:10A50000BDE8F0872DE9F047054689464FF0000881
:10A5100015B90020BDE8F087FEF7B1FB04461CB971
:10A520000020F7E760030020E86820F48070E06016
:10A5300068696061D5E90601C4E90601286950B17E
:10A540002869FEF770FB2061206920B92046FEF7DC
:10A55000A3FB0020DEE7286A50B1286AFEF763FB00
:10A560002062206A20B92046FEF796FB0020D1E742
:10A57000B9F1000F01D12046CCE7AF6816E0012108
:10A580003846FFF7BFFF064626B92046FEF784FB94
:10A590000020BFE7B8F1000F05D0C8F80060C6F88A
:10A5A0000480B04601E0A660B0463F68002FE6D1C7
:10A5B0002046AFE7014655E00278202A01D1401C31
:10A5C00050E00278092A01D1401C4BE002780D2AA4
:10A5D00001D1401C46E002780A2A01D1401C41E02A
:10A5E00002782F2A0BD142782F2A08D100E0401C94
:10A5F0000278002A36D002780A2A33D0F7E70278A8
:10A600002F2A0ED142782A2A0BD100E0401C027872
:10A610002AB102782A2AF9D142782F2AF6D1801C51
:10A6200020E00278222A19D110F8012B01F8012B21
:10A630000AE002785C2A03D110F8012B01F8012B03
:10A6400010F8012B01F8012B027812B10278222AAE
:10A65000EFD110F8012B01F8012B03E010F8012BCA
:10A6600001F8012B0278002AA6D10A707047000079
:10A6700010B5044600BF00BF4FF48C71204619F09E
:10A68000B4FC10BD10B5044604B910BD4FF48C7174
:10A69000204600F07FFF00BFF7E7F0B503460C4609
:10A6A000154600BF00BF00BF00BF802D05D0C02DE4
:10A6B00006D0B5F5807F09D105E00A20186008E0D2
:10A6C0000C20186005E00E20186002E06FF01F00FB
:10A6D000F0BD00BF03F108015960002216E014F834
:10A6E0002200012606EB8206A65D40EA062002262D
:10A6F00006EB8206A65D40EA0640032606EB8206CC
:10A70000A65D40EA066041F82200521CB2EB551FDC
:10A71000E5D318680A2804D00C2831D00E282ED191
:10A7200065E0002229E0FE4E56F82260086870407D
:10A73000CE68C6F30726FB4FBE5D7040CE68C6F3F9
:10A740000746BE5D80EA0626C868000E385C86EAC9
:10A750000040CE68F6B2BE5D80EA066008610E6910
:10A760004868704048614E698868704088618E69A9
:10A77000C8687040C861521C10310A2AD3D388E0DF
:10A78000002231E0E64E56F82260086870404E69BB
:10A79000C6F30726E34FBE5D70404E69C6F3074619
:10A7A000BE5D80EA06264869000E385C86EA0040F5
:10A7B0004E69F6B2BE5D80EA066088618E694868BF
:10A7C0007040C861CE698868704008620E6AC868C7
:10A7D000704048624E6A0869704088628E6A4869B3
:10A7E0007040C862521C1831082ACBD351E00022B5
:10A7F0004CE0CB4E56F8226008687040CE69C6F334
:10A800000726C84FBE5D7040CE69C6F30746BE5DE1
:10A8100080EA0626C869000E385C86EA0040CE69E8
:10A82000F6B2BE5D80EA066008620E6A4868704053
:10A8300048624E6A8868704088628E6AC868704054
:10A84000C862CE6AF6B2BE5D08697040CE6AC6F3D1
:10A850000726BE5D80EA0620CE6AC6F30746BE5DC7
:10A8600080EA0646C86A000E385C86EA0060086323
:10A870000E6B4869704048634E6B8869704088630E
:10A880008E6BC8697040C863521C2031072AB0D350
:10A8900000BF00BF00201BE72DE9F04FC7B0064600
:10A8A0008A46934600BF00BF00BF00BF01A8FFF764
:10A8B000DFFE06F1080575605A46514601A8FFF70C
:10A8C000ECFE5FEA000900D049E001983060DDE964
:10A8D000011000EB011401CC01C501CC01C501CC74
:10A8E00001C501CC01C53068471E203C2CE04FF06B
:10A8F000000824E02068C0B28A49085C8A4951F8FF
:10A9000020002168C1F30721864A515C874A52F82A
:10A91000211048402168C1F30741824A515C844AB2
:10A9200052F8211048402168090E7E4A515C814A44
:10A9300052F82110484001C508F10108241DB8F162
:10A94000040FD7DB7F1E203C002FD0DC01CC01C5DB
:10A9500001CC01C501CC01C501CC01C500BF01A8D6
:10A96000FFF790FE484647B0BDE8F08FF0B589B0DC
:10A9700006460C461546706808902078617840EAD3
:10A980000120A17840EA0140E17840EA01600790A7
:10A99000089800680899091D089107994840079090
:10A9A0002079617940EA0120A17940EA0140E1790A
:10A9B00040EA01600690089800680899091D08910E
:10A9C000069948400690207A617A40EA0120A17AEF
:10A9D00040EA0140E17A40EA016005900898006889
:10A9E0000899091D0891059948400590207B617BD5
:10A9F00040EA0120A17B40EA0140E17B40EA01609E
:10AA00000490089800680899091D08910499484025
:10AA1000049001213068C1EB600719E100BF08987C
:10AA200000680899091D08910799C9B2424A52F86D
:10AA3000211048404149069AC2F3072251F82210DA
:10AA400048403F49059AC2F3074251F82210484056
:10AA50000499090E3B4A52F8211048400390089887
:10AA600000680899091D08910699C9B2324A52F83E
:10AA7000211048403149059AC2F3072251F82210AB
:10AA800048402F49049AC2F3074251F82210484027
:10AA90000799090E2B4A52F8211048400290089855
:10AAA00000680899091D08910599C9B2224A52F80F
:10AAB000211048402149049AC2F3072251F822107C
:10AAC00048401F49079AC2F3074251F822104840F4
:10AAD0000699090E1B4A52F8211048400190089827
:10AAE00000680899091D08910499C9B2124A52F8E0
:10AAF000211048401149079AC2F3072251F8221049
:10AB000048400F49069AC2F3074251F822104840C4
:10AB10000599090E0B4A52F821104840009013E0A5
:10AB2000948802009466020094780200947C0200EB
:10AB3000948002009484020094670200946B0200E7
:10AB4000946F02009473020000BF00BF0898006871
:10AB50000899091D08910399C9B2FE4A52F82110BB
:10AB60004840FD49029AC2F3072251F8221048409A
:10AB7000FA49019AC2F3074251F82210484000995D
:10AB8000090EF74A52F821104840079008980068CB
:10AB90000899091D08910299C9B2EE4A52F821108C
:10ABA0004840ED49019AC2F3072251F8221048406B
:10ABB000EA49009AC2F3074251F82210484003992B
:10ABC000090EE74A52F8211048400690089800689C
:10ABD0000899091D08910199C9B2DE4A52F821105D
:10ABE0004840DD49009AC2F3072251F8221048403C
:10ABF000DA49039AC2F3074251F8221048400299F9
:10AC0000090ED74A52F8211048400590089800686C
:10AC10000899091D08910099C9B2CE4A52F821102D
:10AC20004840CD49039AC2F3072251F82210484008
:10AC3000CA49029AC2F3074251F8221048400199CA
:10AC4000090EC74A52F821104840049000BF7F1EE9
:10AC5000002F3FF7E3AE00BF089800680899091D70
:10AC600008910799C9B2BB4A52F821104840BA4925
:10AC7000069AC2F3072251F822104840B749059AB4
:10AC8000C2F3074251F8221048400499090EB44A11
:10AC900052F8211048400390089800680899091D4F
:10ACA00008910699C9B2AB4A52F821104840AA4906
:10ACB000059AC2F3072251F822104840A749049A86
:10ACC000C2F3074251F8221048400799090EA44ADE
:10ACD00052F8211048400290089800680899091D10
:10ACE00008910599C9B29B4A52F8211048409A49E7
:10ACF000049AC2F3072251F8221048409749079A54
:10AD0000C2F3074251F8221048400699090E944AAE
:10AD100052F8211048400190089800680899091DD0
:10AD200008910499C9B28B4A52F8211048408A49C7
:10AD3000079AC2F3072251F8221048408749069A21
:10AD4000C2F3074251F8221048400599090E844A7F
:10AD500052F821104840009000BF089800680899F8
:10AD6000091D08910399C9B27E4A515C48401146B9
:10AD7000029AC2F30722895C80EA01217948019A8C
:10AD8000C2F30742805C81EA00410098000E754AD8
:10AD9000105C81EA00600790089800680899091D16
:10ADA00008910299C9B2515C48401146019AC2F318
:10ADB0000722895C80EA01206A49009AC2F30742AF
:10ADC000895C80EA01410398000E664A105C81EAC2
:10ADD00000600690089800680899091D089101997B
:10ADE000C9B2515C48401146009AC2F30722895CFF
:10ADF00080EA01215B48039AC2F30742805C81EA42
:10AE000000410298000E574A105C81EA00600590EC
:10AE1000089800680899091D08910099C9B2515C09
:10AE200048401146039AC2F30722895C80EA012157
:10AE30004C48029AC2F30742805C81EA00410198C3
:10AE4000000E484A105C81EA006004900798287060
:10AE50000798000A68700798000CA8700798000E01
:10AE6000E870069828710698000A68710698000C28
:10AE7000A8710698000EE871059828720598000AD6
:10AE800068720598000CA8720598000EE872049884
:10AE900028730498000A68730498000CA873049837
:10AEA000000EE873042107A800F074FB042106A833
:10AEB00000F070FB042105A800F06CFB042104A83D
:10AEC00000F068FB042103A800F064FB042102A841
:10AED00000F060FB042101A800F05CFB042168463F
:10AEE00000F058FB042108A800F054FB002009B032
:10AEF000F0BD70B504460D4616463246294620463A
:10AF0000FFF734FD70BDF0B589B006460C46154616
:10AF1000706808902078617840EA0120A17840EAC2
:10AF20000140E17840EA01600790089800680899BC
:10AF3000091D08910799484007902079617940EAF6
:10AF40000120A17940EA0140E17940EA01600690E0
:10AF5000089809E094670200946B0200946F020065
:10AF6000947302009466020000680899091D089114
:10AF7000069948400690207A617A40EA0120A17A39
:10AF800040EA0140E17A40EA0160059008980068D3
:10AF90000899091D0891059948400590207B617B1F
:10AFA00040EA0120A17B40EA0140E17B40EA0160E8
:10AFB0000490089800680899091D08910499484070
:10AFC000049001213068C1EB600704E100BF0898DC
:10AFD00000680899091D08910799C9B2FE4A52F8FC
:10AFE00021104840FD49049AC2F3072251F822106B
:10AFF0004840FB49059AC2F3074251F822104840E5
:10B000000699090EF74A52F8211048400390089813
:10B0100000680899091D08910699C9B2EE4A52F8CC
:10B0200021104840ED49079AC2F3072251F8221037
:10B030004840EB49049AC2F3074251F822104840B5
:10B040000599090EE74A52F82110484002900898E5
:10B0500000680899091D08910599C9B2DE4A52F89D
:10B0600021104840DD49069AC2F3072251F8221008
:10B070004840DB49079AC2F3074251F82210484082
:10B080000499090ED74A52F82110484001900898B7
:10B0900000680899091D08910499C9B2CE4A52F86E
:10B0A00021104840CD49059AC2F3072251F82210D9
:10B0B0004840CB49069AC2F3074251F82210484053
:10B0C0000799090EC74A52F821104840009000BF66
:10B0D00000BF089800680899091D08910399C9B232
:10B0E000BD4A52F821104840BC49009AC2F30722D9
:10B0F00051F822104840BA49019AC2F3074251F868
:10B10000221048400299090EB64A52F821104840D0
:10B110000790089800680899091D08910299C9B21A
:10B12000AD4A52F821104840AC49039AC2F30722B5
:10B1300051F822104840AA49009AC2F3074251F838
:10B14000221048400199090EA64A52F821104840A1
:10B150000690089800680899091D08910199C9B2DC
:10B160009D4A52F8211048409C49029AC2F3072296
:10B1700051F8221048409A49039AC2F3074251F805
:10B18000221048400099090E964A52F82110484072
:10B190000590089800680899091D08910099C9B29E
:10B1A0008D4A52F8211048408C49019AC2F3072277
:10B1B00051F8221048408A49029AC2F3074251F8D6
:10B1C000221048400399090E864A52F8211048403F
:10B1D000049000BF7F1E002F3FF7F8AE00BF089815
:10B1E00000680899091D08910799C9B27A4A52F86E
:10B1F000211048407949049AC2F3072251F82210DD
:10B2000048407749059AC2F3074251F82210484056
:10B210000699090E734A52F8211048400390089885
:10B2200000680899091D08910699C9B26A4A52F83E
:10B23000211048406949079AC2F3072251F82210A9
:10B2400048406749049AC2F3074251F82210484027
:10B250000599090E634A52F8211048400290089857
:10B2600000680899091D08910599C9B25A4A52F80F
:10B27000211048405949069AC2F3072251F822107A
:10B2800048405749079AC2F3074251F822104840F4
:10B290000499090E534A52F8211048400190089829
:10B2A00000680899091D08910499C9B24A4A52F8E0
:10B2B000211048404949059AC2F3072251F822104B
:10B2C00048404749069AC2F3074251F822104840C5
:10B2D0000799090E434A52F821104840009000BFD8
:10B2E000089800680899091D08910399C9B23E4A57
:10B2F000515C48401146009AC2F30722895C80EAFB
:10B3000001213948019AC2F30742805C81EA004179
:10B310000298000E344A105C81EA00600790089899
:10B3200000680899091D08910299C9B2515C48400A
:10B330001146039AC2F30722895C80EA01202A4958
:10B34000009AC2F30742895C80EA01410198000E2D
:10B35000254A105C81EA0060069008980068089908
:10B36000091D08910199C9B2515C48401146029AE1
:10B37000C2F30722895C80EA01211B48039AC2F3C9
:10B380000742805C81EA00410098000E164A105C7A
:10B3900081EA00600590089800680899091D0891E5
:10B3A0000099C9B2515C48401146019AC2F3072284
:10B3B000895C80EA01210C48029AC2F30742805C52
:10B3C00081EA00410398000E074A105C81EA0060A0
:10B3D00004900798287009E094780200947C020099
:10B3E0009480020094840200947702000798000A77
:10B3F00068700798000CA8700798000EE87006980F
:10B4000028710698000A68710698000CA8710698C1
:10B41000000EE871059828720598000A6872059870
:10B42000000CA8720598000EE8720498287304981E
:10B43000000A68730498000CA8730498000EE8735F
:10B44000042107A800F0A6F8042106A800F0A2F83D
:10B45000042105A800F09EF8042104A800F09AF841
:10B46000042103A800F096F8042102A800F092F845
:10B47000042101A800F08EF80421684600F08AF843
:10B48000042108A800F086F8002009B0F0BD70B5CE
:10B4900004460D461646324629462046FFF733FD40
:10B4A00070BD2DE9F04107460C4615461E4600BF0B
:10B4B00000BF00BF00BF00BF00BF00BF00BF012C26
:10B4C00006D1324629463846FFF750FABDE8F081EA
:10B4D000324629463846FFF716FDF7E72DE9FF47C4
:10B4E0008246894616469846DDE90C7500BF00BFC6
:10B4F00000BF00BF00BF00BF00BF00BF00BF00BF54
:10B5000016F00F0F04D06FF0210004B0BDE8F087F3
:10B51000B9F1000F20D11CE010223946684618F01E
:10B520003DFD2B463A4649465046FFF7BAFF0024F8
:10B5300005E0285D18F8041048402855641C102CBC
:10B54000F7DB10226946404618F028FD1037103509
:10B55000103E002EE0D11AE017E0002405E0385D2F
:10B5600018F8041048402855641C102CF7DB2B46B3
:10B570002A4649465046FFF794FF10222946404686
:10B5800018F00CFD10371035103E002EE5D10020CC
:10B59000BBE7000070B505460C4600BF00BF2CB1EC
:10B5A000224600212846024B1B68984770BD0000C8
:10B5B0006803002070B504460D46206D00B970BDCB
:10B5C00000BF00BFA9082A46D4E91303984700BF6B
:10B5D000F5E710B50446606D08B9002010BD616D37
:10B5E000E06C8847022803D100BF00BFC01EF5E70A
:10B5F0000020F3E710B5002203E004786240401C0D
:10B60000491E0029F9D1134600BF10BD30B50446CC
:10B61000204615680560556845600830157A057044
:10B62000401CB2F809500580801C95692D0A0570F0
:10B6300095694570801C051B0D6030BD0146D1E940
:10B640000102904201D0012070470020FCE72DE963
:10B65000F04705460E4617469846DDE908A93146EB
:10B66000284618F0C2FC42463946284618F096FC97
:10B67000A6EB09000544002405E0285D1AF8041033
:10B6800048402855641C4C45F7D3BDE8F0872DE9A8
:10B69000FF4F9BB00D4614469A4600201A901B900F
:10B6A00000BF00BF2DB900BF00BFFE481FB0BDE8FE
:10B6B000F08F5CB1E06848B1D4E90401884205D359
:10B6C000D4E90401401AA169884203D200BF00BF37
:10B6D000F448EBE76169E0684618D4E905100844CE
:10B6E0002169A1EB000800BF00BF05F14C0001F08B
:10B6F0002BFA0746A069B0F5804F03D900BF00BF01
:10B70000E948D3E7D4E9051008442169A1EB000812
:10B71000072F01D0022F3DD1E868404503D900BF73
:10B7200000BFE248C2E7D5F8CC00012822DB224660
:10B730000DA90EA8D5F8CC30FFF768FF0EA905F1CA
:10B7400034000D9A0AF027FC314605F13400A26955
:10B750000AF021FC01A905F134000AF02DFC05F1E5
:10B7600034000AF063FCEA68A169881901A918F09D
:10B7700015FC03E000BF00BFCA4897E700BF00BF49
:10B78000A069E9680844A061E868A8EB00081A9875
:10B79000401C1A90062F03D0082F01D00A2F67D122
:10B7A0006FF06D000C902846FFF748FF089028695D
:10B7B000404503D900BF00BFBC4877E7A3464FF020
:10B7C00008095C46CDE900B905F114020C2109A86D
:10B7D000AB68FFF73CFF22460DA90EA8D5F8CC3088
:10B7E000FFF714FF00BF00BF00BF00BF00BF00BFD6
:10B7F00000BF00BF2869A169314404F11802CDE9F6
:10B800000362CDE90510A0690D99CDE900160290FB
:10B810000EAB09A905F14C006A6814F014FF0C90F6
:10B8200018B100BF00BF0C9840E700BF00BFA0697F
:10B8300029690844A0612869A8EB0008089898B114
:10B840006069484503D200BF00BF98482EE7A6EBC9
:10B8500009004A46594618F0A1FB6069A0EB0900AF
:10B860006061A0694844A0611A98401C1A907EE06B
:10B87000022F78D16FF06D000C90A069401C6968B0
:10B88000B0FBF1F201FB1200A1EB0009686848452A
:10B8900001D14FF0000909F10100804503D200BF3A
:10B8A00000BF824802E74FF0000B05E0A169594450
:10B8B00006F801900BF1010BCB45F7D909F1010016
:10B8C000A1690844A06109F10100A8EB0008D5F8BE
:10B8D000CC0002281EDBBAF1000F03D100BF00BF6D
:10B8E0007048E3E660696968884203D200BF00BF20
:10B8F0006E48DBE605F114016A682898D0470C9081
:10B900000C9808B10C98D1E66A68B01A05F11401D8
:10B9100018F044FB00BF00BF0BA9A069CDE901618D
:10B920000090334605F1140105F14C006A6814F0EB
:10B9300045FE0C9018B100BF00BF0C98B6E6A06998
:10B940000B99884203D000BF00BF5648AEE6686836
:10B95000361A60696968401A6061A06969680844BC
:10B96000A06104E0FFE700BF00BF4E489EE61A98C2
:10B97000012803D000BF00BF4A4897E600BF00BFC0
:10B98000002093E62DE9F74FBEB00D4614464FF068
:10B99000000A00264FF0010900203E9000BF00BFC2
:10B9A0005CB1E06848B1D4E90401884205D3D4E928
:10B9B0000401401AA169884205D200BF00BF39487E
:10B9C00041B0BDE8F08F6169E068471805F18C006F
:10B9D00001F0BAF88046B8F1060F05D0B8F1080FAB
:10B9E00002D0B8F10A0F70D14FF0080B2846FFF7CC
:10B9F00025FE012811D1A069584504D200BF00BF1F
:10BA000029488038DCE72B975F44606958446061BF
:10BA1000A069A0EB0B00A06100E02B94A06929694C
:10BA2000884204D200BF00BF1F488038C8E7A06921
:10BA30002969401AA0612B98CDE9000B05F1240279
:10BA40000C212CA8AB68FFF702FE22462FA930A8D4
:10BA5000D5F8CC30FFF7DAFD00BF00BF00BF00BF54
:10BA600000BF00BF2869A16939443DAACDE903722E
:10BA7000CDE90510A0692F99CDE90017029030ABF0
:10BA80002CA905F18C006A6814F00EFE3C9088B178
:10BA900000BF00BF3C9810F5C64F09D1024880385E
:10BAA0008EE712E00094FFFF008FFFFF0096FFFF7C
:10BAB0003C9885E70AF1010AA0693D99884203D0C4
:10BAC00000BF00BFFD487BE7DCE0B8F1020F70D19A
:10BAD0004FF0000BD5F8CC00022801DB68688344E6
:10BAE000A06969685944884205D3A169E868584447
:10BAF000401C814203D200BF00BFF14860E7A0694B
:10BB00006968B0FBF1F201FB120018B100BF00BF81
:10BB1000EB4855E7D5F8CC0002280FDB394605F194
:10BB200024006A6818F03AFA68680744606969682E
:10BB300008446061A0696968401AA0613DA9A069D4
:10BB4000CDE9017100903B4605F1240105F18C001F
:10BB50006A6814F033FD3C9018B100BF00BF3C98F8
:10BB60002EE7A0693D99884203D000BF00BFD348AB
:10BB700026E7A069401E3E5CBAF1010F11D1701C8E
:10BB8000A169814201D3012000E0002009FB00F9F6
:10BB9000701CA169814201D3012000E000204643CE
:10BBA00015E0A169E8683044401C814202D30120BD
:10BBB00001E063E0002009FB00F9A169E868304476
:10BBC000401C814201D3012000E000204643761C46
:10BBD000D5F8CC00002849DD002100222E97D4F8AA
:10BBE00018C0ACEB060CCDF8B4C0D4F818C0BCF546
:10BBF000807F02D8D4F818C001E04FF4807CCDF8E3
:10BC0000B0C0D4F818E0DDF8B0C0AEEB0C031846B5
:10BC10001AE0DDF8B4C0604502D34FF0010C01E03A
:10BC20004FF0000C4CEA0202DDF8B8C01CF800C06E
:10BC3000A6F1010EF44502D14FF0010C01E04FF0E6
:10BC4000000C02FB0C11401CD4F818C08445E0D84D
:10BC5000B14202D14FF0010C01E04FF0000C0CEAB0
:10BC60000909C9EB492C0CEA060603E000BF00BF36
:10BC70009248A5E6A069801BA06103E000BF00BF59
:10BC80008E489DE6BAF1000F72D1A069E968401AAA
:10BC9000A06122462FA930A8D5F8CC30FFF7B6FC1A
:10BCA000D5F8CC0000287DDD00202290A06930442A
:10BCB00001900198B0F5807F03D90198A0F58070BC
:10BCC00000E000200090802102A818F08EF9286C76
:10BCD0000AF030FA032806D0042805D0062804D03C
:10BCE00007281ED10FE000BF00BFA0692F990844AC
:10BCF000304408308109A0692F9A10440830A1EB24
:10BD00009010229011E0A0692F990844304410301F
:10BD1000C109A0692F9A10441030A1EBD0102290D5
:10BD200003E000BF00BF65484AE600BFC9EB092039
:10BD300022990840229030A905F140002F9A0AF07C
:10BD40002AF9394605F14000A2690AF024F9A169EF
:10BD5000C8193146FFF74EFC23A905F140000AF04F
:10BD60002BF905F1400009F0BFFF4FF0000B07E091
:10BD700048E002A905F140000AF0ACF90BF1010B13
:10BD80002298401C8345F4D302A905F140000AF033
:10BD900009F805F140000AF049F9DDE90032D21A4C
:10BDA000EB6800E005E0D118009AB818FFF722FC14
:10BDB00003E000BF00BF414802E6A069C11923AA01
:10BDC000EB68229121924FF0000C002010E0DDF88A
:10BDD00088E01EF800E0CDF880E0DDF884E01EF891
:10BDE00000B0DDF880E08EEA0B0E4EEA0C0C401C31
:10BDF0009842ECD3BCF1000F01D04FF000090AF1DA
:10BE0000010A00BFB9F1000F01D12D48D8E5BAF100
:10BE1000010F03D000BF00BF2848D1E500BF00BF1D
:10BE20000020CDE52DE9F04704460E466FF06D0584
:10BE300044F24D1800BF00BFE06938B9206A28B944
:10BE400000BF00BF1E488030BDE8F087A16D206EA6
:10BE5000401AA8EB0000B04204D200BF00BF18484F
:10BE60008030F1E700BF00BF3EE0E06F371A2046A8
:10BE7000FFF7AFFB08B1134D18E0206A60B1D4F8AA
:10BE80007C90226E02EB09012268936C3A46D4E959
:10BE900008C0E047054609E0D4F87CC0226E02EBFA
:10BEA0000C013A46E369606A9847054600BF00BF47
:10BEB00000BF00BF55B90448C6E700000094FFFF6B
:10BEC000808EFFFF0098FFFF808DFFFF002D01DABD
:10BED0002846B9E7BD4200D803E000BF00BFF748DD
:10BEE000B2E7E06F2844E067E06FB042BDD300BF27
:10BEF00000BF0020A8E70146D1F8CC00022801DAF3
:10BF000000207047D1E90102801AFAE770B50446B3
:10BF10000D4604F190046068A0F10800206060689C
:10BF200000F10300A060606800F10500E060E068D7
:10BF30002061A4F190043DB12846FFF7DCFFD4F85E
:10BF4000A0100844C4F8A00070BD70B504466FF09E
:10BF50006D0500BF00BFA06918B900BF00BFD84879
:10BF600070BDD4F8AC0018B900BF00BF0020F7E7DF
:10BF700021E000BF00BFD4F8AC10D4F89400461AFA
:10BF80003146A369D4F8AC20606A9847054600BFE3
:10BF900000BF002D01DC2846E2E7D4F8AC00A8423F
:10BFA00000D303E000BF00BFC448D9E7D4F8AC0019
:10BFB000401BC4F8AC00D4F8AC000028D9D1D4F8A8
:10BFC0008C000830C4F894002046216CFFF79EFFD7
:10BFD00000BF00BF0020C3E710B51870597010BD36
:10BFE0002DE9F04F89B0044688464FF0000BD4F895
:10BFF000A860CDF8208000BF00BFBBF1000F7DD14D
:10C0000044F24D1AD4F894C00CF10103D4F800C0E6
:10C01000DCF850C0CCF34002D4E90201FFF7DCFFAA
:10C02000D4F89010D4F8B0200A60D4F8B400486076
:10C03000300AD4F898100870D4F898104E70206C1C
:10C04000002852D0D4F89C000490D4F88C10D4F876
:10C050009C00401AAAEB00000590D4F8A8000790B5
:10C06000D4F8A0000499401A0690D4F89000016812
:10C0700001914068029023681B6DC3F340020DF1EB
:10C080000D03D4E90201FFF7A7FFD4F8A400C0B262
:10C090008DF80C002068C06900902068836901AAAF
:10C0A0002046216CFFF7F3FA5FEA000905D000BFD4
:10C0B00000BF484609B0BDE8F08F069818B100BF30
:10C0C00000BF7E48F6E79DF80C0004F19804E0609C
:10C0D00007980646206107984FEA102021680870EB
:10C0E000079854F89819487000BF204600F036FDB4
:10C0F0008719D4F89410D4F8A40000E02FE0087059
:10C1000000BF00BF00BF00BF04F14004E06E384430
:10C11000E066606D3844606554F840192046FFF7CA
:10C12000F5FE08250CE0681E04F1B001085C401C17
:10C1300010F0FF02A5F101000A5400D004E06D1ECA
:10C1400000BF0020A842EED300BF00BF0020A842DD
:10C1500004D100BF00BF59488030ABE700BF08984A
:10C16000012809D12046FFF7F0FE5FEA000903D05D
:10C1700000BF00BF48469DE700BF00BF002099E711
:10C180002DE9F04104466FF06D07D4F8A800051FB3
:10C19000D4F8A000067800BF00BFD4F8A400162889
:10C1A00008D0D4F8A400142804D000BF00BF43482E
:10C1B000BDE8F081D4F8A400162800D12EB1A06B00
:10C1C00018B900BF00BF3D48F2E7D4F8A800B0F5A9
:10C1D000804F03D900BF00BF3848E9E7D4F8A40076
:10C1E000162813D1280C54F8A01F4870280A21687B
:10C1F000887054F8A019CD7046B1D4F8A820D4F8AE
:10C20000A010A06BD0F85831204698470121204655
:10C21000FFF7E6FE070003D000BF00BF3846C7E7C0
:10C2200000BF00BF0020C3E70146C86E407800048D
:10C23000CA6E927840EA0220CA6ED27810437047E4
:10C2400070B5044600BF0420A16F884203D900BF27
:10C2500000BF1C4870BD00BF04252046FFF7E4FF67
:10C260002844C4F8800000BF00BFD4F88010A06F3D
:10C27000884204D200BF00BF11488030EAE70020A6
:10C28000E8E770B50446A56B6068102808D03DB19A
:10C29000D4F88020E16EA06BD0F858312046984742
:10C2A00070BD0146162907D0152905D0142903D0E1
:10C2B000172901D0034870470020FCE70094FFFFD6
:10C2C000008FFFFF008EFFFF10B51C7804605C78C4
:10C2D0000C6010BD2DE9F04F85B006460D46914625
:10C2E0001C464FF0000A4FF0010B4FF001080220EE
:10C2F0000290082001900220009008F10207B81C6B
:10C30000814505D200BF00BFFD4805B0BDE8F08FF4
:10C3100028782072207AFFF7C4FF18B100BF00BF51
:10C32000F748F2E715F80800607208F10100295C8F
:10C33000A1723068006DC0F3400204F1090303A943
:10C3400004A8FFF7C1FFB0680499884203D000BF7A
:10C3500000BFEB48D9E7306890F84D000399884258
:10C3600003DA00BF00BFE648CFE7F06D0168216047
:10C3700040686060B81C6061781C285CE95D40EA38
:10C380000120A06100BF00BF00BF00BFE560D4E98D
:10C39000050108442061A06908B9D948B5E7002023
:10C3A000B3E72DE9F04104460D46002700BF00BF6A
:10C3B000002F50D1E06B00284DD095F808802A4618
:10C3C0002046E16BFFF7DEFA060004D000BF00BF95
:10C3D0003046BDE8F081287A404501D000BF00BF5B
:10C3E00000BF00BFA869B0B9E068032806D1287A69
:10C3F000172803D000BF00BFC148EAE754F8840FF4
:10C40000401C206054F88409032807DD00BF00BFEA
:10C41000BB488030DDE70020C4F8840008210CE030
:10C42000481EE26D105C401C10F0FF02A1F10100FB
:10C43000E36D1A5400D004E0491E00BF002088427A
:10C44000EED300BF00BF0020884203D100BF00BF71
:10C45000AC48BEE700BFA06FB0F5804F03D900BF66
:10C4600000BFA748B5E70020B3E770B504466FF0FA
:10C470006D05606F162806D12046FFF7E1FE050026
:10C4800001D0284670BD606F14280ED1A06F01281E
:10C4900003D000BF00BF9A48F4E7E06E007801289F
:10C4A00003D000BF00BF9648ECE7606F152829D184
:10C4B000A06F022803D000BF00BF9148E2E700BF91
:10C4C00000BFE06E0078022803D100BF00BF8E4895
:10C4D000D8E7E06E0078012806D1E06E407818B900
:10C4E00000BF00BF8948CDE7E06E0078012807D182
:10C4F000E06E4078642803D100BF00BF0020C1E790
:10C500008348BFE70020BDE7016E0839C165016EB1
:10C51000C91C4166016E491D8166816EC166704706
:10C5200070B588B004466FF06D0500BF0520064663
:10C5300031462046FFF776FC054625B100BF00BF17
:10C54000284608B070BD01AB2046E26F216EFFF7B0
:10C55000C1FE05460DB12846F3E720460599FFF7D1
:10C5600061FC05461DB100BF00BF2846E9E7002079
:10C57000E06701A92046FFF714FF050001D0284617
:10C58000DFE72046FFF7C0FF606E801CA0669DF8C5
:10C590000C0060679DF80C00216E087006990498E5
:10C5A0000844E0660798A0670798000A616E087063
:10C5B0000798616E48700020C3E70146886F08B194
:10C5C000012070470020FCE770B50446D4F88000D5
:10C5D00000B3206F20B100BF00BF4A48803870BD53
:10C5E000A16FD4F8800088420ED2D4F88010A06FDA
:10C5F000401AA067D4F88050E36E59191846A26F0C
:10C6000017F0CCFC00BF01E00020A0670020C4F8B8
:10C61000800005E0206F08B10020E0E70020A0675F
:10C620000020DCE770B505460E466FF06D0400BFD4
:10C6300000BFD5F8880088BB00BF2846FFF7C4FFBD
:10C6400004460CB1204670BD2846FFF7B6FF60B91E
:10C650002846FFF765FF044614F5CB4F00D109E0EB
:10C660001CB100BF00BF2046EDE72846FFF7FDFEE6
:10C67000044600BF14F5CD4FDFD014F5CB4FDCD00E
:10C680001CB100BF00BF2046DDE7686F16280BD144
:10C69000012E09D12846FFF7F4FD05E0FFE700BFB2
:10C6A00000BF0020C5F8880000BF00BF0020CAE717
:10C6B0002DE9F04104460D4616466FF06D070CB1AA
:10C6C000206810B91348BDE8F08100BF00BF00BF6B
:10C6D00000BF152004F1A00460604FF00200A060CC
:10C6E0002068057054F8A00946704FF001012046FB
:10C6F000FFF776FC07000FD000BF00BF3846E2E727
:10C70000008EFFFF8094FFFF8088FFFF8087FFFF80
:10C710008099FFFF008FFFFF00BF00BF0020D2E71E
:10C7200010B50446282202212046FFF7C1FF10BDA4
:10C7300070B504466FF06D0500BF00BF1420C4F84B
:10C74000A4000120C4F8A800D4F8A0100870606804
:10C75000401C60602046FFF713FD050003D000BFBA
:10C7600000BF284670BD00BF00BF0020FAE770B5CB
:10C7700004466FF06D0500BF00BF01212046FFF7A2
:10C7800051FF050003D000BF00BF284670BD606F99
:10C79000142808D000BF00BF0A2202212046FFF75C
:10C7A00087FFF248F2E700BF00BFA06CE063606B58
:10C7B000A0620021E06D016041602046FFF7A4FE09
:10C7C0006068401C606000BF00BF0020DEE710B55D
:10C7D0000446D4F88C000830C4F89400A06D0830EA
:10C7E000206600212046FFF791FB2046FFF78CFED4
:10C7F00010BD0146086F08B900207047886FFCE73C
:10C800000146D1F88800012802D100BF00BF70475F
:10C81000D1F8800040B18A6FD1F88000904203D2F5
:10C8200000BF00BF0120F2E7086F18B100BF00BFD2
:10C830000120ECE700BF00BF0020E8E72DE9F04150
:10C8400006460025346C304600F088F9804614B95D
:10C850004046BDE8F08104F14C0000F075F9801EFF
:10C8600009281ED2DFE800F00A1D1D1D0508061D5F
:10C87000070000BF00BF00BF256816E000BF00BF73
:10C8800000BF00BFE06C08B9002001E0E06C406927
:10C890000746E06805443D44F068022800DB3D445B
:10C8A00003E000BF00BFB248D3E700BF08EB0500BC
:10C8B000CFE72DE9F04104460F4690466FF06D0535
:10C8C0000CB1206810B9AB48BDE8F08100BF00BFD3
:10C8D000606810280BD0204601F026FE054615F5AD
:10C8E000D64F04D01DB100BF00BF2846ECE770E072
:10C8F000606D48B1616DE06C8847401C04D12068D0
:10C90000816C2046FEF756FE01212046FFF78AFE85
:10C91000050008D015F5E54F01D10020D4E700BF90
:10C9200000BF2846D0E7A06F88B9606F17280ED1E6
:10C9300001212046FFF776FE050008D015F5E54FEA
:10C9400001D10020C0E700BF00BF2846BCE7606FF0
:10C95000162826D100BF00BF2068006DC0F300007C
:10C9600060B9E06E007828B900BF0420D4F88010C8
:10C97000884203D000BF00BF7C48A5E700BF00BFCE
:10C98000E068012808DB642201212046FFF790FEC1
:10C99000050005D0284697E700BF00BF744893E71D
:10C9A00017E0606F152803D100BF00BF72488BE706
:10C9B000606F172803D000BF00BF6C4884E7E06EAB
:10C9C00020676068102803D100212046FEF7F2FDA1
:10C9D00000BF206F00288BD0A06F404501D9404692
:10C9E00000E0A06F064632463846216F17F0D6FAAF
:10C9F000A06F801BA067A06F20B900202067C4F83B
:10CA0000880002E0206F3044206700BF00BF30463E
:10CA10005AE72DE9F041044688461546204601F0C4
:10CA200059FB06463746002E04DA00BF00BF3046E9
:10CA3000BDE8F081BD4200D93D46D4F8AC0040B11C
:10CA40002046FFF782FA060019D000BF00BF30462B
:10CA5000EEE704F1A004A5604FF01700606054F801
:10CA6000A0092A46414617F099FA01212046FFF70E
:10CA7000B7FA060003D000BF00BF3046D8E728460B
:10CA8000D6E72DE9F04104460D4616466FF06D07D6
:10CA900000BF00BF0CB1206810B93648BDE8F08176
:10CAA0006068102808D0204601F03EFD070003D042
:10CAB00000BF00BF3846F1E7324629462046FFF75F
:10CAC000A8FF074600BF00BF3846E7E770B5044639
:10CAD0006FF06D050CB1206808B9264870BD00BF25
:10CAE00000BFD4F8AC0018B12046FFF72EFAF5E7E6
:10CAF000606810280AD1002201212046FFF7D8FDE6
:10CB0000050003D000BF00BF2846E7E700BF00BF15
:10CB10000020E3E710B5044604B910BD04F14C0051
:10CB200013F090FA04F18C0013F08CFA04F1340045
:10CB300008F0FCFF04F1400008F0F8FFD021204687
:10CB4000FEF728FD00BFE8E7014600BF00BF086808
:10CB500008B90020704708684078FBE70146D1F823
:10CB60009420D1F89C00801A704700000089FFFFD4
:10CB70000094FFFF008FFFFF0097FFFF0146887AB8
:10CB80000B280FD2DFE800F00E06080A0C0E0E0785
:10CB90000E090B0000BF00BF00BF00BF00BF00BFF9
:10CBA000012070470020FCE701704170704710B50C
:10CBB0000446206E38B1206E18F02EFE002020664C
:10CBC00084F86800606610BD10B5044604B910BD55
:10CBD0002046FFF7ECFF70212046FEF7DBFC00BF8C
:10CBE000F5E770B505460C462846FFF7EDFF7022C5
:10CBF0002146284617F0D2F9206E98B10120616EC7
:10CC000017F073FA2866286E08B9F84870BDD4E9A1
:10CC10001812286E17F0C2F994F8680085F86800B9
:10CC2000606E68660020F1E72DE9FF4F97B09946E6
:10CC3000DDF89CB0DDF894A0002015906FF06D0039
:10CC4000009001A808F06DFF179808F011FF0490FC
:10CC500018B9E7481BB0BDE8F08F049809F064FAF2
:10CC60000446484617F006FA204450441590012027
:10CC7000159917F03AFA054615B9DC4800905CE0C2
:10CC8000484617F0F7F9074628193A46494617F07B
:10CC900085F92919C8195246249917F07FF9574484
:10CCA000012201A8049908F0AFFF009000B144E010
:10CCB00001A8DDE9181209F005F929193A4601A879
:10CCC00009F069F9294601A809F076F9002631E052
:10CCD00001A809F0ABF9E219294601A809F05BF9AE
:10CCE00005A901A809F068F901A809F09FF92246F1
:10CCF000294601A809F04FF9294601A809F05CF975
:10CD00003019584504D9BBFBF4F004FB10B000E027
:10CD1000204616904FF0000808E005A810F808100B
:10CD200006EB08022698815408F101081698804500
:10CD3000F3D326445E45CBD300BF01A808F0F6FE2E
:10CD400028461599FEF726FC402105A8FEF722FC8F
:10CD5000284618F061FD00987CE72DE9FF4704465E
:10CD60000D4616461F46DDE90D9ADDF83080334644
:10CD70002A46214606208DE88007FFF755FF04B0BC
:10CD8000BDE8F0872DE9FF4704460D4616461F46CD
:10CD9000DDE90D9ADDF8308033462A46214607202A
:10CDA0008DE88007FFF740FF04B0BDE8F0872DE96C
:10CDB000FE4F04460D4616461F46DDE90E9ADDF885
:10CDC00034804FF0000B032C02D0042C06D102E07B
:10CDD000DFF820B205E0DFF820B202E08748BDE8C6
:10CDE000FE8F00BF8DE800073A46314628460C9B6F
:10CDF000D847F4E72DE9FF4FC9B00446579F0020FC
:10CE0000489000265990C4F8CC704A9802F0BEFCB5
:10CE10008246BAF1000F06D100BF00BF77488038C4
:10CE20004DB0BDE8F08F9AF8080013F0C5F805463C
:10CE300025B900BF00BF71488038F1E79AF80900B2
:10CE400008F016FE8346BBF1000F04D100BF00BFFF
:10CE50006A488038E4E74FF4807008A94022CDE9A1
:10CE60000021029066A23021DDF830C1569B4B981C
:10CE7000E0474890489818B100BF00BF4898CFE7F6
:10CE800000BF00BF00BF00BF00BF00BF00BF00BFAA
:10CE900068684FEAD0096878062805D068780828BD
:10CEA00002D068780A281CD10021E16000269AF897
:10CEB0001C1011F0020F01D0082100E010212161A7
:10CEC0000C21616069780A2902D10C21A16001E07E
:10CED0000421A160D4E90112881A2169014421606A
:10CEE00042E06878072802D06878022838D1012209
:10CEF000594604F1340008F087FE489038B9012201
:10CF0000594604F1400008F07FFE489010B100BF80
:10CF100000BFC1E0584609F007F90646E660E86838
:10CF200060606878072802D1E06820601CE0E06853
:10CF30006969B0FBF1F201FB1200E1686A69114412
:10CF4000081A2060022F01D0032F04D1D4E9000178
:10CF50000844206008E000BF00BF254848909BE0DF
:10CF600000BF00BF22485BE700BF00BF589818BB56
:10CF700008A800EB4600079008A800EB460000EB6D
:10CF8000090808A8069030440590A06808B1A06878
:10CF900000E06068049008EB090104F11400049AB1
:10CFA00016F0FCFF08EB090204981118024604F180
:10CFB000240016F0F3FF04E000BF00BF0C484890C7
:10CFC0006AE0012F0DDB1EB3324604F134000699EE
:10CFD00008F078FF324604F14000059908F072FF2E
:10CFE00016E000BF00BF0248489055E00081FFFFF7
:10CFF0000094FFFF85CD00005BCD0000808FFFFF18
:10D000006B657920657870616E73696F6E000000E2
:10D01000294604F14C0013F046F8489010B100BFC7
:10D0200000BF39E0294604F18C0013F03CF8489029
:10D0300010B100BF00BF2FE001236A6804F14C006B
:10D04000079913F04BF8489010B100BF00BF23E0E0
:10D050000023414604F18C006A6813F03FF84890C1
:10D0600010B100BF00BF17E06878022813D1042177
:10D0700004F14C0012F0FFFF489010B100BF00BF58
:10D080000AE0042104F18C0012F0F5FF489010B181
:10D0900000BF00BF00E000BF4FF4807108A8FEF79A
:10D0A00079FA4898BCE62DE9F043A7B004460D464E
:10D0B00016464FF00C08676B07B9276B0EB9FAA03C
:10D0C00000E0FDA0814604A809F09CFE00BF00BF5F
:10D0D000A06B00F1100104A809F0A7FE00BF00BF7B
:10D0E0001FA904A80AF06FFE04A809F094FE2020EE
:10D0F0008DE82101A06B1FAB4A463021D0F864C1F6
:10D1000007F13000E04700BF00BF20211FA8FEF755
:10D1100041FA00BF00BF27B0BDE8F08370B59CB0F6
:10D1200004460E46154601A809F06CFE00BF00BF7C
:10D13000A06B00F1100101A809F077FE314601A8AB
:10D140000AF041FE2020286000BF00BF00BF00BFE2
:10D1500001A809F060FE1CB070BD2DE9F043C7B016
:10D1600004460D4616464FF00C08676B07B9276B4F
:10D170000EB9CDA000E0D0A0814604A80AF03EFF81
:10D1800000BF00BFA06B00F1800104A80AF049FFB6
:10D1900000BF00BF3AA904A80CF02DFA04A80AF0B9
:10D1A00036FF30208DE82101A06B3AAB4A46302192
:10D1B000D0F864C107F13000E04700BF00BF302164
:10D1C0003AA8FEF7E7F900BF00BF47B0BDE8F0831B
:10D1D00070B5B6B004460E46154668460AF00EFF16
:10D1E00000BF00BFA06B00F1800168460AF019FF84
:10D1F000314668460CF0FFF93020286000BF00BFC0
:10D2000000BF00BF68460AF002FF36B070BD03469B
:10D2100003290BD1072A09D1AB48C3F86401AB48F5
:10D22000C3F85C01AA48C3F860010DE0032909D1E5
:10D23000A848C3F86401A848C3F85C01A748C3F82C
:10D24000600101E0A64870470020FCE72DE9FE4F91
:10D2500004460D4617466FF06D064FF0300B0FF287
:10D26000842804F5B8794FF0400A0027D4F8E0018B
:10D2700020B100BF00BF0020BDE8FE8F3020CDE907
:10D2800000A502904B46424604F5D870D4F864C11C
:10D29000D4F86C11E04706461EB100BF00BF30460F
:10D2A000EAE700BF00BF302104F5D870FEF772F93D
:10D2B0000020E1E7F0B591B004466FF06D05A06B7A
:10D2C000D0F8686100BF00BF727AE168A06BFFF719
:10D2D0009EFF054625B100BF00BF284611B0F0BD36
:10D2E000626B02F130012246A06BFFF7AFFF0546EB
:10D2F0001DB100BF00BF2846F0E7A06B00F5B87174
:10D30000402201A816F04AFEA16B01F5B870202258
:10D3100009A916F043FEA16B01F5C870202201A9EE
:10D3200016F03CFE402101A8FEF734F92068006D9C
:10D33000C0F30000A26B02F5B872E168CDE9020407
:10D34000CDE90021A76BD7F86431676B07F1300294
:10D350007968A06CFFF74EFD05461DB100BF00BF08
:10D360002846BBE7A16B01F5B8704021FEF712F922
:10D3700000BF00BF0020B1E72DE9F0470446DFF809
:10D380007481A06BD0F8689100BF00BF4846FFF7DA
:10D39000F5FB38B900BF00BF6068401C606000202A
:10D3A000BDE8F0872068006DC0F3000048B9D4F8EC
:10D3B000B80030B900BF00BF6068401C606000204A
:10D3C000EEE700BF00BF072500BFA16B29B1A16B2D
:10D3D000496811B1A16B486801E02168886B08B900
:10D3E000002100E001680F4621E0BE6843F6FD70B1
:10D3F000401BB04203D200BF00BF3F48D0E7C6F396
:10D40000074054F8A01F4855C6F30721681C22683E
:10D410001154A81C22681654ED1CF96854F8A02970
:10D420005019324616F0BAFD3544D7F85071002F26
:10D43000DBD1E81F000C54F8A01F0871E81F000A98
:10D4400021684871E81F21688871A5601620606016
:10D450000B202168087054F89C0C401C44F89C0C6C
:10D46000A4F1A0042046FEF78BFE5FEA000803D07B
:10D4700000BF00BF404693E700BF00BF40468FE7B4
:10D480002DE9F047044688466FF06D09606F162855
:10D4900036D000BF00BF0A2202212046FFF708F95C
:10D4A0001648BDE8F0870000636C69656E742066FD
:10D4B000696E69736865640073657276657220666B
:10D4C000696E69736865640085CD0000D1D1000084
:10D4D0005BD100005BCD00001DD10000A7D0000093
:10D4E0000094FFFF6D6173746572207365637265EC
:10D4F00074000000808FFFFF008BFFFF0089FFFF9B
:10D50000E06E00780B2806D100BF0420801DD4F8FF
:10D510008010884209D900BF00BF32220221204674
:10D52000FFF7C6F8F848BDE8F08700BF042500BF44
:10D53000A81CE16E095C681CE26E105C41EA0026E2
:10D54000E06E405D38B900BF0421F01C0844D4F8F7
:10D550008010884208D000BF00BF3222022120463E
:10D56000FFF7A6F8E848DEE7ED1C5AE0E81CD4F81F
:10D570008010814208D200BF00BF32220221204623
:10D58000FFF796F8E048CEE7E06E405D40B100BF9F
:10D5900000BF322202212046FFF78AF8DA48C2E7AC
:10D5A000A81CE16E095C681CE26E105C41EA002672
:10D5B000ED1C802E04D3A819D4F88010884208D915
:10D5C00000BF00BF322202212046FFF771F8CE488B
:10D5D000A9E7E06E4119324640460FF071F98146E5
:10D5E00019F5225F0CD042F22E6019EB000006D034
:10D5F000AE2807D0A0F518502E3805D100BF0EE098
:10D60000502703E02B2701E02A2700BF3A460221DA
:10D610002046FFF74DF800BF00BF484683E700BF34
:10D620003544D4F88000A842A0D800BF00BF002035
:10D6300079E770B504460E46A06BD0F868512846CD
:10D64000FFF79CFA08B9012070BD0020FCE730B557
:10D650000446002030BD2DE9F04F89B004460F4646
:10D6600092469B460026A06BD0F8680108900020E7
:10D67000079017B909B0BDE8F08F206930B100BF3D
:10D6800000BFD4F81080D4F8149007E000BF00BFAA
:10D690002068D0F82C802068D0F830902068C56BC6
:10D6A0002068006C06900DB101200790606B6C3013
:10D6B00001A9A1E8010BD4F8BC0000902068436BDD
:10D6C00029465046069A10F0DAFB06460EB100BF16
:10D6D00000BF606B00F16C032068006DC0F30000B8
:10D6E00080F0010250460899FFF7B1FF18B100BF62
:10D6F00000BF06B9844E012F06D116F51C5F02D07B
:10D7000016F5F44F00D10026079820B9022F02D158
:10D7100000BF00BF7D4E002E4CD0606BC06E10F479
:10D72000807F01D031253FE0606BC06E10F0040FA8
:10D7300001D02A2538E0606BC06E10F4006F01D074
:10D740002B2531E0606BC06E10F4805F01D02B257B
:10D750002AE0606BC06E10F4005F01D02B2523E03F
:10D76000606BC06E10F4004F01D02B251CE0606B85
:10D77000C06E10F4803F01D02B2515E0606BC06EA9
:10D7800010F0010F01D02D250EE0606BC06E10F07F
:10D79000020F01D02C2507E0606BC06E10F0080F5F
:10D7A00001D0302500E02E252A4602212046FEF732
:10D7B0007FFF00BF30465DE72DE9F04104460D468E
:10D7C00016466FF06D072021012016F08EFC616B6C
:10D7D0000866606B006E48B900BF00BF502202218E
:10D7E0002046FEF765FF4A48BDE8F081062008F0B4
:10D7F0003FF98046606B32462946036E404608F08A
:10D80000FBFA07460620616B81F868002020616BF7
:10D8100048663846E8E7F7B50446154601984619C4
:10D820006FF06D07A16B01F1080002F085FCA06BA1
:10D8300000F10802314601A811F060FB07460FB164
:10D840003448FEBD0020FCE72DE9FC5F06460025BC
:10D850003068006DC0F3810800200190002400BFF3
:10D8600000BF41463046FFF7E4FE0746012F02D1D4
:10D8700000BF00BF5BE001213046FEF7D3FE05008C
:10D8800002D000BF00BF52E0706BFFF790F94FF479
:10D89000AA71012016F029FC044644B900BF00BF5C
:10D8A000502202213046FEF703FF194D3FE020468B
:10D8B0000EF0B0FF21463046FFF7E2FD054605B108
:10D8C00035E0224641463046019BFFF7C4FE05463F
:10D8D00005B12CE0E0680090D4F808A0C82050F80A
:10D8E0000490C42050F804B020460EF076FD204687
:10D8F00017F092FF0024524630460099FFF75CFF74
:10D9000005464DB113E000000086FFFF8089FFFF50
:10D910000081FFFF0094FFFF5A4649463046FFF75B
:10D920007AFF054605B102E000BF00BF00BF15B990
:10D930007068401C70602CB120460EF04EFD2046F1
:10D9400017F06AFF2846BDE8FC9F70B504460D46F7
:10D950001646A16B01F11000324629460AF0DAF9A9
:10D9600070BD70B504460D461646A16B01F18000EE
:10D97000324629460BF0DCFD70BD4A7A072A04D1F5
:10D98000FE4A836BC3F858210AE04A7A072A04D07A
:10D99000FB4A836BC3F8582102E000BF00BF704709
:10D9A00000BFFCE710B50446A16B01F11000002197
:10D9B00009F048FAA16B01F1800001210AF03EFB59
:10D9C00010BD70B504460D461646A16B01F110005E
:10D9D000324629460AF09EF9A16B01F180003246D9
:10D9E00029460BF0A5FD70BD70B50546AC6B04B9BA
:10D9F00070BD04F1100009F00EFA04F180000AF085
:10DA000006FB04F1080002F09DFB4FF4F87120467C
:10DA1000FDF7C0FD00BFEBE710B5044600BF00BF37
:10DA20002046FFF7E1FFA06B17F0F6FE0020A06391
:10DA3000606C28B1606CFFF76DF8606C17F0ECFE5D
:10DA4000A06C60640020A06400BF00BF10BD70B572
:10DA50000446A06BD0F8E05100BF00BF206B28B196
:10DA6000206BFFF7B1F8206B17F0D6FE606B2063D8
:10DA7000002060632068406A58B1206BC06840B1E4
:10DA80003DB92368216BD3E90920904708B100BF55
:10DA900000BF2046FFF7C0FF6068401C606000BF09
:10DAA00000BF70BD70B5044600BF00BF2046A16C2A
:10DAB000FEF72CFA2068006DC0F30002D4F8A00035
:10DAC000011DA06BD0F8603120469847E06808B986
:10DAD000242000E00C200546281D04F138042067AE
:10DAE0004FF01600E0664FF01400A16E087054F875
:10DAF0003809D0F8E00138B12068006DC0F30000AB
:10DB000028B90F20606002E06068401C606000BFC0
:10DB100000BF04F18000002101634163A06C206418
:10DB2000606BE0622046FEF72BFB060003D000BFCF
:10DB300000BF304670BD00BF00BF0020FAE72DE9EE
:10DB4000FE4F04466FF06D0700BF00BF2068006DF8
:10DB5000C0F3000080F00102A06B6946D0F860318C
:10DB60002046984701212046FEF75CFD070004D0BF
:10DB700000BF00BF3846BDE8FE8F606F162808D092
:10DB800000BF00BF0A2202212046FEF791FD7D481A
:10DB9000F1E70C25E06E0078142806D100BF0420C0
:10DBA0002844D4F88010884208D000BF00BF322239
:10DBB00002212046FEF77CFD7348DCE700BF04200D
:10DBC000E66E81196A462B468C4690460026002058
:10DBD00008E01CF8009018F800A089EA0A0B4BEA4C
:10DBE0000606401C9842F4D346B100BF00BF322263
:10DBF00002212046FEF75CFD6348BCE7A06BD0F82D
:10DC0000E00138B12068006DC0F3000028B90A2097
:10DC1000606002E06068401C606000BF00BF0020E0
:10DC2000A9E710B504464FF4F871204616F0DDF967
:10DC300004F1100009F0E6F8002104F1100009F0E9
:10DC400001F904F180000AF0D9F9012104F1800002
:10DC50000AF0F4F94D48C4F8580100BF00212046ED
:10DC6000FEF7A2FF00BF04F1080002F065FA10BD44
:10DC700010B50446D021204616F0B7F904F14C0047
:10DC800012F0D7F904F18C0012F0D3F904F134004A
:10DC900007F047FF04F1400007F043FF10BD10B547
:10DCA00004467021204616F0A0F910BD10B50446B8
:10DCB000A06C10B1A06CFEF72DFF606B10B1606B13
:10DCC000FEF782FFA06B10B12046FFF78DFEA06C1F
:10DCD00020B9D021012016F008FAA064606B20B9A9
:10DCE0007021012016F001FA6063A06B28B94FF48F
:10DCF000F871012016F0F9F9A063A06B18B1A06CBF
:10DD000008B1606B88B900BF00BFA06B17F084FD3D
:10DD1000A06C17F081FD606B17F07EFD0020A06302
:10DD2000A06460631848803810BD606BFFF7B7FFD0
:10DD3000A06CFFF79DFFA06BFFF773FF0020F3E7D8
:10DD400010B50446C421204616F04FF910BD2DE948
:10DD5000F04104460D466FF06D0644F24D17B8468B
:10DD600025600020C4F88C003946012016F0BDF96A
:10DD7000A065A06D78B900BF00BF09E063D90000BD
:10DD80004BD900000089FFFF8081FFFFC3D900004D
:10DD9000FE4E803E19E04146012016F0A6F9C4F877
:10DDA0008C00D4F88C0020B900BF00BFF74E803E35
:10DDB0000BE02046FEF70BFD2046FFF777FF06003D
:10DDC00000D002E00020BDE8F08154F8580F17F0B1
:10DDD00023FD606B17F020FD002044F8580C2060F4
:10DDE0006063A0606060E06020616061E063A063E8
:10DDF00020646064A064A4F158043046E3E72DE990
:10DE0000F041044688466FF06D0544F24D163746E2
:10DE10000020606000212046FDF7CCFB0020C4F804
:10DE2000C00020672046FEF7D2FC002044F8740FA3
:10DE30006060E0602061606120636063A063A4F1C2
:10DE4000740404F180004FF000010163416308464F
:10DE5000E0632064A062E0623946D4F88C0016F0DA
:10DE6000C4F80020E0673146A06D16F0BEF8606C83
:10DE700038B1606CFEF74EFE606C17F0CDFC0020F0
:10DE80006064206B38B1206BFEF79EFE206B17F0AC
:10DE9000C3FC002020632046FFF708FF050002D0E6
:10DEA0002846BDE8F0810020FBE710B504460021BC
:10DEB0002046FFF7A4FF10BD026D61F3000202656A
:10DEC0007047026D61F3410202657047026D61F3B4
:10DED000830202657047C162026370478161C2615B
:10DEE000704701614261704710B5029C41628261D6
:10DEF000C361046210BD816470472DE9F04104469E
:10DF00000F4615461E46E7642565666500212046D6
:10DF1000FDF750FBBDE8F08170B504460D466FF08B
:10DF20006D063CB135B1606B20B12068006DC0F367
:10DF3000000008B1964870BD2946606BFEF751FE9F
:10DF4000060001D03046F6E70120A16BC1F8E001E0
:10DF50000020F0E7016041608160C1607047032AE2
:10DF600000D07047002B01DB032B00DDF9E740F800
:10DF7000231000BFF5E7416370472DE9F0410546E6
:10DF80000E4617460C21012016F0AFF804461CB9C6
:10DF90007E488038BDE8F081266067600020A06080
:10DFA000286808B92C6007E0286800E0806881686C
:10DFB0000029FBD1846000BF0020EBE770B5044668
:10DFC0000D4616463246294604F13800FFF7D5FFC4
:10DFD00070BDC16302647047016142617047416472
:10DFE00070472DE9F04104460D46002645B128460C
:10DFF00016F040F80646FF2E02D96548BDE8F081CC
:10E00000D4F8BC0060B154F8BC0F16F033F80746E2
:10E0100039462068FDF7BEFA54F8BC0917F0FCFB3E
:10E020001DB90020C4F8BC0015E0711C012016F0D9
:10E030005CF8C4F8BC00D4F8BC0010B95348803870
:10E04000DCE732462946D4F8BC0015F0A7FF0020D3
:10E05000D4F8BC1088550020D0E780F84C1080F828
:10E060004D20704780F84E1080F84F207047026DA9
:10E0700061F30512026570470146086B10B1086B29
:10E08000C06E7047486B10B1486BC06EF9E74FF037
:10E09000FF30F6E710B504460CB1206B08B900203C
:10E0A00010BD216B486801F07FFBF9E70146C868A5
:10E0B00030B1012806D0022806D0032808D105E097
:10E0C00034A0704735A0FCE736A0FAE737A0F8E7A0
:10E0D00038A0F6E701464FF480407047014609B189
:10E0E000086B08B9002070470020FCE770B50446B3
:10E0F0000D463CB135B1206B20B12068006DC0F3F6
:10E10000000008B1224870BD2846216BFEF769FD6A
:10E11000F9E7014609B900207047086BFCE72DE9D3
:10E12000FF4F8BB00D9C002002900C9860B90298B4
:10E13000401D02900E990298884205D81F48016838
:10E14000216000792071641D0298083002900E99B8
:10E15000029888426ED80B9805680020CDE90050DF
:10E160003822DDE9005009902846099915F0EDFEA6
:10E1700004F8010B3022DDE900502E4608903046AD
:10E18000089915F0E2FE04F8010B19E08081FFFF09
:10E19000008FFFFF53534C76332E3000544C537690
:10E1A000312E3000544C5376312E3100544C53767E
:10E1B000312E3200756E6B6E6F776E006C0300202F
:10E1C0002822DDE900502F4607903846079915F0C0
:10E1D000BCFE04F8010B2022DDE90050A8460690A1
:10E1E0004046069915F0B1FE04F8010B1822DDE94E
:10E1F0000050A94605904846059915F0A6FE04F87A
:10E20000010B1022DDE90050AA4604905046049903
:10E2100015F09BFE04F8010B0822DDE90050AB4627
:10E2200003905846039915F090FE04F8010B009DE9
:10E2300004F8015B0298583002900E9902988842C7
:10E2400031D80B984068000A04F8010B0B9840681D
:10E2500004F8010B0B98806804F8010B0B98C06858
:10E2600004F8010B20220B991031204615F096FE80
:10E27000203430220B993031204615F08FFE303497
:10E280000B98C06E000E04F8010B0B98C06E000CCA
:10E2900004F8010B0B98C06E000A04F8010B0B98F0
:10E2A000C06E04F8010B0B98006EE0B10B98406E45
:10E2B000801C0299084402900E99029888421ED848
:10E2C0000B9890F8680004F8010B0B98406E04F866
:10E2D000010B0B98D0E91812204615F05FFE0B9841
:10E2E000406E04440BE00298801C02900E99029844
:10E2F000884204D8002004F8010B04F8010B189997
:10E30000029808600E990298884203D9F7480FB026
:10E31000BDE8F08F0020FAE7F8B507460C46154631
:10E320001E462B462246002138460096FFF7F7FE90
:10E33000F8BD2DE9FF4F8DB007460F9EDDE90F6058
:10E3400006EB00080E9880B9A8EB0600052803D25A
:10E35000E74811B0BDE8F08F0522E649304615F0D8
:10E360009FFE08B1E448F4E7761DA8EB06000828F4
:10E3700001D2DF48EDE796F80090002038220C909B
:10E3800048460C9915F0D2FD04460D4696F801A0BA
:10E390004FF000004FF030020B9050460B9915F0F3
:10E3A000C5FD044396F802B0002028220A90584682
:10E3B0000A9915F0BBFD0443F07800212022CDE935
:10E3C000081015F0B3FD0443307900211822CDE97F
:10E3D000061015F0ABFD0443707900211022CDE941
:10E3E000041015F0A3FD0443B07900210822CDE903
:10E3F000021015F09BFD2043F17908430090083688
:10E4000000983860A8EB0600582801D2B848A0E769
:10E410007078317840EA01207860B61C16F8010B5C
:10E42000B86016F8010BF8602022314607F11000A1
:10E4300015F0B4FD20363022314607F1300015F0DA
:10E44000ADFD303630780006717840EA0140B17891
:10E4500040EA0120F1780843F866361D002038664E
:10E46000A8EB0600022801D2A14872E716F8010BBA
:10E4700087F8680016F8010B7866786E38B397F85D
:10E48000680007F0F5FA04460CB9994861E72046A0
:10E4900007F04AFE796E884201D0954859E7A8EB0B
:10E4A0000601786E884201D9914852E70120796EC1
:10E4B00015F01BFE3866386E08B9904849E73146BA
:10E4C000D7E9180215F06AFD786E064400BF46458C
:10E4D00001D087483DE700203BE72DE9F0410746A2
:10E4E0000C4615462B46224600213846FFF721FFF1
:10E4F000064616B13846FEF767FB3046BDE8F081A8
:10E5000070B504467A4D80350CB1206808B978485A
:10E5100070BD2068006DC0F3000018B9204601F0FE
:10E52000A8F805462846F3E770B5044600250CB167
:10E53000206808B96E4870BD00BF00BF05E02046E6
:10E54000FFF7DEFF054605B102E060681028F6D14E
:10E5500000BF00BF00BF2846EDE770B505462C465A
:10E5600004E0A668204617F057F93446002CF8D18D
:10E5700070BD70B5044604B970BD00BF00BFD4F8CB
:10E580008C0068B144F24D1554F88C0F2946FDF704
:10E5900001F8206817F040F9002044F88C0900BF0A
:10E5A000A06D58B144F24D152946A06DFCF7F2FF5D
:10E5B000A06D17F031F90020A06500BF606C28B194
:10E5C000606CFEF7A7FA606C17F026F9A06B88B1B3
:10E5D0002046FFF709FAA06CFEF79CFA606BFEF785
:10E5E000F3FAA06B17F018F9A06C17F015F9606B2F
:10E5F00017F012F9206B28B1206BFEF7E5FA206BBB
:10E6000017F00AF9D4F8BC0060B154F8BC0F15F04B
:10E6100031FD054629462068FCF7BCFF54F8BC09CB
:10E6200017F0FAF800BF00BFC4212046FCF7B2FF84
:10E6300000BFA1E710B504465421204615F0D5FCD3
:10E6400010BD2DE9F04104460D4616461F462946E9
:10E650002046FFF731FC31462046FFF732FC25B952
:10E66000206D20F00C0008302065022F12D103200D
:10E6700084F84E0084F84F0084F84C0084F84D0074
:10E680001F48E060A060606020601E4860631E4814
:10E69000606413E0032084F84E0084F84F0084F88F
:10E6A0004C0084F84D0001F05BF8E060A060606011
:10E6B0002060164860631648606400BF00BF0020F9
:10E6C000BDE8F08110B50446A06BFFF746FF54216A
:10E6D0002046FCF75FFF10BD10B50446012120461F
:10E6E00001F05AFDB0B1012010BD00000096FFFFFF
:10E6F000008FFFFF6C03002000A1FFFF0081FFFFE0
:10E7000088030020C092020094030020A09202001F
:10E71000740300200020E7E70146012904D0022904
:10E7200005D0042905D101E00120704700BF032076
:10E73000FBE70020F9E70146012900D170470020DE
:10E74000FCE70246012902D0042904D101E0107837
:10E7500070475078FCE70020FAE7012902D004292D
:10E7600008D103E0037803B9027004E0437803B9E9
:10E77000427000E000BF00BF70470146072911D278
:10E78000DFE801F0100406080A0C0E0003207047B1
:10E790000420FCE70520FAE70620F8E70720F6E763
:10E7A0000820F4E70020F2E70146C81E062810D230
:10E7B000DFE800F0030507090B0D01207047022078
:10E7C000FCE70320FAE70420F8E70520F6E7062037
:10E7D000F4E70020F2E702460B461068406C10B9DF
:10E7E0004FF0FF3070471068416C05E008689842B0
:10E7F00001D10020F6E7091D08680028F6D1401E67
:10E80000F0E70246D068032801D034487047042955
:10E8100006D0052909D13248936BC3F85C0106E0A4
:10E820003048936BC3F85C0101E02C48EEE700BF71
:10E830000020EBE72DE9FE4F0446884615461E46AC
:10E84000DDE90C9A0027504607F012F98346584636
:10E8500007F06AFC286000BF00BF684607F061F956
:10E8600000225946684607F0CFF9070002D000BFE2
:10E8700000BF27E0684607F037FA070002D000BF64
:10E8800000BF1FE0A06B00F5B8714022684607F09A
:10E890005AFA070002D000BF00BF13E04A463146D3
:10E8A000684607F050FA070002D000BF00BF09E039
:10E8B0004146684607F076FA070002D000BF00BF65
:10E8C00000E000BF684607F031F927B1502202216D
:10E8D0002046FDF7EDFE3846BDE8FE8F009AFFFFAB
:10E8E000D1D100001DD100000146887A0B280ED23C
:10E8F000DFE800F00D0607090B0D0D0D0D080A00ED
:10E9000000BF00BF00BF00BF00BF01207047002054
:10E91000FCE703468B4202D8C81A904201D201207C
:10E9200070470020FCE70146886B28B1886B40687F
:10E9300010B1886B426801E00868826B0AB9002058
:10E9400070475068FCE72DE9F05F0746884692461D
:10E9500099464446002508F1060B0020C9F800003E
:10E96000386890F84D00032802D00020BDE8F09FE1
:10E9700000BF00BF3868406C08B9F948F6E738684E
:10E98000466C09E0AD1C4FF6FE70854203D900BF0E
:10E9900000BFF348EAE7361D30680028F2D10DB910
:10E9A000EF48E3E700BFAA1D51462046FFF7B1FF3D
:10E9B00008B1EC48DAE700BF00253868466C0CE087
:10E9C0003068FFF7F1FE29466D1C0BF801000122AB
:10E9D00028466D1C0BF80020361D30680028EFD14A
:10E9E00004F8010B0D2004F8010BA81C000A04F820
:10E9F000010BA81C04F8010B280A04F8010B04F809
:10EA0000015BA81DC9F800000020AFE72DE9F04127
:10EA100005466FF06D07A86B00F5B8740020F8F795
:10EA2000DEFF0646300E04F8010B300C04F8010B33
:10EA3000300A04F8010B04F8016B00BF00BF29681D
:10EA40001C22D1E9063021469847070002D03846FB
:10EA5000BDE8F0810020FBE710B504460CB90120A9
:10EA600010BD2069984202DCA069904201DA0120C1
:10EA7000F6E70020F4E72DE9F04F85B005466FF08A
:10EA80006D0004904FF0000800BF00BF2868806947
:10EA900028B900BF00BFB44805B0BDE8F08F2868B2
:10EAA00090F84E00A860286890F84F00E860286849
:10EAB00090F84C0018B900BF00BFAC48ECE7D5F89F
:10EAC000A09009F58040029000BF47224846029975
:10EAD000FFF71FFF08B1A348DEE700BF09F10404F8
:10EAE0002B681B6DC3F340022B6893F84D1093F80D
:10EAF0004C002346FDF770FAA41C00BF00BF284657
:10EB0000FFF784FF049018B100BF00BF0498C3E76B
:10EB1000A86B00F5B8712022204615F03FFA00BF1F
:10EB200000BF2034686BC768102F05D3202F03D88F
:10EB3000A86BD0F8E00100B9002704F8017B00269B
:10EB400005E0686B1030805D04F8010B761CBE4256
:10EB5000F7D300BF00BF00BF00BFE968286850F8C6
:10EB600021B00027A24600BF022220460299FFF7EB
:10EB7000D0FE08B17B488FE700BFA41C002627E029
:10EB80005BF8260000F002FE0090286890F84D30F7
:10EB900090F84F2029460098FFF75EFF00B116E07D
:10EBA00000BF00BF00BF022220460299FFF7B1FE5E
:10EBB00008B16C4870E700BF7F1C5BF82600000AB4
:10EBC00004F8010B5BF8260004F8010B00BF761C6B
:10EBD0005BF826000028D3D100BF00BF00BF00BFF4
:10EBE00000BF022220460299FFF793FE08B15D485C
:10EBF00052E700BF002004F8010BFF2004F8010BCE
:10EC00007F1CC7F3C7100AF8010B7806000E0AF83C
:10EC1000010B002001900198B8B100BF00BF00BFF8
:10EC200000BF00BF032220460299FFF772FE08B121
:10EC30004C4831E700BF022004F8010B012004F822
:10EC4000010B002004F8010B13E000BF00BF00BF60
:10EC500000BF00BF022220460299FFF75AFE08B10A
:10EC6000404819E700BF012004F8010B002004F818
:10EC7000010B00BF022220460299FFF74AFE08B1AD
:10EC8000384809E700BFA01C00EB080103AB284689
:10EC9000029AFFF758FE049018B100BF00BF049815
:10ECA000FAE60398804400BF00BFB8F1000F06D019
:10ECB0004FEA182004F8010B04F8018B4444A4EB3C
:10ECC0000900C5F8A8001620C5F8A4000120D5F851
:10ECD000A01008706868401C68602846FDF750FA6C
:10ECE000049018B100BF00BF0498D5E600BF00BF74
:10ECF0000020D1E670B506460C461546012D01D11F
:10ED0000207840B100BF00BF282202213046FDF725
:10ED1000CFFC174870BD0120C6F8C0000020F9E7FD
:10ED20002DE9FF5F04460020029000BF00BF0121D3
:10ED30002046FDF777FC039028B100BF00BF039881
:10ED400004B0BDE8F09FE66E606F162814D000BFD7
:10ED500000BF0A2202212046FDF7AAFC0548EFE782
:10ED600080A1FFFF0096FFFF008CFFFF008FFFFFD9
:10ED70008086FFFF0089FFFF00BF04202630D4F803
:10ED80008010884202D83078022808D000BF00BF27
:10ED9000322202212046FDF78BFCF948D0E700BF64
:10EDA0000420064400BF00BF2068006DC0F340028D
:10EDB000334604F10C01081FFDF786FA216891F82B
:10EDC0004E10A068884211DB216891F84F10E0686E
:10EDD00088420BDB216891F84C10A068884205DC62
:10EDE000216891F84D10E068884208DD00BF00BF3F
:10EDF000462202212046FDF75BFCE248A0E700BF67
:10EE000000BFA16B01F5C8702022B11C15F0C6F837
:10EE100096F8225000BF00BF202D08D900BF00BFC8
:10EE2000322202212046FDF743FCD54888E700BF87
:10EE3000042027302844D4F8801088421BD205F1E2
:10EE40002700315C401E305C41EA00270FB1042FDF
:10EE500008D300BF0420283028443844D4F8801058
:10EE600088421BD000BF00BF322202212046FDF79E
:10EE70001FFCC34864E700BF042026302844D4F8B0
:10EE80008010884201D1002708E000BF00BF322275
:10EE900002212046FDF70CFCB94851E705F124009A
:10EEA000315C401E305C41EA002905F1250016F86E
:10EEB00000A0BAF1000F08D000BF00BF2F2202212E
:10EEC0002046FDF7F5FBB0483AE7484600F05EFC07
:10EED000A16BC1F86801A06BD0F8680148B900BF08
:10EEE00000BF502202212046FDF7E2FBA6488038F1
:10EEF00026E7A06BD0F868112046FEF73EFD00BF64
:10EF000000BF00BF00BFA06BD0F8E001A8B1A5B161
:10EF1000606B4068484510D1606B806850450CD1EB
:10EF2000606BC068A84208D1616B01F110002A46ED
:10EF300006F1230115F0B4F8D8B16068401C606098
:10EF40000020A16BC1F8E001F8F749FD616B086092
:10EF5000606BC0F80490606BC0F808A0606BC5607F
:10EF6000616B01F110002A4606F1230115F016F835
:10EF70000FE00C2060602046FEF79CF9039040B142
:10EF800000BF00BF502202212046FDF791FB0398ED
:10EF9000D6E600BF00BF00BF00BF00BF00BF4FF0FC
:10EFA00000091DE0E168206850F8210050F82900B0
:10EFB00040B900BF00BF2F2202212046FDF778FB99
:10EFC0006F48BDE6E168206850F82120484609F105
:10EFD000010952F82000616B4968884200D100E0C5
:10EFE000E0E700BF616B486800F0D0FB0190E36888
:10EFF0001A4621460198FFF72FFD40B100BF00BF20
:10F000002F2202212046FDF753FB5D4898E600BF02
:10F0100000BFBAF1000F08D000BF00BF2F220221AD
:10F020002046FDF745FB56488AE6606BC0F808A00D
:10F0300006F1280000EB050800BF00BF3BE098F890
:10F04000010098F8001040EA0120009098F80300B1
:10F0500098F8021040EA012B0BF10400B84208D9DD
:10F0600000BF00BF322202212046FDF721FB4448A9
:10F0700066E66FF47F41009840180CD100BF00BFD6
:10F080005A4608F104012046FFF734FE039008B108
:10F09000039855E602E000BF00BF00BF00BF0BF1C0
:10F0A00004003F1A80442FB1042F03D200BF00BFD9
:10F0B000334845E600BF002FC1D1D4F8C00048B99D
:10F0C0002068006DC0F30110022803D100BF00BF0B
:10F0D000012002900298012806D128220221204610
:10F0E000FDF7E6FA26482BE600BF00BF002027E622
:10F0F0002DE9FF5F04460D46164699466FF06D0BED
:10F10000E06808B9002000E002200746A06B00F587
:10F11000D87000EB0908E819B0F5804F05D900BF99
:10F1200000BF1A4804B0BDE8F09F23681B6DC3F30D
:10F130004002236893F84D1093F84C004346FCF7C7
:10F140004BFF21682E22D1E9063008F102019847D1
:10F150005FEA000B03D000BF00BF5846E2E7302053
:10F16000A16BC1F86C01A06B00F1080A01215046A7
:10F1700001F012F870B900BF00BF0548D2E70000E7
:10F180008086FFFF8091FFFF808FFFFF0096FFFFCB
:10F190000093FFFF2068C06921688969C5F5804236
:10F1A000D21BCDE90062CDE90210D4F8A0002844BA
:10F1B000C319A06B4146D0F86C21504601F0E5F828
:10F1C0005FEA000B03D000BF00BF5846AAE7022F3A
:10F1D0000ED13068C0F30720D4F8A010485530682D
:10F1E000C1B2681CD4F8A02011543068801C306073
:10F1F000504600F0A7FF002094E72DE9F0410446B7
:10F200006FF06D06A06BD0F8685100274FF0000832
:10F2100000BF00BFA87A012807D100BF00BF606807
:10F22000401C60600020BDE8F08101212046FDF710
:10F23000F9F9060003D000BF00BF3046F3E7606F66
:10F24000162808D000BF00BF0A2202212046FDF781
:10F250002FFAFE48E7E7E06E00780C2812D0A87A73
:10F26000052802D0A87A072803D10120C4F8880015
:10F2700017E000BF00BF0A2202212046FDF718FA5E
:10F28000F248D0E700BF0420E16E4718D4F88010A0
:10F29000E06E00EB010800BF00BF00BF00BFEC48FC
:10F2A000C1E76068401C606000BF00BF0020BAE793
:10F2B0002DE9F05F04466FF06D0900250027AA468E
:10F2C000A06BD0F868B100BF00BF5846FFF70CFB39
:10F2D00038B900BF00BF6068401C60600020BDE816
:10F2E000F09F01212046FDF79DF95FEA000903D058
:10F2F00000BF00BF4846F2E7606F162808D000BF85
:10F3000000BF0A2202212046FDF7D2F9CF48E6E7E6
:10F310006068401C6060E06E00780D2801D101201B
:10F3200000E00020C4F8B80000BF00BFD4F8B80067
:10F3300018B90120C4F8880066E0E66E00BF04201A
:10F34000D4F88010884208D300BF00BF32220221C7
:10F350002046FDF7ADF9BF48C1E700BF0420375C88
:10F360003D4600BF00BF801C2844D4F8801088426E
:10F3700008D300BF00BF322202212046FDF798F9D2
:10F38000B448ACE7E068032820D100BF0420801C0B
:10F390002844315C0420401C2844305C41EA0028A9
:10F3A00000BF0420C01C28444044D4F88010884288
:10F3B00008D300BF00BF322202212046FDF778F9B2
:10F3C000A4488CE708F10200054400BF00BF0420F8
:10F3D000801C2844315C0420401C2844305C41EAF5
:10F3E000002A554400BF0420C01C2844D4F88010D3
:10F3F000884208D000BF00BF322202212046FDF71C
:10F4000057F994486BE700BF00BF00BF002066E7D4
:10F4100070B504466FF06D0500BF00BF01212046A6
:10F42000FDF700F9050003D000BF00BF284670BDFE
:10F43000606F162803D000BF00BF8448F7E700BF05
:10F440000420D4F88010884203D1E06E00780E28A2
:10F4500008D000BF00BF322202212046FDF728F964
:10F460007D48E4E76068401C606000BF00BF00208A
:10F47000DDE7F8B504466FF06D06A06BD0F8687153
:10F4800000BF00BFB87A01280AD1042500236A46CC
:10F4900029462046FFF72CFE060005D03046F8BD71
:10F4A00000BF00BF6A48FAE700982844C4F8A800E3
:10F4B0001620C4F8A4001020D4F8A01008706068CA
:10F4C000401C60602046FCF75BFE060003D000BFD6
:10F4D00000BF3046E3E700BF00BF0020DFE72DE9B3
:10F4E000F04F93B004465D4EA06BD0F868710020D9
:10F4F000129000250DF118088146824600BF00BF1A
:10F500002046FDF7D7FE060005D000BF00BF3046FD
:10F5100013B0BDE8F08F3846FFF7E6F930B900BF09
:10F5200000BF6068401C60600020F1E7D4F8B800BC
:10F5300078B100BFA16B29B1A16B496811B1A16B72
:10F54000486801E02168886B08B9002100E0016883
:10F5500031B900BF00BF6068401C60600020D7E781
:10F560002046FFF7E0F918B900BF00BF3C48CFE7DD
:10F57000A06B05AA06A9D0F85C3120469847E06840
:10F5800003281ED1A06BD0F86801407A072805D166
:10F5900081460520D4F8A010087105E04FF0060957
:10F5A0000420D4F8A01008712046FFF7BCF9834668
:10F5B000FFF792F8D4F8A0104871002005900225BA
:10F5C00003E000BF00BF2248A2E72046FFF7ABF9E7
:10F5D00083462068C0692168896912AACDE9030AB7
:10F5E000CDE90121D4F8A000801D284400904246B6
:10F5F00049465846059B00F05CFE060003D000BF5C
:10F6000000BF304684E71298C0F3072154F8A02FBA
:10F61000281D11541298C1B2681D22681154129805
:10F62000801D2844A060162060600F2021680870AB
:10F6300054F89C0C401C44F89C0CA4F1A0042046F7
:10F64000FCF79EFD060010D000BF0BE00089FFFF15
:10F650000094FFFF8085FFFF8084FFFF808FFFFF06
:10F66000008AFFFF00BF304652E700BF00BF3046B0
:10F670004EE770B5044600256068102801D0A06BE5
:10F6800008B9364870BD00BF00BF2046FCF75DFCDE
:10F69000050001D02846F5E76068102856D2DFE85B
:10F6A00000F0080B10151A1F24292E33383D42474D
:10F6B0004C51012060604DE02046FFF7DCF9054623
:10F6C00048E02046FFF72CFB054643E02046FEF7C6
:10F6D000BBF805463EE02046FFF78FFD054639E0C2
:10F6E0002046FFF7E5FD054634E02046FFF790FE93
:10F6F00005462FE02046FDF73FFE05462AE020465E
:10F70000FFF7B7FE054625E02046FFF7E8FE054671
:10F7100020E02046FDF70CF805461BE02046FEF7EA
:10F72000C1F9054616E02046FDF721F8054611E02F
:10F730002046FEF704FA05460CE000BF00BF0F208C
:10F74000606007E02046FEF782F903E000BF00BFDB
:10F75000024897E700BF284694E70000008FFFFFAC
:10F760003248704770B50546314C0DB9002070BD68
:10F7700007E02946606814F085FC08B92046F6E7E2
:10F78000203420680028F4D100BFF0E70246284961
:10F7900005E00868904201D10846704720310868AA
:10F7A0000028F6D100BFF8E710B504462046FFF761
:10F7B000EDFF03460BB91FA010BD5868FCE770B5FC
:10F7C00005462846FFF7CEFF04460CB9002070BD61
:10F7D0002068FCE70146887A0B2811D2DFE800F0A8
:10F7E000100607080B101009100D0E0000BF00BF17
:10F7F00000BF012070470420FCE700BF0220F9E7AA
:10F800000020F7E70146887A012806D0022805D0B3
:10F81000032804D0042806D103E000BF00BF012064
:10F8200070470420FCE70020FAE70000BC880200D3
:10F83000C4880200756E6B6E6F776E0010B504465B
:10F840004FF4A071204614F0D0FB4FF0FF30206140
:10F8500010BD10B5044604B910BD04F12000FAF73C
:10F8600011FF4FF4A0712046FBF794FE00BFF3E7B1
:10F8700041617047816170470246D2F8380110B18A
:10F880006FF033007047B1F5C07F02D96FF03700D9
:10F89000F8E7B1F1004F02D36FF03700F2E71161E2
:10F8A0000020EFE7C16170472DE9F74FADF5487DC6
:10F8B0008246164600200190B6F5C07F05D96FF04C
:10F8C00037000DF54B7DBDE8F08F4FF4D07160A887
:10F8D00014F08BFB02A8FAF7CBFE64AC300E04F8F0
:10F8E000010B300C04F8010B300A04F8010B04F88A
:10F8F000016BE41C302004F8010B32462046C99904
:10F9000014F04CFB8020A05506F1190B002502E0F5
:10F910004CA94D556D1C202DFADB4FF480724CA97B
:10F9200002A8FAF7BAFE019000B159E0002734E0CE
:10F9300060AC0020489049904A904B90D9461CE01A
:10F94000002506E048A8405D615D484048A948554B
:10F950006D1C102DF6DB1034B9F1100F01D31020FF
:10F9600000E04846A9EB000948AB48AA012102A8DB
:10F97000FBF797FD019000B132E0B9F1000FDFD144
:10F9800054A9C819102248A914F008FB9DF8830156
:10F99000401CC0B28DF883011037302FC8DB4FF404
:10F9A000807254A902A8FAF778FE019000B117E01E
:10F9B0000DF5B878544600270FE043464246012132
:10F9C00002A8FBF76EFD019000B109E0102241464C
:10F9D000204614F0E3FA10341037302FEDDB00BF6F
:10F9E00002A8FAF74FFE4FF4D07160A8FBF7D2FDE2
:10F9F000302154A8FBF7CEFD20214CA8FBF7CAFD0F
:10FA0000102148A8FBF7C6FD019818B130215046D7
:10FA1000FBF7C0FD019854E72DE9F0438DB0054692
:10FA20000E4601AF4FF00009302101A814F0DDFAB5
:10FA3000C8461DE010240AE0601E285C401C10F03F
:10FA4000FF01A4F10100295400D002E0641E002C43
:10FA5000F2DC00BF3B462A46012105F12000FBF7FE
:10FA600020FD5FEA000900D020E0103708F11008FF
:10FA7000B8F1300FDEDB002406E001A8005D315D47
:10FA8000484001A90855641C302CF6DB4FF4807205
:10FA900001A905F12000FAF700FE5FEA000900D095
:10FAA00004E009A80FC885E80F0000BF302101A8B5
:10FAB000FBF770FD48460DB0BDE8F083F0B58DB0A2
:10FAC00005460E4614466FF06D0714B900200DB0C0
:10FAD000F0BD2246314601A8FFF7E6FE070000D040
:10FAE00007E001A92846FFF797FF070000D000E0D4
:10FAF00000BF302101A8FBF74DFD3846E7E770B5A0
:10FB000005460E461446B4F5C07F01D94FF4C074C3
:10FB1000224631462846FFF7D1FF70BD2DE9F0435C
:10FB2000E1B00446884617461D4600266FF06D0971
:10FB3000A069B0F5C07F04D96FF0370061B0BDE8AF
:10FB4000F083A069C0F5C070A84202D26FF0370000
:10FB5000F4E7A069C0F5C070401BB84202D26FF054
:10FB60003700EBE74FF4C07101A814F03EFA01A989
:10FB7000D4F83831A269D4F83C01984710B16FF03D
:10FB80003300DBE7A06906445DB12A4601A9D4F839
:10FB90003831D4F83C01984710B16FF03300CDE70D
:10FBA0002E44B8F1000F07D037B101A988193A46A1
:10FBB000414614F0F3F93E44324601A901A8FFF78B
:10FBC00073FE5FEA000900D00AE001A92046FFF7B2
:10FBD00023FF5FEA000900D002E00120206100BF9E
:10FBE0004FF4C07101A8FBF7D5FC4846A6E770B5F5
:10FBF00004460D4616460023324629462046FFF7A6
:10FC00008DFF70BD0146302901D300207047481C8C
:10FC10004008FBE72DE9F04788B004460D4616463C
:10FC20001F46DDF840806FF06D092021684614F012
:10FC3000DCF904F12000FAF71BFDC4F83851C4F8D0
:10FC40003C61A06908B93020A0612069002801DB6F
:10FC5000206902E0A069FFF7D5FF824642F21070EA
:10FC6000E0614FF48072694604F12000FAF715FD57
:10FC70005FEA000903D0484608B0BDE8F087534664
:10FC8000424639462046FFF749FF5FEA000901D0A6
:10FC90004846F1E70020EFE72DE9F04F93B08146A9
:10FCA0008A4615469B461C9F002012904C46CDF874
:10FCB00014A0B5F5806F04D96FF0350013B0BDE81E
:10FCC000F08FB7F5807F02D96FF03700F6E730216B
:10FCD00006A814F08AF9E1692069884201DC6069AC
:10FCE00048B13A4659462046FFF781FF129008B1C5
:10FCF0001298E3E7002777B13A46594606A8FFF77E
:10FD0000D3FD129000B13EE006A92046FFF784FE25
:10FD1000129000B137E029E010260AE0701E205C46
:10FD2000401C10F0FF01A6F10100215400D002E0B8
:10FD3000761E002EF2DC00BF01AB2246012104F149
:10FD40002000FBF7AEFB129000B11CE0102D01D992
:10FD5000102000E028468046424601A9059814F08C
:10FD60001DF9059840440590A5EB0805002DD3D159
:10FD700006A92046FFF750FE129000B103E020696B
:10FD8000401C206100BF302106A8FBF703FC1021B6
:10FD900001A8FBF7FFFB129890E72DE9F843044612
:10FDA0000D4616466FF06D07A0460020034632460A
:10FDB000294600904046FFF76FFF07463846BDE8EA
:10FDC000F8830000F0B504460D46059E0020D4F8E7
:10FDD000E010142902DB6FF03D001EE001EB810C06
:10FDE00004F1E40747F82C5001EB810C07EB8C077A
:10FDF0007A6001EB810C04F1E40707EB8C07FB60F0
:10FE000001EB810C04F1E40707EB8C073E61D4F8A9
:10FE1000E0707F1CC4F8E07000BFF0BD38B5044648
:10FE20000020C4F8E0004FF4C87104F1E40014F0BD
:10FE3000DCF80020206004F1080008F0DFF8012061
:10FE400020230022BB4900902046FFF7BBFF38BDAE
:10FE500010B5044604F1080008F0D9F80020C4F8F1
:10FE6000E0004FF4C87104F1E400FBF793FB0020BD
:10FE7000206010BD2DE9F04792B004468846164632
:10FE80001D462F46B1464FF0000A402F0CD90023E3
:10FE900001AA2946304609F0F8FF5FEA000A00D0BF
:10FEA00026E00DF1040940278DF84480F8B28DF862
:10FEB0004500206840B9002104F1080008F0BEF8B0
:10FEC0005FEA000A00D013E001202060022211A99D
:10FED00004F1080009F02CFB5FEA000A00D007E0FB
:10FEE0003A46494604F1080009F022FB824600BF69
:10FEF000402101A8FBF74EFB504612B0BDE8F08749
:10FF00002DE9F04106460C4615466FF06D072B466D
:10FF1000224614213046FFF7ADFF07463846BDE8BC
:10FF2000F081F0B5A1B005466FF03B060027D5F88B
:10FF3000E00010B9301F21B0F0BD00243CE004EB1C
:10FF4000840105F1E40000EB81000069012800D183
:10FF500001270020009004EB840205F1E40101EB8D
:10FF6000820104EB8402486805F1E40151F822C0E3
:10FF70006B46802201A9E047060000D024E00098EB
:10FF8000C8B101AAE1B22846009BFFF773FF060043
:10FF900001D03046CFE704EB840105F1E40000EB2B
:10FFA000810080680099014404EB840205F1E400BB
:10FFB00000EB82008160641CD5F8E000A042BEDC4A
:10FFC0000FB96FF03C0600BF802101A8FBF7E2FAF1
:10FFD0003046B0E770B504466FF06D052046FFF778
:10FFE000A0FF0546284670BD2DE9F04F91B00646AA
:10FFF0000F4690464FF0000B3446B8F1400F04D93D
:020000040001F9
:100000006FF03B0011B0BDE8F08F00BF58460BF118
:10001000010BB0F5807F02DD6FF03B0983E02046E5
:10002000FFF77FFF5FEA000900D07CE0012010901D
:100030004FF0000A002523E005EB850104F1E40000
:1000400000EB810005EB8502816804F1E40000EB20
:100050008200C068814201D20020109005EB85012A
:1000600004F1E40000EB81000069012807D105EBF1
:10007000850104F1E40000EB8100806882446D1C7E
:10008000D4F8E000A842D7DC10980028BED0BAF11E
:10009000400FBBD34021684613F0A7FF694604F127
:1000A000080009F0A8FA5FEA000900D03BE004F17B
:1000B000080007F0ACFF04F1080007F09FFF0021E3
:1000C00004F1080007F0BAFF5FEA000900D02AE057
:1000D0004022694604F1080009F02AFA5FEA0009A3
:1000E00000D020E000236A464021684609F0CDFE9A
:1000F0005FEA000900D016E0002508E0002105EBCA
:10010000850204F1E40000EB820081606D1CD4F8EC
:10011000E000A842F2DC42466946384613F03EFF52
:100120004FF0000900BF40216846FBF733FA48460C
:1001300068E70000AD79000000BF00BF002101604A
:100140004160704710B5044604B910BD206818B16D
:10015000D4E90020916A884708212046FBF71AFA63
:1001600000BFF2E70146012901D1CB4870470020CA
:10017000FCE770B504460D4600BF00BF0DB1206816
:1001800008B1C64870BD686A8047606008B9C44855
:10019000F8E725600020F5E770B504460D460CB180
:1001A000206808B9002070BD2068C16828468847CB
:1001B000F9E770B505460C46206808B1002070BD0F
:1001C000284605F055FC060001D1401EF7E73046F1
:1001D00005F0AAFF20600020F1E72DE9FF4383B07E
:1001E00004460D461646DDE90F890E9F00BF00BF8D
:1001F00000BF00BF00BF00BF206820B106A928468D
:10020000FFF7D7FF18B1A54807B0BDE8F083206815
:10021000006910B9A1488038F6E7CDE90078D4E943
:100220000010D1F810C032462946069BE047EBE7A4
:100230002DE9FE4304460D4616461F46DDE90A89B0
:1002400000203B4632462946CDE9008902902046EF
:10025000FFF7C3FFBDE8FE832DE9FC5F04460E46B1
:1002600015461F46DDE90EABDDE90C8900BF00BF76
:1002700000BF00BF00BF00BF286810B98748BDE8B5
:10028000FC9F21462846FFF787FF10B98348803836
:10029000F5E7062C01D18348F1E70EB17F48EEE780
:1002A0004B46424639462846CDE900ABFFF7C0FF32
:1002B000E5E72DE9FF4F85B004460D46164612AF1F
:1002C00097E8800F00BF00BF00BF00BF00BF00BFA6
:1002D000206820B108A92846FFF76BFF18B16F48C6
:1002E00009B0BDE8F08F2068406910B96B488038CC
:1002F000F6E78DE88007D4E90010D1F814C0324643
:100300002946089BE047EBE72DE9F04F85B004460E
:100310000D4616461F46DDE910ABDDE90E890020CB
:100320003B46324629468DE8000F04902046FFF7F1
:10033000C0FF05B0BDE8F08F2DE9FF5F04460D4614
:1003400016461F46DDE910ABDDE90E8900BF00BF90
:1003500000BF00BF00BF00BF00BF00BF206818B9CA
:100360004E4804B0BDE8F09F2068806910B94B4842
:100370008038F6E78DE8000FD4E900103B4632469E
:10038000D1F818C02946E047EBE72DE9FF5F0446A6
:100390000D4616461F46DDE910ABDDE90E8900BFAC
:1003A00000BF00BF00BF00BF00BF00BF00BF20688C
:1003B00018B93A4804B0BDE8F09F2068C06910B988
:1003C00036488038F6E78DE8000FD4E900103B4648
:1003D0003246D1F81CC02946E047EBE770B5054628
:1003E0000C4600BF00BF00BF00BF286808B12068EE
:1003F00008B92A4870BD2068006A08B92948F9E799
:1004000020680078052806D128680078012809D0DE
:1004100022488038EEE728682168884202D01F48C9
:100420008038E7E76168686823681A6A9047E1E7FF
:1004300010B504460CB1206808B9002010BDD4E9FD
:10044000002091688847F9E770B504460D4600BF63
:1004500000BF206808B9114870BD2068C06A10B993
:100460000E488038F8E7D4E90010CA6A2946904758
:100470000020F1E7014609B1086808B90AA07047F1
:1004800008684068FBE7014609B1086808B9002020
:10049000704708680078FBE7A489020080C1FFFF6D
:1004A00080C0FFFF80C6FFFF696E76616C696420C3
:1004B000504B00000146012901D0062901D101203D
:1004C00070470020FCE770B504462546284600F03A
:1004D00042FCC00070BD2DE9F04F85B004460D46CA
:1004E00016461F46DDE90EA86FF06D0B04940498C4
:1004F00000F031FC8146C84503D2544805B0BDE840
:10050000F08F00231A461946CDE9026ACDE900575B
:10051000049801F0E8FA5FEA000B01D05846EDE7D5
:10052000C84501D94A48E9E70020E7E72DE9F04F3F
:1005300085B004460D4616461F46DDE910ABDDE9E1
:100540000E890494049800F006FCC9F80000012309
:100550005A465146CDE90268CDE90057049801F0AA
:1005600032FA05B0BDE8F08F2DE9F04F85B00446B2
:100570000D4616461F46DDE910ABDDE90E890494F1
:10058000049800F0E8FBB04203D0324805B0BDE863
:10059000F08F01235A465146CDE90279CDE9008515
:1005A000049801F0CEF8F1E72DE9FF5F04460D460F
:1005B00016461F46DDE910ABDDE90E89039403986A
:1005C00000F0C9FBC8F80000D8F80000484504D97D
:1005D0001E48803804B0BDE8F09F00235A465146BB
:1005E000CDE901570096039800F044FFF2E770B59B
:1005F00004460D462946204600F011FC70BD10B59A
:10060000AC21012013F071FD044624B100221146F3
:10061000204600F08EFB204610BD10B50446204653
:1006200001F084FA204615F0F7F810BD01220A7097
:1006300009A24A6000F108028A600C3101220A70A6
:1006400007A24A6000F114028A60704780BCFFFF75
:1006500000C7FFFF80BFFFFF7273612E4E000000D6
:100660007273612E45000000F0B503460C461D462E
:1006700026460020002106E06F5C16F801C087EADC
:100680000C073843491C9142F6D3F0BD2DE9F047E1
:1006900004460D4616461F46DDE908896FF06D0ACF
:1006A00000BF00BF3DB1294604F1080001F036FF4C
:1006B0005FEA000A27D13EB1314604F12C0001F077
:1006C0002DFF5FEA000A1ED13FB1394604F1380020
:1006D00001F024FF5FEA000A15D1B8F1000F07D03E
:1006E000414604F1200001F019FF5FEA000A0AD137
:1006F000B9F1000F0BD0494604F1140001F00EFFD0
:100700005FEA000A03D0AAF58140BDE8F08725B171
:1007100004F1080002F0B6F860600020F5E72DE96A
:10072000F05F04460E4693461D46DDF83C90DDF82A
:1007300034800B9F4FF0000A00BF00BF86B100BF9E
:100740005A46314604F1080004F02AF85FEA000A2C
:1007500000D03EE000BF04F1080002F093F86060B2
:100760005DB100BF294604F12C000A9A04F018F884
:100770005FEA000A00D02CE000BF5FB100BF39463D
:1007800004F138000C9A04F00BF85FEA000A00D07C
:100790001FE000BFB8F1000F0BD000BF414604F1CD
:1007A00020000E9A03F0FCFF5FEA000A00D010E080
:1007B00000BFB9F1000F0BD000BF494604F114008F
:1007C000109A03F0EDFF5FEA000A00D001E000BFDD
:1007D00000BFBAF1000F03D0AAF58140BDE8F09F39
:1007E0000020FBE770B504460D46164604F10800EC
:1007F00002F048F86168884203D16068B0F5806F04
:1008000001D9FC4870BD002104F1080003F0B3FADF
:10081000002805DD002104F1080001F0A0FF08B95F
:10082000F448EFE7DDB1002104F12C0003F0A3FA56
:10083000002812DD002104F12C0001F090FF60B1CE
:10084000002104F1380003F096FA002805DD0021AC
:1008500004F1380001F083FF08B9E648D2E700212F
:1008600004F1140003F087FA002801DCE148C9E72D
:100870007DB1002104F1440003F07DFA002806DD7B
:10088000002104F1500003F076FA002801DCD94879
:10089000B8E745B1002104F15C0003F06CFA0028D0
:1008A00001DCD448AEE70020ACE72DE9F04F89B079
:1008B0000446002500BF00BF002104F1080003F03A
:1008C0005AFA08B1012000E000208246002104F11C
:1008D0002C0003F050FA08B1012000E00020064689
:1008E000002104F1380003F046FA08B1012000E0CD
:1008F00000200746002104F1200003F03CFA08B173
:10090000012000E000208046002104F1140003F0E3
:1009100032FA08B1012000E000208146002104F1F4
:10092000440003F028FA08B1012000E000200890FC
:10093000002104F1500003F01EFA08B1012000E08C
:1009400000200790002104F15C0003F014FA08B1C4
:10095000012000E00020069046B13FB1B8F1000F41
:1009600004D0B9F1000F01D0012000E00020059073
:10097000BAF1000F09D046B93FB9B8F1000F04D061
:10098000B9F1000F01D0012000E00020049046B131
:100990003FB1B8F1000F04D1B9F1000F01D001202F
:1009A00000E000200390BAF1000F09D046B93FB92A
:1009B000B8F1000F04D1B9F1000F01D0012000E01F
:1009C00000200290059818B9049808B9039808B156
:1009D000012000E000208346BBF1000F05D1029802
:1009E00018B9844809B0BDE8F08FBAF1000F13D1EF
:1009F00096B18FB104F1380204F12C0104F1080022
:100A000003F00DF8050002D0A5F58140EAE704F1F6
:100A1000080001F037FF6060049880B104F13800ED
:100A200004F12C0304F1200204F114010090303889
:100A300001F066F905469DB1A5F58140D2E703981E
:100A400070B104F1200304F1140204F1380104F13F
:100A50002C0001F05EFA050002D0A5F58140C1E747
:100A6000BBF1000F18D0089818B1079808B1069884
:100A700090B904F15C0004F1500104F1440304F165
:100A80002002CDE900101839303801F064FC054629
:100A900015B1A5F58140A5E7012259462046FFF78B
:100AA000A1FE9FE72DE9FC5F0446884692461D465D
:100AB000DDE90CB6DDF844900F9F0020019000BFE7
:100AC00000BF002104F1080003F055F9C8B100216E
:100AD00004F12C0003F04FF998B1002104F1380023
:100AE00003F049F968B1002104F1200003F043F953
:100AF00038B1002104F1140003F03DF908B10120E0
:100B000000E000200090009828B90DB906B917B18F
:100B10003848BDE8FC9FB8F1000F0AD000BF52462C
:100B2000414604F1080003F0B4FE019000B133E047
:100B300000BF55B100BF5A46294604F12C0003F00E
:100B4000A8FE019000B127E000BF56B100BF3146BA
:100B500004F138000E9A03F09CFE019000B11BE0F6
:100B600000BF57B100BF394604F12000109A03F0CE
:100B700090FE019000B10FE000BFB9F1000F0AD064
:100B800000BF494604F11400129A03F082FE01905E
:100B900000B101E000BF00BF0198BAE72DE9F05FA6
:100BA00004460F4615461E46DDE90A896FF06D0AB8
:100BB00000BF00BF002104F1080003F0DCF8D8B149
:100BC000002104F12C0003F0D6F8A8B1002104F1B3
:100BD000380003F0D0F878B1002104F1200003F0D0
:100BE000CAF848B1002104F1140003F0C4F818B1A8
:100BF000012002E080BFFFFF00208346BBF1000F11
:100C000007D11DB916B9B8F1000F02D0FE48BDE8F2
:100C1000F09F3FB104F10801384601F07FFC5FEA24
:100C2000000A27D13DB104F12C01284601F076FCE1
:100C30005FEA000A1ED13EB104F13801304601F0EE
:100C40006DFC5FEA000A15D1B8F1000F07D004F17E
:100C50002001404601F062FC5FEA000A0AD1B9F1C6
:100C6000000F09D004F11401484601F057FC5FEA77
:100C7000000A01D05046CAE70020C8E72DE9F04736
:100C800004460D4616461F466FF06D0800BF00BFB4
:100C9000002104F1080003F06EF8C8B1002104F14E
:100CA0002C0003F068F898B1002104F1380003F03B
:100CB00062F868B1002104F1200003F05CF838B15B
:100CC000002104F1140003F056F808B1012000E0FF
:100CD00000208146B9F1000F02D1CB48BDE8F08772
:100CE0003DB104F14401284601F018FC5FEA000818
:100CF00011D13EB104F15001304601F00FFC5FEA22
:100D0000000808D157B104F15C01384601F006FC37
:100D10005FEA000802D0A8F58140DFE70020DDE7A8
:100D200000BF00BF00BF00BFC0F8A410C0F8A820DB
:100D3000704770B504460D46164600BF00BF00BFA1
:100D400000BFAC21204613F050F932462946204618
:100D5000FFF7E6FF70BD01464868704710B50446CE
:100D600000BF00BF002211462046FFF73BFD08B13F
:100D7000A64810BD04F1080001F068FD802801D2EA
:100D8000A248F6E7002104F1140001F0E8FC68B184
:100D900004F1140001F05AFD022807D304F1080100
:100DA00004F1140002F08DFF002801DB9748E0E712
:100DB0000020DEE73EB5044600BF00BF2046FFF737
:100DC000CDFF28B9012211462046FFF70BFD08B1DF
:100DD0008E483EBD002104F11400CDE9000104F16C
:100DE000200304F13802029104F12C010C3801F0C7
:100DF000CFF908B18548ECE704F15C0004F150013B
:100E000004F1440304F12002CDE900101839303810
:100E100001F0F9F808B17D48DBE70020D9E770B5AB
:100E200005460C4600BF00BF00BF00BF2846FFF7C5
:100E300095FF18B92046FFF7BDFF08B1734870BD94
:100E400004F1080105F1080002F03BFF30B904F19C
:100E5000140105F1140002F034FF08B16B48EEE70D
:100E60000020ECE72DE9FF410446884615466FF067
:100E70006D0600BF00BF00BF00BF00BF00BF002263
:100E800011462046FFF7AEFC18B15F4804B0BDE83C
:100E9000F08101A801F0BAFA00BF414601A86268DA
:100EA00003F07EFC060000D026E000BF04F108013C
:100EB00001A802F006FF002802DB6FF003061BE02A
:100EC000676800BF04F1680004F1080304F114022C
:100ED00001A9009001A803F055FE060000D00BE028
:100EE00000BF00BF3A46294601A803F0D2FC060025
:100EF00000D001E000BF00BF01A801F08FFA16B1D9
:100F0000A6F58540C2E70020C0E72DE9F843044676
:100F10000D4616464FF00008A020005970B300BFE0
:100F200004F18C021146084602F079FD070000D05A
:100F300074E000BF00BF04F1080204F18C01084610
:100F400003F04BFD070000D068E000BF00BF04F1D4
:100F500098021146084602F062FD070000D05DE0ED
:100F600000BF00BF04F1080204F19801084603F035
:100F700034FD070000D051E000BF4FE000BF404605
:100F800008F101080A2802DD2148BDE8F88300BF06
:100F90006068411E33462A4604F1980004F029F99E
:100FA000070000D03AE000BF00BF04F1080204F1DE
:100FB000980104F18C0004F060F8070000D02DE0E7
:100FC00000BF012104F18C0002F0D5FE0028D6D12B
:100FD00000BF04F1080204F1980104F18C0004F050
:100FE0004AF9070000D019E000BF00BF04F1680013
:100FF00004F1080304F1140204F18C010090243080
:1010000003F0C0FD070005E080BFFFFF00BEFFFF4B
:1010100080BBFFFF00D001E000BF00BF3846B4E74F
:101020002DE9F04FA1B004460D4616461F46DDF8E7
:10103000A8A06FF06D0804F1440B04F15000089073
:1010400000BF00BF00BF00BF00BF00BF0DB1012047
:1010500000E00020024601212046FFF7C3FB18B143
:10106000FE4821B0BDE8F08F1EA801F0CFF91BA803
:1010700001F0CCF918A801F0C9F915A801F0C6F9DA
:101080002DB10CA801F0C2F909A801F0BFF912A80E
:1010900001F0BCF90FA801F0B9F905A801F0B6F903
:1010A00002A801F0B3F900BF39461EA8626803F038
:1010B00077FB5FEA000800D036E100BF04F10801C9
:1010C0001EA802F0FEFD002802DB6FF003082BE1F2
:1010D00000BF1EA905A801F021FA5FEA000800D0B0
:1010E00022E100BF002D75D000BF324629462046C0
:1010F000FFF70BFF5FEA000800D015E100BF00BF5B
:1011000004F18C021EA91EA802F089FC5FEA000807
:1011100000D009E100BF00BF04F108021EA91EA80B
:1011200003F05BFC5FEA000800D0FDE000BF00BFF9
:10113000012204F12C011BA801F060FD5FEA000808
:1011400000D0F1E000BF00BF012204F1380118A86F
:1011500001F054FD5FEA000800D0E5E000BF00BFE9
:1011600033462A461C2115A804F043F85FEA00081C
:1011700000D0D9E000BF00BF15AA1BA90CA802F03F
:101180004EFC5FEA000800D0CEE000BF00BF04F1D3
:1011900044020CA90CA801F051FD5FEA000800D040
:1011A000C2E000BF0DF1300B00BF33462A461C21C0
:1011B00015A804F01EF85FEA000800D0B4E000BFF4
:1011C00000BF15AA18A909A802F029FC5FEA0008C7
:1011D00001D0A9E00EE000BF00BF04F1500209A950
:1011E00009A801F02BFD5FEA000800D09CE000BFD9
:1011F00009A8089000BF04F1740004F12C035A46BA
:101200001EA9009012A803F0BDFC5FEA000800D000
:101210008AE000BF00BF04F1800004F138030090B1
:101220001EA90FA8089A03F0ADFC5FEA000800D0E1
:101230007AE000BF00BF0FAA12A91EA801F09CFC13
:101240005FEA000800D06FE000BF00BF04F15C025D
:101250001EA912A802F0E3FB5FEA000800D063E0D9
:1012600000BF00BF04F12C0212A91EA803F0B5FBB9
:101270005FEA000800D057E000BF00BF04F1380269
:101280001EA912A802F0CBFB5FEA000800D04BE0D9
:1012900000BF00BF12AA0FA91EA801F0CFFC5FEA91
:1012A000000800D040E000BFBDB100BF04F19802CB
:1012B0001EA91EA802F0B3FB5FEA000800D033E0CD
:1012C00000BF00BF04F108021EA91EA803F085FBA1
:1012D0005FEA000800D027E000BF00BF04F168000B
:1012E00004F1080304F114021EA9009002A803F0FF
:1012F00049FC5FEA000800D016E000BF05A902A87B
:1013000002F0DFFC10B1DFF858810DE0D4F8049052
:1013100000BF4A4651461EA803F0BBFA5FEA000828
:1013200000D001E000BF00BF1BA801F077F818A8AB
:1013300001F074F815A801F071F82DB10CA801F0B6
:101340006DF809A801F06AF81EA801F067F812A864
:1013500001F064F80FA801F061F802A801F05EF84E
:1013600005A801F05BF8B8F1000F02D0A8F586409F
:1013700077E6002075E62DE9FF4F81B080461F46D5
:10138000109E0E9D6FF06D0B344600BF00BF00BF76
:1013900000BF00BF00BF00BF00BF012F06D1D8F8BB
:1013A000A40018B12D4805B0BDE8F08FD8F804A00E
:1013B00005F10B00A84201D3824501D22748F2E78C
:1013C000AAF10300A0EB0509002004F8010B4FBBB4
:1013D000029808B92148E6E7022004F8010B1BE057
:1013E0006420009000BF01222146DDE902309847C9
:1013F0008346207830B90098401E009002D0BBF19F
:10140000000FF0D0009810B1BBF1000F02D0ABF587
:101410008940C8E7641C00BF5FEA0900A9F101091F
:10142000DED10BE0012004F8010B02E0FF2004F8FC
:10143000010B5FEA0900A9F10109F7D1002004F8C6
:10144000010B25B12A4620460F9912F0A7FD4FB98E
:10145000324631464046FFF705FDA4E780BFFFFF57
:1014600080BCFFFF334600964046DDE90212FFF7DD
:10147000D7FD98E72DE9FE4F04460D4616461F4658
:10148000DDE90D9ADDF8308000BF00BF00BF00BF6E
:1014900000BF00BF00BF00BFD4F8A40048B93B465E
:1014A0003246294620468DE80007FFF764FFBDE875
:1014B000FE8FFE48FBE7014648420843C00F40420A
:1014C00070470246881AC00F70472DE9F041074661
:1014D0000C4615463846FFF7EEFF064606EA0400BE
:1014E00025EA06010843BDE8F0812DE9F84F804662
:1014F0000C46914645460CB9BDE8F88F00271FE021
:10150000A4EB09003946FFF7DCFF009000260BE052
:1015100015F806A0701C15F800B05A465146009800
:10152000FFF7D3FFA855761C601EB042F0D8295CA7
:1015300000220098FFF7C9FFC1B2601E29547F1C2A
:10154000A742DDD300BFD7E72DE9FF4FADF20C4D29
:1015500099466FF06D00CDF808044FF0000A0026A0
:101560004FF000084FF0000B00BF00BF00BF00BFEE
:1015700000BF00BF00BF00BF00BF00BFDDF80C040C
:101580004568A5F10B00DDF84C14884200D201E05B
:10159000DDF84C040746B9F1010F0AD1DDF80C045F
:1015A000D0F8A40028B1C14880300DF21C4DBDE830
:1015B000F08F102D02D3B5F5806F02D9BB48803073
:1015C000F3E7B9F1000F07D102AADDF84414DDF802
:1015D0000C04FFF747FC08E002A80090DDF8443453
:1015E0000DF20C4007C8FFF71BFDCDF80804DDF82D
:1015F000080400B19DE09DF808000643B9F1010F11
:101600001ED19DF8090080F002000643022414E078
:1016100002A8005D02A9095D4942C9B2084301213F
:1016200081EAE01040EA0808C8F10000C0B248EAC8
:10163000000081EAE0108244641CAC42E8D322E05E
:101640009DF8090080F001000643022419E002A978
:10165000085D01220021FFF738FF40EA080000F092
:10166000FF08012200214046FFF72FFF824402A815
:10167000005D80F0FF0200214046FFF726FF064391
:10168000641CAC42E3D3012200214046FFF71DFF5A
:10169000064351460820FFF714FF0643A5EB0A0056
:1016A000C21E39463046FFF710FF8346394658467A
:1016B000FFF707FF019000224FF488410198FFF7E0
:1016C00004FF02464FF4824100903046FFF7FDFED2
:1016D0004042CDF80804019946EA0100FFF7EBFE0D
:1016E00006460B2405E002A8005DB04302A9085598
:1016F000641CAC42F7D35A4639460198FFF7E5FE21
:101700008346A7EB0B0202A92944C81B3946FFF701
:10171000ECFEDDF84C0438B102A82844C11B3A465F
:10172000DDF8480412F03AFCDDF84004C0F800B0DF
:1017300000BF4FF4806102A8F9F72CFFDDF8080420
:1017400033E72DE9FF5F04460D4616461F46DDE9E7
:1017500010ABDDE90E8900BF00BF00BF00BF00BFB6
:1017600000BF00BF00BF00BF00BFD4F8A40050B945
:101770003B463246294620468DE8000FFFF7E4FE3F
:1017800004B0BDE8F09F4948FAE72DE9FC5F8046C8
:101790000D4692461F46DDF83090002001903E46EF
:1017A0004C460090B8F1000F37D0404604F060F985
:1017B0008346BBF1000F03D13C488030BDE8FC9F5D
:1017C00001AA6946404604F096F810B137488030C7
:1017D000F4E7584604F0A8FC054605F10800019915
:1017E0000844802807D205F10A00A84203D30199D2
:1017F0000144814202D22D488030DFE705F10A0022
:1018000001990844B04202D928488030D6E705F152
:101810000A0001990844361A05E0AE4202D2234874
:101820008030CBE7761B0B2E02D220488030C5E7F4
:10183000F61E002004F8010B012004F8010BFF2222
:101840003146204612F0CAFB3444002004F8010B54
:10185000B8F1000F06D12A465146204612F09EFBF1
:101860000020ABE7302004F8010B01980830284431
:1018700004F8010B302004F8010B0198001D04F856
:10188000010B062004F8010B019804F8010B204617
:10189000DDE9001212F082FB01980444052004F8EF
:1018A000010B002004F8010B042001E000BFFFFF42
:1018B00004F8010B04F8015B2A465146204612F059
:1018C0006DFB2C4409EB0700A04205D03946484681
:1018D000F9F760FEFA4871E700206FE72DE9FC5F39
:1018E0000446894692461F46DDF830B00F9D6FF0E2
:1018F0006D00019000264FF0000800BF00BF00BF40
:1019000000BF00BF00BF00BF00BF012F05D1D4F84A
:10191000A40010B1EA48BDE8FC9F009563685846F2
:10192000DDE90D12FFF731FF019008B10198F2E7F0
:101930002FB92A4629462046FFF794FAEBE7012003
:10194000616812F0D2FB064616B96FF00F00E2E7AD
:101950000120616812F0C9FB8046B8F1000F05D183
:10196000304613F059FF6FF00F00D4E700BF2B464D
:101970005246494620460096FFF752FB019000B1BF
:1019800019E000BF00BF424631462046FFF76AFA21
:10199000019000B10FE000BF294640466268FEF7A3
:1019A00063FE10B1C748019005E0314628466268E1
:1019B00012F0F4FA00BF304613F02EFF404613F049
:1019C0002BFF0198A7E72DE9FF5F04460D46164659
:1019D0001F46DDE910ABDDE90E8900BF00BF00BF87
:1019E00000BF00BF00BF00BF00BFD4F8A40050B9C3
:1019F0003B463246294620468DE8000FFFF76EFF32
:101A000004B0BDE8F09FAE488038F9E72DE9FF4FFC
:101A100081B007468B469846DDF844904FF0000AA7
:101A20000025002600BF00BF00BF00BF00BF00BFF1
:101A300000BF00BF7C68B8F1010F06D1D7F8A40041
:101A400018B19F4805B0BDE8F08F2146012012F083
:101A50004CFB050005D02146012012F046FB060094
:101A600002D16FF00F0A2CE0234600960EA807C89B
:101A7000FFF78BFE5FEA000A00D022E0B8F1000F0A
:101A800005D12A4649463846FFF7ECF906E04B46B1
:101A9000009559463846039AFFF7C2FA8246BAF1D2
:101AA000000F00D00DE0224631462846FEF7DCFD4F
:101AB0005FEA000A04D0DFF80CA2AAF1800A00E075
:101AC00000BF35B121462846F9F764FD284613F0DA
:101AD000A3FE36B121463046F9F75CFD304613F0DF
:101AE0009BFE5046AEE72DE9FF5F04460D461646C5
:101AF0001F46DDE910ABDDE90E8900BF00BF00BF66
:101B000000BF00BF00BF00BF00BFD4F8A40050B9A1
:101B10003B463246294620468DE8000FFFF776FF08
:101B200004B0BDE8F09F66488038F9E710B5044678
:101B300004B910BD04F18C0000F070FC04F19800B1
:101B400000F06CFC04F1680000F068FC04F1200077
:101B500000F064FC04F1380000F060FC04F12C009B
:101B600000F05CFC04F1140000F058FC04F10800E3
:101B700000F054FC04F1800000F050FC04F174000B
:101B800000F04CFC04F15C0000F048FC04F1500053
:101B900000F044FC04F1440000F040FC00BFC8E742
:101BA00070B504460D466FF06D0600BF00BF00BF64
:101BB00000BF286820606868606000BF05F1080108
:101BC00004F1080000F0AAFC060000D091E000BF7C
:101BD00000BF05F1140104F1140000F09FFC0600A1
:101BE00000D086E000BF00BF05F1200104F1200015
:101BF00000F094FC060000D07BE000BF00BF05F1C0
:101C00002C0104F12C0000F089FC060000D070E0EB
:101C100000BF00BF05F1380104F1380000F07EFC80
:101C2000060000D065E000BF00BF05F1440104F1EB
:101C3000440000F073FC060000D05AE000BF00BF73
:101C400005F1500104F1500000F068FC060000D0DE
:101C50004FE000BF00BF05F15C0104F15C0000F043
:101C60005DFC060000D044E000BF00BF05F1740138
:101C700004F1740000F052FC060000D039E000BF0F
:101C800000BF05F1800104F1800000F047FC060070
:101C900000D02EE000BF00BF05F1680104F168002C
:101CA00000F03CFC060000D023E000BF00BF05F1BF
:101CB0008C0104F18C0000F031FC060004D018E027
:101CC00080BFFFFF00BDFFFF00BF00BF05F198010F
:101CD00004F1980000F022FC060000D009E000BFEB
:101CE000D5F8A400C4F8A400D5F8A800C4F8A8004A
:101CF00000BF16B12046FFF719FF304670BD000047
:101D00002DE9F04F97B00446884691461D46209E27
:101D1000002016903822FBA102A812F03FF93620CD
:101D2000019025B11EB1A86808B9B06820B16FF064
:101D3000030017B0BDE8F08F0021204602F01BF829
:101D4000002817DD0121484602F015F8002811DDB2
:101D50002146484601F0B5FF00280BDA0121404634
:101D600002F009F8002805DD2146404601F0A9FFF0
:101D7000002802DB6FF00300DBE710A800F046FB51
:101D800013A800F043FB00BF4246494613A801F0E8
:101D900046FE169000B1B4E000BF00BF012213A9B7
:101DA00013A800F02BFF169000B1AAE000BF13A803
:101DB00000F022FD1FFA80FABAF1000F03D16FF094
:101DC000030016909DE000BF514613A801F0EFFFFD
:101DD000169000B195E000BF0027A068006800F0F1
:101DE0000700012800D1012783E002A8C15D10A8E7
:101DF00000F08FFC00BF224610A9284603F03DF9F1
:101E0000169000B17DE000BF0121284601F0B3FF2C
:101E100000B16CE000BF234613AA10A910A80096D9
:101E200002F0B0FE169000B16BE000BF4FF0010B66
:101E300053E0012110A801F09EFF00B94FE000BF60
:101E4000012210A910A800F03BFF169000B158E045
:101E500000BF00BF224610A9284603F00EF91690D5
:101E600000B14EE000BF0121284601F084FF0128A7
:101E700011D12146284601F024FF401C0BD100BFA0
:101E80002B4622460021304602F0C8F8169000B1D9
:101E900037E000BF35E000BF012210A910A800F014
:101EA000ADFE169000B12CE000BF00BF10AA10A933
:101EB00010A801F0B4FD169000B122E000BF00BFF1
:101EC000224610A910A802F088FD169000B118E073
:101ED00000BF0BF101001FFA80FBD345A9DD00BF55
:101EE000012110A801F047FF00B105E000BF781CF8
:101EF00087B2362FFFF479AF00BF6FF00300169062
:101F000000BF10A800F08AFA13A800F087FA16980C
:101F10000FE72DE9F04186B006460F4614461D46F0
:101F20004FF0000825B10021284601F024FF20B120
:101F30006FF0030006B0BDE8F0810121304601F0EA
:101F40001AFF00280ADD0121384601F014FF00289D
:101F500004DD0021204601F00EFF10B96FF00300F0
:101F6000E8E703A800F052FA684600F04FFA00BF15
:101F70000122314603A800F041FE5FEA000800D0CC
:101F800039E000BF00BF01223946684600F036FE46
:101F90005FEA000800D02EE000BF00BF6A4603A938
:101FA000284603F06AF85FEA000800D023E000BF8B
:101FB00000BF6A4603A903A801F031FD5FEA0008EB
:101FC00000D018E000BF00BF2B4603AA002103A8E1
:101FD00002F024F85FEA000800D00CE000BF00BF68
:101FE00003AA2146284603F046F95FEA000800D01C
:101FF00001E000BF00BF03A800F010FA684600F03F
:102000000DFA404696E72DE9F04786B004460E46A5
:1020100092461F46DDE90E89002503A800F0F6F977
:10202000684600F0F3F93FB30CB9444D9DE000BFA2
:102030000122214603A800F0E1FD050000D094E054
:1020400000BF00BF52463946684600F095FD0500C6
:1020500000D08AE000BF00BF03AA6946684602F0CC
:10206000BCFC050000D080E000BF0021684601F004
:1020700082FE08B1324D78E0B8F1000F27D00EB9DA
:102080002E4D72E000BF0122314603A800F0B6FDDC
:10209000050000D069E000BF00BF524641466846D7
:1020A00000F06AFD050000D05FE000BF00BF03AA9A
:1020B0006946684602F091FC050000D055E000BF7B
:1020C0000021684601F057FE08B11D4D4DE0B9F101
:1020D000000F49D004B10EB9184D46E000BF32469A
:1020E000494603A801F09BFC050000D03DE000BF7D
:1020F00000BF012203A903A800F080FD050021D044
:1021000033E00000020305070B0D1113171D1F25F7
:10211000292B2F353B3D4347494F53596165676B29
:102120006D717F83898B95979DA3A7ADB3B5BFC113
:10213000C5C7D3DFE3E5E9EFF1FB000080BFFFFF98
:1021400000BEFFFF00BF00BF224603A903A802F0A4
:1021500044FC050000D008E000BF002103A801F006
:102160000AFE08B1A44D00E000BF3DB115F5844F53
:1021700004D015F5814F01D0A5F5844503A800F0E2
:102180004DF9684600F04AF9284606B0BDE8F087E8
:102190002DE9F04F87B006460F4614461D46DDE98F
:1021A00011ABDDF840804FF0000904A800F02EF9D3
:1021B00001A800F02BF9D7B1CCB1C6B100BF2246BF
:1021C000394604A801F02BFC5FEA000900D0B0E01A
:1021D00000BF0121304601F0CEFD002804DD31466C
:1021E00004A801F06EFD10B1DFF80C92A1E0F6B189
:1021F000EDB1B8F1000F1AD00121284601F0BBFD66
:10220000002811DD0121404601F0B5FD00280BDD5D
:102210003146284601F055FD002805DA3146404692
:1022200001F04FFD002802DBDFF8CC9181E0002FA8
:102230007ED0002C7CD0002D7AD0B8F1000F77D062
:102240000121384601F097FD002805DD01212046D7
:1022500001F091FD002802DCDFF89C9169E000BFED
:102260004246294604A801F0DAFB5FEA000900D0E3
:102270005FE000BF00BF012204A904A800F0BEFC7B
:102280005FEA000900D054E000BF00BF01223946D8
:1022900001A800F0B3FC5FEA000900D049E000BFEC
:1022A00000BF01AA04A904A802F097FB5FEA000995
:1022B00000D03EE000BF002104A801F05CFD10B199
:1022C000DFF8349135E000BF4246294604A801F00A
:1022D000A6FB5FEA000900D02BE000BF00BF01228F
:1022E00004A904A800F08AFC5FEA000900D020E0FD
:1022F00000BF00BF0122214601A800F07FFC5FEA79
:10230000000900D015E000BF00BF01AA04A904A87D
:1023100002F063FB5FEA000901D00AE008E000BFB9
:10232000002104A801F027FD10B1DFF8CC9000E0F7
:1023300000BF04A800F072F801A800F06FF8B9F12E
:10234000000F04D019F5844F01D0A9F584494846FF
:1023500007B0BDE8F08F2DE9FE4F044689461646CA
:102360001D46DDE90C784FF0000A684600F04EF893
:10237000ADB100BF01222146684600F03FFC5FEA94
:10238000000A00D031E000BF00BF6A46314628464F
:1023900002F023FB5FEA000A00D026E000BFAFB1E5
:1023A00000BF01224946684600F028FC5FEA000AA7
:1023B00000D01AE000BF00BF6A463146384602F03E
:1023C0000CFB5FEA000A00D00FE000BFB8F1000F7D
:1023D0000AD000BF22464946404602F04CFF5FEA61
:1023E000000A00D001E000BF00BF684600F016F808
:1023F0005046BDE8FE8F000000BEFFFF70B50546E9
:102400000C46A1002846F9F7C5F870BD00BF00BF13
:1024100001210160002141608160704710B50446D0
:1024200004B910BDA06830B1D4E90110FFF7E6FF90
:10243000A06813F0F1F90120206000206060A06026
:1024400000BFEEE770B504460D4600BF00BF42F284
:102450001070854202D96FF00F0070BD6068A8420D
:1024600019D20421284611F040FE060002D16FF077
:102470000F00F2E7A06860B1606882003046A16892
:1024800011F08CFDD4E90110FFF7B8FFA06813F03C
:10249000C3F96560A6600020DFE72DE9F04104463E
:1024A0000E4600BF00BF42F21070864203D96FF0A3
:1024B0000F00BDE8F0816068B04204D83146204684
:1024C000FFF7C0FFF5E76068451E05E0A06850F81B
:1024D000250000B102E06D1E002DF7D100BF6D1C7C
:1024E000B54200D235460421284611F0FEFD070012
:1024F00002D16FF00F00DCE7A06858B1AA0038469F
:10250000A16811F04BFDD4E90110FFF777FFA06837
:1025100013F082F96560A7600020CAE72DE9F04159
:1025200005460E46002700BF00BF00BF00BFB542F2
:1025300002D10020BDE8F081706820B92846FFF77D
:102540006DFF0020F6E77068441E05E0B06850F8A3
:10255000240000B102E0641E002CF7D100BF641C0F
:10256000306828606868A04208D200BF214628462B
:10257000FFF768FF070000D00EE007E0AA6802EB53
:1025800084006A68121B910011F02FFDA200B1684F
:10259000A86811F003FD00BF3846CBE71EB500BFA9
:1025A00000BF00BF00BF90E81C008DE81C0091E850
:1025B0001C0080E81C009DE81C0081E81C001EBD7A
:1025C00070B5044600200BE051F82050C3F101061D
:1025D000754352F8206006FB035541F82050401C1B
:1025E000A042F1D370BD2DE9F04104460E461546D8
:1025F0004FF0000800BF00BF00BF00BF6842C0B27C
:102600002843C51100BF20467168FFF71BFF5FEA32
:10261000000800D01EE000BFC5F10101206848435A
:10262000316801FB05002060B268A1682B46706824
:10263000FFF7C6FF776809E0A06850F82700C5F1EA
:1026400001014843A16841F827007F1C6068B84237
:10265000F2D800BF4046BDE8F0812DE9F0470546BD
:102660000E46144600BF00BF00BF00BFB54202D1F6
:102670000020BDE8F0876042C0B22043C41100BF13
:1026800028467168FFF7DEFE5FEA000A00D03EE0F0
:1026900000BF00BF30466968FFF7D4FE5FEA000A5A
:1026A00000D034E000BFD5F80080C4F101012868F3
:1026B0004843316801FB04002860C4F1010130681F
:1026C000484308FB0400306000271CE0A86850F86D
:1026D0002790A86850F82700C4F101014843B16869
:1026E00051F8271001FB0400A96841F82700B068E1
:1026F00050F82700C4F10101484309FB0400B16808
:1027000041F827007F1C6868B842DFD800BF5046F8
:10271000AFE770B504460D466FF06D0600BF00BF11
:1027200000BF01212046FFF78DFE060000D014E017
:1027300000BF62689100A06811F057FC002D01DA1B
:10274000684200E02846A1680860002D02DA4FF0D8
:10275000FF3000E00120206000BF304670BD02461F
:1027600000BF00BF5068B1EB401F01D3002070478D
:102770004B09906850F8230001F01F03D84000F087
:102780000100F4E72DE9F04704460F4615464FF0E7
:1027900000097E0907F01F0800BF00BF2DB1012D01
:1027A00003D06FF00300BDE8F0876068B7EB401F0F
:1027B0000CD30DB90020F6E700BF711C2046FFF7CF
:1027C00041FE5FEA000900D014E000BFA06850F8A5
:1027D0002600012101FA08F18843A16841F826008A
:1027E000A06850F8260005FA08F10843A16841F8EE
:1027F000260000BF4846D6E710B50246002400BFB9
:1028000000BF00210FE000230AE0906850F821008B
:10281000D84010F0010F01D0204610BD5B1C641C95
:10282000202BF2D3491C50688842ECD80020F4E7F2
:1028300002464FF00041002004E00A4200D003E0CD
:102840004908401C2028F8D300BF704770B50546E2
:10285000686808B9002070BD6868441E05E0A86873
:1028600050F8240000B102E0641E002CF7D100BF34
:10287000A96851F82400FFF7DBFFC0F1200606EB42
:102880004410E8E710B504462046FFF7DFFFC01DFF
:10289000C00810BD0346FF201860302A04DB392A27
:1028A00002DCA2F130001860412A04DB462A02DC77
:1028B000A2F137001860612A04DB662A02DCA2F16B
:1028C000570018601868884202D36FF005007047FF
:1028D0000020FCE72DE9FC5F05468A4691466FF033
:1028E0006D00019000BF00BF00BF00BF00BF00BF70
:1028F0004D4503D15046AA46814600BF554508D0F4
:1029000000BF51462846FFF709FE019000B160E084
:1029100000BF01202860D9F8048009E0A8F1010077
:10292000D9F8081051F8200000B104E0A8F101081E
:10293000B8F1000FF2D100BF00BF41462846FFF7B3
:1029400081FD019000B144E000BFD9F8080000907B
:10295000AC68002700261BE00098D0F800B0206883
:10296000384420602068B84201D2012000E00020F5
:1029700007462068584420602068584501D201204D
:1029800000E000200744761C0098001D0090241DE4
:102990004645E1D31AE06868B0420BD800BF711C0D
:1029A0002846FFF74FFD019000B112E000BFA86874
:1029B00000EB86042068384420602068B84201D2C9
:1029C000012000E000200746761C241D002FE2D1E4
:1029D00000BF0198BDE8FC9FF0B5034600263046D5
:1029E000344618E00E68864201D2012600E0002637
:1029F00035460E68361A0E600E681768BE4201D260
:102A0000012600E0002670190E681768F61B0E609C
:102A1000641C121D091D9C42E4D3F0BD2DE9FE4348
:102A20000546884616466FF06D0900BF00BF00BF1F
:102A300000BF00BF00BF6846FFF7E8FCB5420AD1FF
:102A400000BF31466846FFF769FD5FEA000900D024
:102A500044E000BF6E46454509D000BF41462846C8
:102A6000FFF75CFD5FEA000900D037E000BF0120FE
:102A700028604FF00009746806E0601EB16851F8E4
:102A8000200000B102E0641E002CF6D100BFB26845
:102A90002046A968FFF7A0FF0746F7B107E0A8683E
:102AA00050F82400401EA96841F82400641C68689E
:102AB000A04204D9A86850F824000028EFD0686824
:102AC000A04203D16FF00900BDE8FE83A86850F86A
:102AD0002400401EA96841F8240000BF6846FFF7A3
:102AE0009DFC4846F0E770B503460C4600BF00BFAA
:102AF00000BF00BF596806E0481E9D6855F82000D9
:102B000000B102E0491E0029F6D100BF626806E06C
:102B1000501EA56855F8200000B102E0521E002AA0
:102B2000F6D100BF11B90AB9002070BD914201D998
:102B30000120FAE78A4202D94FF0FF30F5E717E0AB
:102B4000481E9D6855F82050A66856F8200085421A
:102B500001D90120E9E7481E9D6855F82050A66874
:102B600056F82000854202D24FF0FF30DDE7491EC3
:102B70000029E5D10020D8E72DE9F04105460C46B3
:102B8000174600BF00BF00BF00BF00BF00BF2668E0
:102B9000206839684843002820DD39462046FFF781
:102BA000A2FF00280CDB00BF3A4621462846FFF76B
:102BB00035FF5FEA000800D01DE000BF2E6019E07D
:102BC00000BF224639462846FFF728FF5FEA000883
:102BD00000D010E000BF704228600BE000BF3A4612
:102BE00021462846FFF776FE5FEA000800D002E0A3
:102BF00000BF2E6000BF4046BDE8F0817FB50546AE
:102C00000E46144600BF00BF00BF00BF002C01DA13
:102C1000604200E020460090002C02DA4FF0FF30C6
:102C200000E00120019001200290CDF80CD001AA13
:102C300031462846FFF7A0FF04B070BD2DE9F041F2
:102C400005460C46174600BF00BF00BF00BF00BFCF
:102C500000BF2668206839684843002820DA3946D2
:102C60002046FFF740FF00280CDB00BF3A46214614
:102C70002846FFF7D3FE5FEA000800D01DE000BF42
:102C80002E6019E000BF224639462846FFF7C6FEEF
:102C90005FEA000800D010E000BF704228600BE03F
:102CA00000BF3A4621462846FFF714FE5FEA0008B7
:102CB00000D002E000BF2E6000BF4046BDE8F081BA
:102CC0007FB505460E46144600BF00BF00BF00BFDB
:102CD000002C01DA604200E020460090002C02DA6D
:102CE0004FF0FF3000E00120019001200290CDF86C
:102CF0000CD001AA31462846FFF7A0FF04B070BDF2
:102D00002DE9F84F07460C469C460026002000900F
:102D1000EFE31FFA8CFA4FEA1C4BD4F800E01FFADD
:102D20008EF8D4F800E04FEA1E49241D08FB0BF38F
:102D300008FB0AF009FB0AF509FB0BF101EB134153
:102D400001EB15411B042D041844984202D24FF0A8
:102D5000010E01E04FF0000E71442844A84202D257
:102D60004FF0010E01E04FF0000E71443044B042CC
:102D700002D24FF0010E01E04FF0000E7144D2F884
:102D800000E07044D2F800E0864502D94FF0010E11
:102D900001E04FF0000E71440E4601C2D4F800E08D
:102DA0001FFA8EF8D4F800E04FEA1E49241D08FBF4
:102DB0000BF308FB0AF009FB0AF509FB0BF101EB29
:102DC000134101EB15411B042D041844984202D213
:102DD0004FF0010E01E04FF0000E71442844A8426C
:102DE00002D24FF0010E01E04FF0000E714430446A
:102DF000B04202D24FF0010E01E04FF0000E7144DC
:102E0000D2F800E07044D2F800E0864502D94FF0D5
:102E1000010E01E04FF0000E71440E4601C2D4F8DD
:102E200000E01FFA8EF8D4F800E04FEA1E49241D96
:102E300008FB0BF308FB0AF009FB0AF509FB0BF191
:102E400001EB134101EB15411B042D04184498427A
:102E500002D24FF0010E01E04FF0000E7144284401
:102E6000A84202D24FF0010E01E04FF0000E714473
:102E70003044B04202D24FF0010E01E04FF0000E9C
:102E80007144D2F800E07044D2F800E0864502D9DF
:102E90004FF0010E01E04FF0000E71440E4601C2EA
:102EA000D4F800E01FFA8EF8D4F800E04FEA1E498B
:102EB000241D08FB0BF308FB0AF009FB0AF509FBCC
:102EC0000BF101EB134101EB15411B042D041844D8
:102ED000984202D24FF0010E01E04FF0000E714413
:102EE0002844A84202D24FF0010E01E04FF0000E3C
:102EF00071443044B04202D24FF0010E01E04FF075
:102F0000000E7144D2F800E07044D2F800E086452B
:102F100002D94FF0010E01E04FF0000E71440E4651
:102F200001C2D4F800E01FFA8EF8D4F800E04FEAAE
:102F30001E49241D08FB0BF308FB0AF009FB0AF5E8
:102F400009FB0BF101EB134101EB15411B042D04AF
:102F50001844984202D24FF0010E01E04FF0000EEB
:102F600071442844A84202D24FF0010E01E04FF014
:102F7000000E71443044B04202D24FF0010E01E025
:102F80004FF0000E7144D2F800E07044D2F800E037
:102F9000864502D94FF0010E01E04FF0000E71445A
:102FA0000E4601C2D4F800E01FFA8EF8D4F800E013
:102FB0004FEA1E49241D08FB0BF308FB0AF009FB2E
:102FC0000AF509FB0BF101EB134101EB15411B0461
:102FD0002D041844984202D24FF0010E01E04FF048
:102FE000000E71442844A84202D24FF0010E01E0C5
:102FF0004FF0000E71443044B04202D24FF0010E47
:1030000001E04FF0000E7144D2F800E07044D2F8B5
:1030100000E0864502D94FF0010E01E04FF0000EAE
:1030200071440E4601C2D4F800E01FFA8EF8D4F8BD
:1030300000E04FEA1E49241D08FB0BF308FB0AF0D1
:1030400009FB0AF509FB0BF101EB134101EB1541FB
:103050001B042D041844984202D24FF0010E01E0E7
:103060004FF0000E71442844A84202D24FF0010EE6
:1030700001E04FF0000E71443044B04202D24FF0F4
:10308000010E01E04FF0000E7144D2F800E07044F0
:10309000D2F800E0864502D94FF0010E01E04FF072
:1030A000000E71440E4601C2D4F800E01FFA8EF8FB
:1030B000D4F800E04FEA1E49241D08FB0BF308FB7F
:1030C0000AF009FB0AF509FB0BF101EB134101EBD7
:1030D00015411B042D041844984202D24FF0010EF2
:1030E00001E04FF0000E71442844A84202D24FF094
:1030F000010E01E04FF0000E71443044B04202D2A4
:103100004FF0010E01E04FF0000E7144D2F800E0E4
:103110007044D2F800E0864502D94FF0010E01E07C
:103120004FF0000E71440E4601C2D4F800E01FFAC1
:103130008EF8D4F800E04FEA1E49241D08FB0BF37B
:1031400008FB0AF009FB0AF509FB0BF101EB13413F
:1031500001EB15411B042D041844984202D24FF094
:10316000010E01E04FF0000E71442844A84202D243
:103170004FF0010E01E04FF0000E71443044B042B8
:1031800002D24FF0010E01E04FF0000E7144D2F870
:1031900000E07044D2F800E0864502D94FF0010EFD
:1031A00001E04FF0000E71440E4601C2D4F800E079
:1031B0001FFA8EF8D4F800E04FEA1E49241D08FBE0
:1031C0000BF308FB0AF009FB0AF509FB0BF101EB15
:1031D000134101EB15411B042D041844984202D2FF
:1031E0004FF0010E01E04FF0000E71442844A84258
:1031F00002D24FF0010E01E04FF0000E7144304456
:10320000B04202D24FF0010E01E04FF0000E7144C7
:10321000D2F800E07044D2F800E0864502D94FF0C1
:10322000010E01E04FF0000E71440E4601C2D4F8C9
:1032300000E01FFA8EF8D4F800E04FEA1E49241D82
:1032400008FB0BF308FB0AF009FB0AF509FB0BF17D
:1032500001EB134101EB15411B042D041844984266
:1032600002D24FF0010E01E04FF0000E71442844ED
:10327000A84202D24FF0010E01E04FF0000E71445F
:103280003044B04202D24FF0010E01E04FF0000E88
:103290007144D2F800E07044D2F800E0864502D9CB
:1032A0004FF0010E01E04FF0000E71440E4601C2D6
:1032B000D4F800E01FFA8EF8D4F800E04FEA1E4977
:1032C000241D08FB0BF308FB0AF009FB0AF509FBB8
:1032D0000BF101EB134101EB15411B042D041844C4
:1032E000984202D24FF0010E01E04FF0000E7144FF
:1032F0002844A84202D24FF0010E01E04FF0000E28
:1033000071443044B04202D24FF0010E01E04FF060
:10331000000E7144D2F800E07044D2F800E0864517
:1033200002D94FF0010E01E04FF0000E71440E463D
:1033300001C2D4F800E01FFA8EF8D4F800E04FEA9A
:103340001E49241D08FB0BF308FB0AF009FB0AF5D4
:1033500009FB0BF101EB134101EB15411B042D049B
:103360001844984202D24FF0010E01E04FF0000ED7
:1033700071442844A84202D24FF0010E01E04FF000
:10338000000E71443044B04202D24FF0010E01E011
:103390004FF0000E7144D2F800E07044D2F800E023
:1033A000864502D94FF0010E01E04FF0000E714446
:1033B0000E4601C2D4F800E01FFA8EF8D4F800E0FF
:1033C0004FEA1E49241D08FB0BF308FB0AF009FB1A
:1033D0000AF509FB0BF101EB134101EB15411B044D
:1033E0002D041844984202D24FF0010E01E04FF034
:1033F000000E71442844A84202D24FF0010E01E0B1
:103400004FF0000E71443044B04202D24FF0010E32
:1034100001E04FF0000E7144D2F800E07044D2F8A1
:1034200000E0864502D94FF0010E01E04FF0000E9A
:1034300071440E4601C2D4F800E01FFA8EF8D4F8A9
:1034400000E04FEA1E49241D08FB0BF308FB0AF0BD
:1034500009FB0AF509FB0BF101EB134101EB1541E7
:103460001B042D041844984202D24FF0010E01E0D3
:103470004FF0000E71442844A84202D24FF0010ED2
:1034800001E04FF0000E71443044B04202D24FF0E0
:10349000010E01E04FF0000E7144D2F800E07044DC
:1034A000D2F800E0864502D94FF0010E01E04FF05E
:1034B000000E71440E4601C2D4F800E01FFA8EF8E7
:1034C000D4F800E04FEA1E49241D08FB0BF308FB6B
:1034D0000AF009FB0AF509FB0BF101EB134101EBC3
:1034E00015411B042D041844984203D24FF0010EDD
:1034F00002E024E04FF0000E71442844A84202D2BA
:103500004FF0010E01E04FF0000E71443044B04224
:1035100002D24FF0010E01E04FF0000E7144D2F8DC
:1035200000E07044D2F800E0864502D94FF0010E69
:1035300001E04FF0000E71440E4601C2103F102F03
:10354000BFF4E7AB0CE21FFA8CFA4FEA1C4BD4F83D
:1035500000E01FFA8EF8D4F800E04FEA1E49241D5F
:1035600008FB0BF308FB0AF009FB0AF509FB0BF15A
:1035700001EB134101EB15411B042D041844984243
:1035800002D24FF0010E01E04FF0000E71442844CA
:10359000A84202D24FF0010E01E04FF0000E71443C
:1035A0003044B04202D24FF0010E01E04FF0000E65
:1035B0007144D2F800E07044D2F800E0864502D9A8
:1035C0004FF0010E01E04FF0000E71440E4601C2B3
:1035D000D4F800E01FFA8EF8D4F800E04FEA1E4954
:1035E000241D08FB0BF308FB0AF009FB0AF509FB95
:1035F0000BF101EB134101EB15411B042D041844A1
:10360000984202D24FF0010E01E04FF0000E7144DB
:103610002844A84202D24FF0010E01E04FF0000E04
:1036200071443044B04202D24FF0010E01E04FF03D
:10363000000E7144D2F800E07044D2F800E08645F4
:1036400002D94FF0010E01E04FF0000E71440E461A
:1036500001C2D4F800E01FFA8EF8D4F800E04FEA77
:103660001E49241D08FB0BF308FB0AF009FB0AF5B1
:1036700009FB0BF101EB134101EB15411B042D0478
:103680001844984202D24FF0010E01E04FF0000EB4
:1036900071442844A84202D24FF0010E01E04FF0DD
:1036A000000E71443044B04202D24FF0010E01E0EE
:1036B0004FF0000E7144D2F800E07044D2F800E000
:1036C000864502D94FF0010E01E04FF0000E714423
:1036D0000E4601C2D4F800E01FFA8EF8D4F800E0DC
:1036E0004FEA1E49241D08FB0BF308FB0AF009FBF7
:1036F0000AF509FB0BF101EB134101EB15411B042A
:103700002D041844984202D24FF0010E01E04FF010
:10371000000E71442844A84202D24FF0010E01E08D
:103720004FF0000E71443044B04202D24FF0010E0F
:1037300001E04FF0000E7144D2F800E07044D2F87E
:1037400000E0864502D94FF0010E01E04FF0000E77
:1037500071440E4601C2D4F800E01FFA8EF8D4F886
:1037600000E04FEA1E49241D08FB0BF308FB0AF09A
:1037700009FB0AF509FB0BF101EB134101EB1541C4
:103780001B042D041844984202D24FF0010E01E0B0
:103790004FF0000E71442844A84202D24FF0010EAF
:1037A00001E04FF0000E71443044B04202D24FF0BD
:1037B000010E01E04FF0000E7144D2F800E07044B9
:1037C000D2F800E0864502D94FF0010E01E04FF03B
:1037D000000E71440E4601C2D4F800E01FFA8EF8C4
:1037E000D4F800E04FEA1E49241D08FB0BF308FB48
:1037F0000AF009FB0AF509FB0BF101EB134101EBA0
:1038000015411B042D041844984202D24FF0010EBA
:1038100001E04FF0000E71442844A84202D24FF05C
:10382000010E01E04FF0000E71443044B04202D26C
:103830004FF0010E01E04FF0000E7144D2F800E0AD
:103840007044D2F800E0864502D94FF0010E01E045
:103850004FF0000E71440E4601C2D4F800E01FFA8A
:103860008EF8D4F800E04FEA1E49241D08FB0BF344
:1038700008FB0AF009FB0AF509FB0BF101EB134108
:1038800001EB15411B042D041844984202D24FF05D
:10389000010E01E04FF0000E71442844A84202D20C
:1038A0004FF0010E01E04FF0000E71443044B04281
:1038B00002D24FF0010E01E04FF0000E7144D2F839
:1038C00000E07044D2F800E0864502D94FF0010EC6
:1038D00001E04FF0000E71440E4601C2D4F800E042
:1038E0001FFA8EF8D4F800E04FEA1E49241D08FBA9
:1038F0000BF308FB0AF009FB0AF509FB0BF101EBDE
:10390000134101EB15411B042D041844984202D2C7
:103910004FF0010E01E04FF0000E71442844A84220
:1039200002D24FF0010E01E04FF0000E714430441E
:10393000B04202D24FF0010E01E04FF0000E714490
:10394000D2F800E07044D2F800E0864502D94FF08A
:10395000010E01E04FF0000E71440E4601C2083F17
:10396000082FBFF4F0AD45E01FFA8CFA4FEA1C4B6C
:10397000D4F800E01FFA8EF8D4F800E04FEA1E49B0
:10398000241D08FB0BF308FB0AF009FB0AF509FBF1
:103990000BF101EB134101EB15411B042D041844FD
:1039A000984202D24FF0010E01E04FF0000E714438
:1039B0002844A84202D24FF0010E01E04FF0000E61
:1039C00071443044B04202D24FF0010E01E04FF09A
:1039D000000E7144D2F800E07044D2F800E0864551
:1039E00002D94FF0010E01E04FF0000E71440E4677
:1039F00001C27F1E002FB7D10098401C009000BF6D
:103A00001068304410601068B04201D2012000E01C
:103A100000200646121D002EF2D1BDE8F88F2DE9D8
:103A2000F04387B080460E4615466FF06D0900BF23
:103A300000BF00BF00BF00BF00BF04A8FEF7E6FC48
:103A400001A8FEF7E3FCB0450AD100BF314604A847
:103A5000FEF764FD5FEA000900D052E000BF04AE4B
:103A6000A8450AD100BF294601A8FEF757FD5FEA25
:103A7000000900D045E000BF01AD776806E0781E80
:103A8000B16851F8200000B102E07F1E002FF6D18E
:103A900000BF6C6806E0601EA96851F8200000B104
:103AA00002E0641E002CF6D100BF00BF3919404669
:103AB000FEF7C8FC5FEA000900D022E000BF00BFAB
:103AC00000214046FEF725FE5FEA000900D018E01D
:103AD00000BF0EE0601ED5F808C05CF82030D8F8B2
:103AE000080000EB8400021F3846B168FFF708F9B0
:103AF000641E002CEED1306829684843C8F80000E5
:103B000000BF01A8FEF78AFC04A8FEF787FC484620
:103B100007B0BDE8F0837FB505460E46144600BFEA
:103B200000BF00BF00BF012001900290CDF80CD073
:103B3000009401AA31462846FFF771FF04B070BD1A
:103B40002DE9FF5F0546884617466FF06D0B00BFF5
:103B500000BF00BF00BFB8F1020F02DBB8F1100FC9
:103B600004DD6FF0030004B0BDE8F09F6846FEF787
:103B70004DFC384610F07EFA0646B8F1100F53D1CE
:103B8000B6F1804F02D36FF00300ECE71F2010EA7C
:103B9000860F01D0012000E00020C6F3DA0100EB1F
:103BA000010A00BF51462846FEF74CFC5FEA000BB5
:103BB00000D081E000BF00BF00212846FEF7A9FD2C
:103BC0005FEA000B00D077E000BF34464FF00009F9
:103BD00027E0012C06D1601E385C2D2802D1A01EE2
:103BE000286020E000BF601E3A5C414603A8FEF753
:103BF00051FE5FEA000B00D05EE000BF4FEAD90142
:103C0000A86850F821004FEA4971CA0E0399914003
:103C100008434FEAD902A96841F82200641E09F15D
:103C20000109002CD5D146E000BF00212846FEF74F
:103C300070FD5FEA000B00D03EE000BF002438E0DA
:103C400034B9385D2D2803D14FF0FF3028602FE0C4
:103C500000BF3A5D414603A8FEF71CFE5FEA000B79
:103C600000D029E000BF00BF424629466846FFF762
:103C700052FF5FEA000B00D01EE000BF2868012859
:103C80000AD100BF69462846039AFFF719F85FEA90
:103C9000000B00D010E00AE000BF69462846039AF6
:103CA000FEF7ACFF5FEA000B00D005E000BF00BFED
:103CB000641CB442C4D300BF6846FEF7AFFB58464D
:103CC00051E770B502460B4600BF00BF00BF00BF02
:103CD000516806E0481E956855F8200000B102E0E2
:103CE000491E0029F6D100BF5C6806E0601E9D6891
:103CF00055F8200000B102E0641E002CF6D100BF90
:103D000011B90CB9002070BDA14201D91068FAE7C1
:103D10008C4202D918684042F5E71068002804DD9B
:103D20001868002801DA0120EDE71868002805DD91
:103D30001068002802DA4FF0FF30E4E717E0481E71
:103D4000956855F820509E6856F82000854201D9A4
:103D50001068D8E7481E956855F820509E6856F8B8
:103D60002000854202D210684042CCE7491E00295B
:103D7000E5D10020C7E73FB505460C4600BF00BFB0
:103D8000002C01DA604200E020460090002C02DAAC
:103D90004FF0FF3000E00120019001200290CDF8AB
:103DA0000CD001A92846FFF78CFF04B030BD2DE9E7
:103DB000F047054688464FF0000A00BF00BF4FEAB3
:103DC000581608F01F076868B04203D36868B0420D
:103DD00006D12FB100212846FEF79BFCBDE8F087F5
:103DE000B6B1002407E0A119A86850F82100A9681D
:103DF00041F82400641C6868801BA042F3D804E0EA
:103E00000020A96841F82400641C6868A042F7D823
:103E100007B36C681CE0601EA96851F82000C7F168
:103E2000200100FA01F9601EA96851F82000F8404D
:103E30000A46611E42F82100601EA96851F8200060
:103E400040EA0A000A46611E42F82100CA46641E82
:103E5000002CE0D10020C1E72DE9F05F05460F46B8
:103E60006FF06D0A4FF0000B00BF00BF7E0907F036
:103E70001F082846FEF7EAFCC4196868B4EB401F27
:103E800010D900BF14F01F0F01D0012000E0002066
:103E900000EB54112846FEF7D5FA5FEA000A00D07D
:103EA0003CE000BF4FF0000AB6B16C6809E0A01B0F
:103EB000401EA96851F82010601EAA6842F8201020
:103EC000641EB442F3D805E00021601EAA6842F8DF
:103ED0002010641E002CF7D1B8F1000F1DD034461D
:103EE00018E0A86850F82400C8F1200120FA01F970
:103EF000A86850F8240000FA08F0A96841F82400E6
:103F0000A86850F8240040EA0B00A96841F8240092
:103F1000CB46641C6868A042E3D800BF5046BDE8A9
:103F2000F09F2DE9FF4F87B005468B4614464FF4AE
:103F300080300690401E05900CB1A5420AD30A9825
:103F400018B14FF0FF310A9801604FF0FF300BB00D
:103F5000BDE8F08F2046FEF76BFC0746BC40BD4035
:103F6000C7F120002BFA00F1784201EAE070054326
:103F70000BFA07FB4FEA1448A0B204904FEA1B402B
:103F800001901FFA8BF00090B5FBF8F608FB165A6B
:103F900005E0761EC244BAF5803F00D30BE0B6F5CB
:103FA000803FF6D2049870434FF48032019902FBAF
:103FB0000A118842EDD800BF019806FB140000EBFF
:103FC000054003900398B0FBF8F9039809FB180A21
:103FD00006E0A9F10109C244BAF5803F00D30CE024
:103FE000B9F5803FF5D2049809FB00F04FF4803218
:103FF000009902FB0A118842EBD800BF0A9840B131
:104000000099039801EB004009FB1400F8400A995D
:10401000086009EB06400290029898E72DE9F04FFE
:1040200093B08146884616469A466FF06D0012900E
:1040300000BF00BF00BF00BF00215046FFF79BFE3E
:1040400020B96FF00B0013B0BDE8F08F0FA8FEF79A
:10405000DDF90CA8FEF7DAF909A8FEF7D7F906A8EA
:10406000FEF7D4F90120039003200490CDF814D07A
:1040700051463046FEF737FD002819DAB9F1000F36
:1040800008D000BF00214846FEF743FB129000B164
:1040900095E100BFB8F1000F08D000BF314640469F
:1040A000FEF73CFA129000B189E100BF0020CAE798
:1040B00000BF31460FA8FEF731FA129000B17EE141
:1040C00000BF00BF51460CA8FEF728FA129000B1BD
:1040D00075E100BF01200C900F9000BF7068811C3B
:1040E00009A8FEF7AFF9129000B168E100BF00BF68
:1040F000002109A8FEF70DFB129000B15FE100BF9F
:1041000000BF022106A8FEF79DF9129000B156E10A
:1041100000BF0CA8FEF79AFB00F01F0BBBF11F0FAE
:1041200013D2CBF11F0B00BF59460FA8FFF794FE27
:10413000129000B143E100BF00BF59460CA8FFF741
:104140008BFE129000B13AE101E04FF0000B1098A5
:10415000471E0D98451E00BF781B41010CA8FFF7B4
:104160007BFE129000B12AE100BF12E0791B0B9890
:1041700050F82100401C7A1B0B9941F8220000BF27
:104180000CAA0FA90FA8FEF7F7FC129000B116E1D8
:1041900000BF0CA90FA8FFF794FD0028E6DA00BFC6
:1041A000781B41010CA8FFF702FE129000B106E156
:1041B00000BF3C46CEE0119850F824000E9951F80B
:1041C0002510884207D34FF0FF31601B401E0B9A29
:1041D00042F8201011E00E9B53F82520631EDDF8F5
:1041E00044C05CF823105CF824000023FFF799FE1C
:1041F000611B491E0B9A42F82100022C01D20020BB
:1042000003E0A01E119951F82000059908600CB92F
:10421000002003E0601E119951F8200005994860C4
:10422000119850F8240005998860601B401E0B9976
:1042300051F82000401C0A46611B491E42F821002B
:1042400000BF601B401E0B9951F82000401E0A461B
:10425000611B491E42F8210000BF002106A8FEF79D
:1042600058FA129000B1AAE000BF0DB9002003E097
:10427000681E0E9951F82000089908600E9850F8B1
:1042800025000899486000BF601B401E0B9951F83B
:10429000202006A906A8FFF73EFC129000B18EE090
:1042A00000BF03A906A8FFF70CFD0028C9DC00BF6A
:1042B000601B401E0B9951F820200CA906A8FFF79F
:1042C0002AFC129000B17AE000BF00BF601B401EC4
:1042D000410106A8FFF7C0FD129000B16FE000BFDA
:1042E00000BF06AA0FA90FA8FEF746FC129000B166
:1042F00065E000BF00210FA8FFF73DFD002828DA88
:1043000000BF0CA906A8FEF709F9129000B156E00B
:1043100000BF00BF601B401E410106A8FFF79CFDC7
:10432000129000B14BE000BF00BF06AA0FA90FA872
:10433000FEF784FC129000B141E000BF601B401EFC
:104340000B9951F82000401E0A46611B491E42F895
:104350002100641EAC423FF62EAFB9F1000F0ED023
:1043600000BF09A94846FEF7D9F8129000B126E02F
:1043700000BF3068DAF800104843C9F80000B8F10F
:10438000000F1BD000BF59460FA8FFF710FD129079
:1043900000B114E000BF30680F9000BF0FA9404685
:1043A000FEF7BCF8129000B109E000BF00214046C2
:1043B000FFF7E1FC10B90120C8F8000000BF0FA80A
:1043C000FEF72CF80CA8FEF729F809A8FEF726F846
:1043D00006A8FEF723F80C216846F7F7DBF81298D9
:1043E00031E62DE9FF4105460E4617461C4600BF43
:1043F00000BF002C01DA604200E020460090002C53
:1044000002DA4FF0FF3000E001200190012002901D
:10441000CDF80CD001AB3A4631462846FFF7FEFDF9
:1044200004B0BDE8F081F0B504460B4600BF00BF04
:1044300000BF00BF12B96FF00B00F0BD002A02DA16
:104440006FF00900F9E7012A02D100202060F4E7AB
:10445000022A06D19868006800F001002060002060
:10446000EBE75D68002114E0681ED3F808C05CF833
:104470002060080440EA1641B1FBF2F707FB121175
:104480003604080440EA1641B1FBF2F707FB1211AB
:104490006D1E002DE8D11868002801DA01B1511A0B
:1044A00021600020C9E72DE9F84F06460F46144663
:1044B00098466FF06D0A0025206800EB080900BFE0
:1044C000454503D36FF00700BDE8F88F00BF3A46BB
:1044D00031466846FFF7A7FF5FEA000A00D02EE0EA
:1044E00000BF00BF3B46324600213046FFF779FF50
:1044F0005FEA000A00D022E000BF00980A2807D235
:1045000000983030C1B2A9F101008146017006E087
:1045100000983730C1B2A9F10100814601706D1CCD
:1045200000213046FFF727FC0028C9D12A4649461A
:1045300020680FF033FD20682844206000BF5046FB
:10454000C2E72DE9FF5F06460D4617469846DDF89F
:1045500038904FF0000A00BF00BF00BF00BF00BF8F
:1045600000BF022D01DB102D04DD6FF0030004B04D
:10457000BDE8F09F3046FEF769F90446042D00DBE4
:104580006408102D00DB6408641C641C641C04F0C7
:1045900001000444A04504D2C9F800406FF00700B0
:1045A000E5E703976846FDF731FF3068401C08D106
:1045B0002D20039908700398401C0390A8F1010076
:1045C0008046102D4ED171684FF0000C47E0042258
:1045D00042E04B1ED6F808B05BF82330A2F1010B85
:1045E0004FEACB0B23FA0BF3D8B230B9BCF1000F72
:1045F00003D18B18022B00D02DE003464FEAE07B5D
:1046000000EB1B7B4FEA2B1B0FF6A47E1EF80BB0B2
:10461000DDF80CE08EF800B0DDF80CB00BF1010B0A
:10462000CDF80CB04FEAE07B00EB1B7B4FEA2B1B75
:10463000A0EB0B1B0FF6787E1EF80BB0DDF80CE03C
:104640008EF800B0DDF80CB00BF1010BCDF80CB01A
:104650004FF0010C00BF521E002ABAD1491E00299A
:10466000B5D11AE000BF31466846FDF757FF5FEA53
:10467000000A00D01CE000BF0098401C01D10120BE
:10468000009000BF434603AA29466846FFF70BFF88
:104690005FEA000A00D00BE000BF00200399087019
:1046A0000398401C03900398C01BC9F8000000BF8A
:1046B0006846FDF7B3FE504659E701B500200022D9
:1046C000694605E000020B781843531CDAB2491C16
:1046D000042AF7D308BD10B504462046FFF7EDFFC6
:1046E00010BD2DE9F04106460F460FB9BDE8F08137
:1046F0003446781E06EB80050BE02068FFF7EBFFE1
:1047000080462868FFF7E7FF2060C5F80080241D79
:104710002D1FAC42F1D900BFE8E72DE9F04705466F
:10472000884616466FF06D0916F0030F01D0012080
:1047300000E0002000EB96076868B8420FD02846DA
:10474000FDF76CFE2846FDF761FE00BF394628469E
:10475000FDF778FE5FEA000900D01EE000BF00BF51
:1047600000212846FDF7D5FF5FEA000900D014E0DC
:1047700000BF00240EE0A108A86850F8210018F836
:104780000410A207D20E91400843A208A96841F87C
:104790002200641CB442EED300BF4846BDE8F08757
:1047A0002DE9F04705460F4616466FF06D0A16F0E4
:1047B000030F01D0012000E0002000EB9604C6EBBF
:1047C000840800BF00BF00BF00BF6868A0420FD0D0
:1047D0002846FDF723FE2846FDF718FE00BF2146B8
:1047E0002846FDF72FFE5FEA000A00D018E000BF60
:1047F00000BF00212846FDF78CFF5FEA000A00D0C9
:104800000EE000BF5FB1D5F8089009EB0800324612
:1048100039460FF0C3FB2146A868FFF762FF00BFCF
:104820005046BDE8F0872DE9F04707468946154612
:1048300078688600AE4201D2B04613E0A8464446EE
:104840000EE0A108B86850F82100A107C90EC840C1
:1048500010F0FF0F03D06FF00700BDE8F087641C75
:10486000B442EED3002409E0A108B86850F8210052
:10487000A107C90EC84009F80400641C4445F3D3DD
:10488000AE4204D2A91B09EB06000FF0AEFB0020DC
:10489000E3E72DE9F04780468946164600BF00BF92
:1048A00000BF00BFD8F804008700B74209D23D46D8
:1048B00009EB0600A0EB050A711B48460FF095FBBB
:1048C00015E03546CA462C460FE0A108D8F8080086
:1048D00050F82100A107C90EC84010F0FF0F03D007
:1048E0006FF00700BDE8F087641CBC42EDD30024E4
:1048F0000DE0A108D8F8080050F82100A107C90E62
:10490000C840C1B2281B401E0AF80010641CAC420B
:10491000EFD30020E6E710B5024682EA0103541AFD
:1049200024EA030001EA03042043C00F10BD2DE96F
:10493000F05F07468946904600BF00BF00BF00BF3A
:1049400000BF00BF7868D9F80410884203D06FF028
:104950000300BDE8F09F3868C0F3400AD9F80000B2
:10496000C0F3400B8AEA0B0505EA0A00C8F800000C
:104970002E467C682DE0621EBB6853F82210D9F8E1
:10498000083053F82200FFF7C6FF0546C6F10100C4
:10499000284000EA0A00D8F800100143C8F80010C7
:1049A0002E43621ED9F8083053F82210BB6853F822
:1049B0002200FFF7B0FF0546C6F101002840CAF10A
:1049C00001010840D8F800100843C8F800002E4341
:1049D000641E002CCFD10020BBE72DE9F041054635
:1049E0000E4614466FF06D0700BF00BF00BF00BF4A
:1049F00000BF00BF00212046FFF7BDF9002803DA01
:104A00006FF00900BDE8F08100BF23463246294619
:104A10000020FFF703FB070000D023E000BF09E000
:104A200000BF224629462846FEF708F9070000D0B5
:104A300018E000BF00212846FFF79DF90028EFDBB2
:104A400009E000BF224629462846FEF795F80700F0
:104A500000D007E000BF21462846FFF732F90028C2
:104A6000EFDA00BF3846CDE730B502460B469D6809
:104A7000296808468D1C05F0040500EB450020243C
:104A800005E001FB00F5C5F1020568436408082C48
:104A9000F7D2C5436D1C156030BD2DE9FF4F83B0C3
:104AA00007460E469046DDF840B0DBF80420910042
:104AB000DBF808000FF099FADBF80840D8F804504A
:104AC0007068A84201D2706800E0284602904FF05A
:104AD00000091FE0B86850F829A02068B16809688B
:104AE0000AFB010006994843019053462246B168EB
:104AF0000298FEF705F9D8F8081022462846019BCF
:104B0000FEF7FEF844F804AB0021681C44F82010BE
:104B100009F10109A945DDD3AA002146B8680FF0C3
:104B20003DFA54F82500401C44F82500214628464B
:104B3000D8F80820FDF750FF54F82510081A44F85B
:104B4000250054F82500C3B222462846B968FDF76F
:104B500037FD07B0BDE8F08FF0B585B007460C46CD
:104B600015461E460120049004980190029004A866
:104B700003902B46224601A938460096FFF78DFF89
:104B800005B0F0BD2DE9FF4FADF24C6D91461E46CC
:104B9000DDF880866FF06D00CDF848064FF0010A11
:104BA00000BF00BF00BF00BF00BF00BF00BF00BF0D
:104BB00000213046FFF7DFF8002804DDB068006808
:104BC00010F0010F05D16FF003000DF25C6DBDE830
:104BD000F08F00214846FFF7CEF8002802DA6FF088
:104BE0000300F2E731460DF23460FFF73DFF0DF2AE
:104BF0002460FDF70BFC0DF5C360FDF707FC03A86F
:104C0000FDF704FC4FF4C06106A80FF0EEF948462A
:104C1000FDF71CFE0446B4F5287F01D306200CE006
:104C2000EF2C01D9052008E04F2C01D9042004E025
:104C3000172C01D9032000E0012005467068471CAD
:104C400000BF3946DDF84C06FDF7FCFBCDF8480601
:104C500000B1EBE100BF00BF394609A8FDF7F2FB48
:104C6000CDF8480600B1E1E100BF00BF79000DF5C5
:104C7000C360FDF7E7FBCDF8480600B1D6E100BF01
:104C8000DDF850060068401C01D1012000E0002042
:104C90000290029878B100BF03A8DDF85016FDF726
:104CA0003DFCCDF8480600B1C0E100BF01200390F3
:104CB00003A8CDF85006B8F1000F02D0D8F80800CC
:104CC00058BB00BF01210DF22460FDF722FDCDF895
:104CD000480600B1AAE100BF00BF706881010DF273
:104CE0002460FFF7B9F8CDF8480600B19EE100BF97
:104CF00000BF32460DF224610846FFF76EFECDF884
:104D0000480600B192E100BFB8F1000F0ED00DF2DD
:104D1000246007C888E8070008E0D8E90102D8F84D
:104D200000100DF5C56305C3CDF824163146DDF836
:104D30005006FEF7C6FF00280BDB00BF324609A86D
:104D4000DDF85016FFF749FECDF8480600B16DE1D9
:104D50000AE000BF09A8DDF85016FDF7DFFBCDF82B
:104D6000480600B162E100BF0DF5C3600090324615
:104D70000DF2246109A8DDF83436FFF78EFE00BF7E
:104D80000DF22461DDF84C06FDF7C8FBCDF84806AE
:104D900000B14BE100BF0DF5C3633146DDF83426A9
:104DA000DDF84C06FFF7D8FE012D6CD9681E0AFA13
:104DB00000F700BF7268511C07EB470206AB03EB1C
:104DC0008200FDF73FFBCDF8480600B12EE100BFA1
:104DD00000BF07EB470106AA02EB810009A9FDF716
:104DE0009DFBCDF8480600B120E100BF002411E092
:104DF0000DF5C36007EB470206AB03EB820107EB3F
:104E00004702009003EB82003246DDF83436FFF7AC
:104E100044FE641C681EA042EAD87C1C2FE000BF40
:104E20007268511C04EB440206AB03EB8200FDF7F1
:104E300009FBCDF8480600B1F8E000BF00BF621ED4
:104E400002EB420206AB03EB820104EB440203EBEC
:104E50008200FDF763FBCDF8480600B1E6E000BF35
:104E60000DF5C36004EB440106AA009002EB81003B
:104E7000324609A9DDF83436FFF70FFE641C0AFA42
:104E800005F0A042CBD8D9F80400CDF840060020A8
:104E9000CDF83C068346CDF84406CDF8300677E0E1
:104EA000DDF83C0658B9DDF8400600B971E0DDF8E0
:104EB0004006401ECDF840062020CDF83C06DDF827
:104EC0003C06401ECDF83C06D9F80810DDF8400637
:104ED00051F82000DDF83C16C84000F00100CDF884
:104EE0003806DDF8380618B9DDF8300600B94FE0AD
:104EF000DDF8380678B9DDF8300601280BD10DF55C
:104F0000C36000903246DDF84C160846DDF83436B2
:104F1000FFF7C3FD3CE00220CDF830060BF1010B9A
:104F2000A5EB0B01DDF838068840DDF84416084390
:104F3000CDF84406AB452AD100240BE00DF5C36043
:104F400000903246DDF84C160846DDF83436FFF79F
:104F5000A4FD641CAC42F1D30DF5C3600090DDF8F4
:104F6000440600EB400006AA02EB80013246DDF861
:104F70003436DDF84C06FFF790FDDDF83006401EB4
:104F8000CDF830064FF0000B0020CDF8440600BFEE
:104F900086E700BF002421E00DF5C3600090324693
:104FA000DDF84C160846DDF83436FFF776FDDDF8FF
:104FB00044064000CDF844060AFA05F0DDF8441630
:104FC00008420AD00DF5C3600090324609A9DDF809
:104FD0003436DDF84C06FFF760FD641C5C45DBD31E
:104FE0000DF5C3633146DDF83426DDF84C06FFF7D6
:104FF000B3FD0298C8B1D9F80400B0B1D9F80800DF
:10500000006810F0010F10D04FF0FF31DDF84C06B2
:10501000016000BF3146DDF84C261046FDF70EFE5C
:10502000CDF8480600B101E000BF00BF681E0AFAD3
:1050300000F407E004EB440106AA02EB8100FDF74F
:10504000EDF9641C0AFA05F0A042F3D809A8FDF7AF
:10505000E5F90DF5C360FDF7E1F903A8FDF7DEF909
:10506000B8F1000F02D0D8F8080018B90DF224608A
:10507000FDF7D4F9DDF84806A7E52DE9F04786B03D
:105080000746884616466FF06D0900BF00BF00BF97
:1050900000BF00BF00BF03A8FDF7B8F96846FDF7E1
:1050A000B5F900BF414603A8FDF738FA5FEA0009E9
:1050B00000D094E000BF00BF31466846FDF72EFAED
:1050C0005FEA000900D08AE000BF03A8FDF794FB67
:1050D00005466846FDF790FB0446AC4200D22546E3
:1050E00000BF294603A8FEF762FE5FEA000900D070
:1050F00075E000BF00BF29466846FEF758FE5FEA2C
:10510000000900D06BE000BF0120009003904BE04D
:1051100000BF03A8FDF770FB8246514603A8FEF7C7
:1051200046FE5FEA000900D059E000BF00BF6846B4
:10513000FDF762FB824651466846FEF738FE5FEA9D
:10514000000900D04BE000BF694603A8FEF7B9FD97
:10515000002814DB00BF6A4603A903A8FDF75EFC24
:105160005FEA000900D03AE000BF00BF012103A8B8
:10517000FEF71DFE5FEA000900D030E014E000BF3A
:1051800003AA69466846FDF749FC5FEA000900D0BA
:1051900025E000BF00BF01216846FEF708FE5FEA78
:1051A000000900D01BE000BF002103A8FEF7E3FDCB
:1051B0000028ADD100BF29466846FEF74DFE5FEAE4
:1051C000000900D00BE000BF00BF69463846FDF77C
:1051D000A5F95FEA000900D001E000BF00BF03A805
:1051E000FDF71CF96846FDF719F9484606B0BDE819
:1051F000F0872DE9F05F06460C46174698466FF09B
:105200006D0B14F0030F01D0012000E0002000EB33
:105210009405C4EB850900BF00BF00BF00BF7068E4
:10522000A8420FD03046FDF7F9F83046FDF7EEF80A
:1052300000BF29463046FDF705F95FEA000B00D0B4
:1052400016E000BF00BF00213046FDF762FA5FEABA
:10525000000B00D00CE000BFD6F808A00AEB090153
:1052600022464046B8472946B068FFF73AFA00BFE1
:105270005846BDE8F09FF0B59BB005460E46144673
:105280006FF06D0700BF00BF00BF00BF00BF00BFD1
:1052900001212046FEF76FFD002802DC78111BB0CB
:1052A000F0BD15A8FDF7B2F812A8FDF7AFF80FA8EA
:1052B000FDF7ACF80CA8FDF7A9F818A8FDF7A6F8BB
:1052C00009A8FDF7A3F806A8FDF7A0F803A8FDF7C5
:1052D0009DF86846FDF79AF800BF2246314618A8A7
:1052E000FFF7CBFE070000D045E100BF012118A861
:1052F000FEF741FD10B16FF00D073CE100BF224603
:10530000314615A8FFF769FB070000D033E100BF65
:1053100000BF15A912A8FDF701F9070000D02AE186
:1053200000BF00BF214609A8FDF7F8F8070000D02C
:1053300021E100BF00BF214606A8FDF7EFF80700F6
:1053400000D018E100BF00BF01210FA8FDF7E1F96F
:10535000070000D00FE100BF00BF00210CA8FDF73F
:10536000D8F9070000D006E100BF00BF002103A864
:10537000FDF7CFF9070000D0FDE000BF00BF01211D
:105380006846FDF7C6F9070000D0F4E000BF00BF93
:1053900038E000BF012112A8FEF709FD070000D088
:1053A000E9E000BF1198006810F0010F04D10E98D9
:1053B000006810F0010F13D000BF09AA0FA90FA8B1
:1053C000FDF73CFC070000D0D5E000BF00BF15AAE8
:1053D0000CA90CA8FDF7D0FB070000D0CBE000BF64
:1053E00000BF01210FA8FEF7E2FC070000D0C2E0D9
:1053F00000BF00BF01210CA8FEF7D9FC070000D0B8
:10540000B9E000BF1498006810F0010FC1D038E077
:1054100000BF012106A8FEF7CAFC070000D0AAE0E1
:1054200000BF0598006810F0010F04D102980068D1
:1054300010F0010F13D000BF09AA03A903A8FDF7BC
:10544000FDFB070000D096E000BF00BF15AA69462B
:105450006846FDF791FB070000D08CE000BF00BF5D
:10546000012103A8FEF7A3FC070000D083E000BFE2
:1054700000BF01216846FEF79AFC070000D07AE0E1
:1054800000BF0898006810F0010FC1D006A912A84B
:10549000FEF717FC00281DDB00BF06AA12A912A800
:1054A000FDF76AFB070000D065E000BF00BF03AA5C
:1054B0000FA90FA8FDF760FB070000D05BE000BF5D
:1054C00000BF6A460CA90CA8FDF756FB070000D0E8
:1054D00051E01DE000BF12AA06A906A8FDF74CFB8B
:1054E000070000D047E000BF00BF0FAA03A903A830
:1054F000FDF742FB070000D03DE000BF00BF0CAA53
:1055000069466846FDF738FB070000D033E000BF6E
:10551000002112A8FEF72FFC00287FF439AF09E024
:1055200000BF224603A903A8FDF788FB070000D0AF
:1055300021E000BF002103A8FEF71DFC0028EFDBDF
:1055400009E000BF224603A903A8FDF715FB0700E9
:1055500000D010E000BF214603A8FEF7B2FB0028F0
:10556000EFDA00BF03A92846FCF7D8FF070000D0F8
:1055700001E000BF00BF15A8FCF750FF12A8FCF720
:105580004DFF0FA8FCF74AFF0CA8FCF747FF18A82F
:10559000FCF744FF09A8FCF741FF06A8FCF73EFF13
:1055A00003A8FCF73BFF6846FCF738FF384676E671
:1055B0003031323334353637383941424344454649
:1055C0000000000070B50446FE4D2E4605B10CB932
:1055D000002070BD0DE070686168884207D1D4E991
:1055E000012130680EF05CFD08B92846F1E714355A
:1055F0002E4630680028EED100BFEAE770B50646B7
:105600000C463046FFF7DEFF054615B96FF02D005A
:1056100070BD286920600020FAE770B50446EA4DA5
:105620002E4605B10CB9002070BD0DE070686168B0
:10563000884207D1D4E9012130680EF031FD08B964
:105640002846F1E714352E4630680028EED100BF19
:10565000EAE770B506460C463046FFF7DEFF054622
:1056600015B96FF02D0070BD286920600020FAE7A1
:1056700070B50446D54D2E4605B10CB9002070BD5D
:105680000DE070686168884207D1D4E90121306873
:105690000EF006FD08B92846F1E710352E463068B1
:1056A0000028EED100BFEAE770B506460C4630464A
:1056B000FFF7DEFF054615B96FF02D0070BDE868F5
:1056C00020600020FAE770B50446C14D2E4605B1B2
:1056D0000CB9002070BD0DE070686168884207D188
:1056E000D4E9012130680EF0DBFC08B92846F1E767
:1056F00010352E4630680028EED100BFEAE770B5BD
:1057000006460C463046FFF7DEFF054615B96FF03A
:105710002D0070BDE86820600020FAE770B50446EF
:10572000AC4D2E4605B10CB9002070BD0DE070687F
:105730006168884207D1D4E9012130680EF0B0FCDD
:1057400008B92846F1E714352E4630680028EED116
:1057500000BFEAE770B506460C463046FFF7DEFFAD
:10576000054615B96FF02D0070BDE8682060002077
:10577000FAE72DE9F04107460D4616463846FFF791
:10578000CDFF04461CB96FF02D00BDE8F081207CF0
:105790002870607C30700020F7E730B504460D4675
:1057A0008C490CE0487CA04208D1087CA84205D175
:1057B0000868106048681860002030BD143108681F
:1057C0000028EFD16FF02D00F7E770B50446824D49
:1057D0002E4605B10CB9002070BD0DE070686168FF
:1057E000884207D1D4E9012130680EF059FC08B98C
:1057F0002846F1E714352E4630680028EED100BF68
:10580000EAE770B506460C463046FFF7DEFF054670
:1058100015B96FF02D0070BD287C20700020FAE7CC
:1058200010B503460C466C4909E0087C984205D146
:105830000868206048681060002010BD14310868B6
:105840000028F2D16FF02D00F7E770B50446634DE4
:105850002E4605B10CB9002070BD0DE0706861687E
:10586000884207D1D4E9012130680EF019FC08B94B
:105870002846F1E714352E4630680028EED100BFE7
:10588000EAE770B506460C463046FFF7DEFF0546F0
:1058900015B96FF02D0070BD287C20700020FAE74C
:1058A00070B504464E4D2E4605B10CB9002070BDB2
:1058B0000DE070686168884207D1D4E90121306841
:1058C0000EF0EEFB08B92846F1E714352E46306895
:1058D0000028EED100BFEAE770B506460C46304618
:1058E000FFF7DEFF054615B96FF02D0070BD287C6F
:1058F00020700020FAE710B503460C46384909E04D
:10590000087C984205D10868206048681060002033
:1059100010BD143108680028F2D16FF02D00F7E7B0
:1059200070B504462F4D2E4605B10CB9002070BD50
:105930000DE070686168884207D1D4E901213068C0
:105940000EF0AEFB08B92846F1E714352E46306854
:105950000028EED100BFEAE770B506460C46304697
:10596000FFF7DEFF054615B96FF02D0070BD287CEE
:1059700020700020FAE72DE9FE4F83468946154640
:105980006FF06D04DA464E46686888B3A868007800
:10599000282190FBF1F201FB12000290A868007828
:1059A00090FBF1F00190029800900FA23146504612
:1059B000019B0FF0A9F9044600BF002C01DBB442A3
:1059C0001BD316E0D4890200648B0200F08B020026
:1059D000708C0200908C0200448D0200948D0200B5
:1059E000D08D02005C8E020025642E25640000002C
:1059F00006E06FF00A00BDE8FE8F361BA24400BF30
:105A000000274FF0010828E0C7F31800B84202D081
:105A10006FF00A00EFE7FF01A86810F8080000F037
:105A20007F000744A86810F8080010F0800F12D11A
:105A30003B460DA2314650460FF066F9044600BFC2
:105A4000002C01DBB44202D36FF00A00D3E7361B0F
:105A5000A24400BF002708F1010868684045D3D878
:105A6000A9EB0600C7E700002E257500F94870472E
:105A70000146C81E062810D2DFE800F0030507091A
:105A80000B0DF5487047F548FCE7F548FAE7F5488F
:105A9000F8E7F548F6E7F548F4E70020F2E710B537
:105AA00004460CB9002010BD2146F1A00EF0EAFA20
:105AB00018B90320FFF7DCFFF5E72146EDA00EF053
:105AC000E1FA20B12146EDA00EF0DCFA18B904206D
:105AD000FFF7CEFFE7E72146E9A00EF0D3FA18B9A9
:105AE0000520FFF7C5FFDEE72146E7A00EF0CAFA62
:105AF00018B90620FFF7BCFFD5E72146E4A00EF059
:105B0000C1FA18B90720FFF7B3FFCCE72146E2A09E
:105B10000EF0B8FA18B90820FFF7AAFFC3E7002073
:105B2000C1E70021016041608160704710B5044603
:105B30000CB1206800B910BD606800B3206800791E
:105B4000C01E062816D2DFE800F003070B0C101168
:105B5000606800F004FB0EE0606804F0E0F90AE021
:105B600000BF606801F057F905E000BF606802F00F
:105B70004EFA00E000BF00BF60680FF04DFEA06865
:105B800040B1226892795100A068F5F703FDA06842
:105B90000FF042FE0C212046F5F7FCFC00BFCAE7DF
:105BA00070B505460C4645B1286830B12CB1206867
:105BB00018B128682168884201D0B94870BD2068B2
:105BC0000079C01E06281AD2DFE800F003080D0E87
:105BD00013146168686800F0CCFA12E061686868C4
:105BE00004F0A7F90DE000BF6168686801F01DF9D5
:105BF00007E000BF6168686802F013FA01E0A84896
:105C0000DCE700BF0020D9E770B504460D46164614
:105C100005B10CB9A24870BD2879C01E062846D22D
:105C2000DFE800F003132324343500BF582101209E
:105C30000EF05BFA6060606810B999488038EAE756
:105C4000606800F085FA00BF33E000BF5C210120EE
:105C50000EF04BFA6060606810B991488038DAE75E
:105C6000606804F053F900BF23E000BF00BF6C215F
:105C700001200EF03AFA6060606810B988488038F8
:105C8000C9E7606801F0BEF800BF12E000BF00BFC6
:105C9000D82101200EF029FA6060606810B98048B0
:105CA0008038B8E7606802F0A9F900BF01E07C48DD
:105CB000B1E700BF66B1A97902200EF016FAA06024
:105CC000A06828B92046FFF731FF75488038A2E761
:105CD000256000209FE770B504460D460122294645
:105CE0002046FFF791FF70BD10B504460CB1206847
:105CF00008B96B4810BD20680079C01E062820D264
:105D0000DFE800F003070B10151A606800F03AFA9C
:105D1000F0E7606804F01AF9ECE70121606801F02F
:105D200091F8E7E70021606801F08CF8E2E70121D3
:105D3000606802F083F9DDE70021606802F07EF917
:105D4000D8E75748D6E770B504460D4616460CB15D
:105D5000206808B9524870BD20680079C01E062826
:105D60001ED2DFE800F003090F101617324629464D
:105D7000606800F01CFFEEE732462946606805F0D7
:105D800099FCE8E700BF32462946606801F0C2FF8F
:105D9000E1E700BF32462946606803F0C9FBDAE755
:105DA0003F48D8E770B504460D460CB1206808B9E5
:105DB0003B4870BD20680079C01E06281AD2DFE873
:105DC00000F003080D0E13142946606800F044FF2C
:105DD000EFE72946606805F0C6FCEAE700BF294600
:105DE000606801F0F0FFE4E700BF2946606803F057
:105DF00002FCDEE72A48DCE72DE9F04104460D46C7
:105E000016461F4614B92648BDE8F0812079C01E09
:105E1000062855D2DFE800F003090F16464D3A4632
:105E20003146284600F0A9FFEEE73A4631462846BB
:105E300005F039FDE8E701233A463146284602F0ED
:105E400099F8E1E700233A463146284602F092F8F5
:105E5000DAE70000048F0200D48E0200DC8E02001C
:105E6000E48E0200EC8E0200F48E0200FC8E020032
:105E70004D44350053484131000000005348410073
:105E80005348413232340000534841323536000025
:105E90005348413338340000534841353132000013
:105EA00000AFFFFF01233A463146284603F0EDFFDD
:105EB000AAE700233A463146284603F0E6FFA3E767
:105EC000A248A1E72DE9F04790B0044688469146E4
:105ED0006FF06D0A1CB1206808B1A06818B99B4822
:105EE00010B0BDE8F0872068807948451BD2204675
:105EF000FFF7FAFE5FEA000A00D046E04A46414654
:105F00002046FFF720FF5FEA000A00D03DE0694627
:105F10002046FFF747FF5FEA000A00D035E020681F
:105F200090F80590E846A66821688979A068471826
:105F300020688179362230460EF050F82068817949
:105F40005C2238460EF04AF800250AE0705D18F829
:105F5000051048407055785D18F805104840785590
:105F60006D1C4D45F2D32046FFF7BEFE5FEA000AE6
:105F700000D00AE02068827931462046FFF7E3FE30
:105F80005FEA000A00D000E000BF40216846F5F754
:105F900001FB5046A4E770B504460D4616461CB1F9
:105FA000206808B1A06808B9684870BD3246294623
:105FB0002046FFF7C8FEF8E7F0B591B004460E465C
:105FC0006FF06D071CB1206808B1A06810B95F4878
:105FD00011B0F0BD21688979A068451801A9204653
:105FE000FFF7E0FE070001D03846F1E72046FFF753
:105FF0007BFE070001D03846EAE72068827929460F
:106000002046FFF7A0FE070001D03846E0E72068F1
:10601000427901A92046FFF796FE070001D03846D5
:10602000D6E731462046FFF7BDFED1E770B50446FE
:106030006FF06D061CB1206808B1A06808B943482C
:1060400070BDA5682046FFF74FFE060001D0304620
:10605000F6E72068827929462046FFF774FEEFE7CD
:106060002DE9FE4F04460E4617461D46DDE90C8914
:106070006FF06D0A14B93548BDE8FE8F6846FFF72A
:1060800050FD012221466846FFF7BEFD5FEA000A87
:1060900000D01AE03A4631466846FFF713FF5FEA40
:1060A000000A00D011E0424629466846FFF773FF18
:1060B0005FEA000A00D008E049466846FFF77CFF27
:1060C0005FEA000A00D000E000BF6846FFF72EFD3F
:1060D0005046D1E770B504460D460CB1206808B9AA
:1060E0001A4870BD20680079C01E06281AD2DFE861
:1060F00000F003080D0E13142946606800F057F8ED
:10610000EFE72946606803F03AFFEAE700BF294657
:10611000606800F0CCFEE4E700BF2946606801F04B
:10612000E6FFDEE70948DCE7014609B900207047D1
:106130004879FCE7014609B9002070470879FCE777
:10614000014609B9002070470868FCE700AFFFFF6F
:1061500010B50446582120460DF047FF10BD10B57C
:10616000044604B910BD58212046F5F713FA00BFC4
:10617000F8E770B504460D465822294620460DF032
:106180000DFF70BD0146002008604860FE48886031
:10619000FE4ACA60C2430A61FC4AD2434A610020F7
:1061A000704700B503461846FFF7ECFF00BDF0B599
:1061B00090B006460D4628786F7840EA0720AF7801
:1061C00040EA0740EF7840EA0760009028796F794D
:1061D00040EA0720AF7940EA0740EF7940EA0760DC
:1061E0000190287A6F7A40EA0720AF7A40EA0740A8
:1061F000EF7A40EA07600290287B6F7B40EA072035
:10620000AF7B40EA0740EF7B40EA07600390287CC1
:106210006F7C40EA0720AF7C40EA0740EF7C40EA11
:1062200007600490287D6F7D40EA0720AF7D40EA3B
:106230000740EF7D40EA07600590287E6F7E40EAC8
:106240000720AF7E40EA0740EF7E40EA07600690F5
:10625000287F6F7F40EA0720AF7F40EA0740EF7F4B
:1062600040EA0760079095F8200095F8217040EA11
:10627000072095F8227040EA074095F8237040EA1D
:106280000760089095F8240095F8257040EA0720EB
:1062900095F8267040EA074095F8277040EA0760B5
:1062A000099095F8280095F8297040EA072095F89C
:1062B0002A7040EA074095F82B7040EA07600A9080
:1062C00095F82C0095F82D7040EA072095F82E706F
:1062D00040EA074095F82F7040EA07600B9095F868
:1062E000300095F8317040EA072095F8327040EAA6
:1062F000074095F8337040EA07600C9095F8340039
:1063000095F8357040EA072095F8367040EA074066
:1063100095F8377040EA07600D9095F8380095F8C9
:10632000397040EA072095F83A7040EA074095F83E
:106330003B7040EA07600E9095F83C0095F83D7080
:1063400040EA072095F83E7040EA074095F83F7014
:1063500040EA07600F90B168F2683369746900BF62
:1063600083EA040010406040009F3844884F38445E
:106370000144C80140EA5160811800BF00BF82EAB1
:10638000030008405840019F3844824F3844044479
:10639000200340EA1450441800BF00BF81EA020005
:1063A00020405040029F38447B4F384403445804F7
:1063B00040EAD330031900BF00BF84EA010018404F
:1063C0004840039F3844754F38440244900540EAE2
:1063D0009220C21800BF00BF83EA04001040604052
:1063E000049F38446E4F38440144C80140EA51606C
:1063F000811800BF00BF82EA030008405840059F93
:106400003844684F38440444200340EA1450441888
:1064100000BF00BF81EA020020405040069F384480
:10642000614F38440344580440EAD330031900BF95
:1064300000BF84EA010018404840079F38445B4F82
:1064400038440244900540EA9220C21800BF00BFC1
:1064500083EA040010406040089F3844544F384499
:106460000144C80140EA5160811800BF00BF82EAC0
:10647000030008405840099F38444E4F38440444B4
:10648000200340EA1450441800BF00BF81EA020014
:10649000204050400A9F3844A0F524404F38034420
:1064A000580440EAD330031900BF00BF84EA01005A
:1064B000184048400B9F38443F4F384402449005F1
:1064C00040EA9220C21800BF00BF83EA04001040D7
:1064D00060400C9F3844394F38440144C80140EAB9
:1064E0005160811800BF00BF82EA03000840584095
:1064F0000D9F3844324F38440444200340EA14507E
:10650000441800BF00BF81EA0200204050400E9FA7
:1065100038442C4F38440344580440EAD33003191C
:1065200000BF00BF84EA0100184048400F9F384474
:10653000254F38440244900540EA9220C21800BF1B
:1065400000BF82EA030020405840019F38441F4F9B
:1065500038440144480140EAD160811800BF00BFBF
:1065600081EA020018405040069F3844184F3844D2
:106570000444600240EAD450441800BF00BF84EADB
:1065800001001040484025E00123456789ABCDEF6D
:1065900078A46AD756B7C7E8DB702024EECEBDC119
:1065A000AF0F7CF52AC68747134630A8019546FDF4
:1065B000D8988069AFF7448BBED75C892211906B65
:1065C000937198FD8E4379A62108B44962251EF681
:1065D00040B340C00B9F3844FE4F384403449803F7
:1065E00040EA9340031900BF00BF83EA040008405B
:1065F0006040009F3844F84F38440244100540EA98
:106600001230C21800BF00BF82EA03002040584089
:10661000059F3844F14F38440144480140EAD160B5
:10662000811800BF00BF81EA0200184050400A9F55
:106630003844EB4F38440444600240EAD4504418D4
:1066400000BF00BF84EA0100104048400F9F38445B
:10665000E44F38440344980340EA9340031900BFD1
:1066600000BF83EA040008406040049F3844DE4FC6
:1066700038440244100540EA1230C21800BF00BF7F
:1066800082EA030020405840099F3844D74F3844DD
:106690000144480140EAD160811800BF00BF81EA8F
:1066A0000200184050400E9F3844D14F38440444F3
:1066B000600240EAD450441800BF00BF84EA0100E1
:1066C00010404840039F3844CA4F3844034498035D
:1066D00040EA9340031900BF00BF83EA040008406A
:1066E0006040089F3844C44F38440244100540EAD3
:1066F0001230C21800BF00BF82EA03002040584099
:106700000D9F3844BD4F38440144480140EAD160F0
:10671000811800BF00BF81EA020018405040029F6C
:106720003844B74F38440444600240EAD450441817
:1067300000BF00BF84EA010010404840079F384472
:10674000B04F38440344980340EA9340031900BF14
:1067500000BF83EA0400084060400C9F3844AA4F01
:1067600038440244100540EA1230C21800BF00BF8E
:1067700082EA03006040059F3844A44F3844014436
:10678000080140EA1170811800BF00BF81EA0200D1
:106790005840089F38449E4F38440444E00240EA81
:1067A0005450441800BF00BF84EA010050400B9FC2
:1067B0003844984F38440344180440EA13400319FE
:1067C00000BF00BF83EA040048400E9F3844924F48
:1067D00038440244D00540EA5220C21800BF00BF2E
:1067E00082EA03006040019F38448C4F38440144E2
:1067F000080140EA1170811800BF00BF81EA020061
:106800005840049F3844864F38440444E00240EA2C
:106810005450441800BF00BF84EA01005040079F55
:106820003844804F38440344180440EA13400319A5
:1068300000BF00BF83EA040048400A9F38447A4FF3
:1068400038440244D00540EA5220C21800BF00BFBD
:1068500082EA030060400D9F3844744F384401447D
:10686000080140EA1170811800BF00BF81EA0200F0
:106870005840009F38446E4F38440444E00240EAD8
:106880005450441800BF00BF84EA01005040039FE9
:106890003844684F38440344180440EA134003194D
:1068A00000BF00BF83EA04004840069F3844624F9F
:1068B00038440244D00540EA5220C21800BF00BF4D
:1068C00082EA03006040099F38445C4F3844014429
:1068D000080140EA1170811800BF00BF81EA020080
:1068E00058400C9F3844564F38440444E00240EA74
:1068F0005450441800BF00BF84EA010050400F9F6D
:106900003844504F38440344180440EA13400319F4
:1069100000BF00BF83EA04004840029F38444A4F4A
:1069200038440244D00540EA5220C21800BF00BFDC
:1069300062EA04005840009F3844444F3844014400
:10694000880140EA9160811800BF00BF61EA03003E
:106950005040079F38443E4F38440444A00240EA68
:106960009450441800BF00BF64EA020048400E9FE4
:106970003844384F38440344D80340EA534003199D
:1069800000BF00BF63EA01006040059F3844324FFA
:1069900038440244500540EAD220C21800BF00BF6C
:1069A00062EA040058400C9F38442C4F384401449C
:1069B000880140EA9160811800BF00BF61EA0300CE
:1069C0005040039F3844264F38440444A00240EA14
:1069D000945047E0515A5E26AAC7B6E95D102FD6FB
:1069E0005314440281E6A1D8C8FBD3E7E6CDE121E8
:1069F000D60737C3870DD5F4ED145A4505E9E3A949
:106A0000F8A3EFFCD9026F678A4C2A8D4239FAFF4E
:106A100081F6718722619D6D0C38E5FD44EABEA4C4
:106A2000A9CFDE4B604BBBF670BCBFBEC67E9B28B9
:106A3000FA27A1EA8530EFD4051D880439D0D4D9CE
:106A4000E599DBE6F87CA21F6556ACC4442229F424
:106A500097FF2A43A72394AB39A093FCC3595B65E6
:106A600092CC0C8F441800BF00BF64EA020048407B
:106A70000A9F3844D94F38440344D80340EA53406E
:106A8000031900BF00BF63EA01006040019F384462
:106A9000D34F38440244500540EAD220C21800BF08
:106AA00000BF62EA04005840089F3844CD4F384484
:106AB0000144880140EA9160811800BF00BF61EA8B
:106AC000030050400F9F3844C74F38440444A0028D
:106AD00040EA9450441800BF00BF64EA02004840F6
:106AE000069F3844C14F38440344D80340EA53401A
:106AF000031900BF00BF63EA010060400D9F3844E6
:106B0000BB4F38440244500540EAD220C21800BFAF
:106B100000BF62EA04005840049F3844B54F38442F
:106B20000144880140EA9160811800BF00BF61EA1A
:106B3000030050400B9F3844AF4F38440444A00238
:106B400040EA9450441800BF00BF64EA0200484085
:106B5000029F3844A94F38440344D80340EA5340C5
:106B6000031900BF00BF63EA01006040099F384479
:106B7000A34F38440244500540EAD220C21800BF57
:106B8000B0680844B060F0688718F7603069C718CB
:106B90003761706907197761002010B0F0BD30B51A
:106BA00004460D4629462046FFF701FB30BD2DE97E
:106BB000F0470446884615466FF06D0915B9002068
:106BC000BDE8F087206800F03F07C7F14006206865
:106BD00028442060206820602068A84202D26068B3
:106BE000401C6060AFB1B54213D304F11801C8195D
:106BF000324641460DF0D2F904F118012046FFF764
:106C0000D6FA5FEA000901D04846D9E7B044AD1B87
:106C100000270BE041462046FFF7C9FA5FEA00096A
:106C200001D04846CCE708F14008403D402DF1D264
:106C300035B104F11801C8192A4641460DF0AEF9E4
:106C40000020BDE770B504460D461646324629467B
:106C50002046FFF7ACFF70BD2DE9F04704460D4616
:106C60006FF06D09206800F03F0680223046761CE8
:106C700004F118010A54382E07D8C6F1380104F17E
:106C8000180290190DF0B1F916E0C6F1400104F1B7
:106C9000180290190DF0A9F904F118012046FFF728
:106CA00086FA5FEA000902D04846BDE8F08738213D
:106CB00004F118000DF099F92068400F616840EA6E
:106CC000C10720684FEAC00884F850804FEA1821B5
:106CD00084F851104FEA184184F852104FEA1860B6
:106CE00084F8530084F85470390A84F85510390C2C
:106CF00084F85610380E84F8570004F11801204625
:106D0000FFF755FA5FEA000901D04846CDE7A068D1
:106D10002870A068000A6870A068000CA870A068BD
:106D2000000EE870E0682871E068000A6871E068A9
:106D3000000CA871E068000EE871206928722069D3
:106D4000000A68722069000CA8722069000EE872BF
:106D5000606928736069000A68736069000CA87331
:106D60006069000EE87300209FE770B504460D4689
:106D700029462046FFF770FF70BDF0B597B0044676
:106D80000D4616466FF06D0701A8FFF7E1F901A85F
:106D9000FFF7F8F9070000D00FE02A46214601A8C6
:106DA000FFF705FF070000D007E0314601A8FFF715
:106DB00053FF070000D000E000BF01A8FFF7CFF9A4
:106DC000384617B0F0BD70B504460D46164632463B
:106DD00029462046FFF7D1FF70BD00007DF4EFFF8C
:106DE000D15D84854F7EA86FE0E62CFE144301A39D
:106DF000A111084E827E53F735F23ABDBBD2D72A95
:106E000091D386EB10B5044600BF00BF6C2120462D
:106E10000DF0EBF810BD10B5044604B910BD6C219F
:106E20002046F4F7B7FB00BFF8E770B504460D46FF
:106E300000BF00BF00BF00BF6C22294620460DF0F6
:106E4000ADF870BD024600BF00BF00BF00BF00200C
:106E50001060506081B9FE489060FE4BD360FE4BDD
:106E60001361FE4B5361FE4B9361FE4BD361FE4BAE
:106E70001362FE4B53620FE0FD489060FD4BD36000
:106E8000FD4B1361FD4B5361FD4B9361FD4BD36192
:106E9000FD4B1362FD4B536291660020704730B585
:106EA00004460D4629462046FFF7CCFF30BD2DE9AC
:106EB000F041C8B005460C4600BF00BF00BF00BF90
:106EC000002106E005F1080050F821004DF82100EE
:106ED000491C0829F6D3002116E000BF14F8210050
:106EE00006068800401C205C46EA00468800801C9C
:106EF000205C46EA00208E00F61CA65D304308AEFA
:106F000046F8210000BF491C1029E6D300214AE2BF
:106F100000BF04988009049E40EA8660F60A049F38
:106F200046EA475670407E0E46EAC7167040079EF6
:106F30000644DDE905077840049F3840069F784005
:106F40003044D34E56F82160304408AE56F82160E4
:106F5000821900988008009E40EA8670760B009F98
:106F600046EAC7467040BE0D46EA872680EA060715
:106F7000DDE900063040DDE9006C46EA0C06DDF88C
:106F800008C006EA0C0630433B18039810440390EF
:106F9000D018079000BF00BF03988009039E40EA05
:106FA0008660F60A039F46EA475670407E0E46EA20
:106FB000C7167040069E0644DDE904077840039F2B
:106FC0003840059F78400644B14F481C57F82000D0
:106FD000064408AF481C57F820003218079880086C
:106FE000079E40EA8670760B079F46EAC7467040C8
:106FF000BE0D46EA872680EA0607009E07983040C5
:10700000DDF800C0079E46EA0C06DDF804C006EA7B
:107010000C0630433B18029810440290D01806909A
:1070200000BF00BF02988009029E40EA8660F60A0F
:10703000029F46EA475670407E0E46EAC7167040E9
:10704000059E0644DDE903077840029F3840049F0F
:10705000784006448E4F881C57F82000064408AF3D
:10706000881C57F82000321806988008069E40EACF
:107070008670760B069F46EAC7467040BE0D46EA0C
:10708000872680EA0607DDE906063040DDE9066C62
:1070900046EA0C06DDF800C006EA0C0630433B1851
:1070A000019810440190D018059000BF00BF0198CE
:1070B0008009019E40EA8660F60A019F46EA47562B
:1070C00070407E0E46EAC7167040049E0644DDE915
:1070D00002077840019F3840039F784006446C4F78
:1070E000C81C57F82000064408AFC81C57F82000F9
:1070F000321805988008059E40EA8670760B059F39
:1071000046EAC7467040BE0D46EA872680EA060773
:10711000DDE905063040DDE9056C46EA0C06DDF8E0
:107120001CC006EA0C0630433B180098104400903F
:10713000D018049000BF00BF00988009009E40EA6C
:107140008660F60A009F46EA475670407E0E46EA81
:10715000C7167040039E0644DDE901077840009F92
:107160003840029F78400644494F081D57F82000D8
:10717000064408AF081D57F820003218049880080C
:10718000049E40EA8670760B049F46EAC74670402C
:10719000BE0D46EA872680EA0607DDE90406304090
:1071A000DDE9046C46EA0C06DDF818C006EA0C06B8
:1071B00030433B18079810440790D018039000BF45
:1071C00000BF07988009079E40EA8660F60A079F7D
:1071D00046EA475670407E0E46EAC7167040029E49
:1071E0000644DDE900077840079F3840019F78405A
:1071F0000644274F481D57F82000064408AF481D95
:1072000057F82000321803988008039E40EA8670E1
:10721000760B039F46EAC7467040BE0D46EA8726B6
:1072200080EA0607DDE903063040DDE9036C46EA43
:107230000C06DDF814C006EA0C0630433B1806982D
:1072400010440690D018029000BF00BF069821E0BD
:1072500067E6096A85AE67BB72F36E3C3AF54FA5E7
:107260007F520E518C68059BABD9831F19CDE05B13
:10727000D89E05C107D57C3617DD703039590EF719
:10728000310BC0FF11155868A78FF964A44FFABEDF
:10729000208F02008009069E40EA8660F60A069F5B
:1072A00046EA475670407E0E46EAC7167040019E79
:1072B0000644009F07987840069F3840009F78401A
:1072C0000644FE4F881D57F82000064408AF881D6D
:1072D00057F82000321802988008029E40EA867013
:1072E000760B029F46EAC7467040BE0D46EA8726E7
:1072F00080EA0607DDE902063040DDE9026C46EA75
:107300000C06DDF810C006EA0C0630433B18059861
:1073100010440590D018019000BF00BF0598800967
:10732000059E40EA8660F60A059F46EA4756704089
:107330007E0E46EAC7167040009E0644DDE9060749
:107340007840059F3840079F78400644DB4FC81DB2
:1073500057F82000064408AFC81D57F8200032181F
:1073600001988008019E40EA8670760B019F46EAEC
:10737000C7467040BE0D46EA872680EA0607DDE96B
:1073800001063040DDE9016C46EA0C06DDF80CC070
:1073900006EA0C0630433B18049810440490D018B9
:1073A000009000BF08311029FFF4B2AD1021FDE3B9
:1073B00000BF881E08AE56F82000460C881E08AF95
:1073C00057F8200046EAC0308E1E57F82660F70CAA
:1073D0008E1E0DF1200C5CF8266047EA46367040A0
:1073E0008E1E08AF57F8266080EA9626C81F57F809
:1073F00020003044A1F10F0657F82660F709A1F1EB
:107400000F065CF8266047EA4666A1F10F075CF8B4
:1074100027704FEA974CA1F10F070DF1200858F89B
:1074200027704CEA87377E40A1F10F07C4465CF80D
:10743000277086EAD7060644A1F1100008AF57F876
:107440002000064408A840F8216004988009049FA1
:1074500040EA8760FF0ADDF810C047EA4C577840E1
:107460004FEA5C6747EACC177840079F0744DDE99D
:10747000050C80EA0C00DDF810C000EA0C00DDF815
:1074800018C080EA0C0038448C4F57F821703844FB
:10749000321800988008009E40EA8670760B009FA4
:1074A00046EAC7467040BE0D46EA872680EA0607D0
:1074B000DDE900063040DDE9006C46EA0C06DDF847
:1074C00008C006EA0C0630433B18039810440390AA
:1074D000D018079000BF00BF481E08AE56F8200025
:1074E000460C481E08AF57F8200046EAC036481E32
:1074F00057F82000C70C481EC4465CF8200047EA35
:1075000040304640481E08AF57F8200086EA9026D3
:10751000881F57F820000644A1F10E0057F82000FC
:10752000C709A1F10E005CF8200047EA4067A1F10D
:107530000E005CF820004FEA904CA1F10E0058F8C4
:1075400020004CEA80304740A1F10E00C4465CF8B0
:10755000200087EAD0000644A1F10F0008AF57F8D9
:1075600020000644481C47F8206003988009039FC8
:1075700040EA8760FF0ADDF80CC047EA4C577840C4
:107580004FEA5C6747EACC177840069F0744DDE97D
:10759000040C80EA0C00DDF80CC000EA0C00DDF8F9
:1075A00014C080EA0C000744DFF810C1481C5CF8E6
:1075B00020003844321807988008079E40EA8670F9
:1075C000760B079F46EAC7467040BE0D46EA8726FF
:1075D00080EA0607009E07983040DDF800C0079E4D
:1075E00046EA0C06DDF804C006EA0C0630433B18F8
:1075F000029810440290D018069000BF00BF08AE59
:1076000056F82100460C08AF57F8210046EAC0366C
:1076100057F82100C70CC4465CF8210047EA403007
:10762000464008AF57F8210086EA9026481F57F8D1
:1076300020000644A1F10D0057F82000C709A1F170
:107640000D005CF8200047EA4067A1F10D005CF8EE
:1076500020004FEA904CA1F10D0058F820004CEAB0
:1076600080304740A1F10D00C4465CF8200087EA55
:10767000D0000644A1F10E0008AF57F820000644E0
:10768000881C47F8206002988009029F40EA8760C2
:10769000FF0ADDF808C047EA4C5778404FEA5C67BC
:1076A00047EACC177840059F0744DDE9030C80EAE0
:1076B0000C00DDF808C000EA0C0001E0208F020099
:1076C000DDF810C080EA0C000744DFF82CC9881CE4
:1076D0005CF820003844321806988008069E40EA7C
:1076E0008670760B069F46EAC7467040BE0D46EA96
:1076F000872680EA0607DDE906063040DDE9066CEC
:1077000046EA0C06DDF800C006EA0C0630433B18DA
:10771000019810440190D018059000BF00BF481C8C
:1077200008AE56F82000460C481C08AF57F8200059
:1077300046EAC036481C57F82000C70C481CC4460F
:107740005CF8200047EA40304640481C08AF57F834
:10775000200086EA9026081F57F820000644A1F171
:107760000C0057F82000C709A1F10C005CF82000BC
:1077700047EA4067A1F10C005CF820004FEA904C0A
:10778000A1F10C0058F820004CEA80304740A1F1EC
:107790000C00C4465CF8200087EAD0000644A1F142
:1077A0000D0008AF57F820000644C81C47F82060B9
:1077B00001988009019F40EA8760FF0ADDF804C054
:1077C00047EA4C5778404FEA5C6747EACC17784065
:1077D000049F0744DDE9020C80EA0C00DDF804C0D8
:1077E00000EA0C00DDF80CC080EA0C000744DFF86A
:1077F00008C8C81C5CF82000384432180598800876
:10780000059E40EA8670760B059F46EAC7467040A3
:10781000BE0D46EA872680EA0607DDE90506304008
:10782000DDE9056C46EA0C06DDF81CC006EA0C062C
:1078300030433B18009810440090D018049000BFCB
:1078400000BF881C08AE56F82000460C881C08AF04
:1078500057F8200046EAC036881C57F82000C70CAD
:10786000881CC4465CF8200047EA40304640881C2B
:1078700008AF57F8200086EA9026C81E57F8200067
:107880000644A1F10B0057F82000C709A1F10B0035
:107890005CF8200047EA4067A1F10B005CF820008B
:1078A0004FEA904CA1F10B0058F820004CEA8030D0
:1078B0004740A1F10B00C4465CF8200087EAD000E5
:1078C0000644A1F10C0008AF57F820000644081D3B
:1078D00047F8206000988009009F40EA8760FF0A0F
:1078E000DDF800C047EA4C5778404FEA5C6747EA4A
:1078F000CC177840039F0744DDE9010C80EA0C00B7
:10790000DDF800C000EA0C00DDF808C080EA0C00D9
:107910000744DFF8E4C6081D5CF82000384432183C
:1079200004988008049E40EA8670760B049F46EA1D
:10793000C7467040BE0D46EA872680EA0607DDE9A5
:1079400004063040DDE9046C46EA0C06DDF818C098
:1079500006EA0C0630433B18079810440790D018ED
:10796000039000BF00BFC81C08AE56F82000460CAC
:10797000C81C08AF57F8200046EAC036C81C57F8A4
:107980002000C70CC81CC4465CF8200047EA403001
:107990004640C81C08AF57F8200086EA9026881E8B
:1079A00057F820000644A1F10A0057F82000C70943
:1079B000A1F10A005CF8200047EA4067A1F10A0043
:1079C0005CF820004FEA904CA1F10A0058F8200022
:1079D0004CEA80304740A1F10A00C4465CF8200020
:1079E00087EAD0000644A1F10B0008AF57F8200049
:1079F0000644481D47F8206007988009079F40EA21
:107A00008760FF0ADDF81CC047EA4C5778404FEA10
:107A10005C6747EACC177840029F0744DDE9000C19
:107A200080EA0C00DDF81CC000EA0C00DDF804C0A0
:107A300080EA0C000744DFF8C0C5481D5CF8200050
:107A40003844321803988008039E40EA8670760B0B
:107A5000039F46EAC7467040BE0D46EA872680EA85
:107A60000607DDE903063040DDE9036C46EA0C0653
:107A7000DDF814C006EA0C0630433B1806981044A3
:107A80000690D018029000BF00BF081D08AE56F83F
:107A90002000460C081D08AF57F8200046EAC03603
:107AA000081D57F82000C70C081DC4465CF82000CC
:107AB00047EA40304640081D08AF57F8200086EAE4
:107AC0009026481E57F820000644A1F1090057F8F7
:107AD0002000C709A1F109005CF8200047EA4067CF
:107AE000A1F109005CF820004FEA904CA1F10900D7
:107AF00058F820004CEA80304740A1F10900C44604
:107B00005CF8200087EAD0000644A1F10A0008AF23
:107B100057F820000644881D47F820600698800921
:107B2000069F40EA8760FF0ADDF818C047EA4C5715
:107B300078404FEA5C6747EACC177840019F0744DA
:107B4000DDF800C0079880EA0C00DDF818C000EAF4
:107B50000C00DDF800C080EA0C000744DFF898C490
:107B6000881D5CF820003844321802988008029E74
:107B700040EA8670760B029F46EAC7467040BE0D0B
:107B800046EA872680EA0607DDE902063040DDE99D
:107B9000026C46EA0C06DDF810C006EA0C0630431B
:107BA0003B18059810440590D01800E093E0019030
:107BB00000BF00BF481D08AE56F82000460C481D07
:107BC00008AF57F8200046EAC036481D57F8200095
:107BD000C70C481DC4465CF8200047EA40304640C8
:107BE000481D08AF57F8200086EA902657F8210074
:107BF0000644A1F1080057F82000C709A1F10800C8
:107C00005CF8200047EA4067A1F108005CF820001A
:107C10004FEA904CA1F1080058F820004CEA80305F
:107C20004740A1F10800C4465CF8200087EAD00074
:107C30000644A1F1090008AF57F820000644C81D0A
:107C400047F8206005988009059F40EA8760FF0A91
:107C5000DDF814C047EA4C5778404FEA5C6747EAC2
:107C6000CC177840009F0744DDE9060C80EA0C0041
:107C7000DDF814C000EA0C00DDF81CC080EA0C003E
:107C80000744DFF874C3C81D5CF82000384432187C
:107C900001988008019E40EA8670760B019F46EAB3
:107CA000C7467040BE0D46EA872680EA0607DDE932
:107CB00001063040DDE9016C46EA0C06DDF80CC037
:107CC00006EA0C0630433B18049810440490D01880
:107CD000009000BF08314029FFF46AAB00210BE09F
:107CE00005F1080050F821005DF82160064405F117
:107CF000080040F82160491C0829F1D3002048B051
:107D0000BDE8F08130B504460D4629462046FFF710
:107D1000CEF830BD2DE9F0470446884615466FF091
:107D20006D0900BF00BF00BF00BF15B90020BDE84E
:107D3000F087206800F03F07C7F14006206828441C
:107D40002060206820602068A84202D26068401C41
:107D50006060AFB1B54213D304F12801C8193246AF
:107D600041460CF01BF904F128012046FFF79FF86B
:107D70005FEA000901D04846D9E7B044AD1B0027AF
:107D80000BE041462046FFF792F85FEA000901D078
:107D90004846CCE708F14008403D402DF1D235B1CE
:107DA00004F12801C8192A4641460CF0F7F80020D2
:107DB000BDE770B504460D461646324629462046B4
:107DC000FFF7A8FF70BD2DE9F04704460D466FF0A0
:107DD0006D0900BF00BF00BF00BF206800F03F0674
:107DE00080223046761C04F128010A54382E07D828
:107DF000C6F1380104F1280290190CF0F6F816E0EB
:107E0000C6F1400104F1280290190CF0EEF804F1DB
:107E100028012046FFF74BF85FEA000902D04846E8
:107E2000BDE8F087382104F128000CF0DEF8206866
:107E3000400F616840EAC10720684FEAC00800BFF0
:107E4000390E84F86010390C84F86110390A84F80E
:107E5000621084F8637000BF00BF4FEA186184F8B5
:107E600064104FEA184184F865104FEA182184F82D
:107E7000661084F8678000BF04F128012046FFF7F0
:107E800016F85FEA000901D04846C9E700BFA068BC
:107E9000000E2870A068000C6870A068000AA87026
:107EA000A068E87000BF00BFE068000E2871E068BD
:107EB000000C6871E068000AA871E068E87100BF12
:107EC00000BF2069000E28722069000C68722069CA
:107ED000000AA8722069E87200BF00BF6069000E46
:107EE00028736069000C68736069000AA873606990
:107EF000E87300BF00BFA069000E2874A069000CE1
:107F00006874A069000AA874A069E87400BF00BF83
:107F1000E069000E2875E069000C6875E069000AE8
:107F2000A875E069E87500BF00BF206A000E2876DA
:107F3000206A000C6876206A000AA876206AE87633
:107F400000BFA06E60B900BF606A000E2877606A4B
:107F5000000C6877606A000AA877606AE87700BF5B
:107F600000205DE770B504460D4629462046FFF720
:107F70002AFF70BD2DE9F0419CB004460D4616461F
:107F80001F466FF06D0800BF00BF00BF00BF00BFFD
:107F900000BF01A8FEF736FF394601A8FEF752FFE1
:107FA0005FEA000800D011E02A46214601A8FFF749
:107FB000B1FE5FEA000800D008E0314601A8FFF7F3
:107FC00002FF5FEA000800D000E000BF01A8FEF752
:107FD00022FF40461CB0BDE8F0812DE9F041044687
:107FE0000D4616461F463B46324629462046FFF7B9
:107FF000C1FFBDE8F0810000208F020010B50446EB
:1080000000BF00BFD82120460BF0EFFF10BD10B518
:10801000044604B910BDD8212046F3F7BBFA00BFCF
:10802000F8E770B504460D4600BF00BF00BF00BFB3
:10803000D822294620460BF0B1FF70BD10B502468C
:1080400000BF00BF00BF00BF002010605060906004
:10805000D06001BBFD4BFE48C2E90430FD4BFE4839
:10806000C2E90630FD48FE4BC2E90803FD4BFE485D
:10807000C2E90A30FD4BFE48C2E90C30FD4BFE4818
:10808000C2E90E30FD4BFE48C2E91030FD4BFE4800
:10809000C2E912301FE0FD4BFD48C2E90430FD4843
:1080A000FD4BC2E90603FD4CFD48C2E90840FD4B0B
:1080B000FD48C2E90A30FD4BFD48C2E90C30FD48DD
:1080C000FD4BC2E90E03FD4BFD48C2E91030FD4BEC
:1080D000FD48C2E91230C2F8D010002010BD30B502
:1080E00004460D4629462046FFF7A8FF30BD2DE97E
:1080F000F341ADF5D46D00BF00BF00BF00BF00204D
:10810000B4900EE0DDF8A0061030B49900EBC10188
:1081100003C96B46B49A03EBC20203C2B498401C75
:10812000B490B4980828EDDB0020B4907CE0B499BA
:10813000DDF8A40610F8310000213822C191C29068
:108140000BF0F4FE04460D464FF00101B49801EB2C
:10815000C001DDF8A406405C4FF000014FF0300292
:10816000BF91C0900BF0E2FE2A4644EA000542EAC5
:1081700001040221B49801EBC001DDF8A406405CC3
:1081800000212822BD91BE900BF0D0FE05430C4388
:108190000321B49801EBC001DDF8A406405C002186
:1081A0002022BB91BC900BF0C1FE05430C4304217F
:1081B000B49801EBC001DDF8A406405C0021182250
:1081C000B991BA900BF0B2FE05430C430521B49867
:1081D00001EBC001DDF8A406405C00211022B7913C
:1081E000B8900BF0A3FE05430C430621B49801EBB5
:1081F000C001DDF8A406405C00210822B591B690CC
:108200000BF094FE28430C430722B49902EBC10201
:10821000DDF8A416895C084310AAB49902EBC101E9
:1082200011C1B498401CB490B4981028FFF67FAFE9
:10823000D7E0B498801E10A901EBC000D0E900106F
:108240001322D691D5900846D5990BF07EFE0446B0
:108250000D46B498A0F1020010A901EBC000D0E9CE
:1082600000104FF02D02D491D3900846D3990BF013
:108270005DFE44EA000745EA0106B498801E10A995
:1082800001EBC000D0E900103D22D291D190084608
:10829000D1990BF05AFE04460D46B498A0F10200A5
:1082A00010A901EBC000D0E900104FF00302D091FB
:1082B000CF900846CF990BF039FE044345EA010000
:1082C00087EA040586EA0004B498801E10A901EB31
:1082D000C000D0E900100622CE91CD900846CD997D
:1082E0000BF033FE45404C40B498C01F10A901EB81
:1082F000C00103C9281844EB0106CDF89C06B498C8
:108300000F3810A901EBC000D0E900100122CC9178
:10831000CB900846CB990BF018FE04460D46B49856
:10832000A0F10F0010A901EBC000D0E900104FF040
:108330003F02CA91C9900846C9990BF0F7FD44EA7B
:10834000000845EA0107B4980F3810A901EBC000F6
:10835000D0E900100822C891C7900846C7990BF0D1
:10836000F4FD04460D46B498A0F10F0010A901EBEE
:10837000C000D0E900104FF03802C691C590084601
:10838000C5990BF0D3FD044345EA010088EA0405D2
:1083900087EA0004B4980F3810A901EBC000D0E9B7
:1083A00000100722C491C3900846C3990BF0CDFD7D
:1083B00045404C40DDF89C0641196641B4981038A0
:1083C00010AA02EBC000D0E90032C91846EB020047
:1083D00010ABB49A03EBC202C2E90010B498401C7F
:1083E000B490B4985028FFF624AF0020B49000BF9A
:1083F00000BF0E22DDE90810EE91ED900846ED99E0
:108400000BF0A3FD04460D464FF03202DDE90810E3
:10841000EC91EB900846EB990BF088FD44EA0006DE
:1084200045EA01071222DDE90810EA91E9900846C1
:10843000E9990BF08AFD04460D464FF02E02DDE966
:108440000810E891E7900846E7993FE008C9BCF3B7
:1084500067E6096A3BA7CA8485AE67BB2BF894FE22
:1084600072F36E3CF1361D5F3AF54FA5D182E6AD51
:108470007F520E511F6C3E2B8C68059B6BBD41FBE0
:10848000ABD9831F79217E1319CDE05BD89E05C13E
:108490005D9DBBCB07D57C362A299A6217DD7030EB
:1084A0005A01599139590EF7D8EC2F15310BC0FFED
:1084B0006726336711155868874AB48EA78FF96409
:1084C0000D2E0CDBA44FFABE1D48B5470BF02EFD58
:1084D00004430D43384686EA040780EA050629224C
:1084E000DDE90810E691E5900846E5990BF02DFDD1
:1084F00004460D464FF01702DDE90810E491E390C1
:108500000846E3990BF012FD04430D43674086EAE9
:108510000500DDE90E21BC1841410AA825C86840C4
:108520000D9B5A40DDE9085328401A40DDE90C56FE
:1085300080EA050382EA0600E2184841FE4BB4993E
:1085400003EBC1030ACB5118584110ABB49A03EBAB
:10855000C2030CCB89185841B291B3901C22DDE9BB
:108560000010E291E1900846E1990BF0EEFC044620
:108570000D464FF02402DDE90010E091DF9008463F
:10858000DF990BF0D3FC44EA000645EA01072222FA
:10859000DDE90010DE91DD900846DD990BF0D5FC99
:1085A00004460D464FF01E02DDE90010DC91DB9021
:1085B0000846DB990BF0BAFC04430D43384686EAC3
:1085C000040780EA05062722DDE90010DA91D99038
:1085D0000846D9990BF0B9FC04460D464FF0190234
:1085E000DDE90010D891D7900846D7990BF09EFC92
:1085F00004430D437C4086EA0503DDE90052DDE9D2
:1086000002100D400240DDE90010CDF89406DDE9CE
:10861000027639433043CDF89816DDE904673140DE
:1086200038400D4342EA0001621943EB0100B09269
:10863000B190DDE90632B299B39859184241CDE9BB
:108640000612B19BB09AB299B39889185841CDE9F6
:108650000E1000BFB498401CB49000BF0E22DDE99C
:1086600006100DF2144303C30846DDF814140BF092
:108670006CFC04460D464FF03202DDE906100DF2A7
:108680000C4303C30846DDF80C140BF04FFC44EA1E
:10869000000745EA01061222DDE906100DF2044347
:1086A00003C30846DDF804140BF04FFC04460D46E6
:1086B0004FF02E02DDE90610FFAB03C30846FF9919
:1086C0000BF034FC04430D4367406E402922DDE982
:1086D0000610FE91FD900846FD990BF036FC04460D
:1086E0000D464FF01702DDE90610FC91FB9008469D
:1086F000FB990BF01BFC04430D43674086EA050021
:10870000DDE90C127B185041DDE90A54DDE908214E
:108710006A406140DDE906542A402140DDE90A54FF
:108720006A404C4099186041834BB49A03EBC203F2
:108730000CCB8918584110ABB49A03EBC2030CCB95
:1087400089185841B291B3901C22DDE90E10FA91BC
:10875000F9900846F9990BF0F8FB04460D464FF0E6
:108760002402DDE90E10F891F7900846F7990BF016
:10877000DDFB44EA000745EA01062222DDE90E108E
:10878000F691F5900846F5990BF0DFFB04460D468F
:108790004FF01E02DDE90E10F491F3900846F399B4
:1087A0000BF0C4FB04430D4367406E402722DDE914
:1087B0000E10F291F1900846F1990BF0C6FB0446B9
:1087C0000D464FF01902DDE90E10F091EF900846CA
:1087D000EF990BF0ABFB044345EA010087EA04057F
:1087E00086EA0004DDE90E32DDE9000103400A40BB
:1087F000DDE90E10CDF88C06DDE900763943304313
:10880000CDF89016DDE90267314038400B4342EA6B
:108810000001EA1844EB0100B092B190DDE90432A6
:10882000B299B39859184241CDE90412B19BB09A5C
:10883000B299B39889185841CDE90C1000BFB4988B
:10884000401CB49000BF0E22DDE904100DF2744309
:1088500003C30846DDF874140BF077FB04460D469D
:108860004FF03202DDE904100DF26C4303C30846F9
:10887000DDF86C140BF05AFB44EA000745EA0106E8
:108880001222DDE904100DF2644303C30846DDF84B
:1088900064140BF05AFB04460D464FF02E02DDE93E
:1088A00004100DF25C4303C30846DDF85C140BF0C2
:1088B0003DFB04430D43304687EA040680EA050782
:1088C0002922DDE904100DF2544303C30846DDF804
:1088D00054140BF03AFB04460D464FF01702DDE945
:1088E00004100DF24C4303C30846DDF84C140BF0A2
:1088F0001DFB04430D43664087EA0501DDE90A02DA
:1089000033185141DDE90854DDE906206A40604032
:10891000DDE904542A402040DDE908546A4044401F
:1089200098186141044BB49A03EBC2030CCB821834
:1089300041EB030010AB01E020900200B49903EB7F
:10894000C1030ACB51185841B291B3901C22DDE902
:108950000C100DF2444303C30846DDF844140BF039
:10896000F4FA04460D464FF02402DDE90C100DF236
:108970003C4303C30846DDF83C140BF0D7FA44EA45
:10898000000745EA01062222DDE90C100DF234430E
:1089900003C30846DDF834140BF0D7FA04460D463D
:1089A0004FF01E02DDE90C100DF22C4303C3084604
:1089B000DDF82C140BF0BAFA04430D43304687EA75
:1089C000040680EA05072722DDE90C100DF2244396
:1089D00003C30846DDF824140BF0B7FA04460D462D
:1089E0004FF01902DDE90C100DF21C4303C30846D9
:1089F000DDF81C140BF09AFA04430D4386EA0402D6
:108A000087EA0503DDE90C54DDE90E100D40044052
:108A1000DDE90C10CDF88406DDE90E7639433043EC
:108A2000CDF88816DDE90076394030400D43044327
:108A3000521943EB0400B092B190DDE90232B299D1
:108A4000B39859184241CDE90212B29BB09AB1993C
:108A5000B3989A184841CDE90A2000BFB498401C49
:108A6000B49000BF0E22DDE902100DF2D44303C31F
:108A70000846DDF8D4140BF068FA04460D464FF0B2
:108A80003202DDE902100DF2CC4303C30846DDF8E3
:108A9000CC140BF04BFA44EA000745EA0106122217
:108AA000DDE902100DF2C44303C30846DDF8C41427
:108AB0000BF04BFA04460D464FF02E02DDE9021092
:108AC0000DF2BC4303C30846DDF8BC140BF02EFACC
:108AD00004430D4367406E402922DDE902100DF288
:108AE000B44303C30846DDF8B4140BF02EFA044671
:108AF0000D464FF01702DDE902100DF2AC4303C33F
:108B00000846DDF8AC140BF011FA04430D4367403E
:108B100086EA0501DDE908023C18514104A825C890
:108B20006840079B5A40DDE9025328401340DDE9C5
:108B3000066580EA060283EA0500A3184841FE4A5A
:108B4000B49902EBC10206CA5B18504110AAB4994D
:108B500002EBC10206CA59185041B291B3901C22CF
:108B6000DDE90A100DF2A44303C30846DDF8A4149E
:108B70000BF0EBF904460D464FF02402DDE90A1034
:108B80000DF29C4303C30846DDF89C140BF0CEF9AC
:108B900044EA000745EA01062222DDE90A100DF247
:108BA000944303C30846DDF894140BF0CEF9044651
:108BB0000D464FF01E02DDE90A100DF28C4303C38F
:108BC0000846DDF88C140BF0B1F904430D43304630
:108BD00087EA040680EA05072722DDE90A100DF27C
:108BE000844303C30846DDF884140BF0AEF9044651
:108BF0000D464FF01902DDE90A100DF27C4303C364
:108C00000846DDF87C140BF091F904430D4386EA25
:108C100004027D40DDE90A43DDE90C0104400B401C
:108C2000DDE90A10CDF87C06DDE90C7639433043E6
:108C3000CDF88016DDE90E76394030400C4343EA2A
:108C40000001131945EB0100B093B190DDE900324A
:108C5000B299B39859184241CDE90012B09BB29A2B
:108C6000B199B398D2184841CDE9082000BFB49813
:108C7000401CB49000BF0E22DDE900100DF2345309
:108C800003C30846DDF834150BF05FF904460D46C2
:108C90004FF03202DDE900100DF22C5303C30846F9
:108CA000DDF82C150BF042F944EA000745EA01060D
:108CB0001222DDE900100DF2245303C30846DDF84B
:108CC00024150BF042F904460D464FF02E02DDE963
:108CD00000100DF21C5303C30846DDF81C150BF001
:108CE00025F904430D4367406E402922DDE9001059
:108CF0000DF2145303C30846DDF814150BF025F9E3
:108D000004460D464FF01702DDE900100DF20C533A
:108D100003C30846DDF80C150BF008F904430D43B6
:108D2000674086EA0500DDE90621BC1840EB010238
:108D3000DDE90453DDE9021069405840DDE90053E4
:108D400029400340DDE9046581EA06006B402418F0
:108D50005A417949B49801EBC0000AC810461A4636
:108D60006318504110AAB49902EBC10206CA5918FF
:108D70005041B291B3901C22DDE908100DF204536A
:108D800003C30846DDF804150BF0DFF804460D4672
:108D90004FF02402DDE908100DF2FC4303C308463E
:108DA000DDF8FC140BF0C2F844EA000745EA0106BE
:108DB0002222DDE908100DF2F44303C30846DDF872
:108DC000F4140BF0C2F804460D464FF01E02DDE924
:108DD00008100DF2EC4303C30846DDF8EC140BF069
:108DE000A5F804430D43304687EA040680EA0507E8
:108DF0002722DDE908100DF2E44303C30846DDF83D
:108E0000E4140BF0A2F804460D464FF01902DDE918
:108E100008100DF2DC4303C30846DDF8DC140BF048
:108E200085F8044345EA010086EA040587EA000460
:108E3000DDE90832DDE90A0103400A40DDE90810F6
:108E4000CDF87406DDE90A7639433043CDF878165B
:108E5000DDE90C76394030400B430243EB1844EB1C
:108E60000200B093B190DDE90E32B299B39859186F
:108E70004241CDE90E12B09BB29AB199B398D21883
:108E80004841CDE9062000BFB498401CB49000BF13
:108E90000E22DDE90E100DF2945303C30846DDF8EF
:108EA00094150BF052F804460D464FF03202DDE9FE
:108EB0000E100DF28C5303C30846DDF88C150BF031
:108EC00035F844EA000745EA01061222DDE90E10F2
:108ED0000DF2845303C30846DDF884150BF035F812
:108EE00004460D464FF02E02DDE90E100DF27C53C4
:108EF00003C30846DDF87C150BF018F804430D4356
:108F000067406E402922DDE90E100DF2745303C351
:108F10000846DDF874150BF018F804460D464FF0BE
:108F20001702DDE90E100DF26C5303C30846DDF89D
:108F30006C150AF0FBFF01E02090020004430D4392
:108F4000674086EA0501DDE904023C185141DDE98C
:108F50000253DDE900206A405840DDE90E5602EA7E
:108F6000050300EA0602DDE9026583EA060082EAFB
:108F70000503221841EB0300FE4BB49903EBC10338
:108F800012CB5318604110AAB49902EBC10206CA71
:108F900059185041B291B3901C22DDE906100DF230
:108FA000645303C30846DDF864150AF0CEFF044697
:108FB0000D464FF02402DDE906100DF25C5303C3A9
:108FC0000846DDF85C150AF0B1FF44EA000745EAFF
:108FD00001062222DDE906100DF2545303C30846B0
:108FE000DDF854150AF0B1FF04460D464FF01E029D
:108FF000DDE906100DF24C5303C30846DDF84C15AD
:109000000AF094FF04430D4367406E402722DDE9D8
:1090100006100DF2445303C30846DDF844150AF068
:1090200094FF04460D464FF01902DDE906100DF2DB
:109030003C5303C30846DDF83C150AF077FF0443B0
:109040000D4387EA040286EA0504DDE90635DDE919
:10905000080103400D40DDE90610CDF86C06DDE99E
:10906000087639433043CDF87016DDE90A673140A0
:1090700038400B430543D11844EB0500B091B19043
:10908000DDE90C32B299B39859184241CDE90C127E
:10909000B0A90EC9B39859185041CDE9041000BFCA
:1090A000B498401CB49000BF0E22DDE90C100DF204
:1090B000F45303C30846DDF8F4150AF046FF0446EE
:1090C0000D464FF03202DDE90C100DF2EC5303C3F4
:1090D0000846DDF8EC150AF029FF44EA000745EAE6
:1090E00001061222DDE90C100DF2E45303C3084619
:1090F000DDF8E4150AF029FF04460D464FF02E0274
:10910000DDE90C100DF2DC5303C30846DDF8DC1575
:109110000AF00CFF04430D4367406E402922DDE94D
:109120000C100DF2D45303C30846DDF8D4150AF031
:109130000CFF04460D464FF01702DDE90C100DF24E
:10914000CC5303C30846DDF8CC150AF0EFFE044308
:109150000D43674086EA0501DDE90220BC18414164
:10916000DDE90053DDE90E0268405A400346DDE9BF
:109170000C6533402A40DDE9006583EA06006A4059
:10918000201851417B4BB49A03EBC20314CB8318D4
:1091900041EB040010AAB49902EBC10206CA5918A7
:1091A0005041B291B3901C22DDE904100DF2C4537A
:1091B00003C30846DDF8C4150AF0C7FE04460D4691
:1091C0004FF02402DDE904100DF2BC5303C308463E
:1091D000DDF8BC150AF0AAFE44EA000745EA0106DC
:1091E0002222DDE904100DF2B45303C30846DDF872
:1091F000B4150AF0AAFE04460D464FF01E02DDE942
:1092000004100DF2AC5303C30846DDF8AC150AF0A8
:109210008DFE04430D43304687EA040680EA0507C5
:109220002722DDE904100DF2A45303C30846DDF83C
:10923000A4150AF08AFE04460D464FF01902DDE936
:1092400004100DF29C5303C30846DDF89C150AF088
:109250006DFE04430D4386EA040287EA0504DDE956
:109260000435DDE9060103400D40DDE90410CDF8C9
:109270006406DDE9067639433043CDF86816DDE94A
:109280000867314038400B430543D11844EB0500D3
:10929000B091B190DDE90A32B299B39859184241C0
:1092A000CDE90A12B0A90EC9B39859185041CDE9B9
:1092B000021000BFB498401CB49000BF0E22DDE93C
:1092C0000A100DF2546303C30846DDF854160AF081
:1092D0003CFE04460D464FF03202DDE90A100DF265
:1092E0004C6303C30846DDF84C160AF01FFE44EA3F
:1092F000000745EA01061222DDE90A100DF2446377
:1093000003C30846DDF844160AF01FFE04460D4666
:109310004FF02E02DDE90A100DF23C6303C308464C
:10932000DDF83C160AF002FE04430D4367406E4030
:109330002922DDE90A100DF2346303C30846DDF883
:1093400034160AF002FE04460D464FF01702DDE91E
:109350000A100DF22C6303C30846DDF82C160AF040
:10936000E5FD04430D43674086EA0500DDE9001290
:109370007B1801E0209002005041DDE90E54DDE948
:109380000C216A406140DDE90A542A402140DDE9B0
:109390000E546A4061409B184841FE4AB49902EB62
:1093A000C101D1E900219A18484110ABB49903EBEF
:1093B000C10118C9D1186041B291B3901C22DDE9F6
:1093C0000201CDF82416CDF828060AF0BEFD0446A9
:1093D0000D464FF02402DDE902100DF21C6303C3B9
:1093E0000846DDF81C160AF0A1FD44EA000745EA2C
:1093F00001062222DDE902100DF2146303C30846C0
:10940000DDF814160AF0A1FD04460D464FF01E02C9
:10941000DDE902100DF20C6303C30846DDF80C16FB
:109420000AF084FD04430D4367406E402722DDE9C6
:1094300002100DF2046303C30846DDF804160AF0B7
:1094400084FD04460D464FF01902DDE902100DF2CD
:10945000FC5303C30846DDF8FC150AF067FD04431E
:1094600045EA010087EA040586EA0004DDE90223F3
:10947000DDE9040102400B40DDE90210CDF85C0695
:10948000DDE904673143CDF8601640EA0701DDE904
:109490000676DDF860063840314002430B43AA18D7
:1094A00044EB0300B092B190DDE90832B299B39871
:1094B00059184241CDE90812B29BB09AB199B398BC
:1094C0009A184841CDE9002000BFB498401CB490E0
:1094D000B4985028FEF68CAF0020B49018E0DDF868
:1094E000A0061030B49900EBC100D0E900306A4604
:1094F00002EBC10212CA5A186041DDF8A016103101
:10950000B49B01EBC301C1E90020B498401CB490A6
:10951000B4980828E3DB00200DF5D56DBDE8F08197
:1095200070B504460D4629462046FEF7E0FD70BDA5
:109530002DE9F0470546884614466FF06D0900BFD7
:1095400000BF00BF00BF14B90020BDE8F0877F2135
:10955000286800EA0106C6F18007D5E90020121943
:1095600040F10000C5E90020D5E90020121B70F190
:10957000000006D2D5E90220521C40F10000C5E9E6
:109580000220AEB1BC4213D305F1500188193A460E
:1095900041460AF003FD05F150012846FEF7A7FDFC
:1095A0005FEA000901D04846CFE7B844E41B002633
:1095B0000BE041462846FEF79AFD5FEA000901D01C
:1095C0004846C2E708F18008803C802CF1D234B1D3
:1095D00005F150018819224641460AF0DFFC0020BF
:1095E000B3E770B504460D46164632462946204676
:1095F000FFF79EFF70BD33B5ADF51B7D6FF06D00BD
:10960000079000BF00BF00BF00BF9B9800687F218C
:109610000840069080220699481C06909B9850307E
:109620004254069870280CD80698C0F1700001903A
:109630009B98503006990844009001990AF0D5FC97
:109640001BE00698C0F1800001909B98503006996D
:109650000844009001990AF0C8FC9B9950319B98EE
:10966000FEF745FD079018B107980DF51D7D30BD3B
:1096700070219B9850300AF0B8FC9B98D0E90010FC
:109680003D22CDE92801084628990AF05EFC0446EF
:109690000D469B98D0E902104FF00302CDE9260158
:1096A000084626990AF042FC20432943CDE90401EB
:1096B0009B98D0E900100322CDE9240108462499A3
:1096C0000AF034FCCDE902013822DDE90401CDE9DC
:1096D00022100AF03AFCC1B29B9880F8C0103022E8
:1096E000DDE90401CDE920100AF02FFCC1B29B98FE
:1096F00080F8C1102822DDE90401CDE91E100AF02E
:1097000024FCC1B29B9880F8C2102022DDE904013C
:10971000CDE91C100AF019FCC1B29B9880F8C31067
:109720001822DDE90401CDE91A100AF00EFCC1B2DD
:109730009B9880F8C4101022DDE90401CDE91810CF
:109740000AF003FCC1B29B9880F8C5100822DDE93D
:109750000401CDE916100AF0F8FBC1B29B9880F81D
:10976000C6100498C1B29B9880F8C7103822DDE972
:109770000201CDE914100AF0E8FBC1B29B9880F811
:10978000C8103022DDE90201CDE912100AF0DDFB3C
:10979000C1B201E0209002009B9880F8C9102822F5
:1097A000DDE90201CDE910100AF0CFFBC1B29B98B0
:1097B00080F8CA102022DDE90201CDE90E100AF07E
:1097C000C4FBC1B29B9880F8CB101822DDE90201DE
:1097D000CDE90C100AF0B9FBC1B29B9880F8CC100F
:1097E0001022DDE90201CDE90A100AF0AEFBC1B298
:1097F0009B9880F8CD100822DDE90201CDE9081020
:109800000AF0A3FBC1B29B9880F8CE100298C1B2B7
:109810009B9880F8CF109B9950319B98FEF767FC7E
:10982000079008B1079820E79B98D0E904103822E8
:109830007D917C9008467C990AF087FBC1B29C9888
:1098400001709B98D0E9041030227B917A900846F1
:109850007A990AF07AFBC1B29C9841709B98D0E942
:109860000410282279917890084678990AF06DFBC7
:10987000C1B29C9881709B98D0E904102022779106
:109880007690084676990AF060FBC1B29C98C17048
:109890009B98D0E904101822759174900846749929
:1098A0000AF053FBC1B29C9801719B98D0E9041057
:1098B000102273917290084672990AF046FBC1B269
:1098C0009C9841719B98D0E9041008227191709086
:1098D000084670990AF039FBC1B29C9881719B9837
:1098E0000069C1B29C98C1719B98D0E906103822DA
:1098F0006F916E9008466E990AF027FBC1B29C9852
:1099000001729B98D0E9061030226D916C90084648
:109910006C990AF01AFBC1B29C9841729B98D0E9ED
:10992000061028226B916A9008466A990AF00DFB8E
:10993000C1B29C9881729B98D0E90610202269914F
:109940006890084668990AF000FBC1B29C98C17201
:109950009B98D0E906101822679166900846669990
:109960000AF0F3FAC1B29C9801739B98D0E90610F3
:10997000102265916490084664990AF0E6FAC1B233
:109980009C9841739B98D0E90610082263916290DD
:10999000084662990AF0D9FAC1B29C9881739B98E3
:1099A0008069C1B29C98C1739B98D0E90810382295
:1099B00061916090084660990AF0C7FAC1B29C981C
:1099C00001749B98D0E9081030225F915E900846A0
:1099D0005E990AF0BAFAC1B29C9841749B98D0E99A
:1099E000081028225D915C9008465C990AF0ADFA57
:1099F000C1B29C9881749B98D0E9081020225B9199
:109A00005A9008465A990AF0A0FAC1B29C98C174BB
:109A10009B98D0E9081018225991589008465899F7
:109A20000AF093FAC1B29C9801759B98D0E908108E
:109A3000102257915690084656990AF086FAC1B2FC
:109A40009C9841759B98D0E9081008225591549034
:109A5000084654990AF079FAC1B29C9881759B988E
:109A6000006AC1B29C98C1759B98D0E90A1038224F
:109A700053915290084652990AF067FAC1B29C98E5
:109A800001769B98D0E90A103022519150900846F7
:109A900050990AF05AFAC1B29C9841769B98D0E945
:109AA0000A1028224F914E9008464E990AF04DFA1E
:109AB000C1B29C9881769B98D0E90A1020224D91E2
:109AC0004C9008464C990AF040FAC1B29C98C17675
:109AD0009B98D0E90A1018224B914A9008464A995F
:109AE0000AF033FAC1B29C9801779B98D0E90A102A
:109AF000102249914890084648990AF026FAC1B2C6
:109B00009C9841779B98D0E90A100822479146908B
:109B1000084646990AF019FAC1B29C9881779B9839
:109B2000806AC1B29C98C1779B9800F11001006BCC
:109B3000496A3822449145900AF007FAC1B29C98CC
:109B400080F820109B98D0E90C103022439142906D
:109B5000084642990AF0F9F9C1B29C9880F82110A0
:109B60009B98D0E90C1028224191409008464099DA
:109B70000AF0EBF9C1B29C9880F822109B98D0E9CA
:109B80000C102022CDE93E0108463E990AF0DDF98D
:109B9000C1B29C9880F823109B98D0E90C10182231
:109BA000CDE93C0108463C990AF0CFF9C1B29C9836
:109BB00080F824109B98D0E90C101022CDE93A01CE
:109BC00008463A990AF0C1F9C1B29C9880F825106C
:109BD0009B98D0E90C100822CDE938010846389945
:109BE0000AF0B3F9C1B29C9880F826109B98006BDC
:109BF000C1B29C9880F827109B98D0E90E103822AB
:109C0000CDE93601084636990AF09FF9C1B29C9811
:109C100080F828109B98D0E90E103022CDE934014D
:109C2000084634990AF091F9C1B29C9880F829103D
:109C30009B98D0E90E102822CDE9320108463299CE
:109C40000AF083F9C1B29C9880F82A109B98D0E959
:109C50000E102022CDE93001084630990AF075F93E
:109C6000C1B29C9880F82B109B98D0E90E10182256
:109C7000CDE92E0108462E990AF067F9C1B29C98E9
:109C800080F82C109B98D0E90E101022CDE92C0101
:109C900008462C990AF059F9C1B29C9880F82D1009
:109CA0009B98D0E90E100822CDE92A0108462A998E
:109CB0000AF04BF9C1B29C9880F82E109B98806BEB
:109CC000C1B29C9880F82F109B98D0F8D000002843
:109CD0007ED19B98D0E9101038229991989008462F
:109CE00098990AF032F9C1B29C9880F830109B988C
:109CF000D0E91010302297919690084696990AF074
:109D000024F9C1B29C9880F831109B98D0E91010CA
:109D1000282295919490084694990AF016F9C1B2B8
:109D20009C9880F832109B98D0E9101020229391D3
:109D30009290084692990AF008F9C1B29C9880F86E
:109D400033109B98D0E910101822919190900846FA
:109D500090990AF0FAF8C1B29C9880F834109B9858
:109D6000D0E9101010228F918E9008468E990AF03B
:109D7000ECF8C1B29C9880F835109B98D0E910108F
:109D800008228D918C9008468C990AF0DEF8C1B2B9
:109D90009C9880F836109B98006CC1B29C9880F813
:109DA00037109B98D0E9121038228B918A90084680
:109DB0008A990AF0CAF8C1B29C9880F838109B982A
:109DC000D0E912103022899188900846889900E0E5
:109DD00051E00AF0BAF8C1B29C9880F839109B980B
:109DE000D0E91210282287918690084686990AF0B9
:109DF000ACF8C1B29C9880F83A109B98D0E9121048
:109E0000202285918490084684990AF09EF8C1B278
:109E10009C9880F83B109B98D0E9121018228391EF
:109E20008290084682990AF090F8C1B29C9880F816
:109E30003C109B98D0E91210102281918090084626
:109E400080990AF082F8C1B29C9880F83D109B98E6
:109E5000D0E9121008227F917E9008467E990AF080
:109E600074F8C1B29C9880F83E109B98806CC1B287
:109E70009C9880F83F100020D5E470B504460D464C
:109E800029462046FFF7B7FB70BD2DE9F041B6B07B
:109E900004460D4616461F466FF06D0800BF00BF12
:109EA00000BF00BF00BF00BF6846FEF7A7F83946F5
:109EB0006846FEF7C3F85FEA000800D011E02A46C2
:109EC00021466846FFF734FB5FEA000800D008E04F
:109ED00031466846FFF78FFB5FEA000800D000E0DC
:109EE00000BF6846FEF793F8404636B0BDE8F08103
:109EF0002DE9F04104460D4616461F463B463246C4
:109F000029462046FFF7C1FFBDE8F08110B50446A1
:109F100000BF00BF5C2120460AF067F810BD10B5F5
:109F2000044604B910BD5C212046F1F733FB00BFA5
:109F3000F8E770B504460D4600BF00BF00BF00BF84
:109F40005C22294620460AF029F870BD014600BF70
:109F500000BF002008604860FE488860FE4ACA6072
:109F6000C2430A61FC4AD2434A61FC4A8A6100202A
:109F7000704700B503461846FFF7E8FF00BD2DE91E
:109F8000F04390B084460F4600BF00BF00BF00BF43
:109F90003878000697F8018040EA084097F8028078
:109FA00040EA082097F8038040EA080000903879DA
:109FB000000697F8058040EA084097F8068040EAD6
:109FC000082097F8078040EA08000190387A0006D8
:109FD00097F8098040EA084097F80A8040EA08208C
:109FE00097F80B8040EA08000290387B000697F84B
:109FF0000D8040EA084097F80E8040EA082097F864
:10A000000F8040EA08000390387C000697F8118022
:10A0100040EA084097F8128040EA082097F8138039
:10A0200040EA08000490387D000697F8158040EA61
:10A03000084097F8168040EA082097F8178040EA11
:10A0400008000590387E000697F8198040EA08401D
:10A0500097F81A8040EA082097F81B8040EA080029
:10A060000690387F000697F81D8040EA084097F870
:10A070001E8040EA082097F81F8040EA08000790F9
:10A0800097F82000000697F8218040EA084097F8EA
:10A09000228040EA082097F8238040EA08000890D0
:10A0A00097F82400000697F8258040EA084097F8C2
:10A0B000268040EA082097F8278040EA08000990A7
:10A0C00097F82800000697F8298040EA084097F89A
:10A0D0002A8040EA082097F82B8040EA08000A907E
:10A0E00097F82C00000697F82D8040EA084097F872
:10A0F0002E8040EA082097F82F8040EA08000B9055
:10A1000097F83000000697F8318040EA084097F849
:10A11000328040EA082097F8338040EA08000C902B
:10A1200097F83400000697F8358040EA084097F821
:10A13000368040EA082097F8378040EA08000D9002
:10A1400097F83800000697F8398040EA084097F8F9
:10A150003A8040EA082097F83B8040EA08000E90D9
:10A1600097F83C00000697F83D8040EA084097F8D1
:10A170003E8040EA082097F83F8040EA08000F90B0
:10A18000DCF80810DCF80C20DCF81030DCF81440A7
:10A19000DCF8185000BF480140EAD16883EA0400A7
:10A1A000104060404044DFF8B8814044DDF8008052
:10A1B00040440544900740EA920200BF00BF680196
:10A1C00040EAD56882EA0300084058404044DFF87E
:10A1D00090814044DDF8048040440444880740EA0C
:10A1E000910100BF00BF600140EAD46881EA02002B
:10A1F000284050404044DFF868814044DDF8088042
:10A2000040440344A80740EA950500BF00BF580139
:10A2100040EAD36885EA0100204048404044DFF826
:10A2200040814044DDF80C8040440244A00740EAED
:10A23000940400BF00BF500140EAD26884EA0500E0
:10A24000184068404044DFF818814044DDF8108031
:10A2500040440144980740EA930300BF00BF48010F
:10A2600040EAD16883EA0400104060404044DFF8CF
:10A27000F0804044DDF8148040440544900740EAF3
:10A28000920200BF00BF680140EAD56882EA03007D
:10A29000084058404044DFF8C8804044DDF818804A
:10A2A00040440444880740EA910100BF00BF6001B8
:10A2B00040EAD46881EA0200284050404044DFF878
:10A2C000A0804044DDF81C8040440344A80740EAD5
:10A2D000950500BF00BF580140EAD36885EA010038
:10A2E000204048404044DFF878804044DDF820803A
:10A2F00040440244A00740EA940400BF00BF50015C
:10A3000040EAD26884EA0500184068404044DFF81B
:10A3100050804044DDF8248040440144980740EADE
:10A32000930300BF00BF480140EAD16883EA0400FC
:10A33000104060404044DFF828804044DDF8288029
:10A3400040440544900740EA920200BF00BF680104
:10A3500008E000000123456789ABCDEFF0E1D2C3EF
:10A360009979825A40EAD56882EA03000840584049
:10A370004044DFF8F88F4044DDF82C80404404442A
:10A38000880740EA910100BF00BF600140EAD4683D
:10A3900081EA0200284050404044DFF8D08F40441A
:10A3A000DDF8308040440344A80740EA950500BF2B
:10A3B00000BF580140EAD36885EA010020404840C8
:10A3C0004044DFF8A88F4044DDF834804044024424
:10A3D000A00740EA940400BF00BF500140EAD268E1
:10A3E00084EA0500184068404044DFF8808F40440C
:10A3F000DDF8388040440144980740EA930300BFE9
:10A4000000BF480140EAD16883EA04001040604080
:10A410004044DFF8588F4044DDF83C804044054418
:10A42000900740EA920200BF00BFDDF820800D983F
:10A4300080EA0800DDF8088080EA0800DDF8008086
:10A4400080EA0806700040EAD678680140EAD569DB
:10A4500082EA0300084058404844DFF8109F48440F
:10A4600040440444CDF80080880740EA910100BFD1
:10A4700000BFDDF824800E9880EA0800DDF80C802B
:10A4800080EA0800DDF8048080EA0806700040EAEF
:10A49000D678600140EAD46981EA02002840504041
:10A4A0004844DFF8C89E484440440344CDF8048043
:10A4B000A80740EA950500BF00BFDDF828800F9887
:10A4C00080EA0800DDF8108080EA0800DDF80880E6
:10A4D00080EA0806700040EAD678580140EAD3695D
:10A4E00085EA0100204048404844DFF8809E484407
:10A4F00040440244CDF80880A00740EA940400BF1D
:10A5000000BFDDF82C80009880EA0800DDF8148098
:10A5100080EA0800DDF80C8080EA0806700040EA56
:10A52000D678500140EAD26984EA050018406840B4
:10A530004844DFF8389E484440440144CDF80C803C
:10A54000980740EA930300BF00BFDDF83080019810
:10A5500080EA0800DDF8188080EA0800DDF8108045
:10A5600080EA0806700040EAD678480140EAD169DE
:10A5700082EA030060404844DFF8F49D48444044C8
:10A580000544CDF81080900740EA920200BF00BF5A
:10A59000DDF83480029880EA0800DDF81C8080EA4B
:10A5A0000800DDF8148080EA0806700040EAD678DA
:10A5B000680140EAD56981EA020058404844DFF862
:10A5C000B09D484440440444CDF81480880740EAD4
:10A5D000910100BF00BFDDF83880039880EA0800D1
:10A5E000DDF8208080EA0800DDF8188080EA08069F
:10A5F000700040EAD678600140EAD46985EA01003B
:10A6000050404844DFF8689D484440440344CDF836
:10A610001880A80740EA950500BF00BFDDF83C8020
:10A62000049880EA0800DDF8248080EA0800DDF85C
:10A630001C8080EA0806700040EAD678580140EA9B
:10A64000D36984EA050048404844DFF8249D484423
:10A6500040440244CDF81C80A00740EA940400BFA7
:10A6600000BFDDF80080059880EA0800DDF828804A
:10A6700080EA0800DDF8208080EA0806700040EAE1
:10A68000D678500140EAD26983EA04006840484421
:10A69000DFF8DC9C484440440144CDF82080980712
:10A6A00040EA930300BF00BFDDF80480069880EA0B
:10A6B0000800DDF82C8080EA0800DDF8248080EABC
:10A6C0000806700040EAD678480140EAD16982EA7B
:10A6D000030060404844DFF8989C484440440544E7
:10A6E000CDF82480900740EA920200BF00BFDDF859
:10A6F0000880079880EA0800DDF8308080EA0800CA
:10A70000DDF8288080EA0806700040EAD678680103
:10A7100040EAD56981EA020058404844DFF8509C7D
:10A72000484440440444CDF82880880740EA910119
:10A7300000BF00BFDDF80C80089880EA0800DDF853
:10A74000348080EA0800DDF82C8080EA080670007A
:10A7500040EAD678600140EAD46985EA01005040B9
:10A760004844DFF80C9C484440440344CDF82C8016
:10A77000A80740EA950500BF00BFDDF810800998E2
:10A7800080EA0800DDF8388080EA0800DDF83080D3
:10A7900080EA0806700040EAD678580140EAD3699A
:10A7A00084EA050048404844DFF8C49B48444044DC
:10A7B0000244CDF83080A00740EA940400BF00BFF7
:10A7C000DDF814800A9880EA0800DDF83C8080EA11
:10A7D0000800DDF8348080EA0806700040EAD67888
:10A7E000500140EAD26983EA040068404844DFF837
:10A7F000809B484440440144CDF83480980740EAA7
:10A80000930300BF00BFDDF818800B9880EA0800B2
:10A81000DDF8008080EA0800DDF8388080EA08066C
:10A82000700040EAD678480140EAD16982EA030024
:10A8300060404844DFF8389B484440440544CDF824
:10A840003880900740EA920200BF00BFDDF81C800C
:10A850000C9880EA0800DDF8048080EA0800DDF842
:10A860003C8080EA0806700040EAD678680140EA39
:10A87000D56981EA020058404844DFF8F49A484418
:10A8800040440444CDF83C80880740EA910100BF71
:10A8900000BFDDF820800D9880EA0800DDF8088010
:10A8A00080EA0800DDF8008080EA0806700040EACF
:10A8B000D678600140EAD46985EA010050404844F6
:10A8C000DFF8AC9A484440440344CDF80080A80720
:10A8D00040EA950500BF00BFDDF824800E9880EAAD
:10A8E0000800DDF80C8080EA0800DDF8048080EACA
:10A8F0000806700040EAD678580140EAD36984EA35
:10A90000050048404844DFF8689A484440440244FF
:10A91000CDF80480A00740EA940400BF00BFDDF832
:10A9200028800F9880EA0800DDF8108080EA08008F
:10A93000DDF8088080EA0806700040EAD678500109
:10A9400040EAD26983EA040068404844DFF8209A6C
:10A95000484440440144CDF80880980740EA9303F6
:10A9600000BF00BFDDF82C80009880EA0800DDF809
:10A97000148080EA0800DDF80C8080EA0806700088
:10A9800040EAD678480140EAD16982EA0300604093
:10A990004844DFF8DC99484440440544CDF80C8035
:10A9A000900740EA920200BF00BFDDF830800198B6
:10A9B00080EA0800DDF8188080EA0800DDF81080E1
:10A9C00080EA0806700040EAD678680140EAD56956
:10A9D00081EA020058404844DFF8949948444044D2
:10A9E0000444CDF81080880740EA910100BF00BF01
:10A9F000DDF83480029880EA0800DDF81C8080EAE7
:10AA00000800DDF8148080EA0806700040EAD67875
:10AA1000600140EAD46985EA010050404844DFF80B
:10AA20005099484440440344CDF81480A80740EAB4
:10AA3000950500BF00BFDDF83880039880EA080064
:10AA4000DDF8208080EA0800DDF8188080EA08063A
:10AA5000700040EAD678580140EAD36984EA0500DC
:10AA600048404844DFF80899484440440244CDF83F
:10AA70001880A00740EA940400BF00BFDDF83C80C6
:10AA8000049880EA0800DDF8248080EA0800DDF8F8
:10AA90001C8080EA0806700040EAD678500140EA3F
:10AAA000D26983EA040068404844DFF8C498484407
:10AAB00040440144CDF81C80980740EA930300BF4E
:10AAC00000BF480140EAD16902EA030042EA0308F4
:10AAD00008EA040840EA08004844DFF898888044FF
:10AAE000DDF80090059880EA0900DDF8289080EAFA
:10AAF0000900DDF8209080EA0906700040EAD6706F
:10AB0000089040440544900740EA920200BF00BF0D
:10AB1000680140EAD56901EA020041EA020808EA50
:10AB2000030840EA08004844DFF848888044DDF81C
:10AB30000490069880EA0900DDF82C9080EA09006C
:10AB4000DDF8249080EA0906700040EAD67009908A
:10AB500040440444880740EA910100BF00BF6001FF
:10AB600040EAD46905EA010045EA010808EA02085A
:10AB700040EA08004844DFF8FC878044DDF808908C
:10AB8000079880EA0900DDF8309080EA0900DDF8D6
:10AB9000289080EA0906700040EAD6700A90404486
:10ABA0000344A80740EA950500BF00BF580140EAEA
:10ABB000D36904EA050044EA050808EA010840EA06
:10ABC00008004844DFF8AC878044DDF80C90089812
:10ABD00080EA0900DDF8349080EA0900DDF82C9065
:10ABE00080EA0906700040EAD6700B9040440244A7
:10ABF000A00740EA940400BF00BF500140EAD269B8
:10AC000003EA040043EA040808EA050840EA0800E9
:10AC10004844DFF860878044DDF81090099880EAA6
:10AC20000900DDF8389080EA0900DDF8309080EA0C
:10AC30000906700040EAD6700C9040440144980721
:10AC400040EA930300BF00BF480140EAD16902EA2D
:10AC5000030042EA030808EA040840EA08004844FE
:10AC6000DFF810878044DDF814900A9880EA090024
:10AC7000DDF83C9080EA0900DDF8349080EA0906AE
:10AC8000700040EAD6700D9040440544900740EAB9
:10AC9000920200BF00BF680140EAD56901EA0200E4
:10ACA00041EA020808EA030840EA08004844DFF8DD
:10ACB000C4868044DDF818900B9880EA0900DDF81E
:10ACC000009080EA0900DDF8389080EA09067000FB
:10ACD00040EAD6700E9040440444880740EA91014F
:10ACE00000BF00BF600140EAD46905EA010045EAFF
:10ACF000010808EA020840EA08004844DFF87486C0
:10AD00008044DDF81C900C9880EA0900DDF804907E
:10AD100080EA0900DDF83C9080EA0906700040EA0C
:10AD2000D6700F9040440344A80740EA950500BF41
:10AD300000BF580140EAD36904EA050044EA050867
:10AD400008EA010840EA08004844DFF82886804401
:10AD5000DDF820900D9880EA0900DDF8089080EA7F
:10AD60000900DDF8009080EA0906700040EAD6701C
:10AD7000009040440244A00740EA940400BF00BF92
:10AD8000500140EAD26903EA040043EA040808EAF1
:10AD9000050840EA08004844DFF8D8858044DDF81B
:10ADA00024900E9880EA0900DDF80C9080EA0900F2
:10ADB000DDF8049080EA0906700040EAD670019040
:10ADC00040440144980740EA930300BF00BF480194
:10ADD00040EAD16902EA030042EA030808EA0408EB
:10ADE00040EA08004844DFF88C858044DDF828906C
:10ADF0000F9880EA0900DDF8109080EA0900DDF87C
:10AE0000089080EA0906700040EAD670029040443B
:10AE10000544900740EA920200BF00BF680140EA83
:10AE2000D56901EA020041EA020808EA030840EA9B
:10AE300008004844DFF83C858044DDF82C900098F9
:10AE400080EA0900DDF8149080EA0900DDF80C9032
:10AE500080EA0906700040EAD6700390404404443A
:10AE6000880740EA910100BF00BF600140EAD46951
:10AE700005EA010045EA010808EA020840EA08007C
:10AE80004844DFF8F0848044DDF83090019880EA8F
:10AE90000900DDF8189080EA0900DDF8109080EADA
:10AEA0000906700040EAD670049040440344A807A5
:10AEB00040EA950500BF00BF580140EAD36904EAA3
:10AEC000050044EA050808EA010840EA0800484489
:10AED000DFF8A0848044DDF83490029880EA09000D
:10AEE000DDF81C9080EA0900DDF8149080EA09067C
:10AEF000700040EAD670059040440244A00740EA42
:10AF0000940400BF00BF500140EAD26903EA040084
:10AF100043EA040808EA050840EA08004844DFF864
:10AF200054848044DDF83890039880EA0900DDF805
:10AF3000209080EA0900DDF8189080EA0906700088
:10AF400040EAD670069040440144980740EA9303D3
:10AF500000BF00BF480140EAD16902EA030042EAAB
:10AF6000030808EA040840EA08004844DFF80484BB
:10AF70008044DDF83C90049880EA0900DDF82490D4
:10AF800080EA0900DDF81C9080EA0906700040EABA
:10AF9000D670079040440544900740EA920200BFF3
:10AFA00000BF680140EAD56901EA020041EA0208EF
:10AFB00008EA030840EA08004844DFF8B883804400
:10AFC000DDF80090059880EA0900DDF8289080EA15
:10AFD0000900DDF8209080EA0906700040EAD6708A
:10AFE000089040440444880740EA910100BF00BF34
:10AFF000600140EAD46905EA010045EA010808EA6F
:10B00000020840EA08004844DFF868838044DDF81D
:10B010000490069880EA0900DDF82C9080EA090087
:10B02000DDF8249080EA0906700040EAD6700990A5
:10B0300040440344A80740EA950500BF00BF5801FB
:10B0400040EAD36904EA050044EA050808EA010871
:10B0500040EA08004844DFF81C838044DDF808908B
:10B06000079880EA0900DDF8309080EA0900DDF8F1
:10B07000289080EA0906700040EAD6700A904044A1
:10B080000244A00740EA940400BF00BF500140EA18
:10B09000D26903EA040043EA040808EA050840EA22
:10B0A00008004844DFF8CC828044DDF80C90089812
:10B0B00080EA0900DDF8349080EA0900DDF82C9080
:10B0C00080EA0906700040EAD6700B9040440144C3
:10B0D000980740EA930300BF00BFDDF8108009988D
:10B0E00080EA0800DDF8388080EA0800DDF830806A
:10B0F00080EA0806700040EAD678480140EAD16943
:10B1000082EA030060404844DFF86C9248444044BF
:10B110000544CDF83080900740EA920200BF00BF9E
:10B12000DDF814800A9880EA0800DDF83C8080EAA7
:10B130000800DDF8348080EA0806700040EAD6781E
:10B14000680140EAD56981EA020058404844DFF8C6
:10B150002892484440440444CDF83480880740EAAB
:10B16000910100BF00BFDDF818800B9880EA08004D
:10B17000DDF8008080EA0800DDF8388080EA080603
:10B18000700040EAD678600140EAD46985EA01009F
:10B1900050404844DFF8E091484440440344CDF82F
:10B1A0003880A80740EA950500BF00BFDDF81C8085
:10B1B0000C9880EA0800DDF8048080EA0800DDF8D9
:10B1C0003C8080EA0806700040EAD678580140EAE0
:10B1D000D36984EA050048404844DFF89C9148441C
:10B1E00040440244CDF83C80A00740EA940400BFEC
:10B1F00000BFDDF820800D9880EA0800DDF80880A7
:10B2000080EA0800DDF8008080EA0806700040EA65
:10B21000D678500140EAD26983EA04006840484485
:10B22000DFF85491484440440144CDF80080980729
:10B2300040EA930300BF00BFDDF824800E9880EA47
:10B240000800DDF80C8080EA0800DDF8048080EA60
:10B250000806700040EAD678480140EAD16982EADF
:10B26000030060404844DFF81091484440440544DE
:10B27000CDF80480900740EA920200BF00BFDDF8DD
:10B2800028800F9880EA0800DDF8108080EA080026
:10B29000DDF8088080EA0806700040EAD678680188
:10B2A00040EAD56981EA020058404844DFF8C89076
:10B2B000484440440444CDF80880880740EA91019E
:10B2C00000BF00BFDDF82C80009880EA0800DDF8A0
:10B2D000148080EA0800DDF80C8080EA080670001F
:10B2E00040EAD678600140EAD46985EA010050401E
:10B2F0004844DFF88490484440440344CDF80C802F
:10B30000A80740EA950500BF00BFDDF8308001982E
:10B3100080EA0800DDF8188080EA0800DDF8108077
:10B3200080EA0806700040EAD678580140EAD369FE
:10B3300084EA050048404844DFF83C9048444044D3
:10B340000244CDF81080A00740EA940400BF00BF7B
:10B35000DDF83480029880EA0800DDF81C8080EA7D
:10B360000800DDF8148080EA080607E09979825A1F
:10B37000A1EBD96EDCBC1B8FD6C162CA700040EA5B
:10B38000D678500140EAD26983EA04006840484414
:10B39000DFF87C95484440440144CDF81480980778
:10B3A00040EA930300BF00BFDDF83880039880EACD
:10B3B0000800DDF8208080EA0800DDF8188080EAC7
:10B3C0000806700040EAD678480140EAD16982EA6E
:10B3D000030060404844DFF8389548444044054441
:10B3E000CDF81880900740EA920200BF00BFDDF858
:10B3F0003C80049880EA0800DDF8248080EA080098
:10B40000DDF81C8080EA0806700040EAD678680102
:10B4100040EAD56981EA020058404844DFF8F094D8
:10B42000484440440444CDF81C80880740EA910118
:10B4300000BF00BFDDF80080059880EA0800DDF855
:10B44000288080EA0800DDF8208080EA0806700085
:10B4500040EAD678600140EAD46985EA01005040AC
:10B460004844DFF8AC94484440440344CDF820807D
:10B47000A80740EA950500BF00BFDDF804800698E4
:10B4800080EA0800DDF82C8080EA0800DDF82480DE
:10B4900080EA0806700040EAD678580140EAD3698D
:10B4A00084EA050048404844DFF864944844404436
:10B4B0000244CDF82480A00740EA940400BF00BFF6
:10B4C000DDF80880079880EA0800DDF8308080EA1F
:10B4D0000800DDF8288080EA0806700040EAD67887
:10B4E000500140EAD26983EA040068404844DFF82A
:10B4F0002094484440440144CDF82880980740EA0D
:10B50000930300BF00BFDDF80C80089880EA0800B4
:10B51000DDF8348080EA0800DDF82C8080EA080637
:10B52000700040EAD678480140EAD16982EA030017
:10B5300060404844DFF8D893484440440544CDF87F
:10B540002C80900740EA920200BF00BFDDF8108017
:10B55000099880EA0800DDF8388080EA0800DDF804
:10B56000308080EA0806700040EAD678680140EA38
:10B57000D56981EA020058404844DFF89493484472
:10B5800040440444CDF83080880740EA910100BF70
:10B5900000BFDDF814800A9880EA0800DDF83C80DE
:10B5A00080EA0800DDF8348080EA0806700040EA8E
:10B5B000D678600140EAD46985EA010050404844E9
:10B5C000DFF84C93484440440344CDF83480A80746
:10B5D00040EA950500BF00BFDDF818800B9880EAAF
:10B5E0000800DDF8008080EA0800DDF8388080EA95
:10B5F0000806700040EAD678580140EAD36984EA28
:10B60000050048404844DFF8089348444044024459
:10B61000CDF83880A00740EA940400BF00BFDDF8F1
:10B620001C800C9880EA0800DDF8048080EA08009D
:10B63000DDF83C8080EA0806700040EAD6785001C8
:10B6400040EAD26983EA040068404844DFF8C092C7
:10B65000484440440144CDF83C80980740EA9303B5
:10B6600000BFDCF808000844CCF80800DCF80C0047
:10B6700000EB0208CCF80C80DCF8100000EB0308AB
:10B68000CCF81080DCF8140000EB0408CCF814802F
:10B69000DCF8180000EB0508CCF81880002010B08A
:10B6A000BDE8F08330B504460D4629462046FEF736
:10B6B00066FC30BD2DE9F0470446884615466FF01C
:10B6C0006D0900BF00BF00BF00BF15B90020BDE875
:10B6D000F087206800F03F07C7F140062068284443
:10B6E0002060206820602068A84202D26068401C68
:10B6F0006060AFB1B54213D304F11C01C8193246E2
:10B70000414608F04BFC04F11C012046FEF737FCD3
:10B710005FEA000901D04846D9E7B044AD1B0027D5
:10B720000BE041462046FEF72AFC5FEA000901D003
:10B730004846CCE708F14008403D402DF1D235B1F4
:10B7400004F11C01C8192A46414608F027FC0020D4
:10B75000BDE770B504460D461646324629462046DA
:10B76000FFF7A8FF70BD2DE9F04704460D466FF0C6
:10B770006D0900BF00BF00BF00BF206800F03F069A
:10B7800080223046761C04F11C010A54382E07D85A
:10B79000C6F1380104F11C02901908F026FC16E0ED
:10B7A000C6F1400104F11C02901908F01EFC04F1DE
:10B7B0001C012046FEF7E3FB5FEA000902D0484681
:10B7C000BDE8F087382104F11C0008F00EFC206869
:10B7D000400F616840EAC10720684FEAC008390E8F
:10B7E00084F85410390C84F85510390A84F856102E
:10B7F00084F857704FEA186184F858104FEA1841DE
:10B8000084F859104FEA182184F85A1084F85B80A4
:10B8100004F11C012046FEF7B2FB5FEA000901D0EB
:10B820004846CDE7A068000E2870A068000C68703C
:10B83000A068000AA870A068E870E068000E28718F
:10B84000E068000C6871E068000AA871E068E871BF
:10B850002069000E28722069000C68722069000AB5
:10B86000A8722069E8726069000E28736069000C94
:10B8700068736069000AA8736069E873A069000EC4
:10B880002874A069000C6874A069000AA874A069F3
:10B89000E874002094E770B504460D46294620461A
:10B8A000FFF761FF70BDF0B597B004460D46164630
:10B8B0006FF06D0700BF00BF00BF00BF6846FEF716
:10B8C00025FB6846FEF742FB070000D00FE02A4642
:10B8D00021466846FFF7EEFE070000D007E031463C
:10B8E0006846FFF740FF070000D000E000BF684651
:10B8F000FEF715FB384617B0F0BD70B504460D468F
:10B900001646324629462046FFF7CDFF70BD00009F
:10B91000D6C162CA10B5024611B94FF0FF3010BD52
:10B920004B1E01249C401068204201D00020F6E705
:10B930004FF0FF30F3E710B5024611B94FF0FF307A
:10B9400010BD4B1E01249C405068204201D00020B5
:10B95000F6E74FF0FF30F3E770B504460D46284692
:10B96000F4F791FD0646012E01D0062E0AD1284695
:10B97000F4F75EFDE168884201D3002070BD4FF00E
:10B98000FF30FBE74FF0FF30F8E7F0B504460D4617
:10B99000164622462F46002119E0505C17F801C0D8
:10B9A00080EA0C0303B911E0202B0CD1505C612814
:10B9B00002DB505C7A2805DD505C412803DB505CDB
:10B9C0005A2800DC02E04FF0FF30F0BD491CB142C4
:10B9D000E3D30020F9E72DE9F04106460C460027A5
:10B9E000304608F047FB80466068032807D3A0680C
:10B9F00000782A2803D1A06840782E2803D04FF081
:10BA0000FF30BDE8F081002505E0705D2E2801D1F2
:10BA10002F4602E06D1C4545F7D300BF17B94FF024
:10BA2000FF30EEE7A8EB07016068401E814209D1B4
:10BA300063685A1EF119A368581CFFF7A6FF08B9DE
:10BA40000020DEE74FF0FF30DBE770B505460C461F
:10BA50002868216888420BD168686168884207D1EC
:10BA6000D4E90121A86808F01BFB08B9002070BDCB
:10BA700028680C2802D02868132811D120680C28C7
:10BA800002D0206813280BD168686168884207D10A
:10BA9000D4E90121A868FFF778FF08B90020E6E79C
:10BAA0004FF0FF30E3E770B505460C4628E005B1DE
:10BAB00014B94FF0FF3070BD28682168884209D161
:10BAC00068686168884205D1D4E90121A86808F056
:10BAD000E7FA10B14FF0FF30EDE704F10C0105F18A
:10BAE0000C00FFF7B2FF10B14FF0FF30E3E7287F03
:10BAF000217F884202D04FF0FF30DCE7AD69A469B6
:10BB0000002DD4D1002CD2D10020D4E7002107E0B1
:10BB1000002240F83120521E00EBC1035A60491C3C
:10BB20000A29F5D3002202657047F8B504460E468F
:10BB300017466FF06D05A0236A463146204602F095
:10BB40006CFE050007D015F1620001D13860F8BD28
:10BB5000A5F50650FBE72068009946183A4631469D
:10BB6000204602F0EAFE050002D0A5F50850EEE7F7
:10BB70002068B04201D0FE48E9E70020E7E72DE960
:10BB8000F84304460D4690461E466FF06D0730237D
:10BB90006A462946204602F040FE070003D0A7F57A
:10BBA0001050BDE8F88320680099451842462946A0
:10BBB000204602F0B5FB070001D03846F1E73246D7
:10BBC0002946204602F0ACFB070001D03846E8E7E2
:10BBD0002068A84201D0E748E3E70020E1E72DE92B
:10BBE000F04104460E4615461F466FF06D0820686A
:10BBF000B04202D10020BDE8F081206800782860C2
:10BC000047F0A0032A1D3146204602F006FE5FEAF7
:10BC1000000806D018F1620000D1ECE7A8F5065044
:10BC2000E9E72068A860206869680844206000206F
:10BC3000E1E72DE9F84306460F4690461C466FF0B3
:10BC40006D050020C8F80000206030236A463946A0
:10BC5000304602F0E2FD050003D0A5F51450BDE822
:10BC6000F8833068B84201D10020F8E742463946EF
:10BC7000304602F0EEFD050012D015F1620005D14C
:10BC800042463946304602F058FE054615B1A5F544
:10BC90001450E4E7D8F8000010B10120C8F8000003
:10BCA0003068B84201D10020D9E7224639463046F3
:10BCB00002F043FE050002D0A5F51450CFE730682E
:10BCC000B84201D0AC48CAE76FF000412068884212
:10BCD00002D1A948801CC2E72068401C20600020D7
:10BCE000BDE7FEB505460E4614466FF06D07002011
:10BCF0000090019002906A463146284602F04FFEBD
:10BD0000070002D0A7F51450FEBD0098012802D00C
:10BD10009948801CF8E70298007820700020F3E72B
:10BD20002DE9FE4306460F4615466FF06D080020CC
:10BD30000090019002906A463946304602F02FFE8C
:10BD40005FEA000803D0A8F51450BDE8FE83009810
:10BD500010B98948801CF8E700202860002407E01B
:10BD60000298005DE1008840296808432860641C4F
:10BD70000098A04201D9042CF2D30020E5E72DE978
:10BD8000F04105460E4614466FF06D070623224625
:10BD90003146284602F0D8FE070003D0A7F514501C
:10BDA000BDE8F081A06810B97348801CF8E7002056
:10BDB000F6E7F0B585B006460C460025B06803905E
:10BDC000706803994718306800F0DF00802802D0BF
:10BDD0006A4805B0F0BD062304AA394603A802F05C
:10BDE0001CFD050002D0A5F51450F2E706200090D6
:10BDF00003980290049801900198082805D160A04A
:10BE0000DDE9012108F04CF908B1012000E0002033
:10BE100008B15E48DDE7DDE903010844B84205D317
:10BE200024212046EFF7B6FB5348D2E7DDE90301B2
:10BE300008440390A02304AA394603A802F0EDFCAD
:10BE4000050002D0A5F51450C3E7302304AA3946F3
:10BE500003A802F0E2FC050002D0A5F51450B8E7F3
:10BE6000062304AA394603A802F0D7FC050002D035
:10BE7000A5F51450ADE70620E060039961610499CF
:10BE80002161DDE903010844B84205D3242120469D
:10BE9000EFF780FB38489CE7DDE903010844039095
:10BEA000042304AA394603A802F0B7FC050002D017
:10BEB000A5F514508DE70421A1610399216204992D
:10BEC000E161DDE90301084403900398B84205D01D
:10BED00024212046EFF75EFB27487AE7002078E729
:10BEE00070B58AB005460C466FF06D06286800F004
:10BEF000DF00802802D0822820D114E001A9284642
:10BF0000FFF757FF064616B130460AB070BD28212C
:10BF1000204608F06AF800202060242201A9201D94
:10BF200008F03CF80CE02821204608F05EF80220DA
:10BF3000206095E80700231D07C301E01348E4E7EC
:10BF400000BF0020E1E72DE9F04F8DB0054688469F
:10BF500091466FF06D064C4630230CAA41462846A8
:10BF600002F05BFC060015D0A6F514500DB00FE0F2
:10BF70009ADDFFFF9ADBFFFF9ADAFFFF00D8FFFF91
:10BF80002B060105050708040000000080DFFFFF05
:10BF9000BDE8F08F28680C990844404501D0FC4862
:10BFA000E4E758E02821684608F01FF82868007880
:10BFB0000A902868401C28600BAA4146284602F0D7
:10BFC000ADFB060002D0A6F51450CFE70A9800F0AA
:10BFD000C000802802D0EE48001DC7E76946204611
:10BFE000FFF77EFF0646BEB116F5025F14D0D9F802
:10BFF0000CA009E0D346DAF80CA010215846EFF760
:10C00000C9FA584609F008FCBAF1000FF2D1002035
:10C01000C9F80C003046A9E7A06878B1E06810B113
:10C02000DB486630A2E71021012008F05EF8E060EE
:10C03000E06810B9D648001F98E7E46827463C46F8
:10C040000A9838602868B8600B9878602868796822
:10C050000844286000BF28684045A3D30020E06062
:10C060002868404501D0CA4880E700207EE72DE9D6
:10C07000FF5F04460F4692464FF0000B55463023B3
:10C0800003AA3946204602F0C8FB064626B1A6F5AB
:10C09000145004B0BDE8F09F206803990844B842EA
:10C0A00001D0BB48F5E7039808B9B948F1E767E064
:10C0B000302303AA3946204602F0AFFB060002D027
:10C0C000A6F51450E5E72068039900EB0109062363
:10C0D00003AA4946204602F0A0FB060002D0A6F5BE
:10C0E0001450D6E706200090039801902068029033
:10C0F0000198042805D1A7A0DDE9012107F0D0FFB0
:10C1000008B1012000E0002008B1DFF890B2A86873
:10C1100078B1E86810B19E486630BAE71021012076
:10C1200007F0E3FFE860E86810B99948001FB0E73E
:10C13000ED68A84645460098C8F800000298C8F87F
:10C1400008000198C8F8040020680399084420609A
:10C15000206848450ED2302303AA4946204602F003
:10C160005CFB060002D0A6F5145092E72068039904
:10C17000084420602068484501D0854889E700BF11
:10C180002068B84294D30020E8602068B84201D00B
:10C190007F487EE758467CE72DE9F04F89B0054699
:10C1A0008946144698466FF06D062868484503D1C5
:10C1B000002009B0BDE8F08F032304F1EC024946EA
:10C1C000284602F02CF9060001D03046F1E7F420B1
:10C1D0000159F020005901EB0009F3E0002005901F
:10C1E0000690079004900390302308AA49462846F9
:10C1F00002F013FB060002D0A6F51450D9E7286818
:10C20000089900EB010A062306AA5146284602F0C7
:10C2100004FB060002D0A6F51450CAE706200590DC
:10C2200028680790286806990844286004AA51469F
:10C23000284602F00EFB060005D016F1620002D07F
:10C24000A6F51450B5E7042308AA5146284602F083
:10C25000E4FA060002D0A6F51450AAE7D5F800B01B
:10C26000286808994718574501D04948A1E703A90C
:10C2700005A8F9F7EEF90646CEB1B8F1000F0FD0D8
:10C280002868CDE9000705AA2146049B1298C047FB
:10C2900006461EB1049808B130468AE72F6091E047
:10C2A0002F60049810B13A48001D82E78AE0D4F864
:10C2B00018010399084202D03548663079E7D4F86E
:10C2C000180103990843C4F818010398B0F5807F5A
:10C2D0000ED006DC042817D0082841D0202869D1C8
:10C2E00028E0B0F5006F1AD0B0F5803F62D12CE0A5
:10C2F00004F590731A1F39462846FFF79AFC06008A
:10C3000001D0304655E75BE004F592723946284685
:10C31000FFF706FD060001D030464AE750E004F57D
:10C32000947239462846FFF72AFD060001D03046B0
:10C330003FE745E004F1F80239462846FFF703FEDF
:10C34000060001D0304634E73AE004F59C723946E5
:10C350002846FFF7C6FC060001D0304629E72FE04B
:10C3600004F5847239462846FFF781FE060020D086
:10C3700016F5025F14D1B8F1000F11D0CDE900B766
:10C3800005AA2146049B1298C04748B918E011E05D
:10C390009ADAFFFF551D20000000000080DFFFFF3C
:10C3A000049808B1304604E716F5025F01D0304624
:10C3B000FFE605E0049808B1F948FAE62F6000BFEF
:10C3C00000BF00BF28684845FFF408AF286848450B
:10C3D00001D0F448EDE60020EBE62DE9F0470746F2
:10C3E0003C460FB9BDE8F08700BF04F1CC00F3F77D
:10C3F000A9FEA66E08E0B246B66920215046EFF7C6
:10C40000C9F8504609F008FA002EF4D188200659E0
:10C4100008E0B246B66920215046EFF7BBF8504617
:10C4200009F0FAF9002EF4D14FF49A70055908E09A
:10C43000A946ED6810214846EFF7ACF8484609F0E8
:10C44000EBF9002DF4D14FF48270055908E0A946AC
:10C45000ED6810214846EFF79DF8484609F0DCF9F1
:10C46000002DF4D14FF48A70055908E0A946ED6813
:10C4700010214846EFF78EF8484609F0CDF9002D17
:10C48000F4D1E06840B1206830B1D4E90210EFF790
:10C4900081F8E06809F0C0F9D4F85041002CA4D12B
:10C4A0003C4600BFA046D4F850414FF4AA71404624
:10C4B000EFF770F8B84502D0404609F0ADF9002C0E
:10C4C000F0D100BF8EE72DE9F04F8DB004460F4646
:10C4D00091469A46DDF85CB06FF06D05002008903B
:10C4E00009900A900590069007900290039004909E
:10C4F00004B11FB9AC480DB0BDE8F08F0B97CDF873
:10C500003090DDE90B01461830230CAA31460BA808
:10C5100002F083F9050004D02046FFF75EFFA34830
:10C52000E9E7DDE90B0100EB01084646A8EB07014E
:10C53000A160BAF1000F1DD00120A16807F0D5FD60
:10C540000B90E060E06810B997488038D3E739462F
:10C55000D4E9022007F022FD01202060A0680C9998
:10C56000401A0B9908440B90DDE90B010844804602
:10C57000064602E0E760002020600B99A1613023AD
:10C580000CAA31460BA802F048F9050005D0204658
:10C59000FFF723FFA5F50650ADE7DDE90B014618CF
:10C5A000A069311A616104F11C0231460BA8FFF742
:10C5B000BCFA050010D104F1200231460BA801F0AD
:10C5C0007DFC050008D108AB04F12C0231460BA814
:10C5D00001F0B8FC050004D02046FFF7FEFE284617
:10C5E00089E7E069002802DBE069022805DD2046D2
:10C5F000FFF7F3FE6B481A387DE7E069401CE06105
:10C6000004F5A670C31E021F08A9009004F12C00B7
:10C6100001F0DFFE050004D02046FFF7DEFE2846CD
:10C6200069E70B99216430230CAA31460BA802F06C
:10C63000F4F8050005D02046FFF7CFFEA5F506501B
:10C6400059E7DDE90B02811804F150020BA801F053
:10C650000DFD050004D02046FFF7BFFE28464AE73F
:10C66000206C0B99091AE16304F1A80304F190020C
:10C6700031460BA8FFF783FA050004D02046FFF7E8
:10C68000ACFE284637E70B99E16430230CAA31460B
:10C690000BA802F0C2F8050005D02046FFF79DFE6A
:10C6A000A5F5065027E70C9870B1DDE90B0281185B
:10C6B00004F170020BA801F0D9FC050004D020465B
:10C6C000FFF78BFE284616E7E06C0B99091AA16468
:10C6D000C8200B99015104F1CC0231460BA802F09D
:10C6E0000DFC050004D02046FFF777FE284602E740
:10C6F000C82000590B99091AC4200151E069022889
:10C7000002D0E06903280DD1012304F1D40231469F
:10C710000BA8FFF764FA054625B12046FFF75DFE3A
:10C720002846E8E6E069022802D0E06903280DD136
:10C73000022304F1E00231460BA8FFF750FA054648
:10C7400025B12046FFF749FE2846D4E6E0690328D4
:10C750000ED1CDF800B0224631460BA8169BFFF74C
:10C760001BFD054625B12046FFF737FE2846C2E6E9
:10C770000B98B04205D02046FFF72FFE0B486638D5
:10C78000B9E6464605AB02AA31460BA801F0DAFB32
:10C7900005000DD02046FFF720FE2846ABE600003E
:10C7A00080DFFFFF9ADAFFFF00D8FFFF80DEFFFF88
:10C7B000206B0399884211D1226B0499606B07F0BA
:10C7C0006FFC58B906990998884207D1099850B169
:10C7D000DDE90920079907F063FC20B12046FFF747
:10C7E000FCFDFE4887E604F59E7231460BA801F079
:10C7F000C9FD050004D02046FFF7EFFD28467AE684
:10C800000B98B04204D02046FFF7E7FDF44872E6EB
:10C81000002070E610B504464FF4AA71204607F0D8
:10C82000E4FB10BD2DE9FF4F83B006460F4691464D
:10C83000DDE910AB6FF06D083446002504B11FB977
:10C84000E84807B0BDE8F08F02E02546D4F8504133
:10C85000E06918B1D4F850010028F6D1E069B0B110
:10C86000D4F8500198B94FF4AA71012007F03DFCAB
:10C87000C4F85001D4F8500110B9DA488038E0E724
:10C880002546D4F85001FFF7C5FFD4F85041CDE953
:10C8900000AB4A4639462046069BFFF714FE804609
:10C8A000B8F1000F0AD015B10020C5F85001B4420C
:10C8B00002D0204608F0B0FF4046C2E70020C0E7A3
:10C8C0007CB504460D4616460020009003463246CD
:10C8D000294601902046FFF7A5FF7CBD2DE9FC47C6
:10C8E00004460D4616461F46DDE90A893B46324698
:10C8F00029462046CDE90089FFF794FFBDE8FC8773
:10C900007CB504460D4616460020009001233246B1
:10C91000294601902046FFF785FF7CBD70B504468F
:10C920000D46164604B10DB9AE4870BD32462946D3
:10C930002046FFF7E5FFF8E72DE9FF4F8BB0824671
:10C940008B466FF06D04DBF80050DAF80060DDF81C
:10C950003480E9E0282101A807F047FB01A94046FF
:10C96000FFF7BEFA8146B9F1000F29D019F5025F31
:10C9700012D19DA2294630460E9B08F0C5F9044607
:10C9800000BF002C01DBAC4203D39D480FB0BDE8D3
:10C99000F08F2D1B264410E09AA2294630460E9BAC
:10C9A00008F0B2F9044600BF002C01DBAC4201D311
:10C9B0009348EBE72D1B264400BFD8F80C80B3E06A
:10C9C000019810B1022876D176E002AF92A22946F2
:10C9D00030460E9B08F098F9044600BF002C01DB9E
:10C9E000AC4201D38648D1E72D1B264400BF3869ED
:10C9F000082806D1AFF67820D7E9042107F050FBCC
:10CA000008B1012000E00020002853D087A2294669
:10CA100030460E9B08F078F9044600BF002C01DB7D
:10CA2000AC4201D37648B1E72D1B264400BF88A253
:10CA3000294630460E9B08F067F9044600BF002CDB
:10CA400001DBAC4201D36E48A0E72D1B264400BF9A
:10CA500007F10C0229463046F8F78DFF044600BF67
:10CA6000002C01DBAC4201D365488FE72D1B264427
:10CA700000BF82A2294630460E9B08F045F90446C5
:10CA800000BF002C01DBAC4201D35D487EE72D1BCB
:10CA9000264400BFF869A84203D3002030705848EC
:10CAA00074E73046D7E9072107F078FAF8690644B9
:10CAB000F8692D1A34E021E07BA2294630460E9B0E
:10CAC00008F022F9044600BF002C01DBAC4201D380
:10CAD0004B485BE72D1B264400BF0398A84203D3B5
:10CAE00000203070464851E73046DDE9032107F069
:10CAF00055FA0398064403982D1A11E03AA22946E4
:10CB000030460E9B08F000F9044600BF002C01DB04
:10CB1000AC4201D33A4839E72D1B264400BF00BF81
:10CB200000BFD8F80C8000BFB8F1000F7FF412AF3F
:10CB300000203070CBF80050CAF8006000BF25E735
:10CB40002DE9F0478046894617466FF06D04D9F805
:10CB50000050D8F800600FF2A40A17F0800F13D02D
:10CB6000534656A22946304608F0CEF8044600BF88
:10CB7000002C01DBAC4202D32148BDE8F0872D1B1D
:10CB8000264400BF0FF2441A17F0400F12D053464C
:10CB90004FA22946304608F0B7F8044600BF002CE3
:10CBA00001DBAC4201D31648E7E72D1B264400BF4A
:10CBB0000FF2181A17F0200F0DD0534648A229463D
:10CBC000304608F0A1F8044600BF002C01DBAC425F
:10CBD00002D30B48D1E78CE086E0000080D9FFFF4C
:10CBE0001ADEFFFF00D8FFFF0A2573202020203C1B
:10CBF000756E737570706F727465643E000000002E
:10CC000080D6FFFF0A2573202020203C6D616C66D2
:10CC10006F726D65643E00000A2573202020206F2E
:10CC2000746865724E616D65203A00000A257320B4
:10CC300020202020202020686172647761726520A6
:10CC40006D6F64756C65206E616D65203A00000043
:10CC50000A2573202020202020202020202020684A
:10CC6000617264776172652074797065202020207C
:10CC70002020202020203A20000000000A257320D8
:10CC8000202020202020202020202068617264772E
:10CC90006172652073657269616C206E756D626585
:10CCA00072203A20000000000A2573202020206412
:10CCB0004E534E616D65203A20000000257353539A
:10CCC0004C20436C69656E74000000002C2000004D
:10CCD000257353534C205365727665720000000033
:10CCE0002573456D61696C002D1B264400BFAFF2B2
:10CCF000240A17F0100F12D05346FEA229463046E0
:10CD000008F002F8044600BF002C01DBAC4201D35E
:10CD1000FD4832E72D1B264400BFAFF2500A17F042
:10CD2000080F12D05346F9A22946304607F0ECFF0F
:10CD3000044600BF002C01DBAC4201D3F2481CE7E3
:10CD40002D1B264400BFAFF27C0A17F0040F12D04F
:10CD50005346F1A22946304607F0D6FF044600BFED
:10CD6000002C01DBAC4201D3E74806E72D1B26442B
:10CD700000BFAFF2A80A17F0020F12D05346E9A283
:10CD80002946304607F0C0FF044600BF002C01DBF7
:10CD9000AC4201D3DC48F0E62D1B264400BFAFF2C5
:10CDA000D40A17F0010F12D05346E1A229463046AB
:10CDB00007F0AAFF044600BF002C01DBAC4201D300
:10CDC000D148DAE62D1B264400BFAFF2001AC9F89D
:10CDD0000050C8F800600020CFE62DE9F0478046FB
:10CDE000894617466FF06D04D9F80050D8F80060F6
:10CDF0000FF2103A17F0800F13D05346D1A22946F4
:10CE0000304607F081FF044600BF002C01DBAC4236
:10CE100002D3BD48BDE8F0872D1B264400BFAFF20A
:10CE2000541A17F0400F12D05346CBA22946304671
:10CE300007F06AFF044600BF002C01DBAC4201D3BF
:10CE4000B148E7E72D1B264400BFAFF2801A17F068
:10CE5000200F12D05346C5A22946304607F054FF92
:10CE6000044600BF002C01DBAC4201D3A648D1E749
:10CE70002D1B264400BFAFF2AC1A17F0100F12D0D2
:10CE80005346BFA22946304607F03EFF044600BF86
:10CE9000002C01DBAC4201D39B48BBE72D1B264491
:10CEA00000BFAFF2D81A17F0080F12D05346B9A23C
:10CEB0002946304607F028FF044600BF002C01DB5E
:10CEC000AC4201D39048A5E72D1B264400BFAFF22A
:10CED000042A17F0040F12D05346B2A22946304656
:10CEE00007F012FF044600BF002C01DBAC4201D367
:10CEF00085488FE72D1B264400BFAFF2302A17F07C
:10CF0000020F12D05346ABA22946304607F0FCFE72
:10CF1000044600BF002C01DBAC4201D37A4879E71C
:10CF20002D1B264400BFAFF25C2A17F0010F12D070
:10CF30005346A3A22946304607F0E6FE044600BF4A
:10CF4000002C01DBAC4201D36F4863E72D1B264464
:10CF500000BFAFF2882A17F4004F12D053469CA2AC
:10CF60002946304607F0D0FE044600BF002C01DB06
:10CF7000AC4201D364484DE72D1B264400BFAFF2FD
:10CF8000B42AC9F80050C8F80060002042E72DE933
:10CF9000FC5F06460F4692466FF06D043D68D6F87A
:10CFA0000080D1460FF25C1B1EE001A94846F8F74D
:10CFB0007BFB08B18AA0019001985B4689A22946B3
:10CFC0000090404607F0A0FE044600BF002C01DBA5
:10CFD000AC4202D34C48BDE8FC9F2D1BA04400BFCF
:10CFE000AFF2183BD9F80C90B9F1000FDDD13D60DC
:10CFF000C6F800800020EEE72DE9FC5F06460F46EC
:10D0000092466FF06D043D68D6F80080D1460FF26D
:10D01000F40B1EE001A94846F8F771FB08B170A0B7
:10D02000019001985B466FA229460090404607F0A8
:10D030006BFE044600BF002C01DBAC4202D3324839
:10D04000BDE8FC9F2D1BA04400BFAFF2803BD9F888
:10D050000C90B9F1000FDDD13D60C6F800800020D2
:10D06000EEE72DE9F0438DB007460E4690461D468B
:10D070006FF06D040B970C96CDB95CA2DDE90B0146
:10D0800007F042FE044600BF002C02DB0C988442ED
:10D0900003D31D480DB0BDE8F0830C98001B0C9025
:10D0A0000B9820440B9000BF0C98301AF2E7E86907
:10D0B000434656A20090DDE90B0107F025FE044629
:10D0C00000BF002C02DB0C98844201D30E48E1E73C
:10D0D0000C98001B0C900B9820440B9000BF43460B
:10D0E00051A2DDE90B0107F00FFE044600BF002C42
:10D0F000A6E0000025734F626A6563742053696778
:10D100006E696E670000000080D6FFFF25735265D0
:10D110007365727665640000257353534C20434158
:10D12000000000002573456D61696C2043410000DB
:10D1300025734F626A656374205369676E696E6711
:10D140002043410025734469676974616C20536909
:10D15000676E61747572650025734E6F6E2052653F
:10D16000707564696174696F6E00000025734B65AA
:10D170007920456E6369706865726D656E74000034
:10D1800025734461746120456E6369706865726DD2
:10D19000656E740025734B65792041677265656D16
:10D1A000656E740025734B65792043657274205356
:10D1B00069676E00257343524C205369676E000007
:10D1C0002573456E636970686572204F6E6C7900D7
:10D1D00025734465636970686572204F6E6C7900D1
:10D1E0003F3F3F0025732573000000000A4365722E
:10D1F000746966696361746520697320756E696E10
:10D20000697469616C69736564210A0025736365DB
:10D2100072742E2076657273696F6E202020202034
:10D220003A2025640A000000257373657269616CF9
:10D23000206E756D62657220202020203A2000004B
:10D2400002DB0C98844201D3FD4823E70C98001BB5
:10D250000C900B9820440B9000BF05F12002DDE9F3
:10D260000B0101F093F9044600BF002C02DB0C987F
:10D27000844201D3F2480DE70C98001B0C900B98E8
:10D2800020440B9000BF4346EEA2DDE90B0107F0FE
:10D290003BFD044600BF002C02DB0C98844201D306
:10D2A000E748F7E60C98001B0C900B9820440B9075
:10D2B00000BF05F15002DDE90B0101F0E2F8044680
:10D2C00000BF002C02DB0C98844201D3DC48E1E66D
:10D2D0000C98001B0C900B9820440B9000BF434609
:10D2E000DEA2DDE90B0107F00FFD044600BF002CB4
:10D2F00002DB0C98844201D3D148CBE60C98001B8A
:10D300000C900B9820440B9000BF05F17002DDE9F2
:10D310000B0101F0B6F8044600BF002C02DB0C98AC
:10D32000844201D3C648B5E60C98001B0C900B98BC
:10D3300020440B9000BFA4204059A02149599C22B1
:10D34000525998235B59CDE90232CDE9041094205B
:10D350004059D5F890104346C6A2CDE90010DDE94A
:10D360000B0107F0D1FC044600BF002C02DB0C9837
:10D37000844201D3B2488DE60C98001B0C900B98A8
:10D3800020440B9000BFBC204059B8214959B42219
:10D390005259B0235B59CDE90232CDE90410AC20DB
:10D3A0004059D5F8A8104346C0A2CDE90010DDE9E8
:10D3B0000B0107F0A9FC044600BF002C02DB0C980F
:10D3C000844201D39E4865E60C98001B0C900B9894
:10D3D00020440B9000BF4346C2A2DDE90B0107F0D9
:10D3E00093FC044600BF002C02DB0C98844201D35E
:10D3F00093484FE60C98001B0C900B9820440B9020
:10D4000000BF95F84811D5F84C01CDE9001095F80A
:10D41000493105F12C02DDE90B0101F006F9044662
:10D4200000BF002C02DB0C98844201D3844831E613
:10D430000C98001B0C900B9820440B9000BF05F13A
:10D44000CC00F3F717F881464A46122106A801F0EE
:10D450001AF9040001D020461CE605F1CC00F2F7D1
:10D46000E7FF814606A84346A4A2CDE90009DDE90D
:10D470000B0107F049FC044600BF002C02DB0C98AE
:10D48000844201D36E4805E60C98001B0C900B9863
:10D4900020440B9000BFD5F8180110F4807F38D0DD
:10D4A000D5F81C0108B19AA000E09BA043469CA2BD
:10D4B0000090DDE90B0107F027FC044600BF002CBB
:10D4C00002DB0C98844201D35D48E3E50C98001B15
:10D4D0000C900B9820440B9000BFD5F82001002839
:10D4E00017DDD5F82001431E95A2DDE90B0107F0F9
:10D4F0000BFC044600BF002C02DB0C98844201D3D5
:10D500004F48C7E50C98001B0C900B9820440B90DB
:10D5100000BFD5F8180110F0200F20D043468DA28F
:10D52000DDE90B0107F0F0FB044600BF002C02DB35
:10D530000C98844201D34248ACE50C98001B0C9037
:10D540000B9820440B9000BF434605F1F8020CA94C
:10D550000BA8FFF7F1F9040001D020469AE5D5F8B1
:10D56000180110F4803F1FD0434680A2DDE90B0173
:10D5700007F0CAFB044600BF002C02DB0C98844273
:10D5800001D32F4886E50C98001B0C900B98204483
:10D590000B9000BF95F838210CA90BA8FFF7D0FA23
:10D5A000040001D0204675E5D5F8180110F0040FED
:10D5B0001FD0434673A2DDE90B0107F0A5FB04462B
:10D5C00000BF002C02DB0C98844201D31C4861E5AB
:10D5D0000C98001B0C900B9820440B9000BF0CA9DA
:10D5E0000BA8D5F82421FFF7F8FB040001D0204652
:10D5F00050E5D5F8180110F4006F1FD0434667A21C
:10D60000DDE90B0107F080FB044600BF002C02DBC4
:10D610000C98844201D30A483CE50C98001B0C90FE
:10D620000B9820440B9000BF05F594720CA90BA831
:10D63000FFF7ADFC040001D020462BE5BAE0000066
:10D6400080D6FFFF0A2573697373756572206E615A
:10D650006D65202020202020203A20000A257373A9
:10D6600075626A656374206E616D652020202020DC
:10D67000203A20000A257369737375656420206F52
:10D680006E20202020202020203A20253034642DB8
:10D69000253032642D2530326420253032643A251D
:10D6A0003032643A25303264000000000A25736588
:10D6B000787069726573206F6E20202020202020F2
:10D6C000203A20253034642D253032642D25303227
:10D6D0006420253032643A253032643A2530326491
:10D6E000000000000A25737369676E656420757316
:10D6F000696E672020202020203A20000A2573250B
:10D700002D3138733A20256420626974730000005B
:10D71000747275650000000066616C73650000003E
:10D720000A2573626173696320636F6E737472613B
:10D73000696E7473203A2043413D25730000000058
:10D740002C206D61785F706174686C656E3D256436
:10D75000000000000A25737375626A6563742061B6
:10D760006C74206E616D6520203A00000A25736399
:10D770006572742E2074797065202020202020206E
:10D78000203A20000A25736B6579207573616765FF
:10D790002020202020202020203A20000A25736508
:10D7A0007874206B6579207573616765202020206F
:10D7B000203A2000D5F8180110F0080F1FD043467A
:10D7C000FCA2DDE90B0107F09FFA044600BF002C24
:10D7D00002DB0C98844201D3FD485BE40C98001BEB
:10D7E0000C900B9820440B9000BF05F584720CA997
:10D7F0000BA8FFF701FC040001D020464AE4AFF279
:10D80000DC52DDE90B0107F07FFA044600BF002C73
:10D8100002DB0C98844201D3ED483BE40C98001BDA
:10D820000C900B9820440B9000BF0C98301A31E4F8
:10D830002DE9F84F8246884693461F466FF06D04E7
:10D84000D1464546E34E1BE03068384200D116E031
:10D8500070685B46E0A229460090484607F054FAFB
:10D86000044600BF002C01DBAC4202D3D848BDE81F
:10D87000F88F2D1BA14400BF3068474000BF083619
:10D8800070680028E0D187B15B46D5A2294648469A
:10D8900007F03AFA044600BF002C01DBAC4201D38A
:10D8A000CB48E4E72D1BA14400BFA8EB0500DEE751
:10D8B0002DE9F04194B004460D46904694F8480195
:10D8C000F8F7D6F807463846F8F72EFC064604ABBC
:10D8D0003846D4E90521F8F78FFA20B14FF0FF3030
:10D8E00014B0BDE8F08194F8491105F1CC00F2F7CD
:10D8F00053FC10B94FF0FF30F2E74FF4A07000591D
:10D900004FF4A271095904AACDE90026CDE902100D
:10D9100094F8483194F8490105F1CC02D4F84C113F
:10D92000F2F79AFCDCE72DE9F04107460C46154674
:10D9300004F1700107F15000FEF7B5F818B14FF08F
:10D94000FF30BDE8F08101261DB1E069032800DA4F
:10D9500000262EB1D4F81C0110B94FF0FF30F0E7CB
:10D960000020EEE72DE9FF4F81B0884615461E46A0
:10D97000DDF838906FF06D0B0027BA46002000905C
:10D9800044463AE04A4621460198FFF7CCFF00B1F1
:10D9900031E0D4F82001002808DDD4F820210F98C8
:10D9A000401C1099401A824200D224E02146119A6C
:10D9B0000198FFF77DFF8346BBF1000F01D10120E5
:10D9C00000E000200746B9F1000F01D007B912E0CE
:10D9D00004F1A80000F074FE20B904F1900000F0FA
:10D9E00072FE28B1BAF1000F01D1A246009702E001
:10D9F0002C60376003E0D4F85041002CC2D100BF46
:10DA00001CB9C5F800A000983060002005B0BDE842
:10DA1000F08F2DE9F04F87B00646884615461C4624
:10DA200010AF97E8800E6FF06D0006900120206027
:10DA300017E0206808B1404601E0D6F85001059093
:10DA400020683B462A468DE8010E30460599FFF7CF
:10DA500089FF0690286808B9206800B902E0002014
:10DA60002060E6E700BF286810B900202060386019
:10DA7000002007B0BDE8F08F70B504460E4604F1F3
:10DA8000700104F15000FEF70EF810B14FF0FF30B6
:10DA900070BD35460DE0A168A868814207D1A26833
:10DAA000E968E06806F0FCFA08B90020F0E7D5F86C
:10DAB0005051002DEFD1681EEAE72DE9F04F8BB0F1
:10DAC00080468946DDE915B56FF06D000A900020AB
:10DAD00005904646824608900790B1E0286D05EB18
:10DAE000C0073E6000207860286D401C28653C1D02
:10DAF00006F1A80000F0E4FD18B1206840F0010034
:10DB0000206006F1900000F0DEFD18B1206840F4BE
:10DB100000702060079818B100200BB0BDE8F08FAE
:10DB200096F848115846FDF7F5FE18B1206840F404
:10DB30008040206096F849115846FDF7FCFE18B168
:10DB4000206840F400402060286D012806D1494635
:10DB50003046FFF791FF08B90020DEE7CDF81490BA
:10DB60001799286D401E06AA08ABCDE902A1CDE9A0
:10DB7000002009AA30460599FFF74BFF0A90099843
:10DB800028B9206840F0080020600020C5E7286D13
:10DB9000012808D006F1700106F15000FDF783FF5F
:10DBA00008B90AF1010A089890BB286D082830D9F5
:10DBB0001648B2E70A257363657274696669636122
:10DBC000746520706F6C6963696573203A2000008A
:10DBD00080D6FFFFD0920200257325730A00000053
:10DBE0002573556E6B6E6F776E20726561736F6E05
:10DBF0002028746869732073686F756C64206E6F79
:10DC0000742068617070656E290A000000D0FFFF03
:10DC1000FFE7069818B9206840F0080020600999CD
:10DC2000CC315846FDF798FE18B1206840F480309A
:10DC30002060099E00200990089807900020069017
:10DC40004CE770B504460D4616466068B04207D1F1
:10DC500032462846A168FDF798FE08B9002070BD3D
:10DC600021462846FDF7B7FE08B90020F7E74FF038
:10DC7000FF30F4E72DE9F047074688461546404651
:10DC800006F0F8F98146D7F8180110F0200F13D0EC
:10DC900007F1F80607E04A4641463046FFF7D1FF54
:10DCA00000B902E0F668002EF5D100BF2EBB28684F
:10DCB00040F00400286020E007F1700415E060687F
:10DCC000032805D178A0D4E9012106F0E9F908B1CB
:10DCD000012000E0002038B94A46414604F10C001A
:10DCE000FFF7AFFF00B902E0A469002CE7D100BF45
:10DCF0001CB9286840F004002860BDE8F0872DE9D1
:10DD0000F84F05460E46174699466FF06D0A346D7A
:10DD100017E0601E06EBC008D8F8040000905FB161
:10DD2000621E6B464846D8F80010B8475FEA000A02
:10DD300002D05046BDE8F88F286800990843286053
:10DD4000641E002CE5D10020F4E72DE9FF4F9BB0C5
:10DD5000064689469246DDE928B7DDE92A846FF058
:10DD60006D0500202060049005A8FDF7CFFE0FB9D7
:10DD70004E4D3AE0B8F1000F04D004AA41463046B7
:10DD8000FFF778FF06F1CC00F2F77DFB1A903846DA
:10DD90001A99FDF7D0FD18B1049840F400400490A2
:10DDA00006F1CC013846FDF7D7FD18B1049840F4D0
:10DDB0008030049005A92E98CDE900B7CDE9021076
:10DDC0005246494630461E9BFFF777FE054605B191
:10DDD0000BE0049906980843069005A92046DDE962
:10DDE0002C23FFF78CFF054600BF15F51C5F00D103
:10DDF0002F4D35B14FF0FF30206028461FB0BDE8F1
:10DE0000F08F206808B12B48F8E70020F6E72DE9ED
:10DE1000F04788B005460E4617461C46DDE9119AC4
:10DE2000DDF840800020CDE9049ACDF80C80069002
:10DE3000214800210B463A46CDE9010400913146C4
:10DE40002846FFF782FF08B0BDE8F0872DE9F04FC4
:10DE500087B005460E4617461C46DDE912ABDDE9E4
:10DE600010890020CDE905B003463A4631468DE8D9
:10DE700011072846FFF769FF07B0BDE8F08F2DE9CD
:10DE8000FF4F87B005460E461C4614AF97E8800F3B
:10DE9000002003468DE8910F31462846099AFFF786
:10DEA00054FF0BB0BDE8F08F5504030000D8FFFF0E
:10DEB00000D0FFFF00D9FFFFA09202002DE9F04142
:10DEC00004460E4615466FF06D072068301A01288B
:10DED00002DAFC48BDE8F08120680078822806D08C
:10DEE00020680078022802D0F648801EF2E72168F8
:10DEF000481C2060087828602A1D3146204600F022
:10DF00000DFC070002D0A7F50A50E3E72068A860DF
:10DF100020686968084420600020DBE72DE9F041B3
:10DF200004460D4616466FF06D07324629462046D8
:10DF300000F07FFE070003D0A7F50C50BDE8F0818C
:10DF40000020FBE72DE9F04104460D4616461F462A
:10DF50006FF06D083B4632462946204600F010FE21
:10DF60005FEA000803D0A8F50C50BDE8F08100205E
:10DF7000FBE72DE9F8430446884615466FF06D0926
:10DF800030236A464146204600F047FC5FEA00091C
:10DF900003D0A9F50E50BDE8F8832068009900EB86
:10DFA00001082068A8EB0000012801DAC648F2E762
:10DFB0002E462068007830600623321D41462046F8
:10DFC00000F02BFC5FEA000902D0A9F50E50E2E751
:10DFD0002068B06020687168084420602068A8EB61
:10DFE0000000012801DAB848D5E7206800781E282B
:10DFF0001AD0206800780C2816D0206800781428E1
:10E0000012D02068007813280ED0206800781628D7
:10E010000AD0206800781C2806D0206800780328E1
:10E0200002D0A948801EB6E705F10C072168481CFC
:10E030002060087838603A1D4146204600F06EFBAB
:10E040005FEA000902D0A9F50E50A4E72068B86085
:10E0500020687968084420602068404502D09A48CA
:10E06000801F98E70020A86100BF94E72DE9F843DE
:10E0700005460F4614466FF06D083AE031236A46B4
:10E080003946284600F0C9FB5FEA000803D0A8F52E
:10E090000E50BDE8F88328680099461818E022461B
:10E0A00031462846FFF765FF5FEA000801D0404689
:10E0B000EFE72868B04200D10BE001202077202153
:10E0C00006F013F8A061A06908B98048E1E7A469E7
:10E0D000E5E700BF2868B84201D10020D9E7202138
:10E0E000012006F002F8A061A06908B97748D0E7DE
:10E0F000A469C3E710B503460020106018E0186853
:10E100000078302803DB18680078392802DD6E4873
:10E11000203810BD106800EB8000400010601C68C3
:10E12000601C186020783038146820441060491E44
:10E130000029E4D10020ECE770B50146624B203B9A
:10E1400000BF0868002804DB42F20F740868A04290
:10E1500001DD184670BD00BF00BFC868002802DBA3
:10E16000C868172801DD1846F4E700BF00BF08693A
:10E17000002802DB08693B2801DD1846EAE700BFFA
:10E1800000BF4869002802DB48693B2801DD1846CA
:10E19000E0E700BF48680D2830D2DFE800F02F0725
:10E1A00014080F09100A0B110C120D0000BF00BF5C
:10E1B00000BF00BF00BF00BF1F2221E000BF00BFA3
:10E1C00000BF1E221CE00868C41700EB9474A41062
:10E1D000B0EB840406D164250C6894FBF5F605FBCE
:10E1E00016443CB94FF4C8750C6894FBF5F605FB72
:10E1F00016440CB91D2200E01C2201E01846A9E7D4
:10E2000000BF00BF8868012802DB8868904201DDFA
:10E2100018469FE700BF00209CE72DE9F041074624
:10E220000D4616461C466FF06D0806F10800854243
:10E2300003D225482038BDE8F08106F108002D1AE8
:10E24000224631463846FFF755FF5FEA000801D005
:10E250004046F0E7022E09D12068322802DA206811
:10E2600064302060206800F26C702060221D022162
:10E270003846FFF73FFF5FEA000801D04046DAE783
:10E2800004F1080202213846FFF734FF5FEA000874
:10E2900001D04046CFE704F10C0202213846FFF7D7
:10E2A00029FF5FEA000801D04046C4E704F11002EC
:10E2B00002213846FFF71EFF5FEA000808D04046FB
:10E2C000B9E7000020DDFFFF20DCFFFF80D7FFFF64
:10E2D000022D0CD304F1140202213846FFF70AFF85
:10E2E0005FEA000801D04046A5E7AD1E01E0F7480F
:10E2F000A1E7012D07D1386800785A2803D1386882
:10E30000401C38606D1E0DB1F04894E72046FFF7C1
:10E3100013FF5FEA000801D040468CE700208AE73F
:10E320002DE9F84304460F4690466FF06D092068CA
:10E33000381A012803DAE5486038BDE8F883206818
:10E340000678172E01D1022506E0182E01D10425EA
:10E3500002E0DE486238F0E72068401C20606A4630
:10E360003946204600F0DAF98146B9F1000F02D0B3
:10E37000A9F51050E1E743462A4620460099FFF7E9
:10E380004CFFDAE72DE9F84304460E4615466FF0D8
:10E390006D082068301A012803DACC48E038BDE85F
:10E3A000F883206807786A463146204600F07AFBF9
:10E3B0005FEA000802D0A8F51250F0E72F6000983D
:10E3C00068602068A86020680099084420600020E8
:10E3D000E5E72DE9F04707460C4615461E46DDF8F1
:10E3E00020806FF06D09D8F8000010B1B848BDE882
:10E3F000F087324629463846F7F7BBF95FEA00094D
:10E4000002D0A9F51850F2E72068052801D020684D
:10E4100008B9606808B1AF48E9E70020E7E72DE9EF
:10E42000F8430546884614461E466FF06D0746F0D1
:10E43000A003221D4146284600F0EFF907461FB110
:10E44000A7F51450BDE8F88346F0A00020602868C6
:10E45000A0602868616800EB010830236A464146E5
:10E46000284600F0DAF9070002D0A7F51450E9E7D2
:10E47000286800990844404501D09748E2E7002009
:10E48000E0E72DE9F74FC2B08A4693466FF06D047E
:10E490000020419040904FF48071684605F0A5FD42
:10E4A0005D46DDF8089156466BE0A86808B9AD698D
:10E4B00067E05D4516D0419808B188A000E088A0CB
:10E4C00002463146484606F01FFC044600BF002CB9
:10E4D00001DBB44203D3834845B0BDE8F08F361B5F
:10E4E000A14400BF40A92846F7F788F804463CB984
:10E4F0007DA231464846409B06F006FC044605E0F6
:10E500007AA23146484606F0FFFB044600BF002CC5
:10E5100001DBB44201D37348DEE7361BA14400BFE0
:10E52000002712E0FF2F00D312E0686910F807807F
:10E53000B8F1200F02DBB8F17F0F03DB3F200DF8AD
:10E54000070001E00DF807807F1C2869B842E9D870
:10E5500000BF00200DF807006B4665A23146484613
:10E5600006F0D2FB044600BF002C01DBB44201D30D
:10E570005C48B1E7361BA14400BF287F4190AD69DC
:10E5800000BF002D91D1AAEB0600A5E72DE9F84FB9
:10E590008346894616466FF06D04DA464F4670682A
:10E5A000202801D8706800E01C208046002524E067
:10E5B00035B9B8F1010F03D9B068405D00B91BE06F
:10E5C000A8F10100A84201D94AA000E04AA00090A9
:10E5D000B068435D49A23946504606F095FB0446B3
:10E5E00000BF002C01DBBC4202D33E48BDE8F88FDF
:10E5F0003F1BA24400BF00BF6D1C4545D8D37068C7
:10E6000040450FD03FA23946504606F07DFB0446F8
:10E6100000BF002C01DBBC4201D33248E6E73F1BC0
:10E62000A24400BFA9EB0700E0E72DE9F84F074639
:10E630000E469046DDE90AAB6FF06D04B9463546EB
:10E640000020009069464046F7F784F8044634B14C
:10E650002EA22946484606F057FB044606E024A2AF
:10E6600029464846009B06F04FFB044600BF002C9D
:10E6700001DBAC4202D31B48BDE8F88F2D1BA1443F
:10E6800000BF701BF8E72DE9F04706460F4690469D
:10E69000B1463D466FF06D0443461DA229464846EB
:10E6A00006F032FB044600BF002C01DBAC4202D373
:10E6B0000C48BDE8F0872D1BA14400BF0020F8E7FF
:10E6C00001460020704701460020704700DCFFFF34
:10E6D00000D8FFFF00DDFFFF9ADAFFFF202B2000AC
:10E6E0002C20000080D6FFFF25733D003F3F3D00FA
:10E6F000257300003A000000000000002530325869
:10E70000257300002E2E2E2E000000003F3F3F00FC
:10E710002573206B65792073697A650010B503460F
:10E720001868081A012802DA6FF05F0010BD186837
:10E73000007810F0800F05D11C68601C18602078EC
:10E74000106060E01868007800F07F00012806D0B3
:10E75000022812D0032822D0042850D135E01868AE
:10E76000081A022802DA6FF05F00DFE718684078C5
:10E7700010601868801C186044E01868081A0328A4
:10E7800002DA6FF05F00D1E7186880781C6864785F
:10E7900040EA042010601868C01C186032E0186855
:10E7A000081A042802DA6FF05F00BFE718684078A3
:10E7B00000041C68A47840EA04201C68E478204324
:10E7C00010601868001D18601CE01868081A0528F9
:10E7D00002DA6FF05F00A9E71868407800061C684D
:10E7E000A47840EA04401C68E47840EA04201C68ED
:10E7F0002479204310601868401D186002E06FF013
:10E80000630093E700BF10681C680C1BA04202D98C
:10E810006FF05F008AE7002088E7F0B504460D46F8
:10E8200017461E462068281A012802DA6FF05F009A
:10E83000F0BD20680078B04202D06FF06100F7E7C9
:10E840002068401C20603A4629462046FFF766FFB4
:10E85000EEE7F8B504460E4615466FF06D07012346
:10E860006A4631462046FFF7D8FF070001D03846F8
:10E87000F8BD0098012802D06FF06300F8E7206827
:10E88000007808B1012000E0002028602068401CCA
:10E8900020600020ECE72DE9F84104460F461646BB
:10E8A0001D466FF06D0833466A4639462046FFF72D
:10E8B000B4FF5FEA000802D04046BDE8F881009846
:10E8C00010B96FF06300F8E72068007810F0800F4F
:10E8D00002D06FF06300F0E705E02068401C206084
:10E8E0000098401E0090009818B120680078002819
:10E8F000F3D00098042802D96FF06300DDE7009898
:10E90000042807D12068007810F0800F02D06FF043
:10E910006300D2E70020286008E0206800782968BA
:10E9200040EA012028602068401C20600099481EB1
:10E9300000900029F1D10020BFE770B505460E46D2
:10E9400014462346022231462846FFF7A4FF70BD35
:10E9500070B505460E46144623460A22314628461F
:10E96000FFF799FF70BDF8B504460E4615466FF0E7
:10E970006D0702236A4631462046FFF74EFF070027
:10E9800001D03846F8BD21682846009AF5F708FFFF
:10E99000074620680099084420603846F2E7F0B541
:10E9A00004460E4615466FF06D0703232A4631468E
:10E9B0002046FFF732FF070001D03846F0BD286837
:10E9C00010B96FF05F00F9E72868401E28602068E2
:10E9D000007828712879072802DD6FF06300EDE7E1
:10E9E0002068401C20602068A860206829680844CE
:10E9F00020602068B04202D06FF06500DEE70020A2
:10EA0000DCE72DE9F84F04460D4617469846DDF839
:10EA100028B0DDF8309030236A4629462046FFF7BB
:10EA2000FCFE5FEA000A02D05046BDE8F88F20687D
:10EA300000990844A84202D06FF06500F5E72CE089
:10EA40002168481C20600E7806EA0700404502D085
:10EA50006FF06100E9E76A4629462046FFF75EFE4F
:10EA60005FEA000A01D05046DFE706EA0B000B9987
:10EA700088420DD1B9F1000F0AD022683146009BBF
:10EA80000D98C8478246BAF1000F01D05046CCE736
:10EA9000206800990844206000BF2068A842CFD3B6
:10EAA0000020C2E7F0B504460E4615466FF06D072C
:10EAB00003232A4631462046FFF7AFFE070001D068
:10EAC0003846F0BD286810B96FF06700F9E728688C
:10EAD000401E28602068007810B16FF06700F0E7F2
:10EAE0002068401C20600020EBE770B5044609E078
:10EAF000E56810212046ECF74DFD204606F08CFE1F
:10EB00002C4600BF002CF3D170BD2DE9F04705461F
:10EB10000E4617469846A946D9F80440A06858B151
:10EB20001021012005F0E1FAE060E06818B96FF00B
:10EB30006900BDE8F087E468A760C4F80480266037
:10EB4000C9F804400020F4E7F0B587B006460F4648
:10EB500014461D4606940595002020606060A06064
:10EB6000E06005A85D4900220092EBB2CDE90121E9
:10EB70000390FF2239463046FFF743FF07B0F0BD50
:10EB80002DE9F84304460F4616461D466FF06D0802
:10EB900030236A4639462046FFF73FFE5FEA000809
:10EBA00002D04046BDE8F8832068381A012802DA0E
:10EBB0006FF05F00F6E72068007830602068009909
:10EBC00047180623321D39462046FFF726FE5FEA26
:10EBD000000801D04046E5E72068B0602068716811
:10EBE000084420602068B84205D10C212846ECF783
:10EBF000D1FC0020D6E72068007828602068401CFF
:10EC000020602A1D39462046FFF788FD5FEA00088C
:10EC100001D04046C6E72068A860206869680844BB
:10EC200020602068B84202D06FF06500BAE700208B
:10EC3000B8E7FEB504460D4616466FF06D07002096
:10EC40000090019002906B46324629462046FFF71D
:10EC500097FF070001D03846FEBD0098052801D077
:10EC6000009808B9019810B16FF06700F4E7002030
:10EC7000F2E710B5044604B910BDA06806F0CCFD5B
:10EC8000606906F0C9FD20212046ECF783FC00BF37
:10EC9000F2E770B5044607E0A86920602846FFF750
:10ECA000E8FF284606F0B8FD2568002DF4D170BDB8
:10ECB00070B504460E4615460AE06068A84206D1C3
:10ECC0002A463146A06805F0EBF900B902E0A469D4
:10ECD000002CF2D100BF204670BD00000BEB0100FC
:10ECE00010B54FF4C471012005F0FFF9044614B1CA
:10ECF000204600F061FB204610BD10B504462046BA
:10ED000001F028F9204606F087FD10BD2DE9F041FD
:10ED100004460D4616461F463B46324629462046C7
:10ED2000ECF7BFFBBDE8F0812DE9FC4704460D463A
:10ED300016461F46DDE90A893B46324629462046EB
:10ED4000CDE90089ECF7CAFBBDE8FC8770B5044645
:10ED50000D461646324629462046EBF79DFD70BD0E
:10ED600070B504460D461646324629462046EBF756
:10ED700094FC70BD10B54FF48C71012005F0B5F90D
:10ED800004460CB9002010BD2046EBF771FC20466C
:10ED9000F9E710B504462046EBF774FC204606F070
:10EDA0003BFD10BD70B506460C4615462B46224667
:10EDB0000221304600F010FC70BD0000F0B589B0B3
:10EDC00004460D4617466FF06D06302308AA294603
:10EDD0002046FFF722FD060003D0A6F56C5009B0CF
:10EDE000F0BD206808990844A84201D0FE48F6E723
:10EDF000022308AA29462046FFF70FFD060002D08D
:10EE0000A6F56C50EBE70020039004900590069067
:10EE1000009001900290034621683846089AF1F765
:10EE20007EFC060002D0F0486630D8E720680899DA
:10EE300008442060022308AA29462046FFF7EDFC7B
:10EE4000060002D0A6F56C50C9E708990022206898
:10EE50000392CDE90420009201921346029206919A
:10EE600011463846F1F75BFC060002D0DE486630FA
:10EE7000B5E720680899084420603846F1F715FD89
:10EE800018B93846F1F76AFF10B1D7486630A6E7DF
:10EE90002068A84201D0D448A1E700209FE72DE9CF
:10EEA000FE4306460F4615461C466FF06D080020CF
:10EEB00020606060A06023466A4639463046FFF70E
:10EEC0005FFE5FEA000803D0A8F56A50BDE8FE8344
:10EED00029466846F6F795FC08B1C448F6E7287855
:10EEE000012809D12068052801D0206808B9606888
:10EEF00010B1BD48E630E9E70020E7E72DE9F0432F
:10EF000087B005460E4617466FF06D04002002904C
:10EF100000BF00BF00BF00BF00BF00BF00BF00BFF9
:10EF2000302306AA31462846FFF777FC040004D0B8
:10EF3000A4F5745007B0BDE8F08328680699461818
:10EF400003AB02AA31462846FFF7A9FF040001D00F
:10EF50002046EFE706AA31462846FFF7A3FD040046
:10EF600002D0A4F56C50E5E7286806990844B04241
:10EF700001D09D48DEE79DF80800F1F7F3F85FEA5D
:10EF8000000901D19948D5E749463846F1F7F1F82B
:10EF9000040001D02046CDE79DF8080001280CD1DF
:10EFA000D7E90001CDE9000101988046424631468B
:10EFB0002846FFF703FF044600E08C4C1CB9286884
:10EFC000B04200D0884C14B13846F1F7BBF8204667
:10EFD000B0E72DE9F04106460F4614462246394671
:10EFE0003046FFF7C0FC054615B12846BDE8F08164
:10EFF00000212046F4F7BFFE10B97C488038F5E7C1
:10F000000020F3E72DE9F04188B005460E4617468B
:10F0100002A8F3F7FBF90596059800EB07083023E3
:10F0200006AA414605A8FFF7F8FB040004D0A4F5A2
:10F03000745008B0BDE8F081DDE9050100EB01087E
:10F0400007AA414605A8FFF778FC040002D0A4F502
:10F050007450EEE7079808B16548EAE702AA41460E
:10F0600005A8FFF7B6FF040009D100900346024649
:10F0700002A901902846F1F709FB040000D087E0BF
:10F0800002AA414605A8FFF7A4FF04000AD102A87E
:10F0900000210B460A46CDE900102846F1F7F6FAA2
:10F0A000040000D074E002AA414605A8FFF791FFD2
:10F0B00004000AD102A903460246CDE90010014628
:10F0C0002846F1F7E3FA040000D061E002AA4146C5
:10F0D00005A8FFF77EFF040009D10090034602AAAD
:10F0E000014601902846F1F7D1FA040000D04FE024
:10F0F00002AA414605A8FFF76CFF040009D1009061
:10F1000002AB0246014601902846F1F7BFFA04001F
:10F1100000D03DE002AA414605A8FFF75AFF0400CF
:10F1200006D102A905F14400F3F7F8F9040000D074
:10F130002EE002AA414605A8FFF74BFF040006D1C6
:10F1400002A905F15000F3F7E9F9040000D01FE02F
:10F1500002AA414605A8FFF73CFF040006D102A918
:10F1600005F15C00F3F7DAF9040000D010E028465E
:10F17000F1F79BFB040004D12846F1F7EFFD0400F2
:10F1800000D005E00598404501D0194C1A3400BF65
:10F1900002A8F3F743F95CB14FF68070044202D144
:10F1A000A4F5745401E0114C803C2846F2F7BEFCF3
:10F1B00020463EE72DE9F0478AB005460E46174641
:10F1C0000496049800EB070800200390302308AA57
:10F1D000414604A8FFF721FB04000BD0A4F57450AE
:10F1E0000AB0BDE8F08700009AC4FFFF80C3FFFFAC
:10F1F00080C2FFFF0899049800EB010809AA414664
:10F2000004A8FFF79AFB040002D0A4F57450E7E7C6
:10F21000099810B1A4F57650E2E705AB03AA414680
:10F2200004A8FFF73CFE040002D0A4F57450D7E711
:10F23000042308AA414604A8FFF7EFFA040002D00D
:10F24000A4F57450CCE7089808B95948C8E79DF868
:10F250000C00F0F787FF5FEA000A02D15448E03063
:10F26000BEE751462846F0F784FF040001D020464F
:10F27000B6E79DF80C00012810D1D5E90001CDE9D1
:10F28000010102988146089A0499FFF7BBFE040029
:10F2900007D02846F0F756FF2046A1E74448E03063
:10F2A0009EE700209CE72DE9FC5F04460E461546CC
:10F2B0009B46DDF830806FF06D0900BF00BF1DB9BF
:10F2C0003B486030BDE8FC9F00BF00BF2A46314686
:10F2D0002046FFF76FFF5FEA000900D1F2E7204602
:10F2E000F0F730FF2046F0F727FF0120F0F73AFF54
:10F2F000824651462046F0F73CFF60B9D4E9000150
:10F30000CDE90001019807462A463146FFF77AFE0B
:10F3100008B90020D6E72046F0F714FF2046F0F7A2
:10F320000BFF23486030CDE72DE9FE4305460E462E
:10F3300014466FF06D0700BF00BF1CB91C48603059
:10F34000BDE8FE8300BF00BF0120F0F70BFF5FEABE
:10F35000000902D11648E030F2E749462846F0F7A6
:10F3600008FF070001D03846EAE70296D5E9000118
:10F37000CDE900010198804602980119424602A891
:10F38000FFF71CFD07460FB93846D9E72846F0F7C6
:10F39000D9FE0848874201D03846D1E70296029844
:10F3A00001192A4602A8FFF7A9FD07463846C7E714
:10F3B000A0C2FFFF9EC4FFFF10B5044600BF00BF00
:10F3C0004FF4C471204604F010FE10BD2DE9F04F3B
:10F3D00099B082460020019002900390049005901D
:10F3E00001A802AB102202A90090504600F007FFCE
:10F3F0000B9018B10B9819B0BDE8F08F9DF808007C
:10F4000000069DF8091040EA01409DF80A1040EA04
:10F4100001209DF80B1008430021CDE908019DF85B
:10F420000C0000069DF80D1040EA01409DF80E10FA
:10F4300040EA01209DF80F1008430021CDE90601A4
:10F440002022DDE90801CDE90E1004F06FFDDDE9B1
:10F45000063240EA030841EA02099DF8100000065E
:10F460009DF8111040EA01409DF8121040EA012079
:10F470009DF8131008430021CDE908019DF8140000
:10F4800000069DF8151040EA01409DF8161040EA6C
:10F4900001209DF8171008430021CDE90601202224
:10F4A000DDE90801CDE90C1004F040FDDDE906328C
:10F4B00040EA030641EA02070AF14000C0E910678A
:10F4C000CAF80491CAF800810021CAF8C010CAF82D
:10F4D000C410CAF84010CAF844104FF0040B3EE0C4
:10F4E000012030404FF06141A0FB010100903F221C
:10F4F00040464946CDE9169804F018FD04460D46ED
:10F500004FF0010230463946CDE9147604F01DFD76
:10F5100044EA000645EA0107012240464946CDE992
:10F52000129804F012FD04460D464FF000014FF012
:10F5300020020098CDE9101004F0F8FC84EA0008DD
:10F5400085EA01090AF1400000EBCB00C0C00AF1D6
:10F55000C00000EBCB00C0E900894FEA6B0BBBF1A8
:10F56000000FBDDC4FF0020B31E00AF1400202EB6C
:10F57000CB00803202EBCB01D1E90089D0E90067F2
:10F5800001220A921EE00AF1C0020A9B02EBC303A9
:10F590000CCB82EA080283EA09030A9C01EBC4044B
:10F5A0000CC40AF140020A9B02EBC302D2E900320A
:10F5B00073407A400A9C00EBC404C4E900320A9A02
:10F5C000521C0A920A9A5A45DDDB4FEA4B0BBBF1FB
:10F5D000080FCADD00200EE72DE9F04780460E46F1
:10F5E00017461D466FF06D0900BF00BF00BF00BF8A
:10F5F00000BF00BF01222946304600F000FD04464E
:10F600001CB96FF01300BDE8F0876069102802D0C4
:10F610006FF01300F7E7404600F014FD2146404626
:10F6200000F041FD5FEA000901D04846EBE7012305
:10F630002A463946404600F051FD5FEA000901D0F4
:10F640004846E0E74046FFF7C1FE5FEA000901D007
:10F650004846D8E70020D6E72DE9F74FBCB09246E0
:10F66000002004903D98C07B00F00F0003903C9870
:10F67000C030039900EBC101C0C93C9840300399E8
:10F6800000EBC101D1E900890F20049096E00499B4
:10F690003D98405C00F00F00039004993D98405C59
:10F6A0000009029004980F2842D008F00F00019042
:10F6B0003C2230463946CDE90B7604F037FC04464F
:10F6C0000D464FF0040240464946CDE9099804F042
:10F6D0003CFC44EA000845EA010904223046394668
:10F6E000CDE9077604F031FC06460F46FE49019845
:10F6F00001EBC000D0E900103022CDE90501084639
:10F70000059904F013FC46404F403C98C0300399E3
:10F7100000EBC10103C946404F403C98403003997B
:10F7200000EBC100D0E9001081EA080880EA09096D
:10F7300008F00F0001903C2230463946CDE913769F
:10F7400004F0F4FB04460D464FF0040240464946DF
:10F75000CDE9119804F0F9FB44EA000845EA0109F3
:10F76000042230463946CDE90F7604F0EEFB06461A
:10F770000F46DD49019801EBC000D0E900103022AE
:10F78000CDE90D0108460D9904F0D0FB46404F40ED
:10F790003C98C030029900EBC100D0E900104E4007
:10F7A00047403C984030029900EBC10103C980EA10
:10F7B000080881EA09090498401E0490049800286A
:10F7C000BFF665AF2022B346584639463B9704F052
:10F7D000BCFB1822CDE9391004F0B7FB8AF8000011
:10F7E000202230463946CDE9377604F0AEFB1022B0
:10F7F000CDE9351004F0A9FB8AF80100202230463B
:10F800003946CDE9337604F0A0FB0822CDE931106A
:10F8100004F09BFB8AF80200202230463946CDE9ED
:10F820002F7604F092FB8AF80300182230463946FE
:10F83000CDE92D7604F089FB8AF8040010223046C9
:10F840003946CDE92B7604F080FB8AF805000822C2
:10F8500030463946CDE9297604F077FB8AF8060070
:10F860008AF80760202240464946CDE9279804F0EF
:10F870006CFB1822CDE9251004F067FB8AF808001C
:10F88000202240464946CDE9239804F05EFB102231
:10F89000CDE9211004F059FB8AF8090020224046E6
:10F8A0004946CDE91F9804F050FB0822CDE91D1010
:10F8B00004F04BFB8AF80A00202240464946CDE975
:10F8C0001B9804F042FB8AF80B0018224046494678
:10F8D000CDE9199804F039FB8AF80C001022404653
:10F8E0004946CDE9179804F030FB8AF80D0008224C
:10F8F00040464946CDE9159804F027FB8AF80E00EA
:10F900008AF80F803FB0BDE8F08F2DE9FF4F89B036
:10F9100004461E46179F6FF06D0006900020019070
:10F9200000BF00BF00BF00BF00BF00BFBEB13D228F
:10F93000B24607905046079904F007FB0023584051
:10F94000594008430BD13D22BB46089058460899C0
:10F9500004F0FBFA002358405940084304D06FF0EC
:10F9600013000DB0BDE8F08F04F580700021016632
:10F9700041668166C166016741678167C16704F5B9
:10F98000A0740A98206421606160A160E160A4F520
:10F99000A0740C2E0AD1324604F5B0700B9904F015
:10F9A000FDFA012140F26F1001554CE00020029059
:10F9B000039004900590C6F347508DF81400C6F3E9
:10F9C0004F30C0B28DF81500C6F35710C0B28DF895
:10F9D0001600F006000E8DF81700DDF82C901CE0E4
:10F9E000102E01D2304600E010208046002509E0AC
:10F9F00004F5B070405D19F80510484004F5B07189
:10FA000048556D1C4545F3D304F5B07211462046A8
:10FA1000FFF722FEA6EB0806C144002EE0D1002528
:10FA200009E004F5B070405D02A9495D484004F565
:10FA3000B07148556D1C102DF3D304F5B07211460A
:10FA40002046FFF709FE01A804F5A873102204F56B
:10FA5000B0710090204600F0D2FB069008B10698E5
:10FA60007FE70020C4F84871C4F84C01DDF85890D5
:10FA70001CE0102F01D2384600E0102080460025FF
:10FA800009E004F5B870405D19F80510484004F528
:10FA9000B87148556D1C4545F3D304F5B87211464D
:10FAA0002046FFF7D9FDA7EB0807C144002FE0D19E
:10FAB000002056E72DE9F04F87B004460E46174662
:10FAC00098466FF06D000690C3460020019000BF7D
:10FAD00000BF00BF00BF00BF00BFB8450BD9A8EBF7
:10FAE0000700B04207D201E0009502006FF013005A
:10FAF00007B0BDE8F08FD4F84021D4F84401921942
:10FB000040F10000D4F84031D4F84411D21A8841B1
:10FB10000CD3D4F84021D4F84401921940F10000EC
:10FB20006FF01F030F219A1A814102D26FF0130068
:10FB3000DEE7D4F84021D4F84401921940F10000E6
:10FB4000C4F84021C4F84401B94653E0102E01D254
:10FB5000304600E01020824610250CE0681E04F5B7
:10FB6000B071085C401C10F0FF02A5F101000A54BE
:10FB700000D002E06D1E0C2DF0D800BF01A802AB32
:10FB8000102204F5B0710090204600F038FB06907A
:10FB900008B10698ACE7002520E0D4F8800140B910
:10FBA00004F5B870405D19F80510484004F5B871C7
:10FBB000485502A8405D19F8051048400BF80500AB
:10FBC000D4F88001012808D104F5B870405D1BF815
:10FBD0000510484004F5B87148556D1C5545DCD3F7
:10FBE00004F5B87211462046FFF736FDA6EB0A066B
:10FBF000D144D344002EA9D1002079E72DE9F74F55
:10FC0000AAB000BF00BF00BF00BF2A9901F5A071D4
:10FC100003C908220023A0FB024C01FB02C100FB28
:10FC200003152A98082100F5A4700CC80020A2FB37
:10FC3000016C03FB01C102FB00172C98102802D8AD
:10FC40002C98042804D26FF013002DB0BDE8F08F7B
:10FC50002A9901F5A871DDE92B0204F09FF9002132
:10FC600084EA01006940084305D1002186EA0100C9
:10FC7000794008437ED000200290039004900590C4
:10FC80002022B04640463946299704F05EF91822F2
:10FC9000CDE9271004F059F9C0B28DF808002022F0
:10FCA000B14648463946269704F04FF91022CDE96F
:10FCB000241004F04AF9C0B28DF809002022B2469F
:10FCC00050463946239704F040F90822CDE9211027
:10FCD00004F03BF9C0B28DF80A002022B346584622
:10FCE0003946209704F031F9C0B28DF80B00182284
:10FCF00030463946CDE91E7604F027F9C0B28DF8BA
:10FD00000C00102230463946CDE91C7604F01DF96E
:10FD1000C0B28DF80D00082230463946CDE91A767A
:10FD200004F013F9C0B28DF80E00F0B28DF80F0098
:10FD3000202220462946CDE9185404F006F918225D
:10FD4000CDE9161004F001F9C0B28DF810002022A0
:10FD500020462946CDE9145404F0F7F81022CDE9E5
:10FD6000121004F0F2F8C0B28DF8110020222046E3
:10FD7000294600E06AE0CDE9105404F0E6F80822D4
:10FD8000CDE90E1004F0E1F8C0B28DF81200202287
:10FD900020462946CDE90C5404F0D7F8C0B28DF8BE
:10FDA0001300182220462946CDE90A5404F0CDF864
:10FDB000C0B28DF81400102220462946CDE908541F
:10FDC00004F0C3F8C0B28DF8150008222046294679
:10FDD000CDE9065404F0B9F8C0B28DF81600E0B2CF
:10FDE0008DF81700002001900FE02A9800F5B870F8
:10FDF0000199405C02AA515C41402A9800F5B87014
:10FE0000019A81540198401C019001981028ECD36C
:10FE10002A9A02F5B8722A9901F5B8712A98FFF763
:10FE20001BFC002001900DE001992B98415C2A9861
:10FE300000F5B870019A805C41402B98815401987C
:10FE4000401C01902C9901988842EDD30020FCE6DB
:10FE50002DE9FE4F06460F4614461D46DDE90EAB62
:10FE6000DDE90C896FF06D00029000BF00BF00BF9C
:10FE700000BF00BF00BF00BF00BF00BF00BF00BF8A
:10FE800000BF43462A4639463046CDE9009AFFF77F
:10FE90003CFD029010B10298BDE8FE8F5A46214603
:10FEA0003046109BFFF706FE029008B10298F3E778
:10FEB0003046DDE91121FFF7A1FE029008B102985A
:10FEC000EAE70020E8E72DE9FF4F8DB00E46174620
:10FED0009846DDF868B0DDF87CA0DDF874906FF02E
:10FEE0006D000C9000BF00BF00BF00BF00BF00BF8F
:10FEF00000BF00BF00BF00BF00BF00BF08A91E9821
:10FF0000CDE904A9069103901B983B463246002197
:10FF1000CDE9008B02900D98FFF79AFF0C9018B175
:10FF20000C9811B0BDE8F08F0025002406E01C9865
:10FF3000005D08A9095D48400543641C4C45F6D3A3
:10FF400035B131465046EBF725FB6FF01100E8E77D
:10FF50000020E6E710B5044604B910BD204600F0C5
:10FF600071F84FF4C4712046EBF714FB00BFF4E7BF
:10FF7000F0B503460C461D4626460020002106E04B
:10FF80006F5C16F801C087EA0C073843491C9142A0
:10FF9000F6D3F0BDFE48006860B9FE4AFE4902E0B3
:10FFA00012F8080B01C110780028F9D1086001206F
:10FFB000F74B1860F84870470246F64905E00878A4
:10FFC000904201D148687047083148680028F6D14E
:10FFD00000BFF8E770B505460DB9002070BDED4CC7
:10FFE00008E061688868294604F04CF808B9606840
:10FFF000F4E7083460680028F3D100BFEEE710B5DD
:020000040002F8
:1000000003460C46E3490FE048688069007898424F
:1000100009D148684068A04205D1486840789042BC
:1000200001D1486810BD083148680028ECD100BFF4
:10003000F8E710B5044600BF00BF4021204603F09A
:10004000D4FF10BD10B5044604B910BDE06B20B15B
:100050002268E06B92699169884740212046EBF75E
:1000600099FA00BFF1E7034603B10AB9CB487047DC
:1000700011600020FBE7024600BF00BF106818B106
:1000800010684078022801D0C4487047042904D180
:100090000020D060C248106102E0C0488030F4E720
:1000A00000BF0020F1E770B505460C4600BF00BF59
:1000B0000CB9BA4870BD4021284603F096FFA169EB
:1000C00048698047E86310B9B4488038F2E72C608B
:1000D00004212846FFF7CFFF0020EBE72DE9F04190
:1000E00004460F4616461D4600BF00BF00BF00BFB6
:1000F00000BF00BF206810B9A848BDE8F0812068A3
:10010000006910F0020F05D120684068B04201D0AC
:10011000A248F2E766602572012D0BD02068407876
:10012000032807D020684078042803D0206840784E
:10013000052807D1D4E90012E06B8969CB683946FC
:100140009847DAE73DB9D4E90012E06B89690B6999
:1001500039469847D1E79148CFE72DE9F041044669
:100160000F46164600BF00BF00BF00BF206810B991
:100170008A48BDE8F081102E02D988488030F8E71F
:100180002068006910F0010F01D0354605E02068B5
:10019000C568B54201D98148EBE735B12A463946F1
:1001A00004F1280003F0FAFEA5630020E1E7014610
:1001B00000BF00BF086808B978487047002048624F
:1001C00000BFFAE77CB504460D46164600BF00BFE7
:1001D00000BF00BF206808B970487CBD2068407827
:1001E00006280AD1CDE9005694F9081004F1280236
:1001F000D4E90E30FFF789FBEFE70020EDE72DE9AA
:10020000FC5F0446894615469A460C9F6FF06D0BBD
:1002100000BF00BF00BF00BF00BF00BF00BF00BFE6
:10022000206810B95D48BDE8FC9F0020386020467A
:1002300000F079FA06460EB95A48F4E7206840788B
:10024000012815D1B54201D05748ECE73D6094F93B
:1002500008102268E06B92695346D2F804C04A46FF
:10026000E0475FEA000B01D05846DCE70020DAE700
:1002700020684078062807D13D6053464A46294603
:10028000E06BFFF717FCCEE7D14508D1606A20B9D3
:10029000B5FBF6F006FB105008B14048C3E72068F4
:1002A0004078022872D14FF00008207A28B9E0681F
:1002B00018B1606A301AA8420ED2207A28B9E068D4
:1002C00018B9606A301AA84206D8207A012810D1DD
:1002D000606A301AA8420CD904F11401626A5018FD
:1002E0002A46494603F05AFE606A284460620020AC
:1002F00099E7606A38B3606AA6EB000804F114015C
:10030000626A50184246494603F048FE04F1140060
:10031000CDE9000A94F908102268E06B926904F1B3
:100320002803D2F808C03246E0475FEA000B01D04C
:10033000584678E7386830443860B244002060623C
:10034000C144A5EB0805CDB1B5FBF6F006FB10588E
:10035000B8F1000F04D1207A10B9E06800B1B046BE
:10036000A5EB080000EB0901424604F1140003F07C
:1003700015FE606A40446062A5EB08052DB3CDE927
:10038000009A94F908102268E06B0FE01FE000006B
:10039000A0030020AC94020074320020009FFFFFF5
:1003A00067000200809CFFFF809DFFFF926904F1BF
:1003B0002803D2F808C02A46E0475FEA000B01D0C4
:1003C000584630E738682844386000202BE7DB487F
:1003D00029E72DE9FC4104460D46164600BF00BF43
:1003E00000BF00BF00BF00BF206818B9D3488038E5
:1003F000BDE8FC810020306020684078032813D0DD
:100400002068407804280FD02068407805280BD059
:1004100020684078062807D020684078092803D053
:1004200020684078072801D10020E1E720680078A3
:10043000482803D020680078492801D10020D7E758
:1004400020684078012805D1606A08B1BC48CFE730
:100450000020CDE720684078022858D10027207A74
:1004600001281DD1E06828B9606A08B1B448BFE727
:100470000020BDE700BF00BF00BF00BF206808B973
:10048000002005E0A06B08B1A06B01E02068C06807
:100490008046414604F11400E368626A98470DE023
:1004A000204600F040F9616A884207D0E06818B938
:1004B000606A08B900209BE7A14899E7204600F050
:1004C00032F9804604F11400CDE9000594F90810D2
:1004D0002268E06B926904F12803D2F808C0424612
:1004E000E047070001D0384682E7207A48B9204625
:1004F00000F019F98046324641462846236998475C
:1005000076E7204600F00FF93060002070E78B4856
:100510006EE770B504460D46164600BF00BF00BF2B
:1005200000BF206810B98548803870BD207A012846
:1005300002D082488038F8E720684078062805D144
:1005400032462946E06BFFF759FBEEE70020ECE767
:100550002DE9FF4104460D4616466FF06D0700BFBA
:1005600000BF00BF00BF206820B97448803804B0C5
:10057000BDE8F081207A10B170488038F7E7206834
:100580004078062818D1102E02D96C488038EEE742
:1005900032466946E06BFFF731FB070001D0384671
:1005A000E5E7324669462846FFF7E2FC10B16448A9
:1005B0008038DCE70020DAE70020D8E72DE9FC5F8F
:1005C0000746884691461D46DDE90CA60E9C6FF055
:1005D0006D0B00BF00BF00BF00BF00BF00BF00BF6A
:1005E00000BF00BF00BF4A4641463846FFF7B5FD91
:1005F0005FEA000B02D05846BDE8FC9F3846FFF783
:10060000D6FD5FEA000B01D05846F5E73346524667
:10061000294638460094FFF7F2FD5FEA000B01D04F
:100620005846E9E72068811901AA3846FFF7D1FE4C
:100630005FEA000B01D05846DEE7206801990844C4
:1006400020600020D8E72DE9F04F87B004460D4622
:1006500016461F46DDE9128BDDE9109A00BF00BF88
:1006600000BF00BF00BF00BF00BF00BF00BF00BF92
:1006700000BF00BF00BF00BF20684078062811D12E
:100680001498C0F80080DDE915018DE8C00ECDE9B1
:1006900005102B4642460121E06BFFF7D9FB07B05E
:1006A000BDE8F08F2548FAE72DE9F04F87B0044602
:1006B0000D4616461F46DDE9128BDDF844A000BF4B
:1006C00000BF00BF00BF00BF00BF00BF00BF00BF32
:1006D00000BF00BF00BF00BF00BF206840780628F1
:1006E0001FD16FF06D091498C0F80080DDE9150185
:1006F000CDE904ABCDE902011098CDE90070334695
:100700002A464146E06BFFF7DEFB814619F11200F5
:1007100003D1DFF82C90A9F18009484607B0BDE865
:10072000F08F0648FAE7014600BF00BF086808B925
:100730000020704708684069FBE70000809FFFFFCA
:10074000809DFFFF2DE9F043BBB006468846154665
:100750001F46DDF808910EB105B117B93BB0BDE8F1
:10076000F083B9F1400F00DDF8E740212BA803F03A
:100770003CFC40211BA803F038FC4A4639462BA814
:1007800003F00CFC4A4639461BA803F007FC002482
:100790000CE02BA8005D80F036002BA908551BA8A3
:1007A000005D80F05C001BA90855641C402CF0DB48
:1007B00001A800F040F901A800F057F940222BA948
:1007C00001A800F0EAFD4246314601A800F0E5FD2F
:1007D00017A901A800F01FFE01A800F02CF901A83C
:1007E00000F043F940221BA901A800F0D6FD102219
:1007F00017A901A800F0D1FD17A901A800F00BFE70
:1008000000240FE017A9095D081100F084FE05F827
:10081000140017A9085D00F07EFE012101EB4401E0
:100820006854641C102CEDDB00BF97E72DE9F04302
:10083000BDB00646884615461F46DDF810910EB13C
:1008400005B117B93DB0BDE8F083B9F1400F00DD47
:10085000F8E7402116A803F0C8FB402106A803F0E2
:10086000C4FB4A46394616A803F098FB4A46394667
:1008700006A803F093FB00240CE016A8005D80F0AE
:10088000360016A9085506A8005D80F05C0006A990
:100890000855641C402CF0DB26A800F056FE26A864
:1008A00000F06DFE402216A926A802F00CFB42467D
:1008B000314626A802F007FB01A926A802F041FB59
:1008C00026A800F042FE26A800F059FE402206A904
:1008D00026A802F0F8FA142201A926A802F0F3FAD9
:1008E00001A926A802F02DFB00240FE001A9095D53
:1008F000081100F010FE05F8140001A9085D00F0D1
:100900000AFE012101EB44016854641C142CEDDB48
:1009100000BF97E72DE9F84305460F460026B0468D
:1009200074E0FF220421684603F058FB002409E02C
:100930003A480068005DA95D884201D18DF8004009
:10094000601CC4B2402CF3DB00240AE0334800688A
:10095000015D701C285C814201D18DF80140601C52
:10096000C4B2402CF2DB00240AE02C480068015D90
:10097000B01C285C814201D18DF80240601CC4B2D9
:10098000402CF2DB00240AE024480068015DF01CE2
:10099000285C814201D18DF80340601CC4B2402C18
:1009A000F2DB9DF80000800000F0FC009DF80110D3
:1009B000C1F301110843414608F101087854B01C05
:1009C000285C3D2800D124E09DF80100000100F0E2
:1009D000F0009DF80210C1F383010843414608F17D
:1009E00001087854F01C285C3D2800D111E09DF8E6
:1009F0000200800100F0F0009DF8031001F03F01BB
:100A00000843414608F101087854361DA85D0028C6
:100A100087D100BF4046BDE8F8830000A403002052
:100A200010B5024602E0002302F8013B0B00A1F1E1
:100A30000101F8D110BD10B504465821204603F03D
:100A4000D4FA10BD10B5044604B910BD5821204693
:100A5000FFF7E6FF00BFF8E770B504460D465822E1
:100A60002946204603F09AFA70BD002101604160DA
:100A7000FE498160FE4AC260CA430261FC4AD24319
:100A800042617047F0B590B005460C46267867780D
:100A900046EA0726A77846EA0746E77846EA076661
:100AA00000962679677946EA0726A77946EA074637
:100AB000E77946EA07660196267A677A46EA0726C4
:100AC000A77A46EA0746E77A46EA07660296267B51
:100AD000677B46EA0726A77B46EA0746E77B46EAA6
:100AE00007660396267C677C46EA0726A77C46EACB
:100AF0000746E77C46EA07660496267D677D46EA58
:100B00000726A77D46EA0746E77D46EA076605967B
:100B1000267E677E46EA0726A77E46EA0746E77EE8
:100B200046EA07660696267F677F46EA0726A77F7E
:100B300046EA0746E77F46EA0766079694F820608C
:100B400094F8217046EA072694F8227046EA074690
:100B500094F8237046EA0766089694F8246094F89F
:100B6000257046EA072694F8267046EA074694F868
:100B7000277046EA0766099694F8286094F8297069
:100B800046EA072694F82A7046EA074694F82B703E
:100B900046EA07660A9694F82C6094F82D7046EAA7
:100BA000072694F82E7046EA074694F82F7046EA16
:100BB00007660B9694F8306094F8317046EA072681
:100BC00094F8327046EA074694F8337046EA0766AE
:100BD0000C9694F8346094F8357046EA072694F839
:100BE000367046EA074694F8377046EA07660D966F
:100BF00094F8386094F8397046EA072694F83A7009
:100C000046EA074694F83B7046EA07660E9694F863
:100C10003C6094F83D7046EA072694F83E7046EA38
:100C2000074694F83F7046EA07660F96A868E96899
:100C30002A696B6982EA03060E405E40009F3E44CB
:100C40008C4F3E443044C60146EA5066701881EA33
:100C5000020606405640019F3E44874F3E443344BF
:100C60001E0346EA1356331880EA01061E404E4022
:100C7000029F3E44814F3E443244560446EAD236F7
:100C8000F21883EA000616404640039F3E447C4F1C
:100C90003E4431448E0546EA9126B11882EA0306A5
:100CA0000E405E40049F3E44764F3E443044C601B1
:100CB00046EA5066701881EA020606405640059FD3
:100CC0003E44714F3E4433441E0346EA13563318E4
:100CD00080EA01061E404E40069F3E446B4F3E4454
:100CE0003244560446EAD236F21883EA0006164029
:100CF0004640079F3E44664F3E4431448E0546EAD7
:100D00009126B11882EA03060E405E40089F3E44D9
:100D1000604F3E443044C60146EA5066701881EA8E
:100D2000020606405640099F3E445B4F3E44334412
:100D30001E0346EA1356331880EA01061E404E4051
:100D40000A9F3E44A6F524464F3E3244560446EAE6
:100D5000D236F21883EA0006164046400B9F3E4406
:100D60004E4F3E4431448E0546EA9126B11882EA40
:100D700003060E405E400C9F3E44494F3E443044C3
:100D8000C60146EA5066701881EA020606405640DF
:100D90000D9F3E44434F3E4433441E0346EA1356E0
:100DA000331880EA01061E404E400E9F3E443E4FDF
:100DB0003E443244560446EAD236F21883EA00062C
:100DC000164046400F9F3E44384F3E4431448E0506
:100DD00046EA9126B11881EA02061E405640019F5C
:100DE0003E44334F3E443044460146EAD0667018D4
:100DF00080EA010616404E40069F3E442D4F3E4479
:100E000033445E0246EAD356331883EA00060E40A6
:100E100046400B9F3E44284F3E443244960346EAE8
:100E20009246F21882EA030606405E40009F3E4466
:100E3000224F3E4431440E0546EA1136B11881EA8C
:100E400002061E405640059F3E441D4F3E4430441E
:100E5000460146EAD066701880EA010616404E4008
:100E60000A9F3E44174F3E4433442DE0012345671B
:100E700089ABCDEF78A46AD756B7C7E8DB702024DA
:100E8000EECEBDC1AF0F7CF52AC68747134630A80A
:100E9000019546FDD8988069AFF7448BBED75C8931
:100EA0002211906B937198FD8E4379A62108B44965
:100EB00062251EF640B340C0515A5E26AAC7B6E965
:100EC0005D102FD6531444025E0246EAD3563318FF
:100ED00083EA00060E4046400F9F3E44FE4F3E44CC
:100EE0003244960346EA9246F21882EA0306064026
:100EF0005E40049F3E44F94F3E4431440E0546EAAD
:100F00001136B11881EA02061E405640099F3E4440
:100F1000F34F3E443044460146EAD066701880EAFA
:100F2000010616404E400E9F3E44EE4F3E44334471
:100F30005E0246EAD356331883EA00060E40464066
:100F4000039F3E44E84F3E443244960346EA9246AD
:100F5000F21882EA030606405E40089F3E44E34FD3
:100F60003E4431440E0546EA1136B11881EA0206C4
:100F70001E4056400D9F3E44DD4F3E4430444601E6
:100F800046EAD066701880EA010616404E40029F7D
:100F90003E44D84F3E4433445E0246EAD3563318AB
:100FA00083EA00060E404640079F3E44D24F3E442F
:100FB0003244960346EA9246F21882EA0306064055
:100FC0005E400C9F3E44CD4F3E4431440E0546EA00
:100FD0001136B11881EA02065E40059F3E44C84FB3
:100FE0003E443044060146EA1076701880EA010655
:100FF0005640089F3E44C34F3E443344DE0246EA17
:101000005356331883EA00064E400B9F3E44BE4FB2
:101010003E443244160446EA1246F21882EA0306B7
:1010200046400E9F3E44B94F3E443144CE0546EA09
:101030005126B11881EA02065E40019F3E44B44F3A
:101040003E443044060146EA1076701880EA0106F4
:101050005640049F3E44AF4F3E443344DE0246EACE
:101060005356331883EA00064E40079F3E44AA4F6A
:101070003E443244160446EA1246F21882EA030657
:1010800046400A9F3E44A54F3E443144CE0546EAC1
:101090005126B11881EA02065E400D9F3E44A04FE2
:1010A0003E443044060146EA1076701880EA010694
:1010B0005640009F3E449B4F3E443344DE0246EA86
:1010C0005356331883EA00064E40039F3E44964F22
:1010D0003E443244160446EA1246F21882EA0306F7
:1010E0004640069F3E44914F3E443144CE0546EA79
:1010F0005126B11881EA02065E40099F3E448C4F9A
:101100003E443044060146EA1076701880EA010633
:1011100056400C9F3E44874F3E443344DE0246EA2D
:101120005356331883EA00064E400F9F3E44824FC9
:101130003E443244160446EA1246F21882EA030696
:101140004640029F3E447D4F3E443144CE0546EA30
:101150005126B11861EA03065640009F3E44784F7D
:101160003E443044860146EA9066701860EA020602
:101170004E40079F3E44734F3E4433449E0246EA2E
:101180009356331863EA010646400E9F3E446E4F65
:101190003E443244D60346EA5246F21862EA00065A
:1011A0005E40059F3E44694F3E4431444E0546EA49
:1011B000D126B11861EA030656400C9F3E44644FA5
:1011C0003E443044860146EA9066701860EA0206A2
:1011D0004E40039F3E445F4F3E4433449E0246EAE6
:1011E0009356331863EA010646400A9F3E445A4F1D
:1011F0003E443244D60346EA5246F21862EA0006FA
:101200005E40019F3E44554F3E4431444E0546EA00
:10121000D126B11861EA03065640089F3E44504F5C
:101220003E443044860146EA9066701860EA020641
:101230004E400F9F3E444B4F3E4433449E0246EA8D
:101240009356331863EA01064640069F3E44464FD4
:101250003E443244D60346EA5246F21862EA000699
:101260005E400D9F3E44414F3E4431444E0546EAA8
:10127000D126B11861EA03065640049F3E443C4F14
:101280003E443044860146EA9066701860EA0206E1
:101290004E400B9F3E44374F3E4433449E0246EA45
:1012A0009356331863EA01064640029F3E44324F8C
:1012B0003E443244D60346EA5246F21862EA000639
:1012C0005E40099F3E442D4F3E4431444E0546EA60
:1012D000D126B118AE6853E081E6A1D8C8FBD3E7A8
:1012E000E6CDE121D60737C3870DD5F4ED145A4575
:1012F00005E9E3A9F8A3EFFCD9026F678A4C2A8DB0
:101300004239FAFF81F6718722619D6D0C38E5FD47
:1013100044EABEA4A9CFDE4B604BBBF670BCBFBE97
:10132000C67E9B28FA27A1EA8530EFD4051D8804E4
:1013300039D0D4D9E599DBE6F87CA21F6556ACC458
:10134000442229F497FF2A43A72394AB39A093FCA6
:10135000C3595B6592CC0C8F7DF4EFFFD15D848522
:101360004F7EA86FE0E62CFE144301A3A111084EA6
:10137000827E53F735F23ABDBBD2D72A91D386EBA2
:101380000644AE60EE687718EF602E69B7182F61DB
:101390006E69F7186F6110B0F0BD2DE9F041044699
:1013A000884615460DB9BDE8F081206800F03F077A
:1013B000C7F140062068284420602068206020682B
:1013C000A84202D26068401C606087B1B5420ED36B
:1013D00004F11801C8193246414602F0DFFD04F15C
:1013E00018012046FFF74EFBB044AD1B002706E076
:1013F00041462046FFF746FB08F14008403D402D9E
:10140000F6D235B104F11801C8192A46414602F056
:10141000C5FD00BFC7E72DE9FC4704460D4620681F
:10142000400F616840EAC1062068C700F8B28DF835
:101430000000380A8DF80100380C8DF80200380ED3
:101440008DF80300F0B28DF80400300A8DF8050025
:10145000300C8DF80600300E8DF80700206800F083
:101460003F08B8F1380F02D2C8F1380001E0C8F1E6
:10147000780081464A462E492046FFF78EFF082213
:1014800069462046FFF789FFA0682870A068000A17
:101490006870A068000CA870A068000EE870E06892
:1014A0002871E068000A6871E068000CA871E068C3
:1014B000000EE871206928722069000A68722069AC
:1014C000000CA8722069000EE872606928736069D8
:1014D000000A68736069000CA8736069000EE87305
:1014E000BDE8FC8770B596B004460D4616466846C2
:1014F000FFF7A1FA6846FFF7B8FA2A462146684680
:10150000FFF74BFF31466846FFF785FF6846FFF758
:1015100099FA16B070BD014601F00F010A2902DAEE
:1015200001F1300001E001F1570040B270470000C6
:101530008095020010B5024602E0002302F8013B4C
:101540000B00A1F10101F8D110BD10B504465C21DA
:10155000204602F04AFD10BD10B5044604B910BD86
:101560005C212046FFF7E6FF00BFF8E770B50446B0
:101570000D465C222946204602F010FD70BD002178
:1015800001604160FE498160FE4AC260CA43026157
:10159000FC4AD2434261FC4A826170472DE9F04324
:1015A00090B007460E4696F800C04FEA0C6C96F8CD
:1015B00001804CEA084C96F802804CEA082C96F818
:1015C00003804CEA080CCDF800C096F804C04FEA3E
:1015D0000C6C96F805804CEA084C96F806804CEAAC
:1015E000082C96F807804CEA080CCDF804C096F851
:1015F00008C04FEA0C6C96F809804CEA084C96F843
:101600000A804CEA082C96F80B804CEA080CCDF8BE
:1016100008C096F80CC04FEA0C6C96F80D804CEAA6
:10162000084C96F80E804CEA082C96F80F804CEA8D
:10163000080CCDF80CC096F810C04FEA0C6C96F868
:1016400011804CEA084C96F812804CEA082C96F867
:1016500013804CEA080CCDF810C096F814C04FEA7D
:101660000C6C96F815804CEA084C96F816804CEAFB
:10167000082C96F817804CEA080CCDF814C096F8A0
:1016800018C04FEA0C6C96F819804CEA084C96F892
:101690001A804CEA082C96F81B804CEA080CCDF80E
:1016A00018C096F81CC04FEA0C6C96F81D804CEAE6
:1016B000084C96F81E804CEA082C96F81F804CEADD
:1016C000080CCDF81CC096F820C04FEA0C6C96F8B8
:1016D00021804CEA084C96F822804CEA082C96F8B7
:1016E00023804CEA080CCDF820C096F824C04FEABD
:1016F0000C6C96F825804CEA084C96F826804CEA4B
:10170000082C96F827804CEA080CCDF824C096F8EF
:1017100028C04FEA0C6C96F829804CEA084C96F8E1
:101720002A804CEA082C96F82B804CEA080CCDF85D
:1017300028C096F82CC04FEA0C6C96F82D804CEA25
:10174000084C96F82E804CEA082C96F82F804CEA2C
:10175000080CCDF82CC096F830C04FEA0C6C96F807
:1017600031804CEA084C96F832804CEA082C96F806
:1017700033804CEA080CCDF830C096F834C04FEAFC
:101780000C6C96F835804CEA084C96F836804CEA9A
:10179000082C96F837804CEA080CCDF834C096F83F
:1017A00038C04FEA0C6C96F839804CEA084C96F831
:1017B0003A804CEA082C96F83B804CEA080CCDF8AD
:1017C00038C096F83CC04FEA0C6C96F83D804CEA65
:1017D000084C96F83E804CEA082C96F83F804CEA7C
:1017E000080CCDF83CC0B868F9683A697B69BC69F7
:1017F0004FEA401C4CEAD06882EA030C0CEA010C68
:101800008CEA030CC444DFF88481C444DDF8008012
:10181000C44464444FEA817C4CEA91014FEA441C81
:101820004CEAD46881EA020C0CEA000C8CEA020C47
:10183000C444DFF85881C444DDF80480C4446344E0
:101840004FEA807C4CEA90004FEA431C4CEAD36894
:1018500080EA010C0CEA040C8CEA010CC444DFF8A9
:101860002C81C444DDF80880C44462444FEA847C7F
:101870004CEA94044FEA421C4CEAD26884EA000C19
:101880000CEA030C8CEA000CC444DFF80081C44469
:10189000DDF80C80C44461444FEA837C4CEA930336
:1018A0004FEA411C4CEAD16883EA040C0CEA020CB2
:1018B0008CEA040CC444DFF8D480C444DDF8108002
:1018C000C44460444FEA827C4CEA92024FEA401CD6
:1018D0004CEAD06882EA030C0CEA010C8CEA030C97
:1018E000C444DFF8A880C444DDF81480C4446444D0
:1018F0004FEA817C4CEA91014FEA441C4CEAD468DF
:1019000081EA020C0CEA000C8CEA020CC444DFF8F9
:101910007C80C444DDF81880C44463444FEA807C72
:101920004CEA90004FEA431C4CEAD36880EA010C71
:101930000CEA040C8CEA010CC444DFF85080C44467
:10194000DDF81C80C44462444FEA847C4CEA940471
:101950004FEA421C4CEAD26884EA000C0CEA030C01
:101960008CEA000CC444DFF82480C444DDF82080F5
:10197000C44461444FEA837C4CEA930308E00000CE
:101980000123456789ABCDEFF0E1D2C39979825A43
:101990004FEA411C4CEAD16883EA040C0CEA020CC1
:1019A0008CEA040CC444DFF8F88FC444DDF82480CA
:1019B000C44460444FEA827C4CEA92024FEA401CE5
:1019C0004CEAD06882EA030C0CEA010C8CEA030CA6
:1019D000C444DFF8CC8FC444DDF82880C444644498
:1019E0004FEA817C4CEA91014FEA441C4CEAD468EE
:1019F00081EA020C0CEA000C8CEA020CC444DFF809
:101A0000A08FC444DDF82C80C44463444FEA807C3A
:101A10004CEA90004FEA431C4CEAD36880EA010C80
:101A20000CEA040C8CEA010CC444DFF8748FC44443
:101A3000DDF83080C44462444FEA847C4CEA94046C
:101A40004FEA421C4CEAD26884EA000C0CEA030C10
:101A50008CEA000CC444DFF8488FC444DDF83480BD
:101A6000C44461444FEA837C4CEA93034FEA411C2F
:101A70004CEAD16883EA040C0CEA020C8CEA040CF0
:101A8000C444DFF81C8FC444DDF83880C44460448B
:101A90004FEA827C4CEA92024FEA401C4CEAD06842
:101AA00082EA030C0CEA010C8CEA030CC444DFF854
:101AB000F08EC444DDF83C80C44464444FEA817C29
:101AC0004CEA9101DDF834C0DDF820808CEA080C86
:101AD000DDF808808CEA080CDDF800808CEA080547
:101AE0004FEA450C4CEAD5784FEA441C4CEAD469DD
:101AF00081EA020C0CEA000C8CEA020CCC44DFF800
:101B0000A09ECC44C4446344CDF800804FEA807C5E
:101B10004CEA9000DDF838C0DDF824808CEA080C2F
:101B2000DDF80C808CEA080CDDF804808CEA0805EE
:101B30004FEA450C4CEAD5784FEA431C4CEAD3698E
:101B400080EA010C0CEA040C8CEA010CCC44DFF8AE
:101B5000509ECC44C4446244CDF804804FEA847C57
:101B60004CEA9404DDF83CC0DDF828808CEA080CCF
:101B7000DDF810808CEA080CDDF808808CEA080596
:101B80004FEA450C4CEAD5784FEA421C4CEAD26940
:101B900084EA000C0CEA030C8CEA000CCC44DFF85D
:101BA000009ECC44C4446144CDF808804FEA837C55
:101BB0004CEA9303DDF800C0DDF82C808CEA080CB9
:101BC000DDF814808CEA080CDDF80C808CEA08053E
:101BD0004FEA450C4CEAD5784FEA411C4CEAD169F2
:101BE00083EA040C0CEA020C8CEA040CCC44DFF807
:101BF000B09DCC44C4446044CDF80C804FEA827C54
:101C00004CEA9202DDF804C0DDF830808CEA080C62
:101C1000DDF818808CEA080CDDF810808CEA0805E5
:101C20004FEA450C4CEAD5784FEA401C4CEAD069A3
:101C300081EA020C8CEA030CCC44DFF8689DCC44AA
:101C4000C4446444CDF810804FEA817C4CEA910191
:101C5000DDF808C0DDF834808CEA080CDDF81C8063
:101C60008CEA080CDDF814808CEA08054FEA450C74
:101C70004CEAD5784FEA441C4CEAD46980EA010C5E
:101C80008CEA020CCC44DFF81C9DCC44C444634471
:101C9000CDF814804FEA807C4CEA9000DDF80CC04F
:101CA000DDF838808CEA080CDDF820808CEA080C1E
:101CB000DDF818808CEA08054FEA450C4CEAD57827
:101CC0004FEA431C4CEAD36984EA000C8CEA010C0D
:101CD000CC44DFF8D09CCC44C4446244CDF8188096
:101CE0004FEA847C4CEA9404DDF810C0DDF83C80B7
:101CF0008CEA080CDDF824808CEA080CDDF81C80E6
:101D00008CEA08054FEA450C4CEAD5784FEA421CAC
:101D10004CEAD26983EA040C8CEA000CCC44DFF86C
:101D2000849CCC44C4446144CDF81C804FEA837C3D
:101D30004CEA9303DDF814C0DDF800808CEA080C4F
:101D4000DDF828808CEA080CDDF820808CEA080594
:101D50004FEA450C4CEAD5784FEA411C4CEAD16970
:101D600082EA030C8CEA040CCC44DFF8389CCC44A7
:101D7000C4446044CDF820804FEA827C4CEA920251
:101D8000DDF818C0DDF804808CEA080CDDF82C8042
:101D90008CEA080CDDF824808CEA08054FEA450C33
:101DA0004CEAD5784FEA401C4CEAD06981EA020C33
:101DB0008CEA030CCC44DFF8EC9BCC44C444644470
:101DC000CDF824804FEA817C4CEA9101DDF81CC0FB
:101DD000DDF808808CEA080CDDF830808CEA080C0D
:101DE000DDF828808CEA08054FEA450C4CEAD578E6
:101DF0004FEA441C4CEAD46980EA010C8CEA020CDC
:101E0000CC44DFF8A09BCC44C4446344CDF8288084
:101E10004FEA807C4CEA9000DDF820C0DDF80C80B1
:101E20008CEA080CDDF834808CEA080CDDF82C8094
:101E30008CEA08054FEA450C4CEAD5784FEA431C7A
:101E40004CEAD36984EA000C8CEA010CCC44DFF83C
:101E5000549BCC44C4446244CDF82C804FEA847C2B
:101E60004CEA9404DDF824C0DDF810808CEA080CFC
:101E7000DDF838808CEA080CDDF830808CEA080543
:101E80004FEA450C4CEAD5784FEA421C4CEAD2693D
:101E900083EA040C8CEA000CCC44DFF8089BCC44A9
:101EA000C4446144CDF830804FEA837C4CEA93030C
:101EB000DDF828C0DDF814808CEA080CDDF83C80E1
:101EC0008CEA080CDDF834808CEA08054FEA450CF2
:101ED0004CEAD5784FEA411C4CEAD16982EA030CFE
:101EE0008CEA040CCC44DFF8BC9ACC44C444604473
:101EF000CDF834804FEA827C4CEA9202DDF82CC0A7
:101F0000DDF818808CEA080CDDF800808CEA080CFB
:101F1000DDF838808CEA08054FEA450C4CEAD578A4
:101F20004FEA401C4CEAD06981EA020C8CEA030CAF
:101F3000CC44DFF8709ACC44C4446444CDF8388073
:101F40004FEA817C4CEA9101DDF830C0DDF81C805D
:101F50008CEA080CDDF804808CEA080CDDF83C8083
:101F60008CEA08054FEA450C4CEAD5784FEA441C48
:101F70004CEAD46980EA010C8CEA020CCC44DFF80C
:101F8000249ACC44C4446344CDF83C804FEA807C1E
:101F90004CEA9000DDF834C0DDF820808CEA080CB3
:101FA000DDF808808CEA080CDDF800808CEA080572
:101FB0004FEA450C4CEAD5784FEA431C4CEAD3690A
:101FC00084EA000C8CEA010CCC44DFF8D899CC44AC
:101FD000C4446244CDF800804FEA847C4CEA940407
:101FE000DDF838C0DDF824808CEA080CDDF80C80C0
:101FF0008CEA080CDDF804808CEA08054FEA450CF1
:102000004CEAD5784FEA421C4CEAD26983EA040CC8
:102010008CEA000CCC44DFF88C99CC44C444614475
:10202000CDF804804FEA837C4CEA9303DDF83CC092
:10203000DDF828808CEA080CDDF810808CEA080CAA
:10204000DDF808808CEA08054FEA450C4CEAD578A3
:102050004FEA411C4CEAD16982EA030C8CEA040C79
:10206000CC44DFF84099CC44C4446044CDF80880A7
:102070004FEA827C4CEA9202DDF800C0DDF82C8049
:102080008CEA080CDDF814808CEA080CDDF80C8072
:102090008CEA08054FEA450C4CEAD5784FEA401C1B
:1020A0004CEAD06981EA020C8CEA030CCC44DFF8DC
:1020B000F498CC44C4446444CDF80C804FEA817C4D
:1020C0004CEA9101DDF804C0DDF830808CEA080CA0
:1020D000DDF818808CEA080CDDF810808CEA080521
:1020E0004FEA450C4CEAD5784FEA441C4CEAD469D7
:1020F00080EA010C8CEA020CCC44DFF8A898CC44AE
:10210000C4446344CDF810804FEA807C4CEA9000D0
:10211000DDF808C0DDF834808CEA080CDDF81C809E
:102120008CEA080CDDF814808CEA08054FEA450CAF
:102130004CEAD5784FEA431C4CEAD36984EA000C98
:102140008CEA010CCC44DFF85C98CC44C444624473
:10215000CDF814804FEA847C4CEA9404DDF80CC07E
:10216000DDF838808CEA080CDDF820808CEA080C59
:10217000DDF818808CEA08054FEA450C4CEAD57862
:102180004FEA421C4CEAD26983EA040C8CEA000C48
:10219000CC44DFF81098CC44C4446144CDF8188096
:1021A0004FEA837C4CEA9303DDF810C0DDF83C80F5
:1021B0008CEA080CDDF824808CEA080CDDF81C8021
:1021C0008CEA08054FEA450C4CEAD5784FEA411CE9
:1021D0004CEAD16982EA030C8CEA040CCC44DFF8A7
:1021E000C497CC44C4446044CDF81C804FEA827C40
:1021F0004CEA92024FEA401C4CEAD06901EA020C18
:1022000041EA020808EA03084CEA080CCC44DFF86B
:102210009887E044DDF814C0DDF800908CEA090CE2
:10222000DDF828908CEA090CDDF820908CEA09058D
:102230004FEA450C4CEAD57CCDF820C0C444644438
:102240004FEA817C4CEA91014FEA441C4CEAD46984
:1022500000EA010C40EA010808EA02084CEA080C0E
:10226000CC44DFF84487E044DDF818C0DDF8049082
:102270008CEA090CDDF82C908CEA090CDDF824902E
:102280008CEA09054FEA450C4CEAD57CCDF824C010
:10229000C44463444FEA807C4CEA90004FEA431CFC
:1022A0004CEAD36904EA000C44EA000808EA010891
:1022B0004CEA080CCC44DFF8F086E044DDF81CC0A2
:1022C000DDF808908CEA090CDDF830908CEA090CF6
:1022D000DDF828908CEA09054FEA450C4CEAD57CDC
:1022E000CDF828C0C44462444FEA847C4CEA94048C
:1022F0004FEA421C4CEAD26903EA040C43EA0408A0
:1023000008EA00084CEA080CCC44DFF89C86E0445C
:10231000DDF820C0DDF80C908CEA090CDDF8349073
:102320008CEA090CDDF82C908CEA09054FEA450C83
:102330004CEAD57CCDF82CC0C44461444FEA837C80
:102340004CEA93034FEA411C4CEAD16902EA030CC0
:1023500042EA030808EA04084CEA080CCC44DFF817
:102360004886E044DDF824C0DDF810908CEA090CC2
:10237000DDF838908CEA090CDDF830908CEA09051C
:102380004FEA450C4CEAD57CCDF830C0C4446044DB
:102390004FEA827C4CEA92024FEA401C4CEAD06938
:1023A00001EA020C41EA020808EA03084CEA080CB8
:1023B000CC44DFF8F485E044DDF828C0DDF8149063
:1023C0008CEA090CDDF83C908CEA090CDDF83490BD
:1023D0008CEA09054FEA450C4CEAD57CCDF834C0AF
:1023E000C44464444FEA817C4CEA91014FEA441CA6
:1023F0004CEAD46900EA010C40EA010808EA020844
:102400004CEA080CCC44DFF8A085E044DDF82CC091
:10241000DDF818908CEA090CDDF800908CEA090CC4
:10242000DDF838908CEA09054FEA450C4CEAD57C7A
:10243000CDF838C0C44463444FEA807C4CEA900035
:102440004FEA431C4CEAD36904EA000C44EA000852
:1024500008EA01084CEA080CCC44DFF84C85E0445B
:10246000DDF830C0DDF81C908CEA090CDDF8049032
:102470008CEA090CDDF83C908CEA09054FEA450C22
:102480004CEAD57CCDF83CC0C44462444FEA847C1D
:102490004CEA94044FEA421C4CEAD26903EA040C69
:1024A00043EA040808EA00084CEA080CCC44DFF8C8
:1024B000F884E044DDF834C0DDF820908CEA090CA3
:1024C000DDF808908CEA090CDDF800908CEA09052B
:1024D0004FEA450C4CEAD57CCDF800C0C4446144B9
:1024E0004FEA837C4CEA93034FEA411C4CEAD169E2
:1024F00002EA030C42EA030808EA04084CEA080C62
:10250000CC44DFF8A484E044DDF838C0DDF8249042
:102510008CEA090CDDF80C908CEA090CDDF80490CB
:102520008CEA09054FEA450C4CEAD57CCDF804C08D
:10253000C44460444FEA827C4CEA92024FEA401C59
:102540004CEAD06901EA020C41EA020808EA0308F1
:102550004CEA080CCC44DFF85084E044DDF83CC081
:10256000DDF828908CEA090CDDF810908CEA090C53
:10257000DDF808908CEA09054FEA450C4CEAD57C59
:10258000CDF808C0C44464444FEA817C4CEA910110
:102590004FEA441C4CEAD46900EA010C40EA010805
:1025A00008EA02084CEA080CCC44DFF8FC83E0445B
:1025B000DDF800C0DDF82C908CEA090CDDF81490F1
:1025C0008CEA090CDDF80C908CEA09054FEA450C01
:1025D0004CEAD57CCDF80CC0C44463444FEA807CFF
:1025E0004CEA90004FEA431C4CEAD36904EA000C21
:1025F00044EA000808EA01084CEA080CCC44DFF879
:10260000A883E044DDF804C0DDF830908CEA090CC2
:10261000DDF818908CEA090CDDF810908CEA0905B9
:102620004FEA450C4CEAD57CCDF810C0C444624456
:102630004FEA847C4CEA94044FEA421C4CEAD2698B
:1026400003EA040C43EA040808EA00084CEA080C10
:10265000CC44DFF85483E044DDF808C0DDF8349062
:102660008CEA090CDDF81C908CEA090CDDF814905A
:102670008CEA09054FEA450C4CEAD57CCDF814C02C
:10268000C44461444FEA837C4CEA93034FEA411C03
:102690004CEAD16902EA030C42EA030808EA04089A
:1026A0004CEA080CCC44DFF80083E044DDF80CC0B1
:1026B000DDF838908CEA090CDDF820908CEA090CE2
:1026C000DDF818908CEA09054FEA450C4CEAD57CF8
:1026D000CDF818C0C44460444FEA827C4CEA9202B0
:1026E0004FEA401C4CEAD06901EA020C41EA0208B8
:1026F00008EA03084CEA080CCC44DFF8AC82E0445A
:10270000DDF810C0DDF83C908CEA090CDDF824906F
:102710008CEA090CDDF81C908CEA09054FEA450C9F
:102720004CEAD57CCDF81CC0C44464444FEA817C9B
:102730004CEA91014FEA441C4CEAD46900EA010CCE
:1027400040EA010808EA02084CEA080CCC44DFF829
:102750005882E044DDF814C0DDF800908CEA090CE2
:10276000DDF828908CEA090CDDF820908CEA090548
:102770004FEA450C4CEAD57CCDF820C0C4446344F4
:102780004FEA807C4CEA90004FEA431C4CEAD36944
:1027900004EA000C44EA000808EA01084CEA080CC4
:1027A000CC44DFF80482E044DDF818C0DDF8049082
:1027B0008CEA090CDDF82C908CEA090CDDF82490E9
:1027C0008CEA09054FEA450C4CEAD57CCDF824C0CB
:1027D000C44462444FEA847C4CEA94044FEA421CAD
:1027E0004CEAD26903EA040C43EA040808EA000848
:1027F0004CEA080CCC44DFF8B081E044DDF81CC0A2
:10280000DDF808908CEA090CDDF830908CEA090CB0
:10281000DDF828908CEA09054FEA450C4CEAD57C96
:10282000CDF828C0C44461444FEA837C4CEA93034A
:102830004FEA411C4CEAD16902EA030C42EA030860
:1028400008EA04084CEA080CCC44DFF85C81E04458
:10285000DDF820C0DDF80C908CEA090CDDF834902E
:102860008CEA090CDDF82C908CEA09054FEA450C3E
:102870004CEAD57CCDF82CC0C44460444FEA827C3D
:102880004CEA9202DDF824C0DDF810808CEA080CD6
:10289000DDF838808CEA080CDDF830808CEA080519
:1028A0004FEA450C4CEAD5784FEA401C4CEAD06917
:1028B00081EA020C8CEA030CCC44DFF8F090CC44A3
:1028C000C4446444CDF830804FEA817C4CEA9101E5
:1028D000DDF828C0DDF814808CEA080CDDF83C80B7
:1028E0008CEA080CDDF834808CEA08054FEA450CC8
:1028F0004CEAD5784FEA441C4CEAD46980EA010CD2
:102900008CEA020CCC44DFF8A490CC44C444634469
:10291000CDF834804FEA807C4CEA9000DDF82CC082
:10292000DDF818808CEA080CDDF800808CEA080CD1
:10293000DDF838808CEA08054FEA450C4CEAD5787A
:102940004FEA431C4CEAD36984EA000C8CEA010C80
:10295000CC44DFF85890CC44C4446244CDF838806D
:102960004FEA847C4CEA9404DDF830C0DDF81C802A
:102970008CEA080CDDF804808CEA080CDDF83C8059
:102980008CEA08054FEA450C4CEAD5784FEA421C20
:102990004CEAD26983EA040C8CEA000CCC4407E0D0
:1029A0009979825AA1EBD96EDCBC1B8FD6C162CA61
:1029B000DFF8A496CC44C4446144CDF83C804FEA8F
:1029C000837C4CEA9303DDF834C0DDF820808CEA88
:1029D000080CDDF808808CEA080CDDF800808CEA31
:1029E00008054FEA450C4CEAD5784FEA411C4CEA01
:1029F000D16982EA030C8CEA040CCC44DFF85896C7
:102A0000CC44C4446044CDF800804FEA827C4CEA58
:102A10009202DDF838C0DDF824808CEA080CDDF87D
:102A20000C808CEA080CDDF804808CEA08054FEA7B
:102A3000450C4CEAD5784FEA401C4CEAD06981EA53
:102A4000020C8CEA030CCC44DFF80C96CC44C44452
:102A50006444CDF804804FEA817C4CEA9101DDF8B2
:102A60003CC0DDF828808CEA080CDDF810808CEA88
:102A7000080CDDF808808CEA08054FEA450C4CEAA2
:102A8000D5784FEA441C4CEAD46980EA010C8CEA00
:102A9000020CCC44DFF8C095CC44C4446344CDF868
:102AA00008804FEA807C4CEA9000DDF800C0DDF839
:102AB0002C808CEA080CDDF814808CEA080CDDF818
:102AC0000C808CEA08054FEA450C4CEAD5784FEAB1
:102AD000431C4CEAD36984EA000C8CEA010CCC4418
:102AE000DFF87495CC44C4446244CDF80C804FEABE
:102AF000847C4CEA9404DDF804C0DDF830808CEA74
:102B0000080CDDF818808CEA080CDDF810808CEADF
:102B100008054FEA450C4CEAD5784FEA421C4CEACE
:102B2000D26983EA040C8CEA000CCC44DFF82895C7
:102B3000CC44C4446144CDF810804FEA837C4CEA15
:102B40009303DDF808C0DDF834808CEA080CDDF86A
:102B50001C808CEA080CDDF814808CEA08054FEA2A
:102B6000450C4CEAD5784FEA411C4CEAD16982EA1F
:102B7000030C8CEA040CCC44DFF8DC94CC44C44451
:102B80006044CDF814804FEA827C4CEA9202DDF872
:102B90000CC0DDF838808CEA080CDDF820808CEA67
:102BA000080CDDF818808CEA08054FEA450C4CEA61
:102BB000D5784FEA401C4CEAD06981EA020C8CEAD5
:102BC000030CCC44DFF89094CC44C4446444CDF866
:102BD00018804FEA817C4CEA9101DDF810C0DDF8E5
:102BE0003C808CEA080CDDF824808CEA080CDDF8C7
:102BF0001C808CEA08054FEA450C4CEAD5784FEA70
:102C0000441C4CEAD46980EA010C8CEA020CCC44E6
:102C1000DFF84494CC44C4446344CDF81C804FEAAC
:102C2000807C4CEA9000DDF814C0DDF800808CEA6E
:102C3000080CDDF828808CEA080CDDF820808CEA8E
:102C400008054FEA450C4CEAD5784FEA431C4CEA9C
:102C5000D36984EA000C8CEA010CCC44DFF8F893C9
:102C6000CC44C4446244CDF820804FEA847C4CEAD2
:102C70009404DDF818C0DDF804808CEA080CDDF857
:102C80002C808CEA080CDDF824808CEA08054FEAD9
:102C9000450C4CEAD5784FEA421C4CEAD26983EAEB
:102CA000040C8CEA000CCC44DFF8AC93CC44C44454
:102CB0006144CDF824804FEA837C4CEA9303DDF82D
:102CC0001CC0DDF808808CEA080CDDF830808CEA46
:102CD000080CDDF828808CEA08054FEA450C4CEA20
:102CE000D5784FEA411C4CEAD16982EA030C8CEAA0
:102CF000040CCC44DFF86093CC44C4446044CDF869
:102D000028804FEA827C4CEA9202DDF820C0DDF890
:102D10000C808CEA080CDDF834808CEA080CDDF8B5
:102D20002C808CEA08054FEA450C4CEAD5784FEA2E
:102D3000401C4CEAD06981EA020C8CEA030CCC44BA
:102D4000DFF81493CC44C4446444CDF82C804FEA9B
:102D5000817C4CEA9101DDF824C0DDF810808CEA1A
:102D6000080CDDF838808CEA080CDDF830808CEA3D
:102D700008054FEA450C4CEAD5784FEA441C4CEA6A
:102D8000D46980EA010C8CEA020CCC44DFF8C892CA
:102D9000CC44C4446344CDF830804FEA807C4CEA94
:102DA0009000DDF828C0DDF814808CEA080CDDF80E
:102DB0003C808CEA080CDDF834808CEA08054FEA88
:102DC000450C4CEAD5784FEA431C4CEAD36984EAB7
:102DD000000C8CEA010CCC44DFF87C92CC44C44457
:102DE0006244CDF834804FEA847C4CEA9404DDF8E8
:102DF0002CC0DDF818808CEA080CDDF800808CEA25
:102E0000080CDDF838808CEA08054FEA450C4CEADE
:102E1000D5784FEA421C4CEAD26983EA040C8CEA6A
:102E2000000CCC44DFF83092CC44C4446144CDF86B
:102E300038804FEA837C4CEA9303DDF830C0DDF83C
:102E40001C808CEA080CDDF804808CEA080CDDF8A4
:102E50003C808CEA08054FEA450C4CEAD5784FEAED
:102E6000411C4CEAD16982EA030C8CEA040CCC4484
:102E7000DFF8E491CC44C4446044CDF83C804FEA90
:102E8000827C4CEA9202D7F808C08444C7F808C094
:102E9000D7F80CC00CEB0108C7F80C80D7F810C0AD
:102EA0000CEB0208C7F81080D7F814C00CEB03082D
:102EB000C7F81480D7F818C00CEB0408C7F81880BE
:102EC00010B0BDE8F0832DE9F04104468846154670
:102ED0000DB9BDE8F081206800F03F07C7F140065A
:102EE000206828442060206820602068A84202D220
:102EF0006068401C606087B1B5420ED304F11C01CC
:102F0000C8193246414601F049F804F11C01204637
:102F1000FEF744FBB044AD1B002706E041462046C7
:102F2000FEF73CFB08F14008403D402DF6D235B19C
:102F300004F11C01C8192A46414601F02FF800BFD0
:102F4000C7E72DE9FC4704460D462068400F61683D
:102F500040EAC1062068C700300E8DF80000300C32
:102F60008DF80100300A8DF80200F0B28DF80300F0
:102F7000380E8DF80400380C8DF80500380A8DF8ED
:102F80000600F8B28DF80700206800F03F08B8F19D
:102F9000380F02D2C8F1380001E0C8F1780081464C
:102FA0004A462E492046FFF78EFF082269462046F2
:102FB000FFF789FFA068000E2870A068000C6870F9
:102FC000A068000AA870A068E870E068000E287188
:102FD000E068000C6871E068000AA871E068E871B8
:102FE0002069000E28722069000C68722069000AAE
:102FF000A8722069E8726069000E28736069000C8D
:1030000068736069000AA8736069E873A069000EBC
:103010002874A069000C6874A069000AA874A069EB
:10302000E874BDE8FC8770B598B004460D461646B6
:1030300001A8FEF78AFA01A8FEF7A1FA2A4621465E
:1030400001A8FFF740FF314601A8FFF77AFF01A86A
:10305000FEF782FA18B070BDD6C162CAC0950200F0
:1030600010B54FF40071FE4800F0BFFF0C22FDA127
:10307000FB485D3000F0E9FF43F23540F849A1F824
:10308000410010BD10B5E4F7BFFD0120E1F7D0FC11
:103090000120E1F7E9FA10BD00B5ADF2044D4FF49F
:1030A000806101A800F0A1FFF248F3A2F44943684F
:1030B00001A801F03DFE01A9F2A0E4F781FE0DF2A6
:1030C000044D00BD10B50024E4F7B5FC002108460E
:1030D000E4F7C3FB04460CB1012010BDE4F7FCFC8F
:1030E00008B10220F9E7E4F760FD04460CB10320C3
:1030F000F3E70020F1E710B5ADF5806D4FF4806186
:10310000684600F072FF03240AE02000A4F10101E8
:10311000CCB205D1E0F783F817200DF5806D10BD16
:10312000FFF7D0FF0028F0D1CD4A5D32DCA1684620
:1031300001F0FEFD6946E8A0E4F742FEFFF7ACFFB0
:10314000FFF7A0FF0020E8E710B5ADF5806D4FF464
:10315000FF71C348DEF766FE04462012C04981F8BD
:10316000FE01084680F8FF4180AA4FF40071DEF7A7
:1031700083FEBB4890F8400000B100BF4FF40072DE
:10318000002180A8DFF7F5FB0120B54981F8400058
:103190004202002180A8DFF7ECFB0020B04981F853
:1031A0004000084690F840008DF800006A464FF451
:1031B0000071CE48DDF7E9FC0DF5806D10BD10B54E
:1031C000E3F723F8E2F7FFFF08B9012010BDFFF78E
:1031D00047FFFFF7B9FFFFF78EFF08B10120F5E7C2
:1031E0000020F3E7A348406880B2704710B5ADF502
:1031F000007D6A464FF40071BD48DDF7AEFC9D4886
:103200009DE81E001EC010380068BA49884212D0DE
:1032100098480021016041608160C160B5489549CE
:1032200008600B460FCB8DE80F006A464FF4007123
:10323000AF48DDF7AAFC0DF5007D10BD30B5ADF54A
:10324000017D05460C468B488068A84226D08948F7
:10325000007B28B18748406820448649486001E0E7
:10326000844844608348856001208249087301AA2C
:1032700041029F48DDF771FC7E4B0FCBCDE9032364
:10328000CDE9010101AA4FF400719948DDF77DFCF9
:10329000FFF702FF1D200DF5017D30BD1E20FAE76E
:1032A00070B5142400251420DEF718F80120E2F789
:1032B00085FA05460BE00120E2F780FA0546601E1C
:1032C000C4B20CB9062070BD0A20DEF707F8002D45
:1032D000F1D01120F7E72DE9F04FADF2CC4D4FF4CE
:1032E000806133A800F081FEC82101A800F07DFEB6
:1032F00081A101A801F01CFD33AB01AA022187A026
:10330000E4F744FD052804D00C200DF2CC4DBDE8B7
:10331000F08F33AE33A800F0ADFE00EB060900E0FD
:10332000761C4E4502D230787B28F9D14E4501D328
:103330000520EAE73046E6F7B7FA8046B8F1000F15
:1033400001D10520E1E77BA14046E6F7B5FE07463F
:1033500027B94046E5F7A0FC0520D6E7D7E90621C6
:10336000104601F0DBF804460D464FF47A72002354
:103370002046294600F0A9FD8246DEF750FA404675
:10338000E5F78AFC0020C0E72DE9F04FADF2DC4DF7
:103390004FF4806137A800F028FEC82105A800F08E
:1033A00024FE2F4A5D323EA105A801F0C1FC37ABD7
:1033B00005AA002148A0E4F7E9FC052804D00C2068
:1033C0000DF2DC4DBDE8F08F37AE37A800F052FEAD
:1033D000871900E0761CBE4202D230787B28F9D1F2
:1033E000BE4201D30520EBE73046E6F75DFA8146A1
:1033F000B9F1000F01D10520E2E751A14846E6F7F7
:103400005BFE824651A14846E6F756FE049051A164
:103410004846E6F751FE039050A14846E6F74CFEB9
:10342000029050A14846E6F747FE01904FA148465A
:10343000E6F742FE83464EA14846E6F73DFE80464B
:10344000BAF1000F05D0BBF1000F02D0B8F1000FA8
:1034500004D14846E5F720FC0520B1E78CE00000E8
:1034600042040020303030303030303030303030B6
:10347000000000003035002056315F3100000000B0
:1034800000960200247468696E672F75702F707241
:103490006F70657274792F25732F257300000000FB
:1034A0007B2274797065223A20227265706F727483
:1034B0005F76657273696F6E222C227265706F720F
:1034C00074223A7B2276657273696F6E223A2022EB
:1034D0002573227D7D000000246F74612F7265705A
:1034E0006F72742F25732F257300000000020800EF
:1034F00000FE0200464546457B2274797065223AFB
:103500002022676574222C227265736F7572636561
:10351000223A5B2274696D65225D7D0024737973A4
:103520002F6F7065726174696F6E2F25732F25730D
:10353000000000006E747074696D65320000000058
:1035400066696C655F73697A6500000066775F7411
:10355000797065006D643573756D00007461736B0F
:103560005F696400747970650000000075726C001A
:1035700076657273696F6E00F449DAF814000860BA
:10358000039840220169F148001D00F05EFD0D2204
:10359000EF48D8F8101000F058FDDBF81040204636
:1035A00000F068FD071900E0641CBC4205D22078D9
:1035B0002F28F9D160782F28F6D1BC4204D3484691
:1035C000E5F76AFB0420FBE6A41C2546284600F02C
:1035D00051FD2C46071900E06D1CBD4202D228782F
:1035E0002F28F9D1BD4204D34846E5F755FB042006
:1035F000E6E62A1B2146D548443000F026FD00218E
:103600002A1BD248443081542946403000F055FDF1
:10361000CF4800F02FFD0246CD490090CD4800F084
:1036200014FD4846E5F738FB0020C9E62DE9F04FC8
:10363000ADF2044D4FF4806101A800F0D6FC01AB5F
:10364000C5A20321CCA0E4F7A1FB052804D00C20DF
:103650000DF2044DBDE8F08F01AC01A800F00AFDA9
:1036600000EB040B00E0641C5C4502D220787B2850
:10367000F9D15C4501D30520EAE72046E6F714F9C5
:1036800007460FB90520E3E7C1A13846E6F714FD68
:103690008046B8F1000F04D13846E5F7FDFA052061
:1036A000D6E7AFF234114046E6F706FD054625B9E8
:1036B0003846E5F7F1FA0520CAE7B7A14046E6F734
:1036C000FBFC8146B9F1000F04D13846E5F7E4FA76
:1036D0000520BDE7B2A14846E6F7EEFC8246BAF106
:1036E000000F04D13846E5F7D7FA0520B0E7AEA1C0
:1036F0005046E6F7E1FC064626B93846E5F7CCFA2F
:103700000520A5E771696869FFF798FD1D2804D0B9
:103710003846E5F7C1FA1E209AE73846E5F7BCFAC5
:103720001D2095E72DE9F04FADF6142D0E2400274E
:103730000020CDF8100ACDF80C0A4FF0050982469A
:103740008046E0F7D0FDE4F776F940F2BB117F4800
:103750004430E4F782F8044624B101200DF6142D1C
:10376000BDE8F08FE4F7B8F908B10220F6E7794830
:10377000503890F8400028B17648503890F8400012
:10378000022802D14FF4007001E04FF4007083462C
:103790006E48006840F60201B0FBF1F087B26B485A
:1037A0000068B0FBF1F201FB120008B1781C87B28F
:1037B00080480068B84202D17E48406820B97D4800
:1037C000076000207B4948608DE04FF005090E241A
:1037D0007848406800EB80204500764841680068E2
:1037E000401E814202D005F6010602E057480068FB
:1037F000461E00BF40F6042102A800F0F6FB534B22
:10380000443303F140026CA102A8CDE9005601F057
:103810008FFA02A800F02EFC0146019002A8E4F7FE
:10382000F8F8FFF73DFD062801D1062462E040F6D6
:10383000042102A800F0D9FB40F6022102A8E4F717
:10384000F1F86AA102A800F0EAFB002844D06FA1B9
:1038500002A800F0E4FB0DF60C231A1D6FA10190E5
:1038600000F052FC022839D1DDF8100AA84203D139
:10387000DDF80C0AB04201D006243BE06FA102A89B
:1038800000F0CDFB00F104084FF400614046DEF784
:10389000C9FA8246701B18F80010701B401E18F8F9
:1038A000000001EB0020504501D0072422E0701BEE
:1038B000401E82B23F4840680BEBC0214046DFF714
:1038C00058F808B1082415E03A4A5268511C394AA0
:1038D0001068E0F735FD01E006240BE0354840684C
:1038E000401C34494860334840683249096888427E
:1038F000FFF46BAF00BF062C02D0072C18D10DE0EF
:10390000E4F71BF804460CB9122473E7052C01D127
:10391000062402E0012C00D10A2409E05FEA090034
:10392000A9F1010101F0FF0901D0072462E700BFFE
:1039300000BF0120E1F77CF80E2C04D10F240020F9
:103940001C4908604860204608E700009C320020BF
:1039500020350020920400207B2274797065223A81
:1039600022676574222C22636C69656E74546F6BD8
:10397000656E223A317D000024736861646F772F91
:103980006F7065726174696F6E2F25732F257300D8
:103990007061796C6F61640073746174650000001C
:1039A0006465736972656400534A595F434F554EAD
:1039B00054000000A80300204745542025732048E8
:1039C0005454502F312E310D0A484F53543A20256C
:1039D000730D0A52616E67653A2062797465733DB2
:1039E00025642D25640D0A0D0A000000485454502A
:1039F0002F312E3120323036205061727469616C63
:103A000020436F6E74656E740D0A0000436F6E7410
:103A1000656E742D52616E6765000000436F6E74B1
:103A2000656E742D52616E67653A206279746573B4
:103A30002025642D25642F252A6400000D0A0D0A17
:103A4000000000002DE9F04FADF20C4D0120E0F731
:103A50004AFCF94890F8400020B1F74890F840003F
:103A6000022802D14FF4007001E04FF4007081464B
:103A70004FF40072494683A8DEF703FD03AA4FF412
:103A8000007183A8DEF743FA4FF4FF7103A8DEF755
:103A9000C9F904469DF80B029DF80A1200EB0121BA
:103AA000A14204D015200DF20C4DBDE8F08F01218C
:103AB0000320E0F745FC9DF8270000069DF826103E
:103AC00000EB01409DF8251000EB01209DF824102B
:103AD000084400EB090A9DF82B0000069DF82A1007
:103AE00000EB01409DF8291000EB01209DF8281003
:103AF0000844484402909DF8570000069DF856106F
:103B000000EB01409DF8451000EB01209DF84410AA
:103B1000084400EB090B9DF84B0000069DF84A1085
:103B200000EB01409DF8491000EB01209DF8481082
:103B30000844484401900298A0EB0A060198A0EBC3
:103B40000B07F005C00D06D0C6F30800C0F50070E5
:103B50003044009000E0009600984FEA502800247E
:103B6000002547E00AEB45214FF4007283A8DEF7F9
:103B700088FC03AA4FF4007183A8DEF7C8F9A8F106
:103B80000100A8422DD1F005C00D18D0C6F30800E1
:103B9000821E03A9E04380B2DEF759F90446C6F35A
:103BA0000800401E03A9095CC6F30800801E03AA92
:103BB000105C01EB0020A0421BD0152073E74FF4EE
:103BC000FF7203A9E04380B2DEF741F904469DF895
:103BD0000B029DF80A1200EB0120A04209D015202B
:103BE00061E74FF4007203A9E04380B2DEF72FF9DA
:103BF00004466D1C4545B5D302210320E0F7A0FB28
:103C0000F805C00D06D0C7F30800C0F500703844B1
:103C1000009000E0009700984FEA5028002400250B
:103C200047E00BEB45214FF4007283A8DEF729FC37
:103C300003AA4FF4007183A8DEF769F9A8F1010027
:103C4000A8422DD1F805C00D18D0C7F30800821E78
:103C500003A9E04380B2DEF7FAF80446C7F3080090
:103C6000401E03A9095CC7F30800801E03AA105C6C
:103C700001EB0020A0421BD0152014E74FF4FF7287
:103C800003A9E04380B2DEF7E2F804469DF80B0298
:103C90009DF80A1200EB0120A04209D0152002E78E
:103CA0004FF4007203A9E04380B2DEF7D0F8044677
:103CB0006D1C4545B5D34FF40072494683A8DEF725
:103CC000E0FB03AA4FF4007183A8DEF720F94FF45C
:103CD000FF7103A8DEF7A6F804469DF80B029DF8D5
:103CE0000A1200EB0120A04201D01520DBE60C22D5
:103CF0005149503101F10D0000F0A7F9FFF7FBF930
:103D000038B10C224DA14C485D3000F09EF91720CF
:103D1000C9E6402203A9484800F040F94648C0F8E7
:103D200018A045490298C86101F12000C0F818B0F8
:103D300020310198C861404890F8400020B13E48C9
:103D400090F84000022801D1012000E002203A4909
:103D500081F84000FFF7F8F903210846E0F7F0FA90
:103D60001620A0E610B50446606810F07F4F1CD105
:103D7000206836490840B0F1005F16D1012080F379
:103D8000108800BF6068324908602068DCF7A2F93B
:103D90002F4800688047DDF744FA2EA0DDF739FA96
:103DA000002080F3108800BF00BF10BD2DE9F04354
:103DB000ADF2044D0220E0F796FA1F4890F840005B
:103DC00020B919200DF2044DBDE8F0831A48876927
:103DD000D0F81C90A9EB0705E805C00D06D0C5F387
:103DE0000800C0F5007000EB050800E0A8464FEAA7
:103DF0005826002461E007EB44214FF4007281A8AB
:103E0000DEF73FFB01AA4FF4007181A8DEF77FF8CF
:103E1000701EA04240D1E805C00D31D0C5F30802A4
:103E2000911E4FF4403202EB442001AADCF7ADFEB4
:103E300008B11B20C6E73BE04204002030303030A0
:103E40003030303030303030000000000000FE2FC5
:103E5000B003002044433234283132362C3132341E
:103E60002C27506C6561736520636865636B206EF9
:103E70006574776F726B272C31293B0D0A000000A7
:103E80004FF4403101EB442001AA4FF4FF71DCF7FD
:103E90007CFE68B11B2095E74FF4403101EB4420D4
:103EA00001AA4FF40071DCF770FE08B11B2089E70E
:103EB000611C3046E0F744FA641CB4429BD34FF4D3
:103EC0004030FFF74FFF1A207CE72DE9F05F0546F1
:103ED000002092469B4688460646814640241BE0C9
:103EE000284641464746224600F02FF852465B4698
:103EF000801A994110D310461946224600F016F850
:103F00002D1A67EB01084F4622460120002100F0E0
:103F10000DF817EB00094E41201EA4F10104DFDC6F
:103F2000484631462A464346BDE8F09F202A04DB36
:103F3000203A00FA02F1002070479140C2F12003BC
:103F400020FA03F3194390407047202A04DB203AFB
:103F500021FA02F00021704721FA02F3D040C2F1A9
:103F600020029140084319467047A0F141011929E8
:103F700000D82030704700000649074A08685043BF
:103F800043F2390210440860400870470149086054
:103F900070470000B40300206D4EC64110B5431AAF
:103FA000934209D28318881803E010F8011D03F822
:103FB000011D521EF9D210BD40EA01039B0703D038
:103FC00009E008C9121F08C0042AFAD203E011F858
:103FD000013B00F8013B521EF9D210BDD2B201E004
:103FE00000F8012B491EFBD270470022F6E710B5FE
:103FF00004460846114602462046FFF7EFFF2046DA
:1040000010BD034600E0401C0278002AFBD111F8E5
:10401000012B00F8012B002AF9D11846704730B562
:104020000EE003460A4601E05B1C521C1C78157822
:10403000AC4201D1002CF7D115F0FF0F04D0401C89
:104040000278002AEDD1002030BD10B5044604E00E
:104050000B7800F8013B03B1491C521EF8D22046F0
:1040600010BDCAB20178914203D009B1401CF9E7F2
:10407000002070470146002000E0401C0A5C002A36
:10408000FBD1704710B5002200E0521C835C8C5CB1
:10409000A34201D1002BF8D1D8B2E1B2401A10BD31
:1040A00030B504460020034600E05B1C934203D277
:1040B000E05CCD5C401BF8D030BD034611F8012B0D
:1040C00000F8012B002AF9D11846704730B5054693
:1040D0000020034600E05B1C934205D2EC5CC85C08
:1040E000201A01D1002CF6D130BD10B5484304464A
:1040F00001F0BAFB002805D00021002C02D0641E7C
:104100000155FAE710BD00000FB400B58DB010A93D
:1041100009900B9000914FF0FF300A9000200C9016
:1041200005480690054807906A4609A80F9900F0CF
:1041300087FA0DB05DF814FB614602007F4602006D
:104140002DE9FF5F1D464FF0FF3BD5E90146914643
:104150005F464FF00008A9697F1C01988847296ACB
:10416000824688470028F6D11AF101000CD024F4C9
:10417000C064002E19DD600614D5BAF12B0F09D0EA
:10418000BAF12D0F0ED103E0584604B0BDE8F09F00
:1041900044F48064A9697F1C01988847761E824692
:1041A000002E02DDBAF1300F03D0B9F1000F26D096
:1041B00032E0761EA96944F400747F1C0198884798
:1041C0008246002E05DDBAF1780F06D0BAF1580FFD
:1041D00003D0B9F1000F10D01EE0B9F1000F02D0EA
:1041E000B9F1100F18D1761EA96924F400747F1C50
:1041F000019888478246102002E0082000E00A204B
:10420000814609E008FB0908761EA96944F4007498
:104210007F1C019888478246002E05DD494650469E
:1042200000F0FAF90028EDDAE96901988847A0055D
:1042300002D46FF00100A8E7E00727D1600614D58B
:10424000600502D5C8F1000000E04046296801F190
:1042500004022A600968220501D5087016E02207C9
:1042600001D5088012E0086010E0286800F1040120
:1042700029600068210502D580F8008006E021074A
:1042800002D5A0F8008001E0C0F8008038467CE745
:104290002DE9FE4F074681EA0300C00F0E4601904C
:1042A00021F0004123F00044B81AA14105D238465C
:1042B000314617461E460B46024623F00040104387
:1042C00004D13846314603B0BDE8F08F350DC5F353
:1042D0000A00C3F30A510290401A0090402868DA9D
:1042E000C3F3130040F4801B0198924620B10023D1
:1042F000D2EB030A63EB0B0B00985946C0F1400266
:104300005046FFF713FE80460C4650465946009A29
:1043100000F070F9C0197141EF1785EA11533B4362
:1043200040D0019A52B3009A012A11DC0022801A6F
:104330004FF0004361EB055103EA05538018CDE9C6
:10434000002341F580114246234600F0B6F9BAE752
:104350002E050025401B61EB0601401941F5801236
:10436000001852412818A6F5001343EB020140EA59
:10437000D470294318EB0808644113E064084FEA3D
:1043800038084FF0000244EAC0744FEA0553801A1F
:1043900061EB0301801841F5801149084FEA3000B4
:1043A000801859414246234603B0BDE8F04F00F063
:1043B00077B90198012240000023D0EB020263EBA1
:1043C000E07301984FEAE074381A66EB0401EBE7FA
:1043D00083F000435CE781F0004159E72DE9FE4F8F
:1043E00081EA030421F0004504F0004423F0004179
:1043F0004FF0000A009450EA050302D052EA01038C
:1044000004D10020014603B0BDE8F08FC1F30A5388
:10441000C5F30A541C44A0FB02B3C5F3130545F4CD
:10442000801CC1F3130141F480180CFB023300FB24
:10443000083EA4F2F334810A930A41EA8C5143EA1C
:1044400088530194A1FB03474FEA9C2505FB0373A6
:104450004FEA982601FB06373D05260545EA143547
:10446000BBEB06016EEB0503850E920E45EA8C153B
:1044700042EA8812A5FB0206261E67EB00070C0D18
:1044800044EA0334A41947EB1350C1F313064FF069
:10449000000319464FEA033343EA165343EA040381
:1044A000019CE5FB0201A4F10C040294009C4FEA7C
:1044B0000632CDE900A400F000F9A4E70EB5C10F63
:1044C00080EAE0700844CA07002140F233438DE8D7
:1044D0000E000A460B4600F0F0F803B000BD70B5C0
:1044E000C1F30A5201F000450024C1F3130140F268
:1044F000FF3341F480119A4201DA002070BD40F28E
:1045000033439A42A2F2334203DC5242FFF71DFDCD
:1045100000E090402C43F1D0404270BDC1F30A52FC
:10452000C1F3130140F2FF3341F480119A4202DAE1
:1045300000200146704740F233439A42A2F23342D0
:1045400002DC5242FFF701BDFFF7F0BC00F0004271
:1045500030F000400DD0C10D01F5607142EA01510B
:104560000022C0F31600520742EAD002400711436E
:10457000704700200146704730B5002904DB4FF03A
:104580000044404264EB0101002B04DB4FF0004487
:10459000524264EB03038B4208BF824230BD0000ED
:1045A00030B5002904DB4FF00044404264EB0101C8
:1045B000002B04DB4FF00044524264EB03039942AA
:1045C00008BF904230BD000030B50B4601460020C8
:1045D0002022012409E021FA02F59D4205D303FAC5
:1045E00002F5491B04FA02F52844151EA2F1010246
:1045F000F1DC30BD202A06DBCB17203A41FA02F06D
:1046000043EAE071704741FA02F3D040C2F1200260
:1046100091400843194670473A2800D2303820F0BC
:104620002002412A01D3A2F13700884201D34FF082
:10463000FF307047026811441378016018467047D4
:104640000B461146044A4A61044A0A620022C1E943
:10465000033200F023B90000354602009148020001
:10466000426842B1016811F8013B23B1521EC0E912
:104670000012184670470121C160881E70474168CA
:1046800059B1C368026843B98368934205D0521E8A
:10469000491CC0E90021002070474FF0FF307047EF
:1046A00010B5002B08DA401C41F1000192185B4163
:1046B0001A4301D120F0010010BD2DE9F04D9246C2
:1046C0009B4611B1B1FA81F202E0B0FA80F22032D9
:1046D0009046FFF72BFC06460F4640EA0A0041EAE7
:1046E0000B0152465B46084303D130463946BDE8CC
:1046F000F08D194652EA010015D0C8F1400250462B
:10470000FFF723FC04460D46504659464246FFF744
:104710000DFC084301D0012000E00020044345EADD
:10472000E07526432F430A984FEAD625A0EB0800F0
:104730000A304FEA46534FF0000245EA47554FEA28
:10474000D72402D500200146D1E701055019614167
:10475000DDE9084500196941BDE8F04DA0E72DE904
:10476000F04D81EA030404F0004B21F000471446A9
:104770004FF0000A23F0004150EA070220D054EA2B
:1047800001021DD0C1F30A550246C1F31300C7F35D
:104790000A56C7F3130340F4801143F48013A6EBC9
:1047A0000508101BD64608F2FD3873EB010002D352
:1047B00008F1010801E092185B41B8F1000F03DA3B
:1047C00000200146BDE8F08D00204FF4801506461C
:1047D00007460EE0B2EB040C73EB010C04D3121B82
:1047E000064363EB01032F436D084FEA3000921834
:1047F0005B4150EA050CEDD152EA030012D082EA87
:10480000040083EA0105284303D100224FF000434E
:1048100008E0101B8B4102D20122002302E06FF05E
:10482000010253101AEB060047EB085110EB0A0087
:1048300041EB0B01BDE8F04DFFF732BF70B521F041
:10484000004303430CD0C1F30A540026D4EB060501
:1048500066EB0603D417AD1AA34102DB0020014624
:1048600070BD001C41EB025170BD0000064C074DAD
:1048700006E0E06840F0010394E807009847103430
:10488000AC42F6D3DBF720FCA8A40200C8A40200C7
:104890004FF4F051C0B200F0E5B900002DE9F34F3C
:1048A0008BB04FF0000801F10C000C464FF0010BEB
:1048B00046460DF1080A019062690121019890476E
:1048C00005002DD0252D2CD0216A8847C0B1626902
:1048D000012101989047216A88470028F7D1411E9D
:1048E00062690198904700E0761CA1690B9888479F
:1048F000216A88470028F7D1E1690B988847DBE7F0
:10490000A1690B9888470746A84201D1761CD3E7D6
:10491000E1690B9888477F1C02D1B8F1000F6FD076
:1049200042E1002762693D463946019890472A28AE
:1049300004D162690121019890470125DFF87C923A
:104940006269012101989047A0F130010A290AD239
:104950004F45E5DC07EB870100EB4107303FDFD433
:1049600045F01005ECE7E90601D46FF000476C282C
:104970000AD04C2814D0682815D06A280DD0742885
:104980001CD07A281AD01DE0626901210198904755
:104990006C2802D045F0040514E045F002050DE056
:1049A00045F020050AE062690121019890476828D6
:1049B00002D045F0080505E045F400656269012173
:1049C00001989047C4E9015765283DD019DC582863
:1049D00079D00CDC452837D004DC252826D04128A6
:1049E00031D131E046282FD047282CD12CE05B284C
:1049F0007FD0612828D063287BD0642823D159E058
:104A0000CCE06F2847D008DC66281DD067281BD073
:104A1000692821D06E2816D127E0702844D0732849
:104A200067D0752846D078280DD14CE0A1690B9845
:104A30008847054625283FF469AFE1690B98884708
:104A40006D1C3FF46AAFAFE023466A466FF0010089
:104A50000B99AFF300809AE045F040006060A80732
:104A600023464FF0000235D43DE0206800F10401F8
:104A700021600068290501D506701DE7290701D5C9
:104A8000068019E7A90704D54FEAE671C0E900617D
:104A900012E7066010E745F040006060A807234673
:104AA0004FF0080216D41EE040F60E0125EA010080
:104AB000606016E045F040006060A80723464FF0B4
:104AC0000A0207D40FE045F040006060A80708D54F
:104AD000234610226FF001000B99AFF3008056E0DF
:104AE00007E0234610226FF001000B99FFF728FB27
:104AF0004DE00027B9463B46632802D05B2807D02B
:104B00003DE0E80601D40120A0604FF0010936E045
:104B100062690121019890475E2804D101276269EA
:104B2000394601989047216931B90023524642F82D
:104B30002130491C0829FADBA8B3216969B9C117DA
:104B400000EBD1635A110AEB820123F01F03C31A51
:104B500001200A68984002430A60626901210198B5
:104B600090475D28E8D14FB10020514651F82020F0
:104B7000D24341F82020401C0828F7DB02AB224634
:104B8000CDF800906FF001000B99AFF30080002882
:104B90000CDA401C08D1BBF1000F05D04FF0FF30FC
:104BA0000DB0BDE8F08FFFE74046F9E7E90701D116
:104BB00008F1010806444FF0000B7DE6CCCCCC0C8C
:104BC0002DE9F04D00231A461B1A8A4103DB002011
:104BD0000146BDE8F08DC1F30A52C1F3130141F45F
:104BE00080154FF0000BD10702D100186D41521E05
:104BF0000026044640F2FF11304601EB620A3746B8
:104C00008046024600204FF48011FFF79EF980197C
:104C10007941331847EB0102B4EB030C75EB020C3E
:104C200004D3E41A65EB020506460F46241908F181
:104C300001006D4180463428E3DDB11947EB0700E0
:104C4000091BA84103D24FF0FF32134601E00022B6
:104C500013461BEB060047EB0A51BDE8F04DFFF78A
:104C60001FBD00007F2801D9002208E0064A02EBA0
:104C70005002C007127800D1120902F00F02012081
:104C80009040084070470000F896020070B501EBB4
:104C9000020410F8015B15F0070301D110F8013B85
:104CA0002A1106D110F8012B03E010F8016B01F86E
:104CB000016B5B1EF9D12B0705D40023521E0FD4C4
:104CC00001F8013BFAE710F8013B02F10202A1EB07
:104CD000030303E013F8015B01F8015B521EF9D5F1
:104CE000A142D6D3002070BD0FB4054B10B503A967
:104CF000044A029800F064F910BC5DF814FB00004F
:104D0000390A0000540000200FB41CB50A46521E98
:104D1000CDE9000207A9054B6A46069800F050F954
:104D2000009A002111701CBC5DF814FB1B57020097
:104D30000FB4084B10B504A902AA039800F040F97B
:104D4000044602A9002000F0F3FC204610BC5DF8E8
:104D500014FB000031570200490050EAC12018BF7F
:104D600004204A0D18BF40F0010040F2FF72B2EB80
:104D7000515F08BF40F00200012808BF05207047BE
:104D80002DE9F0414F1E00EBC7010446D1E90001B7
:104D900015461E4637F006020DD02A463346FFF769
:104DA0001DFB7F1E04EBC703D3E90023FFF770FA56
:104DB00037F00602F1D1022F25D0042F13D0062F91
:104DC00018BFBDE8F0812A463346FFF707FBD4E958
:104DD0000A23FFF75DFA2A463346FFF7FFFAD4E9C4
:104DE0000823FFF755FA2A463346FFF7F7FAD4E9C6
:104DF0000623FFF74DFA2A463346FFF7EFFAD4E9C8
:104E00000423FFF745FA2A463346FFF7E7FAD4E9C9
:104E10000223FFF73DFA2A463346FFF7DFFAD4E9CB
:104E20000023BDE8F041FFF733BA0000024A00203A
:104E30001107FFF703BD000001FDFFFF02E008C8F6
:104E4000121F08C1002AFAD170477047002001E004
:104E500001C1121F002AFBD1704700000149086000
:104E600070470000C00300202DE9FF5FDDE902105C
:104E7000020DDDF838B001430FD10F9801244BA388
:104E8000012807D000980F9AC0E90031C0E902421A
:104E9000BDE8FF9F6FEA0B01F4E7A2F2FF3244F690
:104EA0001050424315140F9801280ED0A5EB0B00AB
:104EB000401C4FF000043E4EDFF8F890B0F1000ABD
:104EC000A04605DACAF1000717E0CBF10000F0E7D1
:104ED000074612E0F80707D02246334640464946C7
:104EE000FFF77CFA8046894622463346104619462B
:104EF000FFF774FA04460E467F10002FEAD1DDE971
:104F00000201BAF1000F42464B4602DAFFF766FA99
:104F100001E0FFF724FC04460E460022264BFFF773
:104F20003FFB03D84FF0FF30014607E00022234B40
:104F300020463146FFF7ACF9FFF7F0FA102409E0FC
:104F4000002C0ADB0A220023FEF7BFFF019B303250
:104F50001A55641E50EA0102F2D1641C019AC4F190
:104F6000110314440F9A012A09D00122084301D1E8
:104F70005B450FDD4FF0000205F101050DE0084330
:104F800003D1A3EB0B056D1E09E000204FF0110BC0
:104F90000F9088E701DA00226D1E002A83D0009866
:104FA0000F99C0E90231C0E9004571E73000000007
:104FB000000024400000F03F0000F0430000E03F0C
:104FC0002DE9FF4F95B006469A468946002521E215
:104FD000252801D01799A6E00024F9492746761C18
:104FE0004FF0010803943278203A08FA02F00842A0
:104FF00002D00443761CF6E730782A2811D06FF0EF
:105000002F023078A0F13001092916D8039944F015
:10501000020401EB810102EB41010844761C03907C
:10502000EFE759F8041B0391002903DA484244F4DE
:105030000054039044F00204761C30782E2816D1D8
:1050400016F8010F44F004042A280DD06FF02F0148
:105050003078A0F13002092A09D807EB870201EB6A
:1050600042028718761CF3E759F8047B761C3078E7
:105070006C280FD006DC4C2817D068280DD06A2881
:1050800014D104E0742810D07A280FD10DE044F434
:1050900000140AE044F4801401E044F440147178F0
:1050A000814202D1761C04F58014761C96F800C06B
:1050B000BCF1660F10D01ADCBCF1580F70D00CDCBC
:1050C000BCF1000F6DD0BCF1450FF3D0BCF1460F21
:1050D000F0D0BCF1470F24D1A4E1BCF1630F40D064
:1050E000BCF1640F74D0BCF1650F1AD19AE1BCF128
:1050F000700F6ED00CDCBCF1670FEDD0BCF1690F06
:1051000075D0BCF16E0F12D0BCF16F0F09D1B3E0B6
:10511000BCF1730F2FD0BCF1750F76D0BCF1780FB6
:1051200074D017996046524690476D1C70E1C4F3E5
:105130000250022809D003280DD0D9F80010042805
:105140000DD00D6009F1040962E1D9F80010EA17E9
:10515000C1E90052F6E7D9F800100D80F2E70D70B2
:10516000F0E759F8041B8DF8001000208DF80100BD
:10517000EB46012003E059F804BB4FF0FF30610714
:105180004FF0000102D40FE008F101018846B94256
:1051900011DA8045F8DB1BF808100029F4D10AE089
:1051A00060E03BE108F1010188468142FADB1BF82F
:1051B00008100029F6D103985346A0EB08072146B2
:1051C0003846179A00F091FA284400EB080506E0EB
:1051D0000DE049E01BF8010B524617999047B8F1D2
:1051E0000108F7D2534621463846179A0DE10A21A5
:1051F000C4F302524FF0000B0091022A07D059F875
:10520000040BC117032A0AD00BE024E025E009F1C2
:10521000070020F00702F2E80201914605E000B223
:10522000C117042A01D140B2C117002906DA0A4683
:105230000021404261EB02012D2202E0220504D54B
:105240002B228DF80420012203E0E20701D0202266
:10525000F7E7904654E00A2100E010214FF0000BE0
:1052600000910DE0102008E010204FF0000B44F0FA
:1052700004040827009003E008204FF0000B009082
:10528000C4F30252022A05D059F8040B0021032A64
:1052900008D009E009F1070020F00702F2E8020156
:1052A000914605E080B20021042A01D1C0B200215C
:1052B0004FF00008220723D5BCF1700F28D0009BC7
:1052C00083F0100353EA0B0309D150EA010206D020
:1052D00030228DF804208DF805C002229046009BF4
:1052E00083F0080353EA0B030AD150EA010201D10B
:1052F000620705D530228DF804204FF001087F1E8B
:10530000BCF1580F09D02FA20C920CAA029211E006
:1053100040228DF804200122E0E72FA2F4E75B464B
:10532000009AFEF7D2FD0C9B9B5C029AA2F101024F
:105330000292137050EA0102F1D1029804A9A1EB84
:10534000000000F1200B600702D524F4803400E057
:1053500001275F4502DDA7EB0B0000E0002000EB1A
:105360000B01009003984144A0EB01000390E0037F
:1053700006D453462146179A039800F0B6F905441F
:10538000002706E001A85246C05D179990476D1CA2
:105390007F1C4745F6DBE0030CD553462146179AA0
:1053A000039800F0A2F9054404E030205246179912
:1053B00090476D1C0099481E00900029F5DC1EE006
:1053C00009280100303132333435363738396162DB
:1053D000636465660000000030313233343536379F
:1053E0003839414243444546000000000298029982
:1053F00052460078491C0291179990476D1CBBF1E9
:105400000001ABF1010BF1DC50E100F05BF9054468
:1054100006F10106307800287FF4DAAD19B028468D
:10542000BDE8F08F600700D4062709F1070020F0DF
:105430000701F1E80220894600F00043190001D07D
:105440009DA109E0210501D59CA105E0E10701D05E
:105450009BA101E0AFF2840120F000431391BCF165
:10546000650F11D009DCBCF1450F0DD0BCF1460F22
:1054700020D0BCF1470F3ED13EE0BCF1660F19D001
:10548000BCF1670F7CD137E00021112F01DB112027
:1054900000E0781CCDE9000104A90CA8FFF7E4FCAA
:1054A000DDE90D010C9A4FF0000B07F10108109295
:1054B00000914CE04FF000400097CDE9018004A935
:1054C0000CA8FFF7D1FCDDE90E20DDE90C314FF02F
:1054D000000B90461093009218B907F1010001EB00
:1054E0000008B7EB080003D4C0F1FF3B07F1010847
:1054F000A8EB0700019043E0012F00DA012700210B
:10550000112F01DD112000E03846CDE9000104A98A
:105510000CA8FFF7A9FCDDE90D010C9A00914FF0F2
:10552000000BB846109221070CD40099414500DACF
:105530008846B8F1010F05DD109AA8F10101515C10
:10554000302908D0B84202DA10F1040F06DA01213E
:10555000CDE9011014E0A8F10101E9E7002803DC1E
:105560008344A8EB000102E0411C414500DD884670
:10557000A0EB0B0000F1010001904FF00040029001
:10558000200705D40198404502DB4FF0FF30019021
:1055900000208DF84B0002980DF14B07B0F1004F41
:1055A00026D002200C902B200D90029800280CDAB7
:1055B000404202902D200D9007E00A210298FFF74B
:1055C00003F83031029007F8011D0C99481E0C9029
:1055D0000029F2DC02980028EFD1A7F101010D9813
:1055E0000870307800F0200040F0450007F8020D08
:1055F00011A8A0EB070000F10700029013980078B3
:1056000000B1012000EB0801019801EBE071029864
:1056100001440398A0EB0100A0F101000390E00316
:1056200006D453462146179A039800F05EF80544C5
:105630001398007820B152461799904705F101055B
:10564000E00322D553462146179A039800F04DF8FF
:1056500005441AE0BBF1000F07DB0098584504DD54
:105660001098179910F80B0001E017993020524656
:10567000904701986D1C401E0BF1010B019004D165
:105680002E205246179990476D1CB8F10001A8F1E1
:105690000108DFDC05E017F8010B52461799904727
:1056A0006D1C0299481E02900029F4DC53462146E5
:1056B000179A0398A9E600002D0000002B000000B7
:1056C000200000002DE9F0410446002517461E4643
:1056D000880405D406E039462020B04705F10105CD
:1056E000641EF8D52846BDE8F0812DE9F041044656
:1056F000002590461E46C80301D5302700E020272C
:10570000880405D506E041463846B04705F1010555
:10571000641EF8D52846BDE8F0814A68002A06D004
:105720000A68531C0B6010704868401E4860704740
:105730000A68531C0B601070704700002DE9F0419F
:10574000C1F30A52A2F2FF362F4A304B0D460446EF
:10575000142E2FDA002E12DAFEF79AFD00221346DD
:10576000FEF71EFF4CD2002DA4BF0024254647DAC9
:1057700025F00040204318BF254D41D018E0DFF848
:1057800094C02CFA06F705EA070C5CEA040C08BF83
:10579000BDE8F081FEF77CFD00221346FEF700FF16
:1057A0002ED2002D03DA4FF48010F0400544BD43A3
:1057B000002425E0332EC8BFBDE8F081A6F1140C0B
:1057C0004FF0FF3727FA0CF73C4208BFBDE8F081E5
:1057D000FEF701FE00221346FEF7E2FE10D2002D76
:1057E0000DDA142E08BF6D1C09D0C6F1340001215A
:1057F00001FA00F02044A04238BF6D1C0446BC43AF
:1058000029462046BDE8F0819C7500883CE4377E3F
:105810000000F0BFFFFF0F0010B5002821D0114B92
:10582000001F0022196803E0814203D80A46496834
:105830000029F9D152B11368841A9C4204D100683E
:1058400018441060104602E0506000E0186039B162
:1058500002680B1A934203D10B681A44026049682C
:10586000416010BDB8030020F0B50B30154F20F09B
:1058700007010026144A0FE003688B420BD38B42CA
:1058800005D95C1A43184568C3E9004500E0436840
:10589000136002C004E0021D10680028ECD13046FD
:1058A000002802D1386808B10020F0BD064A074838
:1058B0001060074A121A22F00702C0E900260120F0
:1058C0003860D7E7BC030020B8030020443500202F
:1058D00040D700202DE9F04D16460F460546020040
:1058E00096B01C4621F0004123F0004014BF4FF059
:1058F000010C4FF0000C0CEB470CFE4B0CEB0308BB
:105900004FEA630CC4452DD85FEA060818BF4FF074
:10591000010808EB44089844F74B434522D8F74B5D
:1059200050EA060C02D09F4205D14AB916B00020B9
:105930001946BDE8F08D002A08BF4FF0000C01D0D9
:105940004FF0010C0CEB470313F5001F0AD8002E93
:1059500014BF4FF0010C4FF0000C0CEB440313F597
:10596000001F08D916B03246234628463946BDE8FE
:10597000F04DFEF78DBCDFF888B34FF0000A002F22
:10598000B8BF584523DADF4B9842A8BF4FF0020A50
:105990001DDADA4B98421ADBDB4B03EB2053142B56
:1059A00008DDC3F1340C26FA0CF303FA0CFCB44501
:1059B0000DD108E05EB9C3F1140C20FA0CF303FA20
:1059C0000CFC844503D103F00103C3F1020A51EA40
:1059D000020321D1002C1FDA002F18BFBAF1020FE9
:1059E00002D0BAF1010F0BD00220FFF737FA16B040
:1059F0000022BDE8F04D13461046C049FEF7AFBE89
:105A00000220FFF72BFA16B02A463B46BDE8F04DC0
:105A10000020BA49FEF7A3BE330076D1584525D100
:105A200007F1804010F5801001BF002A0020B34923
:105A300016B008BFBDE8F08DB048814207DB002CEE
:105A4000A1BF1846214616B0BDE8F08D07E0201E24
:105A500005DA80F0004116B01846BDE8F08DAB497C
:105A60007944D1E9000116B0BDE8F08DDFF88CC2B1
:105A700060452FD1002C28DA39B159451CD1002AB4
:105A800004BF002002460CD01FE06AB10220FFF7DD
:105A9000E5F940F2013200204FF0E041FEF7CEFE82
:105AA0000A46394600F0DEBA954A394616B000205B
:105AB00062F31E01BDE8F08D07DA16B03B46BDE883
:105AC000F04D00206146FEF74ABE16B0104639463A
:105AD000BDE8F08D8B4518DDB4F1804F0DD0A4F1F9
:105AE0000053B3F1FF5310D13B1E0EDB16B010462E
:105AF000BDE8F04D194600F0E3BB3B4616B010463A
:105B0000BDE8F04D1946FEF769BC27F00043A2BB83
:105B1000E1B1594538D1002F06DD002CA1BF00208E
:105B2000594616B0BDE8F08D002F01DD002C1FDBBB
:105B3000002F16DA002C14DBBAF1010F4FF0000031
:105B40000CBF73496E4916B0BDE8F08DBAF1020F73
:105B500018BF002F0CD0BAF1010F09D1002F07DABE
:105B60000CE0002FB8BF002C0EDABAF1010F05D0FF
:105B7000002016B00146BDE8F08D05E016B000200B
:105B80004FF00041BDE8F08D4FF0010C0CEBE772D7
:105B90000F9252EA0A020BD05E4A90427DDD5E4BC4
:105BA0005E4A984216DD91420EDC002C1CDB2CE094
:105BB0000120FFF753F916B00022BDE8F04D13465F
:105BC00010461146FEF7CBBD4C48884202DC002C43
:105BD0000ADC1AE08A4202DD002C05DB15E0474BA7
:105BE00099421EDD002C10DD0220FFF737F940F24C
:105BF000013200204FF0E041FEF720FE404A16B08F
:105C000061F31E021146BDE8F08D0220FFF726F970
:105C1000FFF70CF9394A16B061F31E021146BDE8D0
:105C2000F08D002228463946FEF7D2FB05460F4686
:105C30006FF00102FEF702FE4FF05532384BFEF7CF
:105C4000CAFB2A463B46FEF7C9FB0022354BFEF74E
:105C5000C2FB8B4680462A463B4610461946FEF755
:105C6000BDFB42465B46FEF7B9FB80460B914FF009
:105C7000C0422D4B28463946FEF7B0FB83460591BE
:105C80002A4A294B40460B99FEF7A8FB884602900A
:105C9000274A284B2846394600E01BE0FEF79EFBCA
:105CA0004346029AFEF794FB054602460B460B91CB
:105CB00058460599FEF7ECFA002788465A463846BA
:105CC000059BFEF785FB2A460B9BFEF784FB0246ED
:105CD00000F073B90020B1F5801F07DA352228469D
:105CE0001946FEF7ABFD05466FF0340000EB21507E
:105CF00022E00000FFFF1F00FFFF0F000000F03F49
:105D00000000F07F0000404301FCFFFF8C3C0000DE
:105D10000000F0FF0000E0410000F043FFFFEF3F14
:105D20005555D53F0000E03F4715F73FFE822B65F4
:105D300044DF5DF80BAE543EA0F2FF300190C1F39A
:105D4000130040F07F6141F040510291FE498842CA
:105D5000D8BF4FF0000B0EDDFC498142C8BF4FF0A9
:105D6000010B08DC01984FF0000B401C01900298D9
:105D7000A0F580100290F6480299784400EBCB0021
:105D800009910790D0E900232846FEF721FB0591F1
:105D900000900798D0E9002328460999FEF778FA81
:105DA00002460B460020EB49FEF7D9FC0B910B464F
:105DB0000246069005990098FEF710FB0A90E64807
:105DC00088460027784400680C9002994FF00050F4
:105DD00040EA610000EB8B4000F50021029107983A
:105DE000D0E900230C98FEF7F3FA2A46099BFEF748
:105DF000F2FA3A464346FEF7F1FA0791054638466D
:105E00004146029B0C9AFEF7E9FA059B009AFEF7C1
:105E1000E2FA2A46079BFEF7DBFA0B9B069AFEF78F
:105E2000DDFA0A9A06910890434610461946FEF795
:105E3000D5FA05460246C9480B4607910621784423
:105E4000FEF79EFF0290079B2A46059110461946D1
:105E5000FEF7C4FA059B029AFEF7C0FA05910546C3
:105E60004346384619460A9AFEF712FA069B089AE4
:105E7000FEF7B4FA2A46059BFEF70AFA3A4643466D
:105E80000591129010461946FEF7A8FA0022B44B6D
:105E900007910090FEF7FCF9059B129AFEF7F8F9BE
:105EA0000D463A46AE4B3846FEF792FA079B009AEB
:105EB000FEF78EFA059B129AFEF78DFA3A46079185
:105EC00012902B4610464146FEF788FA0591009045
:105ED00043460A9A07991298FEF780FA804607917E
:105EE0002B463A4606990898FEF778FA4246079BF1
:105EF000FEF7CEF988460690059B009AFEF7C8F992
:105F000000200F460546059B009AFEF761FA4346BE
:105F1000069AFEF760FA80460D914FF06042914B71
:105F200028463946FEF75AFA059100908E4A8D4B65
:105F300040460D99FEF752FA804604918B4A8C4BED
:105F400028463946FEF74AFA4246049BFEF7A0F976
:105F5000884A7A4402EBCB03D3E90023FEF798F991
:105F6000029004910198FEF7A9FA0791DDE9043146
:105F70000546029A0098FEF78BF97F4A7A4402EBB5
:105F8000CB0BDBE90023FEF783F92A46079BFEF7DC
:105F90007FF9002788462A463846079BFEF718FAFD
:105FA000DBE90023FEF714FA059B009AFEF710FACE
:105FB000049B029AFEF70FFA024600200A900F98FF
:105FC000644DAAF10103184301D16C4D0A900020E1
:105FD0000B46029030462146FEF700FA82468B4679
:105FE000234630461946029AFEF7F2F93A464346EE
:105FF000FEF7F4F952465B46FEF74AF906468A4632
:106000003A46434621460298FEF7E8F904460F4611
:1060100032465346FEF73CF9594A8B46914226DBFD
:10602000ABEB020353EA000210D122463B46FEF7D7
:10603000CFF980460391534A534B30465146FEF701
:1060400027F94246039BFEF7ABFA2CD20220FEF75B
:1060500005FF40F2013200204FF0E041FEF7EEFB79
:106060000A46294616B062F31E01BDE8F08D474B83
:106070002BF000429A4216D3454A0BEB020353EA37
:10608000000208D122463B46FEF7A2F932465346AB
:10609000FEF786FA07D80220FEF7E0FEFEF7C6FEFE
:1060A0000A462946DEE72BF000403A493A4A01EB1E
:1060B00020514FF00008904223DD481C4FF480111E
:1060C00021FA00F05844C0F30A51344AA1F2FF31DA
:1060D0007A44334B1268CB4020EA0303C0F3130029
:1060E00040F4801CC1F114002CFA00F8BBF1000F41
:1060F000B8BFC8F1000820463946FEF769F90446E2
:106100000F4622463B4630465146FEF7C1F84FF057
:10611000000B5A46234B58460791FEF75FF905914D
:106120000090214A214B58460799FEF757F9CDE9CF
:10613000020122463B4658460799FEF749F9324686
:106140005346FEF748F933E08E9803007AB60B0009
:10615000EA3800000000F03F2839000056380000FF
:106160000000084009C7EE3FFD033ADCF5015B146F
:10617000E02F3EBE32370000F83600000000F0BFCE
:1061800000009040FE822B654715973C00CC904064
:1061900000346F3F01FCFFFF0000E03F1C360000B1
:1061A000FFFF0F00432EE63F396CA80C615C20BE58
:1061B0003F4A404BFEF712F9DDE90223FEF768F88B
:1061C00007468A46059B009AFEF762F804460E468B
:1061D000059B009AFEF7FCF83A465346FEF7FBF89B
:1061E0000746224633460B9110461946FEF7F6F84D
:1061F0008346024630488A460B4605217844FEF71E
:10620000BFFD5A465346FEF7E9F822463346FEF7ED
:10621000E2F882468B463A46204631460B9BFEF713
:10622000DDF83A460B9BFEF733F800910C90002204
:106230004FF0804350465946FEF7CAF8074603918F
:1062400052465B4620463146FEF7C8F83A46039B65
:10625000FEF785FA009B0C9AFEF7BAF82246334601
:10626000FEF7B6F80022154BFEF7B5F80E460446C9
:1062700001EB08510815002810DC42462046314643
:10628000FEF7DCFAFEF768FD042808BFFEF7CEFD36
:10629000424620463146FEF7D1FA04460A980B469C
:1062A00016B022462946BDE8F04DFEF797B800002B
:1062B000EF39FAFE422EE63FC83400000000F03FFE
:1062C0002DE9F04106460F46FEF77AFC0D46040024
:1062D00018BF0120284320F00040C0F17F6010F17A
:1062E000E0400FD5002E14BF01200020384320F0DD
:1062F0000040C0F17F6000F1E0400028A4BF012011
:10630000FEF7ACFD20462946BDE8F08100030306F8
:1063100001040602050003051F1C1F1E1F1E1F1F70
:106320001E1F1E1F246F74612F7570646174652FAA
:1063300025732F25730000000000000000000000FE
:10634000000000000000000000000000000000004D
:10635000000000000000000000000000000000003D
:1063600000000000247468696E672F646F776E2FD9
:1063700070726F70657274792F25732F257300000A
:10638000000000000000000000000000000000000D
:1063900000000000000000000000000000000000FD
:1063A00000000000247379732F6F70657261746947
:1063B0006F6E2F726573756C742F25732F257300A4
:1063C00000000000000000000000000000000000CD
:1063D00000000000000000000000000000000000BD
:1063E0000000000024736861646F772F6F7065721E
:1063F0006174696F6E2F726573756C742F25732FBE
:1064000025730000000000000000000000000000F4
:10641000000000000000000000000000000000007C
:10642000000000000000891112239B322446AD5762
:106430003665BF74488CC19D5AAFD3BE6CCAE5DBCC
:106440007EE9F7F88110080193331A22A5562C47EC
:10645000B7753E64C99C408DDBBF52AEEDDA64CBAC
:10646000FFF976E802218B30100299132667AF7688
:106470003444BD554AADC3BC588ED19F6EEBE7FA8C
:106480007CC8F5D983310A2091121803A7772E66AC
:10649000B5543C45CBBD42ACD99E508FEFFB66EA6C
:1064A000FDD874C904428D5316619F702004A9154C
:1064B0003227BB364CCEC5DF5EEDD7FC6888E1994C
:1064C0007AABF3BA85520C4397711E60A11428056C
:1064D000B3373A26CDDE44CFDFFD56ECE99860892C
:1064E000FBBB72AA06638F7214409D512225AB3408
:1064F0003006B9174EEFC7FE5CCCD5DD6AA9E3B80C
:10650000788AF19B87730E6295501C41A3352A242B
:10651000B1163807CFFF46EEDDDC54CDEBB962A8EB
:10652000F99A708B088481951AA793B62CC2A5D3CB
:106530003EE1B7F04008C919522BDB3A644EED5FDB
:10654000766DFF7C899400859BB712A6ADD224C3DB
:10655000BFF136E0C1184809D33B5A2AE55E6C4FBB
:10656000F77D7E6C0AA583B4188691972EE3A7F277
:106570003CC0B5D14229CB38500AD91B666FEF7E9B
:10658000744CFD5D8BB502A499961087AFF326E29B
:10659000BDD034C1C3394A28D11A580BE77F6E6E7B
:1065A000F55C7C4D0CC685D71EE597F42880A1913B
:1065B0003AA3B3B2444ACD5B5669DF78600CE91D5B
:1065C000722FFB3E8DD604C79FF516E4A99020815B
:1065D000BBB332A2C55A4C4BD7795E68E11C680D3B
:1065E000F33F7A2E0EE787F61CC495D52AA1A3B0F7
:1065F0003882B193466BCF7A5448DD59622DEB3C1B
:10660000700EF91F8FF706E69DD414C5ABB122A01A
:10661000B9923083C77B4E6AD5585C49E33D6A2CFA
:10662000F11E780F020202020202020202040202BA
:10663000020201014D51544300000000040000001B
:106640000000000000000000000000003C0001000D
:106650004D515457000000000000000000000000F1
:10666000000000000000000000000000000000002A
:10667000000000000000000000000000000000001A
:106680000000000000000000000000000000C0E06A
:10669000F0F8FC00637C777BF26B6FC53001672BF1
:1066A000FED7AB76CA82C97DFA5947F0ADD4A2AF06
:1066B0009CA472C0B7FD9326363FF7CC34A5E5F114
:1066C00071D8311504C723C31896059A071280E2C2
:1066D000EB27B27509832C1A1B6E5AA0523BD6B316
:1066E00029E32F8453D100ED20FCB15B6ACBBE3986
:1066F0004A4C58CFD0EFAAFB434D338545F9027F72
:10670000503C9FA851A3408F929D38F5BCB6DA212A
:1067100010FFF3D2CD0C13EC5F974417C4A77E3D56
:10672000645D197360814FDC222A908846EEB814AC
:10673000DE5E0BDBE0323A0A4906245CC2D3AC626F
:106740009195E479E7C8376D8DD54EA96C56F4EA7A
:10675000657AAE08BA78252E1CA6B4C6E8DD741F8B
:106760004BBD8B8A703EB5664803F60E613557B94E
:1067700086C11D9EE1F8981169D98E949B1E87E908
:10678000CE5528DF8CA1890DBFE6426841992D0FB7
:10679000B054BB16C66363A5F87C7C84EE7777990A
:1067A000F67B7B8DFFF2F20DD66B6BBDDE6F6FB1AA
:1067B00091C5C5546030305002010103CE6767A90E
:1067C000562B2B7DE7FEFE19B5D7D7624DABABE656
:1067D000EC76769A8FCACA451F82829D89C9C940C4
:1067E000FA7D7D87EFFAFA15B25959EB8E4747C902
:1067F000FBF0F00B41ADADECB3D4D4675FA2A2FDCA
:1068000045AFAFEA239C9CBF53A4A4F7E4727296F1
:106810009BC0C05B75B7B7C2E1FDFD1C3D9393AE55
:106820004C26266A6C36365A7E3F3F41F5F7F70212
:1068300083CCCC4F6834345C51A5A5F4D1E5E53464
:10684000F9F1F108E2717193ABD8D8736231315329
:106850002A15153F0804040C95C7C7524623236523
:106860009DC3C35E30181828379696A10A05050FF8
:106870002F9A9AB50E070709241212361B80809BA7
:10688000DFE2E23DCDEBEB264E2727697FB2B2CDAA
:10689000EA75759F1209091B1D83839E582C2C7461
:1068A000341A1A2E361B1B2DDC6E6EB2B45A5AEEF9
:1068B0005BA0A0FBA45252F6763B3B4DB7D6D66107
:1068C0007DB3B3CE5229297BDDE3E33E5E2F2F71EA
:1068D00013848497A65353F5B9D1D1680000000002
:1068E000C1EDED2C40202060E3FCFC1F79B1B1C864
:1068F000B65B5BEDD46A6ABE8DCBCB4667BEBED9B4
:106900007239394B944A4ADE984C4CD4B05858E806
:1069100085CFCF4ABBD0D06BC5EFEF2A4FAAAAE5EF
:10692000EDFBFB16864343C59A4D4DD76633335571
:10693000118585948A4545CFE9F9F91004020206CC
:10694000FE7F7F81A05050F0783C3C44259F9FBA49
:106950004BA8A8E3A25151F35DA3A3FE804040C021
:10696000058F8F8A3F9292AD219D9DBC703838482B
:10697000F1F5F50463BCBCDF77B6B6C1AFDADA7502
:106980004221216320101030E5FFFF1AFDF3F30EC2
:10699000BFD2D26D81CDCD4C180C0C1426131335FB
:1069A000C3ECEC2FBE5F5FE1359797A2884444CCDF
:1069B0002E17173993C4C45755A7A7F2FC7E7E82C1
:1069C0007A3D3D47C86464ACBA5D5DE73219192B66
:1069D000E6737395C06060A0198181989E4F4FD176
:1069E000A3DCDC7F44222266542A2A7E3B9090ABB3
:1069F0000B8888838C4646CAC7EEEE296BB8B8D39D
:106A00002814143CA7DEDE79BC5E5EE2160B0B1D7B
:106A1000ADDBDB76DBE0E03B64323256743A3A4E73
:106A2000140A0A1E924949DB0C06060A4824246C03
:106A3000B85C5CE49FC2C25DBDD3D36E43ACACEF27
:106A4000C46262A6399191A8319595A4D3E4E43744
:106A5000F279798BD5E7E7328BC8C8436E3737595F
:106A6000DA6D6DB7018D8D8CB1D5D5649C4E4ED24B
:106A700049A9A9E0D86C6CB4AC5656FAF3F4F40703
:106A8000CFEAEA25CA6565AFF47A7A8E47AEAEE9F9
:106A9000100808186FBABAD5F07878884A25256F9B
:106AA0005C2E2E72381C1C2457A6A6F173B4B4C7F2
:106AB00097C6C651CBE8E823A1DDDD7CE874749C61
:106AC0003E1F1F21964B4BDD61BDBDDC0D8B8B86C0
:106AD0000F8A8A85E07070907C3E3E4271B5B5C4E5
:106AE000CC6666AA904848D806030305F7F6F60177
:106AF0001C0E0E12C26161A36A35355FAE5757F99D
:106B000069B9B9D01786869199C1C1583A1D1D2718
:106B1000279E9EB9D9E1E138EBF8F8132B9898B38A
:106B200022111133D26969BBA9D9D970078E8E8918
:106B3000339494A72D9B9BB63C1E1E2215878792EB
:106B4000C9E9E92087CECE49AA5555FF50282878B3
:106B5000A5DFDF7A038C8C8F59A1A1F80989898080
:106B60001A0D0D1765BFBFDAD7E6E631844242C67B
:106B7000D06868B8824141C3299999B05A2D2D77C0
:106B80001E0F0F117BB0B0CBA85454FC6DBBBBD60D
:106B90002C16163AA5C6636384F87C7C99EE777749
:106BA0008DF67B7B0DFFF2F2BDD66B6BB1DE6F6FA6
:106BB0005491C5C55060303003020101A9CE67670A
:106BC0007D562B2B19E7FEFE62B5D7D7E64DABAB52
:106BD0009AEC7676458FCACA9D1F82824089C9C9C0
:106BE00087FA7D7D15EFFAFAEBB25959C98E4747FE
:106BF0000BFBF0F0EC41ADAD67B3D4D4FD5FA2A2C6
:106C0000EA45AFAFBF239C9CF753A4A496E47272ED
:106C10005B9BC0C0C275B7B71CE1FDFDAE3D939351
:106C20006A4C26265A6C3636417E3F3F02F5F7F70E
:106C30004F83CCCC5C683434F451A5A534D1E5E560
:106C400008F9F1F193E2717173ABD8D85362313125
:106C50003F2A15150C0804045295C7C7654623231F
:106C60005E9DC3C328301818A13796960F0A0505F4
:106C7000B52F9A9A090E0707362412129B1B8080A3
:106C80003DDFE2E226CDEBEB694E2727CD7FB2B2A6
:106C90009FEA75751B1209099E1D838374582C2C5D
:106CA0002E341A1A2D361B1BB2DC6E6EEEB45A5AF5
:106CB000FB5BA0A0F6A452524D763B3B61B7D6D603
:106CC000CE7DB3B37B5229293EDDE3E3715E2F2FE6
:106CD00097138484F5A6535368B9D1D100000000FE
:106CE0002CC1EDED604020201FE3FCFCC879B1B160
:106CF000EDB65B5BBED46A6A468DCBCBD967BEBEB0
:106D00004B723939DE944A4AD4984C4CE8B0585802
:106D10004A85CFCF6BBBD0D02AC5EFEFE54FAAAAEB
:106D200016EDFBFBC5864343D79A4D4D556633336D
:106D300094118585CF8A454510E9F9F906040202C8
:106D400081FE7F7FF0A0505044783C3CBA259F9F45
:106D5000E34BA8A8F3A25151FE5DA3A3C08040401D
:106D60008A058F8FAD3F9292BC219D9D4870383827
:106D700004F1F5F5DF63BCBCC177B6B675AFDADAFE
:106D800063422121302010101AE5FFFF0EFDF3F3BE
:106D90006DBFD2D24C81CDCD14180C0C35261313F7
:106DA0002FC3ECECE1BE5F5FA2359797CC884444DB
:106DB000392E17175793C4C4F255A7A782FC7E7EBD
:106DC000477A3D3DACC86464E7BA5D5D2B32191962
:106DD00095E67373A0C0606098198181D19E4F4F72
:106DE0007FA3DCDC664422227E542A2AAB3B9090AF
:106DF000830B8888CA8C464629C7EEEED36BB8B899
:106E00003C28141479A7DEDEE2BC5E5E1D160B0B77
:106E100076ADDBDB3BDBE0E0566432324E743A3A6F
:106E20001E140A0ADB9249490A0C06066C482424FF
:106E3000E4B85C5C5D9FC2C26EBDD3D3EF43ACAC23
:106E4000A6C46262A8399191A431959537D3E4E440
:106E50008BF2797932D5E7E7438BC8C8596E37375B
:106E6000B7DA6D6D8C018D8D64B1D5D5D29C4E4E47
:106E7000E049A9A9B4D86C6CFAAC565607F3F4F4FF
:106E800025CFEAEAAFCA65658EF47A7AE947AEAEF5
:106E900018100808D56FBABA88F078786F4A252597
:106EA000725C2E2E24381C1CF157A6A6C773B4B4EE
:106EB0005197C6C623CBE8E87CA1DDDD9CE874745D
:106EC000213E1F1FDD964B4BDC61BDBD860D8B8BBC
:106ED000850F8A8A90E07070427C3E3EC471B5B5E1
:106EE000AACC6666D89048480506030301F7F6F673
:106EF000121C0E0EA3C261615F6A3535F9AE575799
:106F0000D069B9B9911786865899C1C1273A1D1D14
:106F1000B9279E9E38D9E1E113EBF8F8B32B989886
:106F200033221111BBD2696970A9D9D989078E8E14
:106F3000A7339494B62D9B9B223C1E1E92158787E7
:106F400020C9E9E94987CECEFFAA555578502828AF
:106F50007AA5DFDF8F038C8CF859A1A1800989897C
:106F6000171A0D0DDA65BFBF31D7E6E6C684424277
:106F7000B8D06868C3824141B0299999775A2D2DBC
:106F8000111E0F0FCB7BB0B0FCA85454D66DBBBB09
:106F90003A2C161663A5C6637C84F87C7799EE7745
:106FA0007B8DF67BF20DFFF26BBDD66B6FB1DE6FA2
:106FB000C55491C5305060300103020167A9CE6706
:106FC0002B7D562BFE19E7FED762B5D7ABE64DAB4E
:106FD000769AEC76CA458FCA829D1F82C94089C9BC
:106FE0007D87FA7DFA15EFFA59EBB25947C98E47FA
:106FF000F00BFBF0ADEC41ADD467B3D4A2FD5FA2C2
:10700000AFEA45AF9CBF239CA4F753A47296E472E9
:10701000C05B9BC0B7C275B7FD1CE1FD93AE3D934D
:10702000266A4C26365A6C363F417E3FF702F5F70A
:10703000CC4F83CC345C6834A5F451A5E534D1E55C
:10704000F108F9F17193E271D873ABD83153623121
:10705000153F2A15040C0804C75295C7236546231B
:10706000C35E9DC31828301896A13796050F0A05F0
:107070009AB52F9A07090E0712362412809B1B809F
:10708000E23DDFE2EB26CDEB27694E27B2CD7FB2A2
:10709000759FEA75091B1209839E1D832C74582C59
:1070A0001A2E341A1B2D361B6EB2DC6E5AEEB45AF1
:1070B000A0FB5BA052F6A4523B4D763BD661B7D6FF
:1070C000B3CE7DB3297B5229E33EDDE32F715E2FE2
:1070D0008497138453F5A653D168B9D100000000FA
:1070E000ED2CC1ED20604020FC1FE3FCB1C879B15C
:1070F0005BEDB65B6ABED46ACB468DCBBED967BEAC
:10710000394B72394ADE944A4CD4984C58E8B058FE
:10711000CF4A85CFD06BBBD0EF2AC5EFAAE54FAAE7
:10712000FB16EDFB43C586434DD79A4D3355663369
:107130008594118545CF8A45F910E9F902060402C4
:107140007F81FE7F50F0A0503C44783C9FBA259F41
:10715000A8E34BA851F3A251A3FE5DA340C0804019
:107160008F8A058F92AD3F929DBC219D3848703823
:10717000F504F1F5BCDF63BCB6C177B6DA75AFDAFA
:107180002163422110302010FF1AE5FFF30EFDF3BA
:10719000D26DBFD2CD4C81CD0C14180C13352613F3
:1071A000EC2FC3EC5FE1BE5F97A2359744CC8844D7
:1071B00017392E17C45793C4A7F255A77E82FC7EB9
:1071C0003D477A3D64ACC8645DE7BA5D192B32195E
:1071D0007395E67360A0C060819819814FD19E4F6E
:1071E000DC7FA3DC226644222A7E542A90AB3B90AB
:1071F00088830B8846CA8C46EE29C7EEB8D36BB895
:10720000143C2814DE79A7DE5EE2BC5E0B1D160B73
:10721000DB76ADDBE03BDBE0325664323A4E743A6B
:107220000A1E140A49DB9249060A0C06246C4824FB
:107230005CE4B85CC25D9FC2D36EBDD3ACEF43AC1F
:1072400062A6C46291A8399195A43195E437D3E43C
:10725000798BF279E732D5E7C8438BC837596E3757
:107260006DB7DA6D8D8C018DD564B1D54ED29C4E43
:10727000A9E049A96CB4D86C56FAAC56F407F3F4FB
:10728000EA25CFEA65AFCA657A8EF47AAEE947AEF1
:1072900008181008BAD56FBA7888F078256F4A2593
:1072A0002E725C2E1C24381CA6F157A6B4C773B4EA
:1072B000C65197C6E823CBE8DD7CA1DD749CE87459
:1072C0001F213E1F4BDD964BBDDC61BD8B860D8BB8
:1072D0008A850F8A7090E0703E427C3EB5C471B5DD
:1072E00066AACC6648D8904803050603F601F7F66F
:1072F0000E121C0E61A3C261355F6A3557F9AE5795
:10730000B9D069B986911786C15899C11D273A1D10
:107310009EB9279EE138D9E1F813EBF898B32B9882
:107320001133221169BBD269D970A9D98E89078E10
:1073300094A733949BB62D9B1E223C1E87921587E3
:10734000E920C9E9CE4987CE55FFAA5528785028AB
:10735000DF7AA5DF8C8F038CA1F859A18980098978
:107360000D171A0DBFDA65BFE631D7E642C6844273
:1073700068B8D06841C3824199B029992D775A2DB8
:107380000F111E0FB0CB7BB054FCA854BBD66DBB05
:10739000163A2C166363A5C67C7C84F8777799EE41
:1073A0007B7B8DF6F2F20DFF6B6BBDD66F6FB1DE9E
:1073B000C5C5549130305060010103026767A9CE02
:1073C0002B2B7D56FEFE19E7D7D762B5ABABE64D4A
:1073D00076769AECCACA458F82829D1FC9C94089B8
:1073E0007D7D87FAFAFA15EF5959EBB24747C98EF6
:1073F000F0F00BFBADADEC41D4D467B3A2A2FD5FBE
:10740000AFAFEA459C9CBF23A4A4F753727296E4E5
:10741000C0C05B9BB7B7C275FDFD1CE19393AE3D49
:1074200026266A4C36365A6C3F3F417EF7F702F506
:10743000CCCC4F8334345C68A5A5F451E5E534D158
:10744000F1F108F9717193E2D8D873AB313153621D
:1074500015153F2A04040C08C7C752952323654617
:10746000C3C35E9D181828309696A13705050F0AEC
:107470009A9AB52F0707090E1212362480809B1B9B
:10748000E2E23DDFEBEB26CD2727694EB2B2CD7F9E
:1074900075759FEA09091B1283839E1D2C2C745855
:1074A0001A1A2E341B1B2D366E6EB2DC5A5AEEB4ED
:1074B000A0A0FB5B5252F6A43B3B4D76D6D661B7FB
:1074C000B3B3CE7D29297B52E3E33EDD2F2F715EDE
:1074D000848497135353F5A6D1D168B900000000F6
:1074E000EDED2CC120206040FCFC1FE3B1B1C87958
:1074F0005B5BEDB66A6ABED4CBCB468DBEBED967A8
:1075000039394B724A4ADE944C4CD4985858E8B0FA
:10751000CFCF4A85D0D06BBBEFEF2AC5AAAAE54FE3
:10752000FBFB16ED4343C5864D4DD79A3333556665
:10753000858594114545CF8AF9F910E902020604C0
:107540007F7F81FE5050F0A03C3C44789F9FBA253D
:10755000A8A8E34B5151F3A2A3A3FE5D4040C08015
:107560008F8F8A059292AD3F9D9DBC21383848701F
:10757000F5F504F1BCBCDF63B6B6C177DADA75AFF6
:107580002121634210103020FFFF1AE5F3F30EFDB6
:10759000D2D26DBFCDCD4C810C0C141813133526EF
:1075A000ECEC2FC35F5FE1BE9797A2354444CC88D3
:1075B0001717392EC4C45793A7A7F2557E7E82FCB5
:1075C0003D3D477A6464ACC85D5DE7BA19192B325A
:1075D000737395E66060A0C0818198194F4FD19E6A
:1075E000DCDC7FA3222266442A2A7E549090AB3BA7
:1075F0008888830B4646CA8CEEEE29C7B8B8D36B91
:1076000014143C28DEDE79A75E5EE2BC0B0B1D166F
:10761000DBDB76ADE0E03BDB323256643A3A4E7467
:107620000A0A1E144949DB9206060A0C24246C48F7
:107630005C5CE4B8C2C25D9FD3D36EBDACACEF431B
:107640006262A6C49191A8399595A431E4E437D338
:1076500079798BF2E7E732D5C8C8438B3737596E53
:107660006D6DB7DA8D8D8C01D5D564B14E4ED29C3F
:10767000A9A9E0496C6CB4D85656FAACF4F407F3F7
:10768000EAEA25CF6565AFCA7A7A8EF4AEAEE947ED
:1076900008081810BABAD56F787888F025256F4A8F
:1076A0002E2E725C1C1C2438A6A6F157B4B4C773E6
:1076B000C6C65197E8E823CBDDDD7CA174749CE855
:1076C0001F1F213E4B4BDD96BDBDDC618B8B860DB4
:1076D0008A8A850F707090E03E3E427CB5B5C471D9
:1076E0006666AACC4848D89003030506F6F601F76B
:1076F0000E0E121C6161A3C235355F6A5757F9AE91
:10770000B9B9D06986869117C1C158991D1D273A0C
:107710009E9EB927E1E138D9F8F813EB9898B32B7E
:10772000111133226969BBD2D9D970A98E8E89070C
:107730009494A7339B9BB62D1E1E223C87879215DF
:10774000E9E920C9CECE49875555FFAA28287850A7
:10775000DFDF7AA58C8C8F03A1A1F8598989800974
:107760000D0D171ABFBFDA65E6E631D74242C6846F
:107770006868B8D04141C3829999B0292D2D775AB4
:107780000F0F111EB0B0CB7B5454FCA8BBBBD66D01
:1077900016163A2C52096AD53036A538BF40A39E3A
:1077A00081F3D7FB7CE339829B2FFF87348E4344E0
:1077B000C4DEE9CB547B9432A6C2233DEE4C950B3C
:1077C00042FAC34E082EA16628D924B2765BA2499C
:1077D0006D8BD12572F8F66486689816D4A45CCCBB
:1077E0005D65B6926C704850FDEDB9DA5E1546578E
:1077F000A78D9D8490D8AB008CBCD30AF7E45805C4
:10780000B8B34506D02C1E8FCA3F0F02C1AFBD03CF
:1078100001138A6B3A9111414F67DCEA97F2CFCEA0
:10782000F0B4E67396AC7422E7AD3585E2F937E83B
:107830001C75DF6E47F11A711D29C5896FB7620E7D
:10784000AA18BE1BFC563E4BC6D279209ADBC0FE5E
:1078500078CD5AF41FDDA8338807C731B11210590B
:107860002780EC5F60517FA919B54A0D2DE57A9FFD
:1078700093C99CEFA0E03B4DAE2AF5B0C8EBBB3CF2
:1078800083539961172B047EBA77D626E169146376
:1078900055210C7D51F4A7507E4165531A17A4C39E
:1078A0003A275E963BAB6BCB1F9D45F1ACFA58ABCC
:1078B0004BE303932030FA55AD766DF688CC769184
:1078C000F5024C254FE5D7FCC52ACBD72635448099
:1078D000B562A38FDEB15A4925BA1B6745EA0E98F7
:1078E0005DFEC0E1C32F7502814CF0128D4697A357
:1078F0006BD3F9C6038F5FE715929C95BF6D7AEB4A
:10790000955259DAD4BE832D587421D349E06929A0
:107910008EC9C84475C2896AF48E797899583E6BCD
:1079200027B971DDBEE14FB6F088AD17C920AC664E
:107930007DCE3AB463DF4A18E51A3182975133603D
:1079400062537F45B16477E0BB6BAE84FE81A01CBF
:10795000F9082B94704868588F45FD1994DE6C87A0
:10796000527BF8B7AB73D323724B02E2E31F8F57FE
:107970006655AB2AB2EB28072FB5C20386C57B9AA2
:10798000D33708A5302887F223BFA5B202036ABA0D
:10799000ED16825C8ACF1C2BA779B492F307F2F024
:1079A0004E69E2A165DAF4CD0605BED5D134621F79
:1079B000C4A6FE8A342E539DA2F355A0058AE13257
:1079C000A4F6EB750B83EC394060EFAA5E719F065D
:1079D000BD6E10513E218AF996DD063DDD3E05AEB5
:1079E0004DE6BD4691548DB571C45D050406D46F56
:1079F000605015FF1998FB24D6BDE997894043CC08
:107A000067D99E77B0E842BD07898B88E7195B3854
:107A100079C8EEDBA17C0A477C420FE9F8841EC9D5
:107A20000000000009808683322BED481E1170ACE7
:107A30006C5A724EFD0EFFFB0F8538563DAED51EBB
:107A4000362D39270A0FD964685CA6219B5B54D177
:107A500024362E3A0C0A67B19357E70FB4EE96D24C
:107A60001B9B919E80C0C54F61DC20A25A774B6959
:107A70001C121A16E293BA0AC0A02AE53C22E0437F
:107A8000121B171D0E090D0BF28BC7AD2DB6A8B931
:107A9000141EA9C857F11985AF75074CEE99DDBBC7
:107AA000A37F60FDF701269F5C72F5BC44663BC571
:107AB0005BFB7E348B432976CB23C6DCB6EDFC68BA
:107AC000B8E4F163D731DCCA4263851013972240D2
:107AD00084C61120854A247DD2BB3DF8AEF932110F
:107AE000C729A16D1D9E2F4BDCB230F30D8652ECE1
:107AF00077C1E3D02BB3166CA970B999119448FAE9
:107B000047E96422A8FC8CC4A0F03F1A567D2CD80B
:107B1000223390EF87494EC7D938D1C18CCAA2FE13
:107B200098D40B36A6F581CFA57ADE28DAB78E2653
:107B30003FADBFA42C3A9DE45078920D6A5FCC9B78
:107B4000547E4662F68D13C290D8B8E82E39F75E9F
:107B500082C3AFF59F5D80BE69D0937C6FD52DA9A0
:107B6000CF2512B3C8AC993B10187DA7E89C636E73
:107B7000DB3BBB7BCD2678096E5918F4EC9AB70134
:107B8000834F9AA8E6956E65AAFFE67E21BCCF08D2
:107B9000EF15E8E6BAE79BD94A6F36CEEA9F09D4DB
:107BA00029B07CD631A4B2AF2A3F2331C6A5943088
:107BB00035A266C0744EBC37FC82CAA6E090D0B035
:107BC00033A7D815F104984A41ECDAF77FCD500E6F
:107BD0001791F62F764DD68D43EFB04DCCAA4D546C
:107BE000E49604DF9ED1B5E34C6A881BC12C1FB814
:107BF0004665517F9D5EEA04018C355DFA8774739A
:107C0000FB0B412EB3671D5A92DBD252E91056335B
:107C10006DD647139AD7618C37A10C7A59F8148E18
:107C2000EB133C89CEA927EEB761C935E11CE5ED20
:107C30007A47B13C9CD2DF5955F2733F1814CE7984
:107C400073C737BF53F7CDEA5FFDAA5BDF3D6F1403
:107C50007844DB86CAAFF381B968C43E3824342C3B
:107C6000C2A3405F161DC372BCE2250C283C498BA1
:107C7000FF0D954139A80171080CB3DED8B4E49C1E
:107C80006456C1907BCB8461D532B670486C5C740D
:107C9000D0B857425051F4A7537E4165C31A17A478
:107CA000963A275ECB3BAB6BF11F9D45ABACFA58C8
:107CB000934BE303552030FAF6AD766D9188CC7680
:107CC00025F5024CFC4FE5D7D7C52ACB8026354495
:107CD0008FB562A349DEB15A6725BA1B9845EA0EF3
:107CE000E15DFEC002C32F7512814CF0A38D469753
:107CF000C66BD3F9E7038F5F9515929CEBBF6D7A46
:107D0000DA9552592DD4BE83D35874212949E0699C
:107D1000448EC9C86A75C28978F48E796B99583EC9
:107D2000DD27B971B6BEE14F17F088AD66C920AC4A
:107D3000B47DCE3A1863DF4A82E51A316097513339
:107D40004562537FE0B1647784BB6BAE1CFE81A0BB
:107D500094F9082B58704868198F45FD8794DE6C9C
:107D6000B7527BF823AB73D3E2724B0257E31F8FFA
:107D70002A6655AB07B2EB28032FB5C29A86C57B9E
:107D8000A5D33708F2302887B223BFA5BA02036A09
:107D90005CED16822B8ACF1C92A779B4F0F307F220
:107DA000A14E69E2CD65DAF4D50605BE1FD1346275
:107DB0008AC4A6FE9D342E53A0A2F35532058AE153
:107DC00075A4F6EB390B83ECAA4060EF065E719F59
:107DD00051BD6E10F93E218A3D96DD06AEDD3E05B1
:107DE000464DE6BDB591548D0571C45D6F0406D452
:107DF000FF605015241998FB97D6BDE9CC89404304
:107E00007767D99EBDB0E8428807898B38E7195B50
:107E1000DB79C8EE47A17C0AE97C420FC9F8841ED1
:107E2000000000008309808648322BEDAC1E1170E3
:107E30004E6C5A72FBFD0EFF560F85381E3DAED5B7
:107E400027362D39640A0FD921685CA6D19B5B5473
:107E50003A24362EB10C0A670F9357E7D2B4EE9648
:107E60009E1B9B914F80C0C5A261DC20695A774B55
:107E7000161C121A0AE293BAE5C0A02A433C22E07B
:107E80001D121B170B0E090DADF28BC7B92DB6A82D
:107E9000C8141EA98557F1194CAF7507BBEE99DDC3
:107EA000FDA37F609FF70126BC5C72F5C544663B6D
:107EB000345BFB7E768B4329DCCB23C668B6EDFCB6
:107EC00063B8E4F1CAD731DC1042638540139722CE
:107ED0002084C6117D854A24F8D2BB3D11AEF9320B
:107EE0006DC729A14B1D9E2FF3DCB230EC0D8652DD
:107EF000D077C1E36C2BB31699A970B9FA119448E5
:107F00002247E964C4A8FC8C1AA0F03FD8567D2C07
:107F1000EF223390C787494EC1D938D1FE8CCAA20F
:107F20003698D40BCFA6F58128A57ADE26DAB78E4F
:107F3000A43FADBFE42C3A9D0D5078929B6A5FCC74
:107F400062547E46C2F68D13E890D8B85E2E39F79B
:107F5000F582C3AFBE9F5D807C69D093A96FD52D9C
:107F6000B3CF25123BC8AC99A710187D6EE89C636F
:107F70007BDB3BBB09CD2678F46E591801EC9AB730
:107F8000A8834F9A65E6956E7EAAFFE60821BCCFCE
:107F9000E6EF15E8D9BAE79BCE4A6F36D4EA9F09D7
:107FA000D629B07CAF31A4B2312A3F2330C6A59484
:107FB000C035A26637744EBCA6FC82CAB0E090D031
:107FC0001533A7D84AF10498F741ECDA0E7FCD506B
:107FD0002F1791F68D764DD64D43EFB054CCAA4D68
:107FE000DFE49604E39ED1B51B4C6A88B8C12C1F10
:107FF0007F466551049D5EEA5D018C3573FA877496
:108000002EFB0B415AB3671D5292DBD233E9105657
:10801000136DD6478C9AD7617A37A10C8E59F81414
:1080200089EB133CEECEA92735B761C9EDE11CE51C
:108030003C7A47B1599CD2DF3F55F273791814CE80
:10804000BF73C737EA53F7CD5B5FFDAA14DF3D6FFF
:10805000867844DB81CAAFF33EB968C42C38243437
:108060005FC2A34072161DC30CBCE2258B283C499D
:1080700041FF0D957139A801DE080CB39CD8B4E41A
:10808000906456C1617BCB8470D532B674486C5C09
:1080900042D0B857A75051F465537E41A4C31A1774
:1080A0005E963A276BCB3BAB45F11F9D58ABACFAC4
:1080B00003934BE3FA5520306DF6AD76769188CC7C
:1080C0004C25F502D7FC4FE5CBD7C52A4480263591
:1080D000A38FB5625A49DEB11B6725BA0E9845EAEF
:1080E000C0E15DFE7502C32FF012814C97A38D464F
:1080F000F9C66BD35FE7038F9C9515927AEBBF6D42
:1081000059DA9552832DD4BE21D35874692949E098
:10811000C8448EC9896A75C27978F48E3E6B9958C5
:1081200071DD27B94FB6BEE1AD17F088AC66C92046
:108130003AB47DCE4A1863DF3182E51A3360975135
:108140007F45625377E0B164AE84BB6BA01CFE81B7
:108150002B94F90868587048FD198F456C8794DE98
:10816000F8B7527BD323AB7302E2724B8F57E31FF6
:10817000AB2A66552807B2EBC2032FB57B9A86C59A
:1081800008A5D33787F23028A5B223BF6ABA020305
:10819000825CED161C2B8ACFB492A779F2F0F3071C
:1081A000E2A14E69F4CD65DABED50605621FD13471
:1081B000FE8AC4A6539D342E55A0A2F3E132058A4F
:1081C000EB75A4F6EC390B83EFAA40609F065E7155
:1081D0001051BD6E8AF93E21063D96DD05AEDD3EAD
:1081E000BD464DE68DB591545D0571C4D46F04064E
:1081F00015FF6050FB241998E997D6BD43CC894000
:108200009E7767D942BDB0E88B8807895B38E7194C
:10821000EEDB79C80A47A17C0FE97C421EC9F884CD
:108220000000000086830980ED48322B70AC1E11DF
:10823000724E6C5AFFFBFD0E38560F85D51E3DAEB3
:108240003927362DD9640A0FA621685C54D19B5B6F
:108250002E3A243667B10C0AE70F935796D2B4EE44
:10826000919E1B9BC54F80C020A261DC4B695A7751
:108270001A161C12BA0AE2932AE5C0A0E0433C2277
:10828000171D121B0D0B0E09C7ADF28BA8B92DB629
:10829000A9C8141E198557F1074CAF75DDBBEE99BF
:1082A00060FDA37F269FF701F5BC5C723BC5446669
:1082B0007E345BFB29768B43C6DCCB23FC68B6EDB2
:1082C000F163B8E4DCCAD7318510426322401397CA
:1082D000112084C6247D854A3DF8D2BB3211AEF907
:1082E000A16DC7292F4B1D9E30F3DCB252EC0D86D9
:1082F000E3D077C1166C2BB3B999A97048FA1194E1
:10830000642247E98CC4A8FC3F1AA0F02CD8567D03
:1083100090EF22334EC78749D1C1D938A2FE8CCA0B
:108320000B3698D481CFA6F5DE28A57A8E26DAB74B
:10833000BFA43FAD9DE42C3A920D5078CC9B6A5F70
:108340004662547E13C2F68DB8E890D8F75E2E3997
:10835000AFF582C380BE9F5D937C69D02DA96FD598
:1083600012B3CF25993BC8AC7DA71018636EE89C6B
:10837000BB7BDB3B7809CD2618F46E59B701EC9A2C
:108380009AA8834F6E65E695E67EAAFFCF0821BCCA
:10839000E8E6EF159BD9BAE736CE4A6F09D4EA9FD3
:1083A0007CD629B0B2AF31A423312A3F9430C6A580
:1083B00066C035A2BC37744ECAA6FC82D0B0E0902D
:1083C000D81533A7984AF104DAF741EC500E7FCD67
:1083D000F62F1791D68D764DB04D43EF4D54CCAA64
:1083E00004DFE496B5E39ED1881B4C6A1FB8C12C0C
:1083F000517F4665EA049D5E355D018C7473FA8792
:10840000412EFB0B1D5AB367D25292DB5633E91053
:1084100047136DD6618C9AD70C7A37A1148E59F810
:108420003C89EB1327EECEA9C935B761E5EDE11C18
:10843000B13C7A47DF599CD2733F55F2CE7918147C
:1084400037BF73C7CDEA53F7AA5B5FFD6F14DF3DFB
:10845000DB867844F381CAAFC43EB968342C382433
:10846000405FC2A3C372161D250CBCE2498B283C99
:108470009541FF0D017139A8B3DE080CE49CD8B416
:10848000C190645684617BCBB670D5325C74486C05
:108490005742D0B8F4A750514165537E17A4C31A70
:1084A000275E963AAB6BCB3B9D45F11FFA58ABACC0
:1084B000E303934B30FA5520766DF6ADCC76918878
:1084C000024C25F5E5D7FC4F2ACBD7C5354480268D
:1084D00062A38FB5B15A49DEBA1B6725EA0E9845EB
:1084E000FEC0E15D2F7502C34CF012814697A38D4B
:1084F000D3F9C66B8F5FE703929C95156D7AEBBF3E
:108500005259DA95BE832DD47421D358E069294994
:10851000C9C8448EC2896A758E7978F4583E6B99C1
:10852000B971DD27E14FB6BE88AD17F020AC66C942
:10853000CE3AB47DDF4A18631A3182E55133609731
:10854000537F45626477E0B16BAE84BB81A01CFEB3
:10855000082B94F94868587045FD198FDE6C879494
:108560007BF8B75273D323AB4B02E2721F8F57E3F2
:1085700055AB2A66EB2807B2B5C2032FC57B9A8696
:108580003708A5D32887F230BFA5B223036ABA0201
:1085900016825CEDCF1C2B8A79B492A707F2F0F318
:1085A00069E2A14EDAF4CD6505BED50634621FD16D
:1085B000A6FE8AC42E539D34F355A0A28AE132054B
:1085C000F6EB75A483EC390B60EFAA40719F065E51
:1085D0006E1051BD218AF93EDD063D963E05AEDDA9
:1085E000E6BD464D548DB591C45D057106D46F044A
:1085F0005015FF6098FB2419BDE997D64043CC89FC
:10860000D99E7767E842BDB0898B8807195B38E748
:10861000C8EEDB797C0A47A1420FE97C841EC9F8C9
:1086200000000000808683092BED48321170AC1EDB
:108630005A724E6C0EFFFBFD8538560FAED51E3DAF
:108640002D3927360FD9640A5CA621685B54D19B6B
:10865000362E3A240A67B10C57E70F93EE96D2B440
:108660009B919E1BC0C54F80DC20A261774B695A4D
:10867000121A161C93BA0AE2A02AE5C022E0433C73
:108680001B171D12090D0B0E8BC7ADF2B6A8B92D25
:108690001EA9C814F119855775074CAF99DDBBEEBB
:1086A0007F60FDA301269FF772F5BC5C663BC54465
:1086B000FB7E345B4329768B23C6DCCBEDFC68B6AE
:1086C000E4F163B831DCCAD76385104297224013C6
:1086D000C61120844A247D85BB3DF8D2F93211AE03
:1086E00029A16DC79E2F4B1DB230F3DC8652EC0DD5
:1086F000C1E3D077B3166C2B70B999A99448FA11DD
:10870000E9642247FC8CC4A8F03F1AA07D2CD856FF
:108710003390EF22494EC78738D1C1D9CAA2FE8C07
:10872000D40B3698F581CFA67ADE28A5B78E26DA47
:10873000ADBFA43F3A9DE42C78920D505FCC9B6A6C
:108740007E4662548D13C2F6D8B8E89039F75E2E93
:10875000C3AFF5825D80BE9FD0937C69D52DA96F94
:108760002512B3CFAC993BC8187DA7109C636EE867
:108770003BBB7BDB267809CD5918F46E9AB701EC28
:108780004F9AA883956E65E6FFE67EAABCCF0821C6
:1087900015E8E6EFE79BD9BA6F36CE4A9F09D4EACF
:1087A000B07CD629A4B2AF313F23312AA59430C67C
:1087B000A266C0354EBC377482CAA6FC90D0B0E029
:1087C000A7D8153304984AF1ECDAF741CD500E7F63
:1087D00091F62F174DD68D76EFB04D43AA4D54CC60
:1087E0009604DFE4D1B5E39E6A881B4C2C1FB8C108
:1087F00065517F465EEA049D8C355D01877473FA8E
:108800000B412EFB671D5AB3DBD25292105633E94F
:10881000D647136DD7618C9AA10C7A37F8148E590C
:10882000133C89EBA927EECE61C935B71CE5EDE114
:1088300047B13C7AD2DF599CF2733F5514CE791878
:10884000C737BF73F7CDEA53FDAA5B5F3D6F14DFF7
:1088500044DB8678AFF381CA68C43EB924342C382F
:10886000A3405FC21DC37216E2250CBC3C498B2895
:108870000D9541FFA80171390CB3DE08B4E49CD812
:1088800056C19064CB84617B32B670D56C5C744801
:10889000B85742D0010000000200000004000000B0
:1088A0000800000010000000200000004000000050
:1088B000800000001B000000360000003D000000AA
:1088C000000000009D000000449702001007010016
:1088D000030000000300000003000000030000008C
:1088E000000000009C000000A49702000E0601009A
:1088F000030000000300000003000000030000006C
:10890000000000003C000000849702000506010002
:10891000030000000300000003000000030000004B
:10892000000000003D0000006497020007060100FF
:10893000030000000300000003000000030000002B
:10894000000000002F000000E19702000504010074
:10895000030000000000000003000000030000000E
:108960000000000035000000C49702000704010069
:1089700003000000000000000300000003000000EE
:10898000000000000000000013A002000000000032
:1089900000000000000000000000000000000000D7
:1089A0000000000001000000FE970200C704010063
:1089B000B5040100D70401002D050100690501007F
:1089C000A9050100EF050100FF0501001B060100DC
:1089D0002D0601006B98020003000000E09B0200DE
:1089E0009C9B0200A7A20200A798020003000000BF
:1089F000319C0200F49F0200E09A0200C39802003A
:108A00000300000005A00200FC9F0200FA9A020089
:108A1000D9980200030000008B9C0200859C020094
:108A20000F9B02000299020003000000C99B020094
:108A30006E9D0200029B02001999020003000000D3
:108A4000FF9B0200949F0200129B020031980200DB
:108A500009000000409F02005C9F0200409F02004E
:108A6000A3980200030000003D9E0200509E0200F9
:108A7000439E020049990200030000002C9F02005F
:108A80004D9F0200329F02004D990200030000003A
:108A9000399B02004A9B02003F9B02008C98020017
:108AA00003000000F19B02004E9C0200FF9A0200AE
:108AB000A199020003000000B99B0200439C020040
:108AC000FC9A0200A5990200030000001D9F02000D
:108AD000149F0200239F0200A999020003000000D6
:108AE000709E0200A79E0200769E02002D99020051
:108AF00003000000909B02008A9B0200969B0200EC
:108B0000B1990200030000005E9E02008A9E0200EE
:108B1000649E0200BF9A020003000000229D020032
:108B2000189D0200289D0200599902000A000000C9
:108B30009D9F0200B09F0200DF9A0200AD990200E3
:108B400003000000CE9E0200BC9E0200D49E0200E4
:108B50000000000000000000000000000000000015
:108B60000000000055990200030000007D9F0200F4
:108B70006B9F020000010000459902000300000005
:108B80007B9B02005F9B02000400000074990200BE
:108B900003000000699B0200569B020000080000D1
:108BA00051990200030000001C9C0200A89B0200D7
:108BB000200000000C98020009000000709C0200D8
:108BC000569C0200000001007099020003000000A2
:108BD000FA9E0200E59E020008000000000000006E
:108BE0000000000000000000000000000000000085
:108BF0002898020008000000F69C0200329D020046
:108C00004F98020008000000079D0200509D0200DE
:108C10006298020008000000C39C0200A49C0200AD
:108C200083980200080000008D9D02007B9D0200D9
:108C3000D098020008000000E39C0200D59C0200CE
:108C4000E698020008000000B19C0200979C020018
:108C50003B98020009000000229B02007899020064
:108C60000000000000000000000000000000000004
:108C7000A3A4020004000000CC9F0200C19F0200D8
:108C800000000000000000000000000000000000E4
:108C90006F98020009000000029E0200789A02000C
:108CA000030100009098020009000000A39D02004B
:108CB000C0990200040100003B9902000900000075
:108CC000D29D0200129A02000501000006990200DE
:108CD00009000000179E02008C9A020006010000A5
:108CE0001D99020009000000EA9D0200459A020059
:108CF000070100003199020009000000BA9D02003E
:108D0000DF990200080100006A99020005000000D6
:108D1000A39D0200C099020004010000EF98020028
:108D200009000000049B0200049B020000060000F2
:108D30000000000000000000000000000000000033
:108D40000000000002980200090000002F9E0200AF
:108D5000FE970200010000002098020007000000BA
:108D6000D69F0200E59F0200020000002799020042
:108D700005000000F29A0200E29A020003000000DF
:108D800000000000000000000000000000000000E3
:108D900000000000AB98020005000000D89A020015
:108DA000D09A020021000000BA98020008000000DA
:108DB000159B0200C39A020025000000000000007D
:108DC00000000000000000000000000000000000A3
:108DD0009A98020008000000859A0200819A020019
:108DE000030000006499020005000000D79902000A
:108DF000BA990200040000007998020009000000FE
:108E00003B9A0200289A0200050000001698020012
:108E100009000000B59A0200A29A020006000000B4
:108E200045980200090000006E9A02005B9A020059
:108E3000070000005898020009000000089A02008C
:108E4000F59902000800000000000000000000008A
:108E5000000000000000000000000000B1980200C7
:108E600008000000CE990200B5990200040000003D
:108E7000C798020008000000309A0200239A0200FE
:108E800005000000DD98020008000000AA9A020018
:108E90009D9A020006000000F998020008000000F8
:108EA000639A0200569A020007000000109902001F
:108EB00008000000FD990200F0990200080000007F
:108EC00000000000000000000000000000000000A2
:108ED00000000000819A020003104000D2990200B5
:108EE00004144000349A0200051C4000AE9A0200AF
:108EF00006204000679A020007308000019A0200B5
:108F00000840800008000000070000000600000084
:108F10000500000004000000030000000000000045
:108F2000982F8A4291443771CFFBC0B5A5DBB5E9D4
:108F30005BC25639F111F159A4823F92D55E1CAB48
:108F400098AA07D8015B8312BE853124C37D0C55D6
:108F5000745DBE72FEB1DE80A706DC9B74F19BC11E
:108F6000C1699BE48647BEEFC69DC10FCCA10C240E
:108F70006F2CE92DAA84744ADCA9B05CDA88F976F2
:108F800052513E986DC631A8C82703B0C77F59BF5C
:108F9000F30BE0C64791A7D55163CA066729291488
:108FA000850AB72738211B2EFC6D2C4D130D385325
:108FB00054730A65BB0A6A762EC9C281852C7292E7
:108FC000A1E8BFA24B661AA8708B4BC2A3516CC715
:108FD00019E892D1240699D685350EF470A06A104E
:108FE00016C1A419086C371E4C774827B5BCB0349D
:108FF000B30C1C394AAAD84E4FCA9C5BF36F2E683B
:10900000EE828F746F63A5781478C8840802C78CC9
:10901000FAFFBE90EB6C50A4F7A3F9BEF27871C6CC
:1090200022AE28D7982F8A42CD65EF23914437711D
:109030002F3B4DECCFFBC0B5BCDB8981A5DBB5E98F
:1090400038B548F35BC2563919D005B6F111F1595C
:109050009B4F19AFA4823F9218816DDAD55E1CAB8D
:10906000420203A398AA07D8BE6F7045015B831222
:109070008CB2E44EBE853124E2B4FFD5C37D0C55DD
:109080006F897BF2745DBE72B196163BFEB1DE80D5
:109090003512C725A706DC9B942669CF74F19BC1C6
:1090A000D24AF19EC1699BE4E3254F388647BEEF63
:1090B000B5D58C8BC69DC10F659CAC77CCA10C241B
:1090C00075022B596F2CE92D83E4A66EAA84744A8D
:1090D000D4FB41BDDCA9B05CB5531183DA88F976C5
:1090E000ABDF66EE52513E981032B42D6DC631A8FA
:1090F0003F21FB98C82703B0E40EEFBEC77F59BFDE
:10910000C28FA83DF30BE0C625A70A934791A7D5C8
:109110006F8203E05163CA06706E0E0A6729291434
:10912000FC2FD246850AB72726C9265C38211B2E7C
:10913000ED2AC45AFC6D2C4DDFB3959D130D3853A9
:10914000DE63AF8B54730A65A8B2773CBB0A6A76BC
:10915000E6AEED472EC9C2813B358214852C729252
:109160006403F14CA1E8BFA2013042BC4B661AA8CF
:109170009197F8D0708B4BC230BE5406A3516CC788
:109180001852EFD619E892D110A96555240699D640
:109190002A20715785350EF4B8D1BB3270A06A1001
:1091A000C8D0D2B816C1A41953AB4151086C371EB0
:1091B00099EB8EDF4C774827A8489BE1B5BCB034CB
:1091C000635AC9C5B30C1C39CB8A41E34AAAD84EAD
:1091D00073E363774FCA9C5BA3B8B2D6F36F2E6874
:1091E000FCB2EF5DEE828F74602F17436F63A5783A
:1091F00072ABF0A11478C884EC39641A0802C78CE9
:10920000281E6323FAFFBE90E9BD82DEEB6C50A4FA
:109210001579C6B2F7A3F9BE2B5372E3F27871C683
:109220009C6126EACE3E27CA07C2C021C7B886D1B4
:109230001EEBE0CDD67DDAEA78D16EEE7F4F7DF57C
:10924000BA6F1772AA67F006A698C8A2C57D630A0E
:10925000AE0DF9BE04983F111B471C13350B711B53
:10926000847D0423F577DB289324C7407BABCA3287
:10927000BCBEC9150ABE9E3C4C0D109CC4671D4364
:10928000B6423ECBBED4C54C2A7E65FC9C297F5994
:10929000ECFAD63AAB6FCB5F1758474A8C19446C3F
:1092A000F0000000FFFFFF0FFFFFFF0F00080000AE
:1092B000E0000000FFFFFF0F0000000000080000BA
:1092C000600000000A000000000000000000000034
:1092D00001000000CFA202000200000014A0020062
:1092E0000400000065A20200080000002BA202009A
:1092F00010000000F9A1020020000000F4A202000A
:109300004000000050A3020080000000AAA202005A
:109310000001000043A002000002000022A302009E
:109320000004000007A30200000800009CA3020044
:109330000010000068A3020000200000C8A3020083
:1093400000400000C4A1020000800000B2A00200A2
:109350000000010045A102000000020097A10200E8
:109360000000040071A0020000000800FBA0020041
:109370000000000000000000020000000DED0100F0
:1093800029ED010061ED01004DED010075ED0100D9
:1093900093ED010002010000800000000EA4020015
:1093A00000000000000000001000000078930200A0
:1093B00003010000C0000000F6A30200000000004E
:1093C000000000001000000078930200040100007B
:1093D0000001000002A402000000000000000000E4
:1093E00010000000789302000502000080000000D9
:1093F00032A4020010000000000000001000000075
:109400007893020006020000C00000001AA40200C7
:10941000100000000000000010000000789302001F
:10942000070200000001000026A402001000000056
:10943000000000001000000078930200020000000D
:109440000000000000000000A5ED0100A5ED0100F6
:10945000E1EC0100FBEC01000E06000080000000C2
:1094600056A402000C0000000100000010000000E3
:109470003C9402000F060000C00000003EA4020061
:109480000C00000001000000100000003C940200ED
:1094900010060000000100004AA402000C000000B9
:1094A00001000000100000003C94020002000000D7
:1094B0009493020003000000B09302000400000037
:1094C000CC93020005000000E893020006000000B3
:1094D0000494020007000000209402000E00000027
:1094E000589402000F000000749402001000000065
:1094F0009094020000000000000000000000000046
:109500000000000000000000201C0000000000001F
:10951000403800000000000060240000000000004F
:109520008070000000000000A06C0000000000003F
:10953000C048000000000000E054000000000000EF
:1095400000E100000000000020FD0000000000001D
:1095500040D900000000000060C5000000000000CD
:109560008091000000000000A08D000000000000BD
:10957000C0A9000000000000E0B5000000000000ED
:10958000800000000000000000000000000000005B
:1095900000000000000000000000000000000000CB
:1095A00000000000000000000000000000000000BB
:1095B00000000000000000000000000000000000AB
:1095C000800000000000000000000000000000001B
:1095D000000000000000000000000000000000008B
:1095E000000000000000000000000000000000007B
:1095F000000000000000000000000000000000006B
:109600007B226D6574686F64223A227265706F7296
:1096100074222C22636C69656E74546F6B656E22C4
:109620003A22313233222C2274696D657374616D74
:1096300070223A313632383634363738332C22708D
:109640006172616D73223A7B224456223A2225735D
:10965000222C22534A595F434F554E54223A2564D7
:109660007D7D000000000000000000000000F03FD1
:10967000000000000000F83F0000000000000000B3
:109680000000004003B8E23F0000000000000000BE
:1096900006D0CF43EBFD4C3E033333333333E33F4C
:1096A000FFAB6FDBB66DDB3F4D268F515555D53F78
:1096B00001411DA96074D13F65DBC9934A86CD3F46
:1096C000EF4E454A287ECA3F3E5555555555C53F34
:1096D00093BDBE166CC166BF2CDE25AF6A56113F26
:1096E000F16BD2C541BDBBBED0A4BE726937663E28
:1096F0000000000000000000DDDDDDDDDCBBBBDDC7
:10970000DDDDDDDDDDDDDDDD988888888888888821
:109710007777777777888888855555566666666641
:109720006666666666688888833333322222222220
:10973000222222222228888D73736C5F636C6965F4
:109740006E743100544C532D5253412D5749544897
:109750002D4145532D3235362D47434D2D5348412C
:1097600033383400544C532D5253412D57495448EB
:109770002D4145532D3235362D4342432D5348411B
:1097800032353600544C532D5253412D57495448CD
:109790002D4145532D3132382D4342432D534841FD
:1097A00032353600544C532D5253412D57495448AD
:1097B0002D4145532D3132382D47434D2D534841CE
:1097C00032353600544C532D5253412D574954488D
:1097D0002D4145532D3235362D4342432D534841BB
:1097E00000544C532D5253412D574954482D414557
:1097F000532D3132382D4342432D534841005253AB
:1098000041002A864886F70D010101006086480163
:1098100086F84201010060864801650304020100E8
:109820002A8648CE3D0201002B06010505070301EB
:10983000002A864886F70D010901002B0601040164
:1098400082E4250100608648016503040202002BC2
:10985000060105050703020060864801650304024E
:1098600003002B0601050507030300550403002A26
:10987000864886F70D0101040060864801650304EF
:109880000204002B0601050507030400550404002B
:109890002A864886F70D010105002A864886F70DBD
:1098A00002050055040500550406002B0E030207AF
:1098B000002A864886F70D0207002A864886F70D9B
:1098C000030700550407002A864886F70D020800A2
:1098D0002B0601050507030800550408002A8648E1
:1098E00086F70D0209002B06010505070309002A6A
:1098F000864886F70D01010A002A864886F70D0280
:109900000A0055040A002A864886F70D01010B005B
:109910002A864886F70D020B0055040B002A86485C
:1099200086F70D01010C002B8104010C0055040C7D
:10993000002A864886F70D01010D002A864886F721
:109940000D01010E00551D0F0055041000550411A6
:1099500000551D1100551D13000992268993F22C04
:10996000640119002B0E03021A002B0E03021D00C6
:10997000551D2000551D250057692D53554E20417A
:109980006C6C69616E6365204669656C6420417228
:109990006561204E6574776F726B202846414E29B1
:1099A0000055042A0055042B0055042C0055042DA5
:1099B0000055042E00484D41432D5348412D3100A0
:1099C0005253412077697468205348413100686DD3
:1099D0006163534841310069642D736861310052FD
:1099E00053412077697468205348412D3531320046
:1099F000484D41432D5348412D35313200686D614A
:109A0000635348413531320069642D7368613531E3
:109A100032005253412077697468205348412D32F7
:109A2000323400484D41432D5348412D32323400E9
:109A3000686D61635348413232340069642D736844
:109A400061323234005253412077697468205348A0
:109A5000412D33383400484D41432D5348412D3377
:109A6000383400686D6163534841333834006964A9
:109A70002D7368613338340052534120776974681C
:109A8000204D44350069642D6D64350052534120EA
:109A900077697468205348412D32353600484D416E
:109AA000432D5348412D32353600686D616353486C
:109AB000413235360069642D7368613235360055A0
:109AC0000441004445532D454445332D4342430052
:109AD0004445532D4342430064657343424300446D
:109AE00043004543206B657920666F7220454344EF
:109AF000480069642D65634448004C00474E00539C
:109B00004E004F005253415353412D505353005375
:109B100054004F55006465732D656465332D636291
:109B2000630069642D6B702D776973756E2D6661A6
:109B30006E2D6465766963650069642D61742D70AE
:109B40006F7374616C436F646500506F7374616C04
:109B500020636F646500457874656E646564204BAE
:109B600065792055736167650069642D63652D65AE
:109B700078744B657955736167650069642D636519
:109B80002D6B65795573616765005469746C650068
:109B900069642D61742D7469746C6500436F6D6D1B
:109BA0006F6E204E616D65005375626A6563742047
:109BB000416C74204E616D650069642D61742D6780
:109BC0006976656E4E616D650069642D61742D6FF7
:109BD0007267616E697A6174696F6E4E616D65005E
:109BE00069642D61742D636F6D6D6F6E4E616D656F
:109BF0000069642D61742D7375724E616D65006925
:109C0000642D61742D6F7267616E697A6174696F1A
:109C10006E616C556E69744E616D650069642D638B
:109C2000652D7375626A656374416C744E616D6510
:109C30000069642D61742D636F756E7472794E6165
:109C40006D6500476976656E206E616D65005375C0
:109C5000726E616D65004E6574736361706520435B
:109C60006572746966696361746520547970650012
:109C700069642D6E657473636170652D63657274BC
:109C8000747970650053746174650069642D617442
:109C90002D7374617465004F435350205369676E90
:109CA000696E6700436F6465205369676E696E670C
:109CB0000069642D6B702D4F4353505369676E6973
:109CC0006E670069642D6B702D636F6465536967FF
:109CD0006E696E670054696D65205374616D7069BB
:109CE0006E670069642D6B702D74696D65537461C6
:109CF0006D70696E670069642D6B702D7365727687
:109D00006572417574680069642D6B702D636C69B0
:109D1000656E74417574680050736575646F6E7913
:109D20006D0069642D61742D70736575646F6E7953
:109D30006D00544C532057656220536572766572EE
:109D40002041757468656E7469636174696F6E0033
:109D5000544C532057656220436C69656E742041F2
:109D6000757468656E7469636174696F6E004F72B3
:109D700067616E697A6174696F6E00452D6D616906
:109D80006C2050726F74656374696F6E0069642D26
:109D90006B702D656D61696C50726F746563746969
:109DA0006F6E007368612D31576974685253414575
:109DB0006E6372797074696F6E00736861353132E9
:109DC00057697468525341456E6372797074696F54
:109DD0006E0073686132323457697468525341457A
:109DE0006E6372797074696F6E00736861333834B2
:109DF00057697468525341456E6372797074696F24
:109E00006E006D643557697468525341456E6372D4
:109E1000797074696F6E0073686132353657697492
:109E200068525341456E6372797074696F6E007247
:109E30007361456E6372797074696F6E0069642D29
:109E400061742D73657269616C4E756D6265720027
:109E500053657269616C206E756D6265720069642C
:109E60002D61742D646E5175616C6966696572004F
:109E700069642D61742D67656E65726174696F6EBA
:109E80005175616C69666965720044697374696EC5
:109E900067756973686564204E616D6520717561D1
:109EA0006C69666965720047656E65726174696F99
:109EB0006E207175616C696669657200556E6971B5
:109EC0007565204964656E746966696572006964C8
:109ED0002D61742D756E697175654964656E74695F
:109EE0006669657200436572746966696361746569
:109EF00020506F6C69636965730069642D63652D1B
:109F00006365727469666963617465506F6C6963D7
:109F100069657300496E697469616C730069642DC9
:109F200061742D696E697469616C730069642D6177
:109F3000742D706F7374616C416464726573730027
:109F4000656D61696C4164647265737300506F7311
:109F500074616C206164647265737300452D6D617A
:109F6000696C206164647265737300426173696334
:109F700020436F6E73747261696E74730069642D2F
:109F800063652D6261736963436F6E737472616997
:109F90006E7473004F726720556E69740069642D8A
:109FA000646F6D61696E436F6D706F6E656E740086
:109FB000446F6D61696E20636F6D706F6E656E7456
:109FC00000416E7920506F6C69637900616E795041
:109FD0006F6C6963790069642D65635075626C69A3
:109FE000634B65790047656E657269632045432060
:109FF0006B657900436F756E747279004C6F6361A5
:10A000006C6974790069642D61742D6C6F63616C87
:10A010006974790054686520636572746966696360
:10A0200061746520686173206265656E2072657673
:10A030006F6B656420286973206F6E206120435226
:10A040004C29004F7468657220726561736F6E20D1
:10A050002863616E206265207573656420627920D3
:10A060007665726966792063616C6C6261636B29E5
:10A07000005468652043524C206973207369676EF1
:10A080006564207769746820616E20756E61636312
:10A0900065707461626C6520504B20616C6720288C
:10A0A000656720525341207673204543445341292C
:10A0B0002E00546865206365727469666963617413
:10A0C00065206973207369676E65642077697468B9
:10A0D00020616E20756E61636365707461626C658A
:10A0E00020504B20616C6720286567205253412027
:10A0F0007673204543445341292E0054686520431C
:10A10000524C206973207369676E656420776974A7
:10A110006820616E20756E61636365707461626C46
:10A1200065206B657920286567206261642063750E
:10A130007276652C2052534120746F6F2073686FC4
:10A140007274292E005468652063657274696669AB
:10A1500063617465206973207369676E6564207735
:10A1600069746820616E20756E61636365707461E7
:10A17000626C65206B6579202865672062616420C8
:10A1800063757276652C2052534120746F6F207373
:10A19000686F7274292E005468652043524C206900
:10A1A00073207369676E6564207769746820616ED7
:10A1B00020756E61636365707461626C65206861AF
:10A1C00073682E00546865206365727469666963FC
:10A1D000617465206973207369676E6564207769AF
:10A1E000746820616E20756E61636365707461626E
:10A1F0006C6520686173682E005468652043524C7A
:10A20000206973206E6F7420636F72726563746C63
:10A2100079207369676E65642062792074686520AF
:10A2200074727573746564204341005468652063DB
:10A2300065727469666963617465206973206E6F05
:10A240007420636F72726563746C79207369676ED2
:10A250006564206279207468652074727573746512
:10A2600064204341005468652063657274696669BF
:10A270006361746520436F6D6D6F6E204E616D6517
:10A280002028434E2920646F6573206E6F74206D03
:10A2900061746368207769746820746865206578E4
:10A2A00070656374656420434E004365727469662B
:10A2B0006963617465207665726966696361746952
:10A2C0006F6E2077617320736B69707065640054E2
:10A2D0006865206365727469666963617465207678
:10A2E000616C69646974792068617320657870694C
:10A2F000726564005468652043524C206973206580
:10A30000787069726564005468652043524C206916
:10A31000732066726F6D207468652066757475723F
:10A320006500546865206365727469666963617469
:10A33000652076616C6964697479207374617274E4
:10A340007320696E20746865206675747572650087
:10A35000436572746966696361746520776173200F
:10A360006D697373696E6700557361676520646F0B
:10A370006573206E6F74206D617463682074686506
:10A3800020657874656E6465644B657955736167A3
:10A390006520657874656E73696F6E0055736167CB
:10A3A0006520646F6573206E6F74206D61746368DF
:10A3B00020746865206B65795573616765206578E1
:10A3C00074656E73696F6E00557361676520646FA5
:10A3D0006573206E6F74206D6174636820746865A6
:10A3E000206E734365727454797065206578746566
:10A3F0006E73696F6E004145532D3139322D4543DF
:10A4000042004145532D3235362D454342004145EA
:10A41000532D3132382D454342004145532D3139BA
:10A42000322D434243004145532D3235362D4342B0
:10A4300043004145532D3132382D434243004145BD
:10A44000532D3139322D47434D004145532D32357F
:10A45000362D47434D004145532D3132382D47436A
:10A460004D004142434445464748494A4B4C4D4EB6
:10A470004F505152535455565758595A616263645C
:10A4800065666768696A6B6C6D6E6F707172737404
:10A4900075767778797A30313233343536373839E2
:10A4A0002B2F00551D200000C8A4020040000020F2
:10A4B000840300008C4C02002CA60200C403002080
:10A4C0007C4901004C4E0200011C000910202601AD
:10A4D0000820243002164552524F5220112F2F626D
:10A4E00032332E74762F746A7937567A42000D1300
:10A4F0000530312ED3A6D3C3C8EBBFDA191E000A2C
:10A500001541505020456E7472791354162A200458
:10A5100041080D120530322EB8FCD0C2B9CCBCFEB9
:10A520004C081116322E5570646174654669726D5F
:10A53000776172654C3A014C3A334C0D12B5E3CA5F
:10A54000FD4C5A334C0E19436F756E74983A024C99
:10A55000080B12342ED3EFD1D4D1A1D4F14CF80A88
:10A56000342E4C616E6775616792614B08024C3AFC
:10A57000064CE80F352EBBD6B8B4B3F6B3A7C9E87E
:10A58000D6C34C080E11352E466163746F72795232
:10A590006573659969983205000B1502312E456E79
:10A5A000676C697368091C1E594C228C2B20044C63
:10A5B0000718322ED6D0CEC4091C1E994C32034B3C
:10A5C000FFFF042910F1C2C01008010257353530D1
:10A5D00030239D591A9F041AA1041AA3041AA50432
:10A5E0001AAB0401201AFF0141320A2757495A6E5B
:10A5F00065742399621ABF041AE1040128943897FC
:10A6000002146958021A19044114EF3F0223021779
:10A6100029D432083207320672051A2BCE5A2CD2B0
:0CA6200029182920818B62A45401140029
:04000005000000C136
:00000001FF
